Date,PlantName,District,Type,Capacity_MW,Temperature,Humidity,WindSpeed,GHI,Pressure,DailyGeneration_MU,CumulativeGeneration_MU
2025-01-01,KOPPAL_AYANASIX_W,Koppal,Wind,50.0,23.07,62.17,2.84,4.6877,95.24,2.01,2.01
2025-01-01,KOPPAL_RENEWROSHNI_W,Koppal,Wind,73.0,23.07,62.17,2.84,4.6877,95.24,2.77,2.77
2025-01-01,KOPPAL SRI1PL,Koppal,Solar,120.0,23.07,62.17,2.84,4.6877,95.24,1.11,1.11
2025-01-01,IRCON SOLAR,Koppal,Solar,50.0,23.07,62.17,2.84,4.6877,95.24,-0.79,-0.79
2025-01-01,GADAG_VENA_W,Gadag,Wind,133.0,22.27,65.18,3.0,4.6418,94.54,0.68,0.68
2025-01-01,GADAG_VENA_S,Gadag,Solar,31.0,22.27,65.18,3.0,4.6418,94.54,0.0,0.0
2025-01-01,KOPPAL_RENEWOJAS_S,Koppal,Solar,81.0,23.07,62.17,2.84,4.6877,95.24,0.49,0.49
2025-01-01,All ADYAH,Tumakuru,Solar,300.0,20.55,73.07,2.9,5.3914,92.65,2.16,2.16
2025-01-01,AMPLUS PAVAGADA,Tumakuru,Solar,50.0,20.55,73.07,2.9,5.3914,92.65,0.35,0.35
2025-01-01,AMPLUS TUMKUR,Tumakuru,Solar,50.0,20.55,73.07,2.9,5.3914,92.65,0.34,0.34
2025-01-01,AVAADA SOLAR,Koppal,Solar,150.0,23.07,62.17,2.84,4.6877,95.24,1.0,1.0
2025-01-01,AVAADA SOLARISE,Koppal,Solar,150.0,23.07,62.17,2.84,4.6877,95.24,0.99,0.99
2025-01-01,AZURE POWER EARTH,Koppal,Solar,100.0,23.07,62.17,2.84,4.6877,95.24,0.71,0.71
2025-01-01,FORTUM FIN SURYA,Tumakuru,Solar,100.0,20.55,73.07,2.9,5.3914,92.65,0.62,0.62
2025-01-01,FORTUM SOLAR,Tumakuru,Solar,250.0,20.55,73.07,2.9,5.3914,92.65,0.32,0.32
2025-01-01,PARAMPUJYA,Tumakuru,Solar,150.0,20.55,73.07,2.9,5.3914,92.65,0.32,0.32
2025-01-01,RENEW TN2,Koppal,Solar,50.0,23.07,62.17,2.84,4.6877,95.24,1.35,1.35
2025-01-01,SBG ENERGY,Tumakuru,Solar,200.0,20.55,73.07,2.9,5.3914,92.65,1.66,1.66
2025-01-01,TATA RENEWABLES,Tumakuru,Solar,400.0,20.55,73.07,2.9,5.3914,92.65,2.44,2.44
2025-01-01,YARROW,Koppal,Solar,50.0,23.07,62.17,2.84,4.6877,95.24,0.35,0.35
2025-01-02,KOPPAL_AYANASIX_W,Koppal,Wind,50.0,21.73,52.32,2.76,3.9194,95.23,1.81,3.82
2025-01-02,KOPPAL_RENEWROSHNI_W,Koppal,Wind,73.0,21.73,52.32,2.76,3.9194,95.23,2.17,4.94
2025-01-02,KOPPAL SRI1PL,Koppal,Solar,120.0,21.73,52.32,2.76,3.9194,95.23,0.82,1.93
2025-01-02,IRCON SOLAR,Koppal,Solar,50.0,21.73,52.32,2.76,3.9194,95.23,-0.79,-1.58
2025-01-02,GADAG_VENA_W,Gadag,Wind,133.0,20.99,55.83,3.04,3.8882,94.53,0.66,1.34
2025-01-02,GADAG_VENA_S,Gadag,Solar,31.0,20.99,55.83,3.04,3.8882,94.53,0.0,0.0
2025-01-02,KOPPAL_RENEWOJAS_S,Koppal,Solar,81.0,21.73,52.32,2.76,3.9194,95.23,0.39,0.88
2025-01-02,All ADYAH,Tumakuru,Solar,300.0,20.48,74.17,2.76,4.9723,92.62,2.17,4.33
2025-01-02,AMPLUS PAVAGADA,Tumakuru,Solar,50.0,20.48,74.17,2.76,4.9723,92.62,0.35,0.7
2025-01-02,AMPLUS TUMKUR,Tumakuru,Solar,50.0,20.48,74.17,2.76,4.9723,92.62,0.35,0.69
2025-01-02,AVAADA SOLAR,Koppal,Solar,150.0,21.73,52.32,2.76,3.9194,95.23,1.01,2.01
2025-01-02,AVAADA SOLARISE,Koppal,Solar,150.0,21.73,52.32,2.76,3.9194,95.23,1.01,2.0
2025-01-02,AZURE POWER EARTH,Koppal,Solar,100.0,21.73,52.32,2.76,3.9194,95.23,0.72,1.43
2025-01-02,FORTUM FIN SURYA,Tumakuru,Solar,100.0,20.48,74.17,2.76,4.9723,92.62,0.62,1.24
2025-01-02,FORTUM SOLAR,Tumakuru,Solar,250.0,20.48,74.17,2.76,4.9723,92.62,0.33,0.65
2025-01-02,PARAMPUJYA,Tumakuru,Solar,150.0,20.48,74.17,2.76,4.9723,92.62,0.32,0.64
2025-01-02,RENEW TN2,Koppal,Solar,50.0,21.73,52.32,2.76,3.9194,95.23,1.35,2.7
2025-01-02,SBG ENERGY,Tumakuru,Solar,200.0,20.48,74.17,2.76,4.9723,92.62,1.68,3.34
2025-01-02,TATA RENEWABLES,Tumakuru,Solar,400.0,20.48,74.17,2.76,4.9723,92.62,2.48,4.92
2025-01-02,YARROW,Koppal,Solar,50.0,21.73,52.32,2.76,3.9194,95.23,0.36,0.71
2025-01-03,KOPPAL_AYANASIX_W,Koppal,Wind,50.0,21.67,49.92,2.59,4.7902,95.23,2.7,6.52
2025-01-03,KOPPAL_RENEWROSHNI_W,Koppal,Wind,73.0,21.67,49.92,2.59,4.7902,95.23,3.61,8.55
2025-01-03,KOPPAL SRI1PL,Koppal,Solar,120.0,21.67,49.92,2.59,4.7902,95.23,1.09,3.02
2025-01-03,IRCON SOLAR,Koppal,Solar,50.0,21.67,49.92,2.59,4.7902,95.23,-0.85,-2.43
2025-01-03,GADAG_VENA_W,Gadag,Wind,133.0,20.58,52.82,2.82,5.0722,94.53,0.84,2.18
2025-01-03,GADAG_VENA_S,Gadag,Solar,31.0,20.58,52.82,2.82,5.0722,94.53,0.0,0.0
2025-01-03,KOPPAL_RENEWOJAS_S,Koppal,Solar,81.0,21.67,49.92,2.59,4.7902,95.23,0.5,1.38
2025-01-03,All ADYAH,Tumakuru,Solar,300.0,19.9,74.3,2.73,5.5356,92.62,2.3,6.63
2025-01-03,AMPLUS PAVAGADA,Tumakuru,Solar,50.0,19.9,74.3,2.73,5.5356,92.62,0.37,1.07
2025-01-03,AMPLUS TUMKUR,Tumakuru,Solar,50.0,19.9,74.3,2.73,5.5356,92.62,0.37,1.06
2025-01-03,AVAADA SOLAR,Koppal,Solar,150.0,21.67,49.92,2.59,4.7902,95.23,1.06,3.07
2025-01-03,AVAADA SOLARISE,Koppal,Solar,150.0,21.67,49.92,2.59,4.7902,95.23,1.06,3.06
2025-01-03,AZURE POWER EARTH,Koppal,Solar,100.0,21.67,49.92,2.59,4.7902,95.23,0.75,2.18
2025-01-03,FORTUM FIN SURYA,Tumakuru,Solar,100.0,19.9,74.3,2.73,5.5356,92.62,0.67,1.91
2025-01-03,FORTUM SOLAR,Tumakuru,Solar,250.0,19.9,74.3,2.73,5.5356,92.62,0.34,0.99
2025-01-03,PARAMPUJYA,Tumakuru,Solar,150.0,19.9,74.3,2.73,5.5356,92.62,0.35,0.99
2025-01-03,RENEW TN2,Koppal,Solar,50.0,21.67,49.92,2.59,4.7902,95.23,1.42,4.12
2025-01-03,SBG ENERGY,Tumakuru,Solar,200.0,19.9,74.3,2.73,5.5356,92.62,1.77,5.11
2025-01-03,TATA RENEWABLES,Tumakuru,Solar,400.0,19.9,74.3,2.73,5.5356,92.62,2.62,7.54
2025-01-03,YARROW,Koppal,Solar,50.0,21.67,49.92,2.59,4.7902,95.23,0.38,1.09
2025-01-04,KOPPAL_AYANASIX_W,Koppal,Wind,50.0,21.77,59.87,2.11,5.2147,95.12,1.21,7.73
2025-01-04,KOPPAL_RENEWROSHNI_W,Koppal,Wind,73.0,21.77,59.87,2.11,5.2147,95.12,0.55,9.1
2025-01-04,KOPPAL SRI1PL,Koppal,Solar,120.0,21.77,59.87,2.11,5.2147,95.12,1.22,4.24
2025-01-04,IRCON SOLAR,Koppal,Solar,50.0,21.77,59.87,2.11,5.2147,95.12,-0.9,-3.33
2025-01-04,GADAG_VENA_W,Gadag,Wind,133.0,21.04,61.7,2.25,5.4221,94.43,0.47,2.65
2025-01-04,GADAG_VENA_S,Gadag,Solar,31.0,21.04,61.7,2.25,5.4221,94.43,0.0,0.0
2025-01-04,KOPPAL_RENEWOJAS_S,Koppal,Solar,81.0,21.77,59.87,2.11,5.2147,95.12,0.54,1.92
2025-01-04,All ADYAH,Tumakuru,Solar,300.0,19.43,68.2,2.05,5.7161,92.54,2.22,8.85
2025-01-04,AMPLUS PAVAGADA,Tumakuru,Solar,50.0,19.43,68.2,2.05,5.7161,92.54,0.35,1.42
2025-01-04,AMPLUS TUMKUR,Tumakuru,Solar,50.0,19.43,68.2,2.05,5.7161,92.54,0.35,1.41
2025-01-04,AVAADA SOLAR,Koppal,Solar,150.0,21.77,59.87,2.11,5.2147,95.12,1.0,4.07
2025-01-04,AVAADA SOLARISE,Koppal,Solar,150.0,21.77,59.87,2.11,5.2147,95.12,1.03,4.09
2025-01-04,AZURE POWER EARTH,Koppal,Solar,100.0,21.77,59.87,2.11,5.2147,95.12,0.72,2.9
2025-01-04,FORTUM FIN SURYA,Tumakuru,Solar,100.0,19.43,68.2,2.05,5.7161,92.54,0.64,2.55
2025-01-04,FORTUM SOLAR,Tumakuru,Solar,250.0,19.43,68.2,2.05,5.7161,92.54,0.33,1.32
2025-01-04,PARAMPUJYA,Tumakuru,Solar,150.0,19.43,68.2,2.05,5.7161,92.54,0.33,1.32
2025-01-04,RENEW TN2,Koppal,Solar,50.0,21.77,59.87,2.11,5.2147,95.12,1.43,5.55
2025-01-04,SBG ENERGY,Tumakuru,Solar,200.0,19.43,68.2,2.05,5.7161,92.54,1.71,6.82
2025-01-04,TATA RENEWABLES,Tumakuru,Solar,400.0,19.43,68.2,2.05,5.7161,92.54,2.5,10.04
2025-01-04,YARROW,Koppal,Solar,50.0,21.77,59.87,2.11,5.2147,95.12,0.36,1.45
2025-01-05,KOPPAL_AYANASIX_W,Koppal,Wind,50.0,21.81,58.35,2.23,5.2426,95.09,0.85,8.58
2025-01-05,KOPPAL_RENEWROSHNI_W,Koppal,Wind,73.0,21.81,58.35,2.23,5.2426,95.09,0.92,10.02
2025-01-05,KOPPAL SRI1PL,Koppal,Solar,120.0,21.81,58.35,2.23,5.2426,95.09,1.22,5.46
2025-01-05,IRCON SOLAR,Koppal,Solar,50.0,21.81,58.35,2.23,5.2426,95.09,0.88,-2.45
2025-01-05,GADAG_VENA_W,Gadag,Wind,133.0,21.05,60.94,2.04,5.286,94.4,0.67,3.32
2025-01-05,GADAG_VENA_S,Gadag,Solar,31.0,21.05,60.94,2.04,5.286,94.4,0.0,0.0
2025-01-05,KOPPAL_RENEWOJAS_S,Koppal,Solar,81.0,21.81,58.35,2.23,5.2426,95.09,0.53,2.45
2025-01-05,All ADYAH,Tumakuru,Solar,300.0,19.54,67.64,2.13,5.5613,92.53,2.33,11.18
2025-01-05,AMPLUS PAVAGADA,Tumakuru,Solar,50.0,19.54,67.64,2.13,5.5613,92.53,0.37,1.79
2025-01-05,AMPLUS TUMKUR,Tumakuru,Solar,50.0,19.54,67.64,2.13,5.5613,92.53,0.37,1.78
2025-01-05,AVAADA SOLAR,Koppal,Solar,150.0,21.81,58.35,2.23,5.2426,95.09,1.05,5.12
2025-01-05,AVAADA SOLARISE,Koppal,Solar,150.0,21.81,58.35,2.23,5.2426,95.09,1.08,5.17
2025-01-05,AZURE POWER EARTH,Koppal,Solar,100.0,21.81,58.35,2.23,5.2426,95.09,0.76,3.66
2025-01-05,FORTUM FIN SURYA,Tumakuru,Solar,100.0,19.54,67.64,2.13,5.5613,92.53,0.67,3.22
2025-01-05,FORTUM SOLAR,Tumakuru,Solar,250.0,19.54,67.64,2.13,5.5613,92.53,0.34,1.66
2025-01-05,PARAMPUJYA,Tumakuru,Solar,150.0,19.54,67.64,2.13,5.5613,92.53,0.35,1.67
2025-01-05,RENEW TN2,Koppal,Solar,50.0,21.81,58.35,2.23,5.2426,95.09,1.42,6.97
2025-01-05,SBG ENERGY,Tumakuru,Solar,200.0,19.54,67.64,2.13,5.5613,92.53,1.79,8.61
2025-01-05,TATA RENEWABLES,Tumakuru,Solar,400.0,19.54,67.64,2.13,5.5613,92.53,2.64,12.68
2025-01-05,YARROW,Koppal,Solar,50.0,21.81,58.35,2.23,5.2426,95.09,0.38,1.83
2025-01-06,KOPPAL_AYANASIX_W,Koppal,Wind,50.0,21.84,55.4,2.15,5.2243,95.09,1.04,9.62
2025-01-06,KOPPAL_RENEWROSHNI_W,Koppal,Wind,73.0,21.84,55.4,2.15,5.2243,95.09,1.17,11.19
2025-01-06,KOPPAL SRI1PL,Koppal,Solar,120.0,21.84,55.4,2.15,5.2243,95.09,1.24,6.7
2025-01-06,IRCON SOLAR,Koppal,Solar,50.0,21.84,55.4,2.15,5.2243,95.09,-0.89,-3.34
2025-01-06,GADAG_VENA_W,Gadag,Wind,133.0,21.28,57.46,1.97,5.3962,94.39,0.55,3.87
2025-01-06,GADAG_VENA_S,Gadag,Solar,31.0,21.28,57.46,1.97,5.3962,94.39,0.0,0.0
2025-01-06,KOPPAL_RENEWOJAS_S,Koppal,Solar,81.0,21.84,55.4,2.15,5.2243,95.09,0.53,2.98
2025-01-06,All ADYAH,Tumakuru,Solar,300.0,19.86,66.78,1.71,5.6731,92.52,2.31,13.49
2025-01-06,AMPLUS PAVAGADA,Tumakuru,Solar,50.0,19.86,66.78,1.71,5.6731,92.52,0.37,2.16
2025-01-06,AMPLUS TUMKUR,Tumakuru,Solar,50.0,19.86,66.78,1.71,5.6731,92.52,0.37,2.15
2025-01-06,AVAADA SOLAR,Koppal,Solar,150.0,21.84,55.4,2.15,5.2243,95.09,1.04,6.16
2025-01-06,AVAADA SOLARISE,Koppal,Solar,150.0,21.84,55.4,2.15,5.2243,95.09,1.06,6.23
2025-01-06,AZURE POWER EARTH,Koppal,Solar,100.0,21.84,55.4,2.15,5.2243,95.09,0.75,4.41
2025-01-06,FORTUM FIN SURYA,Tumakuru,Solar,100.0,19.86,66.78,1.71,5.6731,92.52,0.66,3.88
2025-01-06,FORTUM SOLAR,Tumakuru,Solar,250.0,19.86,66.78,1.71,5.6731,92.52,0.34,2.0
2025-01-06,PARAMPUJYA,Tumakuru,Solar,150.0,19.86,66.78,1.71,5.6731,92.52,0.34,2.01
2025-01-06,RENEW TN2,Koppal,Solar,50.0,21.84,55.4,2.15,5.2243,95.09,1.34,8.31
2025-01-06,SBG ENERGY,Tumakuru,Solar,200.0,19.86,66.78,1.71,5.6731,92.52,1.76,10.37
2025-01-06,TATA RENEWABLES,Tumakuru,Solar,400.0,19.86,66.78,1.71,5.6731,92.52,2.58,15.26
2025-01-06,YARROW,Koppal,Solar,50.0,21.84,55.4,2.15,5.2243,95.09,0.37,2.2
2025-01-07,KOPPAL_AYANASIX_W,Koppal,Wind,50.0,22.25,54.91,2.17,5.0906,95.07,1.42,11.04
2025-01-07,KOPPAL_RENEWROSHNI_W,Koppal,Wind,73.0,22.25,54.91,2.17,5.0906,95.07,1.41,12.6
2025-01-07,KOPPAL SRI1PL,Koppal,Solar,120.0,22.25,54.91,2.17,5.0906,95.07,1.19,7.89
2025-01-07,IRCON SOLAR,Koppal,Solar,50.0,22.25,54.91,2.17,5.0906,95.07,-0.88,-4.22
2025-01-07,GADAG_VENA_W,Gadag,Wind,133.0,21.39,56.79,2.11,5.219,94.39,0.5,4.37
2025-01-07,GADAG_VENA_S,Gadag,Solar,31.0,21.39,56.79,2.11,5.219,94.39,0.0,0.0
2025-01-07,KOPPAL_RENEWOJAS_S,Koppal,Solar,81.0,22.25,54.91,2.17,5.0906,95.07,0.51,3.49
2025-01-07,All ADYAH,Tumakuru,Solar,300.0,19.8,67.1,1.85,5.6657,92.52,2.37,15.86
2025-01-07,AMPLUS PAVAGADA,Tumakuru,Solar,50.0,19.8,67.1,1.85,5.6657,92.52,0.37,2.53
2025-01-07,AMPLUS TUMKUR,Tumakuru,Solar,50.0,19.8,67.1,1.85,5.6657,92.52,0.37,2.52
2025-01-07,AVAADA SOLAR,Koppal,Solar,150.0,22.25,54.91,2.17,5.0906,95.07,1.03,7.19
2025-01-07,AVAADA SOLARISE,Koppal,Solar,150.0,22.25,54.91,2.17,5.0906,95.07,1.08,7.31
2025-01-07,AZURE POWER EARTH,Koppal,Solar,100.0,22.25,54.91,2.17,5.0906,95.07,0.75,5.16
2025-01-07,FORTUM FIN SURYA,Tumakuru,Solar,100.0,19.8,67.1,1.85,5.6657,92.52,0.67,4.55
2025-01-07,FORTUM SOLAR,Tumakuru,Solar,250.0,19.8,67.1,1.85,5.6657,92.52,0.34,2.34
2025-01-07,PARAMPUJYA,Tumakuru,Solar,150.0,19.8,67.1,1.85,5.6657,92.52,0.35,2.36
2025-01-07,RENEW TN2,Koppal,Solar,50.0,22.25,54.91,2.17,5.0906,95.07,1.43,9.74
2025-01-07,SBG ENERGY,Tumakuru,Solar,200.0,19.8,67.1,1.85,5.6657,92.52,1.79,12.16
2025-01-07,TATA RENEWABLES,Tumakuru,Solar,400.0,19.8,67.1,1.85,5.6657,92.52,2.64,17.9
2025-01-07,YARROW,Koppal,Solar,50.0,22.25,54.91,2.17,5.0906,95.07,0.38,2.58
2025-01-08,KOPPAL_AYANASIX_W,Koppal,Wind,50.0,21.34,48.35,2.46,4.9786,95.1,1.6,12.64
2025-01-08,KOPPAL_RENEWROSHNI_W,Koppal,Wind,73.0,21.34,48.35,2.46,4.9786,95.1,2.07,14.67
2025-01-08,KOPPAL SRI1PL,Koppal,Solar,120.0,21.34,48.35,2.46,4.9786,95.1,1.13,9.02
2025-01-08,IRCON SOLAR,Koppal,Solar,50.0,21.34,48.35,2.46,4.9786,95.1,0.87,-3.35
2025-01-08,GADAG_VENA_W,Gadag,Wind,133.0,20.59,50.25,2.51,4.9121,94.41,0.67,5.04
2025-01-08,GADAG_VENA_S,Gadag,Solar,31.0,20.59,50.25,2.51,4.9121,94.41,0.0,0.0
2025-01-08,KOPPAL_RENEWOJAS_S,Koppal,Solar,81.0,21.34,48.35,2.46,4.9786,95.1,0.5,3.99
2025-01-08,All ADYAH,Tumakuru,Solar,300.0,19.27,66.79,2.44,5.4127,92.51,2.26,18.12
2025-01-08,AMPLUS PAVAGADA,Tumakuru,Solar,50.0,19.27,66.79,2.44,5.4127,92.51,0.37,2.9
2025-01-08,AMPLUS TUMKUR,Tumakuru,Solar,50.0,19.27,66.79,2.44,5.4127,92.51,0.37,2.89
2025-01-08,AVAADA SOLAR,Koppal,Solar,150.0,21.34,48.35,2.46,4.9786,95.1,1.02,8.21
2025-01-08,AVAADA SOLARISE,Koppal,Solar,150.0,21.34,48.35,2.46,4.9786,95.1,1.07,8.38
2025-01-08,AZURE POWER EARTH,Koppal,Solar,100.0,21.34,48.35,2.46,4.9786,95.1,0.76,5.92
2025-01-08,FORTUM FIN SURYA,Tumakuru,Solar,100.0,19.27,66.79,2.44,5.4127,92.51,0.66,5.21
2025-01-08,FORTUM SOLAR,Tumakuru,Solar,250.0,19.27,66.79,2.44,5.4127,92.51,0.34,2.68
2025-01-08,PARAMPUJYA,Tumakuru,Solar,150.0,19.27,66.79,2.44,5.4127,92.51,0.34,2.7
2025-01-08,RENEW TN2,Koppal,Solar,50.0,21.34,48.35,2.46,4.9786,95.1,1.42,11.16
2025-01-08,SBG ENERGY,Tumakuru,Solar,200.0,19.27,66.79,2.44,5.4127,92.51,1.78,13.94
2025-01-08,TATA RENEWABLES,Tumakuru,Solar,400.0,19.27,66.79,2.44,5.4127,92.51,2.64,20.54
2025-01-08,YARROW,Koppal,Solar,50.0,21.34,48.35,2.46,4.9786,95.1,0.37,2.95
2025-01-09,KOPPAL_AYANASIX_W,Koppal,Wind,50.0,21.19,58.65,2.82,4.7388,95.16,2.18,14.82
2025-01-09,KOPPAL_RENEWROSHNI_W,Koppal,Wind,73.0,21.19,58.65,2.82,4.7388,95.16,2.68,17.35
2025-01-09,KOPPAL SRI1PL,Koppal,Solar,120.0,21.19,58.65,2.82,4.7388,95.16,1.13,10.15
2025-01-09,IRCON SOLAR,Koppal,Solar,50.0,21.19,58.65,2.82,4.7388,95.16,-0.85,-4.2
2025-01-09,GADAG_VENA_W,Gadag,Wind,133.0,20.5,58.23,2.84,4.8161,94.46,0.9,5.94
2025-01-09,GADAG_VENA_S,Gadag,Solar,31.0,20.5,58.23,2.84,4.8161,94.46,0.0,0.0
2025-01-09,KOPPAL_RENEWOJAS_S,Koppal,Solar,81.0,21.19,58.65,2.82,4.7388,95.16,0.51,4.5
2025-01-09,All ADYAH,Tumakuru,Solar,300.0,19.81,67.76,2.62,5.2822,92.56,2.28,20.4
2025-01-09,AMPLUS PAVAGADA,Tumakuru,Solar,50.0,19.81,67.76,2.62,5.2822,92.56,0.37,3.27
2025-01-09,AMPLUS TUMKUR,Tumakuru,Solar,50.0,19.81,67.76,2.62,5.2822,92.56,0.36,3.25
2025-01-09,AVAADA SOLAR,Koppal,Solar,150.0,21.19,58.65,2.82,4.7388,95.16,1.0,9.21
2025-01-09,AVAADA SOLARISE,Koppal,Solar,150.0,21.19,58.65,2.82,4.7388,95.16,1.05,9.43
2025-01-09,AZURE POWER EARTH,Koppal,Solar,100.0,21.19,58.65,2.82,4.7388,95.16,0.74,6.66
2025-01-09,FORTUM FIN SURYA,Tumakuru,Solar,100.0,19.81,67.76,2.62,5.2822,92.56,0.65,5.86
2025-01-09,FORTUM SOLAR,Tumakuru,Solar,250.0,19.81,67.76,2.62,5.2822,92.56,0.34,3.02
2025-01-09,PARAMPUJYA,Tumakuru,Solar,150.0,19.81,67.76,2.62,5.2822,92.56,0.34,3.04
2025-01-09,RENEW TN2,Koppal,Solar,50.0,21.19,58.65,2.82,4.7388,95.16,1.39,12.55
2025-01-09,SBG ENERGY,Tumakuru,Solar,200.0,19.81,67.76,2.62,5.2822,92.56,1.75,15.69
2025-01-09,TATA RENEWABLES,Tumakuru,Solar,400.0,19.81,67.76,2.62,5.2822,92.56,2.59,23.13
2025-01-09,YARROW,Koppal,Solar,50.0,21.19,58.65,2.82,4.7388,95.16,0.37,3.32
2025-01-10,KOPPAL_AYANASIX_W,Koppal,Wind,50.0,22.45,62.89,2.77,4.2158,95.27,1.81,16.63
2025-01-10,KOPPAL_RENEWROSHNI_W,Koppal,Wind,73.0,22.45,62.89,2.77,4.2158,95.27,2.63,19.98
2025-01-10,KOPPAL SRI1PL,Koppal,Solar,120.0,22.45,62.89,2.77,4.2158,95.27,1.02,11.17
2025-01-10,IRCON SOLAR,Koppal,Solar,50.0,22.45,62.89,2.77,4.2158,95.27,-0.7,-4.9
2025-01-10,GADAG_VENA_W,Gadag,Wind,133.0,21.82,64.63,2.61,4.1532,94.57,0.83,6.77
2025-01-10,GADAG_VENA_S,Gadag,Solar,31.0,21.82,64.63,2.61,4.1532,94.57,0.0,0.0
2025-01-10,KOPPAL_RENEWOJAS_S,Koppal,Solar,81.0,22.45,62.89,2.77,4.2158,95.27,0.42,4.92
2025-01-10,All ADYAH,Tumakuru,Solar,300.0,21.51,72.2,2.29,4.7851,92.66,1.9,22.3
2025-01-10,AMPLUS PAVAGADA,Tumakuru,Solar,50.0,21.51,72.2,2.29,4.7851,92.66,0.32,3.59
2025-01-10,AMPLUS TUMKUR,Tumakuru,Solar,50.0,21.51,72.2,2.29,4.7851,92.66,0.32,3.57
2025-01-10,AVAADA SOLAR,Koppal,Solar,150.0,22.45,62.89,2.77,4.2158,95.27,0.86,10.07
2025-01-10,AVAADA SOLARISE,Koppal,Solar,150.0,22.45,62.89,2.77,4.2158,95.27,0.9,10.33
2025-01-10,AZURE POWER EARTH,Koppal,Solar,100.0,22.45,62.89,2.77,4.2158,95.27,0.64,7.3
2025-01-10,FORTUM FIN SURYA,Tumakuru,Solar,100.0,21.51,72.2,2.29,4.7851,92.66,0.58,6.44
2025-01-10,FORTUM SOLAR,Tumakuru,Solar,250.0,21.51,72.2,2.29,4.7851,92.66,0.29,3.31
2025-01-10,PARAMPUJYA,Tumakuru,Solar,150.0,21.51,72.2,2.29,4.7851,92.66,0.28,3.32
2025-01-10,RENEW TN2,Koppal,Solar,50.0,22.45,62.89,2.77,4.2158,95.27,1.21,13.76
2025-01-10,SBG ENERGY,Tumakuru,Solar,200.0,21.51,72.2,2.29,4.7851,92.66,1.49,17.18
2025-01-10,TATA RENEWABLES,Tumakuru,Solar,400.0,21.51,72.2,2.29,4.7851,92.66,2.22,25.35
2025-01-10,YARROW,Koppal,Solar,50.0,22.45,62.89,2.77,4.2158,95.27,0.31,3.63
2025-01-11,KOPPAL_AYANASIX_W,Koppal,Wind,50.0,23.75,65.34,2.73,3.9108,95.25,1.11,17.74
2025-01-11,KOPPAL_RENEWROSHNI_W,Koppal,Wind,73.0,23.75,65.34,2.73,3.9108,95.25,1.72,21.7
2025-01-11,KOPPAL SRI1PL,Koppal,Solar,120.0,23.75,65.34,2.73,3.9108,95.25,0.84,12.01
2025-01-11,IRCON SOLAR,Koppal,Solar,50.0,23.75,65.34,2.73,3.9108,95.25,0.36,-4.54
2025-01-11,GADAG_VENA_W,Gadag,Wind,133.0,23.45,68.14,2.47,4.103,94.55,0.93,7.7
2025-01-11,GADAG_VENA_S,Gadag,Solar,31.0,23.45,68.14,2.47,4.103,94.55,0.0,0.0
2025-01-11,KOPPAL_RENEWOJAS_S,Koppal,Solar,81.0,23.75,65.34,2.73,3.9108,95.25,0.41,5.33
2025-01-11,All ADYAH,Tumakuru,Solar,300.0,22.69,71.58,2.65,3.0024,92.67,0.94,23.24
2025-01-11,AMPLUS PAVAGADA,Tumakuru,Solar,50.0,22.69,71.58,2.65,3.0024,92.67,0.18,3.77
2025-01-11,AMPLUS TUMKUR,Tumakuru,Solar,50.0,22.69,71.58,2.65,3.0024,92.67,0.18,3.75
2025-01-11,AVAADA SOLAR,Koppal,Solar,150.0,23.75,65.34,2.73,3.9108,95.25,0.43,10.5
2025-01-11,AVAADA SOLARISE,Koppal,Solar,150.0,23.75,65.34,2.73,3.9108,95.25,0.45,10.78
2025-01-11,AZURE POWER EARTH,Koppal,Solar,100.0,23.75,65.34,2.73,3.9108,95.25,0.32,7.62
2025-01-11,FORTUM FIN SURYA,Tumakuru,Solar,100.0,22.69,71.58,2.65,3.0024,92.67,0.3,6.74
2025-01-11,FORTUM SOLAR,Tumakuru,Solar,250.0,22.69,71.58,2.65,3.0024,92.67,0.16,3.47
2025-01-11,PARAMPUJYA,Tumakuru,Solar,150.0,22.69,71.58,2.65,3.0024,92.67,0.15,3.47
2025-01-11,RENEW TN2,Koppal,Solar,50.0,23.75,65.34,2.73,3.9108,95.25,0.58,14.34
2025-01-11,SBG ENERGY,Tumakuru,Solar,200.0,22.69,71.58,2.65,3.0024,92.67,0.73,17.91
2025-01-11,TATA RENEWABLES,Tumakuru,Solar,400.0,22.69,71.58,2.65,3.0024,92.67,1.09,26.44
2025-01-11,YARROW,Koppal,Solar,50.0,23.75,65.34,2.73,3.9108,95.25,0.18,3.81
2025-01-12,KOPPAL_AYANASIX_W,Koppal,Wind,50.0,23.98,59.4,2.57,4.6056,95.19,1.1,18.84
2025-01-12,KOPPAL_RENEWROSHNI_W,Koppal,Wind,73.0,23.98,59.4,2.57,4.6056,95.19,1.15,22.85
2025-01-12,KOPPAL SRI1PL,Koppal,Solar,120.0,23.98,59.4,2.57,4.6056,95.19,0.84,12.85
2025-01-12,IRCON SOLAR,Koppal,Solar,50.0,23.98,59.4,2.57,4.6056,95.19,-0.87,-5.41
2025-01-12,GADAG_VENA_W,Gadag,Wind,133.0,23.68,63.74,2.41,4.1165,94.5,0.96,8.66
2025-01-12,GADAG_VENA_S,Gadag,Solar,31.0,23.68,63.74,2.41,4.1165,94.5,0.0,0.0
2025-01-12,KOPPAL_RENEWOJAS_S,Koppal,Solar,81.0,23.98,59.4,2.57,4.6056,95.19,0.39,5.72
2025-01-12,All ADYAH,Tumakuru,Solar,300.0,22.65,66.68,2.04,5.3282,92.6,2.23,25.47
2025-01-12,AMPLUS PAVAGADA,Tumakuru,Solar,50.0,22.65,66.68,2.04,5.3282,92.6,0.36,4.13
2025-01-12,AMPLUS TUMKUR,Tumakuru,Solar,50.0,22.65,66.68,2.04,5.3282,92.6,0.35,4.1
2025-01-12,AVAADA SOLAR,Koppal,Solar,150.0,23.98,59.4,2.57,4.6056,95.19,1.02,11.52
2025-01-12,AVAADA SOLARISE,Koppal,Solar,150.0,23.98,59.4,2.57,4.6056,95.19,1.02,11.8
2025-01-12,AZURE POWER EARTH,Koppal,Solar,100.0,23.98,59.4,2.57,4.6056,95.19,0.72,8.34
2025-01-12,FORTUM FIN SURYA,Tumakuru,Solar,100.0,22.65,66.68,2.04,5.3282,92.6,0.64,7.38
2025-01-12,FORTUM SOLAR,Tumakuru,Solar,250.0,22.65,66.68,2.04,5.3282,92.6,0.33,3.8
2025-01-12,PARAMPUJYA,Tumakuru,Solar,150.0,22.65,66.68,2.04,5.3282,92.6,0.33,3.8
2025-01-12,RENEW TN2,Koppal,Solar,50.0,23.98,59.4,2.57,4.6056,95.19,1.37,15.71
2025-01-12,SBG ENERGY,Tumakuru,Solar,200.0,22.65,66.68,2.04,5.3282,92.6,1.71,19.62
2025-01-12,TATA RENEWABLES,Tumakuru,Solar,400.0,22.65,66.68,2.04,5.3282,92.6,2.51,28.95
2025-01-12,YARROW,Koppal,Solar,50.0,23.98,59.4,2.57,4.6056,95.19,0.36,4.17
2025-01-13,KOPPAL_AYANASIX_W,Koppal,Wind,50.0,25.2,59.93,2.85,4.9594,95.08,1.39,20.23
2025-01-13,KOPPAL_RENEWROSHNI_W,Koppal,Wind,73.0,25.2,59.93,2.85,4.9594,95.08,2.01,24.86
2025-01-13,KOPPAL SRI1PL,Koppal,Solar,120.0,25.2,59.93,2.85,4.9594,95.08,1.03,13.88
2025-01-13,IRCON SOLAR,Koppal,Solar,50.0,25.2,59.93,2.85,4.9594,95.08,-0.86,-6.27
2025-01-13,GADAG_VENA_W,Gadag,Wind,133.0,24.5,60.44,2.72,4.8689,94.38,0.86,9.52
2025-01-13,GADAG_VENA_S,Gadag,Solar,31.0,24.5,60.44,2.72,4.8689,94.38,0.0,0.0
2025-01-13,KOPPAL_RENEWOJAS_S,Koppal,Solar,81.0,25.2,59.93,2.85,4.9594,95.08,0.49,6.21
2025-01-13,All ADYAH,Tumakuru,Solar,300.0,23.49,73.31,2.29,5.1391,92.49,2.01,27.48
2025-01-13,AMPLUS PAVAGADA,Tumakuru,Solar,50.0,23.49,73.31,2.29,5.1391,92.49,0.3,4.43
2025-01-13,AMPLUS TUMKUR,Tumakuru,Solar,50.0,23.49,73.31,2.29,5.1391,92.49,0.29,4.39
2025-01-13,AVAADA SOLAR,Koppal,Solar,150.0,25.2,59.93,2.85,4.9594,95.08,0.91,12.43
2025-01-13,AVAADA SOLARISE,Koppal,Solar,150.0,25.2,59.93,2.85,4.9594,95.08,0.88,12.68
2025-01-13,AZURE POWER EARTH,Koppal,Solar,100.0,25.2,59.93,2.85,4.9594,95.08,0.65,8.99
2025-01-13,FORTUM FIN SURYA,Tumakuru,Solar,100.0,23.49,73.31,2.29,5.1391,92.49,0.56,7.94
2025-01-13,FORTUM SOLAR,Tumakuru,Solar,250.0,23.49,73.31,2.29,5.1391,92.49,0.29,4.09
2025-01-13,PARAMPUJYA,Tumakuru,Solar,150.0,23.49,73.31,2.29,5.1391,92.49,0.27,4.07
2025-01-13,RENEW TN2,Koppal,Solar,50.0,25.2,59.93,2.85,4.9594,95.08,1.18,16.89
2025-01-13,SBG ENERGY,Tumakuru,Solar,200.0,23.49,73.31,2.29,5.1391,92.49,1.51,21.13
2025-01-13,TATA RENEWABLES,Tumakuru,Solar,400.0,23.49,73.31,2.29,5.1391,92.49,2.21,31.16
2025-01-13,YARROW,Koppal,Solar,50.0,25.2,59.93,2.85,4.9594,95.08,0.3,4.47
2025-01-14,KOPPAL_AYANASIX_W,Koppal,Wind,50.0,25.36,61.58,3.32,4.4474,95.17,1.99,22.22
2025-01-14,KOPPAL_RENEWROSHNI_W,Koppal,Wind,73.0,25.36,61.58,3.32,4.4474,95.17,2.66,27.52
2025-01-14,KOPPAL SRI1PL,Koppal,Solar,120.0,25.36,61.58,3.32,4.4474,95.17,0.9,14.78
2025-01-14,IRCON SOLAR,Koppal,Solar,50.0,25.36,61.58,3.32,4.4474,95.17,-0.58,-6.85
2025-01-14,GADAG_VENA_W,Gadag,Wind,133.0,24.85,62.12,3.13,4.4993,94.46,1.07,10.59
2025-01-14,GADAG_VENA_S,Gadag,Solar,31.0,24.85,62.12,3.13,4.4993,94.46,0.0,0.0
2025-01-14,KOPPAL_RENEWOJAS_S,Koppal,Solar,81.0,25.36,61.58,3.32,4.4474,95.17,0.41,6.62
2025-01-14,All ADYAH,Tumakuru,Solar,300.0,23.14,71.84,3.24,3.1968,92.59,1.35,28.83
2025-01-14,AMPLUS PAVAGADA,Tumakuru,Solar,50.0,23.14,71.84,3.24,3.1968,92.59,0.2,4.63
2025-01-14,AMPLUS TUMKUR,Tumakuru,Solar,50.0,23.14,71.84,3.24,3.1968,92.59,0.22,4.61
2025-01-14,AVAADA SOLAR,Koppal,Solar,150.0,25.36,61.58,3.32,4.4474,95.17,0.62,13.05
2025-01-14,AVAADA SOLARISE,Koppal,Solar,150.0,25.36,61.58,3.32,4.4474,95.17,0.62,13.3
2025-01-14,AZURE POWER EARTH,Koppal,Solar,100.0,25.36,61.58,3.32,4.4474,95.17,0.46,9.45
2025-01-14,FORTUM FIN SURYA,Tumakuru,Solar,100.0,23.14,71.84,3.24,3.1968,92.59,0.47,8.41
2025-01-14,FORTUM SOLAR,Tumakuru,Solar,250.0,23.14,71.84,3.24,3.1968,92.59,0.19,4.28
2025-01-14,PARAMPUJYA,Tumakuru,Solar,150.0,23.14,71.84,3.24,3.1968,92.59,0.23,4.3
2025-01-14,RENEW TN2,Koppal,Solar,50.0,25.36,61.58,3.32,4.4474,95.17,0.92,17.81
2025-01-14,SBG ENERGY,Tumakuru,Solar,200.0,23.14,71.84,3.24,3.1968,92.59,1.02,22.15
2025-01-14,TATA RENEWABLES,Tumakuru,Solar,400.0,23.14,71.84,3.24,3.1968,92.59,1.54,32.7
2025-01-14,YARROW,Koppal,Solar,50.0,25.36,61.58,3.32,4.4474,95.17,0.25,4.72
2025-01-15,KOPPAL_AYANASIX_W,Koppal,Wind,50.0,24.53,62.56,3.56,4.637,95.27,2.17,24.39
2025-01-15,KOPPAL_RENEWROSHNI_W,Koppal,Wind,73.0,24.53,62.56,3.56,4.637,95.27,2.09,29.61
2025-01-15,KOPPAL SRI1PL,Koppal,Solar,120.0,24.53,62.56,3.56,4.637,95.27,1.12,15.9
2025-01-15,IRCON SOLAR,Koppal,Solar,50.0,24.53,62.56,3.56,4.637,95.27,-0.67,-7.52
2025-01-15,GADAG_VENA_W,Gadag,Wind,133.0,23.96,64.42,3.33,5.0359,94.57,1.3,11.89
2025-01-15,GADAG_VENA_S,Gadag,Solar,31.0,23.96,64.42,3.33,5.0359,94.57,0.0,0.0
2025-01-15,KOPPAL_RENEWOJAS_S,Koppal,Solar,81.0,24.53,62.56,3.56,4.637,95.27,0.51,7.13
2025-01-15,All ADYAH,Tumakuru,Solar,300.0,22.15,65.0,3.38,4.049,92.67,1.58,30.41
2025-01-15,AMPLUS PAVAGADA,Tumakuru,Solar,50.0,22.15,65.0,3.38,4.049,92.67,0.26,4.89
2025-01-15,AMPLUS TUMKUR,Tumakuru,Solar,50.0,22.15,65.0,3.38,4.049,92.67,0.26,4.87
2025-01-15,AVAADA SOLAR,Koppal,Solar,150.0,24.53,62.56,3.56,4.637,95.27,0.73,13.78
2025-01-15,AVAADA SOLARISE,Koppal,Solar,150.0,24.53,62.56,3.56,4.637,95.27,0.75,14.05
2025-01-15,AZURE POWER EARTH,Koppal,Solar,100.0,24.53,62.56,3.56,4.637,95.27,0.51,9.96
2025-01-15,FORTUM FIN SURYA,Tumakuru,Solar,100.0,22.15,65.0,3.38,4.049,92.67,0.47,8.88
2025-01-15,FORTUM SOLAR,Tumakuru,Solar,250.0,22.15,65.0,3.38,4.049,92.67,0.23,4.51
2025-01-15,PARAMPUJYA,Tumakuru,Solar,150.0,22.15,65.0,3.38,4.049,92.67,0.26,4.56
2025-01-15,RENEW TN2,Koppal,Solar,50.0,24.53,62.56,3.56,4.637,95.27,1.08,18.89
2025-01-15,SBG ENERGY,Tumakuru,Solar,200.0,22.15,65.0,3.38,4.049,92.67,1.16,23.31
2025-01-15,TATA RENEWABLES,Tumakuru,Solar,400.0,22.15,65.0,3.38,4.049,92.67,1.63,34.33
2025-01-15,YARROW,Koppal,Solar,50.0,24.53,62.56,3.56,4.637,95.27,0.27,4.99
2025-01-16,KOPPAL_AYANASIX_W,Koppal,Wind,50.0,24.32,60.43,3.37,4.6126,95.24,1.77,26.16
2025-01-16,KOPPAL_RENEWROSHNI_W,Koppal,Wind,73.0,24.32,60.43,3.37,4.6126,95.24,1.8,31.41
2025-01-16,KOPPAL SRI1PL,Koppal,Solar,120.0,24.32,60.43,3.37,4.6126,95.24,1.12,17.02
2025-01-16,IRCON SOLAR,Koppal,Solar,50.0,24.32,60.43,3.37,4.6126,95.24,-0.84,-8.36
2025-01-16,GADAG_VENA_W,Gadag,Wind,133.0,23.88,61.52,3.27,4.4806,94.54,0.89,12.78
2025-01-16,GADAG_VENA_S,Gadag,Solar,31.0,23.88,61.52,3.27,4.4806,94.54,0.0,0.0
2025-01-16,KOPPAL_RENEWOJAS_S,Koppal,Solar,81.0,24.32,60.43,3.37,4.6126,95.24,0.48,7.61
2025-01-16,All ADYAH,Tumakuru,Solar,300.0,21.87,68.32,3.08,5.3914,92.65,2.15,32.56
2025-01-16,AMPLUS PAVAGADA,Tumakuru,Solar,50.0,21.87,68.32,3.08,5.3914,92.65,0.32,5.21
2025-01-16,AMPLUS TUMKUR,Tumakuru,Solar,50.0,21.87,68.32,3.08,5.3914,92.65,0.32,5.19
2025-01-16,AVAADA SOLAR,Koppal,Solar,150.0,24.32,60.43,3.37,4.6126,95.24,0.99,14.77
2025-01-16,AVAADA SOLARISE,Koppal,Solar,150.0,24.32,60.43,3.37,4.6126,95.24,0.96,15.01
2025-01-16,AZURE POWER EARTH,Koppal,Solar,100.0,24.32,60.43,3.37,4.6126,95.24,0.7,10.66
2025-01-16,FORTUM FIN SURYA,Tumakuru,Solar,100.0,21.87,68.32,3.08,5.3914,92.65,0.6,9.48
2025-01-16,FORTUM SOLAR,Tumakuru,Solar,250.0,21.87,68.32,3.08,5.3914,92.65,0.31,4.82
2025-01-16,PARAMPUJYA,Tumakuru,Solar,150.0,21.87,68.32,3.08,5.3914,92.65,0.32,4.88
2025-01-16,RENEW TN2,Koppal,Solar,50.0,24.32,60.43,3.37,4.6126,95.24,1.31,20.2
2025-01-16,SBG ENERGY,Tumakuru,Solar,200.0,21.87,68.32,3.08,5.3914,92.65,1.64,24.95
2025-01-16,TATA RENEWABLES,Tumakuru,Solar,400.0,21.87,68.32,3.08,5.3914,92.65,2.39,36.72
2025-01-16,YARROW,Koppal,Solar,50.0,24.32,60.43,3.37,4.6126,95.24,0.34,5.33
2025-01-17,KOPPAL_AYANASIX_W,Koppal,Wind,50.0,24.02,59.68,3.44,4.5372,95.14,3.03,29.19
2025-01-17,KOPPAL_RENEWROSHNI_W,Koppal,Wind,73.0,24.02,59.68,3.44,4.5372,95.14,3.37,34.78
2025-01-17,KOPPAL SRI1PL,Koppal,Solar,120.0,24.02,59.68,3.44,4.5372,95.14,0.99,18.01
2025-01-17,IRCON SOLAR,Koppal,Solar,50.0,24.02,59.68,3.44,4.5372,95.14,0.7,-7.66
2025-01-17,GADAG_VENA_W,Gadag,Wind,133.0,23.52,59.56,3.49,4.6922,94.43,1.15,13.93
2025-01-17,GADAG_VENA_S,Gadag,Solar,31.0,23.52,59.56,3.49,4.6922,94.43,0.0,0.0
2025-01-17,KOPPAL_RENEWOJAS_S,Koppal,Solar,81.0,24.02,59.68,3.44,4.5372,95.14,0.45,8.06
2025-01-17,All ADYAH,Tumakuru,Solar,300.0,21.63,71.6,3.03,5.017,92.53,1.79,34.35
2025-01-17,AMPLUS PAVAGADA,Tumakuru,Solar,50.0,21.63,71.6,3.03,5.017,92.53,0.29,5.5
2025-01-17,AMPLUS TUMKUR,Tumakuru,Solar,50.0,21.63,71.6,3.03,5.017,92.53,0.29,5.48
2025-01-17,AVAADA SOLAR,Koppal,Solar,150.0,24.02,59.68,3.44,4.5372,95.14,0.84,15.61
2025-01-17,AVAADA SOLARISE,Koppal,Solar,150.0,24.02,59.68,3.44,4.5372,95.14,0.82,15.83
2025-01-17,AZURE POWER EARTH,Koppal,Solar,100.0,24.02,59.68,3.44,4.5372,95.14,0.6,11.26
2025-01-17,FORTUM FIN SURYA,Tumakuru,Solar,100.0,21.63,71.6,3.03,5.017,92.53,0.51,9.99
2025-01-17,FORTUM SOLAR,Tumakuru,Solar,250.0,21.63,71.6,3.03,5.017,92.53,0.27,5.09
2025-01-17,PARAMPUJYA,Tumakuru,Solar,150.0,21.63,71.6,3.03,5.017,92.53,0.26,5.14
2025-01-17,RENEW TN2,Koppal,Solar,50.0,24.02,59.68,3.44,4.5372,95.14,1.13,21.33
2025-01-17,SBG ENERGY,Tumakuru,Solar,200.0,21.63,71.6,3.03,5.017,92.53,1.42,26.37
2025-01-17,TATA RENEWABLES,Tumakuru,Solar,400.0,21.63,71.6,3.03,5.017,92.53,2.02,38.74
2025-01-17,YARROW,Koppal,Solar,50.0,24.02,59.68,3.44,4.5372,95.14,0.28,5.61
2025-01-18,KOPPAL_AYANASIX_W,Koppal,Wind,50.0,23.39,58.13,3.32,3.6463,95.11,2.31,31.5
2025-01-18,KOPPAL_RENEWROSHNI_W,Koppal,Wind,73.0,23.39,58.13,3.32,3.6463,95.11,2.02,36.8
2025-01-18,KOPPAL SRI1PL,Koppal,Solar,120.0,23.39,58.13,3.32,3.6463,95.11,0.66,18.67
2025-01-18,IRCON SOLAR,Koppal,Solar,50.0,23.39,58.13,3.32,3.6463,95.11,0.66,-7.0
2025-01-18,GADAG_VENA_W,Gadag,Wind,133.0,22.89,59.25,3.32,3.6262,94.4,0.8,14.73
2025-01-18,GADAG_VENA_S,Gadag,Solar,31.0,22.89,59.25,3.32,3.6262,94.4,0.0,0.0
2025-01-18,KOPPAL_RENEWOJAS_S,Koppal,Solar,81.0,23.39,58.13,3.32,3.6463,95.11,0.36,8.42
2025-01-18,All ADYAH,Tumakuru,Solar,300.0,21.62,67.16,3.11,5.1259,92.5,1.67,36.02
2025-01-18,AMPLUS PAVAGADA,Tumakuru,Solar,50.0,21.62,67.16,3.11,5.1259,92.5,0.29,5.79
2025-01-18,AMPLUS TUMKUR,Tumakuru,Solar,50.0,21.62,67.16,3.11,5.1259,92.5,0.29,5.77
2025-01-18,AVAADA SOLAR,Koppal,Solar,150.0,23.39,58.13,3.32,3.6463,95.11,0.77,16.38
2025-01-18,AVAADA SOLARISE,Koppal,Solar,150.0,23.39,58.13,3.32,3.6463,95.11,0.82,16.65
2025-01-18,AZURE POWER EARTH,Koppal,Solar,100.0,23.39,58.13,3.32,3.6463,95.11,0.57,11.83
2025-01-18,FORTUM FIN SURYA,Tumakuru,Solar,100.0,21.62,67.16,3.11,5.1259,92.5,0.51,10.5
2025-01-18,FORTUM SOLAR,Tumakuru,Solar,250.0,21.62,67.16,3.11,5.1259,92.5,0.26,5.35
2025-01-18,PARAMPUJYA,Tumakuru,Solar,150.0,21.62,67.16,3.11,5.1259,92.5,0.26,5.4
2025-01-18,RENEW TN2,Koppal,Solar,50.0,23.39,58.13,3.32,3.6463,95.11,1.12,22.45
2025-01-18,SBG ENERGY,Tumakuru,Solar,200.0,21.62,67.16,3.11,5.1259,92.5,1.32,27.69
2025-01-18,TATA RENEWABLES,Tumakuru,Solar,400.0,21.62,67.16,3.11,5.1259,92.5,1.99,40.73
2025-01-18,YARROW,Koppal,Solar,50.0,23.39,58.13,3.32,3.6463,95.11,0.29,5.9
2025-01-19,KOPPAL_AYANASIX_W,Koppal,Wind,50.0,23.83,53.23,2.47,5.2714,95.14,0.51,32.01
2025-01-19,KOPPAL_RENEWROSHNI_W,Koppal,Wind,73.0,23.83,53.23,2.47,5.2714,95.14,1.11,37.91
2025-01-19,KOPPAL SRI1PL,Koppal,Solar,120.0,23.83,53.23,2.47,5.2714,95.14,0.36,19.03
2025-01-19,IRCON SOLAR,Koppal,Solar,50.0,23.83,53.23,2.47,5.2714,95.14,-0.53,-7.53
2025-01-19,GADAG_VENA_W,Gadag,Wind,133.0,23.2,53.66,2.67,5.0755,94.44,0.47,15.2
2025-01-19,GADAG_VENA_S,Gadag,Solar,31.0,23.2,53.66,2.67,5.0755,94.44,0.0,0.0
2025-01-19,KOPPAL_RENEWOJAS_S,Koppal,Solar,81.0,23.83,53.23,2.47,5.2714,95.14,2.19,10.61
2025-01-19,All ADYAH,Tumakuru,Solar,300.0,21.97,77.07,3.0,2.4641,92.54,1.39,37.41
2025-01-19,AMPLUS PAVAGADA,Tumakuru,Solar,50.0,21.97,77.07,3.0,2.4641,92.54,0.22,6.01
2025-01-19,AMPLUS TUMKUR,Tumakuru,Solar,50.0,21.97,77.07,3.0,2.4641,92.54,0.22,5.99
2025-01-19,AVAADA SOLAR,Koppal,Solar,150.0,23.83,53.23,2.47,5.2714,95.14,0.64,17.02
2025-01-19,AVAADA SOLARISE,Koppal,Solar,150.0,23.83,53.23,2.47,5.2714,95.14,0.59,17.24
2025-01-19,AZURE POWER EARTH,Koppal,Solar,100.0,23.83,53.23,2.47,5.2714,95.14,0.46,12.29
2025-01-19,FORTUM FIN SURYA,Tumakuru,Solar,100.0,21.97,77.07,3.0,2.4641,92.54,0.37,10.87
2025-01-19,FORTUM SOLAR,Tumakuru,Solar,250.0,21.97,77.07,3.0,2.4641,92.54,0.21,5.56
2025-01-19,PARAMPUJYA,Tumakuru,Solar,150.0,21.97,77.07,3.0,2.4641,92.54,0.18,5.58
2025-01-19,RENEW TN2,Koppal,Solar,50.0,23.83,53.23,2.47,5.2714,95.14,0.77,23.22
2025-01-19,SBG ENERGY,Tumakuru,Solar,200.0,21.97,77.07,3.0,2.4641,92.54,1.05,28.74
2025-01-19,TATA RENEWABLES,Tumakuru,Solar,400.0,21.97,77.07,3.0,2.4641,92.54,1.44,42.17
2025-01-19,YARROW,Koppal,Solar,50.0,23.83,53.23,2.47,5.2714,95.14,0.21,6.11
2025-01-20,KOPPAL_AYANASIX_W,Koppal,Wind,50.0,23.66,45.44,2.43,5.4684,95.07,-0.03,31.98
2025-01-20,KOPPAL_RENEWROSHNI_W,Koppal,Wind,73.0,23.66,45.44,2.43,5.4684,95.07,0.87,38.78
2025-01-20,KOPPAL SRI1PL,Koppal,Solar,120.0,23.66,45.44,2.43,5.4684,95.07,1.14,20.17
2025-01-20,IRCON SOLAR,Koppal,Solar,50.0,23.66,45.44,2.43,5.4684,95.07,-0.89,-8.42
2025-01-20,GADAG_VENA_W,Gadag,Wind,133.0,23.14,44.67,2.66,5.3954,94.38,0.28,15.48
2025-01-20,GADAG_VENA_S,Gadag,Solar,31.0,23.14,44.67,2.66,5.3954,94.38,0.0,0.0
2025-01-20,KOPPAL_RENEWOJAS_S,Koppal,Solar,81.0,23.66,45.44,2.43,5.4684,95.07,0.51,11.12
2025-01-20,All ADYAH,Tumakuru,Solar,300.0,21.99,63.7,2.67,5.5802,92.48,2.21,39.62
2025-01-20,AMPLUS PAVAGADA,Tumakuru,Solar,50.0,21.99,63.7,2.67,5.5802,92.48,0.37,6.38
2025-01-20,AMPLUS TUMKUR,Tumakuru,Solar,50.0,21.99,63.7,2.67,5.5802,92.48,0.37,6.36
2025-01-20,AVAADA SOLAR,Koppal,Solar,150.0,23.66,45.44,2.43,5.4684,95.07,1.01,18.03
2025-01-20,AVAADA SOLARISE,Koppal,Solar,150.0,23.66,45.44,2.43,5.4684,95.07,1.04,18.28
2025-01-20,AZURE POWER EARTH,Koppal,Solar,100.0,23.66,45.44,2.43,5.4684,95.07,0.73,13.02
2025-01-20,FORTUM FIN SURYA,Tumakuru,Solar,100.0,21.99,63.7,2.67,5.5802,92.48,0.65,11.52
2025-01-20,FORTUM SOLAR,Tumakuru,Solar,250.0,21.99,63.7,2.67,5.5802,92.48,0.33,5.89
2025-01-20,PARAMPUJYA,Tumakuru,Solar,150.0,21.99,63.7,2.67,5.5802,92.48,0.34,5.92
2025-01-20,RENEW TN2,Koppal,Solar,50.0,23.66,45.44,2.43,5.4684,95.07,1.34,24.56
2025-01-20,SBG ENERGY,Tumakuru,Solar,200.0,21.99,63.7,2.67,5.5802,92.48,1.71,30.45
2025-01-20,TATA RENEWABLES,Tumakuru,Solar,400.0,21.99,63.7,2.67,5.5802,92.48,2.57,44.74
2025-01-20,YARROW,Koppal,Solar,50.0,23.66,45.44,2.43,5.4684,95.07,0.37,6.48
2025-01-21,KOPPAL_AYANASIX_W,Koppal,Wind,50.0,23.17,46.53,2.08,5.7343,95.0,-0.86,31.12
2025-01-21,KOPPAL_RENEWROSHNI_W,Koppal,Wind,73.0,23.17,46.53,2.08,5.7343,95.0,1.68,40.46
2025-01-21,KOPPAL SRI1PL,Koppal,Solar,120.0,23.17,46.53,2.08,5.7343,95.0,1.26,21.43
2025-01-21,IRCON SOLAR,Koppal,Solar,50.0,23.17,46.53,2.08,5.7343,95.0,-0.97,-9.39
2025-01-21,GADAG_VENA_W,Gadag,Wind,133.0,22.67,41.86,2.22,5.6993,94.3,0.54,16.02
2025-01-21,GADAG_VENA_S,Gadag,Solar,31.0,22.67,41.86,2.22,5.6993,94.3,0.0,0.0
2025-01-21,KOPPAL_RENEWOJAS_S,Koppal,Solar,81.0,23.17,46.53,2.08,5.7343,95.0,0.54,11.66
2025-01-21,All ADYAH,Tumakuru,Solar,300.0,20.92,62.98,2.35,5.915,92.41,2.37,41.99
2025-01-21,AMPLUS PAVAGADA,Tumakuru,Solar,50.0,20.92,62.98,2.35,5.915,92.41,0.39,6.77
2025-01-21,AMPLUS TUMKUR,Tumakuru,Solar,50.0,20.92,62.98,2.35,5.915,92.41,0.39,6.75
2025-01-21,AVAADA SOLAR,Koppal,Solar,150.0,23.17,46.53,2.08,5.7343,95.0,1.1,19.13
2025-01-21,AVAADA SOLARISE,Koppal,Solar,150.0,23.17,46.53,2.08,5.7343,95.0,1.11,19.39
2025-01-21,AZURE POWER EARTH,Koppal,Solar,100.0,23.17,46.53,2.08,5.7343,95.0,0.78,13.8
2025-01-21,FORTUM FIN SURYA,Tumakuru,Solar,100.0,20.92,62.98,2.35,5.915,92.41,0.68,12.2
2025-01-21,FORTUM SOLAR,Tumakuru,Solar,250.0,20.92,62.98,2.35,5.915,92.41,0.36,6.25
2025-01-21,PARAMPUJYA,Tumakuru,Solar,150.0,20.92,62.98,2.35,5.915,92.41,0.37,6.29
2025-01-21,RENEW TN2,Koppal,Solar,50.0,23.17,46.53,2.08,5.7343,95.0,1.47,26.03
2025-01-21,SBG ENERGY,Tumakuru,Solar,200.0,20.92,62.98,2.35,5.915,92.41,1.85,32.3
2025-01-21,TATA RENEWABLES,Tumakuru,Solar,400.0,20.92,62.98,2.35,5.915,92.41,2.73,47.47
2025-01-21,YARROW,Koppal,Solar,50.0,23.17,46.53,2.08,5.7343,95.0,0.38,6.86
2025-01-22,KOPPAL_AYANASIX_W,Koppal,Wind,50.0,23.87,47.9,2.37,5.7811,94.95,-0.85,30.27
2025-01-22,KOPPAL_RENEWROSHNI_W,Koppal,Wind,73.0,23.87,47.9,2.37,5.7811,94.95,1.74,42.2
2025-01-22,KOPPAL SRI1PL,Koppal,Solar,120.0,23.87,47.9,2.37,5.7811,94.95,1.27,22.7
2025-01-22,IRCON SOLAR,Koppal,Solar,50.0,23.87,47.9,2.37,5.7811,94.95,-0.93,-10.32
2025-01-22,GADAG_VENA_W,Gadag,Wind,133.0,23.62,46.48,2.33,5.8426,94.25,0.82,16.84
2025-01-22,GADAG_VENA_S,Gadag,Solar,31.0,23.62,46.48,2.33,5.8426,94.25,0.0,0.0
2025-01-22,KOPPAL_RENEWOJAS_S,Koppal,Solar,81.0,23.87,47.9,2.37,5.7811,94.95,0.56,12.22
2025-01-22,All ADYAH,Tumakuru,Solar,300.0,21.92,62.51,2.02,6.0142,92.37,2.17,44.16
2025-01-22,AMPLUS PAVAGADA,Tumakuru,Solar,50.0,21.92,62.51,2.02,6.0142,92.37,0.39,7.16
2025-01-22,AMPLUS TUMKUR,Tumakuru,Solar,50.0,21.92,62.51,2.02,6.0142,92.37,0.39,7.14
2025-01-22,AVAADA SOLAR,Koppal,Solar,150.0,23.87,47.9,2.37,5.7811,94.95,1.11,20.24
2025-01-22,AVAADA SOLARISE,Koppal,Solar,150.0,23.87,47.9,2.37,5.7811,94.95,1.12,20.51
2025-01-22,AZURE POWER EARTH,Koppal,Solar,100.0,23.87,47.9,2.37,5.7811,94.95,0.63,14.43
2025-01-22,FORTUM FIN SURYA,Tumakuru,Solar,100.0,21.92,62.51,2.02,6.0142,92.37,0.7,12.9
2025-01-22,FORTUM SOLAR,Tumakuru,Solar,250.0,21.92,62.51,2.02,6.0142,92.37,0.33,6.58
2025-01-22,PARAMPUJYA,Tumakuru,Solar,150.0,21.92,62.51,2.02,6.0142,92.37,0.38,6.67
2025-01-22,RENEW TN2,Koppal,Solar,50.0,23.87,47.9,2.37,5.7811,94.95,1.48,27.51
2025-01-22,SBG ENERGY,Tumakuru,Solar,200.0,21.92,62.51,2.02,6.0142,92.37,1.67,33.97
2025-01-22,TATA RENEWABLES,Tumakuru,Solar,400.0,21.92,62.51,2.02,6.0142,92.37,2.76,50.23
2025-01-22,YARROW,Koppal,Solar,50.0,23.87,47.9,2.37,5.7811,94.95,0.39,7.25
2025-01-23,KOPPAL_AYANASIX_W,Koppal,Wind,50.0,24.91,51.9,2.91,5.7823,94.95,-0.51,29.76
2025-01-23,KOPPAL_RENEWROSHNI_W,Koppal,Wind,73.0,24.91,51.9,2.91,5.7823,94.95,1.4,43.6
2025-01-23,KOPPAL SRI1PL,Koppal,Solar,120.0,24.91,51.9,2.91,5.7823,94.95,1.19,23.89
2025-01-23,IRCON SOLAR,Koppal,Solar,50.0,24.91,51.9,2.91,5.7823,94.95,-1.0,-11.32
2025-01-23,GADAG_VENA_W,Gadag,Wind,133.0,24.6,50.16,2.72,5.5555,94.25,0.62,17.46
2025-01-23,GADAG_VENA_S,Gadag,Solar,31.0,24.6,50.16,2.72,5.5555,94.25,0.0,0.0
2025-01-23,KOPPAL_RENEWOJAS_S,Koppal,Solar,81.0,24.91,51.9,2.91,5.7823,94.95,0.5,12.72
2025-01-23,All ADYAH,Tumakuru,Solar,300.0,22.53,64.29,2.59,5.7382,92.41,2.41,46.57
2025-01-23,AMPLUS PAVAGADA,Tumakuru,Solar,50.0,22.53,64.29,2.59,5.7382,92.41,0.39,7.55
2025-01-23,AMPLUS TUMKUR,Tumakuru,Solar,50.0,22.53,64.29,2.59,5.7382,92.41,0.39,7.53
2025-01-23,AVAADA SOLAR,Koppal,Solar,150.0,24.91,51.9,2.91,5.7823,94.95,1.1,21.34
2025-01-23,AVAADA SOLARISE,Koppal,Solar,150.0,24.91,51.9,2.91,5.7823,94.95,1.12,21.63
2025-01-23,AZURE POWER EARTH,Koppal,Solar,100.0,24.91,51.9,2.91,5.7823,94.95,0.78,15.21
2025-01-23,FORTUM FIN SURYA,Tumakuru,Solar,100.0,22.53,64.29,2.59,5.7382,92.41,0.7,13.6
2025-01-23,FORTUM SOLAR,Tumakuru,Solar,250.0,22.53,64.29,2.59,5.7382,92.41,0.36,6.94
2025-01-23,PARAMPUJYA,Tumakuru,Solar,150.0,22.53,64.29,2.59,5.7382,92.41,0.37,7.04
2025-01-23,RENEW TN2,Koppal,Solar,50.0,24.91,51.9,2.91,5.7823,94.95,1.48,28.99
2025-01-23,SBG ENERGY,Tumakuru,Solar,200.0,22.53,64.29,2.59,5.7382,92.41,1.87,35.84
2025-01-23,TATA RENEWABLES,Tumakuru,Solar,400.0,22.53,64.29,2.59,5.7382,92.41,2.78,53.01
2025-01-23,YARROW,Koppal,Solar,50.0,24.91,51.9,2.91,5.7823,94.95,0.39,7.64
2025-01-24,KOPPAL_AYANASIX_W,Koppal,Wind,50.0,24.48,50.09,2.96,5.6894,94.95,0.2,29.96
2025-01-24,KOPPAL_RENEWROSHNI_W,Koppal,Wind,73.0,24.48,50.09,2.96,5.6894,94.95,2.23,45.83
2025-01-24,KOPPAL SRI1PL,Koppal,Solar,120.0,24.48,50.09,2.96,5.6894,94.95,1.3,25.19
2025-01-24,IRCON SOLAR,Koppal,Solar,50.0,24.48,50.09,2.96,5.6894,94.95,0.92,-10.4
2025-01-24,GADAG_VENA_W,Gadag,Wind,133.0,24.38,48.18,2.97,5.8891,94.25,0.82,18.28
2025-01-24,GADAG_VENA_S,Gadag,Solar,31.0,24.38,48.18,2.97,5.8891,94.25,0.0,0.0
2025-01-24,KOPPAL_RENEWOJAS_S,Koppal,Solar,81.0,24.48,50.09,2.96,5.6894,94.95,0.52,13.24
2025-01-24,All ADYAH,Tumakuru,Solar,300.0,21.58,59.34,2.34,6.2191,92.38,2.46,49.03
2025-01-24,AMPLUS PAVAGADA,Tumakuru,Solar,50.0,21.58,59.34,2.34,6.2191,92.38,0.4,7.95
2025-01-24,AMPLUS TUMKUR,Tumakuru,Solar,50.0,21.58,59.34,2.34,6.2191,92.38,0.4,7.93
2025-01-24,AVAADA SOLAR,Koppal,Solar,150.0,24.48,50.09,2.96,5.6894,94.95,1.15,22.49
2025-01-24,AVAADA SOLARISE,Koppal,Solar,150.0,24.48,50.09,2.96,5.6894,94.95,1.15,22.78
2025-01-24,AZURE POWER EARTH,Koppal,Solar,100.0,24.48,50.09,2.96,5.6894,94.95,0.79,16.0
2025-01-24,FORTUM FIN SURYA,Tumakuru,Solar,100.0,21.58,59.34,2.34,6.2191,92.38,0.72,14.32
2025-01-24,FORTUM SOLAR,Tumakuru,Solar,250.0,21.58,59.34,2.34,6.2191,92.38,0.37,7.31
2025-01-24,PARAMPUJYA,Tumakuru,Solar,150.0,21.58,59.34,2.34,6.2191,92.38,0.39,7.43
2025-01-24,RENEW TN2,Koppal,Solar,50.0,24.48,50.09,2.96,5.6894,94.95,1.49,30.48
2025-01-24,SBG ENERGY,Tumakuru,Solar,200.0,21.58,59.34,2.34,6.2191,92.38,1.89,37.73
2025-01-24,TATA RENEWABLES,Tumakuru,Solar,400.0,21.58,59.34,2.34,6.2191,92.38,2.85,55.86
2025-01-24,YARROW,Koppal,Solar,50.0,24.48,50.09,2.96,5.6894,94.95,0.4,8.04
2025-01-25,KOPPAL_AYANASIX_W,Koppal,Wind,50.0,23.53,44.56,2.66,6.1781,95.06,0.2,30.16
2025-01-25,KOPPAL_RENEWROSHNI_W,Koppal,Wind,73.0,23.53,44.56,2.66,6.1781,95.06,1.58,47.41
2025-01-25,KOPPAL SRI1PL,Koppal,Solar,120.0,23.53,44.56,2.66,6.1781,95.06,1.32,26.51
2025-01-25,IRCON SOLAR,Koppal,Solar,50.0,23.53,44.56,2.66,6.1781,95.06,1.01,-9.39
2025-01-25,GADAG_VENA_W,Gadag,Wind,133.0,23.39,42.52,2.87,6.2851,94.35,0.5,18.78
2025-01-25,GADAG_VENA_S,Gadag,Solar,31.0,23.39,42.52,2.87,6.2851,94.35,0.0,0.0
2025-01-25,KOPPAL_RENEWOJAS_S,Koppal,Solar,81.0,23.53,44.56,2.66,6.1781,95.06,0.58,13.82
2025-01-25,All ADYAH,Tumakuru,Solar,300.0,21.03,55.81,2.58,6.1927,92.47,2.52,51.55
2025-01-25,AMPLUS PAVAGADA,Tumakuru,Solar,50.0,21.03,55.81,2.58,6.1927,92.47,0.4,8.35
2025-01-25,AMPLUS TUMKUR,Tumakuru,Solar,50.0,21.03,55.81,2.58,6.1927,92.47,0.4,8.33
2025-01-25,AVAADA SOLAR,Koppal,Solar,150.0,23.53,44.56,2.66,6.1781,95.06,1.16,23.65
2025-01-25,AVAADA SOLARISE,Koppal,Solar,150.0,23.53,44.56,2.66,6.1781,95.06,1.17,23.95
2025-01-25,AZURE POWER EARTH,Koppal,Solar,100.0,23.53,44.56,2.66,6.1781,95.06,0.81,16.81
2025-01-25,FORTUM FIN SURYA,Tumakuru,Solar,100.0,21.03,55.81,2.58,6.1927,92.47,0.73,15.05
2025-01-25,FORTUM SOLAR,Tumakuru,Solar,250.0,21.03,55.81,2.58,6.1927,92.47,0.37,7.68
2025-01-25,PARAMPUJYA,Tumakuru,Solar,150.0,21.03,55.81,2.58,6.1927,92.47,0.39,7.82
2025-01-25,RENEW TN2,Koppal,Solar,50.0,23.53,44.56,2.66,6.1781,95.06,1.53,32.01
2025-01-25,SBG ENERGY,Tumakuru,Solar,200.0,21.03,55.81,2.58,6.1927,92.47,1.93,39.66
2025-01-25,TATA RENEWABLES,Tumakuru,Solar,400.0,21.03,55.81,2.58,6.1927,92.47,2.89,58.75
2025-01-25,YARROW,Koppal,Solar,50.0,23.53,44.56,2.66,6.1781,95.06,0.4,8.44
2025-01-26,KOPPAL_AYANASIX_W,Koppal,Wind,50.0,23.92,39.66,2.81,5.9582,95.02,0.2,30.36
2025-01-26,KOPPAL_RENEWROSHNI_W,Koppal,Wind,73.0,23.92,39.66,2.81,5.9582,95.02,2.05,49.46
2025-01-26,KOPPAL SRI1PL,Koppal,Solar,120.0,23.92,39.66,2.81,5.9582,95.02,1.35,27.86
2025-01-26,IRCON SOLAR,Koppal,Solar,50.0,23.92,39.66,2.81,5.9582,95.02,-1.03,-10.42
2025-01-26,GADAG_VENA_W,Gadag,Wind,133.0,23.55,39.01,2.87,6.1092,94.33,0.86,19.64
2025-01-26,GADAG_VENA_S,Gadag,Solar,31.0,23.55,39.01,2.87,6.1092,94.33,0.0,0.0
2025-01-26,KOPPAL_RENEWOJAS_S,Koppal,Solar,81.0,23.92,39.66,2.81,5.9582,95.02,0.57,14.39
2025-01-26,All ADYAH,Tumakuru,Solar,300.0,20.39,50.59,2.98,6.4548,92.45,2.54,54.09
2025-01-26,AMPLUS PAVAGADA,Tumakuru,Solar,50.0,20.39,50.59,2.98,6.4548,92.45,0.41,8.76
2025-01-26,AMPLUS TUMKUR,Tumakuru,Solar,50.0,20.39,50.59,2.98,6.4548,92.45,0.41,8.74
2025-01-26,AVAADA SOLAR,Koppal,Solar,150.0,23.92,39.66,2.81,5.9582,95.02,1.17,24.82
2025-01-26,AVAADA SOLARISE,Koppal,Solar,150.0,23.92,39.66,2.81,5.9582,95.02,1.18,25.13
2025-01-26,AZURE POWER EARTH,Koppal,Solar,100.0,23.92,39.66,2.81,5.9582,95.02,0.81,17.62
2025-01-26,FORTUM FIN SURYA,Tumakuru,Solar,100.0,20.39,50.59,2.98,6.4548,92.45,0.73,15.78
2025-01-26,FORTUM SOLAR,Tumakuru,Solar,250.0,20.39,50.59,2.98,6.4548,92.45,0.37,8.05
2025-01-26,PARAMPUJYA,Tumakuru,Solar,150.0,20.39,50.59,2.98,6.4548,92.45,0.4,8.22
2025-01-26,RENEW TN2,Koppal,Solar,50.0,23.92,39.66,2.81,5.9582,95.02,1.53,33.54
2025-01-26,SBG ENERGY,Tumakuru,Solar,200.0,20.39,50.59,2.98,6.4548,92.45,1.95,41.61
2025-01-26,TATA RENEWABLES,Tumakuru,Solar,400.0,20.39,50.59,2.98,6.4548,92.45,2.91,61.66
2025-01-26,YARROW,Koppal,Solar,50.0,23.92,39.66,2.81,5.9582,95.02,0.41,8.85
2025-01-27,KOPPAL_AYANASIX_W,Koppal,Wind,50.0,23.99,43.16,2.41,5.6741,94.95,0.2,30.56
2025-01-27,KOPPAL_RENEWROSHNI_W,Koppal,Wind,73.0,23.99,43.16,2.41,5.6741,94.95,1.3,50.76
2025-01-27,KOPPAL SRI1PL,Koppal,Solar,120.0,23.99,43.16,2.41,5.6741,94.95,1.24,29.1
2025-01-27,IRCON SOLAR,Koppal,Solar,50.0,23.99,43.16,2.41,5.6741,94.95,-0.97,-11.39
2025-01-27,GADAG_VENA_W,Gadag,Wind,133.0,23.69,40.86,2.54,5.6566,94.26,0.34,19.98
2025-01-27,GADAG_VENA_S,Gadag,Solar,31.0,23.69,40.86,2.54,5.6566,94.26,0.0,0.0
2025-01-27,KOPPAL_RENEWOJAS_S,Koppal,Solar,81.0,23.99,43.16,2.41,5.6741,94.95,0.53,14.92
2025-01-27,All ADYAH,Tumakuru,Solar,300.0,20.85,57.86,2.58,6.3463,92.4,2.45,56.54
2025-01-27,AMPLUS PAVAGADA,Tumakuru,Solar,50.0,20.85,57.86,2.58,6.3463,92.4,0.39,9.15
2025-01-27,AMPLUS TUMKUR,Tumakuru,Solar,50.0,20.85,57.86,2.58,6.3463,92.4,0.4,9.14
2025-01-27,AVAADA SOLAR,Koppal,Solar,150.0,23.99,43.16,2.41,5.6741,94.95,1.13,25.95
2025-01-27,AVAADA SOLARISE,Koppal,Solar,150.0,23.99,43.16,2.41,5.6741,94.95,1.14,26.27
2025-01-27,AZURE POWER EARTH,Koppal,Solar,100.0,23.99,43.16,2.41,5.6741,94.95,0.79,18.41
2025-01-27,FORTUM FIN SURYA,Tumakuru,Solar,100.0,20.85,57.86,2.58,6.3463,92.4,0.71,16.49
2025-01-27,FORTUM SOLAR,Tumakuru,Solar,250.0,20.85,57.86,2.58,6.3463,92.4,0.36,8.41
2025-01-27,PARAMPUJYA,Tumakuru,Solar,150.0,20.85,57.86,2.58,6.3463,92.4,0.38,8.6
2025-01-27,RENEW TN2,Koppal,Solar,50.0,23.99,43.16,2.41,5.6741,94.95,1.48,35.02
2025-01-27,SBG ENERGY,Tumakuru,Solar,200.0,20.85,57.86,2.58,6.3463,92.4,1.89,43.5
2025-01-27,TATA RENEWABLES,Tumakuru,Solar,400.0,20.85,57.86,2.58,6.3463,92.4,2.82,64.48
2025-01-27,YARROW,Koppal,Solar,50.0,23.99,43.16,2.41,5.6741,94.95,0.4,9.25
2025-01-28,KOPPAL_AYANASIX_W,Koppal,Wind,50.0,24.29,43.9,2.25,5.3338,94.94,0.2,30.76
2025-01-28,KOPPAL_RENEWROSHNI_W,Koppal,Wind,73.0,24.29,43.9,2.25,5.3338,94.94,1.2,51.96
2025-01-28,KOPPAL SRI1PL,Koppal,Solar,120.0,24.29,43.9,2.25,5.3338,94.94,1.2,30.3
2025-01-28,IRCON SOLAR,Koppal,Solar,50.0,24.29,43.9,2.25,5.3338,94.94,-0.95,-12.34
2025-01-28,GADAG_VENA_W,Gadag,Wind,133.0,24.07,40.5,2.24,5.3954,94.25,0.42,20.4
2025-01-28,GADAG_VENA_S,Gadag,Solar,31.0,24.07,40.5,2.24,5.3954,94.25,0.0,0.0
2025-01-28,KOPPAL_RENEWOJAS_S,Koppal,Solar,81.0,24.29,43.9,2.25,5.3338,94.94,0.53,15.45
2025-01-28,All ADYAH,Tumakuru,Solar,300.0,21.63,57.21,2.26,5.5493,92.4,2.34,58.88
2025-01-28,AMPLUS PAVAGADA,Tumakuru,Solar,50.0,21.63,57.21,2.26,5.5493,92.4,0.38,9.53
2025-01-28,AMPLUS TUMKUR,Tumakuru,Solar,50.0,21.63,57.21,2.26,5.5493,92.4,0.38,9.52
2025-01-28,AVAADA SOLAR,Koppal,Solar,150.0,24.29,43.9,2.25,5.3338,94.94,1.09,27.04
2025-01-28,AVAADA SOLARISE,Koppal,Solar,150.0,24.29,43.9,2.25,5.3338,94.94,1.1,27.37
2025-01-28,AZURE POWER EARTH,Koppal,Solar,100.0,24.29,43.9,2.25,5.3338,94.94,0.77,19.18
2025-01-28,FORTUM FIN SURYA,Tumakuru,Solar,100.0,21.63,57.21,2.26,5.5493,92.4,0.68,17.17
2025-01-28,FORTUM SOLAR,Tumakuru,Solar,250.0,21.63,57.21,2.26,5.5493,92.4,0.35,8.76
2025-01-28,PARAMPUJYA,Tumakuru,Solar,150.0,21.63,57.21,2.26,5.5493,92.4,0.37,8.97
2025-01-28,RENEW TN2,Koppal,Solar,50.0,24.29,43.9,2.25,5.3338,94.94,1.46,36.48
2025-01-28,SBG ENERGY,Tumakuru,Solar,200.0,21.63,57.21,2.26,5.5493,92.4,1.82,45.32
2025-01-28,TATA RENEWABLES,Tumakuru,Solar,400.0,21.63,57.21,2.26,5.5493,92.4,2.54,67.02
2025-01-28,YARROW,Koppal,Solar,50.0,24.29,43.9,2.25,5.3338,94.94,0.39,9.64
2025-01-29,KOPPAL_AYANASIX_W,Koppal,Wind,50.0,23.97,46.45,2.98,5.7293,95.1,0.21,30.97
2025-01-29,KOPPAL_RENEWROSHNI_W,Koppal,Wind,73.0,23.97,46.45,2.98,5.7293,95.1,1.56,53.52
2025-01-29,KOPPAL SRI1PL,Koppal,Solar,120.0,23.97,46.45,2.98,5.7293,95.1,1.26,31.56
2025-01-29,IRCON SOLAR,Koppal,Solar,50.0,23.97,46.45,2.98,5.7293,95.1,-1.0,-13.34
2025-01-29,GADAG_VENA_W,Gadag,Wind,133.0,23.71,43.16,2.86,5.4862,94.4,0.9,21.3
2025-01-29,GADAG_VENA_S,Gadag,Solar,31.0,23.71,43.16,2.86,5.4862,94.4,0.0,0.0
2025-01-29,KOPPAL_RENEWOJAS_S,Koppal,Solar,81.0,23.97,46.45,2.98,5.7293,95.1,0.51,15.96
2025-01-29,All ADYAH,Tumakuru,Solar,300.0,21.87,54.51,2.61,6.2311,92.52,2.49,61.37
2025-01-29,AMPLUS PAVAGADA,Tumakuru,Solar,50.0,21.87,54.51,2.61,6.2311,92.52,0.4,9.93
2025-01-29,AMPLUS TUMKUR,Tumakuru,Solar,50.0,21.87,54.51,2.61,6.2311,92.52,0.4,9.92
2025-01-29,AVAADA SOLAR,Koppal,Solar,150.0,23.97,46.45,2.98,5.7293,95.1,1.15,28.19
2025-01-29,AVAADA SOLARISE,Koppal,Solar,150.0,23.97,46.45,2.98,5.7293,95.1,1.18,28.55
2025-01-29,AZURE POWER EARTH,Koppal,Solar,100.0,23.97,46.45,2.98,5.7293,95.1,0.8,19.98
2025-01-29,FORTUM FIN SURYA,Tumakuru,Solar,100.0,21.87,54.51,2.61,6.2311,92.52,0.72,17.89
2025-01-29,FORTUM SOLAR,Tumakuru,Solar,250.0,21.87,54.51,2.61,6.2311,92.52,0.38,9.14
2025-01-29,PARAMPUJYA,Tumakuru,Solar,150.0,21.87,54.51,2.61,6.2311,92.52,0.39,9.36
2025-01-29,RENEW TN2,Koppal,Solar,50.0,23.97,46.45,2.98,5.7293,95.1,1.52,38.0
2025-01-29,SBG ENERGY,Tumakuru,Solar,200.0,21.87,54.51,2.61,6.2311,92.52,1.87,47.19
2025-01-29,TATA RENEWABLES,Tumakuru,Solar,400.0,21.87,54.51,2.61,6.2311,92.52,2.76,69.78
2025-01-29,YARROW,Koppal,Solar,50.0,23.97,46.45,2.98,5.7293,95.1,0.4,10.04
2025-01-30,KOPPAL_AYANASIX_W,Koppal,Wind,50.0,23.88,44.21,2.35,5.971,95.0,0.22,31.19
2025-01-30,KOPPAL_RENEWROSHNI_W,Koppal,Wind,73.0,23.88,44.21,2.35,5.971,95.0,1.08,54.6
2025-01-30,KOPPAL SRI1PL,Koppal,Solar,120.0,23.88,44.21,2.35,5.971,95.0,1.32,32.88
2025-01-30,IRCON SOLAR,Koppal,Solar,50.0,23.88,44.21,2.35,5.971,95.0,-0.98,-14.32
2025-01-30,GADAG_VENA_W,Gadag,Wind,133.0,23.69,42.88,2.46,5.8834,94.32,0.58,21.88
2025-01-30,GADAG_VENA_S,Gadag,Solar,31.0,23.69,42.88,2.46,5.8834,94.32,0.0,0.0
2025-01-30,KOPPAL_RENEWOJAS_S,Koppal,Solar,81.0,23.88,44.21,2.35,5.971,95.0,0.55,16.51
2025-01-30,All ADYAH,Tumakuru,Solar,300.0,22.03,49.62,1.3,6.1637,92.44,2.43,63.8
2025-01-30,AMPLUS PAVAGADA,Tumakuru,Solar,50.0,22.03,49.62,1.3,6.1637,92.44,0.39,10.32
2025-01-30,AMPLUS TUMKUR,Tumakuru,Solar,50.0,22.03,49.62,1.3,6.1637,92.44,0.39,10.31
2025-01-30,AVAADA SOLAR,Koppal,Solar,150.0,23.88,44.21,2.35,5.971,95.0,1.12,29.31
2025-01-30,AVAADA SOLARISE,Koppal,Solar,150.0,23.88,44.21,2.35,5.971,95.0,1.12,29.67
2025-01-30,AZURE POWER EARTH,Koppal,Solar,100.0,23.88,44.21,2.35,5.971,95.0,0.78,20.76
2025-01-30,FORTUM FIN SURYA,Tumakuru,Solar,100.0,22.03,49.62,1.3,6.1637,92.44,0.7,18.59
2025-01-30,FORTUM SOLAR,Tumakuru,Solar,250.0,22.03,49.62,1.3,6.1637,92.44,0.36,9.5
2025-01-30,PARAMPUJYA,Tumakuru,Solar,150.0,22.03,49.62,1.3,6.1637,92.44,0.36,9.72
2025-01-30,RENEW TN2,Koppal,Solar,50.0,23.88,44.21,2.35,5.971,95.0,1.47,39.47
2025-01-30,SBG ENERGY,Tumakuru,Solar,200.0,22.03,49.62,1.3,6.1637,92.44,1.82,49.01
2025-01-30,TATA RENEWABLES,Tumakuru,Solar,400.0,22.03,49.62,1.3,6.1637,92.44,2.66,72.44
2025-01-30,YARROW,Koppal,Solar,50.0,23.88,44.21,2.35,5.971,95.0,0.39,10.43
2025-01-31,KOPPAL_AYANASIX_W,Koppal,Wind,50.0,24.78,27.09,1.62,6.1121,94.91,0.2,31.39
2025-01-31,KOPPAL_RENEWROSHNI_W,Koppal,Wind,73.0,24.78,27.09,1.62,6.1121,94.91,0.2,54.8
2025-01-31,KOPPAL SRI1PL,Koppal,Solar,120.0,24.78,27.09,1.62,6.1121,94.91,1.28,34.16
2025-01-31,IRCON SOLAR,Koppal,Solar,50.0,24.78,27.09,1.62,6.1121,94.91,-0.97,-15.29
2025-01-31,GADAG_VENA_W,Gadag,Wind,133.0,25.01,26.47,1.45,6.1066,94.22,0.32,22.2
2025-01-31,GADAG_VENA_S,Gadag,Solar,31.0,25.01,26.47,1.45,6.1066,94.22,0.0,0.0
2025-01-31,KOPPAL_RENEWOJAS_S,Koppal,Solar,81.0,24.78,27.09,1.62,6.1121,94.91,0.55,17.06
2025-01-31,All ADYAH,Tumakuru,Solar,300.0,23.89,58.19,1.91,6.2786,92.37,2.36,66.16
2025-01-31,AMPLUS PAVAGADA,Tumakuru,Solar,50.0,23.89,58.19,1.91,6.2786,92.37,0.38,10.7
2025-01-31,AMPLUS TUMKUR,Tumakuru,Solar,50.0,23.89,58.19,1.91,6.2786,92.37,0.37,10.68
2025-01-31,AVAADA SOLAR,Koppal,Solar,150.0,24.78,27.09,1.62,6.1121,94.91,1.08,30.39
2025-01-31,AVAADA SOLARISE,Koppal,Solar,150.0,24.78,27.09,1.62,6.1121,94.91,1.07,30.74
2025-01-31,AZURE POWER EARTH,Koppal,Solar,100.0,24.78,27.09,1.62,6.1121,94.91,0.77,21.53
2025-01-31,FORTUM FIN SURYA,Tumakuru,Solar,100.0,23.89,58.19,1.91,6.2786,92.37,0.69,19.28
2025-01-31,FORTUM SOLAR,Tumakuru,Solar,250.0,23.89,58.19,1.91,6.2786,92.37,0.35,9.85
2025-01-31,PARAMPUJYA,Tumakuru,Solar,150.0,23.89,58.19,1.91,6.2786,92.37,0.32,10.04
2025-01-31,RENEW TN2,Koppal,Solar,50.0,24.78,27.09,1.62,6.1121,94.91,1.44,40.91
2025-01-31,SBG ENERGY,Tumakuru,Solar,200.0,23.89,58.19,1.91,6.2786,92.37,1.83,50.84
2025-01-31,TATA RENEWABLES,Tumakuru,Solar,400.0,23.89,58.19,1.91,6.2786,92.37,2.62,75.06
2025-01-31,YARROW,Koppal,Solar,50.0,24.78,27.09,1.62,6.1121,94.91,0.39,10.82
2025-02-01,KOPPAL_AYANASIX_W,Koppal,Wind,50.0,25.01,39.25,1.75,6.0497,94.98,0.2,0.2
2025-02-01,KOPPAL_RENEWROSHNI_W,Koppal,Wind,73.0,25.01,39.25,1.75,6.0497,94.98,0.23,0.23
2025-02-01,KOPPAL SRI1PL,Koppal,Solar,120.0,25.01,39.25,1.75,6.0497,94.98,1.21,1.21
2025-02-01,IRCON SOLAR,Koppal,Solar,50.0,25.01,39.25,1.75,6.0497,94.98,1.0,1.0
2025-02-01,GADAG_VENA_W,Gadag,Wind,133.0,25.24,36.39,1.21,5.9246,94.29,0.46,0.46
2025-02-01,GADAG_VENA_S,Gadag,Solar,31.0,25.24,36.39,1.21,5.9246,94.29,0.03,0.03
2025-02-01,KOPPAL_RENEWOJAS_S,Koppal,Solar,81.0,25.01,39.25,1.75,6.0497,94.98,0.53,0.53
2025-02-01,All ADYAH,Tumakuru,Solar,300.0,24.65,57.48,2.42,6.1404,92.44,2.3,2.3
2025-02-01,AMPLUS PAVAGADA,Tumakuru,Solar,50.0,24.65,57.48,2.42,6.1404,92.44,0.39,0.39
2025-02-01,AMPLUS TUMKUR,Tumakuru,Solar,50.0,24.65,57.48,2.42,6.1404,92.44,0.38,0.38
2025-02-01,AVAADA SOLAR,Koppal,Solar,150.0,25.01,39.25,1.75,6.0497,94.98,1.09,1.09
2025-02-01,AVAADA SOLARISE,Koppal,Solar,150.0,25.01,39.25,1.75,6.0497,94.98,1.07,1.07
2025-02-01,AZURE POWER EARTH,Koppal,Solar,100.0,25.01,39.25,1.75,6.0497,94.98,0.75,0.75
2025-02-01,FORTUM FIN SURYA,Tumakuru,Solar,100.0,24.65,57.48,2.42,6.1404,92.44,0.67,0.67
2025-02-01,FORTUM SOLAR,Tumakuru,Solar,250.0,24.65,57.48,2.42,6.1404,92.44,0.35,0.35
2025-02-01,PARAMPUJYA,Tumakuru,Solar,150.0,24.65,57.48,2.42,6.1404,92.44,0.18,0.18
2025-02-01,RENEW TN2,Koppal,Solar,50.0,25.01,39.25,1.75,6.0497,94.98,1.43,1.43
2025-02-01,SBG ENERGY,Tumakuru,Solar,200.0,24.65,57.48,2.42,6.1404,92.44,1.78,1.78
2025-02-01,TATA RENEWABLES,Tumakuru,Solar,400.0,24.65,57.48,2.42,6.1404,92.44,2.63,2.63
2025-02-01,YARROW,Koppal,Solar,50.0,25.01,39.25,1.75,6.0497,94.98,0.39,0.39
2025-02-02,KOPPAL_AYANASIX_W,Koppal,Wind,50.0,25.52,37.87,2.51,5.8723,94.98,0.2,0.4
2025-02-02,KOPPAL_RENEWROSHNI_W,Koppal,Wind,73.0,25.52,37.87,2.51,5.8723,94.98,0.98,1.21
2025-02-02,KOPPAL SRI1PL,Koppal,Solar,120.0,25.52,37.87,2.51,5.8723,94.98,1.24,2.45
2025-02-02,IRCON SOLAR,Koppal,Solar,50.0,25.52,37.87,2.51,5.8723,94.98,1.15,2.15
2025-02-02,GADAG_VENA_W,Gadag,Wind,133.0,25.6,33.96,2.4,5.4,94.29,0.93,1.39
2025-02-02,GADAG_VENA_S,Gadag,Solar,31.0,25.6,33.96,2.4,5.4,94.29,0.08,0.11
2025-02-02,KOPPAL_RENEWOJAS_S,Koppal,Solar,81.0,25.52,37.87,2.51,5.8723,94.98,0.51,1.04
2025-02-02,All ADYAH,Tumakuru,Solar,300.0,23.99,48.51,2.68,6.3523,92.46,2.54,4.84
2025-02-02,AMPLUS PAVAGADA,Tumakuru,Solar,50.0,23.99,48.51,2.68,6.3523,92.46,0.41,0.8
2025-02-02,AMPLUS TUMKUR,Tumakuru,Solar,50.0,23.99,48.51,2.68,6.3523,92.46,0.41,0.79
2025-02-02,AVAADA SOLAR,Koppal,Solar,150.0,25.52,37.87,2.51,5.8723,94.98,1.16,2.25
2025-02-02,AVAADA SOLARISE,Koppal,Solar,150.0,25.52,37.87,2.51,5.8723,94.98,1.19,2.26
2025-02-02,AZURE POWER EARTH,Koppal,Solar,100.0,25.52,37.87,2.51,5.8723,94.98,0.39,1.14
2025-02-02,FORTUM FIN SURYA,Tumakuru,Solar,100.0,23.99,48.51,2.68,6.3523,92.46,0.74,1.41
2025-02-02,FORTUM SOLAR,Tumakuru,Solar,250.0,23.99,48.51,2.68,6.3523,92.46,0.38,0.73
2025-02-02,PARAMPUJYA,Tumakuru,Solar,150.0,23.99,48.51,2.68,6.3523,92.46,0.36,0.54
2025-02-02,RENEW TN2,Koppal,Solar,50.0,25.52,37.87,2.51,5.8723,94.98,1.54,2.97
2025-02-02,SBG ENERGY,Tumakuru,Solar,200.0,23.99,48.51,2.68,6.3523,92.46,1.97,3.75
2025-02-02,TATA RENEWABLES,Tumakuru,Solar,400.0,23.99,48.51,2.68,6.3523,92.46,2.82,5.45
2025-02-02,YARROW,Koppal,Solar,50.0,25.52,37.87,2.51,5.8723,94.98,0.42,0.81
2025-02-03,KOPPAL_AYANASIX_W,Koppal,Wind,50.0,25.3,34.78,2.88,6.4006,95.06,0.21,0.61
2025-02-03,KOPPAL_RENEWROSHNI_W,Koppal,Wind,73.0,25.3,34.78,2.88,6.4006,95.06,1.62,2.83
2025-02-03,KOPPAL SRI1PL,Koppal,Solar,120.0,25.3,34.78,2.88,6.4006,95.06,1.36,3.81
2025-02-03,IRCON SOLAR,Koppal,Solar,50.0,25.3,34.78,2.88,6.4006,95.06,-1.13,1.02
2025-02-03,GADAG_VENA_W,Gadag,Wind,133.0,24.91,32.53,2.73,6.2489,94.36,0.76,2.15
2025-02-03,GADAG_VENA_S,Gadag,Solar,31.0,24.91,32.53,2.73,6.2489,94.36,-0.11,0.0
2025-02-03,KOPPAL_RENEWOJAS_S,Koppal,Solar,81.0,25.3,34.78,2.88,6.4006,95.06,0.57,1.61
2025-02-03,All ADYAH,Tumakuru,Solar,300.0,23.08,43.04,2.46,6.7087,92.49,2.54,7.38
2025-02-03,AMPLUS PAVAGADA,Tumakuru,Solar,50.0,23.08,43.04,2.46,6.7087,92.49,0.41,1.21
2025-02-03,AMPLUS TUMKUR,Tumakuru,Solar,50.0,23.08,43.04,2.46,6.7087,92.49,0.41,1.2
2025-02-03,AVAADA SOLAR,Koppal,Solar,150.0,25.3,34.78,2.88,6.4006,95.06,1.17,3.42
2025-02-03,AVAADA SOLARISE,Koppal,Solar,150.0,25.3,34.78,2.88,6.4006,95.06,1.18,3.44
2025-02-03,AZURE POWER EARTH,Koppal,Solar,100.0,25.3,34.78,2.88,6.4006,95.06,0.81,1.95
2025-02-03,FORTUM FIN SURYA,Tumakuru,Solar,100.0,23.08,43.04,2.46,6.7087,92.49,0.73,2.14
2025-02-03,FORTUM SOLAR,Tumakuru,Solar,250.0,23.08,43.04,2.46,6.7087,92.49,0.38,1.11
2025-02-03,PARAMPUJYA,Tumakuru,Solar,150.0,23.08,43.04,2.46,6.7087,92.49,0.37,0.91
2025-02-03,RENEW TN2,Koppal,Solar,50.0,25.3,34.78,2.88,6.4006,95.06,1.54,4.51
2025-02-03,SBG ENERGY,Tumakuru,Solar,200.0,23.08,43.04,2.46,6.7087,92.49,1.96,5.71
2025-02-03,TATA RENEWABLES,Tumakuru,Solar,400.0,23.08,43.04,2.46,6.7087,92.49,2.81,8.26
2025-02-03,YARROW,Koppal,Solar,50.0,25.3,34.78,2.88,6.4006,95.06,0.41,1.22
2025-02-04,KOPPAL_AYANASIX_W,Koppal,Wind,50.0,25.71,32.51,2.74,6.2935,95.04,0.22,0.83
2025-02-04,KOPPAL_RENEWROSHNI_W,Koppal,Wind,73.0,25.71,32.51,2.74,6.2935,95.04,2.4,5.23
2025-02-04,KOPPAL SRI1PL,Koppal,Solar,120.0,25.71,32.51,2.74,6.2935,95.04,1.34,5.15
2025-02-04,IRCON SOLAR,Koppal,Solar,50.0,25.71,32.51,2.74,6.2935,95.04,-1.11,-0.09
2025-02-04,GADAG_VENA_W,Gadag,Wind,133.0,25.6,29.53,2.56,6.3343,94.36,0.96,3.11
2025-02-04,GADAG_VENA_S,Gadag,Solar,31.0,25.6,29.53,2.56,6.3343,94.36,-0.13,-0.13
2025-02-04,KOPPAL_RENEWOJAS_S,Koppal,Solar,81.0,25.71,32.51,2.74,6.2935,95.04,0.56,2.17
2025-02-04,All ADYAH,Tumakuru,Solar,300.0,23.6,38.48,2.56,6.5882,92.5,2.43,9.81
2025-02-04,AMPLUS PAVAGADA,Tumakuru,Solar,50.0,23.6,38.48,2.56,6.5882,92.5,0.39,1.6
2025-02-04,AMPLUS TUMKUR,Tumakuru,Solar,50.0,23.6,38.48,2.56,6.5882,92.5,0.39,1.59
2025-02-04,AVAADA SOLAR,Koppal,Solar,150.0,25.71,32.51,2.74,6.2935,95.04,1.12,4.54
2025-02-04,AVAADA SOLARISE,Koppal,Solar,150.0,25.71,32.51,2.74,6.2935,95.04,1.12,4.56
2025-02-04,AZURE POWER EARTH,Koppal,Solar,100.0,25.71,32.51,2.74,6.2935,95.04,0.78,2.73
2025-02-04,FORTUM FIN SURYA,Tumakuru,Solar,100.0,23.6,38.48,2.56,6.5882,92.5,0.7,2.84
2025-02-04,FORTUM SOLAR,Tumakuru,Solar,250.0,23.6,38.48,2.56,6.5882,92.5,0.36,1.47
2025-02-04,PARAMPUJYA,Tumakuru,Solar,150.0,23.6,38.48,2.56,6.5882,92.5,0.36,1.27
2025-02-04,RENEW TN2,Koppal,Solar,50.0,25.71,32.51,2.74,6.2935,95.04,1.49,6.0
2025-02-04,SBG ENERGY,Tumakuru,Solar,200.0,23.6,38.48,2.56,6.5882,92.5,1.88,7.59
2025-02-04,TATA RENEWABLES,Tumakuru,Solar,400.0,23.6,38.48,2.56,6.5882,92.5,2.68,10.94
2025-02-04,YARROW,Koppal,Solar,50.0,25.71,32.51,2.74,6.2935,95.04,0.39,1.61
2025-02-05,KOPPAL_AYANASIX_W,Koppal,Wind,50.0,26.02,35.01,2.71,6.0173,94.94,0.2,1.03
2025-02-05,KOPPAL_RENEWROSHNI_W,Koppal,Wind,73.0,26.02,35.01,2.71,6.0173,94.94,0.57,5.8
2025-02-05,KOPPAL SRI1PL,Koppal,Solar,120.0,26.02,35.01,2.71,6.0173,94.94,1.3,6.45
2025-02-05,IRCON SOLAR,Koppal,Solar,50.0,26.02,35.01,2.71,6.0173,94.94,-1.06,-1.15
2025-02-05,GADAG_VENA_W,Gadag,Wind,133.0,25.48,31.37,2.47,6.1615,94.26,0.71,3.82
2025-02-05,GADAG_VENA_S,Gadag,Solar,31.0,25.48,31.37,2.47,6.1615,94.26,-0.13,-0.26
2025-02-05,KOPPAL_RENEWOJAS_S,Koppal,Solar,81.0,26.02,35.01,2.71,6.0173,94.94,0.55,2.72
2025-02-05,All ADYAH,Tumakuru,Solar,300.0,23.7,43.83,2.93,6.3218,92.41,2.43,12.24
2025-02-05,AMPLUS PAVAGADA,Tumakuru,Solar,50.0,23.7,43.83,2.93,6.3218,92.41,0.39,1.99
2025-02-05,AMPLUS TUMKUR,Tumakuru,Solar,50.0,23.7,43.83,2.93,6.3218,92.41,0.39,1.98
2025-02-05,AVAADA SOLAR,Koppal,Solar,150.0,26.02,35.01,2.71,6.0173,94.94,1.12,5.66
2025-02-05,AVAADA SOLARISE,Koppal,Solar,150.0,26.02,35.01,2.71,6.0173,94.94,1.12,5.68
2025-02-05,AZURE POWER EARTH,Koppal,Solar,100.0,26.02,35.01,2.71,6.0173,94.94,0.78,3.51
2025-02-05,FORTUM FIN SURYA,Tumakuru,Solar,100.0,23.7,43.83,2.93,6.3218,92.41,0.71,3.55
2025-02-05,FORTUM SOLAR,Tumakuru,Solar,250.0,23.7,43.83,2.93,6.3218,92.41,0.36,1.83
2025-02-05,PARAMPUJYA,Tumakuru,Solar,150.0,23.7,43.83,2.93,6.3218,92.41,0.38,1.65
2025-02-05,RENEW TN2,Koppal,Solar,50.0,26.02,35.01,2.71,6.0173,94.94,1.49,7.49
2025-02-05,SBG ENERGY,Tumakuru,Solar,200.0,23.7,43.83,2.93,6.3218,92.41,1.88,9.47
2025-02-05,TATA RENEWABLES,Tumakuru,Solar,400.0,23.7,43.83,2.93,6.3218,92.41,2.68,13.62
2025-02-05,YARROW,Koppal,Solar,50.0,26.02,35.01,2.71,6.0173,94.94,0.36,1.97
2025-02-06,KOPPAL_AYANASIX_W,Koppal,Wind,50.0,26.15,37.25,2.9,5.8596,94.95,0.37,1.4
2025-02-06,KOPPAL_RENEWROSHNI_W,Koppal,Wind,73.0,26.15,37.25,2.9,5.8596,94.95,2.04,7.84
2025-02-06,KOPPAL SRI1PL,Koppal,Solar,120.0,26.15,37.25,2.9,5.8596,94.95,1.12,7.57
2025-02-06,IRCON SOLAR,Koppal,Solar,50.0,26.15,37.25,2.9,5.8596,94.95,-1.11,-2.26
2025-02-06,GADAG_VENA_W,Gadag,Wind,133.0,25.73,35.75,2.88,6.0782,94.26,1.04,4.86
2025-02-06,GADAG_VENA_S,Gadag,Solar,31.0,25.73,35.75,2.88,6.0782,94.26,-0.13,-0.39
2025-02-06,KOPPAL_RENEWOJAS_S,Koppal,Solar,81.0,26.15,37.25,2.9,5.8596,94.95,0.56,3.28
2025-02-06,All ADYAH,Tumakuru,Solar,300.0,23.64,45.52,3.02,6.4404,92.4,2.5,14.74
2025-02-06,AMPLUS PAVAGADA,Tumakuru,Solar,50.0,23.64,45.52,3.02,6.4404,92.4,0.4,2.39
2025-02-06,AMPLUS TUMKUR,Tumakuru,Solar,50.0,23.64,45.52,3.02,6.4404,92.4,0.4,2.38
2025-02-06,AVAADA SOLAR,Koppal,Solar,150.0,26.15,37.25,2.9,5.8596,94.95,1.15,6.81
2025-02-06,AVAADA SOLARISE,Koppal,Solar,150.0,26.15,37.25,2.9,5.8596,94.95,1.17,6.85
2025-02-06,AZURE POWER EARTH,Koppal,Solar,100.0,26.15,37.25,2.9,5.8596,94.95,0.8,4.31
2025-02-06,FORTUM FIN SURYA,Tumakuru,Solar,100.0,23.64,45.52,3.02,6.4404,92.4,0.72,4.27
2025-02-06,FORTUM SOLAR,Tumakuru,Solar,250.0,23.64,45.52,3.02,6.4404,92.4,0.37,2.2
2025-02-06,PARAMPUJYA,Tumakuru,Solar,150.0,23.64,45.52,3.02,6.4404,92.4,0.4,2.05
2025-02-06,RENEW TN2,Koppal,Solar,50.0,26.15,37.25,2.9,5.8596,94.95,1.53,9.02
2025-02-06,SBG ENERGY,Tumakuru,Solar,200.0,23.64,45.52,3.02,6.4404,92.4,1.93,11.4
2025-02-06,TATA RENEWABLES,Tumakuru,Solar,400.0,23.64,45.52,3.02,6.4404,92.4,2.74,16.36
2025-02-06,YARROW,Koppal,Solar,50.0,26.15,37.25,2.9,5.8596,94.95,0.41,2.38
2025-02-07,KOPPAL_AYANASIX_W,Koppal,Wind,50.0,26.28,40.08,2.83,5.7065,95.09,0.24,1.64
2025-02-07,KOPPAL_RENEWROSHNI_W,Koppal,Wind,73.0,26.28,40.08,2.83,5.7065,95.09,2.48,10.32
2025-02-07,KOPPAL SRI1PL,Koppal,Solar,120.0,26.28,40.08,2.83,5.7065,95.09,1.15,8.72
2025-02-07,IRCON SOLAR,Koppal,Solar,50.0,26.28,40.08,2.83,5.7065,95.09,-1.11,-3.37
2025-02-07,GADAG_VENA_W,Gadag,Wind,133.0,26.07,39.11,3.02,5.7953,94.4,0.97,5.83
2025-02-07,GADAG_VENA_S,Gadag,Solar,31.0,26.07,39.11,3.02,5.7953,94.4,-0.13,-0.52
2025-02-07,KOPPAL_RENEWOJAS_S,Koppal,Solar,81.0,26.28,40.08,2.83,5.7065,95.09,0.54,3.82
2025-02-07,All ADYAH,Tumakuru,Solar,300.0,23.81,46.82,3.09,6.48,92.53,2.48,17.22
2025-02-07,AMPLUS PAVAGADA,Tumakuru,Solar,50.0,23.81,46.82,3.09,6.48,92.53,0.4,2.79
2025-02-07,AMPLUS TUMKUR,Tumakuru,Solar,50.0,23.81,46.82,3.09,6.48,92.53,0.4,2.78
2025-02-07,AVAADA SOLAR,Koppal,Solar,150.0,26.28,40.08,2.83,5.7065,95.09,1.15,7.96
2025-02-07,AVAADA SOLARISE,Koppal,Solar,150.0,26.28,40.08,2.83,5.7065,95.09,1.16,8.01
2025-02-07,AZURE POWER EARTH,Koppal,Solar,100.0,26.28,40.08,2.83,5.7065,95.09,0.79,5.1
2025-02-07,FORTUM FIN SURYA,Tumakuru,Solar,100.0,23.81,46.82,3.09,6.48,92.53,0.72,4.99
2025-02-07,FORTUM SOLAR,Tumakuru,Solar,250.0,23.81,46.82,3.09,6.48,92.53,0.37,2.57
2025-02-07,PARAMPUJYA,Tumakuru,Solar,150.0,23.81,46.82,3.09,6.48,92.53,0.39,2.44
2025-02-07,RENEW TN2,Koppal,Solar,50.0,26.28,40.08,2.83,5.7065,95.09,1.52,10.54
2025-02-07,SBG ENERGY,Tumakuru,Solar,200.0,23.81,46.82,3.09,6.48,92.53,1.92,13.32
2025-02-07,TATA RENEWABLES,Tumakuru,Solar,400.0,23.81,46.82,3.09,6.48,92.53,2.78,19.14
2025-02-07,YARROW,Koppal,Solar,50.0,26.28,40.08,2.83,5.7065,95.09,0.41,2.79
2025-02-08,KOPPAL_AYANASIX_W,Koppal,Wind,50.0,26.04,36.24,2.43,5.5073,95.1,0.2,1.84
2025-02-08,KOPPAL_RENEWROSHNI_W,Koppal,Wind,73.0,26.04,36.24,2.43,5.5073,95.1,2.24,12.56
2025-02-08,KOPPAL SRI1PL,Koppal,Solar,120.0,26.04,36.24,2.43,5.5073,95.1,1.16,9.88
2025-02-08,IRCON SOLAR,Koppal,Solar,50.0,26.04,36.24,2.43,5.5073,95.1,-1.04,-4.41
2025-02-08,GADAG_VENA_W,Gadag,Wind,133.0,25.9,35.15,2.6,5.6669,94.41,1.11,6.94
2025-02-08,GADAG_VENA_S,Gadag,Solar,31.0,25.9,35.15,2.6,5.6669,94.41,-0.12,-0.64
2025-02-08,KOPPAL_RENEWOJAS_S,Koppal,Solar,81.0,26.04,36.24,2.43,5.5073,95.1,0.53,4.35
2025-02-08,All ADYAH,Tumakuru,Solar,300.0,24.04,46.03,3.1,6.0288,92.53,2.33,19.55
2025-02-08,AMPLUS PAVAGADA,Tumakuru,Solar,50.0,24.04,46.03,3.1,6.0288,92.53,0.38,3.17
2025-02-08,AMPLUS TUMKUR,Tumakuru,Solar,50.0,24.04,46.03,3.1,6.0288,92.53,0.38,3.16
2025-02-08,AVAADA SOLAR,Koppal,Solar,150.0,26.04,36.24,2.43,5.5073,95.1,1.09,9.05
2025-02-08,AVAADA SOLARISE,Koppal,Solar,150.0,26.04,36.24,2.43,5.5073,95.1,1.09,9.1
2025-02-08,AZURE POWER EARTH,Koppal,Solar,100.0,26.04,36.24,2.43,5.5073,95.1,0.76,5.86
2025-02-08,FORTUM FIN SURYA,Tumakuru,Solar,100.0,24.04,46.03,3.1,6.0288,92.53,0.67,5.66
2025-02-08,FORTUM SOLAR,Tumakuru,Solar,250.0,24.04,46.03,3.1,6.0288,92.53,0.35,2.92
2025-02-08,PARAMPUJYA,Tumakuru,Solar,150.0,24.04,46.03,3.1,6.0288,92.53,0.37,2.81
2025-02-08,RENEW TN2,Koppal,Solar,50.0,26.04,36.24,2.43,5.5073,95.1,1.45,11.99
2025-02-08,SBG ENERGY,Tumakuru,Solar,200.0,24.04,46.03,3.1,6.0288,92.53,1.82,15.14
2025-02-08,TATA RENEWABLES,Tumakuru,Solar,400.0,24.04,46.03,3.1,6.0288,92.53,2.65,21.79
2025-02-08,YARROW,Koppal,Solar,50.0,26.04,36.24,2.43,5.5073,95.1,0.38,3.17
2025-02-09,KOPPAL_AYANASIX_W,Koppal,Wind,50.0,26.02,41.02,2.75,5.5375,95.04,0.2,2.04
2025-02-09,KOPPAL_RENEWROSHNI_W,Koppal,Wind,73.0,26.02,41.02,2.75,5.5375,95.04,2.14,14.7
2025-02-09,KOPPAL SRI1PL,Koppal,Solar,120.0,26.02,41.02,2.75,5.5375,95.04,1.12,11.0
2025-02-09,IRCON SOLAR,Koppal,Solar,50.0,26.02,41.02,2.75,5.5375,95.04,-1.02,-5.43
2025-02-09,GADAG_VENA_W,Gadag,Wind,133.0,25.72,38.39,2.73,5.453,94.36,0.96,7.9
2025-02-09,GADAG_VENA_S,Gadag,Solar,31.0,25.72,38.39,2.73,5.453,94.36,-0.12,-0.76
2025-02-09,KOPPAL_RENEWOJAS_S,Koppal,Solar,81.0,26.02,41.02,2.75,5.5375,95.04,0.52,4.87
2025-02-09,All ADYAH,Tumakuru,Solar,300.0,24.13,51.28,3.11,5.7938,92.5,2.27,21.82
2025-02-09,AMPLUS PAVAGADA,Tumakuru,Solar,50.0,24.13,51.28,3.11,5.7938,92.5,0.37,3.54
2025-02-09,AMPLUS TUMKUR,Tumakuru,Solar,50.0,24.13,51.28,3.11,5.7938,92.5,0.37,3.53
2025-02-09,AVAADA SOLAR,Koppal,Solar,150.0,26.02,41.02,2.75,5.5375,95.04,1.06,10.11
2025-02-09,AVAADA SOLARISE,Koppal,Solar,150.0,26.02,41.02,2.75,5.5375,95.04,1.06,10.16
2025-02-09,AZURE POWER EARTH,Koppal,Solar,100.0,26.02,41.02,2.75,5.5375,95.04,0.75,6.61
2025-02-09,FORTUM FIN SURYA,Tumakuru,Solar,100.0,24.13,51.28,3.11,5.7938,92.5,0.66,6.32
2025-02-09,FORTUM SOLAR,Tumakuru,Solar,250.0,24.13,51.28,3.11,5.7938,92.5,0.34,3.26
2025-02-09,PARAMPUJYA,Tumakuru,Solar,150.0,24.13,51.28,3.11,5.7938,92.5,0.36,3.17
2025-02-09,RENEW TN2,Koppal,Solar,50.0,26.02,41.02,2.75,5.5375,95.04,1.44,13.43
2025-02-09,SBG ENERGY,Tumakuru,Solar,200.0,24.13,51.28,3.11,5.7938,92.5,1.79,16.93
2025-02-09,TATA RENEWABLES,Tumakuru,Solar,400.0,24.13,51.28,3.11,5.7938,92.5,2.6,24.39
2025-02-09,YARROW,Koppal,Solar,50.0,26.02,41.02,2.75,5.5375,95.04,0.37,3.54
2025-02-10,KOPPAL_AYANASIX_W,Koppal,Wind,50.0,26.33,45.57,2.46,5.5282,95.14,0.2,2.2
2025-02-10,KOPPAL_RENEWROSHNI_W,Koppal,Wind,73.0,26.33,45.57,2.46,5.5282,95.14,1.55,15.32
2025-02-10,KOPPAL SRI1PL,Koppal,Solar,120.0,26.33,45.57,2.46,5.5282,95.14,1.18,12.21
2025-02-10,IRCON SOLAR,Koppal,Solar,50.0,26.33,45.57,2.46,5.5282,95.14,1.08,-2.16
2025-02-10,GADAG_VENA_W,Gadag,Wind,133.0,26.15,44.13,2.56,5.3688,94.45,0.86,8.65
2025-02-10,GADAG_VENA_S,Gadag,Solar,31.0,26.15,44.13,2.56,5.3688,94.45,-0.12,-0.87
2025-02-10,KOPPAL_RENEWOJAS_S,Koppal,Solar,81.0,26.33,45.57,2.46,5.5282,95.14,0.54,5.41
2025-02-10,All ADYAH,Tumakuru,Solar,300.0,23.63,52.6,2.85,6.0346,92.59,2.41,24.16
2025-02-10,AMPLUS PAVAGADA,Tumakuru,Solar,50.0,23.63,52.6,2.85,6.0346,92.59,0.39,3.92
2025-02-10,AMPLUS TUMKUR,Tumakuru,Solar,50.0,23.63,52.6,2.85,6.0346,92.59,0.39,3.91
2025-02-10,AVAADA SOLAR,Koppal,Solar,150.0,26.33,45.57,2.46,5.5282,95.14,1.13,11.22
2025-02-10,AVAADA SOLARISE,Koppal,Solar,150.0,26.33,45.57,2.46,5.5282,95.14,1.14,11.28
2025-02-10,AZURE POWER EARTH,Koppal,Solar,100.0,26.33,45.57,2.46,5.5282,95.14,0.78,7.38
2025-02-10,FORTUM FIN SURYA,Tumakuru,Solar,100.0,23.63,52.6,2.85,6.0346,92.59,0.7,7.0
2025-02-10,FORTUM SOLAR,Tumakuru,Solar,250.0,23.63,52.6,2.85,6.0346,92.59,0.36,3.61
2025-02-10,PARAMPUJYA,Tumakuru,Solar,150.0,23.63,52.6,2.85,6.0346,92.59,0.38,3.54
2025-02-10,RENEW TN2,Koppal,Solar,50.0,26.33,45.57,2.46,5.5282,95.14,1.5,14.91
2025-02-10,SBG ENERGY,Tumakuru,Solar,200.0,23.63,52.6,2.85,6.0346,92.59,1.89,18.79
2025-02-10,TATA RENEWABLES,Tumakuru,Solar,400.0,23.63,52.6,2.85,6.0346,92.59,2.76,27.13
2025-02-10,YARROW,Koppal,Solar,50.0,26.33,45.57,2.46,5.5282,95.14,0.39,3.91
2025-02-11,KOPPAL_AYANASIX_W,Koppal,Wind,50.0,26.06,43.43,2.3,5.8267,95.17,0.2,2.4
2025-02-11,KOPPAL_RENEWROSHNI_W,Koppal,Wind,73.0,26.06,43.43,2.3,5.8267,95.17,1.55,16.87
2025-02-11,KOPPAL SRI1PL,Koppal,Solar,120.0,26.06,43.43,2.3,5.8267,95.17,1.18,13.39
2025-02-11,IRCON SOLAR,Koppal,Solar,50.0,26.06,43.43,2.3,5.8267,95.17,-1.24,-3.4
2025-02-11,GADAG_VENA_W,Gadag,Wind,133.0,26.0,41.57,2.27,5.5562,94.49,0.64,9.29
2025-02-11,GADAG_VENA_S,Gadag,Solar,31.0,26.0,41.57,2.27,5.5562,94.49,0.13,-0.74
2025-02-11,KOPPAL_RENEWOJAS_S,Koppal,Solar,81.0,26.06,43.43,2.3,5.8267,95.17,0.54,5.95
2025-02-11,All ADYAH,Tumakuru,Solar,300.0,23.8,44.49,2.55,6.7416,92.61,0.42,24.58
2025-02-11,AMPLUS PAVAGADA,Tumakuru,Solar,50.0,23.8,44.49,2.55,6.7416,92.61,0.41,4.33
2025-02-11,AMPLUS TUMKUR,Tumakuru,Solar,50.0,23.8,44.49,2.55,6.7416,92.61,0.41,4.32
2025-02-11,AVAADA SOLAR,Koppal,Solar,150.0,26.06,43.43,2.3,5.8267,95.17,1.17,12.39
2025-02-11,AVAADA SOLARISE,Koppal,Solar,150.0,26.06,43.43,2.3,5.8267,95.17,1.2,12.48
2025-02-11,AZURE POWER EARTH,Koppal,Solar,100.0,26.06,43.43,2.3,5.8267,95.17,0.81,8.19
2025-02-11,FORTUM FIN SURYA,Tumakuru,Solar,100.0,23.8,44.49,2.55,6.7416,92.61,0.24,7.24
2025-02-11,FORTUM SOLAR,Tumakuru,Solar,250.0,23.8,44.49,2.55,6.7416,92.61,0.37,3.98
2025-02-11,PARAMPUJYA,Tumakuru,Solar,150.0,23.8,44.49,2.55,6.7416,92.61,0.39,3.93
2025-02-11,RENEW TN2,Koppal,Solar,50.0,26.06,43.43,2.3,5.8267,95.17,1.56,16.47
2025-02-11,SBG ENERGY,Tumakuru,Solar,200.0,23.8,44.49,2.55,6.7416,92.61,1.56,20.35
2025-02-11,TATA RENEWABLES,Tumakuru,Solar,400.0,23.8,44.49,2.55,6.7416,92.61,2.86,29.99
2025-02-11,YARROW,Koppal,Solar,50.0,26.06,43.43,2.3,5.8267,95.17,0.41,4.32
2025-02-12,KOPPAL_AYANASIX_W,Koppal,Wind,50.0,26.23,32.63,1.92,5.8956,95.15,0.2,2.6
2025-02-12,KOPPAL_RENEWROSHNI_W,Koppal,Wind,73.0,26.23,32.63,1.92,5.8956,95.15,0.53,17.4
2025-02-12,KOPPAL SRI1PL,Koppal,Solar,120.0,26.23,32.63,1.92,5.8956,95.15,1.28,14.67
2025-02-12,IRCON SOLAR,Koppal,Solar,50.0,26.23,32.63,1.92,5.8956,95.15,-1.14,-4.54
2025-02-12,GADAG_VENA_W,Gadag,Wind,133.0,26.29,30.24,2.04,5.8195,94.47,0.49,9.78
2025-02-12,GADAG_VENA_S,Gadag,Solar,31.0,26.29,30.24,2.04,5.8195,94.47,-0.13,-0.87
2025-02-12,KOPPAL_RENEWOJAS_S,Koppal,Solar,81.0,26.23,32.63,1.92,5.8956,95.15,0.55,6.5
2025-02-12,All ADYAH,Tumakuru,Solar,300.0,24.22,41.35,2.83,6.6638,92.6,2.47,27.05
2025-02-12,AMPLUS PAVAGADA,Tumakuru,Solar,50.0,24.22,41.35,2.83,6.6638,92.6,0.4,4.73
2025-02-12,AMPLUS TUMKUR,Tumakuru,Solar,50.0,24.22,41.35,2.83,6.6638,92.6,0.4,4.72
2025-02-12,AVAADA SOLAR,Koppal,Solar,150.0,26.23,32.63,1.92,5.8956,95.15,1.14,13.53
2025-02-12,AVAADA SOLARISE,Koppal,Solar,150.0,26.23,32.63,1.92,5.8956,95.15,1.15,13.63
2025-02-12,AZURE POWER EARTH,Koppal,Solar,100.0,26.23,32.63,1.92,5.8956,95.15,0.8,8.99
2025-02-12,FORTUM FIN SURYA,Tumakuru,Solar,100.0,24.22,41.35,2.83,6.6638,92.6,0.71,7.95
2025-02-12,FORTUM SOLAR,Tumakuru,Solar,250.0,24.22,41.35,2.83,6.6638,92.6,0.36,4.34
2025-02-12,PARAMPUJYA,Tumakuru,Solar,150.0,24.22,41.35,2.83,6.6638,92.6,0.39,4.32
2025-02-12,RENEW TN2,Koppal,Solar,50.0,26.23,32.63,1.92,5.8956,95.15,1.52,17.99
2025-02-12,SBG ENERGY,Tumakuru,Solar,200.0,24.22,41.35,2.83,6.6638,92.6,1.92,22.27
2025-02-12,TATA RENEWABLES,Tumakuru,Solar,400.0,24.22,41.35,2.83,6.6638,92.6,2.8,32.79
2025-02-12,YARROW,Koppal,Solar,50.0,26.23,32.63,1.92,5.8956,95.15,0.4,4.72
2025-02-13,KOPPAL_AYANASIX_W,Koppal,Wind,50.0,26.51,28.56,1.8,6.1126,95.13,0.2,2.8
2025-02-13,KOPPAL_RENEWROSHNI_W,Koppal,Wind,73.0,26.51,28.56,1.8,6.1126,95.13,0.45,17.85
2025-02-13,KOPPAL SRI1PL,Koppal,Solar,120.0,26.51,28.56,1.8,6.1126,95.13,1.27,15.94
2025-02-13,IRCON SOLAR,Koppal,Solar,50.0,26.51,28.56,1.8,6.1126,95.13,-1.1,-5.64
2025-02-13,GADAG_VENA_W,Gadag,Wind,133.0,26.5,26.91,2.03,6.1027,94.45,0.31,10.09
2025-02-13,GADAG_VENA_S,Gadag,Solar,31.0,26.5,26.91,2.03,6.1027,94.45,-0.13,-1.0
2025-02-13,KOPPAL_RENEWOJAS_S,Koppal,Solar,81.0,26.51,28.56,1.8,6.1126,95.13,0.55,7.05
2025-02-13,All ADYAH,Tumakuru,Solar,300.0,24.61,37.77,2.64,6.558,92.58,2.39,29.44
2025-02-13,AMPLUS PAVAGADA,Tumakuru,Solar,50.0,24.61,37.77,2.64,6.558,92.58,0.39,5.12
2025-02-13,AMPLUS TUMKUR,Tumakuru,Solar,50.0,24.61,37.77,2.64,6.558,92.58,0.39,5.11
2025-02-13,AVAADA SOLAR,Koppal,Solar,150.0,26.51,28.56,1.8,6.1126,95.13,1.11,14.64
2025-02-13,AVAADA SOLARISE,Koppal,Solar,150.0,26.51,28.56,1.8,6.1126,95.13,1.13,14.76
2025-02-13,AZURE POWER EARTH,Koppal,Solar,100.0,26.51,28.56,1.8,6.1126,95.13,0.78,9.77
2025-02-13,FORTUM FIN SURYA,Tumakuru,Solar,100.0,24.61,37.77,2.64,6.558,92.58,0.7,8.65
2025-02-13,FORTUM SOLAR,Tumakuru,Solar,250.0,24.61,37.77,2.64,6.558,92.58,0.37,4.71
2025-02-13,PARAMPUJYA,Tumakuru,Solar,150.0,24.61,37.77,2.64,6.558,92.58,0.39,4.71
2025-02-13,RENEW TN2,Koppal,Solar,50.0,26.51,28.56,1.8,6.1126,95.13,1.49,19.48
2025-02-13,SBG ENERGY,Tumakuru,Solar,200.0,24.61,37.77,2.64,6.558,92.58,1.89,24.16
2025-02-13,TATA RENEWABLES,Tumakuru,Solar,400.0,24.61,37.77,2.64,6.558,92.58,2.74,35.53
2025-02-13,YARROW,Koppal,Solar,50.0,26.51,28.56,1.8,6.1126,95.13,0.4,5.12
2025-02-14,KOPPAL_AYANASIX_W,Koppal,Wind,50.0,25.58,22.71,2.17,6.1111,95.11,0.2,3.0
2025-02-14,KOPPAL_RENEWROSHNI_W,Koppal,Wind,73.0,25.58,22.71,2.17,6.1111,95.11,0.3,18.15
2025-02-14,KOPPAL SRI1PL,Koppal,Solar,120.0,25.58,22.71,2.17,6.1111,95.11,1.06,17.0
2025-02-14,IRCON SOLAR,Koppal,Solar,50.0,25.58,22.71,2.17,6.1111,95.11,1.04,-4.6
2025-02-14,GADAG_VENA_W,Gadag,Wind,133.0,25.45,20.27,2.4,6.2323,94.44,0.22,10.31
2025-02-14,GADAG_VENA_S,Gadag,Solar,31.0,25.45,20.27,2.4,6.2323,94.44,0.13,-0.87
2025-02-14,KOPPAL_RENEWOJAS_S,Koppal,Solar,81.0,25.58,22.71,2.17,6.1111,95.11,0.53,7.58
2025-02-14,All ADYAH,Tumakuru,Solar,300.0,24.7,35.39,2.14,6.4018,92.53,2.31,31.75
2025-02-14,AMPLUS PAVAGADA,Tumakuru,Solar,50.0,24.7,35.39,2.14,6.4018,92.53,0.38,5.5
2025-02-14,AMPLUS TUMKUR,Tumakuru,Solar,50.0,24.7,35.39,2.14,6.4018,92.53,0.38,5.49
2025-02-14,AVAADA SOLAR,Koppal,Solar,150.0,25.58,22.71,2.17,6.1111,95.11,1.06,15.7
2025-02-14,AVAADA SOLARISE,Koppal,Solar,150.0,25.58,22.71,2.17,6.1111,95.11,1.09,15.85
2025-02-14,AZURE POWER EARTH,Koppal,Solar,100.0,25.58,22.71,2.17,6.1111,95.11,0.76,10.53
2025-02-14,FORTUM FIN SURYA,Tumakuru,Solar,100.0,24.7,35.39,2.14,6.4018,92.53,0.67,9.32
2025-02-14,FORTUM SOLAR,Tumakuru,Solar,250.0,24.7,35.39,2.14,6.4018,92.53,0.35,5.06
2025-02-14,PARAMPUJYA,Tumakuru,Solar,150.0,24.7,35.39,2.14,6.4018,92.53,0.38,5.09
2025-02-14,RENEW TN2,Koppal,Solar,50.0,25.58,22.71,2.17,6.1111,95.11,1.44,20.92
2025-02-14,SBG ENERGY,Tumakuru,Solar,200.0,24.7,35.39,2.14,6.4018,92.53,1.83,25.99
2025-02-14,TATA RENEWABLES,Tumakuru,Solar,400.0,24.7,35.39,2.14,6.4018,92.53,2.68,38.21
2025-02-14,YARROW,Koppal,Solar,50.0,25.58,22.71,2.17,6.1111,95.11,0.38,5.5
2025-02-15,KOPPAL_AYANASIX_W,Koppal,Wind,50.0,25.72,20.3,2.48,6.4718,95.02,0.2,3.2
2025-02-15,KOPPAL_RENEWROSHNI_W,Koppal,Wind,73.0,25.72,20.3,2.48,6.4718,95.02,0.97,19.12
2025-02-15,KOPPAL SRI1PL,Koppal,Solar,120.0,25.72,20.3,2.48,6.4718,95.02,1.3,18.3
2025-02-15,IRCON SOLAR,Koppal,Solar,50.0,25.72,20.3,2.48,6.4718,95.02,-1.08,-5.68
2025-02-15,GADAG_VENA_W,Gadag,Wind,133.0,25.68,20.14,2.66,6.5453,94.35,0.43,10.74
2025-02-15,GADAG_VENA_S,Gadag,Solar,31.0,25.68,20.14,2.66,6.5453,94.35,-0.14,-1.01
2025-02-15,KOPPAL_RENEWOJAS_S,Koppal,Solar,81.0,25.72,20.3,2.48,6.4718,95.02,0.56,8.14
2025-02-15,All ADYAH,Tumakuru,Solar,300.0,24.66,37.9,2.61,6.4229,92.46,2.35,34.1
2025-02-15,AMPLUS PAVAGADA,Tumakuru,Solar,50.0,24.66,37.9,2.61,6.4229,92.46,0.35,5.85
2025-02-15,AMPLUS TUMKUR,Tumakuru,Solar,50.0,24.66,37.9,2.61,6.4229,92.46,0.38,5.87
2025-02-15,AVAADA SOLAR,Koppal,Solar,150.0,25.72,20.3,2.48,6.4718,95.02,1.09,16.79
2025-02-15,AVAADA SOLARISE,Koppal,Solar,150.0,25.72,20.3,2.48,6.4718,95.02,1.09,16.94
2025-02-15,AZURE POWER EARTH,Koppal,Solar,100.0,25.72,20.3,2.48,6.4718,95.02,0.77,11.3
2025-02-15,FORTUM FIN SURYA,Tumakuru,Solar,100.0,24.66,37.9,2.61,6.4229,92.46,0.67,9.99
2025-02-15,FORTUM SOLAR,Tumakuru,Solar,250.0,24.66,37.9,2.61,6.4229,92.46,0.33,5.39
2025-02-15,PARAMPUJYA,Tumakuru,Solar,150.0,24.66,37.9,2.61,6.4229,92.46,0.37,5.46
2025-02-15,RENEW TN2,Koppal,Solar,50.0,25.72,20.3,2.48,6.4718,95.02,1.47,22.39
2025-02-15,SBG ENERGY,Tumakuru,Solar,200.0,24.66,37.9,2.61,6.4229,92.46,1.85,27.84
2025-02-15,TATA RENEWABLES,Tumakuru,Solar,400.0,24.66,37.9,2.61,6.4229,92.46,2.67,40.88
2025-02-15,YARROW,Koppal,Solar,50.0,25.72,20.3,2.48,6.4718,95.02,0.38,5.88
2025-02-16,KOPPAL_AYANASIX_W,Koppal,Wind,50.0,25.8,24.69,2.12,6.5311,95.07,0.21,3.41
2025-02-16,KOPPAL_RENEWROSHNI_W,Koppal,Wind,73.0,25.8,24.69,2.12,6.5311,95.07,0.86,19.98
2025-02-16,KOPPAL SRI1PL,Koppal,Solar,120.0,25.8,24.69,2.12,6.5311,95.07,1.35,19.65
2025-02-16,IRCON SOLAR,Koppal,Solar,50.0,25.8,24.69,2.12,6.5311,95.07,-1.14,-6.82
2025-02-16,GADAG_VENA_W,Gadag,Wind,133.0,25.75,21.67,2.28,6.5683,94.39,0.6,11.34
2025-02-16,GADAG_VENA_S,Gadag,Solar,31.0,25.75,21.67,2.28,6.5683,94.39,-0.14,-1.15
2025-02-16,KOPPAL_RENEWOJAS_S,Koppal,Solar,81.0,25.8,24.69,2.12,6.5311,95.07,0.56,8.7
2025-02-16,All ADYAH,Tumakuru,Solar,300.0,24.48,42.7,2.92,6.7582,92.51,2.23,36.33
2025-02-16,AMPLUS PAVAGADA,Tumakuru,Solar,50.0,24.48,42.7,2.92,6.7582,92.51,0.39,6.24
2025-02-16,AMPLUS TUMKUR,Tumakuru,Solar,50.0,24.48,42.7,2.92,6.7582,92.51,0.4,6.27
2025-02-16,AVAADA SOLAR,Koppal,Solar,150.0,25.8,24.69,2.12,6.5311,95.07,1.13,17.92
2025-02-16,AVAADA SOLARISE,Koppal,Solar,150.0,25.8,24.69,2.12,6.5311,95.07,1.15,18.09
2025-02-16,AZURE POWER EARTH,Koppal,Solar,100.0,25.8,24.69,2.12,6.5311,95.07,0.74,12.04
2025-02-16,FORTUM FIN SURYA,Tumakuru,Solar,100.0,24.48,42.7,2.92,6.7582,92.51,0.71,10.7
2025-02-16,FORTUM SOLAR,Tumakuru,Solar,250.0,24.48,42.7,2.92,6.7582,92.51,0.36,5.75
2025-02-16,PARAMPUJYA,Tumakuru,Solar,150.0,24.48,42.7,2.92,6.7582,92.51,0.4,5.86
2025-02-16,RENEW TN2,Koppal,Solar,50.0,25.8,24.69,2.12,6.5311,95.07,1.52,23.91
2025-02-16,SBG ENERGY,Tumakuru,Solar,200.0,24.48,42.7,2.92,6.7582,92.51,1.88,29.72
2025-02-16,TATA RENEWABLES,Tumakuru,Solar,400.0,24.48,42.7,2.92,6.7582,92.51,2.77,43.65
2025-02-16,YARROW,Koppal,Solar,50.0,25.8,24.69,2.12,6.5311,95.07,0.4,6.28
2025-02-17,KOPPAL_AYANASIX_W,Koppal,Wind,50.0,26.46,30.12,1.97,6.427,95.13,0.2,3.61
2025-02-17,KOPPAL_RENEWROSHNI_W,Koppal,Wind,73.0,26.46,30.12,1.97,6.427,95.13,0.62,20.92
2025-02-17,KOPPAL SRI1PL,Koppal,Solar,120.0,26.46,30.12,1.97,6.427,95.13,1.28,21.15
2025-02-17,IRCON SOLAR,Koppal,Solar,50.0,26.46,30.12,1.97,6.427,95.13,1.13,-5.6
2025-02-17,GADAG_VENA_W,Gadag,Wind,133.0,26.66,24.62,1.89,6.3852,94.45,0.58,12.28
2025-02-17,GADAG_VENA_S,Gadag,Solar,31.0,26.66,24.62,1.89,6.3852,94.45,0.14,-1.0
2025-02-17,KOPPAL_RENEWOJAS_S,Koppal,Solar,81.0,26.46,30.12,1.97,6.427,95.13,0.55,9.27
2025-02-17,All ADYAH,Tumakuru,Solar,300.0,25.03,45.56,3.31,6.7514,92.6,2.22,38.46
2025-02-17,AMPLUS PAVAGADA,Tumakuru,Solar,50.0,25.03,45.56,3.31,6.7514,92.6,0.4,6.66
2025-02-17,AMPLUS TUMKUR,Tumakuru,Solar,50.0,25.03,45.56,3.31,6.7514,92.6,0.39,6.67
2025-02-17,AVAADA SOLAR,Koppal,Solar,150.0,26.46,30.12,1.97,6.427,95.13,1.13,19.12
2025-02-17,AVAADA SOLARISE,Koppal,Solar,150.0,26.46,30.12,1.97,6.427,95.13,1.14,19.28
2025-02-17,AZURE POWER EARTH,Koppal,Solar,100.0,26.46,30.12,1.97,6.427,95.13,0.78,12.84
2025-02-17,FORTUM FIN SURYA,Tumakuru,Solar,100.0,25.03,45.56,3.31,6.7514,92.6,0.7,11.43
2025-02-17,FORTUM SOLAR,Tumakuru,Solar,250.0,25.03,45.56,3.31,6.7514,92.6,0.36,6.12
2025-02-17,PARAMPUJYA,Tumakuru,Solar,150.0,25.03,45.56,3.31,6.7514,92.6,0.39,6.26
2025-02-17,RENEW TN2,Koppal,Solar,50.0,26.46,30.12,1.97,6.427,95.13,1.51,25.49
2025-02-17,SBG ENERGY,Tumakuru,Solar,200.0,25.03,45.56,3.31,6.7514,92.6,1.9,31.69
2025-02-17,TATA RENEWABLES,Tumakuru,Solar,400.0,25.03,45.56,3.31,6.7514,92.6,2.75,46.47
2025-02-17,YARROW,Koppal,Solar,50.0,26.46,30.12,1.97,6.427,95.13,0.39,6.68
2025-02-18,KOPPAL_AYANASIX_W,Koppal,Wind,50.0,27.33,34.23,1.84,6.3235,95.09,0.2,3.81
2025-02-18,KOPPAL_RENEWROSHNI_W,Koppal,Wind,73.0,27.33,34.23,1.84,6.3235,95.09,0.16,21.08
2025-02-18,KOPPAL SRI1PL,Koppal,Solar,120.0,27.33,34.23,1.84,6.3235,95.09,1.27,22.42
2025-02-18,IRCON SOLAR,Koppal,Solar,50.0,27.33,34.23,1.84,6.3235,95.09,-1.1,-6.7
2025-02-18,GADAG_VENA_W,Gadag,Wind,133.0,27.22,30.73,1.68,6.2338,94.42,0.48,12.76
2025-02-18,GADAG_VENA_S,Gadag,Solar,31.0,27.22,30.73,1.68,6.2338,94.42,-0.13,-1.13
2025-02-18,KOPPAL_RENEWOJAS_S,Koppal,Solar,81.0,27.33,34.23,1.84,6.3235,95.09,0.53,9.8
2025-02-18,All ADYAH,Tumakuru,Solar,300.0,25.43,44.33,2.89,6.7078,92.59,2.37,40.83
2025-02-18,AMPLUS PAVAGADA,Tumakuru,Solar,50.0,25.43,44.33,2.89,6.7078,92.59,0.39,7.05
2025-02-18,AMPLUS TUMKUR,Tumakuru,Solar,50.0,25.43,44.33,2.89,6.7078,92.59,0.39,7.06
2025-02-18,AVAADA SOLAR,Koppal,Solar,150.0,27.33,34.23,1.84,6.3235,95.09,1.1,20.22
2025-02-18,AVAADA SOLARISE,Koppal,Solar,150.0,27.33,34.23,1.84,6.3235,95.09,1.11,20.39
2025-02-18,AZURE POWER EARTH,Koppal,Solar,100.0,27.33,34.23,1.84,6.3235,95.09,0.78,13.62
2025-02-18,FORTUM FIN SURYA,Tumakuru,Solar,100.0,25.43,44.33,2.89,6.7078,92.59,0.69,12.12
2025-02-18,FORTUM SOLAR,Tumakuru,Solar,250.0,25.43,44.33,2.89,6.7078,92.59,0.35,6.47
2025-02-18,PARAMPUJYA,Tumakuru,Solar,150.0,25.43,44.33,2.89,6.7078,92.59,0.37,6.63
2025-02-18,RENEW TN2,Koppal,Solar,50.0,27.33,34.23,1.84,6.3235,95.09,1.49,26.98
2025-02-18,SBG ENERGY,Tumakuru,Solar,200.0,25.43,44.33,2.89,6.7078,92.59,1.87,33.56
2025-02-18,TATA RENEWABLES,Tumakuru,Solar,400.0,25.43,44.33,2.89,6.7078,92.59,2.71,49.18
2025-02-18,YARROW,Koppal,Solar,50.0,27.33,34.23,1.84,6.3235,95.09,0.38,7.06
2025-02-19,KOPPAL_AYANASIX_W,Koppal,Wind,50.0,27.66,30.92,1.32,6.012,94.94,0.2,4.01
2025-02-19,KOPPAL_RENEWROSHNI_W,Koppal,Wind,73.0,27.66,30.92,1.32,6.012,94.94,0.24,21.32
2025-02-19,KOPPAL SRI1PL,Koppal,Solar,120.0,27.66,30.92,1.32,6.012,94.94,1.06,23.48
2025-02-19,IRCON SOLAR,Koppal,Solar,50.0,27.66,30.92,1.32,6.012,94.94,-1.07,-7.77
2025-02-19,GADAG_VENA_W,Gadag,Wind,133.0,28.07,28.56,0.73,5.7742,94.28,0.32,13.08
2025-02-19,GADAG_VENA_S,Gadag,Solar,31.0,28.07,28.56,0.73,5.7742,94.28,-0.11,-1.24
2025-02-19,KOPPAL_RENEWOJAS_S,Koppal,Solar,81.0,27.66,30.92,1.32,6.012,94.94,0.47,10.27
2025-02-19,All ADYAH,Tumakuru,Solar,300.0,26.2,38.34,2.5,6.5652,92.43,2.27,43.1
2025-02-19,AMPLUS PAVAGADA,Tumakuru,Solar,50.0,26.2,38.34,2.5,6.5652,92.43,0.38,7.43
2025-02-19,AMPLUS TUMKUR,Tumakuru,Solar,50.0,26.2,38.34,2.5,6.5652,92.43,0.37,7.43
2025-02-19,AVAADA SOLAR,Koppal,Solar,150.0,27.66,30.92,1.32,6.012,94.94,1.06,21.28
2025-02-19,AVAADA SOLARISE,Koppal,Solar,150.0,27.66,30.92,1.32,6.012,94.94,1.08,21.47
2025-02-19,AZURE POWER EARTH,Koppal,Solar,100.0,27.66,30.92,1.32,6.012,94.94,0.51,14.13
2025-02-19,FORTUM FIN SURYA,Tumakuru,Solar,100.0,26.2,38.34,2.5,6.5652,92.43,0.67,12.79
2025-02-19,FORTUM SOLAR,Tumakuru,Solar,250.0,26.2,38.34,2.5,6.5652,92.43,0.23,6.7
2025-02-19,PARAMPUJYA,Tumakuru,Solar,150.0,26.2,38.34,2.5,6.5652,92.43,0.36,6.99
2025-02-19,RENEW TN2,Koppal,Solar,50.0,27.66,30.92,1.32,6.012,94.94,1.46,28.44
2025-02-19,SBG ENERGY,Tumakuru,Solar,200.0,26.2,38.34,2.5,6.5652,92.43,1.81,35.37
2025-02-19,TATA RENEWABLES,Tumakuru,Solar,400.0,26.2,38.34,2.5,6.5652,92.43,2.65,51.83
2025-02-19,YARROW,Koppal,Solar,50.0,27.66,30.92,1.32,6.012,94.94,0.36,7.42
2025-02-20,KOPPAL_AYANASIX_W,Koppal,Wind,50.0,28.11,33.36,1.76,5.6844,95.01,0.2,4.21
2025-02-20,KOPPAL_RENEWROSHNI_W,Koppal,Wind,73.0,28.11,33.36,1.76,5.6844,95.01,0.19,21.51
2025-02-20,KOPPAL SRI1PL,Koppal,Solar,120.0,28.11,33.36,1.76,5.6844,95.01,1.05,24.53
2025-02-20,IRCON SOLAR,Koppal,Solar,50.0,28.11,33.36,1.76,5.6844,95.01,-1.02,-8.79
2025-02-20,GADAG_VENA_W,Gadag,Wind,133.0,28.34,31.38,1.79,5.5174,94.34,0.32,13.4
2025-02-20,GADAG_VENA_S,Gadag,Solar,31.0,28.34,31.38,1.79,5.5174,94.34,-0.12,-1.36
2025-02-20,KOPPAL_RENEWOJAS_S,Koppal,Solar,81.0,28.11,33.36,1.76,5.6844,95.01,0.43,10.7
2025-02-20,All ADYAH,Tumakuru,Solar,300.0,27.03,40.6,2.97,6.2218,92.48,2.19,45.29
2025-02-20,AMPLUS PAVAGADA,Tumakuru,Solar,50.0,27.03,40.6,2.97,6.2218,92.48,0.37,7.8
2025-02-20,AMPLUS TUMKUR,Tumakuru,Solar,50.0,27.03,40.6,2.97,6.2218,92.48,0.36,7.79
2025-02-20,AVAADA SOLAR,Koppal,Solar,150.0,28.11,33.36,1.76,5.6844,95.01,1.03,22.31
2025-02-20,AVAADA SOLARISE,Koppal,Solar,150.0,28.11,33.36,1.76,5.6844,95.01,1.04,22.51
2025-02-20,AZURE POWER EARTH,Koppal,Solar,100.0,28.11,33.36,1.76,5.6844,95.01,0.74,14.87
2025-02-20,FORTUM FIN SURYA,Tumakuru,Solar,100.0,27.03,40.6,2.97,6.2218,92.48,0.64,13.43
2025-02-20,FORTUM SOLAR,Tumakuru,Solar,250.0,27.03,40.6,2.97,6.2218,92.48,0.33,7.03
2025-02-20,PARAMPUJYA,Tumakuru,Solar,150.0,27.03,40.6,2.97,6.2218,92.48,0.36,7.35
2025-02-20,RENEW TN2,Koppal,Solar,50.0,28.11,33.36,1.76,5.6844,95.01,1.42,29.86
2025-02-20,SBG ENERGY,Tumakuru,Solar,200.0,27.03,40.6,2.97,6.2218,92.48,1.77,37.14
2025-02-20,TATA RENEWABLES,Tumakuru,Solar,400.0,27.03,40.6,2.97,6.2218,92.48,2.55,54.38
2025-02-20,YARROW,Koppal,Solar,50.0,28.11,33.36,1.76,5.6844,95.01,0.36,7.78
2025-02-21,KOPPAL_AYANASIX_W,Koppal,Wind,50.0,28.02,40.46,2.19,5.6976,95.15,0.2,4.41
2025-02-21,KOPPAL_RENEWROSHNI_W,Koppal,Wind,73.0,28.02,40.46,2.19,5.6976,95.15,0.52,22.03
2025-02-21,KOPPAL SRI1PL,Koppal,Solar,120.0,28.02,40.46,2.19,5.6976,95.15,1.05,25.58
2025-02-21,IRCON SOLAR,Koppal,Solar,50.0,28.02,40.46,2.19,5.6976,95.15,-1.02,-9.81
2025-02-21,GADAG_VENA_W,Gadag,Wind,133.0,28.3,37.15,2.43,5.4281,94.47,0.6,14.0
2025-02-21,GADAG_VENA_S,Gadag,Solar,31.0,28.3,37.15,2.43,5.4281,94.47,-0.13,-1.49
2025-02-21,KOPPAL_RENEWOJAS_S,Koppal,Solar,81.0,28.02,40.46,2.19,5.6976,95.15,0.45,11.15
2025-02-21,All ADYAH,Tumakuru,Solar,300.0,26.77,43.21,3.31,6.204,92.6,2.19,47.48
2025-02-21,AMPLUS PAVAGADA,Tumakuru,Solar,50.0,26.77,43.21,3.31,6.204,92.6,0.36,8.16
2025-02-21,AMPLUS TUMKUR,Tumakuru,Solar,50.0,26.77,43.21,3.31,6.204,92.6,0.36,8.15
2025-02-21,AVAADA SOLAR,Koppal,Solar,150.0,28.02,40.46,2.19,5.6976,95.15,1.04,23.35
2025-02-21,AVAADA SOLARISE,Koppal,Solar,150.0,28.02,40.46,2.19,5.6976,95.15,1.03,23.54
2025-02-21,AZURE POWER EARTH,Koppal,Solar,100.0,28.02,40.46,2.19,5.6976,95.15,0.61,15.48
2025-02-21,FORTUM FIN SURYA,Tumakuru,Solar,100.0,26.77,43.21,3.31,6.204,92.6,0.63,14.06
2025-02-21,FORTUM SOLAR,Tumakuru,Solar,250.0,26.77,43.21,3.31,6.204,92.6,0.33,7.36
2025-02-21,PARAMPUJYA,Tumakuru,Solar,150.0,26.77,43.21,3.31,6.204,92.6,0.35,7.7
2025-02-21,RENEW TN2,Koppal,Solar,50.0,28.02,40.46,2.19,5.6976,95.15,1.41,31.27
2025-02-21,SBG ENERGY,Tumakuru,Solar,200.0,26.77,43.21,3.31,6.204,92.6,1.67,38.81
2025-02-21,TATA RENEWABLES,Tumakuru,Solar,400.0,26.77,43.21,3.31,6.204,92.6,2.54,56.92
2025-02-21,YARROW,Koppal,Solar,50.0,28.02,40.46,2.19,5.6976,95.15,0.36,8.14
2025-02-22,KOPPAL_AYANASIX_W,Koppal,Wind,50.0,28.08,37.0,2.37,5.9338,95.22,0.2,4.61
2025-02-22,KOPPAL_RENEWROSHNI_W,Koppal,Wind,73.0,28.08,37.0,2.37,5.9338,95.22,0.42,22.45
2025-02-22,KOPPAL SRI1PL,Koppal,Solar,120.0,28.08,37.0,2.37,5.9338,95.22,1.04,26.62
2025-02-22,IRCON SOLAR,Koppal,Solar,50.0,28.08,37.0,2.37,5.9338,95.22,-1.08,-10.89
2025-02-22,GADAG_VENA_W,Gadag,Wind,133.0,28.17,33.73,2.6,5.4554,94.54,0.39,14.39
2025-02-22,GADAG_VENA_S,Gadag,Solar,31.0,28.17,33.73,2.6,5.4554,94.54,-0.12,-1.61
2025-02-22,KOPPAL_RENEWOJAS_S,Koppal,Solar,81.0,28.08,37.0,2.37,5.9338,95.22,0.43,11.58
2025-02-22,All ADYAH,Tumakuru,Solar,300.0,26.34,44.35,3.27,6.432,92.68,2.25,49.73
2025-02-22,AMPLUS PAVAGADA,Tumakuru,Solar,50.0,26.34,44.35,3.27,6.432,92.68,0.38,8.54
2025-02-22,AMPLUS TUMKUR,Tumakuru,Solar,50.0,26.34,44.35,3.27,6.432,92.68,0.38,8.53
2025-02-22,AVAADA SOLAR,Koppal,Solar,150.0,28.08,37.0,2.37,5.9338,95.22,1.08,24.43
2025-02-22,AVAADA SOLARISE,Koppal,Solar,150.0,28.08,37.0,2.37,5.9338,95.22,1.08,24.62
2025-02-22,AZURE POWER EARTH,Koppal,Solar,100.0,28.08,37.0,2.37,5.9338,95.22,0.75,16.23
2025-02-22,FORTUM FIN SURYA,Tumakuru,Solar,100.0,26.34,44.35,3.27,6.432,92.68,0.66,14.72
2025-02-22,FORTUM SOLAR,Tumakuru,Solar,250.0,26.34,44.35,3.27,6.432,92.68,0.34,7.7
2025-02-22,PARAMPUJYA,Tumakuru,Solar,150.0,26.34,44.35,3.27,6.432,92.68,0.36,8.06
2025-02-22,RENEW TN2,Koppal,Solar,50.0,28.08,37.0,2.37,5.9338,95.22,1.45,32.72
2025-02-22,SBG ENERGY,Tumakuru,Solar,200.0,26.34,44.35,3.27,6.432,92.68,1.82,40.63
2025-02-22,TATA RENEWABLES,Tumakuru,Solar,400.0,26.34,44.35,3.27,6.432,92.68,2.62,59.54
2025-02-22,YARROW,Koppal,Solar,50.0,28.08,37.0,2.37,5.9338,95.22,0.37,8.51
2025-02-23,KOPPAL_AYANASIX_W,Koppal,Wind,50.0,27.05,27.86,2.68,6.1927,95.24,0.2,4.81
2025-02-23,KOPPAL_RENEWROSHNI_W,Koppal,Wind,73.0,27.05,27.86,2.68,6.1927,95.24,0.65,23.1
2025-02-23,KOPPAL SRI1PL,Koppal,Solar,120.0,27.05,27.86,2.68,6.1927,95.24,1.14,27.76
2025-02-23,IRCON SOLAR,Koppal,Solar,50.0,27.05,27.86,2.68,6.1927,95.24,-1.07,-11.96
2025-02-23,GADAG_VENA_W,Gadag,Wind,133.0,27.05,25.59,2.75,5.7106,94.56,0.56,14.95
2025-02-23,GADAG_VENA_S,Gadag,Solar,31.0,27.05,25.59,2.75,5.7106,94.56,-0.12,-1.73
2025-02-23,KOPPAL_RENEWOJAS_S,Koppal,Solar,81.0,27.05,27.86,2.68,6.1927,95.24,0.45,12.03
2025-02-23,All ADYAH,Tumakuru,Solar,300.0,25.62,37.65,3.54,6.1994,92.68,2.28,52.01
2025-02-23,AMPLUS PAVAGADA,Tumakuru,Solar,50.0,25.62,37.65,3.54,6.1994,92.68,0.39,8.93
2025-02-23,AMPLUS TUMKUR,Tumakuru,Solar,50.0,25.62,37.65,3.54,6.1994,92.68,0.38,8.91
2025-02-23,AVAADA SOLAR,Koppal,Solar,150.0,27.05,27.86,2.68,6.1927,95.24,1.1,25.53
2025-02-23,AVAADA SOLARISE,Koppal,Solar,150.0,27.05,27.86,2.68,6.1927,95.24,1.11,25.73
2025-02-23,AZURE POWER EARTH,Koppal,Solar,100.0,27.05,27.86,2.68,6.1927,95.24,0.75,16.98
2025-02-23,FORTUM FIN SURYA,Tumakuru,Solar,100.0,25.62,37.65,3.54,6.1994,92.68,0.69,15.41
2025-02-23,FORTUM SOLAR,Tumakuru,Solar,250.0,25.62,37.65,3.54,6.1994,92.68,0.35,8.05
2025-02-23,PARAMPUJYA,Tumakuru,Solar,150.0,25.62,37.65,3.54,6.1994,92.68,0.38,8.44
2025-02-23,RENEW TN2,Koppal,Solar,50.0,27.05,27.86,2.68,6.1927,95.24,1.47,34.19
2025-02-23,SBG ENERGY,Tumakuru,Solar,200.0,25.62,37.65,3.54,6.1994,92.68,1.84,42.47
2025-02-23,TATA RENEWABLES,Tumakuru,Solar,400.0,25.62,37.65,3.54,6.1994,92.68,2.64,62.18
2025-02-23,YARROW,Koppal,Solar,50.0,27.05,27.86,2.68,6.1927,95.24,0.38,8.89
2025-02-24,KOPPAL_AYANASIX_W,Koppal,Wind,50.0,26.32,26.76,3.27,6.7848,95.28,0.21,5.02
2025-02-24,KOPPAL_RENEWROSHNI_W,Koppal,Wind,73.0,26.32,26.76,3.27,6.7848,95.28,1.88,24.98
2025-02-24,KOPPAL SRI1PL,Koppal,Solar,120.0,26.32,26.76,3.27,6.7848,95.28,1.32,29.08
2025-02-24,IRCON SOLAR,Koppal,Solar,50.0,26.32,26.76,3.27,6.7848,95.28,-1.2,-13.16
2025-02-24,GADAG_VENA_W,Gadag,Wind,133.0,26.22,23.79,3.56,6.7476,94.59,1.08,16.03
2025-02-24,GADAG_VENA_S,Gadag,Solar,31.0,26.22,23.79,3.56,6.7476,94.59,-0.14,-1.87
2025-02-24,KOPPAL_RENEWOJAS_S,Koppal,Solar,81.0,26.32,26.76,3.27,6.7848,95.28,0.56,12.59
2025-02-24,All ADYAH,Tumakuru,Solar,300.0,25.35,34.88,3.75,7.0102,92.67,2.42,54.43
2025-02-24,AMPLUS PAVAGADA,Tumakuru,Solar,50.0,25.35,34.88,3.75,7.0102,92.67,0.4,9.33
2025-02-24,AMPLUS TUMKUR,Tumakuru,Solar,50.0,25.35,34.88,3.75,7.0102,92.67,0.4,9.31
2025-02-24,AVAADA SOLAR,Koppal,Solar,150.0,26.32,26.76,3.27,6.7848,95.28,1.16,26.69
2025-02-24,AVAADA SOLARISE,Koppal,Solar,150.0,26.32,26.76,3.27,6.7848,95.28,1.17,26.9
2025-02-24,AZURE POWER EARTH,Koppal,Solar,100.0,26.32,26.76,3.27,6.7848,95.28,0.8,17.78
2025-02-24,FORTUM FIN SURYA,Tumakuru,Solar,100.0,25.35,34.88,3.75,7.0102,92.67,0.71,16.12
2025-02-24,FORTUM SOLAR,Tumakuru,Solar,250.0,25.35,34.88,3.75,7.0102,92.67,0.37,8.42
2025-02-24,PARAMPUJYA,Tumakuru,Solar,150.0,25.35,34.88,3.75,7.0102,92.67,0.4,8.84
2025-02-24,RENEW TN2,Koppal,Solar,50.0,26.32,26.76,3.27,6.7848,95.28,1.54,35.73
2025-02-24,SBG ENERGY,Tumakuru,Solar,200.0,25.35,34.88,3.75,7.0102,92.67,1.94,44.41
2025-02-24,TATA RENEWABLES,Tumakuru,Solar,400.0,25.35,34.88,3.75,7.0102,92.67,2.81,64.99
2025-02-24,YARROW,Koppal,Solar,50.0,26.32,26.76,3.27,6.7848,95.28,0.4,9.29
2025-02-25,KOPPAL_AYANASIX_W,Koppal,Wind,50.0,26.2,37.05,3.03,5.953,95.36,0.21,5.23
2025-02-25,KOPPAL_RENEWROSHNI_W,Koppal,Wind,73.0,26.2,37.05,3.03,5.953,95.36,3.04,28.02
2025-02-25,KOPPAL SRI1PL,Koppal,Solar,120.0,26.2,37.05,3.03,5.953,95.36,0.87,29.95
2025-02-25,IRCON SOLAR,Koppal,Solar,50.0,26.2,37.05,3.03,5.953,95.36,1.16,-12.0
2025-02-25,GADAG_VENA_W,Gadag,Wind,133.0,26.08,34.19,3.33,5.0585,94.66,1.28,17.31
2025-02-25,GADAG_VENA_S,Gadag,Solar,31.0,26.08,34.19,3.33,5.0585,94.66,-0.13,-2.0
2025-02-25,KOPPAL_RENEWOJAS_S,Koppal,Solar,81.0,26.2,37.05,3.03,5.953,95.36,0.4,12.99
2025-02-25,All ADYAH,Tumakuru,Solar,300.0,25.02,39.05,3.48,6.702,92.77,2.32,56.75
2025-02-25,AMPLUS PAVAGADA,Tumakuru,Solar,50.0,25.02,39.05,3.48,6.702,92.77,0.39,9.72
2025-02-25,AMPLUS TUMKUR,Tumakuru,Solar,50.0,25.02,39.05,3.48,6.702,92.77,0.39,9.7
2025-02-25,AVAADA SOLAR,Koppal,Solar,150.0,26.2,37.05,3.03,5.953,95.36,1.1,27.79
2025-02-25,AVAADA SOLARISE,Koppal,Solar,150.0,26.2,37.05,3.03,5.953,95.36,1.13,28.03
2025-02-25,AZURE POWER EARTH,Koppal,Solar,100.0,26.2,37.05,3.03,5.953,95.36,0.77,18.55
2025-02-25,FORTUM FIN SURYA,Tumakuru,Solar,100.0,25.02,39.05,3.48,6.702,92.77,0.69,16.81
2025-02-25,FORTUM SOLAR,Tumakuru,Solar,250.0,25.02,39.05,3.48,6.702,92.77,0.36,8.78
2025-02-25,PARAMPUJYA,Tumakuru,Solar,150.0,25.02,39.05,3.48,6.702,92.77,0.39,9.23
2025-02-25,RENEW TN2,Koppal,Solar,50.0,26.2,37.05,3.03,5.953,95.36,1.5,37.23
2025-02-25,SBG ENERGY,Tumakuru,Solar,200.0,25.02,39.05,3.48,6.702,92.77,1.88,46.29
2025-02-25,TATA RENEWABLES,Tumakuru,Solar,400.0,25.02,39.05,3.48,6.702,92.77,2.72,67.71
2025-02-25,YARROW,Koppal,Solar,50.0,26.2,37.05,3.03,5.953,95.36,0.38,9.67
2025-02-26,KOPPAL_AYANASIX_W,Koppal,Wind,50.0,26.92,41.06,3.5,6.2438,95.34,0.2,5.43
2025-02-26,KOPPAL_RENEWROSHNI_W,Koppal,Wind,73.0,26.92,41.06,3.5,6.2438,95.34,3.77,31.79
2025-02-26,KOPPAL SRI1PL,Koppal,Solar,120.0,26.92,41.06,3.5,6.2438,95.34,1.29,31.24
2025-02-26,IRCON SOLAR,Koppal,Solar,50.0,26.92,41.06,3.5,6.2438,95.34,-1.28,-13.28
2025-02-26,GADAG_VENA_W,Gadag,Wind,133.0,26.77,37.3,3.71,6.468,94.64,1.42,18.73
2025-02-26,GADAG_VENA_S,Gadag,Solar,31.0,26.77,37.3,3.71,6.468,94.64,-0.15,-2.15
2025-02-26,KOPPAL_RENEWOJAS_S,Koppal,Solar,81.0,26.92,41.06,3.5,6.2438,95.34,0.6,13.59
2025-02-26,All ADYAH,Tumakuru,Solar,300.0,25.63,43.74,3.9,6.828,92.74,2.44,59.19
2025-02-26,AMPLUS PAVAGADA,Tumakuru,Solar,50.0,25.63,43.74,3.9,6.828,92.74,0.41,10.13
2025-02-26,AMPLUS TUMKUR,Tumakuru,Solar,50.0,25.63,43.74,3.9,6.828,92.74,0.41,10.11
2025-02-26,AVAADA SOLAR,Koppal,Solar,150.0,26.92,41.06,3.5,6.2438,95.34,1.19,28.98
2025-02-26,AVAADA SOLARISE,Koppal,Solar,150.0,26.92,41.06,3.5,6.2438,95.34,1.19,29.22
2025-02-26,AZURE POWER EARTH,Koppal,Solar,100.0,26.92,41.06,3.5,6.2438,95.34,0.81,19.36
2025-02-26,FORTUM FIN SURYA,Tumakuru,Solar,100.0,25.63,43.74,3.9,6.828,92.74,0.74,17.55
2025-02-26,FORTUM SOLAR,Tumakuru,Solar,250.0,25.63,43.74,3.9,6.828,92.74,0.38,9.16
2025-02-26,PARAMPUJYA,Tumakuru,Solar,150.0,25.63,43.74,3.9,6.828,92.74,0.41,9.64
2025-02-26,RENEW TN2,Koppal,Solar,50.0,26.92,41.06,3.5,6.2438,95.34,1.56,38.79
2025-02-26,SBG ENERGY,Tumakuru,Solar,200.0,25.63,43.74,3.9,6.828,92.74,1.99,48.28
2025-02-26,TATA RENEWABLES,Tumakuru,Solar,400.0,25.63,43.74,3.9,6.828,92.74,2.87,70.58
2025-02-26,YARROW,Koppal,Solar,50.0,26.92,41.06,3.5,6.2438,95.34,0.41,10.08
2025-02-27,KOPPAL_AYANASIX_W,Koppal,Wind,50.0,26.86,42.95,2.89,6.1766,95.2,0.2,5.63
2025-02-27,KOPPAL_RENEWROSHNI_W,Koppal,Wind,73.0,26.86,42.95,2.89,6.1766,95.2,2.56,34.35
2025-02-27,KOPPAL SRI1PL,Koppal,Solar,120.0,26.86,42.95,2.89,6.1766,95.2,1.3,32.54
2025-02-27,IRCON SOLAR,Koppal,Solar,50.0,26.86,42.95,2.89,6.1766,95.2,-1.17,-14.45
2025-02-27,GADAG_VENA_W,Gadag,Wind,133.0,26.99,40.16,3.26,6.3007,94.51,0.92,19.65
2025-02-27,GADAG_VENA_S,Gadag,Solar,31.0,26.99,40.16,3.26,6.3007,94.51,-0.14,-2.29
2025-02-27,KOPPAL_RENEWOJAS_S,Koppal,Solar,81.0,26.86,42.95,2.89,6.1766,95.2,0.91,14.5
2025-02-27,All ADYAH,Tumakuru,Solar,300.0,25.46,40.43,3.45,6.4951,92.6,2.3,61.49
2025-02-27,AMPLUS PAVAGADA,Tumakuru,Solar,50.0,25.46,40.43,3.45,6.4951,92.6,0.39,10.52
2025-02-27,AMPLUS TUMKUR,Tumakuru,Solar,50.0,25.46,40.43,3.45,6.4951,92.6,0.39,10.5
2025-02-27,AVAADA SOLAR,Koppal,Solar,150.0,26.86,42.95,2.89,6.1766,95.2,1.12,30.1
2025-02-27,AVAADA SOLARISE,Koppal,Solar,150.0,26.86,42.95,2.89,6.1766,95.2,1.11,30.33
2025-02-27,AZURE POWER EARTH,Koppal,Solar,100.0,26.86,42.95,2.89,6.1766,95.2,0.77,20.13
2025-02-27,FORTUM FIN SURYA,Tumakuru,Solar,100.0,25.46,40.43,3.45,6.4951,92.6,0.69,18.24
2025-02-27,FORTUM SOLAR,Tumakuru,Solar,250.0,25.46,40.43,3.45,6.4951,92.6,0.35,9.51
2025-02-27,PARAMPUJYA,Tumakuru,Solar,150.0,25.46,40.43,3.45,6.4951,92.6,0.38,10.02
2025-02-27,RENEW TN2,Koppal,Solar,50.0,26.86,42.95,2.89,6.1766,95.2,1.5,40.29
2025-02-27,SBG ENERGY,Tumakuru,Solar,200.0,25.46,40.43,3.45,6.4951,92.6,1.88,50.16
2025-02-27,TATA RENEWABLES,Tumakuru,Solar,400.0,25.46,40.43,3.45,6.4951,92.6,2.7,73.28
2025-02-27,YARROW,Koppal,Solar,50.0,26.86,42.95,2.89,6.1766,95.2,0.38,10.46
2025-02-28,KOPPAL_AYANASIX_W,Koppal,Wind,50.0,27.59,40.72,3.09,6.018,95.09,0.22,5.85
2025-02-28,KOPPAL_RENEWROSHNI_W,Koppal,Wind,73.0,27.59,40.72,3.09,6.018,95.09,2.09,36.44
2025-02-28,KOPPAL SRI1PL,Koppal,Solar,120.0,27.59,40.72,3.09,6.018,95.09,1.34,33.88
2025-02-28,IRCON SOLAR,Koppal,Solar,50.0,27.59,40.72,3.09,6.018,95.09,-1.1,-15.55
2025-02-28,GADAG_VENA_W,Gadag,Wind,133.0,27.54,38.29,3.13,5.9446,94.39,0.87,20.52
2025-02-28,GADAG_VENA_S,Gadag,Solar,31.0,27.54,38.29,3.13,5.9446,94.39,-0.14,-2.43
2025-02-28,KOPPAL_RENEWOJAS_S,Koppal,Solar,81.0,27.59,40.72,3.09,6.018,95.09,1.02,15.52
2025-02-28,All ADYAH,Tumakuru,Solar,300.0,25.63,38.04,3.12,6.2611,92.52,2.29,63.78
2025-02-28,AMPLUS PAVAGADA,Tumakuru,Solar,50.0,25.63,38.04,3.12,6.2611,92.52,0.39,10.91
2025-02-28,AMPLUS TUMKUR,Tumakuru,Solar,50.0,25.63,38.04,3.12,6.2611,92.52,0.39,10.89
2025-02-28,AVAADA SOLAR,Koppal,Solar,150.0,27.59,40.72,3.09,6.018,95.09,1.12,31.22
2025-02-28,AVAADA SOLARISE,Koppal,Solar,150.0,27.59,40.72,3.09,6.018,95.09,1.12,31.45
2025-02-28,AZURE POWER EARTH,Koppal,Solar,100.0,27.59,40.72,3.09,6.018,95.09,0.77,20.9
2025-02-28,FORTUM FIN SURYA,Tumakuru,Solar,100.0,25.63,38.04,3.12,6.2611,92.52,0.68,18.92
2025-02-28,FORTUM SOLAR,Tumakuru,Solar,250.0,25.63,38.04,3.12,6.2611,92.52,0.36,9.87
2025-02-28,PARAMPUJYA,Tumakuru,Solar,150.0,25.63,38.04,3.12,6.2611,92.52,0.37,10.39
2025-02-28,RENEW TN2,Koppal,Solar,50.0,27.59,40.72,3.09,6.018,95.09,1.5,41.79
2025-02-28,SBG ENERGY,Tumakuru,Solar,200.0,25.63,38.04,3.12,6.2611,92.52,1.82,51.98
2025-02-28,TATA RENEWABLES,Tumakuru,Solar,400.0,25.63,38.04,3.12,6.2611,92.52,2.69,75.97
2025-02-28,YARROW,Koppal,Solar,50.0,27.59,40.72,3.09,6.018,95.09,0.38,10.84
2025-03-01,KOPPAL_AYANASIX_W,Koppal,Wind,50.0,27.76,35.18,3.04,6.8038,95.02,0.2,0.2
2025-03-01,KOPPAL_RENEWROSHNI_W,Koppal,Wind,73.0,27.76,35.18,3.04,6.8038,95.02,2.04,2.04
2025-03-01,KOPPAL SRI1PL,Koppal,Solar,120.0,27.76,35.18,3.04,6.8038,95.02,1.4,1.4
2025-03-01,IRCON SOLAR,Koppal,Solar,50.0,27.76,35.18,3.04,6.8038,95.02,-1.21,-1.21
2025-03-01,GADAG_VENA_W,Gadag,Wind,133.0,27.69,34.2,3.27,6.7145,94.33,0.7,0.7
2025-03-01,GADAG_VENA_S,Gadag,Solar,31.0,27.69,34.2,3.27,6.7145,94.33,-0.15,-0.15
2025-03-01,KOPPAL_RENEWOJAS_S,Koppal,Solar,81.0,27.76,35.18,3.04,6.8038,95.02,0.04,0.04
2025-03-01,All ADYAH,Tumakuru,Solar,300.0,26.52,37.38,2.85,6.5136,92.43,2.39,2.39
2025-03-01,AMPLUS PAVAGADA,Tumakuru,Solar,50.0,26.52,37.38,2.85,6.5136,92.43,0.41,0.41
2025-03-01,AMPLUS TUMKUR,Tumakuru,Solar,50.0,26.52,37.38,2.85,6.5136,92.43,0.41,0.41
2025-03-01,AVAADA SOLAR,Koppal,Solar,150.0,27.76,35.18,3.04,6.8038,95.02,1.17,1.17
2025-03-01,AVAADA SOLARISE,Koppal,Solar,150.0,27.76,35.18,3.04,6.8038,95.02,1.17,1.17
2025-03-01,AZURE POWER EARTH,Koppal,Solar,100.0,27.76,35.18,3.04,6.8038,95.02,0.79,0.79
2025-03-01,FORTUM FIN SURYA,Tumakuru,Solar,100.0,26.52,37.38,2.85,6.5136,92.43,0.74,0.74
2025-03-01,FORTUM SOLAR,Tumakuru,Solar,250.0,26.52,37.38,2.85,6.5136,92.43,0.37,0.37
2025-03-01,PARAMPUJYA,Tumakuru,Solar,150.0,26.52,37.38,2.85,6.5136,92.43,0.41,0.41
2025-03-01,RENEW TN2,Koppal,Solar,50.0,27.76,35.18,3.04,6.8038,95.02,1.55,1.55
2025-03-01,SBG ENERGY,Tumakuru,Solar,200.0,26.52,37.38,2.85,6.5136,92.43,1.95,1.95
2025-03-01,TATA RENEWABLES,Tumakuru,Solar,400.0,26.52,37.38,2.85,6.5136,92.43,2.83,2.83
2025-03-01,YARROW,Koppal,Solar,50.0,27.76,35.18,3.04,6.8038,95.02,0.4,0.4
2025-03-02,KOPPAL_AYANASIX_W,Koppal,Wind,50.0,27.61,35.2,2.53,6.8381,94.92,0.2,0.4
2025-03-02,KOPPAL_RENEWROSHNI_W,Koppal,Wind,73.0,27.61,35.2,2.53,6.8381,94.92,1.61,3.65
2025-03-02,KOPPAL SRI1PL,Koppal,Solar,120.0,27.61,35.2,2.53,6.8381,94.92,1.41,2.81
2025-03-02,IRCON SOLAR,Koppal,Solar,50.0,27.61,35.2,2.53,6.8381,94.92,-1.25,-2.46
2025-03-02,GADAG_VENA_W,Gadag,Wind,133.0,27.69,32.45,2.62,6.6389,94.24,0.71,1.41
2025-03-02,GADAG_VENA_S,Gadag,Solar,31.0,27.69,32.45,2.62,6.6389,94.24,-0.15,-0.3
2025-03-02,KOPPAL_RENEWOJAS_S,Koppal,Solar,81.0,27.61,35.2,2.53,6.8381,94.92,0.58,0.62
2025-03-02,All ADYAH,Tumakuru,Solar,300.0,26.53,41.76,3.15,6.9941,92.39,2.43,4.82
2025-03-02,AMPLUS PAVAGADA,Tumakuru,Solar,50.0,26.53,41.76,3.15,6.9941,92.39,0.41,0.82
2025-03-02,AMPLUS TUMKUR,Tumakuru,Solar,50.0,26.53,41.76,3.15,6.9941,92.39,0.41,0.82
2025-03-02,AVAADA SOLAR,Koppal,Solar,150.0,27.61,35.2,2.53,6.8381,94.92,1.17,2.34
2025-03-02,AVAADA SOLARISE,Koppal,Solar,150.0,27.61,35.2,2.53,6.8381,94.92,1.17,2.34
2025-03-02,AZURE POWER EARTH,Koppal,Solar,100.0,27.61,35.2,2.53,6.8381,94.92,0.8,1.59
2025-03-02,FORTUM FIN SURYA,Tumakuru,Solar,100.0,26.53,41.76,3.15,6.9941,92.39,0.73,1.47
2025-03-02,FORTUM SOLAR,Tumakuru,Solar,250.0,26.53,41.76,3.15,6.9941,92.39,0.37,0.74
2025-03-02,PARAMPUJYA,Tumakuru,Solar,150.0,26.53,41.76,3.15,6.9941,92.39,0.41,0.82
2025-03-02,RENEW TN2,Koppal,Solar,50.0,27.61,35.2,2.53,6.8381,94.92,1.55,3.1
2025-03-02,SBG ENERGY,Tumakuru,Solar,200.0,26.53,41.76,3.15,6.9941,92.39,1.97,3.92
2025-03-02,TATA RENEWABLES,Tumakuru,Solar,400.0,26.53,41.76,3.15,6.9941,92.39,2.85,5.68
2025-03-02,YARROW,Koppal,Solar,50.0,27.61,35.2,2.53,6.8381,94.92,0.4,0.8
2025-03-03,KOPPAL_AYANASIX_W,Koppal,Wind,50.0,28.08,31.38,2.09,6.534,94.94,0.24,0.64
2025-03-03,KOPPAL_RENEWROSHNI_W,Koppal,Wind,73.0,28.08,31.38,2.09,6.534,94.94,0.97,4.62
2025-03-03,KOPPAL SRI1PL,Koppal,Solar,120.0,28.08,31.38,2.09,6.534,94.94,1.31,4.12
2025-03-03,IRCON SOLAR,Koppal,Solar,50.0,28.08,31.38,2.09,6.534,94.94,-1.15,-3.61
2025-03-03,GADAG_VENA_W,Gadag,Wind,133.0,28.26,28.04,2.13,6.4963,94.27,0.37,1.78
2025-03-03,GADAG_VENA_S,Gadag,Solar,31.0,28.26,28.04,2.13,6.4963,94.27,-0.13,-0.43
2025-03-03,KOPPAL_RENEWOJAS_S,Koppal,Solar,81.0,28.08,31.38,2.09,6.534,94.94,0.55,1.17
2025-03-03,All ADYAH,Tumakuru,Solar,300.0,27.25,40.04,3.04,6.2482,92.41,2.31,7.13
2025-03-03,AMPLUS PAVAGADA,Tumakuru,Solar,50.0,27.25,40.04,3.04,6.2482,92.41,0.39,1.21
2025-03-03,AMPLUS TUMKUR,Tumakuru,Solar,50.0,27.25,40.04,3.04,6.2482,92.41,0.39,1.21
2025-03-03,AVAADA SOLAR,Koppal,Solar,150.0,28.08,31.38,2.09,6.534,94.94,1.12,3.46
2025-03-03,AVAADA SOLARISE,Koppal,Solar,150.0,28.08,31.38,2.09,6.534,94.94,1.1,3.44
2025-03-03,AZURE POWER EARTH,Koppal,Solar,100.0,28.08,31.38,2.09,6.534,94.94,0.76,2.35
2025-03-03,FORTUM FIN SURYA,Tumakuru,Solar,100.0,27.25,40.04,3.04,6.2482,92.41,0.69,2.16
2025-03-03,FORTUM SOLAR,Tumakuru,Solar,250.0,27.25,40.04,3.04,6.2482,92.41,0.35,1.09
2025-03-03,PARAMPUJYA,Tumakuru,Solar,150.0,27.25,40.04,3.04,6.2482,92.41,0.39,1.21
2025-03-03,RENEW TN2,Koppal,Solar,50.0,28.08,31.38,2.09,6.534,94.94,1.48,4.58
2025-03-03,SBG ENERGY,Tumakuru,Solar,200.0,27.25,40.04,3.04,6.2482,92.41,1.87,5.79
2025-03-03,TATA RENEWABLES,Tumakuru,Solar,400.0,27.25,40.04,3.04,6.2482,92.41,2.67,8.35
2025-03-03,YARROW,Koppal,Solar,50.0,28.08,31.38,2.09,6.534,94.94,0.38,1.18
2025-03-04,KOPPAL_AYANASIX_W,Koppal,Wind,50.0,29.27,24.12,2.94,5.5493,94.94,0.21,0.85
2025-03-04,KOPPAL_RENEWROSHNI_W,Koppal,Wind,73.0,29.27,24.12,2.94,5.5493,94.94,1.08,5.7
2025-03-04,KOPPAL SRI1PL,Koppal,Solar,120.0,29.27,24.12,2.94,5.5493,94.94,0.93,5.05
2025-03-04,IRCON SOLAR,Koppal,Solar,50.0,29.27,24.12,2.94,5.5493,94.94,-0.93,-4.54
2025-03-04,GADAG_VENA_W,Gadag,Wind,133.0,29.08,22.61,3.27,5.7638,94.27,0.41,2.19
2025-03-04,GADAG_VENA_S,Gadag,Solar,31.0,29.08,22.61,3.27,5.7638,94.27,-0.12,-0.55
2025-03-04,KOPPAL_RENEWOJAS_S,Koppal,Solar,81.0,29.27,24.12,2.94,5.5493,94.94,0.48,1.65
2025-03-04,All ADYAH,Tumakuru,Solar,300.0,27.12,33.1,3.51,5.7509,92.41,1.83,8.96
2025-03-04,AMPLUS PAVAGADA,Tumakuru,Solar,50.0,27.12,33.1,3.51,5.7509,92.41,0.33,1.54
2025-03-04,AMPLUS TUMKUR,Tumakuru,Solar,50.0,27.12,33.1,3.51,5.7509,92.41,0.33,1.54
2025-03-04,AVAADA SOLAR,Koppal,Solar,150.0,29.27,24.12,2.94,5.5493,94.94,0.91,4.37
2025-03-04,AVAADA SOLARISE,Koppal,Solar,150.0,29.27,24.12,2.94,5.5493,94.94,0.91,4.35
2025-03-04,AZURE POWER EARTH,Koppal,Solar,100.0,29.27,24.12,2.94,5.5493,94.94,0.64,2.99
2025-03-04,FORTUM FIN SURYA,Tumakuru,Solar,100.0,27.12,33.1,3.51,5.7509,92.41,0.58,2.74
2025-03-04,FORTUM SOLAR,Tumakuru,Solar,250.0,27.12,33.1,3.51,5.7509,92.41,0.3,1.39
2025-03-04,PARAMPUJYA,Tumakuru,Solar,150.0,27.12,33.1,3.51,5.7509,92.41,0.3,1.51
2025-03-04,RENEW TN2,Koppal,Solar,50.0,29.27,24.12,2.94,5.5493,94.94,1.24,5.82
2025-03-04,SBG ENERGY,Tumakuru,Solar,200.0,27.12,33.1,3.51,5.7509,92.41,1.55,7.34
2025-03-04,TATA RENEWABLES,Tumakuru,Solar,400.0,27.12,33.1,3.51,5.7509,92.41,2.23,10.58
2025-03-04,YARROW,Koppal,Solar,50.0,29.27,24.12,2.94,5.5493,94.94,0.32,1.5
2025-03-05,KOPPAL_AYANASIX_W,Koppal,Wind,50.0,29.25,20.61,2.5,5.9302,94.95,0.2,1.05
2025-03-05,KOPPAL_RENEWROSHNI_W,Koppal,Wind,73.0,29.25,20.61,2.5,5.9302,94.95,0.48,6.18
2025-03-05,KOPPAL SRI1PL,Koppal,Solar,120.0,29.25,20.61,2.5,5.9302,94.95,1.22,6.27
2025-03-05,IRCON SOLAR,Koppal,Solar,50.0,29.25,20.61,2.5,5.9302,94.95,0.98,-3.56
2025-03-05,GADAG_VENA_W,Gadag,Wind,133.0,29.17,19.52,2.82,5.8214,94.28,0.33,2.52
2025-03-05,GADAG_VENA_S,Gadag,Solar,31.0,29.17,19.52,2.82,5.8214,94.28,0.13,-0.42
2025-03-05,KOPPAL_RENEWOJAS_S,Koppal,Solar,81.0,29.25,20.61,2.5,5.9302,94.95,0.5,2.15
2025-03-05,All ADYAH,Tumakuru,Solar,300.0,27.29,31.71,2.9,5.3249,92.41,2.1,11.06
2025-03-05,AMPLUS PAVAGADA,Tumakuru,Solar,50.0,27.29,31.71,2.9,5.3249,92.41,0.34,1.88
2025-03-05,AMPLUS TUMKUR,Tumakuru,Solar,50.0,27.29,31.71,2.9,5.3249,92.41,0.35,1.89
2025-03-05,AVAADA SOLAR,Koppal,Solar,150.0,29.25,20.61,2.5,5.9302,94.95,1.01,5.38
2025-03-05,AVAADA SOLARISE,Koppal,Solar,150.0,29.25,20.61,2.5,5.9302,94.95,1.01,5.36
2025-03-05,AZURE POWER EARTH,Koppal,Solar,100.0,29.25,20.61,2.5,5.9302,94.95,0.7,3.69
2025-03-05,FORTUM FIN SURYA,Tumakuru,Solar,100.0,27.29,31.71,2.9,5.3249,92.41,0.63,3.37
2025-03-05,FORTUM SOLAR,Tumakuru,Solar,250.0,27.29,31.71,2.9,5.3249,92.41,0.34,1.73
2025-03-05,PARAMPUJYA,Tumakuru,Solar,150.0,27.29,31.71,2.9,5.3249,92.41,0.33,1.84
2025-03-05,RENEW TN2,Koppal,Solar,50.0,29.25,20.61,2.5,5.9302,94.95,1.35,7.17
2025-03-05,SBG ENERGY,Tumakuru,Solar,200.0,27.29,31.71,2.9,5.3249,92.41,1.72,9.06
2025-03-05,TATA RENEWABLES,Tumakuru,Solar,400.0,27.29,31.71,2.9,5.3249,92.41,2.47,13.05
2025-03-05,YARROW,Koppal,Solar,50.0,29.25,20.61,2.5,5.9302,94.95,0.35,1.85
2025-03-06,KOPPAL_AYANASIX_W,Koppal,Wind,50.0,27.51,10.58,2.52,7.2799,95.06,0.2,1.25
2025-03-06,KOPPAL_RENEWROSHNI_W,Koppal,Wind,73.0,27.51,10.58,2.52,7.2799,95.06,0.58,6.76
2025-03-06,KOPPAL SRI1PL,Koppal,Solar,120.0,27.51,10.58,2.52,7.2799,95.06,1.53,7.8
2025-03-06,IRCON SOLAR,Koppal,Solar,50.0,27.51,10.58,2.52,7.2799,95.06,1.1,-2.46
2025-03-06,GADAG_VENA_W,Gadag,Wind,133.0,27.51,10.71,2.66,7.1794,94.38,0.45,2.97
2025-03-06,GADAG_VENA_S,Gadag,Solar,31.0,27.51,10.71,2.66,7.1794,94.38,0.14,-0.28
2025-03-06,KOPPAL_RENEWOJAS_S,Koppal,Solar,81.0,27.51,10.58,2.52,7.2799,95.06,0.58,2.73
2025-03-06,All ADYAH,Tumakuru,Solar,300.0,26.91,27.8,2.3,6.955,92.49,2.28,13.34
2025-03-06,AMPLUS PAVAGADA,Tumakuru,Solar,50.0,26.91,27.8,2.3,6.955,92.49,0.38,2.26
2025-03-06,AMPLUS TUMKUR,Tumakuru,Solar,50.0,26.91,27.8,2.3,6.955,92.49,0.39,2.28
2025-03-06,AVAADA SOLAR,Koppal,Solar,150.0,27.51,10.58,2.52,7.2799,95.06,1.1,6.48
2025-03-06,AVAADA SOLARISE,Koppal,Solar,150.0,27.51,10.58,2.52,7.2799,95.06,1.1,6.46
2025-03-06,AZURE POWER EARTH,Koppal,Solar,100.0,27.51,10.58,2.52,7.2799,95.06,0.77,4.46
2025-03-06,FORTUM FIN SURYA,Tumakuru,Solar,100.0,26.91,27.8,2.3,6.955,92.49,0.68,4.05
2025-03-06,FORTUM SOLAR,Tumakuru,Solar,250.0,26.91,27.8,2.3,6.955,92.49,0.36,2.09
2025-03-06,PARAMPUJYA,Tumakuru,Solar,150.0,26.91,27.8,2.3,6.955,92.49,0.37,2.21
2025-03-06,RENEW TN2,Koppal,Solar,50.0,27.51,10.58,2.52,7.2799,95.06,1.48,8.65
2025-03-06,SBG ENERGY,Tumakuru,Solar,200.0,26.91,27.8,2.3,6.955,92.49,1.88,10.94
2025-03-06,TATA RENEWABLES,Tumakuru,Solar,400.0,26.91,27.8,2.3,6.955,92.49,2.7,15.75
2025-03-06,YARROW,Koppal,Solar,50.0,27.51,10.58,2.52,7.2799,95.06,0.38,2.23
2025-03-07,KOPPAL_AYANASIX_W,Koppal,Wind,50.0,26.69,8.6,2.11,7.2871,94.93,0.2,1.45
2025-03-07,KOPPAL_RENEWROSHNI_W,Koppal,Wind,73.0,26.69,8.6,2.11,7.2871,94.93,0.54,7.3
2025-03-07,KOPPAL SRI1PL,Koppal,Solar,120.0,26.69,8.6,2.11,7.2871,94.93,1.59,9.39
2025-03-07,IRCON SOLAR,Koppal,Solar,50.0,26.69,8.6,2.11,7.2871,94.93,-1.28,-3.74
2025-03-07,GADAG_VENA_W,Gadag,Wind,133.0,26.72,8.14,2.25,7.4323,94.25,0.34,3.31
2025-03-07,GADAG_VENA_S,Gadag,Solar,31.0,26.72,8.14,2.25,7.4323,94.25,-0.03,-0.31
2025-03-07,KOPPAL_RENEWOJAS_S,Koppal,Solar,81.0,26.69,8.6,2.11,7.2871,94.93,0.6,3.33
2025-03-07,All ADYAH,Tumakuru,Solar,300.0,25.89,16.87,2.24,7.4119,92.36,2.41,15.75
2025-03-07,AMPLUS PAVAGADA,Tumakuru,Solar,50.0,25.89,16.87,2.24,7.4119,92.36,0.41,2.67
2025-03-07,AMPLUS TUMKUR,Tumakuru,Solar,50.0,25.89,16.87,2.24,7.4119,92.36,0.41,2.69
2025-03-07,AVAADA SOLAR,Koppal,Solar,150.0,26.69,8.6,2.11,7.2871,94.93,1.18,7.66
2025-03-07,AVAADA SOLARISE,Koppal,Solar,150.0,26.69,8.6,2.11,7.2871,94.93,1.17,7.63
2025-03-07,AZURE POWER EARTH,Koppal,Solar,100.0,26.69,8.6,2.11,7.2871,94.93,0.79,5.25
2025-03-07,FORTUM FIN SURYA,Tumakuru,Solar,100.0,25.89,16.87,2.24,7.4119,92.36,0.72,4.77
2025-03-07,FORTUM SOLAR,Tumakuru,Solar,250.0,25.89,16.87,2.24,7.4119,92.36,0.38,2.47
2025-03-07,PARAMPUJYA,Tumakuru,Solar,150.0,25.89,16.87,2.24,7.4119,92.36,0.41,2.62
2025-03-07,RENEW TN2,Koppal,Solar,50.0,26.69,8.6,2.11,7.2871,94.93,1.56,10.21
2025-03-07,SBG ENERGY,Tumakuru,Solar,200.0,25.89,16.87,2.24,7.4119,92.36,1.98,12.92
2025-03-07,TATA RENEWABLES,Tumakuru,Solar,400.0,25.89,16.87,2.24,7.4119,92.36,2.84,18.59
2025-03-07,YARROW,Koppal,Solar,50.0,26.69,8.6,2.11,7.2871,94.93,0.4,2.63
2025-03-08,KOPPAL_AYANASIX_W,Koppal,Wind,50.0,27.52,14.36,1.8,7.007,94.77,0.2,1.65
2025-03-08,KOPPAL_RENEWROSHNI_W,Koppal,Wind,73.0,27.52,14.36,1.8,7.007,94.77,0.21,7.51
2025-03-08,KOPPAL SRI1PL,Koppal,Solar,120.0,27.52,14.36,1.8,7.007,94.77,1.42,10.81
2025-03-08,IRCON SOLAR,Koppal,Solar,50.0,27.52,14.36,1.8,7.007,94.77,-1.24,-4.98
2025-03-08,GADAG_VENA_W,Gadag,Wind,133.0,27.96,11.82,1.87,7.1923,94.1,0.25,3.56
2025-03-08,GADAG_VENA_S,Gadag,Solar,31.0,27.96,11.82,1.87,7.1923,94.1,-0.16,-0.47
2025-03-08,KOPPAL_RENEWOJAS_S,Koppal,Solar,81.0,27.52,14.36,1.8,7.007,94.77,0.58,3.91
2025-03-08,All ADYAH,Tumakuru,Solar,300.0,25.99,20.82,2.13,7.1988,92.25,2.09,17.84
2025-03-08,AMPLUS PAVAGADA,Tumakuru,Solar,50.0,25.99,20.82,2.13,7.1988,92.25,0.39,3.06
2025-03-08,AMPLUS TUMKUR,Tumakuru,Solar,50.0,25.99,20.82,2.13,7.1988,92.25,0.39,3.08
2025-03-08,AVAADA SOLAR,Koppal,Solar,150.0,27.52,14.36,1.8,7.007,94.77,1.1,8.76
2025-03-08,AVAADA SOLARISE,Koppal,Solar,150.0,27.52,14.36,1.8,7.007,94.77,1.1,8.73
2025-03-08,AZURE POWER EARTH,Koppal,Solar,100.0,27.52,14.36,1.8,7.007,94.77,0.77,6.02
2025-03-08,FORTUM FIN SURYA,Tumakuru,Solar,100.0,25.99,20.82,2.13,7.1988,92.25,0.67,5.44
2025-03-08,FORTUM SOLAR,Tumakuru,Solar,250.0,25.99,20.82,2.13,7.1988,92.25,0.35,2.82
2025-03-08,PARAMPUJYA,Tumakuru,Solar,150.0,25.99,20.82,2.13,7.1988,92.25,0.38,3.0
2025-03-08,RENEW TN2,Koppal,Solar,50.0,27.52,14.36,1.8,7.007,94.77,1.5,11.71
2025-03-08,SBG ENERGY,Tumakuru,Solar,200.0,25.99,20.82,2.13,7.1988,92.25,1.89,14.81
2025-03-08,TATA RENEWABLES,Tumakuru,Solar,400.0,25.99,20.82,2.13,7.1988,92.25,2.68,21.27
2025-03-08,YARROW,Koppal,Solar,50.0,27.52,14.36,1.8,7.007,94.77,0.37,3.0
2025-03-09,KOPPAL_AYANASIX_W,Koppal,Wind,50.0,28.66,19.34,2.34,6.6782,94.81,0.2,1.85
2025-03-09,KOPPAL_RENEWROSHNI_W,Koppal,Wind,73.0,28.66,19.34,2.34,6.6782,94.81,1.0,8.51
2025-03-09,KOPPAL SRI1PL,Koppal,Solar,120.0,28.66,19.34,2.34,6.6782,94.81,1.37,12.18
2025-03-09,IRCON SOLAR,Koppal,Solar,50.0,28.66,19.34,2.34,6.6782,94.81,-1.19,-6.17
2025-03-09,GADAG_VENA_W,Gadag,Wind,133.0,28.42,18.42,2.47,6.8575,94.13,0.5,4.06
2025-03-09,GADAG_VENA_S,Gadag,Solar,31.0,28.42,18.42,2.47,6.8575,94.13,-0.14,-0.61
2025-03-09,KOPPAL_RENEWOJAS_S,Koppal,Solar,81.0,28.66,19.34,2.34,6.6782,94.81,0.52,4.43
2025-03-09,All ADYAH,Tumakuru,Solar,300.0,26.99,32.6,3.44,6.9677,92.28,2.04,19.88
2025-03-09,AMPLUS PAVAGADA,Tumakuru,Solar,50.0,26.99,32.6,3.44,6.9677,92.28,0.38,3.44
2025-03-09,AMPLUS TUMKUR,Tumakuru,Solar,50.0,26.99,32.6,3.44,6.9677,92.28,0.38,3.46
2025-03-09,AVAADA SOLAR,Koppal,Solar,150.0,28.66,19.34,2.34,6.6782,94.81,1.08,9.84
2025-03-09,AVAADA SOLARISE,Koppal,Solar,150.0,28.66,19.34,2.34,6.6782,94.81,1.07,9.8
2025-03-09,AZURE POWER EARTH,Koppal,Solar,100.0,28.66,19.34,2.34,6.6782,94.81,0.75,6.77
2025-03-09,FORTUM FIN SURYA,Tumakuru,Solar,100.0,26.99,32.6,3.44,6.9677,92.28,0.65,6.09
2025-03-09,FORTUM SOLAR,Tumakuru,Solar,250.0,26.99,32.6,3.44,6.9677,92.28,0.35,3.17
2025-03-09,PARAMPUJYA,Tumakuru,Solar,150.0,26.99,32.6,3.44,6.9677,92.28,0.37,3.37
2025-03-09,RENEW TN2,Koppal,Solar,50.0,28.66,19.34,2.34,6.6782,94.81,1.48,13.19
2025-03-09,SBG ENERGY,Tumakuru,Solar,200.0,26.99,32.6,3.44,6.9677,92.28,1.84,16.65
2025-03-09,TATA RENEWABLES,Tumakuru,Solar,400.0,26.99,32.6,3.44,6.9677,92.28,2.61,23.88
2025-03-09,YARROW,Koppal,Solar,50.0,28.66,19.34,2.34,6.6782,94.81,0.36,3.36
2025-03-10,KOPPAL_AYANASIX_W,Koppal,Wind,50.0,27.67,40.22,3.5,6.5614,95.1,1.46,3.31
2025-03-10,KOPPAL_RENEWROSHNI_W,Koppal,Wind,73.0,27.67,40.22,3.5,6.5614,95.1,2.65,11.16
2025-03-10,KOPPAL SRI1PL,Koppal,Solar,120.0,27.67,40.22,3.5,6.5614,95.1,1.43,13.61
2025-03-10,IRCON SOLAR,Koppal,Solar,50.0,27.67,40.22,3.5,6.5614,95.1,-1.3,-7.47
2025-03-10,GADAG_VENA_W,Gadag,Wind,133.0,28.01,36.03,3.79,6.6226,94.4,1.45,5.51
2025-03-10,GADAG_VENA_S,Gadag,Solar,31.0,28.01,36.03,3.79,6.6226,94.4,-0.15,-0.76
2025-03-10,KOPPAL_RENEWOJAS_S,Koppal,Solar,81.0,27.67,40.22,3.5,6.5614,95.1,0.54,4.97
2025-03-10,All ADYAH,Tumakuru,Solar,300.0,26.33,38.21,3.74,7.0966,92.51,2.2,22.08
2025-03-10,AMPLUS PAVAGADA,Tumakuru,Solar,50.0,26.33,38.21,3.74,7.0966,92.51,0.41,3.85
2025-03-10,AMPLUS TUMKUR,Tumakuru,Solar,50.0,26.33,38.21,3.74,7.0966,92.51,0.41,3.87
2025-03-10,AVAADA SOLAR,Koppal,Solar,150.0,27.67,40.22,3.5,6.5614,95.1,1.18,11.02
2025-03-10,AVAADA SOLARISE,Koppal,Solar,150.0,27.67,40.22,3.5,6.5614,95.1,1.17,10.97
2025-03-10,AZURE POWER EARTH,Koppal,Solar,100.0,27.67,40.22,3.5,6.5614,95.1,0.8,7.57
2025-03-10,FORTUM FIN SURYA,Tumakuru,Solar,100.0,26.33,38.21,3.74,7.0966,92.51,0.72,6.81
2025-03-10,FORTUM SOLAR,Tumakuru,Solar,250.0,26.33,38.21,3.74,7.0966,92.51,0.37,3.54
2025-03-10,PARAMPUJYA,Tumakuru,Solar,150.0,26.33,38.21,3.74,7.0966,92.51,0.42,3.79
2025-03-10,RENEW TN2,Koppal,Solar,50.0,27.67,40.22,3.5,6.5614,95.1,1.57,14.76
2025-03-10,SBG ENERGY,Tumakuru,Solar,200.0,26.33,38.21,3.74,7.0966,92.51,1.97,18.62
2025-03-10,TATA RENEWABLES,Tumakuru,Solar,400.0,26.33,38.21,3.74,7.0966,92.51,2.81,26.69
2025-03-10,YARROW,Koppal,Solar,50.0,27.67,40.22,3.5,6.5614,95.1,0.39,3.75
2025-03-11,KOPPAL_AYANASIX_W,Koppal,Wind,50.0,27.63,38.46,3.57,6.7159,95.16,4.22,7.53
2025-03-11,KOPPAL_RENEWROSHNI_W,Koppal,Wind,73.0,27.63,38.46,3.57,6.7159,95.16,3.77,14.93
2025-03-11,KOPPAL SRI1PL,Koppal,Solar,120.0,27.63,38.46,3.57,6.7159,95.16,1.24,14.85
2025-03-11,IRCON SOLAR,Koppal,Solar,50.0,27.63,38.46,3.57,6.7159,95.16,-1.33,-8.8
2025-03-11,GADAG_VENA_W,Gadag,Wind,133.0,27.74,35.41,3.9,6.7601,94.46,1.21,6.72
2025-03-11,GADAG_VENA_S,Gadag,Solar,31.0,27.74,35.41,3.9,6.7601,94.46,-0.15,-0.91
2025-03-11,KOPPAL_RENEWOJAS_S,Koppal,Solar,81.0,27.63,38.46,3.57,6.7159,95.16,0.56,5.53
2025-03-11,All ADYAH,Tumakuru,Solar,300.0,26.31,47.11,3.95,7.1628,92.56,2.4,24.48
2025-03-11,AMPLUS PAVAGADA,Tumakuru,Solar,50.0,26.31,47.11,3.95,7.1628,92.56,0.41,4.26
2025-03-11,AMPLUS TUMKUR,Tumakuru,Solar,50.0,26.31,47.11,3.95,7.1628,92.56,0.41,4.28
2025-03-11,AVAADA SOLAR,Koppal,Solar,150.0,27.63,38.46,3.57,6.7159,95.16,1.07,12.09
2025-03-11,AVAADA SOLARISE,Koppal,Solar,150.0,27.63,38.46,3.57,6.7159,95.16,1.18,12.15
2025-03-11,AZURE POWER EARTH,Koppal,Solar,100.0,27.63,38.46,3.57,6.7159,95.16,0.81,8.38
2025-03-11,FORTUM FIN SURYA,Tumakuru,Solar,100.0,26.31,47.11,3.95,7.1628,92.56,0.73,7.54
2025-03-11,FORTUM SOLAR,Tumakuru,Solar,250.0,26.31,47.11,3.95,7.1628,92.56,0.38,3.92
2025-03-11,PARAMPUJYA,Tumakuru,Solar,150.0,26.31,47.11,3.95,7.1628,92.56,0.42,4.21
2025-03-11,RENEW TN2,Koppal,Solar,50.0,27.63,38.46,3.57,6.7159,95.16,1.56,16.32
2025-03-11,SBG ENERGY,Tumakuru,Solar,200.0,26.31,47.11,3.95,7.1628,92.56,1.99,20.61
2025-03-11,TATA RENEWABLES,Tumakuru,Solar,400.0,26.31,47.11,3.95,7.1628,92.56,2.83,29.52
2025-03-11,YARROW,Koppal,Solar,50.0,27.63,38.46,3.57,6.7159,95.16,0.4,4.15
2025-03-12,KOPPAL_AYANASIX_W,Koppal,Wind,50.0,28.28,38.88,2.66,6.9482,95.0,1.22,8.75
2025-03-12,KOPPAL_RENEWROSHNI_W,Koppal,Wind,73.0,28.28,38.88,2.66,6.9482,95.0,1.78,16.71
2025-03-12,KOPPAL SRI1PL,Koppal,Solar,120.0,28.28,38.88,2.66,6.9482,95.0,1.39,16.24
2025-03-12,IRCON SOLAR,Koppal,Solar,50.0,28.28,38.88,2.66,6.9482,95.0,-1.35,-10.15
2025-03-12,GADAG_VENA_W,Gadag,Wind,133.0,28.31,35.69,3.05,6.8717,94.33,0.72,7.44
2025-03-12,GADAG_VENA_S,Gadag,Solar,31.0,28.31,35.69,3.05,6.8717,94.33,-0.15,-1.06
2025-03-12,KOPPAL_RENEWOJAS_S,Koppal,Solar,81.0,28.28,38.88,2.66,6.9482,95.0,0.59,6.12
2025-03-12,All ADYAH,Tumakuru,Solar,300.0,28.17,53.64,3.02,6.7116,92.44,2.43,26.91
2025-03-12,AMPLUS PAVAGADA,Tumakuru,Solar,50.0,28.17,53.64,3.02,6.7116,92.44,0.41,4.67
2025-03-12,AMPLUS TUMKUR,Tumakuru,Solar,50.0,28.17,53.64,3.02,6.7116,92.44,0.41,4.69
2025-03-12,AVAADA SOLAR,Koppal,Solar,150.0,28.28,38.88,2.66,6.9482,95.0,1.13,13.22
2025-03-12,AVAADA SOLARISE,Koppal,Solar,150.0,28.28,38.88,2.66,6.9482,95.0,1.19,13.34
2025-03-12,AZURE POWER EARTH,Koppal,Solar,100.0,28.28,38.88,2.66,6.9482,95.0,0.81,9.19
2025-03-12,FORTUM FIN SURYA,Tumakuru,Solar,100.0,28.17,53.64,3.02,6.7116,92.44,0.74,8.28
2025-03-12,FORTUM SOLAR,Tumakuru,Solar,250.0,28.17,53.64,3.02,6.7116,92.44,0.38,4.3
2025-03-12,PARAMPUJYA,Tumakuru,Solar,150.0,28.17,53.64,3.02,6.7116,92.44,0.42,4.63
2025-03-12,RENEW TN2,Koppal,Solar,50.0,28.28,38.88,2.66,6.9482,95.0,1.58,17.9
2025-03-12,SBG ENERGY,Tumakuru,Solar,200.0,28.17,53.64,3.02,6.7116,92.44,2.01,22.62
2025-03-12,TATA RENEWABLES,Tumakuru,Solar,400.0,28.17,53.64,3.02,6.7116,92.44,2.91,32.43
2025-03-12,YARROW,Koppal,Solar,50.0,28.28,38.88,2.66,6.9482,95.0,0.4,4.55
2025-03-13,KOPPAL_AYANASIX_W,Koppal,Wind,50.0,28.76,37.03,1.71,6.2326,94.87,1.18,9.93
2025-03-13,KOPPAL_RENEWROSHNI_W,Koppal,Wind,73.0,28.76,37.03,1.71,6.2326,94.87,1.05,17.76
2025-03-13,KOPPAL SRI1PL,Koppal,Solar,120.0,28.76,37.03,1.71,6.2326,94.87,1.31,17.55
2025-03-13,IRCON SOLAR,Koppal,Solar,50.0,28.76,37.03,1.71,6.2326,94.87,-1.21,-11.36
2025-03-13,GADAG_VENA_W,Gadag,Wind,133.0,28.28,34.44,1.52,6.3245,94.21,0.55,7.99
2025-03-13,GADAG_VENA_S,Gadag,Solar,31.0,28.28,34.44,1.52,6.3245,94.21,-0.14,-1.2
2025-03-13,KOPPAL_RENEWOJAS_S,Koppal,Solar,81.0,28.76,37.03,1.71,6.2326,94.87,0.54,6.66
2025-03-13,All ADYAH,Tumakuru,Solar,300.0,28.71,41.93,2.71,6.7382,92.35,0.41,27.32
2025-03-13,AMPLUS PAVAGADA,Tumakuru,Solar,50.0,28.71,41.93,2.71,6.7382,92.35,0.4,5.07
2025-03-13,AMPLUS TUMKUR,Tumakuru,Solar,50.0,28.71,41.93,2.71,6.7382,92.35,0.4,5.09
2025-03-13,AVAADA SOLAR,Koppal,Solar,150.0,28.76,37.03,1.71,6.2326,94.87,1.15,14.37
2025-03-13,AVAADA SOLARISE,Koppal,Solar,150.0,28.76,37.03,1.71,6.2326,94.87,1.13,14.47
2025-03-13,AZURE POWER EARTH,Koppal,Solar,100.0,28.76,37.03,1.71,6.2326,94.87,0.79,9.98
2025-03-13,FORTUM FIN SURYA,Tumakuru,Solar,100.0,28.71,41.93,2.71,6.7382,92.35,1.91,10.19
2025-03-13,FORTUM SOLAR,Tumakuru,Solar,250.0,28.71,41.93,2.71,6.7382,92.35,0.35,4.65
2025-03-13,PARAMPUJYA,Tumakuru,Solar,150.0,28.71,41.93,2.71,6.7382,92.35,0.4,5.03
2025-03-13,RENEW TN2,Koppal,Solar,50.0,28.76,37.03,1.71,6.2326,94.87,1.53,19.43
2025-03-13,SBG ENERGY,Tumakuru,Solar,200.0,28.71,41.93,2.71,6.7382,92.35,2.02,24.64
2025-03-13,TATA RENEWABLES,Tumakuru,Solar,400.0,28.71,41.93,2.71,6.7382,92.35,2.71,35.14
2025-03-13,YARROW,Koppal,Solar,50.0,28.76,37.03,1.71,6.2326,94.87,0.4,4.95
2025-03-14,KOPPAL_AYANASIX_W,Koppal,Wind,50.0,29.97,27.64,1.59,6.5386,94.86,0.93,10.86
2025-03-14,KOPPAL_RENEWROSHNI_W,Koppal,Wind,73.0,29.97,27.64,1.59,6.5386,94.86,0.51,18.27
2025-03-14,KOPPAL SRI1PL,Koppal,Solar,120.0,29.97,27.64,1.59,6.5386,94.86,1.36,18.91
2025-03-14,IRCON SOLAR,Koppal,Solar,50.0,29.97,27.64,1.59,6.5386,94.86,1.21,-10.15
2025-03-14,GADAG_VENA_W,Gadag,Wind,133.0,29.62,34.18,1.38,6.4351,94.2,0.45,8.44
2025-03-14,GADAG_VENA_S,Gadag,Solar,31.0,29.62,34.18,1.38,6.4351,94.2,-0.15,-1.35
2025-03-14,KOPPAL_RENEWOJAS_S,Koppal,Solar,81.0,29.97,27.64,1.59,6.5386,94.86,0.55,7.21
2025-03-14,All ADYAH,Tumakuru,Solar,300.0,28.67,33.42,3.12,7.0171,92.37,2.25,29.57
2025-03-14,AMPLUS PAVAGADA,Tumakuru,Solar,50.0,28.67,33.42,3.12,7.0171,92.37,0.39,5.46
2025-03-14,AMPLUS TUMKUR,Tumakuru,Solar,50.0,28.67,33.42,3.12,7.0171,92.37,0.38,5.47
2025-03-14,AVAADA SOLAR,Koppal,Solar,150.0,29.97,27.64,1.59,6.5386,94.86,1.08,15.45
2025-03-14,AVAADA SOLARISE,Koppal,Solar,150.0,29.97,27.64,1.59,6.5386,94.86,1.1,15.57
2025-03-14,AZURE POWER EARTH,Koppal,Solar,100.0,29.97,27.64,1.59,6.5386,94.86,0.77,10.75
2025-03-14,FORTUM FIN SURYA,Tumakuru,Solar,100.0,28.67,33.42,3.12,7.0171,92.37,0.67,10.86
2025-03-14,FORTUM SOLAR,Tumakuru,Solar,250.0,28.67,33.42,3.12,7.0171,92.37,0.35,5.0
2025-03-14,PARAMPUJYA,Tumakuru,Solar,150.0,28.67,33.42,3.12,7.0171,92.37,0.38,5.41
2025-03-14,RENEW TN2,Koppal,Solar,50.0,29.97,27.64,1.59,6.5386,94.86,1.49,20.92
2025-03-14,SBG ENERGY,Tumakuru,Solar,200.0,28.67,33.42,3.12,7.0171,92.37,1.87,26.51
2025-03-14,TATA RENEWABLES,Tumakuru,Solar,400.0,28.67,33.42,3.12,7.0171,92.37,2.64,37.78
2025-03-14,YARROW,Koppal,Solar,50.0,29.97,27.64,1.59,6.5386,94.86,0.36,5.31
2025-03-15,KOPPAL_AYANASIX_W,Koppal,Wind,50.0,30.05,26.77,2.64,6.7555,94.93,0.71,11.57
2025-03-15,KOPPAL_RENEWROSHNI_W,Koppal,Wind,73.0,30.05,26.77,2.64,6.7555,94.93,0.8,19.07
2025-03-15,KOPPAL SRI1PL,Koppal,Solar,120.0,30.05,26.77,2.64,6.7555,94.93,1.36,20.27
2025-03-15,IRCON SOLAR,Koppal,Solar,50.0,30.05,26.77,2.64,6.7555,94.93,0.0,-10.15
2025-03-15,GADAG_VENA_W,Gadag,Wind,133.0,29.72,27.45,2.34,6.559,94.26,0.99,9.43
2025-03-15,GADAG_VENA_S,Gadag,Solar,31.0,29.72,27.45,2.34,6.559,94.26,0.0,-1.35
2025-03-15,KOPPAL_RENEWOJAS_S,Koppal,Solar,81.0,30.05,26.77,2.64,6.7555,94.93,0.56,7.77
2025-03-15,All ADYAH,Tumakuru,Solar,300.0,28.24,31.55,3.61,7.3241,92.43,2.25,31.82
2025-03-15,AMPLUS PAVAGADA,Tumakuru,Solar,50.0,28.24,31.55,3.61,7.3241,92.43,0.38,5.84
2025-03-15,AMPLUS TUMKUR,Tumakuru,Solar,50.0,28.24,31.55,3.61,7.3241,92.43,0.38,5.85
2025-03-15,AVAADA SOLAR,Koppal,Solar,150.0,30.05,26.77,2.64,6.7555,94.93,1.09,16.54
2025-03-15,AVAADA SOLARISE,Koppal,Solar,150.0,30.05,26.77,2.64,6.7555,94.93,1.09,16.66
2025-03-15,AZURE POWER EARTH,Koppal,Solar,100.0,30.05,26.77,2.64,6.7555,94.93,0.76,11.51
2025-03-15,FORTUM FIN SURYA,Tumakuru,Solar,100.0,28.24,31.55,3.61,7.3241,92.43,0.67,11.53
2025-03-15,FORTUM SOLAR,Tumakuru,Solar,250.0,28.24,31.55,3.61,7.3241,92.43,0.35,5.35
2025-03-15,PARAMPUJYA,Tumakuru,Solar,150.0,28.24,31.55,3.61,7.3241,92.43,0.37,5.78
2025-03-15,RENEW TN2,Koppal,Solar,50.0,30.05,26.77,2.64,6.7555,94.93,1.46,22.38
2025-03-15,SBG ENERGY,Tumakuru,Solar,200.0,28.24,31.55,3.61,7.3241,92.43,1.86,28.37
2025-03-15,TATA RENEWABLES,Tumakuru,Solar,400.0,28.24,31.55,3.61,7.3241,92.43,2.63,40.41
2025-03-15,YARROW,Koppal,Solar,50.0,30.05,26.77,2.64,6.7555,94.93,0.37,5.68
2025-03-16,KOPPAL_AYANASIX_W,Koppal,Wind,50.0,29.83,22.82,2.81,7.3279,94.95,1.0,12.57
2025-03-16,KOPPAL_RENEWROSHNI_W,Koppal,Wind,73.0,29.83,22.82,2.81,7.3279,94.95,0.93,20.0
2025-03-16,KOPPAL SRI1PL,Koppal,Solar,120.0,29.83,22.82,2.81,7.3279,94.95,1.47,21.74
2025-03-16,IRCON SOLAR,Koppal,Solar,50.0,29.83,22.82,2.81,7.3279,94.95,-1.48,-11.63
2025-03-16,GADAG_VENA_W,Gadag,Wind,133.0,29.61,22.56,2.47,6.9463,94.28,0.86,10.29
2025-03-16,GADAG_VENA_S,Gadag,Solar,31.0,29.61,22.56,2.47,6.9463,94.28,-0.16,-1.51
2025-03-16,KOPPAL_RENEWOJAS_S,Koppal,Solar,81.0,29.83,22.82,2.81,7.3279,94.95,0.59,8.36
2025-03-16,All ADYAH,Tumakuru,Solar,300.0,27.76,31.06,2.58,7.627,92.43,2.25,34.07
2025-03-16,AMPLUS PAVAGADA,Tumakuru,Solar,50.0,27.76,31.06,2.58,7.627,92.43,0.42,6.26
2025-03-16,AMPLUS TUMKUR,Tumakuru,Solar,50.0,27.76,31.06,2.58,7.627,92.43,0.42,6.27
2025-03-16,AVAADA SOLAR,Koppal,Solar,150.0,29.83,22.82,2.81,7.3279,94.95,1.22,17.76
2025-03-16,AVAADA SOLARISE,Koppal,Solar,150.0,29.83,22.82,2.81,7.3279,94.95,1.21,17.87
2025-03-16,AZURE POWER EARTH,Koppal,Solar,100.0,29.83,22.82,2.81,7.3279,94.95,0.59,12.1
2025-03-16,FORTUM FIN SURYA,Tumakuru,Solar,100.0,27.76,31.06,2.58,7.627,92.43,0.75,12.28
2025-03-16,FORTUM SOLAR,Tumakuru,Solar,250.0,27.76,31.06,2.58,7.627,92.43,0.39,5.74
2025-03-16,PARAMPUJYA,Tumakuru,Solar,150.0,27.76,31.06,2.58,7.627,92.43,0.44,6.22
2025-03-16,RENEW TN2,Koppal,Solar,50.0,29.83,22.82,2.81,7.3279,94.95,1.63,24.01
2025-03-16,SBG ENERGY,Tumakuru,Solar,200.0,27.76,31.06,2.58,7.627,92.43,2.02,30.39
2025-03-16,TATA RENEWABLES,Tumakuru,Solar,400.0,27.76,31.06,2.58,7.627,92.43,2.91,43.32
2025-03-16,YARROW,Koppal,Solar,50.0,29.83,22.82,2.81,7.3279,94.95,0.4,6.08
2025-03-17,KOPPAL_AYANASIX_W,Koppal,Wind,50.0,29.23,26.02,1.71,6.5141,94.91,0.71,13.28
2025-03-17,KOPPAL_RENEWROSHNI_W,Koppal,Wind,73.0,29.23,26.02,1.71,6.5141,94.91,0.82,20.82
2025-03-17,KOPPAL SRI1PL,Koppal,Solar,120.0,29.23,26.02,1.71,6.5141,94.91,1.26,23.0
2025-03-17,IRCON SOLAR,Koppal,Solar,50.0,29.23,26.02,1.71,6.5141,94.91,-1.39,-13.02
2025-03-17,GADAG_VENA_W,Gadag,Wind,133.0,28.74,34.62,1.49,5.8097,94.25,0.59,10.88
2025-03-17,GADAG_VENA_S,Gadag,Solar,31.0,28.74,34.62,1.49,5.8097,94.25,-0.14,-1.65
2025-03-17,KOPPAL_RENEWOJAS_S,Koppal,Solar,81.0,29.23,26.02,1.71,6.5141,94.91,0.52,8.88
2025-03-17,All ADYAH,Tumakuru,Solar,300.0,27.74,42.16,1.97,6.8381,92.41,2.15,36.22
2025-03-17,AMPLUS PAVAGADA,Tumakuru,Solar,50.0,27.74,42.16,1.97,6.8381,92.41,0.4,6.66
2025-03-17,AMPLUS TUMKUR,Tumakuru,Solar,50.0,27.74,42.16,1.97,6.8381,92.41,0.4,6.67
2025-03-17,AVAADA SOLAR,Koppal,Solar,150.0,29.23,26.02,1.71,6.5141,94.91,1.14,18.9
2025-03-17,AVAADA SOLARISE,Koppal,Solar,150.0,29.23,26.02,1.71,6.5141,94.91,1.15,19.02
2025-03-17,AZURE POWER EARTH,Koppal,Solar,100.0,29.23,26.02,1.71,6.5141,94.91,0.79,12.89
2025-03-17,FORTUM FIN SURYA,Tumakuru,Solar,100.0,27.74,42.16,1.97,6.8381,92.41,0.71,12.99
2025-03-17,FORTUM SOLAR,Tumakuru,Solar,250.0,27.74,42.16,1.97,6.8381,92.41,0.36,6.1
2025-03-17,PARAMPUJYA,Tumakuru,Solar,150.0,27.74,42.16,1.97,6.8381,92.41,0.4,6.62
2025-03-17,RENEW TN2,Koppal,Solar,50.0,29.23,26.02,1.71,6.5141,94.91,1.54,25.55
2025-03-17,SBG ENERGY,Tumakuru,Solar,200.0,27.74,42.16,1.97,6.8381,92.41,1.95,32.34
2025-03-17,TATA RENEWABLES,Tumakuru,Solar,400.0,27.74,42.16,1.97,6.8381,92.41,2.74,46.06
2025-03-17,YARROW,Koppal,Solar,50.0,29.23,26.02,1.71,6.5141,94.91,0.38,6.46
2025-03-18,KOPPAL_AYANASIX_W,Koppal,Wind,50.0,30.78,28.54,2.04,7.0464,94.88,0.6,13.88
2025-03-18,KOPPAL_RENEWROSHNI_W,Koppal,Wind,73.0,30.78,28.54,2.04,7.0464,94.88,0.36,21.18
2025-03-18,KOPPAL SRI1PL,Koppal,Solar,120.0,30.78,28.54,2.04,7.0464,94.88,1.37,24.37
2025-03-18,IRCON SOLAR,Koppal,Solar,50.0,30.78,28.54,2.04,7.0464,94.88,-1.41,-14.43
2025-03-18,GADAG_VENA_W,Gadag,Wind,133.0,30.33,35.38,1.7,6.5748,94.22,0.39,11.27
2025-03-18,GADAG_VENA_S,Gadag,Solar,31.0,30.33,35.38,1.7,6.5748,94.22,-0.15,-1.8
2025-03-18,KOPPAL_RENEWOJAS_S,Koppal,Solar,81.0,30.78,28.54,2.04,7.0464,94.88,0.55,9.43
2025-03-18,All ADYAH,Tumakuru,Solar,300.0,29.64,33.86,2.07,7.1429,92.33,2.27,38.49
2025-03-18,AMPLUS PAVAGADA,Tumakuru,Solar,50.0,29.64,33.86,2.07,7.1429,92.33,0.4,7.06
2025-03-18,AMPLUS TUMKUR,Tumakuru,Solar,50.0,29.64,33.86,2.07,7.1429,92.33,0.4,7.07
2025-03-18,AVAADA SOLAR,Koppal,Solar,150.0,30.78,28.54,2.04,7.0464,94.88,1.13,20.03
2025-03-18,AVAADA SOLARISE,Koppal,Solar,150.0,30.78,28.54,2.04,7.0464,94.88,1.14,20.16
2025-03-18,AZURE POWER EARTH,Koppal,Solar,100.0,30.78,28.54,2.04,7.0464,94.88,0.79,13.68
2025-03-18,FORTUM FIN SURYA,Tumakuru,Solar,100.0,29.64,33.86,2.07,7.1429,92.33,0.71,13.7
2025-03-18,FORTUM SOLAR,Tumakuru,Solar,250.0,29.64,33.86,2.07,7.1429,92.33,0.36,6.46
2025-03-18,PARAMPUJYA,Tumakuru,Solar,150.0,29.64,33.86,2.07,7.1429,92.33,0.4,7.02
2025-03-18,RENEW TN2,Koppal,Solar,50.0,30.78,28.54,2.04,7.0464,94.88,1.55,27.1
2025-03-18,SBG ENERGY,Tumakuru,Solar,200.0,29.64,33.86,2.07,7.1429,92.33,1.76,34.1
2025-03-18,TATA RENEWABLES,Tumakuru,Solar,400.0,29.64,33.86,2.07,7.1429,92.33,2.74,48.8
2025-03-18,YARROW,Koppal,Solar,50.0,30.78,28.54,2.04,7.0464,94.88,0.38,6.84
2025-03-20,KOPPAL_AYANASIX_W,Koppal,Wind,50.0,31.66,37.75,2.21,6.9211,95.05,1.35,16.36
2025-03-20,KOPPAL_RENEWROSHNI_W,Koppal,Wind,73.0,31.66,37.75,2.21,6.9211,95.05,2.37,26.18
2025-03-20,KOPPAL SRI1PL,Koppal,Solar,120.0,31.66,37.75,2.21,6.9211,95.05,1.39,27.14
2025-03-20,IRCON SOLAR,Koppal,Solar,50.0,31.66,37.75,2.21,6.9211,95.05,-1.41,-17.12
2025-03-20,GADAG_VENA_W,Gadag,Wind,133.0,31.09,37.07,2.24,6.078,94.4,0.9,12.81
2025-03-20,GADAG_VENA_S,Gadag,Solar,31.0,31.09,37.07,2.24,6.078,94.4,-0.24,-1.67
2025-03-20,KOPPAL_RENEWOJAS_S,Koppal,Solar,81.0,31.66,37.75,2.21,6.9211,95.05,0.54,10.49
2025-03-20,All ADYAH,Tumakuru,Solar,300.0,29.28,39.62,2.97,7.1234,92.61,2.14,42.76
2025-03-20,AMPLUS PAVAGADA,Tumakuru,Solar,50.0,29.28,39.62,2.97,7.1234,92.61,0.4,7.82
2025-03-20,AMPLUS TUMKUR,Tumakuru,Solar,50.0,29.28,39.62,2.97,7.1234,92.61,0.4,7.83
2025-03-20,AVAADA SOLAR,Koppal,Solar,150.0,31.66,37.75,2.21,6.9211,95.05,1.14,22.19
2025-03-20,AVAADA SOLARISE,Koppal,Solar,150.0,31.66,37.75,2.21,6.9211,95.05,1.15,22.34
2025-03-20,AZURE POWER EARTH,Koppal,Solar,100.0,31.66,37.75,2.21,6.9211,95.05,0.79,15.22
2025-03-20,FORTUM FIN SURYA,Tumakuru,Solar,100.0,29.28,39.62,2.97,7.1234,92.61,0.72,15.08
2025-03-20,FORTUM SOLAR,Tumakuru,Solar,250.0,29.28,39.62,2.97,7.1234,92.61,0.36,7.14
2025-03-20,PARAMPUJYA,Tumakuru,Solar,150.0,29.28,39.62,2.97,7.1234,92.61,0.41,7.8
2025-03-20,RENEW TN2,Koppal,Solar,50.0,31.66,37.75,2.21,6.9211,95.05,1.54,30.07
2025-03-20,SBG ENERGY,Tumakuru,Solar,200.0,29.28,39.62,2.97,7.1234,92.61,1.95,37.81
2025-03-20,TATA RENEWABLES,Tumakuru,Solar,400.0,29.28,39.62,2.97,7.1234,92.61,2.68,53.83
2025-03-20,YARROW,Koppal,Solar,50.0,31.66,37.75,2.21,6.9211,95.05,0.38,7.57
2025-03-21,KOPPAL_AYANASIX_W,Koppal,Wind,50.0,32.48,31.77,1.14,6.6703,95.05,1.12,17.48
2025-03-21,KOPPAL_RENEWROSHNI_W,Koppal,Wind,73.0,32.48,31.77,1.14,6.6703,95.05,1.98,28.16
2025-03-21,KOPPAL SRI1PL,Koppal,Solar,120.0,32.48,31.77,1.14,6.6703,95.05,1.39,28.53
2025-03-21,IRCON SOLAR,Koppal,Solar,50.0,32.48,31.77,1.14,6.6703,95.05,1.32,-15.8
2025-03-21,GADAG_VENA_W,Gadag,Wind,133.0,31.68,32.66,1.85,6.4954,94.41,0.48,13.29
2025-03-21,GADAG_VENA_S,Gadag,Solar,31.0,31.68,32.66,1.85,6.4954,94.41,-0.25,-1.92
2025-03-21,KOPPAL_RENEWOJAS_S,Koppal,Solar,81.0,32.48,31.77,1.14,6.6703,95.05,0.48,10.97
2025-03-21,All ADYAH,Tumakuru,Solar,300.0,29.9,39.93,1.34,6.5897,92.62,2.05,44.81
2025-03-21,AMPLUS PAVAGADA,Tumakuru,Solar,50.0,29.9,39.93,1.34,6.5897,92.62,0.38,8.2
2025-03-21,AMPLUS TUMKUR,Tumakuru,Solar,50.0,29.9,39.93,1.34,6.5897,92.62,0.38,8.21
2025-03-21,AVAADA SOLAR,Koppal,Solar,150.0,32.48,31.77,1.14,6.6703,95.05,1.04,23.23
2025-03-21,AVAADA SOLARISE,Koppal,Solar,150.0,32.48,31.77,1.14,6.6703,95.05,1.05,23.39
2025-03-21,AZURE POWER EARTH,Koppal,Solar,100.0,32.48,31.77,1.14,6.6703,95.05,0.74,15.96
2025-03-21,FORTUM FIN SURYA,Tumakuru,Solar,100.0,29.9,39.93,1.34,6.5897,92.62,0.68,15.76
2025-03-21,FORTUM SOLAR,Tumakuru,Solar,250.0,29.9,39.93,1.34,6.5897,92.62,0.32,7.46
2025-03-21,PARAMPUJYA,Tumakuru,Solar,150.0,29.9,39.93,1.34,6.5897,92.62,0.39,8.19
2025-03-21,RENEW TN2,Koppal,Solar,50.0,32.48,31.77,1.14,6.6703,95.05,1.44,31.51
2025-03-21,SBG ENERGY,Tumakuru,Solar,200.0,29.9,39.93,1.34,6.5897,92.62,1.78,39.59
2025-03-21,TATA RENEWABLES,Tumakuru,Solar,400.0,29.9,39.93,1.34,6.5897,92.62,2.49,56.32
2025-03-21,YARROW,Koppal,Solar,50.0,32.48,31.77,1.14,6.6703,95.05,0.34,7.91
2025-03-22,KOPPAL_AYANASIX_W,Koppal,Wind,50.0,32.21,31.86,2.35,6.4946,94.98,1.28,18.76
2025-03-22,KOPPAL_RENEWROSHNI_W,Koppal,Wind,73.0,32.21,31.86,2.35,6.4946,94.98,2.26,30.42
2025-03-22,KOPPAL SRI1PL,Koppal,Solar,120.0,32.21,31.86,2.35,6.4946,94.98,1.33,29.86
2025-03-22,IRCON SOLAR,Koppal,Solar,50.0,32.21,31.86,2.35,6.4946,94.98,1.23,-14.57
2025-03-22,GADAG_VENA_W,Gadag,Wind,133.0,30.76,27.47,2.48,7.1105,94.35,0.35,13.64
2025-03-22,GADAG_VENA_S,Gadag,Solar,31.0,30.76,27.47,2.48,7.1105,94.35,0.21,-1.71
2025-03-22,KOPPAL_RENEWOJAS_S,Koppal,Solar,81.0,32.21,31.86,2.35,6.4946,94.98,0.57,11.54
2025-03-22,All ADYAH,Tumakuru,Solar,300.0,29.8,43.31,1.94,6.0917,92.54,2.11,46.92
2025-03-22,AMPLUS PAVAGADA,Tumakuru,Solar,50.0,29.8,43.31,1.94,6.0917,92.54,0.37,8.57
2025-03-22,AMPLUS TUMKUR,Tumakuru,Solar,50.0,29.8,43.31,1.94,6.0917,92.54,0.35,8.56
2025-03-22,AVAADA SOLAR,Koppal,Solar,150.0,32.21,31.86,2.35,6.4946,94.98,0.97,24.2
2025-03-22,AVAADA SOLARISE,Koppal,Solar,150.0,32.21,31.86,2.35,6.4946,94.98,1.04,24.43
2025-03-22,AZURE POWER EARTH,Koppal,Solar,100.0,32.21,31.86,2.35,6.4946,94.98,0.72,16.68
2025-03-22,FORTUM FIN SURYA,Tumakuru,Solar,100.0,29.8,43.31,1.94,6.0917,92.54,0.61,16.37
2025-03-22,FORTUM SOLAR,Tumakuru,Solar,250.0,29.8,43.31,1.94,6.0917,92.54,0.32,7.78
2025-03-22,PARAMPUJYA,Tumakuru,Solar,150.0,29.8,43.31,1.94,6.0917,92.54,0.35,8.54
2025-03-22,RENEW TN2,Koppal,Solar,50.0,32.21,31.86,2.35,6.4946,94.98,1.41,32.92
2025-03-22,SBG ENERGY,Tumakuru,Solar,200.0,29.8,43.31,1.94,6.0917,92.54,1.8,41.39
2025-03-22,TATA RENEWABLES,Tumakuru,Solar,400.0,29.8,43.31,1.94,6.0917,92.54,2.45,58.77
2025-03-22,YARROW,Koppal,Solar,50.0,32.21,31.86,2.35,6.4946,94.98,0.32,8.23
2025-03-23,KOPPAL_AYANASIX_W,Koppal,Wind,50.0,32.07,33.85,2.13,6.1898,95.0,1.12,19.88
2025-03-23,KOPPAL_RENEWROSHNI_W,Koppal,Wind,73.0,32.07,33.85,2.13,6.1898,95.0,1.29,31.71
2025-03-23,KOPPAL SRI1PL,Koppal,Solar,120.0,32.07,33.85,2.13,6.1898,95.0,1.25,31.11
2025-03-23,IRCON SOLAR,Koppal,Solar,50.0,32.07,33.85,2.13,6.1898,95.0,-1.19,-15.76
2025-03-23,GADAG_VENA_W,Gadag,Wind,133.0,31.19,30.48,1.66,6.7733,94.34,0.43,14.07
2025-03-23,GADAG_VENA_S,Gadag,Solar,31.0,31.19,30.48,1.66,6.7733,94.34,-0.22,-1.93
2025-03-23,KOPPAL_RENEWOJAS_S,Koppal,Solar,81.0,32.07,33.85,2.13,6.1898,95.0,0.48,12.02
2025-03-23,All ADYAH,Tumakuru,Solar,300.0,28.11,50.32,1.98,5.9153,92.57,1.98,48.9
2025-03-23,AMPLUS PAVAGADA,Tumakuru,Solar,50.0,28.11,50.32,1.98,5.9153,92.57,0.34,8.91
2025-03-23,AMPLUS TUMKUR,Tumakuru,Solar,50.0,28.11,50.32,1.98,5.9153,92.57,0.36,8.92
2025-03-23,AVAADA SOLAR,Koppal,Solar,150.0,32.07,33.85,2.13,6.1898,95.0,1.0,25.2
2025-03-23,AVAADA SOLARISE,Koppal,Solar,150.0,32.07,33.85,2.13,6.1898,95.0,0.98,25.41
2025-03-23,AZURE POWER EARTH,Koppal,Solar,100.0,32.07,33.85,2.13,6.1898,95.0,0.7,17.38
2025-03-23,FORTUM FIN SURYA,Tumakuru,Solar,100.0,28.11,50.32,1.98,5.9153,92.57,0.63,17.0
2025-03-23,FORTUM SOLAR,Tumakuru,Solar,250.0,28.11,50.32,1.98,5.9153,92.57,0.31,8.09
2025-03-23,PARAMPUJYA,Tumakuru,Solar,150.0,28.11,50.32,1.98,5.9153,92.57,0.35,8.89
2025-03-23,RENEW TN2,Koppal,Solar,50.0,32.07,33.85,2.13,6.1898,95.0,1.38,34.3
2025-03-23,SBG ENERGY,Tumakuru,Solar,200.0,28.11,50.32,1.98,5.9153,92.57,1.66,43.05
2025-03-23,TATA RENEWABLES,Tumakuru,Solar,400.0,28.11,50.32,1.98,5.9153,92.57,2.41,61.18
2025-03-23,YARROW,Koppal,Solar,50.0,32.07,33.85,2.13,6.1898,95.0,0.34,8.57
2025-03-24,KOPPAL_AYANASIX_W,Koppal,Wind,50.0,30.8,39.66,2.45,5.6671,95.03,1.18,21.06
2025-03-24,KOPPAL_RENEWROSHNI_W,Koppal,Wind,73.0,30.8,39.66,2.45,5.6671,95.03,1.26,32.97
2025-03-24,KOPPAL SRI1PL,Koppal,Solar,120.0,30.8,39.66,2.45,5.6671,95.03,1.08,32.19
2025-03-24,IRCON SOLAR,Koppal,Solar,50.0,30.8,39.66,2.45,5.6671,95.03,1.34,-14.42
2025-03-24,GADAG_VENA_W,Gadag,Wind,133.0,31.21,35.35,2.44,5.537,94.35,0.83,14.9
2025-03-24,GADAG_VENA_S,Gadag,Solar,31.0,31.21,35.35,2.44,5.537,94.35,0.2,-1.73
2025-03-24,KOPPAL_RENEWOJAS_S,Koppal,Solar,81.0,30.8,39.66,2.45,5.6671,95.03,0.46,12.48
2025-03-24,All ADYAH,Tumakuru,Solar,300.0,29.19,45.3,2.72,6.3182,92.5,2.19,51.09
2025-03-24,AMPLUS PAVAGADA,Tumakuru,Solar,50.0,29.19,45.3,2.72,6.3182,92.5,0.39,9.3
2025-03-24,AMPLUS TUMKUR,Tumakuru,Solar,50.0,29.19,45.3,2.72,6.3182,92.5,0.39,9.31
2025-03-24,AVAADA SOLAR,Koppal,Solar,150.0,30.8,39.66,2.45,5.6671,95.03,1.06,26.26
2025-03-24,AVAADA SOLARISE,Koppal,Solar,150.0,30.8,39.66,2.45,5.6671,95.03,1.09,26.5
2025-03-24,AZURE POWER EARTH,Koppal,Solar,100.0,30.8,39.66,2.45,5.6671,95.03,0.76,18.14
2025-03-24,FORTUM FIN SURYA,Tumakuru,Solar,100.0,29.19,45.3,2.72,6.3182,92.5,0.65,17.65
2025-03-24,FORTUM SOLAR,Tumakuru,Solar,250.0,29.19,45.3,2.72,6.3182,92.5,0.34,8.43
2025-03-24,PARAMPUJYA,Tumakuru,Solar,150.0,29.19,45.3,2.72,6.3182,92.5,0.37,9.26
2025-03-24,RENEW TN2,Koppal,Solar,50.0,30.8,39.66,2.45,5.6671,95.03,1.47,35.77
2025-03-24,SBG ENERGY,Tumakuru,Solar,200.0,29.19,45.3,2.72,6.3182,92.5,1.84,44.89
2025-03-24,TATA RENEWABLES,Tumakuru,Solar,400.0,29.19,45.3,2.72,6.3182,92.5,2.6,63.78
2025-03-24,YARROW,Koppal,Solar,50.0,30.8,39.66,2.45,5.6671,95.03,0.35,8.92
2025-03-25,KOPPAL_AYANASIX_W,Koppal,Wind,50.0,30.86,31.03,2.36,6.1582,94.79,1.31,22.37
2025-03-25,KOPPAL_RENEWROSHNI_W,Koppal,Wind,73.0,30.86,31.03,2.36,6.1582,94.79,1.05,34.02
2025-03-25,KOPPAL SRI1PL,Koppal,Solar,120.0,30.86,31.03,2.36,6.1582,94.79,1.08,33.27
2025-03-25,IRCON SOLAR,Koppal,Solar,50.0,30.86,31.03,2.36,6.1582,94.79,-1.27,-15.69
2025-03-25,GADAG_VENA_W,Gadag,Wind,133.0,31.06,30.79,2.15,5.0266,94.12,0.44,15.34
2025-03-25,GADAG_VENA_S,Gadag,Solar,31.0,31.06,30.79,2.15,5.0266,94.12,-0.22,-1.95
2025-03-25,KOPPAL_RENEWOJAS_S,Koppal,Solar,81.0,30.86,31.03,2.36,6.1582,94.79,0.43,12.91
2025-03-25,All ADYAH,Tumakuru,Solar,300.0,29.05,35.62,2.99,6.1932,92.29,2.17,53.26
2025-03-25,AMPLUS PAVAGADA,Tumakuru,Solar,50.0,29.05,35.62,2.99,6.1932,92.29,0.38,9.68
2025-03-25,AMPLUS TUMKUR,Tumakuru,Solar,50.0,29.05,35.62,2.99,6.1932,92.29,0.38,9.69
2025-03-25,AVAADA SOLAR,Koppal,Solar,150.0,30.86,31.03,2.36,6.1582,94.79,1.05,27.31
2025-03-25,AVAADA SOLARISE,Koppal,Solar,150.0,30.86,31.03,2.36,6.1582,94.79,1.07,27.57
2025-03-25,AZURE POWER EARTH,Koppal,Solar,100.0,30.86,31.03,2.36,6.1582,94.79,0.75,18.89
2025-03-25,FORTUM FIN SURYA,Tumakuru,Solar,100.0,29.05,35.62,2.99,6.1932,92.29,0.66,18.31
2025-03-25,FORTUM SOLAR,Tumakuru,Solar,250.0,29.05,35.62,2.99,6.1932,92.29,0.34,8.77
2025-03-25,PARAMPUJYA,Tumakuru,Solar,150.0,29.05,35.62,2.99,6.1932,92.29,0.37,9.63
2025-03-25,RENEW TN2,Koppal,Solar,50.0,30.86,31.03,2.36,6.1582,94.79,1.47,37.24
2025-03-25,SBG ENERGY,Tumakuru,Solar,200.0,29.05,35.62,2.99,6.1932,92.29,1.83,46.72
2025-03-25,TATA RENEWABLES,Tumakuru,Solar,400.0,29.05,35.62,2.99,6.1932,92.29,2.56,66.34
2025-03-25,YARROW,Koppal,Solar,50.0,30.86,31.03,2.36,6.1582,94.79,0.35,9.27
2025-03-26,KOPPAL_AYANASIX_W,Koppal,Wind,50.0,30.98,28.71,1.88,6.408,94.66,1.15,23.36
2025-03-26,KOPPAL_RENEWROSHNI_W,Koppal,Wind,73.0,30.98,28.71,1.88,6.408,94.66,1.06,35.09
2025-03-26,KOPPAL SRI1PL,Koppal,Solar,120.0,30.98,28.71,1.88,6.408,94.66,1.19,34.57
2025-03-26,IRCON SOLAR,Koppal,Solar,50.0,30.98,28.71,1.88,6.408,94.66,-1.38,-17.18
2025-03-26,GADAG_VENA_W,Gadag,Wind,133.0,31.28,34.23,1.44,6.0132,93.99,0.38,15.66
2025-03-26,GADAG_VENA_S,Gadag,Solar,31.0,31.28,34.23,1.44,6.0132,93.99,-0.23,-2.19
2025-03-26,KOPPAL_RENEWOJAS_S,Koppal,Solar,81.0,30.98,28.71,1.88,6.408,94.66,0.5,13.48
2025-03-26,All ADYAH,Tumakuru,Solar,300.0,29.27,30.83,2.56,6.2482,92.19,2.22,55.53
2025-03-26,AMPLUS PAVAGADA,Tumakuru,Solar,50.0,29.27,30.83,2.56,6.2482,92.19,0.39,10.08
2025-03-26,AMPLUS TUMKUR,Tumakuru,Solar,50.0,29.27,30.83,2.56,6.2482,92.19,0.39,10.09
2025-03-26,AVAADA SOLAR,Koppal,Solar,150.0,30.98,28.71,1.88,6.408,94.66,1.06,28.38
2025-03-26,AVAADA SOLARISE,Koppal,Solar,150.0,30.98,28.71,1.88,6.408,94.66,1.1,28.7
2025-03-26,AZURE POWER EARTH,Koppal,Solar,100.0,30.98,28.71,1.88,6.408,94.66,0.77,19.68
2025-03-26,FORTUM FIN SURYA,Tumakuru,Solar,100.0,29.27,30.83,2.56,6.2482,92.19,0.67,18.99
2025-03-26,FORTUM SOLAR,Tumakuru,Solar,250.0,29.27,30.83,2.56,6.2482,92.19,0.34,9.11
2025-03-26,PARAMPUJYA,Tumakuru,Solar,150.0,29.27,30.83,2.56,6.2482,92.19,0.39,10.04
2025-03-26,RENEW TN2,Koppal,Solar,50.0,30.98,28.71,1.88,6.408,94.66,1.48,38.73
2025-03-26,SBG ENERGY,Tumakuru,Solar,200.0,29.27,30.83,2.56,6.2482,92.19,1.86,48.61
2025-03-26,TATA RENEWABLES,Tumakuru,Solar,400.0,29.27,30.83,2.56,6.2482,92.19,2.49,68.76
2025-03-26,YARROW,Koppal,Solar,50.0,30.98,28.71,1.88,6.408,94.66,0.36,9.64
2025-03-27,KOPPAL_AYANASIX_W,Koppal,Wind,50.0,31.0,31.14,1.75,6.3307,94.66,0.85,23.22
2025-03-27,KOPPAL_RENEWROSHNI_W,Koppal,Wind,73.0,31.0,31.14,1.75,6.3307,94.66,0.89,34.91
2025-03-27,KOPPAL SRI1PL,Koppal,Solar,120.0,31.0,31.14,1.75,6.3307,94.66,1.07,34.34
2025-03-27,IRCON SOLAR,Koppal,Solar,50.0,31.0,31.14,1.75,6.3307,94.66,-1.34,-17.03
2025-03-27,GADAG_VENA_W,Gadag,Wind,133.0,31.04,34.13,1.87,6.2705,94.0,0.41,15.75
2025-03-27,GADAG_VENA_S,Gadag,Solar,31.0,31.04,34.13,1.87,6.2705,94.0,-0.23,-2.18
2025-03-27,KOPPAL_RENEWOJAS_S,Koppal,Solar,81.0,31.0,31.14,1.75,6.3307,94.66,0.53,13.44
2025-03-27,All ADYAH,Tumakuru,Solar,300.0,29.38,35.71,2.08,6.2717,92.18,2.16,55.42
2025-03-27,AMPLUS PAVAGADA,Tumakuru,Solar,50.0,29.38,35.71,2.08,6.2717,92.18,0.34,10.02
2025-03-27,AMPLUS TUMKUR,Tumakuru,Solar,50.0,29.38,35.71,2.08,6.2717,92.18,0.32,10.01
2025-03-27,AVAADA SOLAR,Koppal,Solar,150.0,31.0,31.14,1.75,6.3307,94.66,1.04,28.35
2025-03-27,AVAADA SOLARISE,Koppal,Solar,150.0,31.0,31.14,1.75,6.3307,94.66,0.97,28.54
2025-03-27,AZURE POWER EARTH,Koppal,Solar,100.0,31.0,31.14,1.75,6.3307,94.66,0.71,19.6
2025-03-27,FORTUM FIN SURYA,Tumakuru,Solar,100.0,29.38,35.71,2.08,6.2717,92.18,0.57,18.88
2025-03-27,FORTUM SOLAR,Tumakuru,Solar,250.0,29.38,35.71,2.08,6.2717,92.18,0.32,9.09
2025-03-27,PARAMPUJYA,Tumakuru,Solar,150.0,29.38,35.71,2.08,6.2717,92.18,0.33,9.96
2025-03-27,RENEW TN2,Koppal,Solar,50.0,31.0,31.14,1.75,6.3307,94.66,1.3,38.54
2025-03-27,SBG ENERGY,Tumakuru,Solar,200.0,29.38,35.71,2.08,6.2717,92.18,1.73,48.45
2025-03-27,TATA RENEWABLES,Tumakuru,Solar,400.0,29.38,35.71,2.08,6.2717,92.18,2.17,68.51
2025-03-27,YARROW,Koppal,Solar,50.0,31.0,31.14,1.75,6.3307,94.66,0.3,9.57
2025-03-28,KOPPAL_AYANASIX_W,Koppal,Wind,50.0,31.5,28.39,1.58,6.479,94.6,1.67,26.04
2025-03-28,KOPPAL_RENEWROSHNI_W,Koppal,Wind,73.0,31.5,28.39,1.58,6.479,94.6,1.1,37.07
2025-03-28,KOPPAL SRI1PL,Koppal,Solar,120.0,31.5,28.39,1.58,6.479,94.6,1.3,36.83
2025-03-28,IRCON SOLAR,Koppal,Solar,50.0,31.5,28.39,1.58,6.479,94.6,-1.22,-19.63
2025-03-28,GADAG_VENA_W,Gadag,Wind,133.0,31.43,29.19,1.59,6.5635,93.95,0.42,16.55
2025-03-28,GADAG_VENA_S,Gadag,Solar,31.0,31.43,29.19,1.59,6.5635,93.95,-0.24,-2.65
2025-03-28,KOPPAL_RENEWOJAS_S,Koppal,Solar,81.0,31.5,28.39,1.58,6.479,94.6,0.54,14.48
2025-03-28,All ADYAH,Tumakuru,Solar,300.0,29.54,32.94,2.43,6.2894,92.12,1.94,59.58
2025-03-28,AMPLUS PAVAGADA,Tumakuru,Solar,50.0,29.54,32.94,2.43,6.2894,92.12,0.33,10.74
2025-03-28,AMPLUS TUMKUR,Tumakuru,Solar,50.0,29.54,32.94,2.43,6.2894,92.12,0.36,10.76
2025-03-28,AVAADA SOLAR,Koppal,Solar,150.0,31.5,28.39,1.58,6.479,94.6,0.94,30.35
2025-03-28,AVAADA SOLARISE,Koppal,Solar,150.0,31.5,28.39,1.58,6.479,94.6,0.98,30.62
2025-03-28,AZURE POWER EARTH,Koppal,Solar,100.0,31.5,28.39,1.58,6.479,94.6,0.69,21.06
2025-03-28,FORTUM FIN SURYA,Tumakuru,Solar,100.0,29.54,32.94,2.43,6.2894,92.12,0.62,20.17
2025-03-28,FORTUM SOLAR,Tumakuru,Solar,250.0,29.54,32.94,2.43,6.2894,92.12,0.31,9.74
2025-03-28,PARAMPUJYA,Tumakuru,Solar,150.0,29.54,32.94,2.43,6.2894,92.12,0.35,10.7
2025-03-28,RENEW TN2,Koppal,Solar,50.0,31.5,28.39,1.58,6.479,94.6,1.42,41.44
2025-03-28,SBG ENERGY,Tumakuru,Solar,200.0,29.54,32.94,2.43,6.2894,92.12,1.65,51.96
2025-03-28,TATA RENEWABLES,Tumakuru,Solar,400.0,29.54,32.94,2.43,6.2894,92.12,2.22,73.22
2025-03-28,YARROW,Koppal,Solar,50.0,31.5,28.39,1.58,6.479,94.6,0.34,10.27
2025-03-29,KOPPAL_AYANASIX_W,Koppal,Wind,50.0,31.49,25.56,2.08,6.0722,94.58,0.96,27.0
2025-03-29,KOPPAL_RENEWROSHNI_W,Koppal,Wind,73.0,31.49,25.56,2.08,6.0722,94.58,1.52,38.59
2025-03-29,KOPPAL SRI1PL,Koppal,Solar,120.0,31.49,25.56,2.08,6.0722,94.58,1.09,37.92
2025-03-29,IRCON SOLAR,Koppal,Solar,50.0,31.49,25.56,2.08,6.0722,94.58,-1.31,-20.94
2025-03-29,GADAG_VENA_W,Gadag,Wind,133.0,31.55,28.36,1.63,5.7106,93.92,0.61,17.16
2025-03-29,GADAG_VENA_S,Gadag,Solar,31.0,31.55,28.36,1.63,5.7106,93.92,-0.21,-2.86
2025-03-29,KOPPAL_RENEWOJAS_S,Koppal,Solar,81.0,31.49,25.56,2.08,6.0722,94.58,0.52,15.0
2025-03-29,All ADYAH,Tumakuru,Solar,300.0,29.33,25.83,3.21,6.3024,92.13,1.96,61.54
2025-03-29,AMPLUS PAVAGADA,Tumakuru,Solar,50.0,29.33,25.83,3.21,6.3024,92.13,0.37,11.11
2025-03-29,AMPLUS TUMKUR,Tumakuru,Solar,50.0,29.33,25.83,3.21,6.3024,92.13,0.36,11.12
2025-03-29,AVAADA SOLAR,Koppal,Solar,150.0,31.49,25.56,2.08,6.0722,94.58,1.04,31.39
2025-03-29,AVAADA SOLARISE,Koppal,Solar,150.0,31.49,25.56,2.08,6.0722,94.58,1.04,31.66
2025-03-29,AZURE POWER EARTH,Koppal,Solar,100.0,31.49,25.56,2.08,6.0722,94.58,0.75,21.81
2025-03-29,FORTUM FIN SURYA,Tumakuru,Solar,100.0,29.33,25.83,3.21,6.3024,92.13,0.63,20.8
2025-03-29,FORTUM SOLAR,Tumakuru,Solar,250.0,29.33,25.83,3.21,6.3024,92.13,0.33,10.07
2025-03-29,PARAMPUJYA,Tumakuru,Solar,150.0,29.33,25.83,3.21,6.3024,92.13,0.36,11.06
2025-03-29,RENEW TN2,Koppal,Solar,50.0,31.49,25.56,2.08,6.0722,94.58,1.45,42.89
2025-03-29,SBG ENERGY,Tumakuru,Solar,200.0,29.33,25.83,3.21,6.3024,92.13,1.81,53.77
2025-03-29,TATA RENEWABLES,Tumakuru,Solar,400.0,29.33,25.83,3.21,6.3024,92.13,2.34,75.56
2025-03-29,YARROW,Koppal,Solar,50.0,31.49,25.56,2.08,6.0722,94.58,0.34,10.61
2025-03-30,KOPPAL_AYANASIX_W,Koppal,Wind,50.0,31.05,25.01,2.17,6.0473,94.69,0.9,27.9
2025-03-30,KOPPAL_RENEWROSHNI_W,Koppal,Wind,73.0,31.05,25.01,2.17,6.0473,94.69,2.05,40.64
2025-03-30,KOPPAL SRI1PL,Koppal,Solar,120.0,31.05,25.01,2.17,6.0473,94.69,1.32,39.24
2025-03-30,IRCON SOLAR,Koppal,Solar,50.0,31.05,25.01,2.17,6.0473,94.69,1.27,-19.67
2025-03-30,GADAG_VENA_W,Gadag,Wind,133.0,31.27,31.59,1.78,5.7746,94.02,0.21,17.37
2025-03-30,GADAG_VENA_S,Gadag,Solar,31.0,31.27,31.59,1.78,5.7746,94.02,-0.22,-3.08
2025-03-30,KOPPAL_RENEWOJAS_S,Koppal,Solar,81.0,31.05,25.01,2.17,6.0473,94.69,0.49,15.49
2025-03-30,All ADYAH,Tumakuru,Solar,300.0,28.98,25.18,3.48,6.5287,92.22,1.85,63.39
2025-03-30,AMPLUS PAVAGADA,Tumakuru,Solar,50.0,28.98,25.18,3.48,6.5287,92.22,0.35,11.46
2025-03-30,AMPLUS TUMKUR,Tumakuru,Solar,50.0,28.98,25.18,3.48,6.5287,92.22,0.34,11.46
2025-03-30,AVAADA SOLAR,Koppal,Solar,150.0,31.05,25.01,2.17,6.0473,94.69,0.97,32.36
2025-03-30,AVAADA SOLARISE,Koppal,Solar,150.0,31.05,25.01,2.17,6.0473,94.69,0.96,32.62
2025-03-30,AZURE POWER EARTH,Koppal,Solar,100.0,31.05,25.01,2.17,6.0473,94.69,0.72,22.53
2025-03-30,FORTUM FIN SURYA,Tumakuru,Solar,100.0,28.98,25.18,3.48,6.5287,92.22,0.58,21.38
2025-03-30,FORTUM SOLAR,Tumakuru,Solar,250.0,28.98,25.18,3.48,6.5287,92.22,0.31,10.38
2025-03-30,PARAMPUJYA,Tumakuru,Solar,150.0,28.98,25.18,3.48,6.5287,92.22,0.34,11.4
2025-03-30,RENEW TN2,Koppal,Solar,50.0,31.05,25.01,2.17,6.0473,94.69,1.37,44.26
2025-03-30,SBG ENERGY,Tumakuru,Solar,200.0,28.98,25.18,3.48,6.5287,92.22,1.7,55.47
2025-03-30,TATA RENEWABLES,Tumakuru,Solar,400.0,28.98,25.18,3.48,6.5287,92.22,2.18,77.74
2025-03-30,YARROW,Koppal,Solar,50.0,31.05,25.01,2.17,6.0473,94.69,0.32,10.93
2025-03-31,KOPPAL_AYANASIX_W,Koppal,Wind,50.0,31.83,28.31,2.81,5.7804,94.7,1.17,29.07
2025-03-31,KOPPAL_RENEWROSHNI_W,Koppal,Wind,73.0,31.83,28.31,2.81,5.7804,94.7,1.61,42.25
2025-03-31,KOPPAL SRI1PL,Koppal,Solar,120.0,31.83,28.31,2.81,5.7804,94.7,1.38,40.62
2025-03-31,IRCON SOLAR,Koppal,Solar,50.0,31.83,28.31,2.81,5.7804,94.7,-1.14,-20.81
2025-03-31,GADAG_VENA_W,Gadag,Wind,133.0,31.65,33.29,2.0,5.3654,94.03,0.39,17.76
2025-03-31,GADAG_VENA_S,Gadag,Solar,31.0,31.65,33.29,2.0,5.3654,94.03,-0.24,-3.32
2025-03-31,KOPPAL_RENEWOJAS_S,Koppal,Solar,81.0,31.83,28.31,2.81,5.7804,94.7,0.54,16.03
2025-03-31,All ADYAH,Tumakuru,Solar,300.0,29.34,30.67,3.63,6.2215,92.23,1.78,65.17
2025-03-31,AMPLUS PAVAGADA,Tumakuru,Solar,50.0,29.34,30.67,3.63,6.2215,92.23,0.33,11.79
2025-03-31,AMPLUS TUMKUR,Tumakuru,Solar,50.0,29.34,30.67,3.63,6.2215,92.23,0.32,11.78
2025-03-31,AVAADA SOLAR,Koppal,Solar,150.0,31.83,28.31,2.81,5.7804,94.7,0.92,33.28
2025-03-31,AVAADA SOLARISE,Koppal,Solar,150.0,31.83,28.31,2.81,5.7804,94.7,0.92,33.54
2025-03-31,AZURE POWER EARTH,Koppal,Solar,100.0,31.83,28.31,2.81,5.7804,94.7,0.68,23.21
2025-03-31,FORTUM FIN SURYA,Tumakuru,Solar,100.0,29.34,30.67,3.63,6.2215,92.23,0.54,21.92
2025-03-31,FORTUM SOLAR,Tumakuru,Solar,250.0,29.34,30.67,3.63,6.2215,92.23,0.29,10.67
2025-03-31,PARAMPUJYA,Tumakuru,Solar,150.0,29.34,30.67,3.63,6.2215,92.23,0.31,11.71
2025-03-31,RENEW TN2,Koppal,Solar,50.0,31.83,28.31,2.81,5.7804,94.7,1.3,45.56
2025-03-31,SBG ENERGY,Tumakuru,Solar,200.0,29.34,30.67,3.63,6.2215,92.23,1.6,57.07
2025-03-31,TATA RENEWABLES,Tumakuru,Solar,400.0,29.34,30.67,3.63,6.2215,92.23,2.05,79.79
2025-03-31,YARROW,Koppal,Solar,50.0,31.83,28.31,2.81,5.7804,94.7,0.3,11.23
2025-04-01,KOPPAL_AYANASIX_W,Koppal,Wind,50.0,30.96,32.65,2.51,6.4618,94.65,1.34,1.34
2025-04-01,KOPPAL_RENEWROSHNI_W,Koppal,Wind,73.0,30.96,32.65,2.51,6.4618,94.65,2.44,2.44
2025-04-01,KOPPAL SRI1PL,Koppal,Solar,120.0,30.96,32.65,2.51,6.4618,94.65,1.38,1.38
2025-04-01,IRCON SOLAR,Koppal,Solar,50.0,30.96,32.65,2.51,6.4618,94.65,-1.55,-1.55
2025-04-01,GADAG_VENA_W,Gadag,Wind,133.0,30.86,35.62,2.21,5.7941,93.97,0.41,0.41
2025-04-01,GADAG_VENA_S,Gadag,Solar,31.0,30.86,35.62,2.21,5.7941,93.97,-0.24,-0.24
2025-04-01,KOPPAL_RENEWOJAS_S,Koppal,Solar,81.0,30.96,32.65,2.51,6.4618,94.65,0.53,0.53
2025-04-01,All ADYAH,Tumakuru,Solar,300.0,27.8,34.24,2.9,6.917,92.15,2.32,2.32
2025-04-01,AMPLUS PAVAGADA,Tumakuru,Solar,50.0,27.8,34.24,2.9,6.917,92.15,0.4,0.4
2025-04-01,AMPLUS TUMKUR,Tumakuru,Solar,50.0,27.8,34.24,2.9,6.917,92.15,0.4,0.4
2025-04-01,AVAADA SOLAR,Koppal,Solar,150.0,30.96,32.65,2.51,6.4618,94.65,1.14,1.14
2025-04-01,AVAADA SOLARISE,Koppal,Solar,150.0,30.96,32.65,2.51,6.4618,94.65,1.15,1.15
2025-04-01,AZURE POWER EARTH,Koppal,Solar,100.0,30.96,32.65,2.51,6.4618,94.65,0.81,0.81
2025-04-01,FORTUM FIN SURYA,Tumakuru,Solar,100.0,27.8,34.24,2.9,6.917,92.15,0.7,0.7
2025-04-01,FORTUM SOLAR,Tumakuru,Solar,250.0,27.8,34.24,2.9,6.917,92.15,0.36,0.36
2025-04-01,PARAMPUJYA,Tumakuru,Solar,150.0,27.8,34.24,2.9,6.917,92.15,0.41,0.41
2025-04-01,RENEW TN2,Koppal,Solar,50.0,30.96,32.65,2.51,6.4618,94.65,1.57,1.57
2025-04-01,SBG ENERGY,Tumakuru,Solar,200.0,27.8,34.24,2.9,6.917,92.15,1.96,1.96
2025-04-01,TATA RENEWABLES,Tumakuru,Solar,400.0,27.8,34.24,2.9,6.917,92.15,2.53,2.53
2025-04-01,YARROW,Koppal,Solar,50.0,30.96,32.65,2.51,6.4618,94.65,0.37,0.37
2025-04-02,KOPPAL_AYANASIX_W,Koppal,Wind,50.0,29.73,36.22,2.12,6.5098,94.77,1.26,2.6
2025-04-02,KOPPAL_RENEWROSHNI_W,Koppal,Wind,73.0,29.73,36.22,2.12,6.5098,94.77,1.13,3.57
2025-04-02,KOPPAL SRI1PL,Koppal,Solar,120.0,29.73,36.22,2.12,6.5098,94.77,1.41,2.79
2025-04-02,IRCON SOLAR,Koppal,Solar,50.0,29.73,36.22,2.12,6.5098,94.77,-1.0,-2.55
2025-04-02,GADAG_VENA_W,Gadag,Wind,133.0,29.56,31.43,2.47,6.6355,94.09,0.37,0.78
2025-04-02,GADAG_VENA_S,Gadag,Solar,31.0,29.56,31.43,2.47,6.6355,94.09,-0.24,-0.48
2025-04-02,KOPPAL_RENEWOJAS_S,Koppal,Solar,81.0,29.73,36.22,2.12,6.5098,94.77,0.54,1.07
2025-04-02,All ADYAH,Tumakuru,Solar,300.0,26.89,50.0,2.75,4.5079,92.28,1.66,3.98
2025-04-02,AMPLUS PAVAGADA,Tumakuru,Solar,50.0,26.89,50.0,2.75,4.5079,92.28,0.3,0.7
2025-04-02,AMPLUS TUMKUR,Tumakuru,Solar,50.0,26.89,50.0,2.75,4.5079,92.28,0.29,0.69
2025-04-02,AVAADA SOLAR,Koppal,Solar,150.0,29.73,36.22,2.12,6.5098,94.77,0.82,1.96
2025-04-02,AVAADA SOLARISE,Koppal,Solar,150.0,29.73,36.22,2.12,6.5098,94.77,0.82,1.97
2025-04-02,AZURE POWER EARTH,Koppal,Solar,100.0,29.73,36.22,2.12,6.5098,94.77,0.6,1.41
2025-04-02,FORTUM FIN SURYA,Tumakuru,Solar,100.0,26.89,50.0,2.75,4.5079,92.28,0.52,1.22
2025-04-02,FORTUM SOLAR,Tumakuru,Solar,250.0,26.89,50.0,2.75,4.5079,92.28,0.26,0.62
2025-04-02,PARAMPUJYA,Tumakuru,Solar,150.0,26.89,50.0,2.75,4.5079,92.28,0.28,0.69
2025-04-02,RENEW TN2,Koppal,Solar,50.0,29.73,36.22,2.12,6.5098,94.77,1.22,2.79
2025-04-02,SBG ENERGY,Tumakuru,Solar,200.0,26.89,50.0,2.75,4.5079,92.28,1.43,3.39
2025-04-02,TATA RENEWABLES,Tumakuru,Solar,400.0,26.89,50.0,2.75,4.5079,92.28,1.84,4.37
2025-04-02,YARROW,Koppal,Solar,50.0,29.73,36.22,2.12,6.5098,94.77,0.26,0.63
2025-04-03,KOPPAL_AYANASIX_W,Koppal,Wind,50.0,29.07,50.53,1.72,4.6183,94.97,0.93,3.53
2025-04-03,KOPPAL_RENEWROSHNI_W,Koppal,Wind,73.0,29.07,50.53,1.72,4.6183,94.97,1.24,4.81
2025-04-03,KOPPAL SRI1PL,Koppal,Solar,120.0,29.07,50.53,1.72,4.6183,94.97,0.6,3.39
2025-04-03,IRCON SOLAR,Koppal,Solar,50.0,29.07,50.53,1.72,4.6183,94.97,-0.9,-3.45
2025-04-03,GADAG_VENA_W,Gadag,Wind,133.0,28.99,45.49,1.55,3.9742,94.29,0.48,1.26
2025-04-03,GADAG_VENA_S,Gadag,Solar,31.0,28.99,45.49,1.55,3.9742,94.29,-0.15,-0.63
2025-04-03,KOPPAL_RENEWOJAS_S,Koppal,Solar,81.0,29.07,50.53,1.72,4.6183,94.97,0.47,1.54
2025-04-03,All ADYAH,Tumakuru,Solar,300.0,26.83,58.89,1.27,4.9397,92.47,1.59,5.57
2025-04-03,AMPLUS PAVAGADA,Tumakuru,Solar,50.0,26.83,58.89,1.27,4.9397,92.47,0.27,0.97
2025-04-03,AMPLUS TUMKUR,Tumakuru,Solar,50.0,26.83,58.89,1.27,4.9397,92.47,0.26,0.95
2025-04-03,AVAADA SOLAR,Koppal,Solar,150.0,29.07,50.53,1.72,4.6183,94.97,0.76,2.72
2025-04-03,AVAADA SOLARISE,Koppal,Solar,150.0,29.07,50.53,1.72,4.6183,94.97,0.76,2.73
2025-04-03,AZURE POWER EARTH,Koppal,Solar,100.0,29.07,50.53,1.72,4.6183,94.97,0.55,1.96
2025-04-03,FORTUM FIN SURYA,Tumakuru,Solar,100.0,26.83,58.89,1.27,4.9397,92.47,0.46,1.68
2025-04-03,FORTUM SOLAR,Tumakuru,Solar,250.0,26.83,58.89,1.27,4.9397,92.47,0.27,0.89
2025-04-03,PARAMPUJYA,Tumakuru,Solar,150.0,26.83,58.89,1.27,4.9397,92.47,0.27,0.96
2025-04-03,RENEW TN2,Koppal,Solar,50.0,29.07,50.53,1.72,4.6183,94.97,1.01,3.8
2025-04-03,SBG ENERGY,Tumakuru,Solar,200.0,26.83,58.89,1.27,4.9397,92.47,1.33,4.72
2025-04-03,TATA RENEWABLES,Tumakuru,Solar,400.0,26.83,58.89,1.27,4.9397,92.47,1.73,6.1
2025-04-03,YARROW,Koppal,Solar,50.0,29.07,50.53,1.72,4.6183,94.97,0.26,0.89
2025-04-04,KOPPAL_AYANASIX_W,Koppal,Wind,50.0,28.71,56.77,2.03,6.5539,95.0,1.13,4.66
2025-04-04,KOPPAL_RENEWROSHNI_W,Koppal,Wind,73.0,28.71,56.77,2.03,6.5539,95.0,0.34,5.15
2025-04-04,KOPPAL SRI1PL,Koppal,Solar,120.0,28.71,56.77,2.03,6.5539,95.0,1.38,4.77
2025-04-04,IRCON SOLAR,Koppal,Solar,50.0,28.71,56.77,2.03,6.5539,95.0,1.24,-2.21
2025-04-04,GADAG_VENA_W,Gadag,Wind,133.0,29.51,50.32,2.3,6.403,94.31,0.3,1.56
2025-04-04,GADAG_VENA_S,Gadag,Solar,31.0,29.51,50.32,2.3,6.403,94.31,0.25,-0.38
2025-04-04,KOPPAL_RENEWOJAS_S,Koppal,Solar,81.0,28.71,56.77,2.03,6.5539,95.0,0.71,2.25
2025-04-04,All ADYAH,Tumakuru,Solar,300.0,26.77,58.21,2.56,6.6758,92.47,2.0,7.57
2025-04-04,AMPLUS PAVAGADA,Tumakuru,Solar,50.0,26.77,58.21,2.56,6.6758,92.47,0.34,1.31
2025-04-04,AMPLUS TUMKUR,Tumakuru,Solar,50.0,26.77,58.21,2.56,6.6758,92.47,0.33,1.28
2025-04-04,AVAADA SOLAR,Koppal,Solar,150.0,28.71,56.77,2.03,6.5539,95.0,1.0,3.72
2025-04-04,AVAADA SOLARISE,Koppal,Solar,150.0,28.71,56.77,2.03,6.5539,95.0,0.97,3.7
2025-04-04,AZURE POWER EARTH,Koppal,Solar,100.0,28.71,56.77,2.03,6.5539,95.0,0.69,2.65
2025-04-04,FORTUM FIN SURYA,Tumakuru,Solar,100.0,26.77,58.21,2.56,6.6758,92.47,0.59,2.27
2025-04-04,FORTUM SOLAR,Tumakuru,Solar,250.0,26.77,58.21,2.56,6.6758,92.47,0.34,1.23
2025-04-04,PARAMPUJYA,Tumakuru,Solar,150.0,26.77,58.21,2.56,6.6758,92.47,0.34,1.3
2025-04-04,RENEW TN2,Koppal,Solar,50.0,28.71,56.77,2.03,6.5539,95.0,1.2,5.0
2025-04-04,SBG ENERGY,Tumakuru,Solar,200.0,26.77,58.21,2.56,6.6758,92.47,1.65,6.37
2025-04-04,TATA RENEWABLES,Tumakuru,Solar,400.0,26.77,58.21,2.56,6.6758,92.47,2.2,8.3
2025-04-04,YARROW,Koppal,Solar,50.0,28.71,56.77,2.03,6.5539,95.0,0.33,1.22
2025-04-05,KOPPAL_AYANASIX_W,Koppal,Wind,50.0,29.53,50.29,2.01,6.2904,94.87,1.21,5.87
2025-04-05,KOPPAL_RENEWROSHNI_W,Koppal,Wind,73.0,29.53,50.29,2.01,6.2904,94.87,0.81,5.96
2025-04-05,KOPPAL SRI1PL,Koppal,Solar,120.0,29.53,50.29,2.01,6.2904,94.87,1.43,6.2
2025-04-05,IRCON SOLAR,Koppal,Solar,50.0,29.53,50.29,2.01,6.2904,94.87,1.63,-0.58
2025-04-05,GADAG_VENA_W,Gadag,Wind,133.0,30.01,47.12,2.2,5.357,94.2,0.24,1.8
2025-04-05,GADAG_VENA_S,Gadag,Solar,31.0,30.01,47.12,2.2,5.357,94.2,0.22,-0.16
2025-04-05,KOPPAL_RENEWOJAS_S,Koppal,Solar,81.0,29.53,50.29,2.01,6.2904,94.87,0.46,2.71
2025-04-05,All ADYAH,Tumakuru,Solar,300.0,26.73,60.25,2.15,5.885,92.38,2.16,9.73
2025-04-05,AMPLUS PAVAGADA,Tumakuru,Solar,50.0,26.73,60.25,2.15,5.885,92.38,0.39,1.7
2025-04-05,AMPLUS TUMKUR,Tumakuru,Solar,50.0,26.73,60.25,2.15,5.885,92.38,0.4,1.68
2025-04-05,AVAADA SOLAR,Koppal,Solar,150.0,29.53,50.29,2.01,6.2904,94.87,1.13,4.85
2025-04-05,AVAADA SOLARISE,Koppal,Solar,150.0,29.53,50.29,2.01,6.2904,94.87,1.17,4.87
2025-04-05,AZURE POWER EARTH,Koppal,Solar,100.0,29.53,50.29,2.01,6.2904,94.87,0.81,3.46
2025-04-05,FORTUM FIN SURYA,Tumakuru,Solar,100.0,26.73,60.25,2.15,5.885,92.38,0.72,2.99
2025-04-05,FORTUM SOLAR,Tumakuru,Solar,250.0,26.73,60.25,2.15,5.885,92.38,0.38,1.61
2025-04-05,PARAMPUJYA,Tumakuru,Solar,150.0,26.73,60.25,2.15,5.885,92.38,0.41,1.71
2025-04-05,RENEW TN2,Koppal,Solar,50.0,29.53,50.29,2.01,6.2904,94.87,1.53,6.53
2025-04-05,SBG ENERGY,Tumakuru,Solar,200.0,26.73,60.25,2.15,5.885,92.38,1.93,8.3
2025-04-05,TATA RENEWABLES,Tumakuru,Solar,400.0,26.73,60.25,2.15,5.885,92.38,2.63,10.93
2025-04-05,YARROW,Koppal,Solar,50.0,29.53,50.29,2.01,6.2904,94.87,0.37,1.59
2025-04-06,KOPPAL_AYANASIX_W,Koppal,Wind,50.0,30.36,47.29,2.11,6.1978,94.78,1.49,7.36
2025-04-06,KOPPAL_RENEWROSHNI_W,Koppal,Wind,73.0,30.36,47.29,2.11,6.1978,94.78,0.84,6.8
2025-04-06,KOPPAL SRI1PL,Koppal,Solar,120.0,30.36,47.29,2.11,6.1978,94.78,1.25,7.45
2025-04-06,IRCON SOLAR,Koppal,Solar,50.0,30.36,47.29,2.11,6.1978,94.78,1.31,0.73
2025-04-06,GADAG_VENA_W,Gadag,Wind,133.0,30.45,45.92,2.4,5.5385,94.12,0.32,2.12
2025-04-06,GADAG_VENA_S,Gadag,Solar,31.0,30.45,45.92,2.4,5.5385,94.12,-0.24,-0.4
2025-04-06,KOPPAL_RENEWOJAS_S,Koppal,Solar,81.0,30.36,47.29,2.11,6.1978,94.78,0.45,3.16
2025-04-06,All ADYAH,Tumakuru,Solar,300.0,27.06,56.92,2.1,6.2729,92.3,2.11,11.84
2025-04-06,AMPLUS PAVAGADA,Tumakuru,Solar,50.0,27.06,56.92,2.1,6.2729,92.3,0.37,2.07
2025-04-06,AMPLUS TUMKUR,Tumakuru,Solar,50.0,27.06,56.92,2.1,6.2729,92.3,0.37,2.05
2025-04-06,AVAADA SOLAR,Koppal,Solar,150.0,30.36,47.29,2.11,6.1978,94.78,1.05,5.9
2025-04-06,AVAADA SOLARISE,Koppal,Solar,150.0,30.36,47.29,2.11,6.1978,94.78,1.05,5.92
2025-04-06,AZURE POWER EARTH,Koppal,Solar,100.0,30.36,47.29,2.11,6.1978,94.78,0.74,4.2
2025-04-06,FORTUM FIN SURYA,Tumakuru,Solar,100.0,27.06,56.92,2.1,6.2729,92.3,0.67,3.66
2025-04-06,FORTUM SOLAR,Tumakuru,Solar,250.0,27.06,56.92,2.1,6.2729,92.3,0.34,1.95
2025-04-06,PARAMPUJYA,Tumakuru,Solar,150.0,27.06,56.92,2.1,6.2729,92.3,0.35,2.06
2025-04-06,RENEW TN2,Koppal,Solar,50.0,30.36,47.29,2.11,6.1978,94.78,1.43,7.96
2025-04-06,SBG ENERGY,Tumakuru,Solar,200.0,27.06,56.92,2.1,6.2729,92.3,1.75,10.05
2025-04-06,TATA RENEWABLES,Tumakuru,Solar,400.0,27.06,56.92,2.1,6.2729,92.3,2.34,13.27
2025-04-06,YARROW,Koppal,Solar,50.0,30.36,47.29,2.11,6.1978,94.78,0.35,1.94
2025-04-07,KOPPAL_AYANASIX_W,Koppal,Wind,50.0,30.55,40.38,1.94,6.8266,94.78,0.39,7.75
2025-04-07,KOPPAL_RENEWROSHNI_W,Koppal,Wind,73.0,30.55,40.38,1.94,6.8266,94.78,0.38,7.18
2025-04-07,KOPPAL SRI1PL,Koppal,Solar,120.0,30.55,40.38,1.94,6.8266,94.78,0.51,7.96
2025-04-07,IRCON SOLAR,Koppal,Solar,50.0,30.55,40.38,1.94,6.8266,94.78,0.69,1.42
2025-04-07,GADAG_VENA_W,Gadag,Wind,133.0,30.73,39.05,1.85,6.0878,94.12,0.51,2.63
2025-04-07,GADAG_VENA_S,Gadag,Solar,31.0,30.73,39.05,1.85,6.0878,94.12,0.56,0.16
2025-04-07,KOPPAL_RENEWOJAS_S,Koppal,Solar,81.0,30.55,40.38,1.94,6.8266,94.78,1.1,4.26
2025-04-07,All ADYAH,Tumakuru,Solar,300.0,27.96,50.04,2.85,7.1974,92.31,0.37,12.21
2025-04-07,AMPLUS PAVAGADA,Tumakuru,Solar,50.0,27.96,50.04,2.85,7.1974,92.31,2.27,4.34
2025-04-07,AMPLUS TUMKUR,Tumakuru,Solar,50.0,27.96,50.04,2.85,7.1974,92.31,0.4,2.45
2025-04-07,AVAADA SOLAR,Koppal,Solar,150.0,30.55,40.38,1.94,6.8266,94.78,0.4,6.3
2025-04-07,AVAADA SOLARISE,Koppal,Solar,150.0,30.55,40.38,1.94,6.8266,94.78,1.1,7.02
2025-04-07,AZURE POWER EARTH,Koppal,Solar,100.0,30.55,40.38,1.94,6.8266,94.78,1.14,5.34
2025-04-07,FORTUM FIN SURYA,Tumakuru,Solar,100.0,27.96,50.04,2.85,7.1974,92.31,0.8,4.46
2025-04-07,FORTUM SOLAR,Tumakuru,Solar,250.0,27.96,50.04,2.85,7.1974,92.31,1.56,3.51
2025-04-07,PARAMPUJYA,Tumakuru,Solar,150.0,27.96,50.04,2.85,7.1974,92.31,0.78,2.84
2025-04-07,RENEW TN2,Koppal,Solar,50.0,30.55,40.38,1.94,6.8266,94.78,0.39,8.35
2025-04-07,SBG ENERGY,Tumakuru,Solar,200.0,27.96,50.04,2.85,7.1974,92.31,1.53,11.58
2025-04-07,TATA RENEWABLES,Tumakuru,Solar,400.0,27.96,50.04,2.85,7.1974,92.31,1.9,15.17
2025-04-07,YARROW,Koppal,Solar,50.0,30.55,40.38,1.94,6.8266,94.78,2.59,4.53
2025-04-08,KOPPAL_AYANASIX_W,Koppal,Wind,50.0,30.24,42.43,2.23,6.8755,94.89,1.22,8.97
2025-04-08,KOPPAL_RENEWROSHNI_W,Koppal,Wind,73.0,30.24,42.43,2.23,6.8755,94.89,1.63,8.81
2025-04-08,KOPPAL SRI1PL,Koppal,Solar,120.0,30.24,42.43,2.23,6.8755,94.89,1.51,9.47
2025-04-08,IRCON SOLAR,Koppal,Solar,50.0,30.24,42.43,2.23,6.8755,94.89,-1.57,-0.15
2025-04-08,GADAG_VENA_W,Gadag,Wind,133.0,29.68,44.74,1.9,6.1555,94.22,0.32,2.95
2025-04-08,GADAG_VENA_S,Gadag,Solar,31.0,29.68,44.74,1.9,6.1555,94.22,-0.25,-0.09
2025-04-08,KOPPAL_RENEWOJAS_S,Koppal,Solar,81.0,30.24,42.43,2.23,6.8755,94.89,0.5,4.76
2025-04-08,All ADYAH,Tumakuru,Solar,300.0,28.29,45.76,3.13,6.9629,92.41,2.26,14.47
2025-04-08,AMPLUS PAVAGADA,Tumakuru,Solar,50.0,28.29,45.76,3.13,6.9629,92.41,0.39,4.73
2025-04-08,AMPLUS TUMKUR,Tumakuru,Solar,50.0,28.29,45.76,3.13,6.9629,92.41,0.39,2.84
2025-04-08,AVAADA SOLAR,Koppal,Solar,150.0,30.24,42.43,2.23,6.8755,94.89,1.1,7.4
2025-04-08,AVAADA SOLARISE,Koppal,Solar,150.0,30.24,42.43,2.23,6.8755,94.89,1.11,8.13
2025-04-08,AZURE POWER EARTH,Koppal,Solar,100.0,30.24,42.43,2.23,6.8755,94.89,0.8,6.14
2025-04-08,FORTUM FIN SURYA,Tumakuru,Solar,100.0,28.29,45.76,3.13,6.9629,92.41,0.68,5.14
2025-04-08,FORTUM SOLAR,Tumakuru,Solar,250.0,28.29,45.76,3.13,6.9629,92.41,0.37,3.88
2025-04-08,PARAMPUJYA,Tumakuru,Solar,150.0,28.29,45.76,3.13,6.9629,92.41,0.39,3.23
2025-04-08,RENEW TN2,Koppal,Solar,50.0,30.24,42.43,2.23,6.8755,94.89,1.51,9.86
2025-04-08,SBG ENERGY,Tumakuru,Solar,200.0,28.29,45.76,3.13,6.9629,92.41,1.89,13.47
2025-04-08,TATA RENEWABLES,Tumakuru,Solar,400.0,28.29,45.76,3.13,6.9629,92.41,2.57,17.74
2025-04-08,YARROW,Koppal,Solar,50.0,30.24,42.43,2.23,6.8755,94.89,0.36,4.89
2025-04-09,KOPPAL_AYANASIX_W,Koppal,Wind,50.0,30.23,43.16,1.98,6.7728,94.83,1.11,10.08
2025-04-09,KOPPAL_RENEWROSHNI_W,Koppal,Wind,73.0,30.23,43.16,1.98,6.7728,94.83,0.67,9.48
2025-04-09,KOPPAL SRI1PL,Koppal,Solar,120.0,30.23,43.16,1.98,6.7728,94.83,1.34,10.81
2025-04-09,IRCON SOLAR,Koppal,Solar,50.0,30.23,43.16,1.98,6.7728,94.83,-1.57,-1.72
2025-04-09,GADAG_VENA_W,Gadag,Wind,133.0,29.84,46.24,2.02,6.4078,94.16,0.52,3.47
2025-04-09,GADAG_VENA_S,Gadag,Solar,31.0,29.84,46.24,2.02,6.4078,94.16,0.0,-0.09
2025-04-09,KOPPAL_RENEWOJAS_S,Koppal,Solar,81.0,30.23,43.16,1.98,6.7728,94.83,0.55,5.31
2025-04-09,All ADYAH,Tumakuru,Solar,300.0,27.82,45.76,2.2,6.6898,92.33,2.25,16.72
2025-04-09,AMPLUS PAVAGADA,Tumakuru,Solar,50.0,27.82,45.76,2.2,6.6898,92.33,0.38,5.11
2025-04-09,AMPLUS TUMKUR,Tumakuru,Solar,50.0,27.82,45.76,2.2,6.6898,92.33,0.38,3.22
2025-04-09,AVAADA SOLAR,Koppal,Solar,150.0,30.23,43.16,1.98,6.7728,94.83,1.1,8.5
2025-04-09,AVAADA SOLARISE,Koppal,Solar,150.0,30.23,43.16,1.98,6.7728,94.83,1.1,9.23
2025-04-09,AZURE POWER EARTH,Koppal,Solar,100.0,30.23,43.16,1.98,6.7728,94.83,0.79,6.93
2025-04-09,FORTUM FIN SURYA,Tumakuru,Solar,100.0,27.82,45.76,2.2,6.6898,92.33,0.67,5.81
2025-04-09,FORTUM SOLAR,Tumakuru,Solar,250.0,27.82,45.76,2.2,6.6898,92.33,0.35,4.23
2025-04-09,PARAMPUJYA,Tumakuru,Solar,150.0,27.82,45.76,2.2,6.6898,92.33,0.39,3.62
2025-04-09,RENEW TN2,Koppal,Solar,50.0,30.23,43.16,1.98,6.7728,94.83,1.49,11.35
2025-04-09,SBG ENERGY,Tumakuru,Solar,200.0,27.82,45.76,2.2,6.6898,92.33,1.9,15.37
2025-04-09,TATA RENEWABLES,Tumakuru,Solar,400.0,27.82,45.76,2.2,6.6898,92.33,2.54,20.28
2025-04-09,YARROW,Koppal,Solar,50.0,30.23,43.16,1.98,6.7728,94.83,0.36,5.25
2025-04-10,KOPPAL_AYANASIX_W,Koppal,Wind,50.0,30.45,43.67,2.95,6.3509,94.6,3.63,13.71
2025-04-10,KOPPAL_RENEWROSHNI_W,Koppal,Wind,73.0,30.45,43.67,2.95,6.3509,94.6,1.67,11.15
2025-04-10,KOPPAL SRI1PL,Koppal,Solar,120.0,30.45,43.67,2.95,6.3509,94.6,1.6,12.41
2025-04-10,IRCON SOLAR,Koppal,Solar,50.0,30.45,43.67,2.95,6.3509,94.6,-2.93,-4.65
2025-04-10,GADAG_VENA_W,Gadag,Wind,133.0,29.42,47.25,3.34,6.4992,94.0,0.78,4.25
2025-04-10,GADAG_VENA_S,Gadag,Solar,31.0,29.42,47.25,3.34,6.4992,94.0,0.0,-0.09
2025-04-10,KOPPAL_RENEWOJAS_S,Koppal,Solar,81.0,30.45,43.67,2.95,6.3509,94.6,0.52,5.83
2025-04-10,All ADYAH,Tumakuru,Solar,300.0,27.89,49.09,2.06,6.5158,92.16,2.17,18.89
2025-04-10,AMPLUS PAVAGADA,Tumakuru,Solar,50.0,27.89,49.09,2.06,6.5158,92.16,0.38,5.49
2025-04-10,AMPLUS TUMKUR,Tumakuru,Solar,50.0,27.89,49.09,2.06,6.5158,92.16,0.38,3.6
2025-04-10,AVAADA SOLAR,Koppal,Solar,150.0,30.45,43.67,2.95,6.3509,94.6,1.1,9.6
2025-04-10,AVAADA SOLARISE,Koppal,Solar,150.0,30.45,43.67,2.95,6.3509,94.6,1.01,10.24
2025-04-10,AZURE POWER EARTH,Koppal,Solar,100.0,30.45,43.67,2.95,6.3509,94.6,0.77,7.7
2025-04-10,FORTUM FIN SURYA,Tumakuru,Solar,100.0,27.89,49.09,2.06,6.5158,92.16,0.66,6.47
2025-04-10,FORTUM SOLAR,Tumakuru,Solar,250.0,27.89,49.09,2.06,6.5158,92.16,0.35,4.58
2025-04-10,PARAMPUJYA,Tumakuru,Solar,150.0,27.89,49.09,2.06,6.5158,92.16,0.37,3.99
2025-04-10,RENEW TN2,Koppal,Solar,50.0,30.45,43.67,2.95,6.3509,94.6,1.49,12.84
2025-04-10,SBG ENERGY,Tumakuru,Solar,200.0,27.89,49.09,2.06,6.5158,92.16,1.74,17.11
2025-04-10,TATA RENEWABLES,Tumakuru,Solar,400.0,27.89,49.09,2.06,6.5158,92.16,2.49,22.77
2025-04-10,YARROW,Koppal,Solar,50.0,30.45,43.67,2.95,6.3509,94.6,0.35,5.6
2025-04-11,KOPPAL_AYANASIX_W,Koppal,Wind,50.0,30.38,44.6,2.54,6.5935,94.56,2.73,16.44
2025-04-11,KOPPAL_RENEWROSHNI_W,Koppal,Wind,73.0,30.38,44.6,2.54,6.5935,94.56,1.46,12.61
2025-04-11,KOPPAL SRI1PL,Koppal,Solar,120.0,30.38,44.6,2.54,6.5935,94.56,1.15,13.56
2025-04-11,IRCON SOLAR,Koppal,Solar,50.0,30.38,44.6,2.54,6.5935,94.56,-4.44,-9.09
2025-04-11,GADAG_VENA_W,Gadag,Wind,133.0,29.53,49.27,2.65,6.2554,93.93,1.47,5.72
2025-04-11,GADAG_VENA_S,Gadag,Solar,31.0,29.53,49.27,2.65,6.2554,93.93,-0.24,-0.33
2025-04-11,KOPPAL_RENEWOJAS_S,Koppal,Solar,81.0,30.38,44.6,2.54,6.5935,94.56,0.49,6.32
2025-04-11,All ADYAH,Tumakuru,Solar,300.0,28.49,52.0,2.59,5.9626,92.1,2.19,21.08
2025-04-11,AMPLUS PAVAGADA,Tumakuru,Solar,50.0,28.49,52.0,2.59,5.9626,92.1,0.39,5.88
2025-04-11,AMPLUS TUMKUR,Tumakuru,Solar,50.0,28.49,52.0,2.59,5.9626,92.1,0.38,3.98
2025-04-11,AVAADA SOLAR,Koppal,Solar,150.0,30.38,44.6,2.54,6.5935,94.56,1.1,10.7
2025-04-11,AVAADA SOLARISE,Koppal,Solar,150.0,30.38,44.6,2.54,6.5935,94.56,1.09,11.33
2025-04-11,AZURE POWER EARTH,Koppal,Solar,100.0,30.38,44.6,2.54,6.5935,94.56,0.78,8.48
2025-04-11,FORTUM FIN SURYA,Tumakuru,Solar,100.0,28.49,52.0,2.59,5.9626,92.1,0.68,7.15
2025-04-11,FORTUM SOLAR,Tumakuru,Solar,250.0,28.49,52.0,2.59,5.9626,92.1,0.36,4.94
2025-04-11,PARAMPUJYA,Tumakuru,Solar,150.0,28.49,52.0,2.59,5.9626,92.1,0.38,4.37
2025-04-11,RENEW TN2,Koppal,Solar,50.0,30.38,44.6,2.54,6.5935,94.56,1.34,14.18
2025-04-11,SBG ENERGY,Tumakuru,Solar,200.0,28.49,52.0,2.59,5.9626,92.1,1.86,18.97
2025-04-11,TATA RENEWABLES,Tumakuru,Solar,400.0,28.49,52.0,2.59,5.9626,92.1,2.5,25.27
2025-04-11,YARROW,Koppal,Solar,50.0,30.38,44.6,2.54,6.5935,94.56,0.36,5.96
2025-04-12,KOPPAL_AYANASIX_W,Koppal,Wind,50.0,30.79,44.43,2.59,6.7601,94.69,2.3,18.74
2025-04-12,KOPPAL_RENEWROSHNI_W,Koppal,Wind,73.0,30.79,44.43,2.59,6.7601,94.69,2.35,14.96
2025-04-12,KOPPAL SRI1PL,Koppal,Solar,120.0,30.79,44.43,2.59,6.7601,94.69,1.14,14.7
2025-04-12,IRCON SOLAR,Koppal,Solar,50.0,30.79,44.43,2.59,6.7601,94.69,4.44,-4.65
2025-04-12,GADAG_VENA_W,Gadag,Wind,133.0,30.09,46.01,2.59,6.6298,94.06,0.53,6.25
2025-04-12,GADAG_VENA_S,Gadag,Solar,31.0,30.09,46.01,2.59,6.6298,94.06,0.26,-0.07
2025-04-12,KOPPAL_RENEWOJAS_S,Koppal,Solar,81.0,30.79,44.43,2.59,6.7601,94.69,0.57,6.89
2025-04-12,All ADYAH,Tumakuru,Solar,300.0,28.2,54.18,2.27,6.5417,92.22,2.32,23.4
2025-04-12,AMPLUS PAVAGADA,Tumakuru,Solar,50.0,28.2,54.18,2.27,6.5417,92.22,0.4,6.28
2025-04-12,AMPLUS TUMKUR,Tumakuru,Solar,50.0,28.2,54.18,2.27,6.5417,92.22,0.4,4.38
2025-04-12,AVAADA SOLAR,Koppal,Solar,150.0,30.79,44.43,2.59,6.7601,94.69,1.16,11.86
2025-04-12,AVAADA SOLARISE,Koppal,Solar,150.0,30.79,44.43,2.59,6.7601,94.69,1.14,12.47
2025-04-12,AZURE POWER EARTH,Koppal,Solar,100.0,30.79,44.43,2.59,6.7601,94.69,0.82,9.3
2025-04-12,FORTUM FIN SURYA,Tumakuru,Solar,100.0,28.2,54.18,2.27,6.5417,92.22,0.71,7.86
2025-04-12,FORTUM SOLAR,Tumakuru,Solar,250.0,28.2,54.18,2.27,6.5417,92.22,0.38,5.32
2025-04-12,PARAMPUJYA,Tumakuru,Solar,150.0,28.2,54.18,2.27,6.5417,92.22,0.42,4.79
2025-04-12,RENEW TN2,Koppal,Solar,50.0,30.79,44.43,2.59,6.7601,94.69,1.54,15.72
2025-04-12,SBG ENERGY,Tumakuru,Solar,200.0,28.2,54.18,2.27,6.5417,92.22,1.96,20.93
2025-04-12,TATA RENEWABLES,Tumakuru,Solar,400.0,28.2,54.18,2.27,6.5417,92.22,2.66,27.93
2025-04-12,YARROW,Koppal,Solar,50.0,30.79,44.43,2.59,6.7601,94.69,0.38,6.34
2025-04-13,KOPPAL_AYANASIX_W,Koppal,Wind,50.0,31.57,27.4,2.76,7.2538,94.75,2.1,20.84
2025-04-13,KOPPAL_RENEWROSHNI_W,Koppal,Wind,73.0,31.57,27.4,2.76,7.2538,94.75,1.3,16.26
2025-04-13,KOPPAL SRI1PL,Koppal,Solar,120.0,31.57,27.4,2.76,7.2538,94.75,1.57,16.27
2025-04-13,IRCON SOLAR,Koppal,Solar,50.0,31.57,27.4,2.76,7.2538,94.75,4.44,-0.21
2025-04-13,GADAG_VENA_W,Gadag,Wind,133.0,30.68,33.75,2.6,7.1196,94.12,0.44,6.69
2025-04-13,GADAG_VENA_S,Gadag,Solar,31.0,30.68,33.75,2.6,7.1196,94.12,-0.26,-0.33
2025-04-13,KOPPAL_RENEWOJAS_S,Koppal,Solar,81.0,31.57,27.4,2.76,7.2538,94.75,0.59,7.48
2025-04-13,All ADYAH,Tumakuru,Solar,300.0,28.55,53.01,1.68,6.779,92.29,2.2,25.6
2025-04-13,AMPLUS PAVAGADA,Tumakuru,Solar,50.0,28.55,53.01,1.68,6.779,92.29,0.39,6.67
2025-04-13,AMPLUS TUMKUR,Tumakuru,Solar,50.0,28.55,53.01,1.68,6.779,92.29,0.39,4.77
2025-04-13,AVAADA SOLAR,Koppal,Solar,150.0,31.57,27.4,2.76,7.2538,94.75,1.1,12.96
2025-04-13,AVAADA SOLARISE,Koppal,Solar,150.0,31.57,27.4,2.76,7.2538,94.75,1.1,13.57
2025-04-13,AZURE POWER EARTH,Koppal,Solar,100.0,31.57,27.4,2.76,7.2538,94.75,0.78,10.08
2025-04-13,FORTUM FIN SURYA,Tumakuru,Solar,100.0,28.55,53.01,1.68,6.779,92.29,0.68,8.54
2025-04-13,FORTUM SOLAR,Tumakuru,Solar,250.0,28.55,53.01,1.68,6.779,92.29,0.37,5.69
2025-04-13,PARAMPUJYA,Tumakuru,Solar,150.0,28.55,53.01,1.68,6.779,92.29,0.38,5.17
2025-04-13,RENEW TN2,Koppal,Solar,50.0,31.57,27.4,2.76,7.2538,94.75,1.48,17.2
2025-04-13,SBG ENERGY,Tumakuru,Solar,200.0,28.55,53.01,1.68,6.779,92.29,1.87,22.8
2025-04-13,TATA RENEWABLES,Tumakuru,Solar,400.0,28.55,53.01,1.68,6.779,92.29,2.54,30.47
2025-04-13,YARROW,Koppal,Solar,50.0,31.57,27.4,2.76,7.2538,94.75,0.38,6.72
2025-04-14,KOPPAL_AYANASIX_W,Koppal,Wind,50.0,31.3,32.09,1.58,7.0759,94.71,1.89,22.73
2025-04-14,KOPPAL_RENEWROSHNI_W,Koppal,Wind,73.0,31.3,32.09,1.58,7.0759,94.71,1.49,17.75
2025-04-14,KOPPAL SRI1PL,Koppal,Solar,120.0,31.3,32.09,1.58,7.0759,94.71,1.58,17.85
2025-04-14,IRCON SOLAR,Koppal,Solar,50.0,31.3,32.09,1.58,7.0759,94.71,4.44,4.23
2025-04-14,GADAG_VENA_W,Gadag,Wind,133.0,31.25,27.25,1.7,6.8599,94.06,0.42,7.11
2025-04-14,GADAG_VENA_S,Gadag,Solar,31.0,31.25,27.25,1.7,6.8599,94.06,-0.26,-0.59
2025-04-14,KOPPAL_RENEWOJAS_S,Koppal,Solar,81.0,31.3,32.09,1.58,7.0759,94.71,0.59,8.07
2025-04-14,All ADYAH,Tumakuru,Solar,300.0,28.24,51.96,1.72,6.395,92.26,2.19,27.79
2025-04-14,AMPLUS PAVAGADA,Tumakuru,Solar,50.0,28.24,51.96,1.72,6.395,92.26,0.35,7.02
2025-04-14,AMPLUS TUMKUR,Tumakuru,Solar,50.0,28.24,51.96,1.72,6.395,92.26,0.36,5.13
2025-04-14,AVAADA SOLAR,Koppal,Solar,150.0,31.3,32.09,1.58,7.0759,94.71,1.05,14.01
2025-04-14,AVAADA SOLARISE,Koppal,Solar,150.0,31.3,32.09,1.58,7.0759,94.71,1.03,14.6
2025-04-14,AZURE POWER EARTH,Koppal,Solar,100.0,31.3,32.09,1.58,7.0759,94.71,0.78,10.86
2025-04-14,FORTUM FIN SURYA,Tumakuru,Solar,100.0,28.24,51.96,1.72,6.395,92.26,0.65,9.19
2025-04-14,FORTUM SOLAR,Tumakuru,Solar,250.0,28.24,51.96,1.72,6.395,92.26,0.34,6.03
2025-04-14,PARAMPUJYA,Tumakuru,Solar,150.0,28.24,51.96,1.72,6.395,92.26,0.36,5.53
2025-04-14,RENEW TN2,Koppal,Solar,50.0,31.3,32.09,1.58,7.0759,94.71,1.49,18.69
2025-04-14,SBG ENERGY,Tumakuru,Solar,200.0,28.24,51.96,1.72,6.395,92.26,1.81,24.61
2025-04-14,TATA RENEWABLES,Tumakuru,Solar,400.0,28.24,51.96,1.72,6.395,92.26,2.47,32.94
2025-04-14,YARROW,Koppal,Solar,50.0,31.3,32.09,1.58,7.0759,94.71,0.35,7.07
2025-04-15,KOPPAL_AYANASIX_W,Koppal,Wind,50.0,31.66,34.11,1.34,6.5767,94.67,1.81,24.54
2025-04-15,KOPPAL_RENEWROSHNI_W,Koppal,Wind,73.0,31.66,34.11,1.34,6.5767,94.67,1.78,19.53
2025-04-15,KOPPAL SRI1PL,Koppal,Solar,120.0,31.66,34.11,1.34,6.5767,94.67,1.3,19.15
2025-04-15,IRCON SOLAR,Koppal,Solar,50.0,31.66,34.11,1.34,6.5767,94.67,4.44,8.67
2025-04-15,GADAG_VENA_W,Gadag,Wind,133.0,31.56,33.28,1.34,6.6314,94.02,0.68,7.79
2025-04-15,GADAG_VENA_S,Gadag,Solar,31.0,31.56,33.28,1.34,6.6314,94.02,-0.23,-0.82
2025-04-15,KOPPAL_RENEWOJAS_S,Koppal,Solar,81.0,31.66,34.11,1.34,6.5767,94.67,0.51,8.58
2025-04-15,All ADYAH,Tumakuru,Solar,300.0,28.54,53.53,1.77,6.696,92.23,2.31,30.1
2025-04-15,AMPLUS PAVAGADA,Tumakuru,Solar,50.0,28.54,53.53,1.77,6.696,92.23,0.38,7.4
2025-04-15,AMPLUS TUMKUR,Tumakuru,Solar,50.0,28.54,53.53,1.77,6.696,92.23,0.38,5.51
2025-04-15,AVAADA SOLAR,Koppal,Solar,150.0,31.66,34.11,1.34,6.5767,94.67,1.1,15.11
2025-04-15,AVAADA SOLARISE,Koppal,Solar,150.0,31.66,34.11,1.34,6.5767,94.67,1.07,15.67
2025-04-15,AZURE POWER EARTH,Koppal,Solar,100.0,31.66,34.11,1.34,6.5767,94.67,0.81,11.67
2025-04-15,FORTUM FIN SURYA,Tumakuru,Solar,100.0,28.54,53.53,1.77,6.696,92.23,0.7,9.89
2025-04-15,FORTUM SOLAR,Tumakuru,Solar,250.0,28.54,53.53,1.77,6.696,92.23,0.37,6.4
2025-04-15,PARAMPUJYA,Tumakuru,Solar,150.0,28.54,53.53,1.77,6.696,92.23,0.4,5.93
2025-04-15,RENEW TN2,Koppal,Solar,50.0,31.66,34.11,1.34,6.5767,94.67,1.51,20.2
2025-04-15,SBG ENERGY,Tumakuru,Solar,200.0,28.54,53.53,1.77,6.696,92.23,1.91,26.52
2025-04-15,TATA RENEWABLES,Tumakuru,Solar,400.0,28.54,53.53,1.77,6.696,92.23,2.62,35.56
2025-04-15,YARROW,Koppal,Solar,50.0,31.66,34.11,1.34,6.5767,94.67,0.38,7.45
2025-04-16,KOPPAL_AYANASIX_W,Koppal,Wind,50.0,31.41,41.64,1.88,6.4452,94.68,2.18,26.72
2025-04-16,KOPPAL_RENEWROSHNI_W,Koppal,Wind,73.0,31.41,41.64,1.88,6.4452,94.68,1.67,21.2
2025-04-16,KOPPAL SRI1PL,Koppal,Solar,120.0,31.41,41.64,1.88,6.4452,94.68,1.33,20.48
2025-04-16,IRCON SOLAR,Koppal,Solar,50.0,31.41,41.64,1.88,6.4452,94.68,1.01,9.68
2025-04-16,GADAG_VENA_W,Gadag,Wind,133.0,31.36,42.24,2.35,6.7452,94.04,0.57,8.36
2025-04-16,GADAG_VENA_S,Gadag,Solar,31.0,31.36,42.24,2.35,6.7452,94.04,0.74,-0.08
2025-04-16,KOPPAL_RENEWOJAS_S,Koppal,Solar,81.0,31.41,41.64,1.88,6.4452,94.68,0.53,9.11
2025-04-16,All ADYAH,Tumakuru,Solar,300.0,28.21,59.58,1.98,6.51,92.27,2.18,32.28
2025-04-16,AMPLUS PAVAGADA,Tumakuru,Solar,50.0,28.21,59.58,1.98,6.51,92.27,0.37,7.77
2025-04-16,AMPLUS TUMKUR,Tumakuru,Solar,50.0,28.21,59.58,1.98,6.51,92.27,0.37,5.88
2025-04-16,AVAADA SOLAR,Koppal,Solar,150.0,31.41,41.64,1.88,6.4452,94.68,1.06,16.17
2025-04-16,AVAADA SOLARISE,Koppal,Solar,150.0,31.41,41.64,1.88,6.4452,94.68,1.04,16.71
2025-04-16,AZURE POWER EARTH,Koppal,Solar,100.0,31.41,41.64,1.88,6.4452,94.68,0.77,12.44
2025-04-16,FORTUM FIN SURYA,Tumakuru,Solar,100.0,28.21,59.58,1.98,6.51,92.27,0.65,10.54
2025-04-16,FORTUM SOLAR,Tumakuru,Solar,250.0,28.21,59.58,1.98,6.51,92.27,0.35,6.75
2025-04-16,PARAMPUJYA,Tumakuru,Solar,150.0,28.21,59.58,1.98,6.51,92.27,0.37,6.3
2025-04-16,RENEW TN2,Koppal,Solar,50.0,31.41,41.64,1.88,6.4452,94.68,1.46,21.66
2025-04-16,SBG ENERGY,Tumakuru,Solar,200.0,28.21,59.58,1.98,6.51,92.27,1.82,28.34
2025-04-16,TATA RENEWABLES,Tumakuru,Solar,400.0,28.21,59.58,1.98,6.51,92.27,2.46,38.02
2025-04-16,YARROW,Koppal,Solar,50.0,31.41,41.64,1.88,6.4452,94.68,0.34,7.79
2025-04-17,KOPPAL_AYANASIX_W,Koppal,Wind,50.0,31.83,43.84,1.99,6.7121,94.63,1.84,28.56
2025-04-17,KOPPAL_RENEWROSHNI_W,Koppal,Wind,73.0,31.83,43.84,1.99,6.7121,94.63,0.92,22.12
2025-04-17,KOPPAL SRI1PL,Koppal,Solar,120.0,31.83,43.84,1.99,6.7121,94.63,1.53,22.01
2025-04-17,IRCON SOLAR,Koppal,Solar,50.0,31.83,43.84,1.99,6.7121,94.63,1.03,10.71
2025-04-17,GADAG_VENA_W,Gadag,Wind,133.0,31.48,44.76,2.29,7.0126,93.99,0.51,8.87
2025-04-17,GADAG_VENA_S,Gadag,Solar,31.0,31.48,44.76,2.29,7.0126,93.99,0.24,0.16
2025-04-17,KOPPAL_RENEWOJAS_S,Koppal,Solar,81.0,31.83,43.84,1.99,6.7121,94.63,0.54,9.65
2025-04-17,All ADYAH,Tumakuru,Solar,300.0,28.61,60.29,1.11,6.3648,92.2,2.02,34.3
2025-04-17,AMPLUS PAVAGADA,Tumakuru,Solar,50.0,28.61,60.29,1.11,6.3648,92.2,0.39,8.16
2025-04-17,AMPLUS TUMKUR,Tumakuru,Solar,50.0,28.61,60.29,1.11,6.3648,92.2,0.38,6.26
2025-04-17,AVAADA SOLAR,Koppal,Solar,150.0,31.83,43.84,1.99,6.7121,94.63,0.76,16.93
2025-04-17,AVAADA SOLARISE,Koppal,Solar,150.0,31.83,43.84,1.99,6.7121,94.63,1.05,17.76
2025-04-17,AZURE POWER EARTH,Koppal,Solar,100.0,31.83,43.84,1.99,6.7121,94.63,0.72,13.16
2025-04-17,FORTUM FIN SURYA,Tumakuru,Solar,100.0,28.61,60.29,1.11,6.3648,92.2,0.65,11.19
2025-04-17,FORTUM SOLAR,Tumakuru,Solar,250.0,28.61,60.29,1.11,6.3648,92.2,0.33,7.08
2025-04-17,PARAMPUJYA,Tumakuru,Solar,150.0,28.61,60.29,1.11,6.3648,92.2,0.36,6.66
2025-04-17,RENEW TN2,Koppal,Solar,50.0,31.83,43.84,1.99,6.7121,94.63,1.45,23.11
2025-04-17,SBG ENERGY,Tumakuru,Solar,200.0,28.61,60.29,1.11,6.3648,92.2,1.69,30.03
2025-04-17,TATA RENEWABLES,Tumakuru,Solar,400.0,28.61,60.29,1.11,6.3648,92.2,2.38,40.4
2025-04-17,YARROW,Koppal,Solar,50.0,31.83,43.84,1.99,6.7121,94.63,0.34,8.13
2025-04-18,KOPPAL_AYANASIX_W,Koppal,Wind,50.0,31.95,48.05,2.17,6.1615,94.59,2.56,31.12
2025-04-18,KOPPAL_RENEWROSHNI_W,Koppal,Wind,73.0,31.95,48.05,2.17,6.1615,94.59,0.79,22.91
2025-04-18,KOPPAL SRI1PL,Koppal,Solar,120.0,31.95,48.05,2.17,6.1615,94.59,1.4,23.41
2025-04-18,IRCON SOLAR,Koppal,Solar,50.0,31.95,48.05,2.17,6.1615,94.59,4.44,15.15
2025-04-18,GADAG_VENA_W,Gadag,Wind,133.0,31.62,48.91,2.5,6.7946,93.95,0.67,9.54
2025-04-18,GADAG_VENA_S,Gadag,Solar,31.0,31.62,48.91,2.5,6.7946,93.95,-0.24,-0.08
2025-04-18,KOPPAL_RENEWOJAS_S,Koppal,Solar,81.0,31.95,48.05,2.17,6.1615,94.59,0.48,10.13
2025-04-18,All ADYAH,Tumakuru,Solar,300.0,29.02,59.09,1.3,6.0583,92.15,2.07,36.37
2025-04-18,AMPLUS PAVAGADA,Tumakuru,Solar,50.0,29.02,59.09,1.3,6.0583,92.15,0.36,8.52
2025-04-18,AMPLUS TUMKUR,Tumakuru,Solar,50.0,29.02,59.09,1.3,6.0583,92.15,0.36,6.62
2025-04-18,AVAADA SOLAR,Koppal,Solar,150.0,31.95,48.05,2.17,6.1615,94.59,0.98,17.91
2025-04-18,AVAADA SOLARISE,Koppal,Solar,150.0,31.95,48.05,2.17,6.1615,94.59,1.03,18.79
2025-04-18,AZURE POWER EARTH,Koppal,Solar,100.0,31.95,48.05,2.17,6.1615,94.59,0.68,13.84
2025-04-18,FORTUM FIN SURYA,Tumakuru,Solar,100.0,29.02,59.09,1.3,6.0583,92.15,0.64,11.83
2025-04-18,FORTUM SOLAR,Tumakuru,Solar,250.0,29.02,59.09,1.3,6.0583,92.15,0.34,7.42
2025-04-18,PARAMPUJYA,Tumakuru,Solar,150.0,29.02,59.09,1.3,6.0583,92.15,0.34,7.0
2025-04-18,RENEW TN2,Koppal,Solar,50.0,31.95,48.05,2.17,6.1615,94.59,1.46,24.57
2025-04-18,SBG ENERGY,Tumakuru,Solar,200.0,29.02,59.09,1.3,6.0583,92.15,1.7,31.73
2025-04-18,TATA RENEWABLES,Tumakuru,Solar,400.0,29.02,59.09,1.3,6.0583,92.15,2.31,42.71
2025-04-18,YARROW,Koppal,Solar,50.0,31.95,48.05,2.17,6.1615,94.59,0.34,8.47
2025-04-19,KOPPAL_AYANASIX_W,Koppal,Wind,50.0,31.49,51.92,2.5,6.3038,94.61,2.02,33.14
2025-04-19,KOPPAL_RENEWROSHNI_W,Koppal,Wind,73.0,31.49,51.92,2.5,6.3038,94.61,0.46,23.37
2025-04-19,KOPPAL SRI1PL,Koppal,Solar,120.0,31.49,51.92,2.5,6.3038,94.61,1.48,24.89
2025-04-19,IRCON SOLAR,Koppal,Solar,50.0,31.49,51.92,2.5,6.3038,94.61,4.44,19.59
2025-04-19,GADAG_VENA_W,Gadag,Wind,133.0,31.03,50.97,2.83,5.9983,93.98,0.73,10.27
2025-04-19,GADAG_VENA_S,Gadag,Solar,31.0,31.03,50.97,2.83,5.9983,93.98,-0.25,-0.33
2025-04-19,KOPPAL_RENEWOJAS_S,Koppal,Solar,81.0,31.49,51.92,2.5,6.3038,94.61,0.57,10.7
2025-04-19,All ADYAH,Tumakuru,Solar,300.0,28.84,59.06,2.24,6.7001,92.15,2.22,38.59
2025-04-19,AMPLUS PAVAGADA,Tumakuru,Solar,50.0,28.84,59.06,2.24,6.7001,92.15,0.39,8.91
2025-04-19,AMPLUS TUMKUR,Tumakuru,Solar,50.0,28.84,59.06,2.24,6.7001,92.15,0.38,7.0
2025-04-19,AVAADA SOLAR,Koppal,Solar,150.0,31.49,51.92,2.5,6.3038,94.61,1.07,18.98
2025-04-19,AVAADA SOLARISE,Koppal,Solar,150.0,31.49,51.92,2.5,6.3038,94.61,1.08,19.87
2025-04-19,AZURE POWER EARTH,Koppal,Solar,100.0,31.49,51.92,2.5,6.3038,94.61,0.78,14.62
2025-04-19,FORTUM FIN SURYA,Tumakuru,Solar,100.0,28.84,59.06,2.24,6.7001,92.15,0.67,12.5
2025-04-19,FORTUM SOLAR,Tumakuru,Solar,250.0,28.84,59.06,2.24,6.7001,92.15,0.36,7.78
2025-04-19,PARAMPUJYA,Tumakuru,Solar,150.0,28.84,59.06,2.24,6.7001,92.15,0.37,7.37
2025-04-19,RENEW TN2,Koppal,Solar,50.0,31.49,51.92,2.5,6.3038,94.61,1.48,26.05
2025-04-19,SBG ENERGY,Tumakuru,Solar,200.0,28.84,59.06,2.24,6.7001,92.15,1.86,33.59
2025-04-19,TATA RENEWABLES,Tumakuru,Solar,400.0,28.84,59.06,2.24,6.7001,92.15,2.53,45.24
2025-04-19,YARROW,Koppal,Solar,50.0,31.49,51.92,2.5,6.3038,94.61,0.36,8.83
2025-04-20,KOPPAL_AYANASIX_W,Koppal,Wind,50.0,32.28,44.55,2.33,5.767,94.63,2.13,35.27
2025-04-20,KOPPAL_RENEWROSHNI_W,Koppal,Wind,73.0,32.28,44.55,2.33,5.767,94.63,1.1,24.47
2025-04-20,KOPPAL SRI1PL,Koppal,Solar,120.0,32.28,44.55,2.33,5.767,94.63,1.34,26.23
2025-04-20,IRCON SOLAR,Koppal,Solar,50.0,32.28,44.55,2.33,5.767,94.63,4.44,24.03
2025-04-20,GADAG_VENA_W,Gadag,Wind,133.0,31.52,45.6,2.74,5.9191,94.01,0.74,11.01
2025-04-20,GADAG_VENA_S,Gadag,Solar,31.0,31.52,45.6,2.74,5.9191,94.01,0.2,-0.13
2025-04-20,KOPPAL_RENEWOJAS_S,Koppal,Solar,81.0,32.28,44.55,2.33,5.767,94.63,0.49,11.19
2025-04-20,All ADYAH,Tumakuru,Solar,300.0,28.74,59.95,1.57,5.8469,92.2,2.1,40.69
2025-04-20,AMPLUS PAVAGADA,Tumakuru,Solar,50.0,28.74,59.95,1.57,5.8469,92.2,0.38,9.29
2025-04-20,AMPLUS TUMKUR,Tumakuru,Solar,50.0,28.74,59.95,1.57,5.8469,92.2,0.37,7.37
2025-04-20,AVAADA SOLAR,Koppal,Solar,150.0,32.28,44.55,2.33,5.767,94.63,1.03,20.01
2025-04-20,AVAADA SOLARISE,Koppal,Solar,150.0,32.28,44.55,2.33,5.767,94.63,1.04,20.91
2025-04-20,AZURE POWER EARTH,Koppal,Solar,100.0,32.28,44.55,2.33,5.767,94.63,0.77,15.39
2025-04-20,FORTUM FIN SURYA,Tumakuru,Solar,100.0,28.74,59.95,1.57,5.8469,92.2,0.64,13.14
2025-04-20,FORTUM SOLAR,Tumakuru,Solar,250.0,28.74,59.95,1.57,5.8469,92.2,0.33,8.11
2025-04-20,PARAMPUJYA,Tumakuru,Solar,150.0,28.74,59.95,1.57,5.8469,92.2,0.36,7.73
2025-04-20,RENEW TN2,Koppal,Solar,50.0,32.28,44.55,2.33,5.767,94.63,1.4,27.45
2025-04-20,SBG ENERGY,Tumakuru,Solar,200.0,28.74,59.95,1.57,5.8469,92.2,1.77,35.36
2025-04-20,TATA RENEWABLES,Tumakuru,Solar,400.0,28.74,59.95,1.57,5.8469,92.2,2.39,47.63
2025-04-20,YARROW,Koppal,Solar,50.0,32.28,44.55,2.33,5.767,94.63,0.35,9.18
2025-04-21,KOPPAL_AYANASIX_W,Koppal,Wind,50.0,31.6,49.81,2.3,6.4709,94.78,1.28,36.55
2025-04-21,KOPPAL_RENEWROSHNI_W,Koppal,Wind,73.0,31.6,49.81,2.3,6.4709,94.78,0.92,25.39
2025-04-21,KOPPAL SRI1PL,Koppal,Solar,120.0,31.6,49.81,2.3,6.4709,94.78,1.46,27.69
2025-04-21,IRCON SOLAR,Koppal,Solar,50.0,31.6,49.81,2.3,6.4709,94.78,-4.44,19.59
2025-04-21,GADAG_VENA_W,Gadag,Wind,133.0,31.56,45.19,2.45,6.319,94.13,0.46,11.47
2025-04-21,GADAG_VENA_S,Gadag,Solar,31.0,31.56,45.19,2.45,6.319,94.13,-0.26,-0.39
2025-04-21,KOPPAL_RENEWOJAS_S,Koppal,Solar,81.0,31.6,49.81,2.3,6.4709,94.78,0.59,11.78
2025-04-21,All ADYAH,Tumakuru,Solar,300.0,29.43,52.7,1.88,6.7802,92.32,2.3,42.99
2025-04-21,AMPLUS PAVAGADA,Tumakuru,Solar,50.0,29.43,52.7,1.88,6.7802,92.32,0.4,9.69
2025-04-21,AMPLUS TUMKUR,Tumakuru,Solar,50.0,29.43,52.7,1.88,6.7802,92.32,0.4,7.77
2025-04-21,AVAADA SOLAR,Koppal,Solar,150.0,31.6,49.81,2.3,6.4709,94.78,1.12,21.13
2025-04-21,AVAADA SOLARISE,Koppal,Solar,150.0,31.6,49.81,2.3,6.4709,94.78,1.13,22.04
2025-04-21,AZURE POWER EARTH,Koppal,Solar,100.0,31.6,49.81,2.3,6.4709,94.78,0.8,16.19
2025-04-21,FORTUM FIN SURYA,Tumakuru,Solar,100.0,29.43,52.7,1.88,6.7802,92.32,0.7,13.84
2025-04-21,FORTUM SOLAR,Tumakuru,Solar,250.0,29.43,52.7,1.88,6.7802,92.32,0.37,8.48
2025-04-21,PARAMPUJYA,Tumakuru,Solar,150.0,29.43,52.7,1.88,6.7802,92.32,0.35,8.08
2025-04-21,RENEW TN2,Koppal,Solar,50.0,31.6,49.81,2.3,6.4709,94.78,1.53,28.98
2025-04-21,SBG ENERGY,Tumakuru,Solar,200.0,29.43,52.7,1.88,6.7802,92.32,1.92,37.28
2025-04-21,TATA RENEWABLES,Tumakuru,Solar,400.0,29.43,52.7,1.88,6.7802,92.32,2.6,50.23
2025-04-21,YARROW,Koppal,Solar,50.0,31.6,49.81,2.3,6.4709,94.78,0.38,9.56
2025-04-22,KOPPAL_AYANASIX_W,Koppal,Wind,50.0,32.4,43.08,1.88,6.42,94.85,1.15,37.7
2025-04-22,KOPPAL_RENEWROSHNI_W,Koppal,Wind,73.0,32.4,43.08,1.88,6.42,94.85,0.83,26.22
2025-04-22,KOPPAL SRI1PL,Koppal,Solar,120.0,32.4,43.08,1.88,6.42,94.85,1.41,29.1
2025-04-22,IRCON SOLAR,Koppal,Solar,50.0,32.4,43.08,1.88,6.42,94.85,4.44,24.03
2025-04-22,GADAG_VENA_W,Gadag,Wind,133.0,31.83,42.16,1.88,5.8267,94.19,0.44,11.91
2025-04-22,GADAG_VENA_S,Gadag,Solar,31.0,31.83,42.16,1.88,5.8267,94.19,0.0,-0.39
2025-04-22,KOPPAL_RENEWOJAS_S,Koppal,Solar,81.0,32.4,43.08,1.88,6.42,94.85,0.55,12.33
2025-04-22,All ADYAH,Tumakuru,Solar,300.0,30.04,38.92,2.64,7.2866,92.38,2.29,45.28
2025-04-22,AMPLUS PAVAGADA,Tumakuru,Solar,50.0,30.04,38.92,2.64,7.2866,92.38,0.4,10.09
2025-04-22,AMPLUS TUMKUR,Tumakuru,Solar,50.0,30.04,38.92,2.64,7.2866,92.38,0.4,8.17
2025-04-22,AVAADA SOLAR,Koppal,Solar,150.0,32.4,43.08,1.88,6.42,94.85,1.1,22.23
2025-04-22,AVAADA SOLARISE,Koppal,Solar,150.0,32.4,43.08,1.88,6.42,94.85,1.13,23.17
2025-04-22,AZURE POWER EARTH,Koppal,Solar,100.0,32.4,43.08,1.88,6.42,94.85,0.81,17.0
2025-04-22,FORTUM FIN SURYA,Tumakuru,Solar,100.0,30.04,38.92,2.64,7.2866,92.38,0.69,14.53
2025-04-22,FORTUM SOLAR,Tumakuru,Solar,250.0,30.04,38.92,2.64,7.2866,92.38,0.37,8.85
2025-04-22,PARAMPUJYA,Tumakuru,Solar,150.0,30.04,38.92,2.64,7.2866,92.38,0.39,8.47
2025-04-22,RENEW TN2,Koppal,Solar,50.0,32.4,43.08,1.88,6.42,94.85,1.53,30.51
2025-04-22,SBG ENERGY,Tumakuru,Solar,200.0,30.04,38.92,2.64,7.2866,92.38,1.93,39.21
2025-04-22,TATA RENEWABLES,Tumakuru,Solar,400.0,30.04,38.92,2.64,7.2866,92.38,2.61,52.84
2025-04-22,YARROW,Koppal,Solar,50.0,32.4,43.08,1.88,6.42,94.85,0.38,9.94
2025-04-23,KOPPAL_AYANASIX_W,Koppal,Wind,50.0,32.16,40.42,1.48,6.803,94.72,1.42,39.12
2025-04-23,KOPPAL_RENEWROSHNI_W,Koppal,Wind,73.0,32.16,40.42,1.48,6.803,94.72,1.11,27.33
2025-04-23,KOPPAL SRI1PL,Koppal,Solar,120.0,32.16,40.42,1.48,6.803,94.72,1.4,30.5
2025-04-23,IRCON SOLAR,Koppal,Solar,50.0,32.16,40.42,1.48,6.803,94.72,4.44,28.47
2025-04-23,GADAG_VENA_W,Gadag,Wind,133.0,31.65,47.22,1.97,6.4589,94.07,0.26,12.17
2025-04-23,GADAG_VENA_S,Gadag,Solar,31.0,31.65,47.22,1.97,6.4589,94.07,0.24,-0.15
2025-04-23,KOPPAL_RENEWOJAS_S,Koppal,Solar,81.0,32.16,40.42,1.48,6.803,94.72,0.52,12.85
2025-04-23,All ADYAH,Tumakuru,Solar,300.0,30.06,35.13,2.51,7.1498,92.25,2.26,47.54
2025-04-23,AMPLUS PAVAGADA,Tumakuru,Solar,50.0,30.06,35.13,2.51,7.1498,92.25,0.4,10.49
2025-04-23,AMPLUS TUMKUR,Tumakuru,Solar,50.0,30.06,35.13,2.51,7.1498,92.25,0.4,8.57
2025-04-23,AVAADA SOLAR,Koppal,Solar,150.0,32.16,40.42,1.48,6.803,94.72,1.09,23.32
2025-04-23,AVAADA SOLARISE,Koppal,Solar,150.0,32.16,40.42,1.48,6.803,94.72,1.11,24.28
2025-04-23,AZURE POWER EARTH,Koppal,Solar,100.0,32.16,40.42,1.48,6.803,94.72,0.8,17.8
2025-04-23,FORTUM FIN SURYA,Tumakuru,Solar,100.0,30.06,35.13,2.51,7.1498,92.25,0.68,15.21
2025-04-23,FORTUM SOLAR,Tumakuru,Solar,250.0,30.06,35.13,2.51,7.1498,92.25,0.36,9.21
2025-04-23,PARAMPUJYA,Tumakuru,Solar,150.0,30.06,35.13,2.51,7.1498,92.25,0.38,8.85
2025-04-23,RENEW TN2,Koppal,Solar,50.0,32.16,40.42,1.48,6.803,94.72,1.51,32.02
2025-04-23,SBG ENERGY,Tumakuru,Solar,200.0,30.06,35.13,2.51,7.1498,92.25,1.89,41.1
2025-04-23,TATA RENEWABLES,Tumakuru,Solar,400.0,30.06,35.13,2.51,7.1498,92.25,2.59,55.43
2025-04-23,YARROW,Koppal,Solar,50.0,32.16,40.42,1.48,6.803,94.72,0.38,10.32
2025-04-24,KOPPAL_AYANASIX_W,Koppal,Wind,50.0,32.31,47.93,1.88,6.607,94.62,1.63,40.75
2025-04-24,KOPPAL_RENEWROSHNI_W,Koppal,Wind,73.0,32.31,47.93,1.88,6.607,94.62,1.46,28.79
2025-04-24,KOPPAL SRI1PL,Koppal,Solar,120.0,32.31,47.93,1.88,6.607,94.62,1.33,31.83
2025-04-24,IRCON SOLAR,Koppal,Solar,50.0,32.31,47.93,1.88,6.607,94.62,1.05,29.52
2025-04-24,GADAG_VENA_W,Gadag,Wind,133.0,31.28,52.51,1.99,6.24,93.98,0.78,12.95
2025-04-24,GADAG_VENA_S,Gadag,Solar,31.0,31.28,52.51,1.99,6.24,93.98,0.25,0.1
2025-04-24,KOPPAL_RENEWOJAS_S,Koppal,Solar,81.0,32.31,47.93,1.88,6.607,94.62,0.49,13.34
2025-04-24,All ADYAH,Tumakuru,Solar,300.0,30.05,37.19,2.56,7.1878,92.12,2.27,49.81
2025-04-24,AMPLUS PAVAGADA,Tumakuru,Solar,50.0,30.05,37.19,2.56,7.1878,92.12,0.4,10.89
2025-04-24,AMPLUS TUMKUR,Tumakuru,Solar,50.0,30.05,37.19,2.56,7.1878,92.12,0.39,8.96
2025-04-24,AVAADA SOLAR,Koppal,Solar,150.0,32.31,47.93,1.88,6.607,94.62,1.11,24.43
2025-04-24,AVAADA SOLARISE,Koppal,Solar,150.0,32.31,47.93,1.88,6.607,94.62,1.12,25.4
2025-04-24,AZURE POWER EARTH,Koppal,Solar,100.0,32.31,47.93,1.88,6.607,94.62,0.8,18.6
2025-04-24,FORTUM FIN SURYA,Tumakuru,Solar,100.0,30.05,37.19,2.56,7.1878,92.12,0.69,15.9
2025-04-24,FORTUM SOLAR,Tumakuru,Solar,250.0,30.05,37.19,2.56,7.1878,92.12,0.37,9.58
2025-04-24,PARAMPUJYA,Tumakuru,Solar,150.0,30.05,37.19,2.56,7.1878,92.12,0.38,9.23
2025-04-24,RENEW TN2,Koppal,Solar,50.0,32.31,47.93,1.88,6.607,94.62,1.52,33.54
2025-04-24,SBG ENERGY,Tumakuru,Solar,200.0,30.05,37.19,2.56,7.1878,92.12,1.9,43.0
2025-04-24,TATA RENEWABLES,Tumakuru,Solar,400.0,30.05,37.19,2.56,7.1878,92.12,2.58,58.01
2025-04-24,YARROW,Koppal,Solar,50.0,32.31,47.93,1.88,6.607,94.62,0.38,10.7
2025-04-25,KOPPAL_AYANASIX_W,Koppal,Wind,50.0,33.13,42.68,0.86,6.5729,94.62,1.32,42.07
2025-04-25,KOPPAL_RENEWROSHNI_W,Koppal,Wind,73.0,33.13,42.68,0.86,6.5729,94.62,1.28,30.07
2025-04-25,KOPPAL SRI1PL,Koppal,Solar,120.0,33.13,42.68,0.86,6.5729,94.62,1.28,33.11
2025-04-25,IRCON SOLAR,Koppal,Solar,50.0,33.13,42.68,0.86,6.5729,94.62,1.08,30.6
2025-04-25,GADAG_VENA_W,Gadag,Wind,133.0,31.27,52.49,1.66,6.0365,93.99,0.9,13.85
2025-04-25,GADAG_VENA_S,Gadag,Solar,31.0,31.27,52.49,1.66,6.0365,93.99,0.2,0.3
2025-04-25,KOPPAL_RENEWOJAS_S,Koppal,Solar,81.0,33.13,42.68,0.86,6.5729,94.62,0.51,13.85
2025-04-25,All ADYAH,Tumakuru,Solar,300.0,31.35,38.56,2.91,6.4404,92.13,2.21,52.02
2025-04-25,AMPLUS PAVAGADA,Tumakuru,Solar,50.0,31.35,38.56,2.91,6.4404,92.13,0.39,11.28
2025-04-25,AMPLUS TUMKUR,Tumakuru,Solar,50.0,31.35,38.56,2.91,6.4404,92.13,0.38,9.34
2025-04-25,AVAADA SOLAR,Koppal,Solar,150.0,33.13,42.68,0.86,6.5729,94.62,1.07,25.5
2025-04-25,AVAADA SOLARISE,Koppal,Solar,150.0,33.13,42.68,0.86,6.5729,94.62,1.08,26.48
2025-04-25,AZURE POWER EARTH,Koppal,Solar,100.0,33.13,42.68,0.86,6.5729,94.62,0.78,19.38
2025-04-25,FORTUM FIN SURYA,Tumakuru,Solar,100.0,31.35,38.56,2.91,6.4404,92.13,0.66,16.56
2025-04-25,FORTUM SOLAR,Tumakuru,Solar,250.0,31.35,38.56,2.91,6.4404,92.13,0.36,9.94
2025-04-25,PARAMPUJYA,Tumakuru,Solar,150.0,31.35,38.56,2.91,6.4404,92.13,0.38,9.61
2025-04-25,RENEW TN2,Koppal,Solar,50.0,33.13,42.68,0.86,6.5729,94.62,1.47,35.01
2025-04-25,SBG ENERGY,Tumakuru,Solar,200.0,31.35,38.56,2.91,6.4404,92.13,1.85,44.85
2025-04-25,TATA RENEWABLES,Tumakuru,Solar,400.0,31.35,38.56,2.91,6.4404,92.13,2.55,60.56
2025-04-25,YARROW,Koppal,Solar,50.0,33.13,42.68,0.86,6.5729,94.62,0.38,11.08
2025-04-26,KOPPAL_AYANASIX_W,Koppal,Wind,50.0,32.63,45.82,1.64,6.2854,94.63,-0.06,42.01
2025-04-26,KOPPAL_RENEWROSHNI_W,Koppal,Wind,73.0,32.63,45.82,1.64,6.2854,94.63,0.81,30.88
2025-04-26,KOPPAL SRI1PL,Koppal,Solar,120.0,32.63,45.82,1.64,6.2854,94.63,1.27,34.38
2025-04-26,IRCON SOLAR,Koppal,Solar,50.0,32.63,45.82,1.64,6.2854,94.63,4.44,35.04
2025-04-26,GADAG_VENA_W,Gadag,Wind,133.0,30.85,52.43,2.22,6.2422,94.01,0.67,14.52
2025-04-26,GADAG_VENA_S,Gadag,Solar,31.0,30.85,52.43,2.22,6.2422,94.01,-0.24,0.06
2025-04-26,KOPPAL_RENEWOJAS_S,Koppal,Solar,81.0,32.63,45.82,1.64,6.2854,94.63,0.48,14.33
2025-04-26,All ADYAH,Tumakuru,Solar,300.0,30.44,43.28,2.06,6.7675,92.14,2.25,54.27
2025-04-26,AMPLUS PAVAGADA,Tumakuru,Solar,50.0,30.44,43.28,2.06,6.7675,92.14,0.39,11.67
2025-04-26,AMPLUS TUMKUR,Tumakuru,Solar,50.0,30.44,43.28,2.06,6.7675,92.14,0.39,9.73
2025-04-26,AVAADA SOLAR,Koppal,Solar,150.0,32.63,45.82,1.64,6.2854,94.63,1.08,26.58
2025-04-26,AVAADA SOLARISE,Koppal,Solar,150.0,32.63,45.82,1.64,6.2854,94.63,1.09,27.57
2025-04-26,AZURE POWER EARTH,Koppal,Solar,100.0,32.63,45.82,1.64,6.2854,94.63,0.79,20.17
2025-04-26,FORTUM FIN SURYA,Tumakuru,Solar,100.0,30.44,43.28,2.06,6.7675,92.14,0.67,17.23
2025-04-26,FORTUM SOLAR,Tumakuru,Solar,250.0,30.44,43.28,2.06,6.7675,92.14,0.36,10.3
2025-04-26,PARAMPUJYA,Tumakuru,Solar,150.0,30.44,43.28,2.06,6.7675,92.14,0.37,9.98
2025-04-26,RENEW TN2,Koppal,Solar,50.0,32.63,45.82,1.64,6.2854,94.63,1.49,36.5
2025-04-26,SBG ENERGY,Tumakuru,Solar,200.0,30.44,43.28,2.06,6.7675,92.14,1.88,46.73
2025-04-26,TATA RENEWABLES,Tumakuru,Solar,400.0,30.44,43.28,2.06,6.7675,92.14,2.56,63.12
2025-04-26,YARROW,Koppal,Solar,50.0,32.63,45.82,1.64,6.2854,94.63,0.38,11.46
2025-04-27,KOPPAL_AYANASIX_W,Koppal,Wind,50.0,30.85,56.61,1.53,5.4528,94.7,-0.06,41.95
2025-04-27,KOPPAL_RENEWROSHNI_W,Koppal,Wind,73.0,30.85,56.61,1.53,5.4528,94.7,1.01,31.89
2025-04-27,KOPPAL SRI1PL,Koppal,Solar,120.0,30.85,56.61,1.53,5.4528,94.7,1.25,35.63
2025-04-27,IRCON SOLAR,Koppal,Solar,50.0,30.85,56.61,1.53,5.4528,94.7,4.44,39.48
2025-04-27,GADAG_VENA_W,Gadag,Wind,133.0,29.91,57.22,1.61,5.9784,94.06,1.05,15.57
2025-04-27,GADAG_VENA_S,Gadag,Solar,31.0,29.91,57.22,1.61,5.9784,94.06,-0.22,-0.16
2025-04-27,KOPPAL_RENEWOJAS_S,Koppal,Solar,81.0,30.85,56.61,1.53,5.4528,94.7,0.52,14.85
2025-04-27,All ADYAH,Tumakuru,Solar,300.0,28.94,52.7,1.39,6.1898,92.23,2.18,56.45
2025-04-27,AMPLUS PAVAGADA,Tumakuru,Solar,50.0,28.94,52.7,1.39,6.1898,92.23,0.38,12.05
2025-04-27,AMPLUS TUMKUR,Tumakuru,Solar,50.0,28.94,52.7,1.39,6.1898,92.23,0.38,10.11
2025-04-27,AVAADA SOLAR,Koppal,Solar,150.0,30.85,56.61,1.53,5.4528,94.7,1.05,27.63
2025-04-27,AVAADA SOLARISE,Koppal,Solar,150.0,30.85,56.61,1.53,5.4528,94.7,1.06,28.63
2025-04-27,AZURE POWER EARTH,Koppal,Solar,100.0,30.85,56.61,1.53,5.4528,94.7,0.77,20.94
2025-04-27,FORTUM FIN SURYA,Tumakuru,Solar,100.0,28.94,52.7,1.39,6.1898,92.23,0.63,17.86
2025-04-27,FORTUM SOLAR,Tumakuru,Solar,250.0,28.94,52.7,1.39,6.1898,92.23,0.35,10.65
2025-04-27,PARAMPUJYA,Tumakuru,Solar,150.0,28.94,52.7,1.39,6.1898,92.23,0.36,10.34
2025-04-27,RENEW TN2,Koppal,Solar,50.0,30.85,56.61,1.53,5.4528,94.7,1.46,37.96
2025-04-27,SBG ENERGY,Tumakuru,Solar,200.0,28.94,52.7,1.39,6.1898,92.23,1.83,48.56
2025-04-27,TATA RENEWABLES,Tumakuru,Solar,400.0,28.94,52.7,1.39,6.1898,92.23,2.49,65.61
2025-04-27,YARROW,Koppal,Solar,50.0,30.85,56.61,1.53,5.4528,94.7,0.36,11.82
2025-04-28,KOPPAL_AYANASIX_W,Koppal,Wind,50.0,30.09,58.48,1.78,6.9043,94.63,0.06,42.01
2025-04-28,KOPPAL_RENEWROSHNI_W,Koppal,Wind,73.0,30.09,58.48,1.78,6.9043,94.63,0.43,32.32
2025-04-28,KOPPAL SRI1PL,Koppal,Solar,120.0,30.09,58.48,1.78,6.9043,94.63,1.59,37.22
2025-04-28,IRCON SOLAR,Koppal,Solar,50.0,30.09,58.48,1.78,6.9043,94.63,1.63,41.11
2025-04-28,GADAG_VENA_W,Gadag,Wind,133.0,29.45,58.78,2.41,6.9002,93.97,0.53,16.1
2025-04-28,GADAG_VENA_S,Gadag,Solar,31.0,29.45,58.78,2.41,6.9002,93.97,0.08,-0.08
2025-04-28,KOPPAL_RENEWOJAS_S,Koppal,Solar,81.0,30.09,58.48,1.78,6.9043,94.63,0.63,15.48
2025-04-28,All ADYAH,Tumakuru,Solar,300.0,28.07,55.42,2.28,6.5909,92.14,2.22,58.67
2025-04-28,AMPLUS PAVAGADA,Tumakuru,Solar,50.0,28.07,55.42,2.28,6.5909,92.14,0.39,12.44
2025-04-28,AMPLUS TUMKUR,Tumakuru,Solar,50.0,28.07,55.42,2.28,6.5909,92.14,0.38,10.49
2025-04-28,AVAADA SOLAR,Koppal,Solar,150.0,30.09,58.48,1.78,6.9043,94.63,1.08,28.71
2025-04-28,AVAADA SOLARISE,Koppal,Solar,150.0,30.09,58.48,1.78,6.9043,94.63,1.09,29.72
2025-04-28,AZURE POWER EARTH,Koppal,Solar,100.0,30.09,58.48,1.78,6.9043,94.63,0.78,21.72
2025-04-28,FORTUM FIN SURYA,Tumakuru,Solar,100.0,28.07,55.42,2.28,6.5909,92.14,0.67,18.53
2025-04-28,FORTUM SOLAR,Tumakuru,Solar,250.0,28.07,55.42,2.28,6.5909,92.14,0.35,11.0
2025-04-28,PARAMPUJYA,Tumakuru,Solar,150.0,28.07,55.42,2.28,6.5909,92.14,0.37,10.71
2025-04-28,RENEW TN2,Koppal,Solar,50.0,30.09,58.48,1.78,6.9043,94.63,1.47,39.43
2025-04-28,SBG ENERGY,Tumakuru,Solar,200.0,28.07,55.42,2.28,6.5909,92.14,1.85,50.41
2025-04-28,TATA RENEWABLES,Tumakuru,Solar,400.0,28.07,55.42,2.28,6.5909,92.14,2.54,68.15
2025-04-28,YARROW,Koppal,Solar,50.0,30.09,58.48,1.78,6.9043,94.63,0.37,12.19
2025-04-29,KOPPAL_AYANASIX_W,Koppal,Wind,50.0,30.64,53.62,1.18,6.7433,94.61,1.14,43.15
2025-04-29,KOPPAL_RENEWROSHNI_W,Koppal,Wind,73.0,30.64,53.62,1.18,6.7433,94.61,1.1,33.42
2025-04-29,KOPPAL SRI1PL,Koppal,Solar,120.0,30.64,53.62,1.18,6.7433,94.61,1.27,38.49
2025-04-29,IRCON SOLAR,Koppal,Solar,50.0,30.64,53.62,1.18,6.7433,94.61,1.61,42.72
2025-04-29,GADAG_VENA_W,Gadag,Wind,133.0,29.85,56.56,1.6,6.6662,93.97,0.73,16.83
2025-04-29,GADAG_VENA_S,Gadag,Solar,31.0,29.85,56.56,1.6,6.6662,93.97,0.25,0.17
2025-04-29,KOPPAL_RENEWOJAS_S,Koppal,Solar,81.0,30.64,53.62,1.18,6.7433,94.61,0.18,15.66
2025-04-29,All ADYAH,Tumakuru,Solar,300.0,29.31,45.77,2.56,6.6802,92.12,2.21,60.88
2025-04-29,AMPLUS PAVAGADA,Tumakuru,Solar,50.0,29.31,45.77,2.56,6.6802,92.12,0.38,12.82
2025-04-29,AMPLUS TUMKUR,Tumakuru,Solar,50.0,29.31,45.77,2.56,6.6802,92.12,0.39,10.88
2025-04-29,AVAADA SOLAR,Koppal,Solar,150.0,30.64,53.62,1.18,6.7433,94.61,1.06,29.77
2025-04-29,AVAADA SOLARISE,Koppal,Solar,150.0,30.64,53.62,1.18,6.7433,94.61,1.06,30.78
2025-04-29,AZURE POWER EARTH,Koppal,Solar,100.0,30.64,53.62,1.18,6.7433,94.61,0.76,22.48
2025-04-29,FORTUM FIN SURYA,Tumakuru,Solar,100.0,29.31,45.77,2.56,6.6802,92.12,0.65,19.18
2025-04-29,FORTUM SOLAR,Tumakuru,Solar,250.0,29.31,45.77,2.56,6.6802,92.12,0.35,11.35
2025-04-29,PARAMPUJYA,Tumakuru,Solar,150.0,29.31,45.77,2.56,6.6802,92.12,0.37,11.08
2025-04-29,RENEW TN2,Koppal,Solar,50.0,30.64,53.62,1.18,6.7433,94.61,1.43,40.86
2025-04-29,SBG ENERGY,Tumakuru,Solar,200.0,29.31,45.77,2.56,6.6802,92.12,1.8,52.21
2025-04-29,TATA RENEWABLES,Tumakuru,Solar,400.0,29.31,45.77,2.56,6.6802,92.12,2.49,70.64
2025-04-29,YARROW,Koppal,Solar,50.0,30.64,53.62,1.18,6.7433,94.61,0.25,12.44
2025-04-30,KOPPAL_AYANASIX_W,Koppal,Wind,50.0,31.42,49.16,1.96,6.6026,94.6,0.06,43.21
2025-04-30,KOPPAL_RENEWROSHNI_W,Koppal,Wind,73.0,31.42,49.16,1.96,6.6026,94.6,1.83,35.25
2025-04-30,KOPPAL SRI1PL,Koppal,Solar,120.0,31.42,49.16,1.96,6.6026,94.6,1.46,39.95
2025-04-30,IRCON SOLAR,Koppal,Solar,50.0,31.42,49.16,1.96,6.6026,94.6,1.53,44.25
2025-04-30,GADAG_VENA_W,Gadag,Wind,133.0,30.67,50.7,2.45,7.0102,93.97,0.27,17.1
2025-04-30,GADAG_VENA_S,Gadag,Solar,31.0,30.67,50.7,2.45,7.0102,93.97,1.11,1.28
2025-04-30,KOPPAL_RENEWOJAS_S,Koppal,Solar,81.0,31.42,49.16,1.96,6.6026,94.6,0.56,16.22
2025-04-30,All ADYAH,Tumakuru,Solar,300.0,29.69,50.16,1.75,6.6857,92.15,2.16,63.04
2025-04-30,AMPLUS PAVAGADA,Tumakuru,Solar,50.0,29.69,50.16,1.75,6.6857,92.15,0.38,13.2
2025-04-30,AMPLUS TUMKUR,Tumakuru,Solar,50.0,29.69,50.16,1.75,6.6857,92.15,0.38,11.26
2025-04-30,AVAADA SOLAR,Koppal,Solar,150.0,31.42,49.16,1.96,6.6026,94.6,1.06,30.83
2025-04-30,AVAADA SOLARISE,Koppal,Solar,150.0,31.42,49.16,1.96,6.6026,94.6,1.07,31.85
2025-04-30,AZURE POWER EARTH,Koppal,Solar,100.0,31.42,49.16,1.96,6.6026,94.6,0.77,23.25
2025-04-30,FORTUM FIN SURYA,Tumakuru,Solar,100.0,29.69,50.16,1.75,6.6857,92.15,0.65,19.83
2025-04-30,FORTUM SOLAR,Tumakuru,Solar,250.0,29.69,50.16,1.75,6.6857,92.15,0.35,11.7
2025-04-30,PARAMPUJYA,Tumakuru,Solar,150.0,29.69,50.16,1.75,6.6857,92.15,0.35,11.43
2025-04-30,RENEW TN2,Koppal,Solar,50.0,31.42,49.16,1.96,6.6026,94.6,1.44,42.3
2025-04-30,SBG ENERGY,Tumakuru,Solar,200.0,29.69,50.16,1.75,6.6857,92.15,1.82,54.03
2025-04-30,TATA RENEWABLES,Tumakuru,Solar,400.0,29.69,50.16,1.75,6.6857,92.15,2.49,73.13
2025-04-30,YARROW,Koppal,Solar,50.0,31.42,49.16,1.96,6.6026,94.6,0.37,12.81
2025-05-01,KOPPAL_AYANASIX_W,Koppal,Wind,50.0,31.5,45.85,2.31,7.0913,94.64,0.06,0.06
2025-05-01,KOPPAL_RENEWROSHNI_W,Koppal,Wind,73.0,31.5,45.85,2.31,7.0913,94.64,2.45,2.45
2025-05-01,KOPPAL SRI1PL,Koppal,Solar,120.0,31.5,45.85,2.31,7.0913,94.64,1.65,1.65
2025-05-01,IRCON SOLAR,Koppal,Solar,50.0,31.5,45.85,2.31,7.0913,94.64,1.54,1.54
2025-05-01,GADAG_VENA_W,Gadag,Wind,133.0,30.85,45.31,2.74,7.3106,94.01,1.37,1.37
2025-05-01,GADAG_VENA_S,Gadag,Solar,31.0,30.85,45.31,2.74,7.3106,94.01,0.27,0.27
2025-05-01,KOPPAL_RENEWOJAS_S,Koppal,Solar,81.0,31.5,45.85,2.31,7.0913,94.64,0.62,0.62
2025-05-01,All ADYAH,Tumakuru,Solar,300.0,28.78,59.98,1.14,5.9074,92.23,2.14,2.14
2025-05-01,AMPLUS PAVAGADA,Tumakuru,Solar,50.0,28.78,59.98,1.14,5.9074,92.23,0.37,0.37
2025-05-01,AMPLUS TUMKUR,Tumakuru,Solar,50.0,28.78,59.98,1.14,5.9074,92.23,0.37,0.37
2025-05-01,AVAADA SOLAR,Koppal,Solar,150.0,31.5,45.85,2.31,7.0913,94.64,1.03,1.03
2025-05-01,AVAADA SOLARISE,Koppal,Solar,150.0,31.5,45.85,2.31,7.0913,94.64,1.05,1.05
2025-05-01,AZURE POWER EARTH,Koppal,Solar,100.0,31.5,45.85,2.31,7.0913,94.64,0.77,0.77
2025-05-01,FORTUM FIN SURYA,Tumakuru,Solar,100.0,28.78,59.98,1.14,5.9074,92.23,0.66,0.66
2025-05-01,FORTUM SOLAR,Tumakuru,Solar,250.0,28.78,59.98,1.14,5.9074,92.23,0.34,0.34
2025-05-01,PARAMPUJYA,Tumakuru,Solar,150.0,28.78,59.98,1.14,5.9074,92.23,0.37,0.37
2025-05-01,RENEW TN2,Koppal,Solar,50.0,31.5,45.85,2.31,7.0913,94.64,1.47,1.47
2025-05-01,SBG ENERGY,Tumakuru,Solar,200.0,28.78,59.98,1.14,5.9074,92.23,1.8,1.8
2025-05-01,TATA RENEWABLES,Tumakuru,Solar,400.0,28.78,59.98,1.14,5.9074,92.23,2.49,2.49
2025-05-01,YARROW,Koppal,Solar,50.0,31.5,45.85,2.31,7.0913,94.64,0.37,0.37
2025-05-02,KOPPAL_AYANASIX_W,Koppal,Wind,50.0,31.7,43.88,2.32,6.7589,94.66,0.06,0.12
2025-05-02,KOPPAL_RENEWROSHNI_W,Koppal,Wind,73.0,31.7,43.88,2.32,6.7589,94.66,1.77,4.22
2025-05-02,KOPPAL SRI1PL,Koppal,Solar,120.0,31.7,43.88,2.32,6.7589,94.66,1.59,3.24
2025-05-02,IRCON SOLAR,Koppal,Solar,50.0,31.7,43.88,2.32,6.7589,94.66,1.35,2.89
2025-05-02,GADAG_VENA_W,Gadag,Wind,133.0,30.98,47.53,2.72,7.2564,94.03,1.02,2.39
2025-05-02,GADAG_VENA_S,Gadag,Solar,31.0,30.98,47.53,2.72,7.2564,94.03,0.26,0.53
2025-05-02,KOPPAL_RENEWOJAS_S,Koppal,Solar,81.0,31.7,43.88,2.32,6.7589,94.66,0.58,1.2
2025-05-02,All ADYAH,Tumakuru,Solar,300.0,28.49,61.94,1.51,5.8666,92.26,2.08,4.22
2025-05-02,AMPLUS PAVAGADA,Tumakuru,Solar,50.0,28.49,61.94,1.51,5.8666,92.26,0.37,0.74
2025-05-02,AMPLUS TUMKUR,Tumakuru,Solar,50.0,28.49,61.94,1.51,5.8666,92.26,0.37,0.74
2025-05-02,AVAADA SOLAR,Koppal,Solar,150.0,31.7,43.88,2.32,6.7589,94.66,0.99,2.02
2025-05-02,AVAADA SOLARISE,Koppal,Solar,150.0,31.7,43.88,2.32,6.7589,94.66,1.01,2.06
2025-05-02,AZURE POWER EARTH,Koppal,Solar,100.0,31.7,43.88,2.32,6.7589,94.66,0.74,1.51
2025-05-02,FORTUM FIN SURYA,Tumakuru,Solar,100.0,28.49,61.94,1.51,5.8666,92.26,0.63,1.29
2025-05-02,FORTUM SOLAR,Tumakuru,Solar,250.0,28.49,61.94,1.51,5.8666,92.26,0.34,0.68
2025-05-02,PARAMPUJYA,Tumakuru,Solar,150.0,28.49,61.94,1.51,5.8666,92.26,0.34,0.71
2025-05-02,RENEW TN2,Koppal,Solar,50.0,31.7,43.88,2.32,6.7589,94.66,1.35,2.82
2025-05-02,SBG ENERGY,Tumakuru,Solar,200.0,28.49,61.94,1.51,5.8666,92.26,1.73,3.53
2025-05-02,TATA RENEWABLES,Tumakuru,Solar,400.0,28.49,61.94,1.51,5.8666,92.26,2.38,4.87
2025-05-02,YARROW,Koppal,Solar,50.0,31.7,43.88,2.32,6.7589,94.66,0.35,0.72
2025-05-03,KOPPAL_AYANASIX_W,Koppal,Wind,50.0,31.21,49.24,2.23,6.6382,94.65,0.06,0.18
2025-05-03,KOPPAL_RENEWROSHNI_W,Koppal,Wind,73.0,31.21,49.24,2.23,6.6382,94.65,2.9,7.12
2025-05-03,KOPPAL SRI1PL,Koppal,Solar,120.0,31.21,49.24,2.23,6.6382,94.65,1.24,4.48
2025-05-03,IRCON SOLAR,Koppal,Solar,50.0,31.21,49.24,2.23,6.6382,94.65,1.35,4.24
2025-05-03,GADAG_VENA_W,Gadag,Wind,133.0,30.68,48.84,2.79,7.1376,94.03,1.78,4.17
2025-05-03,GADAG_VENA_S,Gadag,Solar,31.0,30.68,48.84,2.79,7.1376,94.03,0.27,0.8
2025-05-03,KOPPAL_RENEWOJAS_S,Koppal,Solar,81.0,31.21,49.24,2.23,6.6382,94.65,0.56,1.76
2025-05-03,All ADYAH,Tumakuru,Solar,300.0,26.89,68.27,1.65,5.9227,92.25,2.05,6.27
2025-05-03,AMPLUS PAVAGADA,Tumakuru,Solar,50.0,26.89,68.27,1.65,5.9227,92.25,0.36,1.1
2025-05-03,AMPLUS TUMKUR,Tumakuru,Solar,50.0,26.89,68.27,1.65,5.9227,92.25,0.36,1.1
2025-05-03,AVAADA SOLAR,Koppal,Solar,150.0,31.21,49.24,2.23,6.6382,94.65,0.98,3.0
2025-05-03,AVAADA SOLARISE,Koppal,Solar,150.0,31.21,49.24,2.23,6.6382,94.65,0.98,3.04
2025-05-03,AZURE POWER EARTH,Koppal,Solar,100.0,31.21,49.24,2.23,6.6382,94.65,0.73,2.24
2025-05-03,FORTUM FIN SURYA,Tumakuru,Solar,100.0,26.89,68.27,1.65,5.9227,92.25,0.61,1.9
2025-05-03,FORTUM SOLAR,Tumakuru,Solar,250.0,26.89,68.27,1.65,5.9227,92.25,0.32,1.0
2025-05-03,PARAMPUJYA,Tumakuru,Solar,150.0,26.89,68.27,1.65,5.9227,92.25,0.33,1.04
2025-05-03,RENEW TN2,Koppal,Solar,50.0,31.21,49.24,2.23,6.6382,94.65,1.27,4.09
2025-05-03,SBG ENERGY,Tumakuru,Solar,200.0,26.89,68.27,1.65,5.9227,92.25,1.68,5.21
2025-05-03,TATA RENEWABLES,Tumakuru,Solar,400.0,26.89,68.27,1.65,5.9227,92.25,2.3,7.17
2025-05-03,YARROW,Koppal,Solar,50.0,31.21,49.24,2.23,6.6382,94.65,0.35,1.07
2025-05-04,KOPPAL_AYANASIX_W,Koppal,Wind,50.0,30.96,41.56,3.33,7.5089,94.59,0.06,0.24
2025-05-04,KOPPAL_RENEWROSHNI_W,Koppal,Wind,73.0,30.96,41.56,3.33,7.5089,94.59,1.72,8.84
2025-05-04,KOPPAL SRI1PL,Koppal,Solar,120.0,30.96,41.56,3.33,7.5089,94.59,1.67,6.15
2025-05-04,IRCON SOLAR,Koppal,Solar,50.0,30.96,41.56,3.33,7.5089,94.59,1.7,5.94
2025-05-04,GADAG_VENA_W,Gadag,Wind,133.0,30.43,43.15,3.47,7.4388,93.97,1.35,5.52
2025-05-04,GADAG_VENA_S,Gadag,Solar,31.0,30.43,43.15,3.47,7.4388,93.97,0.28,1.08
2025-05-04,KOPPAL_RENEWOJAS_S,Koppal,Solar,81.0,30.96,41.56,3.33,7.5089,94.59,0.63,2.39
2025-05-04,All ADYAH,Tumakuru,Solar,300.0,27.46,58.91,2.47,7.4153,92.17,2.29,8.56
2025-05-04,AMPLUS PAVAGADA,Tumakuru,Solar,50.0,27.46,58.91,2.47,7.4153,92.17,0.4,1.5
2025-05-04,AMPLUS TUMKUR,Tumakuru,Solar,50.0,27.46,58.91,2.47,7.4153,92.17,0.4,1.5
2025-05-04,AVAADA SOLAR,Koppal,Solar,150.0,30.96,41.56,3.33,7.5089,94.59,1.12,4.12
2025-05-04,AVAADA SOLARISE,Koppal,Solar,150.0,30.96,41.56,3.33,7.5089,94.59,1.12,4.16
2025-05-04,AZURE POWER EARTH,Koppal,Solar,100.0,30.96,41.56,3.33,7.5089,94.59,0.81,3.05
2025-05-04,FORTUM FIN SURYA,Tumakuru,Solar,100.0,27.46,58.91,2.47,7.4153,92.17,0.69,2.59
2025-05-04,FORTUM SOLAR,Tumakuru,Solar,250.0,27.46,58.91,2.47,7.4153,92.17,0.37,1.37
2025-05-04,PARAMPUJYA,Tumakuru,Solar,150.0,27.46,58.91,2.47,7.4153,92.17,0.4,1.44
2025-05-04,RENEW TN2,Koppal,Solar,50.0,30.96,41.56,3.33,7.5089,94.59,1.53,5.62
2025-05-04,SBG ENERGY,Tumakuru,Solar,200.0,27.46,58.91,2.47,7.4153,92.17,1.93,7.14
2025-05-04,TATA RENEWABLES,Tumakuru,Solar,400.0,27.46,58.91,2.47,7.4153,92.17,2.63,9.8
2025-05-04,YARROW,Koppal,Solar,50.0,30.96,41.56,3.33,7.5089,94.59,0.39,1.46
2025-05-05,KOPPAL_AYANASIX_W,Koppal,Wind,50.0,30.4,39.91,2.21,7.645,94.62,0.06,0.3
2025-05-05,KOPPAL_RENEWROSHNI_W,Koppal,Wind,73.0,30.4,39.91,2.21,7.645,94.62,1.44,10.28
2025-05-05,KOPPAL SRI1PL,Koppal,Solar,120.0,30.4,39.91,2.21,7.645,94.62,1.7,7.85
2025-05-05,IRCON SOLAR,Koppal,Solar,50.0,30.4,39.91,2.21,7.645,94.62,1.59,7.53
2025-05-05,GADAG_VENA_W,Gadag,Wind,133.0,29.67,42.66,2.17,7.6586,93.99,1.02,6.54
2025-05-05,GADAG_VENA_S,Gadag,Solar,31.0,29.67,42.66,2.17,7.6586,93.99,0.27,1.35
2025-05-05,KOPPAL_RENEWOJAS_S,Koppal,Solar,81.0,30.4,39.91,2.21,7.645,94.62,0.63,3.02
2025-05-05,All ADYAH,Tumakuru,Solar,300.0,27.32,58.15,2.03,6.9319,92.16,1.71,10.27
2025-05-05,AMPLUS PAVAGADA,Tumakuru,Solar,50.0,27.32,58.15,2.03,6.9319,92.16,0.3,1.8
2025-05-05,AMPLUS TUMKUR,Tumakuru,Solar,50.0,27.32,58.15,2.03,6.9319,92.16,0.3,1.8
2025-05-05,AVAADA SOLAR,Koppal,Solar,150.0,30.4,39.91,2.21,7.645,94.62,0.81,4.93
2025-05-05,AVAADA SOLARISE,Koppal,Solar,150.0,30.4,39.91,2.21,7.645,94.62,0.83,4.99
2025-05-05,AZURE POWER EARTH,Koppal,Solar,100.0,30.4,39.91,2.21,7.645,94.62,0.58,3.63
2025-05-05,FORTUM FIN SURYA,Tumakuru,Solar,100.0,27.32,58.15,2.03,6.9319,92.16,0.53,3.12
2025-05-05,FORTUM SOLAR,Tumakuru,Solar,250.0,27.32,58.15,2.03,6.9319,92.16,0.27,1.64
2025-05-05,PARAMPUJYA,Tumakuru,Solar,150.0,27.32,58.15,2.03,6.9319,92.16,0.29,1.73
2025-05-05,RENEW TN2,Koppal,Solar,50.0,30.4,39.91,2.21,7.645,94.62,1.67,7.29
2025-05-05,SBG ENERGY,Tumakuru,Solar,200.0,27.32,58.15,2.03,6.9319,92.16,1.41,8.55
2025-05-05,TATA RENEWABLES,Tumakuru,Solar,400.0,27.32,58.15,2.03,6.9319,92.16,1.95,11.75
2025-05-05,YARROW,Koppal,Solar,50.0,30.4,39.91,2.21,7.645,94.62,0.29,1.75
2025-05-06,KOPPAL_AYANASIX_W,Koppal,Wind,50.0,31.06,39.79,3.24,6.8424,94.63,0.06,0.36
2025-05-06,KOPPAL_RENEWROSHNI_W,Koppal,Wind,73.0,31.06,39.79,3.24,6.8424,94.63,1.67,11.95
2025-05-06,KOPPAL SRI1PL,Koppal,Solar,120.0,31.06,39.79,3.24,6.8424,94.63,1.47,9.32
2025-05-06,IRCON SOLAR,Koppal,Solar,50.0,31.06,39.79,3.24,6.8424,94.63,1.74,9.27
2025-05-06,GADAG_VENA_W,Gadag,Wind,133.0,30.04,43.86,3.48,7.2648,94.03,1.02,7.56
2025-05-06,GADAG_VENA_S,Gadag,Solar,31.0,30.04,43.86,3.48,7.2648,94.03,0.28,1.63
2025-05-06,KOPPAL_RENEWOJAS_S,Koppal,Solar,81.0,31.06,39.79,3.24,6.8424,94.63,0.62,3.64
2025-05-06,All ADYAH,Tumakuru,Solar,300.0,27.61,61.34,2.33,7.3303,92.18,2.3,12.57
2025-05-06,AMPLUS PAVAGADA,Tumakuru,Solar,50.0,27.61,61.34,2.33,7.3303,92.18,0.41,2.21
2025-05-06,AMPLUS TUMKUR,Tumakuru,Solar,50.0,27.61,61.34,2.33,7.3303,92.18,0.4,2.2
2025-05-06,AVAADA SOLAR,Koppal,Solar,150.0,31.06,39.79,3.24,6.8424,94.63,1.13,6.06
2025-05-06,AVAADA SOLARISE,Koppal,Solar,150.0,31.06,39.79,3.24,6.8424,94.63,1.12,6.11
2025-05-06,AZURE POWER EARTH,Koppal,Solar,100.0,31.06,39.79,3.24,6.8424,94.63,0.81,4.44
2025-05-06,FORTUM FIN SURYA,Tumakuru,Solar,100.0,27.61,61.34,2.33,7.3303,92.18,0.68,3.8
2025-05-06,FORTUM SOLAR,Tumakuru,Solar,250.0,27.61,61.34,2.33,7.3303,92.18,0.37,2.01
2025-05-06,PARAMPUJYA,Tumakuru,Solar,150.0,27.61,61.34,2.33,7.3303,92.18,0.4,2.13
2025-05-06,RENEW TN2,Koppal,Solar,50.0,31.06,39.79,3.24,6.8424,94.63,1.64,8.93
2025-05-06,SBG ENERGY,Tumakuru,Solar,200.0,27.61,61.34,2.33,7.3303,92.18,1.93,10.48
2025-05-06,TATA RENEWABLES,Tumakuru,Solar,400.0,27.61,61.34,2.33,7.3303,92.18,2.65,14.4
2025-05-06,YARROW,Koppal,Solar,50.0,31.06,39.79,3.24,6.8424,94.63,0.39,2.14
2025-05-07,KOPPAL_AYANASIX_W,Koppal,Wind,50.0,31.42,32.38,2.45,7.0483,94.58,0.06,0.42
2025-05-07,KOPPAL_RENEWROSHNI_W,Koppal,Wind,73.0,31.42,32.38,2.45,7.0483,94.58,1.59,13.54
2025-05-07,KOPPAL SRI1PL,Koppal,Solar,120.0,31.42,32.38,2.45,7.0483,94.58,1.24,10.56
2025-05-07,IRCON SOLAR,Koppal,Solar,50.0,31.42,32.38,2.45,7.0483,94.58,1.55,10.82
2025-05-07,GADAG_VENA_W,Gadag,Wind,133.0,30.44,38.38,3.11,6.8347,93.96,1.36,8.92
2025-05-07,GADAG_VENA_S,Gadag,Solar,31.0,30.44,38.38,3.11,6.8347,93.96,0.27,1.9
2025-05-07,KOPPAL_RENEWOJAS_S,Koppal,Solar,81.0,31.42,32.38,2.45,7.0483,94.58,0.34,3.98
2025-05-07,All ADYAH,Tumakuru,Solar,300.0,27.63,58.79,2.77,6.941,92.11,2.19,14.76
2025-05-07,AMPLUS PAVAGADA,Tumakuru,Solar,50.0,27.63,58.79,2.77,6.941,92.11,0.38,2.59
2025-05-07,AMPLUS TUMKUR,Tumakuru,Solar,50.0,27.63,58.79,2.77,6.941,92.11,0.37,2.57
2025-05-07,AVAADA SOLAR,Koppal,Solar,150.0,31.42,32.38,2.45,7.0483,94.58,1.09,7.15
2025-05-07,AVAADA SOLARISE,Koppal,Solar,150.0,31.42,32.38,2.45,7.0483,94.58,1.06,7.17
2025-05-07,AZURE POWER EARTH,Koppal,Solar,100.0,31.42,32.38,2.45,7.0483,94.58,0.77,5.21
2025-05-07,FORTUM FIN SURYA,Tumakuru,Solar,100.0,27.63,58.79,2.77,6.941,92.11,0.65,4.45
2025-05-07,FORTUM SOLAR,Tumakuru,Solar,250.0,27.63,58.79,2.77,6.941,92.11,0.36,2.37
2025-05-07,PARAMPUJYA,Tumakuru,Solar,150.0,27.63,58.79,2.77,6.941,92.11,0.37,2.5
2025-05-07,RENEW TN2,Koppal,Solar,50.0,31.42,32.38,2.45,7.0483,94.58,1.51,10.44
2025-05-07,SBG ENERGY,Tumakuru,Solar,200.0,27.63,58.79,2.77,6.941,92.11,1.85,12.33
2025-05-07,TATA RENEWABLES,Tumakuru,Solar,400.0,27.63,58.79,2.77,6.941,92.11,2.52,16.92
2025-05-07,YARROW,Koppal,Solar,50.0,31.42,32.38,2.45,7.0483,94.58,0.35,2.49
2025-05-08,KOPPAL_AYANASIX_W,Koppal,Wind,50.0,30.43,39.83,3.12,6.9806,94.63,0.05,0.47
2025-05-08,KOPPAL_RENEWROSHNI_W,Koppal,Wind,73.0,30.43,39.83,3.12,6.9806,94.63,2.06,15.6
2025-05-08,KOPPAL SRI1PL,Koppal,Solar,120.0,30.43,39.83,3.12,6.9806,94.63,1.49,12.05
2025-05-08,IRCON SOLAR,Koppal,Solar,50.0,30.43,39.83,3.12,6.9806,94.63,1.74,12.56
2025-05-08,GADAG_VENA_W,Gadag,Wind,133.0,29.14,46.28,3.57,6.8618,94.0,0.99,9.91
2025-05-08,GADAG_VENA_S,Gadag,Solar,31.0,29.14,46.28,3.57,6.8618,94.0,0.26,2.16
2025-05-08,KOPPAL_RENEWOJAS_S,Koppal,Solar,81.0,30.43,39.83,3.12,6.9806,94.63,0.56,4.54
2025-05-08,All ADYAH,Tumakuru,Solar,300.0,27.02,61.81,2.11,6.8465,92.15,2.26,17.02
2025-05-08,AMPLUS PAVAGADA,Tumakuru,Solar,50.0,27.02,61.81,2.11,6.8465,92.15,0.4,2.99
2025-05-08,AMPLUS TUMKUR,Tumakuru,Solar,50.0,27.02,61.81,2.11,6.8465,92.15,0.4,2.97
2025-05-08,AVAADA SOLAR,Koppal,Solar,150.0,30.43,39.83,3.12,6.9806,94.63,1.11,8.26
2025-05-08,AVAADA SOLARISE,Koppal,Solar,150.0,30.43,39.83,3.12,6.9806,94.63,1.1,8.27
2025-05-08,AZURE POWER EARTH,Koppal,Solar,100.0,30.43,39.83,3.12,6.9806,94.63,0.8,6.01
2025-05-08,FORTUM FIN SURYA,Tumakuru,Solar,100.0,27.02,61.81,2.11,6.8465,92.15,0.67,5.12
2025-05-08,FORTUM SOLAR,Tumakuru,Solar,250.0,27.02,61.81,2.11,6.8465,92.15,0.36,2.73
2025-05-08,PARAMPUJYA,Tumakuru,Solar,150.0,27.02,61.81,2.11,6.8465,92.15,0.38,2.88
2025-05-08,RENEW TN2,Koppal,Solar,50.0,30.43,39.83,3.12,6.9806,94.63,1.47,11.91
2025-05-08,SBG ENERGY,Tumakuru,Solar,200.0,27.02,61.81,2.11,6.8465,92.15,1.9,14.23
2025-05-08,TATA RENEWABLES,Tumakuru,Solar,400.0,27.02,61.81,2.11,6.8465,92.15,2.59,19.51
2025-05-08,YARROW,Koppal,Solar,50.0,30.43,39.83,3.12,6.9806,94.63,0.38,2.87
2025-05-09,KOPPAL_AYANASIX_W,Koppal,Wind,50.0,29.85,44.98,2.21,7.4604,94.72,0.06,0.53
2025-05-09,KOPPAL_RENEWROSHNI_W,Koppal,Wind,73.0,29.85,44.98,2.21,7.4604,94.72,1.77,17.37
2025-05-09,KOPPAL SRI1PL,Koppal,Solar,120.0,29.85,44.98,2.21,7.4604,94.72,1.67,13.72
2025-05-09,IRCON SOLAR,Koppal,Solar,50.0,29.85,44.98,2.21,7.4604,94.72,1.77,14.33
2025-05-09,GADAG_VENA_W,Gadag,Wind,133.0,29.24,47.76,2.57,7.0411,94.07,1.11,11.02
2025-05-09,GADAG_VENA_S,Gadag,Solar,31.0,29.24,47.76,2.57,7.0411,94.07,0.27,2.43
2025-05-09,KOPPAL_RENEWOJAS_S,Koppal,Solar,81.0,29.85,44.98,2.21,7.4604,94.72,0.55,5.09
2025-05-09,All ADYAH,Tumakuru,Solar,300.0,27.23,61.18,1.68,7.2965,92.22,2.27,19.29
2025-05-09,AMPLUS PAVAGADA,Tumakuru,Solar,50.0,27.23,61.18,1.68,7.2965,92.22,0.41,3.4
2025-05-09,AMPLUS TUMKUR,Tumakuru,Solar,50.0,27.23,61.18,1.68,7.2965,92.22,0.41,3.38
2025-05-09,AVAADA SOLAR,Koppal,Solar,150.0,29.85,44.98,2.21,7.4604,94.72,1.13,9.39
2025-05-09,AVAADA SOLARISE,Koppal,Solar,150.0,29.85,44.98,2.21,7.4604,94.72,1.13,9.4
2025-05-09,AZURE POWER EARTH,Koppal,Solar,100.0,29.85,44.98,2.21,7.4604,94.72,0.81,6.82
2025-05-09,FORTUM FIN SURYA,Tumakuru,Solar,100.0,27.23,61.18,1.68,7.2965,92.22,0.7,5.82
2025-05-09,FORTUM SOLAR,Tumakuru,Solar,250.0,27.23,61.18,1.68,7.2965,92.22,0.37,3.1
2025-05-09,PARAMPUJYA,Tumakuru,Solar,150.0,27.23,61.18,1.68,7.2965,92.22,0.41,3.29
2025-05-09,RENEW TN2,Koppal,Solar,50.0,29.85,44.98,2.21,7.4604,94.72,1.56,13.47
2025-05-09,SBG ENERGY,Tumakuru,Solar,200.0,27.23,61.18,1.68,7.2965,92.22,1.96,16.19
2025-05-09,TATA RENEWABLES,Tumakuru,Solar,400.0,27.23,61.18,1.68,7.2965,92.22,2.68,22.19
2025-05-09,YARROW,Koppal,Solar,50.0,29.85,44.98,2.21,7.4604,94.72,0.4,3.27
2025-05-10,KOPPAL_AYANASIX_W,Koppal,Wind,50.0,30.35,46.85,2.73,6.4322,94.7,0.06,0.59
2025-05-10,KOPPAL_RENEWROSHNI_W,Koppal,Wind,73.0,30.35,46.85,2.73,6.4322,94.7,1.58,18.95
2025-05-10,KOPPAL SRI1PL,Koppal,Solar,120.0,30.35,46.85,2.73,6.4322,94.7,1.46,15.18
2025-05-10,IRCON SOLAR,Koppal,Solar,50.0,30.35,46.85,2.73,6.4322,94.7,1.54,15.87
2025-05-10,GADAG_VENA_W,Gadag,Wind,133.0,29.49,51.29,2.83,6.6598,94.07,0.94,11.96
2025-05-10,GADAG_VENA_S,Gadag,Solar,31.0,29.49,51.29,2.83,6.6598,94.07,0.25,2.68
2025-05-10,KOPPAL_RENEWOJAS_S,Koppal,Solar,81.0,30.35,46.85,2.73,6.4322,94.7,0.5,5.59
2025-05-10,All ADYAH,Tumakuru,Solar,300.0,26.67,60.46,1.2,6.3379,92.24,2.23,21.52
2025-05-10,AMPLUS PAVAGADA,Tumakuru,Solar,50.0,26.67,60.46,1.2,6.3379,92.24,0.38,3.78
2025-05-10,AMPLUS TUMKUR,Tumakuru,Solar,50.0,26.67,60.46,1.2,6.3379,92.24,0.37,3.75
2025-05-10,AVAADA SOLAR,Koppal,Solar,150.0,30.35,46.85,2.73,6.4322,94.7,1.05,10.44
2025-05-10,AVAADA SOLARISE,Koppal,Solar,150.0,30.35,46.85,2.73,6.4322,94.7,1.03,10.43
2025-05-10,AZURE POWER EARTH,Koppal,Solar,100.0,30.35,46.85,2.73,6.4322,94.7,0.91,7.73
2025-05-10,FORTUM FIN SURYA,Tumakuru,Solar,100.0,26.67,60.46,1.2,6.3379,92.24,0.63,6.45
2025-05-10,FORTUM SOLAR,Tumakuru,Solar,250.0,26.67,60.46,1.2,6.3379,92.24,0.37,3.47
2025-05-10,PARAMPUJYA,Tumakuru,Solar,150.0,26.67,60.46,1.2,6.3379,92.24,0.35,3.64
2025-05-10,RENEW TN2,Koppal,Solar,50.0,30.35,46.85,2.73,6.4322,94.7,1.38,14.85
2025-05-10,SBG ENERGY,Tumakuru,Solar,200.0,26.67,60.46,1.2,6.3379,92.24,1.88,18.07
2025-05-10,TATA RENEWABLES,Tumakuru,Solar,400.0,26.67,60.46,1.2,6.3379,92.24,2.52,24.71
2025-05-10,YARROW,Koppal,Solar,50.0,30.35,46.85,2.73,6.4322,94.7,0.36,3.63
2025-05-11,KOPPAL_AYANASIX_W,Koppal,Wind,50.0,31.78,44.29,2.28,6.48,94.61,0.06,0.65
2025-05-11,KOPPAL_RENEWROSHNI_W,Koppal,Wind,73.0,31.78,44.29,2.28,6.48,94.61,1.56,20.51
2025-05-11,KOPPAL SRI1PL,Koppal,Solar,120.0,31.78,44.29,2.28,6.48,94.61,1.26,16.44
2025-05-11,IRCON SOLAR,Koppal,Solar,50.0,31.78,44.29,2.28,6.48,94.61,1.5,17.37
2025-05-11,GADAG_VENA_W,Gadag,Wind,133.0,30.84,47.91,2.86,6.0319,93.97,0.64,12.6
2025-05-11,GADAG_VENA_S,Gadag,Solar,31.0,30.84,47.91,2.86,6.0319,93.97,0.2,2.88
2025-05-11,KOPPAL_RENEWOJAS_S,Koppal,Solar,81.0,31.78,44.29,2.28,6.48,94.61,0.45,6.04
2025-05-11,All ADYAH,Tumakuru,Solar,300.0,28.13,59.36,1.39,5.9246,92.15,2.1,23.62
2025-05-11,AMPLUS PAVAGADA,Tumakuru,Solar,50.0,28.13,59.36,1.39,5.9246,92.15,0.36,4.14
2025-05-11,AMPLUS TUMKUR,Tumakuru,Solar,50.0,28.13,59.36,1.39,5.9246,92.15,0.36,4.11
2025-05-11,AVAADA SOLAR,Koppal,Solar,150.0,31.78,44.29,2.28,6.48,94.61,1.02,11.46
2025-05-11,AVAADA SOLARISE,Koppal,Solar,150.0,31.78,44.29,2.28,6.48,94.61,0.98,11.41
2025-05-11,AZURE POWER EARTH,Koppal,Solar,100.0,31.78,44.29,2.28,6.48,94.61,0.7,8.43
2025-05-11,FORTUM FIN SURYA,Tumakuru,Solar,100.0,28.13,59.36,1.39,5.9246,92.15,0.6,7.05
2025-05-11,FORTUM SOLAR,Tumakuru,Solar,250.0,28.13,59.36,1.39,5.9246,92.15,0.33,3.8
2025-05-11,PARAMPUJYA,Tumakuru,Solar,150.0,28.13,59.36,1.39,5.9246,92.15,0.35,3.99
2025-05-11,RENEW TN2,Koppal,Solar,50.0,31.78,44.29,2.28,6.48,94.61,1.24,16.09
2025-05-11,SBG ENERGY,Tumakuru,Solar,200.0,28.13,59.36,1.39,5.9246,92.15,1.68,19.75
2025-05-11,TATA RENEWABLES,Tumakuru,Solar,400.0,28.13,59.36,1.39,5.9246,92.15,2.25,26.96
2025-05-11,YARROW,Koppal,Solar,50.0,31.78,44.29,2.28,6.48,94.61,0.35,3.98
2025-05-12,KOPPAL_AYANASIX_W,Koppal,Wind,50.0,31.89,45.51,2.37,6.2818,94.51,0.06,0.71
2025-05-12,KOPPAL_RENEWROSHNI_W,Koppal,Wind,73.0,31.89,45.51,2.37,6.2818,94.51,1.17,21.68
2025-05-12,KOPPAL SRI1PL,Koppal,Solar,120.0,31.89,45.51,2.37,6.2818,94.51,1.1,17.54
2025-05-12,IRCON SOLAR,Koppal,Solar,50.0,31.89,45.51,2.37,6.2818,94.51,1.55,18.92
2025-05-12,GADAG_VENA_W,Gadag,Wind,133.0,30.93,48.16,2.06,5.743,93.88,0.16,12.76
2025-05-12,GADAG_VENA_S,Gadag,Solar,31.0,30.93,48.16,2.06,5.743,93.88,0.0,2.88
2025-05-12,KOPPAL_RENEWOJAS_S,Koppal,Solar,81.0,31.89,45.51,2.37,6.2818,94.51,0.47,6.51
2025-05-12,All ADYAH,Tumakuru,Solar,300.0,27.59,64.21,1.71,5.7835,92.06,2.0,25.62
2025-05-12,AMPLUS PAVAGADA,Tumakuru,Solar,50.0,27.59,64.21,1.71,5.7835,92.06,0.36,4.5
2025-05-12,AMPLUS TUMKUR,Tumakuru,Solar,50.0,27.59,64.21,1.71,5.7835,92.06,0.38,4.49
2025-05-12,AVAADA SOLAR,Koppal,Solar,150.0,31.89,45.51,2.37,6.2818,94.51,0.99,12.45
2025-05-12,AVAADA SOLARISE,Koppal,Solar,150.0,31.89,45.51,2.37,6.2818,94.51,0.99,12.4
2025-05-12,AZURE POWER EARTH,Koppal,Solar,100.0,31.89,45.51,2.37,6.2818,94.51,0.68,9.11
2025-05-12,FORTUM FIN SURYA,Tumakuru,Solar,100.0,27.59,64.21,1.71,5.7835,92.06,0.63,7.68
2025-05-12,FORTUM SOLAR,Tumakuru,Solar,250.0,27.59,64.21,1.71,5.7835,92.06,0.33,4.13
2025-05-12,PARAMPUJYA,Tumakuru,Solar,150.0,27.59,64.21,1.71,5.7835,92.06,0.37,4.36
2025-05-12,RENEW TN2,Koppal,Solar,50.0,31.89,45.51,2.37,6.2818,94.51,1.38,17.47
2025-05-12,SBG ENERGY,Tumakuru,Solar,200.0,27.59,64.21,1.71,5.7835,92.06,1.64,21.39
2025-05-12,TATA RENEWABLES,Tumakuru,Solar,400.0,27.59,64.21,1.71,5.7835,92.06,2.29,29.25
2025-05-12,YARROW,Koppal,Solar,50.0,31.89,45.51,2.37,6.2818,94.51,0.36,4.34
2025-05-13,KOPPAL_AYANASIX_W,Koppal,Wind,50.0,30.25,54.42,2.73,4.549,94.54,0.06,0.77
2025-05-13,KOPPAL_RENEWROSHNI_W,Koppal,Wind,73.0,30.25,54.42,2.73,4.549,94.54,1.2,22.88
2025-05-13,KOPPAL SRI1PL,Koppal,Solar,120.0,30.25,54.42,2.73,4.549,94.54,0.78,18.32
2025-05-13,IRCON SOLAR,Koppal,Solar,50.0,30.25,54.42,2.73,4.549,94.54,1.37,20.29
2025-05-13,GADAG_VENA_W,Gadag,Wind,133.0,29.22,58.75,2.53,5.0575,93.91,0.6,13.36
2025-05-13,GADAG_VENA_S,Gadag,Solar,31.0,29.22,58.75,2.53,5.0575,93.91,0.16,3.04
2025-05-13,KOPPAL_RENEWOJAS_S,Koppal,Solar,81.0,30.25,54.42,2.73,4.549,94.54,0.35,6.86
2025-05-13,All ADYAH,Tumakuru,Solar,300.0,25.5,76.39,2.25,6.1632,92.09,1.96,27.58
2025-05-13,AMPLUS PAVAGADA,Tumakuru,Solar,50.0,25.5,76.39,2.25,6.1632,92.09,0.35,4.85
2025-05-13,AMPLUS TUMKUR,Tumakuru,Solar,50.0,25.5,76.39,2.25,6.1632,92.09,0.36,4.85
2025-05-13,AVAADA SOLAR,Koppal,Solar,150.0,30.25,54.42,2.73,4.549,94.54,0.95,13.4
2025-05-13,AVAADA SOLARISE,Koppal,Solar,150.0,30.25,54.42,2.73,4.549,94.54,0.95,13.35
2025-05-13,AZURE POWER EARTH,Koppal,Solar,100.0,30.25,54.42,2.73,4.549,94.54,0.67,9.78
2025-05-13,FORTUM FIN SURYA,Tumakuru,Solar,100.0,25.5,76.39,2.25,6.1632,92.09,0.6,8.28
2025-05-13,FORTUM SOLAR,Tumakuru,Solar,250.0,25.5,76.39,2.25,6.1632,92.09,0.32,4.45
2025-05-13,PARAMPUJYA,Tumakuru,Solar,150.0,25.5,76.39,2.25,6.1632,92.09,0.33,4.69
2025-05-13,RENEW TN2,Koppal,Solar,50.0,30.25,54.42,2.73,4.549,94.54,1.28,18.75
2025-05-13,SBG ENERGY,Tumakuru,Solar,200.0,25.5,76.39,2.25,6.1632,92.09,1.62,23.01
2025-05-13,TATA RENEWABLES,Tumakuru,Solar,400.0,25.5,76.39,2.25,6.1632,92.09,2.21,31.46
2025-05-13,YARROW,Koppal,Solar,50.0,30.25,54.42,2.73,4.549,94.54,0.35,4.69
2025-05-14,KOPPAL_AYANASIX_W,Koppal,Wind,50.0,30.01,59.58,1.81,6.5232,94.58,0.06,0.83
2025-05-14,KOPPAL_RENEWROSHNI_W,Koppal,Wind,73.0,30.01,59.58,1.81,6.5232,94.58,0.61,23.49
2025-05-14,KOPPAL SRI1PL,Koppal,Solar,120.0,30.01,59.58,1.81,6.5232,94.58,1.72,20.04
2025-05-14,IRCON SOLAR,Koppal,Solar,50.0,30.01,59.58,1.81,6.5232,94.58,1.77,22.06
2025-05-14,GADAG_VENA_W,Gadag,Wind,133.0,29.18,61.75,1.86,7.0315,93.96,0.0,13.36
2025-05-14,GADAG_VENA_S,Gadag,Solar,31.0,29.18,61.75,1.86,7.0315,93.96,0.0,3.04
2025-05-14,KOPPAL_RENEWOJAS_S,Koppal,Solar,81.0,30.01,59.58,1.81,6.5232,94.58,0.6,7.46
2025-05-14,All ADYAH,Tumakuru,Solar,300.0,26.26,72.49,1.71,6.4099,92.13,2.31,29.89
2025-05-14,AMPLUS PAVAGADA,Tumakuru,Solar,50.0,26.26,72.49,1.71,6.4099,92.13,0.41,5.26
2025-05-14,AMPLUS TUMKUR,Tumakuru,Solar,50.0,26.26,72.49,1.71,6.4099,92.13,0.4,5.25
2025-05-14,AVAADA SOLAR,Koppal,Solar,150.0,30.01,59.58,1.81,6.5232,94.58,1.13,14.53
2025-05-14,AVAADA SOLARISE,Koppal,Solar,150.0,30.01,59.58,1.81,6.5232,94.58,1.13,14.48
2025-05-14,AZURE POWER EARTH,Koppal,Solar,100.0,30.01,59.58,1.81,6.5232,94.58,0.81,10.59
2025-05-14,FORTUM FIN SURYA,Tumakuru,Solar,100.0,26.26,72.49,1.71,6.4099,92.13,0.69,8.97
2025-05-14,FORTUM SOLAR,Tumakuru,Solar,250.0,26.26,72.49,1.71,6.4099,92.13,0.37,4.82
2025-05-14,PARAMPUJYA,Tumakuru,Solar,150.0,26.26,72.49,1.71,6.4099,92.13,0.41,5.1
2025-05-14,RENEW TN2,Koppal,Solar,50.0,30.01,59.58,1.81,6.5232,94.58,1.55,20.3
2025-05-14,SBG ENERGY,Tumakuru,Solar,200.0,26.26,72.49,1.71,6.4099,92.13,1.94,24.95
2025-05-14,TATA RENEWABLES,Tumakuru,Solar,400.0,26.26,72.49,1.71,6.4099,92.13,2.69,34.15
2025-05-14,YARROW,Koppal,Solar,50.0,30.01,59.58,1.81,6.5232,94.58,0.39,5.08
2025-05-15,KOPPAL_AYANASIX_W,Koppal,Wind,50.0,28.33,69.04,2.07,4.5514,94.61,0.06,0.89
2025-05-15,KOPPAL_RENEWROSHNI_W,Koppal,Wind,73.0,28.33,69.04,2.07,4.5514,94.61,0.58,24.07
2025-05-15,KOPPAL SRI1PL,Koppal,Solar,120.0,28.33,69.04,2.07,4.5514,94.61,0.85,20.89
2025-05-15,IRCON SOLAR,Koppal,Solar,50.0,28.33,69.04,2.07,4.5514,94.61,1.61,23.67
2025-05-15,GADAG_VENA_W,Gadag,Wind,133.0,27.75,67.79,2.39,4.3272,93.98,0.0,13.36
2025-05-15,GADAG_VENA_S,Gadag,Solar,31.0,27.75,67.79,2.39,4.3272,93.98,0.0,3.04
2025-05-15,KOPPAL_RENEWOJAS_S,Koppal,Solar,81.0,28.33,69.04,2.07,4.5514,94.61,0.35,7.81
2025-05-15,All ADYAH,Tumakuru,Solar,300.0,24.46,83.48,1.86,5.7029,92.18,2.25,32.14
2025-05-15,AMPLUS PAVAGADA,Tumakuru,Solar,50.0,24.46,83.48,1.86,5.7029,92.18,0.4,5.66
2025-05-15,AMPLUS TUMKUR,Tumakuru,Solar,50.0,24.46,83.48,1.86,5.7029,92.18,0.39,5.64
2025-05-15,AVAADA SOLAR,Koppal,Solar,150.0,28.33,69.04,2.07,4.5514,94.61,1.08,15.61
2025-05-15,AVAADA SOLARISE,Koppal,Solar,150.0,28.33,69.04,2.07,4.5514,94.61,0.88,15.36
2025-05-15,AZURE POWER EARTH,Koppal,Solar,100.0,28.33,69.04,2.07,4.5514,94.61,0.77,11.36
2025-05-15,FORTUM FIN SURYA,Tumakuru,Solar,100.0,24.46,83.48,1.86,5.7029,92.18,0.66,9.63
2025-05-15,FORTUM SOLAR,Tumakuru,Solar,250.0,24.46,83.48,1.86,5.7029,92.18,0.37,5.19
2025-05-15,PARAMPUJYA,Tumakuru,Solar,150.0,24.46,83.48,1.86,5.7029,92.18,0.06,5.16
2025-05-15,RENEW TN2,Koppal,Solar,50.0,28.33,69.04,2.07,4.5514,94.61,1.46,21.76
2025-05-15,SBG ENERGY,Tumakuru,Solar,200.0,24.46,83.48,1.86,5.7029,92.18,1.78,26.73
2025-05-15,TATA RENEWABLES,Tumakuru,Solar,400.0,24.46,83.48,1.86,5.7029,92.18,1.94,36.09
2025-05-15,YARROW,Koppal,Solar,50.0,28.33,69.04,2.07,4.5514,94.61,0.04,5.12
2025-05-16,KOPPAL_AYANASIX_W,Koppal,Wind,50.0,27.79,73.72,1.91,5.0448,94.63,0.06,0.95
2025-05-16,KOPPAL_RENEWROSHNI_W,Koppal,Wind,73.0,27.79,73.72,1.91,5.0448,94.63,0.9,24.97
2025-05-16,KOPPAL SRI1PL,Koppal,Solar,120.0,27.79,73.72,1.91,5.0448,94.63,1.14,22.03
2025-05-16,IRCON SOLAR,Koppal,Solar,50.0,27.79,73.72,1.91,5.0448,94.63,1.39,25.06
2025-05-16,GADAG_VENA_W,Gadag,Wind,133.0,27.64,72.28,1.85,5.5044,93.97,0.0,13.36
2025-05-16,GADAG_VENA_S,Gadag,Solar,31.0,27.64,72.28,1.85,5.5044,93.97,0.0,3.04
2025-05-16,KOPPAL_RENEWOJAS_S,Koppal,Solar,81.0,27.79,73.72,1.91,5.0448,94.63,0.27,8.08
2025-05-16,All ADYAH,Tumakuru,Solar,300.0,25.25,79.66,1.46,5.6712,92.14,1.88,34.02
2025-05-16,AMPLUS PAVAGADA,Tumakuru,Solar,50.0,25.25,79.66,1.46,5.6712,92.14,0.36,6.02
2025-05-16,AMPLUS TUMKUR,Tumakuru,Solar,50.0,25.25,79.66,1.46,5.6712,92.14,0.36,6.0
2025-05-16,AVAADA SOLAR,Koppal,Solar,150.0,27.79,73.72,1.91,5.0448,94.63,1.04,16.65
2025-05-16,AVAADA SOLARISE,Koppal,Solar,150.0,27.79,73.72,1.91,5.0448,94.63,0.98,16.34
2025-05-16,AZURE POWER EARTH,Koppal,Solar,100.0,27.79,73.72,1.91,5.0448,94.63,0.74,12.1
2025-05-16,FORTUM FIN SURYA,Tumakuru,Solar,100.0,25.25,79.66,1.46,5.6712,92.14,0.61,10.24
2025-05-16,FORTUM SOLAR,Tumakuru,Solar,250.0,25.25,79.66,1.46,5.6712,92.14,0.34,5.53
2025-05-16,PARAMPUJYA,Tumakuru,Solar,150.0,25.25,79.66,1.46,5.6712,92.14,0.02,5.18
2025-05-16,RENEW TN2,Koppal,Solar,50.0,27.79,73.72,1.91,5.0448,94.63,1.38,23.14
2025-05-16,SBG ENERGY,Tumakuru,Solar,200.0,25.25,79.66,1.46,5.6712,92.14,1.73,28.46
2025-05-16,TATA RENEWABLES,Tumakuru,Solar,400.0,25.25,79.66,1.46,5.6712,92.14,1.77,37.86
2025-05-16,YARROW,Koppal,Solar,50.0,27.79,73.72,1.91,5.0448,94.63,0.02,5.14
2025-05-17,KOPPAL_AYANASIX_W,Koppal,Wind,50.0,28.76,67.25,1.45,5.5188,94.58,0.06,1.01
2025-05-17,KOPPAL_RENEWROSHNI_W,Koppal,Wind,73.0,28.76,67.25,1.45,5.5188,94.58,1.45,26.42
2025-05-17,KOPPAL SRI1PL,Koppal,Solar,120.0,28.76,67.25,1.45,5.5188,94.58,1.51,23.54
2025-05-17,IRCON SOLAR,Koppal,Solar,50.0,28.76,67.25,1.45,5.5188,94.58,1.29,26.35
2025-05-17,GADAG_VENA_W,Gadag,Wind,133.0,28.41,67.84,1.73,5.6916,93.94,0.0,13.36
2025-05-17,GADAG_VENA_S,Gadag,Solar,31.0,28.41,67.84,1.73,5.6916,93.94,0.0,3.04
2025-05-17,KOPPAL_RENEWOJAS_S,Koppal,Solar,81.0,28.76,67.25,1.45,5.5188,94.58,0.45,8.53
2025-05-17,All ADYAH,Tumakuru,Solar,300.0,26.05,74.77,1.56,4.2156,92.11,1.79,35.81
2025-05-17,AMPLUS PAVAGADA,Tumakuru,Solar,50.0,26.05,74.77,1.56,4.2156,92.11,0.33,6.35
2025-05-17,AMPLUS TUMKUR,Tumakuru,Solar,50.0,26.05,74.77,1.56,4.2156,92.11,0.33,6.33
2025-05-17,AVAADA SOLAR,Koppal,Solar,150.0,28.76,67.25,1.45,5.5188,94.58,0.94,17.59
2025-05-17,AVAADA SOLARISE,Koppal,Solar,150.0,28.76,67.25,1.45,5.5188,94.58,0.91,17.25
2025-05-17,AZURE POWER EARTH,Koppal,Solar,100.0,28.76,67.25,1.45,5.5188,94.58,0.67,12.77
2025-05-17,FORTUM FIN SURYA,Tumakuru,Solar,100.0,26.05,74.77,1.56,4.2156,92.11,0.56,10.8
2025-05-17,FORTUM SOLAR,Tumakuru,Solar,250.0,26.05,74.77,1.56,4.2156,92.11,0.31,5.84
2025-05-17,PARAMPUJYA,Tumakuru,Solar,150.0,26.05,74.77,1.56,4.2156,92.11,0.24,5.42
2025-05-17,RENEW TN2,Koppal,Solar,50.0,28.76,67.25,1.45,5.5188,94.58,1.3,24.44
2025-05-17,SBG ENERGY,Tumakuru,Solar,200.0,26.05,74.77,1.56,4.2156,92.11,1.57,30.03
2025-05-17,TATA RENEWABLES,Tumakuru,Solar,400.0,26.05,74.77,1.56,4.2156,92.11,2.15,40.01
2025-05-17,YARROW,Koppal,Solar,50.0,28.76,67.25,1.45,5.5188,94.58,0.24,5.38
2025-05-18,KOPPAL_AYANASIX_W,Koppal,Wind,50.0,26.7,81.17,2.21,5.0369,94.49,0.06,1.07
2025-05-18,KOPPAL_RENEWROSHNI_W,Koppal,Wind,73.0,26.7,81.17,2.21,5.0369,94.49,1.09,27.51
2025-05-18,KOPPAL SRI1PL,Koppal,Solar,120.0,26.7,81.17,2.21,5.0369,94.49,1.25,24.79
2025-05-18,IRCON SOLAR,Koppal,Solar,50.0,26.7,81.17,2.21,5.0369,94.49,1.07,27.42
2025-05-18,GADAG_VENA_W,Gadag,Wind,133.0,26.44,80.27,2.32,5.1799,93.84,0.0,13.36
2025-05-18,GADAG_VENA_S,Gadag,Solar,31.0,26.44,80.27,2.32,5.1799,93.84,0.0,3.04
2025-05-18,KOPPAL_RENEWOJAS_S,Koppal,Solar,81.0,26.7,81.17,2.21,5.0369,94.49,0.5,9.03
2025-05-18,All ADYAH,Tumakuru,Solar,300.0,24.48,85.39,2.43,4.7966,91.97,1.81,37.62
2025-05-18,AMPLUS PAVAGADA,Tumakuru,Solar,50.0,24.48,85.39,2.43,4.7966,91.97,0.37,6.72
2025-05-18,AMPLUS TUMKUR,Tumakuru,Solar,50.0,24.48,85.39,2.43,4.7966,91.97,0.37,6.7
2025-05-18,AVAADA SOLAR,Koppal,Solar,150.0,26.7,81.17,2.21,5.0369,94.49,0.97,18.56
2025-05-18,AVAADA SOLARISE,Koppal,Solar,150.0,26.7,81.17,2.21,5.0369,94.49,0.99,18.24
2025-05-18,AZURE POWER EARTH,Koppal,Solar,100.0,26.7,81.17,2.21,5.0369,94.49,0.71,13.48
2025-05-18,FORTUM FIN SURYA,Tumakuru,Solar,100.0,24.48,85.39,2.43,4.7966,91.97,0.61,11.41
2025-05-18,FORTUM SOLAR,Tumakuru,Solar,250.0,24.48,85.39,2.43,4.7966,91.97,0.33,6.17
2025-05-18,PARAMPUJYA,Tumakuru,Solar,150.0,24.48,85.39,2.43,4.7966,91.97,0.33,5.75
2025-05-18,RENEW TN2,Koppal,Solar,50.0,26.7,81.17,2.21,5.0369,94.49,1.38,25.82
2025-05-18,SBG ENERGY,Tumakuru,Solar,200.0,24.48,85.39,2.43,4.7966,91.97,1.69,31.72
2025-05-18,TATA RENEWABLES,Tumakuru,Solar,400.0,24.48,85.39,2.43,4.7966,91.97,2.48,42.49
2025-05-18,YARROW,Koppal,Solar,50.0,26.7,81.17,2.21,5.0369,94.49,0.36,5.74
2025-05-19,KOPPAL_AYANASIX_W,Koppal,Wind,50.0,27.32,77.87,1.98,4.6723,94.38,0.06,1.13
2025-05-19,KOPPAL_RENEWROSHNI_W,Koppal,Wind,73.0,27.32,77.87,1.98,4.6723,94.38,0.36,27.87
2025-05-19,KOPPAL SRI1PL,Koppal,Solar,120.0,27.32,77.87,1.98,4.6723,94.38,1.02,25.81
2025-05-19,IRCON SOLAR,Koppal,Solar,50.0,27.32,77.87,1.98,4.6723,94.38,0.73,28.15
2025-05-19,GADAG_VENA_W,Gadag,Wind,133.0,26.69,79.84,2.53,4.1328,93.73,0.0,13.36
2025-05-19,GADAG_VENA_S,Gadag,Solar,31.0,26.69,79.84,2.53,4.1328,93.73,0.0,3.04
2025-05-19,KOPPAL_RENEWOJAS_S,Koppal,Solar,81.0,27.32,77.87,1.98,4.6723,94.38,0.37,9.4
2025-05-19,All ADYAH,Tumakuru,Solar,300.0,24.91,84.25,2.76,3.4774,91.85,1.17,38.79
2025-05-19,AMPLUS PAVAGADA,Tumakuru,Solar,50.0,24.91,84.25,2.76,3.4774,91.85,0.22,6.94
2025-05-19,AMPLUS TUMKUR,Tumakuru,Solar,50.0,24.91,84.25,2.76,3.4774,91.85,0.22,6.92
2025-05-19,AVAADA SOLAR,Koppal,Solar,150.0,27.32,77.87,1.98,4.6723,94.38,0.61,19.17
2025-05-19,AVAADA SOLARISE,Koppal,Solar,150.0,27.32,77.87,1.98,4.6723,94.38,0.57,18.81
2025-05-19,AZURE POWER EARTH,Koppal,Solar,100.0,27.32,77.87,1.98,4.6723,94.38,0.43,13.91
2025-05-19,FORTUM FIN SURYA,Tumakuru,Solar,100.0,24.91,84.25,2.76,3.4774,91.85,0.35,11.76
2025-05-19,FORTUM SOLAR,Tumakuru,Solar,250.0,24.91,84.25,2.76,3.4774,91.85,0.2,6.37
2025-05-19,PARAMPUJYA,Tumakuru,Solar,150.0,24.91,84.25,2.76,3.4774,91.85,0.17,5.92
2025-05-19,RENEW TN2,Koppal,Solar,50.0,27.32,77.87,1.98,4.6723,94.38,0.76,26.58
2025-05-19,SBG ENERGY,Tumakuru,Solar,200.0,24.91,84.25,2.76,3.4774,91.85,0.98,32.7
2025-05-19,TATA RENEWABLES,Tumakuru,Solar,400.0,24.91,84.25,2.76,3.4774,91.85,1.41,43.9
2025-05-19,YARROW,Koppal,Solar,50.0,27.32,77.87,1.98,4.6723,94.38,0.21,5.95
2025-05-20,KOPPAL_AYANASIX_W,Koppal,Wind,50.0,27.71,73.87,2.06,3.4908,94.29,1.62,2.75
2025-05-20,KOPPAL_RENEWROSHNI_W,Koppal,Wind,73.0,27.71,73.87,2.06,3.4908,94.29,0.73,28.6
2025-05-20,KOPPAL SRI1PL,Koppal,Solar,120.0,27.71,73.87,2.06,3.4908,94.29,0.64,26.45
2025-05-20,IRCON SOLAR,Koppal,Solar,50.0,27.71,73.87,2.06,3.4908,94.29,0.89,29.04
2025-05-20,GADAG_VENA_W,Gadag,Wind,133.0,27.56,74.49,2.37,3.2268,93.62,0.0,13.36
2025-05-20,GADAG_VENA_S,Gadag,Solar,31.0,27.56,74.49,2.37,3.2268,93.62,0.0,3.04
2025-05-20,KOPPAL_RENEWOJAS_S,Koppal,Solar,81.0,27.71,73.87,2.06,3.4908,94.29,0.29,9.69
2025-05-20,All ADYAH,Tumakuru,Solar,300.0,25.42,80.39,2.98,3.6259,91.77,1.33,40.12
2025-05-20,AMPLUS PAVAGADA,Tumakuru,Solar,50.0,25.42,80.39,2.98,3.6259,91.77,0.23,7.17
2025-05-20,AMPLUS TUMKUR,Tumakuru,Solar,50.0,25.42,80.39,2.98,3.6259,91.77,0.23,7.15
2025-05-20,AVAADA SOLAR,Koppal,Solar,150.0,27.71,73.87,2.06,3.4908,94.29,0.68,19.85
2025-05-20,AVAADA SOLARISE,Koppal,Solar,150.0,27.71,73.87,2.06,3.4908,94.29,0.63,19.44
2025-05-20,AZURE POWER EARTH,Koppal,Solar,100.0,27.71,73.87,2.06,3.4908,94.29,0.5,14.41
2025-05-20,FORTUM FIN SURYA,Tumakuru,Solar,100.0,25.42,80.39,2.98,3.6259,91.77,0.42,12.18
2025-05-20,FORTUM SOLAR,Tumakuru,Solar,250.0,25.42,80.39,2.98,3.6259,91.77,0.22,6.59
2025-05-20,PARAMPUJYA,Tumakuru,Solar,150.0,25.42,80.39,2.98,3.6259,91.77,0.19,6.11
2025-05-20,RENEW TN2,Koppal,Solar,50.0,27.71,73.87,2.06,3.4908,94.29,0.98,27.56
2025-05-20,SBG ENERGY,Tumakuru,Solar,200.0,25.42,80.39,2.98,3.6259,91.77,1.15,33.85
2025-05-20,TATA RENEWABLES,Tumakuru,Solar,400.0,25.42,80.39,2.98,3.6259,91.77,1.65,45.55
2025-05-20,YARROW,Koppal,Solar,50.0,27.71,73.87,2.06,3.4908,94.29,0.22,6.17
2025-05-21,KOPPAL_AYANASIX_W,Koppal,Wind,50.0,26.23,82.1,2.86,3.5342,94.31,2.0,4.75
2025-05-21,KOPPAL_RENEWROSHNI_W,Koppal,Wind,73.0,26.23,82.1,2.86,3.5342,94.31,2.44,31.04
2025-05-21,KOPPAL SRI1PL,Koppal,Solar,120.0,26.23,82.1,2.86,3.5342,94.31,0.72,27.17
2025-05-21,IRCON SOLAR,Koppal,Solar,50.0,26.23,82.1,2.86,3.5342,94.31,0.83,29.87
2025-05-21,GADAG_VENA_W,Gadag,Wind,133.0,26.72,78.02,2.38,2.5975,93.66,0.0,13.36
2025-05-21,GADAG_VENA_S,Gadag,Solar,31.0,26.72,78.02,2.38,2.5975,93.66,0.0,3.04
2025-05-21,KOPPAL_RENEWOJAS_S,Koppal,Solar,81.0,26.23,82.1,2.86,3.5342,94.31,0.19,9.88
2025-05-21,All ADYAH,Tumakuru,Solar,300.0,23.97,83.13,5.57,3.8722,91.77,1.26,41.38
2025-05-21,AMPLUS PAVAGADA,Tumakuru,Solar,50.0,23.97,83.13,5.57,3.8722,91.77,0.26,7.43
2025-05-21,AMPLUS TUMKUR,Tumakuru,Solar,50.0,23.97,83.13,5.57,3.8722,91.77,0.26,7.41
2025-05-21,AVAADA SOLAR,Koppal,Solar,150.0,26.23,82.1,2.86,3.5342,94.31,0.63,20.48
2025-05-21,AVAADA SOLARISE,Koppal,Solar,150.0,26.23,82.1,2.86,3.5342,94.31,0.69,20.13
2025-05-21,AZURE POWER EARTH,Koppal,Solar,100.0,26.23,82.1,2.86,3.5342,94.31,0.49,14.9
2025-05-21,FORTUM FIN SURYA,Tumakuru,Solar,100.0,23.97,83.13,5.57,3.8722,91.77,0.43,12.61
2025-05-21,FORTUM SOLAR,Tumakuru,Solar,250.0,23.97,83.13,5.57,3.8722,91.77,0.23,6.82
2025-05-21,PARAMPUJYA,Tumakuru,Solar,150.0,23.97,83.13,5.57,3.8722,91.77,0.22,6.33
2025-05-21,RENEW TN2,Koppal,Solar,50.0,26.23,82.1,2.86,3.5342,94.31,0.95,28.51
2025-05-21,SBG ENERGY,Tumakuru,Solar,200.0,23.97,83.13,5.57,3.8722,91.77,1.12,34.97
2025-05-21,TATA RENEWABLES,Tumakuru,Solar,400.0,23.97,83.13,5.57,3.8722,91.77,1.72,47.27
2025-05-21,YARROW,Koppal,Solar,50.0,26.23,82.1,2.86,3.5342,94.31,0.25,6.42
2025-05-22,KOPPAL_AYANASIX_W,Koppal,Wind,50.0,26.31,80.17,3.28,5.6297,94.36,3.91,8.66
2025-05-22,KOPPAL_RENEWROSHNI_W,Koppal,Wind,73.0,26.31,80.17,3.28,5.6297,94.36,4.31,35.35
2025-05-22,KOPPAL SRI1PL,Koppal,Solar,120.0,26.31,80.17,3.28,5.6297,94.36,1.26,28.43
2025-05-22,IRCON SOLAR,Koppal,Solar,50.0,26.31,80.17,3.28,5.6297,94.36,0.8,30.67
2025-05-22,GADAG_VENA_W,Gadag,Wind,133.0,25.62,83.24,3.85,4.6075,93.71,0.0,13.36
2025-05-22,GADAG_VENA_S,Gadag,Solar,31.0,25.62,83.24,3.85,4.6075,93.71,0.0,3.04
2025-05-22,KOPPAL_RENEWOJAS_S,Koppal,Solar,81.0,26.31,80.17,3.28,5.6297,94.36,0.46,10.34
2025-05-22,All ADYAH,Tumakuru,Solar,300.0,24.36,78.89,4.52,4.8605,91.95,1.27,42.65
2025-05-22,AMPLUS PAVAGADA,Tumakuru,Solar,50.0,24.36,78.89,4.52,4.8605,91.95,0.26,7.69
2025-05-22,AMPLUS TUMKUR,Tumakuru,Solar,50.0,24.36,78.89,4.52,4.8605,91.95,0.25,7.66
2025-05-22,AVAADA SOLAR,Koppal,Solar,150.0,26.31,80.17,3.28,5.6297,94.36,0.67,21.15
2025-05-22,AVAADA SOLARISE,Koppal,Solar,150.0,26.31,80.17,3.28,5.6297,94.36,0.67,20.8
2025-05-22,AZURE POWER EARTH,Koppal,Solar,100.0,26.31,80.17,3.28,5.6297,94.36,0.51,15.41
2025-05-22,FORTUM FIN SURYA,Tumakuru,Solar,100.0,24.36,78.89,4.52,4.8605,91.95,0.4,13.01
2025-05-22,FORTUM SOLAR,Tumakuru,Solar,250.0,24.36,78.89,4.52,4.8605,91.95,0.23,7.05
2025-05-22,PARAMPUJYA,Tumakuru,Solar,150.0,24.36,78.89,4.52,4.8605,91.95,0.23,6.56
2025-05-22,RENEW TN2,Koppal,Solar,50.0,26.31,80.17,3.28,5.6297,94.36,0.9,29.41
2025-05-22,SBG ENERGY,Tumakuru,Solar,200.0,24.36,78.89,4.52,4.8605,91.95,1.16,36.13
2025-05-22,TATA RENEWABLES,Tumakuru,Solar,400.0,24.36,78.89,4.52,4.8605,91.95,1.74,49.01
2025-05-22,YARROW,Koppal,Solar,50.0,26.31,80.17,3.28,5.6297,94.36,0.24,6.66
2025-06-09,KOPPAL_AYANASIX_W,Koppal,Wind,50.0,26.66,75.67,4.39,5.4262,94.61,3.49,24.17
2025-06-09,KOPPAL_RENEWROSHNI_W,Koppal,Wind,73.0,26.66,75.67,4.39,5.4262,94.61,3.53,19.16
2025-06-09,Koppal Renewojas,Koppal,Wind,277.0,26.66,75.67,4.39,5.4262,94.61,0.0,2.99
2025-06-09,KOPPAL SRI1PL,Koppal,Solar,120.0,26.66,75.67,4.39,5.4262,94.61,1.14,11.79
2025-06-09,IRCON SOLAR,Koppal,Solar,50.0,26.66,75.67,4.39,5.4262,94.61,1.32,12.72
2025-06-09,GADAG_VENA_W,Gadag,Wind,133.0,25.92,78.48,4.3,4.8614,94.0,0.0,0.0
2025-06-09,GADAG_VENA_S,Gadag,Solar,31.0,25.92,78.48,4.3,4.8614,94.0,0.0,0.0
2025-06-09,KOPPAL_RENEWOJAS_S,Koppal,Solar,81.0,26.66,75.67,4.39,5.4262,94.61,0.46,2.43
2025-06-09,KOPPAL_KLEIO_S,Koppal,Solar,105.0,26.66,75.67,4.39,5.4262,94.61,0.52,3.0
2025-06-09,All ADYAH,Tumakuru,Solar,300.0,25.26,75.43,4.23,5.0064,92.12,1.57,14.21
2025-06-09,AMPLUS PAVAGADA,Tumakuru,Solar,50.0,25.26,75.43,4.23,5.0064,92.12,0.32,3.12
2025-06-09,AMPLUS TUMKUR,Tumakuru,Solar,50.0,25.26,75.43,4.23,5.0064,92.12,0.32,3.1
2025-06-09,AVAADA SOLAR,Koppal,Solar,150.0,26.66,75.67,4.39,5.4262,94.61,0.89,8.42
2025-06-09,AVAADA SOLARISE,Koppal,Solar,150.0,26.66,75.67,4.39,5.4262,94.61,0.86,8.42
2025-06-09,AZURE POWER EARTH,Koppal,Solar,100.0,26.66,75.67,4.39,5.4262,94.61,0.49,4.64
2025-06-09,FORTUM FIN SURYA,Tumakuru,Solar,100.0,25.26,75.43,4.23,5.0064,92.12,0.47,5.08
2025-06-09,FORTUM SOLAR,Tumakuru,Solar,250.0,25.26,75.43,4.23,5.0064,92.12,1.47,13.78
2025-06-09,PARAMPUJYA,Tumakuru,Solar,150.0,25.26,75.43,4.23,5.0064,92.12,0.8,7.77
2025-06-09,RENEW TN2,Koppal,Solar,50.0,26.66,75.67,4.39,5.4262,94.61,0.33,3.13
2025-06-09,SBG ENERGY,Tumakuru,Solar,200.0,25.26,75.43,4.23,5.0064,92.12,1.13,11.32
2025-06-09,TATA RENEWABLES,Tumakuru,Solar,400.0,25.26,75.43,4.23,5.0064,92.12,2.17,19.16
2025-06-09,YARROW,Koppal,Solar,50.0,26.66,75.67,4.39,5.4262,94.61,0.32,3.05
2025-06-10,KOPPAL_AYANASIX_W,Koppal,Wind,50.0,27.03,73.89,4.4,5.2656,94.37,3.27,27.44
2025-06-10,KOPPAL_RENEWROSHNI_W,Koppal,Wind,73.0,27.03,73.89,4.4,5.2656,94.37,4.12,23.28
2025-06-10,Koppal Renewojas,Koppal,Wind,277.0,27.03,73.89,4.4,5.2656,94.37,0.0,2.99
2025-06-10,KOPPAL SRI1PL,Koppal,Solar,120.0,27.03,73.89,4.4,5.2656,94.37,1.27,13.06
2025-06-10,IRCON SOLAR,Koppal,Solar,50.0,27.03,73.89,4.4,5.2656,94.37,1.47,14.19
2025-06-10,GADAG_VENA_W,Gadag,Wind,133.0,26.08,77.71,4.24,5.1096,93.77,0.0,0.0
2025-06-10,GADAG_VENA_S,Gadag,Solar,31.0,26.08,77.71,4.24,5.1096,93.77,0.0,0.0
2025-06-10,KOPPAL_RENEWOJAS_S,Koppal,Solar,81.0,27.03,73.89,4.4,5.2656,94.37,0.52,2.95
2025-06-10,KOPPAL_KLEIO_S,Koppal,Solar,105.0,27.03,73.89,4.4,5.2656,94.37,0.53,3.53
2025-06-10,All ADYAH,Tumakuru,Solar,300.0,24.33,82.53,4.06,5.743,91.91,1.87,16.08
2025-06-10,AMPLUS PAVAGADA,Tumakuru,Solar,50.0,24.33,82.53,4.06,5.743,91.91,0.37,3.49
2025-06-10,AMPLUS TUMKUR,Tumakuru,Solar,50.0,24.33,82.53,4.06,5.743,91.91,0.37,3.47
2025-06-10,AVAADA SOLAR,Koppal,Solar,150.0,27.03,73.89,4.4,5.2656,94.37,1.02,9.44
2025-06-10,AVAADA SOLARISE,Koppal,Solar,150.0,27.03,73.89,4.4,5.2656,94.37,1.0,9.42
2025-06-10,AZURE POWER EARTH,Koppal,Solar,100.0,27.03,73.89,4.4,5.2656,94.37,0.57,5.21
2025-06-10,FORTUM FIN SURYA,Tumakuru,Solar,100.0,24.33,82.53,4.06,5.743,91.91,0.62,5.7
2025-06-10,FORTUM SOLAR,Tumakuru,Solar,250.0,24.33,82.53,4.06,5.743,91.91,1.76,15.54
2025-06-10,PARAMPUJYA,Tumakuru,Solar,150.0,24.33,82.53,4.06,5.743,91.91,0.94,8.71
2025-06-10,RENEW TN2,Koppal,Solar,50.0,27.03,73.89,4.4,5.2656,94.37,0.37,3.5
2025-06-10,SBG ENERGY,Tumakuru,Solar,200.0,24.33,82.53,4.06,5.743,91.91,1.41,12.73
2025-06-10,TATA RENEWABLES,Tumakuru,Solar,400.0,24.33,82.53,4.06,5.743,91.91,2.61,21.77
2025-06-10,YARROW,Koppal,Solar,50.0,27.03,73.89,4.4,5.2656,94.37,0.37,3.42
2025-06-11,KOPPAL_AYANASIX_W,Koppal,Wind,50.0,26.55,78.94,4.25,3.0953,94.25,2.28,29.72
2025-06-11,KOPPAL_RENEWROSHNI_W,Koppal,Wind,73.0,26.55,78.94,4.25,3.0953,94.25,2.35,25.63
2025-06-11,Koppal Renewojas,Koppal,Wind,277.0,26.55,78.94,4.25,3.0953,94.25,0.0,2.99
2025-06-11,KOPPAL SRI1PL,Koppal,Solar,120.0,26.55,78.94,4.25,3.0953,94.25,0.49,13.55
2025-06-11,IRCON SOLAR,Koppal,Solar,50.0,26.55,78.94,4.25,3.0953,94.25,0.7,14.89
2025-06-11,GADAG_VENA_W,Gadag,Wind,133.0,25.8,82.03,4.43,3.155,93.65,0.0,0.0
2025-06-11,GADAG_VENA_S,Gadag,Solar,31.0,25.8,82.03,4.43,3.155,93.65,0.0,0.0
2025-06-11,KOPPAL_RENEWOJAS_S,Koppal,Solar,81.0,26.55,78.94,4.25,3.0953,94.25,0.24,3.19
2025-06-11,KOPPAL_KLEIO_S,Koppal,Solar,105.0,26.55,78.94,4.25,3.0953,94.25,0.25,3.78
2025-06-11,All ADYAH,Tumakuru,Solar,300.0,24.52,83.29,4.26,4.0546,91.81,1.1,17.18
2025-06-11,AMPLUS PAVAGADA,Tumakuru,Solar,50.0,24.52,83.29,4.26,4.0546,91.81,0.21,3.7
2025-06-11,AMPLUS TUMKUR,Tumakuru,Solar,50.0,24.52,83.29,4.26,4.0546,91.81,0.21,3.68
2025-06-11,AVAADA SOLAR,Koppal,Solar,150.0,26.55,78.94,4.25,3.0953,94.25,0.58,10.02
2025-06-11,AVAADA SOLARISE,Koppal,Solar,150.0,26.55,78.94,4.25,3.0953,94.25,0.56,9.98
2025-06-11,AZURE POWER EARTH,Koppal,Solar,100.0,26.55,78.94,4.25,3.0953,94.25,0.33,5.54
2025-06-11,FORTUM FIN SURYA,Tumakuru,Solar,100.0,24.52,83.29,4.26,4.0546,91.81,0.35,6.05
2025-06-11,FORTUM SOLAR,Tumakuru,Solar,250.0,24.52,83.29,4.26,4.0546,91.81,0.98,16.52
2025-06-11,PARAMPUJYA,Tumakuru,Solar,150.0,24.52,83.29,4.26,4.0546,91.81,0.51,9.22
2025-06-11,RENEW TN2,Koppal,Solar,50.0,26.55,78.94,4.25,3.0953,94.25,0.19,3.69
2025-06-11,SBG ENERGY,Tumakuru,Solar,200.0,24.52,83.29,4.26,4.0546,91.81,0.76,13.49
2025-06-11,TATA RENEWABLES,Tumakuru,Solar,400.0,24.52,83.29,4.26,4.0546,91.81,1.42,23.19
2025-06-11,YARROW,Koppal,Solar,50.0,26.55,78.94,4.25,3.0953,94.25,0.21,3.63
2025-06-12,KOPPAL_AYANASIX_W,Koppal,Wind,50.0,25.55,83.28,4.05,3.0814,94.09,1.76,31.48
2025-06-12,KOPPAL_RENEWROSHNI_W,Koppal,Wind,73.0,25.55,83.28,4.05,3.0814,94.09,2.11,27.74
2025-06-12,Koppal Renewojas,Koppal,Wind,277.0,25.55,83.28,4.05,3.0814,94.09,0.0,2.99
2025-06-12,KOPPAL SRI1PL,Koppal,Solar,120.0,25.55,83.28,4.05,3.0814,94.09,0.6,14.15
2025-06-12,IRCON SOLAR,Koppal,Solar,50.0,25.55,83.28,4.05,3.0814,94.09,0.6,15.49
2025-06-12,GADAG_VENA_W,Gadag,Wind,133.0,25.03,84.62,4.11,2.717,93.47,0.0,0.0
2025-06-12,GADAG_VENA_S,Gadag,Solar,31.0,25.03,84.62,4.11,2.717,93.47,0.0,0.0
2025-06-12,KOPPAL_RENEWOJAS_S,Koppal,Solar,81.0,25.55,83.28,4.05,3.0814,94.09,0.25,3.44
2025-06-12,KOPPAL_KLEIO_S,Koppal,Solar,105.0,25.55,83.28,4.05,3.0814,94.09,0.2,3.98
2025-06-12,All ADYAH,Tumakuru,Solar,300.0,23.63,84.95,3.67,3.2928,91.66,0.94,18.12
2025-06-12,AMPLUS PAVAGADA,Tumakuru,Solar,50.0,23.63,84.95,3.67,3.2928,91.66,0.19,3.89
2025-06-12,AMPLUS TUMKUR,Tumakuru,Solar,50.0,23.63,84.95,3.67,3.2928,91.66,0.19,3.87
2025-06-12,AVAADA SOLAR,Koppal,Solar,150.0,25.55,83.28,4.05,3.0814,94.09,0.49,10.51
2025-06-12,AVAADA SOLARISE,Koppal,Solar,150.0,25.55,83.28,4.05,3.0814,94.09,0.48,10.46
2025-06-12,AZURE POWER EARTH,Koppal,Solar,100.0,25.55,83.28,4.05,3.0814,94.09,0.26,5.8
2025-06-12,FORTUM FIN SURYA,Tumakuru,Solar,100.0,23.63,84.95,3.67,3.2928,91.66,0.31,6.36
2025-06-12,FORTUM SOLAR,Tumakuru,Solar,250.0,23.63,84.95,3.67,3.2928,91.66,0.78,17.3
2025-06-12,PARAMPUJYA,Tumakuru,Solar,150.0,23.63,84.95,3.67,3.2928,91.66,0.44,9.66
2025-06-12,RENEW TN2,Koppal,Solar,50.0,25.55,83.28,4.05,3.0814,94.09,0.16,3.85
2025-06-12,SBG ENERGY,Tumakuru,Solar,200.0,23.63,84.95,3.67,3.2928,91.66,0.63,14.12
2025-06-12,TATA RENEWABLES,Tumakuru,Solar,400.0,23.63,84.95,3.67,3.2928,91.66,1.15,24.34
2025-06-12,YARROW,Koppal,Solar,50.0,25.55,83.28,4.05,3.0814,94.09,0.18,3.81
2025-06-13,KOPPAL_AYANASIX_W,Koppal,Wind,50.0,26.64,82.39,2.04,4.0975,94.03,1.24,32.72
2025-06-13,KOPPAL_RENEWROSHNI_W,Koppal,Wind,73.0,26.64,82.39,2.04,4.0975,94.03,1.44,29.18
2025-06-13,Koppal Renewojas,Koppal,Wind,277.0,26.64,82.39,2.04,4.0975,94.03,0.0,2.99
2025-06-13,KOPPAL SRI1PL,Koppal,Solar,120.0,26.64,82.39,2.04,4.0975,94.03,0.73,14.88
2025-06-13,IRCON SOLAR,Koppal,Solar,50.0,26.64,82.39,2.04,4.0975,94.03,1.02,16.51
2025-06-13,GADAG_VENA_W,Gadag,Wind,133.0,26.03,85.62,1.53,3.3691,93.35,0.0,0.0
2025-06-13,GADAG_VENA_S,Gadag,Solar,31.0,26.03,85.62,1.53,3.3691,93.35,0.0,0.0
2025-06-13,KOPPAL_RENEWOJAS_S,Koppal,Solar,81.0,26.64,82.39,2.04,4.0975,94.03,0.28,3.72
2025-06-13,KOPPAL_KLEIO_S,Koppal,Solar,105.0,26.64,82.39,2.04,4.0975,94.03,0.41,4.39
2025-06-13,All ADYAH,Tumakuru,Solar,300.0,24.09,85.99,3.7,3.7512,91.65,1.39,19.51
2025-06-13,AMPLUS PAVAGADA,Tumakuru,Solar,50.0,24.09,85.99,3.7,3.7512,91.65,0.3,4.19
2025-06-13,AMPLUS TUMKUR,Tumakuru,Solar,50.0,24.09,85.99,3.7,3.7512,91.65,0.3,4.17
2025-06-13,AVAADA SOLAR,Koppal,Solar,150.0,26.64,82.39,2.04,4.0975,94.03,0.78,11.29
2025-06-13,AVAADA SOLARISE,Koppal,Solar,150.0,26.64,82.39,2.04,4.0975,94.03,0.8,11.26
2025-06-13,AZURE POWER EARTH,Koppal,Solar,100.0,26.64,82.39,2.04,4.0975,94.03,0.44,6.24
2025-06-13,FORTUM FIN SURYA,Tumakuru,Solar,100.0,24.09,85.99,3.7,3.7512,91.65,0.48,6.84
2025-06-13,FORTUM SOLAR,Tumakuru,Solar,250.0,24.09,85.99,3.7,3.7512,91.65,1.33,18.63
2025-06-13,PARAMPUJYA,Tumakuru,Solar,150.0,24.09,85.99,3.7,3.7512,91.65,0.72,10.38
2025-06-13,RENEW TN2,Koppal,Solar,50.0,26.64,82.39,2.04,4.0975,94.03,0.27,4.12
2025-06-13,SBG ENERGY,Tumakuru,Solar,200.0,24.09,85.99,3.7,3.7512,91.65,1.07,15.19
2025-06-13,TATA RENEWABLES,Tumakuru,Solar,400.0,24.09,85.99,3.7,3.7512,91.65,2.02,26.36
2025-06-13,YARROW,Koppal,Solar,50.0,26.64,82.39,2.04,4.0975,94.03,0.3,4.11
2025-06-14,KOPPAL_AYANASIX_W,Koppal,Wind,50.0,25.82,84.23,4.57,4.2485,94.15,4.25,36.97
2025-06-14,KOPPAL_RENEWROSHNI_W,Koppal,Wind,73.0,25.82,84.23,4.57,4.2485,94.15,4.66,33.84
2025-06-14,Koppal Renewojas,Koppal,Wind,277.0,25.82,84.23,4.57,4.2485,94.15,0.0,2.99
2025-06-14,KOPPAL SRI1PL,Koppal,Solar,120.0,25.82,84.23,4.57,4.2485,94.15,0.85,15.73
2025-06-14,IRCON SOLAR,Koppal,Solar,50.0,25.82,84.23,4.57,4.2485,94.15,1.26,17.77
2025-06-14,GADAG_VENA_W,Gadag,Wind,133.0,25.1,87.16,4.63,4.2389,93.52,0.0,0.0
2025-06-14,GADAG_VENA_S,Gadag,Solar,31.0,25.1,87.16,4.63,4.2389,93.52,0.0,0.0
2025-06-14,KOPPAL_RENEWOJAS_S,Koppal,Solar,81.0,25.82,84.23,4.57,4.2485,94.15,0.39,4.11
2025-06-14,KOPPAL_KLEIO_S,Koppal,Solar,105.0,25.82,84.23,4.57,4.2485,94.15,0.48,4.87
2025-06-14,All ADYAH,Tumakuru,Solar,300.0,24.23,81.9,4.93,3.8448,91.79,1.45,20.96
2025-06-14,AMPLUS PAVAGADA,Tumakuru,Solar,50.0,24.23,81.9,4.93,3.8448,91.79,0.32,4.51
2025-06-14,AMPLUS TUMKUR,Tumakuru,Solar,50.0,24.23,81.9,4.93,3.8448,91.79,0.32,4.49
2025-06-14,AVAADA SOLAR,Koppal,Solar,150.0,25.82,84.23,4.57,4.2485,94.15,0.81,12.1
2025-06-14,AVAADA SOLARISE,Koppal,Solar,150.0,25.82,84.23,4.57,4.2485,94.15,0.84,12.1
2025-06-14,AZURE POWER EARTH,Koppal,Solar,100.0,25.82,84.23,4.57,4.2485,94.15,0.46,6.7
2025-06-14,FORTUM FIN SURYA,Tumakuru,Solar,100.0,24.23,81.9,4.93,3.8448,91.79,0.43,7.27
2025-06-14,FORTUM SOLAR,Tumakuru,Solar,250.0,24.23,81.9,4.93,3.8448,91.79,1.39,20.02
2025-06-14,PARAMPUJYA,Tumakuru,Solar,150.0,24.23,81.9,4.93,3.8448,91.79,0.76,11.14
2025-06-14,RENEW TN2,Koppal,Solar,50.0,25.82,84.23,4.57,4.2485,94.15,0.3,4.42
2025-06-14,SBG ENERGY,Tumakuru,Solar,200.0,24.23,81.9,4.93,3.8448,91.79,1.03,16.22
2025-06-14,TATA RENEWABLES,Tumakuru,Solar,400.0,24.23,81.9,4.93,3.8448,91.79,2.08,28.44
2025-06-14,YARROW,Koppal,Solar,50.0,25.82,84.23,4.57,4.2485,94.15,0.3,4.41
2025-06-15,KOPPAL_AYANASIX_W,Koppal,Wind,50.0,25.4,78.8,5.71,4.0469,94.1,4.95,41.92
2025-06-15,KOPPAL_RENEWROSHNI_W,Koppal,Wind,73.0,25.4,78.8,5.71,4.0469,94.1,5.53,39.37
2025-06-15,Koppal Renewojas,Koppal,Wind,277.0,25.4,78.8,5.71,4.0469,94.1,0.0,2.99
2025-06-15,KOPPAL SRI1PL,Koppal,Solar,120.0,25.4,78.8,5.71,4.0469,94.1,0.69,16.42
2025-06-15,IRCON SOLAR,Koppal,Solar,50.0,25.4,78.8,5.71,4.0469,94.1,0.96,18.73
2025-06-15,GADAG_VENA_W,Gadag,Wind,133.0,24.71,82.44,5.45,3.4603,93.46,0.0,0.0
2025-06-15,GADAG_VENA_S,Gadag,Solar,31.0,24.71,82.44,5.45,3.4603,93.46,0.0,0.0
2025-06-15,KOPPAL_RENEWOJAS_S,Koppal,Solar,81.0,25.4,78.8,5.71,4.0469,94.1,0.34,4.45
2025-06-15,KOPPAL_KLEIO_S,Koppal,Solar,105.0,25.4,78.8,5.71,4.0469,94.1,0.41,5.28
2025-06-15,All ADYAH,Tumakuru,Solar,300.0,23.14,80.2,6.45,3.8131,91.78,1.32,22.28
2025-06-15,AMPLUS PAVAGADA,Tumakuru,Solar,50.0,23.14,80.2,6.45,3.8131,91.78,0.27,4.78
2025-06-15,AMPLUS TUMKUR,Tumakuru,Solar,50.0,23.14,80.2,6.45,3.8131,91.78,0.26,4.75
2025-06-15,AVAADA SOLAR,Koppal,Solar,150.0,25.4,78.8,5.71,4.0469,94.1,0.71,12.81
2025-06-15,AVAADA SOLARISE,Koppal,Solar,150.0,25.4,78.8,5.71,4.0469,94.1,0.71,12.81
2025-06-15,AZURE POWER EARTH,Koppal,Solar,100.0,25.4,78.8,5.71,4.0469,94.1,0.39,7.09
2025-06-15,FORTUM FIN SURYA,Tumakuru,Solar,100.0,23.14,80.2,6.45,3.8131,91.78,0.4,7.67
2025-06-15,FORTUM SOLAR,Tumakuru,Solar,250.0,23.14,80.2,6.45,3.8131,91.78,1.2,21.22
2025-06-15,PARAMPUJYA,Tumakuru,Solar,150.0,23.14,80.2,6.45,3.8131,91.78,0.62,11.76
2025-06-15,RENEW TN2,Koppal,Solar,50.0,25.4,78.8,5.71,4.0469,94.1,0.24,4.66
2025-06-15,SBG ENERGY,Tumakuru,Solar,200.0,23.14,80.2,6.45,3.8131,91.78,0.87,17.09
2025-06-15,TATA RENEWABLES,Tumakuru,Solar,400.0,23.14,80.2,6.45,3.8131,91.78,1.76,30.2
2025-06-15,YARROW,Koppal,Solar,50.0,25.4,78.8,5.71,4.0469,94.1,0.25,4.66
2025-06-16,KOPPAL_AYANASIX_W,Koppal,Wind,50.0,25.39,79.99,7.01,4.2977,94.19,5.91,47.83
2025-06-16,KOPPAL_RENEWROSHNI_W,Koppal,Wind,73.0,25.39,79.99,7.01,4.2977,94.19,5.97,45.34
2025-06-16,Koppal Renewojas,Koppal,Wind,277.0,25.39,79.99,7.01,4.2977,94.19,0.0,2.99
2025-06-16,KOPPAL SRI1PL,Koppal,Solar,120.0,25.39,79.99,7.01,4.2977,94.19,0.89,17.31
2025-06-16,IRCON SOLAR,Koppal,Solar,50.0,25.39,79.99,7.01,4.2977,94.19,1.04,19.77
2025-06-16,GADAG_VENA_W,Gadag,Wind,133.0,25.2,81.73,7.22,3.6994,93.55,0.0,0.0
2025-06-16,GADAG_VENA_S,Gadag,Solar,31.0,25.2,81.73,7.22,3.6994,93.55,0.0,0.0
2025-06-16,KOPPAL_RENEWOJAS_S,Koppal,Solar,81.0,25.39,79.99,7.01,4.2977,94.19,0.39,4.84
2025-06-16,KOPPAL_KLEIO_S,Koppal,Solar,105.0,25.39,79.99,7.01,4.2977,94.19,0.44,5.72
2025-06-16,All ADYAH,Tumakuru,Solar,300.0,22.79,76.81,6.69,4.3915,91.92,1.39,23.67
2025-06-16,AMPLUS PAVAGADA,Tumakuru,Solar,50.0,22.79,76.81,6.69,4.3915,91.92,0.29,5.07
2025-06-16,AMPLUS TUMKUR,Tumakuru,Solar,50.0,22.79,76.81,6.69,4.3915,91.92,0.29,5.04
2025-06-16,AVAADA SOLAR,Koppal,Solar,150.0,25.39,79.99,7.01,4.2977,94.19,0.76,13.57
2025-06-16,AVAADA SOLARISE,Koppal,Solar,150.0,25.39,79.99,7.01,4.2977,94.19,0.76,13.57
2025-06-16,AZURE POWER EARTH,Koppal,Solar,100.0,25.39,79.99,7.01,4.2977,94.19,0.42,7.51
2025-06-16,FORTUM FIN SURYA,Tumakuru,Solar,100.0,22.79,76.81,6.69,4.3915,91.92,0.49,8.16
2025-06-16,FORTUM SOLAR,Tumakuru,Solar,250.0,22.79,76.81,6.69,4.3915,91.92,1.26,22.48
2025-06-16,PARAMPUJYA,Tumakuru,Solar,150.0,22.79,76.81,6.69,4.3915,91.92,0.72,12.48
2025-06-16,RENEW TN2,Koppal,Solar,50.0,25.39,79.99,7.01,4.2977,94.19,0.28,4.94
2025-06-16,SBG ENERGY,Tumakuru,Solar,200.0,22.79,76.81,6.69,4.3915,91.92,1.0,18.09
2025-06-16,TATA RENEWABLES,Tumakuru,Solar,400.0,22.79,76.81,6.69,4.3915,91.92,1.95,32.15
2025-06-16,YARROW,Koppal,Solar,50.0,25.39,79.99,7.01,4.2977,94.19,0.28,4.94
2025-06-17,KOPPAL_AYANASIX_W,Koppal,Wind,50.0,26.21,77.95,5.7,5.4518,94.44,5.27,53.1
2025-06-17,KOPPAL_RENEWROSHNI_W,Koppal,Wind,73.0,26.21,77.95,5.7,5.4518,94.44,5.5,50.84
2025-06-17,Koppal Renewojas,Koppal,Wind,277.0,26.21,77.95,5.7,5.4518,94.44,0.0,2.99
2025-06-17,KOPPAL SRI1PL,Koppal,Solar,120.0,26.21,77.95,5.7,5.4518,94.44,1.22,18.53
2025-06-17,IRCON SOLAR,Koppal,Solar,50.0,26.21,77.95,5.7,5.4518,94.44,0.92,20.69
2025-06-17,GADAG_VENA_W,Gadag,Wind,133.0,25.52,81.52,5.83,5.2421,93.81,0.0,0.0
2025-06-17,GADAG_VENA_S,Gadag,Solar,31.0,25.52,81.52,5.83,5.2421,93.81,0.0,0.0
2025-06-17,KOPPAL_RENEWOJAS_S,Koppal,Solar,81.0,26.21,77.95,5.7,5.4518,94.44,0.46,5.3
2025-06-17,KOPPAL_KLEIO_S,Koppal,Solar,105.0,26.21,77.95,5.7,5.4518,94.44,0.58,6.3
2025-06-17,All ADYAH,Tumakuru,Solar,300.0,24.15,77.54,4.65,3.559,92.09,1.54,25.21
2025-06-17,AMPLUS PAVAGADA,Tumakuru,Solar,50.0,24.15,77.54,4.65,3.559,92.09,0.29,5.36
2025-06-17,AMPLUS TUMKUR,Tumakuru,Solar,50.0,24.15,77.54,4.65,3.559,92.09,0.29,5.33
2025-06-17,AVAADA SOLAR,Koppal,Solar,150.0,26.21,77.95,5.7,5.4518,94.44,0.83,14.4
2025-06-17,AVAADA SOLARISE,Koppal,Solar,150.0,26.21,77.95,5.7,5.4518,94.44,0.79,14.36
2025-06-17,AZURE POWER EARTH,Koppal,Solar,100.0,26.21,77.95,5.7,5.4518,94.44,0.47,7.98
2025-06-17,FORTUM FIN SURYA,Tumakuru,Solar,100.0,24.15,77.54,4.65,3.559,92.09,0.5,8.66
2025-06-17,FORTUM SOLAR,Tumakuru,Solar,250.0,24.15,77.54,4.65,3.559,92.09,1.4,23.88
2025-06-17,PARAMPUJYA,Tumakuru,Solar,150.0,24.15,77.54,4.65,3.559,92.09,0.74,13.22
2025-06-17,RENEW TN2,Koppal,Solar,50.0,26.21,77.95,5.7,5.4518,94.44,0.28,5.22
2025-06-17,SBG ENERGY,Tumakuru,Solar,200.0,24.15,77.54,4.65,3.559,92.09,1.09,19.18
2025-06-17,TATA RENEWABLES,Tumakuru,Solar,400.0,24.15,77.54,4.65,3.559,92.09,2.04,34.19
2025-06-17,YARROW,Koppal,Solar,50.0,26.21,77.95,5.7,5.4518,94.44,0.3,5.24
2025-06-18,KOPPAL_AYANASIX_W,Koppal,Wind,50.0,26.26,78.39,5.68,5.6753,94.5,5.66,58.76
2025-06-18,KOPPAL_RENEWROSHNI_W,Koppal,Wind,73.0,26.26,78.39,5.68,5.6753,94.5,5.6,56.44
2025-06-18,Koppal Renewojas,Koppal,Wind,277.0,26.26,78.39,5.68,5.6753,94.5,0.0,2.99
2025-06-18,KOPPAL SRI1PL,Koppal,Solar,120.0,26.26,78.39,5.68,5.6753,94.5,1.26,19.79
2025-06-18,IRCON SOLAR,Koppal,Solar,50.0,26.26,78.39,5.68,5.6753,94.5,0.0,20.69
2025-06-18,GADAG_VENA_W,Gadag,Wind,133.0,25.72,80.83,5.86,5.3107,93.87,0.0,0.0
2025-06-18,GADAG_VENA_S,Gadag,Solar,31.0,25.72,80.83,5.86,5.3107,93.87,0.0,0.0
2025-06-18,KOPPAL_RENEWOJAS_S,Koppal,Solar,81.0,26.26,78.39,5.68,5.6753,94.5,0.45,5.75
2025-06-18,KOPPAL_KLEIO_S,Koppal,Solar,105.0,26.26,78.39,5.68,5.6753,94.5,0.59,6.89
2025-06-18,All ADYAH,Tumakuru,Solar,300.0,24.86,77.57,4.35,4.8818,92.12,1.33,26.54
2025-06-18,AMPLUS PAVAGADA,Tumakuru,Solar,50.0,24.86,77.57,4.35,4.8818,92.12,0.34,5.7
2025-06-18,AMPLUS TUMKUR,Tumakuru,Solar,50.0,24.86,77.57,4.35,4.8818,92.12,0.33,5.66
2025-06-18,AVAADA SOLAR,Koppal,Solar,150.0,26.26,78.39,5.68,5.6753,94.5,0.88,15.28
2025-06-18,AVAADA SOLARISE,Koppal,Solar,150.0,26.26,78.39,5.68,5.6753,94.5,0.89,15.25
2025-06-18,AZURE POWER EARTH,Koppal,Solar,100.0,26.26,78.39,5.68,5.6753,94.5,0.5,8.48
2025-06-18,FORTUM FIN SURYA,Tumakuru,Solar,100.0,24.86,77.57,4.35,4.8818,92.12,0.57,9.23
2025-06-18,FORTUM SOLAR,Tumakuru,Solar,250.0,24.86,77.57,4.35,4.8818,92.12,1.45,25.33
2025-06-18,PARAMPUJYA,Tumakuru,Solar,150.0,24.86,77.57,4.35,4.8818,92.12,0.86,14.08
2025-06-18,RENEW TN2,Koppal,Solar,50.0,26.26,78.39,5.68,5.6753,94.5,0.32,5.54
2025-06-18,SBG ENERGY,Tumakuru,Solar,200.0,24.86,77.57,4.35,4.8818,92.12,1.24,20.42
2025-06-18,TATA RENEWABLES,Tumakuru,Solar,400.0,24.86,77.57,4.35,4.8818,92.12,1.92,36.11
2025-06-18,YARROW,Koppal,Solar,50.0,26.26,78.39,5.68,5.6753,94.5,0.33,5.57
2025-06-19,KOPPAL_AYANASIX_W,Koppal,Wind,50.0,26.41,76.5,5.83,5.351,94.51,6.25,65.01
2025-06-19,KOPPAL_RENEWROSHNI_W,Koppal,Wind,73.0,26.41,76.5,5.83,5.351,94.51,6.15,62.59
2025-06-19,Koppal Renewojas,Koppal,Wind,277.0,26.41,76.5,5.83,5.351,94.51,0.0,2.99
2025-06-19,KOPPAL SRI1PL,Koppal,Solar,120.0,26.41,76.5,5.83,5.351,94.51,1.05,20.84
2025-06-19,IRCON SOLAR,Koppal,Solar,50.0,26.41,76.5,5.83,5.351,94.51,0.96,21.65
2025-06-19,GADAG_VENA_W,Gadag,Wind,133.0,25.48,80.93,5.79,4.8977,93.88,0.0,0.0
2025-06-19,GADAG_VENA_S,Gadag,Solar,31.0,25.48,80.93,5.79,4.8977,93.88,0.0,0.0
2025-06-19,KOPPAL_RENEWOJAS_S,Koppal,Solar,81.0,26.41,76.5,5.83,5.351,94.51,0.43,6.18
2025-06-19,KOPPAL_KLEIO_S,Koppal,Solar,105.0,26.41,76.5,5.83,5.351,94.51,0.41,7.3
2025-06-19,All ADYAH,Tumakuru,Solar,300.0,24.86,77.97,4.0,5.7708,92.11,1.32,27.86
2025-06-19,AMPLUS PAVAGADA,Tumakuru,Solar,50.0,24.86,77.97,4.0,5.7708,92.11,0.38,6.08
2025-06-19,AMPLUS TUMKUR,Tumakuru,Solar,50.0,24.86,77.97,4.0,5.7708,92.11,0.38,6.04
2025-06-19,AVAADA SOLAR,Koppal,Solar,150.0,26.41,76.5,5.83,5.351,94.51,1.02,16.3
2025-06-19,AVAADA SOLARISE,Koppal,Solar,150.0,26.41,76.5,5.83,5.351,94.51,1.04,16.29
2025-06-19,AZURE POWER EARTH,Koppal,Solar,100.0,26.41,76.5,5.83,5.351,94.51,0.58,9.06
2025-06-19,FORTUM FIN SURYA,Tumakuru,Solar,100.0,24.86,77.97,4.0,5.7708,92.11,0.65,9.88
2025-06-19,FORTUM SOLAR,Tumakuru,Solar,250.0,24.86,77.97,4.0,5.7708,92.11,1.55,26.88
2025-06-19,PARAMPUJYA,Tumakuru,Solar,150.0,24.86,77.97,4.0,5.7708,92.11,0.97,15.05
2025-06-19,RENEW TN2,Koppal,Solar,50.0,26.41,76.5,5.83,5.351,94.51,0.36,5.9
2025-06-19,SBG ENERGY,Tumakuru,Solar,200.0,24.86,77.97,4.0,5.7708,92.11,1.43,21.85
2025-06-19,TATA RENEWABLES,Tumakuru,Solar,400.0,24.86,77.97,4.0,5.7708,92.11,2.11,38.22
2025-06-19,YARROW,Koppal,Solar,50.0,26.41,76.5,5.83,5.351,94.51,0.38,5.95
2025-06-20,KOPPAL_AYANASIX_W,Koppal,Wind,50.0,26.15,77.69,5.36,4.937,94.62,5.4,70.41
2025-06-20,KOPPAL_RENEWROSHNI_W,Koppal,Wind,73.0,26.15,77.69,5.36,4.937,94.62,5.67,68.26
2025-06-20,Koppal Renewojas,Koppal,Wind,277.0,26.15,77.69,5.36,4.937,94.62,0.0,2.99
2025-06-20,KOPPAL SRI1PL,Koppal,Solar,120.0,26.15,77.69,5.36,4.937,94.62,1.15,21.99
2025-06-20,IRCON SOLAR,Koppal,Solar,50.0,26.15,77.69,5.36,4.937,94.62,1.13,22.78
2025-06-20,GADAG_VENA_W,Gadag,Wind,133.0,25.14,82.81,5.18,4.9834,93.99,0.0,0.0
2025-06-20,GADAG_VENA_S,Gadag,Solar,31.0,25.14,82.81,5.18,4.9834,93.99,0.0,0.0
2025-06-20,KOPPAL_RENEWOJAS_S,Koppal,Solar,81.0,26.15,77.69,5.36,4.937,94.62,0.39,6.57
2025-06-20,KOPPAL_KLEIO_S,Koppal,Solar,105.0,26.15,77.69,5.36,4.937,94.62,0.46,7.76
2025-06-20,All ADYAH,Tumakuru,Solar,300.0,24.72,77.79,3.88,5.58,92.2,1.37,29.23
2025-06-20,AMPLUS PAVAGADA,Tumakuru,Solar,50.0,24.72,77.79,3.88,5.58,92.2,0.35,6.43
2025-06-20,AMPLUS TUMKUR,Tumakuru,Solar,50.0,24.72,77.79,3.88,5.58,92.2,0.35,6.39
2025-06-20,AVAADA SOLAR,Koppal,Solar,150.0,26.15,77.69,5.36,4.937,94.62,0.91,17.21
2025-06-20,AVAADA SOLARISE,Koppal,Solar,150.0,26.15,77.69,5.36,4.937,94.62,0.89,17.18
2025-06-20,AZURE POWER EARTH,Koppal,Solar,100.0,26.15,77.69,5.36,4.937,94.62,0.49,9.55
2025-06-20,FORTUM FIN SURYA,Tumakuru,Solar,100.0,24.72,77.79,3.88,5.58,92.2,0.55,10.43
2025-06-20,FORTUM SOLAR,Tumakuru,Solar,250.0,24.72,77.79,3.88,5.58,92.2,1.5,28.38
2025-06-20,PARAMPUJYA,Tumakuru,Solar,150.0,24.72,77.79,3.88,5.58,92.2,0.86,15.91
2025-06-20,RENEW TN2,Koppal,Solar,50.0,26.15,77.69,5.36,4.937,94.62,0.34,6.24
2025-06-20,SBG ENERGY,Tumakuru,Solar,200.0,24.72,77.79,3.88,5.58,92.2,1.17,23.02
2025-06-20,TATA RENEWABLES,Tumakuru,Solar,400.0,24.72,77.79,3.88,5.58,92.2,2.02,40.24
2025-06-20,YARROW,Koppal,Solar,50.0,26.15,77.69,5.36,4.937,94.62,0.34,6.29
2025-06-21,KOPPAL_AYANASIX_W,Koppal,Wind,50.0,26.03,77.92,5.33,5.6287,94.64,5.5,75.91
2025-06-21,KOPPAL_RENEWROSHNI_W,Koppal,Wind,73.0,26.03,77.92,5.33,5.6287,94.64,5.68,73.94
2025-06-21,Koppal Renewojas,Koppal,Wind,277.0,26.03,77.92,5.33,5.6287,94.64,0.0,2.99
2025-06-21,KOPPAL SRI1PL,Koppal,Solar,120.0,26.03,77.92,5.33,5.6287,94.64,1.12,23.11
2025-06-21,IRCON SOLAR,Koppal,Solar,50.0,26.03,77.92,5.33,5.6287,94.64,1.29,24.07
2025-06-21,GADAG_VENA_W,Gadag,Wind,133.0,25.31,81.44,5.28,5.1965,94.01,0.0,0.0
2025-06-21,GADAG_VENA_S,Gadag,Solar,31.0,25.31,81.44,5.28,5.1965,94.01,0.0,0.0
2025-06-21,KOPPAL_RENEWOJAS_S,Koppal,Solar,81.0,26.03,77.92,5.33,5.6287,94.64,0.39,6.96
2025-06-21,KOPPAL_KLEIO_S,Koppal,Solar,105.0,26.03,77.92,5.33,5.6287,94.64,0.52,8.28
2025-06-21,All ADYAH,Tumakuru,Solar,300.0,24.79,77.62,4.32,5.5135,92.19,1.58,30.81
2025-06-21,AMPLUS PAVAGADA,Tumakuru,Solar,50.0,24.79,77.62,4.32,5.5135,92.19,0.39,6.82
2025-06-21,AMPLUS TUMKUR,Tumakuru,Solar,50.0,24.79,77.62,4.32,5.5135,92.19,0.4,6.79
2025-06-21,AVAADA SOLAR,Koppal,Solar,150.0,26.03,77.92,5.33,5.6287,94.64,1.02,18.23
2025-06-21,AVAADA SOLARISE,Koppal,Solar,150.0,26.03,77.92,5.33,5.6287,94.64,1.03,18.21
2025-06-21,AZURE POWER EARTH,Koppal,Solar,100.0,26.03,77.92,5.33,5.6287,94.64,0.58,10.13
2025-06-21,FORTUM FIN SURYA,Tumakuru,Solar,100.0,24.79,77.62,4.32,5.5135,92.19,0.68,11.11
2025-06-21,FORTUM SOLAR,Tumakuru,Solar,250.0,24.79,77.62,4.32,5.5135,92.19,1.78,30.16
2025-06-21,PARAMPUJYA,Tumakuru,Solar,150.0,24.79,77.62,4.32,5.5135,92.19,1.01,16.92
2025-06-21,RENEW TN2,Koppal,Solar,50.0,26.03,77.92,5.33,5.6287,94.64,0.41,6.65
2025-06-21,SBG ENERGY,Tumakuru,Solar,200.0,24.79,77.62,4.32,5.5135,92.19,1.32,24.34
2025-06-21,TATA RENEWABLES,Tumakuru,Solar,400.0,24.79,77.62,4.32,5.5135,92.19,2.61,42.85
2025-06-21,YARROW,Koppal,Solar,50.0,26.03,77.92,5.33,5.6287,94.64,0.4,6.69
2025-06-22,KOPPAL_AYANASIX_W,Koppal,Wind,50.0,26.25,76.3,5.63,5.0957,94.57,3.49,79.4
2025-06-22,KOPPAL_RENEWROSHNI_W,Koppal,Wind,73.0,26.25,76.3,5.63,5.0957,94.57,5.84,79.78
2025-06-22,Koppal Renewojas,Koppal,Wind,277.0,26.25,76.3,5.63,5.0957,94.57,0.0,2.99
2025-06-22,KOPPAL SRI1PL,Koppal,Solar,120.0,26.25,76.3,5.63,5.0957,94.57,1.09,24.2
2025-06-22,IRCON SOLAR,Koppal,Solar,50.0,26.25,76.3,5.63,5.0957,94.57,0.96,25.03
2025-06-22,GADAG_VENA_W,Gadag,Wind,133.0,25.34,80.87,5.46,4.8084,93.94,0.0,0.0
2025-06-22,GADAG_VENA_S,Gadag,Solar,31.0,25.34,80.87,5.46,4.8084,93.94,0.0,0.0
2025-06-22,KOPPAL_RENEWOJAS_S,Koppal,Solar,81.0,26.25,76.3,5.63,5.0957,94.57,0.44,7.4
2025-06-22,KOPPAL_KLEIO_S,Koppal,Solar,105.0,26.25,76.3,5.63,5.0957,94.57,0.47,8.75
2025-06-22,All ADYAH,Tumakuru,Solar,300.0,24.65,78.4,4.71,4.3692,92.14,1.06,31.87
2025-06-22,AMPLUS PAVAGADA,Tumakuru,Solar,50.0,24.65,78.4,4.71,4.3692,92.14,0.3,7.12
2025-06-22,AMPLUS TUMKUR,Tumakuru,Solar,50.0,24.65,78.4,4.71,4.3692,92.14,0.3,7.09
2025-06-22,AVAADA SOLAR,Koppal,Solar,150.0,26.25,76.3,5.63,5.0957,94.57,0.81,19.04
2025-06-22,AVAADA SOLARISE,Koppal,Solar,150.0,26.25,76.3,5.63,5.0957,94.57,0.79,19.0
2025-06-22,AZURE POWER EARTH,Koppal,Solar,100.0,26.25,76.3,5.63,5.0957,94.57,0.43,10.56
2025-06-22,FORTUM FIN SURYA,Tumakuru,Solar,100.0,24.65,78.4,4.71,4.3692,92.14,0.48,11.59
2025-06-22,FORTUM SOLAR,Tumakuru,Solar,250.0,24.65,78.4,4.71,4.3692,92.14,1.12,31.28
2025-06-22,PARAMPUJYA,Tumakuru,Solar,150.0,24.65,78.4,4.71,4.3692,92.14,0.73,17.65
2025-06-22,RENEW TN2,Koppal,Solar,50.0,26.25,76.3,5.63,5.0957,94.57,0.27,6.92
2025-06-22,SBG ENERGY,Tumakuru,Solar,200.0,24.65,78.4,4.71,4.3692,92.14,1.04,25.38
2025-06-22,TATA RENEWABLES,Tumakuru,Solar,400.0,24.65,78.4,4.71,4.3692,92.14,1.4,44.25
2025-06-22,YARROW,Koppal,Solar,50.0,26.25,76.3,5.63,5.0957,94.57,0.29,6.98
2025-06-23,KOPPAL_AYANASIX_W,Koppal,Wind,50.0,25.41,78.49,6.36,4.2007,94.48,4.61,13.27
2025-06-23,KOPPAL_RENEWROSHNI_W,Koppal,Wind,73.0,25.41,78.49,6.36,4.2007,94.48,1.52,36.87
2025-06-23,Koppal Renewojas,Koppal,Wind,277.0,25.41,78.49,6.36,4.2007,94.48,0.37,0.37
2025-06-23,KOPPAL SRI1PL,Koppal,Solar,120.0,25.41,78.49,6.36,4.2007,94.48,0.85,29.28
2025-06-23,IRCON SOLAR,Koppal,Solar,50.0,25.41,78.49,6.36,4.2007,94.48,1.48,32.15
2025-06-23,GADAG_VENA_W,Gadag,Wind,133.0,24.78,82.03,6.45,3.5885,93.85,0.0,13.36
2025-06-23,GADAG_VENA_S,Gadag,Solar,31.0,24.78,82.03,6.45,3.5885,93.85,0.0,3.04
2025-06-23,KOPPAL_RENEWOJAS_S,Koppal,Solar,81.0,25.41,78.49,6.36,4.2007,94.48,0.0,10.34
2025-06-23,All ADYAH,Tumakuru,Solar,300.0,24.1,74.63,5.89,4.7506,92.09,1.74,44.39
2025-06-23,AMPLUS PAVAGADA,Tumakuru,Solar,50.0,24.1,74.63,5.89,4.7506,92.09,0.35,8.04
2025-06-23,AMPLUS TUMKUR,Tumakuru,Solar,50.0,24.1,74.63,5.89,4.7506,92.09,0.35,8.01
2025-06-23,AVAADA SOLAR,Koppal,Solar,150.0,25.41,78.49,6.36,4.2007,94.48,0.94,22.09
2025-06-23,AVAADA SOLARISE,Koppal,Solar,150.0,25.41,78.49,6.36,4.2007,94.48,0.94,21.74
2025-06-23,AZURE POWER EARTH,Koppal,Solar,100.0,25.41,78.49,6.36,4.2007,94.48,0.68,16.09
2025-06-23,FORTUM FIN SURYA,Tumakuru,Solar,100.0,24.1,74.63,5.89,4.7506,92.09,0.6,13.61
2025-06-23,FORTUM SOLAR,Tumakuru,Solar,250.0,24.1,74.63,5.89,4.7506,92.09,1.58,8.63
2025-06-23,PARAMPUJYA,Tumakuru,Solar,150.0,24.1,74.63,5.89,4.7506,92.09,0.89,7.45
2025-06-23,RENEW TN2,Koppal,Solar,50.0,25.41,78.49,6.36,4.2007,94.48,0.34,29.75
2025-06-23,SBG ENERGY,Tumakuru,Solar,200.0,24.1,74.63,5.89,4.7506,92.09,1.3,37.43
2025-06-23,TATA RENEWABLES,Tumakuru,Solar,400.0,24.1,74.63,5.89,4.7506,92.09,2.45,51.46
2025-06-23,YARROW,Koppal,Solar,50.0,25.41,78.49,6.36,4.2007,94.48,0.35,7.01
2025-06-24,KOPPAL_AYANASIX_W,Koppal,Wind,50.0,25.18,76.03,7.15,4.4518,94.36,4.32,17.59
2025-06-24,KOPPAL_RENEWROSHNI_W,Koppal,Wind,73.0,25.18,76.03,7.15,4.4518,94.36,-0.39,36.48
2025-06-24,Koppal Renewojas,Koppal,Wind,277.0,25.18,76.03,7.15,4.4518,94.36,0.27,0.64
2025-06-24,KOPPAL SRI1PL,Koppal,Solar,120.0,25.18,76.03,7.15,4.4518,94.36,0.63,29.91
2025-06-24,IRCON SOLAR,Koppal,Solar,50.0,25.18,76.03,7.15,4.4518,94.36,1.1,33.25
2025-06-24,GADAG_VENA_W,Gadag,Wind,133.0,24.53,80.12,7.06,3.5906,93.74,0.0,13.36
2025-06-24,GADAG_VENA_S,Gadag,Solar,31.0,24.53,80.12,7.06,3.5906,93.74,0.0,3.04
2025-06-24,KOPPAL_RENEWOJAS_S,Koppal,Solar,81.0,25.18,76.03,7.15,4.4518,94.36,0.0,10.34
2025-06-24,All ADYAH,Tumakuru,Solar,300.0,22.86,72.15,5.64,3.8738,92.02,1.52,45.91
2025-06-24,AMPLUS PAVAGADA,Tumakuru,Solar,50.0,22.86,72.15,5.64,3.8738,92.02,0.31,8.35
2025-06-24,AMPLUS TUMKUR,Tumakuru,Solar,50.0,22.86,72.15,5.64,3.8738,92.02,0.3,8.31
2025-06-24,AVAADA SOLAR,Koppal,Solar,150.0,25.18,76.03,7.15,4.4518,94.36,0.83,22.92
2025-06-24,AVAADA SOLARISE,Koppal,Solar,150.0,25.18,76.03,7.15,4.4518,94.36,0.83,22.57
2025-06-24,AZURE POWER EARTH,Koppal,Solar,100.0,25.18,76.03,7.15,4.4518,94.36,0.44,16.53
2025-06-24,FORTUM FIN SURYA,Tumakuru,Solar,100.0,22.86,72.15,5.64,3.8738,92.02,0.53,14.14
2025-06-24,FORTUM SOLAR,Tumakuru,Solar,250.0,22.86,72.15,5.64,3.8738,92.02,1.37,10.0
2025-06-24,PARAMPUJYA,Tumakuru,Solar,150.0,22.86,72.15,5.64,3.8738,92.02,0.77,8.22
2025-06-24,RENEW TN2,Koppal,Solar,50.0,25.18,76.03,7.15,4.4518,94.36,0.27,30.02
2025-06-24,SBG ENERGY,Tumakuru,Solar,200.0,22.86,72.15,5.64,3.8738,92.02,1.15,38.58
2025-06-24,TATA RENEWABLES,Tumakuru,Solar,400.0,22.86,72.15,5.64,3.8738,92.02,2.1,53.56
2025-06-24,YARROW,Koppal,Solar,50.0,25.18,76.03,7.15,4.4518,94.36,0.3,7.31
2025-06-25,KOPPAL_AYANASIX_W,Koppal,Wind,50.0,25.22,78.52,6.86,3.7692,94.35,3.87,86.36
2025-06-25,KOPPAL_RENEWROSHNI_W,Koppal,Wind,73.0,25.22,78.52,6.86,3.7692,94.35,6.18,98.55
2025-06-25,Koppal Renewojas,Koppal,Wind,277.0,25.22,78.52,6.86,3.7692,94.35,0.0,2.99
2025-06-25,KOPPAL SRI1PL,Koppal,Solar,120.0,25.22,78.52,6.86,3.7692,94.35,0.72,26.68
2025-06-25,IRCON SOLAR,Koppal,Solar,50.0,25.22,78.52,6.86,3.7692,94.35,0.6,27.36
2025-06-25,GADAG_VENA_W,Gadag,Wind,133.0,24.51,82.94,6.78,2.8994,93.72,0.0,0.0
2025-06-25,GADAG_VENA_S,Gadag,Solar,31.0,24.51,82.94,6.78,2.8994,93.72,0.0,0.0
2025-06-25,KOPPAL_RENEWOJAS_S,Koppal,Solar,81.0,25.22,78.52,6.86,3.7692,94.35,0.29,8.35
2025-06-25,KOPPAL_KLEIO_S,Koppal,Solar,105.0,25.22,78.52,6.86,3.7692,94.35,0.38,9.86
2025-06-25,All ADYAH,Tumakuru,Solar,300.0,23.81,74.4,5.55,3.8839,91.99,0.95,35.34
2025-06-25,AMPLUS PAVAGADA,Tumakuru,Solar,50.0,23.81,74.4,5.55,3.8839,91.99,0.18,7.82
2025-06-25,AMPLUS TUMKUR,Tumakuru,Solar,50.0,23.81,74.4,5.55,3.8839,91.99,0.18,7.78
2025-06-25,AVAADA SOLAR,Koppal,Solar,150.0,25.22,78.52,6.86,3.7692,94.35,0.5,20.96
2025-06-25,AVAADA SOLARISE,Koppal,Solar,150.0,25.22,78.52,6.86,3.7692,94.35,0.47,20.85
2025-06-25,AZURE POWER EARTH,Koppal,Solar,100.0,25.22,78.52,6.86,3.7692,94.35,0.28,11.63
2025-06-25,FORTUM FIN SURYA,Tumakuru,Solar,100.0,23.81,74.4,5.55,3.8839,91.99,0.3,12.71
2025-06-25,FORTUM SOLAR,Tumakuru,Solar,250.0,23.81,74.4,5.55,3.8839,91.99,0.82,34.46
2025-06-25,PARAMPUJYA,Tumakuru,Solar,150.0,23.81,74.4,5.55,3.8839,91.99,0.43,19.32
2025-06-25,RENEW TN2,Koppal,Solar,50.0,25.22,78.52,6.86,3.7692,94.35,0.15,7.51
2025-06-25,SBG ENERGY,Tumakuru,Solar,200.0,23.81,74.4,5.55,3.8839,91.99,0.66,27.94
2025-06-25,TATA RENEWABLES,Tumakuru,Solar,400.0,23.81,74.4,5.55,3.8839,91.99,1.2,48.93
2025-06-25,YARROW,Koppal,Solar,50.0,25.22,78.52,6.86,3.7692,94.35,0.18,7.64
2025-06-26,KOPPAL_AYANASIX_W,Koppal,Wind,50.0,25.46,79.61,6.47,4.1227,94.39,1.09,87.45
2025-06-26,KOPPAL_RENEWROSHNI_W,Koppal,Wind,73.0,25.46,79.61,6.47,4.1227,94.39,5.57,104.12
2025-06-26,Koppal Renewojas,Koppal,Wind,277.0,25.46,79.61,6.47,4.1227,94.39,0.0,2.99
2025-06-26,KOPPAL SRI1PL,Koppal,Solar,120.0,25.46,79.61,6.47,4.1227,94.39,0.84,27.52
2025-06-26,IRCON SOLAR,Koppal,Solar,50.0,25.46,79.61,6.47,4.1227,94.39,1.01,28.37
2025-06-26,GADAG_VENA_W,Gadag,Wind,133.0,24.54,84.71,6.34,3.9386,93.76,0.0,0.0
2025-06-26,GADAG_VENA_S,Gadag,Solar,31.0,24.54,84.71,6.34,3.9386,93.76,0.0,0.0
2025-06-26,KOPPAL_RENEWOJAS_S,Koppal,Solar,81.0,25.46,79.61,6.47,4.1227,94.39,0.35,8.7
2025-06-26,KOPPAL_KLEIO_S,Koppal,Solar,105.0,25.46,79.61,6.47,4.1227,94.39,0.0,9.86
2025-06-26,All ADYAH,Tumakuru,Solar,300.0,23.88,74.52,5.35,3.8143,92.01,1.39,36.73
2025-06-26,AMPLUS PAVAGADA,Tumakuru,Solar,50.0,23.88,74.52,5.35,3.8143,92.01,0.28,8.1
2025-06-26,AMPLUS TUMKUR,Tumakuru,Solar,50.0,23.88,74.52,5.35,3.8143,92.01,0.28,8.06
2025-06-26,AVAADA SOLAR,Koppal,Solar,150.0,25.46,79.61,6.47,4.1227,94.39,0.78,21.74
2025-06-26,AVAADA SOLARISE,Koppal,Solar,150.0,25.46,79.61,6.47,4.1227,94.39,0.76,21.61
2025-06-26,AZURE POWER EARTH,Koppal,Solar,100.0,25.46,79.61,6.47,4.1227,94.39,0.42,12.05
2025-06-26,FORTUM FIN SURYA,Tumakuru,Solar,100.0,23.88,74.52,5.35,3.8143,92.01,0.44,13.15
2025-06-26,FORTUM SOLAR,Tumakuru,Solar,250.0,23.88,74.52,5.35,3.8143,92.01,1.29,35.75
2025-06-26,PARAMPUJYA,Tumakuru,Solar,150.0,23.88,74.52,5.35,3.8143,92.01,0.65,19.97
2025-06-26,RENEW TN2,Koppal,Solar,50.0,25.46,79.61,6.47,4.1227,94.39,0.23,7.74
2025-06-26,SBG ENERGY,Tumakuru,Solar,200.0,23.88,74.52,5.35,3.8143,92.01,1.0,28.94
2025-06-26,TATA RENEWABLES,Tumakuru,Solar,400.0,23.88,74.52,5.35,3.8143,92.01,1.87,50.8
2025-06-26,YARROW,Koppal,Solar,50.0,25.46,79.61,6.47,4.1227,94.39,0.27,7.91
2025-06-27,KOPPAL_AYANASIX_W,Koppal,Wind,50.0,25.71,78.44,5.89,4.6118,94.48,5.2,92.65
2025-06-27,KOPPAL_RENEWROSHNI_W,Koppal,Wind,73.0,25.71,78.44,5.89,4.6118,94.48,5.49,109.61
2025-06-27,Koppal Renewojas,Koppal,Wind,277.0,25.71,78.44,5.89,4.6118,94.48,0.0,2.99
2025-06-27,KOPPAL SRI1PL,Koppal,Solar,120.0,25.71,78.44,5.89,4.6118,94.48,0.96,28.48
2025-06-27,IRCON SOLAR,Koppal,Solar,50.0,25.71,78.44,5.89,4.6118,94.48,1.16,29.53
2025-06-27,GADAG_VENA_W,Gadag,Wind,133.0,24.89,82.64,5.88,4.2576,93.85,0.0,0.0
2025-06-27,GADAG_VENA_S,Gadag,Solar,31.0,24.89,82.64,5.88,4.2576,93.85,0.0,0.0
2025-06-27,KOPPAL_RENEWOJAS_S,Koppal,Solar,81.0,25.71,78.44,5.89,4.6118,94.48,0.39,9.09
2025-06-27,KOPPAL_KLEIO_S,Koppal,Solar,105.0,25.71,78.44,5.89,4.6118,94.48,0.0,9.86
2025-06-27,All ADYAH,Tumakuru,Solar,300.0,24.34,77.46,4.81,4.4842,92.08,1.67,38.4
2025-06-27,AMPLUS PAVAGADA,Tumakuru,Solar,50.0,24.34,77.46,4.81,4.4842,92.08,0.31,8.41
2025-06-27,AMPLUS TUMKUR,Tumakuru,Solar,50.0,24.34,77.46,4.81,4.4842,92.08,0.31,8.37
2025-06-27,AVAADA SOLAR,Koppal,Solar,150.0,25.71,78.44,5.89,4.6118,94.48,0.85,22.59
2025-06-27,AVAADA SOLARISE,Koppal,Solar,150.0,25.71,78.44,5.89,4.6118,94.48,0.83,22.44
2025-06-27,AZURE POWER EARTH,Koppal,Solar,100.0,25.71,78.44,5.89,4.6118,94.48,0.47,12.52
2025-06-27,FORTUM FIN SURYA,Tumakuru,Solar,100.0,24.34,77.46,4.81,4.4842,92.08,0.48,13.63
2025-06-27,FORTUM SOLAR,Tumakuru,Solar,250.0,24.34,77.46,4.81,4.4842,92.08,1.43,37.18
2025-06-27,PARAMPUJYA,Tumakuru,Solar,150.0,24.34,77.46,4.81,4.4842,92.08,0.74,20.71
2025-06-27,RENEW TN2,Koppal,Solar,50.0,25.71,78.44,5.89,4.6118,94.48,0.29,8.03
2025-06-27,SBG ENERGY,Tumakuru,Solar,200.0,24.34,77.46,4.81,4.4842,92.08,1.12,30.06
2025-06-27,TATA RENEWABLES,Tumakuru,Solar,400.0,24.34,77.46,4.81,4.4842,92.08,2.09,52.89
2025-06-27,YARROW,Koppal,Solar,50.0,25.71,78.44,5.89,4.6118,94.48,0.29,8.2
2025-06-28,KOPPAL_AYANASIX_W,Koppal,Wind,50.0,26.08,76.56,5.3,4.5727,94.54,5.34,97.99
2025-06-28,KOPPAL_RENEWROSHNI_W,Koppal,Wind,73.0,26.08,76.56,5.3,4.5727,94.54,5.48,115.09
2025-06-28,Koppal Renewojas,Koppal,Wind,277.0,26.08,76.56,5.3,4.5727,94.54,0.0,2.99
2025-06-28,KOPPAL SRI1PL,Koppal,Solar,120.0,26.08,76.56,5.3,4.5727,94.54,1.25,29.73
2025-06-28,IRCON SOLAR,Koppal,Solar,50.0,26.08,76.56,5.3,4.5727,94.54,1.51,31.04
2025-06-28,GADAG_VENA_W,Gadag,Wind,133.0,25.16,81.07,5.23,4.7246,93.91,0.0,0.0
2025-06-28,GADAG_VENA_S,Gadag,Solar,31.0,25.16,81.07,5.23,4.7246,93.91,0.0,0.0
2025-06-28,KOPPAL_RENEWOJAS_S,Koppal,Solar,81.0,26.08,76.56,5.3,4.5727,94.54,0.46,9.55
2025-06-28,KOPPAL_KLEIO_S,Koppal,Solar,105.0,26.08,76.56,5.3,4.5727,94.54,0.5,10.36
2025-06-28,All ADYAH,Tumakuru,Solar,300.0,24.79,76.27,4.09,4.8233,92.11,1.77,40.17
2025-06-28,AMPLUS PAVAGADA,Tumakuru,Solar,50.0,24.79,76.27,4.09,4.8233,92.11,0.36,8.77
2025-06-28,AMPLUS TUMKUR,Tumakuru,Solar,50.0,24.79,76.27,4.09,4.8233,92.11,0.35,8.72
2025-06-28,AVAADA SOLAR,Koppal,Solar,150.0,26.08,76.56,5.3,4.5727,94.54,0.91,23.5
2025-06-28,AVAADA SOLARISE,Koppal,Solar,150.0,26.08,76.56,5.3,4.5727,94.54,0.94,23.38
2025-06-28,AZURE POWER EARTH,Koppal,Solar,100.0,26.08,76.56,5.3,4.5727,94.54,0.52,13.04
2025-06-28,FORTUM FIN SURYA,Tumakuru,Solar,100.0,24.79,76.27,4.09,4.8233,92.11,0.55,14.18
2025-06-28,FORTUM SOLAR,Tumakuru,Solar,250.0,24.79,76.27,4.09,4.8233,92.11,1.6,38.78
2025-06-28,PARAMPUJYA,Tumakuru,Solar,150.0,24.79,76.27,4.09,4.8233,92.11,0.84,21.55
2025-06-28,RENEW TN2,Koppal,Solar,50.0,26.08,76.56,5.3,4.5727,94.54,0.35,8.38
2025-06-28,SBG ENERGY,Tumakuru,Solar,200.0,24.79,76.27,4.09,4.8233,92.11,1.16,31.22
2025-06-28,TATA RENEWABLES,Tumakuru,Solar,400.0,24.79,76.27,4.09,4.8233,92.11,2.37,55.26
2025-06-28,YARROW,Koppal,Solar,50.0,26.08,76.56,5.3,4.5727,94.54,0.34,8.54
2025-06-29,KOPPAL_AYANASIX_W,Koppal,Wind,50.0,25.93,76.85,5.58,4.8718,94.52,5.57,103.56
2025-06-29,KOPPAL_RENEWROSHNI_W,Koppal,Wind,73.0,25.93,76.85,5.58,4.8718,94.52,5.64,120.73
2025-06-29,Koppal Renewojas,Koppal,Wind,277.0,25.93,76.85,5.58,4.8718,94.52,0.0,2.99
2025-06-29,KOPPAL SRI1PL,Koppal,Solar,120.0,25.93,76.85,5.58,4.8718,94.52,1.01,30.74
2025-06-29,IRCON SOLAR,Koppal,Solar,50.0,25.93,76.85,5.58,4.8718,94.52,1.44,32.48
2025-06-29,GADAG_VENA_W,Gadag,Wind,133.0,25.02,81.41,5.52,4.5182,93.89,0.88,0.88
2025-06-29,GADAG_VENA_S,Gadag,Solar,31.0,25.02,81.41,5.52,4.5182,93.89,0.0,0.0
2025-06-29,KOPPAL_RENEWOJAS_S,Koppal,Solar,81.0,25.93,76.85,5.58,4.8718,94.52,0.37,9.92
2025-06-29,KOPPAL_KLEIO_S,Koppal,Solar,105.0,25.93,76.85,5.58,4.8718,94.52,0.5,10.86
2025-06-29,All ADYAH,Tumakuru,Solar,300.0,24.37,76.88,4.42,5.315,92.1,1.54,41.71
2025-06-29,AMPLUS PAVAGADA,Tumakuru,Solar,50.0,24.37,76.88,4.42,5.315,92.1,0.33,9.1
2025-06-29,AMPLUS TUMKUR,Tumakuru,Solar,50.0,24.37,76.88,4.42,5.315,92.1,0.33,9.05
2025-06-29,AVAADA SOLAR,Koppal,Solar,150.0,25.93,76.85,5.58,4.8718,94.52,0.91,24.41
2025-06-29,AVAADA SOLARISE,Koppal,Solar,150.0,25.93,76.85,5.58,4.8718,94.52,0.87,24.25
2025-06-29,AZURE POWER EARTH,Koppal,Solar,100.0,25.93,76.85,5.58,4.8718,94.52,0.51,13.55
2025-06-29,FORTUM FIN SURYA,Tumakuru,Solar,100.0,24.37,76.88,4.42,5.315,92.1,0.54,14.72
2025-06-29,FORTUM SOLAR,Tumakuru,Solar,250.0,24.37,76.88,4.42,5.315,92.1,1.42,40.2
2025-06-29,PARAMPUJYA,Tumakuru,Solar,150.0,24.37,76.88,4.42,5.315,92.1,0.83,22.38
2025-06-29,RENEW TN2,Koppal,Solar,50.0,25.93,76.85,5.58,4.8718,94.52,0.32,8.7
2025-06-29,SBG ENERGY,Tumakuru,Solar,200.0,24.37,76.88,4.42,5.315,92.1,1.19,32.41
2025-06-29,TATA RENEWABLES,Tumakuru,Solar,400.0,24.37,76.88,4.42,5.315,92.1,1.85,57.11
2025-06-29,YARROW,Koppal,Solar,50.0,25.93,76.85,5.58,4.8718,94.52,0.33,8.87
2025-07-01,KOPPAL_AYANASIX_W,Koppal,Wind,50.0,25.23,79.77,5.45,3.7735,94.54,4.96,4.96
2025-07-01,KOPPAL_RENEWROSHNI_W,Koppal,Wind,73.0,25.23,79.77,5.45,3.7735,94.54,5.36,5.36
2025-07-01,Koppal Renewojas,Koppal,Wind,277.0,25.23,79.77,5.45,3.7735,94.54,0.0,0.0
2025-07-01,KOPPAL SRI1PL,Koppal,Solar,120.0,25.23,79.77,5.45,3.7735,94.54,0.97,0.97
2025-07-01,IRCON SOLAR,Koppal,Solar,50.0,25.23,79.77,5.45,3.7735,94.54,0.72,0.72
2025-07-01,GADAG_VENA_W,Gadag,Wind,133.0,24.2,85.23,5.09,4.3838,93.92,2.53,2.53
2025-07-01,GADAG_VENA_S,Gadag,Solar,31.0,24.2,85.23,5.09,4.3838,93.92,0.06,0.06
2025-07-01,KOPPAL_RENEWOJAS_S,Koppal,Solar,81.0,25.23,79.77,5.45,3.7735,94.54,0.44,0.44
2025-07-01,KOPPAL_KLEIO_S,Koppal,Solar,105.0,25.23,79.77,5.45,3.7735,94.54,0.43,0.43
2025-07-01,All ADYAH,Tumakuru,Solar,300.0,24.66,76.26,4.27,3.4858,92.1,0.73,0.73
2025-07-01,AMPLUS PAVAGADA,Tumakuru,Solar,50.0,24.66,76.26,4.27,3.4858,92.1,0.18,0.18
2025-07-01,AMPLUS TUMKUR,Tumakuru,Solar,50.0,24.66,76.26,4.27,3.4858,92.1,0.17,0.17
2025-07-01,AVAADA SOLAR,Koppal,Solar,150.0,25.23,79.77,5.45,3.7735,94.54,0.54,0.54
2025-07-01,AVAADA SOLARISE,Koppal,Solar,150.0,25.23,79.77,5.45,3.7735,94.54,0.5,0.5
2025-07-01,AZURE POWER EARTH,Koppal,Solar,100.0,25.23,79.77,5.45,3.7735,94.54,0.33,0.33
2025-07-01,FORTUM FIN SURYA,Tumakuru,Solar,100.0,24.66,76.26,4.27,3.4858,92.1,0.31,0.31
2025-07-01,FORTUM SOLAR,Tumakuru,Solar,250.0,24.66,76.26,4.27,3.4858,92.1,0.93,0.93
2025-07-01,PARAMPUJYA,Tumakuru,Solar,150.0,24.66,76.26,4.27,3.4858,92.1,0.46,0.46
2025-07-01,RENEW TN2,Koppal,Solar,50.0,25.23,79.77,5.45,3.7735,94.54,0.17,0.17
2025-07-01,SBG ENERGY,Tumakuru,Solar,200.0,24.66,76.26,4.27,3.4858,92.1,0.69,0.69
2025-07-01,TATA RENEWABLES,Tumakuru,Solar,400.0,24.66,76.26,4.27,3.4858,92.1,1.27,1.27
2025-07-01,YARROW,Koppal,Solar,50.0,25.23,79.77,5.45,3.7735,94.54,0.19,0.19
2025-07-02,KOPPAL_AYANASIX_W,Koppal,Wind,50.0,25.57,79.17,5.42,3.8467,94.45,5.31,10.27
2025-07-02,KOPPAL_RENEWROSHNI_W,Koppal,Wind,73.0,25.57,79.17,5.42,3.8467,94.45,5.22,10.58
2025-07-02,Koppal Renewojas,Koppal,Wind,277.0,25.57,79.17,5.42,3.8467,94.45,0.0,0.0
2025-07-02,KOPPAL SRI1PL,Koppal,Solar,120.0,25.57,79.17,5.42,3.8467,94.45,0.99,1.96
2025-07-02,IRCON SOLAR,Koppal,Solar,50.0,25.57,79.17,5.42,3.8467,94.45,0.56,1.28
2025-07-02,GADAG_VENA_W,Gadag,Wind,133.0,25.03,82.16,5.35,4.1882,93.82,2.5,5.03
2025-07-02,GADAG_VENA_S,Gadag,Solar,31.0,25.03,82.16,5.35,4.1882,93.82,0.13,0.19
2025-07-02,KOPPAL_RENEWOJAS_S,Koppal,Solar,81.0,25.57,79.17,5.42,3.8467,94.45,0.29,0.73
2025-07-02,KOPPAL_KLEIO_S,Koppal,Solar,105.0,25.57,79.17,5.42,3.8467,94.45,0.39,0.82
2025-07-02,All ADYAH,Tumakuru,Solar,300.0,24.4,75.56,4.61,3.4836,92.08,0.84,1.57
2025-07-02,AMPLUS PAVAGADA,Tumakuru,Solar,50.0,24.4,75.56,4.61,3.4836,92.08,0.16,0.34
2025-07-02,AMPLUS TUMKUR,Tumakuru,Solar,50.0,24.4,75.56,4.61,3.4836,92.08,0.16,0.33
2025-07-02,AVAADA SOLAR,Koppal,Solar,150.0,25.57,79.17,5.42,3.8467,94.45,0.41,0.95
2025-07-02,AVAADA SOLARISE,Koppal,Solar,150.0,25.57,79.17,5.42,3.8467,94.45,0.43,0.93
2025-07-02,AZURE POWER EARTH,Koppal,Solar,100.0,25.57,79.17,5.42,3.8467,94.45,0.24,0.57
2025-07-02,FORTUM FIN SURYA,Tumakuru,Solar,100.0,24.4,75.56,4.61,3.4836,92.08,0.29,0.6
2025-07-02,FORTUM SOLAR,Tumakuru,Solar,250.0,24.4,75.56,4.61,3.4836,92.08,0.69,1.62
2025-07-02,PARAMPUJYA,Tumakuru,Solar,150.0,24.4,75.56,4.61,3.4836,92.08,0.4,0.86
2025-07-02,RENEW TN2,Koppal,Solar,50.0,25.57,79.17,5.42,3.8467,94.45,0.14,0.31
2025-07-02,SBG ENERGY,Tumakuru,Solar,200.0,24.4,75.56,4.61,3.4836,92.08,0.6,1.29
2025-07-02,TATA RENEWABLES,Tumakuru,Solar,400.0,24.4,75.56,4.61,3.4836,92.08,1.06,2.33
2025-07-02,YARROW,Koppal,Solar,50.0,25.57,79.17,5.42,3.8467,94.45,0.16,0.35
2025-07-03,KOPPAL_AYANASIX_W,Koppal,Wind,50.0,25.35,77.46,6.35,4.6068,94.53,1.38,11.65
2025-07-03,KOPPAL_RENEWROSHNI_W,Koppal,Wind,73.0,25.35,77.46,6.35,4.6068,94.53,5.78,16.36
2025-07-03,Koppal Renewojas,Koppal,Wind,277.0,25.35,77.46,6.35,4.6068,94.53,0.0,0.0
2025-07-03,KOPPAL SRI1PL,Koppal,Solar,120.0,25.35,77.46,6.35,4.6068,94.53,1.04,3.0
2025-07-03,IRCON SOLAR,Koppal,Solar,50.0,25.35,77.46,6.35,4.6068,94.53,1.06,2.34
2025-07-03,GADAG_VENA_W,Gadag,Wind,133.0,24.23,83.96,6.14,3.5258,93.9,2.89,7.92
2025-07-03,GADAG_VENA_S,Gadag,Solar,31.0,24.23,83.96,6.14,3.5258,93.9,0.17,0.36
2025-07-03,KOPPAL_RENEWOJAS_S,Koppal,Solar,81.0,25.35,77.46,6.35,4.6068,94.53,0.35,1.08
2025-07-03,KOPPAL_KLEIO_S,Koppal,Solar,105.0,25.35,77.46,6.35,4.6068,94.53,0.44,1.26
2025-07-03,All ADYAH,Tumakuru,Solar,300.0,24.29,72.4,5.23,3.9226,92.14,1.5,3.07
2025-07-03,AMPLUS PAVAGADA,Tumakuru,Solar,50.0,24.29,72.4,5.23,3.9226,92.14,0.29,0.63
2025-07-03,AMPLUS TUMKUR,Tumakuru,Solar,50.0,24.29,72.4,5.23,3.9226,92.14,0.29,0.62
2025-07-03,AVAADA SOLAR,Koppal,Solar,150.0,25.35,77.46,6.35,4.6068,94.53,0.79,1.74
2025-07-03,AVAADA SOLARISE,Koppal,Solar,150.0,25.35,77.46,6.35,4.6068,94.53,0.65,1.58
2025-07-03,AZURE POWER EARTH,Koppal,Solar,100.0,25.35,77.46,6.35,4.6068,94.53,0.43,1.0
2025-07-03,FORTUM FIN SURYA,Tumakuru,Solar,100.0,24.29,72.4,5.23,3.9226,92.14,0.45,1.05
2025-07-03,FORTUM SOLAR,Tumakuru,Solar,250.0,24.29,72.4,5.23,3.9226,92.14,1.27,2.89
2025-07-03,PARAMPUJYA,Tumakuru,Solar,150.0,24.29,72.4,5.23,3.9226,92.14,0.69,1.55
2025-07-03,RENEW TN2,Koppal,Solar,50.0,25.35,77.46,6.35,4.6068,94.53,0.26,0.57
2025-07-03,SBG ENERGY,Tumakuru,Solar,200.0,24.29,72.4,5.23,3.9226,92.14,0.93,2.22
2025-07-03,TATA RENEWABLES,Tumakuru,Solar,400.0,24.29,72.4,5.23,3.9226,92.14,1.87,4.2
2025-07-03,YARROW,Koppal,Solar,50.0,25.35,77.46,6.35,4.6068,94.53,0.29,0.64
2025-07-04,KOPPAL_AYANASIX_W,Koppal,Wind,50.0,25.22,77.77,6.92,4.0606,94.62,2.12,13.77
2025-07-04,KOPPAL_RENEWROSHNI_W,Koppal,Wind,73.0,25.22,77.77,6.92,4.0606,94.62,6.03,22.39
2025-07-04,Koppal Renewojas,Koppal,Wind,277.0,25.22,77.77,6.92,4.0606,94.62,0.0,0.0
2025-07-04,KOPPAL SRI1PL,Koppal,Solar,120.0,25.22,77.77,6.92,4.0606,94.62,0.94,3.94
2025-07-04,IRCON SOLAR,Koppal,Solar,50.0,25.22,77.77,6.92,4.0606,94.62,1.14,3.48
2025-07-04,GADAG_VENA_W,Gadag,Wind,133.0,24.44,82.35,6.71,4.1124,93.99,2.81,10.73
2025-07-04,GADAG_VENA_S,Gadag,Solar,31.0,24.44,82.35,6.71,4.1124,93.99,0.14,0.5
2025-07-04,KOPPAL_RENEWOJAS_S,Koppal,Solar,81.0,25.22,77.77,6.92,4.0606,94.62,0.36,1.44
2025-07-04,KOPPAL_KLEIO_S,Koppal,Solar,105.0,25.22,77.77,6.92,4.0606,94.62,0.46,1.72
2025-07-04,All ADYAH,Tumakuru,Solar,300.0,24.22,72.13,5.41,4.1232,92.22,1.45,4.52
2025-07-04,AMPLUS PAVAGADA,Tumakuru,Solar,50.0,24.22,72.13,5.41,4.1232,92.22,0.28,0.91
2025-07-04,AMPLUS TUMKUR,Tumakuru,Solar,50.0,24.22,72.13,5.41,4.1232,92.22,0.27,0.89
2025-07-04,AVAADA SOLAR,Koppal,Solar,150.0,25.22,77.77,6.92,4.0606,94.62,0.73,2.47
2025-07-04,AVAADA SOLARISE,Koppal,Solar,150.0,25.22,77.77,6.92,4.0606,94.62,0.69,2.27
2025-07-04,AZURE POWER EARTH,Koppal,Solar,100.0,25.22,77.77,6.92,4.0606,94.62,0.4,1.4
2025-07-04,FORTUM FIN SURYA,Tumakuru,Solar,100.0,24.22,72.13,5.41,4.1232,92.22,0.45,1.5
2025-07-04,FORTUM SOLAR,Tumakuru,Solar,250.0,24.22,72.13,5.41,4.1232,92.22,1.22,4.11
2025-07-04,PARAMPUJYA,Tumakuru,Solar,150.0,24.22,72.13,5.41,4.1232,92.22,0.67,2.22
2025-07-04,RENEW TN2,Koppal,Solar,50.0,25.22,77.77,6.92,4.0606,94.62,0.25,0.82
2025-07-04,SBG ENERGY,Tumakuru,Solar,200.0,24.22,72.13,5.41,4.1232,92.22,0.98,3.2
2025-07-04,TATA RENEWABLES,Tumakuru,Solar,400.0,24.22,72.13,5.41,4.1232,92.22,1.82,6.02
2025-07-04,YARROW,Koppal,Solar,50.0,25.22,77.77,6.92,4.0606,94.62,0.27,0.91
2025-07-05,KOPPAL_AYANASIX_W,Koppal,Wind,50.0,25.4,78.26,6.85,4.8648,94.57,3.64,17.41
2025-07-05,KOPPAL_RENEWROSHNI_W,Koppal,Wind,73.0,25.4,78.26,6.85,4.8648,94.57,6.16,28.55
2025-07-05,Koppal Renewojas,Koppal,Wind,277.0,25.4,78.26,6.85,4.8648,94.57,0.0,0.0
2025-07-05,KOPPAL SRI1PL,Koppal,Solar,120.0,25.4,78.26,6.85,4.8648,94.57,1.14,5.08
2025-07-05,IRCON SOLAR,Koppal,Solar,50.0,25.4,78.26,6.85,4.8648,94.57,1.31,4.79
2025-07-05,GADAG_VENA_W,Gadag,Wind,133.0,24.63,82.6,6.77,4.764,93.95,2.97,13.7
2025-07-05,GADAG_VENA_S,Gadag,Solar,31.0,24.63,82.6,6.77,4.764,93.95,0.17,0.67
2025-07-05,KOPPAL_RENEWOJAS_S,Koppal,Solar,81.0,25.4,78.26,6.85,4.8648,94.57,0.37,1.81
2025-07-05,KOPPAL_KLEIO_S,Koppal,Solar,105.0,25.4,78.26,6.85,4.8648,94.57,0.52,2.24
2025-07-05,All ADYAH,Tumakuru,Solar,300.0,24.28,75.23,5.58,3.6504,92.17,1.62,6.14
2025-07-05,AMPLUS PAVAGADA,Tumakuru,Solar,50.0,24.28,75.23,5.58,3.6504,92.17,0.3,1.21
2025-07-05,AMPLUS TUMKUR,Tumakuru,Solar,50.0,24.28,75.23,5.58,3.6504,92.17,0.3,1.19
2025-07-05,AVAADA SOLAR,Koppal,Solar,150.0,25.4,78.26,6.85,4.8648,94.57,0.83,3.3
2025-07-05,AVAADA SOLARISE,Koppal,Solar,150.0,25.4,78.26,6.85,4.8648,94.57,0.74,3.01
2025-07-05,AZURE POWER EARTH,Koppal,Solar,100.0,25.4,78.26,6.85,4.8648,94.57,0.46,1.86
2025-07-05,FORTUM FIN SURYA,Tumakuru,Solar,100.0,24.28,75.23,5.58,3.6504,92.17,0.48,1.98
2025-07-05,FORTUM SOLAR,Tumakuru,Solar,250.0,24.28,75.23,5.58,3.6504,92.17,1.4,5.51
2025-07-05,PARAMPUJYA,Tumakuru,Solar,150.0,24.28,75.23,5.58,3.6504,92.17,0.72,2.94
2025-07-05,RENEW TN2,Koppal,Solar,50.0,25.4,78.26,6.85,4.8648,94.57,0.27,1.09
2025-07-05,SBG ENERGY,Tumakuru,Solar,200.0,24.28,75.23,5.58,3.6504,92.17,1.06,4.26
2025-07-05,TATA RENEWABLES,Tumakuru,Solar,400.0,24.28,75.23,5.58,3.6504,92.17,2.03,8.05
2025-07-05,YARROW,Koppal,Solar,50.0,25.4,78.26,6.85,4.8648,94.57,0.29,1.2
2025-07-06,KOPPAL_AYANASIX_W,Koppal,Wind,50.0,25.64,77.14,6.87,3.5825,94.48,0.95,18.36
2025-07-06,KOPPAL_RENEWROSHNI_W,Koppal,Wind,73.0,25.64,77.14,6.87,3.5825,94.48,6.33,34.88
2025-07-06,Koppal Renewojas,Koppal,Wind,277.0,25.64,77.14,6.87,3.5825,94.48,0.0,0.0
2025-07-06,KOPPAL SRI1PL,Koppal,Solar,120.0,25.64,77.14,6.87,3.5825,94.48,0.77,5.85
2025-07-06,IRCON SOLAR,Koppal,Solar,50.0,25.64,77.14,6.87,3.5825,94.48,1.09,5.88
2025-07-06,GADAG_VENA_W,Gadag,Wind,133.0,24.6,82.24,6.76,3.463,93.86,3.12,16.82
2025-07-06,GADAG_VENA_S,Gadag,Solar,31.0,24.6,82.24,6.76,3.463,93.86,0.13,0.8
2025-07-06,KOPPAL_RENEWOJAS_S,Koppal,Solar,81.0,25.64,77.14,6.87,3.5825,94.48,0.31,2.12
2025-07-06,KOPPAL_KLEIO_S,Koppal,Solar,105.0,25.64,77.14,6.87,3.5825,94.48,0.34,2.58
2025-07-06,All ADYAH,Tumakuru,Solar,300.0,24.62,75.01,5.68,3.8926,92.08,1.19,7.33
2025-07-06,AMPLUS PAVAGADA,Tumakuru,Solar,50.0,24.62,75.01,5.68,3.8926,92.08,0.24,1.45
2025-07-06,AMPLUS TUMKUR,Tumakuru,Solar,50.0,24.62,75.01,5.68,3.8926,92.08,0.24,1.43
2025-07-06,AVAADA SOLAR,Koppal,Solar,150.0,25.64,77.14,6.87,3.5825,94.48,0.68,3.98
2025-07-06,AVAADA SOLARISE,Koppal,Solar,150.0,25.64,77.14,6.87,3.5825,94.48,0.62,3.63
2025-07-06,AZURE POWER EARTH,Koppal,Solar,100.0,25.64,77.14,6.87,3.5825,94.48,0.37,2.23
2025-07-06,FORTUM FIN SURYA,Tumakuru,Solar,100.0,24.62,75.01,5.68,3.8926,92.08,0.4,2.38
2025-07-06,FORTUM SOLAR,Tumakuru,Solar,250.0,24.62,75.01,5.68,3.8926,92.08,1.05,6.56
2025-07-06,PARAMPUJYA,Tumakuru,Solar,150.0,24.62,75.01,5.68,3.8926,92.08,0.58,3.52
2025-07-06,RENEW TN2,Koppal,Solar,50.0,25.64,77.14,6.87,3.5825,94.48,0.21,1.3
2025-07-06,SBG ENERGY,Tumakuru,Solar,200.0,24.62,75.01,5.68,3.8926,92.08,0.89,5.15
2025-07-06,TATA RENEWABLES,Tumakuru,Solar,400.0,24.62,75.01,5.68,3.8926,92.08,1.46,9.51
2025-07-06,YARROW,Koppal,Solar,50.0,25.64,77.14,6.87,3.5825,94.48,0.23,1.43
2025-07-07,KOPPAL_AYANASIX_W,Koppal,Wind,50.0,25.65,76.5,6.66,4.4952,94.49,0.95,19.31
2025-07-07,KOPPAL_RENEWROSHNI_W,Koppal,Wind,73.0,25.65,76.5,6.66,4.4952,94.49,6.45,41.33
2025-07-07,Koppal Renewojas,Koppal,Wind,277.0,25.65,76.5,6.66,4.4952,94.49,0.0,0.0
2025-07-07,KOPPAL SRI1PL,Koppal,Solar,120.0,25.65,76.5,6.66,4.4952,94.49,1.03,6.88
2025-07-07,IRCON SOLAR,Koppal,Solar,50.0,25.65,76.5,6.66,4.4952,94.49,1.08,6.96
2025-07-07,GADAG_VENA_W,Gadag,Wind,133.0,24.56,82.0,6.4,4.4052,93.88,3.03,19.85
2025-07-07,GADAG_VENA_S,Gadag,Solar,31.0,24.56,82.0,6.4,4.4052,93.88,0.17,0.97
2025-07-07,KOPPAL_RENEWOJAS_S,Koppal,Solar,81.0,25.65,76.5,6.66,4.4952,94.49,0.35,2.47
2025-07-07,KOPPAL_KLEIO_S,Koppal,Solar,105.0,25.65,76.5,6.66,4.4952,94.49,0.43,3.01
2025-07-07,All ADYAH,Tumakuru,Solar,300.0,24.59,75.12,5.56,4.3334,92.06,1.47,8.8
2025-07-07,AMPLUS PAVAGADA,Tumakuru,Solar,50.0,24.59,75.12,5.56,4.3334,92.06,0.25,1.7
2025-07-07,AMPLUS TUMKUR,Tumakuru,Solar,50.0,24.59,75.12,5.56,4.3334,92.06,0.25,1.68
2025-07-07,AVAADA SOLAR,Koppal,Solar,150.0,25.65,76.5,6.66,4.4952,94.49,0.69,4.67
2025-07-07,AVAADA SOLARISE,Koppal,Solar,150.0,25.65,76.5,6.66,4.4952,94.49,0.67,4.3
2025-07-07,AZURE POWER EARTH,Koppal,Solar,100.0,25.65,76.5,6.66,4.4952,94.49,0.4,2.63
2025-07-07,FORTUM FIN SURYA,Tumakuru,Solar,100.0,24.59,75.12,5.56,4.3334,92.06,0.42,2.8
2025-07-07,FORTUM SOLAR,Tumakuru,Solar,250.0,24.59,75.12,5.56,4.3334,92.06,1.18,7.74
2025-07-07,PARAMPUJYA,Tumakuru,Solar,150.0,24.59,75.12,5.56,4.3334,92.06,0.62,4.14
2025-07-07,RENEW TN2,Koppal,Solar,50.0,25.65,76.5,6.66,4.4952,94.49,0.22,1.52
2025-07-07,SBG ENERGY,Tumakuru,Solar,200.0,24.59,75.12,5.56,4.3334,92.06,1.0,6.15
2025-07-07,TATA RENEWABLES,Tumakuru,Solar,400.0,24.59,75.12,5.56,4.3334,92.06,1.78,11.29
2025-07-07,YARROW,Koppal,Solar,50.0,25.65,76.5,6.66,4.4952,94.49,0.25,1.68
2025-07-08,KOPPAL_AYANASIX_W,Koppal,Wind,50.0,25.67,77.28,6.21,4.2914,94.56,5.88,25.19
2025-07-08,KOPPAL_RENEWROSHNI_W,Koppal,Wind,73.0,25.67,77.28,6.21,4.2914,94.56,6.04,47.37
2025-07-08,Koppal Renewojas,Koppal,Wind,277.0,25.67,77.28,6.21,4.2914,94.56,0.0,0.0
2025-07-08,KOPPAL SRI1PL,Koppal,Solar,120.0,25.67,77.28,6.21,4.2914,94.56,0.95,7.83
2025-07-08,IRCON SOLAR,Koppal,Solar,50.0,25.67,77.28,6.21,4.2914,94.56,1.52,8.48
2025-07-08,GADAG_VENA_W,Gadag,Wind,133.0,24.71,82.08,6.03,3.4344,93.94,2.75,22.6
2025-07-08,GADAG_VENA_S,Gadag,Solar,31.0,24.71,82.08,6.03,3.4344,93.94,0.18,1.15
2025-07-08,KOPPAL_RENEWOJAS_S,Koppal,Solar,81.0,25.67,77.28,6.21,4.2914,94.56,0.31,2.78
2025-07-08,KOPPAL_KLEIO_S,Koppal,Solar,105.0,25.67,77.28,6.21,4.2914,94.56,0.35,3.36
2025-07-08,All ADYAH,Tumakuru,Solar,300.0,24.78,75.12,5.14,4.9877,92.13,1.7,10.5
2025-07-08,AMPLUS PAVAGADA,Tumakuru,Solar,50.0,24.78,75.12,5.14,4.9877,92.13,0.3,2.0
2025-07-08,AMPLUS TUMKUR,Tumakuru,Solar,50.0,24.78,75.12,5.14,4.9877,92.13,0.31,1.99
2025-07-08,AVAADA SOLAR,Koppal,Solar,150.0,25.67,77.28,6.21,4.2914,94.56,0.86,5.53
2025-07-08,AVAADA SOLARISE,Koppal,Solar,150.0,25.67,77.28,6.21,4.2914,94.56,0.75,5.05
2025-07-08,AZURE POWER EARTH,Koppal,Solar,100.0,25.67,77.28,6.21,4.2914,94.56,0.46,3.09
2025-07-08,FORTUM FIN SURYA,Tumakuru,Solar,100.0,24.78,75.12,5.14,4.9877,92.13,0.51,3.31
2025-07-08,FORTUM SOLAR,Tumakuru,Solar,250.0,24.78,75.12,5.14,4.9877,92.13,1.41,9.15
2025-07-08,PARAMPUJYA,Tumakuru,Solar,150.0,24.78,75.12,5.14,4.9877,92.13,0.77,4.91
2025-07-08,RENEW TN2,Koppal,Solar,50.0,25.67,77.28,6.21,4.2914,94.56,0.3,1.82
2025-07-08,SBG ENERGY,Tumakuru,Solar,200.0,24.78,75.12,5.14,4.9877,92.13,1.07,7.22
2025-07-08,TATA RENEWABLES,Tumakuru,Solar,400.0,24.78,75.12,5.14,4.9877,92.13,2.09,13.38
2025-07-08,YARROW,Koppal,Solar,50.0,25.67,77.28,6.21,4.2914,94.56,0.3,1.98
2025-07-09,KOPPAL_AYANASIX_W,Koppal,Wind,50.0,26.04,75.68,5.72,3.9655,94.58,4.99,30.18
2025-07-09,KOPPAL_RENEWROSHNI_W,Koppal,Wind,73.0,26.04,75.68,5.72,3.9655,94.58,5.59,52.96
2025-07-09,Koppal Renewojas,Koppal,Wind,277.0,26.04,75.68,5.72,3.9655,94.58,0.0,0.0
2025-07-09,KOPPAL SRI1PL,Koppal,Solar,120.0,26.04,75.68,5.72,3.9655,94.58,0.32,8.15
2025-07-09,IRCON SOLAR,Koppal,Solar,50.0,26.04,75.68,5.72,3.9655,94.58,0.42,8.9
2025-07-09,GADAG_VENA_W,Gadag,Wind,133.0,25.03,80.64,5.73,4.1503,93.95,2.53,25.13
2025-07-09,GADAG_VENA_S,Gadag,Solar,31.0,25.03,80.64,5.73,4.1503,93.95,0.24,1.39
2025-07-09,KOPPAL_RENEWOJAS_S,Koppal,Solar,81.0,26.04,75.68,5.72,3.9655,94.58,0.36,3.14
2025-07-09,KOPPAL_KLEIO_S,Koppal,Solar,105.0,26.04,75.68,5.72,3.9655,94.58,0.99,4.35
2025-07-09,All ADYAH,Tumakuru,Solar,300.0,25.02,73.77,4.69,3.8875,92.14,1.38,11.88
2025-07-09,AMPLUS PAVAGADA,Tumakuru,Solar,50.0,25.02,73.77,4.69,3.8875,92.14,1.69,3.69
2025-07-09,AMPLUS TUMKUR,Tumakuru,Solar,50.0,25.02,73.77,4.69,3.8875,92.14,0.25,2.24
2025-07-09,AVAADA SOLAR,Koppal,Solar,150.0,26.04,75.68,5.72,3.9655,94.58,0.24,5.77
2025-07-09,AVAADA SOLARISE,Koppal,Solar,150.0,26.04,75.68,5.72,3.9655,94.58,0.81,5.86
2025-07-09,AZURE POWER EARTH,Koppal,Solar,100.0,26.04,75.68,5.72,3.9655,94.58,0.69,3.78
2025-07-09,FORTUM FIN SURYA,Tumakuru,Solar,100.0,25.02,73.77,4.69,3.8875,92.14,0.43,3.74
2025-07-09,FORTUM SOLAR,Tumakuru,Solar,250.0,25.02,73.77,4.69,3.8875,92.14,0.91,10.06
2025-07-09,PARAMPUJYA,Tumakuru,Solar,150.0,25.02,73.77,4.69,3.8875,92.14,0.26,5.17
2025-07-09,RENEW TN2,Koppal,Solar,50.0,26.04,75.68,5.72,3.9655,94.58,0.61,2.43
2025-07-09,SBG ENERGY,Tumakuru,Solar,200.0,25.02,73.77,4.69,3.8875,92.14,0.23,7.45
2025-07-09,TATA RENEWABLES,Tumakuru,Solar,400.0,25.02,73.77,4.69,3.8875,92.14,1.29,14.67
2025-07-09,YARROW,Koppal,Solar,50.0,26.04,75.68,5.72,3.9655,94.58,1.79,3.77
2025-07-10,KOPPAL_AYANASIX_W,Koppal,Wind,50.0,26.61,73.5,4.81,5.3208,94.52,0.49,30.67
2025-07-10,KOPPAL_RENEWROSHNI_W,Koppal,Wind,73.0,26.61,73.5,4.81,5.3208,94.52,4.42,57.38
2025-07-10,Koppal Renewojas,Koppal,Wind,277.0,26.61,73.5,4.81,5.3208,94.52,0.0,0.0
2025-07-10,KOPPAL SRI1PL,Koppal,Solar,120.0,26.61,73.5,4.81,5.3208,94.52,0.42,8.57
2025-07-10,IRCON SOLAR,Koppal,Solar,50.0,26.61,73.5,4.81,5.3208,94.52,0.56,9.46
2025-07-10,GADAG_VENA_W,Gadag,Wind,133.0,25.4,79.41,4.63,4.9766,93.9,2.32,27.45
2025-07-10,GADAG_VENA_S,Gadag,Solar,31.0,25.4,79.41,4.63,4.9766,93.9,0.33,1.72
2025-07-10,KOPPAL_RENEWOJAS_S,Koppal,Solar,81.0,26.61,73.5,4.81,5.3208,94.52,0.43,3.57
2025-07-10,KOPPAL_KLEIO_S,Koppal,Solar,105.0,26.61,73.5,4.81,5.3208,94.52,0.92,5.27
2025-07-10,All ADYAH,Tumakuru,Solar,300.0,24.99,75.28,4.13,4.6308,92.07,0.0,11.88
2025-07-10,AMPLUS PAVAGADA,Tumakuru,Solar,50.0,24.99,75.28,4.13,4.6308,92.07,1.83,5.52
2025-07-10,AMPLUS TUMKUR,Tumakuru,Solar,50.0,24.99,75.28,4.13,4.6308,92.07,0.32,2.56
2025-07-10,AVAADA SOLAR,Koppal,Solar,150.0,26.61,73.5,4.81,5.3208,94.52,0.32,6.09
2025-07-10,AVAADA SOLARISE,Koppal,Solar,150.0,26.61,73.5,4.81,5.3208,94.52,0.88,6.74
2025-07-10,AZURE POWER EARTH,Koppal,Solar,100.0,26.61,73.5,4.81,5.3208,94.52,0.9,4.68
2025-07-10,FORTUM FIN SURYA,Tumakuru,Solar,100.0,24.99,75.28,4.13,4.6308,92.07,0.49,4.23
2025-07-10,FORTUM SOLAR,Tumakuru,Solar,250.0,24.99,75.28,4.13,4.6308,92.07,1.17,11.23
2025-07-10,PARAMPUJYA,Tumakuru,Solar,150.0,24.99,75.28,4.13,4.6308,92.07,0.3,5.47
2025-07-10,RENEW TN2,Koppal,Solar,50.0,26.61,73.5,4.81,5.3208,94.52,0.8,3.23
2025-07-10,SBG ENERGY,Tumakuru,Solar,200.0,24.99,75.28,4.13,4.6308,92.07,0.31,7.76
2025-07-10,TATA RENEWABLES,Tumakuru,Solar,400.0,24.99,75.28,4.13,4.6308,92.07,1.51,16.18
2025-07-10,YARROW,Koppal,Solar,50.0,26.61,73.5,4.81,5.3208,94.52,2.24,6.01
2025-07-11,KOPPAL_AYANASIX_W,Koppal,Wind,50.0,26.21,75.63,4.52,5.1859,94.52,0.85,31.52
2025-07-11,KOPPAL_RENEWROSHNI_W,Koppal,Wind,73.0,26.21,75.63,4.52,5.1859,94.52,3.74,61.12
2025-07-11,Koppal Renewojas,Koppal,Wind,277.0,26.21,75.63,4.52,5.1859,94.52,0.0,0.0
2025-07-11,KOPPAL SRI1PL,Koppal,Solar,120.0,26.21,75.63,4.52,5.1859,94.52,0.86,9.43
2025-07-11,IRCON SOLAR,Koppal,Solar,50.0,26.21,75.63,4.52,5.1859,94.52,1.64,11.1
2025-07-11,GADAG_VENA_W,Gadag,Wind,133.0,25.29,79.96,4.44,5.1804,93.89,1.94,29.39
2025-07-11,GADAG_VENA_S,Gadag,Solar,31.0,25.29,79.96,4.44,5.1804,93.89,0.22,1.94
2025-07-11,KOPPAL_RENEWOJAS_S,Koppal,Solar,81.0,26.21,75.63,4.52,5.1859,94.52,0.38,3.95
2025-07-11,KOPPAL_KLEIO_S,Koppal,Solar,105.0,26.21,75.63,4.52,5.1859,94.52,0.46,5.73
2025-07-11,All ADYAH,Tumakuru,Solar,300.0,25.0,76.7,3.81,4.231,92.05,1.82,13.7
2025-07-11,AMPLUS PAVAGADA,Tumakuru,Solar,50.0,25.0,76.7,3.81,4.231,92.05,0.33,5.85
2025-07-11,AMPLUS TUMKUR,Tumakuru,Solar,50.0,25.0,76.7,3.81,4.231,92.05,0.33,2.89
2025-07-11,AVAADA SOLAR,Koppal,Solar,150.0,26.21,75.63,4.52,5.1859,94.52,0.86,6.95
2025-07-11,AVAADA SOLARISE,Koppal,Solar,150.0,26.21,75.63,4.52,5.1859,94.52,0.91,7.65
2025-07-11,AZURE POWER EARTH,Koppal,Solar,100.0,26.21,75.63,4.52,5.1859,94.52,0.49,5.17
2025-07-11,FORTUM FIN SURYA,Tumakuru,Solar,100.0,25.0,76.7,3.81,4.231,92.05,0.55,4.78
2025-07-11,FORTUM SOLAR,Tumakuru,Solar,250.0,25.0,76.7,3.81,4.231,92.05,1.51,12.74
2025-07-11,PARAMPUJYA,Tumakuru,Solar,150.0,25.0,76.7,3.81,4.231,92.05,0.82,6.29
2025-07-11,RENEW TN2,Koppal,Solar,50.0,26.21,75.63,4.52,5.1859,94.52,0.33,3.56
2025-07-11,SBG ENERGY,Tumakuru,Solar,200.0,25.0,76.7,3.81,4.231,92.05,1.18,8.94
2025-07-11,TATA RENEWABLES,Tumakuru,Solar,400.0,25.0,76.7,3.81,4.231,92.05,2.27,18.45
2025-07-11,YARROW,Koppal,Solar,50.0,26.21,75.63,4.52,5.1859,94.52,0.33,6.34
2025-07-12,KOPPAL_AYANASIX_W,Koppal,Wind,50.0,26.02,76.01,4.63,4.6872,94.57,0.32,31.84
2025-07-12,KOPPAL_RENEWROSHNI_W,Koppal,Wind,73.0,26.02,76.01,4.63,4.6872,94.57,4.36,65.48
2025-07-12,Koppal Renewojas,Koppal,Wind,277.0,26.02,76.01,4.63,4.6872,94.57,0.0,0.0
2025-07-12,KOPPAL SRI1PL,Koppal,Solar,120.0,26.02,76.01,4.63,4.6872,94.57,0.69,10.12
2025-07-12,IRCON SOLAR,Koppal,Solar,50.0,26.02,76.01,4.63,4.6872,94.57,1.88,12.98
2025-07-12,GADAG_VENA_W,Gadag,Wind,133.0,25.08,80.61,4.5,4.0846,93.94,2.15,31.54
2025-07-12,GADAG_VENA_S,Gadag,Solar,31.0,25.08,80.61,4.5,4.0846,93.94,0.2,2.14
2025-07-12,KOPPAL_RENEWOJAS_S,Koppal,Solar,81.0,26.02,76.01,4.63,4.6872,94.57,0.46,4.41
2025-07-12,KOPPAL_KLEIO_S,Koppal,Solar,105.0,26.02,76.01,4.63,4.6872,94.57,0.36,6.09
2025-07-12,All ADYAH,Tumakuru,Solar,300.0,25.28,74.06,4.23,4.3642,92.11,1.85,15.55
2025-07-12,AMPLUS PAVAGADA,Tumakuru,Solar,50.0,25.28,74.06,4.23,4.3642,92.11,0.35,6.2
2025-07-12,AMPLUS TUMKUR,Tumakuru,Solar,50.0,25.28,74.06,4.23,4.3642,92.11,0.35,3.24
2025-07-12,AVAADA SOLAR,Koppal,Solar,150.0,26.02,76.01,4.63,4.6872,94.57,0.95,7.9
2025-07-12,AVAADA SOLARISE,Koppal,Solar,150.0,26.02,76.01,4.63,4.6872,94.57,0.94,8.59
2025-07-12,AZURE POWER EARTH,Koppal,Solar,100.0,26.02,76.01,4.63,4.6872,94.57,0.5,5.67
2025-07-12,FORTUM FIN SURYA,Tumakuru,Solar,100.0,25.28,74.06,4.23,4.3642,92.11,0.56,5.34
2025-07-12,FORTUM SOLAR,Tumakuru,Solar,250.0,25.28,74.06,4.23,4.3642,92.11,1.52,14.26
2025-07-12,PARAMPUJYA,Tumakuru,Solar,150.0,25.28,74.06,4.23,4.3642,92.11,0.86,7.15
2025-07-12,RENEW TN2,Koppal,Solar,50.0,26.02,76.01,4.63,4.6872,94.57,0.35,3.91
2025-07-12,SBG ENERGY,Tumakuru,Solar,200.0,25.28,74.06,4.23,4.3642,92.11,1.22,10.16
2025-07-12,TATA RENEWABLES,Tumakuru,Solar,400.0,25.28,74.06,4.23,4.3642,92.11,2.33,20.78
2025-07-12,YARROW,Koppal,Solar,50.0,26.02,76.01,4.63,4.6872,94.57,0.35,6.69
2025-07-13,KOPPAL_AYANASIX_W,Koppal,Wind,50.0,26.42,74.05,5.21,5.0371,94.55,4.04,35.88
2025-07-13,KOPPAL_RENEWROSHNI_W,Koppal,Wind,73.0,26.42,74.05,5.21,5.0371,94.55,5.1,70.58
2025-07-13,Koppal Renewojas,Koppal,Wind,277.0,26.42,74.05,5.21,5.0371,94.55,0.0,0.0
2025-07-13,KOPPAL SRI1PL,Koppal,Solar,120.0,26.42,74.05,5.21,5.0371,94.55,1.17,11.29
2025-07-13,IRCON SOLAR,Koppal,Solar,50.0,26.42,74.05,5.21,5.0371,94.55,1.59,14.57
2025-07-13,GADAG_VENA_W,Gadag,Wind,133.0,25.32,79.55,5.08,4.655,93.93,2.4,33.94
2025-07-13,GADAG_VENA_S,Gadag,Solar,31.0,25.32,79.55,5.08,4.655,93.93,0.22,2.36
2025-07-13,KOPPAL_RENEWOJAS_S,Koppal,Solar,81.0,26.42,74.05,5.21,5.0371,94.55,0.44,4.85
2025-07-13,KOPPAL_KLEIO_S,Koppal,Solar,105.0,26.42,74.05,5.21,5.0371,94.55,0.45,6.54
2025-07-13,All ADYAH,Tumakuru,Solar,300.0,24.55,76.96,4.32,4.4628,92.1,1.56,17.11
2025-07-13,AMPLUS PAVAGADA,Tumakuru,Solar,50.0,24.55,76.96,4.32,4.4628,92.1,0.33,6.53
2025-07-13,AMPLUS TUMKUR,Tumakuru,Solar,50.0,24.55,76.96,4.32,4.4628,92.1,0.33,3.57
2025-07-13,AVAADA SOLAR,Koppal,Solar,150.0,26.42,74.05,5.21,5.0371,94.55,0.87,8.77
2025-07-13,AVAADA SOLARISE,Koppal,Solar,150.0,26.42,74.05,5.21,5.0371,94.55,0.87,9.46
2025-07-13,AZURE POWER EARTH,Koppal,Solar,100.0,26.42,74.05,5.21,5.0371,94.55,0.48,6.15
2025-07-13,FORTUM FIN SURYA,Tumakuru,Solar,100.0,24.55,76.96,4.32,4.4628,92.1,0.54,5.88
2025-07-13,FORTUM SOLAR,Tumakuru,Solar,250.0,24.55,76.96,4.32,4.4628,92.1,1.46,15.72
2025-07-13,PARAMPUJYA,Tumakuru,Solar,150.0,24.55,76.96,4.32,4.4628,92.1,0.79,7.94
2025-07-13,RENEW TN2,Koppal,Solar,50.0,26.42,74.05,5.21,5.0371,94.55,0.31,4.22
2025-07-13,SBG ENERGY,Tumakuru,Solar,200.0,24.55,76.96,4.32,4.4628,92.1,1.12,11.28
2025-07-13,TATA RENEWABLES,Tumakuru,Solar,400.0,24.55,76.96,4.32,4.4628,92.1,1.91,22.69
2025-07-13,YARROW,Koppal,Solar,50.0,26.42,74.05,5.21,5.0371,94.55,0.32,7.01
2025-07-14,KOPPAL_AYANASIX_W,Koppal,Wind,50.0,26.28,74.83,5.78,5.0609,94.51,0.45,35.93
2025-07-14,KOPPAL_RENEWROSHNI_W,Koppal,Wind,73.0,26.28,74.83,5.78,5.0609,94.51,5.42,77.68
2025-07-14,Koppal Renewojas,Koppal,Wind,277.0,26.28,74.83,5.78,5.0609,94.51,0.0,0.0
2025-07-14,KOPPAL SRI1PL,Koppal,Solar,120.0,26.28,74.83,5.78,5.0609,94.51,1.09,12.61
2025-07-14,IRCON SOLAR,Koppal,Solar,50.0,26.28,74.83,5.78,5.0609,94.51,1.07,15.07
2025-07-14,GADAG_VENA_W,Gadag,Wind,133.0,25.22,80.11,5.66,4.7794,93.89,2.68,37.36
2025-07-14,GADAG_VENA_S,Gadag,Solar,31.0,25.22,80.11,5.66,4.7794,93.89,0.21,2.56
2025-07-14,KOPPAL_RENEWOJAS_S,Koppal,Solar,81.0,26.28,74.83,5.78,5.0609,94.51,0.35,5.17
2025-07-14,KOPPAL_KLEIO_S,Koppal,Solar,105.0,26.28,74.83,5.78,5.0609,94.51,0.41,6.9
2025-07-14,All ADYAH,Tumakuru,Solar,300.0,24.2,77.89,4.53,4.5425,92.09,1.39,18.07
2025-07-14,AMPLUS PAVAGADA,Tumakuru,Solar,50.0,24.2,77.89,4.53,4.5425,92.09,0.24,6.68
2025-07-14,AMPLUS TUMKUR,Tumakuru,Solar,50.0,24.2,77.89,4.53,4.5425,92.09,0.25,3.74
2025-07-14,AVAADA SOLAR,Koppal,Solar,150.0,26.28,74.83,5.78,5.0609,94.51,0.64,9.19
2025-07-14,AVAADA SOLARISE,Koppal,Solar,150.0,26.28,74.83,5.78,5.0609,94.51,0.67,9.89
2025-07-14,AZURE POWER EARTH,Koppal,Solar,100.0,26.28,74.83,5.78,5.0609,94.51,0.37,6.4
2025-07-14,FORTUM FIN SURYA,Tumakuru,Solar,100.0,24.2,77.89,4.53,4.5425,92.09,0.43,6.19
2025-07-14,FORTUM SOLAR,Tumakuru,Solar,250.0,24.2,77.89,4.53,4.5425,92.09,1.0,16.21
2025-07-14,PARAMPUJYA,Tumakuru,Solar,150.0,24.2,77.89,4.53,4.5425,92.09,0.62,8.36
2025-07-14,RENEW TN2,Koppal,Solar,50.0,26.28,74.83,5.78,5.0609,94.51,0.21,4.31
2025-07-14,SBG ENERGY,Tumakuru,Solar,200.0,24.2,77.89,4.53,4.5425,92.09,0.94,11.98
2025-07-14,TATA RENEWABLES,Tumakuru,Solar,400.0,24.2,77.89,4.53,4.5425,92.09,1.73,23.88
2025-07-14,YARROW,Koppal,Solar,50.0,26.28,74.83,5.78,5.0609,94.51,0.24,7.16
2025-07-15,KOPPAL_AYANASIX_W,Koppal,Wind,50.0,26.2,75.69,5.53,4.3402,94.43,3.53,39.46
2025-07-15,KOPPAL_RENEWROSHNI_W,Koppal,Wind,73.0,26.2,75.69,5.53,4.3402,94.43,4.83,82.51
2025-07-15,Koppal Renewojas,Koppal,Wind,277.0,26.2,75.69,5.53,4.3402,94.43,0.0,0.0
2025-07-15,KOPPAL SRI1PL,Koppal,Solar,120.0,26.2,75.69,5.53,4.3402,94.43,1.03,13.64
2025-07-15,IRCON SOLAR,Koppal,Solar,50.0,26.2,75.69,5.53,4.3402,94.43,1.24,16.31
2025-07-15,GADAG_VENA_W,Gadag,Wind,133.0,25.23,80.86,5.26,3.8496,93.81,2.54,39.9
2025-07-15,GADAG_VENA_S,Gadag,Solar,31.0,25.23,80.86,5.26,3.8496,93.81,0.17,2.73
2025-07-15,KOPPAL_RENEWOJAS_S,Koppal,Solar,81.0,26.2,75.69,5.53,4.3402,94.43,0.37,5.54
2025-07-15,KOPPAL_KLEIO_S,Koppal,Solar,105.0,26.2,75.69,5.53,4.3402,94.43,0.38,7.28
2025-07-15,All ADYAH,Tumakuru,Solar,300.0,24.6,76.3,4.58,4.1678,92.02,1.66,19.73
2025-07-15,AMPLUS PAVAGADA,Tumakuru,Solar,50.0,24.6,76.3,4.58,4.1678,92.02,0.3,6.98
2025-07-15,AMPLUS TUMKUR,Tumakuru,Solar,50.0,24.6,76.3,4.58,4.1678,92.02,0.3,4.04
2025-07-15,AVAADA SOLAR,Koppal,Solar,150.0,26.2,75.69,5.53,4.3402,94.43,0.77,9.96
2025-07-15,AVAADA SOLARISE,Koppal,Solar,150.0,26.2,75.69,5.53,4.3402,94.43,0.78,10.67
2025-07-15,AZURE POWER EARTH,Koppal,Solar,100.0,26.2,75.69,5.53,4.3402,94.43,0.43,6.83
2025-07-15,FORTUM FIN SURYA,Tumakuru,Solar,100.0,24.6,76.3,4.58,4.1678,92.02,0.48,6.67
2025-07-15,FORTUM SOLAR,Tumakuru,Solar,250.0,24.6,76.3,4.58,4.1678,92.02,1.2,17.41
2025-07-15,PARAMPUJYA,Tumakuru,Solar,150.0,24.6,76.3,4.58,4.1678,92.02,0.73,9.09
2025-07-15,RENEW TN2,Koppal,Solar,50.0,26.2,75.69,5.53,4.3402,94.43,0.28,4.59
2025-07-15,SBG ENERGY,Tumakuru,Solar,200.0,24.6,76.3,4.58,4.1678,92.02,1.01,12.99
2025-07-15,TATA RENEWABLES,Tumakuru,Solar,400.0,24.6,76.3,4.58,4.1678,92.02,1.96,25.84
2025-07-15,YARROW,Koppal,Solar,50.0,26.2,75.69,5.53,4.3402,94.43,0.29,7.45
2025-07-16,KOPPAL_AYANASIX_W,Koppal,Wind,50.0,26.55,77.18,4.5,3.7049,94.34,1.83,41.29
2025-07-16,KOPPAL_RENEWROSHNI_W,Koppal,Wind,73.0,26.55,77.18,4.5,3.7049,94.34,1.76,84.27
2025-07-16,Koppal Renewojas,Koppal,Wind,277.0,26.55,77.18,4.5,3.7049,94.34,0.0,0.0
2025-07-16,KOPPAL SRI1PL,Koppal,Solar,120.0,26.55,77.18,4.5,3.7049,94.34,0.62,14.26
2025-07-16,IRCON SOLAR,Koppal,Solar,50.0,26.55,77.18,4.5,3.7049,94.34,1.2,17.51
2025-07-16,GADAG_VENA_W,Gadag,Wind,133.0,25.38,82.08,4.78,4.165,93.72,1.07,40.97
2025-07-16,GADAG_VENA_S,Gadag,Solar,31.0,25.38,82.08,4.78,4.165,93.72,0.16,2.89
2025-07-16,KOPPAL_RENEWOJAS_S,Koppal,Solar,81.0,26.55,77.18,4.5,3.7049,94.34,0.29,5.83
2025-07-16,KOPPAL_KLEIO_S,Koppal,Solar,105.0,26.55,77.18,4.5,3.7049,94.34,0.33,7.61
2025-07-16,All ADYAH,Tumakuru,Solar,300.0,24.55,78.58,3.85,3.7822,91.93,1.48,21.21
2025-07-16,AMPLUS PAVAGADA,Tumakuru,Solar,50.0,24.55,78.58,3.85,3.7822,91.93,0.29,7.27
2025-07-16,AMPLUS TUMKUR,Tumakuru,Solar,50.0,24.55,78.58,3.85,3.7822,91.93,0.29,4.33
2025-07-16,AVAADA SOLAR,Koppal,Solar,150.0,26.55,77.18,4.5,3.7049,94.34,0.71,10.67
2025-07-16,AVAADA SOLARISE,Koppal,Solar,150.0,26.55,77.18,4.5,3.7049,94.34,0.74,11.41
2025-07-16,AZURE POWER EARTH,Koppal,Solar,100.0,26.55,77.18,4.5,3.7049,94.34,0.38,7.21
2025-07-16,FORTUM FIN SURYA,Tumakuru,Solar,100.0,24.55,78.58,3.85,3.7822,91.93,0.48,7.15
2025-07-16,FORTUM SOLAR,Tumakuru,Solar,250.0,24.55,78.58,3.85,3.7822,91.93,1.06,18.47
2025-07-16,PARAMPUJYA,Tumakuru,Solar,150.0,24.55,78.58,3.85,3.7822,91.93,0.7,9.79
2025-07-16,RENEW TN2,Koppal,Solar,50.0,26.55,77.18,4.5,3.7049,94.34,0.27,4.86
2025-07-16,SBG ENERGY,Tumakuru,Solar,200.0,24.55,78.58,3.85,3.7822,91.93,0.92,13.91
2025-07-16,TATA RENEWABLES,Tumakuru,Solar,400.0,24.55,78.58,3.85,3.7822,91.93,1.82,27.66
2025-07-16,YARROW,Koppal,Solar,50.0,26.55,77.18,4.5,3.7049,94.34,0.29,7.74
2025-07-21,KOPPAL_AYANASIX_W,Koppal,Wind,50.0,24.83,84.61,4.2,3.971,94.34,3.07,52.88
2025-07-21,KOPPAL_RENEWROSHNI_W,Koppal,Wind,73.0,24.83,84.61,4.2,3.971,94.34,3.13,97.28
2025-07-21,Koppal Renewojas,Koppal,Wind,277.0,24.83,84.61,4.2,3.971,94.34,0.0,0.0
2025-07-21,KOPPAL SRI1PL,Koppal,Solar,120.0,24.83,84.61,4.2,3.971,94.34,0.61,19.13
2025-07-21,IRCON SOLAR,Koppal,Solar,50.0,24.83,84.61,4.2,3.971,94.34,1.0,24.19
2025-07-21,GADAG_VENA_W,Gadag,Wind,133.0,24.25,86.55,4.43,3.7582,93.7,1.94,50.23
2025-07-21,GADAG_VENA_S,Gadag,Solar,31.0,24.25,86.55,4.43,3.7582,93.7,0.17,3.77
2025-07-21,KOPPAL_RENEWOJAS_S,Koppal,Solar,81.0,24.83,84.61,4.2,3.971,94.34,0.33,7.9
2025-07-21,KOPPAL_KLEIO_S,Koppal,Solar,105.0,24.83,84.61,4.2,3.971,94.34,0.29,9.57
2025-07-21,All ADYAH,Tumakuru,Solar,300.0,22.25,78.68,4.34,3.4608,91.96,1.31,29.13
2025-07-21,AMPLUS PAVAGADA,Tumakuru,Solar,50.0,22.25,78.68,4.34,3.4608,91.96,0.22,8.61
2025-07-21,AMPLUS TUMKUR,Tumakuru,Solar,50.0,22.25,78.68,4.34,3.4608,91.96,0.22,5.66
2025-07-21,AVAADA SOLAR,Koppal,Solar,150.0,24.83,84.61,4.2,3.971,94.34,0.62,14.55
2025-07-21,AVAADA SOLARISE,Koppal,Solar,150.0,24.83,84.61,4.2,3.971,94.34,0.61,15.04
2025-07-21,AZURE POWER EARTH,Koppal,Solar,100.0,24.83,84.61,4.2,3.971,94.34,0.35,9.35
2025-07-21,FORTUM FIN SURYA,Tumakuru,Solar,100.0,22.25,78.68,4.34,3.4608,91.96,0.38,9.36
2025-07-21,FORTUM SOLAR,Tumakuru,Solar,250.0,22.25,78.68,4.34,3.4608,91.96,0.93,24.22
2025-07-21,PARAMPUJYA,Tumakuru,Solar,150.0,22.25,78.68,4.34,3.4608,91.96,0.55,13.08
2025-07-21,RENEW TN2,Koppal,Solar,50.0,24.83,84.61,4.2,3.971,94.34,0.2,6.12
2025-07-21,SBG ENERGY,Tumakuru,Solar,200.0,22.25,78.68,4.34,3.4608,91.96,0.84,18.85
2025-07-21,TATA RENEWABLES,Tumakuru,Solar,400.0,22.25,78.68,4.34,3.4608,91.96,1.53,37.0
2025-07-21,YARROW,Koppal,Solar,50.0,24.83,84.61,4.2,3.971,94.34,0.22,9.05
2025-07-23,KOPPAL_AYANASIX_W,Koppal,Wind,50.0,24.67,82.99,5.72,3.3271,94.31,5.23,61.95
2025-07-23,KOPPAL_RENEWROSHNI_W,Koppal,Wind,73.0,24.67,82.99,5.72,3.3271,94.31,4.98,106.4
2025-07-23,Koppal Renewojas,Koppal,Wind,277.0,24.67,82.99,5.72,3.3271,94.31,0.0,0.0
2025-07-23,KOPPAL SRI1PL,Koppal,Solar,120.0,24.67,82.99,5.72,3.3271,94.31,0.77,20.64
2025-07-23,IRCON SOLAR,Koppal,Solar,50.0,24.67,82.99,5.72,3.3271,94.31,0.73,26.01
2025-07-23,GADAG_VENA_W,Gadag,Wind,133.0,24.19,84.99,5.97,3.3538,93.69,2.75,55.28
2025-07-23,GADAG_VENA_S,Gadag,Solar,31.0,24.19,84.99,5.97,3.3538,93.69,0.13,4.04
2025-07-23,KOPPAL_RENEWOJAS_S,Koppal,Solar,81.0,24.67,82.99,5.72,3.3271,94.31,0.28,8.52
2025-07-23,KOPPAL_KLEIO_S,Koppal,Solar,105.0,24.67,82.99,5.72,3.3271,94.31,0.36,10.22
2025-07-23,All ADYAH,Tumakuru,Solar,300.0,22.95,78.38,5.14,3.4778,91.93,1.17,31.69
2025-07-23,AMPLUS PAVAGADA,Tumakuru,Solar,50.0,22.95,78.38,5.14,3.4778,91.93,0.21,9.07
2025-07-23,AMPLUS TUMKUR,Tumakuru,Solar,50.0,22.95,78.38,5.14,3.4778,91.93,0.21,6.12
2025-07-23,AVAADA SOLAR,Koppal,Solar,150.0,24.67,82.99,5.72,3.3271,94.31,0.53,15.73
2025-07-23,AVAADA SOLARISE,Koppal,Solar,150.0,24.67,82.99,5.72,3.3271,94.31,0.56,16.26
2025-07-23,AZURE POWER EARTH,Koppal,Solar,100.0,24.67,82.99,5.72,3.3271,94.31,0.31,10.02
2025-07-23,FORTUM FIN SURYA,Tumakuru,Solar,100.0,22.95,78.38,5.14,3.4778,91.93,0.36,10.14
2025-07-23,FORTUM SOLAR,Tumakuru,Solar,250.0,22.95,78.38,5.14,3.4778,91.93,0.84,26.05
2025-07-23,PARAMPUJYA,Tumakuru,Solar,150.0,22.95,78.38,5.14,3.4778,91.93,0.52,14.21
2025-07-23,RENEW TN2,Koppal,Solar,50.0,24.67,82.99,5.72,3.3271,94.31,0.19,6.53
2025-07-23,SBG ENERGY,Tumakuru,Solar,200.0,22.95,78.38,5.14,3.4778,91.93,0.76,20.53
2025-07-23,TATA RENEWABLES,Tumakuru,Solar,400.0,22.95,78.38,5.14,3.4778,91.93,1.42,40.08
2025-07-23,YARROW,Koppal,Solar,50.0,24.67,82.99,5.72,3.3271,94.31,0.21,9.5
2025-07-25,KOPPAL_AYANASIX_W,Koppal,Wind,50.0,24.97,83.7,6.33,3.5321,94.2,5.92,70.98
2025-07-25,KOPPAL_RENEWROSHNI_W,Koppal,Wind,73.0,24.97,83.7,6.33,3.5321,94.2,6.31,116.93
2025-07-25,Koppal Renewojas,Koppal,Wind,277.0,24.97,83.7,6.33,3.5321,94.2,0.0,0.0
2025-07-25,KOPPAL SRI1PL,Koppal,Solar,120.0,24.97,83.7,6.33,3.5321,94.2,0.69,21.4
2025-07-25,IRCON SOLAR,Koppal,Solar,50.0,24.97,83.7,6.33,3.5321,94.2,0.85,27.91
2025-07-25,GADAG_VENA_W,Gadag,Wind,133.0,24.4,86.32,6.47,3.137,93.58,2.97,59.98
2025-07-25,GADAG_VENA_S,Gadag,Solar,31.0,24.4,86.32,6.47,3.137,93.58,0.12,4.21
2025-07-25,KOPPAL_RENEWOJAS_S,Koppal,Solar,81.0,24.97,83.7,6.33,3.5321,94.2,0.25,8.93
2025-07-25,KOPPAL_KLEIO_S,Koppal,Solar,105.0,24.97,83.7,6.33,3.5321,94.2,0.36,10.44
2025-07-25,All ADYAH,Tumakuru,Solar,300.0,23.97,74.5,6.3,3.1049,91.83,1.17,33.97
2025-07-25,AMPLUS PAVAGADA,Tumakuru,Solar,50.0,23.97,74.5,6.3,3.1049,91.83,0.21,9.49
2025-07-25,AMPLUS TUMKUR,Tumakuru,Solar,50.0,23.97,74.5,6.3,3.1049,91.83,0.21,6.54
2025-07-25,AVAADA SOLAR,Koppal,Solar,150.0,24.97,83.7,6.33,3.5321,94.2,0.55,16.85
2025-07-25,AVAADA SOLARISE,Koppal,Solar,150.0,24.97,83.7,6.33,3.5321,94.2,0.56,17.4
2025-07-25,AZURE POWER EARTH,Koppal,Solar,100.0,24.97,83.7,6.33,3.5321,94.2,0.31,10.6
2025-07-25,FORTUM FIN SURYA,Tumakuru,Solar,100.0,23.97,74.5,6.3,3.1049,91.83,0.38,10.9
2025-07-25,FORTUM SOLAR,Tumakuru,Solar,250.0,23.97,74.5,6.3,3.1049,91.83,0.85,27.68
2025-07-25,PARAMPUJYA,Tumakuru,Solar,150.0,23.97,74.5,6.3,3.1049,91.83,0.54,15.25
2025-07-25,RENEW TN2,Koppal,Solar,50.0,24.97,83.7,6.33,3.5321,94.2,0.19,6.87
2025-07-25,SBG ENERGY,Tumakuru,Solar,200.0,23.97,74.5,6.3,3.1049,91.83,0.8,22.15
2025-07-25,TATA RENEWABLES,Tumakuru,Solar,400.0,23.97,74.5,6.3,3.1049,91.83,1.46,42.94
2025-07-25,YARROW,Koppal,Solar,50.0,24.97,83.7,6.33,3.5321,94.2,0.22,9.93
2025-07-26,KOPPAL_AYANASIX_W,Koppal,Wind,50.0,24.44,80.65,7.5,3.0782,94.35,6.36,77.34
2025-07-26,KOPPAL_RENEWROSHNI_W,Koppal,Wind,73.0,24.44,80.65,7.5,3.0782,94.35,6.44,123.37
2025-07-26,Koppal Renewojas,Koppal,Wind,277.0,24.44,80.65,7.5,3.0782,94.35,0.0,0.0
2025-07-26,KOPPAL SRI1PL,Koppal,Solar,120.0,24.44,80.65,7.5,3.0782,94.35,0.7,22.1
2025-07-26,IRCON SOLAR,Koppal,Solar,50.0,24.44,80.65,7.5,3.0782,94.35,1.03,28.94
2025-07-26,GADAG_VENA_W,Gadag,Wind,133.0,23.68,84.32,7.51,2.7278,93.73,3.12,63.1
2025-07-26,GADAG_VENA_S,Gadag,Solar,31.0,23.68,84.32,7.51,2.7278,93.73,0.09,4.3
2025-07-26,KOPPAL_RENEWOJAS_S,Koppal,Solar,81.0,24.44,80.65,7.5,3.0782,94.35,0.2,9.13
2025-07-26,KOPPAL_KLEIO_S,Koppal,Solar,105.0,24.44,80.65,7.5,3.0782,94.35,0.33,10.77
2025-07-26,All ADYAH,Tumakuru,Solar,300.0,23.95,75.76,6.7,3.4608,91.97,1.37,35.34
2025-07-26,AMPLUS PAVAGADA,Tumakuru,Solar,50.0,23.95,75.76,6.7,3.4608,91.97,0.23,9.72
2025-07-26,AMPLUS TUMKUR,Tumakuru,Solar,50.0,23.95,75.76,6.7,3.4608,91.97,0.23,6.77
2025-07-26,AVAADA SOLAR,Koppal,Solar,150.0,24.44,80.65,7.5,3.0782,94.35,0.67,17.52
2025-07-26,AVAADA SOLARISE,Koppal,Solar,150.0,24.44,80.65,7.5,3.0782,94.35,0.61,18.01
2025-07-26,AZURE POWER EARTH,Koppal,Solar,100.0,24.44,80.65,7.5,3.0782,94.35,0.37,10.97
2025-07-26,FORTUM FIN SURYA,Tumakuru,Solar,100.0,23.95,75.76,6.7,3.4608,91.97,0.39,11.29
2025-07-26,FORTUM SOLAR,Tumakuru,Solar,250.0,23.95,75.76,6.7,3.4608,91.97,1.03,28.71
2025-07-26,PARAMPUJYA,Tumakuru,Solar,150.0,23.95,75.76,6.7,3.4608,91.97,0.56,15.81
2025-07-26,RENEW TN2,Koppal,Solar,50.0,24.44,80.65,7.5,3.0782,94.35,0.2,7.07
2025-07-26,SBG ENERGY,Tumakuru,Solar,200.0,23.95,75.76,6.7,3.4608,91.97,0.87,23.02
2025-07-26,TATA RENEWABLES,Tumakuru,Solar,400.0,23.95,75.76,6.7,3.4608,91.97,1.56,44.5
2025-07-26,YARROW,Koppal,Solar,50.0,24.44,80.65,7.5,3.0782,94.35,0.23,10.16
2025-07-27,KOPPAL_AYANASIX_W,Koppal,Wind,50.0,24.56,78.07,7.03,4.667,94.47,6.49,83.83
2025-07-27,KOPPAL_RENEWROSHNI_W,Koppal,Wind,73.0,24.56,78.07,7.03,4.667,94.47,6.6,129.97
2025-07-27,Koppal Renewojas,Koppal,Wind,277.0,24.56,78.07,7.03,4.667,94.47,0.0,0.0
2025-07-27,KOPPAL SRI1PL,Koppal,Solar,120.0,24.56,78.07,7.03,4.667,94.47,1.37,23.47
2025-07-27,IRCON SOLAR,Koppal,Solar,50.0,24.56,78.07,7.03,4.667,94.47,1.26,30.2
2025-07-27,GADAG_VENA_W,Gadag,Wind,133.0,23.6,82.81,6.99,4.356,93.85,3.16,66.26
2025-07-27,GADAG_VENA_S,Gadag,Solar,31.0,23.6,82.81,6.99,4.356,93.85,0.18,4.48
2025-07-27,KOPPAL_RENEWOJAS_S,Koppal,Solar,81.0,24.56,78.07,7.03,4.667,94.47,0.34,9.47
2025-07-27,KOPPAL_KLEIO_S,Koppal,Solar,105.0,24.56,78.07,7.03,4.667,94.47,0.44,11.21
2025-07-27,All ADYAH,Tumakuru,Solar,300.0,23.79,73.42,6.1,3.4171,92.08,1.27,36.61
2025-07-27,AMPLUS PAVAGADA,Tumakuru,Solar,50.0,23.79,73.42,6.1,3.4171,92.08,0.25,9.97
2025-07-27,AMPLUS TUMKUR,Tumakuru,Solar,50.0,23.79,73.42,6.1,3.4171,92.08,0.25,7.02
2025-07-27,AVAADA SOLAR,Koppal,Solar,150.0,24.56,78.07,7.03,4.667,94.47,0.77,18.29
2025-07-27,AVAADA SOLARISE,Koppal,Solar,150.0,24.56,78.07,7.03,4.667,94.47,0.7,18.71
2025-07-27,AZURE POWER EARTH,Koppal,Solar,100.0,24.56,78.07,7.03,4.667,94.47,0.41,11.38
2025-07-27,FORTUM FIN SURYA,Tumakuru,Solar,100.0,23.79,73.42,6.1,3.4171,92.08,0.42,11.71
2025-07-27,FORTUM SOLAR,Tumakuru,Solar,250.0,23.79,73.42,6.1,3.4171,92.08,1.16,29.87
2025-07-27,PARAMPUJYA,Tumakuru,Solar,150.0,23.79,73.42,6.1,3.4171,92.08,0.64,16.45
2025-07-27,RENEW TN2,Koppal,Solar,50.0,24.56,78.07,7.03,4.667,94.47,0.23,7.3
2025-07-27,SBG ENERGY,Tumakuru,Solar,200.0,23.79,73.42,6.1,3.4171,92.08,1.0,24.02
2025-07-27,TATA RENEWABLES,Tumakuru,Solar,400.0,23.79,73.42,6.1,3.4171,92.08,1.58,46.08
2025-07-27,YARROW,Koppal,Solar,50.0,24.56,78.07,7.03,4.667,94.47,0.26,10.42
2025-07-28,KOPPAL_AYANASIX_W,Koppal,Wind,50.0,24.55,77.39,6.98,4.6013,94.52,6.12,89.95
2025-07-28,KOPPAL_RENEWROSHNI_W,Koppal,Wind,73.0,24.55,77.39,6.98,4.6013,94.52,6.54,136.51
2025-07-28,Koppal Renewojas,Koppal,Wind,277.0,24.55,77.39,6.98,4.6013,94.52,0.0,0.0
2025-07-28,KOPPAL SRI1PL,Koppal,Solar,120.0,24.55,77.39,6.98,4.6013,94.52,1.17,24.64
2025-07-28,IRCON SOLAR,Koppal,Solar,50.0,24.55,77.39,6.98,4.6013,94.52,1.15,31.35
2025-07-28,GADAG_VENA_W,Gadag,Wind,133.0,23.61,81.95,6.79,4.7815,93.91,3.25,69.51
2025-07-28,GADAG_VENA_S,Gadag,Solar,31.0,23.61,81.95,6.79,4.7815,93.91,0.2,4.68
2025-07-28,KOPPAL_RENEWOJAS_S,Koppal,Solar,81.0,24.55,77.39,6.98,4.6013,94.52,0.33,9.8
2025-07-28,KOPPAL_KLEIO_S,Koppal,Solar,105.0,24.55,77.39,6.98,4.6013,94.52,0.38,11.59
2025-07-28,All ADYAH,Tumakuru,Solar,300.0,23.0,76.71,5.55,3.6528,92.12,1.39,38.0
2025-07-28,AMPLUS PAVAGADA,Tumakuru,Solar,50.0,23.0,76.71,5.55,3.6528,92.12,0.27,10.24
2025-07-28,AMPLUS TUMKUR,Tumakuru,Solar,50.0,23.0,76.71,5.55,3.6528,92.12,0.27,7.29
2025-07-28,AVAADA SOLAR,Koppal,Solar,150.0,24.55,77.39,6.98,4.6013,94.52,0.7,18.99
2025-07-28,AVAADA SOLARISE,Koppal,Solar,150.0,24.55,77.39,6.98,4.6013,94.52,0.72,19.43
2025-07-28,AZURE POWER EARTH,Koppal,Solar,100.0,24.55,77.39,6.98,4.6013,94.52,0.41,11.79
2025-07-28,FORTUM FIN SURYA,Tumakuru,Solar,100.0,23.0,76.71,5.55,3.6528,92.12,0.36,12.07
2025-07-28,FORTUM SOLAR,Tumakuru,Solar,250.0,23.0,76.71,5.55,3.6528,92.12,1.15,31.02
2025-07-28,PARAMPUJYA,Tumakuru,Solar,150.0,23.0,76.71,5.55,3.6528,92.12,0.67,17.12
2025-07-28,RENEW TN2,Koppal,Solar,50.0,24.55,77.39,6.98,4.6013,94.52,0.25,7.55
2025-07-28,SBG ENERGY,Tumakuru,Solar,200.0,23.0,76.71,5.55,3.6528,92.12,0.92,24.94
2025-07-28,TATA RENEWABLES,Tumakuru,Solar,400.0,23.0,76.71,5.55,3.6528,92.12,1.68,47.76
2025-07-28,YARROW,Koppal,Solar,50.0,24.55,77.39,6.98,4.6013,94.52,0.28,10.7
