Date,RawLine
2025-01-01,कनजाटक / Karnataka 36.87 46.55 11.20 94.62 36.87 46.55 11.20 94.62
2025-01-01,KOPPAL_AYANASIX_W Karnataka Private IPP Wind 50.00 2.01 2.01
2025-01-01,KOPPAL_RENEWROSHNI_W Karnataka Private IPP Wind 73.00 2.77 2.77
2025-01-01,KOPPAL SRI1PL Karnataka Private IPP Solar 120.00 1.11 1.11
2025-01-01,IRCON SOLAR Karnataka Private IPP Solar 50.00 -0.79 -0.79
2025-01-01,GADAG_VENA_W Karnataka Private IPP Wind 133.00 0.68 0.68
2025-01-01,GADAG_VENA_S Karnataka Private IPP Solar 31.00 0.00 0.00
2025-01-01,KOPPAL_RENEWOJAS_S Karnataka Private IPP Solar 81.00 0.49 0.49
2025-01-01,All ADYAH Karnataka Private IPP Solar 300.00 2.16 2.16
2025-01-01,AMPLUS PAVAGADA Karnataka Private IPP Solar 50.00 0.35 0.35
2025-01-01,AMPLUS TUMKUR Karnataka Private IPP Solar 50.00 0.34 0.34
2025-01-01,AVAADA SOLAR Karnataka Private IPP Solar 150.00 1.00 1.00
2025-01-01,AVAADA SOLARISE Karnataka Private IPP Solar 150.00 0.99 0.99
2025-01-01,AZURE POWER EARTH Karnataka Private IPP Solar 100.00 0.71 0.71
2025-01-01,FORTUM FIN SURYA Karnataka Private IPP Solar 100.00 0.62 0.62
2025-01-01,FORTUM SOLAR Karnataka Private IPP Solar 250.00 0.32 0.32
2025-01-01,KREDL Karnataka Private IPP Solar 50.00 0.90 0.90
2025-01-01,PARAMPUJYA Karnataka Private IPP Solar 150.00 0.32 0.32
2025-01-01,RENEW TN2 Karnataka Private IPP Solar 50.00 1.35 1.35
2025-01-01,SBG ENERGY Karnataka Private IPP Solar 200.00 1.66 1.66
2025-01-01,TATA RENEWABLES Karnataka Private IPP Solar 400.00 2.44 2.44
2025-01-01,YARROW Karnataka Private IPP Solar 50.00 0.35 0.35
2025-01-01,कनजाटक / Karnataka 31.41 32.23 11.20 74.84 31.41 32.23 11.20 74.84
2025-01-02,कनजाटक / Karnataka 29.82 44.26 12.34 86.42 66.69 90.81 23.54 181.04
2025-01-02,KOPPAL_AYANASIX_W Karnataka Private IPP Wind 50.00 1.81 3.82
2025-01-02,KOPPAL_RENEWROSHNI_W Karnataka Private IPP Wind 73.00 2.17 4.94
2025-01-02,KOPPAL SRI1PL Karnataka Private IPP Solar 120.00 0.82 1.93
2025-01-02,IRCON SOLAR Karnataka Private IPP Solar 50.00 -0.79 -1.58
2025-01-02,GADAG_VENA_W Karnataka Private IPP Wind 133.00 0.66 1.34
2025-01-02,GADAG_VENA_S Karnataka Private IPP Solar 31.00 0.00 0.00
2025-01-02,KOPPAL_RENEWOJAS_S Karnataka Private IPP Solar 81.00 0.39 0.88
2025-01-02,All ADYAH Karnataka Private IPP Solar 300.00 2.17 4.33
2025-01-02,AMPLUS PAVAGADA Karnataka Private IPP Solar 50.00 0.35 0.70
2025-01-02,AMPLUS TUMKUR Karnataka Private IPP Solar 50.00 0.35 0.69
2025-01-02,AVAADA SOLAR Karnataka Private IPP Solar 150.00 1.01 2.01
2025-01-02,AVAADA SOLARISE Karnataka Private IPP Solar 150.00 1.01 2.00
2025-01-02,AZURE POWER EARTH Karnataka Private IPP Solar 100.00 0.72 1.43
2025-01-02,FORTUM FIN SURYA Karnataka Private IPP Solar 100.00 0.62 1.24
2025-01-02,FORTUM SOLAR Karnataka Private IPP Solar 250.00 0.33 0.65
2025-01-02,KREDL Karnataka Private IPP Solar 50.00 0.91 1.81
2025-01-02,PARAMPUJYA Karnataka Private IPP Solar 150.00 0.32 0.64
2025-01-02,RENEW TN2 Karnataka Private IPP Solar 50.00 1.35 2.70
2025-01-02,SBG ENERGY Karnataka Private IPP Solar 200.00 1.68 3.34
2025-01-02,TATA RENEWABLES Karnataka Private IPP Solar 400.00 2.48 4.92
2025-01-02,YARROW Karnataka Private IPP Solar 50.00 0.36 0.71
2025-01-02,कनजाटक / Karnataka 25.18 30.18 12.34 67.70 56.59 62.41 23.54 142.54
2025-01-03,कनजाटक / Karnataka 39.33 49.17 13.89 102.39 106.02 139.98 37.43 283.43
2025-01-03,KOPPAL_AYANASIX_W Karnataka Private IPP Wind 50.00 2.70 6.52
2025-01-03,KOPPAL_RENEWROSHNI_W Karnataka Private IPP Wind 73.00 3.61 8.55
2025-01-03,KOPPAL SRI1PL Karnataka Private IPP Solar 120.00 1.09 3.02
2025-01-03,IRCON SOLAR Karnataka Private IPP Solar 50.00 -0.85 -2.43
2025-01-03,GADAG_VENA_W Karnataka Private IPP Wind 133.00 0.84 2.18
2025-01-03,GADAG_VENA_S Karnataka Private IPP Solar 31.00 0.00 0.00
2025-01-03,KOPPAL_RENEWOJAS_S Karnataka Private IPP Solar 81.00 0.50 1.38
2025-01-03,All ADYAH Karnataka Private IPP Solar 300.00 2.30 6.63
2025-01-03,AMPLUS PAVAGADA Karnataka Private IPP Solar 50.00 0.37 1.07
2025-01-03,AMPLUS TUMKUR Karnataka Private IPP Solar 50.00 0.37 1.06
2025-01-03,AVAADA SOLAR Karnataka Private IPP Solar 150.00 1.06 3.07
2025-01-03,AVAADA SOLARISE Karnataka Private IPP Solar 150.00 1.06 3.06
2025-01-03,AZURE POWER EARTH Karnataka Private IPP Solar 100.00 0.75 2.18
2025-01-03,FORTUM FIN SURYA Karnataka Private IPP Solar 100.00 0.67 1.91
2025-01-03,FORTUM SOLAR Karnataka Private IPP Solar 250.00 0.34 0.99
2025-01-03,KREDL Karnataka Private IPP Solar 50.00 0.97 2.78
2025-01-03,PARAMPUJYA Karnataka Private IPP Solar 150.00 0.35 0.99
2025-01-03,RENEW TN2 Karnataka Private IPP Solar 50.00 1.42 4.12
2025-01-03,SBG ENERGY Karnataka Private IPP Solar 200.00 1.77 5.11
2025-01-03,TATA RENEWABLES Karnataka Private IPP Solar 400.00 2.62 7.54
2025-01-03,YARROW Karnataka Private IPP Solar 50.00 0.38 1.09
2025-01-03,कनजाटक / Karnataka 32.18 34.00 13.89 80.07 88.77 96.41 37.43 222.61
2025-01-04,कनजाटक / Karnataka 19.01 50.03 14.43 83.47 125.03 190.01 51.86 366.90
2025-01-04,KOPPAL_AYANASIX_W Karnataka Private IPP Wind 50.00 1.21 7.73
2025-01-04,KOPPAL_RENEWROSHNI_W Karnataka Private IPP Wind 73.00 0.55 9.10
2025-01-04,KOPPAL SRI1PL Karnataka Private IPP Solar 120.00 1.22 4.24
2025-01-04,IRCON SOLAR Karnataka Private IPP Solar 50.00 -0.90 -3.33
2025-01-04,GADAG_VENA_W Karnataka Private IPP Wind 133.00 0.47 2.65
2025-01-04,GADAG_VENA_S Karnataka Private IPP Solar 31.00 0.00 0.00
2025-01-04,KOPPAL_RENEWOJAS_S Karnataka Private IPP Solar 81.00 0.54 1.92
2025-01-04,All ADYAH Karnataka Private IPP Solar 300.00 2.22 8.85
2025-01-04,AMPLUS PAVAGADA Karnataka Private IPP Solar 50.00 0.35 1.42
2025-01-04,AMPLUS TUMKUR Karnataka Private IPP Solar 50.00 0.35 1.41
2025-01-04,AVAADA SOLAR Karnataka Private IPP Solar 150.00 1.00 4.07
2025-01-04,AVAADA SOLARISE Karnataka Private IPP Solar 150.00 1.03 4.09
2025-01-04,AZURE POWER EARTH Karnataka Private IPP Solar 100.00 0.72 2.90
2025-01-04,FORTUM FIN SURYA Karnataka Private IPP Solar 100.00 0.64 2.55
2025-01-04,FORTUM SOLAR Karnataka Private IPP Solar 250.00 0.33 1.32
2025-01-04,KREDL Karnataka Private IPP Solar 50.00 0.93 3.71
2025-01-04,PARAMPUJYA Karnataka Private IPP Solar 150.00 0.33 1.32
2025-01-04,RENEW TN2 Karnataka Private IPP Solar 50.00 1.43 5.55
2025-01-04,SBG ENERGY Karnataka Private IPP Solar 200.00 1.71 6.82
2025-01-04,TATA RENEWABLES Karnataka Private IPP Solar 400.00 2.50 10.04
2025-01-04,YARROW Karnataka Private IPP Solar 50.00 0.36 1.45
2025-01-04,कनजाटक / Karnataka 16.78 35.27 14.43 66.48 105.55 131.68 51.86 289.09
2025-01-05,कनजाटक / Karnataka 19.45 51.70 13.11 84.26 144.48 241.71 64.97 451.16
2025-01-05,KOPPAL_AYANASIX_W Karnataka Private IPP Wind 50.00 0.85 8.58
2025-01-05,KOPPAL_RENEWROSHNI_W Karnataka Private IPP Wind 73.00 0.92 10.02
2025-01-05,KOPPAL SRI1PL Karnataka Private IPP Solar 120.00 1.22 5.46
2025-01-05,IRCON SOLAR Karnataka Private IPP Solar 50.00 0.88 -2.45
2025-01-05,GADAG_VENA_W Karnataka Private IPP Wind 133.00 0.67 3.32
2025-01-05,GADAG_VENA_S Karnataka Private IPP Solar 31.00 0.00 0.00
2025-01-05,KOPPAL_RENEWOJAS_S Karnataka Private IPP Solar 81.00 0.53 2.45
2025-01-05,All ADYAH Karnataka Private IPP Solar 300.00 2.33 11.18
2025-01-05,AMPLUS PAVAGADA Karnataka Private IPP Solar 50.00 0.37 1.79
2025-01-05,AMPLUS TUMKUR Karnataka Private IPP Solar 50.00 0.37 1.78
2025-01-05,AVAADA SOLAR Karnataka Private IPP Solar 150.00 1.05 5.12
2025-01-05,AVAADA SOLARISE Karnataka Private IPP Solar 150.00 1.08 5.17
2025-01-05,AZURE POWER EARTH Karnataka Private IPP Solar 100.00 0.76 3.66
2025-01-05,FORTUM FIN SURYA Karnataka Private IPP Solar 100.00 0.67 3.22
2025-01-05,FORTUM SOLAR Karnataka Private IPP Solar 250.00 0.34 1.66
2025-01-05,KREDL Karnataka Private IPP Solar 50.00 0.98 4.69
2025-01-05,PARAMPUJYA Karnataka Private IPP Solar 150.00 0.35 1.67
2025-01-05,RENEW TN2 Karnataka Private IPP Solar 50.00 1.42 6.97
2025-01-05,SBG ENERGY Karnataka Private IPP Solar 200.00 1.79 8.61
2025-01-05,TATA RENEWABLES Karnataka Private IPP Solar 400.00 2.64 12.68
2025-01-05,YARROW Karnataka Private IPP Solar 50.00 0.38 1.83
2025-01-05,कनजाटक / Karnataka 17.01 34.54 13.11 64.66 122.56 166.22 64.97 353.75
2025-01-06,कनजाटक / Karnataka 18.40 50.57 13.66 82.63 162.88 292.28 78.63 533.79
2025-01-06,KOPPAL_AYANASIX_W Karnataka Private IPP Wind 50.00 1.04 9.62
2025-01-06,KOPPAL_RENEWROSHNI_W Karnataka Private IPP Wind 73.00 1.17 11.19
2025-01-06,KOPPAL SRI1PL Karnataka Private IPP Solar 120.00 1.24 6.70
2025-01-06,IRCON SOLAR Karnataka Private IPP Solar 50.00 -0.89 -3.34
2025-01-06,GADAG_VENA_W Karnataka Private IPP Wind 133.00 0.55 3.87
2025-01-06,GADAG_VENA_S Karnataka Private IPP Solar 31.00 0.00 0.00
2025-01-06,KOPPAL_RENEWOJAS_S Karnataka Private IPP Solar 81.00 0.53 2.98
2025-01-06,All ADYAH Karnataka Private IPP Solar 300.00 2.31 13.49
2025-01-06,AMPLUS PAVAGADA Karnataka Private IPP Solar 50.00 0.37 2.16
2025-01-06,AMPLUS TUMKUR Karnataka Private IPP Solar 50.00 0.37 2.15
2025-01-06,AVAADA SOLAR Karnataka Private IPP Solar 150.00 1.04 6.16
2025-01-06,AVAADA SOLARISE Karnataka Private IPP Solar 150.00 1.06 6.23
2025-01-06,AZURE POWER EARTH Karnataka Private IPP Solar 100.00 0.75 4.41
2025-01-06,FORTUM FIN SURYA Karnataka Private IPP Solar 100.00 0.66 3.88
2025-01-06,FORTUM SOLAR Karnataka Private IPP Solar 250.00 0.34 2.00
2025-01-06,KREDL Karnataka Private IPP Solar 50.00 0.95 5.64
2025-01-06,PARAMPUJYA Karnataka Private IPP Solar 150.00 0.34 2.01
2025-01-06,RENEW TN2 Karnataka Private IPP Solar 50.00 1.34 8.31
2025-01-06,SBG ENERGY Karnataka Private IPP Solar 200.00 1.76 10.37
2025-01-06,TATA RENEWABLES Karnataka Private IPP Solar 400.00 2.58 15.26
2025-01-06,YARROW Karnataka Private IPP Solar 50.00 0.37 2.20
2025-01-06,कनजाटक / Karnataka 15.64 35.45 13.66 64.75 138.20 201.67 78.63 418.50
2025-01-07,कनजाटक / Karnataka 17.29 50.26 13.70 81.25 180.17 342.54 92.33 615.04
2025-01-07,KOPPAL_AYANASIX_W Karnataka Private IPP Wind 50.00 1.42 11.04
2025-01-07,KOPPAL_RENEWROSHNI_W Karnataka Private IPP Wind 73.00 1.41 12.60
2025-01-07,KOPPAL SRI1PL Karnataka Private IPP Solar 120.00 1.19 7.89
2025-01-07,IRCON SOLAR Karnataka Private IPP Solar 50.00 -0.88 -4.22
2025-01-07,GADAG_VENA_W Karnataka Private IPP Wind 133.00 0.50 4.37
2025-01-07,GADAG_VENA_S Karnataka Private IPP Solar 31.00 0.00 0.00
2025-01-07,KOPPAL_RENEWOJAS_S Karnataka Private IPP Solar 81.00 0.51 3.49
2025-01-07,All ADYAH Karnataka Private IPP Solar 300.00 2.37 15.86
2025-01-07,AMPLUS PAVAGADA Karnataka Private IPP Solar 50.00 0.37 2.53
2025-01-07,AMPLUS TUMKUR Karnataka Private IPP Solar 50.00 0.37 2.52
2025-01-07,AVAADA SOLAR Karnataka Private IPP Solar 150.00 1.03 7.19
2025-01-07,AVAADA SOLARISE Karnataka Private IPP Solar 150.00 1.08 7.31
2025-01-07,AZURE POWER EARTH Karnataka Private IPP Solar 100.00 0.75 5.16
2025-01-07,FORTUM FIN SURYA Karnataka Private IPP Solar 100.00 0.67 4.55
2025-01-07,FORTUM SOLAR Karnataka Private IPP Solar 250.00 0.34 2.34
2025-01-07,KREDL Karnataka Private IPP Solar 50.00 0.98 6.62
2025-01-07,PARAMPUJYA Karnataka Private IPP Solar 150.00 0.35 2.36
2025-01-07,RENEW TN2 Karnataka Private IPP Solar 50.00 1.43 9.74
2025-01-07,SBG ENERGY Karnataka Private IPP Solar 200.00 1.79 12.16
2025-01-07,TATA RENEWABLES Karnataka Private IPP Solar 400.00 2.64 17.90
2025-01-07,YARROW Karnataka Private IPP Solar 50.00 0.38 2.58
2025-01-07,कनजाटक / Karnataka 13.96 34.89 13.70 62.55 152.16 236.56 92.33 481.05
2025-01-08,कनजाटक / Karnataka 26.48 52.42 11.30 90.20 206.65 394.96 103.63 705.24
2025-01-08,KOPPAL_AYANASIX_W Karnataka Private IPP Wind 50.00 1.60 12.64
2025-01-08,KOPPAL_RENEWROSHNI_W Karnataka Private IPP Wind 73.00 2.07 14.67
2025-01-08,KOPPAL SRI1PL Karnataka Private IPP Solar 120.00 1.13 9.02
2025-01-08,IRCON SOLAR Karnataka Private IPP Solar 50.00 0.87 -3.35
2025-01-08,GADAG_VENA_W Karnataka Private IPP Wind 133.00 0.67 5.04
2025-01-08,GADAG_VENA_S Karnataka Private IPP Solar 31.00 0.00 0.00
2025-01-08,KOPPAL_RENEWOJAS_S Karnataka Private IPP Solar 81.00 0.50 3.99
2025-01-08,All ADYAH Karnataka Private IPP Solar 300.00 2.26 18.12
2025-01-08,AMPLUS PAVAGADA Karnataka Private IPP Solar 50.00 0.37 2.90
2025-01-08,AMPLUS TUMKUR Karnataka Private IPP Solar 50.00 0.37 2.89
2025-01-08,AVAADA SOLAR Karnataka Private IPP Solar 150.00 1.02 8.21
2025-01-08,AVAADA SOLARISE Karnataka Private IPP Solar 150.00 1.07 8.38
2025-01-08,AZURE POWER EARTH Karnataka Private IPP Solar 100.00 0.76 5.92
2025-01-08,FORTUM FIN SURYA Karnataka Private IPP Solar 100.00 0.66 5.21
2025-01-08,FORTUM SOLAR Karnataka Private IPP Solar 250.00 0.34 2.68
2025-01-08,KREDL Karnataka Private IPP Solar 50.00 0.96 7.58
2025-01-08,PARAMPUJYA Karnataka Private IPP Solar 150.00 0.34 2.70
2025-01-08,RENEW TN2 Karnataka Private IPP Solar 50.00 1.42 11.16
2025-01-08,SBG ENERGY Karnataka Private IPP Solar 200.00 1.78 13.94
2025-01-08,TATA RENEWABLES Karnataka Private IPP Solar 400.00 2.64 20.54
2025-01-08,YARROW Karnataka Private IPP Solar 50.00 0.37 2.95
2025-01-08,कनजाटक / Karnataka 22.14 35.56 11.30 69.00 174.30 272.12 103.63 550.05
2025-01-09,कनजाटक / Karnataka 28.76 49.44 19.29 97.49 235.41 444.40 122.92 802.73
2025-01-09,KOPPAL_AYANASIX_W Karnataka Private IPP Wind 50.00 2.18 14.82
2025-01-09,KOPPAL_RENEWROSHNI_W Karnataka Private IPP Wind 73.00 2.68 17.35
2025-01-09,KOPPAL SRI1PL Karnataka Private IPP Solar 120.00 1.13 10.15
2025-01-09,IRCON SOLAR Karnataka Private IPP Solar 50.00 -0.85 -4.20
2025-01-09,GADAG_VENA_W Karnataka Private IPP Wind 133.00 0.90 5.94
2025-01-09,GADAG_VENA_S Karnataka Private IPP Solar 31.00 0.00 0.00
2025-01-09,KOPPAL_RENEWOJAS_S Karnataka Private IPP Solar 81.00 0.51 4.50
2025-01-09,All ADYAH Karnataka Private IPP Solar 300.00 2.28 20.40
2025-01-09,AMPLUS PAVAGADA Karnataka Private IPP Solar 50.00 0.37 3.27
2025-01-09,AMPLUS TUMKUR Karnataka Private IPP Solar 50.00 0.36 3.25
2025-01-09,AVAADA SOLAR Karnataka Private IPP Solar 150.00 1.00 9.21
2025-01-09,AVAADA SOLARISE Karnataka Private IPP Solar 150.00 1.05 9.43
2025-01-09,AZURE POWER EARTH Karnataka Private IPP Solar 100.00 0.74 6.66
2025-01-09,FORTUM FIN SURYA Karnataka Private IPP Solar 100.00 0.65 5.86
2025-01-09,FORTUM SOLAR Karnataka Private IPP Solar 250.00 0.34 3.02
2025-01-09,KREDL Karnataka Private IPP Solar 50.00 0.94 8.52
2025-01-09,PARAMPUJYA Karnataka Private IPP Solar 150.00 0.34 3.04
2025-01-09,RENEW TN2 Karnataka Private IPP Solar 50.00 1.39 12.55
2025-01-09,SBG ENERGY Karnataka Private IPP Solar 200.00 1.75 15.69
2025-01-09,TATA RENEWABLES Karnataka Private IPP Solar 400.00 2.59 23.13
2025-01-09,YARROW Karnataka Private IPP Solar 50.00 0.37 3.32
2025-01-09,कनजाटक / Karnataka 23.00 34.48 19.29 76.77 197.30 306.60 122.92 626.82
2025-01-10,कनजाटक / Karnataka 31.43 42.88 15.04 89.35 266.84 487.28 137.96 892.08
2025-01-10,KOPPAL_AYANASIX_W Karnataka Private IPP Wind 50.00 1.81 16.63
2025-01-10,KOPPAL_RENEWROSHNI_W Karnataka Private IPP Wind 73.00 2.63 19.98
2025-01-10,KOPPAL SRI1PL Karnataka Private IPP Solar 120.00 1.02 11.17
2025-01-10,IRCON SOLAR Karnataka Private IPP Solar 50.00 -0.70 -4.90
2025-01-10,GADAG_VENA_W Karnataka Private IPP Wind 133.00 0.83 6.77
2025-01-10,GADAG_VENA_S Karnataka Private IPP Solar 31.00 0.00 0.00
2025-01-10,KOPPAL_RENEWOJAS_S Karnataka Private IPP Solar 81.00 0.42 4.92
2025-01-10,All ADYAH Karnataka Private IPP Solar 300.00 1.90 22.30
2025-01-10,AMPLUS PAVAGADA Karnataka Private IPP Solar 50.00 0.32 3.59
2025-01-10,AMPLUS TUMKUR Karnataka Private IPP Solar 50.00 0.32 3.57
2025-01-10,AVAADA SOLAR Karnataka Private IPP Solar 150.00 0.86 10.07
2025-01-10,AVAADA SOLARISE Karnataka Private IPP Solar 150.00 0.90 10.33
2025-01-10,AZURE POWER EARTH Karnataka Private IPP Solar 100.00 0.64 7.30
2025-01-10,FORTUM FIN SURYA Karnataka Private IPP Solar 100.00 0.58 6.44
2025-01-10,FORTUM SOLAR Karnataka Private IPP Solar 250.00 0.29 3.31
2025-01-10,KREDL Karnataka Private IPP Solar 50.00 0.80 9.32
2025-01-10,PARAMPUJYA Karnataka Private IPP Solar 150.00 0.28 3.32
2025-01-10,RENEW TN2 Karnataka Private IPP Solar 50.00 1.21 13.76
2025-01-10,SBG ENERGY Karnataka Private IPP Solar 200.00 1.49 17.18
2025-01-10,TATA RENEWABLES Karnataka Private IPP Solar 400.00 2.22 25.35
2025-01-10,YARROW Karnataka Private IPP Solar 50.00 0.31 3.63
2025-01-10,कनजाटक / Karnataka 26.16 30.02 15.04 71.22 223.46 336.62 137.96 698.04
2025-01-11,कनजाटक / Karnataka 25.06 30.98 13.55 69.59 291.90 518.26 151.51 961.67
2025-01-11,KOPPAL_AYANASIX_W Karnataka Private IPP Wind 50.00 1.11 17.74
2025-01-11,KOPPAL_RENEWROSHNI_W Karnataka Private IPP Wind 73.00 1.72 21.70
2025-01-11,KOPPAL SRI1PL Karnataka Private IPP Solar 120.00 0.84 12.01
2025-01-11,IRCON SOLAR Karnataka Private IPP Solar 50.00 0.36 -4.54
2025-01-11,GADAG_VENA_W Karnataka Private IPP Wind 133.00 0.93 7.70
2025-01-11,GADAG_VENA_S Karnataka Private IPP Solar 31.00 0.00 0.00
2025-01-11,KOPPAL_RENEWOJAS_S Karnataka Private IPP Solar 81.00 0.41 5.33
2025-01-11,All ADYAH Karnataka Private IPP Solar 300.00 0.94 23.24
2025-01-11,AMPLUS PAVAGADA Karnataka Private IPP Solar 50.00 0.18 3.77
2025-01-11,AMPLUS TUMKUR Karnataka Private IPP Solar 50.00 0.18 3.75
2025-01-11,AVAADA SOLAR Karnataka Private IPP Solar 150.00 0.43 10.50
2025-01-11,AVAADA SOLARISE Karnataka Private IPP Solar 150.00 0.45 10.78
2025-01-11,AZURE POWER EARTH Karnataka Private IPP Solar 100.00 0.32 7.62
2025-01-11,FORTUM FIN SURYA Karnataka Private IPP Solar 100.00 0.30 6.74
2025-01-11,FORTUM SOLAR Karnataka Private IPP Solar 250.00 0.16 3.47
2025-01-11,KREDL Karnataka Private IPP Solar 50.00 0.39 9.71
2025-01-11,PARAMPUJYA Karnataka Private IPP Solar 150.00 0.15 3.47
2025-01-11,RENEW TN2 Karnataka Private IPP Solar 50.00 0.58 14.34
2025-01-11,SBG ENERGY Karnataka Private IPP Solar 200.00 0.73 17.91
2025-01-11,TATA RENEWABLES Karnataka Private IPP Solar 400.00 1.09 26.44
2025-01-11,YARROW Karnataka Private IPP Solar 50.00 0.18 3.81
2025-01-11,कनजाटक / Karnataka 21.30 23.29 13.55 58.14 244.76 359.91 151.51 756.18
2025-01-12,कनजाटक / Karnataka 21.78 43.39 14.24 79.41 313.68 561.65 165.75 1041.08
2025-01-12,KOPPAL_AYANASIX_W Karnataka Private IPP Wind 50.00 1.10 18.84
2025-01-12,KOPPAL_RENEWROSHNI_W Karnataka Private IPP Wind 73.00 1.15 22.85
2025-01-12,KOPPAL SRI1PL Karnataka Private IPP Solar 120.00 0.84 12.85
2025-01-12,IRCON SOLAR Karnataka Private IPP Solar 50.00 -0.87 -5.41
2025-01-12,GADAG_VENA_W Karnataka Private IPP Wind 133.00 0.96 8.66
2025-01-12,GADAG_VENA_S Karnataka Private IPP Solar 31.00 0.00 0.00
2025-01-12,KOPPAL_RENEWOJAS_S Karnataka Private IPP Solar 81.00 0.39 5.72
2025-01-12,All ADYAH Karnataka Private IPP Solar 300.00 2.23 25.47
2025-01-12,AMPLUS PAVAGADA Karnataka Private IPP Solar 50.00 0.36 4.13
2025-01-12,AMPLUS TUMKUR Karnataka Private IPP Solar 50.00 0.35 4.10
2025-01-12,AVAADA SOLAR Karnataka Private IPP Solar 150.00 1.02 11.52
2025-01-12,AVAADA SOLARISE Karnataka Private IPP Solar 150.00 1.02 11.80
2025-01-12,AZURE POWER EARTH Karnataka Private IPP Solar 100.00 0.72 8.34
2025-01-12,FORTUM FIN SURYA Karnataka Private IPP Solar 100.00 0.64 7.38
2025-01-12,FORTUM SOLAR Karnataka Private IPP Solar 250.00 0.33 3.80
2025-01-12,KREDL Karnataka Private IPP Solar 50.00 0.81 10.52
2025-01-12,PARAMPUJYA Karnataka Private IPP Solar 150.00 0.33 3.80
2025-01-12,RENEW TN2 Karnataka Private IPP Solar 50.00 1.37 15.71
2025-01-12,SBG ENERGY Karnataka Private IPP Solar 200.00 1.71 19.62
2025-01-12,TATA RENEWABLES Karnataka Private IPP Solar 400.00 2.51 28.95
2025-01-12,YARROW Karnataka Private IPP Solar 50.00 0.36 4.17
2025-01-12,कनजाटक / Karnataka 18.57 29.27 14.24 62.08 263.33 389.18 165.75 818.26
2025-01-13,कनजाटक / Karnataka 24.96 41.67 14.14 80.77 338.64 603.32 179.89 1121.85
2025-01-13,KOPPAL_AYANASIX_W Karnataka Private IPP Wind 50.00 1.39 20.23
2025-01-13,KOPPAL_RENEWROSHNI_W Karnataka Private IPP Wind 73.00 2.01 24.86
2025-01-13,KOPPAL SRI1PL Karnataka Private IPP Solar 120.00 1.03 13.88
2025-01-13,IRCON SOLAR Karnataka Private IPP Solar 50.00 -0.86 -6.27
2025-01-13,GADAG_VENA_W Karnataka Private IPP Wind 133.00 0.86 9.52
2025-01-13,GADAG_VENA_S Karnataka Private IPP Solar 31.00 0.00 0.00
2025-01-13,KOPPAL_RENEWOJAS_S Karnataka Private IPP Solar 81.00 0.49 6.21
2025-01-13,All ADYAH Karnataka Private IPP Solar 300.00 2.01 27.48
2025-01-13,AMPLUS PAVAGADA Karnataka Private IPP Solar 50.00 0.30 4.43
2025-01-13,AMPLUS TUMKUR Karnataka Private IPP Solar 50.00 0.29 4.39
2025-01-13,AVAADA SOLAR Karnataka Private IPP Solar 150.00 0.91 12.43
2025-01-13,AVAADA SOLARISE Karnataka Private IPP Solar 150.00 0.88 12.68
2025-01-13,AZURE POWER EARTH Karnataka Private IPP Solar 100.00 0.65 8.99
2025-01-13,FORTUM FIN SURYA Karnataka Private IPP Solar 100.00 0.56 7.94
2025-01-13,FORTUM SOLAR Karnataka Private IPP Solar 250.00 0.29 4.09
2025-01-13,KREDL Karnataka Private IPP Solar 50.00 0.63 11.15
2025-01-13,PARAMPUJYA Karnataka Private IPP Solar 150.00 0.27 4.07
2025-01-13,RENEW TN2 Karnataka Private IPP Solar 50.00 1.18 16.89
2025-01-13,SBG ENERGY Karnataka Private IPP Solar 200.00 1.51 21.13
2025-01-13,TATA RENEWABLES Karnataka Private IPP Solar 400.00 2.21 31.16
2025-01-13,YARROW Karnataka Private IPP Solar 50.00 0.30 4.47
2025-01-13,कनजाटक / Karnataka 20.70 29.02 14.14 63.86 284.03 418.20 179.89 882.12
2025-01-14,कनजाटक / Karnataka 33.90 35.01 13.71 82.62 372.54 638.33 193.60 1204.47
2025-01-14,KOPPAL_AYANASIX_W Karnataka Private IPP Wind 50.00 1.99 22.22
2025-01-14,KOPPAL_RENEWROSHNI_W Karnataka Private IPP Wind 73.00 2.66 27.52
2025-01-14,KOPPAL SRI1PL Karnataka Private IPP Solar 120.00 0.90 14.78
2025-01-14,IRCON SOLAR Karnataka Private IPP Solar 50.00 -0.58 -6.85
2025-01-14,GADAG_VENA_W Karnataka Private IPP Wind 133.00 1.07 10.59
2025-01-14,GADAG_VENA_S Karnataka Private IPP Solar 31.00 0.00 0.00
2025-01-14,KOPPAL_RENEWOJAS_S Karnataka Private IPP Solar 81.00 0.41 6.62
2025-01-14,All ADYAH Karnataka Private IPP Solar 300.00 1.35 28.83
2025-01-14,AMPLUS PAVAGADA Karnataka Private IPP Solar 50.00 0.20 4.63
2025-01-14,AMPLUS TUMKUR Karnataka Private IPP Solar 50.00 0.22 4.61
2025-01-14,AVAADA SOLAR Karnataka Private IPP Solar 150.00 0.62 13.05
2025-01-14,AVAADA SOLARISE Karnataka Private IPP Solar 150.00 0.62 13.30
2025-01-14,AZURE POWER EARTH Karnataka Private IPP Solar 100.00 0.46 9.45
2025-01-14,FORTUM FIN SURYA Karnataka Private IPP Solar 100.00 0.47 8.41
2025-01-14,FORTUM SOLAR Karnataka Private IPP Solar 250.00 0.19 4.28
2025-01-14,KREDL Karnataka Private IPP Solar 50.00 0.61 11.76
2025-01-14,PARAMPUJYA Karnataka Private IPP Solar 150.00 0.23 4.30
2025-01-14,RENEW TN2 Karnataka Private IPP Solar 50.00 0.92 17.81
2025-01-14,SBG ENERGY Karnataka Private IPP Solar 200.00 1.02 22.15
2025-01-14,TATA RENEWABLES Karnataka Private IPP Solar 400.00 1.54 32.70
2025-01-14,YARROW Karnataka Private IPP Solar 50.00 0.25 4.72
2025-01-14,कनजाटक / Karnataka 28.18 25.58 13.71 67.47 312.21 443.78 193.60 949.59
2025-01-15,कनजाटक / Karnataka 37.39 40.61 12.75 90.75 409.93 678.94 206.35 1295.22
2025-01-15,KOPPAL_AYANASIX_W Karnataka Private IPP Wind 50.00 2.17 24.39
2025-01-15,KOPPAL_RENEWROSHNI_W Karnataka Private IPP Wind 73.00 2.09 29.61
2025-01-15,KOPPAL SRI1PL Karnataka Private IPP Solar 120.00 1.12 15.90
2025-01-15,IRCON SOLAR Karnataka Private IPP Solar 50.00 -0.67 -7.52
2025-01-15,GADAG_VENA_W Karnataka Private IPP Wind 133.00 1.30 11.89
2025-01-15,GADAG_VENA_S Karnataka Private IPP Solar 31.00 0.00 0.00
2025-01-15,KOPPAL_RENEWOJAS_S Karnataka Private IPP Solar 81.00 0.51 7.13
2025-01-15,All ADYAH Karnataka Private IPP Solar 300.00 1.58 30.41
2025-01-15,AMPLUS PAVAGADA Karnataka Private IPP Solar 50.00 0.26 4.89
2025-01-15,AMPLUS TUMKUR Karnataka Private IPP Solar 50.00 0.26 4.87
2025-01-15,AVAADA SOLAR Karnataka Private IPP Solar 150.00 0.73 13.78
2025-01-15,AVAADA SOLARISE Karnataka Private IPP Solar 150.00 0.75 14.05
2025-01-15,AZURE POWER EARTH Karnataka Private IPP Solar 100.00 0.51 9.96
2025-01-15,FORTUM FIN SURYA Karnataka Private IPP Solar 100.00 0.47 8.88
2025-01-15,FORTUM SOLAR Karnataka Private IPP Solar 250.00 0.23 4.51
2025-01-15,KREDL Karnataka Private IPP Solar 50.00 0.65 12.41
2025-01-15,PARAMPUJYA Karnataka Private IPP Solar 150.00 0.26 4.56
2025-01-15,RENEW TN2 Karnataka Private IPP Solar 50.00 1.08 18.89
2025-01-15,SBG ENERGY Karnataka Private IPP Solar 200.00 1.16 23.31
2025-01-15,TATA RENEWABLES Karnataka Private IPP Solar 400.00 1.63 34.33
2025-01-15,YARROW Karnataka Private IPP Solar 50.00 0.27 4.99
2025-01-15,कनजाटक / Karnataka 31.83 29.81 12.75 74.39 344.04 473.59 206.35 1023.98
2025-01-16,कनजाटक / Karnataka 28.09 45.70 13.86 87.65 438.02 724.64 220.21 1382.87
2025-01-16,KOPPAL_AYANASIX_W Karnataka Private IPP Wind 50.00 1.77 26.16
2025-01-16,KOPPAL_RENEWROSHNI_W Karnataka Private IPP Wind 73.00 1.80 31.41
2025-01-16,KOPPAL SRI1PL Karnataka Private IPP Solar 120.00 1.12 17.02
2025-01-16,IRCON SOLAR Karnataka Private IPP Solar 50.00 -0.84 -8.36
2025-01-16,GADAG_VENA_W Karnataka Private IPP Wind 133.00 0.89 12.78
2025-01-16,GADAG_VENA_S Karnataka Private IPP Solar 31.00 0.00 0.00
2025-01-16,KOPPAL_RENEWOJAS_S Karnataka Private IPP Solar 81.00 0.48 7.61
2025-01-16,All ADYAH Karnataka Private IPP Solar 300.00 2.15 32.56
2025-01-16,AMPLUS PAVAGADA Karnataka Private IPP Solar 50.00 0.32 5.21
2025-01-16,AMPLUS TUMKUR Karnataka Private IPP Solar 50.00 0.32 5.19
2025-01-16,AVAADA SOLAR Karnataka Private IPP Solar 150.00 0.99 14.77
2025-01-16,AVAADA SOLARISE Karnataka Private IPP Solar 150.00 0.96 15.01
2025-01-16,AZURE POWER EARTH Karnataka Private IPP Solar 100.00 0.70 10.66
2025-01-16,FORTUM FIN SURYA Karnataka Private IPP Solar 100.00 0.60 9.48
2025-01-16,FORTUM SOLAR Karnataka Private IPP Solar 250.00 0.31 4.82
2025-01-16,KREDL Karnataka Private IPP Solar 50.00 0.86 13.27
2025-01-16,PARAMPUJYA Karnataka Private IPP Solar 150.00 0.32 4.88
2025-01-16,RENEW TN2 Karnataka Private IPP Solar 50.00 1.31 20.20
2025-01-16,SBG ENERGY Karnataka Private IPP Solar 200.00 1.64 24.95
2025-01-16,TATA RENEWABLES Karnataka Private IPP Solar 400.00 2.39 36.72
2025-01-16,YARROW Karnataka Private IPP Solar 50.00 0.34 5.33
2025-01-16,कनजाटक / Karnataka 23.63 31.73 13.86 69.22 367.67 505.32 220.21 1093.20
2025-01-17,कनजाटक / Karnataka 41.48 45.97 14.01 101.46 479.50 770.61 234.22 1484.33
2025-01-17,KOPPAL_AYANASIX_W Karnataka Private IPP Wind 50.00 3.03 29.19
2025-01-17,KOPPAL_RENEWROSHNI_W Karnataka Private IPP Wind 73.00 3.37 34.78
2025-01-17,KOPPAL SRI1PL Karnataka Private IPP Solar 120.00 0.99 18.01
2025-01-17,IRCON SOLAR Karnataka Private IPP Solar 50.00 0.70 -7.66
2025-01-17,GADAG_VENA_W Karnataka Private IPP Wind 133.00 1.15 13.93
2025-01-17,GADAG_VENA_S Karnataka Private IPP Solar 31.00 0.00 0.00
2025-01-17,KOPPAL_RENEWOJAS_S Karnataka Private IPP Solar 81.00 0.45 8.06
2025-01-17,All ADYAH Karnataka Private IPP Solar 300.00 1.79 34.35
2025-01-17,AMPLUS PAVAGADA Karnataka Private IPP Solar 50.00 0.29 5.50
2025-01-17,AMPLUS TUMKUR Karnataka Private IPP Solar 50.00 0.29 5.48
2025-01-17,AVAADA SOLAR Karnataka Private IPP Solar 150.00 0.84 15.61
2025-01-17,AVAADA SOLARISE Karnataka Private IPP Solar 150.00 0.82 15.83
2025-01-17,AZURE POWER EARTH Karnataka Private IPP Solar 100.00 0.60 11.26
2025-01-17,FORTUM FIN SURYA Karnataka Private IPP Solar 100.00 0.51 9.99
2025-01-17,FORTUM SOLAR Karnataka Private IPP Solar 250.00 0.27 5.09
2025-01-17,KREDL Karnataka Private IPP Solar 50.00 0.72 13.99
2025-01-17,PARAMPUJYA Karnataka Private IPP Solar 150.00 0.26 5.14
2025-01-17,RENEW TN2 Karnataka Private IPP Solar 50.00 1.13 21.33
2025-01-17,SBG ENERGY Karnataka Private IPP Solar 200.00 1.42 26.37
2025-01-17,TATA RENEWABLES Karnataka Private IPP Solar 400.00 2.02 38.74
2025-01-17,YARROW Karnataka Private IPP Solar 50.00 0.28 5.61
2025-01-17,कनजाटक / Karnataka 33.93 32.59 14.01 80.53 401.60 537.91 234.22 1173.73
2025-01-18,कनजाटक / Karnataka 31.56 41.12 14.17 86.85 511.06 811.73 248.39 1571.18
2025-01-18,KOPPAL_AYANASIX_W Karnataka Private IPP Wind 50.00 2.31 31.50
2025-01-18,KOPPAL_RENEWROSHNI_W Karnataka Private IPP Wind 73.00 2.02 36.80
2025-01-18,KOPPAL SRI1PL Karnataka Private IPP Solar 120.00 0.66 18.67
2025-01-18,IRCON SOLAR Karnataka Private IPP Solar 50.00 0.66 -7.00
2025-01-18,GADAG_VENA_W Karnataka Private IPP Wind 133.00 0.80 14.73
2025-01-18,GADAG_VENA_S Karnataka Private IPP Solar 31.00 0.00 0.00
2025-01-18,KOPPAL_RENEWOJAS_S Karnataka Private IPP Solar 81.00 0.36 8.42
2025-01-18,All ADYAH Karnataka Private IPP Solar 300.00 1.67 36.02
2025-01-18,AMPLUS PAVAGADA Karnataka Private IPP Solar 50.00 0.29 5.79
2025-01-18,AMPLUS TUMKUR Karnataka Private IPP Solar 50.00 0.29 5.77
2025-01-18,AVAADA SOLAR Karnataka Private IPP Solar 150.00 0.77 16.38
2025-01-18,AVAADA SOLARISE Karnataka Private IPP Solar 150.00 0.82 16.65
2025-01-18,AZURE POWER EARTH Karnataka Private IPP Solar 100.00 0.57 11.83
2025-01-18,FORTUM FIN SURYA Karnataka Private IPP Solar 100.00 0.51 10.50
2025-01-18,FORTUM SOLAR Karnataka Private IPP Solar 250.00 0.26 5.35
2025-01-18,KREDL Karnataka Private IPP Solar 50.00 0.71 14.70
2025-01-18,PARAMPUJYA Karnataka Private IPP Solar 150.00 0.26 5.40
2025-01-18,RENEW TN2 Karnataka Private IPP Solar 50.00 1.12 22.45
2025-01-18,SBG ENERGY Karnataka Private IPP Solar 200.00 1.32 27.69
2025-01-18,TATA RENEWABLES Karnataka Private IPP Solar 400.00 1.99 40.73
2025-01-18,YARROW Karnataka Private IPP Solar 50.00 0.29 5.90
2025-01-18,कनजाटक / Karnataka 26.43 28.57 14.17 69.17 428.03 566.48 248.39 1242.90
2025-01-19,कनजाटक / Karnataka 19.95 36.65 13.00 69.60 531.01 848.38 261.39 1640.78
2025-01-19,KOPPAL_AYANASIX_W Karnataka Private IPP Wind 50.00 0.51 32.01
2025-01-19,KOPPAL_RENEWROSHNI_W Karnataka Private IPP Wind 73.00 1.11 37.91
2025-01-19,KOPPAL SRI1PL Karnataka Private IPP Solar 120.00 0.36 19.03
2025-01-19,IRCON SOLAR Karnataka Private IPP Solar 50.00 -0.53 -7.53
2025-01-19,GADAG_VENA_W Karnataka Private IPP Wind 133.00 0.47 15.20
2025-01-19,GADAG_VENA_S Karnataka Private IPP Solar 31.00 0.00 0.00
2025-01-19,KOPPAL_RENEWOJAS_S Karnataka Private IPP Solar 81.00 2.19 10.61
2025-01-19,All ADYAH Karnataka Private IPP Solar 300.00 1.39 37.41
2025-01-19,AMPLUS PAVAGADA Karnataka Private IPP Solar 50.00 0.22 6.01
2025-01-19,AMPLUS TUMKUR Karnataka Private IPP Solar 50.00 0.22 5.99
2025-01-19,AVAADA SOLAR Karnataka Private IPP Solar 150.00 0.64 17.02
2025-01-19,AVAADA SOLARISE Karnataka Private IPP Solar 150.00 0.59 17.24
2025-01-19,AZURE POWER EARTH Karnataka Private IPP Solar 100.00 0.46 12.29
2025-01-19,FORTUM FIN SURYA Karnataka Private IPP Solar 100.00 0.37 10.87
2025-01-19,FORTUM SOLAR Karnataka Private IPP Solar 250.00 0.21 5.56
2025-01-19,KREDL Karnataka Private IPP Solar 50.00 0.50 15.20
2025-01-19,PARAMPUJYA Karnataka Private IPP Solar 150.00 0.18 5.58
2025-01-19,RENEW TN2 Karnataka Private IPP Solar 50.00 0.77 23.22
2025-01-19,SBG ENERGY Karnataka Private IPP Solar 200.00 1.05 28.74
2025-01-19,TATA RENEWABLES Karnataka Private IPP Solar 400.00 1.44 42.17
2025-01-19,YARROW Karnataka Private IPP Solar 50.00 0.21 6.11
2025-01-19,कनजाटक / Karnataka 17.86 26.38 13.00 57.24 445.89 592.86 261.39 1300.14
2025-01-20,कनजाटक / Karnataka 15.80 48.70 14.20 78.70 546.81 897.08 275.59 1719.48
2025-01-20,KOPPAL_AYANASIX_W Karnataka Private IPP Wind 50.00 -0.03 31.98
2025-01-20,KOPPAL_RENEWROSHNI_W Karnataka Private IPP Wind 73.00 0.87 38.78
2025-01-20,KOPPAL SRI1PL Karnataka Private IPP Solar 120.00 1.14 20.17
2025-01-20,IRCON SOLAR Karnataka Private IPP Solar 50.00 -0.89 -8.42
2025-01-20,GADAG_VENA_W Karnataka Private IPP Wind 133.00 0.28 15.48
2025-01-20,GADAG_VENA_S Karnataka Private IPP Solar 31.00 0.00 0.00
2025-01-20,KOPPAL_RENEWOJAS_S Karnataka Private IPP Solar 81.00 0.51 11.12
2025-01-20,All ADYAH Karnataka Private IPP Solar 300.00 2.21 39.62
2025-01-20,AMPLUS PAVAGADA Karnataka Private IPP Solar 50.00 0.37 6.38
2025-01-20,AMPLUS TUMKUR Karnataka Private IPP Solar 50.00 0.37 6.36
2025-01-20,AVAADA SOLAR Karnataka Private IPP Solar 150.00 1.01 18.03
2025-01-20,AVAADA SOLARISE Karnataka Private IPP Solar 150.00 1.04 18.28
2025-01-20,AZURE POWER EARTH Karnataka Private IPP Solar 100.00 0.73 13.02
2025-01-20,FORTUM FIN SURYA Karnataka Private IPP Solar 100.00 0.65 11.52
2025-01-20,FORTUM SOLAR Karnataka Private IPP Solar 250.00 0.33 5.89
2025-01-20,KREDL Karnataka Private IPP Solar 50.00 0.94 16.14
2025-01-20,PARAMPUJYA Karnataka Private IPP Solar 150.00 0.34 5.92
2025-01-20,RENEW TN2 Karnataka Private IPP Solar 50.00 1.34 24.56
2025-01-20,SBG ENERGY Karnataka Private IPP Solar 200.00 1.71 30.45
2025-01-20,TATA RENEWABLES Karnataka Private IPP Solar 400.00 2.57 44.74
2025-01-20,YARROW Karnataka Private IPP Solar 50.00 0.37 6.48
2025-01-20,कनजाटक / Karnataka 14.68 33.96 14.20 62.84 460.57 626.82 275.59 1362.98
2025-01-21,कनजाटक / Karnataka 19.52 52.50 13.59 85.61 566.33 949.58 289.18 1805.09
2025-01-21,KOPPAL_AYANASIX_W Karnataka Private IPP Wind 50.00 -0.86 31.12
2025-01-21,KOPPAL_RENEWROSHNI_W Karnataka Private IPP Wind 73.00 1.68 40.46
2025-01-21,KOPPAL SRI1PL Karnataka Private IPP Solar 120.00 1.26 21.43
2025-01-21,IRCON SOLAR Karnataka Private IPP Solar 50.00 -0.97 -9.39
2025-01-21,GADAG_VENA_W Karnataka Private IPP Wind 133.00 0.54 16.02
2025-01-21,GADAG_VENA_S Karnataka Private IPP Solar 31.00 0.00 0.00
2025-01-21,KOPPAL_RENEWOJAS_S Karnataka Private IPP Solar 81.00 0.54 11.66
2025-01-21,All ADYAH Karnataka Private IPP Solar 300.00 2.37 41.99
2025-01-21,AMPLUS PAVAGADA Karnataka Private IPP Solar 50.00 0.39 6.77
2025-01-21,AMPLUS TUMKUR Karnataka Private IPP Solar 50.00 0.39 6.75
2025-01-21,AVAADA SOLAR Karnataka Private IPP Solar 150.00 1.10 19.13
2025-01-21,AVAADA SOLARISE Karnataka Private IPP Solar 150.00 1.11 19.39
2025-01-21,AZURE POWER EARTH Karnataka Private IPP Solar 100.00 0.78 13.80
2025-01-21,FORTUM FIN SURYA Karnataka Private IPP Solar 100.00 0.68 12.20
2025-01-21,FORTUM SOLAR Karnataka Private IPP Solar 250.00 0.36 6.25
2025-01-21,KREDL Karnataka Private IPP Solar 50.00 0.98 17.12
2025-01-21,PARAMPUJYA Karnataka Private IPP Solar 150.00 0.37 6.29
2025-01-21,RENEW TN2 Karnataka Private IPP Solar 50.00 1.47 26.03
2025-01-21,SBG ENERGY Karnataka Private IPP Solar 200.00 1.85 32.30
2025-01-21,TATA RENEWABLES Karnataka Private IPP Solar 400.00 2.73 47.47
2025-01-21,YARROW Karnataka Private IPP Solar 50.00 0.38 6.86
2025-01-21,कनजाटक / Karnataka 18.16 36.71 13.59 68.46 478.73 663.53 289.18 1431.44
2025-01-22,कनजाटक / Karnataka 21.54 53.38 0.00 74.92 587.87 1002.96 289.18 1880.01
2025-01-22,KOPPAL_AYANASIX_W Karnataka Private IPP Wind 50.00 -0.85 30.27
2025-01-22,KOPPAL_RENEWROSHNI_W Karnataka Private IPP Wind 73.00 1.74 42.20
2025-01-22,KOPPAL SRI1PL Karnataka Private IPP Solar 120.00 1.27 22.70
2025-01-22,IRCON SOLAR Karnataka Private IPP Solar 50.00 -0.93 -10.32
2025-01-22,GADAG_VENA_W Karnataka Private IPP Wind 133.00 0.82 16.84
2025-01-22,GADAG_VENA_S Karnataka Private IPP Solar 31.00 0.00 0.00
2025-01-22,KOPPAL_RENEWOJAS_S Karnataka Private IPP Solar 81.00 0.56 12.22
2025-01-22,All ADYAH Karnataka Private IPP Solar 300.00 2.17 44.16
2025-01-22,AMPLUS PAVAGADA Karnataka Private IPP Solar 50.00 0.39 7.16
2025-01-22,AMPLUS TUMKUR Karnataka Private IPP Solar 50.00 0.39 7.14
2025-01-22,AVAADA SOLAR Karnataka Private IPP Solar 150.00 1.11 20.24
2025-01-22,AVAADA SOLARISE Karnataka Private IPP Solar 150.00 1.12 20.51
2025-01-22,AZURE POWER EARTH Karnataka Private IPP Solar 100.00 0.63 14.43
2025-01-22,FORTUM FIN SURYA Karnataka Private IPP Solar 100.00 0.70 12.90
2025-01-22,FORTUM SOLAR Karnataka Private IPP Solar 250.00 0.33 6.58
2025-01-22,KREDL Karnataka Private IPP Solar 50.00 1.00 18.12
2025-01-22,PARAMPUJYA Karnataka Private IPP Solar 150.00 0.38 6.67
2025-01-22,RENEW TN2 Karnataka Private IPP Solar 50.00 1.48 27.51
2025-01-22,SBG ENERGY Karnataka Private IPP Solar 200.00 1.67 33.97
2025-01-22,TATA RENEWABLES Karnataka Private IPP Solar 400.00 2.76 50.23
2025-01-22,YARROW Karnataka Private IPP Solar 50.00 0.39 7.25
2025-01-22,कनजाटक / Karnataka 19.83 37.96 0.00 57.79 498.56 701.49 289.18 1489.23
2025-01-23,कनजाटक / Karnataka 20.67 51.23 13.99 85.89 608.54 1054.19 303.17 1965.90
2025-01-23,KOPPAL_AYANASIX_W Karnataka Private IPP Wind 50.00 -0.51 29.76
2025-01-23,KOPPAL_RENEWROSHNI_W Karnataka Private IPP Wind 73.00 1.40 43.60
2025-01-23,KOPPAL SRI1PL Karnataka Private IPP Solar 120.00 1.19 23.89
2025-01-23,IRCON SOLAR Karnataka Private IPP Solar 50.00 -1.00 -11.32
2025-01-23,GADAG_VENA_W Karnataka Private IPP Wind 133.00 0.62 17.46
2025-01-23,GADAG_VENA_S Karnataka Private IPP Solar 31.00 0.00 0.00
2025-01-23,KOPPAL_RENEWOJAS_S Karnataka Private IPP Solar 81.00 0.50 12.72
2025-01-23,All ADYAH Karnataka Private IPP Solar 300.00 2.41 46.57
2025-01-23,AMPLUS PAVAGADA Karnataka Private IPP Solar 50.00 0.39 7.55
2025-01-23,AMPLUS TUMKUR Karnataka Private IPP Solar 50.00 0.39 7.53
2025-01-23,AVAADA SOLAR Karnataka Private IPP Solar 150.00 1.10 21.34
2025-01-23,AVAADA SOLARISE Karnataka Private IPP Solar 150.00 1.12 21.63
2025-01-23,AZURE POWER EARTH Karnataka Private IPP Solar 100.00 0.78 15.21
2025-01-23,FORTUM FIN SURYA Karnataka Private IPP Solar 100.00 0.70 13.60
2025-01-23,FORTUM SOLAR Karnataka Private IPP Solar 250.00 0.36 6.94
2025-01-23,KREDL Karnataka Private IPP Solar 50.00 1.00 19.12
2025-01-23,PARAMPUJYA Karnataka Private IPP Solar 150.00 0.37 7.04
2025-01-23,RENEW TN2 Karnataka Private IPP Solar 50.00 1.48 28.99
2025-01-23,SBG ENERGY Karnataka Private IPP Solar 200.00 1.87 35.84
2025-01-23,TATA RENEWABLES Karnataka Private IPP Solar 400.00 2.78 53.01
2025-01-23,YARROW Karnataka Private IPP Solar 50.00 0.39 7.64
2025-01-23,कनजाटक / Karnataka 19.16 35.40 13.99 68.55 517.72 736.89 303.17 1557.78
2025-01-24,कनजाटक / Karnataka 26.07 53.99 13.30 93.36 634.61 1108.18 316.47 2059.26
2025-01-24,KOPPAL_AYANASIX_W Karnataka Private IPP Wind 50.00 0.20 29.96
2025-01-24,KOPPAL_RENEWROSHNI_W Karnataka Private IPP Wind 73.00 2.23 45.83
2025-01-24,KOPPAL SRI1PL Karnataka Private IPP Solar 120.00 1.30 25.19
2025-01-24,IRCON SOLAR Karnataka Private IPP Solar 50.00 0.92 -10.40
2025-01-24,GADAG_VENA_W Karnataka Private IPP Wind 133.00 0.82 18.28
2025-01-24,GADAG_VENA_S Karnataka Private IPP Solar 31.00 0.00 0.00
2025-01-24,KOPPAL_RENEWOJAS_S Karnataka Private IPP Solar 81.00 0.52 13.24
2025-01-24,All ADYAH Karnataka Private IPP Solar 300.00 2.46 49.03
2025-01-24,AMPLUS PAVAGADA Karnataka Private IPP Solar 50.00 0.40 7.95
2025-01-24,AMPLUS TUMKUR Karnataka Private IPP Solar 50.00 0.40 7.93
2025-01-24,AVAADA SOLAR Karnataka Private IPP Solar 150.00 1.15 22.49
2025-01-24,AVAADA SOLARISE Karnataka Private IPP Solar 150.00 1.15 22.78
2025-01-24,AZURE POWER EARTH Karnataka Private IPP Solar 100.00 0.79 16.00
2025-01-24,FORTUM FIN SURYA Karnataka Private IPP Solar 100.00 0.72 14.32
2025-01-24,FORTUM SOLAR Karnataka Private IPP Solar 250.00 0.37 7.31
2025-01-24,KREDL Karnataka Private IPP Solar 50.00 1.03 20.15
2025-01-24,PARAMPUJYA Karnataka Private IPP Solar 150.00 0.39 7.43
2025-01-24,RENEW TN2 Karnataka Private IPP Solar 50.00 1.49 30.48
2025-01-24,SBG ENERGY Karnataka Private IPP Solar 200.00 1.89 37.73
2025-01-24,TATA RENEWABLES Karnataka Private IPP Solar 400.00 2.85 55.86
2025-01-24,YARROW Karnataka Private IPP Solar 50.00 0.40 8.04
2025-01-24,कनजाटक / Karnataka 22.82 35.76 13.30 71.88 540.54 772.65 316.47 1629.66
2025-01-25,कनजाटक / Karnataka 21.98 56.59 14.07 92.64 656.59 1164.77 330.54 2151.90
2025-01-25,KOPPAL_AYANASIX_W Karnataka Private IPP Wind 50.00 0.20 30.16
2025-01-25,KOPPAL_RENEWROSHNI_W Karnataka Private IPP Wind 73.00 1.58 47.41
2025-01-25,KOPPAL SRI1PL Karnataka Private IPP Solar 120.00 1.32 26.51
2025-01-25,IRCON SOLAR Karnataka Private IPP Solar 50.00 1.01 -9.39
2025-01-25,GADAG_VENA_W Karnataka Private IPP Wind 133.00 0.50 18.78
2025-01-25,GADAG_VENA_S Karnataka Private IPP Solar 31.00 0.00 0.00
2025-01-25,KOPPAL_RENEWOJAS_S Karnataka Private IPP Solar 81.00 0.58 13.82
2025-01-25,All ADYAH Karnataka Private IPP Solar 300.00 2.52 51.55
2025-01-25,AMPLUS PAVAGADA Karnataka Private IPP Solar 50.00 0.40 8.35
2025-01-25,AMPLUS TUMKUR Karnataka Private IPP Solar 50.00 0.40 8.33
2025-01-25,AVAADA SOLAR Karnataka Private IPP Solar 150.00 1.16 23.65
2025-01-25,AVAADA SOLARISE Karnataka Private IPP Solar 150.00 1.17 23.95
2025-01-25,AZURE POWER EARTH Karnataka Private IPP Solar 100.00 0.81 16.81
2025-01-25,FORTUM FIN SURYA Karnataka Private IPP Solar 100.00 0.73 15.05
2025-01-25,FORTUM SOLAR Karnataka Private IPP Solar 250.00 0.37 7.68
2025-01-25,KREDL Karnataka Private IPP Solar 50.00 0.84 20.99
2025-01-25,PARAMPUJYA Karnataka Private IPP Solar 150.00 0.39 7.82
2025-01-25,RENEW TN2 Karnataka Private IPP Solar 50.00 1.53 32.01
2025-01-25,SBG ENERGY Karnataka Private IPP Solar 200.00 1.93 39.66
2025-01-25,TATA RENEWABLES Karnataka Private IPP Solar 400.00 2.89 58.75
2025-01-25,YARROW Karnataka Private IPP Solar 50.00 0.40 8.44
2025-01-25,कनजाटक / Karnataka 19.70 38.14 14.07 71.91 560.24 810.79 330.54 1701.57
2025-01-26,कनजाटक / Karnataka 26.11 54.92 14.29 95.32 682.70 1219.69 344.83 2247.22
2025-01-26,KOPPAL_AYANASIX_W Karnataka Private IPP Wind 50.00 0.20 30.36
2025-01-26,KOPPAL_RENEWROSHNI_W Karnataka Private IPP Wind 73.00 2.05 49.46
2025-01-26,KOPPAL SRI1PL Karnataka Private IPP Solar 120.00 1.35 27.86
2025-01-26,IRCON SOLAR Karnataka Private IPP Solar 50.00 -1.03 -10.42
2025-01-26,GADAG_VENA_W Karnataka Private IPP Wind 133.00 0.86 19.64
2025-01-26,GADAG_VENA_S Karnataka Private IPP Solar 31.00 0.00 0.00
2025-01-26,KOPPAL_RENEWOJAS_S Karnataka Private IPP Solar 81.00 0.57 14.39
2025-01-26,All ADYAH Karnataka Private IPP Solar 300.00 2.54 54.09
2025-01-26,AMPLUS PAVAGADA Karnataka Private IPP Solar 50.00 0.41 8.76
2025-01-26,AMPLUS TUMKUR Karnataka Private IPP Solar 50.00 0.41 8.74
2025-01-26,AVAADA SOLAR Karnataka Private IPP Solar 150.00 1.17 24.82
2025-01-26,AVAADA SOLARISE Karnataka Private IPP Solar 150.00 1.18 25.13
2025-01-26,AZURE POWER EARTH Karnataka Private IPP Solar 100.00 0.81 17.62
2025-01-26,FORTUM FIN SURYA Karnataka Private IPP Solar 100.00 0.73 15.78
2025-01-26,FORTUM SOLAR Karnataka Private IPP Solar 250.00 0.37 8.05
2025-01-26,KREDL Karnataka Private IPP Solar 50.00 0.85 21.84
2025-01-26,PARAMPUJYA Karnataka Private IPP Solar 150.00 0.40 8.22
2025-01-26,RENEW TN2 Karnataka Private IPP Solar 50.00 1.53 33.54
2025-01-26,SBG ENERGY Karnataka Private IPP Solar 200.00 1.95 41.61
2025-01-26,TATA RENEWABLES Karnataka Private IPP Solar 400.00 2.91 61.66
2025-01-26,YARROW Karnataka Private IPP Solar 50.00 0.41 8.85
2025-01-26,कनजाटक / Karnataka 23.00 38.36 14.29 75.65 583.24 849.15 344.83 1777.22
2025-01-27,कनजाटक / Karnataka 15.19 52.23 13.32 80.74 697.89 1271.92 358.15 2327.96
2025-01-27,KOPPAL_AYANASIX_W Karnataka Private IPP Wind 50.00 0.20 30.56
2025-01-27,KOPPAL_RENEWROSHNI_W Karnataka Private IPP Wind 73.00 1.30 50.76
2025-01-27,KOPPAL SRI1PL Karnataka Private IPP Solar 120.00 1.24 29.10
2025-01-27,IRCON SOLAR Karnataka Private IPP Solar 50.00 -0.97 -11.39
2025-01-27,GADAG_VENA_W Karnataka Private IPP Wind 133.00 0.34 19.98
2025-01-27,GADAG_VENA_S Karnataka Private IPP Solar 31.00 0.00 0.00
2025-01-27,KOPPAL_RENEWOJAS_S Karnataka Private IPP Solar 81.00 0.53 14.92
2025-01-27,All ADYAH Karnataka Private IPP Solar 300.00 2.45 56.54
2025-01-27,AMPLUS PAVAGADA Karnataka Private IPP Solar 50.00 0.39 9.15
2025-01-27,AMPLUS TUMKUR Karnataka Private IPP Solar 50.00 0.40 9.14
2025-01-27,AVAADA SOLAR Karnataka Private IPP Solar 150.00 1.13 25.95
2025-01-27,AVAADA SOLARISE Karnataka Private IPP Solar 150.00 1.14 26.27
2025-01-27,AZURE POWER EARTH Karnataka Private IPP Solar 100.00 0.79 18.41
2025-01-27,FORTUM FIN SURYA Karnataka Private IPP Solar 100.00 0.71 16.49
2025-01-27,FORTUM SOLAR Karnataka Private IPP Solar 250.00 0.36 8.41
2025-01-27,KREDL Karnataka Private IPP Solar 50.00 0.82 22.66
2025-01-27,PARAMPUJYA Karnataka Private IPP Solar 150.00 0.38 8.60
2025-01-27,RENEW TN2 Karnataka Private IPP Solar 50.00 1.48 35.02
2025-01-27,SBG ENERGY Karnataka Private IPP Solar 200.00 1.89 43.50
2025-01-27,TATA RENEWABLES Karnataka Private IPP Solar 400.00 2.82 64.48
2025-01-27,YARROW Karnataka Private IPP Solar 50.00 0.40 9.25
2025-01-27,कनजाटक / Karnataka 13.35 36.27 13.32 62.94 596.59 885.42 358.15 1840.16
2025-01-28,कनजाटक / Karnataka 14.35 49.58 13.51 77.44 712.24 1321.50 371.66 2405.40
2025-01-28,KOPPAL_AYANASIX_W Karnataka Private IPP Wind 50.00 0.20 30.76
2025-01-28,KOPPAL_RENEWROSHNI_W Karnataka Private IPP Wind 73.00 1.20 51.96
2025-01-28,KOPPAL SRI1PL Karnataka Private IPP Solar 120.00 1.20 30.30
2025-01-28,IRCON SOLAR Karnataka Private IPP Solar 50.00 -0.95 -12.34
2025-01-28,GADAG_VENA_W Karnataka Private IPP Wind 133.00 0.42 20.40
2025-01-28,GADAG_VENA_S Karnataka Private IPP Solar 31.00 0.00 0.00
2025-01-28,KOPPAL_RENEWOJAS_S Karnataka Private IPP Solar 81.00 0.53 15.45
2025-01-28,All ADYAH Karnataka Private IPP Solar 300.00 2.34 58.88
2025-01-28,AMPLUS PAVAGADA Karnataka Private IPP Solar 50.00 0.38 9.53
2025-01-28,AMPLUS TUMKUR Karnataka Private IPP Solar 50.00 0.38 9.52
2025-01-28,AVAADA SOLAR Karnataka Private IPP Solar 150.00 1.09 27.04
2025-01-28,AVAADA SOLARISE Karnataka Private IPP Solar 150.00 1.10 27.37
2025-01-28,AZURE POWER EARTH Karnataka Private IPP Solar 100.00 0.77 19.18
2025-01-28,FORTUM FIN SURYA Karnataka Private IPP Solar 100.00 0.68 17.17
2025-01-28,FORTUM SOLAR Karnataka Private IPP Solar 250.00 0.35 8.76
2025-01-28,KREDL Karnataka Private IPP Solar 50.00 0.79 23.45
2025-01-28,PARAMPUJYA Karnataka Private IPP Solar 150.00 0.37 8.97
2025-01-28,RENEW TN2 Karnataka Private IPP Solar 50.00 1.46 36.48
2025-01-28,SBG ENERGY Karnataka Private IPP Solar 200.00 1.82 45.32
2025-01-28,TATA RENEWABLES Karnataka Private IPP Solar 400.00 2.54 67.02
2025-01-28,YARROW Karnataka Private IPP Solar 50.00 0.39 9.64
2025-01-28,कनजाटक / Karnataka 12.53 34.34 13.51 60.38 609.12 919.76 371.66 1900.54
2025-01-29,कनजाटक / Karnataka 22.07 52.37 0.00 74.44 734.31 1373.87 371.66 2479.84
2025-01-29,KOPPAL_AYANASIX_W Karnataka Private IPP Wind 50.00 0.21 30.97
2025-01-29,KOPPAL_RENEWROSHNI_W Karnataka Private IPP Wind 73.00 1.56 53.52
2025-01-29,KOPPAL SRI1PL Karnataka Private IPP Solar 120.00 1.26 31.56
2025-01-29,IRCON SOLAR Karnataka Private IPP Solar 50.00 -1.00 -13.34
2025-01-29,GADAG_VENA_W Karnataka Private IPP Wind 133.00 0.90 21.30
2025-01-29,GADAG_VENA_S Karnataka Private IPP Solar 31.00 0.00 0.00
2025-01-29,KOPPAL_RENEWOJAS_S Karnataka Private IPP Solar 81.00 0.51 15.96
2025-01-29,All ADYAH Karnataka Private IPP Solar 300.00 2.49 61.37
2025-01-29,AMPLUS PAVAGADA Karnataka Private IPP Solar 50.00 0.40 9.93
2025-01-29,AMPLUS TUMKUR Karnataka Private IPP Solar 50.00 0.40 9.92
2025-01-29,AVAADA SOLAR Karnataka Private IPP Solar 150.00 1.15 28.19
2025-01-29,AVAADA SOLARISE Karnataka Private IPP Solar 150.00 1.18 28.55
2025-01-29,AZURE POWER EARTH Karnataka Private IPP Solar 100.00 0.80 19.98
2025-01-29,FORTUM FIN SURYA Karnataka Private IPP Solar 100.00 0.72 17.89
2025-01-29,FORTUM SOLAR Karnataka Private IPP Solar 250.00 0.38 9.14
2025-01-29,KREDL Karnataka Private IPP Solar 50.00 0.83 24.28
2025-01-29,PARAMPUJYA Karnataka Private IPP Solar 150.00 0.39 9.36
2025-01-29,RENEW TN2 Karnataka Private IPP Solar 50.00 1.52 38.00
2025-01-29,SBG ENERGY Karnataka Private IPP Solar 200.00 1.87 47.19
2025-01-29,TATA RENEWABLES Karnataka Private IPP Solar 400.00 2.76 69.78
2025-01-29,YARROW Karnataka Private IPP Solar 50.00 0.40 10.04
2025-01-29,कनजाटक / Karnataka 19.40 36.31 0.00 55.71 628.52 956.07 371.66 1956.25
2025-01-30,कनजाटक / Karnataka 16.79 53.05 12.96 82.80 751.10 1426.92 384.62 2562.64
2025-01-30,KOPPAL_AYANASIX_W Karnataka Private IPP Wind 50.00 0.22 31.19
2025-01-30,KOPPAL_RENEWROSHNI_W Karnataka Private IPP Wind 73.00 1.08 54.60
2025-01-30,KOPPAL SRI1PL Karnataka Private IPP Solar 120.00 1.32 32.88
2025-01-30,IRCON SOLAR Karnataka Private IPP Solar 50.00 -0.98 -14.32
2025-01-30,GADAG_VENA_W Karnataka Private IPP Wind 133.00 0.58 21.88
2025-01-30,GADAG_VENA_S Karnataka Private IPP Solar 31.00 0.00 0.00
2025-01-30,KOPPAL_RENEWOJAS_S Karnataka Private IPP Solar 81.00 0.55 16.51
2025-01-30,All ADYAH Karnataka Private IPP Solar 300.00 2.43 63.80
2025-01-30,AMPLUS PAVAGADA Karnataka Private IPP Solar 50.00 0.39 10.32
2025-01-30,AMPLUS TUMKUR Karnataka Private IPP Solar 50.00 0.39 10.31
2025-01-30,AVAADA SOLAR Karnataka Private IPP Solar 150.00 1.12 29.31
2025-01-30,AVAADA SOLARISE Karnataka Private IPP Solar 150.00 1.12 29.67
2025-01-30,AZURE POWER EARTH Karnataka Private IPP Solar 100.00 0.78 20.76
2025-01-30,FORTUM FIN SURYA Karnataka Private IPP Solar 100.00 0.70 18.59
2025-01-30,FORTUM SOLAR Karnataka Private IPP Solar 250.00 0.36 9.50
2025-01-30,KREDL Karnataka Private IPP Solar 50.00 0.80 25.08
2025-01-30,PARAMPUJYA Karnataka Private IPP Solar 150.00 0.36 9.72
2025-01-30,RENEW TN2 Karnataka Private IPP Solar 50.00 1.47 39.47
2025-01-30,SBG ENERGY Karnataka Private IPP Solar 200.00 1.82 49.01
2025-01-30,TATA RENEWABLES Karnataka Private IPP Solar 400.00 2.66 72.44
2025-01-30,YARROW Karnataka Private IPP Solar 50.00 0.39 10.43
2025-01-30,कनजाटक / Karnataka 14.91 37.37 12.96 65.24 643.43 993.44 384.62 2021.49
2025-01-31,कनजाटक / Karnataka 9.55 52.73 0.00 62.28 760.65 1479.65 384.62 2624.92
2025-01-31,KOPPAL_AYANASIX_W Karnataka Private IPP Wind 50.00 0.20 31.39
2025-01-31,KOPPAL_RENEWROSHNI_W Karnataka Private IPP Wind 73.00 0.20 54.80
2025-01-31,KOPPAL SRI1PL Karnataka Private IPP Solar 120.00 1.28 34.16
2025-01-31,IRCON SOLAR Karnataka Private IPP Solar 50.00 -0.97 -15.29
2025-01-31,GADAG_VENA_W Karnataka Private IPP Wind 133.00 0.32 22.20
2025-01-31,GADAG_VENA_S Karnataka Private IPP Solar 31.00 0.00 0.00
2025-01-31,KOPPAL_RENEWOJAS_S Karnataka Private IPP Solar 81.00 0.55 17.06
2025-01-31,All ADYAH Karnataka Private IPP Solar 300.00 2.36 66.16
2025-01-31,AMPLUS PAVAGADA Karnataka Private IPP Solar 50.00 0.38 10.70
2025-01-31,AMPLUS TUMKUR Karnataka Private IPP Solar 50.00 0.37 10.68
2025-01-31,AVAADA SOLAR Karnataka Private IPP Solar 150.00 1.08 30.39
2025-01-31,AVAADA SOLARISE Karnataka Private IPP Solar 150.00 1.07 30.74
2025-01-31,AZURE POWER EARTH Karnataka Private IPP Solar 100.00 0.77 21.53
2025-01-31,FORTUM FIN SURYA Karnataka Private IPP Solar 100.00 0.69 19.28
2025-01-31,FORTUM SOLAR Karnataka Private IPP Solar 250.00 0.35 9.85
2025-01-31,KREDL Karnataka Private IPP Solar 50.00 0.79 25.87
2025-01-31,PARAMPUJYA Karnataka Private IPP Solar 150.00 0.32 10.04
2025-01-31,RENEW TN2 Karnataka Private IPP Solar 50.00 1.44 40.91
2025-01-31,SBG ENERGY Karnataka Private IPP Solar 200.00 1.83 50.84
2025-01-31,TATA RENEWABLES Karnataka Private IPP Solar 400.00 2.62 75.06
2025-01-31,YARROW Karnataka Private IPP Solar 50.00 0.39 10.82
2025-01-31,कनजाटक / Karnataka 8.83 37.41 0.00 46.24 652.26 1030.85 384.62 2067.73
2025-02-01,कनजाटक / Karnataka 10.24 53.37 0.00 63.61 10.24 53.37 0.00 63.61
2025-02-01,KOPPAL_AYANASIX_W Karnataka Private IPP Wind 50.00 0.20 0.20
2025-02-01,KOPPAL_RENEWROSHNI_W Karnataka Private IPP Wind 73.00 0.23 0.23
2025-02-01,KOPPAL SRI1PL Karnataka Private IPP Solar 120.00 1.21 1.21
2025-02-01,IRCON SOLAR Karnataka Private IPP Solar 50.00 1.00 1.00
2025-02-01,GADAG_VENA_W Karnataka Private IPP Wind 133.00 0.46 0.46
2025-02-01,GADAG_VENA_S Karnataka Private IPP Solar 31.00 0.03 0.03
2025-02-01,KOPPAL_RENEWOJAS_S Karnataka Private IPP Solar 81.00 0.53 0.53
2025-02-01,All ADYAH Karnataka Private IPP Solar 300.00 2.30 2.30
2025-02-01,AMPLUS PAVAGADA Karnataka Private IPP Solar 50.00 0.39 0.39
2025-02-01,AMPLUS TUMKUR Karnataka Private IPP Solar 50.00 0.38 0.38
2025-02-01,AVAADA SOLAR Karnataka Private IPP Solar 150.00 1.09 1.09
2025-02-01,AVAADA SOLARISE Karnataka Private IPP Solar 150.00 1.07 1.07
2025-02-01,AZURE POWER EARTH Karnataka Private IPP Solar 100.00 0.75 0.75
2025-02-01,FORTUM FIN SURYA Karnataka Private IPP Solar 100.00 0.67 0.67
2025-02-01,FORTUM SOLAR Karnataka Private IPP Solar 250.00 0.35 0.35
2025-02-01,KREDL Karnataka Private IPP Solar 50.00 0.77 0.77
2025-02-01,PARAMPUJYA Karnataka Private IPP Solar 150.00 0.18 0.18
2025-02-01,RENEW TN2 Karnataka Private IPP Solar 50.00 1.43 1.43
2025-02-01,SBG ENERGY Karnataka Private IPP Solar 200.00 1.78 1.78
2025-02-01,TATA RENEWABLES Karnataka Private IPP Solar 400.00 2.63 2.63
2025-02-01,YARROW Karnataka Private IPP Solar 50.00 0.39 0.39
2025-02-01,कनजाटक / Karnataka 9.35 36.42 0.00 45.77 9.35 36.42 0.00 45.77
2025-02-02,कनजाटक / Karnataka 17.93 55.19 13.36 86.48 28.17 108.56 13.36 150.09
2025-02-02,KOPPAL_AYANASIX_W Karnataka Private IPP Wind 50.00 0.20 0.40
2025-02-02,KOPPAL_RENEWROSHNI_W Karnataka Private IPP Wind 73.00 0.98 1.21
2025-02-02,KOPPAL SRI1PL Karnataka Private IPP Solar 120.00 1.24 2.45
2025-02-02,IRCON SOLAR Karnataka Private IPP Solar 50.00 1.15 2.15
2025-02-02,GADAG_VENA_W Karnataka Private IPP Wind 133.00 0.93 1.39
2025-02-02,GADAG_VENA_S Karnataka Private IPP Solar 31.00 0.08 0.11
2025-02-02,KOPPAL_RENEWOJAS_S Karnataka Private IPP Solar 81.00 0.51 1.04
2025-02-02,All ADYAH Karnataka Private IPP Solar 300.00 2.54 4.84
2025-02-02,AMPLUS PAVAGADA Karnataka Private IPP Solar 50.00 0.41 0.80
2025-02-02,AMPLUS TUMKUR Karnataka Private IPP Solar 50.00 0.41 0.79
2025-02-02,AVAADA SOLAR Karnataka Private IPP Solar 150.00 1.16 2.25
2025-02-02,AVAADA SOLARISE Karnataka Private IPP Solar 150.00 1.19 2.26
2025-02-02,AZURE POWER EARTH Karnataka Private IPP Solar 100.00 0.39 1.14
2025-02-02,FORTUM FIN SURYA Karnataka Private IPP Solar 100.00 0.74 1.41
2025-02-02,FORTUM SOLAR Karnataka Private IPP Solar 250.00 0.38 0.73
2025-02-02,KREDL Karnataka Private IPP Solar 50.00 0.85 1.62
2025-02-02,PARAMPUJYA Karnataka Private IPP Solar 150.00 0.36 0.54
2025-02-02,RENEW TN2 Karnataka Private IPP Solar 50.00 1.54 2.97
2025-02-02,SBG ENERGY Karnataka Private IPP Solar 200.00 1.97 3.75
2025-02-02,TATA RENEWABLES Karnataka Private IPP Solar 400.00 2.82 5.45
2025-02-02,YARROW Karnataka Private IPP Solar 50.00 0.42 0.81
2025-02-02,कनजाटक / Karnataka 15.82 37.03 13.36 66.21 25.17 73.45 13.36 111.98
2025-02-03,कनजाटक / Karnataka 21.94 55.51 13.52 90.97 50.11 164.07 26.88 241.06
2025-02-03,KOPPAL_AYANASIX_W Karnataka Private IPP Wind 50.00 0.21 0.61
2025-02-03,KOPPAL_RENEWROSHNI_W Karnataka Private IPP Wind 73.00 1.62 2.83
2025-02-03,KOPPAL SRI1PL Karnataka Private IPP Solar 120.00 1.36 3.81
2025-02-03,IRCON SOLAR Karnataka Private IPP Solar 50.00 -1.13 1.02
2025-02-03,GADAG_VENA_W Karnataka Private IPP Wind 133.00 0.76 2.15
2025-02-03,GADAG_VENA_S Karnataka Private IPP Solar 31.00 -0.11 0.00
2025-02-03,KOPPAL_RENEWOJAS_S Karnataka Private IPP Solar 81.00 0.57 1.61
2025-02-03,All ADYAH Karnataka Private IPP Solar 300.00 2.54 7.38
2025-02-03,AMPLUS PAVAGADA Karnataka Private IPP Solar 50.00 0.41 1.21
2025-02-03,AMPLUS TUMKUR Karnataka Private IPP Solar 50.00 0.41 1.20
2025-02-03,AVAADA SOLAR Karnataka Private IPP Solar 150.00 1.17 3.42
2025-02-03,AVAADA SOLARISE Karnataka Private IPP Solar 150.00 1.18 3.44
2025-02-03,AZURE POWER EARTH Karnataka Private IPP Solar 100.00 0.81 1.95
2025-02-03,FORTUM FIN SURYA Karnataka Private IPP Solar 100.00 0.73 2.14
2025-02-03,FORTUM SOLAR Karnataka Private IPP Solar 250.00 0.38 1.11
2025-02-03,KREDL Karnataka Private IPP Solar 50.00 0.85 2.47
2025-02-03,PARAMPUJYA Karnataka Private IPP Solar 150.00 0.37 0.91
2025-02-03,RENEW TN2 Karnataka Private IPP Solar 50.00 1.54 4.51
2025-02-03,SBG ENERGY Karnataka Private IPP Solar 200.00 1.96 5.71
2025-02-03,TATA RENEWABLES Karnataka Private IPP Solar 400.00 2.81 8.26
2025-02-03,YARROW Karnataka Private IPP Solar 50.00 0.41 1.22
2025-02-03,कनजाटक / Karnataka 19.35 39.25 13.52 72.12 44.52 112.70 26.88 184.10
2025-02-04,कनजाटक / Karnataka 22.95 54.95 13.78 91.68 73.06 219.02 40.66 332.74
2025-02-04,KOPPAL_AYANASIX_W Karnataka Private IPP Wind 50.00 0.22 0.83
2025-02-04,KOPPAL_RENEWROSHNI_W Karnataka Private IPP Wind 73.00 2.40 5.23
2025-02-04,KOPPAL SRI1PL Karnataka Private IPP Solar 120.00 1.34 5.15
2025-02-04,IRCON SOLAR Karnataka Private IPP Solar 50.00 -1.11 -0.09
2025-02-04,GADAG_VENA_W Karnataka Private IPP Wind 133.00 0.96 3.11
2025-02-04,GADAG_VENA_S Karnataka Private IPP Solar 31.00 -0.13 -0.13
2025-02-04,KOPPAL_RENEWOJAS_S Karnataka Private IPP Solar 81.00 0.56 2.17
2025-02-04,All ADYAH Karnataka Private IPP Solar 300.00 2.43 9.81
2025-02-04,AMPLUS PAVAGADA Karnataka Private IPP Solar 50.00 0.39 1.60
2025-02-04,AMPLUS TUMKUR Karnataka Private IPP Solar 50.00 0.39 1.59
2025-02-04,AVAADA SOLAR Karnataka Private IPP Solar 150.00 1.12 4.54
2025-02-04,AVAADA SOLARISE Karnataka Private IPP Solar 150.00 1.12 4.56
2025-02-04,AZURE POWER EARTH Karnataka Private IPP Solar 100.00 0.78 2.73
2025-02-04,FORTUM FIN SURYA Karnataka Private IPP Solar 100.00 0.70 2.84
2025-02-04,FORTUM SOLAR Karnataka Private IPP Solar 250.00 0.36 1.47
2025-02-04,KREDL Karnataka Private IPP Solar 50.00 0.81 3.28
2025-02-04,PARAMPUJYA Karnataka Private IPP Solar 150.00 0.36 1.27
2025-02-04,RENEW TN2 Karnataka Private IPP Solar 50.00 1.49 6.00
2025-02-04,SBG ENERGY Karnataka Private IPP Solar 200.00 1.88 7.59
2025-02-04,TATA RENEWABLES Karnataka Private IPP Solar 400.00 2.68 10.94
2025-02-04,YARROW Karnataka Private IPP Solar 50.00 0.39 1.61
2025-02-04,कनजाटक / Karnataka 19.37 39.39 13.78 72.54 63.89 152.09 40.66 256.64
2025-02-05,कनजाटक / Karnataka 15.39 52.48 13.74 81.61 88.45 271.50 54.40 414.35
2025-02-05,KOPPAL_AYANASIX_W Karnataka Private IPP Wind 50.00 0.20 1.03
2025-02-05,KOPPAL_RENEWROSHNI_W Karnataka Private IPP Wind 73.00 0.57 5.80
2025-02-05,KOPPAL SRI1PL Karnataka Private IPP Solar 120.00 1.30 6.45
2025-02-05,IRCON SOLAR Karnataka Private IPP Solar 50.00 -1.06 -1.15
2025-02-05,GADAG_VENA_W Karnataka Private IPP Wind 133.00 0.71 3.82
2025-02-05,GADAG_VENA_S Karnataka Private IPP Solar 31.00 -0.13 -0.26
2025-02-05,KOPPAL_RENEWOJAS_S Karnataka Private IPP Solar 81.00 0.55 2.72
2025-02-05,All ADYAH Karnataka Private IPP Solar 300.00 2.43 12.24
2025-02-05,AMPLUS PAVAGADA Karnataka Private IPP Solar 50.00 0.39 1.99
2025-02-05,AMPLUS TUMKUR Karnataka Private IPP Solar 50.00 0.39 1.98
2025-02-05,AVAADA SOLAR Karnataka Private IPP Solar 150.00 1.12 5.66
2025-02-05,AVAADA SOLARISE Karnataka Private IPP Solar 150.00 1.12 5.68
2025-02-05,AZURE POWER EARTH Karnataka Private IPP Solar 100.00 0.78 3.51
2025-02-05,FORTUM FIN SURYA Karnataka Private IPP Solar 100.00 0.71 3.55
2025-02-05,FORTUM SOLAR Karnataka Private IPP Solar 250.00 0.36 1.83
2025-02-05,KREDL Karnataka Private IPP Solar 50.00 0.81 4.09
2025-02-05,PARAMPUJYA Karnataka Private IPP Solar 150.00 0.38 1.65
2025-02-05,RENEW TN2 Karnataka Private IPP Solar 50.00 1.49 7.49
2025-02-05,SBG ENERGY Karnataka Private IPP Solar 200.00 1.88 9.47
2025-02-05,TATA RENEWABLES Karnataka Private IPP Solar 400.00 2.68 13.62
2025-02-05,YARROW Karnataka Private IPP Solar 50.00 0.36 1.97
2025-02-05,कनजाटक / Karnataka 13.91 36.92 13.74 64.57 77.80 189.01 54.40 321.21
2025-02-06,कनजाटक / Karnataka 26.75 53.03 13.42 93.20 115.20 324.53 67.82 507.55
2025-02-06,KOPPAL_AYANASIX_W Karnataka Private IPP Wind 50.00 0.37 1.40
2025-02-06,KOPPAL_RENEWROSHNI_W Karnataka Private IPP Wind 73.00 2.04 7.84
2025-02-06,KOPPAL SRI1PL Karnataka Private IPP Solar 120.00 1.12 7.57
2025-02-06,IRCON SOLAR Karnataka Private IPP Solar 50.00 -1.11 -2.26
2025-02-06,GADAG_VENA_W Karnataka Private IPP Wind 133.00 1.04 4.86
2025-02-06,GADAG_VENA_S Karnataka Private IPP Solar 31.00 -0.13 -0.39
2025-02-06,KOPPAL_RENEWOJAS_S Karnataka Private IPP Solar 81.00 0.56 3.28
2025-02-06,All ADYAH Karnataka Private IPP Solar 300.00 2.50 14.74
2025-02-06,AMPLUS PAVAGADA Karnataka Private IPP Solar 50.00 0.40 2.39
2025-02-06,AMPLUS TUMKUR Karnataka Private IPP Solar 50.00 0.40 2.38
2025-02-06,AVAADA SOLAR Karnataka Private IPP Solar 150.00 1.15 6.81
2025-02-06,AVAADA SOLARISE Karnataka Private IPP Solar 150.00 1.17 6.85
2025-02-06,AZURE POWER EARTH Karnataka Private IPP Solar 100.00 0.80 4.31
2025-02-06,FORTUM FIN SURYA Karnataka Private IPP Solar 100.00 0.72 4.27
2025-02-06,FORTUM SOLAR Karnataka Private IPP Solar 250.00 0.37 2.20
2025-02-06,KREDL Karnataka Private IPP Solar 50.00 0.83 4.92
2025-02-06,PARAMPUJYA Karnataka Private IPP Solar 150.00 0.40 2.05
2025-02-06,RENEW TN2 Karnataka Private IPP Solar 50.00 1.53 9.02
2025-02-06,SBG ENERGY Karnataka Private IPP Solar 200.00 1.93 11.40
2025-02-06,TATA RENEWABLES Karnataka Private IPP Solar 400.00 2.74 16.36
2025-02-06,YARROW Karnataka Private IPP Solar 50.00 0.41 2.38
2025-02-06,कनजाटक / Karnataka 23.30 37.24 13.42 73.96 101.10 226.25 67.82 395.17
2025-02-07,कनजाटक / Karnataka 28.93 54.55 12.36 95.84 144.13 379.08 80.18 603.39
2025-02-07,KOPPAL_AYANASIX_W Karnataka Private IPP Wind 50.00 0.24 1.64
2025-02-07,KOPPAL_RENEWROSHNI_W Karnataka Private IPP Wind 73.00 2.48 10.32
2025-02-07,KOPPAL SRI1PL Karnataka Private IPP Solar 120.00 1.15 8.72
2025-02-07,IRCON SOLAR Karnataka Private IPP Solar 50.00 -1.11 -3.37
2025-02-07,GADAG_VENA_W Karnataka Private IPP Wind 133.00 0.97 5.83
2025-02-07,GADAG_VENA_S Karnataka Private IPP Solar 31.00 -0.13 -0.52
2025-02-07,KOPPAL_RENEWOJAS_S Karnataka Private IPP Solar 81.00 0.54 3.82
2025-02-07,All ADYAH Karnataka Private IPP Solar 300.00 2.48 17.22
2025-02-07,AMPLUS PAVAGADA Karnataka Private IPP Solar 50.00 0.40 2.79
2025-02-07,AMPLUS TUMKUR Karnataka Private IPP Solar 50.00 0.40 2.78
2025-02-07,AVAADA SOLAR Karnataka Private IPP Solar 150.00 1.15 7.96
2025-02-07,AVAADA SOLARISE Karnataka Private IPP Solar 150.00 1.16 8.01
2025-02-07,AZURE POWER EARTH Karnataka Private IPP Solar 100.00 0.79 5.10
2025-02-07,FORTUM FIN SURYA Karnataka Private IPP Solar 100.00 0.72 4.99
2025-02-07,FORTUM SOLAR Karnataka Private IPP Solar 250.00 0.37 2.57
2025-02-07,KREDL Karnataka Private IPP Solar 50.00 0.83 5.75
2025-02-07,PARAMPUJYA Karnataka Private IPP Solar 150.00 0.39 2.44
2025-02-07,RENEW TN2 Karnataka Private IPP Solar 50.00 1.52 10.54
2025-02-07,SBG ENERGY Karnataka Private IPP Solar 200.00 1.92 13.32
2025-02-07,TATA RENEWABLES Karnataka Private IPP Solar 400.00 2.78 19.14
2025-02-07,YARROW Karnataka Private IPP Solar 50.00 0.41 2.79
2025-02-07,कनजाटक / Karnataka 25.24 38.78 12.36 76.38 126.34 265.03 80.18 471.55
2025-02-08,कनजाटक / Karnataka 25.42 52.64 12.64 90.70 169.55 431.72 92.82 694.09
2025-02-08,KOPPAL_AYANASIX_W Karnataka Private IPP Wind 50.00 0.20 1.84
2025-02-08,KOPPAL_RENEWROSHNI_W Karnataka Private IPP Wind 73.00 2.24 12.56
2025-02-08,KOPPAL SRI1PL Karnataka Private IPP Solar 120.00 1.16 9.88
2025-02-08,IRCON SOLAR Karnataka Private IPP Solar 50.00 -1.04 -4.41
2025-02-08,GADAG_VENA_W Karnataka Private IPP Wind 133.00 1.11 6.94
2025-02-08,GADAG_VENA_S Karnataka Private IPP Solar 31.00 -0.12 -0.64
2025-02-08,KOPPAL_RENEWOJAS_S Karnataka Private IPP Solar 81.00 0.53 4.35
2025-02-08,All ADYAH Karnataka Private IPP Solar 300.00 2.33 19.55
2025-02-08,AMPLUS PAVAGADA Karnataka Private IPP Solar 50.00 0.38 3.17
2025-02-08,AMPLUS TUMKUR Karnataka Private IPP Solar 50.00 0.38 3.16
2025-02-08,AVAADA SOLAR Karnataka Private IPP Solar 150.00 1.09 9.05
2025-02-08,AVAADA SOLARISE Karnataka Private IPP Solar 150.00 1.09 9.10
2025-02-08,AZURE POWER EARTH Karnataka Private IPP Solar 100.00 0.76 5.86
2025-02-08,FORTUM FIN SURYA Karnataka Private IPP Solar 100.00 0.67 5.66
2025-02-08,FORTUM SOLAR Karnataka Private IPP Solar 250.00 0.35 2.92
2025-02-08,KREDL Karnataka Private IPP Solar 50.00 0.78 6.53
2025-02-08,PARAMPUJYA Karnataka Private IPP Solar 150.00 0.37 2.81
2025-02-08,RENEW TN2 Karnataka Private IPP Solar 50.00 1.45 11.99
2025-02-08,SBG ENERGY Karnataka Private IPP Solar 200.00 1.82 15.14
2025-02-08,TATA RENEWABLES Karnataka Private IPP Solar 400.00 2.65 21.79
2025-02-08,YARROW Karnataka Private IPP Solar 50.00 0.38 3.17
2025-02-08,कनजाटक / Karnataka 21.87 37.61 12.64 72.12 148.21 302.64 92.82 543.67
2025-02-09,कनजाटक / Karnataka 22.67 50.28 12.82 85.77 192.22 482.00 105.64 779.86
2025-02-09,KOPPAL_AYANASIX_W Karnataka Private IPP Wind 50.00 0.20 2.04
2025-02-09,KOPPAL_RENEWROSHNI_W Karnataka Private IPP Wind 73.00 2.14 14.70
2025-02-09,KOPPAL SRI1PL Karnataka Private IPP Solar 120.00 1.12 11.00
2025-02-09,IRCON SOLAR Karnataka Private IPP Solar 50.00 -1.02 -5.43
2025-02-09,GADAG_VENA_W Karnataka Private IPP Wind 133.00 0.96 7.90
2025-02-09,GADAG_VENA_S Karnataka Private IPP Solar 31.00 -0.12 -0.76
2025-02-09,KOPPAL_RENEWOJAS_S Karnataka Private IPP Solar 81.00 0.52 4.87
2025-02-09,All ADYAH Karnataka Private IPP Solar 300.00 2.27 21.82
2025-02-09,AMPLUS PAVAGADA Karnataka Private IPP Solar 50.00 0.37 3.54
2025-02-09,AMPLUS TUMKUR Karnataka Private IPP Solar 50.00 0.37 3.53
2025-02-09,AVAADA SOLAR Karnataka Private IPP Solar 150.00 1.06 10.11
2025-02-09,AVAADA SOLARISE Karnataka Private IPP Solar 150.00 1.06 10.16
2025-02-09,AZURE POWER EARTH Karnataka Private IPP Solar 100.00 0.75 6.61
2025-02-09,FORTUM FIN SURYA Karnataka Private IPP Solar 100.00 0.66 6.32
2025-02-09,FORTUM SOLAR Karnataka Private IPP Solar 250.00 0.34 3.26
2025-02-09,KREDL Karnataka Private IPP Solar 50.00 0.76 7.29
2025-02-09,PARAMPUJYA Karnataka Private IPP Solar 150.00 0.36 3.17
2025-02-09,RENEW TN2 Karnataka Private IPP Solar 50.00 1.44 13.43
2025-02-09,SBG ENERGY Karnataka Private IPP Solar 200.00 1.79 16.93
2025-02-09,TATA RENEWABLES Karnataka Private IPP Solar 400.00 2.60 24.39
2025-02-09,YARROW Karnataka Private IPP Solar 50.00 0.37 3.54
2025-02-09,कनजाटक / Karnataka 19.37 35.58 12.82 67.77 167.58 338.22 105.64 611.44
2025-02-10,कनजाटक / Karnataka 19.34 53.61 11.88 84.83 210.48 537.54 117.52 865.54
2025-02-10,KOPPAL_AYANASIX_W Karnataka Private IPP Wind 50.00 0.20 2.20
2025-02-10,KOPPAL_RENEWROSHNI_W Karnataka Private IPP Wind 73.00 1.55 15.32
2025-02-10,KOPPAL SRI1PL Karnataka Private IPP Solar 120.00 1.18 12.21
2025-02-10,IRCON SOLAR Karnataka Private IPP Solar 50.00 1.08 -2.16
2025-02-10,GADAG_VENA_W Karnataka Private IPP Wind 133.00 0.86 8.65
2025-02-10,GADAG_VENA_S Karnataka Private IPP Solar 31.00 -0.12 -0.87
2025-02-10,KOPPAL_RENEWOJAS_S Karnataka Private IPP Solar 81.00 0.54 5.41
2025-02-10,All ADYAH Karnataka Private IPP Solar 300.00 2.41 24.16
2025-02-10,AMPLUS PAVAGADA Karnataka Private IPP Solar 50.00 0.39 3.92
2025-02-10,AMPLUS TUMKUR Karnataka Private IPP Solar 50.00 0.39 3.91
2025-02-10,AVAADA SOLAR Karnataka Private IPP Solar 150.00 1.13 11.22
2025-02-10,AVAADA SOLARISE Karnataka Private IPP Solar 150.00 1.14 11.28
2025-02-10,AZURE POWER EARTH Karnataka Private IPP Solar 100.00 0.78 7.38
2025-02-10,FORTUM FIN SURYA Karnataka Private IPP Solar 100.00 0.70 7.00
2025-02-10,FORTUM SOLAR Karnataka Private IPP Solar 250.00 0.36 3.61
2025-02-10,KREDL Karnataka Private IPP Solar 50.00 0.80 8.06
2025-02-10,PARAMPUJYA Karnataka Private IPP Solar 150.00 0.38 3.54
2025-02-10,RENEW TN2 Karnataka Private IPP Solar 50.00 1.50 14.91
2025-02-10,SBG ENERGY Karnataka Private IPP Solar 200.00 1.89 18.79
2025-02-10,TATA RENEWABLES Karnataka Private IPP Solar 400.00 2.76 27.13
2025-02-10,YARROW Karnataka Private IPP Solar 50.00 0.39 3.91
2025-02-10,कनजाटक / Karnataka 16.73 35.91 11.88 64.52 184.31 374.13 117.52 675.96
2025-02-11,कनजाटक / Karnataka 15.92 49.10 11.21 76.23 226.40 586.64 128.73 941.77
2025-02-11,KOPPAL_AYANASIX_W Karnataka Private IPP Wind 50.00 0.20 2.40
2025-02-11,KOPPAL_RENEWROSHNI_W Karnataka Private IPP Wind 73.00 1.55 16.87
2025-02-11,KOPPAL SRI1PL Karnataka Private IPP Solar 120.00 1.18 13.39
2025-02-11,IRCON SOLAR Karnataka Private IPP Solar 50.00 -1.24 -3.40
2025-02-11,GADAG_VENA_W Karnataka Private IPP Wind 133.00 0.64 9.29
2025-02-11,GADAG_VENA_S Karnataka Private IPP Solar 31.00 0.13 -0.74
2025-02-11,KOPPAL_RENEWOJAS_S Karnataka Private IPP Solar 81.00 0.54 5.95
2025-02-11,All ADYAH Karnataka Private IPP Solar 300.00 0.42 24.58
2025-02-11,AMPLUS PAVAGADA Karnataka Private IPP Solar 50.00 0.41 4.33
2025-02-11,AMPLUS TUMKUR Karnataka Private IPP Solar 50.00 0.41 4.32
2025-02-11,AVAADA SOLAR Karnataka Private IPP Solar 150.00 1.17 12.39
2025-02-11,AVAADA SOLARISE Karnataka Private IPP Solar 150.00 1.20 12.48
2025-02-11,AZURE POWER EARTH Karnataka Private IPP Solar 100.00 0.81 8.19
2025-02-11,FORTUM FIN SURYA Karnataka Private IPP Solar 100.00 0.24 7.24
2025-02-11,FORTUM SOLAR Karnataka Private IPP Solar 250.00 0.37 3.98
2025-02-11,KREDL Karnataka Private IPP Solar 50.00 0.30 8.36
2025-02-11,PARAMPUJYA Karnataka Private IPP Solar 150.00 0.39 3.93
2025-02-11,RENEW TN2 Karnataka Private IPP Solar 50.00 1.56 16.47
2025-02-11,SBG ENERGY Karnataka Private IPP Solar 200.00 1.56 20.35
2025-02-11,TATA RENEWABLES Karnataka Private IPP Solar 400.00 2.86 29.99
2025-02-11,YARROW Karnataka Private IPP Solar 50.00 0.41 4.32
2025-02-11,कनजाटक / Karnataka 13.53 36.38 11.21 61.12 197.84 410.51 128.73 737.08
2025-02-12,कनजाटक / Karnataka 10.99 54.33 11.83 77.15 237.39 640.97 140.56 1018.92
2025-02-12,KOPPAL_AYANASIX_W Karnataka Private IPP Wind 50.00 0.20 2.60
2025-02-12,KOPPAL_RENEWROSHNI_W Karnataka Private IPP Wind 73.00 0.53 17.40
2025-02-12,KOPPAL SRI1PL Karnataka Private IPP Solar 120.00 1.28 14.67
2025-02-12,IRCON SOLAR Karnataka Private IPP Solar 50.00 -1.14 -4.54
2025-02-12,GADAG_VENA_W Karnataka Private IPP Wind 133.00 0.49 9.78
2025-02-12,GADAG_VENA_S Karnataka Private IPP Solar 31.00 -0.13 -0.87
2025-02-12,KOPPAL_RENEWOJAS_S Karnataka Private IPP Solar 81.00 0.55 6.50
2025-02-12,All ADYAH Karnataka Private IPP Solar 300.00 2.47 27.05
2025-02-12,AMPLUS PAVAGADA Karnataka Private IPP Solar 50.00 0.40 4.73
2025-02-12,AMPLUS TUMKUR Karnataka Private IPP Solar 50.00 0.40 4.72
2025-02-12,AVAADA SOLAR Karnataka Private IPP Solar 150.00 1.14 13.53
2025-02-12,AVAADA SOLARISE Karnataka Private IPP Solar 150.00 1.15 13.63
2025-02-12,AZURE POWER EARTH Karnataka Private IPP Solar 100.00 0.80 8.99
2025-02-12,FORTUM FIN SURYA Karnataka Private IPP Solar 100.00 0.71 7.95
2025-02-12,FORTUM SOLAR Karnataka Private IPP Solar 250.00 0.36 4.34
2025-02-12,KREDL Karnataka Private IPP Solar 50.00 0.82 9.18
2025-02-12,PARAMPUJYA Karnataka Private IPP Solar 150.00 0.39 4.32
2025-02-12,RENEW TN2 Karnataka Private IPP Solar 50.00 1.52 17.99
2025-02-12,SBG ENERGY Karnataka Private IPP Solar 200.00 1.92 22.27
2025-02-12,TATA RENEWABLES Karnataka Private IPP Solar 400.00 2.80 32.79
2025-02-12,YARROW Karnataka Private IPP Solar 50.00 0.40 4.72
2025-02-12,कनजाटक / Karnataka 9.77 38.49 11.83 60.09 207.61 449.00 140.56 797.17
2025-02-13,कनजाटक / Karnataka 10.33 53.58 13.07 76.98 247.72 694.55 153.63 1095.90
2025-02-13,KOPPAL_AYANASIX_W Karnataka Private IPP Wind 50.00 0.20 2.80
2025-02-13,KOPPAL_RENEWROSHNI_W Karnataka Private IPP Wind 73.00 0.45 17.85
2025-02-13,KOPPAL SRI1PL Karnataka Private IPP Solar 120.00 1.27 15.94
2025-02-13,IRCON SOLAR Karnataka Private IPP Solar 50.00 -1.10 -5.64
2025-02-13,GADAG_VENA_W Karnataka Private IPP Wind 133.00 0.31 10.09
2025-02-13,GADAG_VENA_S Karnataka Private IPP Solar 31.00 -0.13 -1.00
2025-02-13,KOPPAL_RENEWOJAS_S Karnataka Private IPP Solar 81.00 0.55 7.05
2025-02-13,All ADYAH Karnataka Private IPP Solar 300.00 2.39 29.44
2025-02-13,AMPLUS PAVAGADA Karnataka Private IPP Solar 50.00 0.39 5.12
2025-02-13,AMPLUS TUMKUR Karnataka Private IPP Solar 50.00 0.39 5.11
2025-02-13,AVAADA SOLAR Karnataka Private IPP Solar 150.00 1.11 14.64
2025-02-13,AVAADA SOLARISE Karnataka Private IPP Solar 150.00 1.13 14.76
2025-02-13,AZURE POWER EARTH Karnataka Private IPP Solar 100.00 0.78 9.77
2025-02-13,FORTUM FIN SURYA Karnataka Private IPP Solar 100.00 0.70 8.65
2025-02-13,FORTUM SOLAR Karnataka Private IPP Solar 250.00 0.37 4.71
2025-02-13,KREDL Karnataka Private IPP Solar 50.00 0.80 9.98
2025-02-13,PARAMPUJYA Karnataka Private IPP Solar 150.00 0.39 4.71
2025-02-13,RENEW TN2 Karnataka Private IPP Solar 50.00 1.49 19.48
2025-02-13,SBG ENERGY Karnataka Private IPP Solar 200.00 1.89 24.16
2025-02-13,TATA RENEWABLES Karnataka Private IPP Solar 400.00 2.74 35.53
2025-02-13,YARROW Karnataka Private IPP Solar 50.00 0.40 5.12
2025-02-13,कनजाटक / Karnataka 9.37 38.02 13.07 60.46 216.98 487.02 153.63 857.63
2025-02-14,कनजाटक / Karnataka 9.17 53.92 12.18 75.27 256.89 748.47 165.81 1171.17
2025-02-14,KOPPAL_AYANASIX_W Karnataka Private IPP Wind 50.00 0.20 3.00
2025-02-14,KOPPAL_RENEWROSHNI_W Karnataka Private IPP Wind 73.00 0.30 18.15
2025-02-14,KOPPAL SRI1PL Karnataka Private IPP Solar 120.00 1.06 17.00
2025-02-14,IRCON SOLAR Karnataka Private IPP Solar 50.00 1.04 -4.60
2025-02-14,GADAG_VENA_W Karnataka Private IPP Wind 133.00 0.22 10.31
2025-02-14,GADAG_VENA_S Karnataka Private IPP Solar 31.00 0.13 -0.87
2025-02-14,KOPPAL_RENEWOJAS_S Karnataka Private IPP Solar 81.00 0.53 7.58
2025-02-14,All ADYAH Karnataka Private IPP Solar 300.00 2.31 31.75
2025-02-14,AMPLUS PAVAGADA Karnataka Private IPP Solar 50.00 0.38 5.50
2025-02-14,AMPLUS TUMKUR Karnataka Private IPP Solar 50.00 0.38 5.49
2025-02-14,AVAADA SOLAR Karnataka Private IPP Solar 150.00 1.06 15.70
2025-02-14,AVAADA SOLARISE Karnataka Private IPP Solar 150.00 1.09 15.85
2025-02-14,AZURE POWER EARTH Karnataka Private IPP Solar 100.00 0.76 10.53
2025-02-14,FORTUM FIN SURYA Karnataka Private IPP Solar 100.00 0.67 9.32
2025-02-14,FORTUM SOLAR Karnataka Private IPP Solar 250.00 0.35 5.06
2025-02-14,KREDL Karnataka Private IPP Solar 50.00 0.78 10.76
2025-02-14,PARAMPUJYA Karnataka Private IPP Solar 150.00 0.38 5.09
2025-02-14,RENEW TN2 Karnataka Private IPP Solar 50.00 1.44 20.92
2025-02-14,SBG ENERGY Karnataka Private IPP Solar 200.00 1.83 25.99
2025-02-14,TATA RENEWABLES Karnataka Private IPP Solar 400.00 2.68 38.21
2025-02-14,YARROW Karnataka Private IPP Solar 50.00 0.38 5.50
2025-02-14,कनजाटक / Karnataka 8.45 36.67 12.18 57.30 225.43 523.69 165.81 914.93
2025-02-15,कनजाटक / Karnataka 14.32 53.49 12.89 80.70 271.21 801.96 178.70 1251.87
2025-02-15,KOPPAL_AYANASIX_W Karnataka Private IPP Wind 50.00 0.20 3.20
2025-02-15,KOPPAL_RENEWROSHNI_W Karnataka Private IPP Wind 73.00 0.97 19.12
2025-02-15,KOPPAL SRI1PL Karnataka Private IPP Solar 120.00 1.30 18.30
2025-02-15,IRCON SOLAR Karnataka Private IPP Solar 50.00 -1.08 -5.68
2025-02-15,GADAG_VENA_W Karnataka Private IPP Wind 133.00 0.43 10.74
2025-02-15,GADAG_VENA_S Karnataka Private IPP Solar 31.00 -0.14 -1.01
2025-02-15,KOPPAL_RENEWOJAS_S Karnataka Private IPP Solar 81.00 0.56 8.14
2025-02-15,All ADYAH Karnataka Private IPP Solar 300.00 2.35 34.10
2025-02-15,AMPLUS PAVAGADA Karnataka Private IPP Solar 50.00 0.35 5.85
2025-02-15,AMPLUS TUMKUR Karnataka Private IPP Solar 50.00 0.38 5.87
2025-02-15,AVAADA SOLAR Karnataka Private IPP Solar 150.00 1.09 16.79
2025-02-15,AVAADA SOLARISE Karnataka Private IPP Solar 150.00 1.09 16.94
2025-02-15,AZURE POWER EARTH Karnataka Private IPP Solar 100.00 0.77 11.30
2025-02-15,FORTUM FIN SURYA Karnataka Private IPP Solar 100.00 0.67 9.99
2025-02-15,FORTUM SOLAR Karnataka Private IPP Solar 250.00 0.33 5.39
2025-02-15,KREDL Karnataka Private IPP Solar 50.00 0.78 11.54
2025-02-15,PARAMPUJYA Karnataka Private IPP Solar 150.00 0.37 5.46
2025-02-15,RENEW TN2 Karnataka Private IPP Solar 50.00 1.47 22.39
2025-02-15,SBG ENERGY Karnataka Private IPP Solar 200.00 1.85 27.84
2025-02-15,TATA RENEWABLES Karnataka Private IPP Solar 400.00 2.67 40.88
2025-02-15,YARROW Karnataka Private IPP Solar 50.00 0.38 5.88
2025-02-15,कनजाटक / Karnataka 12.72 38.30 12.89 63.91 238.15 561.99 178.70 978.84
2025-02-16,कनजाटक / Karnataka 15.48 54.39 12.56 82.43 286.69 856.35 191.26 1334.30
2025-02-16,KOPPAL_AYANASIX_W Karnataka Private IPP Wind 50.00 0.21 3.41
2025-02-16,KOPPAL_RENEWROSHNI_W Karnataka Private IPP Wind 73.00 0.86 19.98
2025-02-16,KOPPAL SRI1PL Karnataka Private IPP Solar 120.00 1.35 19.65
2025-02-16,IRCON SOLAR Karnataka Private IPP Solar 50.00 -1.14 -6.82
2025-02-16,GADAG_VENA_W Karnataka Private IPP Wind 133.00 0.60 11.34
2025-02-16,GADAG_VENA_S Karnataka Private IPP Solar 31.00 -0.14 -1.15
2025-02-16,KOPPAL_RENEWOJAS_S Karnataka Private IPP Solar 81.00 0.56 8.70
2025-02-16,All ADYAH Karnataka Private IPP Solar 300.00 2.23 36.33
2025-02-16,AMPLUS PAVAGADA Karnataka Private IPP Solar 50.00 0.39 6.24
2025-02-16,AMPLUS TUMKUR Karnataka Private IPP Solar 50.00 0.40 6.27
2025-02-16,AVAADA SOLAR Karnataka Private IPP Solar 150.00 1.13 17.92
2025-02-16,AVAADA SOLARISE Karnataka Private IPP Solar 150.00 1.15 18.09
2025-02-16,AZURE POWER EARTH Karnataka Private IPP Solar 100.00 0.74 12.04
2025-02-16,FORTUM FIN SURYA Karnataka Private IPP Solar 100.00 0.71 10.70
2025-02-16,FORTUM SOLAR Karnataka Private IPP Solar 250.00 0.36 5.75
2025-02-16,KREDL Karnataka Private IPP Solar 50.00 0.81 12.35
2025-02-16,PARAMPUJYA Karnataka Private IPP Solar 150.00 0.40 5.86
2025-02-16,RENEW TN2 Karnataka Private IPP Solar 50.00 1.52 23.91
2025-02-16,SBG ENERGY Karnataka Private IPP Solar 200.00 1.88 29.72
2025-02-16,TATA RENEWABLES Karnataka Private IPP Solar 400.00 2.77 43.65
2025-02-16,YARROW Karnataka Private IPP Solar 50.00 0.40 6.28
2025-02-16,कनजाटक / Karnataka 13.81 38.87 12.56 65.24 251.96 600.86 191.26 1044.08
2025-02-17,कनजाटक / Karnataka 11.96 55.89 12.39 80.24 299.33 912.95 203.65 1415.93
2025-02-17,KOPPAL_AYANASIX_W Karnataka Private IPP Wind 50.00 0.20 3.61
2025-02-17,KOPPAL_RENEWROSHNI_W Karnataka Private IPP Wind 73.00 0.62 20.92
2025-02-17,KOPPAL SRI1PL Karnataka Private IPP Solar 120.00 1.28 21.15
2025-02-17,IRCON SOLAR Karnataka Private IPP Solar 50.00 1.13 -5.60
2025-02-17,GADAG_VENA_W Karnataka Private IPP Wind 133.00 0.58 12.28
2025-02-17,GADAG_VENA_S Karnataka Private IPP Solar 31.00 0.14 -1.00
2025-02-17,KOPPAL_RENEWOJAS_S Karnataka Private IPP Solar 81.00 0.55 9.27
2025-02-17,All ADYAH Karnataka Private IPP Solar 300.00 2.22 38.46
2025-02-17,AMPLUS PAVAGADA Karnataka Private IPP Solar 50.00 0.40 6.66
2025-02-17,AMPLUS TUMKUR Karnataka Private IPP Solar 50.00 0.39 6.67
2025-02-17,AVAADA SOLAR Karnataka Private IPP Solar 150.00 1.13 19.12
2025-02-17,AVAADA SOLARISE Karnataka Private IPP Solar 150.00 1.14 19.28
2025-02-17,AZURE POWER EARTH Karnataka Private IPP Solar 100.00 0.78 12.84
2025-02-17,FORTUM FIN SURYA Karnataka Private IPP Solar 100.00 0.70 11.43
2025-02-17,FORTUM SOLAR Karnataka Private IPP Solar 250.00 0.36 6.12
2025-02-17,KREDL Karnataka Private IPP Solar 50.00 0.80 13.17
2025-02-17,PARAMPUJYA Karnataka Private IPP Solar 150.00 0.39 6.26
2025-02-17,RENEW TN2 Karnataka Private IPP Solar 50.00 1.51 25.49
2025-02-17,SBG ENERGY Karnataka Private IPP Solar 200.00 1.90 31.69
2025-02-17,TATA RENEWABLES Karnataka Private IPP Solar 400.00 2.75 46.47
2025-02-17,YARROW Karnataka Private IPP Solar 50.00 0.39 6.68
2025-02-17,कनजाटक / Karnataka 10.56 37.93 12.39 60.88 262.52 638.79 203.65 1104.96
2025-02-18,कनजाटक / Karnataka 8.45 52.53 12.26 73.24 307.78 965.48 215.91 1489.17
2025-02-18,KOPPAL_AYANASIX_W Karnataka Private IPP Wind 50.00 0.20 3.81
2025-02-18,KOPPAL_RENEWROSHNI_W Karnataka Private IPP Wind 73.00 0.16 21.08
2025-02-18,KOPPAL SRI1PL Karnataka Private IPP Solar 120.00 1.27 22.42
2025-02-18,IRCON SOLAR Karnataka Private IPP Solar 50.00 -1.10 -6.70
2025-02-18,GADAG_VENA_W Karnataka Private IPP Wind 133.00 0.48 12.76
2025-02-18,GADAG_VENA_S Karnataka Private IPP Solar 31.00 -0.13 -1.13
2025-02-18,KOPPAL_RENEWOJAS_S Karnataka Private IPP Solar 81.00 0.53 9.80
2025-02-18,All ADYAH Karnataka Private IPP Solar 300.00 2.37 40.83
2025-02-18,AMPLUS PAVAGADA Karnataka Private IPP Solar 50.00 0.39 7.05
2025-02-18,AMPLUS TUMKUR Karnataka Private IPP Solar 50.00 0.39 7.06
2025-02-18,AVAADA SOLAR Karnataka Private IPP Solar 150.00 1.10 20.22
2025-02-18,AVAADA SOLARISE Karnataka Private IPP Solar 150.00 1.11 20.39
2025-02-18,AZURE POWER EARTH Karnataka Private IPP Solar 100.00 0.78 13.62
2025-02-18,FORTUM FIN SURYA Karnataka Private IPP Solar 100.00 0.69 12.12
2025-02-18,FORTUM SOLAR Karnataka Private IPP Solar 250.00 0.35 6.47
2025-02-18,KREDL Karnataka Private IPP Solar 50.00 0.79 13.96
2025-02-18,PARAMPUJYA Karnataka Private IPP Solar 150.00 0.37 6.63
2025-02-18,RENEW TN2 Karnataka Private IPP Solar 50.00 1.49 26.98
2025-02-18,SBG ENERGY Karnataka Private IPP Solar 200.00 1.87 33.56
2025-02-18,TATA RENEWABLES Karnataka Private IPP Solar 400.00 2.71 49.18
2025-02-18,YARROW Karnataka Private IPP Solar 50.00 0.38 7.06
2025-02-18,कनजाटक / Karnataka 7.61 37.17 12.26 57.04 270.13 675.96 215.91 1162.00
2025-02-19,कनजाटक / Karnataka 6.94 49.79 0.00 56.73 314.72 1015.27 215.91 1545.90
2025-02-19,KOPPAL_AYANASIX_W Karnataka Private IPP Wind 50.00 0.20 4.01
2025-02-19,KOPPAL_RENEWROSHNI_W Karnataka Private IPP Wind 73.00 0.24 21.32
2025-02-19,KOPPAL SRI1PL Karnataka Private IPP Solar 120.00 1.06 23.48
2025-02-19,IRCON SOLAR Karnataka Private IPP Solar 50.00 -1.07 -7.77
2025-02-19,GADAG_VENA_W Karnataka Private IPP Wind 133.00 0.32 13.08
2025-02-19,GADAG_VENA_S Karnataka Private IPP Solar 31.00 -0.11 -1.24
2025-02-19,KOPPAL_RENEWOJAS_S Karnataka Private IPP Solar 81.00 0.47 10.27
2025-02-19,All ADYAH Karnataka Private IPP Solar 300.00 2.27 43.10
2025-02-19,AMPLUS PAVAGADA Karnataka Private IPP Solar 50.00 0.38 7.43
2025-02-19,AMPLUS TUMKUR Karnataka Private IPP Solar 50.00 0.37 7.43
2025-02-19,AVAADA SOLAR Karnataka Private IPP Solar 150.00 1.06 21.28
2025-02-19,AVAADA SOLARISE Karnataka Private IPP Solar 150.00 1.08 21.47
2025-02-19,AZURE POWER EARTH Karnataka Private IPP Solar 100.00 0.51 14.13
2025-02-19,FORTUM FIN SURYA Karnataka Private IPP Solar 100.00 0.67 12.79
2025-02-19,FORTUM SOLAR Karnataka Private IPP Solar 250.00 0.23 6.70
2025-02-19,KREDL Karnataka Private IPP Solar 50.00 0.76 14.72
2025-02-19,PARAMPUJYA Karnataka Private IPP Solar 150.00 0.36 6.99
2025-02-19,RENEW TN2 Karnataka Private IPP Solar 50.00 1.46 28.44
2025-02-19,SBG ENERGY Karnataka Private IPP Solar 200.00 1.81 35.37
2025-02-19,TATA RENEWABLES Karnataka Private IPP Solar 400.00 2.65 51.83
2025-02-19,YARROW Karnataka Private IPP Solar 50.00 0.36 7.42
2025-02-19,कनजाटक / Karnataka 6.18 35.47 0.00 41.65 276.31 711.43 215.91 1203.65
2025-02-20,कनजाटक / Karnataka 9.47 47.81 11.80 69.08 324.19 1063.08 227.71 1614.98
2025-02-20,KOPPAL_AYANASIX_W Karnataka Private IPP Wind 50.00 0.20 4.21
2025-02-20,KOPPAL_RENEWROSHNI_W Karnataka Private IPP Wind 73.00 0.19 21.51
2025-02-20,KOPPAL SRI1PL Karnataka Private IPP Solar 120.00 1.05 24.53
2025-02-20,IRCON SOLAR Karnataka Private IPP Solar 50.00 -1.02 -8.79
2025-02-20,GADAG_VENA_W Karnataka Private IPP Wind 133.00 0.32 13.40
2025-02-20,GADAG_VENA_S Karnataka Private IPP Solar 31.00 -0.12 -1.36
2025-02-20,KOPPAL_RENEWOJAS_S Karnataka Private IPP Solar 81.00 0.43 10.70
2025-02-20,All ADYAH Karnataka Private IPP Solar 300.00 2.19 45.29
2025-02-20,AMPLUS PAVAGADA Karnataka Private IPP Solar 50.00 0.37 7.80
2025-02-20,AMPLUS TUMKUR Karnataka Private IPP Solar 50.00 0.36 7.79
2025-02-20,AVAADA SOLAR Karnataka Private IPP Solar 150.00 1.03 22.31
2025-02-20,AVAADA SOLARISE Karnataka Private IPP Solar 150.00 1.04 22.51
2025-02-20,AZURE POWER EARTH Karnataka Private IPP Solar 100.00 0.74 14.87
2025-02-20,FORTUM FIN SURYA Karnataka Private IPP Solar 100.00 0.64 13.43
2025-02-20,FORTUM SOLAR Karnataka Private IPP Solar 250.00 0.33 7.03
2025-02-20,KREDL Karnataka Private IPP Solar 50.00 0.73 15.45
2025-02-20,PARAMPUJYA Karnataka Private IPP Solar 150.00 0.36 7.35
2025-02-20,RENEW TN2 Karnataka Private IPP Solar 50.00 1.42 29.86
2025-02-20,SBG ENERGY Karnataka Private IPP Solar 200.00 1.77 37.14
2025-02-20,TATA RENEWABLES Karnataka Private IPP Solar 400.00 2.55 54.38
2025-02-20,YARROW Karnataka Private IPP Solar 50.00 0.36 7.78
2025-02-20,कनजाटक / Karnataka 8.76 33.58 11.80 54.14 285.07 745.01 227.71 1257.79
2025-02-21,कनजाटक / Karnataka 12.29 48.06 13.76 74.11 336.48 1111.14 241.47 1689.09
2025-02-21,KOPPAL_AYANASIX_W Karnataka Private IPP Wind 50.00 0.20 4.41
2025-02-21,KOPPAL_RENEWROSHNI_W Karnataka Private IPP Wind 73.00 0.52 22.03
2025-02-21,KOPPAL SRI1PL Karnataka Private IPP Solar 120.00 1.05 25.58
2025-02-21,IRCON SOLAR Karnataka Private IPP Solar 50.00 -1.02 -9.81
2025-02-21,GADAG_VENA_W Karnataka Private IPP Wind 133.00 0.60 14.00
2025-02-21,GADAG_VENA_S Karnataka Private IPP Solar 31.00 -0.13 -1.49
2025-02-21,KOPPAL_RENEWOJAS_S Karnataka Private IPP Solar 81.00 0.45 11.15
2025-02-21,All ADYAH Karnataka Private IPP Solar 300.00 2.19 47.48
2025-02-21,AMPLUS PAVAGADA Karnataka Private IPP Solar 50.00 0.36 8.16
2025-02-21,AMPLUS TUMKUR Karnataka Private IPP Solar 50.00 0.36 8.15
2025-02-21,AVAADA SOLAR Karnataka Private IPP Solar 150.00 1.04 23.35
2025-02-21,AVAADA SOLARISE Karnataka Private IPP Solar 150.00 1.03 23.54
2025-02-21,AZURE POWER EARTH Karnataka Private IPP Solar 100.00 0.61 15.48
2025-02-21,FORTUM FIN SURYA Karnataka Private IPP Solar 100.00 0.63 14.06
2025-02-21,FORTUM SOLAR Karnataka Private IPP Solar 250.00 0.33 7.36
2025-02-21,KREDL Karnataka Private IPP Solar 50.00 0.73 16.18
2025-02-21,PARAMPUJYA Karnataka Private IPP Solar 150.00 0.35 7.70
2025-02-21,RENEW TN2 Karnataka Private IPP Solar 50.00 1.41 31.27
2025-02-21,SBG ENERGY Karnataka Private IPP Solar 200.00 1.67 38.81
2025-02-21,TATA RENEWABLES Karnataka Private IPP Solar 400.00 2.54 56.92
2025-02-21,YARROW Karnataka Private IPP Solar 50.00 0.36 8.14
2025-02-21,कनजाटक / Karnataka 10.97 34.10 13.76 58.83 296.04 779.11 241.47 1316.62
2025-02-22,कनजाटक / Karnataka 9.20 48.33 12.96 70.49 345.68 1159.47 254.43 1759.58
2025-02-22,KOPPAL_AYANASIX_W Karnataka Private IPP Wind 50.00 0.20 4.61
2025-02-22,KOPPAL_RENEWROSHNI_W Karnataka Private IPP Wind 73.00 0.42 22.45
2025-02-22,KOPPAL SRI1PL Karnataka Private IPP Solar 120.00 1.04 26.62
2025-02-22,IRCON SOLAR Karnataka Private IPP Solar 50.00 -1.08 -10.89
2025-02-22,GADAG_VENA_W Karnataka Private IPP Wind 133.00 0.39 14.39
2025-02-22,GADAG_VENA_S Karnataka Private IPP Solar 31.00 -0.12 -1.61
2025-02-22,KOPPAL_RENEWOJAS_S Karnataka Private IPP Solar 81.00 0.43 11.58
2025-02-22,All ADYAH Karnataka Private IPP Solar 300.00 2.25 49.73
2025-02-22,AMPLUS PAVAGADA Karnataka Private IPP Solar 50.00 0.38 8.54
2025-02-22,AMPLUS TUMKUR Karnataka Private IPP Solar 50.00 0.38 8.53
2025-02-22,AVAADA SOLAR Karnataka Private IPP Solar 150.00 1.08 24.43
2025-02-22,AVAADA SOLARISE Karnataka Private IPP Solar 150.00 1.08 24.62
2025-02-22,AZURE POWER EARTH Karnataka Private IPP Solar 100.00 0.75 16.23
2025-02-22,FORTUM FIN SURYA Karnataka Private IPP Solar 100.00 0.66 14.72
2025-02-22,FORTUM SOLAR Karnataka Private IPP Solar 250.00 0.34 7.70
2025-02-22,KREDL Karnataka Private IPP Solar 50.00 0.75 16.93
2025-02-22,PARAMPUJYA Karnataka Private IPP Solar 150.00 0.36 8.06
2025-02-22,RENEW TN2 Karnataka Private IPP Solar 50.00 1.45 32.72
2025-02-22,SBG ENERGY Karnataka Private IPP Solar 200.00 1.82 40.63
2025-02-22,TATA RENEWABLES Karnataka Private IPP Solar 400.00 2.62 59.54
2025-02-22,YARROW Karnataka Private IPP Solar 50.00 0.37 8.51
2025-02-22,कनजाटक / Karnataka 8.19 33.77 12.96 54.92 304.23 812.88 254.43 1371.54
2025-02-23,कनजाटक / Karnataka 13.99 48.57 11.34 73.90 359.67 1208.04 265.77 1833.48
2025-02-23,KOPPAL_AYANASIX_W Karnataka Private IPP Wind 50.00 0.20 4.81
2025-02-23,KOPPAL_RENEWROSHNI_W Karnataka Private IPP Wind 73.00 0.65 23.10
2025-02-23,KOPPAL SRI1PL Karnataka Private IPP Solar 120.00 1.14 27.76
2025-02-23,IRCON SOLAR Karnataka Private IPP Solar 50.00 -1.07 -11.96
2025-02-23,GADAG_VENA_W Karnataka Private IPP Wind 133.00 0.56 14.95
2025-02-23,GADAG_VENA_S Karnataka Private IPP Solar 31.00 -0.12 -1.73
2025-02-23,KOPPAL_RENEWOJAS_S Karnataka Private IPP Solar 81.00 0.45 12.03
2025-02-23,All ADYAH Karnataka Private IPP Solar 300.00 2.28 52.01
2025-02-23,AMPLUS PAVAGADA Karnataka Private IPP Solar 50.00 0.39 8.93
2025-02-23,AMPLUS TUMKUR Karnataka Private IPP Solar 50.00 0.38 8.91
2025-02-23,AVAADA SOLAR Karnataka Private IPP Solar 150.00 1.10 25.53
2025-02-23,AVAADA SOLARISE Karnataka Private IPP Solar 150.00 1.11 25.73
2025-02-23,AZURE POWER EARTH Karnataka Private IPP Solar 100.00 0.75 16.98
2025-02-23,FORTUM FIN SURYA Karnataka Private IPP Solar 100.00 0.69 15.41
2025-02-23,FORTUM SOLAR Karnataka Private IPP Solar 250.00 0.35 8.05
2025-02-23,KREDL Karnataka Private IPP Solar 50.00 0.77 17.70
2025-02-23,PARAMPUJYA Karnataka Private IPP Solar 150.00 0.38 8.44
2025-02-23,RENEW TN2 Karnataka Private IPP Solar 50.00 1.47 34.19
2025-02-23,SBG ENERGY Karnataka Private IPP Solar 200.00 1.84 42.47
2025-02-23,TATA RENEWABLES Karnataka Private IPP Solar 400.00 2.64 62.18
2025-02-23,YARROW Karnataka Private IPP Solar 50.00 0.38 8.89
2025-02-23,कनजाटक / Karnataka 12.58 33.64 11.34 57.56 316.81 846.52 265.77 1429.10
2025-02-24,कनजाटक / Karnataka 24.09 49.69 12.67 86.45 383.76 1257.73 278.44 1919.93
2025-02-24,KOPPAL_AYANASIX_W Karnataka Private IPP Wind 50.00 0.21 5.02
2025-02-24,KOPPAL_RENEWROSHNI_W Karnataka Private IPP Wind 73.00 1.88 24.98
2025-02-24,KOPPAL SRI1PL Karnataka Private IPP Solar 120.00 1.32 29.08
2025-02-24,IRCON SOLAR Karnataka Private IPP Solar 50.00 -1.20 -13.16
2025-02-24,GADAG_VENA_W Karnataka Private IPP Wind 133.00 1.08 16.03
2025-02-24,GADAG_VENA_S Karnataka Private IPP Solar 31.00 -0.14 -1.87
2025-02-24,KOPPAL_RENEWOJAS_S Karnataka Private IPP Solar 81.00 0.56 12.59
2025-02-24,All ADYAH Karnataka Private IPP Solar 300.00 2.42 54.43
2025-02-24,AMPLUS PAVAGADA Karnataka Private IPP Solar 50.00 0.40 9.33
2025-02-24,AMPLUS TUMKUR Karnataka Private IPP Solar 50.00 0.40 9.31
2025-02-24,AVAADA SOLAR Karnataka Private IPP Solar 150.00 1.16 26.69
2025-02-24,AVAADA SOLARISE Karnataka Private IPP Solar 150.00 1.17 26.90
2025-02-24,AZURE POWER EARTH Karnataka Private IPP Solar 100.00 0.80 17.78
2025-02-24,FORTUM FIN SURYA Karnataka Private IPP Solar 100.00 0.71 16.12
2025-02-24,FORTUM SOLAR Karnataka Private IPP Solar 250.00 0.37 8.42
2025-02-24,KREDL Karnataka Private IPP Solar 50.00 0.81 18.51
2025-02-24,PARAMPUJYA Karnataka Private IPP Solar 150.00 0.40 8.84
2025-02-24,RENEW TN2 Karnataka Private IPP Solar 50.00 1.54 35.73
2025-02-24,SBG ENERGY Karnataka Private IPP Solar 200.00 1.94 44.41
2025-02-24,TATA RENEWABLES Karnataka Private IPP Solar 400.00 2.81 64.99
2025-02-24,YARROW Karnataka Private IPP Solar 50.00 0.40 9.29
2025-02-24,कनजाटक / Karnataka 20.92 33.82 12.67 67.41 337.73 880.34 278.44 1496.51
2025-02-25,कनजाटक / Karnataka 32.77 50.92 10.59 94.28 416.53 1308.65 289.03 2014.21
2025-02-25,KOPPAL_AYANASIX_W Karnataka Private IPP Wind 50.00 0.21 5.23
2025-02-25,KOPPAL_RENEWROSHNI_W Karnataka Private IPP Wind 73.00 3.04 28.02
2025-02-25,KOPPAL SRI1PL Karnataka Private IPP Solar 120.00 0.87 29.95
2025-02-25,IRCON SOLAR Karnataka Private IPP Solar 50.00 1.16 -12.00
2025-02-25,GADAG_VENA_W Karnataka Private IPP Wind 133.00 1.28 17.31
2025-02-25,GADAG_VENA_S Karnataka Private IPP Solar 31.00 -0.13 -2.00
2025-02-25,KOPPAL_RENEWOJAS_S Karnataka Private IPP Solar 81.00 0.40 12.99
2025-02-25,All ADYAH Karnataka Private IPP Solar 300.00 2.32 56.75
2025-02-25,AMPLUS PAVAGADA Karnataka Private IPP Solar 50.00 0.39 9.72
2025-02-25,AMPLUS TUMKUR Karnataka Private IPP Solar 50.00 0.39 9.70
2025-02-25,AVAADA SOLAR Karnataka Private IPP Solar 150.00 1.10 27.79
2025-02-25,AVAADA SOLARISE Karnataka Private IPP Solar 150.00 1.13 28.03
2025-02-25,AZURE POWER EARTH Karnataka Private IPP Solar 100.00 0.77 18.55
2025-02-25,FORTUM FIN SURYA Karnataka Private IPP Solar 100.00 0.69 16.81
2025-02-25,FORTUM SOLAR Karnataka Private IPP Solar 250.00 0.36 8.78
2025-02-25,KREDL Karnataka Private IPP Solar 50.00 0.78 19.29
2025-02-25,PARAMPUJYA Karnataka Private IPP Solar 150.00 0.39 9.23
2025-02-25,RENEW TN2 Karnataka Private IPP Solar 50.00 1.50 37.23
2025-02-25,SBG ENERGY Karnataka Private IPP Solar 200.00 1.88 46.29
2025-02-25,TATA RENEWABLES Karnataka Private IPP Solar 400.00 2.72 67.71
2025-02-25,YARROW Karnataka Private IPP Solar 50.00 0.38 9.67
2025-02-25,कनजाटक / Karnataka 28.24 33.82 10.59 72.65 365.97 914.16 289.03 1569.16
2025-02-26,कनजाटक / Karnataka 38.32 54.56 10.78 103.66 454.85 1363.21 299.81 2117.87
2025-02-26,KOPPAL_AYANASIX_W Karnataka Private IPP Wind 50.00 0.20 5.43
2025-02-26,KOPPAL_RENEWROSHNI_W Karnataka Private IPP Wind 73.00 3.77 31.79
2025-02-26,KOPPAL SRI1PL Karnataka Private IPP Solar 120.00 1.29 31.24
2025-02-26,IRCON SOLAR Karnataka Private IPP Solar 50.00 -1.28 -13.28
2025-02-26,GADAG_VENA_W Karnataka Private IPP Wind 133.00 1.42 18.73
2025-02-26,GADAG_VENA_S Karnataka Private IPP Solar 31.00 -0.15 -2.15
2025-02-26,KOPPAL_RENEWOJAS_S Karnataka Private IPP Solar 81.00 0.60 13.59
2025-02-26,All ADYAH Karnataka Private IPP Solar 300.00 2.44 59.19
2025-02-26,AMPLUS PAVAGADA Karnataka Private IPP Solar 50.00 0.41 10.13
2025-02-26,AMPLUS TUMKUR Karnataka Private IPP Solar 50.00 0.41 10.11
2025-02-26,AVAADA SOLAR Karnataka Private IPP Solar 150.00 1.19 28.98
2025-02-26,AVAADA SOLARISE Karnataka Private IPP Solar 150.00 1.19 29.22
2025-02-26,AZURE POWER EARTH Karnataka Private IPP Solar 100.00 0.81 19.36
2025-02-26,FORTUM FIN SURYA Karnataka Private IPP Solar 100.00 0.74 17.55
2025-02-26,FORTUM SOLAR Karnataka Private IPP Solar 250.00 0.38 9.16
2025-02-26,KREDL Karnataka Private IPP Solar 50.00 0.82 20.11
2025-02-26,PARAMPUJYA Karnataka Private IPP Solar 150.00 0.41 9.64
2025-02-26,RENEW TN2 Karnataka Private IPP Solar 50.00 1.56 38.79
2025-02-26,SBG ENERGY Karnataka Private IPP Solar 200.00 1.99 48.28
2025-02-26,TATA RENEWABLES Karnataka Private IPP Solar 400.00 2.87 70.58
2025-02-26,YARROW Karnataka Private IPP Solar 50.00 0.41 10.08
2025-02-26,कनजाटक / Karnataka 32.93 38.47 10.78 82.18 398.90 952.63 299.81 1651.34
2025-02-27,कनजाटक / Karnataka 29.21 52.88 10.86 92.95 484.06 1416.09 310.67 2210.82
2025-02-27,KOPPAL_AYANASIX_W Karnataka Private IPP Wind 50.00 0.20 5.63
2025-02-27,KOPPAL_RENEWROSHNI_W Karnataka Private IPP Wind 73.00 2.56 34.35
2025-02-27,KOPPAL SRI1PL Karnataka Private IPP Solar 120.00 1.30 32.54
2025-02-27,IRCON SOLAR Karnataka Private IPP Solar 50.00 -1.17 -14.45
2025-02-27,GADAG_VENA_W Karnataka Private IPP Wind 133.00 0.92 19.65
2025-02-27,GADAG_VENA_S Karnataka Private IPP Solar 31.00 -0.14 -2.29
2025-02-27,KOPPAL_RENEWOJAS_S Karnataka Private IPP Solar 81.00 0.91 14.50
2025-02-27,All ADYAH Karnataka Private IPP Solar 300.00 2.30 61.49
2025-02-27,AMPLUS PAVAGADA Karnataka Private IPP Solar 50.00 0.39 10.52
2025-02-27,AMPLUS TUMKUR Karnataka Private IPP Solar 50.00 0.39 10.50
2025-02-27,AVAADA SOLAR Karnataka Private IPP Solar 150.00 1.12 30.10
2025-02-27,AVAADA SOLARISE Karnataka Private IPP Solar 150.00 1.11 30.33
2025-02-27,AZURE POWER EARTH Karnataka Private IPP Solar 100.00 0.77 20.13
2025-02-27,FORTUM FIN SURYA Karnataka Private IPP Solar 100.00 0.69 18.24
2025-02-27,FORTUM SOLAR Karnataka Private IPP Solar 250.00 0.35 9.51
2025-02-27,KREDL Karnataka Private IPP Solar 50.00 0.77 20.88
2025-02-27,PARAMPUJYA Karnataka Private IPP Solar 150.00 0.38 10.02
2025-02-27,RENEW TN2 Karnataka Private IPP Solar 50.00 1.50 40.29
2025-02-27,SBG ENERGY Karnataka Private IPP Solar 200.00 1.88 50.16
2025-02-27,TATA RENEWABLES Karnataka Private IPP Solar 400.00 2.70 73.28
2025-02-27,YARROW Karnataka Private IPP Solar 50.00 0.38 10.46
2025-02-27,कनजाटक / Karnataka 25.53 37.25 10.86 73.64 424.43 989.88 310.67 1724.98
2025-02-28,कनजाटक / Karnataka 27.18 53.07 11.43 91.68 511.24 1469.16 322.10 2302.50
2025-02-28,KOPPAL_AYANASIX_W Karnataka Private IPP Wind 50.00 0.22 5.85
2025-02-28,KOPPAL_RENEWROSHNI_W Karnataka Private IPP Wind 73.00 2.09 36.44
2025-02-28,KOPPAL SRI1PL Karnataka Private IPP Solar 120.00 1.34 33.88
2025-02-28,IRCON SOLAR Karnataka Private IPP Solar 50.00 -1.10 -15.55
2025-02-28,GADAG_VENA_W Karnataka Private IPP Wind 133.00 0.87 20.52
2025-02-28,GADAG_VENA_S Karnataka Private IPP Solar 31.00 -0.14 -2.43
2025-02-28,KOPPAL_RENEWOJAS_S Karnataka Private IPP Solar 81.00 1.02 15.52
2025-02-28,All ADYAH Karnataka Private IPP Solar 300.00 2.29 63.78
2025-02-28,AMPLUS PAVAGADA Karnataka Private IPP Solar 50.00 0.39 10.91
2025-02-28,AMPLUS TUMKUR Karnataka Private IPP Solar 50.00 0.39 10.89
2025-02-28,AVAADA SOLAR Karnataka Private IPP Solar 150.00 1.12 31.22
2025-02-28,AVAADA SOLARISE Karnataka Private IPP Solar 150.00 1.12 31.45
2025-02-28,AZURE POWER EARTH Karnataka Private IPP Solar 100.00 0.77 20.90
2025-02-28,FORTUM FIN SURYA Karnataka Private IPP Solar 100.00 0.68 18.92
2025-02-28,FORTUM SOLAR Karnataka Private IPP Solar 250.00 0.36 9.87
2025-02-28,KREDL Karnataka Private IPP Solar 50.00 0.77 21.65
2025-02-28,PARAMPUJYA Karnataka Private IPP Solar 150.00 0.37 10.39
2025-02-28,RENEW TN2 Karnataka Private IPP Solar 50.00 1.50 41.79
2025-02-28,SBG ENERGY Karnataka Private IPP Solar 200.00 1.82 51.98
2025-02-28,TATA RENEWABLES Karnataka Private IPP Solar 400.00 2.69 75.97
2025-02-28,YARROW Karnataka Private IPP Solar 50.00 0.38 10.84
2025-02-28,कनजाटक / Karnataka 24.00 37.30 11.43 72.73 448.43 1027.18 322.10 1797.71
2025-03-01,कनजाटक / Karnataka 23.70 54.76 10.42 88.88 23.70 54.76 10.42 88.88
2025-03-01,KOPPAL_AYANASIX_W Karnataka Private IPP Wind 50.00 0.20 0.20
2025-03-01,KOPPAL_RENEWROSHNI_W Karnataka Private IPP Wind 73.00 2.04 2.04
2025-03-01,KOPPAL SRI1PL Karnataka Private IPP Solar 120.00 1.40 1.40
2025-03-01,IRCON SOLAR Karnataka Private IPP Solar 50.00 -1.21 -1.21
2025-03-01,GADAG_VENA_W Karnataka Private IPP Wind 133.00 0.70 0.70
2025-03-01,GADAG_VENA_S Karnataka Private IPP Solar 31.00 -0.15 -0.15
2025-03-01,KOPPAL_RENEWOJAS_S Karnataka Private IPP Solar 81.00 0.04 0.04
2025-03-01,All ADYAH Karnataka Private IPP Solar 300.00 2.39 2.39
2025-03-01,AMPLUS PAVAGADA Karnataka Private IPP Solar 50.00 0.41 0.41
2025-03-01,AMPLUS TUMKUR Karnataka Private IPP Solar 50.00 0.41 0.41
2025-03-01,AVAADA SOLAR Karnataka Private IPP Solar 150.00 1.17 1.17
2025-03-01,AVAADA SOLARISE Karnataka Private IPP Solar 150.00 1.17 1.17
2025-03-01,AZURE POWER EARTH Karnataka Private IPP Solar 100.00 0.79 0.79
2025-03-01,FORTUM FIN SURYA Karnataka Private IPP Solar 100.00 0.74 0.74
2025-03-01,FORTUM SOLAR Karnataka Private IPP Solar 250.00 0.37 0.37
2025-03-01,KREDL Karnataka Private IPP Solar 50.00 0.81 0.81
2025-03-01,PARAMPUJYA Karnataka Private IPP Solar 150.00 0.41 0.41
2025-03-01,RENEW TN2 Karnataka Private IPP Solar 50.00 1.55 1.55
2025-03-01,SBG ENERGY Karnataka Private IPP Solar 200.00 1.95 1.95
2025-03-01,TATA RENEWABLES Karnataka Private IPP Solar 400.00 2.83 2.83
2025-03-01,YARROW Karnataka Private IPP Solar 50.00 0.40 0.40
2025-03-01,कनजाटक / Karnataka 20.76 39.28 10.42 70.46 20.76 39.28 10.42 70.46
2025-03-02,कनजाटक / Karnataka 17.18 54.06 9.61 80.85 40.88 108.82 20.03 169.73
2025-03-02,KOPPAL_AYANASIX_W Karnataka Private IPP Wind 50.00 0.20 0.40
2025-03-02,KOPPAL_RENEWROSHNI_W Karnataka Private IPP Wind 73.00 1.61 3.65
2025-03-02,KOPPAL SRI1PL Karnataka Private IPP Solar 120.00 1.41 2.81
2025-03-02,IRCON SOLAR Karnataka Private IPP Solar 50.00 -1.25 -2.46
2025-03-02,GADAG_VENA_W Karnataka Private IPP Wind 133.00 0.71 1.41
2025-03-02,GADAG_VENA_S Karnataka Private IPP Solar 31.00 -0.15 -0.30
2025-03-02,KOPPAL_RENEWOJAS_S Karnataka Private IPP Solar 81.00 0.58 0.62
2025-03-02,All ADYAH Karnataka Private IPP Solar 300.00 2.43 4.82
2025-03-02,AMPLUS PAVAGADA Karnataka Private IPP Solar 50.00 0.41 0.82
2025-03-02,AMPLUS TUMKUR Karnataka Private IPP Solar 50.00 0.41 0.82
2025-03-02,AVAADA SOLAR Karnataka Private IPP Solar 150.00 1.17 2.34
2025-03-02,AVAADA SOLARISE Karnataka Private IPP Solar 150.00 1.17 2.34
2025-03-02,AZURE POWER EARTH Karnataka Private IPP Solar 100.00 0.80 1.59
2025-03-02,FORTUM FIN SURYA Karnataka Private IPP Solar 100.00 0.73 1.47
2025-03-02,FORTUM SOLAR Karnataka Private IPP Solar 250.00 0.37 0.74
2025-03-02,KREDL Karnataka Private IPP Solar 50.00 0.79 1.60
2025-03-02,PARAMPUJYA Karnataka Private IPP Solar 150.00 0.41 0.82
2025-03-02,RENEW TN2 Karnataka Private IPP Solar 50.00 1.55 3.10
2025-03-02,SBG ENERGY Karnataka Private IPP Solar 200.00 1.97 3.92
2025-03-02,TATA RENEWABLES Karnataka Private IPP Solar 400.00 2.85 5.68
2025-03-02,YARROW Karnataka Private IPP Solar 50.00 0.40 0.80
2025-03-02,कनजाटक / Karnataka 14.66 38.01 9.61 62.28 35.42 77.29 20.03 132.74
2025-03-03,कनजाटक / Karnataka 12.20 51.35 10.32 73.87 53.08 160.17 30.35 243.60
2025-03-03,KOPPAL_AYANASIX_W Karnataka Private IPP Wind 50.00 0.24 0.64
2025-03-03,KOPPAL_RENEWROSHNI_W Karnataka Private IPP Wind 73.00 0.97 4.62
2025-03-03,KOPPAL SRI1PL Karnataka Private IPP Solar 120.00 1.31 4.12
2025-03-03,IRCON SOLAR Karnataka Private IPP Solar 50.00 -1.15 -3.61
2025-03-03,GADAG_VENA_W Karnataka Private IPP Wind 133.00 0.37 1.78
2025-03-03,GADAG_VENA_S Karnataka Private IPP Solar 31.00 -0.13 -0.43
2025-03-03,KOPPAL_RENEWOJAS_S Karnataka Private IPP Solar 81.00 0.55 1.17
2025-03-03,All ADYAH Karnataka Private IPP Solar 300.00 2.31 7.13
2025-03-03,AMPLUS PAVAGADA Karnataka Private IPP Solar 50.00 0.39 1.21
2025-03-03,AMPLUS TUMKUR Karnataka Private IPP Solar 50.00 0.39 1.21
2025-03-03,AVAADA SOLAR Karnataka Private IPP Solar 150.00 1.12 3.46
2025-03-03,AVAADA SOLARISE Karnataka Private IPP Solar 150.00 1.10 3.44
2025-03-03,AZURE POWER EARTH Karnataka Private IPP Solar 100.00 0.76 2.35
2025-03-03,FORTUM FIN SURYA Karnataka Private IPP Solar 100.00 0.69 2.16
2025-03-03,FORTUM SOLAR Karnataka Private IPP Solar 250.00 0.35 1.09
2025-03-03,KREDL Karnataka Private IPP Solar 50.00 0.77 2.37
2025-03-03,PARAMPUJYA Karnataka Private IPP Solar 150.00 0.39 1.21
2025-03-03,RENEW TN2 Karnataka Private IPP Solar 50.00 1.48 4.58
2025-03-03,SBG ENERGY Karnataka Private IPP Solar 200.00 1.87 5.79
2025-03-03,TATA RENEWABLES Karnataka Private IPP Solar 400.00 2.67 8.35
2025-03-03,YARROW Karnataka Private IPP Solar 50.00 0.38 1.18
2025-03-03,कनजाटक / Karnataka 10.62 36.10 10.32 57.04 46.04 113.39 30.35 189.78
2025-03-04,कनजाटक / Karnataka 13.80 45.08 8.93 67.81 66.88 205.25 39.28 311.41
2025-03-04,KOPPAL_AYANASIX_W Karnataka Private IPP Wind 50.00 0.21 0.85
2025-03-04,KOPPAL_RENEWROSHNI_W Karnataka Private IPP Wind 73.00 1.08 5.70
2025-03-04,KOPPAL SRI1PL Karnataka Private IPP Solar 120.00 0.93 5.05
2025-03-04,IRCON SOLAR Karnataka Private IPP Solar 50.00 -0.93 -4.54
2025-03-04,GADAG_VENA_W Karnataka Private IPP Wind 133.00 0.41 2.19
2025-03-04,GADAG_VENA_S Karnataka Private IPP Solar 31.00 -0.12 -0.55
2025-03-04,KOPPAL_RENEWOJAS_S Karnataka Private IPP Solar 81.00 0.48 1.65
2025-03-04,All ADYAH Karnataka Private IPP Solar 300.00 1.83 8.96
2025-03-04,AMPLUS PAVAGADA Karnataka Private IPP Solar 50.00 0.33 1.54
2025-03-04,AMPLUS TUMKUR Karnataka Private IPP Solar 50.00 0.33 1.54
2025-03-04,AVAADA SOLAR Karnataka Private IPP Solar 150.00 0.91 4.37
2025-03-04,AVAADA SOLARISE Karnataka Private IPP Solar 150.00 0.91 4.35
2025-03-04,AZURE POWER EARTH Karnataka Private IPP Solar 100.00 0.64 2.99
2025-03-04,FORTUM FIN SURYA Karnataka Private IPP Solar 100.00 0.58 2.74
2025-03-04,FORTUM SOLAR Karnataka Private IPP Solar 250.00 0.30 1.39
2025-03-04,KREDL Karnataka Private IPP Solar 50.00 0.65 3.02
2025-03-04,PARAMPUJYA Karnataka Private IPP Solar 150.00 0.30 1.51
2025-03-04,RENEW TN2 Karnataka Private IPP Solar 50.00 1.24 5.82
2025-03-04,SBG ENERGY Karnataka Private IPP Solar 200.00 1.55 7.34
2025-03-04,TATA RENEWABLES Karnataka Private IPP Solar 400.00 2.23 10.58
2025-03-04,YARROW Karnataka Private IPP Solar 50.00 0.32 1.50
2025-03-04,कनजाटक / Karnataka 12.10 32.60 8.93 53.63 58.14 145.99 39.28 243.41
2025-03-05,कनजाटक / Karnataka 15.28 49.57 8.75 73.60 82.16 254.82 48.03 385.01
2025-03-05,KOPPAL_AYANASIX_W Karnataka Private IPP Wind 50.00 0.20 1.05
2025-03-05,KOPPAL_RENEWROSHNI_W Karnataka Private IPP Wind 73.00 0.48 6.18
2025-03-05,KOPPAL SRI1PL Karnataka Private IPP Solar 120.00 1.22 6.27
2025-03-05,IRCON SOLAR Karnataka Private IPP Solar 50.00 0.98 -3.56
2025-03-05,GADAG_VENA_W Karnataka Private IPP Wind 133.00 0.33 2.52
2025-03-05,GADAG_VENA_S Karnataka Private IPP Solar 31.00 0.13 -0.42
2025-03-05,KOPPAL_RENEWOJAS_S Karnataka Private IPP Solar 81.00 0.50 2.15
2025-03-05,All ADYAH Karnataka Private IPP Solar 300.00 2.10 11.06
2025-03-05,AMPLUS PAVAGADA Karnataka Private IPP Solar 50.00 0.34 1.88
2025-03-05,AMPLUS TUMKUR Karnataka Private IPP Solar 50.00 0.35 1.89
2025-03-05,AVAADA SOLAR Karnataka Private IPP Solar 150.00 1.01 5.38
2025-03-05,AVAADA SOLARISE Karnataka Private IPP Solar 150.00 1.01 5.36
2025-03-05,AZURE POWER EARTH Karnataka Private IPP Solar 100.00 0.70 3.69
2025-03-05,FORTUM FIN SURYA Karnataka Private IPP Solar 100.00 0.63 3.37
2025-03-05,FORTUM SOLAR Karnataka Private IPP Solar 250.00 0.34 1.73
2025-03-05,KREDL Karnataka Private IPP Solar 50.00 0.71 3.73
2025-03-05,PARAMPUJYA Karnataka Private IPP Solar 150.00 0.33 1.84
2025-03-05,RENEW TN2 Karnataka Private IPP Solar 50.00 1.35 7.17
2025-03-05,SBG ENERGY Karnataka Private IPP Solar 200.00 1.72 9.06
2025-03-05,TATA RENEWABLES Karnataka Private IPP Solar 400.00 2.47 13.05
2025-03-05,YARROW Karnataka Private IPP Solar 50.00 0.35 1.85
2025-03-05,कनजाटक / Karnataka 14.27 33.33 8.75 56.35 72.41 179.32 48.03 299.76
2025-03-06,कनजाटक / Karnataka 12.77 55.91 9.07 77.75 94.93 310.73 57.10 462.76
2025-03-06,KOPPAL_AYANASIX_W Karnataka Private IPP Wind 50.00 0.20 1.25
2025-03-06,KOPPAL_RENEWROSHNI_W Karnataka Private IPP Wind 73.00 0.58 6.76
2025-03-06,KOPPAL SRI1PL Karnataka Private IPP Solar 120.00 1.53 7.80
2025-03-06,IRCON SOLAR Karnataka Private IPP Solar 50.00 1.10 -2.46
2025-03-06,GADAG_VENA_W Karnataka Private IPP Wind 133.00 0.45 2.97
2025-03-06,GADAG_VENA_S Karnataka Private IPP Solar 31.00 0.14 -0.28
2025-03-06,KOPPAL_RENEWOJAS_S Karnataka Private IPP Solar 81.00 0.58 2.73
2025-03-06,All ADYAH Karnataka Private IPP Solar 300.00 2.28 13.34
2025-03-06,AMPLUS PAVAGADA Karnataka Private IPP Solar 50.00 0.38 2.26
2025-03-06,AMPLUS TUMKUR Karnataka Private IPP Solar 50.00 0.39 2.28
2025-03-06,AVAADA SOLAR Karnataka Private IPP Solar 150.00 1.10 6.48
2025-03-06,AVAADA SOLARISE Karnataka Private IPP Solar 150.00 1.10 6.46
2025-03-06,AZURE POWER EARTH Karnataka Private IPP Solar 100.00 0.77 4.46
2025-03-06,FORTUM FIN SURYA Karnataka Private IPP Solar 100.00 0.68 4.05
2025-03-06,FORTUM SOLAR Karnataka Private IPP Solar 250.00 0.36 2.09
2025-03-06,KREDL Karnataka Private IPP Solar 50.00 0.78 4.51
2025-03-06,PARAMPUJYA Karnataka Private IPP Solar 150.00 0.37 2.21
2025-03-06,RENEW TN2 Karnataka Private IPP Solar 50.00 1.48 8.65
2025-03-06,SBG ENERGY Karnataka Private IPP Solar 200.00 1.88 10.94
2025-03-06,TATA RENEWABLES Karnataka Private IPP Solar 400.00 2.70 15.75
2025-03-06,YARROW Karnataka Private IPP Solar 50.00 0.38 2.23
2025-03-06,कनजाटक / Karnataka 11.54 37.91 9.07 58.52 83.95 217.23 57.10 358.28
2025-03-07,कनजाटक / Karnataka 12.08 54.54 9.35 75.97 107.01 365.27 66.45 538.73
2025-03-07,KOPPAL_AYANASIX_W Karnataka Private IPP Wind 50.00 0.20 1.45
2025-03-07,KOPPAL_RENEWROSHNI_W Karnataka Private IPP Wind 73.00 0.54 7.30
2025-03-07,KOPPAL SRI1PL Karnataka Private IPP Solar 120.00 1.59 9.39
2025-03-07,IRCON SOLAR Karnataka Private IPP Solar 50.00 -1.28 -3.74
2025-03-07,GADAG_VENA_W Karnataka Private IPP Wind 133.00 0.34 3.31
2025-03-07,GADAG_VENA_S Karnataka Private IPP Solar 31.00 -0.03 -0.31
2025-03-07,KOPPAL_RENEWOJAS_S Karnataka Private IPP Solar 81.00 0.60 3.33
2025-03-07,All ADYAH Karnataka Private IPP Solar 300.00 2.41 15.75
2025-03-07,AMPLUS PAVAGADA Karnataka Private IPP Solar 50.00 0.41 2.67
2025-03-07,AMPLUS TUMKUR Karnataka Private IPP Solar 50.00 0.41 2.69
2025-03-07,AVAADA SOLAR Karnataka Private IPP Solar 150.00 1.18 7.66
2025-03-07,AVAADA SOLARISE Karnataka Private IPP Solar 150.00 1.17 7.63
2025-03-07,AZURE POWER EARTH Karnataka Private IPP Solar 100.00 0.79 5.25
2025-03-07,FORTUM FIN SURYA Karnataka Private IPP Solar 100.00 0.72 4.77
2025-03-07,FORTUM SOLAR Karnataka Private IPP Solar 250.00 0.38 2.47
2025-03-07,KREDL Karnataka Private IPP Solar 50.00 0.81 5.32
2025-03-07,PARAMPUJYA Karnataka Private IPP Solar 150.00 0.41 2.62
2025-03-07,RENEW TN2 Karnataka Private IPP Solar 50.00 1.56 10.21
2025-03-07,SBG ENERGY Karnataka Private IPP Solar 200.00 1.98 12.92
2025-03-07,TATA RENEWABLES Karnataka Private IPP Solar 400.00 2.84 18.59
2025-03-07,YARROW Karnataka Private IPP Solar 50.00 0.40 2.63
2025-03-07,कनजाटक / Karnataka 11.00 38.19 9.35 58.54 94.95 255.42 66.45 416.82
2025-03-08,कनजाटक / Karnataka 7.50 51.64 8.17 67.31 114.51 416.91 74.62 606.04
2025-03-08,KOPPAL_AYANASIX_W Karnataka Private IPP Wind 50.00 0.20 1.65
2025-03-08,KOPPAL_RENEWROSHNI_W Karnataka Private IPP Wind 73.00 0.21 7.51
2025-03-08,KOPPAL SRI1PL Karnataka Private IPP Solar 120.00 1.42 10.81
2025-03-08,IRCON SOLAR Karnataka Private IPP Solar 50.00 -1.24 -4.98
2025-03-08,GADAG_VENA_W Karnataka Private IPP Wind 133.00 0.25 3.56
2025-03-08,GADAG_VENA_S Karnataka Private IPP Solar 31.00 -0.16 -0.47
2025-03-08,KOPPAL_RENEWOJAS_S Karnataka Private IPP Solar 81.00 0.58 3.91
2025-03-08,All ADYAH Karnataka Private IPP Solar 300.00 2.09 17.84
2025-03-08,AMPLUS PAVAGADA Karnataka Private IPP Solar 50.00 0.39 3.06
2025-03-08,AMPLUS TUMKUR Karnataka Private IPP Solar 50.00 0.39 3.08
2025-03-08,AVAADA SOLAR Karnataka Private IPP Solar 150.00 1.10 8.76
2025-03-08,AVAADA SOLARISE Karnataka Private IPP Solar 150.00 1.10 8.73
2025-03-08,AZURE POWER EARTH Karnataka Private IPP Solar 100.00 0.77 6.02
2025-03-08,FORTUM FIN SURYA Karnataka Private IPP Solar 100.00 0.67 5.44
2025-03-08,FORTUM SOLAR Karnataka Private IPP Solar 250.00 0.35 2.82
2025-03-08,KREDL Karnataka Private IPP Solar 50.00 0.76 6.08
2025-03-08,PARAMPUJYA Karnataka Private IPP Solar 150.00 0.38 3.00
2025-03-08,RENEW TN2 Karnataka Private IPP Solar 50.00 1.50 11.71
2025-03-08,SBG ENERGY Karnataka Private IPP Solar 200.00 1.89 14.81
2025-03-08,TATA RENEWABLES Karnataka Private IPP Solar 400.00 2.68 21.27
2025-03-08,YARROW Karnataka Private IPP Solar 50.00 0.37 3.00
2025-03-08,कनजाटक / Karnataka 6.84 36.60 8.17 51.61 101.79 292.02 74.62 468.43
2025-03-09,कनजाटक / Karnataka 13.10 49.30 8.63 71.03 127.61 466.21 83.25 677.07
2025-03-09,KOPPAL_AYANASIX_W Karnataka Private IPP Wind 50.00 0.20 1.85
2025-03-09,KOPPAL_RENEWROSHNI_W Karnataka Private IPP Wind 73.00 1.00 8.51
2025-03-09,KOPPAL SRI1PL Karnataka Private IPP Solar 120.00 1.37 12.18
2025-03-09,IRCON SOLAR Karnataka Private IPP Solar 50.00 -1.19 -6.17
2025-03-09,GADAG_VENA_W Karnataka Private IPP Wind 133.00 0.50 4.06
2025-03-09,GADAG_VENA_S Karnataka Private IPP Solar 31.00 -0.14 -0.61
2025-03-09,KOPPAL_RENEWOJAS_S Karnataka Private IPP Solar 81.00 0.52 4.43
2025-03-09,All ADYAH Karnataka Private IPP Solar 300.00 2.04 19.88
2025-03-09,AMPLUS PAVAGADA Karnataka Private IPP Solar 50.00 0.38 3.44
2025-03-09,AMPLUS TUMKUR Karnataka Private IPP Solar 50.00 0.38 3.46
2025-03-09,AVAADA SOLAR Karnataka Private IPP Solar 150.00 1.08 9.84
2025-03-09,AVAADA SOLARISE Karnataka Private IPP Solar 150.00 1.07 9.80
2025-03-09,AZURE POWER EARTH Karnataka Private IPP Solar 100.00 0.75 6.77
2025-03-09,FORTUM FIN SURYA Karnataka Private IPP Solar 100.00 0.65 6.09
2025-03-09,FORTUM SOLAR Karnataka Private IPP Solar 250.00 0.35 3.17
2025-03-09,KREDL Karnataka Private IPP Solar 50.00 0.75 6.83
2025-03-09,PARAMPUJYA Karnataka Private IPP Solar 150.00 0.37 3.37
2025-03-09,RENEW TN2 Karnataka Private IPP Solar 50.00 1.48 13.19
2025-03-09,SBG ENERGY Karnataka Private IPP Solar 200.00 1.84 16.65
2025-03-09,TATA RENEWABLES Karnataka Private IPP Solar 400.00 2.61 23.88
2025-03-09,YARROW Karnataka Private IPP Solar 50.00 0.36 3.36
2025-03-09,कनजाटक / Karnataka 11.40 34.63 8.63 54.66 113.19 326.65 83.25 523.09
2025-03-10,कनजाटक / Karnataka 33.67 53.31 11.10 98.08 161.28 519.52 94.35 775.15
2025-03-10,KOPPAL_AYANASIX_W Karnataka Private IPP Wind 50.00 1.46 3.31
2025-03-10,KOPPAL_RENEWROSHNI_W Karnataka Private IPP Wind 73.00 2.65 11.16
2025-03-10,KOPPAL SRI1PL Karnataka Private IPP Solar 120.00 1.43 13.61
2025-03-10,IRCON SOLAR Karnataka Private IPP Solar 50.00 -1.30 -7.47
2025-03-10,GADAG_VENA_W Karnataka Private IPP Wind 133.00 1.45 5.51
2025-03-10,GADAG_VENA_S Karnataka Private IPP Solar 31.00 -0.15 -0.76
2025-03-10,KOPPAL_RENEWOJAS_S Karnataka Private IPP Solar 81.00 0.54 4.97
2025-03-10,All ADYAH Karnataka Private IPP Solar 300.00 2.20 22.08
2025-03-10,AMPLUS PAVAGADA Karnataka Private IPP Solar 50.00 0.41 3.85
2025-03-10,AMPLUS TUMKUR Karnataka Private IPP Solar 50.00 0.41 3.87
2025-03-10,AVAADA SOLAR Karnataka Private IPP Solar 150.00 1.18 11.02
2025-03-10,AVAADA SOLARISE Karnataka Private IPP Solar 150.00 1.17 10.97
2025-03-10,AZURE POWER EARTH Karnataka Private IPP Solar 100.00 0.80 7.57
2025-03-10,FORTUM FIN SURYA Karnataka Private IPP Solar 100.00 0.72 6.81
2025-03-10,FORTUM SOLAR Karnataka Private IPP Solar 250.00 0.37 3.54
2025-03-10,KREDL Karnataka Private IPP Solar 50.00 0.80 7.63
2025-03-10,PARAMPUJYA Karnataka Private IPP Solar 150.00 0.42 3.79
2025-03-10,RENEW TN2 Karnataka Private IPP Solar 50.00 1.57 14.76
2025-03-10,SBG ENERGY Karnataka Private IPP Solar 200.00 1.97 18.62
2025-03-10,TATA RENEWABLES Karnataka Private IPP Solar 400.00 2.81 26.69
2025-03-10,YARROW Karnataka Private IPP Solar 50.00 0.39 3.75
2025-03-10,कनजाटक / Karnataka 28.11 37.57 11.10 76.78 141.30 364.22 94.35 599.87
2025-03-11,कनजाटक / Karnataka 43.11 52.40 8.51 104.02 204.39 571.92 102.86 879.17
2025-03-11,KOPPAL_AYANASIX_W Karnataka Private IPP Wind 50.00 4.22 7.53
2025-03-11,KOPPAL_RENEWROSHNI_W Karnataka Private IPP Wind 73.00 3.77 14.93
2025-03-11,KOPPAL SRI1PL Karnataka Private IPP Solar 120.00 1.24 14.85
2025-03-11,IRCON SOLAR Karnataka Private IPP Solar 50.00 -1.33 -8.80
2025-03-11,GADAG_VENA_W Karnataka Private IPP Wind 133.00 1.21 6.72
2025-03-11,GADAG_VENA_S Karnataka Private IPP Solar 31.00 -0.15 -0.91
2025-03-11,KOPPAL_RENEWOJAS_S Karnataka Private IPP Solar 81.00 0.56 5.53
2025-03-11,All ADYAH Karnataka Private IPP Solar 300.00 2.40 24.48
2025-03-11,AMPLUS PAVAGADA Karnataka Private IPP Solar 50.00 0.41 4.26
2025-03-11,AMPLUS TUMKUR Karnataka Private IPP Solar 50.00 0.41 4.28
2025-03-11,AVAADA SOLAR Karnataka Private IPP Solar 150.00 1.07 12.09
2025-03-11,AVAADA SOLARISE Karnataka Private IPP Solar 150.00 1.18 12.15
2025-03-11,AZURE POWER EARTH Karnataka Private IPP Solar 100.00 0.81 8.38
2025-03-11,FORTUM FIN SURYA Karnataka Private IPP Solar 100.00 0.73 7.54
2025-03-11,FORTUM SOLAR Karnataka Private IPP Solar 250.00 0.38 3.92
2025-03-11,KREDL Karnataka Private IPP Solar 50.00 0.81 8.44
2025-03-11,PARAMPUJYA Karnataka Private IPP Solar 150.00 0.42 4.21
2025-03-11,RENEW TN2 Karnataka Private IPP Solar 50.00 1.56 16.32
2025-03-11,SBG ENERGY Karnataka Private IPP Solar 200.00 1.99 20.61
2025-03-11,TATA RENEWABLES Karnataka Private IPP Solar 400.00 2.83 29.52
2025-03-11,YARROW Karnataka Private IPP Solar 50.00 0.40 4.15
2025-03-11,कनजाटक / Karnataka 33.91 36.68 8.51 79.10 175.21 400.90 102.86 678.97
2025-03-12,कनजाटक / Karnataka 21.84 53.74 9.03 84.61 226.23 625.66 111.89 963.78
2025-03-12,KOPPAL_AYANASIX_W Karnataka Private IPP Wind 50.00 1.22 8.75
2025-03-12,KOPPAL_RENEWROSHNI_W Karnataka Private IPP Wind 73.00 1.78 16.71
2025-03-12,KOPPAL SRI1PL Karnataka Private IPP Solar 120.00 1.39 16.24
2025-03-12,IRCON SOLAR Karnataka Private IPP Solar 50.00 -1.35 -10.15
2025-03-12,GADAG_VENA_W Karnataka Private IPP Wind 133.00 0.72 7.44
2025-03-12,GADAG_VENA_S Karnataka Private IPP Solar 31.00 -0.15 -1.06
2025-03-12,KOPPAL_RENEWOJAS_S Karnataka Private IPP Solar 81.00 0.59 6.12
2025-03-12,All ADYAH Karnataka Private IPP Solar 300.00 2.43 26.91
2025-03-12,AMPLUS PAVAGADA Karnataka Private IPP Solar 50.00 0.41 4.67
2025-03-12,AMPLUS TUMKUR Karnataka Private IPP Solar 50.00 0.41 4.69
2025-03-12,AVAADA SOLAR Karnataka Private IPP Solar 150.00 1.13 13.22
2025-03-12,AVAADA SOLARISE Karnataka Private IPP Solar 150.00 1.19 13.34
2025-03-12,AZURE POWER EARTH Karnataka Private IPP Solar 100.00 0.81 9.19
2025-03-12,FORTUM FIN SURYA Karnataka Private IPP Solar 100.00 0.74 8.28
2025-03-12,FORTUM SOLAR Karnataka Private IPP Solar 250.00 0.38 4.30
2025-03-12,KREDL Karnataka Private IPP Solar 50.00 0.81 9.25
2025-03-12,PARAMPUJYA Karnataka Private IPP Solar 150.00 0.42 4.63
2025-03-12,RENEW TN2 Karnataka Private IPP Solar 50.00 1.58 17.90
2025-03-12,SBG ENERGY Karnataka Private IPP Solar 200.00 2.01 22.62
2025-03-12,TATA RENEWABLES Karnataka Private IPP Solar 400.00 2.91 32.43
2025-03-12,YARROW Karnataka Private IPP Solar 50.00 0.40 4.55
2025-03-12,कनजाटक / Karnataka 18.12 37.63 9.03 64.78 193.33 438.53 111.89 743.75
2025-03-13,कनजाटक / Karnataka 14.15 51.83 0.00 65.98 240.38 677.49 111.89 1029.76
2025-03-13,KOPPAL_AYANASIX_W Karnataka Private IPP Wind 50.00 1.18 9.93
2025-03-13,KOPPAL_RENEWROSHNI_W Karnataka Private IPP Wind 73.00 1.05 17.76
2025-03-13,KOPPAL SRI1PL Karnataka Private IPP Solar 120.00 1.31 17.55
2025-03-13,IRCON SOLAR Karnataka Private IPP Solar 50.00 -1.21 -11.36
2025-03-13,GADAG_VENA_W Karnataka Private IPP Wind 133.00 0.55 7.99
2025-03-13,GADAG_VENA_S Karnataka Private IPP Solar 31.00 -0.14 -1.20
2025-03-13,KOPPAL_RENEWOJAS_S Karnataka Private IPP Solar 81.00 0.54 6.66
2025-03-13,All ADYAH Karnataka Private IPP Solar 300.00 0.41 27.32
2025-03-13,AMPLUS PAVAGADA Karnataka Private IPP Solar 50.00 0.40 5.07
2025-03-13,AMPLUS TUMKUR Karnataka Private IPP Solar 50.00 0.40 5.09
2025-03-13,AVAADA SOLAR Karnataka Private IPP Solar 150.00 1.15 14.37
2025-03-13,AVAADA SOLARISE Karnataka Private IPP Solar 150.00 1.13 14.47
2025-03-13,AZURE POWER EARTH Karnataka Private IPP Solar 100.00 0.79 9.98
2025-03-13,FORTUM FIN SURYA Karnataka Private IPP Solar 100.00 1.91 10.19
2025-03-13,FORTUM SOLAR Karnataka Private IPP Solar 250.00 0.35 4.65
2025-03-13,KREDL Karnataka Private IPP Solar 50.00 0.80 10.05
2025-03-13,PARAMPUJYA Karnataka Private IPP Solar 150.00 0.40 5.03
2025-03-13,RENEW TN2 Karnataka Private IPP Solar 50.00 1.53 19.43
2025-03-13,SBG ENERGY Karnataka Private IPP Solar 200.00 2.02 24.64
2025-03-13,TATA RENEWABLES Karnataka Private IPP Solar 400.00 2.71 35.14
2025-03-13,YARROW Karnataka Private IPP Solar 50.00 0.40 4.95
2025-03-13,कनजाटक / Karnataka 11.37 36.93 0.00 48.30 204.70 475.46 111.89 792.05
2025-03-14,कनजाटक / Karnataka 12.19 53.72 9.02 74.93 252.57 731.21 120.91 1104.69
2025-03-14,KOPPAL_AYANASIX_W Karnataka Private IPP Wind 50.00 0.93 10.86
2025-03-14,KOPPAL_RENEWROSHNI_W Karnataka Private IPP Wind 73.00 0.51 18.27
2025-03-14,KOPPAL SRI1PL Karnataka Private IPP Solar 120.00 1.36 18.91
2025-03-14,IRCON SOLAR Karnataka Private IPP Solar 50.00 1.21 -10.15
2025-03-14,GADAG_VENA_W Karnataka Private IPP Wind 133.00 0.45 8.44
2025-03-14,GADAG_VENA_S Karnataka Private IPP Solar 31.00 -0.15 -1.35
2025-03-14,KOPPAL_RENEWOJAS_S Karnataka Private IPP Solar 81.00 0.55 7.21
2025-03-14,All ADYAH Karnataka Private IPP Solar 300.00 2.25 29.57
2025-03-14,AMPLUS PAVAGADA Karnataka Private IPP Solar 50.00 0.39 5.46
2025-03-14,AMPLUS TUMKUR Karnataka Private IPP Solar 50.00 0.38 5.47
2025-03-14,AVAADA SOLAR Karnataka Private IPP Solar 150.00 1.08 15.45
2025-03-14,AVAADA SOLARISE Karnataka Private IPP Solar 150.00 1.10 15.57
2025-03-14,AZURE POWER EARTH Karnataka Private IPP Solar 100.00 0.77 10.75
2025-03-14,FORTUM FIN SURYA Karnataka Private IPP Solar 100.00 0.67 10.86
2025-03-14,FORTUM SOLAR Karnataka Private IPP Solar 250.00 0.35 5.00
2025-03-14,KREDL Karnataka Private IPP Solar 50.00 0.75 10.80
2025-03-14,PARAMPUJYA Karnataka Private IPP Solar 150.00 0.38 5.41
2025-03-14,RENEW TN2 Karnataka Private IPP Solar 50.00 1.49 20.92
2025-03-14,SBG ENERGY Karnataka Private IPP Solar 200.00 1.87 26.51
2025-03-14,TATA RENEWABLES Karnataka Private IPP Solar 400.00 2.64 37.78
2025-03-14,YARROW Karnataka Private IPP Solar 50.00 0.36 5.31
2025-03-14,कनजाटक / Karnataka 10.30 36.27 9.02 55.59 215.00 511.73 120.91 847.64
2025-03-15,कनजाटक / Karnataka 15.87 52.20 9.28 77.35 268.44 783.41 130.19 1182.04
2025-03-15,KOPPAL_AYANASIX_W Karnataka Private IPP Wind 50.00 0.71 11.57
2025-03-15,KOPPAL_RENEWROSHNI_W Karnataka Private IPP Wind 73.00 0.80 19.07
2025-03-15,KOPPAL SRI1PL Karnataka Private IPP Solar 120.00 1.36 20.27
2025-03-15,IRCON SOLAR Karnataka Private IPP Solar 50.00 0.00 -10.15
2025-03-15,GADAG_VENA_W Karnataka Private IPP Wind 133.00 0.99 9.43
2025-03-15,GADAG_VENA_S Karnataka Private IPP Solar 31.00 0.00 -1.35
2025-03-15,KOPPAL_RENEWOJAS_S Karnataka Private IPP Solar 81.00 0.56 7.77
2025-03-15,All ADYAH Karnataka Private IPP Solar 300.00 2.25 31.82
2025-03-15,AMPLUS PAVAGADA Karnataka Private IPP Solar 50.00 0.38 5.84
2025-03-15,AMPLUS TUMKUR Karnataka Private IPP Solar 50.00 0.38 5.85
2025-03-15,AVAADA SOLAR Karnataka Private IPP Solar 150.00 1.09 16.54
2025-03-15,AVAADA SOLARISE Karnataka Private IPP Solar 150.00 1.09 16.66
2025-03-15,AZURE POWER EARTH Karnataka Private IPP Solar 100.00 0.76 11.51
2025-03-15,FORTUM FIN SURYA Karnataka Private IPP Solar 100.00 0.67 11.53
2025-03-15,FORTUM SOLAR Karnataka Private IPP Solar 250.00 0.35 5.35
2025-03-15,KREDL Karnataka Private IPP Solar 50.00 0.75 11.55
2025-03-15,PARAMPUJYA Karnataka Private IPP Solar 150.00 0.37 5.78
2025-03-15,RENEW TN2 Karnataka Private IPP Solar 50.00 1.46 22.38
2025-03-15,SBG ENERGY Karnataka Private IPP Solar 200.00 1.86 28.37
2025-03-15,TATA RENEWABLES Karnataka Private IPP Solar 400.00 2.63 40.41
2025-03-15,YARROW Karnataka Private IPP Solar 50.00 0.37 5.68
2025-03-15,कनजाटक / Karnataka 13.37 35.87 9.28 58.52 228.37 547.60 130.19 906.16
2025-03-16,कनजाटक / Karnataka 13.92 52.66 8.02 74.60 282.36 836.07 138.21 1256.64
2025-03-16,KOPPAL_AYANASIX_W Karnataka Private IPP Wind 50.00 1.00 12.57
2025-03-16,KOPPAL_RENEWROSHNI_W Karnataka Private IPP Wind 73.00 0.93 20.00
2025-03-16,KOPPAL SRI1PL Karnataka Private IPP Solar 120.00 1.47 21.74
2025-03-16,IRCON SOLAR Karnataka Private IPP Solar 50.00 -1.48 -11.63
2025-03-16,GADAG_VENA_W Karnataka Private IPP Wind 133.00 0.86 10.29
2025-03-16,GADAG_VENA_S Karnataka Private IPP Solar 31.00 -0.16 -1.51
2025-03-16,KOPPAL_RENEWOJAS_S Karnataka Private IPP Solar 81.00 0.59 8.36
2025-03-16,All ADYAH Karnataka Private IPP Solar 300.00 2.25 34.07
2025-03-16,AMPLUS PAVAGADA Karnataka Private IPP Solar 50.00 0.42 6.26
2025-03-16,AMPLUS TUMKUR Karnataka Private IPP Solar 50.00 0.42 6.27
2025-03-16,AVAADA SOLAR Karnataka Private IPP Solar 150.00 1.22 17.76
2025-03-16,AVAADA SOLARISE Karnataka Private IPP Solar 150.00 1.21 17.87
2025-03-16,AZURE POWER EARTH Karnataka Private IPP Solar 100.00 0.59 12.10
2025-03-16,FORTUM FIN SURYA Karnataka Private IPP Solar 100.00 0.75 12.28
2025-03-16,FORTUM SOLAR Karnataka Private IPP Solar 250.00 0.39 5.74
2025-03-16,KREDL Karnataka Private IPP Solar 50.00 0.83 12.38
2025-03-16,PARAMPUJYA Karnataka Private IPP Solar 150.00 0.44 6.22
2025-03-16,RENEW TN2 Karnataka Private IPP Solar 50.00 1.63 24.01
2025-03-16,SBG ENERGY Karnataka Private IPP Solar 200.00 2.02 30.39
2025-03-16,TATA RENEWABLES Karnataka Private IPP Solar 400.00 2.91 43.32
2025-03-16,YARROW Karnataka Private IPP Solar 50.00 0.40 6.08
2025-03-16,कनजाटक / Karnataka 11.13 36.76 8.02 55.91 239.50 584.36 138.21 962.07
2025-03-17,कनजाटक / Karnataka 11.93 49.21 8.17 69.31 294.29 885.28 146.38 1325.95
2025-03-17,KOPPAL_AYANASIX_W Karnataka Private IPP Wind 50.00 0.71 13.28
2025-03-17,KOPPAL_RENEWROSHNI_W Karnataka Private IPP Wind 73.00 0.82 20.82
2025-03-17,KOPPAL SRI1PL Karnataka Private IPP Solar 120.00 1.26 23.00
2025-03-17,IRCON SOLAR Karnataka Private IPP Solar 50.00 -1.39 -13.02
2025-03-17,GADAG_VENA_W Karnataka Private IPP Wind 133.00 0.59 10.88
2025-03-17,GADAG_VENA_S Karnataka Private IPP Solar 31.00 -0.14 -1.65
2025-03-17,KOPPAL_RENEWOJAS_S Karnataka Private IPP Solar 81.00 0.52 8.88
2025-03-17,All ADYAH Karnataka Private IPP Solar 300.00 2.15 36.22
2025-03-17,AMPLUS PAVAGADA Karnataka Private IPP Solar 50.00 0.40 6.66
2025-03-17,AMPLUS TUMKUR Karnataka Private IPP Solar 50.00 0.40 6.67
2025-03-17,AVAADA SOLAR Karnataka Private IPP Solar 150.00 1.14 18.90
2025-03-17,AVAADA SOLARISE Karnataka Private IPP Solar 150.00 1.15 19.02
2025-03-17,AZURE POWER EARTH Karnataka Private IPP Solar 100.00 0.79 12.89
2025-03-17,FORTUM FIN SURYA Karnataka Private IPP Solar 100.00 0.71 12.99
2025-03-17,FORTUM SOLAR Karnataka Private IPP Solar 250.00 0.36 6.10
2025-03-17,KREDL Karnataka Private IPP Solar 50.00 0.79 13.17
2025-03-17,PARAMPUJYA Karnataka Private IPP Solar 150.00 0.40 6.62
2025-03-17,RENEW TN2 Karnataka Private IPP Solar 50.00 1.54 25.55
2025-03-17,SBG ENERGY Karnataka Private IPP Solar 200.00 1.95 32.34
2025-03-17,TATA RENEWABLES Karnataka Private IPP Solar 400.00 2.74 46.06
2025-03-17,YARROW Karnataka Private IPP Solar 50.00 0.38 6.46
2025-03-17,कनजाटक / Karnataka 9.81 34.06 8.17 52.04 249.31 618.42 146.38 1014.11
2025-03-18,कनजाटक / Karnataka 11.14 50.68 0.00 61.82 305.43 935.96 146.38 1387.77
2025-03-18,KOPPAL_AYANASIX_W Karnataka Private IPP Wind 50.00 0.60 13.88
2025-03-18,KOPPAL_RENEWROSHNI_W Karnataka Private IPP Wind 73.00 0.36 21.18
2025-03-18,KOPPAL SRI1PL Karnataka Private IPP Solar 120.00 1.37 24.37
2025-03-18,IRCON SOLAR Karnataka Private IPP Solar 50.00 -1.41 -14.43
2025-03-18,GADAG_VENA_W Karnataka Private IPP Wind 133.00 0.39 11.27
2025-03-18,GADAG_VENA_S Karnataka Private IPP Solar 31.00 -0.15 -1.80
2025-03-18,KOPPAL_RENEWOJAS_S Karnataka Private IPP Solar 81.00 0.55 9.43
2025-03-18,All ADYAH Karnataka Private IPP Solar 300.00 2.27 38.49
2025-03-18,AMPLUS PAVAGADA Karnataka Private IPP Solar 50.00 0.40 7.06
2025-03-18,AMPLUS TUMKUR Karnataka Private IPP Solar 50.00 0.40 7.07
2025-03-18,AVAADA SOLAR Karnataka Private IPP Solar 150.00 1.13 20.03
2025-03-18,AVAADA SOLARISE Karnataka Private IPP Solar 150.00 1.14 20.16
2025-03-18,AZURE POWER EARTH Karnataka Private IPP Solar 100.00 0.79 13.68
2025-03-18,FORTUM FIN SURYA Karnataka Private IPP Solar 100.00 0.71 13.70
2025-03-18,FORTUM SOLAR Karnataka Private IPP Solar 250.00 0.36 6.46
2025-03-18,KREDL Karnataka Private IPP Solar 50.00 0.79 13.96
2025-03-18,PARAMPUJYA Karnataka Private IPP Solar 150.00 0.40 7.02
2025-03-18,RENEW TN2 Karnataka Private IPP Solar 50.00 1.55 27.10
2025-03-18,SBG ENERGY Karnataka Private IPP Solar 200.00 1.76 34.10
2025-03-18,TATA RENEWABLES Karnataka Private IPP Solar 400.00 2.74 48.80
2025-03-18,YARROW Karnataka Private IPP Solar 50.00 0.38 6.84
2025-03-18,कनजाटक / Karnataka 9.79 35.50 0.00 45.29 259.10 653.92 146.38 1059.40
2025-03-20,कनजाटक / Karnataka 14.93 49.52 8.49 72.94 335.00 1033.15 164.23 1532.38
2025-03-20,KOPPAL_AYANASIX_W Karnataka Private IPP Wind 50.00 1.35 16.36
2025-03-20,KOPPAL_RENEWROSHNI_W Karnataka Private IPP Wind 73.00 2.37 26.18
2025-03-20,KOPPAL SRI1PL Karnataka Private IPP Solar 120.00 1.39 27.14
2025-03-20,IRCON SOLAR Karnataka Private IPP Solar 50.00 -1.41 -17.12
2025-03-20,GADAG_VENA_W Karnataka Private IPP Wind 133.00 0.90 12.81
2025-03-20,GADAG_VENA_S Karnataka Private IPP Solar 31.00 -0.24 -1.67
2025-03-20,KOPPAL_RENEWOJAS_S Karnataka Private IPP Solar 81.00 0.54 10.49
2025-03-20,All ADYAH Karnataka Private IPP Solar 300.00 2.14 42.76
2025-03-20,AMPLUS PAVAGADA Karnataka Private IPP Solar 50.00 0.40 7.82
2025-03-20,AMPLUS TUMKUR Karnataka Private IPP Solar 50.00 0.40 7.83
2025-03-20,AVAADA SOLAR Karnataka Private IPP Solar 150.00 1.14 22.19
2025-03-20,AVAADA SOLARISE Karnataka Private IPP Solar 150.00 1.15 22.34
2025-03-20,AZURE POWER EARTH Karnataka Private IPP Solar 100.00 0.79 15.22
2025-03-20,FORTUM FIN SURYA Karnataka Private IPP Solar 100.00 0.72 15.08
2025-03-20,FORTUM SOLAR Karnataka Private IPP Solar 250.00 0.36 7.14
2025-03-20,KREDL Karnataka Private IPP Solar 50.00 0.79 15.47
2025-03-20,PARAMPUJYA Karnataka Private IPP Solar 150.00 0.41 7.80
2025-03-20,RENEW TN2 Karnataka Private IPP Solar 50.00 1.54 30.07
2025-03-20,SBG ENERGY Karnataka Private IPP Solar 200.00 1.95 37.81
2025-03-20,TATA RENEWABLES Karnataka Private IPP Solar 400.00 2.68 53.83
2025-03-20,YARROW Karnataka Private IPP Solar 50.00 0.38 7.57
2025-03-20,कनजाटक / Karnataka 10.31 34.39 8.49 53.19 279.65 721.38 164.23 1165.26
2025-03-21,कनजाटक / Karnataka 12.14 50.91 8.66 71.71 347.14 1084.06 172.89 1604.09
2025-03-21,KOPPAL_AYANASIX_W Karnataka Private IPP Wind 50.00 1.12 17.48
2025-03-21,KOPPAL_RENEWROSHNI_W Karnataka Private IPP Wind 73.00 1.98 28.16
2025-03-21,KOPPAL SRI1PL Karnataka Private IPP Solar 120.00 1.39 28.53
2025-03-21,IRCON SOLAR Karnataka Private IPP Solar 50.00 1.32 -15.80
2025-03-21,GADAG_VENA_W Karnataka Private IPP Wind 133.00 0.48 13.29
2025-03-21,GADAG_VENA_S Karnataka Private IPP Solar 31.00 -0.25 -1.92
2025-03-21,KOPPAL_RENEWOJAS_S Karnataka Private IPP Solar 81.00 0.48 10.97
2025-03-21,All ADYAH Karnataka Private IPP Solar 300.00 2.05 44.81
2025-03-21,AMPLUS PAVAGADA Karnataka Private IPP Solar 50.00 0.38 8.20
2025-03-21,AMPLUS TUMKUR Karnataka Private IPP Solar 50.00 0.38 8.21
2025-03-21,AVAADA SOLAR Karnataka Private IPP Solar 150.00 1.04 23.23
2025-03-21,AVAADA SOLARISE Karnataka Private IPP Solar 150.00 1.05 23.39
2025-03-21,AZURE POWER EARTH Karnataka Private IPP Solar 100.00 0.74 15.96
2025-03-21,FORTUM FIN SURYA Karnataka Private IPP Solar 100.00 0.68 15.76
2025-03-21,FORTUM SOLAR Karnataka Private IPP Solar 250.00 0.32 7.46
2025-03-21,KREDL Karnataka Private IPP Solar 50.00 0.73 16.20
2025-03-21,PARAMPUJYA Karnataka Private IPP Solar 150.00 0.39 8.19
2025-03-21,RENEW TN2 Karnataka Private IPP Solar 50.00 1.44 31.51
2025-03-21,SBG ENERGY Karnataka Private IPP Solar 200.00 1.78 39.59
2025-03-21,TATA RENEWABLES Karnataka Private IPP Solar 400.00 2.49 56.32
2025-03-21,YARROW Karnataka Private IPP Solar 50.00 0.34 7.91
2025-03-21,कनजाटक / Karnataka 8.56 34.16 8.66 51.38 288.21 755.54 172.89 1216.64
2025-03-22,कनजाटक / Karnataka 14.33 49.09 8.39 71.81 361.47 1133.15 181.28 1675.90
2025-03-22,KOPPAL_AYANASIX_W Karnataka Private IPP Wind 50.00 1.28 18.76
2025-03-22,KOPPAL_RENEWROSHNI_W Karnataka Private IPP Wind 73.00 2.26 30.42
2025-03-22,KOPPAL SRI1PL Karnataka Private IPP Solar 120.00 1.33 29.86
2025-03-22,IRCON SOLAR Karnataka Private IPP Solar 50.00 1.23 -14.57
2025-03-22,GADAG_VENA_W Karnataka Private IPP Wind 133.00 0.35 13.64
2025-03-22,GADAG_VENA_S Karnataka Private IPP Solar 31.00 0.21 -1.71
2025-03-22,KOPPAL_RENEWOJAS_S Karnataka Private IPP Solar 81.00 0.57 11.54
2025-03-22,All ADYAH Karnataka Private IPP Solar 300.00 2.11 46.92
2025-03-22,AMPLUS PAVAGADA Karnataka Private IPP Solar 50.00 0.37 8.57
2025-03-22,AMPLUS TUMKUR Karnataka Private IPP Solar 50.00 0.35 8.56
2025-03-22,AVAADA SOLAR Karnataka Private IPP Solar 150.00 0.97 24.20
2025-03-22,AVAADA SOLARISE Karnataka Private IPP Solar 150.00 1.04 24.43
2025-03-22,AZURE POWER EARTH Karnataka Private IPP Solar 100.00 0.72 16.68
2025-03-22,FORTUM FIN SURYA Karnataka Private IPP Solar 100.00 0.61 16.37
2025-03-22,FORTUM SOLAR Karnataka Private IPP Solar 250.00 0.32 7.78
2025-03-22,KREDL Karnataka Private IPP Solar 50.00 0.67 16.87
2025-03-22,PARAMPUJYA Karnataka Private IPP Solar 150.00 0.35 8.54
2025-03-22,RENEW TN2 Karnataka Private IPP Solar 50.00 1.41 32.92
2025-03-22,SBG ENERGY Karnataka Private IPP Solar 200.00 1.80 41.39
2025-03-22,TATA RENEWABLES Karnataka Private IPP Solar 400.00 2.45 58.77
2025-03-22,YARROW Karnataka Private IPP Solar 50.00 0.32 8.23
2025-03-22,कनजाटक / Karnataka 10.44 32.26 8.39 51.09 298.65 787.80 181.28 1267.73
2025-03-23,कनजाटक / Karnataka 14.32 44.71 7.93 66.96 375.79 1177.86 189.21 1742.86
2025-03-23,KOPPAL_AYANASIX_W Karnataka Private IPP Wind 50.00 1.12 19.88
2025-03-23,KOPPAL_RENEWROSHNI_W Karnataka Private IPP Wind 73.00 1.29 31.71
2025-03-23,KOPPAL SRI1PL Karnataka Private IPP Solar 120.00 1.25 31.11
2025-03-23,IRCON SOLAR Karnataka Private IPP Solar 50.00 -1.19 -15.76
2025-03-23,GADAG_VENA_W Karnataka Private IPP Wind 133.00 0.43 14.07
2025-03-23,GADAG_VENA_S Karnataka Private IPP Solar 31.00 -0.22 -1.93
2025-03-23,KOPPAL_RENEWOJAS_S Karnataka Private IPP Solar 81.00 0.48 12.02
2025-03-23,All ADYAH Karnataka Private IPP Solar 300.00 1.98 48.90
2025-03-23,AMPLUS PAVAGADA Karnataka Private IPP Solar 50.00 0.34 8.91
2025-03-23,AMPLUS TUMKUR Karnataka Private IPP Solar 50.00 0.36 8.92
2025-03-23,AVAADA SOLAR Karnataka Private IPP Solar 150.00 1.00 25.20
2025-03-23,AVAADA SOLARISE Karnataka Private IPP Solar 150.00 0.98 25.41
2025-03-23,AZURE POWER EARTH Karnataka Private IPP Solar 100.00 0.70 17.38
2025-03-23,FORTUM FIN SURYA Karnataka Private IPP Solar 100.00 0.63 17.00
2025-03-23,FORTUM SOLAR Karnataka Private IPP Solar 250.00 0.31 8.09
2025-03-23,KREDL Karnataka Private IPP Solar 50.00 0.70 17.57
2025-03-23,PARAMPUJYA Karnataka Private IPP Solar 150.00 0.35 8.89
2025-03-23,RENEW TN2 Karnataka Private IPP Solar 50.00 1.38 34.30
2025-03-23,SBG ENERGY Karnataka Private IPP Solar 200.00 1.66 43.05
2025-03-23,TATA RENEWABLES Karnataka Private IPP Solar 400.00 2.41 61.18
2025-03-23,YARROW Karnataka Private IPP Solar 50.00 0.34 8.57
2025-03-23,कनजाटक / Karnataka 11.48 31.25 7.93 50.66 310.13 819.05 189.21 1318.39
2025-03-24,कनजाटक / Karnataka 12.12 50.43 8.68 71.23 387.91 1228.29 197.89 1814.09
2025-03-24,KOPPAL_AYANASIX_W Karnataka Private IPP Wind 50.00 1.18 21.06
2025-03-24,KOPPAL_RENEWROSHNI_W Karnataka Private IPP Wind 73.00 1.26 32.97
2025-03-24,KOPPAL SRI1PL Karnataka Private IPP Solar 120.00 1.08 32.19
2025-03-24,IRCON SOLAR Karnataka Private IPP Solar 50.00 1.34 -14.42
2025-03-24,GADAG_VENA_W Karnataka Private IPP Wind 133.00 0.83 14.90
2025-03-24,GADAG_VENA_S Karnataka Private IPP Solar 31.00 0.20 -1.73
2025-03-24,KOPPAL_RENEWOJAS_S Karnataka Private IPP Solar 81.00 0.46 12.48
2025-03-24,All ADYAH Karnataka Private IPP Solar 300.00 2.19 51.09
2025-03-24,AMPLUS PAVAGADA Karnataka Private IPP Solar 50.00 0.39 9.30
2025-03-24,AMPLUS TUMKUR Karnataka Private IPP Solar 50.00 0.39 9.31
2025-03-24,AVAADA SOLAR Karnataka Private IPP Solar 150.00 1.06 26.26
2025-03-24,AVAADA SOLARISE Karnataka Private IPP Solar 150.00 1.09 26.50
2025-03-24,AZURE POWER EARTH Karnataka Private IPP Solar 100.00 0.76 18.14
2025-03-24,FORTUM FIN SURYA Karnataka Private IPP Solar 100.00 0.65 17.65
2025-03-24,FORTUM SOLAR Karnataka Private IPP Solar 250.00 0.34 8.43
2025-03-24,KREDL Karnataka Private IPP Solar 50.00 0.72 18.29
2025-03-24,PARAMPUJYA Karnataka Private IPP Solar 150.00 0.37 9.26
2025-03-24,RENEW TN2 Karnataka Private IPP Solar 50.00 1.47 35.77
2025-03-24,SBG ENERGY Karnataka Private IPP Solar 200.00 1.84 44.89
2025-03-24,TATA RENEWABLES Karnataka Private IPP Solar 400.00 2.60 63.78
2025-03-24,YARROW Karnataka Private IPP Solar 50.00 0.35 8.92
2025-03-24,कनजाटक / Karnataka 8.85 33.13 8.68 50.66 318.98 852.18 197.89 1369.05
2025-03-25,कनजाटक / Karnataka 13.82 46.03 8.42 68.27 401.73 1274.32 206.31 1882.36
2025-03-25,KOPPAL_AYANASIX_W Karnataka Private IPP Wind 50.00 1.31 22.37
2025-03-25,KOPPAL_RENEWROSHNI_W Karnataka Private IPP Wind 73.00 1.05 34.02
2025-03-25,KOPPAL SRI1PL Karnataka Private IPP Solar 120.00 1.08 33.27
2025-03-25,IRCON SOLAR Karnataka Private IPP Solar 50.00 -1.27 -15.69
2025-03-25,GADAG_VENA_W Karnataka Private IPP Wind 133.00 0.44 15.34
2025-03-25,GADAG_VENA_S Karnataka Private IPP Solar 31.00 -0.22 -1.95
2025-03-25,KOPPAL_RENEWOJAS_S Karnataka Private IPP Solar 81.00 0.43 12.91
2025-03-25,All ADYAH Karnataka Private IPP Solar 300.00 2.17 53.26
2025-03-25,AMPLUS PAVAGADA Karnataka Private IPP Solar 50.00 0.38 9.68
2025-03-25,AMPLUS TUMKUR Karnataka Private IPP Solar 50.00 0.38 9.69
2025-03-25,AVAADA SOLAR Karnataka Private IPP Solar 150.00 1.05 27.31
2025-03-25,AVAADA SOLARISE Karnataka Private IPP Solar 150.00 1.07 27.57
2025-03-25,AZURE POWER EARTH Karnataka Private IPP Solar 100.00 0.75 18.89
2025-03-25,FORTUM FIN SURYA Karnataka Private IPP Solar 100.00 0.66 18.31
2025-03-25,FORTUM SOLAR Karnataka Private IPP Solar 250.00 0.34 8.77
2025-03-25,KREDL Karnataka Private IPP Solar 50.00 0.74 19.03
2025-03-25,PARAMPUJYA Karnataka Private IPP Solar 150.00 0.37 9.63
2025-03-25,RENEW TN2 Karnataka Private IPP Solar 50.00 1.47 37.24
2025-03-25,SBG ENERGY Karnataka Private IPP Solar 200.00 1.83 46.72
2025-03-25,TATA RENEWABLES Karnataka Private IPP Solar 400.00 2.56 66.34
2025-03-25,YARROW Karnataka Private IPP Solar 50.00 0.35 9.27
2025-03-25,कनजाटक / Karnataka 11.02 31.89 8.42 51.33 330.00 884.07 206.31 1420.38
2025-03-26,कनजाटक / Karnataka 13.48 48.43 8.24 70.15 414.87 1325.15 214.37 1954.39
2025-03-26,KOPPAL_AYANASIX_W Karnataka Private IPP Wind 50.00 1.15 23.36
2025-03-26,KOPPAL_RENEWROSHNI_W Karnataka Private IPP Wind 73.00 1.06 35.09
2025-03-26,KOPPAL SRI1PL Karnataka Private IPP Solar 120.00 1.19 34.57
2025-03-26,IRCON SOLAR Karnataka Private IPP Solar 50.00 -1.38 -17.18
2025-03-26,GADAG_VENA_W Karnataka Private IPP Wind 133.00 0.38 15.66
2025-03-26,GADAG_VENA_S Karnataka Private IPP Solar 31.00 -0.23 -2.19
2025-03-26,KOPPAL_RENEWOJAS_S Karnataka Private IPP Solar 81.00 0.50 13.48
2025-03-26,All ADYAH Karnataka Private IPP Solar 300.00 2.22 55.53
2025-03-26,AMPLUS PAVAGADA Karnataka Private IPP Solar 50.00 0.39 10.08
2025-03-26,AMPLUS TUMKUR Karnataka Private IPP Solar 50.00 0.39 10.09
2025-03-26,AVAADA SOLAR Karnataka Private IPP Solar 150.00 1.06 28.38
2025-03-26,AVAADA SOLARISE Karnataka Private IPP Solar 150.00 1.10 28.70
2025-03-26,AZURE POWER EARTH Karnataka Private IPP Solar 100.00 0.77 19.68
2025-03-26,FORTUM FIN SURYA Karnataka Private IPP Solar 100.00 0.67 18.99
2025-03-26,FORTUM SOLAR Karnataka Private IPP Solar 250.00 0.34 9.11
2025-03-26,KREDL Karnataka Private IPP Solar 50.00 0.75 19.79
2025-03-26,PARAMPUJYA Karnataka Private IPP Solar 150.00 0.39 10.04
2025-03-26,RENEW TN2 Karnataka Private IPP Solar 50.00 1.48 38.73
2025-03-26,SBG ENERGY Karnataka Private IPP Solar 200.00 1.86 48.61
2025-03-26,TATA RENEWABLES Karnataka Private IPP Solar 400.00 2.49 68.76
2025-03-26,YARROW Karnataka Private IPP Solar 50.00 0.36 9.64
2025-03-26,कनजाटक / Karnataka 10.89 34.08 8.24 53.21 340.76 920.34 214.37 1475.47
2025-03-27,कनजाटक / Karnataka 12.14 46.43 8.34 66.91 413.87 1320.75 214.65 1949.27
2025-03-27,KOPPAL_AYANASIX_W Karnataka Private IPP Wind 50.00 0.85 23.22
2025-03-27,KOPPAL_RENEWROSHNI_W Karnataka Private IPP Wind 73.00 0.89 34.91
2025-03-27,KOPPAL SRI1PL Karnataka Private IPP Solar 120.00 1.07 34.34
2025-03-27,IRCON SOLAR Karnataka Private IPP Solar 50.00 -1.34 -17.03
2025-03-27,GADAG_VENA_W Karnataka Private IPP Wind 133.00 0.41 15.75
2025-03-27,GADAG_VENA_S Karnataka Private IPP Solar 31.00 -0.23 -2.18
2025-03-27,KOPPAL_RENEWOJAS_S Karnataka Private IPP Solar 81.00 0.53 13.44
2025-03-27,All ADYAH Karnataka Private IPP Solar 300.00 2.16 55.42
2025-03-27,AMPLUS PAVAGADA Karnataka Private IPP Solar 50.00 0.34 10.02
2025-03-27,AMPLUS TUMKUR Karnataka Private IPP Solar 50.00 0.32 10.01
2025-03-27,AVAADA SOLAR Karnataka Private IPP Solar 150.00 1.04 28.35
2025-03-27,AVAADA SOLARISE Karnataka Private IPP Solar 150.00 0.97 28.54
2025-03-27,AZURE POWER EARTH Karnataka Private IPP Solar 100.00 0.71 19.60
2025-03-27,FORTUM FIN SURYA Karnataka Private IPP Solar 100.00 0.57 18.88
2025-03-27,FORTUM SOLAR Karnataka Private IPP Solar 250.00 0.32 9.09
2025-03-27,KREDL Karnataka Private IPP Solar 50.00 0.65 19.68
2025-03-27,PARAMPUJYA Karnataka Private IPP Solar 150.00 0.33 9.96
2025-03-27,RENEW TN2 Karnataka Private IPP Solar 50.00 1.30 38.54
2025-03-27,SBG ENERGY Karnataka Private IPP Solar 200.00 1.73 48.45
2025-03-27,TATA RENEWABLES Karnataka Private IPP Solar 400.00 2.17 68.51
2025-03-27,YARROW Karnataka Private IPP Solar 50.00 0.30 9.57
2025-03-27,कनजाटक / Karnataka 9.99 33.49 8.34 51.82 339.99 917.56 214.65 1472.20
2025-03-28,कनजाटक / Karnataka 14.96 46.41 6.48 67.85 442.31 1415.59 229.37 2087.27
2025-03-28,KOPPAL_AYANASIX_W Karnataka Private IPP Wind 50.00 1.67 26.04
2025-03-28,KOPPAL_RENEWROSHNI_W Karnataka Private IPP Wind 73.00 1.10 37.07
2025-03-28,KOPPAL SRI1PL Karnataka Private IPP Solar 120.00 1.30 36.83
2025-03-28,IRCON SOLAR Karnataka Private IPP Solar 50.00 -1.22 -19.63
2025-03-28,GADAG_VENA_W Karnataka Private IPP Wind 133.00 0.42 16.55
2025-03-28,GADAG_VENA_S Karnataka Private IPP Solar 31.00 -0.24 -2.65
2025-03-28,KOPPAL_RENEWOJAS_S Karnataka Private IPP Solar 81.00 0.54 14.48
2025-03-28,All ADYAH Karnataka Private IPP Solar 300.00 1.94 59.58
2025-03-28,AMPLUS PAVAGADA Karnataka Private IPP Solar 50.00 0.33 10.74
2025-03-28,AMPLUS TUMKUR Karnataka Private IPP Solar 50.00 0.36 10.76
2025-03-28,AVAADA SOLAR Karnataka Private IPP Solar 150.00 0.94 30.35
2025-03-28,AVAADA SOLARISE Karnataka Private IPP Solar 150.00 0.98 30.62
2025-03-28,AZURE POWER EARTH Karnataka Private IPP Solar 100.00 0.69 21.06
2025-03-28,FORTUM FIN SURYA Karnataka Private IPP Solar 100.00 0.62 20.17
2025-03-28,FORTUM SOLAR Karnataka Private IPP Solar 250.00 0.31 9.74
2025-03-28,KREDL Karnataka Private IPP Solar 50.00 0.69 21.12
2025-03-28,PARAMPUJYA Karnataka Private IPP Solar 150.00 0.35 10.70
2025-03-28,RENEW TN2 Karnataka Private IPP Solar 50.00 1.42 41.44
2025-03-28,SBG ENERGY Karnataka Private IPP Solar 200.00 1.65 51.96
2025-03-28,TATA RENEWABLES Karnataka Private IPP Solar 400.00 2.22 73.22
2025-03-28,YARROW Karnataka Private IPP Solar 50.00 0.34 10.27
2025-03-28,कनजाटक / Karnataka 11.77 33.19 6.48 51.44 362.65 984.83 229.37 1576.85
2025-03-29,कनजाटक / Karnataka 13.12 45.30 6.93 65.35 455.43 1460.89 236.30 2152.62
2025-03-29,KOPPAL_AYANASIX_W Karnataka Private IPP Wind 50.00 0.96 27.00
2025-03-29,KOPPAL_RENEWROSHNI_W Karnataka Private IPP Wind 73.00 1.52 38.59
2025-03-29,KOPPAL SRI1PL Karnataka Private IPP Solar 120.00 1.09 37.92
2025-03-29,IRCON SOLAR Karnataka Private IPP Solar 50.00 -1.31 -20.94
2025-03-29,GADAG_VENA_W Karnataka Private IPP Wind 133.00 0.61 17.16
2025-03-29,GADAG_VENA_S Karnataka Private IPP Solar 31.00 -0.21 -2.86
2025-03-29,KOPPAL_RENEWOJAS_S Karnataka Private IPP Solar 81.00 0.52 15.00
2025-03-29,All ADYAH Karnataka Private IPP Solar 300.00 1.96 61.54
2025-03-29,AMPLUS PAVAGADA Karnataka Private IPP Solar 50.00 0.37 11.11
2025-03-29,AMPLUS TUMKUR Karnataka Private IPP Solar 50.00 0.36 11.12
2025-03-29,AVAADA SOLAR Karnataka Private IPP Solar 150.00 1.04 31.39
2025-03-29,AVAADA SOLARISE Karnataka Private IPP Solar 150.00 1.04 31.66
2025-03-29,AZURE POWER EARTH Karnataka Private IPP Solar 100.00 0.75 21.81
2025-03-29,FORTUM FIN SURYA Karnataka Private IPP Solar 100.00 0.63 20.80
2025-03-29,FORTUM SOLAR Karnataka Private IPP Solar 250.00 0.33 10.07
2025-03-29,KREDL Karnataka Private IPP Solar 50.00 0.71 21.83
2025-03-29,PARAMPUJYA Karnataka Private IPP Solar 150.00 0.36 11.06
2025-03-29,RENEW TN2 Karnataka Private IPP Solar 50.00 1.45 42.89
2025-03-29,SBG ENERGY Karnataka Private IPP Solar 200.00 1.81 53.77
2025-03-29,TATA RENEWABLES Karnataka Private IPP Solar 400.00 2.34 75.56
2025-03-29,YARROW Karnataka Private IPP Solar 50.00 0.34 10.61
2025-03-29,कनजाटक / Karnataka 10.03 31.72 6.93 48.68 372.68 1016.55 236.30 1625.53
2025-03-30,कनजाटक / Karnataka 13.51 47.76 6.58 67.85 468.94 1508.65 242.88 2220.47
2025-03-30,KOPPAL_AYANASIX_W Karnataka Private IPP Wind 50.00 0.90 27.90
2025-03-30,KOPPAL_RENEWROSHNI_W Karnataka Private IPP Wind 73.00 2.05 40.64
2025-03-30,KOPPAL SRI1PL Karnataka Private IPP Solar 120.00 1.32 39.24
2025-03-30,IRCON SOLAR Karnataka Private IPP Solar 50.00 1.27 -19.67
2025-03-30,GADAG_VENA_W Karnataka Private IPP Wind 133.00 0.21 17.37
2025-03-30,GADAG_VENA_S Karnataka Private IPP Solar 31.00 -0.22 -3.08
2025-03-30,KOPPAL_RENEWOJAS_S Karnataka Private IPP Solar 81.00 0.49 15.49
2025-03-30,All ADYAH Karnataka Private IPP Solar 300.00 1.85 63.39
2025-03-30,AMPLUS PAVAGADA Karnataka Private IPP Solar 50.00 0.35 11.46
2025-03-30,AMPLUS TUMKUR Karnataka Private IPP Solar 50.00 0.34 11.46
2025-03-30,AVAADA SOLAR Karnataka Private IPP Solar 150.00 0.97 32.36
2025-03-30,AVAADA SOLARISE Karnataka Private IPP Solar 150.00 0.96 32.62
2025-03-30,AZURE POWER EARTH Karnataka Private IPP Solar 100.00 0.72 22.53
2025-03-30,FORTUM FIN SURYA Karnataka Private IPP Solar 100.00 0.58 21.38
2025-03-30,FORTUM SOLAR Karnataka Private IPP Solar 250.00 0.31 10.38
2025-03-30,KREDL Karnataka Private IPP Solar 50.00 0.66 22.49
2025-03-30,PARAMPUJYA Karnataka Private IPP Solar 150.00 0.34 11.40
2025-03-30,RENEW TN2 Karnataka Private IPP Solar 50.00 1.37 44.26
2025-03-30,SBG ENERGY Karnataka Private IPP Solar 200.00 1.70 55.47
2025-03-30,TATA RENEWABLES Karnataka Private IPP Solar 400.00 2.18 77.74
2025-03-30,YARROW Karnataka Private IPP Solar 50.00 0.32 10.93
2025-03-30,कनजाटक / Karnataka 10.35 32.25 6.58 49.18 383.03 1048.80 242.88 1674.71
2025-03-31,कनजाटक / Karnataka 14.34 44.22 6.64 65.20 483.28 1552.87 249.52 2285.67
2025-03-31,KOPPAL_AYANASIX_W Karnataka Private IPP Wind 50.00 1.17 29.07
2025-03-31,KOPPAL_RENEWROSHNI_W Karnataka Private IPP Wind 73.00 1.61 42.25
2025-03-31,KOPPAL SRI1PL Karnataka Private IPP Solar 120.00 1.38 40.62
2025-03-31,IRCON SOLAR Karnataka Private IPP Solar 50.00 -1.14 -20.81
2025-03-31,GADAG_VENA_W Karnataka Private IPP Wind 133.00 0.39 17.76
2025-03-31,GADAG_VENA_S Karnataka Private IPP Solar 31.00 -0.24 -3.32
2025-03-31,KOPPAL_RENEWOJAS_S Karnataka Private IPP Solar 81.00 0.54 16.03
2025-03-31,All ADYAH Karnataka Private IPP Solar 300.00 1.78 65.17
2025-03-31,AMPLUS PAVAGADA Karnataka Private IPP Solar 50.00 0.33 11.79
2025-03-31,AMPLUS TUMKUR Karnataka Private IPP Solar 50.00 0.32 11.78
2025-03-31,AVAADA SOLAR Karnataka Private IPP Solar 150.00 0.92 33.28
2025-03-31,AVAADA SOLARISE Karnataka Private IPP Solar 150.00 0.92 33.54
2025-03-31,AZURE POWER EARTH Karnataka Private IPP Solar 100.00 0.68 23.21
2025-03-31,FORTUM FIN SURYA Karnataka Private IPP Solar 100.00 0.54 21.92
2025-03-31,FORTUM SOLAR Karnataka Private IPP Solar 250.00 0.29 10.67
2025-03-31,KREDL Karnataka Private IPP Solar 50.00 0.62 23.11
2025-03-31,PARAMPUJYA Karnataka Private IPP Solar 150.00 0.31 11.71
2025-03-31,RENEW TN2 Karnataka Private IPP Solar 50.00 1.30 45.56
2025-03-31,SBG ENERGY Karnataka Private IPP Solar 200.00 1.60 57.07
2025-03-31,TATA RENEWABLES Karnataka Private IPP Solar 400.00 2.05 79.79
2025-03-31,YARROW Karnataka Private IPP Solar 50.00 0.30 11.23
2025-03-31,कनजाटक / Karnataka 11.17 31.72 6.64 49.53 394.20 1080.52 249.52 1724.24
2025-04-01,कनजाटक / Karnataka 13.27 50.62 10.95 74.84 13.27 50.62 10.95 74.84
2025-04-01,KOPPAL_AYANASIX_W Karnataka Private IPP Wind 50.00 1.34 1.34
2025-04-01,KOPPAL_RENEWROSHNI_W Karnataka Private IPP Wind 73.00 2.44 2.44
2025-04-01,KOPPAL SRI1PL Karnataka Private IPP Solar 120.00 1.38 1.38
2025-04-01,IRCON SOLAR Karnataka Private IPP Solar 50.00 -1.55 -1.55
2025-04-01,GADAG_VENA_W Karnataka Private IPP Wind 133.00 0.41 0.41
2025-04-01,GADAG_VENA_S Karnataka Private IPP Solar 31.00 -0.24 -0.24
2025-04-01,KOPPAL_RENEWOJAS_S Karnataka Private IPP Solar 81.00 0.53 0.53
2025-04-01,All ADYAH Karnataka Private IPP Solar 300.00 2.32 2.32
2025-04-01,AMPLUS PAVAGADA Karnataka Private IPP Solar 50.00 0.40 0.40
2025-04-01,AMPLUS TUMKUR Karnataka Private IPP Solar 50.00 0.40 0.40
2025-04-01,AVAADA SOLAR Karnataka Private IPP Solar 150.00 1.14 1.14
2025-04-01,AVAADA SOLARISE Karnataka Private IPP Solar 150.00 1.15 1.15
2025-04-01,AZURE POWER EARTH Karnataka Private IPP Solar 100.00 0.81 0.81
2025-04-01,FORTUM FIN SURYA Karnataka Private IPP Solar 100.00 0.70 0.70
2025-04-01,FORTUM SOLAR Karnataka Private IPP Solar 250.00 0.36 0.36
2025-04-01,KREDL Karnataka Private IPP Solar 50.00 0.78 0.78
2025-04-01,PARAMPUJYA Karnataka Private IPP Solar 150.00 0.41 0.41
2025-04-01,RENEW TN2 Karnataka Private IPP Solar 50.00 1.57 1.57
2025-04-01,SBG ENERGY Karnataka Private IPP Solar 200.00 1.96 1.96
2025-04-01,TATA RENEWABLES Karnataka Private IPP Solar 400.00 2.53 2.53
2025-04-01,YARROW Karnataka Private IPP Solar 50.00 0.37 0.37
2025-04-01,कनजाटक / Karnataka 9.08 35.60 10.95 55.63 9.08 35.60 10.95 55.63
2025-04-02,कनजाटक / Karnataka 14.51 43.53 7.28 65.32 27.78 94.15 18.23 140.16
2025-04-02,KOPPAL_AYANASIX_W Karnataka Private IPP Wind 50.00 1.26 2.60
2025-04-02,KOPPAL_RENEWROSHNI_W Karnataka Private IPP Wind 73.00 1.13 3.57
2025-04-02,KOPPAL SRI1PL Karnataka Private IPP Solar 120.00 1.41 2.79
2025-04-02,IRCON SOLAR Karnataka Private IPP Solar 50.00 -1.00 -2.55
2025-04-02,GADAG_VENA_W Karnataka Private IPP Wind 133.00 0.37 0.78
2025-04-02,GADAG_VENA_S Karnataka Private IPP Solar 31.00 -0.24 -0.48
2025-04-02,KOPPAL_RENEWOJAS_S Karnataka Private IPP Solar 81.00 0.54 1.07
2025-04-02,All ADYAH Karnataka Private IPP Solar 300.00 1.66 3.98
2025-04-02,AMPLUS PAVAGADA Karnataka Private IPP Solar 50.00 0.30 0.70
2025-04-02,AMPLUS TUMKUR Karnataka Private IPP Solar 50.00 0.29 0.69
2025-04-02,AVAADA SOLAR Karnataka Private IPP Solar 150.00 0.82 1.96
2025-04-02,AVAADA SOLARISE Karnataka Private IPP Solar 150.00 0.82 1.97
2025-04-02,AZURE POWER EARTH Karnataka Private IPP Solar 100.00 0.60 1.41
2025-04-02,FORTUM FIN SURYA Karnataka Private IPP Solar 100.00 0.52 1.22
2025-04-02,FORTUM SOLAR Karnataka Private IPP Solar 250.00 0.26 0.62
2025-04-02,KREDL Karnataka Private IPP Solar 50.00 0.56 1.34
2025-04-02,PARAMPUJYA Karnataka Private IPP Solar 150.00 0.28 0.69
2025-04-02,RENEW TN2 Karnataka Private IPP Solar 50.00 1.22 2.79
2025-04-02,SBG ENERGY Karnataka Private IPP Solar 200.00 1.43 3.39
2025-04-02,TATA RENEWABLES Karnataka Private IPP Solar 400.00 1.84 4.37
2025-04-02,YARROW Karnataka Private IPP Solar 50.00 0.26 0.63
2025-04-02,कनजाटक / Karnataka 11.75 31.96 7.28 50.99 20.83 67.56 18.23 106.62
2025-04-03,कनजाटक / Karnataka 12.33 34.84 5.55 52.72 40.11 128.99 23.78 192.88
2025-04-03,KOPPAL_AYANASIX_W Karnataka Private IPP Wind 50.00 0.93 3.53
2025-04-03,KOPPAL_RENEWROSHNI_W Karnataka Private IPP Wind 73.00 1.24 4.81
2025-04-03,KOPPAL SRI1PL Karnataka Private IPP Solar 120.00 0.60 3.39
2025-04-03,IRCON SOLAR Karnataka Private IPP Solar 50.00 -0.90 -3.45
2025-04-03,GADAG_VENA_W Karnataka Private IPP Wind 133.00 0.48 1.26
2025-04-03,GADAG_VENA_S Karnataka Private IPP Solar 31.00 -0.15 -0.63
2025-04-03,KOPPAL_RENEWOJAS_S Karnataka Private IPP Solar 81.00 0.47 1.54
2025-04-03,All ADYAH Karnataka Private IPP Solar 300.00 1.59 5.57
2025-04-03,AMPLUS PAVAGADA Karnataka Private IPP Solar 50.00 0.27 0.97
2025-04-03,AMPLUS TUMKUR Karnataka Private IPP Solar 50.00 0.26 0.95
2025-04-03,AVAADA SOLAR Karnataka Private IPP Solar 150.00 0.76 2.72
2025-04-03,AVAADA SOLARISE Karnataka Private IPP Solar 150.00 0.76 2.73
2025-04-03,AZURE POWER EARTH Karnataka Private IPP Solar 100.00 0.55 1.96
2025-04-03,FORTUM FIN SURYA Karnataka Private IPP Solar 100.00 0.46 1.68
2025-04-03,FORTUM SOLAR Karnataka Private IPP Solar 250.00 0.27 0.89
2025-04-03,KREDL Karnataka Private IPP Solar 50.00 0.51 1.85
2025-04-03,PARAMPUJYA Karnataka Private IPP Solar 150.00 0.27 0.96
2025-04-03,RENEW TN2 Karnataka Private IPP Solar 50.00 1.01 3.80
2025-04-03,SBG ENERGY Karnataka Private IPP Solar 200.00 1.33 4.72
2025-04-03,TATA RENEWABLES Karnataka Private IPP Solar 400.00 1.73 6.10
2025-04-03,YARROW Karnataka Private IPP Solar 50.00 0.26 0.89
2025-04-03,कनजाटक / Karnataka 9.68 24.79 5.55 40.02 30.51 92.35 23.78 146.64
2025-04-04,कनजाटक / Karnataka 10.93 51.49 7.57 69.99 51.04 180.48 31.35 262.87
2025-04-04,KOPPAL_AYANASIX_W Karnataka Private IPP Wind 50.00 1.13 4.66
2025-04-04,KOPPAL_RENEWROSHNI_W Karnataka Private IPP Wind 73.00 0.34 5.15
2025-04-04,KOPPAL SRI1PL Karnataka Private IPP Solar 120.00 1.38 4.77
2025-04-04,IRCON SOLAR Karnataka Private IPP Solar 50.00 1.24 -2.21
2025-04-04,GADAG_VENA_W Karnataka Private IPP Wind 133.00 0.30 1.56
2025-04-04,GADAG_VENA_S Karnataka Private IPP Solar 31.00 0.25 -0.38
2025-04-04,KOPPAL_RENEWOJAS_S Karnataka Private IPP Solar 81.00 0.71 2.25
2025-04-04,All ADYAH Karnataka Private IPP Solar 300.00 2.00 7.57
2025-04-04,AMPLUS PAVAGADA Karnataka Private IPP Solar 50.00 0.34 1.31
2025-04-04,AMPLUS TUMKUR Karnataka Private IPP Solar 50.00 0.33 1.28
2025-04-04,AVAADA SOLAR Karnataka Private IPP Solar 150.00 1.00 3.72
2025-04-04,AVAADA SOLARISE Karnataka Private IPP Solar 150.00 0.97 3.70
2025-04-04,AZURE POWER EARTH Karnataka Private IPP Solar 100.00 0.69 2.65
2025-04-04,FORTUM FIN SURYA Karnataka Private IPP Solar 100.00 0.59 2.27
2025-04-04,FORTUM SOLAR Karnataka Private IPP Solar 250.00 0.34 1.23
2025-04-04,KREDL Karnataka Private IPP Solar 50.00 0.67 2.52
2025-04-04,PARAMPUJYA Karnataka Private IPP Solar 150.00 0.34 1.30
2025-04-04,RENEW TN2 Karnataka Private IPP Solar 50.00 1.20 5.00
2025-04-04,SBG ENERGY Karnataka Private IPP Solar 200.00 1.65 6.37
2025-04-04,TATA RENEWABLES Karnataka Private IPP Solar 400.00 2.20 8.30
2025-04-04,YARROW Karnataka Private IPP Solar 50.00 0.33 1.22
2025-04-04,कनजाटक / Karnataka 9.16 35.26 7.57 51.99 39.67 127.61 31.35 198.63
2025-04-05,कनजाटक / Karnataka 11.36 51.65 5.93 68.94 62.40 232.13 37.28 331.81
2025-04-05,KOPPAL_AYANASIX_W Karnataka Private IPP Wind 50.00 1.21 5.87
2025-04-05,KOPPAL_RENEWROSHNI_W Karnataka Private IPP Wind 73.00 0.81 5.96
2025-04-05,KOPPAL SRI1PL Karnataka Private IPP Solar 120.00 1.43 6.20
2025-04-05,IRCON SOLAR Karnataka Private IPP Solar 50.00 1.63 -0.58
2025-04-05,GADAG_VENA_W Karnataka Private IPP Wind 133.00 0.24 1.80
2025-04-05,GADAG_VENA_S Karnataka Private IPP Solar 31.00 0.22 -0.16
2025-04-05,KOPPAL_RENEWOJAS_S Karnataka Private IPP Solar 81.00 0.46 2.71
2025-04-05,All ADYAH Karnataka Private IPP Solar 300.00 2.16 9.73
2025-04-05,AMPLUS PAVAGADA Karnataka Private IPP Solar 50.00 0.39 1.70
2025-04-05,AMPLUS TUMKUR Karnataka Private IPP Solar 50.00 0.40 1.68
2025-04-05,AVAADA SOLAR Karnataka Private IPP Solar 150.00 1.13 4.85
2025-04-05,AVAADA SOLARISE Karnataka Private IPP Solar 150.00 1.17 4.87
2025-04-05,AZURE POWER EARTH Karnataka Private IPP Solar 100.00 0.81 3.46
2025-04-05,FORTUM FIN SURYA Karnataka Private IPP Solar 100.00 0.72 2.99
2025-04-05,FORTUM SOLAR Karnataka Private IPP Solar 250.00 0.38 1.61
2025-04-05,KREDL Karnataka Private IPP Solar 50.00 0.61 3.13
2025-04-05,PARAMPUJYA Karnataka Private IPP Solar 150.00 0.41 1.71
2025-04-05,RENEW TN2 Karnataka Private IPP Solar 50.00 1.53 6.53
2025-04-05,SBG ENERGY Karnataka Private IPP Solar 200.00 1.93 8.30
2025-04-05,TATA RENEWABLES Karnataka Private IPP Solar 400.00 2.63 10.93
2025-04-05,YARROW Karnataka Private IPP Solar 50.00 0.37 1.59
2025-04-05,कनजाटक / Karnataka 9.10 33.27 5.93 48.30 48.77 160.88 37.28 246.93
2025-04-06,कनजाटक / Karnataka 13.70 49.60 7.35 70.65 76.10 281.73 44.63 402.46
2025-04-06,KOPPAL_AYANASIX_W Karnataka Private IPP Wind 50.00 1.49 7.36
2025-04-06,KOPPAL_RENEWROSHNI_W Karnataka Private IPP Wind 73.00 0.84 6.80
2025-04-06,KOPPAL SRI1PL Karnataka Private IPP Solar 120.00 1.25 7.45
2025-04-06,IRCON SOLAR Karnataka Private IPP Solar 50.00 1.31 0.73
2025-04-06,GADAG_VENA_W Karnataka Private IPP Wind 133.00 0.32 2.12
2025-04-06,GADAG_VENA_S Karnataka Private IPP Solar 31.00 -0.24 -0.40
2025-04-06,KOPPAL_RENEWOJAS_S Karnataka Private IPP Solar 81.00 0.45 3.16
2025-04-06,All ADYAH Karnataka Private IPP Solar 300.00 2.11 11.84
2025-04-06,AMPLUS PAVAGADA Karnataka Private IPP Solar 50.00 0.37 2.07
2025-04-06,AMPLUS TUMKUR Karnataka Private IPP Solar 50.00 0.37 2.05
2025-04-06,AVAADA SOLAR Karnataka Private IPP Solar 150.00 1.05 5.90
2025-04-06,AVAADA SOLARISE Karnataka Private IPP Solar 150.00 1.05 5.92
2025-04-06,AZURE POWER EARTH Karnataka Private IPP Solar 100.00 0.74 4.20
2025-04-06,FORTUM FIN SURYA Karnataka Private IPP Solar 100.00 0.67 3.66
2025-04-06,FORTUM SOLAR Karnataka Private IPP Solar 250.00 0.34 1.95
2025-04-06,KREDL Karnataka Private IPP Solar 50.00 0.74 3.87
2025-04-06,PARAMPUJYA Karnataka Private IPP Solar 150.00 0.35 2.06
2025-04-06,RENEW TN2 Karnataka Private IPP Solar 50.00 1.43 7.96
2025-04-06,SBG ENERGY Karnataka Private IPP Solar 200.00 1.75 10.05
2025-04-06,TATA RENEWABLES Karnataka Private IPP Solar 400.00 2.34 13.27
2025-04-06,YARROW Karnataka Private IPP Solar 50.00 0.35 1.94
2025-04-06,कनजाटक / Karnataka 11.05 33.17 7.35 51.57 59.82 194.05 44.63 298.50
2025-04-07,कनजाटक / Karnataka 11.54 52.80 7.91 72.25 87.64 334.53 52.54 474.71
2025-04-07,KOPPAL_AYANASIX_W Karnataka Private IPP Wind 50.00 0.39 7.75
2025-04-07,KOPPAL_RENEWROSHNI_W Karnataka Private IPP Wind 73.00 0.38 7.18
2025-04-07,KOPPAL SRI1PL Karnataka Private IPP Solar 120.00 0.51 7.96
2025-04-07,IRCON SOLAR Karnataka Private IPP Solar 50.00 0.69 1.42
2025-04-07,GADAG_VENA_W Karnataka Private IPP Wind 133.00 0.51 2.63
2025-04-07,GADAG_VENA_S Karnataka Private IPP Solar 31.00 0.56 0.16
2025-04-07,KOPPAL_RENEWOJAS_S Karnataka Private IPP Solar 81.00 1.10 4.26
2025-04-07,All ADYAH Karnataka Private IPP Solar 300.00 0.37 12.21
2025-04-07,AMPLUS PAVAGADA Karnataka Private IPP Solar 50.00 2.27 4.34
2025-04-07,AMPLUS TUMKUR Karnataka Private IPP Solar 50.00 0.40 2.45
2025-04-07,AVAADA SOLAR Karnataka Private IPP Solar 150.00 0.40 6.30
2025-04-07,AVAADA SOLARISE Karnataka Private IPP Solar 150.00 1.10 7.02
2025-04-07,AZURE POWER EARTH Karnataka Private IPP Solar 100.00 1.14 5.34
2025-04-07,FORTUM FIN SURYA Karnataka Private IPP Solar 100.00 0.80 4.46
2025-04-07,FORTUM SOLAR Karnataka Private IPP Solar 250.00 1.56 3.51
2025-04-07,KREDL Karnataka Private IPP Solar 50.00 0.37 4.24
2025-04-07,PARAMPUJYA Karnataka Private IPP Solar 150.00 0.78 2.84
2025-04-07,RENEW TN2 Karnataka Private IPP Solar 50.00 0.39 8.35
2025-04-07,SBG ENERGY Karnataka Private IPP Solar 200.00 1.53 11.58
2025-04-07,TATA RENEWABLES Karnataka Private IPP Solar 400.00 1.90 15.17
2025-04-07,YARROW Karnataka Private IPP Solar 50.00 2.59 4.53
2025-04-07,कनजाटक / Karnataka 10.26 34.34 7.91 52.51 70.08 228.39 52.54 351.01
2025-04-08,कनजाटक / Karnataka 15.60 47.71 7.03 70.34 103.24 382.24 59.57 545.05
2025-04-08,KOPPAL_AYANASIX_W Karnataka Private IPP Wind 50.00 1.22 8.97
2025-04-08,KOPPAL_RENEWROSHNI_W Karnataka Private IPP Wind 73.00 1.63 8.81
2025-04-08,KOPPAL SRI1PL Karnataka Private IPP Solar 120.00 1.51 9.47
2025-04-08,IRCON SOLAR Karnataka Private IPP Solar 50.00 -1.57 -0.15
2025-04-08,GADAG_VENA_W Karnataka Private IPP Wind 133.00 0.32 2.95
2025-04-08,GADAG_VENA_S Karnataka Private IPP Solar 31.00 -0.25 -0.09
2025-04-08,KOPPAL_RENEWOJAS_S Karnataka Private IPP Solar 81.00 0.50 4.76
2025-04-08,All ADYAH Karnataka Private IPP Solar 300.00 2.26 14.47
2025-04-08,AMPLUS PAVAGADA Karnataka Private IPP Solar 50.00 0.39 4.73
2025-04-08,AMPLUS TUMKUR Karnataka Private IPP Solar 50.00 0.39 2.84
2025-04-08,AVAADA SOLAR Karnataka Private IPP Solar 150.00 1.10 7.40
2025-04-08,AVAADA SOLARISE Karnataka Private IPP Solar 150.00 1.11 8.13
2025-04-08,AZURE POWER EARTH Karnataka Private IPP Solar 100.00 0.80 6.14
2025-04-08,FORTUM FIN SURYA Karnataka Private IPP Solar 100.00 0.68 5.14
2025-04-08,FORTUM SOLAR Karnataka Private IPP Solar 250.00 0.37 3.88
2025-04-08,KREDL Karnataka Private IPP Solar 50.00 0.77 5.01
2025-04-08,PARAMPUJYA Karnataka Private IPP Solar 150.00 0.39 3.23
2025-04-08,RENEW TN2 Karnataka Private IPP Solar 50.00 1.51 9.86
2025-04-08,SBG ENERGY Karnataka Private IPP Solar 200.00 1.89 13.47
2025-04-08,TATA RENEWABLES Karnataka Private IPP Solar 400.00 2.57 17.74
2025-04-08,YARROW Karnataka Private IPP Solar 50.00 0.36 4.89
2025-04-08,कनजाटक / Karnataka 12.43 32.93 7.03 52.39 82.51 261.32 59.57 403.40
2025-04-09,कनजाटक / Karnataka 13.28 48.78 7.30 69.36 116.52 431.02 66.87 614.41
2025-04-09,KOPPAL_AYANASIX_W Karnataka Private IPP Wind 50.00 1.11 10.08
2025-04-09,KOPPAL_RENEWROSHNI_W Karnataka Private IPP Wind 73.00 0.67 9.48
2025-04-09,KOPPAL SRI1PL Karnataka Private IPP Solar 120.00 1.34 10.81
2025-04-09,IRCON SOLAR Karnataka Private IPP Solar 50.00 -1.57 -1.72
2025-04-09,GADAG_VENA_W Karnataka Private IPP Wind 133.00 0.52 3.47
2025-04-09,GADAG_VENA_S Karnataka Private IPP Solar 31.00 0.00 -0.09
2025-04-09,KOPPAL_RENEWOJAS_S Karnataka Private IPP Solar 81.00 0.55 5.31
2025-04-09,All ADYAH Karnataka Private IPP Solar 300.00 2.25 16.72
2025-04-09,AMPLUS PAVAGADA Karnataka Private IPP Solar 50.00 0.38 5.11
2025-04-09,AMPLUS TUMKUR Karnataka Private IPP Solar 50.00 0.38 3.22
2025-04-09,AVAADA SOLAR Karnataka Private IPP Solar 150.00 1.10 8.50
2025-04-09,AVAADA SOLARISE Karnataka Private IPP Solar 150.00 1.10 9.23
2025-04-09,AZURE POWER EARTH Karnataka Private IPP Solar 100.00 0.79 6.93
2025-04-09,FORTUM FIN SURYA Karnataka Private IPP Solar 100.00 0.67 5.81
2025-04-09,FORTUM SOLAR Karnataka Private IPP Solar 250.00 0.35 4.23
2025-04-09,KREDL Karnataka Private IPP Solar 50.00 0.76 5.77
2025-04-09,PARAMPUJYA Karnataka Private IPP Solar 150.00 0.39 3.62
2025-04-09,RENEW TN2 Karnataka Private IPP Solar 50.00 1.49 11.35
2025-04-09,SBG ENERGY Karnataka Private IPP Solar 200.00 1.90 15.37
2025-04-09,TATA RENEWABLES Karnataka Private IPP Solar 400.00 2.54 20.28
2025-04-09,YARROW Karnataka Private IPP Solar 50.00 0.36 5.25
2025-04-09,कनजाटक / Karnataka 10.98 34.00 7.30 52.28 93.49 295.32 66.87 455.68
2025-04-10,कनजाटक / Karnataka 6.94 31.79 0.00 38.73 123.46 462.81 66.87 653.14
2025-04-10,KOPPAL_AYANASIX_W Karnataka Private IPP Wind 50.00 3.63 13.71
2025-04-10,KOPPAL_RENEWROSHNI_W Karnataka Private IPP Wind 73.00 1.67 11.15
2025-04-10,KOPPAL SRI1PL Karnataka Private IPP Solar 120.00 1.60 12.41
2025-04-10,IRCON SOLAR Karnataka Private IPP Solar 50.00 -2.93 -4.65
2025-04-10,GADAG_VENA_W Karnataka Private IPP Wind 133.00 0.78 4.25
2025-04-10,GADAG_VENA_S Karnataka Private IPP Solar 31.00 0.00 -0.09
2025-04-10,KOPPAL_RENEWOJAS_S Karnataka Private IPP Solar 81.00 0.52 5.83
2025-04-10,All ADYAH Karnataka Private IPP Solar 300.00 2.17 18.89
2025-04-10,AMPLUS PAVAGADA Karnataka Private IPP Solar 50.00 0.38 5.49
2025-04-10,AMPLUS TUMKUR Karnataka Private IPP Solar 50.00 0.38 3.60
2025-04-10,AVAADA SOLAR Karnataka Private IPP Solar 150.00 1.10 9.60
2025-04-10,AVAADA SOLARISE Karnataka Private IPP Solar 150.00 1.01 10.24
2025-04-10,AZURE POWER EARTH Karnataka Private IPP Solar 100.00 0.77 7.70
2025-04-10,FORTUM FIN SURYA Karnataka Private IPP Solar 100.00 0.66 6.47
2025-04-10,FORTUM SOLAR Karnataka Private IPP Solar 250.00 0.35 4.58
2025-04-10,KREDL Karnataka Private IPP Solar 50.00 0.75 6.52
2025-04-10,PARAMPUJYA Karnataka Private IPP Solar 150.00 0.37 3.99
2025-04-10,RENEW TN2 Karnataka Private IPP Solar 50.00 1.49 12.84
2025-04-10,SBG ENERGY Karnataka Private IPP Solar 200.00 1.74 17.11
2025-04-10,TATA RENEWABLES Karnataka Private IPP Solar 400.00 2.49 22.77
2025-04-10,YARROW Karnataka Private IPP Solar 50.00 0.35 5.60
2025-04-10,कनजाटक / Karnataka 0.86 18.59 0.00 19.45 94.35 313.91 66.87 475.13
2025-04-11,कनजाटक / Karnataka 31.32 45.50 8.08 84.90 154.78 508.31 74.95 738.04
2025-04-11,KOPPAL_AYANASIX_W Karnataka Private IPP Wind 50.00 2.73 16.44
2025-04-11,KOPPAL_RENEWROSHNI_W Karnataka Private IPP Wind 73.00 1.46 12.61
2025-04-11,KOPPAL SRI1PL Karnataka Private IPP Solar 120.00 1.15 13.56
2025-04-11,IRCON SOLAR Karnataka Private IPP Solar 50.00 -4.44 -9.09
2025-04-11,GADAG_VENA_W Karnataka Private IPP Wind 133.00 1.47 5.72
2025-04-11,GADAG_VENA_S Karnataka Private IPP Solar 31.00 -0.24 -0.33
2025-04-11,KOPPAL_RENEWOJAS_S Karnataka Private IPP Solar 81.00 0.49 6.32
2025-04-11,All ADYAH Karnataka Private IPP Solar 300.00 2.19 21.08
2025-04-11,AMPLUS PAVAGADA Karnataka Private IPP Solar 50.00 0.39 5.88
2025-04-11,AMPLUS TUMKUR Karnataka Private IPP Solar 50.00 0.38 3.98
2025-04-11,AVAADA SOLAR Karnataka Private IPP Solar 150.00 1.10 10.70
2025-04-11,AVAADA SOLARISE Karnataka Private IPP Solar 150.00 1.09 11.33
2025-04-11,AZURE POWER EARTH Karnataka Private IPP Solar 100.00 0.78 8.48
2025-04-11,FORTUM FIN SURYA Karnataka Private IPP Solar 100.00 0.68 7.15
2025-04-11,FORTUM SOLAR Karnataka Private IPP Solar 250.00 0.36 4.94
2025-04-11,KREDL Karnataka Private IPP Solar 50.00 0.76 7.28
2025-04-11,PARAMPUJYA Karnataka Private IPP Solar 150.00 0.38 4.37
2025-04-11,RENEW TN2 Karnataka Private IPP Solar 50.00 1.34 14.18
2025-04-11,SBG ENERGY Karnataka Private IPP Solar 200.00 1.86 18.97
2025-04-11,TATA RENEWABLES Karnataka Private IPP Solar 400.00 2.50 25.27
2025-04-11,YARROW Karnataka Private IPP Solar 50.00 0.36 5.96
2025-04-11,कनजाटक / Karnataka 25.66 34.37 8.08 68.11 120.01 348.28 74.95 543.24
2025-04-12,कनजाटक / Karnataka 28.07 56.13 7.80 92.00 182.85 564.44 82.75 830.04
2025-04-12,KOPPAL_AYANASIX_W Karnataka Private IPP Wind 50.00 2.30 18.74
2025-04-12,KOPPAL_RENEWROSHNI_W Karnataka Private IPP Wind 73.00 2.35 14.96
2025-04-12,KOPPAL SRI1PL Karnataka Private IPP Solar 120.00 1.14 14.70
2025-04-12,IRCON SOLAR Karnataka Private IPP Solar 50.00 4.44 -4.65
2025-04-12,GADAG_VENA_W Karnataka Private IPP Wind 133.00 0.53 6.25
2025-04-12,GADAG_VENA_S Karnataka Private IPP Solar 31.00 0.26 -0.07
2025-04-12,KOPPAL_RENEWOJAS_S Karnataka Private IPP Solar 81.00 0.57 6.89
2025-04-12,All ADYAH Karnataka Private IPP Solar 300.00 2.32 23.40
2025-04-12,AMPLUS PAVAGADA Karnataka Private IPP Solar 50.00 0.40 6.28
2025-04-12,AMPLUS TUMKUR Karnataka Private IPP Solar 50.00 0.40 4.38
2025-04-12,AVAADA SOLAR Karnataka Private IPP Solar 150.00 1.16 11.86
2025-04-12,AVAADA SOLARISE Karnataka Private IPP Solar 150.00 1.14 12.47
2025-04-12,AZURE POWER EARTH Karnataka Private IPP Solar 100.00 0.82 9.30
2025-04-12,FORTUM FIN SURYA Karnataka Private IPP Solar 100.00 0.71 7.86
2025-04-12,FORTUM SOLAR Karnataka Private IPP Solar 250.00 0.38 5.32
2025-04-12,KREDL Karnataka Private IPP Solar 50.00 0.81 8.09
2025-04-12,PARAMPUJYA Karnataka Private IPP Solar 150.00 0.42 4.79
2025-04-12,RENEW TN2 Karnataka Private IPP Solar 50.00 1.54 15.72
2025-04-12,SBG ENERGY Karnataka Private IPP Solar 200.00 1.96 20.93
2025-04-12,TATA RENEWABLES Karnataka Private IPP Solar 400.00 2.66 27.93
2025-04-12,YARROW Karnataka Private IPP Solar 50.00 0.38 6.34
2025-04-12,कनजाटक / Karnataka 22.89 34.62 7.80 65.31 142.90 382.90 82.75 608.55
2025-04-13,कनजाटक / Karnataka 18.03 54.93 7.30 80.26 200.88 619.37 90.05 910.30
2025-04-13,KOPPAL_AYANASIX_W Karnataka Private IPP Wind 50.00 2.10 20.84
2025-04-13,KOPPAL_RENEWROSHNI_W Karnataka Private IPP Wind 73.00 1.30 16.26
2025-04-13,KOPPAL SRI1PL Karnataka Private IPP Solar 120.00 1.57 16.27
2025-04-13,IRCON SOLAR Karnataka Private IPP Solar 50.00 4.44 -0.21
2025-04-13,GADAG_VENA_W Karnataka Private IPP Wind 133.00 0.44 6.69
2025-04-13,GADAG_VENA_S Karnataka Private IPP Solar 31.00 -0.26 -0.33
2025-04-13,KOPPAL_RENEWOJAS_S Karnataka Private IPP Solar 81.00 0.59 7.48
2025-04-13,All ADYAH Karnataka Private IPP Solar 300.00 2.20 25.60
2025-04-13,AMPLUS PAVAGADA Karnataka Private IPP Solar 50.00 0.39 6.67
2025-04-13,AMPLUS TUMKUR Karnataka Private IPP Solar 50.00 0.39 4.77
2025-04-13,AVAADA SOLAR Karnataka Private IPP Solar 150.00 1.10 12.96
2025-04-13,AVAADA SOLARISE Karnataka Private IPP Solar 150.00 1.10 13.57
2025-04-13,AZURE POWER EARTH Karnataka Private IPP Solar 100.00 0.78 10.08
2025-04-13,FORTUM FIN SURYA Karnataka Private IPP Solar 100.00 0.68 8.54
2025-04-13,FORTUM SOLAR Karnataka Private IPP Solar 250.00 0.37 5.69
2025-04-13,KREDL Karnataka Private IPP Solar 50.00 0.78 8.87
2025-04-13,PARAMPUJYA Karnataka Private IPP Solar 150.00 0.38 5.17
2025-04-13,RENEW TN2 Karnataka Private IPP Solar 50.00 1.48 17.20
2025-04-13,SBG ENERGY Karnataka Private IPP Solar 200.00 1.87 22.80
2025-04-13,TATA RENEWABLES Karnataka Private IPP Solar 400.00 2.54 30.47
2025-04-13,YARROW Karnataka Private IPP Solar 50.00 0.38 6.72
2025-04-13,कनजाटक / Karnataka 14.19 34.15 7.30 55.64 157.09 417.05 90.05 664.19
2025-04-14,कनजाटक / Karnataka 18.09 53.91 6.30 78.30 218.97 673.28 96.35 988.60
2025-04-14,KOPPAL_AYANASIX_W Karnataka Private IPP Wind 50.00 1.89 22.73
2025-04-14,KOPPAL_RENEWROSHNI_W Karnataka Private IPP Wind 73.00 1.49 17.75
2025-04-14,KOPPAL SRI1PL Karnataka Private IPP Solar 120.00 1.58 17.85
2025-04-14,IRCON SOLAR Karnataka Private IPP Solar 50.00 4.44 4.23
2025-04-14,GADAG_VENA_W Karnataka Private IPP Wind 133.00 0.42 7.11
2025-04-14,GADAG_VENA_S Karnataka Private IPP Solar 31.00 -0.26 -0.59
2025-04-14,KOPPAL_RENEWOJAS_S Karnataka Private IPP Solar 81.00 0.59 8.07
2025-04-14,All ADYAH Karnataka Private IPP Solar 300.00 2.19 27.79
2025-04-14,AMPLUS PAVAGADA Karnataka Private IPP Solar 50.00 0.35 7.02
2025-04-14,AMPLUS TUMKUR Karnataka Private IPP Solar 50.00 0.36 5.13
2025-04-14,AVAADA SOLAR Karnataka Private IPP Solar 150.00 1.05 14.01
2025-04-14,AVAADA SOLARISE Karnataka Private IPP Solar 150.00 1.03 14.60
2025-04-14,AZURE POWER EARTH Karnataka Private IPP Solar 100.00 0.78 10.86
2025-04-14,FORTUM FIN SURYA Karnataka Private IPP Solar 100.00 0.65 9.19
2025-04-14,FORTUM SOLAR Karnataka Private IPP Solar 250.00 0.34 6.03
2025-04-14,KREDL Karnataka Private IPP Solar 50.00 0.74 9.61
2025-04-14,PARAMPUJYA Karnataka Private IPP Solar 150.00 0.36 5.53
2025-04-14,RENEW TN2 Karnataka Private IPP Solar 50.00 1.49 18.69
2025-04-14,SBG ENERGY Karnataka Private IPP Solar 200.00 1.81 24.61
2025-04-14,TATA RENEWABLES Karnataka Private IPP Solar 400.00 2.47 32.94
2025-04-14,YARROW Karnataka Private IPP Solar 50.00 0.35 7.07
2025-04-14,कनजाटक / Karnataka 14.29 33.59 6.30 54.18 171.38 450.64 96.35 718.37
2025-04-15,कनजाटक / Karnataka 19.88 53.91 6.59 80.38 238.85 727.19 102.94 1068.98
2025-04-15,KOPPAL_AYANASIX_W Karnataka Private IPP Wind 50.00 1.81 24.54
2025-04-15,KOPPAL_RENEWROSHNI_W Karnataka Private IPP Wind 73.00 1.78 19.53
2025-04-15,KOPPAL SRI1PL Karnataka Private IPP Solar 120.00 1.30 19.15
2025-04-15,IRCON SOLAR Karnataka Private IPP Solar 50.00 4.44 8.67
2025-04-15,GADAG_VENA_W Karnataka Private IPP Wind 133.00 0.68 7.79
2025-04-15,GADAG_VENA_S Karnataka Private IPP Solar 31.00 -0.23 -0.82
2025-04-15,KOPPAL_RENEWOJAS_S Karnataka Private IPP Solar 81.00 0.51 8.58
2025-04-15,All ADYAH Karnataka Private IPP Solar 300.00 2.31 30.10
2025-04-15,AMPLUS PAVAGADA Karnataka Private IPP Solar 50.00 0.38 7.40
2025-04-15,AMPLUS TUMKUR Karnataka Private IPP Solar 50.00 0.38 5.51
2025-04-15,AVAADA SOLAR Karnataka Private IPP Solar 150.00 1.10 15.11
2025-04-15,AVAADA SOLARISE Karnataka Private IPP Solar 150.00 1.07 15.67
2025-04-15,AZURE POWER EARTH Karnataka Private IPP Solar 100.00 0.81 11.67
2025-04-15,FORTUM FIN SURYA Karnataka Private IPP Solar 100.00 0.70 9.89
2025-04-15,FORTUM SOLAR Karnataka Private IPP Solar 250.00 0.37 6.40
2025-04-15,KREDL Karnataka Private IPP Solar 50.00 0.80 10.41
2025-04-15,PARAMPUJYA Karnataka Private IPP Solar 150.00 0.40 5.93
2025-04-15,RENEW TN2 Karnataka Private IPP Solar 50.00 1.51 20.20
2025-04-15,SBG ENERGY Karnataka Private IPP Solar 200.00 1.91 26.52
2025-04-15,TATA RENEWABLES Karnataka Private IPP Solar 400.00 2.62 35.56
2025-04-15,YARROW Karnataka Private IPP Solar 50.00 0.38 7.45
2025-04-15,कनजाटक / Karnataka 15.61 33.15 6.59 55.35 186.99 483.79 102.94 773.72
2025-04-16,कनजाटक / Karnataka 21.94 49.43 6.77 78.14 260.79 776.62 109.71 1147.12
2025-04-16,KOPPAL_AYANASIX_W Karnataka Private IPP Wind 50.00 2.18 26.72
2025-04-16,KOPPAL_RENEWROSHNI_W Karnataka Private IPP Wind 73.00 1.67 21.20
2025-04-16,KOPPAL SRI1PL Karnataka Private IPP Solar 120.00 1.33 20.48
2025-04-16,IRCON SOLAR Karnataka Private IPP Solar 50.00 1.01 9.68
2025-04-16,GADAG_VENA_W Karnataka Private IPP Wind 133.00 0.57 8.36
2025-04-16,GADAG_VENA_S Karnataka Private IPP Solar 31.00 0.74 -0.08
2025-04-16,KOPPAL_RENEWOJAS_S Karnataka Private IPP Solar 81.00 0.53 9.11
2025-04-16,All ADYAH Karnataka Private IPP Solar 300.00 2.18 32.28
2025-04-16,AMPLUS PAVAGADA Karnataka Private IPP Solar 50.00 0.37 7.77
2025-04-16,AMPLUS TUMKUR Karnataka Private IPP Solar 50.00 0.37 5.88
2025-04-16,AVAADA SOLAR Karnataka Private IPP Solar 150.00 1.06 16.17
2025-04-16,AVAADA SOLARISE Karnataka Private IPP Solar 150.00 1.04 16.71
2025-04-16,AZURE POWER EARTH Karnataka Private IPP Solar 100.00 0.77 12.44
2025-04-16,FORTUM FIN SURYA Karnataka Private IPP Solar 100.00 0.65 10.54
2025-04-16,FORTUM SOLAR Karnataka Private IPP Solar 250.00 0.35 6.75
2025-04-16,KREDL Karnataka Private IPP Solar 50.00 0.75 11.16
2025-04-16,PARAMPUJYA Karnataka Private IPP Solar 150.00 0.37 6.30
2025-04-16,RENEW TN2 Karnataka Private IPP Solar 50.00 1.46 21.66
2025-04-16,SBG ENERGY Karnataka Private IPP Solar 200.00 1.82 28.34
2025-04-16,TATA RENEWABLES Karnataka Private IPP Solar 400.00 2.46 38.02
2025-04-16,YARROW Karnataka Private IPP Solar 50.00 0.34 7.79
2025-04-16,कनजाटक / Karnataka 17.52 31.83 6.77 56.12 204.51 515.62 109.71 829.84
2025-04-17,कनजाटक / Karnataka 20.63 50.94 6.09 77.66 281.42 827.56 115.80 1224.78
2025-04-17,KOPPAL_AYANASIX_W Karnataka Private IPP Wind 50.00 1.84 28.56
2025-04-17,KOPPAL_RENEWROSHNI_W Karnataka Private IPP Wind 73.00 0.92 22.12
2025-04-17,KOPPAL SRI1PL Karnataka Private IPP Solar 120.00 1.53 22.01
2025-04-17,IRCON SOLAR Karnataka Private IPP Solar 50.00 1.03 10.71
2025-04-17,GADAG_VENA_W Karnataka Private IPP Wind 133.00 0.51 8.87
2025-04-17,GADAG_VENA_S Karnataka Private IPP Solar 31.00 0.24 0.16
2025-04-17,KOPPAL_RENEWOJAS_S Karnataka Private IPP Solar 81.00 0.54 9.65
2025-04-17,All ADYAH Karnataka Private IPP Solar 300.00 2.02 34.30
2025-04-17,AMPLUS PAVAGADA Karnataka Private IPP Solar 50.00 0.39 8.16
2025-04-17,AMPLUS TUMKUR Karnataka Private IPP Solar 50.00 0.38 6.26
2025-04-17,AVAADA SOLAR Karnataka Private IPP Solar 150.00 0.76 16.93
2025-04-17,AVAADA SOLARISE Karnataka Private IPP Solar 150.00 1.05 17.76
2025-04-17,AZURE POWER EARTH Karnataka Private IPP Solar 100.00 0.72 13.16
2025-04-17,FORTUM FIN SURYA Karnataka Private IPP Solar 100.00 0.65 11.19
2025-04-17,FORTUM SOLAR Karnataka Private IPP Solar 250.00 0.33 7.08
2025-04-17,KREDL Karnataka Private IPP Solar 50.00 0.76 11.92
2025-04-17,PARAMPUJYA Karnataka Private IPP Solar 150.00 0.36 6.66
2025-04-17,RENEW TN2 Karnataka Private IPP Solar 50.00 1.45 23.11
2025-04-17,SBG ENERGY Karnataka Private IPP Solar 200.00 1.69 30.03
2025-04-17,TATA RENEWABLES Karnataka Private IPP Solar 400.00 2.38 40.40
2025-04-17,YARROW Karnataka Private IPP Solar 50.00 0.34 8.13
2025-04-17,कनजाटक / Karnataka 17.36 34.32 6.09 57.77 221.87 549.94 115.80 887.61
2025-04-18,कनजाटक / Karnataka 25.91 52.83 5.10 83.84 307.33 880.39 120.90 1308.62
2025-04-18,KOPPAL_AYANASIX_W Karnataka Private IPP Wind 50.00 2.56 31.12
2025-04-18,KOPPAL_RENEWROSHNI_W Karnataka Private IPP Wind 73.00 0.79 22.91
2025-04-18,KOPPAL SRI1PL Karnataka Private IPP Solar 120.00 1.40 23.41
2025-04-18,IRCON SOLAR Karnataka Private IPP Solar 50.00 4.44 15.15
2025-04-18,GADAG_VENA_W Karnataka Private IPP Wind 133.00 0.67 9.54
2025-04-18,GADAG_VENA_S Karnataka Private IPP Solar 31.00 -0.24 -0.08
2025-04-18,KOPPAL_RENEWOJAS_S Karnataka Private IPP Solar 81.00 0.48 10.13
2025-04-18,All ADYAH Karnataka Private IPP Solar 300.00 2.07 36.37
2025-04-18,AMPLUS PAVAGADA Karnataka Private IPP Solar 50.00 0.36 8.52
2025-04-18,AMPLUS TUMKUR Karnataka Private IPP Solar 50.00 0.36 6.62
2025-04-18,AVAADA SOLAR Karnataka Private IPP Solar 150.00 0.98 17.91
2025-04-18,AVAADA SOLARISE Karnataka Private IPP Solar 150.00 1.03 18.79
2025-04-18,AZURE POWER EARTH Karnataka Private IPP Solar 100.00 0.68 13.84
2025-04-18,FORTUM FIN SURYA Karnataka Private IPP Solar 100.00 0.64 11.83
2025-04-18,FORTUM SOLAR Karnataka Private IPP Solar 250.00 0.34 7.42
2025-04-18,KREDL Karnataka Private IPP Solar 50.00 0.73 12.65
2025-04-18,PARAMPUJYA Karnataka Private IPP Solar 150.00 0.34 7.00
2025-04-18,RENEW TN2 Karnataka Private IPP Solar 50.00 1.46 24.57
2025-04-18,SBG ENERGY Karnataka Private IPP Solar 200.00 1.70 31.73
2025-04-18,TATA RENEWABLES Karnataka Private IPP Solar 400.00 2.31 42.71
2025-04-18,YARROW Karnataka Private IPP Solar 50.00 0.34 8.47
2025-04-18,कनजाटक / Karnataka 21.89 33.41 5.10 60.40 243.76 583.35 120.90 948.01
2025-04-19,कनजाटक / Karnataka 21.43 55.64 5.77 82.84 328.76 936.03 126.67 1391.46
2025-04-19,KOPPAL_AYANASIX_W Karnataka Private IPP Wind 50.00 2.02 33.14
2025-04-19,KOPPAL_RENEWROSHNI_W Karnataka Private IPP Wind 73.00 0.46 23.37
2025-04-19,KOPPAL SRI1PL Karnataka Private IPP Solar 120.00 1.48 24.89
2025-04-19,IRCON SOLAR Karnataka Private IPP Solar 50.00 4.44 19.59
2025-04-19,GADAG_VENA_W Karnataka Private IPP Wind 133.00 0.73 10.27
2025-04-19,GADAG_VENA_S Karnataka Private IPP Solar 31.00 -0.25 -0.33
2025-04-19,KOPPAL_RENEWOJAS_S Karnataka Private IPP Solar 81.00 0.57 10.70
2025-04-19,All ADYAH Karnataka Private IPP Solar 300.00 2.22 38.59
2025-04-19,AMPLUS PAVAGADA Karnataka Private IPP Solar 50.00 0.39 8.91
2025-04-19,AMPLUS TUMKUR Karnataka Private IPP Solar 50.00 0.38 7.00
2025-04-19,AVAADA SOLAR Karnataka Private IPP Solar 150.00 1.07 18.98
2025-04-19,AVAADA SOLARISE Karnataka Private IPP Solar 150.00 1.08 19.87
2025-04-19,AZURE POWER EARTH Karnataka Private IPP Solar 100.00 0.78 14.62
2025-04-19,FORTUM FIN SURYA Karnataka Private IPP Solar 100.00 0.67 12.50
2025-04-19,FORTUM SOLAR Karnataka Private IPP Solar 250.00 0.36 7.78
2025-04-19,KREDL Karnataka Private IPP Solar 50.00 0.97 13.62
2025-04-19,PARAMPUJYA Karnataka Private IPP Solar 150.00 0.37 7.37
2025-04-19,RENEW TN2 Karnataka Private IPP Solar 50.00 1.48 26.05
2025-04-19,SBG ENERGY Karnataka Private IPP Solar 200.00 1.86 33.59
2025-04-19,TATA RENEWABLES Karnataka Private IPP Solar 400.00 2.53 45.24
2025-04-19,YARROW Karnataka Private IPP Solar 50.00 0.36 8.83
2025-04-19,कनजाटक / Karnataka 18.22 34.88 5.77 58.87 261.98 618.23 126.67 1006.88
2025-04-20,कनजाटक / Karnataka 22.21 52.34 5.66 80.21 350.97 988.37 132.33 1471.67
2025-04-20,KOPPAL_AYANASIX_W Karnataka Private IPP Wind 50.00 2.13 35.27
2025-04-20,KOPPAL_RENEWROSHNI_W Karnataka Private IPP Wind 73.00 1.10 24.47
2025-04-20,KOPPAL SRI1PL Karnataka Private IPP Solar 120.00 1.34 26.23
2025-04-20,IRCON SOLAR Karnataka Private IPP Solar 50.00 4.44 24.03
2025-04-20,GADAG_VENA_W Karnataka Private IPP Wind 133.00 0.74 11.01
2025-04-20,GADAG_VENA_S Karnataka Private IPP Solar 31.00 0.20 -0.13
2025-04-20,KOPPAL_RENEWOJAS_S Karnataka Private IPP Solar 81.00 0.49 11.19
2025-04-20,All ADYAH Karnataka Private IPP Solar 300.00 2.10 40.69
2025-04-20,AMPLUS PAVAGADA Karnataka Private IPP Solar 50.00 0.38 9.29
2025-04-20,AMPLUS TUMKUR Karnataka Private IPP Solar 50.00 0.37 7.37
2025-04-20,AVAADA SOLAR Karnataka Private IPP Solar 150.00 1.03 20.01
2025-04-20,AVAADA SOLARISE Karnataka Private IPP Solar 150.00 1.04 20.91
2025-04-20,AZURE POWER EARTH Karnataka Private IPP Solar 100.00 0.77 15.39
2025-04-20,FORTUM FIN SURYA Karnataka Private IPP Solar 100.00 0.64 13.14
2025-04-20,FORTUM SOLAR Karnataka Private IPP Solar 250.00 0.33 8.11
2025-04-20,KREDL Karnataka Private IPP Solar 50.00 0.74 14.36
2025-04-20,PARAMPUJYA Karnataka Private IPP Solar 150.00 0.36 7.73
2025-04-20,RENEW TN2 Karnataka Private IPP Solar 50.00 1.40 27.45
2025-04-20,SBG ENERGY Karnataka Private IPP Solar 200.00 1.77 35.36
2025-04-20,TATA RENEWABLES Karnataka Private IPP Solar 400.00 2.39 47.63
2025-04-20,YARROW Karnataka Private IPP Solar 50.00 0.35 9.18
2025-04-20,कनजाटक / Karnataka 18.24 32.20 5.66 56.10 280.22 650.43 132.33 1062.98
2025-04-21,कनजाटक / Karnataka 15.65 46.48 5.88 68.01 366.62 1034.85 138.21 1539.68
2025-04-21,KOPPAL_AYANASIX_W Karnataka Private IPP Wind 50.00 1.28 36.55
2025-04-21,KOPPAL_RENEWROSHNI_W Karnataka Private IPP Wind 73.00 0.92 25.39
2025-04-21,KOPPAL SRI1PL Karnataka Private IPP Solar 120.00 1.46 27.69
2025-04-21,IRCON SOLAR Karnataka Private IPP Solar 50.00 -4.44 19.59
2025-04-21,GADAG_VENA_W Karnataka Private IPP Wind 133.00 0.46 11.47
2025-04-21,GADAG_VENA_S Karnataka Private IPP Solar 31.00 -0.26 -0.39
2025-04-21,KOPPAL_RENEWOJAS_S Karnataka Private IPP Solar 81.00 0.59 11.78
2025-04-21,All ADYAH Karnataka Private IPP Solar 300.00 2.30 42.99
2025-04-21,AMPLUS PAVAGADA Karnataka Private IPP Solar 50.00 0.40 9.69
2025-04-21,AMPLUS TUMKUR Karnataka Private IPP Solar 50.00 0.40 7.77
2025-04-21,AVAADA SOLAR Karnataka Private IPP Solar 150.00 1.12 21.13
2025-04-21,AVAADA SOLARISE Karnataka Private IPP Solar 150.00 1.13 22.04
2025-04-21,AZURE POWER EARTH Karnataka Private IPP Solar 100.00 0.80 16.19
2025-04-21,FORTUM FIN SURYA Karnataka Private IPP Solar 100.00 0.70 13.84
2025-04-21,FORTUM SOLAR Karnataka Private IPP Solar 250.00 0.37 8.48
2025-04-21,KREDL Karnataka Private IPP Solar 50.00 0.80 15.16
2025-04-21,PARAMPUJYA Karnataka Private IPP Solar 150.00 0.35 8.08
2025-04-21,RENEW TN2 Karnataka Private IPP Solar 50.00 1.53 28.98
2025-04-21,SBG ENERGY Karnataka Private IPP Solar 200.00 1.92 37.28
2025-04-21,TATA RENEWABLES Karnataka Private IPP Solar 400.00 2.60 50.23
2025-04-21,YARROW Karnataka Private IPP Solar 50.00 0.38 9.56
2025-04-21,कनजाटक / Karnataka 12.99 34.33 5.88 53.20 293.21 684.76 138.21 1116.18
2025-04-22,कनजाटक / Karnataka 12.94 52.77 5.77 71.48 379.56 1087.62 143.98 1611.16
2025-04-22,KOPPAL_AYANASIX_W Karnataka Private IPP Wind 50.00 1.15 37.70
2025-04-22,KOPPAL_RENEWROSHNI_W Karnataka Private IPP Wind 73.00 0.83 26.22
2025-04-22,KOPPAL SRI1PL Karnataka Private IPP Solar 120.00 1.41 29.10
2025-04-22,IRCON SOLAR Karnataka Private IPP Solar 50.00 4.44 24.03
2025-04-22,GADAG_VENA_W Karnataka Private IPP Wind 133.00 0.44 11.91
2025-04-22,GADAG_VENA_S Karnataka Private IPP Solar 31.00 0.00 -0.39
2025-04-22,KOPPAL_RENEWOJAS_S Karnataka Private IPP Solar 81.00 0.55 12.33
2025-04-22,All ADYAH Karnataka Private IPP Solar 300.00 2.29 45.28
2025-04-22,AMPLUS PAVAGADA Karnataka Private IPP Solar 50.00 0.40 10.09
2025-04-22,AMPLUS TUMKUR Karnataka Private IPP Solar 50.00 0.40 8.17
2025-04-22,AVAADA SOLAR Karnataka Private IPP Solar 150.00 1.10 22.23
2025-04-22,AVAADA SOLARISE Karnataka Private IPP Solar 150.00 1.13 23.17
2025-04-22,AZURE POWER EARTH Karnataka Private IPP Solar 100.00 0.81 17.00
2025-04-22,FORTUM FIN SURYA Karnataka Private IPP Solar 100.00 0.69 14.53
2025-04-22,FORTUM SOLAR Karnataka Private IPP Solar 250.00 0.37 8.85
2025-04-22,KREDL Karnataka Private IPP Solar 50.00 0.81 15.97
2025-04-22,PARAMPUJYA Karnataka Private IPP Solar 150.00 0.39 8.47
2025-04-22,RENEW TN2 Karnataka Private IPP Solar 50.00 1.53 30.51
2025-04-22,SBG ENERGY Karnataka Private IPP Solar 200.00 1.93 39.21
2025-04-22,TATA RENEWABLES Karnataka Private IPP Solar 400.00 2.61 52.84
2025-04-22,YARROW Karnataka Private IPP Solar 50.00 0.38 9.94
2025-04-22,कनजाटक / Karnataka 10.52 31.53 5.77 47.82 303.73 716.29 143.98 1164.00
2025-04-23,कनजाटक / Karnataka 17.25 54.03 5.26 76.54 396.81 1141.65 149.24 1687.70
2025-04-23,KOPPAL_AYANASIX_W Karnataka Private IPP Wind 50.00 1.42 39.12
2025-04-23,KOPPAL_RENEWROSHNI_W Karnataka Private IPP Wind 73.00 1.11 27.33
2025-04-23,KOPPAL SRI1PL Karnataka Private IPP Solar 120.00 1.40 30.50
2025-04-23,IRCON SOLAR Karnataka Private IPP Solar 50.00 4.44 28.47
2025-04-23,GADAG_VENA_W Karnataka Private IPP Wind 133.00 0.26 12.17
2025-04-23,GADAG_VENA_S Karnataka Private IPP Solar 31.00 0.24 -0.15
2025-04-23,KOPPAL_RENEWOJAS_S Karnataka Private IPP Solar 81.00 0.52 12.85
2025-04-23,All ADYAH Karnataka Private IPP Solar 300.00 2.26 47.54
2025-04-23,AMPLUS PAVAGADA Karnataka Private IPP Solar 50.00 0.40 10.49
2025-04-23,AMPLUS TUMKUR Karnataka Private IPP Solar 50.00 0.40 8.57
2025-04-23,AVAADA SOLAR Karnataka Private IPP Solar 150.00 1.09 23.32
2025-04-23,AVAADA SOLARISE Karnataka Private IPP Solar 150.00 1.11 24.28
2025-04-23,AZURE POWER EARTH Karnataka Private IPP Solar 100.00 0.80 17.80
2025-04-23,FORTUM FIN SURYA Karnataka Private IPP Solar 100.00 0.68 15.21
2025-04-23,FORTUM SOLAR Karnataka Private IPP Solar 250.00 0.36 9.21
2025-04-23,KREDL Karnataka Private IPP Solar 50.00 0.80 16.77
2025-04-23,PARAMPUJYA Karnataka Private IPP Solar 150.00 0.38 8.85
2025-04-23,RENEW TN2 Karnataka Private IPP Solar 50.00 1.51 32.02
2025-04-23,SBG ENERGY Karnataka Private IPP Solar 200.00 1.89 41.10
2025-04-23,TATA RENEWABLES Karnataka Private IPP Solar 400.00 2.59 55.43
2025-04-23,YARROW Karnataka Private IPP Solar 50.00 0.38 10.32
2025-04-23,कनजाटक / Karnataka 14.46 32.78 5.26 52.50 318.19 749.07 149.24 1216.50
2025-04-24,कनजाटक / Karnataka 18.08 51.52 5.64 75.24 414.89 1193.17 154.88 1762.94
2025-04-24,KOPPAL_AYANASIX_W Karnataka Private IPP Wind 50.00 1.63 40.75
2025-04-24,KOPPAL_RENEWROSHNI_W Karnataka Private IPP Wind 73.00 1.46 28.79
2025-04-24,KOPPAL SRI1PL Karnataka Private IPP Solar 120.00 1.33 31.83
2025-04-24,IRCON SOLAR Karnataka Private IPP Solar 50.00 1.05 29.52
2025-04-24,GADAG_VENA_W Karnataka Private IPP Wind 133.00 0.78 12.95
2025-04-24,GADAG_VENA_S Karnataka Private IPP Solar 31.00 0.25 0.10
2025-04-24,KOPPAL_RENEWOJAS_S Karnataka Private IPP Solar 81.00 0.49 13.34
2025-04-24,All ADYAH Karnataka Private IPP Solar 300.00 2.27 49.81
2025-04-24,AMPLUS PAVAGADA Karnataka Private IPP Solar 50.00 0.40 10.89
2025-04-24,AMPLUS TUMKUR Karnataka Private IPP Solar 50.00 0.39 8.96
2025-04-24,AVAADA SOLAR Karnataka Private IPP Solar 150.00 1.11 24.43
2025-04-24,AVAADA SOLARISE Karnataka Private IPP Solar 150.00 1.12 25.40
2025-04-24,AZURE POWER EARTH Karnataka Private IPP Solar 100.00 0.80 18.60
2025-04-24,FORTUM FIN SURYA Karnataka Private IPP Solar 100.00 0.69 15.90
2025-04-24,FORTUM SOLAR Karnataka Private IPP Solar 250.00 0.37 9.58
2025-04-24,KREDL Karnataka Private IPP Solar 50.00 0.98 17.75
2025-04-24,PARAMPUJYA Karnataka Private IPP Solar 150.00 0.38 9.23
2025-04-24,RENEW TN2 Karnataka Private IPP Solar 50.00 1.52 33.54
2025-04-24,SBG ENERGY Karnataka Private IPP Solar 200.00 1.90 43.00
2025-04-24,TATA RENEWABLES Karnataka Private IPP Solar 400.00 2.58 58.01
2025-04-24,YARROW Karnataka Private IPP Solar 50.00 0.38 10.70
2025-04-24,कनजाटक / Karnataka 14.21 33.51 5.64 53.36 332.40 782.58 154.88 1269.86
2025-04-25,कनजाटक / Karnataka 21.94 48.95 6.16 77.05 436.83 1242.12 161.04 1839.99
2025-04-25,KOPPAL_AYANASIX_W Karnataka Private IPP Wind 50.00 1.32 42.07
2025-04-25,KOPPAL_RENEWROSHNI_W Karnataka Private IPP Wind 73.00 1.28 30.07
2025-04-25,KOPPAL SRI1PL Karnataka Private IPP Solar 120.00 1.28 33.11
2025-04-25,IRCON SOLAR Karnataka Private IPP Solar 50.00 1.08 30.60
2025-04-25,GADAG_VENA_W Karnataka Private IPP Wind 133.00 0.90 13.85
2025-04-25,GADAG_VENA_S Karnataka Private IPP Solar 31.00 0.20 0.30
2025-04-25,KOPPAL_RENEWOJAS_S Karnataka Private IPP Solar 81.00 0.51 13.85
2025-04-25,All ADYAH Karnataka Private IPP Solar 300.00 2.21 52.02
2025-04-25,AMPLUS PAVAGADA Karnataka Private IPP Solar 50.00 0.39 11.28
2025-04-25,AMPLUS TUMKUR Karnataka Private IPP Solar 50.00 0.38 9.34
2025-04-25,AVAADA SOLAR Karnataka Private IPP Solar 150.00 1.07 25.50
2025-04-25,AVAADA SOLARISE Karnataka Private IPP Solar 150.00 1.08 26.48
2025-04-25,AZURE POWER EARTH Karnataka Private IPP Solar 100.00 0.78 19.38
2025-04-25,FORTUM FIN SURYA Karnataka Private IPP Solar 100.00 0.66 16.56
2025-04-25,FORTUM SOLAR Karnataka Private IPP Solar 250.00 0.36 9.94
2025-04-25,KREDL Karnataka Private IPP Solar 50.00 0.96 18.71
2025-04-25,PARAMPUJYA Karnataka Private IPP Solar 150.00 0.38 9.61
2025-04-25,RENEW TN2 Karnataka Private IPP Solar 50.00 1.47 35.01
2025-04-25,SBG ENERGY Karnataka Private IPP Solar 200.00 1.85 44.85
2025-04-25,TATA RENEWABLES Karnataka Private IPP Solar 400.00 2.55 60.56
2025-04-25,YARROW Karnataka Private IPP Solar 50.00 0.38 11.08
2025-04-25,कनजाटक / Karnataka 18.44 31.36 6.16 55.96 350.84 813.94 161.04 1325.82
2025-04-26,कनजाटक / Karnataka 12.65 53.10 5.84 71.59 449.48 1295.22 166.88 1911.58
2025-04-26,KOPPAL_AYANASIX_W Karnataka Private IPP Wind 50.00 -0.06 42.01
2025-04-26,KOPPAL_RENEWROSHNI_W Karnataka Private IPP Wind 73.00 0.81 30.88
2025-04-26,KOPPAL SRI1PL Karnataka Private IPP Solar 120.00 1.27 34.38
2025-04-26,IRCON SOLAR Karnataka Private IPP Solar 50.00 4.44 35.04
2025-04-26,GADAG_VENA_W Karnataka Private IPP Wind 133.00 0.67 14.52
2025-04-26,GADAG_VENA_S Karnataka Private IPP Solar 31.00 -0.24 0.06
2025-04-26,KOPPAL_RENEWOJAS_S Karnataka Private IPP Solar 81.00 0.48 14.33
2025-04-26,All ADYAH Karnataka Private IPP Solar 300.00 2.25 54.27
2025-04-26,AMPLUS PAVAGADA Karnataka Private IPP Solar 50.00 0.39 11.67
2025-04-26,AMPLUS TUMKUR Karnataka Private IPP Solar 50.00 0.39 9.73
2025-04-26,AVAADA SOLAR Karnataka Private IPP Solar 150.00 1.08 26.58
2025-04-26,AVAADA SOLARISE Karnataka Private IPP Solar 150.00 1.09 27.57
2025-04-26,AZURE POWER EARTH Karnataka Private IPP Solar 100.00 0.79 20.17
2025-04-26,FORTUM FIN SURYA Karnataka Private IPP Solar 100.00 0.67 17.23
2025-04-26,FORTUM SOLAR Karnataka Private IPP Solar 250.00 0.36 10.30
2025-04-26,KREDL Karnataka Private IPP Solar 50.00 0.97 19.68
2025-04-26,PARAMPUJYA Karnataka Private IPP Solar 150.00 0.37 9.98
2025-04-26,RENEW TN2 Karnataka Private IPP Solar 50.00 1.49 36.50
2025-04-26,SBG ENERGY Karnataka Private IPP Solar 200.00 1.88 46.73
2025-04-26,TATA RENEWABLES Karnataka Private IPP Solar 400.00 2.56 63.12
2025-04-26,YARROW Karnataka Private IPP Solar 50.00 0.38 11.46
2025-04-26,कनजाटक / Karnataka 11.23 32.48 5.84 49.55 362.07 846.42 166.88 1375.37
2025-04-27,कनजाटक / Karnataka 17.30 50.31 4.99 72.60 466.78 1345.53 171.87 1984.18
2025-04-27,KOPPAL_AYANASIX_W Karnataka Private IPP Wind 50.00 -0.06 41.95
2025-04-27,KOPPAL_RENEWROSHNI_W Karnataka Private IPP Wind 73.00 1.01 31.89
2025-04-27,KOPPAL SRI1PL Karnataka Private IPP Solar 120.00 1.25 35.63
2025-04-27,IRCON SOLAR Karnataka Private IPP Solar 50.00 4.44 39.48
2025-04-27,GADAG_VENA_W Karnataka Private IPP Wind 133.00 1.05 15.57
2025-04-27,GADAG_VENA_S Karnataka Private IPP Solar 31.00 -0.22 -0.16
2025-04-27,KOPPAL_RENEWOJAS_S Karnataka Private IPP Solar 81.00 0.52 14.85
2025-04-27,All ADYAH Karnataka Private IPP Solar 300.00 2.18 56.45
2025-04-27,AMPLUS PAVAGADA Karnataka Private IPP Solar 50.00 0.38 12.05
2025-04-27,AMPLUS TUMKUR Karnataka Private IPP Solar 50.00 0.38 10.11
2025-04-27,AVAADA SOLAR Karnataka Private IPP Solar 150.00 1.05 27.63
2025-04-27,AVAADA SOLARISE Karnataka Private IPP Solar 150.00 1.06 28.63
2025-04-27,AZURE POWER EARTH Karnataka Private IPP Solar 100.00 0.77 20.94
2025-04-27,FORTUM FIN SURYA Karnataka Private IPP Solar 100.00 0.63 17.86
2025-04-27,FORTUM SOLAR Karnataka Private IPP Solar 250.00 0.35 10.65
2025-04-27,KREDL Karnataka Private IPP Solar 50.00 0.92 20.60
2025-04-27,PARAMPUJYA Karnataka Private IPP Solar 150.00 0.36 10.34
2025-04-27,RENEW TN2 Karnataka Private IPP Solar 50.00 1.46 37.96
2025-04-27,SBG ENERGY Karnataka Private IPP Solar 200.00 1.83 48.56
2025-04-27,TATA RENEWABLES Karnataka Private IPP Solar 400.00 2.49 65.61
2025-04-27,YARROW Karnataka Private IPP Solar 50.00 0.36 11.82
2025-04-27,कनजाटक / Karnataka 15.30 30.10 4.99 50.39 377.37 876.52 171.87 1425.76
2025-04-28,कनजाटक / Karnataka 10.45 54.16 4.88 69.49 477.23 1399.69 176.75 2053.67
2025-04-28,KOPPAL_AYANASIX_W Karnataka Private IPP Wind 50.00 0.06 42.01
2025-04-28,KOPPAL_RENEWROSHNI_W Karnataka Private IPP Wind 73.00 0.43 32.32
2025-04-28,KOPPAL SRI1PL Karnataka Private IPP Solar 120.00 1.59 37.22
2025-04-28,IRCON SOLAR Karnataka Private IPP Solar 50.00 1.63 41.11
2025-04-28,GADAG_VENA_W Karnataka Private IPP Wind 133.00 0.53 16.10
2025-04-28,GADAG_VENA_S Karnataka Private IPP Solar 31.00 0.08 -0.08
2025-04-28,KOPPAL_RENEWOJAS_S Karnataka Private IPP Solar 81.00 0.63 15.48
2025-04-28,All ADYAH Karnataka Private IPP Solar 300.00 2.22 58.67
2025-04-28,AMPLUS PAVAGADA Karnataka Private IPP Solar 50.00 0.39 12.44
2025-04-28,AMPLUS TUMKUR Karnataka Private IPP Solar 50.00 0.38 10.49
2025-04-28,AVAADA SOLAR Karnataka Private IPP Solar 150.00 1.08 28.71
2025-04-28,AVAADA SOLARISE Karnataka Private IPP Solar 150.00 1.09 29.72
2025-04-28,AZURE POWER EARTH Karnataka Private IPP Solar 100.00 0.78 21.72
2025-04-28,FORTUM FIN SURYA Karnataka Private IPP Solar 100.00 0.67 18.53
2025-04-28,FORTUM SOLAR Karnataka Private IPP Solar 250.00 0.35 11.00
2025-04-28,KREDL Karnataka Private IPP Solar 50.00 0.93 21.53
2025-04-28,PARAMPUJYA Karnataka Private IPP Solar 150.00 0.37 10.71
2025-04-28,RENEW TN2 Karnataka Private IPP Solar 50.00 1.47 39.43
2025-04-28,SBG ENERGY Karnataka Private IPP Solar 200.00 1.85 50.41
2025-04-28,TATA RENEWABLES Karnataka Private IPP Solar 400.00 2.54 68.15
2025-04-28,YARROW Karnataka Private IPP Solar 50.00 0.37 12.19
2025-04-28,कनजाटक / Karnataka 9.43 35.74 4.88 50.05 386.80 912.26 176.75 1475.81
2025-04-29,कनजाटक / Karnataka 17.22 50.52 4.93 72.67 494.45 1450.21 181.68 2126.34
2025-04-29,KOPPAL_AYANASIX_W Karnataka Private IPP Wind 50.00 1.14 43.15
2025-04-29,KOPPAL_RENEWROSHNI_W Karnataka Private IPP Wind 73.00 1.10 33.42
2025-04-29,KOPPAL SRI1PL Karnataka Private IPP Solar 120.00 1.27 38.49
2025-04-29,IRCON SOLAR Karnataka Private IPP Solar 50.00 1.61 42.72
2025-04-29,GADAG_VENA_W Karnataka Private IPP Wind 133.00 0.73 16.83
2025-04-29,GADAG_VENA_S Karnataka Private IPP Solar 31.00 0.25 0.17
2025-04-29,KOPPAL_RENEWOJAS_S Karnataka Private IPP Solar 81.00 0.18 15.66
2025-04-29,All ADYAH Karnataka Private IPP Solar 300.00 2.21 60.88
2025-04-29,AMPLUS PAVAGADA Karnataka Private IPP Solar 50.00 0.38 12.82
2025-04-29,AMPLUS TUMKUR Karnataka Private IPP Solar 50.00 0.39 10.88
2025-04-29,AVAADA SOLAR Karnataka Private IPP Solar 150.00 1.06 29.77
2025-04-29,AVAADA SOLARISE Karnataka Private IPP Solar 150.00 1.06 30.78
2025-04-29,AZURE POWER EARTH Karnataka Private IPP Solar 100.00 0.76 22.48
2025-04-29,FORTUM FIN SURYA Karnataka Private IPP Solar 100.00 0.65 19.18
2025-04-29,FORTUM SOLAR Karnataka Private IPP Solar 250.00 0.35 11.35
2025-04-29,KREDL Karnataka Private IPP Solar 50.00 0.96 22.49
2025-04-29,PARAMPUJYA Karnataka Private IPP Solar 150.00 0.37 11.08
2025-04-29,RENEW TN2 Karnataka Private IPP Solar 50.00 1.43 40.86
2025-04-29,SBG ENERGY Karnataka Private IPP Solar 200.00 1.80 52.21
2025-04-29,TATA RENEWABLES Karnataka Private IPP Solar 400.00 2.49 70.64
2025-04-29,YARROW Karnataka Private IPP Solar 50.00 0.25 12.44
2025-04-29,कनजाटक / Karnataka 14.25 33.05 4.93 52.23 401.05 945.31 181.68 1528.04
2025-04-30,कनजाटक / Karnataka 24.31 51.91 5.45 81.67 518.76 1502.12 187.13 2208.01
2025-04-30,KOPPAL_AYANASIX_W Karnataka Private IPP Wind 50.00 0.06 43.21
2025-04-30,KOPPAL_RENEWROSHNI_W Karnataka Private IPP Wind 73.00 1.83 35.25
2025-04-30,KOPPAL SRI1PL Karnataka Private IPP Solar 120.00 1.46 39.95
2025-04-30,IRCON SOLAR Karnataka Private IPP Solar 50.00 1.53 44.25
2025-04-30,GADAG_VENA_W Karnataka Private IPP Wind 133.00 0.27 17.10
2025-04-30,GADAG_VENA_S Karnataka Private IPP Solar 31.00 1.11 1.28
2025-04-30,KOPPAL_RENEWOJAS_S Karnataka Private IPP Solar 81.00 0.56 16.22
2025-04-30,All ADYAH Karnataka Private IPP Solar 300.00 2.16 63.04
2025-04-30,AMPLUS PAVAGADA Karnataka Private IPP Solar 50.00 0.38 13.20
2025-04-30,AMPLUS TUMKUR Karnataka Private IPP Solar 50.00 0.38 11.26
2025-04-30,AVAADA SOLAR Karnataka Private IPP Solar 150.00 1.06 30.83
2025-04-30,AVAADA SOLARISE Karnataka Private IPP Solar 150.00 1.07 31.85
2025-04-30,AZURE POWER EARTH Karnataka Private IPP Solar 100.00 0.77 23.25
2025-04-30,FORTUM FIN SURYA Karnataka Private IPP Solar 100.00 0.65 19.83
2025-04-30,FORTUM SOLAR Karnataka Private IPP Solar 250.00 0.35 11.70
2025-04-30,KREDL Karnataka Private IPP Solar 50.00 0.94 23.43
2025-04-30,PARAMPUJYA Karnataka Private IPP Solar 150.00 0.35 11.43
2025-04-30,RENEW TN2 Karnataka Private IPP Solar 50.00 1.44 42.30
2025-04-30,SBG ENERGY Karnataka Private IPP Solar 200.00 1.82 54.03
2025-04-30,TATA RENEWABLES Karnataka Private IPP Solar 400.00 2.49 73.13
2025-04-30,YARROW Karnataka Private IPP Solar 50.00 0.37 12.81
2025-04-30,कनजाटक / Karnataka 22.15 33.02 5.45 60.62 423.20 978.33 187.13 1588.66
2025-05-01,कनजाटक / Karnataka 23.92 51.43 5.46 80.81 23.92 51.43 5.46 80.81
2025-05-01,KOPPAL_AYANASIX_W Karnataka Private IPP Wind 50.00 0.06 0.06
2025-05-01,KOPPAL_RENEWROSHNI_W Karnataka Private IPP Wind 73.00 2.45 2.45
2025-05-01,KOPPAL SRI1PL Karnataka Private IPP Solar 120.00 1.65 1.65
2025-05-01,IRCON SOLAR Karnataka Private IPP Solar 50.00 1.54 1.54
2025-05-01,GADAG_VENA_W Karnataka Private IPP Wind 133.00 1.37 1.37
2025-05-01,GADAG_VENA_S Karnataka Private IPP Solar 31.00 0.27 0.27
2025-05-01,KOPPAL_RENEWOJAS_S Karnataka Private IPP Solar 81.00 0.62 0.62
2025-05-01,All ADYAH Karnataka Private IPP Solar 300.00 2.14 2.14
2025-05-01,AMPLUS PAVAGADA Karnataka Private IPP Solar 50.00 0.37 0.37
2025-05-01,AMPLUS TUMKUR Karnataka Private IPP Solar 50.00 0.37 0.37
2025-05-01,AVAADA SOLAR Karnataka Private IPP Solar 150.00 1.03 1.03
2025-05-01,AVAADA SOLARISE Karnataka Private IPP Solar 150.00 1.05 1.05
2025-05-01,AZURE POWER EARTH Karnataka Private IPP Solar 100.00 0.77 0.77
2025-05-01,FORTUM FIN SURYA Karnataka Private IPP Solar 100.00 0.66 0.66
2025-05-01,FORTUM SOLAR Karnataka Private IPP Solar 250.00 0.34 0.34
2025-05-01,KREDL Karnataka Private IPP Solar 50.00 0.95 0.95
2025-05-01,PARAMPUJYA Karnataka Private IPP Solar 150.00 0.37 0.37
2025-05-01,RENEW TN2 Karnataka Private IPP Solar 50.00 1.47 1.47
2025-05-01,SBG ENERGY Karnataka Private IPP Solar 200.00 1.80 1.80
2025-05-01,TATA RENEWABLES Karnataka Private IPP Solar 400.00 2.49 2.49
2025-05-01,YARROW Karnataka Private IPP Solar 50.00 0.37 0.37
2025-05-01,कनजाटक / Karnataka 20.04 33.17 5.46 58.67 20.04 33.17 5.46 58.67
2025-05-02,कनजाटक / Karnataka 24.62 50.08 5.58 80.28 48.54 101.51 11.04 161.09
2025-05-02,KOPPAL_AYANASIX_W Karnataka Private IPP Wind 50.00 0.06 0.12
2025-05-02,KOPPAL_RENEWROSHNI_W Karnataka Private IPP Wind 73.00 1.77 4.22
2025-05-02,KOPPAL SRI1PL Karnataka Private IPP Solar 120.00 1.59 3.24
2025-05-02,IRCON SOLAR Karnataka Private IPP Solar 50.00 1.35 2.89
2025-05-02,GADAG_VENA_W Karnataka Private IPP Wind 133.00 1.02 2.39
2025-05-02,GADAG_VENA_S Karnataka Private IPP Solar 31.00 0.26 0.53
2025-05-02,KOPPAL_RENEWOJAS_S Karnataka Private IPP Solar 81.00 0.58 1.20
2025-05-02,All ADYAH Karnataka Private IPP Solar 300.00 2.08 4.22
2025-05-02,AMPLUS PAVAGADA Karnataka Private IPP Solar 50.00 0.37 0.74
2025-05-02,AMPLUS TUMKUR Karnataka Private IPP Solar 50.00 0.37 0.74
2025-05-02,AVAADA SOLAR Karnataka Private IPP Solar 150.00 0.99 2.02
2025-05-02,AVAADA SOLARISE Karnataka Private IPP Solar 150.00 1.01 2.06
2025-05-02,AZURE POWER EARTH Karnataka Private IPP Solar 100.00 0.74 1.51
2025-05-02,FORTUM FIN SURYA Karnataka Private IPP Solar 100.00 0.63 1.29
2025-05-02,FORTUM SOLAR Karnataka Private IPP Solar 250.00 0.34 0.68
2025-05-02,KREDL Karnataka Private IPP Solar 50.00 0.90 1.85
2025-05-02,PARAMPUJYA Karnataka Private IPP Solar 150.00 0.34 0.71
2025-05-02,RENEW TN2 Karnataka Private IPP Solar 50.00 1.35 2.82
2025-05-02,SBG ENERGY Karnataka Private IPP Solar 200.00 1.73 3.53
2025-05-02,TATA RENEWABLES Karnataka Private IPP Solar 400.00 2.38 4.87
2025-05-02,YARROW Karnataka Private IPP Solar 50.00 0.35 0.72
2025-05-02,कनजाटक / Karnataka 21.77 32.72 5.58 60.07 41.81 65.89 11.04 118.74
2025-05-03,कनजाटक / Karnataka 36.51 48.68 5.86 91.05 85.05 150.19 16.90 252.14
2025-05-03,KOPPAL_AYANASIX_W Karnataka Private IPP Wind 50.00 0.06 0.18
2025-05-03,KOPPAL_RENEWROSHNI_W Karnataka Private IPP Wind 73.00 2.90 7.12
2025-05-03,KOPPAL SRI1PL Karnataka Private IPP Solar 120.00 1.24 4.48
2025-05-03,IRCON SOLAR Karnataka Private IPP Solar 50.00 1.35 4.24
2025-05-03,GADAG_VENA_W Karnataka Private IPP Wind 133.00 1.78 4.17
2025-05-03,GADAG_VENA_S Karnataka Private IPP Solar 31.00 0.27 0.80
2025-05-03,KOPPAL_RENEWOJAS_S Karnataka Private IPP Solar 81.00 0.56 1.76
2025-05-03,All ADYAH Karnataka Private IPP Solar 300.00 2.05 6.27
2025-05-03,AMPLUS PAVAGADA Karnataka Private IPP Solar 50.00 0.36 1.10
2025-05-03,AMPLUS TUMKUR Karnataka Private IPP Solar 50.00 0.36 1.10
2025-05-03,AVAADA SOLAR Karnataka Private IPP Solar 150.00 0.98 3.00
2025-05-03,AVAADA SOLARISE Karnataka Private IPP Solar 150.00 0.98 3.04
2025-05-03,AZURE POWER EARTH Karnataka Private IPP Solar 100.00 0.73 2.24
2025-05-03,FORTUM FIN SURYA Karnataka Private IPP Solar 100.00 0.61 1.90
2025-05-03,FORTUM SOLAR Karnataka Private IPP Solar 250.00 0.32 1.00
2025-05-03,KREDL Karnataka Private IPP Solar 50.00 0.88 2.73
2025-05-03,PARAMPUJYA Karnataka Private IPP Solar 150.00 0.33 1.04
2025-05-03,RENEW TN2 Karnataka Private IPP Solar 50.00 1.27 4.09
2025-05-03,SBG ENERGY Karnataka Private IPP Solar 200.00 1.68 5.21
2025-05-03,TATA RENEWABLES Karnataka Private IPP Solar 400.00 2.30 7.17
2025-05-03,YARROW Karnataka Private IPP Solar 50.00 0.35 1.07
2025-05-03,कनजाटक / Karnataka 31.77 32.06 5.86 69.69 73.58 97.95 16.90 188.43
2025-05-04,कनजाटक / Karnataka 26.18 53.17 6.56 85.91 111.23 203.36 23.46 338.05
2025-05-04,KOPPAL_AYANASIX_W Karnataka Private IPP Wind 50.00 0.06 0.24
2025-05-04,KOPPAL_RENEWROSHNI_W Karnataka Private IPP Wind 73.00 1.72 8.84
2025-05-04,KOPPAL SRI1PL Karnataka Private IPP Solar 120.00 1.67 6.15
2025-05-04,IRCON SOLAR Karnataka Private IPP Solar 50.00 1.70 5.94
2025-05-04,GADAG_VENA_W Karnataka Private IPP Wind 133.00 1.35 5.52
2025-05-04,GADAG_VENA_S Karnataka Private IPP Solar 31.00 0.28 1.08
2025-05-04,KOPPAL_RENEWOJAS_S Karnataka Private IPP Solar 81.00 0.63 2.39
2025-05-04,All ADYAH Karnataka Private IPP Solar 300.00 2.29 8.56
2025-05-04,AMPLUS PAVAGADA Karnataka Private IPP Solar 50.00 0.40 1.50
2025-05-04,AMPLUS TUMKUR Karnataka Private IPP Solar 50.00 0.40 1.50
2025-05-04,AVAADA SOLAR Karnataka Private IPP Solar 150.00 1.12 4.12
2025-05-04,AVAADA SOLARISE Karnataka Private IPP Solar 150.00 1.12 4.16
2025-05-04,AZURE POWER EARTH Karnataka Private IPP Solar 100.00 0.81 3.05
2025-05-04,FORTUM FIN SURYA Karnataka Private IPP Solar 100.00 0.69 2.59
2025-05-04,FORTUM SOLAR Karnataka Private IPP Solar 250.00 0.37 1.37
2025-05-04,KREDL Karnataka Private IPP Solar 50.00 1.01 3.74
2025-05-04,PARAMPUJYA Karnataka Private IPP Solar 150.00 0.40 1.44
2025-05-04,RENEW TN2 Karnataka Private IPP Solar 50.00 1.53 5.62
2025-05-04,SBG ENERGY Karnataka Private IPP Solar 200.00 1.93 7.14
2025-05-04,TATA RENEWABLES Karnataka Private IPP Solar 400.00 2.63 9.80
2025-05-04,YARROW Karnataka Private IPP Solar 50.00 0.39 1.46
2025-05-04,कनजाटक / Karnataka 23.05 33.80 6.56 63.41 96.63 131.75 23.46 251.84
2025-05-05,कनजाटक / Karnataka 19.84 49.31 6.22 75.37 131.07 252.67 29.68 413.42
2025-05-05,KOPPAL_AYANASIX_W Karnataka Private IPP Wind 50.00 0.06 0.30
2025-05-05,KOPPAL_RENEWROSHNI_W Karnataka Private IPP Wind 73.00 1.44 10.28
2025-05-05,KOPPAL SRI1PL Karnataka Private IPP Solar 120.00 1.70 7.85
2025-05-05,IRCON SOLAR Karnataka Private IPP Solar 50.00 1.59 7.53
2025-05-05,GADAG_VENA_W Karnataka Private IPP Wind 133.00 1.02 6.54
2025-05-05,GADAG_VENA_S Karnataka Private IPP Solar 31.00 0.27 1.35
2025-05-05,KOPPAL_RENEWOJAS_S Karnataka Private IPP Solar 81.00 0.63 3.02
2025-05-05,All ADYAH Karnataka Private IPP Solar 300.00 1.71 10.27
2025-05-05,AMPLUS PAVAGADA Karnataka Private IPP Solar 50.00 0.30 1.80
2025-05-05,AMPLUS TUMKUR Karnataka Private IPP Solar 50.00 0.30 1.80
2025-05-05,AVAADA SOLAR Karnataka Private IPP Solar 150.00 0.81 4.93
2025-05-05,AVAADA SOLARISE Karnataka Private IPP Solar 150.00 0.83 4.99
2025-05-05,AZURE POWER EARTH Karnataka Private IPP Solar 100.00 0.58 3.63
2025-05-05,FORTUM FIN SURYA Karnataka Private IPP Solar 100.00 0.53 3.12
2025-05-05,FORTUM SOLAR Karnataka Private IPP Solar 250.00 0.27 1.64
2025-05-05,KREDL Karnataka Private IPP Solar 50.00 0.75 4.49
2025-05-05,PARAMPUJYA Karnataka Private IPP Solar 150.00 0.29 1.73
2025-05-05,RENEW TN2 Karnataka Private IPP Solar 50.00 1.67 7.29
2025-05-05,SBG ENERGY Karnataka Private IPP Solar 200.00 1.41 8.55
2025-05-05,TATA RENEWABLES Karnataka Private IPP Solar 400.00 1.95 11.75
2025-05-05,YARROW Karnataka Private IPP Solar 50.00 0.29 1.75
2025-05-05,कनजाटक / Karnataka 17.32 33.43 6.22 56.97 113.95 165.18 29.68 308.81
2025-05-06,कनजाटक / Karnataka 20.67 53.51 6.05 80.23 151.74 306.18 35.73 493.65
2025-05-06,KOPPAL_AYANASIX_W Karnataka Private IPP Wind 50.00 0.06 0.36
2025-05-06,KOPPAL_RENEWROSHNI_W Karnataka Private IPP Wind 73.00 1.67 11.95
2025-05-06,KOPPAL SRI1PL Karnataka Private IPP Solar 120.00 1.47 9.32
2025-05-06,IRCON SOLAR Karnataka Private IPP Solar 50.00 1.74 9.27
2025-05-06,GADAG_VENA_W Karnataka Private IPP Wind 133.00 1.02 7.56
2025-05-06,GADAG_VENA_S Karnataka Private IPP Solar 31.00 0.28 1.63
2025-05-06,KOPPAL_RENEWOJAS_S Karnataka Private IPP Solar 81.00 0.62 3.64
2025-05-06,All ADYAH Karnataka Private IPP Solar 300.00 2.30 12.57
2025-05-06,AMPLUS PAVAGADA Karnataka Private IPP Solar 50.00 0.41 2.21
2025-05-06,AMPLUS TUMKUR Karnataka Private IPP Solar 50.00 0.40 2.20
2025-05-06,AVAADA SOLAR Karnataka Private IPP Solar 150.00 1.13 6.06
2025-05-06,AVAADA SOLARISE Karnataka Private IPP Solar 150.00 1.12 6.11
2025-05-06,AZURE POWER EARTH Karnataka Private IPP Solar 100.00 0.81 4.44
2025-05-06,FORTUM FIN SURYA Karnataka Private IPP Solar 100.00 0.68 3.80
2025-05-06,FORTUM SOLAR Karnataka Private IPP Solar 250.00 0.37 2.01
2025-05-06,KREDL Karnataka Private IPP Solar 50.00 1.01 5.50
2025-05-06,PARAMPUJYA Karnataka Private IPP Solar 150.00 0.40 2.13
2025-05-06,RENEW TN2 Karnataka Private IPP Solar 50.00 1.64 8.93
2025-05-06,SBG ENERGY Karnataka Private IPP Solar 200.00 1.93 10.48
2025-05-06,TATA RENEWABLES Karnataka Private IPP Solar 400.00 2.65 14.40
2025-05-06,YARROW Karnataka Private IPP Solar 50.00 0.39 2.14
2025-05-06,कनजाटक / Karnataka 17.92 34.16 6.05 58.13 131.87 199.34 35.73 366.94
2025-05-07,कनजाटक / Karnataka 26.42 52.34 7.38 86.14 178.16 358.52 43.11 579.79
2025-05-07,KOPPAL_AYANASIX_W Karnataka Private IPP Wind 50.00 0.06 0.42
2025-05-07,KOPPAL_RENEWROSHNI_W Karnataka Private IPP Wind 73.00 1.59 13.54
2025-05-07,KOPPAL SRI1PL Karnataka Private IPP Solar 120.00 1.24 10.56
2025-05-07,IRCON SOLAR Karnataka Private IPP Solar 50.00 1.55 10.82
2025-05-07,GADAG_VENA_W Karnataka Private IPP Wind 133.00 1.36 8.92
2025-05-07,GADAG_VENA_S Karnataka Private IPP Solar 31.00 0.27 1.90
2025-05-07,KOPPAL_RENEWOJAS_S Karnataka Private IPP Solar 81.00 0.34 3.98
2025-05-07,All ADYAH Karnataka Private IPP Solar 300.00 2.19 14.76
2025-05-07,AMPLUS PAVAGADA Karnataka Private IPP Solar 50.00 0.38 2.59
2025-05-07,AMPLUS TUMKUR Karnataka Private IPP Solar 50.00 0.37 2.57
2025-05-07,AVAADA SOLAR Karnataka Private IPP Solar 150.00 1.09 7.15
2025-05-07,AVAADA SOLARISE Karnataka Private IPP Solar 150.00 1.06 7.17
2025-05-07,AZURE POWER EARTH Karnataka Private IPP Solar 100.00 0.77 5.21
2025-05-07,FORTUM FIN SURYA Karnataka Private IPP Solar 100.00 0.65 4.45
2025-05-07,FORTUM SOLAR Karnataka Private IPP Solar 250.00 0.36 2.37
2025-05-07,KREDL Karnataka Private IPP Solar 50.00 0.94 6.44
2025-05-07,PARAMPUJYA Karnataka Private IPP Solar 150.00 0.37 2.50
2025-05-07,RENEW TN2 Karnataka Private IPP Solar 50.00 1.51 10.44
2025-05-07,SBG ENERGY Karnataka Private IPP Solar 200.00 1.85 12.33
2025-05-07,TATA RENEWABLES Karnataka Private IPP Solar 400.00 2.52 16.92
2025-05-07,YARROW Karnataka Private IPP Solar 50.00 0.35 2.49
2025-05-07,कनजाटक / Karnataka 23.41 34.53 7.38 65.32 155.28 233.87 43.11 432.26
2025-05-08,कनजाटक / Karnataka 23.68 54.00 5.98 83.66 201.84 412.52 49.09 663.45
2025-05-08,KOPPAL_AYANASIX_W Karnataka Private IPP Wind 50.00 0.05 0.47
2025-05-08,KOPPAL_RENEWROSHNI_W Karnataka Private IPP Wind 73.00 2.06 15.60
2025-05-08,KOPPAL SRI1PL Karnataka Private IPP Solar 120.00 1.49 12.05
2025-05-08,IRCON SOLAR Karnataka Private IPP Solar 50.00 1.74 12.56
2025-05-08,GADAG_VENA_W Karnataka Private IPP Wind 133.00 0.99 9.91
2025-05-08,GADAG_VENA_S Karnataka Private IPP Solar 31.00 0.26 2.16
2025-05-08,KOPPAL_RENEWOJAS_S Karnataka Private IPP Solar 81.00 0.56 4.54
2025-05-08,All ADYAH Karnataka Private IPP Solar 300.00 2.26 17.02
2025-05-08,AMPLUS PAVAGADA Karnataka Private IPP Solar 50.00 0.40 2.99
2025-05-08,AMPLUS TUMKUR Karnataka Private IPP Solar 50.00 0.40 2.97
2025-05-08,AVAADA SOLAR Karnataka Private IPP Solar 150.00 1.11 8.26
2025-05-08,AVAADA SOLARISE Karnataka Private IPP Solar 150.00 1.10 8.27
2025-05-08,AZURE POWER EARTH Karnataka Private IPP Solar 100.00 0.80 6.01
2025-05-08,FORTUM FIN SURYA Karnataka Private IPP Solar 100.00 0.67 5.12
2025-05-08,FORTUM SOLAR Karnataka Private IPP Solar 250.00 0.36 2.73
2025-05-08,KREDL Karnataka Private IPP Solar 50.00 0.99 7.43
2025-05-08,PARAMPUJYA Karnataka Private IPP Solar 150.00 0.38 2.88
2025-05-08,RENEW TN2 Karnataka Private IPP Solar 50.00 1.47 11.91
2025-05-08,SBG ENERGY Karnataka Private IPP Solar 200.00 1.90 14.23
2025-05-08,TATA RENEWABLES Karnataka Private IPP Solar 400.00 2.59 19.51
2025-05-08,YARROW Karnataka Private IPP Solar 50.00 0.38 2.87
2025-05-08,कनजाटक / Karnataka 20.58 35.14 5.98 61.70 175.86 269.01 49.09 493.96
2025-05-09,कनजाटक / Karnataka 21.11 56.20 7.48 84.79 222.95 468.72 56.57 748.24
2025-05-09,KOPPAL_AYANASIX_W Karnataka Private IPP Wind 50.00 0.06 0.53
2025-05-09,KOPPAL_RENEWROSHNI_W Karnataka Private IPP Wind 73.00 1.77 17.37
2025-05-09,KOPPAL SRI1PL Karnataka Private IPP Solar 120.00 1.67 13.72
2025-05-09,IRCON SOLAR Karnataka Private IPP Solar 50.00 1.77 14.33
2025-05-09,GADAG_VENA_W Karnataka Private IPP Wind 133.00 1.11 11.02
2025-05-09,GADAG_VENA_S Karnataka Private IPP Solar 31.00 0.27 2.43
2025-05-09,KOPPAL_RENEWOJAS_S Karnataka Private IPP Solar 81.00 0.55 5.09
2025-05-09,All ADYAH Karnataka Private IPP Solar 300.00 2.27 19.29
2025-05-09,AMPLUS PAVAGADA Karnataka Private IPP Solar 50.00 0.41 3.40
2025-05-09,AMPLUS TUMKUR Karnataka Private IPP Solar 50.00 0.41 3.38
2025-05-09,AVAADA SOLAR Karnataka Private IPP Solar 150.00 1.13 9.39
2025-05-09,AVAADA SOLARISE Karnataka Private IPP Solar 150.00 1.13 9.40
2025-05-09,AZURE POWER EARTH Karnataka Private IPP Solar 100.00 0.81 6.82
2025-05-09,FORTUM FIN SURYA Karnataka Private IPP Solar 100.00 0.70 5.82
2025-05-09,FORTUM SOLAR Karnataka Private IPP Solar 250.00 0.37 3.10
2025-05-09,KREDL Karnataka Private IPP Solar 50.00 1.03 8.46
2025-05-09,PARAMPUJYA Karnataka Private IPP Solar 150.00 0.41 3.29
2025-05-09,RENEW TN2 Karnataka Private IPP Solar 50.00 1.56 13.47
2025-05-09,SBG ENERGY Karnataka Private IPP Solar 200.00 1.96 16.19
2025-05-09,TATA RENEWABLES Karnataka Private IPP Solar 400.00 2.68 22.19
2025-05-09,YARROW Karnataka Private IPP Solar 50.00 0.40 3.27
2025-05-09,कनजाटक / Karnataka 18.17 36.67 7.48 62.32 194.03 305.68 56.57 556.28
2025-05-10,कनजाटक / Karnataka 18.31 49.84 7.15 75.30 241.26 518.56 63.72 823.54
2025-05-10,KOPPAL_AYANASIX_W Karnataka Private IPP Wind 50.00 0.06 0.59
2025-05-10,KOPPAL_RENEWROSHNI_W Karnataka Private IPP Wind 73.00 1.58 18.95
2025-05-10,KOPPAL SRI1PL Karnataka Private IPP Solar 120.00 1.46 15.18
2025-05-10,IRCON SOLAR Karnataka Private IPP Solar 50.00 1.54 15.87
2025-05-10,GADAG_VENA_W Karnataka Private IPP Wind 133.00 0.94 11.96
2025-05-10,GADAG_VENA_S Karnataka Private IPP Solar 31.00 0.25 2.68
2025-05-10,KOPPAL_RENEWOJAS_S Karnataka Private IPP Solar 81.00 0.50 5.59
2025-05-10,All ADYAH Karnataka Private IPP Solar 300.00 2.23 21.52
2025-05-10,AMPLUS PAVAGADA Karnataka Private IPP Solar 50.00 0.38 3.78
2025-05-10,AMPLUS TUMKUR Karnataka Private IPP Solar 50.00 0.37 3.75
2025-05-10,AVAADA SOLAR Karnataka Private IPP Solar 150.00 1.05 10.44
2025-05-10,AVAADA SOLARISE Karnataka Private IPP Solar 150.00 1.03 10.43
2025-05-10,AZURE POWER EARTH Karnataka Private IPP Solar 100.00 0.91 7.73
2025-05-10,FORTUM FIN SURYA Karnataka Private IPP Solar 100.00 0.63 6.45
2025-05-10,FORTUM SOLAR Karnataka Private IPP Solar 250.00 0.37 3.47
2025-05-10,KREDL Karnataka Private IPP Solar 50.00 0.91 9.37
2025-05-10,PARAMPUJYA Karnataka Private IPP Solar 150.00 0.35 3.64
2025-05-10,RENEW TN2 Karnataka Private IPP Solar 50.00 1.38 14.85
2025-05-10,SBG ENERGY Karnataka Private IPP Solar 200.00 1.88 18.07
2025-05-10,TATA RENEWABLES Karnataka Private IPP Solar 400.00 2.52 24.71
2025-05-10,YARROW Karnataka Private IPP Solar 50.00 0.36 3.63
2025-05-10,कनजाटक / Karnataka 15.73 31.72 7.15 54.60 209.76 337.40 63.72 610.88
2025-05-11,कनजाटक / Karnataka 19.66 47.59 7.20 74.45 260.92 566.15 70.92 897.99
2025-05-11,KOPPAL_AYANASIX_W Karnataka Private IPP Wind 50.00 0.06 0.65
2025-05-11,KOPPAL_RENEWROSHNI_W Karnataka Private IPP Wind 73.00 1.56 20.51
2025-05-11,KOPPAL SRI1PL Karnataka Private IPP Solar 120.00 1.26 16.44
2025-05-11,IRCON SOLAR Karnataka Private IPP Solar 50.00 1.50 17.37
2025-05-11,GADAG_VENA_W Karnataka Private IPP Wind 133.00 0.64 12.60
2025-05-11,GADAG_VENA_S Karnataka Private IPP Solar 31.00 0.20 2.88
2025-05-11,KOPPAL_RENEWOJAS_S Karnataka Private IPP Solar 81.00 0.45 6.04
2025-05-11,All ADYAH Karnataka Private IPP Solar 300.00 2.10 23.62
2025-05-11,AMPLUS PAVAGADA Karnataka Private IPP Solar 50.00 0.36 4.14
2025-05-11,AMPLUS TUMKUR Karnataka Private IPP Solar 50.00 0.36 4.11
2025-05-11,AVAADA SOLAR Karnataka Private IPP Solar 150.00 1.02 11.46
2025-05-11,AVAADA SOLARISE Karnataka Private IPP Solar 150.00 0.98 11.41
2025-05-11,AZURE POWER EARTH Karnataka Private IPP Solar 100.00 0.70 8.43
2025-05-11,FORTUM FIN SURYA Karnataka Private IPP Solar 100.00 0.60 7.05
2025-05-11,FORTUM SOLAR Karnataka Private IPP Solar 250.00 0.33 3.80
2025-05-11,KREDL Karnataka Private IPP Solar 50.00 0.87 10.24
2025-05-11,PARAMPUJYA Karnataka Private IPP Solar 150.00 0.35 3.99
2025-05-11,RENEW TN2 Karnataka Private IPP Solar 50.00 1.24 16.09
2025-05-11,SBG ENERGY Karnataka Private IPP Solar 200.00 1.68 19.75
2025-05-11,TATA RENEWABLES Karnataka Private IPP Solar 400.00 2.25 26.96
2025-05-11,YARROW Karnataka Private IPP Solar 50.00 0.35 3.98
2025-05-11,कनजाटक / Karnataka 17.40 30.99 7.20 55.59 227.16 368.39 70.92 666.47
2025-05-12,कनजाटक / Karnataka 18.73 48.21 6.75 73.69 279.65 614.36 77.67 971.68
2025-05-12,KOPPAL_AYANASIX_W Karnataka Private IPP Wind 50.00 0.06 0.71
2025-05-12,KOPPAL_RENEWROSHNI_W Karnataka Private IPP Wind 73.00 1.17 21.68
2025-05-12,KOPPAL SRI1PL Karnataka Private IPP Solar 120.00 1.10 17.54
2025-05-12,IRCON SOLAR Karnataka Private IPP Solar 50.00 1.55 18.92
2025-05-12,GADAG_VENA_W Karnataka Private IPP Wind 133.00 0.16 12.76
2025-05-12,GADAG_VENA_S Karnataka Private IPP Solar 31.00 0.00 2.88
2025-05-12,KOPPAL_RENEWOJAS_S Karnataka Private IPP Solar 81.00 0.47 6.51
2025-05-12,All ADYAH Karnataka Private IPP Solar 300.00 2.00 25.62
2025-05-12,AMPLUS PAVAGADA Karnataka Private IPP Solar 50.00 0.36 4.50
2025-05-12,AMPLUS TUMKUR Karnataka Private IPP Solar 50.00 0.38 4.49
2025-05-12,AVAADA SOLAR Karnataka Private IPP Solar 150.00 0.99 12.45
2025-05-12,AVAADA SOLARISE Karnataka Private IPP Solar 150.00 0.99 12.40
2025-05-12,AZURE POWER EARTH Karnataka Private IPP Solar 100.00 0.68 9.11
2025-05-12,FORTUM FIN SURYA Karnataka Private IPP Solar 100.00 0.63 7.68
2025-05-12,FORTUM SOLAR Karnataka Private IPP Solar 250.00 0.33 4.13
2025-05-12,KREDL Karnataka Private IPP Solar 50.00 0.93 11.17
2025-05-12,PARAMPUJYA Karnataka Private IPP Solar 150.00 0.37 4.36
2025-05-12,RENEW TN2 Karnataka Private IPP Solar 50.00 1.38 17.47
2025-05-12,SBG ENERGY Karnataka Private IPP Solar 200.00 1.64 21.39
2025-05-12,TATA RENEWABLES Karnataka Private IPP Solar 400.00 2.29 29.25
2025-05-12,YARROW Karnataka Private IPP Solar 50.00 0.36 4.34
2025-05-12,कनजाटक / Karnataka 17.34 31.76 6.75 55.85 244.50 400.15 77.67 722.32
2025-05-13,कनजाटक / Karnataka 17.40 44.97 6.38 68.75 297.05 659.33 84.05 1040.43
2025-05-13,KOPPAL_AYANASIX_W Karnataka Private IPP Wind 50.00 0.06 0.77
2025-05-13,KOPPAL_RENEWROSHNI_W Karnataka Private IPP Wind 73.00 1.20 22.88
2025-05-13,KOPPAL SRI1PL Karnataka Private IPP Solar 120.00 0.78 18.32
2025-05-13,IRCON SOLAR Karnataka Private IPP Solar 50.00 1.37 20.29
2025-05-13,GADAG_VENA_W Karnataka Private IPP Wind 133.00 0.60 13.36
2025-05-13,GADAG_VENA_S Karnataka Private IPP Solar 31.00 0.16 3.04
2025-05-13,KOPPAL_RENEWOJAS_S Karnataka Private IPP Solar 81.00 0.35 6.86
2025-05-13,All ADYAH Karnataka Private IPP Solar 300.00 1.96 27.58
2025-05-13,AMPLUS PAVAGADA Karnataka Private IPP Solar 50.00 0.35 4.85
2025-05-13,AMPLUS TUMKUR Karnataka Private IPP Solar 50.00 0.36 4.85
2025-05-13,AVAADA SOLAR Karnataka Private IPP Solar 150.00 0.95 13.40
2025-05-13,AVAADA SOLARISE Karnataka Private IPP Solar 150.00 0.95 13.35
2025-05-13,AZURE POWER EARTH Karnataka Private IPP Solar 100.00 0.67 9.78
2025-05-13,FORTUM FIN SURYA Karnataka Private IPP Solar 100.00 0.60 8.28
2025-05-13,FORTUM SOLAR Karnataka Private IPP Solar 250.00 0.32 4.45
2025-05-13,KREDL Karnataka Private IPP Solar 50.00 0.87 12.04
2025-05-13,PARAMPUJYA Karnataka Private IPP Solar 150.00 0.33 4.69
2025-05-13,RENEW TN2 Karnataka Private IPP Solar 50.00 1.28 18.75
2025-05-13,SBG ENERGY Karnataka Private IPP Solar 200.00 1.62 23.01
2025-05-13,TATA RENEWABLES Karnataka Private IPP Solar 400.00 2.21 31.46
2025-05-13,YARROW Karnataka Private IPP Solar 50.00 0.35 4.69
2025-05-13,कनजाटक / Karnataka 15.54 29.49 6.38 51.41 260.04 429.64 84.05 773.73
2025-05-14,कनजाटक / Karnataka 8.73 53.77 6.36 68.86 298.30 718.04 90.39 1106.73
2025-05-14,KOPPAL_AYANASIX_W Karnataka Private IPP Wind 50.00 0.06 0.83
2025-05-14,KOPPAL_RENEWROSHNI_W Karnataka Private IPP Wind 73.00 0.61 23.49
2025-05-14,KOPPAL SRI1PL Karnataka Private IPP Solar 120.00 1.72 20.04
2025-05-14,IRCON SOLAR Karnataka Private IPP Solar 50.00 1.77 22.06
2025-05-14,GADAG_VENA_W Karnataka Private IPP Wind 133.00 0.00 13.36
2025-05-14,GADAG_VENA_S Karnataka Private IPP Solar 31.00 0.00 3.04
2025-05-14,KOPPAL_RENEWOJAS_S Karnataka Private IPP Solar 81.00 0.60 7.46
2025-05-14,All ADYAH Karnataka Private IPP Solar 300.00 2.31 29.89
2025-05-14,AMPLUS PAVAGADA Karnataka Private IPP Solar 50.00 0.41 5.26
2025-05-14,AMPLUS TUMKUR Karnataka Private IPP Solar 50.00 0.40 5.25
2025-05-14,AVAADA SOLAR Karnataka Private IPP Solar 150.00 1.13 14.53
2025-05-14,AVAADA SOLARISE Karnataka Private IPP Solar 150.00 1.13 14.48
2025-05-14,AZURE POWER EARTH Karnataka Private IPP Solar 100.00 0.81 10.59
2025-05-14,FORTUM FIN SURYA Karnataka Private IPP Solar 100.00 0.69 8.97
2025-05-14,FORTUM SOLAR Karnataka Private IPP Solar 250.00 0.37 4.82
2025-05-14,KREDL Karnataka Private IPP Solar 50.00 1.02 13.06
2025-05-14,PARAMPUJYA Karnataka Private IPP Solar 150.00 0.41 5.10
2025-05-14,RENEW TN2 Karnataka Private IPP Solar 50.00 1.55 20.30
2025-05-14,SBG ENERGY Karnataka Private IPP Solar 200.00 1.94 24.95
2025-05-14,TATA RENEWABLES Karnataka Private IPP Solar 400.00 2.69 34.15
2025-05-14,YARROW Karnataka Private IPP Solar 50.00 0.39 5.08
2025-05-14,कनजाटक / Karnataka 8.06 34.43 6.36 48.85 260.62 469.01 90.39 820.02
2025-05-15,कनजाटक / Karnataka 11.53 42.22 6.36 60.11 309.83 760.26 96.75 1166.84
2025-05-15,KOPPAL_AYANASIX_W Karnataka Private IPP Wind 50.00 0.06 0.89
2025-05-15,KOPPAL_RENEWROSHNI_W Karnataka Private IPP Wind 73.00 0.58 24.07
2025-05-15,KOPPAL SRI1PL Karnataka Private IPP Solar 120.00 0.85 20.89
2025-05-15,IRCON SOLAR Karnataka Private IPP Solar 50.00 1.61 23.67
2025-05-15,GADAG_VENA_W Karnataka Private IPP Wind 133.00 0.00 13.36
2025-05-15,GADAG_VENA_S Karnataka Private IPP Solar 31.00 0.00 3.04
2025-05-15,KOPPAL_RENEWOJAS_S Karnataka Private IPP Solar 81.00 0.35 7.81
2025-05-15,All ADYAH Karnataka Private IPP Solar 300.00 2.25 32.14
2025-05-15,AMPLUS PAVAGADA Karnataka Private IPP Solar 50.00 0.40 5.66
2025-05-15,AMPLUS TUMKUR Karnataka Private IPP Solar 50.00 0.39 5.64
2025-05-15,AVAADA SOLAR Karnataka Private IPP Solar 150.00 1.08 15.61
2025-05-15,AVAADA SOLARISE Karnataka Private IPP Solar 150.00 0.88 15.36
2025-05-15,AZURE POWER EARTH Karnataka Private IPP Solar 100.00 0.77 11.36
2025-05-15,FORTUM FIN SURYA Karnataka Private IPP Solar 100.00 0.66 9.63
2025-05-15,FORTUM SOLAR Karnataka Private IPP Solar 250.00 0.37 5.19
2025-05-15,KREDL Karnataka Private IPP Solar 50.00 0.62 13.68
2025-05-15,PARAMPUJYA Karnataka Private IPP Solar 150.00 0.06 5.16
2025-05-15,RENEW TN2 Karnataka Private IPP Solar 50.00 1.46 21.76
2025-05-15,SBG ENERGY Karnataka Private IPP Solar 200.00 1.78 26.73
2025-05-15,TATA RENEWABLES Karnataka Private IPP Solar 400.00 1.94 36.09
2025-05-15,YARROW Karnataka Private IPP Solar 50.00 0.04 5.12
2025-05-15,कनजाटक / Karnataka 10.89 26.71 6.36 43.96 271.51 495.72 96.75 863.98
2025-05-16,कनजाटक / Karnataka 12.37 44.48 6.90 63.75 322.20 804.74 103.65 1230.59
2025-05-16,KOPPAL_AYANASIX_W Karnataka Private IPP Wind 50.00 0.06 0.95
2025-05-16,KOPPAL_RENEWROSHNI_W Karnataka Private IPP Wind 73.00 0.90 24.97
2025-05-16,KOPPAL SRI1PL Karnataka Private IPP Solar 120.00 1.14 22.03
2025-05-16,IRCON SOLAR Karnataka Private IPP Solar 50.00 1.39 25.06
2025-05-16,GADAG_VENA_W Karnataka Private IPP Wind 133.00 0.00 13.36
2025-05-16,GADAG_VENA_S Karnataka Private IPP Solar 31.00 0.00 3.04
2025-05-16,KOPPAL_RENEWOJAS_S Karnataka Private IPP Solar 81.00 0.27 8.08
2025-05-16,All ADYAH Karnataka Private IPP Solar 300.00 1.88 34.02
2025-05-16,AMPLUS PAVAGADA Karnataka Private IPP Solar 50.00 0.36 6.02
2025-05-16,AMPLUS TUMKUR Karnataka Private IPP Solar 50.00 0.36 6.00
2025-05-16,AVAADA SOLAR Karnataka Private IPP Solar 150.00 1.04 16.65
2025-05-16,AVAADA SOLARISE Karnataka Private IPP Solar 150.00 0.98 16.34
2025-05-16,AZURE POWER EARTH Karnataka Private IPP Solar 100.00 0.74 12.10
2025-05-16,FORTUM FIN SURYA Karnataka Private IPP Solar 100.00 0.61 10.24
2025-05-16,FORTUM SOLAR Karnataka Private IPP Solar 250.00 0.34 5.53
2025-05-16,KREDL Karnataka Private IPP Solar 50.00 0.51 14.19
2025-05-16,PARAMPUJYA Karnataka Private IPP Solar 150.00 0.02 5.18
2025-05-16,RENEW TN2 Karnataka Private IPP Solar 50.00 1.38 23.14
2025-05-16,SBG ENERGY Karnataka Private IPP Solar 200.00 1.73 28.46
2025-05-16,TATA RENEWABLES Karnataka Private IPP Solar 400.00 1.77 37.86
2025-05-16,YARROW Karnataka Private IPP Solar 50.00 0.02 5.14
2025-05-16,कनजाटक / Karnataka 11.41 29.94 6.90 48.25 282.92 525.66 103.65 912.23
2025-05-17,कनजाटक / Karnataka 16.99 45.81 6.22 69.02 339.19 850.55 109.87 1299.61
2025-05-17,KOPPAL_AYANASIX_W Karnataka Private IPP Wind 50.00 0.06 1.01
2025-05-17,KOPPAL_RENEWROSHNI_W Karnataka Private IPP Wind 73.00 1.45 26.42
2025-05-17,KOPPAL SRI1PL Karnataka Private IPP Solar 120.00 1.51 23.54
2025-05-17,IRCON SOLAR Karnataka Private IPP Solar 50.00 1.29 26.35
2025-05-17,GADAG_VENA_W Karnataka Private IPP Wind 133.00 0.00 13.36
2025-05-17,GADAG_VENA_S Karnataka Private IPP Solar 31.00 0.00 3.04
2025-05-17,KOPPAL_RENEWOJAS_S Karnataka Private IPP Solar 81.00 0.45 8.53
2025-05-17,All ADYAH Karnataka Private IPP Solar 300.00 1.79 35.81
2025-05-17,AMPLUS PAVAGADA Karnataka Private IPP Solar 50.00 0.33 6.35
2025-05-17,AMPLUS TUMKUR Karnataka Private IPP Solar 50.00 0.33 6.33
2025-05-17,AVAADA SOLAR Karnataka Private IPP Solar 150.00 0.94 17.59
2025-05-17,AVAADA SOLARISE Karnataka Private IPP Solar 150.00 0.91 17.25
2025-05-17,AZURE POWER EARTH Karnataka Private IPP Solar 100.00 0.67 12.77
2025-05-17,FORTUM FIN SURYA Karnataka Private IPP Solar 100.00 0.56 10.80
2025-05-17,FORTUM SOLAR Karnataka Private IPP Solar 250.00 0.31 5.84
2025-05-17,KREDL Karnataka Private IPP Solar 50.00 0.73 14.92
2025-05-17,PARAMPUJYA Karnataka Private IPP Solar 150.00 0.24 5.42
2025-05-17,RENEW TN2 Karnataka Private IPP Solar 50.00 1.30 24.44
2025-05-17,SBG ENERGY Karnataka Private IPP Solar 200.00 1.57 30.03
2025-05-17,TATA RENEWABLES Karnataka Private IPP Solar 400.00 2.15 40.01
2025-05-17,YARROW Karnataka Private IPP Solar 50.00 0.24 5.38
2025-05-17,कनजाटक / Karnataka 15.48 30.49 6.22 52.19 298.40 556.15 109.87 964.42
2025-05-18,कनजाटक / Karnataka 11.03 43.55 6.04 60.62 350.22 894.10 115.91 1360.23
2025-05-18,KOPPAL_AYANASIX_W Karnataka Private IPP Wind 50.00 0.06 1.07
2025-05-18,KOPPAL_RENEWROSHNI_W Karnataka Private IPP Wind 73.00 1.09 27.51
2025-05-18,KOPPAL SRI1PL Karnataka Private IPP Solar 120.00 1.25 24.79
2025-05-18,IRCON SOLAR Karnataka Private IPP Solar 50.00 1.07 27.42
2025-05-18,GADAG_VENA_W Karnataka Private IPP Wind 133.00 0.00 13.36
2025-05-18,GADAG_VENA_S Karnataka Private IPP Solar 31.00 0.00 3.04
2025-05-18,KOPPAL_RENEWOJAS_S Karnataka Private IPP Solar 81.00 0.50 9.03
2025-05-18,All ADYAH Karnataka Private IPP Solar 300.00 1.81 37.62
2025-05-18,AMPLUS PAVAGADA Karnataka Private IPP Solar 50.00 0.37 6.72
2025-05-18,AMPLUS TUMKUR Karnataka Private IPP Solar 50.00 0.37 6.70
2025-05-18,AVAADA SOLAR Karnataka Private IPP Solar 150.00 0.97 18.56
2025-05-18,AVAADA SOLARISE Karnataka Private IPP Solar 150.00 0.99 18.24
2025-05-18,AZURE POWER EARTH Karnataka Private IPP Solar 100.00 0.71 13.48
2025-05-18,FORTUM FIN SURYA Karnataka Private IPP Solar 100.00 0.61 11.41
2025-05-18,FORTUM SOLAR Karnataka Private IPP Solar 250.00 0.33 6.17
2025-05-18,KREDL Karnataka Private IPP Solar 50.00 0.92 15.84
2025-05-18,PARAMPUJYA Karnataka Private IPP Solar 150.00 0.33 5.75
2025-05-18,RENEW TN2 Karnataka Private IPP Solar 50.00 1.38 25.82
2025-05-18,SBG ENERGY Karnataka Private IPP Solar 200.00 1.69 31.72
2025-05-18,TATA RENEWABLES Karnataka Private IPP Solar 400.00 2.48 42.49
2025-05-18,YARROW Karnataka Private IPP Solar 50.00 0.36 5.74
2025-05-18,कनजाटक / Karnataka 9.88 27.41 6.04 43.33 308.28 583.56 115.91 1007.75
2025-05-19,कनजाटक / Karnataka 5.51 32.91 6.70 45.12 355.73 927.01 122.61 1405.35
2025-05-19,KOPPAL_AYANASIX_W Karnataka Private IPP Wind 50.00 0.06 1.13
2025-05-19,KOPPAL_RENEWROSHNI_W Karnataka Private IPP Wind 73.00 0.36 27.87
2025-05-19,KOPPAL SRI1PL Karnataka Private IPP Solar 120.00 1.02 25.81
2025-05-19,IRCON SOLAR Karnataka Private IPP Solar 50.00 0.73 28.15
2025-05-19,GADAG_VENA_W Karnataka Private IPP Wind 133.00 0.00 13.36
2025-05-19,GADAG_VENA_S Karnataka Private IPP Solar 31.00 0.00 3.04
2025-05-19,KOPPAL_RENEWOJAS_S Karnataka Private IPP Solar 81.00 0.37 9.40
2025-05-19,All ADYAH Karnataka Private IPP Solar 300.00 1.17 38.79
2025-05-19,AMPLUS PAVAGADA Karnataka Private IPP Solar 50.00 0.22 6.94
2025-05-19,AMPLUS TUMKUR Karnataka Private IPP Solar 50.00 0.22 6.92
2025-05-19,AVAADA SOLAR Karnataka Private IPP Solar 150.00 0.61 19.17
2025-05-19,AVAADA SOLARISE Karnataka Private IPP Solar 150.00 0.57 18.81
2025-05-19,AZURE POWER EARTH Karnataka Private IPP Solar 100.00 0.43 13.91
2025-05-19,FORTUM FIN SURYA Karnataka Private IPP Solar 100.00 0.35 11.76
2025-05-19,FORTUM SOLAR Karnataka Private IPP Solar 250.00 0.20 6.37
2025-05-19,KREDL Karnataka Private IPP Solar 50.00 0.52 16.36
2025-05-19,PARAMPUJYA Karnataka Private IPP Solar 150.00 0.17 5.92
2025-05-19,RENEW TN2 Karnataka Private IPP Solar 50.00 0.76 26.58
2025-05-19,SBG ENERGY Karnataka Private IPP Solar 200.00 0.98 32.70
2025-05-19,TATA RENEWABLES Karnataka Private IPP Solar 400.00 1.41 43.90
2025-05-19,YARROW Karnataka Private IPP Solar 50.00 0.21 5.95
2025-05-19,कनजाटक / Karnataka 5.09 22.97 6.70 34.76 313.37 606.53 122.61 1042.51
2025-05-20,कनजाटक / Karnataka 10.76 29.29 7.10 47.15 366.49 956.30 129.71 1452.50
2025-05-20,KOPPAL_AYANASIX_W Karnataka Private IPP Wind 50.00 1.62 2.75
2025-05-20,KOPPAL_RENEWROSHNI_W Karnataka Private IPP Wind 73.00 0.73 28.60
2025-05-20,KOPPAL SRI1PL Karnataka Private IPP Solar 120.00 0.64 26.45
2025-05-20,IRCON SOLAR Karnataka Private IPP Solar 50.00 0.89 29.04
2025-05-20,GADAG_VENA_W Karnataka Private IPP Wind 133.00 0.00 13.36
2025-05-20,GADAG_VENA_S Karnataka Private IPP Solar 31.00 0.00 3.04
2025-05-20,KOPPAL_RENEWOJAS_S Karnataka Private IPP Solar 81.00 0.29 9.69
2025-05-20,All ADYAH Karnataka Private IPP Solar 300.00 1.33 40.12
2025-05-20,AMPLUS PAVAGADA Karnataka Private IPP Solar 50.00 0.23 7.17
2025-05-20,AMPLUS TUMKUR Karnataka Private IPP Solar 50.00 0.23 7.15
2025-05-20,AVAADA SOLAR Karnataka Private IPP Solar 150.00 0.68 19.85
2025-05-20,AVAADA SOLARISE Karnataka Private IPP Solar 150.00 0.63 19.44
2025-05-20,AZURE POWER EARTH Karnataka Private IPP Solar 100.00 0.50 14.41
2025-05-20,FORTUM FIN SURYA Karnataka Private IPP Solar 100.00 0.42 12.18
2025-05-20,FORTUM SOLAR Karnataka Private IPP Solar 250.00 0.22 6.59
2025-05-20,KREDL Karnataka Private IPP Solar 50.00 0.56 16.92
2025-05-20,PARAMPUJYA Karnataka Private IPP Solar 150.00 0.19 6.11
2025-05-20,RENEW TN2 Karnataka Private IPP Solar 50.00 0.98 27.56
2025-05-20,SBG ENERGY Karnataka Private IPP Solar 200.00 1.15 33.85
2025-05-20,TATA RENEWABLES Karnataka Private IPP Solar 400.00 1.65 45.55
2025-05-20,YARROW Karnataka Private IPP Solar 50.00 0.22 6.17
2025-05-20,कनजाटक / Karnataka 8.41 18.48 7.10 33.99 321.78 625.01 129.71 1076.50
2025-05-21,कनजाटक / Karnataka 29.02 31.84 7.31 68.17 395.51 988.14 137.02 1520.67
2025-05-21,KOPPAL_AYANASIX_W Karnataka Private IPP Wind 50.00 2.00 4.75
2025-05-21,KOPPAL_RENEWROSHNI_W Karnataka Private IPP Wind 73.00 2.44 31.04
2025-05-21,KOPPAL SRI1PL Karnataka Private IPP Solar 120.00 0.72 27.17
2025-05-21,IRCON SOLAR Karnataka Private IPP Solar 50.00 0.83 29.87
2025-05-21,GADAG_VENA_W Karnataka Private IPP Wind 133.00 0.00 13.36
2025-05-21,GADAG_VENA_S Karnataka Private IPP Solar 31.00 0.00 3.04
2025-05-21,KOPPAL_RENEWOJAS_S Karnataka Private IPP Solar 81.00 0.19 9.88
2025-05-21,All ADYAH Karnataka Private IPP Solar 300.00 1.26 41.38
2025-05-21,AMPLUS PAVAGADA Karnataka Private IPP Solar 50.00 0.26 7.43
2025-05-21,AMPLUS TUMKUR Karnataka Private IPP Solar 50.00 0.26 7.41
2025-05-21,AVAADA SOLAR Karnataka Private IPP Solar 150.00 0.63 20.48
2025-05-21,AVAADA SOLARISE Karnataka Private IPP Solar 150.00 0.69 20.13
2025-05-21,AZURE POWER EARTH Karnataka Private IPP Solar 100.00 0.49 14.90
2025-05-21,FORTUM FIN SURYA Karnataka Private IPP Solar 100.00 0.43 12.61
2025-05-21,FORTUM SOLAR Karnataka Private IPP Solar 250.00 0.23 6.82
2025-05-21,KREDL Karnataka Private IPP Solar 50.00 0.62 17.54
2025-05-21,PARAMPUJYA Karnataka Private IPP Solar 150.00 0.22 6.33
2025-05-21,RENEW TN2 Karnataka Private IPP Solar 50.00 0.95 28.51
2025-05-21,SBG ENERGY Karnataka Private IPP Solar 200.00 1.12 34.97
2025-05-21,TATA RENEWABLES Karnataka Private IPP Solar 400.00 1.72 47.27
2025-05-21,YARROW Karnataka Private IPP Solar 50.00 0.25 6.42
2025-05-21,कनजाटक / Karnataka 24.58 20.97 7.31 52.86 346.36 645.98 137.02 1129.36
2025-05-22,कनजाटक / Karnataka 46.43 39.95 6.43 92.81 441.94 1028.09 143.45 1613.48
2025-05-22,KOPPAL_AYANASIX_W Karnataka Private IPP Wind 50.00 3.91 8.66
2025-05-22,KOPPAL_RENEWROSHNI_W Karnataka Private IPP Wind 73.00 4.31 35.35
2025-05-22,KOPPAL SRI1PL Karnataka Private IPP Solar 120.00 1.26 28.43
2025-05-22,IRCON SOLAR Karnataka Private IPP Solar 50.00 0.80 30.67
2025-05-22,GADAG_VENA_W Karnataka Private IPP Wind 133.00 0.00 13.36
2025-05-22,GADAG_VENA_S Karnataka Private IPP Solar 31.00 0.00 3.04
2025-05-22,KOPPAL_RENEWOJAS_S Karnataka Private IPP Solar 81.00 0.46 10.34
2025-05-22,All ADYAH Karnataka Private IPP Solar 300.00 1.27 42.65
2025-05-22,AMPLUS PAVAGADA Karnataka Private IPP Solar 50.00 0.26 7.69
2025-05-22,AMPLUS TUMKUR Karnataka Private IPP Solar 50.00 0.25 7.66
2025-05-22,AVAADA SOLAR Karnataka Private IPP Solar 150.00 0.67 21.15
2025-05-22,AVAADA SOLARISE Karnataka Private IPP Solar 150.00 0.67 20.80
2025-05-22,AZURE POWER EARTH Karnataka Private IPP Solar 100.00 0.51 15.41
2025-05-22,FORTUM FIN SURYA Karnataka Private IPP Solar 100.00 0.40 13.01
2025-05-22,FORTUM SOLAR Karnataka Private IPP Solar 250.00 0.23 7.05
2025-05-22,KREDL Karnataka Private IPP Solar 50.00 0.62 18.16
2025-05-22,PARAMPUJYA Karnataka Private IPP Solar 150.00 0.23 6.56
2025-05-22,RENEW TN2 Karnataka Private IPP Solar 50.00 0.90 29.41
2025-05-22,SBG ENERGY Karnataka Private IPP Solar 200.00 1.16 36.13
2025-05-22,TATA RENEWABLES Karnataka Private IPP Solar 400.00 1.74 49.01
2025-05-22,YARROW Karnataka Private IPP Solar 50.00 0.24 6.66
2025-05-22,कनजाटक / Karnataka 38.21 28.28 6.43 72.92 384.57 674.26 143.45 1202.28
2025-06-09,कनजाटक / Karnataka 39.87 41.16 7.99 89.02 356.53 412.80 77.90 847.23
2025-06-09,KOPPAL_AYANASIX_W Karnataka Private IPP Wind 50.00 3.49 24.17
2025-06-09,KOPPAL_RENEWROSHNI_W Karnataka Private IPP Wind 73.00 3.53 19.16
2025-06-09,Koppal Renewojas Karnataka Private IPP Wind 277.00 0.00 2.99
2025-06-09,KOPPAL SRI1PL Karnataka Private IPP Solar 120.00 1.14 11.79
2025-06-09,IRCON SOLAR Karnataka Private IPP Solar 50.00 1.32 12.72
2025-06-09,GADAG_VENA_W Karnataka Private IPP Wind 133.00 0.00 0.00
2025-06-09,GADAG_VENA_S Karnataka Private IPP Solar 31.00 0.00 0.00
2025-06-09,KOPPAL_RENEWOJAS_S Karnataka Private IPP Solar 81.00 0.46 2.43
2025-06-09,KOPPAL_KLEIO_S Karnataka Private IPP Solar 105.00 0.52 3.00
2025-06-09,All ADYAH Karnataka Private IPP Solar 300.00 1.57 14.21
2025-06-09,AMPLUS PAVAGADA Karnataka Private IPP Solar 50.00 0.32 3.12
2025-06-09,AMPLUS TUMKUR Karnataka Private IPP Solar 50.00 0.32 3.10
2025-06-09,AVAADA SOLAR Karnataka Private IPP Solar 150.00 0.89 8.42
2025-06-09,AVAADA SOLARISE Karnataka Private IPP Solar 150.00 0.86 8.42
2025-06-09,AZURE POWER EARTH Karnataka Private IPP Solar 100.00 0.49 4.64
2025-06-09,FORTUM FIN SURYA Karnataka Private IPP Solar 100.00 0.47 5.08
2025-06-09,FORTUM SOLAR Karnataka Private IPP Solar 250.00 1.47 13.78
2025-06-09,KREDL Karnataka Private IPP Solar 50.00 0.29 2.81
2025-06-09,PARAMPUJYA Karnataka Private IPP Solar 150.00 0.80 7.77
2025-06-09,RENEW TN2 Karnataka Private IPP Solar 50.00 0.33 3.13
2025-06-09,SBG ENERGY Karnataka Private IPP Solar 200.00 1.13 11.32
2025-06-09,TATA RENEWABLES Karnataka Private IPP Solar 400.00 2.17 19.16
2025-06-09,YARROW Karnataka Private IPP Solar 50.00 0.32 3.05
2025-06-09,कनजाटक / Karnataka 32.85 26.29 7.99 67.13 310.21 274.85 77.90 662.96
2025-06-10,कनजाटक / Karnataka 42.10 43.25 7.76 93.11 398.63 456.05 85.66 940.34
2025-06-10,KOPPAL_AYANASIX_W Karnataka Private IPP Wind 50.00 3.27 27.44
2025-06-10,KOPPAL_RENEWROSHNI_W Karnataka Private IPP Wind 73.00 4.12 23.28
2025-06-10,Koppal Renewojas Karnataka Private IPP Wind 277.00 0.00 2.99
2025-06-10,KOPPAL SRI1PL Karnataka Private IPP Solar 120.00 1.27 13.06
2025-06-10,IRCON SOLAR Karnataka Private IPP Solar 50.00 1.47 14.19
2025-06-10,GADAG_VENA_W Karnataka Private IPP Wind 133.00 0.00 0.00
2025-06-10,GADAG_VENA_S Karnataka Private IPP Solar 31.00 0.00 0.00
2025-06-10,KOPPAL_RENEWOJAS_S Karnataka Private IPP Solar 81.00 0.52 2.95
2025-06-10,KOPPAL_KLEIO_S Karnataka Private IPP Solar 105.00 0.53 3.53
2025-06-10,All ADYAH Karnataka Private IPP Solar 300.00 1.87 16.08
2025-06-10,AMPLUS PAVAGADA Karnataka Private IPP Solar 50.00 0.37 3.49
2025-06-10,AMPLUS TUMKUR Karnataka Private IPP Solar 50.00 0.37 3.47
2025-06-10,AVAADA SOLAR Karnataka Private IPP Solar 150.00 1.02 9.44
2025-06-10,AVAADA SOLARISE Karnataka Private IPP Solar 150.00 1.00 9.42
2025-06-10,AZURE POWER EARTH Karnataka Private IPP Solar 100.00 0.57 5.21
2025-06-10,FORTUM FIN SURYA Karnataka Private IPP Solar 100.00 0.62 5.70
2025-06-10,FORTUM SOLAR Karnataka Private IPP Solar 250.00 1.76 15.54
2025-06-10,KREDL Karnataka Private IPP Solar 50.00 0.34 3.15
2025-06-10,PARAMPUJYA Karnataka Private IPP Solar 150.00 0.94 8.71
2025-06-10,RENEW TN2 Karnataka Private IPP Solar 50.00 0.37 3.50
2025-06-10,SBG ENERGY Karnataka Private IPP Solar 200.00 1.41 12.73
2025-06-10,TATA RENEWABLES Karnataka Private IPP Solar 400.00 2.61 21.77
2025-06-10,YARROW Karnataka Private IPP Solar 50.00 0.37 3.42
2025-06-10,कनजाटक / Karnataka 34.71 25.84 7.76 68.31 344.92 300.69 85.66 731.27
2025-06-11,कनजाटक / Karnataka 28.60 26.99 7.52 63.11 427.23 483.04 93.18 1003.45
2025-06-11,KOPPAL_AYANASIX_W Karnataka Private IPP Wind 50.00 2.28 29.72
2025-06-11,KOPPAL_RENEWROSHNI_W Karnataka Private IPP Wind 73.00 2.35 25.63
2025-06-11,Koppal Renewojas Karnataka Private IPP Wind 277.00 0.00 2.99
2025-06-11,KOPPAL SRI1PL Karnataka Private IPP Solar 120.00 0.49 13.55
2025-06-11,IRCON SOLAR Karnataka Private IPP Solar 50.00 0.70 14.89
2025-06-11,GADAG_VENA_W Karnataka Private IPP Wind 133.00 0.00 0.00
2025-06-11,GADAG_VENA_S Karnataka Private IPP Solar 31.00 0.00 0.00
2025-06-11,KOPPAL_RENEWOJAS_S Karnataka Private IPP Solar 81.00 0.24 3.19
2025-06-11,KOPPAL_KLEIO_S Karnataka Private IPP Solar 105.00 0.25 3.78
2025-06-11,All ADYAH Karnataka Private IPP Solar 300.00 1.10 17.18
2025-06-11,AMPLUS PAVAGADA Karnataka Private IPP Solar 50.00 0.21 3.70
2025-06-11,AMPLUS TUMKUR Karnataka Private IPP Solar 50.00 0.21 3.68
2025-06-11,AVAADA SOLAR Karnataka Private IPP Solar 150.00 0.58 10.02
2025-06-11,AVAADA SOLARISE Karnataka Private IPP Solar 150.00 0.56 9.98
2025-06-11,AZURE POWER EARTH Karnataka Private IPP Solar 100.00 0.33 5.54
2025-06-11,FORTUM FIN SURYA Karnataka Private IPP Solar 100.00 0.35 6.05
2025-06-11,FORTUM SOLAR Karnataka Private IPP Solar 250.00 0.98 16.52
2025-06-11,KREDL Karnataka Private IPP Solar 50.00 0.20 3.35
2025-06-11,PARAMPUJYA Karnataka Private IPP Solar 150.00 0.51 9.22
2025-06-11,RENEW TN2 Karnataka Private IPP Solar 50.00 0.19 3.69
2025-06-11,SBG ENERGY Karnataka Private IPP Solar 200.00 0.76 13.49
2025-06-11,TATA RENEWABLES Karnataka Private IPP Solar 400.00 1.42 23.19
2025-06-11,YARROW Karnataka Private IPP Solar 50.00 0.21 3.63
2025-06-11,कनजाटक / Karnataka 23.97 17.70 7.52 49.19 368.89 318.39 93.18 780.46
2025-06-12,कनजाटक / Karnataka 20.42 26.75 8.34 55.51 447.65 509.79 101.52 1058.96
2025-06-12,KOPPAL_AYANASIX_W Karnataka Private IPP Wind 50.00 1.76 31.48
2025-06-12,KOPPAL_RENEWROSHNI_W Karnataka Private IPP Wind 73.00 2.11 27.74
2025-06-12,Koppal Renewojas Karnataka Private IPP Wind 277.00 0.00 2.99
2025-06-12,KOPPAL SRI1PL Karnataka Private IPP Solar 120.00 0.60 14.15
2025-06-12,IRCON SOLAR Karnataka Private IPP Solar 50.00 0.60 15.49
2025-06-12,GADAG_VENA_W Karnataka Private IPP Wind 133.00 0.00 0.00
2025-06-12,GADAG_VENA_S Karnataka Private IPP Solar 31.00 0.00 0.00
2025-06-12,KOPPAL_RENEWOJAS_S Karnataka Private IPP Solar 81.00 0.25 3.44
2025-06-12,KOPPAL_KLEIO_S Karnataka Private IPP Solar 105.00 0.20 3.98
2025-06-12,All ADYAH Karnataka Private IPP Solar 300.00 0.94 18.12
2025-06-12,AMPLUS PAVAGADA Karnataka Private IPP Solar 50.00 0.19 3.89
2025-06-12,AMPLUS TUMKUR Karnataka Private IPP Solar 50.00 0.19 3.87
2025-06-12,AVAADA SOLAR Karnataka Private IPP Solar 150.00 0.49 10.51
2025-06-12,AVAADA SOLARISE Karnataka Private IPP Solar 150.00 0.48 10.46
2025-06-12,AZURE POWER EARTH Karnataka Private IPP Solar 100.00 0.26 5.80
2025-06-12,FORTUM FIN SURYA Karnataka Private IPP Solar 100.00 0.31 6.36
2025-06-12,FORTUM SOLAR Karnataka Private IPP Solar 250.00 0.78 17.30
2025-06-12,KREDL Karnataka Private IPP Solar 50.00 0.17 3.52
2025-06-12,PARAMPUJYA Karnataka Private IPP Solar 150.00 0.44 9.66
2025-06-12,RENEW TN2 Karnataka Private IPP Solar 50.00 0.16 3.85
2025-06-12,SBG ENERGY Karnataka Private IPP Solar 200.00 0.63 14.12
2025-06-12,TATA RENEWABLES Karnataka Private IPP Solar 400.00 1.15 24.34
2025-06-12,YARROW Karnataka Private IPP Solar 50.00 0.18 3.81
2025-06-12,कनजाटक / Karnataka 16.55 18.73 8.34 43.62 385.44 337.12 101.52 824.08
2025-06-13,कनजाटक / Karnataka 20.24 34.24 9.86 64.34 467.89 544.03 111.38 1123.30
2025-06-13,KOPPAL_AYANASIX_W Karnataka Private IPP Wind 50.00 1.24 32.72
2025-06-13,KOPPAL_RENEWROSHNI_W Karnataka Private IPP Wind 73.00 1.44 29.18
2025-06-13,Koppal Renewojas Karnataka Private IPP Wind 277.00 0.00 2.99
2025-06-13,KOPPAL SRI1PL Karnataka Private IPP Solar 120.00 0.73 14.88
2025-06-13,IRCON SOLAR Karnataka Private IPP Solar 50.00 1.02 16.51
2025-06-13,GADAG_VENA_W Karnataka Private IPP Wind 133.00 0.00 0.00
2025-06-13,GADAG_VENA_S Karnataka Private IPP Solar 31.00 0.00 0.00
2025-06-13,KOPPAL_RENEWOJAS_S Karnataka Private IPP Solar 81.00 0.28 3.72
2025-06-13,KOPPAL_KLEIO_S Karnataka Private IPP Solar 105.00 0.41 4.39
2025-06-13,All ADYAH Karnataka Private IPP Solar 300.00 1.39 19.51
2025-06-13,AMPLUS PAVAGADA Karnataka Private IPP Solar 50.00 0.30 4.19
2025-06-13,AMPLUS TUMKUR Karnataka Private IPP Solar 50.00 0.30 4.17
2025-06-13,AVAADA SOLAR Karnataka Private IPP Solar 150.00 0.78 11.29
2025-06-13,AVAADA SOLARISE Karnataka Private IPP Solar 150.00 0.80 11.26
2025-06-13,AZURE POWER EARTH Karnataka Private IPP Solar 100.00 0.44 6.24
2025-06-13,FORTUM FIN SURYA Karnataka Private IPP Solar 100.00 0.48 6.84
2025-06-13,FORTUM SOLAR Karnataka Private IPP Solar 250.00 1.33 18.63
2025-06-13,KREDL Karnataka Private IPP Solar 50.00 0.27 3.79
2025-06-13,PARAMPUJYA Karnataka Private IPP Solar 150.00 0.72 10.38
2025-06-13,RENEW TN2 Karnataka Private IPP Solar 50.00 0.27 4.12
2025-06-13,SBG ENERGY Karnataka Private IPP Solar 200.00 1.07 15.19
2025-06-13,TATA RENEWABLES Karnataka Private IPP Solar 400.00 2.02 26.36
2025-06-13,YARROW Karnataka Private IPP Solar 50.00 0.30 4.11
2025-06-13,कनजाटक / Karnataka 17.56 21.33 9.86 48.75 403.00 358.45 111.38 872.83
2025-06-14,कनजाटक / Karnataka 51.14 36.72 11.94 99.80 519.03 580.75 123.32 1223.10
2025-06-14,KOPPAL_AYANASIX_W Karnataka Private IPP Wind 50.00 4.25 36.97
2025-06-14,KOPPAL_RENEWROSHNI_W Karnataka Private IPP Wind 73.00 4.66 33.84
2025-06-14,Koppal Renewojas Karnataka Private IPP Wind 277.00 0.00 2.99
2025-06-14,KOPPAL SRI1PL Karnataka Private IPP Solar 120.00 0.85 15.73
2025-06-14,IRCON SOLAR Karnataka Private IPP Solar 50.00 1.26 17.77
2025-06-14,GADAG_VENA_W Karnataka Private IPP Wind 133.00 0.00 0.00
2025-06-14,GADAG_VENA_S Karnataka Private IPP Solar 31.00 0.00 0.00
2025-06-14,KOPPAL_RENEWOJAS_S Karnataka Private IPP Solar 81.00 0.39 4.11
2025-06-14,KOPPAL_KLEIO_S Karnataka Private IPP Solar 105.00 0.48 4.87
2025-06-14,All ADYAH Karnataka Private IPP Solar 300.00 1.45 20.96
2025-06-14,AMPLUS PAVAGADA Karnataka Private IPP Solar 50.00 0.32 4.51
2025-06-14,AMPLUS TUMKUR Karnataka Private IPP Solar 50.00 0.32 4.49
2025-06-14,AVAADA SOLAR Karnataka Private IPP Solar 150.00 0.81 12.10
2025-06-14,AVAADA SOLARISE Karnataka Private IPP Solar 150.00 0.84 12.10
2025-06-14,AZURE POWER EARTH Karnataka Private IPP Solar 100.00 0.46 6.70
2025-06-14,FORTUM FIN SURYA Karnataka Private IPP Solar 100.00 0.43 7.27
2025-06-14,FORTUM SOLAR Karnataka Private IPP Solar 250.00 1.39 20.02
2025-06-14,KREDL Karnataka Private IPP Solar 50.00 0.27 4.06
2025-06-14,PARAMPUJYA Karnataka Private IPP Solar 150.00 0.76 11.14
2025-06-14,RENEW TN2 Karnataka Private IPP Solar 50.00 0.30 4.42
2025-06-14,SBG ENERGY Karnataka Private IPP Solar 200.00 1.03 16.22
2025-06-14,TATA RENEWABLES Karnataka Private IPP Solar 400.00 2.08 28.44
2025-06-14,YARROW Karnataka Private IPP Solar 50.00 0.30 4.41
2025-06-14,कनजाटक / Karnataka 42.23 22.98 11.94 77.15 445.23 381.43 123.32 949.98
2025-06-15,कनजाटक / Karnataka 70.94 33.40 10.04 114.38 589.97 614.15 133.36 1337.48
2025-06-15,KOPPAL_AYANASIX_W Karnataka Private IPP Wind 50.00 4.95 41.92
2025-06-15,KOPPAL_RENEWROSHNI_W Karnataka Private IPP Wind 73.00 5.53 39.37
2025-06-15,Koppal Renewojas Karnataka Private IPP Wind 277.00 0.00 2.99
2025-06-15,KOPPAL SRI1PL Karnataka Private IPP Solar 120.00 0.69 16.42
2025-06-15,IRCON SOLAR Karnataka Private IPP Solar 50.00 0.96 18.73
2025-06-15,GADAG_VENA_W Karnataka Private IPP Wind 133.00 0.00 0.00
2025-06-15,GADAG_VENA_S Karnataka Private IPP Solar 31.00 0.00 0.00
2025-06-15,KOPPAL_RENEWOJAS_S Karnataka Private IPP Solar 81.00 0.34 4.45
2025-06-15,KOPPAL_KLEIO_S Karnataka Private IPP Solar 105.00 0.41 5.28
2025-06-15,All ADYAH Karnataka Private IPP Solar 300.00 1.32 22.28
2025-06-15,AMPLUS PAVAGADA Karnataka Private IPP Solar 50.00 0.27 4.78
2025-06-15,AMPLUS TUMKUR Karnataka Private IPP Solar 50.00 0.26 4.75
2025-06-15,AVAADA SOLAR Karnataka Private IPP Solar 150.00 0.71 12.81
2025-06-15,AVAADA SOLARISE Karnataka Private IPP Solar 150.00 0.71 12.81
2025-06-15,AZURE POWER EARTH Karnataka Private IPP Solar 100.00 0.39 7.09
2025-06-15,FORTUM FIN SURYA Karnataka Private IPP Solar 100.00 0.40 7.67
2025-06-15,FORTUM SOLAR Karnataka Private IPP Solar 250.00 1.20 21.22
2025-06-15,KREDL Karnataka Private IPP Solar 50.00 0.25 4.31
2025-06-15,PARAMPUJYA Karnataka Private IPP Solar 150.00 0.62 11.76
2025-06-15,RENEW TN2 Karnataka Private IPP Solar 50.00 0.24 4.66
2025-06-15,SBG ENERGY Karnataka Private IPP Solar 200.00 0.87 17.09
2025-06-15,TATA RENEWABLES Karnataka Private IPP Solar 400.00 1.76 30.20
2025-06-15,YARROW Karnataka Private IPP Solar 50.00 0.25 4.66
2025-06-15,कनजाटक / Karnataka 60.46 21.75 10.04 92.25 505.69 403.18 133.36 1042.23
2025-06-16,कनजाटक / Karnataka 77.70 37.56 11.21 126.47 667.67 651.71 144.57 1463.95
2025-06-16,KOPPAL_AYANASIX_W Karnataka Private IPP Wind 50.00 5.91 47.83
2025-06-16,KOPPAL_RENEWROSHNI_W Karnataka Private IPP Wind 73.00 5.97 45.34
2025-06-16,Koppal Renewojas Karnataka Private IPP Wind 277.00 0.00 2.99
2025-06-16,KOPPAL SRI1PL Karnataka Private IPP Solar 120.00 0.89 17.31
2025-06-16,IRCON SOLAR Karnataka Private IPP Solar 50.00 1.04 19.77
2025-06-16,GADAG_VENA_W Karnataka Private IPP Wind 133.00 0.00 0.00
2025-06-16,GADAG_VENA_S Karnataka Private IPP Solar 31.00 0.00 0.00
2025-06-16,KOPPAL_RENEWOJAS_S Karnataka Private IPP Solar 81.00 0.39 4.84
2025-06-16,KOPPAL_KLEIO_S Karnataka Private IPP Solar 105.00 0.44 5.72
2025-06-16,All ADYAH Karnataka Private IPP Solar 300.00 1.39 23.67
2025-06-16,AMPLUS PAVAGADA Karnataka Private IPP Solar 50.00 0.29 5.07
2025-06-16,AMPLUS TUMKUR Karnataka Private IPP Solar 50.00 0.29 5.04
2025-06-16,AVAADA SOLAR Karnataka Private IPP Solar 150.00 0.76 13.57
2025-06-16,AVAADA SOLARISE Karnataka Private IPP Solar 150.00 0.76 13.57
2025-06-16,AZURE POWER EARTH Karnataka Private IPP Solar 100.00 0.42 7.51
2025-06-16,FORTUM FIN SURYA Karnataka Private IPP Solar 100.00 0.49 8.16
2025-06-16,FORTUM SOLAR Karnataka Private IPP Solar 250.00 1.26 22.48
2025-06-16,KREDL Karnataka Private IPP Solar 50.00 0.26 4.57
2025-06-16,PARAMPUJYA Karnataka Private IPP Solar 150.00 0.72 12.48
2025-06-16,RENEW TN2 Karnataka Private IPP Solar 50.00 0.28 4.94
2025-06-16,SBG ENERGY Karnataka Private IPP Solar 200.00 1.00 18.09
2025-06-16,TATA RENEWABLES Karnataka Private IPP Solar 400.00 1.95 32.15
2025-06-16,YARROW Karnataka Private IPP Solar 50.00 0.28 4.94
2025-06-16,कनजाटक / Karnataka 65.82 24.65 11.21 101.68 571.51 427.83 144.57 1143.91
2025-06-17,कनजाटक / Karnataka 66.06 42.65 11.74 120.45 733.73 694.36 156.31 1584.40
2025-06-17,KOPPAL_AYANASIX_W Karnataka Private IPP Wind 50.00 5.27 53.10
2025-06-17,KOPPAL_RENEWROSHNI_W Karnataka Private IPP Wind 73.00 5.50 50.84
2025-06-17,Koppal Renewojas Karnataka Private IPP Wind 277.00 0.00 2.99
2025-06-17,KOPPAL SRI1PL Karnataka Private IPP Solar 120.00 1.22 18.53
2025-06-17,IRCON SOLAR Karnataka Private IPP Solar 50.00 0.92 20.69
2025-06-17,GADAG_VENA_W Karnataka Private IPP Wind 133.00 0.00 0.00
2025-06-17,GADAG_VENA_S Karnataka Private IPP Solar 31.00 0.00 0.00
2025-06-17,KOPPAL_RENEWOJAS_S Karnataka Private IPP Solar 81.00 0.46 5.30
2025-06-17,KOPPAL_KLEIO_S Karnataka Private IPP Solar 105.00 0.58 6.30
2025-06-17,All ADYAH Karnataka Private IPP Solar 300.00 1.54 25.21
2025-06-17,AMPLUS PAVAGADA Karnataka Private IPP Solar 50.00 0.29 5.36
2025-06-17,AMPLUS TUMKUR Karnataka Private IPP Solar 50.00 0.29 5.33
2025-06-17,AVAADA SOLAR Karnataka Private IPP Solar 150.00 0.83 14.40
2025-06-17,AVAADA SOLARISE Karnataka Private IPP Solar 150.00 0.79 14.36
2025-06-17,AZURE POWER EARTH Karnataka Private IPP Solar 100.00 0.47 7.98
2025-06-17,FORTUM FIN SURYA Karnataka Private IPP Solar 100.00 0.50 8.66
2025-06-17,FORTUM SOLAR Karnataka Private IPP Solar 250.00 1.40 23.88
2025-06-17,KREDL Karnataka Private IPP Solar 50.00 0.28 4.85
2025-06-17,PARAMPUJYA Karnataka Private IPP Solar 150.00 0.74 13.22
2025-06-17,RENEW TN2 Karnataka Private IPP Solar 50.00 0.28 5.22
2025-06-17,SBG ENERGY Karnataka Private IPP Solar 200.00 1.09 19.18
2025-06-17,TATA RENEWABLES Karnataka Private IPP Solar 400.00 2.04 34.19
2025-06-17,YARROW Karnataka Private IPP Solar 50.00 0.30 5.24
2025-06-17,कनजाटक / Karnataka 55.29 28.63 11.74 95.66 626.80 456.46 156.31 1239.57
2025-06-18,कनजाटक / Karnataka 69.48 43.44 12.37 125.29 803.21 737.80 168.68 1709.69
2025-06-18,KOPPAL_AYANASIX_W Karnataka Private IPP Wind 50.00 5.66 58.76
2025-06-18,KOPPAL_RENEWROSHNI_W Karnataka Private IPP Wind 73.00 5.60 56.44
2025-06-18,Koppal Renewojas Karnataka Private IPP Wind 277.00 0.00 2.99
2025-06-18,KOPPAL SRI1PL Karnataka Private IPP Solar 120.00 1.26 19.79
2025-06-18,IRCON SOLAR Karnataka Private IPP Solar 50.00 0.00 20.69
2025-06-18,GADAG_VENA_W Karnataka Private IPP Wind 133.00 0.00 0.00
2025-06-18,GADAG_VENA_S Karnataka Private IPP Solar 31.00 0.00 0.00
2025-06-18,KOPPAL_RENEWOJAS_S Karnataka Private IPP Solar 81.00 0.45 5.75
2025-06-18,KOPPAL_KLEIO_S Karnataka Private IPP Solar 105.00 0.59 6.89
2025-06-18,All ADYAH Karnataka Private IPP Solar 300.00 1.33 26.54
2025-06-18,AMPLUS PAVAGADA Karnataka Private IPP Solar 50.00 0.34 5.70
2025-06-18,AMPLUS TUMKUR Karnataka Private IPP Solar 50.00 0.33 5.66
2025-06-18,AVAADA SOLAR Karnataka Private IPP Solar 150.00 0.88 15.28
2025-06-18,AVAADA SOLARISE Karnataka Private IPP Solar 150.00 0.89 15.25
2025-06-18,AZURE POWER EARTH Karnataka Private IPP Solar 100.00 0.50 8.48
2025-06-18,FORTUM FIN SURYA Karnataka Private IPP Solar 100.00 0.57 9.23
2025-06-18,FORTUM SOLAR Karnataka Private IPP Solar 250.00 1.45 25.33
2025-06-18,KREDL Karnataka Private IPP Solar 50.00 0.30 5.15
2025-06-18,PARAMPUJYA Karnataka Private IPP Solar 150.00 0.86 14.08
2025-06-18,RENEW TN2 Karnataka Private IPP Solar 50.00 0.32 5.54
2025-06-18,SBG ENERGY Karnataka Private IPP Solar 200.00 1.24 20.42
2025-06-18,TATA RENEWABLES Karnataka Private IPP Solar 400.00 1.92 36.11
2025-06-18,YARROW Karnataka Private IPP Solar 50.00 0.33 5.57
2025-06-18,कनजाटक / Karnataka 58.22 29.88 12.37 100.47 685.02 486.34 168.68 1340.04
2025-06-19,कनजाटक / Karnataka 77.86 44.61 13.33 135.80 881.07 782.41 182.01 1845.49
2025-06-19,KOPPAL_AYANASIX_W Karnataka Private IPP Wind 50.00 6.25 65.01
2025-06-19,KOPPAL_RENEWROSHNI_W Karnataka Private IPP Wind 73.00 6.15 62.59
2025-06-19,Koppal Renewojas Karnataka Private IPP Wind 277.00 0.00 2.99
2025-06-19,KOPPAL SRI1PL Karnataka Private IPP Solar 120.00 1.05 20.84
2025-06-19,IRCON SOLAR Karnataka Private IPP Solar 50.00 0.96 21.65
2025-06-19,GADAG_VENA_W Karnataka Private IPP Wind 133.00 0.00 0.00
2025-06-19,GADAG_VENA_S Karnataka Private IPP Solar 31.00 0.00 0.00
2025-06-19,KOPPAL_RENEWOJAS_S Karnataka Private IPP Solar 81.00 0.43 6.18
2025-06-19,KOPPAL_KLEIO_S Karnataka Private IPP Solar 105.00 0.41 7.30
2025-06-19,All ADYAH Karnataka Private IPP Solar 300.00 1.32 27.86
2025-06-19,AMPLUS PAVAGADA Karnataka Private IPP Solar 50.00 0.38 6.08
2025-06-19,AMPLUS TUMKUR Karnataka Private IPP Solar 50.00 0.38 6.04
2025-06-19,AVAADA SOLAR Karnataka Private IPP Solar 150.00 1.02 16.30
2025-06-19,AVAADA SOLARISE Karnataka Private IPP Solar 150.00 1.04 16.29
2025-06-19,AZURE POWER EARTH Karnataka Private IPP Solar 100.00 0.58 9.06
2025-06-19,FORTUM FIN SURYA Karnataka Private IPP Solar 100.00 0.65 9.88
2025-06-19,FORTUM SOLAR Karnataka Private IPP Solar 250.00 1.55 26.88
2025-06-19,KREDL Karnataka Private IPP Solar 50.00 0.35 5.50
2025-06-19,PARAMPUJYA Karnataka Private IPP Solar 150.00 0.97 15.05
2025-06-19,RENEW TN2 Karnataka Private IPP Solar 50.00 0.36 5.90
2025-06-19,SBG ENERGY Karnataka Private IPP Solar 200.00 1.43 21.85
2025-06-19,TATA RENEWABLES Karnataka Private IPP Solar 400.00 2.11 38.22
2025-06-19,YARROW Karnataka Private IPP Solar 50.00 0.38 5.95
2025-06-19,कनजाटक / Karnataka 65.46 29.24 13.33 108.03 750.48 515.58 182.01 1448.07
2025-06-20,कनजाटक / Karnataka 70.14 43.32 12.59 126.05 951.21 825.73 194.60 1971.54
2025-06-20,KOPPAL_AYANASIX_W Karnataka Private IPP Wind 50.00 5.40 70.41
2025-06-20,KOPPAL_RENEWROSHNI_W Karnataka Private IPP Wind 73.00 5.67 68.26
2025-06-20,Koppal Renewojas Karnataka Private IPP Wind 277.00 0.00 2.99
2025-06-20,KOPPAL SRI1PL Karnataka Private IPP Solar 120.00 1.15 21.99
2025-06-20,IRCON SOLAR Karnataka Private IPP Solar 50.00 1.13 22.78
2025-06-20,GADAG_VENA_W Karnataka Private IPP Wind 133.00 0.00 0.00
2025-06-20,GADAG_VENA_S Karnataka Private IPP Solar 31.00 0.00 0.00
2025-06-20,KOPPAL_RENEWOJAS_S Karnataka Private IPP Solar 81.00 0.39 6.57
2025-06-20,KOPPAL_KLEIO_S Karnataka Private IPP Solar 105.00 0.46 7.76
2025-06-20,All ADYAH Karnataka Private IPP Solar 300.00 1.37 29.23
2025-06-20,AMPLUS PAVAGADA Karnataka Private IPP Solar 50.00 0.35 6.43
2025-06-20,AMPLUS TUMKUR Karnataka Private IPP Solar 50.00 0.35 6.39
2025-06-20,AVAADA SOLAR Karnataka Private IPP Solar 150.00 0.91 17.21
2025-06-20,AVAADA SOLARISE Karnataka Private IPP Solar 150.00 0.89 17.18
2025-06-20,AZURE POWER EARTH Karnataka Private IPP Solar 100.00 0.49 9.55
2025-06-20,FORTUM FIN SURYA Karnataka Private IPP Solar 100.00 0.55 10.43
2025-06-20,FORTUM SOLAR Karnataka Private IPP Solar 250.00 1.50 28.38
2025-06-20,KREDL Karnataka Private IPP Solar 50.00 0.30 5.80
2025-06-20,PARAMPUJYA Karnataka Private IPP Solar 150.00 0.86 15.91
2025-06-20,RENEW TN2 Karnataka Private IPP Solar 50.00 0.34 6.24
2025-06-20,SBG ENERGY Karnataka Private IPP Solar 200.00 1.17 23.02
2025-06-20,TATA RENEWABLES Karnataka Private IPP Solar 400.00 2.02 40.24
2025-06-20,YARROW Karnataka Private IPP Solar 50.00 0.34 6.29
2025-06-20,कनजाटक / Karnataka 59.07 28.75 12.59 100.41 809.55 544.33 194.60 1548.48
2025-06-21,कनजाटक / Karnataka 68.87 48.21 14.29 131.37 1020.08 873.94 208.89 2102.91
2025-06-21,KOPPAL_AYANASIX_W Karnataka Private IPP Wind 50.00 5.50 75.91
2025-06-21,KOPPAL_RENEWROSHNI_W Karnataka Private IPP Wind 73.00 5.68 73.94
2025-06-21,Koppal Renewojas Karnataka Private IPP Wind 277.00 0.00 2.99
2025-06-21,KOPPAL SRI1PL Karnataka Private IPP Solar 120.00 1.12 23.11
2025-06-21,IRCON SOLAR Karnataka Private IPP Solar 50.00 1.29 24.07
2025-06-21,GADAG_VENA_W Karnataka Private IPP Wind 133.00 0.00 0.00
2025-06-21,GADAG_VENA_S Karnataka Private IPP Solar 31.00 0.00 0.00
2025-06-21,KOPPAL_RENEWOJAS_S Karnataka Private IPP Solar 81.00 0.39 6.96
2025-06-21,KOPPAL_KLEIO_S Karnataka Private IPP Solar 105.00 0.52 8.28
2025-06-21,All ADYAH Karnataka Private IPP Solar 300.00 1.58 30.81
2025-06-21,AMPLUS PAVAGADA Karnataka Private IPP Solar 50.00 0.39 6.82
2025-06-21,AMPLUS TUMKUR Karnataka Private IPP Solar 50.00 0.40 6.79
2025-06-21,AVAADA SOLAR Karnataka Private IPP Solar 150.00 1.02 18.23
2025-06-21,AVAADA SOLARISE Karnataka Private IPP Solar 150.00 1.03 18.21
2025-06-21,AZURE POWER EARTH Karnataka Private IPP Solar 100.00 0.58 10.13
2025-06-21,FORTUM FIN SURYA Karnataka Private IPP Solar 100.00 0.68 11.11
2025-06-21,FORTUM SOLAR Karnataka Private IPP Solar 250.00 1.78 30.16
2025-06-21,KREDL Karnataka Private IPP Solar 50.00 0.35 6.15
2025-06-21,PARAMPUJYA Karnataka Private IPP Solar 150.00 1.01 16.92
2025-06-21,RENEW TN2 Karnataka Private IPP Solar 50.00 0.41 6.65
2025-06-21,SBG ENERGY Karnataka Private IPP Solar 200.00 1.32 24.34
2025-06-21,TATA RENEWABLES Karnataka Private IPP Solar 400.00 2.61 42.85
2025-06-21,YARROW Karnataka Private IPP Solar 50.00 0.40 6.69
2025-06-21,कनजाटक / Karnataka 57.69 31.33 14.29 103.31 867.24 575.66 208.89 1651.79
2025-06-22,कनजाटक / Karnataka 63.64 38.76 12.81 115.21 1083.72 912.70 221.70 2218.12
2025-06-22,KOPPAL_AYANASIX_W Karnataka Private IPP Wind 50.00 3.49 79.40
2025-06-22,KOPPAL_RENEWROSHNI_W Karnataka Private IPP Wind 73.00 5.84 79.78
2025-06-22,Koppal Renewojas Karnataka Private IPP Wind 277.00 0.00 2.99
2025-06-22,KOPPAL SRI1PL Karnataka Private IPP Solar 120.00 1.09 24.20
2025-06-22,IRCON SOLAR Karnataka Private IPP Solar 50.00 0.96 25.03
2025-06-22,GADAG_VENA_W Karnataka Private IPP Wind 133.00 0.00 0.00
2025-06-22,GADAG_VENA_S Karnataka Private IPP Solar 31.00 0.00 0.00
2025-06-22,KOPPAL_RENEWOJAS_S Karnataka Private IPP Solar 81.00 0.44 7.40
2025-06-22,KOPPAL_KLEIO_S Karnataka Private IPP Solar 105.00 0.47 8.75
2025-06-22,All ADYAH Karnataka Private IPP Solar 300.00 1.06 31.87
2025-06-22,AMPLUS PAVAGADA Karnataka Private IPP Solar 50.00 0.30 7.12
2025-06-22,AMPLUS TUMKUR Karnataka Private IPP Solar 50.00 0.30 7.09
2025-06-22,AVAADA SOLAR Karnataka Private IPP Solar 150.00 0.81 19.04
2025-06-22,AVAADA SOLARISE Karnataka Private IPP Solar 150.00 0.79 19.00
2025-06-22,AZURE POWER EARTH Karnataka Private IPP Solar 100.00 0.43 10.56
2025-06-22,FORTUM FIN SURYA Karnataka Private IPP Solar 100.00 0.48 11.59
2025-06-22,FORTUM SOLAR Karnataka Private IPP Solar 250.00 1.12 31.28
2025-06-22,KREDL Karnataka Private IPP Solar 50.00 0.27 6.42
2025-06-22,PARAMPUJYA Karnataka Private IPP Solar 150.00 0.73 17.65
2025-06-22,RENEW TN2 Karnataka Private IPP Solar 50.00 0.27 6.92
2025-06-22,SBG ENERGY Karnataka Private IPP Solar 200.00 1.04 25.38
2025-06-22,TATA RENEWABLES Karnataka Private IPP Solar 400.00 1.40 44.25
2025-06-22,YARROW Karnataka Private IPP Solar 50.00 0.29 6.98
2025-06-22,कनजाटक / Karnataka 54.31 26.51 12.81 93.63 921.55 602.17 221.70 1745.42
2025-06-23,कनजाटक / Karnataka 51.82 41.92 7.73 101.47 493.76 1070.01 151.18 1714.95
2025-06-23,KOPPAL_AYANASIX_W Karnataka Private IPP Wind 50.00 4.61 13.27
2025-06-23,KOPPAL_RENEWROSHNI_W Karnataka Private IPP Wind 73.00 1.52 36.87
2025-06-23,Koppal Renewojas Karnataka Private IPP Wind 277.00 0.37 0.37
2025-06-23,KOPPAL SRI1PL Karnataka Private IPP Solar 120.00 0.85 29.28
2025-06-23,IRCON SOLAR Karnataka Private IPP Solar 50.00 1.48 32.15
2025-06-23,GADAG_VENA_W Karnataka Private IPP Wind 133.00 0.00 13.36
2025-06-23,GADAG_VENA_S Karnataka Private IPP Solar 31.00 0.00 3.04
2025-06-23,KOPPAL_RENEWOJAS_S Karnataka Private IPP Solar 81.00 0.00 10.34
2025-06-23,All ADYAH Karnataka Private IPP Solar 300.00 1.74 44.39
2025-06-23,AMPLUS PAVAGADA Karnataka Private IPP Solar 50.00 0.35 8.04
2025-06-23,AMPLUS TUMKUR Karnataka Private IPP Solar 50.00 0.35 8.01
2025-06-23,AVAADA SOLAR Karnataka Private IPP Solar 150.00 0.94 22.09
2025-06-23,AVAADA SOLARISE Karnataka Private IPP Solar 150.00 0.94 21.74
2025-06-23,AZURE POWER EARTH Karnataka Private IPP Solar 100.00 0.68 16.09
2025-06-23,FORTUM FIN SURYA Karnataka Private IPP Solar 100.00 0.60 13.61
2025-06-23,FORTUM SOLAR Karnataka Private IPP Solar 250.00 1.58 8.63
2025-06-23,KREDL Karnataka Private IPP Solar 50.00 0.32 18.48
2025-06-23,PARAMPUJYA Karnataka Private IPP Solar 150.00 0.89 7.45
2025-06-23,RENEW TN2 Karnataka Private IPP Solar 50.00 0.34 29.75
2025-06-23,SBG ENERGY Karnataka Private IPP Solar 200.00 1.30 37.43
2025-06-23,TATA RENEWABLES Karnataka Private IPP Solar 400.00 2.45 51.46
2025-06-23,YARROW Karnataka Private IPP Solar 50.00 0.35 7.01
2025-06-23,कनजाटक / Karnataka 45.32 26.76 7.73 79.81 429.89 701.02 151.18 1282.09
2025-06-24,कनजाटक / Karnataka 55.47 36.00 9.27 100.74 549.23 1106.01 160.45 1815.69
2025-06-24,KOPPAL_AYANASIX_W Karnataka Private IPP Wind 50.00 4.32 17.59
2025-06-24,KOPPAL_RENEWROSHNI_W Karnataka Private IPP Wind 73.00 -0.39 36.48
2025-06-24,Koppal Renewojas Karnataka Private IPP Wind 277.00 0.27 0.64
2025-06-24,KOPPAL SRI1PL Karnataka Private IPP Solar 120.00 0.63 29.91
2025-06-24,IRCON SOLAR Karnataka Private IPP Solar 50.00 1.10 33.25
2025-06-24,GADAG_VENA_W Karnataka Private IPP Wind 133.00 0.00 13.36
2025-06-24,GADAG_VENA_S Karnataka Private IPP Solar 31.00 0.00 3.04
2025-06-24,KOPPAL_RENEWOJAS_S Karnataka Private IPP Solar 81.00 0.00 10.34
2025-06-24,All ADYAH Karnataka Private IPP Solar 300.00 1.52 45.91
2025-06-24,AMPLUS PAVAGADA Karnataka Private IPP Solar 50.00 0.31 8.35
2025-06-24,AMPLUS TUMKUR Karnataka Private IPP Solar 50.00 0.30 8.31
2025-06-24,AVAADA SOLAR Karnataka Private IPP Solar 150.00 0.83 22.92
2025-06-24,AVAADA SOLARISE Karnataka Private IPP Solar 150.00 0.83 22.57
2025-06-24,AZURE POWER EARTH Karnataka Private IPP Solar 100.00 0.44 16.53
2025-06-24,FORTUM FIN SURYA Karnataka Private IPP Solar 100.00 0.53 14.14
2025-06-24,FORTUM SOLAR Karnataka Private IPP Solar 250.00 1.37 10.00
2025-06-24,KREDL Karnataka Private IPP Solar 50.00 0.28 18.76
2025-06-24,PARAMPUJYA Karnataka Private IPP Solar 150.00 0.77 8.22
2025-06-24,RENEW TN2 Karnataka Private IPP Solar 50.00 0.27 30.02
2025-06-24,SBG ENERGY Karnataka Private IPP Solar 200.00 1.15 38.58
2025-06-24,TATA RENEWABLES Karnataka Private IPP Solar 400.00 2.10 53.56
2025-06-24,YARROW Karnataka Private IPP Solar 50.00 0.30 7.31
2025-06-24,कनजाटक / Karnataka 51.27 23.27 9.27 83.81 481.16 724.29 160.45 1365.90
2025-06-25,कनजाटक / Karnataka 80.17 29.29 12.61 122.07 1321.03 1011.15 260.54 2592.72
2025-06-25,KOPPAL_AYANASIX_W Karnataka Private IPP Wind 50.00 3.87 86.36
2025-06-25,KOPPAL_RENEWROSHNI_W Karnataka Private IPP Wind 73.00 6.18 98.55
2025-06-25,Koppal Renewojas Karnataka Private IPP Wind 277.00 0.00 2.99
2025-06-25,KOPPAL SRI1PL Karnataka Private IPP Solar 120.00 0.72 26.68
2025-06-25,IRCON SOLAR Karnataka Private IPP Solar 50.00 0.60 27.36
2025-06-25,GADAG_VENA_W Karnataka Private IPP Wind 133.00 0.00 0.00
2025-06-25,GADAG_VENA_S Karnataka Private IPP Solar 31.00 0.00 0.00
2025-06-25,KOPPAL_RENEWOJAS_S Karnataka Private IPP Solar 81.00 0.29 8.35
2025-06-25,KOPPAL_KLEIO_S Karnataka Private IPP Solar 105.00 0.38 9.86
2025-06-25,All ADYAH Karnataka Private IPP Solar 300.00 0.95 35.34
2025-06-25,AMPLUS PAVAGADA Karnataka Private IPP Solar 50.00 0.18 7.82
2025-06-25,AMPLUS TUMKUR Karnataka Private IPP Solar 50.00 0.18 7.78
2025-06-25,AVAADA SOLAR Karnataka Private IPP Solar 150.00 0.50 20.96
2025-06-25,AVAADA SOLARISE Karnataka Private IPP Solar 150.00 0.47 20.85
2025-06-25,AZURE POWER EARTH Karnataka Private IPP Solar 100.00 0.28 11.63
2025-06-25,FORTUM FIN SURYA Karnataka Private IPP Solar 100.00 0.30 12.71
2025-06-25,FORTUM SOLAR Karnataka Private IPP Solar 250.00 0.82 34.46
2025-06-25,KREDL Karnataka Private IPP Solar 50.00 0.17 7.06
2025-06-25,PARAMPUJYA Karnataka Private IPP Solar 150.00 0.43 19.32
2025-06-25,RENEW TN2 Karnataka Private IPP Solar 50.00 0.15 7.51
2025-06-25,SBG ENERGY Karnataka Private IPP Solar 200.00 0.66 27.94
2025-06-25,TATA RENEWABLES Karnataka Private IPP Solar 400.00 1.20 48.93
2025-06-25,YARROW Karnataka Private IPP Solar 50.00 0.18 7.64
2025-06-25,कनजाटक / Karnataka 70.12 20.83 12.61 103.56 1133.13 668.95 260.54 2062.62
2025-06-26,कनजाटक / Karnataka 70.90 34.34 12.51 117.75 1391.93 1045.49 273.05 2710.47
2025-06-26,KOPPAL_AYANASIX_W Karnataka Private IPP Wind 50.00 1.09 87.45
2025-06-26,KOPPAL_RENEWROSHNI_W Karnataka Private IPP Wind 73.00 5.57 104.12
2025-06-26,Koppal Renewojas Karnataka Private IPP Wind 277.00 0.00 2.99
2025-06-26,KOPPAL SRI1PL Karnataka Private IPP Solar 120.00 0.84 27.52
2025-06-26,IRCON SOLAR Karnataka Private IPP Solar 50.00 1.01 28.37
2025-06-26,GADAG_VENA_W Karnataka Private IPP Wind 133.00 0.00 0.00
2025-06-26,GADAG_VENA_S Karnataka Private IPP Solar 31.00 0.00 0.00
2025-06-26,KOPPAL_RENEWOJAS_S Karnataka Private IPP Solar 81.00 0.35 8.70
2025-06-26,KOPPAL_KLEIO_S Karnataka Private IPP Solar 105.00 0.00 9.86
2025-06-26,All ADYAH Karnataka Private IPP Solar 300.00 1.39 36.73
2025-06-26,AMPLUS PAVAGADA Karnataka Private IPP Solar 50.00 0.28 8.10
2025-06-26,AMPLUS TUMKUR Karnataka Private IPP Solar 50.00 0.28 8.06
2025-06-26,AVAADA SOLAR Karnataka Private IPP Solar 150.00 0.78 21.74
2025-06-26,AVAADA SOLARISE Karnataka Private IPP Solar 150.00 0.76 21.61
2025-06-26,AZURE POWER EARTH Karnataka Private IPP Solar 100.00 0.42 12.05
2025-06-26,FORTUM FIN SURYA Karnataka Private IPP Solar 100.00 0.44 13.15
2025-06-26,FORTUM SOLAR Karnataka Private IPP Solar 250.00 1.29 35.75
2025-06-26,KREDL Karnataka Private IPP Solar 50.00 0.26 7.32
2025-06-26,PARAMPUJYA Karnataka Private IPP Solar 150.00 0.65 19.97
2025-06-26,RENEW TN2 Karnataka Private IPP Solar 50.00 0.23 7.74
2025-06-26,SBG ENERGY Karnataka Private IPP Solar 200.00 1.00 28.94
2025-06-26,TATA RENEWABLES Karnataka Private IPP Solar 400.00 1.87 50.80
2025-06-26,YARROW Karnataka Private IPP Solar 50.00 0.27 7.91
2025-06-26,कनजाटक / Karnataka 64.24 22.22 12.51 98.97 1197.37 691.17 273.05 2161.59
2025-06-27,कनजाटक / Karnataka 71.37 41.25 14.55 127.17 1463.30 1086.74 287.60 2837.64
2025-06-27,KOPPAL_AYANASIX_W Karnataka Private IPP Wind 50.00 5.20 92.65
2025-06-27,KOPPAL_RENEWROSHNI_W Karnataka Private IPP Wind 73.00 5.49 109.61
2025-06-27,Koppal Renewojas Karnataka Private IPP Wind 277.00 0.00 2.99
2025-06-27,KOPPAL SRI1PL Karnataka Private IPP Solar 120.00 0.96 28.48
2025-06-27,IRCON SOLAR Karnataka Private IPP Solar 50.00 1.16 29.53
2025-06-27,GADAG_VENA_W Karnataka Private IPP Wind 133.00 0.00 0.00
2025-06-27,GADAG_VENA_S Karnataka Private IPP Solar 31.00 0.00 0.00
2025-06-27,KOPPAL_RENEWOJAS_S Karnataka Private IPP Solar 81.00 0.39 9.09
2025-06-27,KOPPAL_KLEIO_S Karnataka Private IPP Solar 105.00 0.00 9.86
2025-06-27,All ADYAH Karnataka Private IPP Solar 300.00 1.67 38.40
2025-06-27,AMPLUS PAVAGADA Karnataka Private IPP Solar 50.00 0.31 8.41
2025-06-27,AMPLUS TUMKUR Karnataka Private IPP Solar 50.00 0.31 8.37
2025-06-27,AVAADA SOLAR Karnataka Private IPP Solar 150.00 0.85 22.59
2025-06-27,AVAADA SOLARISE Karnataka Private IPP Solar 150.00 0.83 22.44
2025-06-27,AZURE POWER EARTH Karnataka Private IPP Solar 100.00 0.47 12.52
2025-06-27,FORTUM FIN SURYA Karnataka Private IPP Solar 100.00 0.48 13.63
2025-06-27,FORTUM SOLAR Karnataka Private IPP Solar 250.00 1.43 37.18
2025-06-27,KREDL Karnataka Private IPP Solar 50.00 0.28 7.60
2025-06-27,PARAMPUJYA Karnataka Private IPP Solar 150.00 0.74 20.71
2025-06-27,RENEW TN2 Karnataka Private IPP Solar 50.00 0.29 8.03
2025-06-27,SBG ENERGY Karnataka Private IPP Solar 200.00 1.12 30.06
2025-06-27,TATA RENEWABLES Karnataka Private IPP Solar 400.00 2.09 52.89
2025-06-27,YARROW Karnataka Private IPP Solar 50.00 0.29 8.20
2025-06-27,कनजाटक / Karnataka 60.68 27.58 14.55 102.81 1258.05 718.75 287.60 2264.40
2025-06-28,कनजाटक / Karnataka 68.23 45.33 12.94 126.50 1531.53 1132.07 300.54 2964.14
2025-06-28,KOPPAL_AYANASIX_W Karnataka Private IPP Wind 50.00 5.34 97.99
2025-06-28,KOPPAL_RENEWROSHNI_W Karnataka Private IPP Wind 73.00 5.48 115.09
2025-06-28,Koppal Renewojas Karnataka Private IPP Wind 277.00 0.00 2.99
2025-06-28,KOPPAL SRI1PL Karnataka Private IPP Solar 120.00 1.25 29.73
2025-06-28,IRCON SOLAR Karnataka Private IPP Solar 50.00 1.51 31.04
2025-06-28,GADAG_VENA_W Karnataka Private IPP Wind 133.00 0.00 0.00
2025-06-28,GADAG_VENA_S Karnataka Private IPP Solar 31.00 0.00 0.00
2025-06-28,KOPPAL_RENEWOJAS_S Karnataka Private IPP Solar 81.00 0.46 9.55
2025-06-28,KOPPAL_KLEIO_S Karnataka Private IPP Solar 105.00 0.50 10.36
2025-06-28,All ADYAH Karnataka Private IPP Solar 300.00 1.77 40.17
2025-06-28,AMPLUS PAVAGADA Karnataka Private IPP Solar 50.00 0.36 8.77
2025-06-28,AMPLUS TUMKUR Karnataka Private IPP Solar 50.00 0.35 8.72
2025-06-28,AVAADA SOLAR Karnataka Private IPP Solar 150.00 0.91 23.50
2025-06-28,AVAADA SOLARISE Karnataka Private IPP Solar 150.00 0.94 23.38
2025-06-28,AZURE POWER EARTH Karnataka Private IPP Solar 100.00 0.52 13.04
2025-06-28,FORTUM FIN SURYA Karnataka Private IPP Solar 100.00 0.55 14.18
2025-06-28,FORTUM SOLAR Karnataka Private IPP Solar 250.00 1.60 38.78
2025-06-28,KREDL Karnataka Private IPP Solar 50.00 0.32 7.92
2025-06-28,PARAMPUJYA Karnataka Private IPP Solar 150.00 0.84 21.55
2025-06-28,RENEW TN2 Karnataka Private IPP Solar 50.00 0.35 8.38
2025-06-28,SBG ENERGY Karnataka Private IPP Solar 200.00 1.16 31.22
2025-06-28,TATA RENEWABLES Karnataka Private IPP Solar 400.00 2.37 55.26
2025-06-28,YARROW Karnataka Private IPP Solar 50.00 0.34 8.54
2025-06-28,कनजाटक / Karnataka 57.41 29.23 12.94 99.58 1315.46 747.98 300.54 2363.98
2025-06-29,कनजाटक / Karnataka 73.33 41.69 14.09 129.11 1604.86 1173.76 314.63 3093.25
2025-06-29,KOPPAL_AYANASIX_W Karnataka Private IPP Wind 50.00 5.57 103.56
2025-06-29,KOPPAL_RENEWROSHNI_W Karnataka Private IPP Wind 73.00 5.64 120.73
2025-06-29,Koppal Renewojas Karnataka Private IPP Wind 277.00 0.00 2.99
2025-06-29,KOPPAL SRI1PL Karnataka Private IPP Solar 120.00 1.01 30.74
2025-06-29,IRCON SOLAR Karnataka Private IPP Solar 50.00 1.44 32.48
2025-06-29,GADAG_VENA_W Karnataka Private IPP Wind 133.00 0.88 0.88
2025-06-29,GADAG_VENA_S Karnataka Private IPP Solar 31.00 0.00 0.00
2025-06-29,KOPPAL_RENEWOJAS_S Karnataka Private IPP Solar 81.00 0.37 9.92
2025-06-29,KOPPAL_KLEIO_S Karnataka Private IPP Solar 105.00 0.50 10.86
2025-06-29,All ADYAH Karnataka Private IPP Solar 300.00 1.54 41.71
2025-06-29,AMPLUS PAVAGADA Karnataka Private IPP Solar 50.00 0.33 9.10
2025-06-29,AMPLUS TUMKUR Karnataka Private IPP Solar 50.00 0.33 9.05
2025-06-29,AVAADA SOLAR Karnataka Private IPP Solar 150.00 0.91 24.41
2025-06-29,AVAADA SOLARISE Karnataka Private IPP Solar 150.00 0.87 24.25
2025-06-29,AZURE POWER EARTH Karnataka Private IPP Solar 100.00 0.51 13.55
2025-06-29,FORTUM FIN SURYA Karnataka Private IPP Solar 100.00 0.54 14.72
2025-06-29,FORTUM SOLAR Karnataka Private IPP Solar 250.00 1.42 40.20
2025-06-29,KREDL Karnataka Private IPP Solar 50.00 0.30 8.22
2025-06-29,PARAMPUJYA Karnataka Private IPP Solar 150.00 0.83 22.38
2025-06-29,RENEW TN2 Karnataka Private IPP Solar 50.00 0.32 8.70
2025-06-29,SBG ENERGY Karnataka Private IPP Solar 200.00 1.19 32.41
2025-06-29,TATA RENEWABLES Karnataka Private IPP Solar 400.00 1.85 57.11
2025-06-29,YARROW Karnataka Private IPP Solar 50.00 0.33 8.87
2025-06-29,कनजाटक / Karnataka 61.24 27.10 14.09 102.43 1376.70 775.08 314.63 2466.41
2025-07-01,कनजाटक / Karnataka 71.00 30.82 13.39 115.21 71.00 30.82 13.39 115.21
2025-07-01,KOPPAL_AYANASIX_W Karnataka Private IPP Wind 50.00 4.96 4.96
2025-07-01,KOPPAL_RENEWROSHNI_W Karnataka Private IPP Wind 73.00 5.36 5.36
2025-07-01,Koppal Renewojas Karnataka Private IPP Wind 277.00 0.00 0.00
2025-07-01,KOPPAL SRI1PL Karnataka Private IPP Solar 120.00 0.97 0.97
2025-07-01,IRCON SOLAR Karnataka Private IPP Solar 50.00 0.72 0.72
2025-07-01,GADAG_VENA_W Karnataka Private IPP Wind 133.00 2.53 2.53
2025-07-01,GADAG_VENA_S Karnataka Private IPP Solar 31.00 0.06 0.06
2025-07-01,KOPPAL_RENEWOJAS_S Karnataka Private IPP Solar 81.00 0.44 0.44
2025-07-01,KOPPAL_KLEIO_S Karnataka Private IPP Solar 105.00 0.43 0.43
2025-07-01,All ADYAH Karnataka Private IPP Solar 300.00 0.73 0.73
2025-07-01,AMPLUS PAVAGADA Karnataka Private IPP Solar 50.00 0.18 0.18
2025-07-01,AMPLUS TUMKUR Karnataka Private IPP Solar 50.00 0.17 0.17
2025-07-01,AVAADA SOLAR Karnataka Private IPP Solar 150.00 0.54 0.54
2025-07-01,AVAADA SOLARISE Karnataka Private IPP Solar 150.00 0.50 0.50
2025-07-01,AZURE POWER EARTH Karnataka Private IPP Solar 100.00 0.33 0.33
2025-07-01,FORTUM FIN SURYA Karnataka Private IPP Solar 100.00 0.31 0.31
2025-07-01,FORTUM SOLAR Karnataka Private IPP Solar 250.00 0.93 0.93
2025-07-01,KREDL Karnataka Private IPP Solar 50.00 0.19 0.19
2025-07-01,PARAMPUJYA Karnataka Private IPP Solar 150.00 0.46 0.46
2025-07-01,RENEW TN2 Karnataka Private IPP Solar 50.00 0.17 0.17
2025-07-01,SBG ENERGY Karnataka Private IPP Solar 200.00 0.69 0.69
2025-07-01,TATA RENEWABLES Karnataka Private IPP Solar 400.00 1.27 1.27
2025-07-01,YARROW Karnataka Private IPP Solar 50.00 0.19 0.19
2025-07-01,कनजाटक / Karnataka 58.15 21.54 13.39 93.08 58.15 21.54 13.39 93.08
2025-07-02,कनजाटक / Karnataka 71.67 28.48 13.08 113.23 142.67 59.30 26.47 228.44
2025-07-02,KOPPAL_AYANASIX_W Karnataka Private IPP Wind 50.00 5.31 10.27
2025-07-02,KOPPAL_RENEWROSHNI_W Karnataka Private IPP Wind 73.00 5.22 10.58
2025-07-02,Koppal Renewojas Karnataka Private IPP Wind 277.00 0.00 0.00
2025-07-02,KOPPAL SRI1PL Karnataka Private IPP Solar 120.00 0.99 1.96
2025-07-02,IRCON SOLAR Karnataka Private IPP Solar 50.00 0.56 1.28
2025-07-02,GADAG_VENA_W Karnataka Private IPP Wind 133.00 2.50 5.03
2025-07-02,GADAG_VENA_S Karnataka Private IPP Solar 31.00 0.13 0.19
2025-07-02,KOPPAL_RENEWOJAS_S Karnataka Private IPP Solar 81.00 0.29 0.73
2025-07-02,KOPPAL_KLEIO_S Karnataka Private IPP Solar 105.00 0.39 0.82
2025-07-02,All ADYAH Karnataka Private IPP Solar 300.00 0.84 1.57
2025-07-02,AMPLUS PAVAGADA Karnataka Private IPP Solar 50.00 0.16 0.34
2025-07-02,AMPLUS TUMKUR Karnataka Private IPP Solar 50.00 0.16 0.33
2025-07-02,AVAADA SOLAR Karnataka Private IPP Solar 150.00 0.41 0.95
2025-07-02,AVAADA SOLARISE Karnataka Private IPP Solar 150.00 0.43 0.93
2025-07-02,AZURE POWER EARTH Karnataka Private IPP Solar 100.00 0.24 0.57
2025-07-02,FORTUM FIN SURYA Karnataka Private IPP Solar 100.00 0.29 0.60
2025-07-02,FORTUM SOLAR Karnataka Private IPP Solar 250.00 0.69 1.62
2025-07-02,KREDL Karnataka Private IPP Solar 50.00 0.15 0.34
2025-07-02,PARAMPUJYA Karnataka Private IPP Solar 150.00 0.40 0.86
2025-07-02,RENEW TN2 Karnataka Private IPP Solar 50.00 0.14 0.31
2025-07-02,SBG ENERGY Karnataka Private IPP Solar 200.00 0.60 1.29
2025-07-02,TATA RENEWABLES Karnataka Private IPP Solar 400.00 1.06 2.33
2025-07-02,YARROW Karnataka Private IPP Solar 50.00 0.16 0.35
2025-07-02,कनजाटक / Karnataka 58.64 20.39 13.08 92.11 116.79 41.93 26.47 185.19
2025-07-03,कनजाटक / Karnataka 75.38 37.22 13.33 125.93 218.05 96.52 39.80 354.37
2025-07-03,KOPPAL_AYANASIX_W Karnataka Private IPP Wind 50.00 1.38 11.65
2025-07-03,KOPPAL_RENEWROSHNI_W Karnataka Private IPP Wind 73.00 5.78 16.36
2025-07-03,Koppal Renewojas Karnataka Private IPP Wind 277.00 0.00 0.00
2025-07-03,KOPPAL SRI1PL Karnataka Private IPP Solar 120.00 1.04 3.00
2025-07-03,IRCON SOLAR Karnataka Private IPP Solar 50.00 1.06 2.34
2025-07-03,GADAG_VENA_W Karnataka Private IPP Wind 133.00 2.89 7.92
2025-07-03,GADAG_VENA_S Karnataka Private IPP Solar 31.00 0.17 0.36
2025-07-03,KOPPAL_RENEWOJAS_S Karnataka Private IPP Solar 81.00 0.35 1.08
2025-07-03,KOPPAL_KLEIO_S Karnataka Private IPP Solar 105.00 0.44 1.26
2025-07-03,All ADYAH Karnataka Private IPP Solar 300.00 1.50 3.07
2025-07-03,AMPLUS PAVAGADA Karnataka Private IPP Solar 50.00 0.29 0.63
2025-07-03,AMPLUS TUMKUR Karnataka Private IPP Solar 50.00 0.29 0.62
2025-07-03,AVAADA SOLAR Karnataka Private IPP Solar 150.00 0.79 1.74
2025-07-03,AVAADA SOLARISE Karnataka Private IPP Solar 150.00 0.65 1.58
2025-07-03,AZURE POWER EARTH Karnataka Private IPP Solar 100.00 0.43 1.00
2025-07-03,FORTUM FIN SURYA Karnataka Private IPP Solar 100.00 0.45 1.05
2025-07-03,FORTUM SOLAR Karnataka Private IPP Solar 250.00 1.27 2.89
2025-07-03,KREDL Karnataka Private IPP Solar 50.00 0.25 0.59
2025-07-03,PARAMPUJYA Karnataka Private IPP Solar 150.00 0.69 1.55
2025-07-03,RENEW TN2 Karnataka Private IPP Solar 50.00 0.26 0.57
2025-07-03,SBG ENERGY Karnataka Private IPP Solar 200.00 0.93 2.22
2025-07-03,TATA RENEWABLES Karnataka Private IPP Solar 400.00 1.87 4.20
2025-07-03,YARROW Karnataka Private IPP Solar 50.00 0.29 0.64
2025-07-03,कनजाटक / Karnataka 65.33 24.20 13.33 102.86 182.12 66.13 39.80 288.05
2025-07-04,कनजाटक / Karnataka 75.14 37.18 13.17 125.49 293.19 133.70 52.97 479.86
2025-07-04,KOPPAL_AYANASIX_W Karnataka Private IPP Wind 50.00 2.12 13.77
2025-07-04,KOPPAL_RENEWROSHNI_W Karnataka Private IPP Wind 73.00 6.03 22.39
2025-07-04,Koppal Renewojas Karnataka Private IPP Wind 277.00 0.00 0.00
2025-07-04,KOPPAL SRI1PL Karnataka Private IPP Solar 120.00 0.94 3.94
2025-07-04,IRCON SOLAR Karnataka Private IPP Solar 50.00 1.14 3.48
2025-07-04,GADAG_VENA_W Karnataka Private IPP Wind 133.00 2.81 10.73
2025-07-04,GADAG_VENA_S Karnataka Private IPP Solar 31.00 0.14 0.50
2025-07-04,KOPPAL_RENEWOJAS_S Karnataka Private IPP Solar 81.00 0.36 1.44
2025-07-04,KOPPAL_KLEIO_S Karnataka Private IPP Solar 105.00 0.46 1.72
2025-07-04,All ADYAH Karnataka Private IPP Solar 300.00 1.45 4.52
2025-07-04,AMPLUS PAVAGADA Karnataka Private IPP Solar 50.00 0.28 0.91
2025-07-04,AMPLUS TUMKUR Karnataka Private IPP Solar 50.00 0.27 0.89
2025-07-04,AVAADA SOLAR Karnataka Private IPP Solar 150.00 0.73 2.47
2025-07-04,AVAADA SOLARISE Karnataka Private IPP Solar 150.00 0.69 2.27
2025-07-04,AZURE POWER EARTH Karnataka Private IPP Solar 100.00 0.40 1.40
2025-07-04,FORTUM FIN SURYA Karnataka Private IPP Solar 100.00 0.45 1.50
2025-07-04,FORTUM SOLAR Karnataka Private IPP Solar 250.00 1.22 4.11
2025-07-04,KREDL Karnataka Private IPP Solar 50.00 0.25 0.84
2025-07-04,PARAMPUJYA Karnataka Private IPP Solar 150.00 0.67 2.22
2025-07-04,RENEW TN2 Karnataka Private IPP Solar 50.00 0.25 0.82
2025-07-04,SBG ENERGY Karnataka Private IPP Solar 200.00 0.98 3.20
2025-07-04,TATA RENEWABLES Karnataka Private IPP Solar 400.00 1.82 6.02
2025-07-04,YARROW Karnataka Private IPP Solar 50.00 0.27 0.91
2025-07-04,कनजाटक / Karnataka 64.18 24.41 13.17 101.76 246.30 90.54 52.97 389.81
2025-07-05,कनजाटक / Karnataka 82.48 41.95 9.06 133.49 375.67 175.65 62.03 613.35
2025-07-05,KOPPAL_AYANASIX_W Karnataka Private IPP Wind 50.00 3.64 17.41
2025-07-05,KOPPAL_RENEWROSHNI_W Karnataka Private IPP Wind 73.00 6.16 28.55
2025-07-05,Koppal Renewojas Karnataka Private IPP Wind 277.00 0.00 0.00
2025-07-05,KOPPAL SRI1PL Karnataka Private IPP Solar 120.00 1.14 5.08
2025-07-05,IRCON SOLAR Karnataka Private IPP Solar 50.00 1.31 4.79
2025-07-05,GADAG_VENA_W Karnataka Private IPP Wind 133.00 2.97 13.70
2025-07-05,GADAG_VENA_S Karnataka Private IPP Solar 31.00 0.17 0.67
2025-07-05,KOPPAL_RENEWOJAS_S Karnataka Private IPP Solar 81.00 0.37 1.81
2025-07-05,KOPPAL_KLEIO_S Karnataka Private IPP Solar 105.00 0.52 2.24
2025-07-05,All ADYAH Karnataka Private IPP Solar 300.00 1.62 6.14
2025-07-05,AMPLUS PAVAGADA Karnataka Private IPP Solar 50.00 0.30 1.21
2025-07-05,AMPLUS TUMKUR Karnataka Private IPP Solar 50.00 0.30 1.19
2025-07-05,AVAADA SOLAR Karnataka Private IPP Solar 150.00 0.83 3.30
2025-07-05,AVAADA SOLARISE Karnataka Private IPP Solar 150.00 0.74 3.01
2025-07-05,AZURE POWER EARTH Karnataka Private IPP Solar 100.00 0.46 1.86
2025-07-05,FORTUM FIN SURYA Karnataka Private IPP Solar 100.00 0.48 1.98
2025-07-05,FORTUM SOLAR Karnataka Private IPP Solar 250.00 1.40 5.51
2025-07-05,KREDL Karnataka Private IPP Solar 50.00 0.27 1.11
2025-07-05,PARAMPUJYA Karnataka Private IPP Solar 150.00 0.72 2.94
2025-07-05,RENEW TN2 Karnataka Private IPP Solar 50.00 0.27 1.09
2025-07-05,SBG ENERGY Karnataka Private IPP Solar 200.00 1.06 4.26
2025-07-05,TATA RENEWABLES Karnataka Private IPP Solar 400.00 2.03 8.05
2025-07-05,YARROW Karnataka Private IPP Solar 50.00 0.29 1.20
2025-07-05,कनजाटक / Karnataka 69.71 27.67 9.06 106.44 316.01 118.21 62.03 496.25
2025-07-06,कनजाटक / Karnataka 80.11 38.69 16.04 134.84 455.78 214.34 78.07 748.19
2025-07-06,KOPPAL_AYANASIX_W Karnataka Private IPP Wind 50.00 0.95 18.36
2025-07-06,KOPPAL_RENEWROSHNI_W Karnataka Private IPP Wind 73.00 6.33 34.88
2025-07-06,Koppal Renewojas Karnataka Private IPP Wind 277.00 0.00 0.00
2025-07-06,KOPPAL SRI1PL Karnataka Private IPP Solar 120.00 0.77 5.85
2025-07-06,IRCON SOLAR Karnataka Private IPP Solar 50.00 1.09 5.88
2025-07-06,GADAG_VENA_W Karnataka Private IPP Wind 133.00 3.12 16.82
2025-07-06,GADAG_VENA_S Karnataka Private IPP Solar 31.00 0.13 0.80
2025-07-06,KOPPAL_RENEWOJAS_S Karnataka Private IPP Solar 81.00 0.31 2.12
2025-07-06,KOPPAL_KLEIO_S Karnataka Private IPP Solar 105.00 0.34 2.58
2025-07-06,All ADYAH Karnataka Private IPP Solar 300.00 1.19 7.33
2025-07-06,AMPLUS PAVAGADA Karnataka Private IPP Solar 50.00 0.24 1.45
2025-07-06,AMPLUS TUMKUR Karnataka Private IPP Solar 50.00 0.24 1.43
2025-07-06,AVAADA SOLAR Karnataka Private IPP Solar 150.00 0.68 3.98
2025-07-06,AVAADA SOLARISE Karnataka Private IPP Solar 150.00 0.62 3.63
2025-07-06,AZURE POWER EARTH Karnataka Private IPP Solar 100.00 0.37 2.23
2025-07-06,FORTUM FIN SURYA Karnataka Private IPP Solar 100.00 0.40 2.38
2025-07-06,FORTUM SOLAR Karnataka Private IPP Solar 250.00 1.05 6.56
2025-07-06,KREDL Karnataka Private IPP Solar 50.00 0.22 1.33
2025-07-06,PARAMPUJYA Karnataka Private IPP Solar 150.00 0.58 3.52
2025-07-06,RENEW TN2 Karnataka Private IPP Solar 50.00 0.21 1.30
2025-07-06,SBG ENERGY Karnataka Private IPP Solar 200.00 0.89 5.15
2025-07-06,TATA RENEWABLES Karnataka Private IPP Solar 400.00 1.46 9.51
2025-07-06,YARROW Karnataka Private IPP Solar 50.00 0.23 1.43
2025-07-06,कनजाटक / Karnataka 69.71 27.67 16.04 113.42 385.72 145.88 78.07 609.67
2025-07-07,कनजाटक / Karnataka 79.13 38.27 13.28 130.68 534.91 252.61 91.35 878.87
2025-07-07,KOPPAL_AYANASIX_W Karnataka Private IPP Wind 50.00 0.95 19.31
2025-07-07,KOPPAL_RENEWROSHNI_W Karnataka Private IPP Wind 73.00 6.45 41.33
2025-07-07,Koppal Renewojas Karnataka Private IPP Wind 277.00 0.00 0.00
2025-07-07,KOPPAL SRI1PL Karnataka Private IPP Solar 120.00 1.03 6.88
2025-07-07,IRCON SOLAR Karnataka Private IPP Solar 50.00 1.08 6.96
2025-07-07,GADAG_VENA_W Karnataka Private IPP Wind 133.00 3.03 19.85
2025-07-07,GADAG_VENA_S Karnataka Private IPP Solar 31.00 0.17 0.97
2025-07-07,KOPPAL_RENEWOJAS_S Karnataka Private IPP Solar 81.00 0.35 2.47
2025-07-07,KOPPAL_KLEIO_S Karnataka Private IPP Solar 105.00 0.43 3.01
2025-07-07,All ADYAH Karnataka Private IPP Solar 300.00 1.47 8.80
2025-07-07,AMPLUS PAVAGADA Karnataka Private IPP Solar 50.00 0.25 1.70
2025-07-07,AMPLUS TUMKUR Karnataka Private IPP Solar 50.00 0.25 1.68
2025-07-07,AVAADA SOLAR Karnataka Private IPP Solar 150.00 0.69 4.67
2025-07-07,AVAADA SOLARISE Karnataka Private IPP Solar 150.00 0.67 4.30
2025-07-07,AZURE POWER EARTH Karnataka Private IPP Solar 100.00 0.40 2.63
2025-07-07,FORTUM FIN SURYA Karnataka Private IPP Solar 100.00 0.42 2.80
2025-07-07,FORTUM SOLAR Karnataka Private IPP Solar 250.00 1.18 7.74
2025-07-07,KREDL Karnataka Private IPP Solar 50.00 0.23 1.56
2025-07-07,PARAMPUJYA Karnataka Private IPP Solar 150.00 0.62 4.14
2025-07-07,RENEW TN2 Karnataka Private IPP Solar 50.00 0.22 1.52
2025-07-07,SBG ENERGY Karnataka Private IPP Solar 200.00 1.00 6.15
2025-07-07,TATA RENEWABLES Karnataka Private IPP Solar 400.00 1.78 11.29
2025-07-07,YARROW Karnataka Private IPP Solar 50.00 0.25 1.68
2025-07-07,कनजाटक / Karnataka 68.70 25.78 13.28 107.76 454.42 171.66 91.35 717.43
2025-07-08,कनजाटक / Karnataka 75.86 40.28 13.05 129.19 610.77 292.89 104.40 1008.06
2025-07-08,KOPPAL_AYANASIX_W Karnataka Private IPP Wind 50.00 5.88 25.19
2025-07-08,KOPPAL_RENEWROSHNI_W Karnataka Private IPP Wind 73.00 6.04 47.37
2025-07-08,Koppal Renewojas Karnataka Private IPP Wind 277.00 0.00 0.00
2025-07-08,KOPPAL SRI1PL Karnataka Private IPP Solar 120.00 0.95 7.83
2025-07-08,IRCON SOLAR Karnataka Private IPP Solar 50.00 1.52 8.48
2025-07-08,GADAG_VENA_W Karnataka Private IPP Wind 133.00 2.75 22.60
2025-07-08,GADAG_VENA_S Karnataka Private IPP Solar 31.00 0.18 1.15
2025-07-08,KOPPAL_RENEWOJAS_S Karnataka Private IPP Solar 81.00 0.31 2.78
2025-07-08,KOPPAL_KLEIO_S Karnataka Private IPP Solar 105.00 0.35 3.36
2025-07-08,All ADYAH Karnataka Private IPP Solar 300.00 1.70 10.50
2025-07-08,AMPLUS PAVAGADA Karnataka Private IPP Solar 50.00 0.30 2.00
2025-07-08,AMPLUS TUMKUR Karnataka Private IPP Solar 50.00 0.31 1.99
2025-07-08,AVAADA SOLAR Karnataka Private IPP Solar 150.00 0.86 5.53
2025-07-08,AVAADA SOLARISE Karnataka Private IPP Solar 150.00 0.75 5.05
2025-07-08,AZURE POWER EARTH Karnataka Private IPP Solar 100.00 0.46 3.09
2025-07-08,FORTUM FIN SURYA Karnataka Private IPP Solar 100.00 0.51 3.31
2025-07-08,FORTUM SOLAR Karnataka Private IPP Solar 250.00 1.41 9.15
2025-07-08,KREDL Karnataka Private IPP Solar 50.00 0.28 1.84
2025-07-08,PARAMPUJYA Karnataka Private IPP Solar 150.00 0.77 4.91
2025-07-08,RENEW TN2 Karnataka Private IPP Solar 50.00 0.30 1.82
2025-07-08,SBG ENERGY Karnataka Private IPP Solar 200.00 1.07 7.22
2025-07-08,TATA RENEWABLES Karnataka Private IPP Solar 400.00 2.09 13.38
2025-07-08,YARROW Karnataka Private IPP Solar 50.00 0.30 1.98
2025-07-08,कनजाटक / Karnataka 61.19 25.86 13.05 100.10 515.61 197.52 104.40 817.53
2025-07-09,कनजाटक / Karnataka 68.26 40.70 12.72 121.68 679.03 333.59 117.12 1129.74
2025-07-09,KOPPAL_AYANASIX_W Karnataka Private IPP Wind 50.00 4.99 30.18
2025-07-09,KOPPAL_RENEWROSHNI_W Karnataka Private IPP Wind 73.00 5.59 52.96
2025-07-09,Koppal Renewojas Karnataka Private IPP Wind 277.00 0.00 0.00
2025-07-09,KOPPAL SRI1PL Karnataka Private IPP Solar 120.00 0.32 8.15
2025-07-09,IRCON SOLAR Karnataka Private IPP Solar 50.00 0.42 8.90
2025-07-09,GADAG_VENA_W Karnataka Private IPP Wind 133.00 2.53 25.13
2025-07-09,GADAG_VENA_S Karnataka Private IPP Solar 31.00 0.24 1.39
2025-07-09,KOPPAL_RENEWOJAS_S Karnataka Private IPP Solar 81.00 0.36 3.14
2025-07-09,KOPPAL_KLEIO_S Karnataka Private IPP Solar 105.00 0.99 4.35
2025-07-09,All ADYAH Karnataka Private IPP Solar 300.00 1.38 11.88
2025-07-09,AMPLUS PAVAGADA Karnataka Private IPP Solar 50.00 1.69 3.69
2025-07-09,AMPLUS TUMKUR Karnataka Private IPP Solar 50.00 0.25 2.24
2025-07-09,AVAADA SOLAR Karnataka Private IPP Solar 150.00 0.24 5.77
2025-07-09,AVAADA SOLARISE Karnataka Private IPP Solar 150.00 0.81 5.86
2025-07-09,AZURE POWER EARTH Karnataka Private IPP Solar 100.00 0.69 3.78
2025-07-09,FORTUM FIN SURYA Karnataka Private IPP Solar 100.00 0.43 3.74
2025-07-09,FORTUM SOLAR Karnataka Private IPP Solar 250.00 0.91 10.06
2025-07-09,KREDL Karnataka Private IPP Solar 50.00 1.33 3.17
2025-07-09,PARAMPUJYA Karnataka Private IPP Solar 150.00 0.26 5.17
2025-07-09,RENEW TN2 Karnataka Private IPP Solar 50.00 0.61 2.43
2025-07-09,SBG ENERGY Karnataka Private IPP Solar 200.00 0.23 7.45
2025-07-09,TATA RENEWABLES Karnataka Private IPP Solar 400.00 1.29 14.67
2025-07-09,YARROW Karnataka Private IPP Solar 50.00 1.79 3.77
2025-07-09,कनजाटक / Karnataka 55.15 26.46 12.72 94.33 570.76 223.98 117.12 911.86
2025-07-10,कनजाटक / Karnataka 50.77 45.60 13.75 110.12 729.80 379.19 130.87 1239.86
2025-07-10,KOPPAL_AYANASIX_W Karnataka Private IPP Wind 50.00 0.49 30.67
2025-07-10,KOPPAL_RENEWROSHNI_W Karnataka Private IPP Wind 73.00 4.42 57.38
2025-07-10,Koppal Renewojas Karnataka Private IPP Wind 277.00 0.00 0.00
2025-07-10,KOPPAL SRI1PL Karnataka Private IPP Solar 120.00 0.42 8.57
2025-07-10,IRCON SOLAR Karnataka Private IPP Solar 50.00 0.56 9.46
2025-07-10,GADAG_VENA_W Karnataka Private IPP Wind 133.00 2.32 27.45
2025-07-10,GADAG_VENA_S Karnataka Private IPP Solar 31.00 0.33 1.72
2025-07-10,KOPPAL_RENEWOJAS_S Karnataka Private IPP Solar 81.00 0.43 3.57
2025-07-10,KOPPAL_KLEIO_S Karnataka Private IPP Solar 105.00 0.92 5.27
2025-07-10,All ADYAH Karnataka Private IPP Solar 300.00 0.00 11.88
2025-07-10,AMPLUS PAVAGADA Karnataka Private IPP Solar 50.00 1.83 5.52
2025-07-10,AMPLUS TUMKUR Karnataka Private IPP Solar 50.00 0.32 2.56
2025-07-10,AVAADA SOLAR Karnataka Private IPP Solar 150.00 0.32 6.09
2025-07-10,AVAADA SOLARISE Karnataka Private IPP Solar 150.00 0.88 6.74
2025-07-10,AZURE POWER EARTH Karnataka Private IPP Solar 100.00 0.90 4.68
2025-07-10,FORTUM FIN SURYA Karnataka Private IPP Solar 100.00 0.49 4.23
2025-07-10,FORTUM SOLAR Karnataka Private IPP Solar 250.00 1.17 11.23
2025-07-10,KREDL Karnataka Private IPP Solar 50.00 1.62 4.79
2025-07-10,PARAMPUJYA Karnataka Private IPP Solar 150.00 0.30 5.47
2025-07-10,RENEW TN2 Karnataka Private IPP Solar 50.00 0.80 3.23
2025-07-10,SBG ENERGY Karnataka Private IPP Solar 200.00 0.31 7.76
2025-07-10,TATA RENEWABLES Karnataka Private IPP Solar 400.00 1.51 16.18
2025-07-10,YARROW Karnataka Private IPP Solar 50.00 2.24 6.01
2025-07-10,कनजाटक / Karnataka 43.54 30.25 13.75 87.54 614.30 254.23 130.87 999.40
2025-07-11,कनजाटक / Karnataka 42.46 45.83 12.54 100.83 772.26 425.02 143.41 1340.69
2025-07-11,KOPPAL_AYANASIX_W Karnataka Private IPP Wind 50.00 0.85 31.52
2025-07-11,KOPPAL_RENEWROSHNI_W Karnataka Private IPP Wind 73.00 3.74 61.12
2025-07-11,Koppal Renewojas Karnataka Private IPP Wind 277.00 0.00 0.00
2025-07-11,KOPPAL SRI1PL Karnataka Private IPP Solar 120.00 0.86 9.43
2025-07-11,IRCON SOLAR Karnataka Private IPP Solar 50.00 1.64 11.10
2025-07-11,GADAG_VENA_W Karnataka Private IPP Wind 133.00 1.94 29.39
2025-07-11,GADAG_VENA_S Karnataka Private IPP Solar 31.00 0.22 1.94
2025-07-11,KOPPAL_RENEWOJAS_S Karnataka Private IPP Solar 81.00 0.38 3.95
2025-07-11,KOPPAL_KLEIO_S Karnataka Private IPP Solar 105.00 0.46 5.73
2025-07-11,All ADYAH Karnataka Private IPP Solar 300.00 1.82 13.70
2025-07-11,AMPLUS PAVAGADA Karnataka Private IPP Solar 50.00 0.33 5.85
2025-07-11,AMPLUS TUMKUR Karnataka Private IPP Solar 50.00 0.33 2.89
2025-07-11,AVAADA SOLAR Karnataka Private IPP Solar 150.00 0.86 6.95
2025-07-11,AVAADA SOLARISE Karnataka Private IPP Solar 150.00 0.91 7.65
2025-07-11,AZURE POWER EARTH Karnataka Private IPP Solar 100.00 0.49 5.17
2025-07-11,FORTUM FIN SURYA Karnataka Private IPP Solar 100.00 0.55 4.78
2025-07-11,FORTUM SOLAR Karnataka Private IPP Solar 250.00 1.51 12.74
2025-07-11,KREDL Karnataka Private IPP Solar 50.00 0.30 5.09
2025-07-11,PARAMPUJYA Karnataka Private IPP Solar 150.00 0.82 6.29
2025-07-11,RENEW TN2 Karnataka Private IPP Solar 50.00 0.33 3.56
2025-07-11,SBG ENERGY Karnataka Private IPP Solar 200.00 1.18 8.94
2025-07-11,TATA RENEWABLES Karnataka Private IPP Solar 400.00 2.27 18.45
2025-07-11,YARROW Karnataka Private IPP Solar 50.00 0.33 6.34
2025-07-11,कनजाटक / Karnataka 35.93 30.24 12.54 78.71 650.23 284.47 143.41 1078.11
2025-07-12,कनजाटक / Karnataka 50.18 45.72 14.88 110.78 822.44 470.74 158.29 1451.47
2025-07-12,KOPPAL_AYANASIX_W Karnataka Private IPP Wind 50.00 0.32 31.84
2025-07-12,KOPPAL_RENEWROSHNI_W Karnataka Private IPP Wind 73.00 4.36 65.48
2025-07-12,Koppal Renewojas Karnataka Private IPP Wind 277.00 0.00 0.00
2025-07-12,KOPPAL SRI1PL Karnataka Private IPP Solar 120.00 0.69 10.12
2025-07-12,IRCON SOLAR Karnataka Private IPP Solar 50.00 1.88 12.98
2025-07-12,GADAG_VENA_W Karnataka Private IPP Wind 133.00 2.15 31.54
2025-07-12,GADAG_VENA_S Karnataka Private IPP Solar 31.00 0.20 2.14
2025-07-12,KOPPAL_RENEWOJAS_S Karnataka Private IPP Solar 81.00 0.46 4.41
2025-07-12,KOPPAL_KLEIO_S Karnataka Private IPP Solar 105.00 0.36 6.09
2025-07-12,All ADYAH Karnataka Private IPP Solar 300.00 1.85 15.55
2025-07-12,AMPLUS PAVAGADA Karnataka Private IPP Solar 50.00 0.35 6.20
2025-07-12,AMPLUS TUMKUR Karnataka Private IPP Solar 50.00 0.35 3.24
2025-07-12,AVAADA SOLAR Karnataka Private IPP Solar 150.00 0.95 7.90
2025-07-12,AVAADA SOLARISE Karnataka Private IPP Solar 150.00 0.94 8.59
2025-07-12,AZURE POWER EARTH Karnataka Private IPP Solar 100.00 0.50 5.67
2025-07-12,FORTUM FIN SURYA Karnataka Private IPP Solar 100.00 0.56 5.34
2025-07-12,FORTUM SOLAR Karnataka Private IPP Solar 250.00 1.52 14.26
2025-07-12,KREDL Karnataka Private IPP Solar 50.00 0.30 5.39
2025-07-12,PARAMPUJYA Karnataka Private IPP Solar 150.00 0.86 7.15
2025-07-12,RENEW TN2 Karnataka Private IPP Solar 50.00 0.35 3.91
2025-07-12,SBG ENERGY Karnataka Private IPP Solar 200.00 1.22 10.16
2025-07-12,TATA RENEWABLES Karnataka Private IPP Solar 400.00 2.33 20.78
2025-07-12,YARROW Karnataka Private IPP Solar 50.00 0.35 6.69
2025-07-12,कनजाटक / Karnataka 43.35 29.70 14.88 87.93 693.58 314.17 158.29 1166.04
2025-07-13,कनजाटक / Karnataka 57.95 43.62 14.93 116.50 880.39 514.36 173.22 1567.97
2025-07-13,KOPPAL_AYANASIX_W Karnataka Private IPP Wind 50.00 4.04 35.88
2025-07-13,KOPPAL_RENEWROSHNI_W Karnataka Private IPP Wind 73.00 5.10 70.58
2025-07-13,Koppal Renewojas Karnataka Private IPP Wind 277.00 0.00 0.00
2025-07-13,KOPPAL SRI1PL Karnataka Private IPP Solar 120.00 1.17 11.29
2025-07-13,IRCON SOLAR Karnataka Private IPP Solar 50.00 1.59 14.57
2025-07-13,GADAG_VENA_W Karnataka Private IPP Wind 133.00 2.40 33.94
2025-07-13,GADAG_VENA_S Karnataka Private IPP Solar 31.00 0.22 2.36
2025-07-13,KOPPAL_RENEWOJAS_S Karnataka Private IPP Solar 81.00 0.44 4.85
2025-07-13,KOPPAL_KLEIO_S Karnataka Private IPP Solar 105.00 0.45 6.54
2025-07-13,All ADYAH Karnataka Private IPP Solar 300.00 1.56 17.11
2025-07-13,AMPLUS PAVAGADA Karnataka Private IPP Solar 50.00 0.33 6.53
2025-07-13,AMPLUS TUMKUR Karnataka Private IPP Solar 50.00 0.33 3.57
2025-07-13,AVAADA SOLAR Karnataka Private IPP Solar 150.00 0.87 8.77
2025-07-13,AVAADA SOLARISE Karnataka Private IPP Solar 150.00 0.87 9.46
2025-07-13,AZURE POWER EARTH Karnataka Private IPP Solar 100.00 0.48 6.15
2025-07-13,FORTUM FIN SURYA Karnataka Private IPP Solar 100.00 0.54 5.88
2025-07-13,FORTUM SOLAR Karnataka Private IPP Solar 250.00 1.46 15.72
2025-07-13,KREDL Karnataka Private IPP Solar 50.00 0.29 5.68
2025-07-13,PARAMPUJYA Karnataka Private IPP Solar 150.00 0.79 7.94
2025-07-13,RENEW TN2 Karnataka Private IPP Solar 50.00 0.31 4.22
2025-07-13,SBG ENERGY Karnataka Private IPP Solar 200.00 1.12 11.28
2025-07-13,TATA RENEWABLES Karnataka Private IPP Solar 400.00 1.91 22.69
2025-07-13,YARROW Karnataka Private IPP Solar 50.00 0.32 7.01
2025-07-13,कनजाटक / Karnataka 46.41 28.57 14.93 89.91 739.99 342.74 173.22 1255.95
2025-07-14,कनजाटक / Karnataka 64.33 41.80 14.48 120.61 966.59 552.13 189.64 1708.36
2025-07-14,KOPPAL_AYANASIX_W Karnataka Private IPP Wind 50.00 0.45 35.93
2025-07-14,KOPPAL_RENEWROSHNI_W Karnataka Private IPP Wind 73.00 5.42 77.68
2025-07-14,Koppal Renewojas Karnataka Private IPP Wind 277.00 0.00 0.00
2025-07-14,KOPPAL SRI1PL Karnataka Private IPP Solar 120.00 1.09 12.61
2025-07-14,IRCON SOLAR Karnataka Private IPP Solar 50.00 1.07 15.07
2025-07-14,GADAG_VENA_W Karnataka Private IPP Wind 133.00 2.68 37.36
2025-07-14,GADAG_VENA_S Karnataka Private IPP Solar 31.00 0.21 2.56
2025-07-14,KOPPAL_RENEWOJAS_S Karnataka Private IPP Solar 81.00 0.35 5.17
2025-07-14,KOPPAL_KLEIO_S Karnataka Private IPP Solar 105.00 0.41 6.90
2025-07-14,All ADYAH Karnataka Private IPP Solar 300.00 1.39 18.07
2025-07-14,AMPLUS PAVAGADA Karnataka Private IPP Solar 50.00 0.24 6.68
2025-07-14,AMPLUS TUMKUR Karnataka Private IPP Solar 50.00 0.25 3.74
2025-07-14,AVAADA SOLAR Karnataka Private IPP Solar 150.00 0.64 9.19
2025-07-14,AVAADA SOLARISE Karnataka Private IPP Solar 150.00 0.67 9.89
2025-07-14,AZURE POWER EARTH Karnataka Private IPP Solar 100.00 0.37 6.40
2025-07-14,FORTUM FIN SURYA Karnataka Private IPP Solar 100.00 0.43 6.19
2025-07-14,FORTUM SOLAR Karnataka Private IPP Solar 250.00 1.00 16.21
2025-07-14,KREDL Karnataka Private IPP Solar 50.00 0.23 5.84
2025-07-14,PARAMPUJYA Karnataka Private IPP Solar 150.00 0.62 8.36
2025-07-14,RENEW TN2 Karnataka Private IPP Solar 50.00 0.21 4.31
2025-07-14,SBG ENERGY Karnataka Private IPP Solar 200.00 0.94 11.98
2025-07-14,TATA RENEWABLES Karnataka Private IPP Solar 400.00 1.73 23.88
2025-07-14,YARROW Karnataka Private IPP Solar 50.00 0.24 7.16
2025-07-14,कनजाटक / Karnataka 55.78 29.71 14.48 99.97 815.62 371.92 189.64 1377.18
2025-07-15,कनजाटक / Karnataka 63.64 39.78 13.45 116.87 1030.23 591.91 203.09 1825.23
2025-07-15,KOPPAL_AYANASIX_W Karnataka Private IPP Wind 50.00 3.53 39.46
2025-07-15,KOPPAL_RENEWROSHNI_W Karnataka Private IPP Wind 73.00 4.83 82.51
2025-07-15,Koppal Renewojas Karnataka Private IPP Wind 277.00 0.00 0.00
2025-07-15,KOPPAL SRI1PL Karnataka Private IPP Solar 120.00 1.03 13.64
2025-07-15,IRCON SOLAR Karnataka Private IPP Solar 50.00 1.24 16.31
2025-07-15,GADAG_VENA_W Karnataka Private IPP Wind 133.00 2.54 39.90
2025-07-15,GADAG_VENA_S Karnataka Private IPP Solar 31.00 0.17 2.73
2025-07-15,KOPPAL_RENEWOJAS_S Karnataka Private IPP Solar 81.00 0.37 5.54
2025-07-15,KOPPAL_KLEIO_S Karnataka Private IPP Solar 105.00 0.38 7.28
2025-07-15,All ADYAH Karnataka Private IPP Solar 300.00 1.66 19.73
2025-07-15,AMPLUS PAVAGADA Karnataka Private IPP Solar 50.00 0.30 6.98
2025-07-15,AMPLUS TUMKUR Karnataka Private IPP Solar 50.00 0.30 4.04
2025-07-15,AVAADA SOLAR Karnataka Private IPP Solar 150.00 0.77 9.96
2025-07-15,AVAADA SOLARISE Karnataka Private IPP Solar 150.00 0.78 10.67
2025-07-15,AZURE POWER EARTH Karnataka Private IPP Solar 100.00 0.43 6.83
2025-07-15,FORTUM FIN SURYA Karnataka Private IPP Solar 100.00 0.48 6.67
2025-07-15,FORTUM SOLAR Karnataka Private IPP Solar 250.00 1.20 17.41
2025-07-15,KREDL Karnataka Private IPP Solar 50.00 0.26 6.10
2025-07-15,PARAMPUJYA Karnataka Private IPP Solar 150.00 0.73 9.09
2025-07-15,RENEW TN2 Karnataka Private IPP Solar 50.00 0.28 4.59
2025-07-15,SBG ENERGY Karnataka Private IPP Solar 200.00 1.01 12.99
2025-07-15,TATA RENEWABLES Karnataka Private IPP Solar 400.00 1.96 25.84
2025-07-15,YARROW Karnataka Private IPP Solar 50.00 0.29 7.45
2025-07-15,कनजाटक / Karnataka 52.74 26.14 13.45 92.33 868.36 398.06 203.09 1469.51
2025-07-16,कनजाटक / Karnataka 32.35 36.93 14.39 83.67 1062.58 628.84 217.48 1908.90
2025-07-16,KOPPAL_AYANASIX_W Karnataka Private IPP Wind 50.00 1.83 41.29
2025-07-16,KOPPAL_RENEWROSHNI_W Karnataka Private IPP Wind 73.00 1.76 84.27
2025-07-16,Koppal Renewojas Karnataka Private IPP Wind 277.00 0.00 0.00
2025-07-16,KOPPAL SRI1PL Karnataka Private IPP Solar 120.00 0.62 14.26
2025-07-16,IRCON SOLAR Karnataka Private IPP Solar 50.00 1.20 17.51
2025-07-16,GADAG_VENA_W Karnataka Private IPP Wind 133.00 1.07 40.97
2025-07-16,GADAG_VENA_S Karnataka Private IPP Solar 31.00 0.16 2.89
2025-07-16,KOPPAL_RENEWOJAS_S Karnataka Private IPP Solar 81.00 0.29 5.83
2025-07-16,KOPPAL_KLEIO_S Karnataka Private IPP Solar 105.00 0.33 7.61
2025-07-16,All ADYAH Karnataka Private IPP Solar 300.00 1.48 21.21
2025-07-16,AMPLUS PAVAGADA Karnataka Private IPP Solar 50.00 0.29 7.27
2025-07-16,AMPLUS TUMKUR Karnataka Private IPP Solar 50.00 0.29 4.33
2025-07-16,AVAADA SOLAR Karnataka Private IPP Solar 150.00 0.71 10.67
2025-07-16,AVAADA SOLARISE Karnataka Private IPP Solar 150.00 0.74 11.41
2025-07-16,AZURE POWER EARTH Karnataka Private IPP Solar 100.00 0.38 7.21
2025-07-16,FORTUM FIN SURYA Karnataka Private IPP Solar 100.00 0.48 7.15
2025-07-16,FORTUM SOLAR Karnataka Private IPP Solar 250.00 1.06 18.47
2025-07-16,KREDL Karnataka Private IPP Solar 50.00 0.24 6.34
2025-07-16,PARAMPUJYA Karnataka Private IPP Solar 150.00 0.70 9.79
2025-07-16,RENEW TN2 Karnataka Private IPP Solar 50.00 0.27 4.86
2025-07-16,SBG ENERGY Karnataka Private IPP Solar 200.00 0.92 13.91
2025-07-16,TATA RENEWABLES Karnataka Private IPP Solar 400.00 1.82 27.66
2025-07-16,YARROW Karnataka Private IPP Solar 50.00 0.29 7.74
2025-07-16,कनजाटक / Karnataka 27.69 24.66 14.39 66.74 896.05 422.72 217.48 1536.25
2025-07-21,कनजाटक / Karnataka 44.66 33.07 14.46 92.19 1252.84 819.52 287.86 2360.22
2025-07-21,KOPPAL_AYANASIX_W Karnataka Private IPP Wind 50.00 3.07 52.88
2025-07-21,KOPPAL_RENEWROSHNI_W Karnataka Private IPP Wind 73.00 3.13 97.28
2025-07-21,Koppal Renewojas Karnataka Private IPP Wind 277.00 0.00 0.00
2025-07-21,KOPPAL SRI1PL Karnataka Private IPP Solar 120.00 0.61 19.13
2025-07-21,IRCON SOLAR Karnataka Private IPP Solar 50.00 1.00 24.19
2025-07-21,GADAG_VENA_W Karnataka Private IPP Wind 133.00 1.94 50.23
2025-07-21,GADAG_VENA_S Karnataka Private IPP Solar 31.00 0.17 3.77
2025-07-21,KOPPAL_RENEWOJAS_S Karnataka Private IPP Solar 81.00 0.33 7.90
2025-07-21,KOPPAL_KLEIO_S Karnataka Private IPP Solar 105.00 0.29 9.57
2025-07-21,All ADYAH Karnataka Private IPP Solar 300.00 1.31 29.13
2025-07-21,AMPLUS PAVAGADA Karnataka Private IPP Solar 50.00 0.22 8.61
2025-07-21,AMPLUS TUMKUR Karnataka Private IPP Solar 50.00 0.22 5.66
2025-07-21,AVAADA SOLAR Karnataka Private IPP Solar 150.00 0.62 14.55
2025-07-21,AVAADA SOLARISE Karnataka Private IPP Solar 150.00 0.61 15.04
2025-07-21,AZURE POWER EARTH Karnataka Private IPP Solar 100.00 0.35 9.35
2025-07-21,FORTUM FIN SURYA Karnataka Private IPP Solar 100.00 0.38 9.36
2025-07-21,FORTUM SOLAR Karnataka Private IPP Solar 250.00 0.93 24.22
2025-07-21,KREDL Karnataka Private IPP Solar 50.00 0.21 7.62
2025-07-21,PARAMPUJYA Karnataka Private IPP Solar 150.00 0.55 13.08
2025-07-21,RENEW TN2 Karnataka Private IPP Solar 50.00 0.20 6.12
2025-07-21,SBG ENERGY Karnataka Private IPP Solar 200.00 0.84 18.85
2025-07-21,TATA RENEWABLES Karnataka Private IPP Solar 400.00 1.53 37.00
2025-07-21,YARROW Karnataka Private IPP Solar 50.00 0.22 9.05
2025-07-21,कनजाटक / Karnataka 36.52 22.48 14.46 73.46 1052.45 547.32 287.86 1887.63
2025-07-23,कनजाटक / Karnataka 70.18 29.73 15.36 115.27 1378.71 883.93 318.19 2580.83
2025-07-23,KOPPAL_AYANASIX_W Karnataka Private IPP Wind 50.00 5.23 61.95
2025-07-23,KOPPAL_RENEWROSHNI_W Karnataka Private IPP Wind 73.00 4.98 106.40
2025-07-23,Koppal Renewojas Karnataka Private IPP Wind 277.00 0.00 0.00
2025-07-23,KOPPAL SRI1PL Karnataka Private IPP Solar 120.00 0.77 20.64
2025-07-23,IRCON SOLAR Karnataka Private IPP Solar 50.00 0.73 26.01
2025-07-23,GADAG_VENA_W Karnataka Private IPP Wind 133.00 2.75 55.28
2025-07-23,GADAG_VENA_S Karnataka Private IPP Solar 31.00 0.13 4.04
2025-07-23,KOPPAL_RENEWOJAS_S Karnataka Private IPP Solar 81.00 0.28 8.52
2025-07-23,KOPPAL_KLEIO_S Karnataka Private IPP Solar 105.00 0.36 10.22
2025-07-23,All ADYAH Karnataka Private IPP Solar 300.00 1.17 31.69
2025-07-23,AMPLUS PAVAGADA Karnataka Private IPP Solar 50.00 0.21 9.07
2025-07-23,AMPLUS TUMKUR Karnataka Private IPP Solar 50.00 0.21 6.12
2025-07-23,AVAADA SOLAR Karnataka Private IPP Solar 150.00 0.53 15.73
2025-07-23,AVAADA SOLARISE Karnataka Private IPP Solar 150.00 0.56 16.26
2025-07-23,AZURE POWER EARTH Karnataka Private IPP Solar 100.00 0.31 10.02
2025-07-23,FORTUM FIN SURYA Karnataka Private IPP Solar 100.00 0.36 10.14
2025-07-23,FORTUM SOLAR Karnataka Private IPP Solar 250.00 0.84 26.05
2025-07-23,KREDL Karnataka Private IPP Solar 50.00 0.19 8.04
2025-07-23,PARAMPUJYA Karnataka Private IPP Solar 150.00 0.52 14.21
2025-07-23,RENEW TN2 Karnataka Private IPP Solar 50.00 0.19 6.53
2025-07-23,SBG ENERGY Karnataka Private IPP Solar 200.00 0.76 20.53
2025-07-23,TATA RENEWABLES Karnataka Private IPP Solar 400.00 1.42 40.08
2025-07-23,YARROW Karnataka Private IPP Solar 50.00 0.21 9.50
2025-07-23,कनजाटक / Karnataka 57.22 19.98 15.36 92.56 1155.08 590.53 318.19 2063.80
2025-07-25,कनजाटक / Karnataka 81.47 31.14 13.29 125.90 1515.36 936.34 346.24 2797.94
2025-07-25,KOPPAL_AYANASIX_W Karnataka Private IPP Wind 50.00 5.92 70.98
2025-07-25,KOPPAL_RENEWROSHNI_W Karnataka Private IPP Wind 73.00 6.31 116.93
2025-07-25,Koppal Renewojas Karnataka Private IPP Wind 277.00 0.00 0.00
2025-07-25,KOPPAL SRI1PL Karnataka Private IPP Solar 120.00 0.69 21.40
2025-07-25,IRCON SOLAR Karnataka Private IPP Solar 50.00 0.85 27.91
2025-07-25,GADAG_VENA_W Karnataka Private IPP Wind 133.00 2.97 59.98
2025-07-25,GADAG_VENA_S Karnataka Private IPP Solar 31.00 0.12 4.21
2025-07-25,KOPPAL_RENEWOJAS_S Karnataka Private IPP Solar 81.00 0.25 8.93
2025-07-25,KOPPAL_KLEIO_S Karnataka Private IPP Solar 105.00 0.36 10.44
2025-07-25,All ADYAH Karnataka Private IPP Solar 300.00 1.17 33.97
2025-07-25,AMPLUS PAVAGADA Karnataka Private IPP Solar 50.00 0.21 9.49
2025-07-25,AMPLUS TUMKUR Karnataka Private IPP Solar 50.00 0.21 6.54
2025-07-25,AVAADA SOLAR Karnataka Private IPP Solar 150.00 0.55 16.85
2025-07-25,AVAADA SOLARISE Karnataka Private IPP Solar 150.00 0.56 17.40
2025-07-25,AZURE POWER EARTH Karnataka Private IPP Solar 100.00 0.31 10.60
2025-07-25,FORTUM FIN SURYA Karnataka Private IPP Solar 100.00 0.38 10.90
2025-07-25,FORTUM SOLAR Karnataka Private IPP Solar 250.00 0.85 27.68
2025-07-25,KREDL Karnataka Private IPP Solar 50.00 0.20 8.45
2025-07-25,PARAMPUJYA Karnataka Private IPP Solar 150.00 0.54 15.25
2025-07-25,RENEW TN2 Karnataka Private IPP Solar 50.00 0.19 6.87
2025-07-25,SBG ENERGY Karnataka Private IPP Solar 200.00 0.80 22.15
2025-07-25,TATA RENEWABLES Karnataka Private IPP Solar 400.00 1.46 42.94
2025-07-25,YARROW Karnataka Private IPP Solar 50.00 0.22 9.93
2025-07-25,कनजाटक / Karnataka 66.27 21.22 13.29 100.78 1267.47 624.43 346.24 2238.14
2025-07-26,कनजाटक / Karnataka 92.07 29.03 12.66 133.76 1607.43 965.37 358.90 2931.70
2025-07-26,KOPPAL_AYANASIX_W Karnataka Private IPP Wind 50.00 6.36 77.34
2025-07-26,KOPPAL_RENEWROSHNI_W Karnataka Private IPP Wind 73.00 6.44 123.37
2025-07-26,Koppal Renewojas Karnataka Private IPP Wind 277.00 0.00 0.00
2025-07-26,KOPPAL SRI1PL Karnataka Private IPP Solar 120.00 0.70 22.10
2025-07-26,IRCON SOLAR Karnataka Private IPP Solar 50.00 1.03 28.94
2025-07-26,GADAG_VENA_W Karnataka Private IPP Wind 133.00 3.12 63.10
2025-07-26,GADAG_VENA_S Karnataka Private IPP Solar 31.00 0.09 4.30
2025-07-26,KOPPAL_RENEWOJAS_S Karnataka Private IPP Solar 81.00 0.20 9.13
2025-07-26,KOPPAL_KLEIO_S Karnataka Private IPP Solar 105.00 0.33 10.77
2025-07-26,All ADYAH Karnataka Private IPP Solar 300.00 1.37 35.34
2025-07-26,AMPLUS PAVAGADA Karnataka Private IPP Solar 50.00 0.23 9.72
2025-07-26,AMPLUS TUMKUR Karnataka Private IPP Solar 50.00 0.23 6.77
2025-07-26,AVAADA SOLAR Karnataka Private IPP Solar 150.00 0.67 17.52
2025-07-26,AVAADA SOLARISE Karnataka Private IPP Solar 150.00 0.61 18.01
2025-07-26,AZURE POWER EARTH Karnataka Private IPP Solar 100.00 0.37 10.97
2025-07-26,FORTUM FIN SURYA Karnataka Private IPP Solar 100.00 0.39 11.29
2025-07-26,FORTUM SOLAR Karnataka Private IPP Solar 250.00 1.03 28.71
2025-07-26,KREDL Karnataka Private IPP Solar 50.00 0.22 8.67
2025-07-26,PARAMPUJYA Karnataka Private IPP Solar 150.00 0.56 15.81
2025-07-26,RENEW TN2 Karnataka Private IPP Solar 50.00 0.20 7.07
2025-07-26,SBG ENERGY Karnataka Private IPP Solar 200.00 0.87 23.02
2025-07-26,TATA RENEWABLES Karnataka Private IPP Solar 400.00 1.56 44.50
2025-07-26,YARROW Karnataka Private IPP Solar 50.00 0.23 10.16
2025-07-26,कनजाटक / Karnataka 76.15 18.14 12.66 106.95 1343.62 642.57 358.90 2345.09
2025-07-27,कनजाटक / Karnataka 90.98 38.68 11.56 141.22 1698.41 1004.05 370.46 3072.92
2025-07-27,KOPPAL_AYANASIX_W Karnataka Private IPP Wind 50.00 6.49 83.83
2025-07-27,KOPPAL_RENEWROSHNI_W Karnataka Private IPP Wind 73.00 6.60 129.97
2025-07-27,Koppal Renewojas Karnataka Private IPP Wind 277.00 0.00 0.00
2025-07-27,KOPPAL SRI1PL Karnataka Private IPP Solar 120.00 1.37 23.47
2025-07-27,IRCON SOLAR Karnataka Private IPP Solar 50.00 1.26 30.20
2025-07-27,GADAG_VENA_W Karnataka Private IPP Wind 133.00 3.16 66.26
2025-07-27,GADAG_VENA_S Karnataka Private IPP Solar 31.00 0.18 4.48
2025-07-27,KOPPAL_RENEWOJAS_S Karnataka Private IPP Solar 81.00 0.34 9.47
2025-07-27,KOPPAL_KLEIO_S Karnataka Private IPP Solar 105.00 0.44 11.21
2025-07-27,All ADYAH Karnataka Private IPP Solar 300.00 1.27 36.61
2025-07-27,AMPLUS PAVAGADA Karnataka Private IPP Solar 50.00 0.25 9.97
2025-07-27,AMPLUS TUMKUR Karnataka Private IPP Solar 50.00 0.25 7.02
2025-07-27,AVAADA SOLAR Karnataka Private IPP Solar 150.00 0.77 18.29
2025-07-27,AVAADA SOLARISE Karnataka Private IPP Solar 150.00 0.70 18.71
2025-07-27,AZURE POWER EARTH Karnataka Private IPP Solar 100.00 0.41 11.38
2025-07-27,FORTUM FIN SURYA Karnataka Private IPP Solar 100.00 0.42 11.71
2025-07-27,FORTUM SOLAR Karnataka Private IPP Solar 250.00 1.16 29.87
2025-07-27,KREDL Karnataka Private IPP Solar 50.00 0.25 8.92
2025-07-27,PARAMPUJYA Karnataka Private IPP Solar 150.00 0.64 16.45
2025-07-27,RENEW TN2 Karnataka Private IPP Solar 50.00 0.23 7.30
2025-07-27,SBG ENERGY Karnataka Private IPP Solar 200.00 1.00 24.02
2025-07-27,TATA RENEWABLES Karnataka Private IPP Solar 400.00 1.58 46.08
2025-07-27,YARROW Karnataka Private IPP Solar 50.00 0.26 10.42
2025-07-27,कनजाटक / Karnataka 74.73 25.90 11.56 112.19 1418.35 668.47 370.46 2457.28
2025-07-28,कनजाटक / Karnataka 89.37 38.70 12.35 140.42 1787.78 1042.75 382.81 3213.34
2025-07-28,KOPPAL_AYANASIX_W Karnataka Private IPP Wind 50.00 6.12 89.95
2025-07-28,KOPPAL_RENEWROSHNI_W Karnataka Private IPP Wind 73.00 6.54 136.51
2025-07-28,Koppal Renewojas Karnataka Private IPP Wind 277.00 0.00 0.00
2025-07-28,KOPPAL SRI1PL Karnataka Private IPP Solar 120.00 1.17 24.64
2025-07-28,IRCON SOLAR Karnataka Private IPP Solar 50.00 1.15 31.35
2025-07-28,GADAG_VENA_W Karnataka Private IPP Wind 133.00 3.25 69.51
2025-07-28,GADAG_VENA_S Karnataka Private IPP Solar 31.00 0.20 4.68
2025-07-28,KOPPAL_RENEWOJAS_S Karnataka Private IPP Solar 81.00 0.33 9.80
2025-07-28,KOPPAL_KLEIO_S Karnataka Private IPP Solar 105.00 0.38 11.59
2025-07-28,All ADYAH Karnataka Private IPP Solar 300.00 1.39 38.00
2025-07-28,AMPLUS PAVAGADA Karnataka Private IPP Solar 50.00 0.27 10.24
2025-07-28,AMPLUS TUMKUR Karnataka Private IPP Solar 50.00 0.27 7.29
2025-07-28,AVAADA SOLAR Karnataka Private IPP Solar 150.00 0.70 18.99
2025-07-28,AVAADA SOLARISE Karnataka Private IPP Solar 150.00 0.72 19.43
2025-07-28,AZURE POWER EARTH Karnataka Private IPP Solar 100.00 0.41 11.79
2025-07-28,FORTUM FIN SURYA Karnataka Private IPP Solar 100.00 0.36 12.07
2025-07-28,FORTUM SOLAR Karnataka Private IPP Solar 250.00 1.15 31.02
2025-07-28,KREDL Karnataka Private IPP Solar 50.00 0.24 9.16
2025-07-28,PARAMPUJYA Karnataka Private IPP Solar 150.00 0.67 17.12
2025-07-28,RENEW TN2 Karnataka Private IPP Solar 50.00 0.25 7.55
2025-07-28,SBG ENERGY Karnataka Private IPP Solar 200.00 0.92 24.94
2025-07-28,TATA RENEWABLES Karnataka Private IPP Solar 400.00 1.68 47.76
2025-07-28,YARROW Karnataka Private IPP Solar 50.00 0.28 10.70
2025-07-28,कनजाटक / Karnataka 73.46 26.16 12.35 111.97 1491.81 694.63 382.81 2569.25
