Date,District,Latitude,Longitude,Temperature,Humidity,WindSpeed,GHI
20200101,Bagalkot,16.1867,75.6961,24.04,67.66,2.13,4.0193
20200102,Bagalkot,16.1867,75.6961,24.42,65.56,1.23,4.1554
20200103,Bagalkot,16.1867,75.6961,23.11,61.44,1.63,5.1432
20200104,Bagalkot,16.1867,75.6961,22.02,58.06,1.9,4.9337
20200105,Bagalkot,16.1867,75.6961,22.46,61.95,2.31,4.0613
20200106,Bagalkot,16.1867,75.6961,23.77,65.09,3.06,3.3602
20200107,Bagalkot,16.1867,75.6961,25.1,66.16,2.41,4.416
20200108,Bagalkot,16.1867,75.6961,25.08,65.64,1.94,3.6067
20200109,Bagalkot,16.1867,75.6961,24.57,65.68,1.47,4.5636
20200110,Bagalkot,16.1867,75.6961,24.41,60.73,3.01,3.5714
20200111,Bagalkot,16.1867,75.6961,23.98,60.81,2.51,3.7946
20200112,Bagalkot,16.1867,75.6961,22.93,57.62,2.26,4.2665
20200113,Bagalkot,16.1867,75.6961,23.53,48.2,0.77,5.226
20200114,Bagalkot,16.1867,75.6961,23.43,55.12,0.76,5.0143
20200115,Bagalkot,16.1867,75.6961,22.58,53.76,2.09,5.2442
20200116,Bagalkot,16.1867,75.6961,22.35,56.85,1.28,4.8146
20200117,Bagalkot,16.1867,75.6961,22.81,54.33,1.31,5.4264
20200118,Bagalkot,16.1867,75.6961,23.87,58.58,1.68,5.1365
20200119,Bagalkot,16.1867,75.6961,24.75,57.48,1.13,5.015
20200120,Bagalkot,16.1867,75.6961,25.7,50.97,1.67,4.909
20200121,Bagalkot,16.1867,75.6961,25.24,47.72,2.55,5.1144
20200122,Bagalkot,16.1867,75.6961,23.68,46.32,3.13,5.4132
20200123,Bagalkot,16.1867,75.6961,23.8,48.69,2.95,5.7014
20200124,Bagalkot,16.1867,75.6961,23.69,43.62,2.36,5.6638
20200125,Bagalkot,16.1867,75.6961,24.33,38.93,1.77,5.5171
20200126,Bagalkot,16.1867,75.6961,25.03,38.6,1.34,5.5356
20200127,Bagalkot,16.1867,75.6961,25.71,44.36,2.73,5.4348
20200128,Bagalkot,16.1867,75.6961,24.26,59.67,2.79,4.931
20200129,Bagalkot,16.1867,75.6961,23.43,55.6,2.1,5.9424
20200130,Bagalkot,16.1867,75.6961,24.04,47.66,1.64,5.9263
20200131,Bagalkot,16.1867,75.6961,24.27,40.88,2.07,5.8435
20200201,Bagalkot,16.1867,75.6961,24.33,47.1,2.2,5.7732
20200202,Bagalkot,16.1867,75.6961,25.55,48.34,1.9,4.7088
20200203,Bagalkot,16.1867,75.6961,26.46,46.09,1.32,5.1967
20200204,Bagalkot,16.1867,75.6961,25.88,43.42,1.37,5.593
20200205,Bagalkot,16.1867,75.6961,26.22,42.24,1.77,5.4331
20200206,Bagalkot,16.1867,75.6961,25.89,47.24,2.56,5.5651
20200207,Bagalkot,16.1867,75.6961,24.37,49.13,2.72,5.9666
20200208,Bagalkot,16.1867,75.6961,23.17,40.52,2.32,6.1118
20200209,Bagalkot,16.1867,75.6961,24.14,53.73,2.99,4.8722
20200210,Bagalkot,16.1867,75.6961,25.23,53.84,3.45,4.7501
20200211,Bagalkot,16.1867,75.6961,25.54,52.43,3.69,4.9534
20200212,Bagalkot,16.1867,75.6961,25.61,50.02,3.14,5.489
20200213,Bagalkot,16.1867,75.6961,25.52,42.26,2.58,5.5978
20200214,Bagalkot,16.1867,75.6961,25.73,27.91,1.6,6.0283
20200215,Bagalkot,16.1867,75.6961,27.18,23.02,1.14,6.1442
20200216,Bagalkot,16.1867,75.6961,26.04,27.04,2.22,6.1769
20200217,Bagalkot,16.1867,75.6961,26.03,30.76,2.4,6.2364
20200218,Bagalkot,16.1867,75.6961,25.65,29.74,2.46,6.168
20200219,Bagalkot,16.1867,75.6961,26.11,27.33,1.88,6.325
20200220,Bagalkot,16.1867,75.6961,26.34,38.91,2.67,5.9088
20200221,Bagalkot,16.1867,75.6961,25.94,34.82,3.15,6.4613
20200222,Bagalkot,16.1867,75.6961,25.89,35.06,3.49,6.4896
20200223,Bagalkot,16.1867,75.6961,26.08,38.99,3.28,6.2782
20200224,Bagalkot,16.1867,75.6961,27.39,37.65,2.18,6.4493
20200225,Bagalkot,16.1867,75.6961,27.55,28.43,1.42,6.1354
20200226,Bagalkot,16.1867,75.6961,26.18,24.22,2.89,6.1318
20200227,Bagalkot,16.1867,75.6961,26.42,30.79,2.73,5.3587
20200228,Bagalkot,16.1867,75.6961,27.61,36.28,2.57,5.3887
20200229,Bagalkot,16.1867,75.6961,28.19,41.86,2.06,5.1413
20200301,Bagalkot,16.1867,75.6961,28.95,40.6,1.61,5.497
20200302,Bagalkot,16.1867,75.6961,28.52,43.86,1.15,5.5289
20200303,Bagalkot,16.1867,75.6961,28.52,39.24,2.37,5.9047
20200304,Bagalkot,16.1867,75.6961,27.03,40.22,3.14,6.828
20200305,Bagalkot,16.1867,75.6961,26.06,45.29,2.95,6.4726
20200306,Bagalkot,16.1867,75.6961,25.24,49.19,3.43,6.8774
20200307,Bagalkot,16.1867,75.6961,26.45,47.36,2.87,5.5145
20200308,Bagalkot,16.1867,75.6961,28.23,41.73,2.0,5.8428
20200309,Bagalkot,16.1867,75.6961,28.56,43.34,2.08,5.9911
20200310,Bagalkot,16.1867,75.6961,28.9,42.37,2.4,6.4615
20200311,Bagalkot,16.1867,75.6961,27.93,49.74,2.68,6.0156
20200312,Bagalkot,16.1867,75.6961,27.84,46.03,2.67,6.5266
20200313,Bagalkot,16.1867,75.6961,28.46,44.91,2.07,6.8498
20200314,Bagalkot,16.1867,75.6961,30.06,29.99,1.49,6.5122
20200315,Bagalkot,16.1867,75.6961,30.94,29.42,2.23,6.5398
20200316,Bagalkot,16.1867,75.6961,31.14,33.37,2.85,6.5237
20200317,Bagalkot,16.1867,75.6961,31.25,32.51,2.83,6.2935
20200318,Bagalkot,16.1867,75.6961,31.47,31.7,1.72,6.0943
20200319,Bagalkot,16.1867,75.6961,30.82,34.02,1.71,5.8315
20200320,Bagalkot,16.1867,75.6961,29.81,24.67,3.07,7.1194
20200321,Bagalkot,16.1867,75.6961,28.35,26.8,2.22,7.2833
20200322,Bagalkot,16.1867,75.6961,28.72,22.1,1.8,7.171
20200323,Bagalkot,16.1867,75.6961,29.85,35.76,1.49,6.9067
20200324,Bagalkot,16.1867,75.6961,31.53,33.43,2.28,6.109
20200325,Bagalkot,16.1867,75.6961,31.18,37.87,2.05,5.9023
20200326,Bagalkot,16.1867,75.6961,31.0,34.39,2.71,6.8011
20200327,Bagalkot,16.1867,75.6961,30.5,30.13,2.68,7.2002
20200328,Bagalkot,16.1867,75.6961,30.18,26.8,2.8,7.2883
20200329,Bagalkot,16.1867,75.6961,30.27,25.16,2.17,6.9989
20200330,Bagalkot,16.1867,75.6961,30.61,30.93,2.04,6.8098
20200331,Bagalkot,16.1867,75.6961,30.66,26.5,2.29,7.1429
20200401,Bagalkot,16.1867,75.6961,31.13,29.23,1.5,7.0186
20200402,Bagalkot,16.1867,75.6961,32.72,30.03,1.91,6.6806
20200403,Bagalkot,16.1867,75.6961,32.99,35.01,2.23,6.4944
20200404,Bagalkot,16.1867,75.6961,32.58,34.29,1.55,5.4444
20200405,Bagalkot,16.1867,75.6961,31.99,36.98,1.98,5.1898
20200406,Bagalkot,16.1867,75.6961,30.93,46.74,1.33,5.7708
20200407,Bagalkot,16.1867,75.6961,29.75,51.65,1.49,6.7034
20200408,Bagalkot,16.1867,75.6961,27.86,55.06,1.77,7.4813
20200409,Bagalkot,16.1867,75.6961,27.11,50.07,2.08,7.4414
20200410,Bagalkot,16.1867,75.6961,28.08,53.74,2.14,6.3708
20200411,Bagalkot,16.1867,75.6961,28.17,51.68,2.81,7.0543
20200412,Bagalkot,16.1867,75.6961,29.26,48.74,2.18,6.7577
20200413,Bagalkot,16.1867,75.6961,30.07,48.57,2.04,6.2237
20200414,Bagalkot,16.1867,75.6961,29.43,44.81,2.45,6.9578
20200415,Bagalkot,16.1867,75.6961,29.19,40.84,2.26,6.9389
20200416,Bagalkot,16.1867,75.6961,29.44,48.69,1.62,6.0494
20200417,Bagalkot,16.1867,75.6961,30.19,56.13,1.15,6.2659
20200418,Bagalkot,16.1867,75.6961,29.68,60.06,1.54,6.2626
20200419,Bagalkot,16.1867,75.6961,29.9,57.42,2.42,6.4591
20200420,Bagalkot,16.1867,75.6961,30.15,50.14,1.98,6.4618
20200421,Bagalkot,16.1867,75.6961,30.43,50.68,1.72,6.3578
20200422,Bagalkot,16.1867,75.6961,30.51,42.68,2.32,7.3426
20200423,Bagalkot,16.1867,75.6961,30.89,49.17,3.48,6.8976
20200424,Bagalkot,16.1867,75.6961,31.34,46.85,3.7,7.17
20200425,Bagalkot,16.1867,75.6961,31.21,47.59,3.22,7.5185
20200426,Bagalkot,16.1867,75.6961,31.65,35.63,2.95,7.7261
20200427,Bagalkot,16.1867,75.6961,31.6,40.28,3.5,7.6764
20200428,Bagalkot,16.1867,75.6961,32.0,43.9,2.52,6.7915
20200429,Bagalkot,16.1867,75.6961,31.35,46.07,2.62,6.3494
20200430,Bagalkot,16.1867,75.6961,31.58,46.22,1.3,5.9057
20200501,Bagalkot,16.1867,75.6961,31.53,49.13,2.17,7.0051
20200502,Bagalkot,16.1867,75.6961,32.33,47.21,2.09,6.4488
20200503,Bagalkot,16.1867,75.6961,33.01,44.83,2.78,6.7464
20200504,Bagalkot,16.1867,75.6961,32.9,42.89,2.16,7.2348
20200505,Bagalkot,16.1867,75.6961,32.79,39.8,2.32,7.2415
20200506,Bagalkot,16.1867,75.6961,33.6,40.05,2.39,7.0865
20200507,Bagalkot,16.1867,75.6961,31.77,50.23,2.61,7.325
20200508,Bagalkot,16.1867,75.6961,32.22,46.63,2.06,6.5698
20200509,Bagalkot,16.1867,75.6961,32.69,44.46,2.1,6.691
20200510,Bagalkot,16.1867,75.6961,29.08,52.42,2.06,5.0825
20200511,Bagalkot,16.1867,75.6961,31.14,45.51,2.64,6.8938
20200512,Bagalkot,16.1867,75.6961,32.46,44.43,2.16,6.625
20200513,Bagalkot,16.1867,75.6961,32.63,44.83,1.5,6.0677
20200514,Bagalkot,16.1867,75.6961,33.03,46.01,2.47,6.7632
20200515,Bagalkot,16.1867,75.6961,31.29,52.05,2.15,6.0082
20200516,Bagalkot,16.1867,75.6961,30.36,58.08,2.45,5.7785
20200517,Bagalkot,16.1867,75.6961,27.15,68.33,3.08,5.527
20200518,Bagalkot,16.1867,75.6961,28.88,57.23,3.96,5.7043
20200519,Bagalkot,16.1867,75.6961,29.14,59.97,4.87,6.2957
20200520,Bagalkot,16.1867,75.6961,30.01,58.27,4.05,7.2823
20200521,Bagalkot,16.1867,75.6961,30.93,54.01,3.94,6.726
20200522,Bagalkot,16.1867,75.6961,31.76,50.13,3.19,7.0608
20200523,Bagalkot,16.1867,75.6961,33.16,41.58,3.34,7.4062
20200524,Bagalkot,16.1867,75.6961,33.13,44.06,2.84,7.3464
20200525,Bagalkot,16.1867,75.6961,33.14,47.98,3.38,7.2343
20200526,Bagalkot,16.1867,75.6961,30.81,58.49,3.8,6.9998
20200527,Bagalkot,16.1867,75.6961,31.68,51.79,3.65,7.146
20200528,Bagalkot,16.1867,75.6961,31.95,49.15,4.66,7.2665
20200529,Bagalkot,16.1867,75.6961,31.56,51.04,4.59,7.5408
20200530,Bagalkot,16.1867,75.6961,28.32,66.88,2.1,6.3593
20200531,Bagalkot,16.1867,75.6961,27.27,74.78,1.89,4.1042
20200601,Bagalkot,16.1867,75.6961,26.14,76.84,2.62,4.4347
20200602,Bagalkot,16.1867,75.6961,25.87,80.18,3.74,5.3371
20200603,Bagalkot,16.1867,75.6961,25.82,75.98,5.98,2.8265
20200604,Bagalkot,16.1867,75.6961,26.96,69.03,5.61,5.7122
20200605,Bagalkot,16.1867,75.6961,27.36,65.37,4.85,6.5962
20200606,Bagalkot,16.1867,75.6961,26.76,66.65,5.04,6.8071
20200607,Bagalkot,16.1867,75.6961,27.71,65.87,4.8,6.0682
20200608,Bagalkot,16.1867,75.6961,27.37,65.32,5.1,6.4277
20200609,Bagalkot,16.1867,75.6961,27.1,60.3,4.71,6.6355
20200610,Bagalkot,16.1867,75.6961,27.56,65.82,4.86,6.3622
20200611,Bagalkot,16.1867,75.6961,26.16,72.43,4.35,4.4086
20200612,Bagalkot,16.1867,75.6961,25.6,75.57,4.78,4.5629
20200613,Bagalkot,16.1867,75.6961,25.72,72.35,6.1,4.5521
20200614,Bagalkot,16.1867,75.6961,26.84,68.95,6.63,5.5188
20200615,Bagalkot,16.1867,75.6961,27.71,69.21,6.32,5.388
20200616,Bagalkot,16.1867,75.6961,26.84,79.53,6.11,2.7221
20200617,Bagalkot,16.1867,75.6961,25.85,79.25,5.39,3.4884
20200618,Bagalkot,16.1867,75.6961,25.88,77.31,5.52,3.9718
20200619,Bagalkot,16.1867,75.6961,26.28,77.11,4.78,5.4031
20200620,Bagalkot,16.1867,75.6961,27.39,70.12,4.84,5.5649
20200621,Bagalkot,16.1867,75.6961,26.9,72.01,4.77,5.5882
20200622,Bagalkot,16.1867,75.6961,25.91,75.89,4.57,5.6921
20200623,Bagalkot,16.1867,75.6961,26.3,69.19,4.23,6.4214
20200624,Bagalkot,16.1867,75.6961,26.68,69.6,3.57,6.7214
20200625,Bagalkot,16.1867,75.6961,27.62,69.14,2.42,6.8599
20200626,Bagalkot,16.1867,75.6961,27.23,72.13,3.01,6.2345
20200627,Bagalkot,16.1867,75.6961,27.06,73.78,2.76,5.898
20200628,Bagalkot,16.1867,75.6961,26.22,78.9,3.08,4.8641
20200629,Bagalkot,16.1867,75.6961,26.61,77.73,3.03,4.4136
20200630,Bagalkot,16.1867,75.6961,25.95,77.85,3.61,4.7522
20200701,Bagalkot,16.1867,75.6961,25.92,74.46,4.94,5.8985
20200702,Bagalkot,16.1867,75.6961,25.12,77.53,5.43,5.0532
20200703,Bagalkot,16.1867,75.6961,25.54,74.07,6.79,4.1419
20200704,Bagalkot,16.1867,75.6961,25.43,77.64,6.34,3.6319
20200705,Bagalkot,16.1867,75.6961,25.55,75.53,6.58,3.6689
20200706,Bagalkot,16.1867,75.6961,24.96,79.1,5.65,4.277
20200707,Bagalkot,16.1867,75.6961,26.08,76.45,5.93,4.2206
20200708,Bagalkot,16.1867,75.6961,25.28,77.71,5.19,3.4663
20200709,Bagalkot,16.1867,75.6961,24.93,82.05,4.13,3.5494
20200710,Bagalkot,16.1867,75.6961,25.08,79.55,4.79,4.0306
20200711,Bagalkot,16.1867,75.6961,25.42,77.34,4.56,5.9306
20200712,Bagalkot,16.1867,75.6961,24.81,79.39,4.01,4.7616
20200713,Bagalkot,16.1867,75.6961,24.93,80.76,3.63,4.9181
20200714,Bagalkot,16.1867,75.6961,24.85,84.52,4.35,4.4342
20200715,Bagalkot,16.1867,75.6961,24.11,82.92,5.61,3.0506
20200716,Bagalkot,16.1867,75.6961,24.12,81.43,5.83,2.1818
20200717,Bagalkot,16.1867,75.6961,24.87,80.44,5.02,4.1801
20200718,Bagalkot,16.1867,75.6961,25.07,81.78,4.01,4.6243
20200719,Bagalkot,16.1867,75.6961,25.14,80.96,2.86,5.2678
20200720,Bagalkot,16.1867,75.6961,25.99,80.41,2.75,5.0254
20200721,Bagalkot,16.1867,75.6961,25.97,78.29,1.42,5.5169
20200722,Bagalkot,16.1867,75.6961,25.47,82.78,2.06,5.4821
20200723,Bagalkot,16.1867,75.6961,25.37,82.4,1.34,2.6611
20200724,Bagalkot,16.1867,75.6961,25.02,80.38,1.98,3.3588
20200725,Bagalkot,16.1867,75.6961,24.51,81.34,2.79,3.6996
20200726,Bagalkot,16.1867,75.6961,24.7,80.36,4.22,4.8185
20200727,Bagalkot,16.1867,75.6961,25.23,78.32,4.08,5.297
20200728,Bagalkot,16.1867,75.6961,24.31,86.73,3.31,5.5651
20200729,Bagalkot,16.1867,75.6961,25.09,83.84,2.91,5.4341
20200730,Bagalkot,16.1867,75.6961,25.87,80.46,3.18,5.4276
20200731,Bagalkot,16.1867,75.6961,25.81,80.12,2.65,5.4377
20200801,Bagalkot,16.1867,75.6961,25.04,82.23,3.34,5.1581
20200802,Bagalkot,16.1867,75.6961,24.85,80.74,5.45,4.9814
20200803,Bagalkot,16.1867,75.6961,24.45,82.54,6.61,3.899
20200804,Bagalkot,16.1867,75.6961,24.24,85.56,7.41,3.4903
20200805,Bagalkot,16.1867,75.6961,24.62,85.46,7.86,2.8001
20200806,Bagalkot,16.1867,75.6961,25.82,81.31,7.18,4.8401
20200807,Bagalkot,16.1867,75.6961,25.73,81.76,6.24,4.4659
20200808,Bagalkot,16.1867,75.6961,24.93,82.83,5.38,3.9058
20200809,Bagalkot,16.1867,75.6961,24.7,84.16,5.19,4.1654
20200810,Bagalkot,16.1867,75.6961,24.69,84.29,4.7,2.8975
20200811,Bagalkot,16.1867,75.6961,25.06,82.02,5.28,4.4009
20200812,Bagalkot,16.1867,75.6961,24.86,82.14,5.31,3.5794
20200813,Bagalkot,16.1867,75.6961,23.92,86.93,5.16,2.4374
20200814,Bagalkot,16.1867,75.6961,23.91,86.42,5.64,3.5868
20200815,Bagalkot,16.1867,75.6961,23.87,87.9,5.36,2.8793
20200816,Bagalkot,16.1867,75.6961,24.2,87.85,5.08,1.7928
20200817,Bagalkot,16.1867,75.6961,24.33,87.48,4.72,3.3055
20200818,Bagalkot,16.1867,75.6961,24.96,82.79,5.04,4.0752
20200819,Bagalkot,16.1867,75.6961,25.09,82.4,4.68,4.3442
20200820,Bagalkot,16.1867,75.6961,24.09,86.68,5.15,3.5993
20200821,Bagalkot,16.1867,75.6961,24.25,85.98,5.05,3.8479
20200822,Bagalkot,16.1867,75.6961,25.06,83.54,4.41,4.7246
20200823,Bagalkot,16.1867,75.6961,25.32,82.66,4.14,4.476
20200824,Bagalkot,16.1867,75.6961,25.39,82.51,3.77,4.5206
20200825,Bagalkot,16.1867,75.6961,25.18,82.02,3.45,5.6455
20200826,Bagalkot,16.1867,75.6961,24.89,82.02,3.07,5.6342
20200827,Bagalkot,16.1867,75.6961,25.01,79.99,4.23,4.9366
20200828,Bagalkot,16.1867,75.6961,24.8,81.18,3.64,4.5266
20200829,Bagalkot,16.1867,75.6961,24.53,84.49,3.67,4.2293
20200830,Bagalkot,16.1867,75.6961,24.59,84.45,3.21,4.6942
20200831,Bagalkot,16.1867,75.6961,24.84,83.18,2.86,5.713
20200901,Bagalkot,16.1867,75.6961,25.06,82.96,2.46,5.9714
20200902,Bagalkot,16.1867,75.6961,23.77,88.62,1.81,4.3166
20200903,Bagalkot,16.1867,75.6961,25.24,81.01,1.88,5.4847
20200904,Bagalkot,16.1867,75.6961,25.83,82.26,2.38,5.2594
20200905,Bagalkot,16.1867,75.6961,26.45,76.79,2.44,5.7586
20200906,Bagalkot,16.1867,75.6961,26.18,76.54,1.96,5.7917
20200907,Bagalkot,16.1867,75.6961,26.35,78.94,1.04,5.3465
20200908,Bagalkot,16.1867,75.6961,25.29,84.06,1.23,4.4333
20200909,Bagalkot,16.1867,75.6961,26.0,81.73,1.18,5.0894
20200910,Bagalkot,16.1867,75.6961,25.56,83.57,1.94,5.255
20200911,Bagalkot,16.1867,75.6961,24.44,87.69,3.5,4.2314
20200912,Bagalkot,16.1867,75.6961,24.12,85.51,4.38,4.3704
20200913,Bagalkot,16.1867,75.6961,23.64,84.47,4.06,2.9227
20200914,Bagalkot,16.1867,75.6961,22.51,86.54,3.9,3.0626
20200915,Bagalkot,16.1867,75.6961,23.34,87.29,3.22,4.4431
20200916,Bagalkot,16.1867,75.6961,24.29,85.89,3.51,3.3859
20200917,Bagalkot,16.1867,75.6961,23.9,87.69,3.35,3.8412
20200918,Bagalkot,16.1867,75.6961,24.49,84.57,3.91,2.8195
20200919,Bagalkot,16.1867,75.6961,23.7,87.11,3.8,3.8628
20200920,Bagalkot,16.1867,75.6961,23.45,88.76,3.07,4.5703
20200921,Bagalkot,16.1867,75.6961,23.89,86.21,5.32,3.9768
20200922,Bagalkot,16.1867,75.6961,23.5,84.56,5.7,3.9931
20200923,Bagalkot,16.1867,75.6961,23.26,83.42,5.22,4.3901
20200924,Bagalkot,16.1867,75.6961,24.3,85.1,4.02,4.1914
20200925,Bagalkot,16.1867,75.6961,24.53,88.05,3.32,4.6517
20200926,Bagalkot,16.1867,75.6961,23.17,90.95,3.2,2.1989
20200927,Bagalkot,16.1867,75.6961,23.91,83.93,2.48,3.5335
20200928,Bagalkot,16.1867,75.6961,24.51,82.72,2.21,5.7058
20200929,Bagalkot,16.1867,75.6961,24.49,85.69,2.55,5.142
20200930,Bagalkot,16.1867,75.6961,23.76,87.07,2.73,4.8749
20201001,Bagalkot,16.1867,75.6961,23.55,85.04,2.58,3.9074
20201002,Bagalkot,16.1867,75.6961,24.49,83.84,1.85,5.2865
20201003,Bagalkot,16.1867,75.6961,24.93,82.33,2.18,4.9918
20201004,Bagalkot,16.1867,75.6961,23.46,83.48,3.09,4.9342
20201005,Bagalkot,16.1867,75.6961,23.53,84.24,2.8,5.3693
20201006,Bagalkot,16.1867,75.6961,24.91,82.92,2.11,5.5301
20201007,Bagalkot,16.1867,75.6961,25.03,78.57,2.35,5.1703
20201008,Bagalkot,16.1867,75.6961,25.03,72.35,1.31,5.6484
20201009,Bagalkot,16.1867,75.6961,25.68,78.62,0.76,5.0134
20201010,Bagalkot,16.1867,75.6961,24.85,87.89,1.02,3.9106
20201011,Bagalkot,16.1867,75.6961,23.1,90.41,1.92,3.0461
20201012,Bagalkot,16.1867,75.6961,23.34,90.49,1.87,3.2834
20201013,Bagalkot,16.1867,75.6961,23.89,86.54,1.63,3.905
20201014,Bagalkot,16.1867,75.6961,23.56,91.53,3.73,1.5826
20201015,Bagalkot,16.1867,75.6961,24.33,87.14,5.01,2.3438
20201016,Bagalkot,16.1867,75.6961,23.76,86.22,2.77,2.4634
20201017,Bagalkot,16.1867,75.6961,23.85,84.62,2.04,5.5524
20201018,Bagalkot,16.1867,75.6961,23.29,84.91,2.03,5.5932
20201019,Bagalkot,16.1867,75.6961,24.04,87.21,1.85,4.4174
20201020,Bagalkot,16.1867,75.6961,23.68,89.84,1.68,3.4783
20201021,Bagalkot,16.1867,75.6961,23.67,87.82,1.31,3.379
20201022,Bagalkot,16.1867,75.6961,24.95,80.81,1.42,4.8166
20201023,Bagalkot,16.1867,75.6961,24.86,83.04,1.08,4.7774
20201024,Bagalkot,16.1867,75.6961,24.35,83.67,1.55,4.8636
20201025,Bagalkot,16.1867,75.6961,24.39,82.56,0.97,4.9562
20201026,Bagalkot,16.1867,75.6961,24.2,84.2,1.48,4.7455
20201027,Bagalkot,16.1867,75.6961,23.2,81.34,2.08,4.8185
20201028,Bagalkot,16.1867,75.6961,22.67,81.77,1.79,4.7887
20201029,Bagalkot,16.1867,75.6961,22.29,77.81,1.72,5.4019
20201030,Bagalkot,16.1867,75.6961,23.18,81.16,1.43,4.5329
20201031,Bagalkot,16.1867,75.6961,23.59,81.3,1.34,4.5583
20201101,Bagalkot,16.1867,75.6961,22.84,78.3,1.53,5.1449
20201102,Bagalkot,16.1867,75.6961,22.23,77.69,1.79,5.4818
20201103,Bagalkot,16.1867,75.6961,23.34,81.8,2.3,5.4103
20201104,Bagalkot,16.1867,75.6961,22.28,76.9,2.35,5.1163
20201105,Bagalkot,16.1867,75.6961,21.09,71.76,2.07,5.4048
20201106,Bagalkot,16.1867,75.6961,21.16,74.73,1.97,5.1274
20201107,Bagalkot,16.1867,75.6961,22.99,88.18,2.44,4.1273
20201108,Bagalkot,16.1867,75.6961,23.41,85.67,2.25,4.1383
20201109,Bagalkot,16.1867,75.6961,21.08,77.85,2.0,5.5188
20201110,Bagalkot,16.1867,75.6961,18.42,75.81,2.17,5.8774
20201111,Bagalkot,16.1867,75.6961,19.07,78.84,2.28,5.8786
20201112,Bagalkot,16.1867,75.6961,21.75,86.41,2.91,5.3834
20201113,Bagalkot,16.1867,75.6961,23.58,86.15,2.8,3.4982
20201114,Bagalkot,16.1867,75.6961,22.92,84.35,2.51,5.6827
20201115,Bagalkot,16.1867,75.6961,22.78,82.06,2.78,5.795
20201116,Bagalkot,16.1867,75.6961,24.06,85.93,3.28,3.696
20201117,Bagalkot,16.1867,75.6961,24.03,84.75,3.09,3.883
20201118,Bagalkot,16.1867,75.6961,23.89,84.41,2.69,4.3752
20201119,Bagalkot,16.1867,75.6961,23.8,83.24,2.62,5.2625
20201120,Bagalkot,16.1867,75.6961,23.43,81.02,2.23,5.5154
20201121,Bagalkot,16.1867,75.6961,22.95,77.98,1.54,5.4994
20201122,Bagalkot,16.1867,75.6961,22.64,81.54,1.35,5.1216
20201123,Bagalkot,16.1867,75.6961,21.86,86.15,1.82,4.0044
20201124,Bagalkot,16.1867,75.6961,21.13,79.96,2.08,4.5434
20201125,Bagalkot,16.1867,75.6961,22.09,81.25,2.8,5.2644
20201126,Bagalkot,16.1867,75.6961,21.96,82.65,3.18,3.3365
20201127,Bagalkot,16.1867,75.6961,21.3,81.72,3.55,3.5093
20201128,Bagalkot,16.1867,75.6961,21.68,85.0,3.75,1.3958
20201129,Bagalkot,16.1867,75.6961,22.79,83.29,2.62,2.5853
20201130,Bagalkot,16.1867,75.6961,23.06,79.3,2.44,4.6747
20201201,Bagalkot,16.1867,75.6961,21.74,78.22,2.31,4.6524
20201202,Bagalkot,16.1867,75.6961,20.41,76.28,2.15,5.3674
20201203,Bagalkot,16.1867,75.6961,20.98,75.35,1.82,4.7515
20201204,Bagalkot,16.1867,75.6961,21.8,77.37,2.32,5.2896
20201205,Bagalkot,16.1867,75.6961,22.23,76.6,2.44,5.0722
20201206,Bagalkot,16.1867,75.6961,21.84,75.61,2.83,5.1641
20201207,Bagalkot,16.1867,75.6961,22.66,75.36,3.07,5.0887
20201208,Bagalkot,16.1867,75.6961,22.86,74.86,3.12,4.9267
20201209,Bagalkot,16.1867,75.6961,22.89,74.31,2.77,4.1616
20201210,Bagalkot,16.1867,75.6961,22.25,71.63,1.86,5.0998
20201211,Bagalkot,16.1867,75.6961,22.17,70.19,1.7,4.9378
20201212,Bagalkot,16.1867,75.6961,21.36,66.66,2.11,5.1317
20201213,Bagalkot,16.1867,75.6961,21.46,67.4,1.65,5.1686
20201214,Bagalkot,16.1867,75.6961,21.66,68.94,1.79,4.7947
20201215,Bagalkot,16.1867,75.6961,21.32,67.97,2.6,5.1646
20201216,Bagalkot,16.1867,75.6961,21.86,73.96,2.78,5.0446
20201217,Bagalkot,16.1867,75.6961,22.12,69.59,2.43,4.8696
20201218,Bagalkot,16.1867,75.6961,22.12,72.2,2.48,4.5742
20201219,Bagalkot,16.1867,75.6961,21.46,69.65,3.11,4.2362
20201220,Bagalkot,16.1867,75.6961,20.34,66.99,3.14,4.7184
20201221,Bagalkot,16.1867,75.6961,18.96,65.52,2.39,5.1804
20201222,Bagalkot,16.1867,75.6961,18.83,65.54,2.13,5.1408
20201223,Bagalkot,16.1867,75.6961,19.76,65.39,1.97,5.1694
20201224,Bagalkot,16.1867,75.6961,21.06,67.53,2.05,4.9423
20201225,Bagalkot,16.1867,75.6961,21.11,68.1,2.43,4.9937
20201226,Bagalkot,16.1867,75.6961,20.54,69.21,2.4,4.6219
20201227,Bagalkot,16.1867,75.6961,20.84,69.35,1.93,4.752
20201228,Bagalkot,16.1867,75.6961,20.92,66.68,1.73,4.7323
20201229,Bagalkot,16.1867,75.6961,20.75,64.91,2.07,4.8017
20201230,Bagalkot,16.1867,75.6961,22.02,67.46,2.79,4.7906
20201231,Bagalkot,16.1867,75.6961,22.16,71.37,3.13,4.4446
20210101,Bagalkot,16.1867,75.6961,22.52,70.77,2.97,4.5067
20210102,Bagalkot,16.1867,75.6961,20.82,67.66,2.57,4.8703
20210103,Bagalkot,16.1867,75.6961,21.79,65.69,2.67,4.5482
20210104,Bagalkot,16.1867,75.6961,22.59,68.91,2.22,3.2789
20210105,Bagalkot,16.1867,75.6961,22.76,73.51,1.97,4.2468
20210106,Bagalkot,16.1867,75.6961,23.59,76.55,2.02,3.4375
20210107,Bagalkot,16.1867,75.6961,23.23,81.18,2.15,2.8586
20210108,Bagalkot,16.1867,75.6961,22.98,79.49,2.09,3.7442
20210109,Bagalkot,16.1867,75.6961,24.22,73.68,2.36,3.4073
20210110,Bagalkot,16.1867,75.6961,24.28,67.41,2.54,5.1629
20210111,Bagalkot,16.1867,75.6961,23.85,67.79,2.51,5.0527
20210112,Bagalkot,16.1867,75.6961,23.9,65.27,2.67,4.8662
20210113,Bagalkot,16.1867,75.6961,23.75,65.98,2.51,4.3723
20210114,Bagalkot,16.1867,75.6961,23.13,65.5,1.99,4.9759
20210115,Bagalkot,16.1867,75.6961,23.98,63.8,2.22,5.0993
20210116,Bagalkot,16.1867,75.6961,24.66,62.96,2.05,5.0767
20210117,Bagalkot,16.1867,75.6961,25.29,60.78,2.63,4.9171
20210118,Bagalkot,16.1867,75.6961,24.64,59.7,2.65,5.0203
20210119,Bagalkot,16.1867,75.6961,24.28,59.99,2.11,5.0532
20210120,Bagalkot,16.1867,75.6961,24.2,54.98,1.48,5.1845
20210121,Bagalkot,16.1867,75.6961,24.98,49.48,0.77,5.1799
20210122,Bagalkot,16.1867,75.6961,24.9,45.79,1.83,4.9238
20210123,Bagalkot,16.1867,75.6961,24.69,54.88,1.56,5.1286
20210124,Bagalkot,16.1867,75.6961,24.89,49.45,1.1,5.2181
20210125,Bagalkot,16.1867,75.6961,24.49,45.76,1.36,5.418
20210126,Bagalkot,16.1867,75.6961,24.39,41.16,1.22,5.5601
20210127,Bagalkot,16.1867,75.6961,23.39,43.38,1.55,5.537
20210128,Bagalkot,16.1867,75.6961,23.35,52.42,1.88,5.2274
20210129,Bagalkot,16.1867,75.6961,24.51,48.74,2.44,4.932
20210130,Bagalkot,16.1867,75.6961,24.34,40.58,1.65,5.6184
20210131,Bagalkot,16.1867,75.6961,24.31,42.38,2.04,5.5066
20210201,Bagalkot,16.1867,75.6961,24.43,46.81,3.36,5.1886
20210202,Bagalkot,16.1867,75.6961,24.3,46.43,2.99,5.5291
20210203,Bagalkot,16.1867,75.6961,23.62,43.64,2.52,5.508
20210204,Bagalkot,16.1867,75.6961,23.59,42.34,2.46,5.807
20210205,Bagalkot,16.1867,75.6961,24.18,42.37,1.51,5.8486
20210206,Bagalkot,16.1867,75.6961,24.1,38.36,1.72,5.8774
20210207,Bagalkot,16.1867,75.6961,23.17,38.72,2.96,5.9422
20210208,Bagalkot,16.1867,75.6961,22.43,29.29,3.32,6.0634
20210209,Bagalkot,16.1867,75.6961,22.97,39.71,2.67,5.8982
20210210,Bagalkot,16.1867,75.6961,23.61,37.33,2.13,6.0679
20210211,Bagalkot,16.1867,75.6961,23.98,31.98,2.05,6.187
20210212,Bagalkot,16.1867,75.6961,24.43,39.09,2.29,5.7521
20210213,Bagalkot,16.1867,75.6961,23.98,35.48,2.19,6.1265
20210214,Bagalkot,16.1867,75.6961,23.97,34.6,1.56,6.2213
20210215,Bagalkot,16.1867,75.6961,24.47,36.19,1.54,6.12
20210216,Bagalkot,16.1867,75.6961,24.81,39.08,1.75,5.8258
20210217,Bagalkot,16.1867,75.6961,25.93,51.02,0.87,5.237
20210218,Bagalkot,16.1867,75.6961,25.59,41.36,2.67,4.7998
20210219,Bagalkot,16.1867,75.6961,24.38,47.12,3.43,4.7647
20210220,Bagalkot,16.1867,75.6961,23.29,52.22,3.91,4.8118
20210221,Bagalkot,16.1867,75.6961,23.32,57.04,3.16,4.08
20210222,Bagalkot,16.1867,75.6961,24.24,56.78,2.11,5.0971
20210223,Bagalkot,16.1867,75.6961,25.95,48.42,1.98,5.7778
20210224,Bagalkot,16.1867,75.6961,26.34,42.65,2.04,6.3379
20210225,Bagalkot,16.1867,75.6961,27.39,39.63,0.81,6.3814
20210226,Bagalkot,16.1867,75.6961,27.77,40.37,1.54,5.8392
20210227,Bagalkot,16.1867,75.6961,27.64,33.84,2.11,5.8956
20210228,Bagalkot,16.1867,75.6961,27.68,30.15,2.4,6.372
20210301,Bagalkot,16.1867,75.6961,27.06,29.27,1.91,6.1378
20210302,Bagalkot,16.1867,75.6961,27.78,28.0,2.03,5.9165
20210303,Bagalkot,16.1867,75.6961,27.51,27.7,3.16,6.5738
20210304,Bagalkot,16.1867,75.6961,27.08,27.02,3.17,6.8518
20210305,Bagalkot,16.1867,75.6961,26.81,24.15,2.57,6.9554
20210306,Bagalkot,16.1867,75.6961,27.05,25.42,1.17,6.8724
20210307,Bagalkot,16.1867,75.6961,27.99,32.42,1.68,6.7721
20210308,Bagalkot,16.1867,75.6961,27.91,23.47,2.68,6.6972
20210309,Bagalkot,16.1867,75.6961,27.17,26.86,2.69,6.5923
20210310,Bagalkot,16.1867,75.6961,27.29,25.87,2.58,6.8306
20210311,Bagalkot,16.1867,75.6961,27.23,26.27,2.54,6.9377
20210312,Bagalkot,16.1867,75.6961,27.56,28.15,2.59,6.4289
20210313,Bagalkot,16.1867,75.6961,27.31,21.24,2.91,7.0786
20210314,Bagalkot,16.1867,75.6961,27.48,24.01,3.08,7.164
20210315,Bagalkot,16.1867,75.6961,27.9,25.04,2.82,7.2017
20210316,Bagalkot,16.1867,75.6961,27.98,27.7,1.94,6.7308
20210317,Bagalkot,16.1867,75.6961,28.88,26.04,2.31,5.6407
20210318,Bagalkot,16.1867,75.6961,30.09,29.62,1.84,5.5646
20210319,Bagalkot,16.1867,75.6961,30.83,28.1,1.37,5.7451
20210320,Bagalkot,16.1867,75.6961,30.31,27.95,2.81,6.4601
20210321,Bagalkot,16.1867,75.6961,29.9,31.33,2.19,6.4867
20210322,Bagalkot,16.1867,75.6961,30.24,29.11,2.36,5.9592
20210323,Bagalkot,16.1867,75.6961,30.32,25.58,3.12,6.6187
20210324,Bagalkot,16.1867,75.6961,30.03,28.97,2.94,6.7183
20210325,Bagalkot,16.1867,75.6961,30.05,28.68,1.95,5.7038
20210326,Bagalkot,16.1867,75.6961,31.13,27.56,2.74,6.233
20210327,Bagalkot,16.1867,75.6961,31.2,27.35,2.38,5.9297
20210328,Bagalkot,16.1867,75.6961,31.17,28.03,1.46,6.2465
20210329,Bagalkot,16.1867,75.6961,31.01,26.83,1.78,6.6686
20210330,Bagalkot,16.1867,75.6961,30.27,38.82,2.82,6.6761
20210331,Bagalkot,16.1867,75.6961,30.73,24.6,2.76,7.5521
20210401,Bagalkot,16.1867,75.6961,29.98,32.13,3.15,7.7014
20210402,Bagalkot,16.1867,75.6961,29.97,40.49,3.17,7.6282
20210403,Bagalkot,16.1867,75.6961,29.79,40.05,3.09,7.5974
20210404,Bagalkot,16.1867,75.6961,30.08,37.4,3.28,7.3109
20210405,Bagalkot,16.1867,75.6961,30.81,27.57,2.92,7.241
20210406,Bagalkot,16.1867,75.6961,31.1,28.14,2.51,6.078
20210407,Bagalkot,16.1867,75.6961,31.65,27.36,1.53,5.2056
20210408,Bagalkot,16.1867,75.6961,30.95,35.34,1.57,4.8742
20210409,Bagalkot,16.1867,75.6961,32.44,28.92,1.19,5.9952
20210410,Bagalkot,16.1867,75.6961,32.22,29.97,2.39,5.1972
20210411,Bagalkot,16.1867,75.6961,31.3,35.59,2.52,5.4912
20210412,Bagalkot,16.1867,75.6961,30.76,39.05,2.68,5.951
20210413,Bagalkot,16.1867,75.6961,30.7,41.75,2.53,5.3926
20210414,Bagalkot,16.1867,75.6961,29.93,50.59,1.45,6.6905
20210415,Bagalkot,16.1867,75.6961,30.2,43.41,1.67,6.8472
20210416,Bagalkot,16.1867,75.6961,30.2,43.35,2.35,6.8844
20210417,Bagalkot,16.1867,75.6961,31.57,35.99,1.92,6.5194
20210418,Bagalkot,16.1867,75.6961,32.26,36.58,2.01,6.2832
20210419,Bagalkot,16.1867,75.6961,31.77,44.7,3.26,6.7414
20210420,Bagalkot,16.1867,75.6961,31.48,39.68,3.25,7.1131
20210421,Bagalkot,16.1867,75.6961,31.23,41.09,3.06,6.6804
20210422,Bagalkot,16.1867,75.6961,32.19,33.49,2.7,6.5078
20210423,Bagalkot,16.1867,75.6961,29.31,54.32,1.56,5.6743
20210424,Bagalkot,16.1867,75.6961,29.61,53.03,1.58,6.6689
20210425,Bagalkot,16.1867,75.6961,30.15,54.43,2.03,5.471
20210426,Bagalkot,16.1867,75.6961,30.44,53.3,1.77,5.6441
20210427,Bagalkot,16.1867,75.6961,30.37,50.76,1.43,6.617
20210428,Bagalkot,16.1867,75.6961,30.44,50.36,1.89,6.8801
20210429,Bagalkot,16.1867,75.6961,31.64,43.75,0.97,5.8877
20210430,Bagalkot,16.1867,75.6961,30.27,50.66,1.57,7.1362
20210501,Bagalkot,16.1867,75.6961,30.68,52.35,1.54,6.0314
20210502,Bagalkot,16.1867,75.6961,30.89,52.74,1.58,6.0766
20210503,Bagalkot,16.1867,75.6961,31.18,48.62,1.94,5.9786
20210504,Bagalkot,16.1867,75.6961,30.64,52.91,1.88,6.0427
20210505,Bagalkot,16.1867,75.6961,30.68,56.8,1.38,5.9678
20210506,Bagalkot,16.1867,75.6961,30.29,62.23,1.33,6.1514
20210507,Bagalkot,16.1867,75.6961,29.92,59.6,1.48,4.8358
20210508,Bagalkot,16.1867,75.6961,30.75,55.74,1.85,6.6293
20210509,Bagalkot,16.1867,75.6961,29.79,60.85,1.57,5.3222
20210510,Bagalkot,16.1867,75.6961,30.1,60.8,1.5,5.9998
20210511,Bagalkot,16.1867,75.6961,29.97,62.01,2.06,6.113
20210512,Bagalkot,16.1867,75.6961,29.65,59.81,2.48,5.9275
20210513,Bagalkot,16.1867,75.6961,28.97,63.68,2.03,5.7185
20210514,Bagalkot,16.1867,75.6961,28.01,68.33,2.19,6.1214
20210515,Bagalkot,16.1867,75.6961,28.13,67.07,5.52,4.9181
20210516,Bagalkot,16.1867,75.6961,27.36,70.48,7.23,3.4526
20210517,Bagalkot,16.1867,75.6961,27.19,72.61,5.82,5.1528
20210518,Bagalkot,16.1867,75.6961,26.53,76.46,4.51,5.857
20210519,Bagalkot,16.1867,75.6961,27.08,74.78,4.26,5.3791
20210520,Bagalkot,16.1867,75.6961,27.39,70.29,4.19,6.169
20210521,Bagalkot,16.1867,75.6961,27.27,72.11,3.72,6.2885
20210522,Bagalkot,16.1867,75.6961,27.82,67.94,3.72,6.2371
20210523,Bagalkot,16.1867,75.6961,27.46,70.28,3.99,6.659
20210524,Bagalkot,16.1867,75.6961,27.0,72.34,3.59,4.8514
20210525,Bagalkot,16.1867,75.6961,27.43,73.73,4.08,6.4075
20210526,Bagalkot,16.1867,75.6961,28.26,67.48,5.33,6.9545
20210527,Bagalkot,16.1867,75.6961,27.46,67.76,5.65,6.9307
20210528,Bagalkot,16.1867,75.6961,27.9,68.3,4.45,5.8826
20210529,Bagalkot,16.1867,75.6961,27.52,68.53,3.57,6.438
20210530,Bagalkot,16.1867,75.6961,27.73,68.63,3.51,6.3984
20210531,Bagalkot,16.1867,75.6961,28.08,68.82,3.65,6.8539
20210601,Bagalkot,16.1867,75.6961,27.62,71.4,2.99,6.629
20210602,Bagalkot,16.1867,75.6961,27.63,72.36,1.19,6.3804
20210603,Bagalkot,16.1867,75.6961,27.53,74.94,1.62,5.7816
20210604,Bagalkot,16.1867,75.6961,27.14,74.42,1.57,5.4478
20210605,Bagalkot,16.1867,75.6961,27.06,69.43,2.81,4.4023
20210606,Bagalkot,16.1867,75.6961,26.81,70.15,3.48,5.1898
20210607,Bagalkot,16.1867,75.6961,26.9,68.44,4.49,7.1642
20210608,Bagalkot,16.1867,75.6961,27.48,68.33,4.56,6.6835
20210609,Bagalkot,16.1867,75.6961,26.75,72.91,5.31,4.7208
20210610,Bagalkot,16.1867,75.6961,25.99,71.71,5.49,4.5931
20210611,Bagalkot,16.1867,75.6961,26.22,69.9,5.62,5.6947
20210612,Bagalkot,16.1867,75.6961,25.12,73.79,6.95,5.0105
20210613,Bagalkot,16.1867,75.6961,24.96,76.87,5.92,4.9186
20210614,Bagalkot,16.1867,75.6961,24.6,73.38,5.25,4.5509
20210615,Bagalkot,16.1867,75.6961,25.21,71.9,6.18,4.4388
20210616,Bagalkot,16.1867,75.6961,24.89,83.76,5.49,4.3903
20210617,Bagalkot,16.1867,75.6961,25.55,81.47,6.42,4.9901
20210618,Bagalkot,16.1867,75.6961,25.89,78.29,6.59,4.3627
20210619,Bagalkot,16.1867,75.6961,25.07,82.21,5.59,3.1704
20210620,Bagalkot,16.1867,75.6961,24.99,81.15,4.85,5.9136
20210621,Bagalkot,16.1867,75.6961,25.81,77.64,4.17,5.9935
20210622,Bagalkot,16.1867,75.6961,25.91,76.31,4.42,6.1673
20210623,Bagalkot,16.1867,75.6961,25.27,79.61,4.09,5.2291
20210624,Bagalkot,16.1867,75.6961,25.34,77.61,4.38,4.2466
20210625,Bagalkot,16.1867,75.6961,25.78,74.31,4.68,4.4285
20210626,Bagalkot,16.1867,75.6961,25.66,74.7,4.86,5.3102
20210627,Bagalkot,16.1867,75.6961,23.83,81.61,3.97,1.9363
20210628,Bagalkot,16.1867,75.6961,24.63,77.35,2.91,5.0333
20210629,Bagalkot,16.1867,75.6961,26.35,75.75,3.03,6.3149
20210630,Bagalkot,16.1867,75.6961,27.01,73.73,3.95,6.3737
20210701,Bagalkot,16.1867,75.6961,26.13,78.07,3.92,4.0066
20210702,Bagalkot,16.1867,75.6961,24.63,82.92,3.24,4.662
20210703,Bagalkot,16.1867,75.6961,25.55,79.42,3.66,4.9884
20210704,Bagalkot,16.1867,75.6961,25.99,76.7,3.51,5.6707
20210705,Bagalkot,16.1867,75.6961,25.64,75.67,3.4,3.5438
20210706,Bagalkot,16.1867,75.6961,26.25,77.83,2.12,4.8252
20210707,Bagalkot,16.1867,75.6961,25.9,81.58,2.44,4.8917
20210708,Bagalkot,16.1867,75.6961,25.23,81.89,3.11,3.703
20210709,Bagalkot,16.1867,75.6961,24.77,80.37,3.57,3.8726
20210710,Bagalkot,16.1867,75.6961,23.39,82.21,4.47,4.4722
20210711,Bagalkot,16.1867,75.6961,23.61,84.3,5.2,3.8438
20210712,Bagalkot,16.1867,75.6961,24.92,79.7,5.67,4.1822
20210713,Bagalkot,16.1867,75.6961,24.08,79.89,5.16,3.7951
20210714,Bagalkot,16.1867,75.6961,24.66,81.07,5.81,3.7157
20210715,Bagalkot,16.1867,75.6961,26.03,79.27,5.29,3.8539
20210716,Bagalkot,16.1867,75.6961,25.31,80.87,5.29,4.1381
20210717,Bagalkot,16.1867,75.6961,25.74,80.88,4.94,3.9346
20210718,Bagalkot,16.1867,75.6961,24.6,88.47,6.06,4.0954
20210719,Bagalkot,16.1867,75.6961,24.78,82.78,6.14,4.1244
20210720,Bagalkot,16.1867,75.6961,24.87,81.94,6.33,3.965
20210721,Bagalkot,16.1867,75.6961,24.33,82.61,6.77,2.4276
20210722,Bagalkot,16.1867,75.6961,23.74,87.35,7.76,2.2205
20210723,Bagalkot,16.1867,75.6961,24.24,86.24,6.25,3.9499
20210724,Bagalkot,16.1867,75.6961,25.77,80.0,5.66,5.5289
20210725,Bagalkot,16.1867,75.6961,25.69,81.66,5.7,5.4067
20210726,Bagalkot,16.1867,75.6961,25.1,80.93,5.97,5.3921
20210727,Bagalkot,16.1867,75.6961,24.99,80.03,6.14,5.4871
20210728,Bagalkot,16.1867,75.6961,25.04,78.69,6.18,5.5375
20210729,Bagalkot,16.1867,75.6961,24.2,82.16,6.27,4.3488
20210730,Bagalkot,16.1867,75.6961,24.76,81.13,5.83,3.5448
20210731,Bagalkot,16.1867,75.6961,24.36,82.37,5.38,3.3324
20210801,Bagalkot,16.1867,75.6961,24.95,78.47,6.13,4.187
20210802,Bagalkot,16.1867,75.6961,24.93,77.8,5.73,4.5641
20210803,Bagalkot,16.1867,75.6961,25.09,79.48,5.55,4.4909
20210804,Bagalkot,16.1867,75.6961,24.99,80.88,5.74,4.3704
20210805,Bagalkot,16.1867,75.6961,25.3,78.78,6.17,4.0934
20210806,Bagalkot,16.1867,75.6961,25.51,78.5,5.51,4.4179
20210807,Bagalkot,16.1867,75.6961,25.85,78.59,4.2,5.4204
20210808,Bagalkot,16.1867,75.6961,25.96,79.02,3.24,5.2224
20210809,Bagalkot,16.1867,75.6961,26.11,77.72,2.94,5.5145
20210810,Bagalkot,16.1867,75.6961,25.97,77.34,3.54,4.6399
20210811,Bagalkot,16.1867,75.6961,25.1,79.43,3.44,5.3501
20210812,Bagalkot,16.1867,75.6961,25.16,80.06,3.68,4.7719
20210813,Bagalkot,16.1867,75.6961,24.93,80.23,4.1,5.1826
20210814,Bagalkot,16.1867,75.6961,25.0,79.21,4.64,3.8688
20210815,Bagalkot,16.1867,75.6961,24.48,80.89,4.68,4.4446
20210816,Bagalkot,16.1867,75.6961,24.29,82.1,3.05,3.0744
20210817,Bagalkot,16.1867,75.6961,24.37,78.17,3.74,2.6405
20210818,Bagalkot,16.1867,75.6961,24.34,76.19,4.42,4.5286
20210819,Bagalkot,16.1867,75.6961,24.09,77.07,4.37,4.6003
20210820,Bagalkot,16.1867,75.6961,23.47,80.04,3.68,4.4642
20210821,Bagalkot,16.1867,75.6961,23.53,84.34,3.8,4.7662
20210822,Bagalkot,16.1867,75.6961,25.17,75.66,2.25,5.6902
20210823,Bagalkot,16.1867,75.6961,25.31,78.09,2.37,6.0797
20210824,Bagalkot,16.1867,75.6961,25.54,77.81,2.64,6.3727
20210825,Bagalkot,16.1867,75.6961,25.6,78.89,2.71,5.8205
20210826,Bagalkot,16.1867,75.6961,25.32,81.07,2.92,5.3657
20210827,Bagalkot,16.1867,75.6961,25.69,78.92,3.07,4.6462
20210828,Bagalkot,16.1867,75.6961,24.65,80.46,3.76,4.4354
20210829,Bagalkot,16.1867,75.6961,24.82,75.88,4.43,3.4241
20210830,Bagalkot,16.1867,75.6961,23.22,79.47,3.99,3.6778
20210831,Bagalkot,16.1867,75.6961,23.48,80.11,3.79,3.0384
20210901,Bagalkot,16.1867,75.6961,25.34,75.97,3.62,4.7311
20210902,Bagalkot,16.1867,75.6961,25.49,77.67,3.73,4.5607
20210903,Bagalkot,16.1867,75.6961,24.66,82.77,3.37,4.8749
20210904,Bagalkot,16.1867,75.6961,24.77,81.95,3.42,4.5744
20210905,Bagalkot,16.1867,75.6961,23.91,85.19,3.33,4.099
20210906,Bagalkot,16.1867,75.6961,24.04,81.99,4.84,3.761
20210907,Bagalkot,16.1867,75.6961,23.51,83.93,5.56,2.4614
20210908,Bagalkot,16.1867,75.6961,25.13,78.64,6.35,4.6627
20210909,Bagalkot,16.1867,75.6961,25.06,79.7,5.07,4.925
20210910,Bagalkot,16.1867,75.6961,25.37,78.96,5.06,4.9723
20210911,Bagalkot,16.1867,75.6961,25.2,80.18,4.84,3.6574
20210912,Bagalkot,16.1867,75.6961,24.77,82.79,4.82,4.3826
20210913,Bagalkot,16.1867,75.6961,24.73,84.79,4.94,3.3888
20210914,Bagalkot,16.1867,75.6961,25.54,80.13,4.79,4.4561
20210915,Bagalkot,16.1867,75.6961,25.28,79.87,3.76,4.8883
20210916,Bagalkot,16.1867,75.6961,25.08,79.51,3.6,5.1079
20210917,Bagalkot,16.1867,75.6961,25.37,76.71,3.22,5.4917
20210918,Bagalkot,16.1867,75.6961,25.43,73.09,3.08,5.9945
20210919,Bagalkot,16.1867,75.6961,25.88,73.93,2.44,5.7785
20210920,Bagalkot,16.1867,75.6961,25.74,77.54,2.85,5.165
20210921,Bagalkot,16.1867,75.6961,24.37,85.47,3.2,3.714
20210922,Bagalkot,16.1867,75.6961,24.99,81.25,3.38,3.7438
20210923,Bagalkot,16.1867,75.6961,24.71,83.72,3.46,3.9221
20210924,Bagalkot,16.1867,75.6961,24.98,80.57,2.54,4.727
20210925,Bagalkot,16.1867,75.6961,25.47,79.64,2.83,4.9421
20210926,Bagalkot,16.1867,75.6961,24.89,80.62,2.8,3.9182
20210927,Bagalkot,16.1867,75.6961,23.33,84.73,4.05,2.1876
20210928,Bagalkot,16.1867,75.6961,22.37,81.81,4.91,3.2374
20210929,Bagalkot,16.1867,75.6961,23.83,78.41,3.84,3.8537
20210930,Bagalkot,16.1867,75.6961,25.87,77.28,2.21,5.3827
20211001,Bagalkot,16.1867,75.6961,25.54,83.01,1.07,5.5982
20211002,Bagalkot,16.1867,75.6961,25.96,82.4,1.46,5.1665
20211003,Bagalkot,16.1867,75.6961,25.82,79.91,1.97,5.4511
20211004,Bagalkot,16.1867,75.6961,25.98,81.14,1.62,5.8982
20211005,Bagalkot,16.1867,75.6961,25.52,84.61,1.72,5.7554
20211006,Bagalkot,16.1867,75.6961,25.49,85.38,1.93,4.8588
20211007,Bagalkot,16.1867,75.6961,25.91,83.06,1.87,4.6714
20211008,Bagalkot,16.1867,75.6961,24.81,86.24,1.99,5.2471
20211009,Bagalkot,16.1867,75.6961,24.36,87.44,1.85,5.0839
20211010,Bagalkot,16.1867,75.6961,24.83,83.85,1.99,5.3717
20211011,Bagalkot,16.1867,75.6961,25.09,84.62,1.54,4.1146
20211012,Bagalkot,16.1867,75.6961,25.14,80.74,1.31,5.4425
20211013,Bagalkot,16.1867,75.6961,25.18,76.63,0.99,5.4718
20211014,Bagalkot,16.1867,75.6961,25.3,77.64,1.39,5.0784
20211015,Bagalkot,16.1867,75.6961,25.28,76.47,1.94,5.3422
20211016,Bagalkot,16.1867,75.6961,25.34,76.35,1.11,5.094
20211017,Bagalkot,16.1867,75.6961,25.12,79.32,2.47,5.2318
20211018,Bagalkot,16.1867,75.6961,24.87,77.38,3.12,5.7415
20211019,Bagalkot,16.1867,75.6961,24.94,77.48,1.76,5.8075
20211020,Bagalkot,16.1867,75.6961,24.82,79.68,1.55,5.7113
20211021,Bagalkot,16.1867,75.6961,23.7,79.11,1.69,5.3016
20211022,Bagalkot,16.1867,75.6961,24.62,70.81,1.66,5.262
20211023,Bagalkot,16.1867,75.6961,24.5,74.44,1.57,4.7611
20211024,Bagalkot,16.1867,75.6961,24.72,78.52,1.18,5.1569
20211025,Bagalkot,16.1867,75.6961,23.93,79.82,1.54,4.6219
20211026,Bagalkot,16.1867,75.6961,23.61,69.25,2.25,5.6885
20211027,Bagalkot,16.1867,75.6961,22.96,71.45,2.71,5.7874
20211028,Bagalkot,16.1867,75.6961,22.77,70.44,2.49,5.4521
20211029,Bagalkot,16.1867,75.6961,24.53,78.71,2.97,4.7429
20211030,Bagalkot,16.1867,75.6961,25.26,78.29,2.8,4.3166
20211031,Bagalkot,16.1867,75.6961,24.96,82.3,2.12,3.7056
20211101,Bagalkot,16.1867,75.6961,24.92,78.52,2.77,4.5617
20211102,Bagalkot,16.1867,75.6961,23.52,81.62,2.85,4.6531
20211103,Bagalkot,16.1867,75.6961,23.75,79.86,2.49,3.7061
20211104,Bagalkot,16.1867,75.6961,24.48,79.91,2.24,4.1378
20211105,Bagalkot,16.1867,75.6961,24.63,77.99,2.37,4.806
20211106,Bagalkot,16.1867,75.6961,24.94,74.41,2.06,5.0537
20211107,Bagalkot,16.1867,75.6961,23.72,73.57,2.11,4.5662
20211108,Bagalkot,16.1867,75.6961,23.07,68.34,1.76,4.6042
20211109,Bagalkot,16.1867,75.6961,22.58,67.32,2.44,5.3995
20211110,Bagalkot,16.1867,75.6961,22.06,66.17,2.26,4.9805
20211111,Bagalkot,16.1867,75.6961,21.65,68.85,1.89,3.8326
20211112,Bagalkot,16.1867,75.6961,22.02,81.35,2.9,2.8882
20211113,Bagalkot,16.1867,75.6961,24.41,81.58,2.4,2.3599
20211114,Bagalkot,16.1867,75.6961,25.2,79.76,1.67,3.1207
20211115,Bagalkot,16.1867,75.6961,25.82,78.9,2.44,3.7142
20211116,Bagalkot,16.1867,75.6961,25.5,80.07,3.03,3.1298
20211117,Bagalkot,16.1867,75.6961,24.54,85.11,3.12,2.9796
20211118,Bagalkot,16.1867,75.6961,23.94,82.06,1.77,3.6485
20211119,Bagalkot,16.1867,75.6961,23.55,85.52,2.42,1.4256
20211120,Bagalkot,16.1867,75.6961,24.74,82.92,2.79,2.2706
20211121,Bagalkot,16.1867,75.6961,24.68,84.44,2.16,3.001
20211122,Bagalkot,16.1867,75.6961,25.26,79.43,1.05,3.7975
20211123,Bagalkot,16.1867,75.6961,25.39,79.91,1.29,4.2826
20211124,Bagalkot,16.1867,75.6961,25.19,80.22,1.76,3.7807
20211125,Bagalkot,16.1867,75.6961,24.79,76.85,2.66,5.2114
20211126,Bagalkot,16.1867,75.6961,23.58,75.14,2.05,4.29
20211127,Bagalkot,16.1867,75.6961,21.78,72.51,2.1,3.7001
20211128,Bagalkot,16.1867,75.6961,21.08,73.39,2.61,4.7124
20211129,Bagalkot,16.1867,75.6961,22.98,80.77,3.3,2.01
20211130,Bagalkot,16.1867,75.6961,23.06,81.11,2.92,3.5189
20211201,Bagalkot,16.1867,75.6961,23.02,80.84,2.55,3.6958
20211202,Bagalkot,16.1867,75.6961,23.24,83.23,2.15,2.0873
20211203,Bagalkot,16.1867,75.6961,23.98,79.27,1.13,3.6398
20211204,Bagalkot,16.1867,75.6961,23.29,80.68,1.05,3.9384
20211205,Bagalkot,16.1867,75.6961,23.72,76.34,1.16,3.9545
20211206,Bagalkot,16.1867,75.6961,23.15,69.94,1.15,4.7856
20211207,Bagalkot,16.1867,75.6961,22.75,70.75,1.78,4.8266
20211208,Bagalkot,16.1867,75.6961,22.73,69.02,2.23,4.5749
20211209,Bagalkot,16.1867,75.6961,23.62,76.56,1.92,3.731
20211210,Bagalkot,16.1867,75.6961,23.92,76.76,2.45,3.2378
20211211,Bagalkot,16.1867,75.6961,23.41,74.24,2.5,4.4122
20211212,Bagalkot,16.1867,75.6961,23.49,73.3,2.46,3.978
20211213,Bagalkot,16.1867,75.6961,22.49,76.44,2.06,3.7438
20211214,Bagalkot,16.1867,75.6961,22.59,76.92,2.28,3.7176
20211215,Bagalkot,16.1867,75.6961,22.09,79.87,2.05,3.5287
20211216,Bagalkot,16.1867,75.6961,22.0,75.37,1.98,4.122
20211217,Bagalkot,16.1867,75.6961,21.47,66.91,1.73,4.7609
20211218,Bagalkot,16.1867,75.6961,20.38,64.13,2.32,5.0623
20211219,Bagalkot,16.1867,75.6961,18.97,62.26,2.37,4.9382
20211220,Bagalkot,16.1867,75.6961,18.8,67.36,2.26,4.812
20211221,Bagalkot,16.1867,75.6961,19.67,60.4,1.19,4.7242
20211222,Bagalkot,16.1867,75.6961,20.75,57.11,1.24,4.8379
20211223,Bagalkot,16.1867,75.6961,21.59,60.03,0.76,4.8094
20211224,Bagalkot,16.1867,75.6961,22.4,61.17,1.08,4.872
20211225,Bagalkot,16.1867,75.6961,22.3,65.8,1.13,4.7832
20211226,Bagalkot,16.1867,75.6961,22.51,57.88,1.05,4.8612
20211227,Bagalkot,16.1867,75.6961,21.79,66.4,1.76,4.511
20211228,Bagalkot,16.1867,75.6961,21.91,65.16,2.13,4.8014
20211229,Bagalkot,16.1867,75.6961,21.79,64.28,1.84,4.715
20211230,Bagalkot,16.1867,75.6961,21.52,62.77,3.0,5.0328
20211231,Bagalkot,16.1867,75.6961,22.53,68.44,3.39,4.3193
20220101,Bagalkot,16.1867,75.6961,23.19,68.69,2.59,3.936
20220102,Bagalkot,16.1867,75.6961,23.39,64.79,2.45,4.5946
20220103,Bagalkot,16.1867,75.6961,22.94,64.7,2.16,4.3025
20220104,Bagalkot,16.1867,75.6961,22.61,59.8,2.43,4.913
20220105,Bagalkot,16.1867,75.6961,21.7,59.41,2.04,4.8876
20220106,Bagalkot,16.1867,75.6961,21.83,56.38,1.8,5.1146
20220107,Bagalkot,16.1867,75.6961,22.55,64.84,2.31,4.627
20220108,Bagalkot,16.1867,75.6961,23.21,62.73,1.44,4.6092
20220109,Bagalkot,16.1867,75.6961,22.89,57.73,1.7,5.0064
20220110,Bagalkot,16.1867,75.6961,23.09,62.05,1.95,4.7988
20220111,Bagalkot,16.1867,75.6961,23.09,60.0,2.54,5.2454
20220112,Bagalkot,16.1867,75.6961,21.44,59.07,2.32,5.4938
20220113,Bagalkot,16.1867,75.6961,20.54,63.87,2.76,5.3443
20220114,Bagalkot,16.1867,75.6961,20.77,65.16,2.48,4.6522
20220115,Bagalkot,16.1867,75.6961,22.58,57.78,1.13,4.7489
20220116,Bagalkot,16.1867,75.6961,24.14,56.53,2.52,4.0109
20220117,Bagalkot,16.1867,75.6961,23.98,61.05,2.63,3.8455
20220118,Bagalkot,16.1867,75.6961,23.6,55.4,2.25,5.1974
20220119,Bagalkot,16.1867,75.6961,22.81,48.04,1.83,5.4494
20220120,Bagalkot,16.1867,75.6961,24.05,39.01,1.28,5.5994
20220121,Bagalkot,16.1867,75.6961,23.82,41.81,2.2,5.7744
20220122,Bagalkot,16.1867,75.6961,23.49,51.69,2.61,5.755
20220123,Bagalkot,16.1867,75.6961,22.48,63.36,3.46,5.2022
20220124,Bagalkot,16.1867,75.6961,20.15,56.78,2.09,4.7153
20220125,Bagalkot,16.1867,75.6961,21.05,50.35,1.61,5.2366
20220126,Bagalkot,16.1867,75.6961,21.68,47.47,1.29,5.1653
20220127,Bagalkot,16.1867,75.6961,22.42,49.14,2.59,4.7861
20220128,Bagalkot,16.1867,75.6961,22.1,39.65,3.49,5.5392
20220129,Bagalkot,16.1867,75.6961,21.61,34.7,2.76,5.9791
20220130,Bagalkot,16.1867,75.6961,23.27,35.25,1.27,5.8253
20220131,Bagalkot,16.1867,75.6961,25.1,26.36,1.12,5.7458
20220201,Bagalkot,16.1867,75.6961,24.62,27.57,1.55,5.8416
20220202,Bagalkot,16.1867,75.6961,25.96,28.63,0.88,5.7686
20220203,Bagalkot,16.1867,75.6961,24.5,46.21,2.58,5.8474
20220204,Bagalkot,16.1867,75.6961,22.79,48.79,2.21,6.3122
20220205,Bagalkot,16.1867,75.6961,23.59,46.25,1.05,6.1961
20220206,Bagalkot,16.1867,75.6961,24.38,40.77,1.88,5.7523
20220207,Bagalkot,16.1867,75.6961,25.89,45.34,0.62,5.6318
20220208,Bagalkot,16.1867,75.6961,25.4,52.03,2.02,5.8644
20220209,Bagalkot,16.1867,75.6961,25.58,50.84,1.27,5.7674
20220210,Bagalkot,16.1867,75.6961,26.37,43.51,1.8,5.2354
20220211,Bagalkot,16.1867,75.6961,25.97,36.34,3.11,5.053
20220212,Bagalkot,16.1867,75.6961,25.12,41.67,2.86,5.555
20220213,Bagalkot,16.1867,75.6961,24.31,36.04,2.26,5.8092
20220214,Bagalkot,16.1867,75.6961,24.78,39.95,1.96,5.9323
20220215,Bagalkot,16.1867,75.6961,25.68,38.75,1.85,4.8662
20220216,Bagalkot,16.1867,75.6961,25.27,39.58,2.03,5.6832
20220217,Bagalkot,16.1867,75.6961,25.62,39.05,1.34,5.2147
20220218,Bagalkot,16.1867,75.6961,26.56,40.12,1.88,5.1564
20220219,Bagalkot,16.1867,75.6961,26.84,38.0,2.41,6.0353
20220220,Bagalkot,16.1867,75.6961,27.44,38.45,1.53,6.084
20220221,Bagalkot,16.1867,75.6961,27.14,35.66,2.09,6.2806
20220222,Bagalkot,16.1867,75.6961,27.26,33.66,2.18,6.1658
20220223,Bagalkot,16.1867,75.6961,27.56,40.16,3.2,6.0552
20220224,Bagalkot,16.1867,75.6961,27.05,35.79,2.92,6.1925
20220225,Bagalkot,16.1867,75.6961,26.2,27.52,2.81,6.5609
20220226,Bagalkot,16.1867,75.6961,25.7,24.56,3.37,6.9262
20220227,Bagalkot,16.1867,75.6961,25.26,33.98,3.0,6.8021
20220228,Bagalkot,16.1867,75.6961,25.66,32.75,2.7,6.7548
20220301,Bagalkot,16.1867,75.6961,26.19,26.72,2.67,6.762
20220302,Bagalkot,16.1867,75.6961,26.82,26.65,3.36,6.7524
20220303,Bagalkot,16.1867,75.6961,26.81,26.41,3.18,6.9684
20220304,Bagalkot,16.1867,75.6961,27.0,30.87,2.85,6.7711
20220305,Bagalkot,16.1867,75.6961,27.4,27.99,2.83,6.2246
20220306,Bagalkot,16.1867,75.6961,27.4,32.1,3.08,5.7679
20220307,Bagalkot,16.1867,75.6961,27.99,35.14,3.91,6.5426
20220308,Bagalkot,16.1867,75.6961,29.43,35.55,2.68,6.3516
20220309,Bagalkot,16.1867,75.6961,30.08,29.31,2.19,6.221
20220310,Bagalkot,16.1867,75.6961,29.24,30.13,2.15,5.0172
20220311,Bagalkot,16.1867,75.6961,29.77,28.84,2.3,5.1202
20220312,Bagalkot,16.1867,75.6961,29.13,29.34,1.64,4.1748
20220313,Bagalkot,16.1867,75.6961,29.24,31.28,2.48,5.647
20220314,Bagalkot,16.1867,75.6961,29.45,26.87,2.31,6.0958
20220315,Bagalkot,16.1867,75.6961,29.27,15.4,2.22,6.8026
20220316,Bagalkot,16.1867,75.6961,30.25,18.48,1.75,6.9672
20220317,Bagalkot,16.1867,75.6961,30.79,24.21,1.68,6.654
20220318,Bagalkot,16.1867,75.6961,30.58,43.29,2.04,6.4284
20220319,Bagalkot,16.1867,75.6961,30.0,49.45,3.19,5.9386
20220320,Bagalkot,16.1867,75.6961,29.37,48.08,2.58,5.2282
20220321,Bagalkot,16.1867,75.6961,30.03,43.59,2.22,5.2694
20220322,Bagalkot,16.1867,75.6961,30.29,45.46,2.17,5.1871
20220323,Bagalkot,16.1867,75.6961,31.22,40.83,1.63,5.0798
20220324,Bagalkot,16.1867,75.6961,30.27,48.43,2.13,5.1926
20220325,Bagalkot,16.1867,75.6961,31.16,46.92,2.07,4.8336
20220326,Bagalkot,16.1867,75.6961,31.61,42.43,1.35,5.021
20220327,Bagalkot,16.1867,75.6961,31.81,39.55,1.78,5.0491
20220328,Bagalkot,16.1867,75.6961,32.3,37.83,1.34,5.2783
20220329,Bagalkot,16.1867,75.6961,32.11,37.76,1.78,6.7123
20220330,Bagalkot,16.1867,75.6961,31.53,32.61,1.99,7.1266
20220331,Bagalkot,16.1867,75.6961,31.2,33.47,1.87,7.2958
20220401,Bagalkot,16.1867,75.6961,31.25,26.18,1.79,7.3214
20220402,Bagalkot,16.1867,75.6961,31.87,31.56,1.77,6.6907
20220403,Bagalkot,16.1867,75.6961,32.06,28.04,2.07,6.1867
20220404,Bagalkot,16.1867,75.6961,32.36,31.52,1.86,6.0324
20220405,Bagalkot,16.1867,75.6961,32.83,27.97,2.77,5.7226
20220406,Bagalkot,16.1867,75.6961,32.48,26.84,2.55,5.5742
20220407,Bagalkot,16.1867,75.6961,32.72,26.86,2.46,6.0067
20220408,Bagalkot,16.1867,75.6961,32.43,28.73,2.38,6.0319
20220409,Bagalkot,16.1867,75.6961,32.68,33.5,2.13,5.6112
20220410,Bagalkot,16.1867,75.6961,31.73,40.01,1.34,5.2262
20220411,Bagalkot,16.1867,75.6961,31.63,37.65,1.49,6.1373
20220412,Bagalkot,16.1867,75.6961,31.72,34.14,1.61,5.3587
20220413,Bagalkot,16.1867,75.6961,32.52,29.01,2.82,6.1097
20220414,Bagalkot,16.1867,75.6961,31.38,43.06,2.15,5.1101
20220415,Bagalkot,16.1867,75.6961,30.18,47.97,2.25,4.1105
20220416,Bagalkot,16.1867,75.6961,30.79,46.19,2.25,6.1042
20220417,Bagalkot,16.1867,75.6961,29.32,56.03,2.34,6.8796
20220418,Bagalkot,16.1867,75.6961,29.06,57.11,1.95,6.491
20220419,Bagalkot,16.1867,75.6961,27.48,58.12,2.86,6.2832
20220420,Bagalkot,16.1867,75.6961,30.63,48.64,1.57,6.8566
20220421,Bagalkot,16.1867,75.6961,31.69,42.96,2.44,6.6377
20220422,Bagalkot,16.1867,75.6961,30.14,54.46,1.85,5.2447
20220423,Bagalkot,16.1867,75.6961,28.48,57.61,1.77,5.4677
20220424,Bagalkot,16.1867,75.6961,27.21,62.54,1.44,5.8063
20220425,Bagalkot,16.1867,75.6961,29.23,58.41,1.29,6.0432
20220426,Bagalkot,16.1867,75.6961,29.15,60.81,1.89,6.311
20220427,Bagalkot,16.1867,75.6961,30.56,53.48,1.84,6.833
20220428,Bagalkot,16.1867,75.6961,30.66,53.67,0.85,6.059
20220429,Bagalkot,16.1867,75.6961,30.42,56.54,1.42,7.0332
20220430,Bagalkot,16.1867,75.6961,30.12,51.59,2.89,7.2175
20220501,Bagalkot,16.1867,75.6961,30.15,47.55,3.23,7.2504
20220502,Bagalkot,16.1867,75.6961,30.26,49.49,3.5,7.4779
20220503,Bagalkot,16.1867,75.6961,30.6,48.1,3.27,7.309
20220504,Bagalkot,16.1867,75.6961,31.24,50.91,2.21,6.1937
20220505,Bagalkot,16.1867,75.6961,27.85,66.63,2.21,6.3895
20220506,Bagalkot,16.1867,75.6961,30.05,54.62,2.28,6.5652
20220507,Bagalkot,16.1867,75.6961,31.08,51.04,2.42,6.7978
20220508,Bagalkot,16.1867,75.6961,31.75,49.92,2.17,5.6093
20220509,Bagalkot,16.1867,75.6961,32.34,45.63,4.14,5.616
20220510,Bagalkot,16.1867,75.6961,29.86,49.21,4.81,4.8432
20220511,Bagalkot,16.1867,75.6961,30.08,55.93,4.83,2.6933
20220512,Bagalkot,16.1867,75.6961,29.96,59.3,4.53,4.2418
20220513,Bagalkot,16.1867,75.6961,29.54,59.98,4.39,2.4144
20220514,Bagalkot,16.1867,75.6961,30.73,52.91,3.82,5.1312
20220515,Bagalkot,16.1867,75.6961,30.84,52.94,3.95,6.4606
20220516,Bagalkot,16.1867,75.6961,31.19,55.11,3.61,6.0077
20220517,Bagalkot,16.1867,75.6961,30.2,58.57,2.48,4.7947
20220518,Bagalkot,16.1867,75.6961,28.75,65.39,1.84,2.7782
20220519,Bagalkot,16.1867,75.6961,26.87,79.14,2.8,1.968
20220520,Bagalkot,16.1867,75.6961,25.94,78.58,4.23,1.4846
20220521,Bagalkot,16.1867,75.6961,26.2,72.64,4.62,4.1026
20220522,Bagalkot,16.1867,75.6961,27.31,70.86,4.98,6.3876
20220523,Bagalkot,16.1867,75.6961,28.12,70.32,4.38,6.6557
20220524,Bagalkot,16.1867,75.6961,28.66,67.71,4.12,7.1297
20220525,Bagalkot,16.1867,75.6961,28.92,63.3,3.11,6.7954
20220526,Bagalkot,16.1867,75.6961,28.55,61.12,4.18,7.4057
20220527,Bagalkot,16.1867,75.6961,28.17,62.08,4.79,7.4945
20220528,Bagalkot,16.1867,75.6961,28.24,59.32,4.17,7.5578
20220529,Bagalkot,16.1867,75.6961,28.55,61.1,4.1,7.428
20220530,Bagalkot,16.1867,75.6961,28.82,61.2,3.78,7.363
20220531,Bagalkot,16.1867,75.6961,28.6,62.23,3.44,6.3828
20220601,Bagalkot,16.1867,75.6961,26.97,69.51,2.48,5.6342
20220602,Bagalkot,16.1867,75.6961,27.55,69.34,3.07,6.5081
20220603,Bagalkot,16.1867,75.6961,27.97,67.23,3.47,5.706
20220604,Bagalkot,16.1867,75.6961,28.29,64.33,2.95,6.8986
20220605,Bagalkot,16.1867,75.6961,27.57,69.35,3.05,6.3516
20220606,Bagalkot,16.1867,75.6961,25.81,77.41,2.77,4.9054
20220607,Bagalkot,16.1867,75.6961,27.29,68.74,3.16,3.9636
20220608,Bagalkot,16.1867,75.6961,26.6,73.17,3.88,5.965
20220609,Bagalkot,16.1867,75.6961,27.06,72.49,3.59,6.4378
20220610,Bagalkot,16.1867,75.6961,27.39,71.33,4.31,4.8209
20220611,Bagalkot,16.1867,75.6961,26.88,67.79,4.66,5.6738
20220612,Bagalkot,16.1867,75.6961,26.7,66.57,4.49,5.6436
20220613,Bagalkot,16.1867,75.6961,27.33,66.58,3.77,5.6174
20220614,Bagalkot,16.1867,75.6961,27.56,63.33,3.86,6.6636
20220615,Bagalkot,16.1867,75.6961,26.45,67.6,3.64,5.5493
20220616,Bagalkot,16.1867,75.6961,26.65,70.39,3.66,5.2114
20220617,Bagalkot,16.1867,75.6961,26.09,73.8,2.79,5.755
20220618,Bagalkot,16.1867,75.6961,26.1,69.21,3.29,5.5538
20220619,Bagalkot,16.1867,75.6961,26.61,69.5,4.14,5.5416
20220620,Bagalkot,16.1867,75.6961,26.29,71.34,5.07,5.3042
20220621,Bagalkot,16.1867,75.6961,25.45,76.63,4.88,4.0956
20220622,Bagalkot,16.1867,75.6961,25.9,76.51,3.43,4.6488
20220623,Bagalkot,16.1867,75.6961,26.68,69.64,4.15,4.9495
20220624,Bagalkot,16.1867,75.6961,26.38,69.75,4.92,4.9937
20220625,Bagalkot,16.1867,75.6961,25.75,74.42,5.42,4.4378
20220626,Bagalkot,16.1867,75.6961,25.54,74.19,5.73,3.5976
20220627,Bagalkot,16.1867,75.6961,26.25,73.51,5.53,4.3246
20220628,Bagalkot,16.1867,75.6961,25.65,77.29,3.89,5.089
20220629,Bagalkot,16.1867,75.6961,26.29,75.78,4.68,5.2442
20220630,Bagalkot,16.1867,75.6961,26.04,76.57,4.13,4.9342
20220701,Bagalkot,16.1867,75.6961,26.51,74.91,4.6,4.6044
20220702,Bagalkot,16.1867,75.6961,26.38,73.64,5.0,4.6495
20220703,Bagalkot,16.1867,75.6961,26.72,73.05,5.31,5.0129
20220704,Bagalkot,16.1867,75.6961,25.47,79.19,5.39,3.7754
20220705,Bagalkot,16.1867,75.6961,25.62,77.79,6.21,3.2803
20220706,Bagalkot,16.1867,75.6961,25.95,75.18,5.55,3.3785
20220707,Bagalkot,16.1867,75.6961,25.64,76.56,5.86,3.3322
20220708,Bagalkot,16.1867,75.6961,25.29,76.61,6.49,2.6381
20220709,Bagalkot,16.1867,75.6961,24.2,83.67,5.95,2.4238
20220710,Bagalkot,16.1867,75.6961,24.65,78.66,6.56,3.1901
20220711,Bagalkot,16.1867,75.6961,24.46,80.47,6.99,2.579
20220712,Bagalkot,16.1867,75.6961,24.22,81.2,6.88,2.2884
20220713,Bagalkot,16.1867,75.6961,23.76,81.71,8.08,1.7227
20220714,Bagalkot,16.1867,75.6961,24.0,79.77,8.76,3.1886
20220715,Bagalkot,16.1867,75.6961,25.16,74.92,7.96,4.0476
20220716,Bagalkot,16.1867,75.6961,25.72,76.83,6.61,4.0601
20220717,Bagalkot,16.1867,75.6961,25.03,81.14,5.29,3.637
20220718,Bagalkot,16.1867,75.6961,24.44,79.48,5.61,2.951
20220719,Bagalkot,16.1867,75.6961,25.29,76.88,4.76,4.8965
20220720,Bagalkot,16.1867,75.6961,26.07,74.46,4.55,5.557
20220721,Bagalkot,16.1867,75.6961,25.27,77.23,4.08,4.9874
20220722,Bagalkot,16.1867,75.6961,25.13,77.85,4.15,3.521
20220723,Bagalkot,16.1867,75.6961,24.12,81.74,4.71,3.397
20220724,Bagalkot,16.1867,75.6961,24.87,77.61,4.79,3.1915
20220725,Bagalkot,16.1867,75.6961,25.54,74.91,4.2,5.3455
20220726,Bagalkot,16.1867,75.6961,25.64,74.37,3.33,3.2122
20220727,Bagalkot,16.1867,75.6961,25.07,82.58,1.41,5.2454
20220728,Bagalkot,16.1867,75.6961,26.56,76.04,1.34,5.8529
20220729,Bagalkot,16.1867,75.6961,27.67,73.07,1.13,6.1666
20220730,Bagalkot,16.1867,75.6961,26.81,76.8,2.02,6.0326
20220731,Bagalkot,16.1867,75.6961,25.39,83.23,2.41,5.2742
20220801,Bagalkot,16.1867,75.6961,25.07,83.14,3.97,4.457
20220802,Bagalkot,16.1867,75.6961,24.8,83.98,3.33,2.9647
20220803,Bagalkot,16.1867,75.6961,24.35,87.19,2.01,2.1055
20220804,Bagalkot,16.1867,75.6961,25.03,83.93,1.85,5.0215
20220805,Bagalkot,16.1867,75.6961,24.26,86.33,3.67,3.8647
20220806,Bagalkot,16.1867,75.6961,24.47,84.09,5.37,3.9838
20220807,Bagalkot,16.1867,75.6961,23.91,86.99,5.07,3.9185
20220808,Bagalkot,16.1867,75.6961,23.43,88.05,6.15,2.3374
20220809,Bagalkot,16.1867,75.6961,24.03,81.66,7.56,3.0461
20220810,Bagalkot,16.1867,75.6961,23.89,80.72,7.64,4.5674
20220811,Bagalkot,16.1867,75.6961,24.56,79.97,7.26,4.1916
20220812,Bagalkot,16.1867,75.6961,24.49,79.45,6.59,4.4328
20220813,Bagalkot,16.1867,75.6961,24.21,79.12,5.71,3.935
20220814,Bagalkot,16.1867,75.6961,23.25,83.76,4.68,3.4769
20220815,Bagalkot,16.1867,75.6961,23.75,82.37,4.55,3.0965
20220816,Bagalkot,16.1867,75.6961,24.49,80.25,4.31,4.1666
20220817,Bagalkot,16.1867,75.6961,24.75,80.01,4.34,4.543
20220818,Bagalkot,16.1867,75.6961,24.63,79.35,4.64,5.0364
20220819,Bagalkot,16.1867,75.6961,24.48,78.8,5.17,4.5557
20220820,Bagalkot,16.1867,75.6961,24.9,79.48,5.0,4.9915
20220821,Bagalkot,16.1867,75.6961,24.93,79.46,4.96,4.2641
20220822,Bagalkot,16.1867,75.6961,25.13,78.82,5.51,4.2108
20220823,Bagalkot,16.1867,75.6961,24.9,80.36,4.47,4.6963
20220824,Bagalkot,16.1867,75.6961,24.72,80.99,4.0,5.3906
20220825,Bagalkot,16.1867,75.6961,24.19,83.24,2.98,5.3602
20220826,Bagalkot,16.1867,75.6961,24.18,83.55,2.58,5.3374
20220827,Bagalkot,16.1867,75.6961,24.15,81.54,2.8,4.2175
20220828,Bagalkot,16.1867,75.6961,24.75,80.83,2.7,4.4914
20220829,Bagalkot,16.1867,75.6961,25.25,80.11,2.48,3.7308
20220830,Bagalkot,16.1867,75.6961,25.4,82.21,2.08,4.5216
20220831,Bagalkot,16.1867,75.6961,25.23,84.24,2.01,5.1727
20220901,Bagalkot,16.1867,75.6961,25.67,79.17,1.63,5.569
20220902,Bagalkot,16.1867,75.6961,25.19,83.5,2.38,5.1139
20220903,Bagalkot,16.1867,75.6961,26.46,78.52,1.01,5.569
20220904,Bagalkot,16.1867,75.6961,26.0,83.3,1.92,3.739
20220905,Bagalkot,16.1867,75.6961,25.09,80.72,2.15,4.8624
20220906,Bagalkot,16.1867,75.6961,25.18,83.39,1.32,4.7582
20220907,Bagalkot,16.1867,75.6961,25.32,82.22,0.78,5.6726
20220908,Bagalkot,16.1867,75.6961,24.9,84.95,1.51,3.6907
20220909,Bagalkot,16.1867,75.6961,24.2,88.69,2.02,5.0556
20220910,Bagalkot,16.1867,75.6961,24.07,88.03,3.05,3.7555
20220911,Bagalkot,16.1867,75.6961,23.3,90.26,4.91,2.6441
20220912,Bagalkot,16.1867,75.6961,24.07,88.55,5.46,3.1498
20220913,Bagalkot,16.1867,75.6961,24.1,85.01,4.64,4.0462
20220914,Bagalkot,16.1867,75.6961,24.28,84.39,4.11,4.6879
20220915,Bagalkot,16.1867,75.6961,24.23,84.41,4.54,4.301
20220916,Bagalkot,16.1867,75.6961,24.51,83.53,4.78,3.9576
20220917,Bagalkot,16.1867,75.6961,24.67,83.44,3.52,5.2414
20220918,Bagalkot,16.1867,75.6961,24.53,82.44,3.48,4.6181
20220919,Bagalkot,16.1867,75.6961,23.23,82.94,3.67,4.9574
20220920,Bagalkot,16.1867,75.6961,22.57,83.1,3.26,4.1347
20220921,Bagalkot,16.1867,75.6961,22.55,85.2,2.82,4.7062
20220922,Bagalkot,16.1867,75.6961,23.23,79.89,3.5,5.7941
20220923,Bagalkot,16.1867,75.6961,23.21,81.46,3.26,5.844
20220924,Bagalkot,16.1867,75.6961,23.69,81.38,3.25,5.2433
20220925,Bagalkot,16.1867,75.6961,24.1,82.31,2.6,5.106
20220926,Bagalkot,16.1867,75.6961,23.59,82.32,3.06,3.5136
20220927,Bagalkot,16.1867,75.6961,23.49,83.19,2.54,5.3038
20220928,Bagalkot,16.1867,75.6961,24.53,83.11,2.88,4.6922
20220929,Bagalkot,16.1867,75.6961,23.94,86.8,2.89,4.476
20220930,Bagalkot,16.1867,75.6961,24.23,86.0,1.59,3.3924
20221001,Bagalkot,16.1867,75.6961,24.33,86.76,2.75,4.1371
20221002,Bagalkot,16.1867,75.6961,24.57,81.51,2.9,4.6603
20221003,Bagalkot,16.1867,75.6961,24.67,79.65,2.74,5.3897
20221004,Bagalkot,16.1867,75.6961,24.24,82.1,2.52,4.9406
20221005,Bagalkot,16.1867,75.6961,24.19,83.28,2.16,4.9512
20221006,Bagalkot,16.1867,75.6961,23.21,89.05,2.8,1.9246
20221007,Bagalkot,16.1867,75.6961,23.47,85.49,3.3,3.1697
20221008,Bagalkot,16.1867,75.6961,24.19,81.5,1.65,6.0262
20221009,Bagalkot,16.1867,75.6961,24.14,84.64,1.13,4.8756
20221010,Bagalkot,16.1867,75.6961,24.6,85.52,1.53,3.2527
20221011,Bagalkot,16.1867,75.6961,24.62,89.54,2.39,3.4793
20221012,Bagalkot,16.1867,75.6961,23.89,87.3,1.74,2.3933
20221013,Bagalkot,16.1867,75.6961,23.92,88.95,1.49,3.5544
20221014,Bagalkot,16.1867,75.6961,24.33,87.04,1.45,3.5314
20221015,Bagalkot,16.1867,75.6961,24.43,84.82,1.95,4.3306
20221016,Bagalkot,16.1867,75.6961,24.59,86.75,2.24,3.2628
20221017,Bagalkot,16.1867,75.6961,24.58,86.56,2.08,4.5202
20221018,Bagalkot,16.1867,75.6961,24.81,83.75,1.64,4.9505
20221019,Bagalkot,16.1867,75.6961,24.81,82.11,0.84,5.1598
20221020,Bagalkot,16.1867,75.6961,23.36,91.01,1.14,4.014
20221021,Bagalkot,16.1867,75.6961,24.05,83.98,1.95,4.0716
20221022,Bagalkot,16.1867,75.6961,23.04,81.41,2.27,4.8566
20221023,Bagalkot,16.1867,75.6961,20.5,73.57,2.22,6.2551
20221024,Bagalkot,16.1867,75.6961,21.4,67.36,1.51,6.1949
20221025,Bagalkot,16.1867,75.6961,22.3,63.17,0.9,6.1042
20221026,Bagalkot,16.1867,75.6961,20.75,70.83,1.67,5.4746
20221027,Bagalkot,16.1867,75.6961,20.61,72.07,1.74,6.0775
20221028,Bagalkot,16.1867,75.6961,21.08,79.24,1.76,5.3573
20221029,Bagalkot,16.1867,75.6961,21.37,77.49,2.33,5.587
20221030,Bagalkot,16.1867,75.6961,20.84,73.6,2.39,6.025
20221031,Bagalkot,16.1867,75.6961,20.08,75.74,1.98,5.808
20221101,Bagalkot,16.1867,75.6961,21.19,79.66,1.83,4.9303
20221102,Bagalkot,16.1867,75.6961,22.66,84.05,2.18,4.8881
20221103,Bagalkot,16.1867,75.6961,23.0,81.62,1.77,5.2334
20221104,Bagalkot,16.1867,75.6961,23.2,80.72,2.35,4.7386
20221105,Bagalkot,16.1867,75.6961,23.48,82.51,2.35,4.5026
20221106,Bagalkot,16.1867,75.6961,23.43,80.42,2.22,5.2478
20221107,Bagalkot,16.1867,75.6961,22.15,76.34,1.92,5.5942
20221108,Bagalkot,16.1867,75.6961,20.92,75.94,1.94,5.4629
20221109,Bagalkot,16.1867,75.6961,21.29,72.55,2.02,5.3762
20221110,Bagalkot,16.1867,75.6961,20.45,73.83,2.34,5.2541
20221111,Bagalkot,16.1867,75.6961,21.25,72.89,3.02,5.2646
20221112,Bagalkot,16.1867,75.6961,22.07,72.23,3.2,4.2706
20221113,Bagalkot,16.1867,75.6961,22.61,77.3,2.76,4.9135
20221114,Bagalkot,16.1867,75.6961,23.39,80.16,2.14,4.7652
20221115,Bagalkot,16.1867,75.6961,23.01,76.29,1.95,4.5826
20221116,Bagalkot,16.1867,75.6961,20.96,69.53,1.72,5.2008
20221117,Bagalkot,16.1867,75.6961,19.91,64.75,2.04,5.4427
20221118,Bagalkot,16.1867,75.6961,19.56,68.2,1.83,5.1062
20221119,Bagalkot,16.1867,75.6961,19.42,69.8,2.24,5.2634
20221120,Bagalkot,16.1867,75.6961,18.95,69.55,2.03,5.16
20221121,Bagalkot,16.1867,75.6961,20.33,71.36,1.59,4.3051
20221122,Bagalkot,16.1867,75.6961,22.91,78.85,1.8,3.5942
20221123,Bagalkot,16.1867,75.6961,23.74,77.77,2.1,2.7955
20221124,Bagalkot,16.1867,75.6961,24.6,77.17,2.04,4.0428
20221125,Bagalkot,16.1867,75.6961,24.95,75.92,1.9,4.4746
20221126,Bagalkot,16.1867,75.6961,25.03,77.59,1.75,3.8825
20221127,Bagalkot,16.1867,75.6961,24.74,74.03,1.27,4.0409
20221128,Bagalkot,16.1867,75.6961,24.89,71.79,1.13,3.449
20221129,Bagalkot,16.1867,75.6961,23.5,68.19,1.71,4.2816
20221130,Bagalkot,16.1867,75.6961,21.07,62.73,1.65,5.0988
20221201,Bagalkot,16.1867,75.6961,21.51,66.35,1.65,4.9709
20221202,Bagalkot,16.1867,75.6961,24.14,76.03,1.64,4.0514
20221203,Bagalkot,16.1867,75.6961,24.66,74.49,2.14,4.4446
20221204,Bagalkot,16.1867,75.6961,24.92,71.25,2.2,4.657
20221205,Bagalkot,16.1867,75.6961,24.39,70.29,2.27,3.9732
20221206,Bagalkot,16.1867,75.6961,22.4,64.13,2.16,4.9061
20221207,Bagalkot,16.1867,75.6961,21.76,65.19,2.18,3.857
20221208,Bagalkot,16.1867,75.6961,21.62,61.1,2.38,4.3382
20221209,Bagalkot,16.1867,75.6961,20.82,57.5,2.18,5.1576
20221210,Bagalkot,16.1867,75.6961,22.04,70.13,2.76,3.3948
20221211,Bagalkot,16.1867,75.6961,23.03,78.52,2.53,2.831
20221212,Bagalkot,16.1867,75.6961,21.83,84.95,2.67,2.9527
20221213,Bagalkot,16.1867,75.6961,22.82,81.46,3.25,2.7235
20221214,Bagalkot,16.1867,75.6961,24.26,72.63,2.79,3.9751
20221215,Bagalkot,16.1867,75.6961,24.3,71.29,2.01,4.9382
20221216,Bagalkot,16.1867,75.6961,23.94,66.14,1.75,5.1634
20221217,Bagalkot,16.1867,75.6961,24.27,68.47,1.83,4.3205
20221218,Bagalkot,16.1867,75.6961,23.6,66.17,2.5,4.3934
20221219,Bagalkot,16.1867,75.6961,22.09,65.29,1.99,5.0983
20221220,Bagalkot,16.1867,75.6961,21.98,61.47,2.07,5.0525
20221221,Bagalkot,16.1867,75.6961,22.26,61.18,1.91,5.1396
20221222,Bagalkot,16.1867,75.6961,22.31,60.46,1.77,5.1684
20221223,Bagalkot,16.1867,75.6961,22.79,60.38,1.87,5.0659
20221224,Bagalkot,16.1867,75.6961,22.31,56.65,2.05,4.8595
20221225,Bagalkot,16.1867,75.6961,22.7,60.01,2.08,5.3059
20221226,Bagalkot,16.1867,75.6961,25.05,70.12,2.82,4.3483
20221227,Bagalkot,16.1867,75.6961,25.73,66.69,2.5,4.9171
20221228,Bagalkot,16.1867,75.6961,25.97,62.18,1.75,5.0897
20221229,Bagalkot,16.1867,75.6961,25.46,58.59,1.51,4.4686
20221230,Bagalkot,16.1867,75.6961,25.12,57.72,1.36,4.5775
20221231,Bagalkot,16.1867,75.6961,24.53,51.13,1.05,4.9697
20230101,Bagalkot,16.1867,75.6961,23.83,48.58,1.1,4.8206
20230102,Bagalkot,16.1867,75.6961,23.5,54.41,1.79,4.907
20230103,Bagalkot,16.1867,75.6961,23.9,58.25,1.77,4.5307
20230104,Bagalkot,16.1867,75.6961,23.91,54.49,2.08,4.476
20230105,Bagalkot,16.1867,75.6961,23.5,56.73,3.28,4.7074
20230106,Bagalkot,16.1867,75.6961,23.6,60.26,3.55,4.194
20230107,Bagalkot,16.1867,75.6961,22.57,60.69,2.43,3.1639
20230108,Bagalkot,16.1867,75.6961,21.65,43.44,2.39,5.1103
20230109,Bagalkot,16.1867,75.6961,20.11,29.19,2.13,5.7403
20230110,Bagalkot,16.1867,75.6961,21.04,39.6,2.12,5.6738
20230111,Bagalkot,16.1867,75.6961,21.83,44.95,1.49,5.4655
20230112,Bagalkot,16.1867,75.6961,23.06,32.68,1.16,5.4792
20230113,Bagalkot,16.1867,75.6961,22.75,31.45,1.24,5.3746
20230114,Bagalkot,16.1867,75.6961,23.0,35.97,1.08,5.4475
20230115,Bagalkot,16.1867,75.6961,23.41,33.82,1.74,5.5426
20230116,Bagalkot,16.1867,75.6961,22.7,34.34,1.62,5.785
20230117,Bagalkot,16.1867,75.6961,22.23,36.86,1.96,5.8644
20230118,Bagalkot,16.1867,75.6961,22.29,41.76,2.02,5.8402
20230119,Bagalkot,16.1867,75.6961,22.8,43.32,2.38,5.7566
20230120,Bagalkot,16.1867,75.6961,22.61,41.3,2.75,5.4785
20230121,Bagalkot,16.1867,75.6961,22.8,50.41,2.15,5.3976
20230122,Bagalkot,16.1867,75.6961,22.91,47.28,2.33,5.5402
20230123,Bagalkot,16.1867,75.6961,23.69,49.7,2.76,5.4845
20230124,Bagalkot,16.1867,75.6961,25.1,56.31,2.03,4.656
20230125,Bagalkot,16.1867,75.6961,25.43,51.08,2.47,4.8108
20230126,Bagalkot,16.1867,75.6961,24.33,41.72,2.2,5.4293
20230127,Bagalkot,16.1867,75.6961,23.76,41.24,3.09,5.8531
20230128,Bagalkot,16.1867,75.6961,23.75,37.29,2.47,5.9412
20230129,Bagalkot,16.1867,75.6961,23.89,41.06,3.14,5.8351
20230130,Bagalkot,16.1867,75.6961,24.81,52.96,2.72,5.231
20230131,Bagalkot,16.1867,75.6961,25.29,54.13,2.57,4.525
20230201,Bagalkot,16.1867,75.6961,25.85,40.71,2.84,3.9922
20230202,Bagalkot,16.1867,75.6961,24.88,36.63,3.23,4.9572
20230203,Bagalkot,16.1867,75.6961,24.3,35.3,2.48,5.5814
20230204,Bagalkot,16.1867,75.6961,25.87,40.76,1.68,5.7982
20230205,Bagalkot,16.1867,75.6961,26.35,37.02,1.74,5.7614
20230206,Bagalkot,16.1867,75.6961,26.12,34.88,1.52,5.6186
20230207,Bagalkot,16.1867,75.6961,26.1,29.58,1.35,5.2286
20230208,Bagalkot,16.1867,75.6961,26.51,29.22,2.05,5.5178
20230209,Bagalkot,16.1867,75.6961,26.29,26.77,2.39,5.6614
20230210,Bagalkot,16.1867,75.6961,25.81,23.29,1.84,6.0408
20230211,Bagalkot,16.1867,75.6961,26.2,22.0,1.94,6.3199
20230212,Bagalkot,16.1867,75.6961,26.17,18.38,2.14,6.4147
20230213,Bagalkot,16.1867,75.6961,25.15,18.84,2.75,6.5774
20230214,Bagalkot,16.1867,75.6961,24.61,15.09,2.48,6.755
20230215,Bagalkot,16.1867,75.6961,24.5,13.87,2.42,6.7992
20230216,Bagalkot,16.1867,75.6961,25.15,17.54,2.88,6.7769
20230217,Bagalkot,16.1867,75.6961,25.43,19.44,2.39,6.684
20230218,Bagalkot,16.1867,75.6961,25.58,24.41,2.27,6.5393
20230219,Bagalkot,16.1867,75.6961,25.66,29.99,2.37,6.4368
20230220,Bagalkot,16.1867,75.6961,26.4,30.96,1.89,6.4181
20230221,Bagalkot,16.1867,75.6961,27.82,23.51,1.59,6.6293
20230222,Bagalkot,16.1867,75.6961,27.63,21.12,1.78,6.5023
20230223,Bagalkot,16.1867,75.6961,26.68,25.72,2.35,6.4704
20230224,Bagalkot,16.1867,75.6961,26.62,24.13,2.51,6.5892
20230225,Bagalkot,16.1867,75.6961,26.55,23.36,2.15,6.4723
20230226,Bagalkot,16.1867,75.6961,26.58,24.11,2.59,6.5412
20230227,Bagalkot,16.1867,75.6961,26.62,28.35,3.04,6.4255
20230228,Bagalkot,16.1867,75.6961,26.26,29.09,3.31,6.4853
20230301,Bagalkot,16.1867,75.6961,26.37,27.68,3.5,6.1826
20230302,Bagalkot,16.1867,75.6961,26.37,29.79,3.28,6.2858
20230303,Bagalkot,16.1867,75.6961,26.67,29.08,3.13,6.0874
20230304,Bagalkot,16.1867,75.6961,27.21,28.02,3.27,5.897
20230305,Bagalkot,16.1867,75.6961,27.36,25.45,3.2,6.2654
20230306,Bagalkot,16.1867,75.6961,27.43,26.72,2.98,6.3794
20230307,Bagalkot,16.1867,75.6961,26.96,26.09,3.27,6.4123
20230308,Bagalkot,16.1867,75.6961,27.35,29.88,2.93,6.3173
20230309,Bagalkot,16.1867,75.6961,27.09,30.31,2.72,6.2974
20230310,Bagalkot,16.1867,75.6961,27.14,30.88,2.57,6.3778
20230311,Bagalkot,16.1867,75.6961,27.42,33.0,2.94,5.8901
20230312,Bagalkot,16.1867,75.6961,27.8,29.71,3.43,6.2986
20230313,Bagalkot,16.1867,75.6961,28.17,26.3,2.86,6.4313
20230314,Bagalkot,16.1867,75.6961,27.87,27.72,1.89,6.3617
20230315,Bagalkot,16.1867,75.6961,29.12,28.05,2.07,5.2488
20230316,Bagalkot,16.1867,75.6961,28.15,39.05,2.12,4.6498
20230317,Bagalkot,16.1867,75.6961,28.35,39.45,1.48,5.4036
20230318,Bagalkot,16.1867,75.6961,28.69,42.53,2.75,5.9962
20230319,Bagalkot,16.1867,75.6961,26.84,40.52,3.31,6.9922
20230320,Bagalkot,16.1867,75.6961,25.45,39.28,2.94,7.501
20230321,Bagalkot,16.1867,75.6961,25.92,42.33,2.52,7.2185
20230322,Bagalkot,16.1867,75.6961,27.73,41.93,2.27,7.1117
20230323,Bagalkot,16.1867,75.6961,28.18,33.68,2.66,7.1434
20230324,Bagalkot,16.1867,75.6961,29.1,32.14,1.93,7.1342
20230325,Bagalkot,16.1867,75.6961,30.17,34.18,1.56,6.755
20230326,Bagalkot,16.1867,75.6961,29.22,28.07,3.06,7.1738
20230327,Bagalkot,16.1867,75.6961,28.82,32.35,2.19,7.4666
20230328,Bagalkot,16.1867,75.6961,29.38,33.33,1.79,7.3812
20230329,Bagalkot,16.1867,75.6961,30.1,26.99,1.9,7.5185
20230330,Bagalkot,16.1867,75.6961,29.04,36.49,2.21,7.6188
20230331,Bagalkot,16.1867,75.6961,28.41,40.41,2.83,7.4796
20230401,Bagalkot,16.1867,75.6961,28.57,38.44,2.64,7.6733
20230402,Bagalkot,16.1867,75.6961,28.61,32.36,2.61,7.637
20230403,Bagalkot,16.1867,75.6961,28.5,39.92,2.32,7.6411
20230404,Bagalkot,16.1867,75.6961,29.43,35.9,1.61,7.4789
20230405,Bagalkot,16.1867,75.6961,30.89,32.55,2.71,7.1057
20230406,Bagalkot,16.1867,75.6961,31.45,32.61,2.68,5.6892
20230407,Bagalkot,16.1867,75.6961,29.81,44.47,2.8,4.733
20230408,Bagalkot,16.1867,75.6961,30.38,41.65,2.67,6.3298
20230409,Bagalkot,16.1867,75.6961,29.9,32.65,2.76,7.5221
20230410,Bagalkot,16.1867,75.6961,30.61,32.48,2.75,7.271
20230411,Bagalkot,16.1867,75.6961,30.24,28.36,2.74,7.5094
20230412,Bagalkot,16.1867,75.6961,30.64,24.11,2.45,7.4002
20230413,Bagalkot,16.1867,75.6961,30.12,26.17,1.51,6.0149
20230414,Bagalkot,16.1867,75.6961,30.75,35.33,2.03,5.5296
20230415,Bagalkot,16.1867,75.6961,28.34,46.55,2.66,5.6374
20230416,Bagalkot,16.1867,75.6961,31.01,34.09,2.0,6.8388
20230417,Bagalkot,16.1867,75.6961,31.57,35.06,2.24,6.426
20230418,Bagalkot,16.1867,75.6961,32.0,24.7,2.42,7.2418
20230419,Bagalkot,16.1867,75.6961,31.71,24.57,2.04,6.7042
20230420,Bagalkot,16.1867,75.6961,31.56,39.67,1.87,6.3626
20230421,Bagalkot,16.1867,75.6961,30.64,46.97,2.09,6.5453
20230422,Bagalkot,16.1867,75.6961,30.2,37.24,2.26,7.5082
20230423,Bagalkot,16.1867,75.6961,29.72,35.72,2.4,7.8334
20230424,Bagalkot,16.1867,75.6961,30.64,36.1,1.99,7.5254
20230425,Bagalkot,16.1867,75.6961,31.12,40.69,2.12,7.301
20230426,Bagalkot,16.1867,75.6961,30.77,45.5,1.84,7.0714
20230427,Bagalkot,16.1867,75.6961,31.77,40.09,1.79,6.1078
20230428,Bagalkot,16.1867,75.6961,28.87,57.95,1.67,5.5392
20230429,Bagalkot,16.1867,75.6961,29.2,59.24,1.51,5.4173
20230430,Bagalkot,16.1867,75.6961,28.48,63.06,0.93,6.5681
20230501,Bagalkot,16.1867,75.6961,29.29,55.05,1.42,7.435
20230502,Bagalkot,16.1867,75.6961,28.99,46.87,2.14,7.3265
20230503,Bagalkot,16.1867,75.6961,29.48,51.52,1.56,6.5993
20230504,Bagalkot,16.1867,75.6961,29.38,52.2,1.74,6.3653
20230505,Bagalkot,16.1867,75.6961,28.51,56.34,1.64,6.7044
20230506,Bagalkot,16.1867,75.6961,29.68,52.69,2.45,5.7259
20230507,Bagalkot,16.1867,75.6961,29.19,58.3,2.36,5.7377
20230508,Bagalkot,16.1867,75.6961,29.12,61.07,1.84,5.1638
20230509,Bagalkot,16.1867,75.6961,28.83,68.03,1.57,5.9808
20230510,Bagalkot,16.1867,75.6961,30.02,64.69,1.73,6.2042
20230511,Bagalkot,16.1867,75.6961,30.46,60.1,1.46,5.6714
20230512,Bagalkot,16.1867,75.6961,30.99,57.18,2.43,6.5638
20230513,Bagalkot,16.1867,75.6961,30.68,54.19,3.85,6.9437
20230514,Bagalkot,16.1867,75.6961,30.1,53.67,3.69,7.4887
20230515,Bagalkot,16.1867,75.6961,29.98,49.1,3.85,7.7462
20230516,Bagalkot,16.1867,75.6961,30.27,43.9,2.82,7.9171
20230517,Bagalkot,16.1867,75.6961,31.51,41.65,2.28,7.7918
20230518,Bagalkot,16.1867,75.6961,32.75,39.91,2.51,7.2557
20230519,Bagalkot,16.1867,75.6961,33.09,34.92,2.74,6.5894
20230520,Bagalkot,16.1867,75.6961,33.81,33.93,2.83,7.2715
20230521,Bagalkot,16.1867,75.6961,33.43,39.44,2.59,6.9521
20230522,Bagalkot,16.1867,75.6961,32.93,41.3,3.46,6.8587
20230523,Bagalkot,16.1867,75.6961,31.69,50.59,2.19,6.0595
20230524,Bagalkot,16.1867,75.6961,31.32,48.95,2.96,6.5441
20230525,Bagalkot,16.1867,75.6961,30.94,50.28,3.85,7.0634
20230526,Bagalkot,16.1867,75.6961,30.62,49.5,4.39,7.2542
20230527,Bagalkot,16.1867,75.6961,30.94,47.12,4.14,7.5206
20230528,Bagalkot,16.1867,75.6961,31.47,45.22,3.23,7.1832
20230529,Bagalkot,16.1867,75.6961,32.45,44.56,2.75,6.6744
20230530,Bagalkot,16.1867,75.6961,31.05,48.36,2.29,5.8786
20230531,Bagalkot,16.1867,75.6961,30.66,52.95,2.42,6.1416
20230601,Bagalkot,16.1867,75.6961,29.66,59.82,3.45,4.751
20230602,Bagalkot,16.1867,75.6961,29.83,53.31,4.02,7.169
20230603,Bagalkot,16.1867,75.6961,31.1,48.24,3.58,7.4534
20230604,Bagalkot,16.1867,75.6961,31.38,50.03,3.98,6.9967
20230605,Bagalkot,16.1867,75.6961,30.24,55.06,3.9,7.1825
20230606,Bagalkot,16.1867,75.6961,30.65,52.98,3.8,7.2134
20230607,Bagalkot,16.1867,75.6961,29.45,61.71,3.78,6.8268
20230608,Bagalkot,16.1867,75.6961,30.39,55.41,3.92,6.6197
20230609,Bagalkot,16.1867,75.6961,30.45,55.86,4.83,6.9031
20230610,Bagalkot,16.1867,75.6961,28.8,61.21,5.16,6.1553
20230611,Bagalkot,16.1867,75.6961,29.11,60.68,5.45,5.9611
20230612,Bagalkot,16.1867,75.6961,29.42,59.92,5.18,7.2086
20230613,Bagalkot,16.1867,75.6961,29.57,59.87,5.88,7.0901
20230614,Bagalkot,16.1867,75.6961,29.65,59.46,6.02,6.5549
20230615,Bagalkot,16.1867,75.6961,29.93,57.31,5.18,6.455
20230616,Bagalkot,16.1867,75.6961,29.97,58.27,5.43,7.0812
20230617,Bagalkot,16.1867,75.6961,29.82,60.09,5.62,5.7571
20230618,Bagalkot,16.1867,75.6961,29.74,58.11,5.23,5.9712
20230619,Bagalkot,16.1867,75.6961,29.29,58.86,4.3,6.1903
20230620,Bagalkot,16.1867,75.6961,30.35,54.16,4.56,6.797
20230621,Bagalkot,16.1867,75.6961,29.65,58.12,4.51,6.5971
20230622,Bagalkot,16.1867,75.6961,27.71,62.85,4.25,6.2124
20230623,Bagalkot,16.1867,75.6961,28.41,60.86,4.77,5.5169
20230624,Bagalkot,16.1867,75.6961,27.96,60.66,5.31,4.0582
20230625,Bagalkot,16.1867,75.6961,27.77,61.9,5.56,4.5653
20230626,Bagalkot,16.1867,75.6961,27.59,62.42,5.93,4.8283
20230627,Bagalkot,16.1867,75.6961,27.01,62.32,5.79,4.1194
20230628,Bagalkot,16.1867,75.6961,25.63,68.23,5.9,4.6423
20230629,Bagalkot,16.1867,75.6961,25.46,69.83,6.17,4.2043
20230630,Bagalkot,16.1867,75.6961,26.77,68.18,6.22,4.5053
20230701,Bagalkot,16.1867,75.6961,26.55,68.41,5.71,4.902
20230702,Bagalkot,16.1867,75.6961,26.79,72.44,5.67,4.662
20230703,Bagalkot,16.1867,75.6961,26.67,77.32,5.4,4.2396
20230704,Bagalkot,16.1867,75.6961,25.91,82.01,5.71,5.0501
20230705,Bagalkot,16.1867,75.6961,24.77,75.6,6.73,4.2463
20230706,Bagalkot,16.1867,75.6961,24.26,74.09,7.38,3.9365
20230707,Bagalkot,16.1867,75.6961,25.35,75.03,6.23,4.1964
20230708,Bagalkot,16.1867,75.6961,25.88,72.98,6.07,3.6953
20230709,Bagalkot,16.1867,75.6961,26.56,73.47,4.97,4.1172
20230710,Bagalkot,16.1867,75.6961,27.22,70.83,4.68,4.8293
20230711,Bagalkot,16.1867,75.6961,26.64,69.77,5.07,3.569
20230712,Bagalkot,16.1867,75.6961,26.3,71.24,4.73,4.9445
20230713,Bagalkot,16.1867,75.6961,26.61,71.06,5.56,5.1938
20230714,Bagalkot,16.1867,75.6961,26.88,68.6,6.23,5.0875
20230715,Bagalkot,16.1867,75.6961,26.88,69.44,5.3,4.4009
20230716,Bagalkot,16.1867,75.6961,25.71,77.17,4.6,4.009
20230717,Bagalkot,16.1867,75.6961,26.07,75.92,5.4,3.2371
20230718,Bagalkot,16.1867,75.6961,25.32,79.73,6.55,1.721
20230719,Bagalkot,16.1867,75.6961,24.86,82.03,7.28,2.67
20230720,Bagalkot,16.1867,75.6961,24.55,80.09,6.68,2.2507
20230721,Bagalkot,16.1867,75.6961,24.48,80.07,6.06,3.1099
20230722,Bagalkot,16.1867,75.6961,25.4,77.73,6.58,3.2014
20230723,Bagalkot,16.1867,75.6961,25.51,77.42,7.25,2.8524
20230724,Bagalkot,16.1867,75.6961,24.94,80.95,6.37,3.6139
20230725,Bagalkot,16.1867,75.6961,24.51,82.14,6.22,2.208
20230726,Bagalkot,16.1867,75.6961,24.03,86.78,6.21,3.1718
20230727,Bagalkot,16.1867,75.6961,23.72,86.14,6.6,1.7086
20230728,Bagalkot,16.1867,75.6961,25.41,78.09,6.65,3.9876
20230729,Bagalkot,16.1867,75.6961,25.6,76.65,6.26,4.0109
20230730,Bagalkot,16.1867,75.6961,25.43,78.08,5.56,4.5341
20230731,Bagalkot,16.1867,75.6961,25.82,77.22,5.97,4.2134
20230801,Bagalkot,16.1867,75.6961,25.67,77.79,6.33,3.9862
20230802,Bagalkot,16.1867,75.6961,25.57,76.79,6.47,3.2734
20230803,Bagalkot,16.1867,75.6961,25.48,76.13,6.24,3.5878
20230804,Bagalkot,16.1867,75.6961,26.05,75.33,5.93,4.8768
20230805,Bagalkot,16.1867,75.6961,25.96,74.5,5.34,4.4772
20230806,Bagalkot,16.1867,75.6961,25.94,75.25,5.08,4.8619
20230807,Bagalkot,16.1867,75.6961,26.13,73.99,5.2,3.8484
20230808,Bagalkot,16.1867,75.6961,26.09,73.82,4.42,3.9401
20230809,Bagalkot,16.1867,75.6961,26.27,74.72,3.79,5.2298
20230810,Bagalkot,16.1867,75.6961,26.43,73.71,3.87,5.9551
20230811,Bagalkot,16.1867,75.6961,26.23,73.72,3.71,6.031
20230812,Bagalkot,16.1867,75.6961,26.15,72.86,4.32,5.5668
20230813,Bagalkot,16.1867,75.6961,25.74,73.24,4.26,4.9975
20230814,Bagalkot,16.1867,75.6961,24.73,75.77,4.16,5.6918
20230815,Bagalkot,16.1867,75.6961,24.92,76.14,3.61,5.5178
20230816,Bagalkot,16.1867,75.6961,26.3,71.37,3.73,6.1903
20230817,Bagalkot,16.1867,75.6961,25.97,72.49,4.61,5.153
20230818,Bagalkot,16.1867,75.6961,25.42,74.66,4.63,4.0622
20230819,Bagalkot,16.1867,75.6961,24.88,78.88,4.48,3.0046
20230820,Bagalkot,16.1867,75.6961,26.45,72.63,4.58,5.1614
20230821,Bagalkot,16.1867,75.6961,26.6,70.0,3.83,6.0142
20230822,Bagalkot,16.1867,75.6961,26.26,69.49,3.49,6.2184
20230823,Bagalkot,16.1867,75.6961,26.07,70.93,3.73,5.7677
20230824,Bagalkot,16.1867,75.6961,26.53,70.59,4.07,5.4953
20230825,Bagalkot,16.1867,75.6961,26.55,72.26,4.15,4.4489
20230826,Bagalkot,16.1867,75.6961,26.11,74.52,3.81,5.3995
20230827,Bagalkot,16.1867,75.6961,26.66,71.03,4.29,5.9434
20230828,Bagalkot,16.1867,75.6961,26.26,72.89,4.57,5.5063
20230829,Bagalkot,16.1867,75.6961,26.43,71.89,4.05,5.2858
20230830,Bagalkot,16.1867,75.6961,26.81,69.79,3.19,5.4454
20230831,Bagalkot,16.1867,75.6961,26.68,75.33,2.22,5.3153
20230901,Bagalkot,16.1867,75.6961,27.0,75.69,2.31,4.9618
20230902,Bagalkot,16.1867,75.6961,24.48,84.66,3.44,4.5751
20230903,Bagalkot,16.1867,75.6961,23.07,85.44,3.78,3.757
20230904,Bagalkot,16.1867,75.6961,23.94,79.11,4.17,1.5998
20230905,Bagalkot,16.1867,75.6961,25.12,72.57,4.12,3.4351
20230906,Bagalkot,16.1867,75.6961,24.95,76.53,3.81,5.736
20230907,Bagalkot,16.1867,75.6961,24.45,79.05,4.24,4.975
20230908,Bagalkot,16.1867,75.6961,25.27,77.43,5.07,3.295
20230909,Bagalkot,16.1867,75.6961,26.03,77.97,4.75,4.3013
20230910,Bagalkot,16.1867,75.6961,25.49,79.9,4.15,4.5835
20230911,Bagalkot,16.1867,75.6961,26.06,75.4,4.38,4.9982
20230912,Bagalkot,16.1867,75.6961,25.42,76.86,4.06,5.8116
20230913,Bagalkot,16.1867,75.6961,25.25,74.9,4.11,5.4962
20230914,Bagalkot,16.1867,75.6961,25.77,75.04,3.67,5.5634
20230915,Bagalkot,16.1867,75.6961,25.82,75.54,3.97,5.724
20230916,Bagalkot,16.1867,75.6961,26.2,75.06,4.88,4.7434
20230917,Bagalkot,16.1867,75.6961,26.39,75.48,4.32,4.8319
20230918,Bagalkot,16.1867,75.6961,26.0,76.13,4.03,4.8137
20230919,Bagalkot,16.1867,75.6961,26.07,75.21,3.97,5.1569
20230920,Bagalkot,16.1867,75.6961,26.13,76.3,3.95,4.8466
20230921,Bagalkot,16.1867,75.6961,26.1,77.73,3.22,4.5516
20230922,Bagalkot,16.1867,75.6961,25.28,80.49,2.01,4.1544
20230923,Bagalkot,16.1867,75.6961,26.55,73.39,2.55,4.4738
20230924,Bagalkot,16.1867,75.6961,24.86,79.78,3.18,3.7829
20230925,Bagalkot,16.1867,75.6961,25.63,74.19,3.11,4.7539
20230926,Bagalkot,16.1867,75.6961,25.44,78.11,2.74,4.1095
20230927,Bagalkot,16.1867,75.6961,25.82,76.11,3.11,3.7795
20230928,Bagalkot,16.1867,75.6961,26.5,75.12,2.21,4.6958
20230929,Bagalkot,16.1867,75.6961,25.63,79.39,4.02,4.7868
20230930,Bagalkot,16.1867,75.6961,24.54,82.32,5.01,3.546
20231001,Bagalkot,16.1867,75.6961,25.47,79.88,5.86,2.982
20231002,Bagalkot,16.1867,75.6961,24.95,77.68,4.15,3.1951
20231003,Bagalkot,16.1867,75.6961,25.85,73.93,2.82,5.2752
20231004,Bagalkot,16.1867,75.6961,26.48,72.98,2.28,4.679
20231005,Bagalkot,16.1867,75.6961,26.42,71.04,2.14,5.4526
20231006,Bagalkot,16.1867,75.6961,25.95,67.24,2.1,6.21
20231007,Bagalkot,16.1867,75.6961,26.44,64.93,1.42,6.0547
20231008,Bagalkot,16.1867,75.6961,27.09,63.41,1.79,5.9724
20231009,Bagalkot,16.1867,75.6961,27.1,65.62,1.55,5.58
20231010,Bagalkot,16.1867,75.6961,27.39,65.96,1.6,4.8962
20231011,Bagalkot,16.1867,75.6961,27.38,66.74,1.97,4.5684
20231012,Bagalkot,16.1867,75.6961,27.55,63.94,2.65,5.0894
20231013,Bagalkot,16.1867,75.6961,27.19,58.52,2.86,5.8841
20231014,Bagalkot,16.1867,75.6961,26.92,61.74,2.01,4.9874
20231015,Bagalkot,16.1867,75.6961,27.41,62.03,1.64,4.5106
20231016,Bagalkot,16.1867,75.6961,26.7,66.26,1.4,4.6178
20231017,Bagalkot,16.1867,75.6961,27.12,59.6,2.3,5.1982
20231018,Bagalkot,16.1867,75.6961,26.72,57.42,2.55,5.6909
20231019,Bagalkot,16.1867,75.6961,27.23,54.62,2.59,5.4254
20231020,Bagalkot,16.1867,75.6961,27.33,55.24,2.74,5.0767
20231021,Bagalkot,16.1867,75.6961,27.88,53.39,3.08,5.1742
20231022,Bagalkot,16.1867,75.6961,27.07,54.47,2.99,5.0695
20231023,Bagalkot,16.1867,75.6961,26.09,50.37,2.71,5.6038
20231024,Bagalkot,16.1867,75.6961,26.37,50.8,2.42,5.7118
20231025,Bagalkot,16.1867,75.6961,26.09,44.69,2.94,5.8229
20231026,Bagalkot,16.1867,75.6961,25.53,41.87,2.94,5.9443
20231027,Bagalkot,16.1867,75.6961,25.01,40.85,2.74,5.9196
20231028,Bagalkot,16.1867,75.6961,26.02,47.32,2.25,5.4672
20231029,Bagalkot,16.1867,75.6961,27.78,52.28,2.52,4.5847
20231030,Bagalkot,16.1867,75.6961,27.49,61.17,2.25,4.1112
20231031,Bagalkot,16.1867,75.6961,26.4,65.42,2.59,4.0289
20231101,Bagalkot,16.1867,75.6961,27.35,59.05,1.71,4.8485
20231102,Bagalkot,16.1867,75.6961,28.01,48.06,2.22,4.4633
20231103,Bagalkot,16.1867,75.6961,28.14,57.13,2.44,4.4815
20231104,Bagalkot,16.1867,75.6961,26.06,66.83,2.64,4.152
20231105,Bagalkot,16.1867,75.6961,26.57,66.21,3.21,3.9826
20231106,Bagalkot,16.1867,75.6961,23.82,76.96,2.17,3.3857
20231107,Bagalkot,16.1867,75.6961,25.67,76.11,2.3,3.7034
20231108,Bagalkot,16.1867,75.6961,25.18,78.01,2.14,2.0381
20231109,Bagalkot,16.1867,75.6961,24.71,79.3,2.37,3.6612
20231110,Bagalkot,16.1867,75.6961,25.09,74.5,2.07,4.2917
20231111,Bagalkot,16.1867,75.6961,24.98,68.36,2.51,4.9742
20231112,Bagalkot,16.1867,75.6961,24.47,62.32,2.42,5.172
20231113,Bagalkot,16.1867,75.6961,23.94,66.15,2.06,4.925
20231114,Bagalkot,16.1867,75.6961,23.96,69.66,2.33,4.1342
20231115,Bagalkot,16.1867,75.6961,23.7,66.86,1.74,4.163
20231116,Bagalkot,16.1867,75.6961,23.84,59.97,1.89,4.1467
20231117,Bagalkot,16.1867,75.6961,24.21,60.81,1.99,4.6987
20231118,Bagalkot,16.1867,75.6961,25.49,66.09,1.7,4.4827
20231119,Bagalkot,16.1867,75.6961,25.44,66.81,2.49,4.4501
20231120,Bagalkot,16.1867,75.6961,24.8,62.42,2.47,4.4928
20231121,Bagalkot,16.1867,75.6961,25.05,60.46,2.27,4.7534
20231122,Bagalkot,16.1867,75.6961,25.73,63.98,2.22,4.7854
20231123,Bagalkot,16.1867,75.6961,26.3,66.51,2.33,4.385
20231124,Bagalkot,16.1867,75.6961,26.98,65.25,2.66,3.6163
20231125,Bagalkot,16.1867,75.6961,26.83,61.29,3.14,3.5093
20231126,Bagalkot,16.1867,75.6961,25.88,62.53,3.15,4.4774
20231127,Bagalkot,16.1867,75.6961,26.44,57.81,2.86,4.2264
20231128,Bagalkot,16.1867,75.6961,26.53,63.57,2.03,4.127
20231129,Bagalkot,16.1867,75.6961,26.22,61.47,2.61,4.1081
20231130,Bagalkot,16.1867,75.6961,26.35,62.65,3.07,4.6306
20231201,Bagalkot,16.1867,75.6961,25.92,61.04,2.33,4.3598
20231202,Bagalkot,16.1867,75.6961,26.07,52.84,3.12,5.0429
20231203,Bagalkot,16.1867,75.6961,26.83,59.18,3.8,4.7292
20231204,Bagalkot,16.1867,75.6961,26.34,61.49,3.25,3.8381
20231205,Bagalkot,16.1867,75.6961,25.71,56.64,3.01,3.678
20231206,Bagalkot,16.1867,75.6961,24.59,59.01,1.76,3.1577
20231207,Bagalkot,16.1867,75.6961,25.15,60.99,1.45,2.671
20231208,Bagalkot,16.1867,75.6961,26.21,59.62,1.45,4.5283
20231209,Bagalkot,16.1867,75.6961,25.63,59.64,2.45,4.236
20231210,Bagalkot,16.1867,75.6961,25.12,56.17,2.45,4.483
20231211,Bagalkot,16.1867,75.6961,24.73,50.09,1.9,4.7086
20231212,Bagalkot,16.1867,75.6961,24.04,47.18,1.89,4.9094
20231213,Bagalkot,16.1867,75.6961,23.53,51.68,2.45,4.8122
20231214,Bagalkot,16.1867,75.6961,22.59,49.65,2.79,4.9082
20231215,Bagalkot,16.1867,75.6961,22.33,54.71,2.33,4.8749
20231216,Bagalkot,16.1867,75.6961,24.19,60.51,2.28,2.9666
20231217,Bagalkot,16.1867,75.6961,25.27,62.42,3.34,2.5766
20231218,Bagalkot,16.1867,75.6961,24.34,59.93,3.59,2.7334
20231219,Bagalkot,16.1867,75.6961,23.33,48.72,3.34,3.9259
20231220,Bagalkot,16.1867,75.6961,23.32,49.7,2.92,4.2516
20231221,Bagalkot,16.1867,75.6961,23.44,46.38,2.25,4.608
20231222,Bagalkot,16.1867,75.6961,23.01,37.12,1.86,4.1359
20231223,Bagalkot,16.1867,75.6961,22.6,41.96,2.3,4.7208
20231224,Bagalkot,16.1867,75.6961,22.66,50.32,2.89,4.8384
20231225,Bagalkot,16.1867,75.6961,24.17,41.3,2.67,5.0366
20231226,Bagalkot,16.1867,75.6961,23.83,46.21,2.54,4.9946
20231227,Bagalkot,16.1867,75.6961,23.61,50.91,3.03,4.7851
20231228,Bagalkot,16.1867,75.6961,23.62,49.19,2.96,5.2886
20231229,Bagalkot,16.1867,75.6961,23.1,48.47,2.92,5.3215
20231230,Bagalkot,16.1867,75.6961,23.62,48.79,2.55,5.3916
20231231,Bagalkot,16.1867,75.6961,23.11,49.27,2.65,5.1511
20240101,Bagalkot,16.1867,75.6961,23.45,51.77,2.22,4.8139
20240102,Bagalkot,16.1867,75.6961,23.62,50.99,2.58,4.7422
20240103,Bagalkot,16.1867,75.6961,23.9,53.86,2.79,4.3435
20240104,Bagalkot,16.1867,75.6961,24.15,54.21,2.17,3.5837
20240105,Bagalkot,16.1867,75.6961,24.52,48.65,2.33,4.2235
20240106,Bagalkot,16.1867,75.6961,24.01,49.1,3.06,4.531
20240107,Bagalkot,16.1867,75.6961,24.08,52.27,3.77,4.9363
20240108,Bagalkot,16.1867,75.6961,24.08,54.5,3.63,4.511
20240109,Bagalkot,16.1867,75.6961,24.76,53.28,3.62,2.3784
20240110,Bagalkot,16.1867,75.6961,24.69,48.6,3.25,2.2673
20240111,Bagalkot,16.1867,75.6961,25.05,47.01,2.71,5.2812
20240112,Bagalkot,16.1867,75.6961,24.9,43.76,2.89,5.0203
20240113,Bagalkot,16.1867,75.6961,25.08,51.23,2.05,4.7606
20240114,Bagalkot,16.1867,75.6961,24.92,41.1,1.71,4.8883
20240115,Bagalkot,16.1867,75.6961,24.83,36.31,1.17,5.0093
20240116,Bagalkot,16.1867,75.6961,24.16,39.56,1.3,5.057
20240117,Bagalkot,16.1867,75.6961,24.79,46.98,1.41,5.0683
20240118,Bagalkot,16.1867,75.6961,24.4,52.88,0.86,4.9046
20240119,Bagalkot,16.1867,75.6961,25.12,46.69,1.14,4.771
20240120,Bagalkot,16.1867,75.6961,26.12,45.89,1.39,4.728
20240121,Bagalkot,16.1867,75.6961,25.72,43.9,1.21,5.2298
20240122,Bagalkot,16.1867,75.6961,26.2,40.5,1.69,5.615
20240123,Bagalkot,16.1867,75.6961,24.56,41.24,2.14,5.6028
20240124,Bagalkot,16.1867,75.6961,23.42,30.61,1.46,5.7007
20240125,Bagalkot,16.1867,75.6961,23.94,40.63,2.33,5.3383
20240126,Bagalkot,16.1867,75.6961,25.33,49.95,2.73,5.3434
20240127,Bagalkot,16.1867,75.6961,25.2,48.21,2.7,5.029
20240128,Bagalkot,16.1867,75.6961,24.52,47.27,2.92,5.1319
20240129,Bagalkot,16.1867,75.6961,24.43,45.81,2.35,5.3429
20240130,Bagalkot,16.1867,75.6961,24.61,40.79,1.97,5.3544
20240131,Bagalkot,16.1867,75.6961,25.19,37.4,1.44,5.5966
20240201,Bagalkot,16.1867,75.6961,24.23,47.44,2.12,6.0828
20240202,Bagalkot,16.1867,75.6961,24.28,42.4,1.54,6.0401
20240203,Bagalkot,16.1867,75.6961,25.76,39.32,2.1,5.634
20240204,Bagalkot,16.1867,75.6961,27.07,45.68,2.35,5.4466
20240205,Bagalkot,16.1867,75.6961,26.94,39.95,2.02,5.64
20240206,Bagalkot,16.1867,75.6961,27.45,36.71,1.79,5.8272
20240207,Bagalkot,16.1867,75.6961,27.46,34.1,1.71,5.8162
20240208,Bagalkot,16.1867,75.6961,27.19,28.27,2.44,5.8805
20240209,Bagalkot,16.1867,75.6961,27.02,34.1,2.64,5.9208
20240210,Bagalkot,16.1867,75.6961,27.32,39.85,2.41,5.7629
20240211,Bagalkot,16.1867,75.6961,26.97,39.94,2.37,5.6273
20240212,Bagalkot,16.1867,75.6961,26.71,36.46,2.72,6.0686
20240213,Bagalkot,16.1867,75.6961,26.19,34.85,2.72,6.1754
20240214,Bagalkot,16.1867,75.6961,26.44,41.51,3.02,5.6326
20240215,Bagalkot,16.1867,75.6961,27.29,37.84,3.35,5.9434
20240216,Bagalkot,16.1867,75.6961,26.14,29.42,3.37,6.6499
20240217,Bagalkot,16.1867,75.6961,25.9,26.86,2.86,6.6744
20240218,Bagalkot,16.1867,75.6961,25.91,26.99,1.51,6.5914
20240219,Bagalkot,16.1867,75.6961,26.59,26.96,0.86,6.0934
20240220,Bagalkot,16.1867,75.6961,27.11,29.43,1.14,6.186
20240221,Bagalkot,16.1867,75.6961,26.72,31.39,2.4,6.7985
20240222,Bagalkot,16.1867,75.6961,26.41,41.64,2.55,6.8124
20240223,Bagalkot,16.1867,75.6961,26.07,37.78,2.09,6.7798
20240224,Bagalkot,16.1867,75.6961,26.53,29.17,1.96,6.725
20240225,Bagalkot,16.1867,75.6961,27.26,27.43,1.74,6.4982
20240226,Bagalkot,16.1867,75.6961,28.74,43.32,3.69,5.8236
20240227,Bagalkot,16.1867,75.6961,28.19,42.14,3.22,6.1342
20240228,Bagalkot,16.1867,75.6961,28.38,34.21,2.81,6.1354
20240229,Bagalkot,16.1867,75.6961,28.96,31.45,3.25,6.2453
20240301,Bagalkot,16.1867,75.6961,29.34,30.06,3.01,6.2016
20240302,Bagalkot,16.1867,75.6961,29.14,34.8,3.27,6.2618
20240303,Bagalkot,16.1867,75.6961,28.47,42.86,1.88,6.4699
20240304,Bagalkot,16.1867,75.6961,28.62,38.24,2.18,6.5023
20240305,Bagalkot,16.1867,75.6961,29.98,27.79,1.68,6.5515
20240306,Bagalkot,16.1867,75.6961,29.98,28.98,2.36,6.5014
20240307,Bagalkot,16.1867,75.6961,28.28,26.31,1.92,6.9166
20240308,Bagalkot,16.1867,75.6961,28.28,21.89,2.59,6.9149
20240309,Bagalkot,16.1867,75.6961,29.11,22.48,2.26,6.2842
20240310,Bagalkot,16.1867,75.6961,30.87,28.12,1.27,5.4924
20240311,Bagalkot,16.1867,75.6961,30.91,35.91,2.07,5.4953
20240312,Bagalkot,16.1867,75.6961,31.83,32.96,1.64,5.7466
20240313,Bagalkot,16.1867,75.6961,31.25,27.89,2.93,6.2902
20240314,Bagalkot,16.1867,75.6961,29.35,32.81,2.42,6.8275
20240315,Bagalkot,16.1867,75.6961,29.64,28.7,2.23,6.7555
20240316,Bagalkot,16.1867,75.6961,29.78,27.53,1.9,6.6653
20240317,Bagalkot,16.1867,75.6961,30.81,29.01,1.97,6.3271
20240318,Bagalkot,16.1867,75.6961,31.07,28.51,2.63,6.469
20240319,Bagalkot,16.1867,75.6961,30.4,26.78,3.17,6.8172
20240320,Bagalkot,16.1867,75.6961,30.08,26.74,2.52,6.8736
20240321,Bagalkot,16.1867,75.6961,29.98,38.23,3.25,5.9849
20240322,Bagalkot,16.1867,75.6961,31.05,34.27,1.38,6.0058
20240323,Bagalkot,16.1867,75.6961,31.76,30.4,1.01,6.1282
20240324,Bagalkot,16.1867,75.6961,32.65,25.8,1.37,6.2875
20240325,Bagalkot,16.1867,75.6961,32.75,25.27,2.51,6.3998
20240326,Bagalkot,16.1867,75.6961,32.51,27.02,2.5,6.1034
20240327,Bagalkot,16.1867,75.6961,32.63,25.22,2.47,6.3185
20240328,Bagalkot,16.1867,75.6961,32.31,22.52,2.41,6.307
20240329,Bagalkot,16.1867,75.6961,32.6,27.6,2.28,6.2062
20240330,Bagalkot,16.1867,75.6961,32.61,35.82,2.11,6.4579
20240331,Bagalkot,16.1867,75.6961,31.92,27.67,2.23,6.6763
20240401,Bagalkot,16.1867,75.6961,31.71,26.03,1.68,6.7704
20240402,Bagalkot,16.1867,75.6961,32.5,29.84,1.28,6.5638
20240403,Bagalkot,16.1867,75.6961,32.91,29.23,1.44,6.3706
20240404,Bagalkot,16.1867,75.6961,34.66,23.05,2.21,6.588
20240405,Bagalkot,16.1867,75.6961,34.68,21.47,1.87,6.7565
20240406,Bagalkot,16.1867,75.6961,34.28,26.16,1.94,6.301
20240407,Bagalkot,16.1867,75.6961,33.17,31.32,4.12,6.6547
20240408,Bagalkot,16.1867,75.6961,32.74,22.28,2.06,7.0001
20240409,Bagalkot,16.1867,75.6961,33.38,30.55,2.56,6.7474
20240410,Bagalkot,16.1867,75.6961,33.39,31.99,3.02,6.4493
20240411,Bagalkot,16.1867,75.6961,33.88,32.34,1.92,5.9304
20240412,Bagalkot,16.1867,75.6961,32.95,37.0,2.65,5.502
20240413,Bagalkot,16.1867,75.6961,30.56,49.12,1.29,5.5435
20240414,Bagalkot,16.1867,75.6961,33.13,37.86,2.03,6.4805
20240415,Bagalkot,16.1867,75.6961,33.34,30.55,2.92,6.7795
20240416,Bagalkot,16.1867,75.6961,33.78,28.79,2.45,7.025
20240417,Bagalkot,16.1867,75.6961,33.91,36.38,1.13,4.6188
20240418,Bagalkot,16.1867,75.6961,33.89,35.8,1.69,4.8922
20240419,Bagalkot,16.1867,75.6961,30.26,49.27,1.67,4.9838
20240420,Bagalkot,16.1867,75.6961,28.79,60.57,1.64,3.1678
20240421,Bagalkot,16.1867,75.6961,29.66,61.83,1.66,5.3206
20240422,Bagalkot,16.1867,75.6961,30.59,58.61,1.83,5.3798
20240423,Bagalkot,16.1867,75.6961,31.1,49.94,2.41,6.7142
20240424,Bagalkot,16.1867,75.6961,30.36,55.12,2.1,6.6355
20240425,Bagalkot,16.1867,75.6961,31.23,52.44,1.95,7.0433
20240426,Bagalkot,16.1867,75.6961,31.8,44.87,2.15,6.9391
20240427,Bagalkot,16.1867,75.6961,32.18,43.34,2.15,6.9617
20240428,Bagalkot,16.1867,75.6961,33.15,36.62,2.05,6.9192
20240429,Bagalkot,16.1867,75.6961,33.38,41.68,2.19,6.7054
20240430,Bagalkot,16.1867,75.6961,34.55,33.31,1.38,6.7296
20240501,Bagalkot,16.1867,75.6961,33.4,37.81,3.7,6.7138
20240502,Bagalkot,16.1867,75.6961,33.13,33.53,2.79,7.5828
20240503,Bagalkot,16.1867,75.6961,32.67,33.2,3.52,7.8418
20240504,Bagalkot,16.1867,75.6961,32.33,35.01,3.46,7.8454
20240505,Bagalkot,16.1867,75.6961,32.78,40.19,3.35,7.4338
20240506,Bagalkot,16.1867,75.6961,34.07,39.94,3.58,7.3711
20240507,Bagalkot,16.1867,75.6961,33.54,38.69,3.08,7.0978
20240508,Bagalkot,16.1867,75.6961,32.74,39.88,1.94,7.4554
20240509,Bagalkot,16.1867,75.6961,33.18,39.85,2.03,7.1611
20240510,Bagalkot,16.1867,75.6961,32.59,43.19,1.71,4.2449
20240511,Bagalkot,16.1867,75.6961,33.58,39.48,2.31,5.5195
20240512,Bagalkot,16.1867,75.6961,30.98,56.34,2.14,5.4221
20240513,Bagalkot,16.1867,75.6961,29.5,61.66,2.61,6.6758
20240514,Bagalkot,16.1867,75.6961,29.34,62.77,1.53,6.3391
20240515,Bagalkot,16.1867,75.6961,28.35,68.46,1.77,6.3768
20240516,Bagalkot,16.1867,75.6961,27.74,69.84,1.59,5.2925
20240517,Bagalkot,16.1867,75.6961,29.25,65.31,1.8,5.9052
20240518,Bagalkot,16.1867,75.6961,29.69,62.79,0.92,5.9129
20240519,Bagalkot,16.1867,75.6961,29.64,63.22,1.63,5.766
20240520,Bagalkot,16.1867,75.6961,29.18,67.87,1.98,6.3665
20240521,Bagalkot,16.1867,75.6961,30.32,64.36,2.54,5.0935
20240522,Bagalkot,16.1867,75.6961,31.06,61.87,2.23,6.2398
20240523,Bagalkot,16.1867,75.6961,30.69,62.92,1.96,5.3518
20240524,Bagalkot,16.1867,75.6961,29.82,64.68,2.91,4.7174
20240525,Bagalkot,16.1867,75.6961,28.36,64.85,5.19,3.7802
20240526,Bagalkot,16.1867,75.6961,29.36,66.26,5.38,5.9609
20240527,Bagalkot,16.1867,75.6961,30.29,61.53,5.14,5.3722
20240528,Bagalkot,16.1867,75.6961,29.45,62.79,5.51,5.9438
20240529,Bagalkot,16.1867,75.6961,29.92,62.01,5.38,6.9036
20240530,Bagalkot,16.1867,75.6961,31.09,57.75,4.53,7.2286
20240531,Bagalkot,16.1867,75.6961,31.58,54.52,4.13,7.1789
20240601,Bagalkot,16.1867,75.6961,28.56,66.09,3.88,6.1697
20240602,Bagalkot,16.1867,75.6961,30.73,55.99,3.31,6.3206
20240603,Bagalkot,16.1867,75.6961,26.9,72.64,3.11,3.547
20240604,Bagalkot,16.1867,75.6961,27.75,74.54,3.19,4.451
20240605,Bagalkot,16.1867,75.6961,27.73,71.61,2.61,4.2809
20240606,Bagalkot,16.1867,75.6961,27.38,74.05,2.05,5.2613
20240607,Bagalkot,16.1867,75.6961,26.44,78.44,1.98,3.8938
20240608,Bagalkot,16.1867,75.6961,24.93,84.21,5.14,4.4227
20240609,Bagalkot,16.1867,75.6961,25.14,81.45,4.18,2.9009
20240610,Bagalkot,16.1867,75.6961,25.18,82.67,4.81,3.5585
20240611,Bagalkot,16.1867,75.6961,25.07,74.65,5.63,2.7204
20240612,Bagalkot,16.1867,75.6961,24.91,77.84,4.78,3.3415
20240613,Bagalkot,16.1867,75.6961,24.85,78.15,4.36,5.1782
20240614,Bagalkot,16.1867,75.6961,25.27,73.37,4.68,5.1547
20240615,Bagalkot,16.1867,75.6961,26.5,74.71,4.12,5.7905
20240616,Bagalkot,16.1867,75.6961,26.43,76.45,4.18,5.7958
20240617,Bagalkot,16.1867,75.6961,26.62,74.9,3.79,5.3381
20240618,Bagalkot,16.1867,75.6961,26.59,70.44,4.41,6.3348
20240619,Bagalkot,16.1867,75.6961,26.31,73.24,4.63,4.8046
20240620,Bagalkot,16.1867,75.6961,26.39,76.88,4.85,4.8782
20240621,Bagalkot,16.1867,75.6961,26.73,76.04,5.17,4.5898
20240622,Bagalkot,16.1867,75.6961,25.87,71.7,4.66,5.2409
20240623,Bagalkot,16.1867,75.6961,25.82,74.99,3.97,4.6229
20240624,Bagalkot,16.1867,75.6961,26.24,74.53,5.34,4.4897
20240625,Bagalkot,16.1867,75.6961,25.97,71.87,6.5,4.2278
20240626,Bagalkot,16.1867,75.6961,24.7,76.46,7.91,4.1153
20240627,Bagalkot,16.1867,75.6961,23.49,75.5,7.8,4.2053
20240628,Bagalkot,16.1867,75.6961,25.25,73.9,6.24,4.3927
20240629,Bagalkot,16.1867,75.6961,26.21,75.96,5.24,4.7537
20240630,Bagalkot,16.1867,75.6961,26.22,77.22,5.57,4.0202
20240701,Bagalkot,16.1867,75.6961,26.16,75.48,7.7,5.0158
20240702,Bagalkot,16.1867,75.6961,25.76,77.58,7.01,4.5922
20240703,Bagalkot,16.1867,75.6961,26.82,76.56,5.58,3.2333
20240704,Bagalkot,16.1867,75.6961,26.29,77.13,5.68,4.0272
20240705,Bagalkot,16.1867,75.6961,26.07,75.22,5.82,4.2302
20240706,Bagalkot,16.1867,75.6961,25.62,78.35,6.23,4.3759
20240707,Bagalkot,16.1867,75.6961,25.24,77.18,6.09,3.2993
20240708,Bagalkot,16.1867,75.6961,24.49,84.78,5.07,3.829
20240709,Bagalkot,16.1867,75.6961,24.59,80.56,4.68,4.121
20240710,Bagalkot,16.1867,75.6961,25.09,76.75,4.21,4.9493
20240711,Bagalkot,16.1867,75.6961,25.53,75.99,5.75,5.4684
20240712,Bagalkot,16.1867,75.6961,24.65,83.41,4.75,4.1366
20240713,Bagalkot,16.1867,75.6961,25.48,81.81,5.73,4.5994
20240714,Bagalkot,16.1867,75.6961,25.07,83.4,6.94,2.9136
20240715,Bagalkot,16.1867,75.6961,25.58,79.89,5.64,3.9569
20240716,Bagalkot,16.1867,75.6961,25.5,78.85,6.19,4.8305
20240717,Bagalkot,16.1867,75.6961,25.83,80.16,6.17,3.4553
20240718,Bagalkot,16.1867,75.6961,26.0,77.86,8.02,3.773
20240719,Bagalkot,16.1867,75.6961,24.48,84.71,7.06,3.3182
20240720,Bagalkot,16.1867,75.6961,24.61,83.55,7.14,2.6515
20240721,Bagalkot,16.1867,75.6961,25.15,83.28,6.56,2.9256
20240722,Bagalkot,16.1867,75.6961,24.88,81.07,7.15,3.7075
20240723,Bagalkot,16.1867,75.6961,25.0,81.18,7.38,2.3765
20240724,Bagalkot,16.1867,75.6961,25.49,78.86,7.55,2.4182
20240725,Bagalkot,16.1867,75.6961,24.85,81.28,7.37,2.412
20240726,Bagalkot,16.1867,75.6961,25.03,81.4,7.02,3.4889
20240727,Bagalkot,16.1867,75.6961,25.26,81.22,7.17,2.8217
20240728,Bagalkot,16.1867,75.6961,25.23,80.87,7.07,3.1044
20240729,Bagalkot,16.1867,75.6961,26.19,78.61,6.82,4.1844
20240730,Bagalkot,16.1867,75.6961,25.91,81.08,5.19,4.8641
20240731,Bagalkot,16.1867,75.6961,25.78,83.08,5.12,3.8995
20240801,Bagalkot,16.1867,75.6961,25.23,83.56,5.69,3.1188
20240802,Bagalkot,16.1867,75.6961,24.54,84.52,5.79,3.5254
20240803,Bagalkot,16.1867,75.6961,25.27,81.13,6.06,3.6103
20240804,Bagalkot,16.1867,75.6961,24.98,81.37,5.61,3.6662
20240805,Bagalkot,16.1867,75.6961,25.5,80.22,4.68,4.5984
20240806,Bagalkot,16.1867,75.6961,24.75,83.74,3.96,3.8669
20240807,Bagalkot,16.1867,75.6961,25.0,82.67,3.96,2.8728
20240808,Bagalkot,16.1867,75.6961,25.36,80.86,3.86,3.9874
20240809,Bagalkot,16.1867,75.6961,25.82,79.26,3.88,6.1008
20240810,Bagalkot,16.1867,75.6961,26.15,77.95,3.61,5.8322
20240811,Bagalkot,16.1867,75.6961,25.66,80.93,3.71,5.5735
20240812,Bagalkot,16.1867,75.6961,25.84,79.04,3.01,6.0583
20240813,Bagalkot,16.1867,75.6961,25.56,81.25,2.05,6.2705
20240814,Bagalkot,16.1867,75.6961,27.11,79.54,1.75,4.9248
20240815,Bagalkot,16.1867,75.6961,26.86,81.64,1.73,5.1634
20240816,Bagalkot,16.1867,75.6961,26.16,83.92,2.1,3.8508
20240817,Bagalkot,16.1867,75.6961,27.26,78.62,1.66,4.0958
20240818,Bagalkot,16.1867,75.6961,26.87,82.0,2.38,5.4787
20240819,Bagalkot,16.1867,75.6961,26.92,80.24,1.36,4.9094
20240820,Bagalkot,16.1867,75.6961,26.73,77.55,1.06,4.3414
20240821,Bagalkot,16.1867,75.6961,27.24,75.94,2.27,5.1331
20240822,Bagalkot,16.1867,75.6961,25.8,80.03,4.2,3.1922
20240823,Bagalkot,16.1867,75.6961,25.66,81.38,4.63,4.3198
20240824,Bagalkot,16.1867,75.6961,24.31,87.25,5.29,3.5482
20240825,Bagalkot,16.1867,75.6961,24.78,85.47,5.17,4.1093
20240826,Bagalkot,16.1867,75.6961,25.14,81.56,5.73,4.6445
20240827,Bagalkot,16.1867,75.6961,25.33,80.45,5.22,4.4417
20240828,Bagalkot,16.1867,75.6961,25.09,81.31,5.21,5.2687
20240829,Bagalkot,16.1867,75.6961,24.97,82.05,4.81,5.6215
20240830,Bagalkot,16.1867,75.6961,24.95,83.59,3.92,5.5586
20240831,Bagalkot,16.1867,75.6961,24.48,85.11,4.41,2.2049
20240901,Bagalkot,16.1867,75.6961,23.96,85.85,5.32,1.8797
20240902,Bagalkot,16.1867,75.6961,24.51,81.58,5.34,2.8447
20240903,Bagalkot,16.1867,75.6961,25.15,82.1,4.59,4.2038
20240904,Bagalkot,16.1867,75.6961,25.27,81.76,5.08,4.1866
20240905,Bagalkot,16.1867,75.6961,25.45,81.67,4.84,5.159
20240906,Bagalkot,16.1867,75.6961,25.13,81.91,4.4,4.5974
20240907,Bagalkot,16.1867,75.6961,24.86,83.23,4.15,5.0083
20240908,Bagalkot,16.1867,75.6961,24.74,84.19,3.76,4.007
20240909,Bagalkot,16.1867,75.6961,24.83,84.24,4.12,4.867
20240910,Bagalkot,16.1867,75.6961,24.57,83.23,4.32,4.3308
20240911,Bagalkot,16.1867,75.6961,25.02,79.76,4.45,4.7006
20240912,Bagalkot,16.1867,75.6961,25.1,78.31,4.23,6.2035
20240913,Bagalkot,16.1867,75.6961,24.72,77.43,3.77,5.7348
20240914,Bagalkot,16.1867,75.6961,24.96,77.04,3.77,5.933
20240915,Bagalkot,16.1867,75.6961,24.98,77.21,4.02,5.717
20240916,Bagalkot,16.1867,75.6961,24.92,76.15,3.76,5.119
20240917,Bagalkot,16.1867,75.6961,25.14,74.4,3.61,4.5667
20240918,Bagalkot,16.1867,75.6961,24.56,73.72,3.18,6.4498
20240919,Bagalkot,16.1867,75.6961,25.22,72.6,2.49,5.7295
20240920,Bagalkot,16.1867,75.6961,25.89,72.95,2.44,5.7067
20240921,Bagalkot,16.1867,75.6961,25.08,79.81,2.41,3.5292
20240922,Bagalkot,16.1867,75.6961,25.03,83.26,1.59,4.0723
20240923,Bagalkot,16.1867,75.6961,25.33,85.66,2.16,4.5161
20240924,Bagalkot,16.1867,75.6961,24.51,90.36,3.22,3.3029
20240925,Bagalkot,16.1867,75.6961,23.02,90.98,3.48,3.7994
20240926,Bagalkot,16.1867,75.6961,24.36,83.53,4.65,3.7546
20240927,Bagalkot,16.1867,75.6961,24.34,82.4,3.93,4.1892
20240928,Bagalkot,16.1867,75.6961,24.72,83.24,2.55,4.9464
20240929,Bagalkot,16.1867,75.6961,26.22,77.56,1.2,5.7492
20240930,Bagalkot,16.1867,75.6961,26.22,81.36,1.23,5.1802
20241001,Bagalkot,16.1867,75.6961,26.95,75.76,1.28,5.507
20241002,Bagalkot,16.1867,75.6961,27.18,75.44,1.36,5.7432
20241003,Bagalkot,16.1867,75.6961,25.41,85.35,2.29,4.841
20241004,Bagalkot,16.1867,75.6961,25.47,84.29,2.12,5.3453
20241005,Bagalkot,16.1867,75.6961,25.8,81.09,2.14,5.4806
20241006,Bagalkot,16.1867,75.6961,25.14,78.29,2.21,4.6106
20241007,Bagalkot,16.1867,75.6961,24.83,79.55,2.28,5.0674
20241008,Bagalkot,16.1867,75.6961,24.71,81.63,2.11,4.9922
20241009,Bagalkot,16.1867,75.6961,24.73,85.87,2.38,3.7224
20241010,Bagalkot,16.1867,75.6961,24.99,85.32,2.88,3.6754
20241011,Bagalkot,16.1867,75.6961,24.65,88.3,2.94,4.5235
20241012,Bagalkot,16.1867,75.6961,25.02,86.17,2.78,4.393
20241013,Bagalkot,16.1867,75.6961,25.48,83.38,2.7,4.9126
20241014,Bagalkot,16.1867,75.6961,24.4,86.32,2.07,4.9214
20241015,Bagalkot,16.1867,75.6961,23.97,87.62,2.1,3.2813
20241016,Bagalkot,16.1867,75.6961,24.47,87.99,2.54,3.6449
20241017,Bagalkot,16.1867,75.6961,25.05,87.83,1.97,4.0027
20241018,Bagalkot,16.1867,75.6961,24.34,91.62,1.62,2.8402
20241019,Bagalkot,16.1867,75.6961,24.93,81.07,0.88,4.189
20241020,Bagalkot,16.1867,75.6961,24.52,82.9,2.14,4.5672
20241021,Bagalkot,16.1867,75.6961,24.6,84.19,2.12,4.6361
20241022,Bagalkot,16.1867,75.6961,24.51,85.46,1.63,4.6834
20241023,Bagalkot,16.1867,75.6961,24.87,84.44,1.54,5.1336
20241024,Bagalkot,16.1867,75.6961,24.71,76.77,1.56,4.6973
20241025,Bagalkot,16.1867,75.6961,24.1,74.76,1.72,5.0712
20241026,Bagalkot,16.1867,75.6961,23.59,80.59,1.64,5.1002
20241027,Bagalkot,16.1867,75.6961,23.53,77.05,1.73,5.695
20241028,Bagalkot,16.1867,75.6961,23.67,75.8,1.25,5.3131
20241029,Bagalkot,16.1867,75.6961,24.1,77.44,1.19,4.8115
20241030,Bagalkot,16.1867,75.6961,24.13,79.45,1.26,4.1926
20241031,Bagalkot,16.1867,75.6961,24.52,85.34,1.96,3.8232
20241101,Bagalkot,16.1867,75.6961,24.31,83.76,1.66,4.6176
20241102,Bagalkot,16.1867,75.6961,24.19,82.86,2.02,4.8276
20241103,Bagalkot,16.1867,75.6961,24.17,85.56,2.0,4.7515
20241104,Bagalkot,16.1867,75.6961,24.08,83.35,2.35,4.7292
20241105,Bagalkot,16.1867,75.6961,22.92,80.42,2.48,5.087
20241106,Bagalkot,16.1867,75.6961,22.16,71.54,1.88,5.4098
20241107,Bagalkot,16.1867,75.6961,22.22,75.83,1.82,5.3676
20241108,Bagalkot,16.1867,75.6961,22.44,75.25,1.91,5.3206
20241109,Bagalkot,16.1867,75.6961,23.54,79.11,2.14,4.5842
20241110,Bagalkot,16.1867,75.6961,23.04,76.66,2.0,4.9404
20241111,Bagalkot,16.1867,75.6961,21.87,73.32,2.15,4.8446
20241112,Bagalkot,16.1867,75.6961,21.31,78.69,2.06,4.8238
20241113,Bagalkot,16.1867,75.6961,23.94,81.4,2.77,3.9223
20241114,Bagalkot,16.1867,75.6961,24.89,82.01,2.33,3.8018
20241115,Bagalkot,16.1867,75.6961,24.53,83.9,2.15,3.1586
20241116,Bagalkot,16.1867,75.6961,24.79,77.11,2.75,4.0202
20241117,Bagalkot,16.1867,75.6961,22.55,69.0,2.68,4.6075
20241118,Bagalkot,16.1867,75.6961,20.46,66.77,2.17,4.902
20241119,Bagalkot,16.1867,75.6961,20.16,72.79,2.13,4.8228
20241120,Bagalkot,16.1867,75.6961,20.35,72.47,2.07,5.0306
20241121,Bagalkot,16.1867,75.6961,20.46,73.07,2.02,4.9963
20241122,Bagalkot,16.1867,75.6961,20.4,72.93,1.83,4.7498
20241123,Bagalkot,16.1867,75.6961,20.67,75.02,1.86,4.5876
20241124,Bagalkot,16.1867,75.6961,20.44,71.85,1.91,4.5953
20241125,Bagalkot,16.1867,75.6961,20.4,72.53,2.52,4.5058
20241126,Bagalkot,16.1867,75.6961,21.21,70.5,2.29,4.7724
20241127,Bagalkot,16.1867,75.6961,21.26,73.31,2.51,4.1945
20241128,Bagalkot,16.1867,75.6961,20.24,64.76,3.04,5.1588
20241129,Bagalkot,16.1867,75.6961,21.06,68.54,2.92,5.2013
20241130,Bagalkot,16.1867,75.6961,23.07,76.25,2.98,3.7226
20241201,Bagalkot,16.1867,75.6961,23.98,78.34,2.67,3.6878
20241202,Bagalkot,16.1867,75.6961,24.18,82.32,2.86,2.2373
20241203,Bagalkot,16.1867,75.6961,24.61,80.23,4.01,2.4775
20241204,Bagalkot,16.1867,75.6961,25.36,75.81,2.82,4.6051
20241205,Bagalkot,16.1867,75.6961,25.39,77.48,2.26,3.9247
20241206,Bagalkot,16.1867,75.6961,25.63,76.77,1.44,4.1186
20241207,Bagalkot,16.1867,75.6961,25.49,77.88,0.82,3.3065
20241208,Bagalkot,16.1867,75.6961,24.81,82.47,1.08,3.7596
20241209,Bagalkot,16.1867,75.6961,24.7,80.42,1.68,4.243
20241210,Bagalkot,16.1867,75.6961,24.8,74.28,2.46,3.707
20241211,Bagalkot,16.1867,75.6961,22.84,62.34,2.61,4.5036
20241212,Bagalkot,16.1867,75.6961,23.1,71.97,2.01,4.7426
20241213,Bagalkot,16.1867,75.6961,22.87,70.2,2.6,4.1431
20241214,Bagalkot,16.1867,75.6961,21.98,61.42,2.8,4.3673
20241215,Bagalkot,16.1867,75.6961,20.56,64.6,2.33,4.6802
20241216,Bagalkot,16.1867,75.6961,19.26,58.99,2.04,5.0506
20241217,Bagalkot,16.1867,75.6961,19.67,59.18,1.69,5.0489
20241218,Bagalkot,16.1867,75.6961,22.14,64.41,1.69,4.8158
20241219,Bagalkot,16.1867,75.6961,24.05,66.26,1.76,4.6402
20241220,Bagalkot,16.1867,75.6961,24.65,69.85,1.47,3.815
20241221,Bagalkot,16.1867,75.6961,24.9,66.92,0.58,3.5242
20241222,Bagalkot,16.1867,75.6961,24.75,67.81,1.12,4.1038
20241223,Bagalkot,16.1867,75.6961,23.81,69.25,1.18,3.6226
20241224,Bagalkot,16.1867,75.6961,24.26,64.16,1.59,4.1513
20241225,Bagalkot,16.1867,75.6961,24.16,67.45,1.78,4.0649
20241226,Bagalkot,16.1867,75.6961,24.6,69.63,2.94,2.7288
20241227,Bagalkot,16.1867,75.6961,25.05,68.62,4.03,2.2562
20241228,Bagalkot,16.1867,75.6961,24.67,65.46,2.62,5.2447
20241229,Bagalkot,16.1867,75.6961,24.24,60.59,2.59,5.1062
20241230,Bagalkot,16.1867,75.6961,23.25,53.63,2.57,5.3198
20241231,Bagalkot,16.1867,75.6961,23.13,56.33,2.84,4.8478
20250101,Bagalkot,16.1867,75.6961,22.86,60.13,2.88,3.9163
20250102,Bagalkot,16.1867,75.6961,22.08,48.99,3.0,4.5422
20250103,Bagalkot,16.1867,75.6961,21.05,40.34,2.72,4.7354
20250104,Bagalkot,16.1867,75.6961,21.61,50.15,2.3,5.3573
20250105,Bagalkot,16.1867,75.6961,21.42,54.46,2.04,5.1929
20250106,Bagalkot,16.1867,75.6961,21.67,52.32,1.96,5.0369
20250107,Bagalkot,16.1867,75.6961,21.79,49.94,2.08,5.1144
20250108,Bagalkot,16.1867,75.6961,20.98,45.82,2.5,4.6942
20250109,Bagalkot,16.1867,75.6961,20.8,50.19,2.75,4.585
20250110,Bagalkot,16.1867,75.6961,22.05,59.87,2.66,4.2466
20250111,Bagalkot,16.1867,75.6961,23.88,63.69,2.41,3.7596
20250112,Bagalkot,16.1867,75.6961,24.28,59.19,2.42,4.3822
20250113,Bagalkot,16.1867,75.6961,25.01,53.65,2.71,4.8463
20250114,Bagalkot,16.1867,75.6961,25.22,56.36,3.1,4.5377
20250115,Bagalkot,16.1867,75.6961,24.59,60.49,3.18,4.8737
20250116,Bagalkot,16.1867,75.6961,24.47,57.46,3.16,4.3622
20250117,Bagalkot,16.1867,75.6961,23.9,53.99,3.36,4.4654
20250118,Bagalkot,16.1867,75.6961,23.13,53.86,3.15,3.9302
20250119,Bagalkot,16.1867,75.6961,23.53,44.21,2.6,4.9918
20250120,Bagalkot,16.1867,75.6961,23.31,36.46,2.64,5.3827
20250121,Bagalkot,16.1867,75.6961,22.96,33.86,2.13,5.639
20250122,Bagalkot,16.1867,75.6961,23.96,40.85,2.26,5.7554
20250123,Bagalkot,16.1867,75.6961,24.81,43.64,2.58,5.5834
20250124,Bagalkot,16.1867,75.6961,24.98,46.71,2.94,5.6227
20250125,Bagalkot,16.1867,75.6961,24.11,39.35,2.73,6.083
20250126,Bagalkot,16.1867,75.6961,24.15,35.64,2.73,5.9604
20250127,Bagalkot,16.1867,75.6961,24.23,36.91,2.41,5.67
20250128,Bagalkot,16.1867,75.6961,24.51,36.71,2.12,5.4002
20250129,Bagalkot,16.1867,75.6961,24.07,41.03,2.63,5.147
20250130,Bagalkot,16.1867,75.6961,24.09,40.25,2.37,5.7372
20250131,Bagalkot,16.1867,75.6961,25.4,26.1,1.5,6.006
20250201,Bagalkot,16.1867,75.6961,25.53,33.58,1.1,5.8294
20250202,Bagalkot,16.1867,75.6961,25.87,31.19,2.28,5.4842
20250203,Bagalkot,16.1867,75.6961,25.32,30.93,2.65,6.1214
20250204,Bagalkot,16.1867,75.6961,25.96,28.79,2.69,6.1908
20250205,Bagalkot,16.1867,75.6961,25.9,30.51,2.43,6.0137
20250206,Bagalkot,16.1867,75.6961,26.12,35.58,2.78,5.9479
20250207,Bagalkot,16.1867,75.6961,26.31,39.09,2.86,5.6765
20250208,Bagalkot,16.1867,75.6961,26.21,33.94,2.49,5.6462
20250209,Bagalkot,16.1867,75.6961,25.82,35.21,2.54,5.3954
20250210,Bagalkot,16.1867,75.6961,26.35,44.02,2.35,5.2363
20250211,Bagalkot,16.1867,75.6961,26.37,39.87,2.06,5.4458
20250212,Bagalkot,16.1867,75.6961,26.94,29.0,1.87,5.761
20250213,Bagalkot,16.1867,75.6961,26.65,23.62,2.08,6.0456
20250214,Bagalkot,16.1867,75.6961,25.48,19.49,2.31,6.0922
20250215,Bagalkot,16.1867,75.6961,25.89,19.51,2.54,6.4502
20250216,Bagalkot,16.1867,75.6961,26.03,19.15,2.07,6.4879
20250217,Bagalkot,16.1867,75.6961,27.1,22.04,1.78,6.307
20250218,Bagalkot,16.1867,75.6961,27.47,27.92,1.46,6.1937
20250219,Bagalkot,16.1867,75.6961,27.94,28.46,0.91,6.0278
20250220,Bagalkot,16.1867,75.6961,27.96,29.19,1.78,5.791
20250221,Bagalkot,16.1867,75.6961,28.09,34.69,2.25,5.3006
20250222,Bagalkot,16.1867,75.6961,27.89,29.95,2.43,5.5898
20250223,Bagalkot,16.1867,75.6961,27.05,24.36,2.6,5.8697
20250224,Bagalkot,16.1867,75.6961,26.4,21.42,3.34,6.685
20250225,Bagalkot,16.1867,75.6961,26.21,33.38,3.19,5.7734
20250226,Bagalkot,16.1867,75.6961,26.85,35.71,3.47,6.3041
20250227,Bagalkot,16.1867,75.6961,27.1,39.12,3.1,6.2616
20250228,Bagalkot,16.1867,75.6961,27.77,36.88,2.96,5.8363
20250301,Bagalkot,16.1867,75.6961,28.03,34.24,3.21,6.619
20250302,Bagalkot,16.1867,75.6961,28.09,30.32,2.34,6.5441
20250303,Bagalkot,16.1867,75.6961,29.0,24.59,2.05,6.2292
20250304,Bagalkot,16.1867,75.6961,29.22,21.08,3.25,6.3005
20250305,Bagalkot,16.1867,75.6961,29.08,18.67,2.89,6.2705
20250306,Bagalkot,16.1867,75.6961,27.46,8.88,2.92,6.9643
20250307,Bagalkot,16.1867,75.6961,27.01,7.81,2.18,6.792
20250308,Bagalkot,16.1867,75.6961,27.97,11.5,1.91,7.014
20250309,Bagalkot,16.1867,75.6961,28.62,17.56,2.52,6.7716
20250310,Bagalkot,16.1867,75.6961,28.12,35.9,3.72,6.5606
20250311,Bagalkot,16.1867,75.6961,27.88,33.76,3.56,6.702
20250312,Bagalkot,16.1867,75.6961,28.53,32.59,2.92,6.9238
20250313,Bagalkot,16.1867,75.6961,28.84,30.7,1.64,6.6252
20250314,Bagalkot,16.1867,75.6961,29.52,37.57,1.56,6.3838
20250315,Bagalkot,16.1867,75.6961,30.1,25.87,2.16,6.4541
20250316,Bagalkot,16.1867,75.6961,29.94,23.58,2.3,6.8609
20250317,Bagalkot,16.1867,75.6961,29.27,31.22,1.58,6.0022
20250318,Bagalkot,16.1867,75.6961,30.65,34.32,1.52,6.7022
20250319,Bagalkot,16.1867,75.6961,31.21,26.06,1.94,6.6137
20250320,Bagalkot,16.1867,75.6961,31.62,33.18,2.41,6.2234
20250321,Bagalkot,16.1867,75.6961,31.89,29.84,1.87,6.4954
20250322,Bagalkot,16.1867,75.6961,30.72,25.51,2.24,7.1002
20250323,Bagalkot,16.1867,75.6961,31.44,31.64,1.51,6.8578
20250324,Bagalkot,16.1867,75.6961,31.31,35.19,2.17,5.484
20250325,Bagalkot,16.1867,75.6961,31.43,29.29,2.13,5.7098
20250326,Bagalkot,16.1867,75.6961,31.74,30.09,1.46,6.0874
20250327,Bagalkot,16.1867,75.6961,31.86,29.58,1.98,6.4385
20250328,Bagalkot,16.1867,75.6961,31.74,25.07,1.77,6.7464
20250329,Bagalkot,16.1867,75.6961,32.15,23.75,1.82,5.7667
20250330,Bagalkot,16.1867,75.6961,31.83,29.04,1.89,5.8586
20250331,Bagalkot,16.1867,75.6961,32.42,29.53,1.94,5.1677
20250401,Bagalkot,16.1867,75.6961,31.57,32.8,2.43,5.8147
20250402,Bagalkot,16.1867,75.6961,29.7,31.8,2.95,6.6773
20250403,Bagalkot,16.1867,75.6961,29.42,40.05,1.73,4.4791
20250404,Bagalkot,16.1867,75.6961,30.5,43.67,2.33,6.625
20250405,Bagalkot,16.1867,75.6961,31.3,38.55,2.35,6.0218
20250406,Bagalkot,16.1867,75.6961,31.52,38.14,2.35,6.4795
20250407,Bagalkot,16.1867,75.6961,31.58,32.54,1.99,6.33
20250408,Bagalkot,16.1867,75.6961,31.04,36.08,2.22,6.4754
20250409,Bagalkot,16.1867,75.6961,30.83,39.91,2.2,6.3166
20250410,Bagalkot,16.1867,75.6961,30.28,42.77,3.17,6.3526
20250411,Bagalkot,16.1867,75.6961,30.33,43.77,2.56,6.8666
20250412,Bagalkot,16.1867,75.6961,30.55,39.82,2.75,6.9622
20250413,Bagalkot,16.1867,75.6961,30.88,28.31,2.54,7.2725
20250414,Bagalkot,16.1867,75.6961,31.78,23.37,1.86,7.2684
20250415,Bagalkot,16.1867,75.6961,32.01,25.12,1.25,6.8426
20250416,Bagalkot,16.1867,75.6961,32.04,35.37,1.99,6.809
20250417,Bagalkot,16.1867,75.6961,31.98,41.7,2.41,7.0481
20250418,Bagalkot,16.1867,75.6961,32.38,43.96,2.34,6.8513
20250419,Bagalkot,16.1867,75.6961,31.94,45.03,2.9,6.4116
20250420,Bagalkot,16.1867,75.6961,33.14,35.68,2.84,6.0228
20250421,Bagalkot,16.1867,75.6961,33.25,33.48,2.86,6.3372
20250422,Bagalkot,16.1867,75.6961,33.51,35.86,1.88,6.0214
20250423,Bagalkot,16.1867,75.6961,32.69,42.64,2.03,6.2573
20250424,Bagalkot,16.1867,75.6961,31.9,48.39,2.0,6.3864
20250425,Bagalkot,16.1867,75.6961,31.85,49.18,1.92,5.7238
20250426,Bagalkot,16.1867,75.6961,31.45,48.56,1.82,6.415
20250427,Bagalkot,16.1867,75.6961,30.55,55.51,1.65,6.1068
20250428,Bagalkot,16.1867,75.6961,30.15,53.95,2.25,6.8878
20250429,Bagalkot,16.1867,75.6961,30.42,52.29,1.73,6.6562
20250430,Bagalkot,16.1867,75.6961,32.07,42.18,2.62,7.1047
20250501,Bagalkot,16.1867,75.6961,32.4,33.48,3.11,7.3788
20250502,Bagalkot,16.1867,75.6961,32.26,35.94,3.06,7.2782
20250503,Bagalkot,16.1867,75.6961,32.11,35.74,2.71,7.4023
20250504,Bagalkot,16.1867,75.6961,31.35,36.66,3.86,7.4887
20250505,Bagalkot,16.1867,75.6961,30.59,37.08,2.27,7.7287
20250506,Bagalkot,16.1867,75.6961,30.2,40.21,3.72,7.4038
20250507,Bagalkot,16.1867,75.6961,30.6,36.99,3.51,7.1124
20250508,Bagalkot,16.1867,75.6961,29.36,44.9,3.55,7.0073
20250509,Bagalkot,16.1867,75.6961,29.93,44.34,2.58,7.4326
20250510,Bagalkot,16.1867,75.6961,30.38,47.12,2.89,7.2941
20250511,Bagalkot,16.1867,75.6961,31.52,43.46,2.61,6.7243
20250512,Bagalkot,16.1867,75.6961,31.67,45.26,2.2,6.3384
20250513,Bagalkot,16.1867,75.6961,30.03,55.9,2.6,5.8145
20250514,Bagalkot,16.1867,75.6961,29.68,59.99,1.79,6.6113
20250515,Bagalkot,16.1867,75.6961,28.54,65.35,2.41,5.6196
20250516,Bagalkot,16.1867,75.6961,28.25,70.73,1.91,5.1202
20250517,Bagalkot,16.1867,75.6961,28.99,66.43,1.74,6.0991
20250518,Bagalkot,16.1867,75.6961,27.34,75.96,2.24,4.9063
20250519,Bagalkot,16.1867,75.6961,27.32,77.84,2.23,4.0918
20250520,Bagalkot,16.1867,75.6961,28.44,72.55,2.25,3.409
20250521,Bagalkot,16.1867,75.6961,27.53,75.66,2.34,3.0804
20250522,Bagalkot,16.1867,75.6961,26.0,82.82,2.99,4.6226
20250523,Bagalkot,16.1867,75.6961,26.76,78.31,5.49,3.9245
20250524,Bagalkot,16.1867,75.6961,26.15,80.41,5.59,3.8035
20250525,Bagalkot,16.1867,75.6961,25.39,80.58,6.6,2.3827
20250526,Bagalkot,16.1867,75.6961,23.76,82.03,7.14,2.1511
20250527,Bagalkot,16.1867,75.6961,24.25,86.19,5.53,3.7186
20250528,Bagalkot,16.1867,75.6961,25.02,81.23,5.69,4.0867
20250529,Bagalkot,16.1867,75.6961,24.62,88.17,4.68,4.039
20250530,Bagalkot,16.1867,75.6961,26.19,78.91,5.27,5.0878
20250531,Bagalkot,16.1867,75.6961,26.32,72.51,5.24,6.2352
20250601,Bagalkot,16.1867,75.6961,26.01,75.7,4.61,5.6398
20250602,Bagalkot,16.1867,75.6961,26.5,75.54,4.56,4.6354
20250603,Bagalkot,16.1867,75.6961,26.32,74.46,4.24,5.611
20250604,Bagalkot,16.1867,75.6961,26.22,74.11,3.99,5.8111
20250605,Bagalkot,16.1867,75.6961,26.04,72.42,3.35,5.0928
20250606,Bagalkot,16.1867,75.6961,26.6,75.49,3.29,5.5759
20250607,Bagalkot,16.1867,75.6961,26.31,79.05,3.3,4.643
20250608,Bagalkot,16.1867,75.6961,26.24,78.41,3.87,5.7806
20250609,Bagalkot,16.1867,75.6961,26.08,78.31,4.4,4.6673
20250610,Bagalkot,16.1867,75.6961,26.56,75.6,4.32,3.6094
20250611,Bagalkot,16.1867,75.6961,26.29,79.3,4.58,3.3713
20250612,Bagalkot,16.1867,75.6961,25.35,84.0,4.23,2.9321
20250613,Bagalkot,16.1867,75.6961,26.96,81.62,2.25,3.8237
20250614,Bagalkot,16.1867,75.6961,25.64,84.66,4.48,4.1383
20250615,Bagalkot,16.1867,75.6961,25.48,80.94,5.33,4.2062
20250616,Bagalkot,16.1867,75.6961,25.85,78.83,7.23,3.9214
20250617,Bagalkot,16.1867,75.6961,26.18,77.93,5.91,5.359
20250618,Bagalkot,16.1867,75.6961,26.37,77.83,5.95,5.3129
20250619,Bagalkot,16.1867,75.6961,25.92,78.63,6.14,4.8626
20250620,Bagalkot,16.1867,75.6961,25.79,79.55,5.47,4.6404
20250621,Bagalkot,16.1867,75.6961,25.91,78.68,5.42,5.1818
20250622,Bagalkot,16.1867,75.6961,25.72,78.74,5.62,5.3014
20250623,Bagalkot,16.1867,75.6961,25.1,80.35,6.51,3.8366
20250624,Bagalkot,16.1867,75.6961,25.27,78.1,7.11,3.6343
20250625,Bagalkot,16.1867,75.6961,25.23,80.41,6.82,3.155
20250626,Bagalkot,16.1867,75.6961,25.14,81.62,6.41,3.8362
20250627,Bagalkot,16.1867,75.6961,25.66,79.53,5.97,4.1837
20250628,Bagalkot,16.1867,75.6961,25.68,78.38,5.53,4.8977
20250629,Bagalkot,16.1867,75.6961,25.54,79.01,5.76,4.2101
20250630,Bagalkot,16.1867,75.6961,24.83,81.59,5.63,3.9701
20250701,Bagalkot,16.1867,75.6961,24.69,82.9,5.31,3.313
20250702,Bagalkot,16.1867,75.6961,25.55,79.35,5.51,3.817
20250703,Bagalkot,16.1867,75.6961,25.01,80.44,6.22,3.0785
20250704,Bagalkot,16.1867,75.6961,25.33,79.49,6.7,3.847
20250705,Bagalkot,16.1867,75.6961,25.21,80.34,6.7,4.6867
20250706,Bagalkot,16.1867,75.6961,24.97,80.13,6.89,4.2938
20250707,Bagalkot,16.1867,75.6961,25.27,78.39,6.6,4.2257
20250708,Bagalkot,16.1867,75.6961,25.29,79.11,6.33,3.108
20250709,Bagalkot,16.1867,75.6961,25.59,78.41,5.77,3.8993
20250710,Bagalkot,16.1867,75.6961,26.01,76.41,4.74,5.149
20250711,Bagalkot,16.1867,75.6961,25.94,76.4,4.5,5.2483
20250712,Bagalkot,16.1867,75.6961,25.48,78.45,4.58,4.8454
20250713,Bagalkot,16.1867,75.6961,25.82,77.27,5.13,4.5492
20250714,Bagalkot,16.1867,75.6961,25.85,77.53,5.69,4.8521
20250715,Bagalkot,16.1867,75.6961,25.78,78.59,5.24,3.9912
20250716,Bagalkot,16.1867,75.6961,25.95,79.03,4.84,4.3202
20250717,Bagalkot,16.1867,75.6961,25.23,81.17,4.49,4.613
20250718,Bagalkot,16.1867,75.6961,23.63,91.15,3.6,3.7598
20250719,Bagalkot,16.1867,75.6961,24.74,82.72,3.77,5.0815
20250720,Bagalkot,16.1867,75.6961,24.87,83.0,3.95,4.8262
20250721,Bagalkot,16.1867,75.6961,24.64,85.76,4.18,4.668
20250722,Bagalkot,16.1867,75.6961,24.81,83.55,4.95,3.7894
20250723,Bagalkot,16.1867,75.6961,24.42,84.64,5.7,2.9954
20250724,Bagalkot,16.1867,75.6961,24.58,84.21,5.31,3.4368
20250725,Bagalkot,16.1867,75.6961,24.66,85.89,6.18,3.7999
20250726,Bagalkot,16.1867,75.6961,24.06,83.33,7.52,2.6314
20250727,Bagalkot,16.1867,75.6961,24.09,80.76,7.19,4.26
20250728,Bagalkot,16.1867,75.6961,24.26,78.94,7.19,4.7746
20250729,Bagalkot,16.1867,75.6961,24.38,78.6,7.6,4.0961
20250730,Bagalkot,16.1867,75.6961,24.62,80.04,6.48,2.808
20250731,Bagalkot,16.1867,75.6961,24.96,80.17,5.29,3.1618
20250801,Bagalkot,16.1867,75.6961,25.26,79.03,4.28,3.8786
20250802,Bagalkot,16.1867,75.6961,25.31,78.94,3.89,5.0578
20250803,Bagalkot,16.1867,75.6961,25.62,78.54,2.85,4.309
20250804,Bagalkot,16.1867,75.6961,25.47,80.15,2.97,4.8564
20250805,Bagalkot,16.1867,75.6961,25.21,84.17,2.41,3.9276
20250806,Bagalkot,16.1867,75.6961,24.87,86.9,3.07,5.3782
20250807,Bagalkot,16.1867,75.6961,25.05,87.08,1.81,4.7832
20250808,Bagalkot,16.1867,75.6961,24.71,88.5,1.81,3.4123
20250809,Bagalkot,16.1867,75.6961,24.86,82.94,1.98,3.8551
20250810,Bagalkot,16.1867,75.6961,23.66,85.81,2.93,4.6752
20250811,Bagalkot,16.1867,75.6961,23.97,83.36,3.63,4.4767
20250812,Bagalkot,16.1867,75.6961,23.22,84.45,3.83,3.5436
20250813,Bagalkot,16.1867,75.6961,23.63,85.36,3.92,3.3497
20250814,Bagalkot,16.1867,75.6961,23.53,87.15,3.9,3.1404
20250815,Bagalkot,16.1867,75.6961,24.16,84.56,4.91,3.1142
20250816,Bagalkot,16.1867,75.6961,23.51,87.75,4.71,2.7941
20250817,Bagalkot,16.1867,75.6961,23.91,87.31,5.54,3.3101
20250818,Bagalkot,16.1867,75.6961,23.1,88.74,6.06,2.6028
20250819,Bagalkot,16.1867,75.6961,23.09,87.98,6.78,2.7919
20250820,Bagalkot,16.1867,75.6961,23.37,85.54,5.5,3.3919
20250821,Bagalkot,16.1867,75.6961,24.36,82.95,4.57,4.6714
20250822,Bagalkot,16.1867,75.6961,23.77,84.76,3.93,4.7309
20250823,Bagalkot,16.1867,75.6961,23.45,85.58,4.24,5.0117
20250824,Bagalkot,16.1867,75.6961,24.03,81.83,4.58,5.0177
20250825,Bagalkot,16.1867,75.6961,23.89,81.77,4.51,5.4643
20250826,Bagalkot,16.1867,75.6961,24.24,84.97,4.42,4.0692
20250827,Bagalkot,16.1867,75.6961,24.01,86.67,4.43,3.7387
20250828,Bagalkot,16.1867,75.6961,23.7,89.43,4.16,3.4651
20250829,Bagalkot,16.1867,75.6961,24.33,86.76,3.8,3.9185
20250830,Bagalkot,16.1867,75.6961,24.81,84.09,4.32,4.3699
20250831,Bagalkot,16.1867,75.6961,24.55,84.5,4.37,3.4054
20250901,Bagalkot,16.1867,75.6961,24.21,84.03,4.65,3.6646
20250902,Bagalkot,16.1867,75.6961,23.62,87.07,4.62,2.6662
20250903,Bagalkot,16.1867,75.6961,24.53,83.47,4.61,4.8859
20250904,Bagalkot,16.1867,75.6961,24.66,82.12,4.58,5.2054
20250905,Bagalkot,16.1867,75.6961,24.25,82.5,3.77,5.0112
20250906,Bagalkot,16.1867,75.6961,24.39,80.65,3.39,5.7163
20250907,Bagalkot,16.1867,75.6961,23.93,81.12,3.53,5.1134
20250908,Bagalkot,16.1867,75.6961,24.03,81.73,2.55,5.1113
20250909,Bagalkot,16.1867,75.6961,25.2,79.97,1.81,4.7767
20250910,Bagalkot,16.1867,75.6961,25.17,81.1,2.02,4.8811
20250911,Bagalkot,16.1867,75.6961,23.53,86.03,3.34,3.2575
20250912,Bagalkot,16.1867,75.6961,23.81,84.89,2.6,2.2015
20250913,Bagalkot,16.1867,75.6961,24.35,83.91,2.4,2.5502
20250914,Bagalkot,16.1867,75.6961,25.0,84.24,2.25,3.5954
20250915,Bagalkot,16.1867,75.6961,23.99,85.66,3.98,3.6655
20250916,Bagalkot,16.1867,75.6961,23.84,87.47,2.44,2.231
20250917,Bagalkot,16.1867,75.6961,25.05,83.7,2.11,3.6974
20250918,Bagalkot,16.1867,75.6961,24.48,87.48,2.95,4.1321
20250919,Bagalkot,16.1867,75.6961,24.71,84.73,3.25,3.5933
20250920,Bagalkot,16.1867,75.6961,24.72,84.24,3.11,4.9872
20250921,Bagalkot,16.1867,75.6961,24.37,87.11,2.69,4.8998
20250922,Bagalkot,16.1867,75.6961,24.04,86.52,3.23,4.1717
20250923,Bagalkot,16.1867,75.6961,23.29,86.07,3.25,2.8498
20250924,Bagalkot,16.1867,75.6961,23.6,83.89,3.61,4.8269
20250925,Bagalkot,16.1867,75.6961,23.94,82.86,3.28,5.8354
20250926,Bagalkot,16.1867,75.6961,22.68,88.69,3.65,1.1155
20250927,Bagalkot,16.1867,75.6961,22.36,89.28,4.54,1.8276
20250928,Bagalkot,16.1867,75.6961,23.36,84.48,4.69,4.3483
20250929,Bagalkot,16.1867,75.6961,23.88,84.36,3.81,4.3332
20250930,Bagalkot,16.1867,75.6961,23.78,84.32,3.34,5.3954
20251001,Bagalkot,16.1867,75.6961,23.9,85.12,3.35,4.1527
20251002,Bagalkot,16.1867,75.6961,23.96,86.42,2.79,4.6697
20251003,Bagalkot,16.1867,75.6961,24.6,83.06,2.53,5.1847
20251004,Bagalkot,16.1867,75.6961,24.64,80.65,2.24,5.4192
20251005,Bagalkot,16.1867,75.6961,24.42,82.63,2.44,5.0767
20251006,Bagalkot,16.1867,75.6961,23.68,79.39,2.66,5.1415
20251007,Bagalkot,16.1867,75.6961,24.28,80.44,1.92,5.9525
20251008,Bagalkot,16.1867,75.6961,25.29,78.36,1.21,5.2591
20251009,Bagalkot,16.1867,75.6961,24.27,85.15,1.67,4.0392
20251010,Bagalkot,16.1867,75.6961,24.05,79.28,2.08,5.4067
20251011,Bagalkot,16.1867,75.6961,23.23,75.17,2.31,5.219
20251012,Bagalkot,16.1867,75.6961,22.57,76.47,2.39,6.2861
20251013,Bagalkot,16.1867,75.6961,22.93,79.92,2.62,5.5742
20251014,Bagalkot,16.1867,75.6961,23.82,83.6,2.49,4.6226
20251015,Bagalkot,16.1867,75.6961,24.2,85.53,2.78,4.2331
20251016,Bagalkot,16.1867,75.6961,24.45,81.26,3.27,6.1589
20251017,Bagalkot,16.1867,75.6961,23.89,82.54,3.43,5.3117
20251018,Bagalkot,16.1867,75.6961,23.8,83.52,2.49,5.3791
20251019,Bagalkot,16.1867,75.6961,23.89,82.22,2.97,5.2956
20251020,Bagalkot,16.1867,75.6961,23.96,84.16,2.68,4.6375
20251021,Bagalkot,16.1867,75.6961,24.05,84.71,3.24,5.0938
20251022,Bagalkot,16.1867,75.6961,24.36,84.35,3.88,4.3092
20251023,Bagalkot,16.1867,75.6961,23.53,87.63,3.37,3.2052
20251024,Bagalkot,16.1867,75.6961,23.51,85.9,2.16,3.3494
20251025,Bagalkot,16.1867,75.6961,23.8,80.42,2.05,4.6714
20251026,Bagalkot,16.1867,75.6961,24.25,81.9,1.92,3.935
20251027,Bagalkot,16.1867,75.6961,24.57,84.94,2.23,4.0913
20251028,Bagalkot,16.1867,75.6961,23.79,84.39,2.09,3.5978
20251029,Bagalkot,16.1867,75.6961,22.68,90.19,2.97,4.3658
20251030,Bagalkot,16.1867,75.6961,22.69,84.55,3.18,4.8936
20251031,Bagalkot,16.1867,75.6961,22.8,86.1,2.83,3.1973
20251101,Bagalkot,16.1867,75.6961,23.91,84.61,2.26,3.762
20251102,Bagalkot,16.1867,75.6961,23.65,85.72,2.26,3.7944
20251103,Bagalkot,16.1867,75.6961,23.8,81.71,2.29,3.7224
20251104,Bagalkot,16.1867,75.6961,23.68,82.85,2.08,4.0205
20251105,Bagalkot,16.1867,75.6961,23.15,82.6,1.93,4.5158
20251106,Bagalkot,16.1867,75.6961,21.93,86.28,2.35,3.9149
20251107,Bagalkot,16.1867,75.6961,22.67,80.31,1.55,4.4796
20251108,Bagalkot,16.1867,75.6961,20.87,73.75,1.89,5.6966
20251109,Bagalkot,16.1867,75.6961,18.58,69.1,1.93,5.233
20251110,Bagalkot,16.1867,75.6961,19.6,69.67,1.46,5.5056
20251111,Bagalkot,16.1867,75.6961,19.78,74.13,1.52,5.309
20251112,Bagalkot,16.1867,75.6961,20.22,74.3,2.1,5.0117
20251113,Bagalkot,16.1867,75.6961,20.01,74.14,2.17,5.058
20251114,Bagalkot,16.1867,75.6961,18.06,70.43,2.22,5.5951
20251115,Bagalkot,16.1867,75.6961,17.68,74.38,2.32,5.587
20251116,Bagalkot,16.1867,75.6961,18.16,74.15,2.52,5.5344
20251117,Bagalkot,16.1867,75.6961,17.41,71.44,2.5,5.7324
20251118,Bagalkot,16.1867,75.6961,18.16,70.18,2.36,5.6069
20251119,Bagalkot,16.1867,75.6961,19.71,76.22,2.06,5.1804
20251120,Bagalkot,16.1867,75.6961,18.8,69.56,2.28,5.4298
20251121,Bagalkot,16.1867,75.6961,21.07,78.72,2.37,5.4394
20251122,Bagalkot,16.1867,75.6961,23.29,81.68,2.82,4.5785
20251123,Bagalkot,16.1867,75.6961,23.7,79.45,2.21,4.8595
20251124,Bagalkot,16.1867,75.6961,23.76,79.2,2.43,3.4718
20251125,Bagalkot,16.1867,75.6961,22.43,74.31,2.79,5.0736
20251126,Bagalkot,16.1867,75.6961,20.96,74.23,2.76,4.3519
20251127,Bagalkot,16.1867,75.6961,21.25,74.27,3.02,4.7938
20251128,Bagalkot,16.1867,75.6961,20.84,72.55,2.7,4.6164
20251129,Bagalkot,16.1867,75.6961,19.49,69.52,2.31,4.5017
20251130,Bagalkot,16.1867,75.6961,21.57,76.91,2.42,4.908
20251201,Bagalkot,16.1867,75.6961,21.41,72.87,1.91,4.957
20251202,Bagalkot,16.1867,75.6961,21.94,77.01,2.14,4.007
20251203,Bagalkot,16.1867,75.6961,22.91,75.95,2.94,4.5614
20251204,Bagalkot,16.1867,75.6961,23.12,78.7,3.21,3.5021
20251205,Bagalkot,16.1867,75.6961,22.53,78.01,3.15,2.401
20251206,Bagalkot,16.1867,75.6961,21.3,74.09,2.65,3.6955
20251207,Bagalkot,16.1867,75.6961,21.28,70.03,2.97,4.4004
20251208,Bagalkot,16.1867,75.6961,20.05,66.03,2.39,4.6207
20251209,Bagalkot,16.1867,75.6961,19.17,60.19,2.79,5.388
20251210,Bagalkot,16.1867,75.6961,18.63,58.18,2.85,5.4557
20251211,Bagalkot,16.1867,75.6961,17.97,58.33,2.47,5.5524
20251212,Bagalkot,16.1867,75.6961,17.82,56.12,2.14,5.4262
20251213,Bagalkot,16.1867,75.6961,18.34,59.32,2.13,5.3405
20251214,Bagalkot,16.1867,75.6961,18.87,64.79,2.39,4.9298
20251215,Bagalkot,16.1867,75.6961,19.24,66.51,2.73,4.8317
20251216,Bagalkot,16.1867,75.6961,20.06,67.21,2.61,4.9781
20251217,Bagalkot,16.1867,75.6961,21.26,64.02,2.74,5.0138
20251218,Bagalkot,16.1867,75.6961,19.36,60.26,2.52,5.2606
20251219,Bagalkot,16.1867,75.6961,18.32,56.29,2.65,5.2162
20251220,Bagalkot,16.1867,75.6961,18.27,53.65,2.28,5.3261
20251221,Bagalkot,16.1867,75.6961,18.83,64.87,2.41,4.7575
20251222,Bagalkot,16.1867,75.6961,20.05,67.68,2.35,4.6442
20251223,Bagalkot,16.1867,75.6961,19.79,64.42,2.42,4.595
20251224,Bagalkot,16.1867,75.6961,18.95,61.66,2.18,4.854
20251225,Bagalkot,16.1867,75.6961,19.05,65.71,2.28,4.5876
20251226,Bagalkot,16.1867,75.6961,20.05,64.25,2.47,4.7791
20251227,Bagalkot,16.1867,75.6961,20.05,64.12,2.57,4.7916
20251228,Bagalkot,16.1867,75.6961,19.8,62.66,2.35,4.8173
20251229,Bagalkot,16.1867,75.6961,20.13,62.23,2.1,4.788
20251230,Bagalkot,16.1867,75.6961,21.11,61.35,1.5,4.7191
20251231,Bagalkot,16.1867,75.6961,22.03,58.0,1.29,4.7122
