Date,District,Latitude,Longitude,Temperature,Humidity,WindSpeed,GHI
20200101,Ballari,15.1394,76.9214,24.04,72.14,2.93,4.5737
20200102,Ballari,15.1394,76.9214,24.28,75.22,2.01,4.4647
20200103,Ballari,15.1394,76.9214,25.83,69.03,1.12,4.6546
20200104,Ballari,15.1394,76.9214,25.07,60.61,1.43,5.0506
20200105,Ballari,15.1394,76.9214,23.83,66.47,1.95,3.6142
20200106,Ballari,15.1394,76.9214,23.97,73.52,4.05,3.5801
20200107,Ballari,15.1394,76.9214,25.01,69.71,3.06,3.6473
20200108,Ballari,15.1394,76.9214,25.03,66.55,2.51,4.3102
20200109,Ballari,15.1394,76.9214,25.08,64.4,1.64,4.8286
20200110,Ballari,15.1394,76.9214,24.08,68.4,3.51,4.4282
20200111,Ballari,15.1394,76.9214,23.82,66.98,2.69,4.0697
20200112,Ballari,15.1394,76.9214,23.35,64.97,2.31,4.4436
20200113,Ballari,15.1394,76.9214,23.85,56.79,1.26,5.3345
20200114,Ballari,15.1394,76.9214,23.21,50.72,2.09,5.4535
20200115,Ballari,15.1394,76.9214,22.6,54.67,3.28,5.5334
20200116,Ballari,15.1394,76.9214,22.59,57.39,2.51,5.5764
20200117,Ballari,15.1394,76.9214,23.69,58.26,2.86,5.2637
20200118,Ballari,15.1394,76.9214,25.01,63.24,3.18,5.0081
20200119,Ballari,15.1394,76.9214,25.66,59.69,2.08,5.083
20200120,Ballari,15.1394,76.9214,25.58,55.85,3.09,5.2097
20200121,Ballari,15.1394,76.9214,24.7,52.72,3.62,5.6537
20200122,Ballari,15.1394,76.9214,23.96,58.85,3.48,5.9347
20200123,Ballari,15.1394,76.9214,24.57,54.76,2.81,5.7809
20200124,Ballari,15.1394,76.9214,24.44,49.94,2.77,5.7605
20200125,Ballari,15.1394,76.9214,24.65,43.68,2.37,5.532
20200126,Ballari,15.1394,76.9214,25.38,43.28,2.11,5.5538
20200127,Ballari,15.1394,76.9214,26.12,41.63,1.98,5.6554
20200128,Ballari,15.1394,76.9214,25.92,58.06,2.57,5.1922
20200129,Ballari,15.1394,76.9214,25.79,52.49,1.89,5.5891
20200130,Ballari,15.1394,76.9214,26.02,38.88,1.37,5.6429
20200131,Ballari,15.1394,76.9214,26.93,37.28,0.89,5.6544
20200201,Ballari,15.1394,76.9214,26.74,48.24,2.33,5.55
20200202,Ballari,15.1394,76.9214,26.52,50.91,3.05,4.7225
20200203,Ballari,15.1394,76.9214,25.94,47.09,2.81,5.4641
20200204,Ballari,15.1394,76.9214,25.56,47.45,2.74,5.9782
20200205,Ballari,15.1394,76.9214,26.44,47.95,2.67,5.7427
20200206,Ballari,15.1394,76.9214,27.67,43.18,2.43,5.6909
20200207,Ballari,15.1394,76.9214,27.19,47.12,2.08,5.5994
20200208,Ballari,15.1394,76.9214,26.01,43.89,1.86,5.5714
20200209,Ballari,15.1394,76.9214,25.64,52.82,2.61,5.2889
20200210,Ballari,15.1394,76.9214,25.35,56.7,3.78,5.4787
20200211,Ballari,15.1394,76.9214,25.62,55.71,3.96,5.5015
20200212,Ballari,15.1394,76.9214,25.39,52.94,3.23,5.5334
20200213,Ballari,15.1394,76.9214,25.58,46.62,2.38,5.8896
20200214,Ballari,15.1394,76.9214,25.87,35.39,1.69,6.3398
20200215,Ballari,15.1394,76.9214,26.43,21.19,1.4,6.467
20200216,Ballari,15.1394,76.9214,25.75,30.48,2.7,6.3408
20200217,Ballari,15.1394,76.9214,25.86,32.57,2.63,6.3667
20200218,Ballari,15.1394,76.9214,25.69,34.91,2.38,6.0852
20200219,Ballari,15.1394,76.9214,26.28,41.03,2.68,6.4303
20200220,Ballari,15.1394,76.9214,26.0,45.32,3.21,6.2206
20200221,Ballari,15.1394,76.9214,25.34,41.33,3.33,6.6403
20200222,Ballari,15.1394,76.9214,25.48,46.05,3.45,6.6766
20200223,Ballari,15.1394,76.9214,25.87,46.87,3.37,6.4855
20200224,Ballari,15.1394,76.9214,26.8,44.06,2.53,6.6
20200225,Ballari,15.1394,76.9214,28.2,40.48,1.87,5.6779
20200226,Ballari,15.1394,76.9214,28.56,43.4,2.68,5.7698
20200227,Ballari,15.1394,76.9214,28.21,46.89,2.68,5.4427
20200228,Ballari,15.1394,76.9214,28.33,45.97,3.04,5.5505
20200229,Ballari,15.1394,76.9214,28.29,43.73,2.61,5.628
20200301,Ballari,15.1394,76.9214,29.16,42.22,2.62,5.9981
20200302,Ballari,15.1394,76.9214,28.9,39.47,1.74,5.6287
20200303,Ballari,15.1394,76.9214,30.27,35.25,1.87,5.8978
20200304,Ballari,15.1394,76.9214,29.4,37.23,2.76,5.8301
20200305,Ballari,15.1394,76.9214,28.64,43.15,2.55,6.2657
20200306,Ballari,15.1394,76.9214,28.1,45.92,2.91,6.3338
20200307,Ballari,15.1394,76.9214,28.68,43.09,1.64,5.4686
20200308,Ballari,15.1394,76.9214,30.16,46.43,1.04,5.7146
20200309,Ballari,15.1394,76.9214,31.29,40.19,1.36,5.4398
20200310,Ballari,15.1394,76.9214,31.48,36.0,1.39,6.2042
20200311,Ballari,15.1394,76.9214,31.08,39.92,1.59,6.1116
20200312,Ballari,15.1394,76.9214,30.75,41.41,1.7,6.4898
20200313,Ballari,15.1394,76.9214,30.82,31.9,2.28,6.9154
20200314,Ballari,15.1394,76.9214,30.43,32.43,2.67,6.6139
20200315,Ballari,15.1394,76.9214,30.2,38.57,2.91,7.0303
20200316,Ballari,15.1394,76.9214,30.24,39.6,2.83,6.9761
20200317,Ballari,15.1394,76.9214,30.44,37.75,3.33,7.0922
20200318,Ballari,15.1394,76.9214,30.58,27.81,2.09,6.9017
20200319,Ballari,15.1394,76.9214,31.26,27.06,1.08,6.5131
20200320,Ballari,15.1394,76.9214,31.82,25.82,1.97,6.8448
20200321,Ballari,15.1394,76.9214,29.61,24.43,2.09,7.291
20200322,Ballari,15.1394,76.9214,30.36,22.47,1.13,7.1866
20200323,Ballari,15.1394,76.9214,31.21,30.92,1.71,6.7512
20200324,Ballari,15.1394,76.9214,31.35,35.24,3.27,6.437
20200325,Ballari,15.1394,76.9214,30.93,35.12,3.34,6.7409
20200326,Ballari,15.1394,76.9214,30.85,35.65,3.31,7.0284
20200327,Ballari,15.1394,76.9214,30.37,30.41,3.29,7.4006
20200328,Ballari,15.1394,76.9214,30.22,24.54,3.31,7.3884
20200329,Ballari,15.1394,76.9214,30.78,22.97,2.88,7.4167
20200330,Ballari,15.1394,76.9214,30.66,27.05,3.46,7.2329
20200331,Ballari,15.1394,76.9214,30.73,25.87,2.82,7.314
20200401,Ballari,15.1394,76.9214,31.34,28.42,2.34,7.0385
20200402,Ballari,15.1394,76.9214,32.72,27.32,2.64,6.87
20200403,Ballari,15.1394,76.9214,33.17,29.47,3.15,6.4997
20200404,Ballari,15.1394,76.9214,32.45,28.83,3.36,6.6017
20200405,Ballari,15.1394,76.9214,32.24,30.76,2.53,6.4637
20200406,Ballari,15.1394,76.9214,32.73,35.94,1.11,6.1637
20200407,Ballari,15.1394,76.9214,30.8,45.18,2.92,5.3635
20200408,Ballari,15.1394,76.9214,28.79,60.49,2.28,7.0608
20200409,Ballari,15.1394,76.9214,29.13,50.66,2.46,7.2751
20200410,Ballari,15.1394,76.9214,30.29,46.25,2.88,6.6838
20200411,Ballari,15.1394,76.9214,29.59,43.07,2.8,7.6459
20200412,Ballari,15.1394,76.9214,31.17,35.59,2.78,7.1249
20200413,Ballari,15.1394,76.9214,32.06,30.34,3.46,7.1755
20200414,Ballari,15.1394,76.9214,31.64,25.91,3.95,7.285
20200415,Ballari,15.1394,76.9214,31.51,26.02,3.27,7.1822
20200416,Ballari,15.1394,76.9214,31.85,29.0,2.68,6.6444
20200417,Ballari,15.1394,76.9214,32.35,32.68,2.28,6.6223
20200418,Ballari,15.1394,76.9214,33.12,34.78,2.53,6.4874
20200419,Ballari,15.1394,76.9214,32.54,34.03,2.3,7.0183
20200420,Ballari,15.1394,76.9214,32.55,33.54,3.11,6.8954
20200421,Ballari,15.1394,76.9214,32.94,29.48,2.04,6.5988
20200422,Ballari,15.1394,76.9214,33.73,32.09,1.42,7.111
20200423,Ballari,15.1394,76.9214,33.77,38.2,2.94,6.953
20200424,Ballari,15.1394,76.9214,33.26,42.61,3.85,6.9778
20200425,Ballari,15.1394,76.9214,32.41,46.88,3.32,7.1153
20200426,Ballari,15.1394,76.9214,33.14,41.42,3.49,7.469
20200427,Ballari,15.1394,76.9214,33.55,34.23,3.69,7.5715
20200428,Ballari,15.1394,76.9214,32.16,47.46,2.03,6.6422
20200429,Ballari,15.1394,76.9214,28.57,67.05,1.92,5.9772
20200430,Ballari,15.1394,76.9214,30.64,56.11,1.69,6.6355
20200501,Ballari,15.1394,76.9214,31.38,54.56,1.4,6.4584
20200502,Ballari,15.1394,76.9214,31.78,52.65,1.72,6.5002
20200503,Ballari,15.1394,76.9214,32.01,52.54,1.7,6.4382
20200504,Ballari,15.1394,76.9214,32.24,50.97,2.14,6.5057
20200505,Ballari,15.1394,76.9214,33.47,45.18,1.51,6.1402
20200506,Ballari,15.1394,76.9214,33.55,44.17,1.78,6.5472
20200507,Ballari,15.1394,76.9214,29.45,61.58,1.42,6.4255
20200508,Ballari,15.1394,76.9214,30.25,63.06,1.12,6.2196
20200509,Ballari,15.1394,76.9214,31.28,58.53,1.38,6.4236
20200510,Ballari,15.1394,76.9214,31.19,50.75,1.77,4.9774
20200511,Ballari,15.1394,76.9214,31.6,45.52,2.28,6.5566
20200512,Ballari,15.1394,76.9214,32.46,41.78,2.72,6.821
20200513,Ballari,15.1394,76.9214,32.99,44.05,2.0,6.8191
20200514,Ballari,15.1394,76.9214,33.82,40.05,2.76,6.9437
20200515,Ballari,15.1394,76.9214,33.52,34.92,2.4,6.8585
20200516,Ballari,15.1394,76.9214,33.48,38.02,1.8,5.567
20200517,Ballari,15.1394,76.9214,31.58,50.71,2.54,5.5226
20200518,Ballari,15.1394,76.9214,29.36,57.89,5.31,5.0974
20200519,Ballari,15.1394,76.9214,31.03,54.22,6.23,5.3107
20200520,Ballari,15.1394,76.9214,31.53,52.15,5.13,6.8707
20200521,Ballari,15.1394,76.9214,32.12,49.78,4.71,6.9403
20200522,Ballari,15.1394,76.9214,32.61,45.06,3.61,7.3584
20200523,Ballari,15.1394,76.9214,33.3,43.58,3.15,7.4455
20200524,Ballari,15.1394,76.9214,33.87,43.52,2.82,7.2398
20200525,Ballari,15.1394,76.9214,34.02,43.27,2.21,6.8494
20200526,Ballari,15.1394,76.9214,32.26,53.09,3.62,7.0555
20200527,Ballari,15.1394,76.9214,31.24,56.35,4.35,7.0805
20200528,Ballari,15.1394,76.9214,31.28,53.27,5.15,7.3944
20200529,Ballari,15.1394,76.9214,31.24,55.37,4.53,6.9002
20200530,Ballari,15.1394,76.9214,28.68,71.28,2.38,5.2663
20200531,Ballari,15.1394,76.9214,27.65,68.59,2.44,4.9754
20200601,Ballari,15.1394,76.9214,27.03,75.81,1.82,5.1624
20200602,Ballari,15.1394,76.9214,26.88,74.31,2.91,5.333
20200603,Ballari,15.1394,76.9214,26.82,74.07,4.42,4.2454
20200604,Ballari,15.1394,76.9214,27.69,67.61,4.8,4.9277
20200605,Ballari,15.1394,76.9214,28.06,63.81,5.02,6.2443
20200606,Ballari,15.1394,76.9214,27.52,63.72,4.89,6.6221
20200607,Ballari,15.1394,76.9214,28.39,62.48,5.08,6.0274
20200608,Ballari,15.1394,76.9214,28.05,61.81,5.34,6.4798
20200609,Ballari,15.1394,76.9214,28.13,53.97,4.94,6.2311
20200610,Ballari,15.1394,76.9214,27.93,66.44,4.93,5.6467
20200611,Ballari,15.1394,76.9214,26.15,73.65,4.91,3.1726
20200612,Ballari,15.1394,76.9214,25.95,72.94,5.49,3.8966
20200613,Ballari,15.1394,76.9214,27.11,65.19,6.52,4.9507
20200614,Ballari,15.1394,76.9214,27.31,66.51,7.3,5.5469
20200615,Ballari,15.1394,76.9214,28.4,66.33,6.65,5.2589
20200616,Ballari,15.1394,76.9214,27.79,71.26,6.81,4.1686
20200617,Ballari,15.1394,76.9214,26.8,74.1,5.62,3.876
20200618,Ballari,15.1394,76.9214,26.29,73.77,5.73,3.8352
20200619,Ballari,15.1394,76.9214,27.5,67.99,5.39,5.3606
20200620,Ballari,15.1394,76.9214,27.92,65.34,5.35,5.5217
20200621,Ballari,15.1394,76.9214,27.25,67.35,4.94,6.1546
20200622,Ballari,15.1394,76.9214,26.1,74.14,4.97,5.0078
20200623,Ballari,15.1394,76.9214,27.52,62.78,4.71,6.4994
20200624,Ballari,15.1394,76.9214,27.85,64.08,3.7,6.858
20200625,Ballari,15.1394,76.9214,27.79,67.33,1.9,7.0039
20200626,Ballari,15.1394,76.9214,27.17,73.89,2.43,5.8831
20200627,Ballari,15.1394,76.9214,26.65,76.03,2.9,5.8246
20200628,Ballari,15.1394,76.9214,27.12,74.16,3.72,5.2334
20200629,Ballari,15.1394,76.9214,26.92,76.33,2.43,4.8658
20200630,Ballari,15.1394,76.9214,25.45,79.88,3.61,4.8912
20200701,Ballari,15.1394,76.9214,26.47,72.01,4.67,5.4672
20200702,Ballari,15.1394,76.9214,25.78,72.86,6.13,5.2968
20200703,Ballari,15.1394,76.9214,26.64,70.63,6.66,4.5696
20200704,Ballari,15.1394,76.9214,26.77,71.5,6.58,3.9082
20200705,Ballari,15.1394,76.9214,26.24,71.87,7.01,3.5479
20200706,Ballari,15.1394,76.9214,26.92,69.13,6.07,3.877
20200707,Ballari,15.1394,76.9214,26.85,70.4,6.09,4.555
20200708,Ballari,15.1394,76.9214,26.08,74.62,4.87,4.643
20200709,Ballari,15.1394,76.9214,25.3,79.0,3.88,3.9845
20200710,Ballari,15.1394,76.9214,25.42,77.38,4.79,4.2557
20200711,Ballari,15.1394,76.9214,26.37,70.3,4.59,5.5495
20200712,Ballari,15.1394,76.9214,26.13,73.66,3.96,5.5822
20200713,Ballari,15.1394,76.9214,25.31,76.18,4.05,5.2526
20200714,Ballari,15.1394,76.9214,24.61,84.82,4.84,4.3238
20200715,Ballari,15.1394,76.9214,24.28,80.3,5.79,2.7266
20200716,Ballari,15.1394,76.9214,24.92,78.03,5.74,3.2702
20200717,Ballari,15.1394,76.9214,25.36,75.82,5.08,4.3718
20200718,Ballari,15.1394,76.9214,25.9,78.37,3.6,5.184
20200719,Ballari,15.1394,76.9214,25.9,77.64,2.8,5.6657
20200720,Ballari,15.1394,76.9214,25.82,82.76,2.09,5.2858
20200721,Ballari,15.1394,76.9214,26.77,78.1,1.47,5.7192
20200722,Ballari,15.1394,76.9214,25.83,82.98,1.39,5.8286
20200723,Ballari,15.1394,76.9214,25.24,84.89,0.95,2.9014
20200724,Ballari,15.1394,76.9214,25.5,77.52,1.47,4.7105
20200725,Ballari,15.1394,76.9214,24.5,82.46,1.93,3.2741
20200726,Ballari,15.1394,76.9214,24.62,81.74,3.21,5.2903
20200727,Ballari,15.1394,76.9214,25.48,78.41,3.93,5.658
20200728,Ballari,15.1394,76.9214,24.29,87.89,3.22,5.347
20200729,Ballari,15.1394,76.9214,25.21,84.54,2.55,5.0818
20200730,Ballari,15.1394,76.9214,26.19,80.7,2.72,5.3842
20200731,Ballari,15.1394,76.9214,25.6,83.41,2.44,5.6311
20200801,Ballari,15.1394,76.9214,24.9,83.63,3.74,6.0622
20200802,Ballari,15.1394,76.9214,25.41,78.88,4.71,5.5217
20200803,Ballari,15.1394,76.9214,24.43,81.31,6.26,3.9732
20200804,Ballari,15.1394,76.9214,24.36,82.42,7.94,3.6494
20200805,Ballari,15.1394,76.9214,25.07,80.67,8.18,2.9088
20200806,Ballari,15.1394,76.9214,26.22,79.02,6.93,4.8638
20200807,Ballari,15.1394,76.9214,26.15,79.47,6.09,4.5319
20200808,Ballari,15.1394,76.9214,25.19,81.74,5.39,4.1868
20200809,Ballari,15.1394,76.9214,24.49,84.82,5.2,4.3939
20200810,Ballari,15.1394,76.9214,24.57,84.23,4.39,2.7245
20200811,Ballari,15.1394,76.9214,25.26,80.3,5.42,5.3083
20200812,Ballari,15.1394,76.9214,24.87,82.38,4.95,4.0781
20200813,Ballari,15.1394,76.9214,24.3,84.63,5.1,2.2325
20200814,Ballari,15.1394,76.9214,24.52,82.73,5.43,2.3887
20200815,Ballari,15.1394,76.9214,24.84,81.6,5.6,2.4912
20200816,Ballari,15.1394,76.9214,24.98,82.83,5.22,1.8919
20200817,Ballari,15.1394,76.9214,25.55,82.29,4.59,3.3965
20200818,Ballari,15.1394,76.9214,25.46,81.51,4.65,4.8998
20200819,Ballari,15.1394,76.9214,25.91,79.67,4.71,4.9584
20200820,Ballari,15.1394,76.9214,24.86,82.83,5.07,3.347
20200821,Ballari,15.1394,76.9214,25.48,81.14,4.69,4.2811
20200822,Ballari,15.1394,76.9214,25.47,81.13,4.26,4.8646
20200823,Ballari,15.1394,76.9214,25.6,81.09,3.57,5.1571
20200824,Ballari,15.1394,76.9214,25.89,80.98,3.26,4.7498
20200825,Ballari,15.1394,76.9214,26.19,79.01,3.24,6.0979
20200826,Ballari,15.1394,76.9214,25.72,79.29,2.82,5.4569
20200827,Ballari,15.1394,76.9214,25.85,77.32,3.8,5.0969
20200828,Ballari,15.1394,76.9214,25.83,76.39,3.85,5.3155
20200829,Ballari,15.1394,76.9214,26.12,77.84,3.67,5.184
20200830,Ballari,15.1394,76.9214,25.97,79.76,2.96,6.096
20200831,Ballari,15.1394,76.9214,25.69,79.98,2.4,5.8598
20200901,Ballari,15.1394,76.9214,25.35,83.97,2.59,5.7247
20200902,Ballari,15.1394,76.9214,24.91,84.19,1.3,3.6257
20200903,Ballari,15.1394,76.9214,25.56,82.24,1.85,5.2387
20200904,Ballari,15.1394,76.9214,26.37,80.19,2.44,5.5003
20200905,Ballari,15.1394,76.9214,26.71,78.12,2.37,6.3986
20200906,Ballari,15.1394,76.9214,26.95,78.06,1.97,6.3509
20200907,Ballari,15.1394,76.9214,26.86,78.8,0.72,6.09
20200908,Ballari,15.1394,76.9214,25.4,86.23,1.15,4.3685
20200909,Ballari,15.1394,76.9214,26.73,76.44,0.45,6.1829
20200910,Ballari,15.1394,76.9214,25.12,84.65,1.36,5.8358
20200911,Ballari,15.1394,76.9214,24.89,85.2,3.03,4.9774
20200912,Ballari,15.1394,76.9214,24.05,85.66,4.18,4.1069
20200913,Ballari,15.1394,76.9214,23.57,85.07,4.28,2.7725
20200914,Ballari,15.1394,76.9214,23.34,82.68,4.89,2.9431
20200915,Ballari,15.1394,76.9214,23.41,86.47,3.8,4.5571
20200916,Ballari,15.1394,76.9214,24.94,83.6,4.06,4.4174
20200917,Ballari,15.1394,76.9214,25.02,82.57,4.0,4.2322
20200918,Ballari,15.1394,76.9214,24.62,89.4,3.56,3.7255
20200919,Ballari,15.1394,76.9214,23.93,85.09,4.49,3.0259
20200920,Ballari,15.1394,76.9214,23.75,85.41,4.75,3.9907
20200921,Ballari,15.1394,76.9214,23.78,80.4,6.32,3.4128
20200922,Ballari,15.1394,76.9214,23.78,80.66,5.77,4.0632
20200923,Ballari,15.1394,76.9214,23.94,80.03,4.91,4.8821
20200924,Ballari,15.1394,76.9214,24.26,83.0,3.77,4.1846
20200925,Ballari,15.1394,76.9214,25.0,84.92,3.23,4.7998
20200926,Ballari,15.1394,76.9214,23.22,90.05,4.28,1.6234
20200927,Ballari,15.1394,76.9214,24.33,83.07,2.66,3.6641
20200928,Ballari,15.1394,76.9214,24.89,82.31,2.44,5.4286
20200929,Ballari,15.1394,76.9214,24.05,90.37,2.68,4.291
20200930,Ballari,15.1394,76.9214,23.79,91.01,2.76,5.041
20201001,Ballari,15.1394,76.9214,23.97,86.05,3.06,4.333
20201002,Ballari,15.1394,76.9214,24.9,83.74,2.0,5.6126
20201003,Ballari,15.1394,76.9214,25.06,85.01,2.14,5.1312
20201004,Ballari,15.1394,76.9214,24.14,84.29,3.32,5.0566
20201005,Ballari,15.1394,76.9214,24.23,81.73,3.29,5.6594
20201006,Ballari,15.1394,76.9214,25.08,83.26,2.46,5.9899
20201007,Ballari,15.1394,76.9214,25.24,82.72,2.49,4.7093
20201008,Ballari,15.1394,76.9214,24.9,77.31,1.22,5.3714
20201009,Ballari,15.1394,76.9214,25.48,79.8,0.84,4.9608
20201010,Ballari,15.1394,76.9214,24.44,90.48,1.45,4.9433
20201011,Ballari,15.1394,76.9214,23.52,89.0,2.95,3.3295
20201012,Ballari,15.1394,76.9214,23.33,92.21,1.21,4.1064
20201013,Ballari,15.1394,76.9214,24.04,89.13,2.96,4.0094
20201014,Ballari,15.1394,76.9214,23.87,90.99,4.37,3.1025
20201015,Ballari,15.1394,76.9214,24.53,84.25,4.24,3.8026
20201016,Ballari,15.1394,76.9214,24.32,85.07,2.48,3.9468
20201017,Ballari,15.1394,76.9214,24.53,82.4,1.85,5.6052
20201018,Ballari,15.1394,76.9214,24.15,85.31,2.12,5.6254
20201019,Ballari,15.1394,76.9214,24.8,84.27,1.73,4.8794
20201020,Ballari,15.1394,76.9214,24.12,89.21,1.56,3.588
20201021,Ballari,15.1394,76.9214,24.04,85.4,0.56,3.5786
20201022,Ballari,15.1394,76.9214,24.34,88.44,1.38,4.1666
20201023,Ballari,15.1394,76.9214,25.25,83.45,1.35,4.7765
20201024,Ballari,15.1394,76.9214,24.95,81.66,1.17,4.9925
20201025,Ballari,15.1394,76.9214,24.94,83.02,0.99,5.4986
20201026,Ballari,15.1394,76.9214,24.38,84.25,1.4,5.4619
20201027,Ballari,15.1394,76.9214,23.55,84.03,1.68,5.7041
20201028,Ballari,15.1394,76.9214,23.12,80.59,1.7,5.6863
20201029,Ballari,15.1394,76.9214,23.02,80.47,1.61,4.8022
20201030,Ballari,15.1394,76.9214,23.84,77.91,1.31,4.2554
20201031,Ballari,15.1394,76.9214,23.82,78.68,1.28,5.0834
20201101,Ballari,15.1394,76.9214,23.24,79.1,1.33,5.5618
20201102,Ballari,15.1394,76.9214,23.14,81.93,1.39,5.6544
20201103,Ballari,15.1394,76.9214,24.14,83.6,1.63,5.1418
20201104,Ballari,15.1394,76.9214,23.4,80.64,1.94,5.167
20201105,Ballari,15.1394,76.9214,22.69,77.45,1.64,5.2589
20201106,Ballari,15.1394,76.9214,23.63,84.62,1.82,4.8838
20201107,Ballari,15.1394,76.9214,23.95,87.52,2.32,4.3056
20201108,Ballari,15.1394,76.9214,23.81,86.18,2.29,4.6308
20201109,Ballari,15.1394,76.9214,21.82,80.97,1.78,5.6369
20201110,Ballari,15.1394,76.9214,19.14,76.48,1.76,5.7979
20201111,Ballari,15.1394,76.9214,20.45,83.02,1.89,6.053
20201112,Ballari,15.1394,76.9214,23.53,89.05,3.05,3.9871
20201113,Ballari,15.1394,76.9214,24.18,86.25,2.89,3.5021
20201114,Ballari,15.1394,76.9214,23.63,83.15,2.76,5.8123
20201115,Ballari,15.1394,76.9214,23.58,86.81,2.94,5.2978
20201116,Ballari,15.1394,76.9214,24.13,89.01,3.18,3.1464
20201117,Ballari,15.1394,76.9214,24.18,86.86,3.03,3.9602
20201118,Ballari,15.1394,76.9214,24.23,84.96,2.75,4.3781
20201119,Ballari,15.1394,76.9214,24.2,82.69,2.94,4.9574
20201120,Ballari,15.1394,76.9214,23.05,80.39,2.32,5.6474
20201121,Ballari,15.1394,76.9214,22.33,77.31,1.67,5.7845
20201122,Ballari,15.1394,76.9214,22.64,78.28,1.79,5.323
20201123,Ballari,15.1394,76.9214,21.21,80.43,1.52,3.9564
20201124,Ballari,15.1394,76.9214,23.31,84.33,2.2,4.5917
20201125,Ballari,15.1394,76.9214,22.87,84.4,2.91,5.141
20201126,Ballari,15.1394,76.9214,21.01,90.78,3.77,2.5735
20201127,Ballari,15.1394,76.9214,20.35,88.6,3.69,2.4175
20201128,Ballari,15.1394,76.9214,22.33,86.69,3.5,1.6085
20201129,Ballari,15.1394,76.9214,23.05,85.79,2.65,2.587
20201130,Ballari,15.1394,76.9214,22.87,80.62,2.49,4.6625
20201201,Ballari,15.1394,76.9214,21.41,79.93,2.13,5.153
20201202,Ballari,15.1394,76.9214,20.59,78.92,1.9,5.3114
20201203,Ballari,15.1394,76.9214,21.64,82.82,2.16,4.4102
20201204,Ballari,15.1394,76.9214,22.88,83.81,2.82,4.8096
20201205,Ballari,15.1394,76.9214,22.96,81.96,2.94,5.1828
20201206,Ballari,15.1394,76.9214,22.81,82.52,3.43,5.3232
20201207,Ballari,15.1394,76.9214,22.34,82.72,3.61,3.5275
20201208,Ballari,15.1394,76.9214,22.76,84.45,3.58,3.2126
20201209,Ballari,15.1394,76.9214,22.63,80.34,2.87,3.5002
20201210,Ballari,15.1394,76.9214,21.53,75.46,2.08,5.3366
20201211,Ballari,15.1394,76.9214,21.03,73.59,2.16,5.3676
20201212,Ballari,15.1394,76.9214,20.47,73.12,2.28,5.2591
20201213,Ballari,15.1394,76.9214,20.8,72.73,1.79,5.2771
20201214,Ballari,15.1394,76.9214,20.97,75.11,2.2,5.2908
20201215,Ballari,15.1394,76.9214,20.8,73.34,2.58,5.1938
20201216,Ballari,15.1394,76.9214,22.28,78.03,2.72,4.6402
20201217,Ballari,15.1394,76.9214,22.54,76.46,2.47,4.0582
20201218,Ballari,15.1394,76.9214,22.58,76.3,2.56,4.7254
20201219,Ballari,15.1394,76.9214,21.88,79.44,2.71,4.073
20201220,Ballari,15.1394,76.9214,21.23,77.16,2.83,4.7186
20201221,Ballari,15.1394,76.9214,19.89,73.72,2.39,5.3009
20201222,Ballari,15.1394,76.9214,18.93,70.86,2.1,5.2606
20201223,Ballari,15.1394,76.9214,20.03,71.88,2.13,5.0722
20201224,Ballari,15.1394,76.9214,21.6,75.0,2.27,5.0362
20201225,Ballari,15.1394,76.9214,21.73,74.14,2.59,4.7988
20201226,Ballari,15.1394,76.9214,20.83,73.37,2.36,4.4873
20201227,Ballari,15.1394,76.9214,20.76,72.91,2.07,4.8797
20201228,Ballari,15.1394,76.9214,20.77,71.0,2.07,4.8091
20201229,Ballari,15.1394,76.9214,21.11,69.59,2.4,4.7551
20201230,Ballari,15.1394,76.9214,22.52,74.14,3.1,4.4695
20201231,Ballari,15.1394,76.9214,22.71,75.84,3.42,4.3987
20210101,Ballari,15.1394,76.9214,21.45,75.21,3.06,3.943
20210102,Ballari,15.1394,76.9214,21.38,72.57,2.83,4.5146
20210103,Ballari,15.1394,76.9214,22.17,70.7,2.99,4.5804
20210104,Ballari,15.1394,76.9214,22.44,71.49,3.0,4.6296
20210105,Ballari,15.1394,76.9214,23.63,74.65,2.82,4.0963
20210106,Ballari,15.1394,76.9214,24.07,81.36,2.51,2.5241
20210107,Ballari,15.1394,76.9214,23.18,83.54,2.96,2.8198
20210108,Ballari,15.1394,76.9214,23.75,78.35,2.08,4.3272
20210109,Ballari,15.1394,76.9214,24.12,78.16,3.05,3.4344
20210110,Ballari,15.1394,76.9214,23.46,75.63,2.61,4.8566
20210111,Ballari,15.1394,76.9214,23.48,73.01,2.68,4.5005
20210112,Ballari,15.1394,76.9214,24.28,69.65,3.1,4.9954
20210113,Ballari,15.1394,76.9214,23.16,74.39,2.66,4.093
20210114,Ballari,15.1394,76.9214,22.55,72.13,2.46,5.0498
20210115,Ballari,15.1394,76.9214,23.25,70.61,2.5,4.621
20210116,Ballari,15.1394,76.9214,23.54,71.19,2.67,4.5672
20210117,Ballari,15.1394,76.9214,23.64,69.43,3.06,5.143
20210118,Ballari,15.1394,76.9214,22.91,69.29,3.0,5.1286
20210119,Ballari,15.1394,76.9214,22.82,71.18,2.31,5.2903
20210120,Ballari,15.1394,76.9214,23.02,66.4,1.75,5.5289
20210121,Ballari,15.1394,76.9214,23.96,56.33,1.24,5.4917
20210122,Ballari,15.1394,76.9214,23.23,61.77,1.69,5.0858
20210123,Ballari,15.1394,76.9214,23.6,67.93,2.21,5.2262
20210124,Ballari,15.1394,76.9214,23.2,64.61,1.89,5.539
20210125,Ballari,15.1394,76.9214,22.64,57.1,2.25,5.6575
20210126,Ballari,15.1394,76.9214,22.67,53.43,2.19,5.7722
20210127,Ballari,15.1394,76.9214,22.35,54.97,2.64,5.3501
20210128,Ballari,15.1394,76.9214,22.68,62.32,3.08,5.28
20210129,Ballari,15.1394,76.9214,22.91,57.25,2.68,5.3616
20210130,Ballari,15.1394,76.9214,23.19,58.65,2.29,5.7641
20210131,Ballari,15.1394,76.9214,23.45,57.31,2.99,5.6016
20210201,Ballari,15.1394,76.9214,23.55,53.73,3.25,5.256
20210202,Ballari,15.1394,76.9214,23.44,59.4,2.9,5.3897
20210203,Ballari,15.1394,76.9214,23.42,58.77,2.69,5.7048
20210204,Ballari,15.1394,76.9214,22.94,54.59,2.78,5.9059
20210205,Ballari,15.1394,76.9214,23.06,52.93,1.94,5.9587
20210206,Ballari,15.1394,76.9214,22.95,52.47,2.54,6.029
20210207,Ballari,15.1394,76.9214,23.18,45.05,3.17,5.9506
20210208,Ballari,15.1394,76.9214,22.29,49.23,2.89,6.2467
20210209,Ballari,15.1394,76.9214,22.93,52.57,2.69,5.9546
20210210,Ballari,15.1394,76.9214,23.34,45.75,2.37,6.1469
20210211,Ballari,15.1394,76.9214,23.56,47.51,2.86,6.1248
20210212,Ballari,15.1394,76.9214,23.97,46.72,3.0,6.1656
20210213,Ballari,15.1394,76.9214,23.48,43.69,2.97,6.276
20210214,Ballari,15.1394,76.9214,23.76,41.14,2.35,6.4332
20210215,Ballari,15.1394,76.9214,24.25,42.17,2.1,6.3658
20210216,Ballari,15.1394,76.9214,24.62,41.15,2.61,6.2359
20210217,Ballari,15.1394,76.9214,25.07,40.58,3.07,6.0473
20210218,Ballari,15.1394,76.9214,25.3,46.15,3.89,5.5651
20210219,Ballari,15.1394,76.9214,22.01,63.84,2.89,3.3622
20210220,Ballari,15.1394,76.9214,21.72,66.94,3.26,5.3827
20210221,Ballari,15.1394,76.9214,22.51,71.1,2.87,4.7489
20210222,Ballari,15.1394,76.9214,24.01,63.33,2.21,5.6618
20210223,Ballari,15.1394,76.9214,24.86,59.23,2.32,6.2566
20210224,Ballari,15.1394,76.9214,25.36,53.92,1.7,6.4212
20210225,Ballari,15.1394,76.9214,26.77,43.44,1.04,6.5914
20210226,Ballari,15.1394,76.9214,27.21,46.16,1.09,6.205
20210227,Ballari,15.1394,76.9214,28.47,47.74,1.77,5.8759
20210228,Ballari,15.1394,76.9214,27.88,33.25,2.9,6.581
20210301,Ballari,15.1394,76.9214,27.14,35.73,2.38,6.5369
20210302,Ballari,15.1394,76.9214,27.71,32.55,2.82,6.1733
20210303,Ballari,15.1394,76.9214,27.88,33.96,3.4,6.6811
20210304,Ballari,15.1394,76.9214,27.09,33.13,3.53,6.8959
20210305,Ballari,15.1394,76.9214,26.49,26.85,3.11,6.7598
20210306,Ballari,15.1394,76.9214,27.23,32.39,2.0,6.9137
20210307,Ballari,15.1394,76.9214,27.35,29.28,2.39,6.9965
20210308,Ballari,15.1394,76.9214,27.56,27.1,3.51,6.8645
20210309,Ballari,15.1394,76.9214,27.28,34.81,3.83,6.9446
20210310,Ballari,15.1394,76.9214,27.29,33.23,3.26,7.1366
20210311,Ballari,15.1394,76.9214,27.14,39.64,2.47,7.1669
20210312,Ballari,15.1394,76.9214,28.0,33.53,3.26,7.0644
20210313,Ballari,15.1394,76.9214,26.65,27.2,2.61,7.4621
20210314,Ballari,15.1394,76.9214,27.56,33.78,3.37,7.2058
20210315,Ballari,15.1394,76.9214,27.87,30.52,2.95,7.3423
20210316,Ballari,15.1394,76.9214,28.33,32.98,3.01,6.8688
20210317,Ballari,15.1394,76.9214,28.86,30.81,3.07,5.7974
20210318,Ballari,15.1394,76.9214,29.41,35.8,3.05,5.6246
20210319,Ballari,15.1394,76.9214,28.99,29.86,2.42,6.1157
20210320,Ballari,15.1394,76.9214,29.13,30.94,2.93,6.6271
20210321,Ballari,15.1394,76.9214,29.12,27.01,3.09,6.6871
20210322,Ballari,15.1394,76.9214,29.67,31.18,3.17,5.5946
20210323,Ballari,15.1394,76.9214,30.2,29.88,3.25,7.1914
20210324,Ballari,15.1394,76.9214,29.97,30.35,2.74,6.8842
20210325,Ballari,15.1394,76.9214,30.47,31.45,2.03,6.0962
20210326,Ballari,15.1394,76.9214,30.89,28.01,2.47,6.2724
20210327,Ballari,15.1394,76.9214,31.18,33.86,2.7,5.8272
20210328,Ballari,15.1394,76.9214,31.69,29.78,2.51,6.0511
20210329,Ballari,15.1394,76.9214,31.46,28.12,1.99,6.3566
20210330,Ballari,15.1394,76.9214,30.73,35.02,2.86,6.4339
20210331,Ballari,15.1394,76.9214,32.02,25.59,2.25,7.3992
20210401,Ballari,15.1394,76.9214,31.54,29.72,3.32,7.3543
20210402,Ballari,15.1394,76.9214,31.21,37.86,3.41,7.4762
20210403,Ballari,15.1394,76.9214,31.12,34.89,2.89,7.4822
20210404,Ballari,15.1394,76.9214,31.23,33.52,2.97,7.079
20210405,Ballari,15.1394,76.9214,31.55,25.41,2.32,6.6341
20210406,Ballari,15.1394,76.9214,31.32,35.03,3.41,6.6641
20210407,Ballari,15.1394,76.9214,32.08,28.18,2.91,6.0605
20210408,Ballari,15.1394,76.9214,32.05,23.97,2.89,5.7211
20210409,Ballari,15.1394,76.9214,31.97,24.62,2.69,6.0706
20210410,Ballari,15.1394,76.9214,31.72,32.24,2.91,6.2429
20210411,Ballari,15.1394,76.9214,30.47,34.96,3.08,6.7382
20210412,Ballari,15.1394,76.9214,31.74,35.18,3.28,6.8129
20210413,Ballari,15.1394,76.9214,31.68,38.96,2.98,6.1927
20210414,Ballari,15.1394,76.9214,31.09,46.77,1.87,6.6173
20210415,Ballari,15.1394,76.9214,28.59,60.65,1.85,6.7865
20210416,Ballari,15.1394,76.9214,29.58,55.31,1.6,6.7937
20210417,Ballari,15.1394,76.9214,30.4,49.55,1.63,6.5342
20210418,Ballari,15.1394,76.9214,30.8,49.67,1.97,5.4979
20210419,Ballari,15.1394,76.9214,31.02,50.42,2.39,6.5069
20210420,Ballari,15.1394,76.9214,31.9,43.81,2.37,6.6554
20210421,Ballari,15.1394,76.9214,31.89,42.96,2.11,6.3235
20210422,Ballari,15.1394,76.9214,32.91,40.41,1.68,6.1116
20210423,Ballari,15.1394,76.9214,29.7,56.38,1.4,5.6537
20210424,Ballari,15.1394,76.9214,30.06,55.92,1.84,6.1358
20210425,Ballari,15.1394,76.9214,31.35,48.04,2.35,6.5131
20210426,Ballari,15.1394,76.9214,29.99,48.53,2.23,6.8854
20210427,Ballari,15.1394,76.9214,30.83,42.76,1.43,6.8611
20210428,Ballari,15.1394,76.9214,31.76,41.2,1.03,6.4493
20210429,Ballari,15.1394,76.9214,33.12,37.21,1.13,6.5782
20210430,Ballari,15.1394,76.9214,32.27,40.27,1.86,6.6422
20210501,Ballari,15.1394,76.9214,32.06,39.53,2.81,6.252
20210502,Ballari,15.1394,76.9214,31.89,40.66,2.45,6.3922
20210503,Ballari,15.1394,76.9214,32.22,37.11,2.65,7.1023
20210504,Ballari,15.1394,76.9214,31.99,42.96,1.98,6.0773
20210505,Ballari,15.1394,76.9214,33.51,38.1,2.0,6.4666
20210506,Ballari,15.1394,76.9214,33.09,42.05,1.94,6.3842
20210507,Ballari,15.1394,76.9214,33.16,40.72,2.77,4.8595
20210508,Ballari,15.1394,76.9214,32.94,41.65,3.11,6.8693
20210509,Ballari,15.1394,76.9214,33.07,43.03,1.98,5.0179
20210510,Ballari,15.1394,76.9214,32.34,48.2,1.19,5.3774
20210511,Ballari,15.1394,76.9214,30.02,60.83,2.56,5.5778
20210512,Ballari,15.1394,76.9214,30.34,61.32,2.75,5.7202
20210513,Ballari,15.1394,76.9214,29.47,66.08,1.7,4.9212
20210514,Ballari,15.1394,76.9214,29.5,64.51,2.0,6.3302
20210515,Ballari,15.1394,76.9214,28.76,64.99,4.2,5.0818
20210516,Ballari,15.1394,76.9214,28.72,65.65,4.67,4.7254
20210517,Ballari,15.1394,76.9214,28.67,66.21,4.0,6.2746
20210518,Ballari,15.1394,76.9214,29.16,64.85,3.59,7.0342
20210519,Ballari,15.1394,76.9214,29.0,65.91,4.11,6.6794
20210520,Ballari,15.1394,76.9214,27.7,68.27,3.8,6.091
20210521,Ballari,15.1394,76.9214,25.96,77.31,3.23,6.0065
20210522,Ballari,15.1394,76.9214,27.68,67.35,4.25,6.5957
20210523,Ballari,15.1394,76.9214,28.24,67.2,4.41,6.3845
20210524,Ballari,15.1394,76.9214,26.91,71.86,3.95,5.1847
20210525,Ballari,15.1394,76.9214,27.02,77.17,5.12,5.785
20210526,Ballari,15.1394,76.9214,28.28,67.32,5.65,6.661
20210527,Ballari,15.1394,76.9214,27.71,66.87,5.81,7.0522
20210528,Ballari,15.1394,76.9214,28.45,65.21,4.96,6.7627
20210529,Ballari,15.1394,76.9214,29.14,62.68,4.49,6.919
20210530,Ballari,15.1394,76.9214,28.84,62.65,4.55,6.8333
20210531,Ballari,15.1394,76.9214,29.31,63.88,3.54,6.7987
20210601,Ballari,15.1394,76.9214,27.12,73.31,2.87,6.6866
20210602,Ballari,15.1394,76.9214,29.04,66.7,1.31,6.1406
20210603,Ballari,15.1394,76.9214,26.71,81.88,1.44,5.0777
20210604,Ballari,15.1394,76.9214,26.8,77.87,1.76,5.3638
20210605,Ballari,15.1394,76.9214,26.92,71.21,2.89,5.9323
20210606,Ballari,15.1394,76.9214,27.2,68.94,3.36,5.4833
20210607,Ballari,15.1394,76.9214,27.01,68.82,4.25,7.2965
20210608,Ballari,15.1394,76.9214,27.65,68.22,4.78,7.0661
20210609,Ballari,15.1394,76.9214,27.58,69.7,5.3,5.5596
20210610,Ballari,15.1394,76.9214,27.17,68.98,5.5,5.2944
20210611,Ballari,15.1394,76.9214,26.92,69.23,5.61,5.9357
20210612,Ballari,15.1394,76.9214,24.79,71.47,7.64,5.1931
20210613,Ballari,15.1394,76.9214,25.34,70.12,7.28,4.5677
20210614,Ballari,15.1394,76.9214,24.91,72.2,6.65,4.6061
20210615,Ballari,15.1394,76.9214,25.93,66.92,6.59,4.1438
20210616,Ballari,15.1394,76.9214,25.78,75.07,6.14,4.2686
20210617,Ballari,15.1394,76.9214,26.66,73.42,6.48,4.974
20210618,Ballari,15.1394,76.9214,26.8,72.04,6.76,4.8386
20210619,Ballari,15.1394,76.9214,26.01,75.35,6.05,3.5182
20210620,Ballari,15.1394,76.9214,25.92,72.76,5.55,6.1798
20210621,Ballari,15.1394,76.9214,26.84,72.87,4.56,5.8884
20210622,Ballari,15.1394,76.9214,27.03,70.84,4.52,5.917
20210623,Ballari,15.1394,76.9214,26.78,72.26,4.34,5.4362
20210624,Ballari,15.1394,76.9214,25.66,72.83,5.0,4.7966
20210625,Ballari,15.1394,76.9214,26.94,69.41,5.07,4.987
20210626,Ballari,15.1394,76.9214,26.51,71.23,5.09,4.2442
20210627,Ballari,15.1394,76.9214,25.4,71.44,4.93,2.2798
20210628,Ballari,15.1394,76.9214,25.64,72.0,2.97,5.7917
20210629,Ballari,15.1394,76.9214,27.79,68.91,3.19,6.6118
20210630,Ballari,15.1394,76.9214,28.55,66.9,3.94,7.0109
20210701,Ballari,15.1394,76.9214,27.6,73.11,3.64,5.0479
20210702,Ballari,15.1394,76.9214,25.58,79.33,3.15,4.1431
20210703,Ballari,15.1394,76.9214,27.22,71.4,3.84,5.8975
20210704,Ballari,15.1394,76.9214,25.98,77.93,3.47,6.1442
20210705,Ballari,15.1394,76.9214,27.13,71.14,2.97,2.8862
20210706,Ballari,15.1394,76.9214,26.47,78.29,2.36,5.7626
20210707,Ballari,15.1394,76.9214,26.81,79.56,2.06,5.5366
20210708,Ballari,15.1394,76.9214,25.88,81.66,2.9,3.8827
20210709,Ballari,15.1394,76.9214,25.87,78.5,3.52,4.5828
20210710,Ballari,15.1394,76.9214,24.04,75.46,5.52,3.9314
20210711,Ballari,15.1394,76.9214,24.98,74.67,6.22,3.4277
20210712,Ballari,15.1394,76.9214,25.38,73.93,6.24,4.1486
20210713,Ballari,15.1394,76.9214,25.03,76.23,5.41,3.9451
20210714,Ballari,15.1394,76.9214,25.5,77.5,6.36,3.049
20210715,Ballari,15.1394,76.9214,25.43,81.41,6.32,4.0985
20210716,Ballari,15.1394,76.9214,26.15,75.91,5.78,4.5521
20210717,Ballari,15.1394,76.9214,26.47,78.23,4.66,4.4441
20210718,Ballari,15.1394,76.9214,24.76,88.18,5.23,2.4499
20210719,Ballari,15.1394,76.9214,25.79,76.93,6.69,5.8903
20210720,Ballari,15.1394,76.9214,26.02,76.03,6.6,4.224
20210721,Ballari,15.1394,76.9214,25.22,79.22,6.37,2.7437
20210722,Ballari,15.1394,76.9214,23.92,83.73,7.69,1.763
20210723,Ballari,15.1394,76.9214,25.22,79.63,6.65,5.1732
20210724,Ballari,15.1394,76.9214,26.56,75.38,5.86,5.4043
20210725,Ballari,15.1394,76.9214,26.54,75.94,5.87,5.7799
20210726,Ballari,15.1394,76.9214,25.81,76.86,6.11,5.8051
20210727,Ballari,15.1394,76.9214,25.98,74.78,6.23,5.9419
20210728,Ballari,15.1394,76.9214,26.32,72.82,5.94,5.6501
20210729,Ballari,15.1394,76.9214,25.92,74.6,6.19,4.619
20210730,Ballari,15.1394,76.9214,25.61,76.52,5.87,4.1832
20210731,Ballari,15.1394,76.9214,25.09,78.44,5.42,2.9628
20210801,Ballari,15.1394,76.9214,26.27,73.33,5.88,4.4018
20210802,Ballari,15.1394,76.9214,25.88,73.21,5.84,4.6699
20210803,Ballari,15.1394,76.9214,26.05,74.5,5.45,4.8312
20210804,Ballari,15.1394,76.9214,25.76,76.3,5.77,4.7736
20210805,Ballari,15.1394,76.9214,26.67,72.26,6.17,4.1863
20210806,Ballari,15.1394,76.9214,26.86,72.56,5.52,4.7184
20210807,Ballari,15.1394,76.9214,26.97,73.96,4.34,5.4701
20210808,Ballari,15.1394,76.9214,27.05,73.05,3.26,5.1079
20210809,Ballari,15.1394,76.9214,26.97,73.78,2.91,5.9954
20210810,Ballari,15.1394,76.9214,26.57,74.34,3.95,4.9478
20210811,Ballari,15.1394,76.9214,26.21,74.48,3.59,5.9885
20210812,Ballari,15.1394,76.9214,26.16,75.97,3.73,4.4803
20210813,Ballari,15.1394,76.9214,26.14,75.14,4.38,4.4489
20210814,Ballari,15.1394,76.9214,26.13,73.46,4.85,4.8329
20210815,Ballari,15.1394,76.9214,24.91,77.58,4.57,4.465
20210816,Ballari,15.1394,76.9214,25.01,76.69,3.69,3.42
20210817,Ballari,15.1394,76.9214,25.97,71.41,4.01,2.8519
20210818,Ballari,15.1394,76.9214,25.48,70.14,4.45,4.891
20210819,Ballari,15.1394,76.9214,26.04,68.81,4.76,4.9534
20210820,Ballari,15.1394,76.9214,25.41,70.72,3.91,4.5346
20210821,Ballari,15.1394,76.9214,24.77,73.58,3.45,4.6478
20210822,Ballari,15.1394,76.9214,26.45,71.22,1.84,6.3055
20210823,Ballari,15.1394,76.9214,26.26,76.8,2.26,6.3881
20210824,Ballari,15.1394,76.9214,26.55,74.42,2.66,6.4097
20210825,Ballari,15.1394,76.9214,26.45,74.66,3.01,5.5013
20210826,Ballari,15.1394,76.9214,26.36,75.89,2.86,4.6298
20210827,Ballari,15.1394,76.9214,26.3,77.39,2.84,4.1388
20210828,Ballari,15.1394,76.9214,25.11,78.05,4.26,3.3818
20210829,Ballari,15.1394,76.9214,25.39,71.15,4.84,3.4265
20210830,Ballari,15.1394,76.9214,24.92,72.71,4.42,3.9828
20210831,Ballari,15.1394,76.9214,25.35,71.81,3.77,4.117
20210901,Ballari,15.1394,76.9214,26.41,72.46,2.87,5.4482
20210902,Ballari,15.1394,76.9214,25.66,75.53,2.77,4.405
20210903,Ballari,15.1394,76.9214,25.77,77.97,3.31,4.543
20210904,Ballari,15.1394,76.9214,24.81,83.37,3.57,4.3368
20210905,Ballari,15.1394,76.9214,24.4,83.43,3.23,4.2749
20210906,Ballari,15.1394,76.9214,24.15,80.07,4.81,3.7795
20210907,Ballari,15.1394,76.9214,24.57,76.27,5.59,3.5578
20210908,Ballari,15.1394,76.9214,25.89,73.46,5.55,5.01
20210909,Ballari,15.1394,76.9214,26.01,75.25,4.58,5.2428
20210910,Ballari,15.1394,76.9214,26.37,73.46,4.66,5.2231
20210911,Ballari,15.1394,76.9214,26.46,73.4,4.71,3.7008
20210912,Ballari,15.1394,76.9214,25.81,76.23,5.3,4.8643
20210913,Ballari,15.1394,76.9214,25.99,77.07,5.57,3.7402
20210914,Ballari,15.1394,76.9214,26.37,75.86,4.83,4.9082
20210915,Ballari,15.1394,76.9214,26.6,74.19,3.75,4.0807
20210916,Ballari,15.1394,76.9214,25.88,75.42,3.65,4.7863
20210917,Ballari,15.1394,76.9214,27.0,69.5,3.23,5.4022
20210918,Ballari,15.1394,76.9214,27.21,66.21,3.0,6.4279
20210919,Ballari,15.1394,76.9214,27.59,68.23,1.89,5.9083
20210920,Ballari,15.1394,76.9214,26.99,71.67,2.41,5.1202
20210921,Ballari,15.1394,76.9214,25.39,80.52,3.38,3.8232
20210922,Ballari,15.1394,76.9214,26.46,73.74,3.23,4.5554
20210923,Ballari,15.1394,76.9214,25.46,78.8,3.18,4.267
20210924,Ballari,15.1394,76.9214,26.03,75.27,2.67,4.3882
20210925,Ballari,15.1394,76.9214,26.68,74.9,2.84,4.7251
20210926,Ballari,15.1394,76.9214,25.45,75.88,3.12,4.3651
20210927,Ballari,15.1394,76.9214,24.45,78.54,4.32,2.9424
20210928,Ballari,15.1394,76.9214,25.52,68.84,5.07,3.9312
20210929,Ballari,15.1394,76.9214,26.27,64.74,3.82,4.6279
20210930,Ballari,15.1394,76.9214,27.39,67.0,1.86,5.531
20211001,Ballari,15.1394,76.9214,26.58,78.3,1.28,5.6863
20211002,Ballari,15.1394,76.9214,25.94,75.73,2.07,6.1138
20211003,Ballari,15.1394,76.9214,26.35,76.75,2.04,6.193
20211004,Ballari,15.1394,76.9214,27.02,73.88,1.87,6.1056
20211005,Ballari,15.1394,76.9214,25.89,80.15,1.57,5.399
20211006,Ballari,15.1394,76.9214,25.96,82.48,1.76,4.171
20211007,Ballari,15.1394,76.9214,26.11,83.5,1.41,4.7268
20211008,Ballari,15.1394,76.9214,25.23,85.58,2.19,5.2354
20211009,Ballari,15.1394,76.9214,24.81,86.73,2.34,4.626
20211010,Ballari,15.1394,76.9214,25.15,84.61,2.04,5.1677
20211011,Ballari,15.1394,76.9214,25.4,85.25,1.98,4.0793
20211012,Ballari,15.1394,76.9214,25.49,83.42,1.5,5.2889
20211013,Ballari,15.1394,76.9214,25.85,74.98,1.66,5.2742
20211014,Ballari,15.1394,76.9214,26.33,76.4,1.18,4.7388
20211015,Ballari,15.1394,76.9214,26.25,75.51,1.45,5.2894
20211016,Ballari,15.1394,76.9214,26.32,69.76,0.72,5.0952
20211017,Ballari,15.1394,76.9214,26.01,75.83,2.45,4.8686
20211018,Ballari,15.1394,76.9214,26.28,73.07,3.18,5.6506
20211019,Ballari,15.1394,76.9214,26.22,74.56,2.14,5.4374
20211020,Ballari,15.1394,76.9214,25.2,81.91,1.06,5.2718
20211021,Ballari,15.1394,76.9214,25.23,75.95,1.63,4.206
20211022,Ballari,15.1394,76.9214,25.41,75.4,1.58,5.1967
20211023,Ballari,15.1394,76.9214,24.71,83.95,1.75,4.5029
20211024,Ballari,15.1394,76.9214,23.48,85.25,0.79,3.9929
20211025,Ballari,15.1394,76.9214,24.65,77.38,1.52,4.5893
20211026,Ballari,15.1394,76.9214,24.46,73.26,1.64,5.7718
20211027,Ballari,15.1394,76.9214,23.98,72.16,2.32,5.7461
20211028,Ballari,15.1394,76.9214,24.27,69.82,1.72,5.3664
20211029,Ballari,15.1394,76.9214,24.03,84.57,2.23,4.0889
20211030,Ballari,15.1394,76.9214,24.83,82.36,1.97,3.4051
20211031,Ballari,15.1394,76.9214,25.57,77.62,2.21,3.1666
20211101,Ballari,15.1394,76.9214,25.56,76.92,2.72,4.1614
20211102,Ballari,15.1394,76.9214,24.57,80.14,3.0,4.3279
20211103,Ballari,15.1394,76.9214,24.72,79.24,2.05,4.3798
20211104,Ballari,15.1394,76.9214,25.08,80.84,2.24,4.037
20211105,Ballari,15.1394,76.9214,25.36,78.33,2.09,5.0566
20211106,Ballari,15.1394,76.9214,25.29,75.45,2.07,5.1588
20211107,Ballari,15.1394,76.9214,24.04,80.66,1.3,4.4753
20211108,Ballari,15.1394,76.9214,24.62,75.51,1.49,4.415
20211109,Ballari,15.1394,76.9214,24.26,72.84,1.73,5.3642
20211110,Ballari,15.1394,76.9214,23.39,70.03,1.53,3.9602
20211111,Ballari,15.1394,76.9214,21.76,78.46,1.95,2.6342
20211112,Ballari,15.1394,76.9214,22.21,88.05,4.08,2.8003
20211113,Ballari,15.1394,76.9214,25.05,82.72,2.41,2.651
20211114,Ballari,15.1394,76.9214,25.03,84.82,2.12,3.2371
20211115,Ballari,15.1394,76.9214,25.66,81.8,2.37,3.8364
20211116,Ballari,15.1394,76.9214,25.26,84.96,2.98,3.1034
20211117,Ballari,15.1394,76.9214,24.42,87.57,2.94,3.33
20211118,Ballari,15.1394,76.9214,22.55,90.17,1.45,2.8584
20211119,Ballari,15.1394,76.9214,23.3,91.6,3.25,1.1083
20211120,Ballari,15.1394,76.9214,24.19,88.2,3.02,1.8941
20211121,Ballari,15.1394,76.9214,24.25,88.09,1.45,3.4056
20211122,Ballari,15.1394,76.9214,23.98,86.67,1.37,4.1208
20211123,Ballari,15.1394,76.9214,24.49,84.67,1.6,4.9562
20211124,Ballari,15.1394,76.9214,24.59,83.92,1.79,4.0512
20211125,Ballari,15.1394,76.9214,24.62,82.36,2.65,4.6906
20211126,Ballari,15.1394,76.9214,23.88,81.81,1.81,4.5384
20211127,Ballari,15.1394,76.9214,22.5,79.35,2.07,3.7373
20211128,Ballari,15.1394,76.9214,20.08,87.03,1.98,3.293
20211129,Ballari,15.1394,76.9214,22.75,87.93,3.14,2.1746
20211130,Ballari,15.1394,76.9214,22.73,85.33,3.11,3.3274
20211201,Ballari,15.1394,76.9214,23.03,83.76,3.01,3.7939
20211202,Ballari,15.1394,76.9214,22.69,84.42,2.16,3.3031
20211203,Ballari,15.1394,76.9214,23.33,80.78,1.4,3.2498
20211204,Ballari,15.1394,76.9214,23.91,77.58,0.8,4.0169
20211205,Ballari,15.1394,76.9214,23.76,79.03,0.92,4.0152
20211206,Ballari,15.1394,76.9214,24.4,74.15,0.98,4.817
20211207,Ballari,15.1394,76.9214,23.32,74.31,1.57,5.0818
20211208,Ballari,15.1394,76.9214,22.19,75.74,1.86,4.9874
20211209,Ballari,15.1394,76.9214,23.4,80.92,1.97,3.9713
20211210,Ballari,15.1394,76.9214,23.08,79.87,2.49,2.1449
20211211,Ballari,15.1394,76.9214,23.09,81.29,2.84,4.9188
20211212,Ballari,15.1394,76.9214,23.27,77.55,2.9,3.5328
20211213,Ballari,15.1394,76.9214,22.38,82.23,2.45,4.2019
20211214,Ballari,15.1394,76.9214,22.7,81.27,2.96,3.492
20211215,Ballari,15.1394,76.9214,21.35,84.38,2.31,3.4406
20211216,Ballari,15.1394,76.9214,21.69,77.89,2.15,4.6927
20211217,Ballari,15.1394,76.9214,21.16,75.75,1.67,4.7894
20211218,Ballari,15.1394,76.9214,19.86,71.81,2.11,5.2534
20211219,Ballari,15.1394,76.9214,19.26,72.37,2.01,5.1264
20211220,Ballari,15.1394,76.9214,19.2,72.72,2.04,4.7244
20211221,Ballari,15.1394,76.9214,19.99,66.61,1.26,4.8252
20211222,Ballari,15.1394,76.9214,20.1,65.26,1.56,4.9922
20211223,Ballari,15.1394,76.9214,20.76,66.81,1.44,4.9848
20211224,Ballari,15.1394,76.9214,20.68,63.11,1.65,4.991
20211225,Ballari,15.1394,76.9214,21.5,63.08,1.5,4.9591
20211226,Ballari,15.1394,76.9214,21.4,68.84,2.01,5.0052
20211227,Ballari,15.1394,76.9214,21.68,70.89,2.6,4.4513
20211228,Ballari,15.1394,76.9214,21.38,69.65,2.68,4.7856
20211229,Ballari,15.1394,76.9214,21.77,71.68,2.89,4.8461
20211230,Ballari,15.1394,76.9214,21.82,70.69,3.09,5.189
20211231,Ballari,15.1394,76.9214,22.53,77.43,3.82,3.3907
20220101,Ballari,15.1394,76.9214,22.67,74.66,3.15,3.8573
20220102,Ballari,15.1394,76.9214,22.47,71.95,2.96,4.477
20220103,Ballari,15.1394,76.9214,22.35,73.08,2.34,4.7254
20220104,Ballari,15.1394,76.9214,21.88,70.93,2.58,4.8876
20220105,Ballari,15.1394,76.9214,20.93,67.78,1.94,5.0381
20220106,Ballari,15.1394,76.9214,21.58,69.91,2.45,5.3155
20220107,Ballari,15.1394,76.9214,22.6,73.54,2.89,4.6445
20220108,Ballari,15.1394,76.9214,23.48,72.66,2.33,4.3068
20220109,Ballari,15.1394,76.9214,23.72,72.37,2.08,4.4472
20220110,Ballari,15.1394,76.9214,24.01,70.99,2.01,4.4011
20220111,Ballari,15.1394,76.9214,24.08,68.24,2.19,4.6937
20220112,Ballari,15.1394,76.9214,23.8,69.1,1.33,5.1893
20220113,Ballari,15.1394,76.9214,22.91,68.33,2.37,5.3254
20220114,Ballari,15.1394,76.9214,22.42,68.98,2.32,5.2752
20220115,Ballari,15.1394,76.9214,23.31,65.54,1.51,5.1595
20220116,Ballari,15.1394,76.9214,24.04,69.97,3.3,4.4489
20220117,Ballari,15.1394,76.9214,23.69,69.09,3.04,4.1208
20220118,Ballari,15.1394,76.9214,23.23,67.7,2.14,5.0866
20220119,Ballari,15.1394,76.9214,23.0,60.29,1.92,5.4742
20220120,Ballari,15.1394,76.9214,23.46,48.85,1.27,5.7019
20220121,Ballari,15.1394,76.9214,24.21,48.59,1.99,5.8078
20220122,Ballari,15.1394,76.9214,24.17,55.2,2.55,5.8579
20220123,Ballari,15.1394,76.9214,23.43,60.43,3.28,5.8546
20220124,Ballari,15.1394,76.9214,22.53,58.63,2.34,5.7552
20220125,Ballari,15.1394,76.9214,22.9,54.29,1.23,5.5118
20220126,Ballari,15.1394,76.9214,23.48,53.63,1.43,5.01
20220127,Ballari,15.1394,76.9214,23.27,61.06,2.95,4.1666
20220128,Ballari,15.1394,76.9214,22.37,52.86,3.32,5.7847
20220129,Ballari,15.1394,76.9214,22.56,57.31,2.47,5.9791
20220130,Ballari,15.1394,76.9214,24.3,55.86,1.35,5.9746
20220131,Ballari,15.1394,76.9214,25.26,50.35,1.42,5.8512
20220201,Ballari,15.1394,76.9214,25.15,53.37,1.99,5.8099
20220202,Ballari,15.1394,76.9214,25.34,49.1,1.79,5.7456
20220203,Ballari,15.1394,76.9214,25.71,53.43,2.16,5.6942
20220204,Ballari,15.1394,76.9214,24.66,50.68,2.44,6.3437
20220205,Ballari,15.1394,76.9214,24.72,50.4,1.15,6.2434
20220206,Ballari,15.1394,76.9214,25.51,56.55,2.8,5.568
20220207,Ballari,15.1394,76.9214,25.92,54.02,2.09,5.6971
20220208,Ballari,15.1394,76.9214,26.2,51.23,2.09,5.6534
20220209,Ballari,15.1394,76.9214,25.8,53.8,2.4,5.3297
20220210,Ballari,15.1394,76.9214,25.57,49.26,2.7,5.5848
20220211,Ballari,15.1394,76.9214,25.13,47.42,3.55,5.591
20220212,Ballari,15.1394,76.9214,24.85,50.44,2.61,5.6206
20220213,Ballari,15.1394,76.9214,24.65,52.2,2.81,5.9093
20220214,Ballari,15.1394,76.9214,24.79,50.36,2.6,5.975
20220215,Ballari,15.1394,76.9214,25.56,51.24,2.11,4.873
20220216,Ballari,15.1394,76.9214,27.06,42.97,1.1,4.3224
20220217,Ballari,15.1394,76.9214,27.11,42.16,1.62,4.6061
20220218,Ballari,15.1394,76.9214,26.5,45.34,3.19,5.5327
20220219,Ballari,15.1394,76.9214,26.28,44.45,2.69,6.1745
20220220,Ballari,15.1394,76.9214,27.51,42.49,1.66,6.2561
20220221,Ballari,15.1394,76.9214,28.12,39.62,2.11,6.2616
20220222,Ballari,15.1394,76.9214,28.21,38.46,2.31,6.1622
20220223,Ballari,15.1394,76.9214,27.24,46.2,3.46,6.2981
20220224,Ballari,15.1394,76.9214,26.33,40.32,3.06,6.6881
20220225,Ballari,15.1394,76.9214,25.95,33.04,3.46,6.8974
20220226,Ballari,15.1394,76.9214,24.98,34.42,3.68,7.0966
20220227,Ballari,15.1394,76.9214,25.25,46.76,2.89,6.9967
20220228,Ballari,15.1394,76.9214,25.44,39.92,2.55,7.1203
20220301,Ballari,15.1394,76.9214,26.48,38.38,3.12,6.8501
20220302,Ballari,15.1394,76.9214,26.59,28.63,3.64,7.0774
20220303,Ballari,15.1394,76.9214,27.11,31.13,3.82,6.9965
20220304,Ballari,15.1394,76.9214,27.1,34.47,3.15,6.8287
20220305,Ballari,15.1394,76.9214,27.26,32.27,2.96,6.5258
20220306,Ballari,15.1394,76.9214,27.82,38.39,3.5,6.3437
20220307,Ballari,15.1394,76.9214,27.38,42.06,4.12,6.6151
20220308,Ballari,15.1394,76.9214,29.0,36.91,2.75,6.4723
20220309,Ballari,15.1394,76.9214,29.51,33.64,2.62,6.3274
20220310,Ballari,15.1394,76.9214,29.04,34.31,3.08,5.9681
20220311,Ballari,15.1394,76.9214,29.38,29.08,3.0,5.8858
20220312,Ballari,15.1394,76.9214,28.76,29.28,2.43,5.6983
20220313,Ballari,15.1394,76.9214,29.22,30.12,3.08,6.0624
20220314,Ballari,15.1394,76.9214,29.27,29.17,2.7,6.324
20220315,Ballari,15.1394,76.9214,29.1,24.64,2.27,6.7634
20220316,Ballari,15.1394,76.9214,29.41,21.6,1.73,6.966
20220317,Ballari,15.1394,76.9214,30.63,20.49,1.73,6.8035
20220318,Ballari,15.1394,76.9214,30.72,29.36,1.63,6.1536
20220319,Ballari,15.1394,76.9214,30.88,43.97,3.35,6.1015
20220320,Ballari,15.1394,76.9214,30.28,45.21,2.9,4.8199
20220321,Ballari,15.1394,76.9214,30.88,44.31,2.41,6.0408
20220322,Ballari,15.1394,76.9214,31.13,43.78,2.66,5.1979
20220323,Ballari,15.1394,76.9214,32.4,36.7,2.57,5.3234
20220324,Ballari,15.1394,76.9214,32.2,37.86,1.67,5.2824
20220325,Ballari,15.1394,76.9214,32.05,35.4,2.46,4.913
20220326,Ballari,15.1394,76.9214,32.1,34.02,2.35,5.7696
20220327,Ballari,15.1394,76.9214,32.33,31.99,2.43,5.6614
20220328,Ballari,15.1394,76.9214,33.0,31.24,2.2,5.6083
20220329,Ballari,15.1394,76.9214,33.49,30.27,2.19,6.2983
20220330,Ballari,15.1394,76.9214,32.63,34.52,1.85,6.523
20220331,Ballari,15.1394,76.9214,32.96,31.01,1.45,6.8285
20220401,Ballari,15.1394,76.9214,33.48,26.84,2.19,6.7438
20220402,Ballari,15.1394,76.9214,32.5,31.18,2.71,6.438
20220403,Ballari,15.1394,76.9214,32.62,26.18,3.17,6.3838
20220404,Ballari,15.1394,76.9214,33.06,27.62,3.13,6.3108
20220405,Ballari,15.1394,76.9214,33.02,27.89,3.11,6.336
20220406,Ballari,15.1394,76.9214,32.58,25.46,3.64,6.0972
20220407,Ballari,15.1394,76.9214,32.98,26.73,3.48,6.4577
20220408,Ballari,15.1394,76.9214,32.09,32.26,3.46,6.187
20220409,Ballari,15.1394,76.9214,32.25,37.79,3.13,5.7233
20220410,Ballari,15.1394,76.9214,32.07,32.92,2.69,5.9866
20220411,Ballari,15.1394,76.9214,32.76,31.13,3.36,5.8872
20220412,Ballari,15.1394,76.9214,32.51,28.97,3.8,5.7204
20220413,Ballari,15.1394,76.9214,31.86,37.01,3.49,5.4907
20220414,Ballari,15.1394,76.9214,31.12,40.29,2.11,5.0926
20220415,Ballari,15.1394,76.9214,31.1,44.79,2.43,3.0698
20220416,Ballari,15.1394,76.9214,33.05,34.61,2.26,4.7726
20220417,Ballari,15.1394,76.9214,31.42,48.0,2.43,5.8464
20220418,Ballari,15.1394,76.9214,30.35,52.53,2.69,6.4975
20220419,Ballari,15.1394,76.9214,28.39,62.76,2.93,6.4956
20220420,Ballari,15.1394,76.9214,30.63,55.08,1.73,6.8522
20220421,Ballari,15.1394,76.9214,30.4,56.31,1.44,6.3761
20220422,Ballari,15.1394,76.9214,29.62,53.54,1.67,6.1776
20220423,Ballari,15.1394,76.9214,29.19,53.64,2.19,6.1097
20220424,Ballari,15.1394,76.9214,31.45,46.17,1.6,6.4106
20220425,Ballari,15.1394,76.9214,32.02,43.38,1.08,6.4406
20220426,Ballari,15.1394,76.9214,32.69,44.64,1.03,5.3947
20220427,Ballari,15.1394,76.9214,32.86,38.45,2.09,6.7939
20220428,Ballari,15.1394,76.9214,32.86,40.28,1.56,6.6991
20220429,Ballari,15.1394,76.9214,34.38,37.97,1.34,6.7574
20220430,Ballari,15.1394,76.9214,33.23,41.65,2.58,7.0658
20220501,Ballari,15.1394,76.9214,32.47,38.62,2.58,7.2178
20220502,Ballari,15.1394,76.9214,32.35,44.7,3.49,7.0075
20220503,Ballari,15.1394,76.9214,33.61,39.99,2.95,7.0697
20220504,Ballari,15.1394,76.9214,32.13,50.21,2.07,5.6918
20220505,Ballari,15.1394,76.9214,28.1,68.88,1.7,6.113
20220506,Ballari,15.1394,76.9214,30.27,58.05,1.92,5.8279
20220507,Ballari,15.1394,76.9214,31.16,56.11,2.6,6.5196
20220508,Ballari,15.1394,76.9214,31.18,57.45,2.16,5.4348
20220509,Ballari,15.1394,76.9214,31.2,59.05,3.79,5.5128
20220510,Ballari,15.1394,76.9214,28.96,60.82,4.69,3.9782
20220511,Ballari,15.1394,76.9214,28.4,68.25,5.77,1.6596
20220512,Ballari,15.1394,76.9214,28.22,69.26,4.97,3.6962
20220513,Ballari,15.1394,76.9214,28.6,68.55,3.99,5.1703
20220514,Ballari,15.1394,76.9214,30.71,59.41,2.9,6.2167
20220515,Ballari,15.1394,76.9214,29.7,63.74,3.38,6.0156
20220516,Ballari,15.1394,76.9214,29.76,67.11,2.92,6.1668
20220517,Ballari,15.1394,76.9214,28.5,70.92,1.92,3.451
20220518,Ballari,15.1394,76.9214,28.09,72.52,2.39,3.1615
20220519,Ballari,15.1394,76.9214,26.87,79.02,2.2,2.0947
20220520,Ballari,15.1394,76.9214,25.81,81.17,4.53,1.6346
20220521,Ballari,15.1394,76.9214,26.18,74.53,5.16,3.3096
20220522,Ballari,15.1394,76.9214,27.97,71.18,5.88,6.7066
20220523,Ballari,15.1394,76.9214,28.24,70.48,4.9,7.248
20220524,Ballari,15.1394,76.9214,28.84,67.91,4.47,7.2643
20220525,Ballari,15.1394,76.9214,29.42,64.84,3.17,6.493
20220526,Ballari,15.1394,76.9214,29.02,65.32,4.35,7.0618
20220527,Ballari,15.1394,76.9214,28.29,63.89,4.71,7.3469
20220528,Ballari,15.1394,76.9214,28.33,62.73,4.53,7.4993
20220529,Ballari,15.1394,76.9214,28.56,61.37,4.52,7.5458
20220530,Ballari,15.1394,76.9214,29.04,62.94,4.11,7.3582
20220531,Ballari,15.1394,76.9214,26.65,72.08,3.17,6.3247
20220601,Ballari,15.1394,76.9214,27.71,69.07,2.81,5.9198
20220602,Ballari,15.1394,76.9214,27.75,70.05,3.37,6.1651
20220603,Ballari,15.1394,76.9214,27.53,71.62,3.92,6.3425
20220604,Ballari,15.1394,76.9214,27.27,69.21,2.87,6.5798
20220605,Ballari,15.1394,76.9214,26.31,74.45,2.81,6.2306
20220606,Ballari,15.1394,76.9214,26.68,75.82,2.76,4.4806
20220607,Ballari,15.1394,76.9214,26.61,73.36,3.39,4.6553
20220608,Ballari,15.1394,76.9214,26.98,70.88,4.56,6.1615
20220609,Ballari,15.1394,76.9214,27.83,67.32,5.05,6.7054
20220610,Ballari,15.1394,76.9214,27.85,66.89,5.2,6.305
20220611,Ballari,15.1394,76.9214,27.75,64.8,5.01,6.5203
20220612,Ballari,15.1394,76.9214,27.02,63.13,4.44,5.8423
20220613,Ballari,15.1394,76.9214,27.42,65.75,4.03,5.7226
20220614,Ballari,15.1394,76.9214,27.55,67.38,4.36,6.8347
20220615,Ballari,15.1394,76.9214,26.5,72.35,3.31,4.2792
20220616,Ballari,15.1394,76.9214,26.59,72.05,3.47,5.4142
20220617,Ballari,15.1394,76.9214,26.07,75.41,2.92,5.3297
20220618,Ballari,15.1394,76.9214,26.13,75.48,3.11,5.3957
20220619,Ballari,15.1394,76.9214,25.4,79.05,3.3,5.8361
20220620,Ballari,15.1394,76.9214,25.7,73.21,4.62,5.3638
20220621,Ballari,15.1394,76.9214,25.94,73.29,5.25,4.0291
20220622,Ballari,15.1394,76.9214,25.1,79.98,3.61,4.5749
20220623,Ballari,15.1394,76.9214,26.93,69.6,4.4,5.6978
20220624,Ballari,15.1394,76.9214,26.2,74.85,4.66,5.7182
20220625,Ballari,15.1394,76.9214,25.92,73.8,5.48,4.4803
20220626,Ballari,15.1394,76.9214,25.58,73.14,5.53,5.1264
20220627,Ballari,15.1394,76.9214,26.42,71.71,5.74,5.2411
20220628,Ballari,15.1394,76.9214,26.5,72.04,4.14,4.9277
20220629,Ballari,15.1394,76.9214,26.78,73.42,4.31,5.6057
20220630,Ballari,15.1394,76.9214,26.85,73.55,4.43,5.0374
20220701,Ballari,15.1394,76.9214,26.74,75.06,4.84,4.9238
20220702,Ballari,15.1394,76.9214,26.54,74.8,4.89,4.7892
20220703,Ballari,15.1394,76.9214,26.68,74.46,5.28,4.643
20220704,Ballari,15.1394,76.9214,25.71,77.55,5.74,4.2192
20220705,Ballari,15.1394,76.9214,25.47,79.05,5.79,3.7702
20220706,Ballari,15.1394,76.9214,26.36,73.94,5.46,3.2659
20220707,Ballari,15.1394,76.9214,25.84,75.89,5.9,3.1586
20220708,Ballari,15.1394,76.9214,24.65,80.03,6.04,2.5142
20220709,Ballari,15.1394,76.9214,24.58,81.82,5.95,2.8006
20220710,Ballari,15.1394,76.9214,25.17,76.56,6.53,3.1925
20220711,Ballari,15.1394,76.9214,25.28,76.14,7.15,2.8034
20220712,Ballari,15.1394,76.9214,24.89,78.05,6.86,2.5121
20220713,Ballari,15.1394,76.9214,24.17,78.7,8.31,1.7681
20220714,Ballari,15.1394,76.9214,24.84,74.71,9.22,4.3361
20220715,Ballari,15.1394,76.9214,26.19,71.36,7.86,4.9531
20220716,Ballari,15.1394,76.9214,26.17,74.62,6.56,3.9482
20220717,Ballari,15.1394,76.9214,25.86,78.41,5.39,3.7118
20220718,Ballari,15.1394,76.9214,25.29,77.09,5.32,3.6941
20220719,Ballari,15.1394,76.9214,26.35,71.86,4.52,5.1828
20220720,Ballari,15.1394,76.9214,27.12,71.5,3.98,6.0794
20220721,Ballari,15.1394,76.9214,26.21,74.74,3.45,5.0666
20220722,Ballari,15.1394,76.9214,25.4,77.56,4.05,3.864
20220723,Ballari,15.1394,76.9214,25.52,75.43,4.38,3.264
20220724,Ballari,15.1394,76.9214,26.16,71.41,4.53,3.894
20220725,Ballari,15.1394,76.9214,26.21,72.11,4.0,4.873
20220726,Ballari,15.1394,76.9214,25.15,78.82,2.51,3.8107
20220727,Ballari,15.1394,76.9214,26.11,77.7,1.06,5.3971
20220728,Ballari,15.1394,76.9214,27.28,72.96,1.05,6.5321
20220729,Ballari,15.1394,76.9214,27.39,73.77,1.26,6.6206
20220730,Ballari,15.1394,76.9214,26.26,80.82,0.76,6.552
20220731,Ballari,15.1394,76.9214,26.6,77.41,1.87,5.6299
20220801,Ballari,15.1394,76.9214,25.21,88.57,4.0,3.6259
20220802,Ballari,15.1394,76.9214,25.64,87.42,2.84,4.1978
20220803,Ballari,15.1394,76.9214,24.73,87.53,1.54,2.6266
20220804,Ballari,15.1394,76.9214,25.94,79.32,1.78,3.9622
20220805,Ballari,15.1394,76.9214,25.25,81.5,4.3,4.4527
20220806,Ballari,15.1394,76.9214,24.85,80.86,5.94,3.9842
20220807,Ballari,15.1394,76.9214,24.76,83.31,5.65,4.3978
20220808,Ballari,15.1394,76.9214,24.47,83.14,6.66,2.9755
20220809,Ballari,15.1394,76.9214,25.01,77.71,7.5,3.5515
20220810,Ballari,15.1394,76.9214,25.02,75.37,7.43,4.6195
20220811,Ballari,15.1394,76.9214,25.5,75.51,6.91,4.5406
20220812,Ballari,15.1394,76.9214,25.37,75.67,6.02,4.9133
20220813,Ballari,15.1394,76.9214,25.0,75.18,5.23,3.8717
20220814,Ballari,15.1394,76.9214,23.83,79.58,4.91,3.0096
20220815,Ballari,15.1394,76.9214,25.14,77.78,4.45,4.1657
20220816,Ballari,15.1394,76.9214,26.23,74.29,3.71,5.1461
20220817,Ballari,15.1394,76.9214,26.21,74.62,3.8,6.0067
20220818,Ballari,15.1394,76.9214,25.91,75.76,4.3,5.3345
20220819,Ballari,15.1394,76.9214,26.02,73.78,5.02,4.6442
20220820,Ballari,15.1394,76.9214,25.83,74.47,4.89,5.2236
20220821,Ballari,15.1394,76.9214,25.89,76.49,4.44,4.5737
20220822,Ballari,15.1394,76.9214,26.18,74.9,5.25,5.1038
20220823,Ballari,15.1394,76.9214,26.32,74.55,4.18,5.2807
20220824,Ballari,15.1394,76.9214,25.51,78.35,3.68,5.1506
20220825,Ballari,15.1394,76.9214,24.7,81.86,2.91,5.1394
20220826,Ballari,15.1394,76.9214,24.73,84.41,2.6,5.2774
20220827,Ballari,15.1394,76.9214,23.78,86.11,2.81,5.3057
20220828,Ballari,15.1394,76.9214,24.73,84.01,2.51,4.477
20220829,Ballari,15.1394,76.9214,25.17,84.42,1.87,4.4155
20220830,Ballari,15.1394,76.9214,24.91,83.64,2.22,5.3278
20220831,Ballari,15.1394,76.9214,25.04,85.63,2.08,5.3278
20220901,Ballari,15.1394,76.9214,25.47,79.78,1.59,5.7346
20220902,Ballari,15.1394,76.9214,25.15,83.76,2.15,5.5346
20220903,Ballari,15.1394,76.9214,26.59,78.73,0.94,5.9237
20220904,Ballari,15.1394,76.9214,26.92,78.53,0.92,4.3505
20220905,Ballari,15.1394,76.9214,25.66,86.12,1.39,5.369
20220906,Ballari,15.1394,76.9214,25.62,81.59,0.85,5.8774
20220907,Ballari,15.1394,76.9214,25.88,78.18,1.24,5.9321
20220908,Ballari,15.1394,76.9214,25.07,84.17,1.94,3.9413
20220909,Ballari,15.1394,76.9214,25.19,84.65,3.1,4.6702
20220910,Ballari,15.1394,76.9214,24.27,86.33,3.78,3.1462
20220911,Ballari,15.1394,76.9214,24.01,84.2,4.98,3.637
20220912,Ballari,15.1394,76.9214,24.95,80.62,6.09,3.9324
20220913,Ballari,15.1394,76.9214,24.91,82.29,4.38,4.3841
20220914,Ballari,15.1394,76.9214,24.95,82.14,3.73,4.5713
20220915,Ballari,15.1394,76.9214,24.53,82.81,3.93,4.9579
20220916,Ballari,15.1394,76.9214,24.81,82.42,4.04,4.0174
20220917,Ballari,15.1394,76.9214,25.33,81.41,3.5,5.7996
20220918,Ballari,15.1394,76.9214,25.39,80.81,3.46,5.1139
20220919,Ballari,15.1394,76.9214,24.34,80.12,3.83,5.4187
20220920,Ballari,15.1394,76.9214,23.06,82.04,3.4,5.4634
20220921,Ballari,15.1394,76.9214,23.74,80.93,3.13,3.9168
20220922,Ballari,15.1394,76.9214,24.19,77.01,3.66,5.857
20220923,Ballari,15.1394,76.9214,24.11,80.19,3.33,5.3568
20220924,Ballari,15.1394,76.9214,24.61,79.36,3.12,6.2467
20220925,Ballari,15.1394,76.9214,24.92,79.2,2.54,5.7823
20220926,Ballari,15.1394,76.9214,24.78,81.72,3.11,2.6318
20220927,Ballari,15.1394,76.9214,24.57,81.76,2.67,5.5253
20220928,Ballari,15.1394,76.9214,24.85,83.09,2.77,4.4278
20220929,Ballari,15.1394,76.9214,23.79,88.06,3.35,4.0104
20220930,Ballari,15.1394,76.9214,24.17,86.13,2.51,2.5034
20221001,Ballari,15.1394,76.9214,23.66,90.39,2.7,3.2635
20221002,Ballari,15.1394,76.9214,23.86,85.44,2.8,4.8122
20221003,Ballari,15.1394,76.9214,25.06,81.02,2.98,5.2248
20221004,Ballari,15.1394,76.9214,24.67,82.64,2.71,4.715
20221005,Ballari,15.1394,76.9214,23.73,86.35,2.18,5.009
20221006,Ballari,15.1394,76.9214,23.25,91.23,3.32,1.9577
20221007,Ballari,15.1394,76.9214,24.28,83.2,3.41,3.1195
20221008,Ballari,15.1394,76.9214,24.53,81.11,1.46,6.1445
20221009,Ballari,15.1394,76.9214,24.41,85.26,0.93,3.882
20221010,Ballari,15.1394,76.9214,24.75,86.47,1.27,4.2041
20221011,Ballari,15.1394,76.9214,25.56,85.56,2.27,3.8518
20221012,Ballari,15.1394,76.9214,23.83,89.28,1.55,3.8575
20221013,Ballari,15.1394,76.9214,24.72,87.14,1.56,4.6411
20221014,Ballari,15.1394,76.9214,25.03,84.66,1.66,4.5034
20221015,Ballari,15.1394,76.9214,24.57,87.48,2.13,4.8614
20221016,Ballari,15.1394,76.9214,25.06,86.42,2.48,3.7325
20221017,Ballari,15.1394,76.9214,24.81,87.4,2.24,5.1778
20221018,Ballari,15.1394,76.9214,25.08,83.78,1.57,5.2754
20221019,Ballari,15.1394,76.9214,25.43,81.37,0.86,5.2193
20221020,Ballari,15.1394,76.9214,24.99,83.85,1.52,4.9421
20221021,Ballari,15.1394,76.9214,24.6,84.92,2.11,5.3772
20221022,Ballari,15.1394,76.9214,23.82,83.67,1.97,5.4022
20221023,Ballari,15.1394,76.9214,20.95,77.32,1.97,6.2621
20221024,Ballari,15.1394,76.9214,21.52,68.43,1.81,6.3348
20221025,Ballari,15.1394,76.9214,22.47,63.18,1.24,6.2232
20221026,Ballari,15.1394,76.9214,21.54,68.24,1.41,6.3199
20221027,Ballari,15.1394,76.9214,21.61,73.79,1.54,6.1164
20221028,Ballari,15.1394,76.9214,22.07,81.58,1.82,4.8924
20221029,Ballari,15.1394,76.9214,22.81,84.38,2.38,5.0314
20221030,Ballari,15.1394,76.9214,21.97,75.92,2.1,5.9868
20221031,Ballari,15.1394,76.9214,21.18,75.86,1.64,5.8608
20221101,Ballari,15.1394,76.9214,21.93,86.67,1.84,3.787
20221102,Ballari,15.1394,76.9214,22.02,87.32,2.18,3.6823
20221103,Ballari,15.1394,76.9214,22.81,79.88,1.96,4.6198
20221104,Ballari,15.1394,76.9214,23.29,81.81,2.26,5.0978
20221105,Ballari,15.1394,76.9214,23.83,81.17,2.18,5.3549
20221106,Ballari,15.1394,76.9214,23.56,82.98,2.04,5.1866
20221107,Ballari,15.1394,76.9214,22.93,77.82,1.9,5.4979
20221108,Ballari,15.1394,76.9214,21.87,73.86,1.66,5.5651
20221109,Ballari,15.1394,76.9214,22.17,74.58,1.49,5.37
20221110,Ballari,15.1394,76.9214,22.24,76.72,2.14,5.0275
20221111,Ballari,15.1394,76.9214,22.79,77.39,2.74,4.8041
20221112,Ballari,15.1394,76.9214,22.19,83.69,3.08,3.6862
20221113,Ballari,15.1394,76.9214,21.91,90.86,2.62,3.4282
20221114,Ballari,15.1394,76.9214,22.86,85.84,2.39,4.1047
20221115,Ballari,15.1394,76.9214,24.0,81.13,2.18,4.2905
20221116,Ballari,15.1394,76.9214,22.32,73.35,1.51,5.149
20221117,Ballari,15.1394,76.9214,20.29,66.81,1.65,5.7994
20221118,Ballari,15.1394,76.9214,19.82,68.66,1.58,5.1139
20221119,Ballari,15.1394,76.9214,19.87,67.75,1.79,5.3306
20221120,Ballari,15.1394,76.9214,19.59,69.41,1.5,5.1062
20221121,Ballari,15.1394,76.9214,20.71,76.12,1.38,3.5345
20221122,Ballari,15.1394,76.9214,22.63,83.92,1.5,4.1443
20221123,Ballari,15.1394,76.9214,23.8,82.91,2.07,3.1342
20221124,Ballari,15.1394,76.9214,24.66,78.54,2.67,3.9437
20221125,Ballari,15.1394,76.9214,24.83,74.45,2.17,4.6574
20221126,Ballari,15.1394,76.9214,24.96,77.39,1.57,3.7726
20221127,Ballari,15.1394,76.9214,25.25,73.81,1.11,4.14
20221128,Ballari,15.1394,76.9214,24.93,74.56,1.41,3.7776
20221129,Ballari,15.1394,76.9214,23.68,71.02,1.89,4.6982
20221130,Ballari,15.1394,76.9214,21.19,67.55,1.8,5.173
20221201,Ballari,15.1394,76.9214,23.12,77.19,1.95,4.3099
20221202,Ballari,15.1394,76.9214,25.0,76.0,2.26,4.2497
20221203,Ballari,15.1394,76.9214,25.16,74.87,2.67,4.8533
20221204,Ballari,15.1394,76.9214,25.13,70.91,2.61,4.8226
20221205,Ballari,15.1394,76.9214,24.09,77.16,2.18,4.2782
20221206,Ballari,15.1394,76.9214,23.67,74.12,2.08,4.6423
20221207,Ballari,15.1394,76.9214,22.17,65.03,2.07,4.063
20221208,Ballari,15.1394,76.9214,21.47,62.95,1.69,4.5406
20221209,Ballari,15.1394,76.9214,21.26,66.63,2.55,3.7486
20221210,Ballari,15.1394,76.9214,21.32,85.05,3.66,2.5241
20221211,Ballari,15.1394,76.9214,23.18,83.05,2.37,1.5802
20221212,Ballari,15.1394,76.9214,21.87,90.22,2.99,2.227
20221213,Ballari,15.1394,76.9214,23.5,84.22,3.18,2.316
20221214,Ballari,15.1394,76.9214,24.17,78.1,2.46,4.1131
20221215,Ballari,15.1394,76.9214,24.13,70.49,2.34,5.3498
20221216,Ballari,15.1394,76.9214,23.4,69.94,2.03,5.2706
20221217,Ballari,15.1394,76.9214,23.87,72.39,2.25,4.4933
20221218,Ballari,15.1394,76.9214,23.84,76.55,2.56,4.4669
20221219,Ballari,15.1394,76.9214,22.14,73.53,2.21,4.8132
20221220,Ballari,15.1394,76.9214,21.47,65.84,2.31,5.1451
20221221,Ballari,15.1394,76.9214,21.64,68.69,2.12,5.1254
20221222,Ballari,15.1394,76.9214,21.8,71.5,2.32,5.1408
20221223,Ballari,15.1394,76.9214,22.1,68.08,1.96,5.2231
20221224,Ballari,15.1394,76.9214,22.5,68.98,2.15,5.3179
20221225,Ballari,15.1394,76.9214,23.24,76.96,2.53,5.179
20221226,Ballari,15.1394,76.9214,24.93,76.5,3.21,3.2618
20221227,Ballari,15.1394,76.9214,25.06,73.98,2.98,5.1842
20221228,Ballari,15.1394,76.9214,25.43,71.72,2.27,5.1754
20221229,Ballari,15.1394,76.9214,24.75,70.13,2.1,4.8048
20221230,Ballari,15.1394,76.9214,23.93,65.06,2.02,4.8569
20221231,Ballari,15.1394,76.9214,23.41,63.82,1.64,4.7791
20230101,Ballari,15.1394,76.9214,23.0,62.02,1.54,4.7861
20230102,Ballari,15.1394,76.9214,22.89,64.4,2.99,4.9169
20230103,Ballari,15.1394,76.9214,22.96,66.55,2.54,4.9524
20230104,Ballari,15.1394,76.9214,23.02,65.47,3.23,5.1223
20230105,Ballari,15.1394,76.9214,22.99,66.64,3.46,4.3301
20230106,Ballari,15.1394,76.9214,23.05,69.42,3.72,3.923
20230107,Ballari,15.1394,76.9214,22.45,70.57,2.38,3.515
20230108,Ballari,15.1394,76.9214,21.82,59.61,2.32,5.4823
20230109,Ballari,15.1394,76.9214,20.22,56.19,2.14,5.694
20230110,Ballari,15.1394,76.9214,21.3,55.56,2.56,5.5968
20230111,Ballari,15.1394,76.9214,21.79,54.41,2.11,5.5087
20230112,Ballari,15.1394,76.9214,22.44,46.91,1.8,5.5572
20230113,Ballari,15.1394,76.9214,22.46,45.51,1.59,5.5195
20230114,Ballari,15.1394,76.9214,22.45,51.3,1.93,5.567
20230115,Ballari,15.1394,76.9214,22.3,43.01,2.42,5.6743
20230116,Ballari,15.1394,76.9214,22.04,43.64,2.48,5.8874
20230117,Ballari,15.1394,76.9214,21.6,51.63,2.42,5.8992
20230118,Ballari,15.1394,76.9214,22.37,55.58,2.76,5.8685
20230119,Ballari,15.1394,76.9214,22.58,53.01,2.83,5.7958
20230120,Ballari,15.1394,76.9214,22.34,55.66,2.94,5.64
20230121,Ballari,15.1394,76.9214,23.11,58.14,2.77,5.082
20230122,Ballari,15.1394,76.9214,23.07,57.6,3.07,5.442
20230123,Ballari,15.1394,76.9214,24.23,58.32,3.54,5.4679
20230124,Ballari,15.1394,76.9214,25.1,60.04,3.1,3.9002
20230125,Ballari,15.1394,76.9214,24.37,52.57,3.21,5.2526
20230126,Ballari,15.1394,76.9214,23.53,53.89,2.87,5.8243
20230127,Ballari,15.1394,76.9214,23.17,52.95,3.38,5.8373
20230128,Ballari,15.1394,76.9214,23.41,47.48,2.84,5.8939
20230129,Ballari,15.1394,76.9214,23.92,50.85,3.68,5.7233
20230130,Ballari,15.1394,76.9214,24.51,63.34,2.96,5.2205
20230131,Ballari,15.1394,76.9214,25.38,58.06,2.83,4.6786
20230201,Ballari,15.1394,76.9214,25.91,49.85,2.61,4.4182
20230202,Ballari,15.1394,76.9214,25.61,47.44,2.93,5.0952
20230203,Ballari,15.1394,76.9214,25.33,55.9,2.66,5.5414
20230204,Ballari,15.1394,76.9214,26.7,53.59,2.47,5.8586
20230205,Ballari,15.1394,76.9214,26.53,43.87,2.32,5.8762
20230206,Ballari,15.1394,76.9214,26.04,46.1,2.31,5.694
20230207,Ballari,15.1394,76.9214,26.31,41.68,1.54,5.1586
20230208,Ballari,15.1394,76.9214,26.86,40.48,1.92,5.4094
20230209,Ballari,15.1394,76.9214,26.49,43.51,2.08,5.9758
20230210,Ballari,15.1394,76.9214,26.05,38.82,2.05,6.1586
20230211,Ballari,15.1394,76.9214,26.48,34.51,2.18,6.4699
20230212,Ballari,15.1394,76.9214,26.59,30.57,2.23,6.4517
20230213,Ballari,15.1394,76.9214,25.91,29.42,2.55,6.6396
20230214,Ballari,15.1394,76.9214,25.22,28.18,2.16,6.8585
20230215,Ballari,15.1394,76.9214,25.27,23.64,2.21,6.8268
20230216,Ballari,15.1394,76.9214,25.84,31.44,2.84,6.7582
20230217,Ballari,15.1394,76.9214,25.91,35.95,2.45,6.6125
20230218,Ballari,15.1394,76.9214,25.94,38.75,2.19,6.5102
20230219,Ballari,15.1394,76.9214,26.05,40.45,2.45,6.4308
20230220,Ballari,15.1394,76.9214,26.79,36.32,1.83,6.5678
20230221,Ballari,15.1394,76.9214,27.06,30.39,1.8,6.5882
20230222,Ballari,15.1394,76.9214,26.93,31.22,2.52,6.517
20230223,Ballari,15.1394,76.9214,26.86,30.75,3.13,6.5407
20230224,Ballari,15.1394,76.9214,26.67,27.29,2.81,6.6492
20230225,Ballari,15.1394,76.9214,26.98,25.75,2.83,6.642
20230226,Ballari,15.1394,76.9214,27.1,28.61,3.26,6.5736
20230227,Ballari,15.1394,76.9214,26.45,33.61,3.43,6.5234
20230228,Ballari,15.1394,76.9214,26.41,29.3,3.91,6.7094
20230301,Ballari,15.1394,76.9214,26.27,36.75,3.48,6.1754
20230302,Ballari,15.1394,76.9214,26.67,32.51,3.66,6.5911
20230303,Ballari,15.1394,76.9214,26.94,30.91,3.48,6.0924
20230304,Ballari,15.1394,76.9214,27.2,30.18,3.68,5.9906
20230305,Ballari,15.1394,76.9214,27.18,27.48,3.32,6.3576
20230306,Ballari,15.1394,76.9214,27.44,28.09,3.41,6.2676
20230307,Ballari,15.1394,76.9214,27.28,27.77,3.39,6.2462
20230308,Ballari,15.1394,76.9214,27.16,33.96,3.5,6.4022
20230309,Ballari,15.1394,76.9214,25.74,37.19,2.55,5.7902
20230310,Ballari,15.1394,76.9214,26.89,34.53,3.0,6.2366
20230311,Ballari,15.1394,76.9214,27.54,38.09,3.46,6.2969
20230312,Ballari,15.1394,76.9214,27.5,35.47,3.53,6.7262
20230313,Ballari,15.1394,76.9214,28.05,33.67,2.63,6.8815
20230314,Ballari,15.1394,76.9214,28.19,30.66,2.13,6.5515
20230315,Ballari,15.1394,76.9214,28.84,33.1,2.83,4.8286
20230316,Ballari,15.1394,76.9214,29.02,45.57,2.2,4.7854
20230317,Ballari,15.1394,76.9214,28.5,48.21,2.28,5.0647
20230318,Ballari,15.1394,76.9214,28.25,55.18,2.73,5.4989
20230319,Ballari,15.1394,76.9214,27.87,44.71,3.18,6.7946
20230320,Ballari,15.1394,76.9214,26.93,37.84,3.11,7.463
20230321,Ballari,15.1394,76.9214,27.06,38.28,2.55,7.3836
20230322,Ballari,15.1394,76.9214,28.75,35.03,1.43,6.6912
20230323,Ballari,15.1394,76.9214,30.36,30.95,2.0,7.0394
20230324,Ballari,15.1394,76.9214,30.94,32.39,2.12,7.0315
20230325,Ballari,15.1394,76.9214,32.11,36.51,1.28,5.9621
20230326,Ballari,15.1394,76.9214,31.55,31.93,2.47,6.6926
20230327,Ballari,15.1394,76.9214,30.35,27.62,2.61,7.3716
20230328,Ballari,15.1394,76.9214,30.66,30.3,2.06,7.1707
20230329,Ballari,15.1394,76.9214,31.95,35.34,2.77,7.146
20230330,Ballari,15.1394,76.9214,30.89,36.05,2.61,7.1614
20230331,Ballari,15.1394,76.9214,30.39,42.53,2.19,7.1311
20230401,Ballari,15.1394,76.9214,30.65,32.9,2.61,7.4172
20230402,Ballari,15.1394,76.9214,30.16,29.68,2.8,7.6123
20230403,Ballari,15.1394,76.9214,30.11,29.78,2.15,7.5595
20230404,Ballari,15.1394,76.9214,30.39,30.48,1.7,7.4266
20230405,Ballari,15.1394,76.9214,31.41,28.95,1.8,6.9751
20230406,Ballari,15.1394,76.9214,31.67,38.61,2.45,5.7578
20230407,Ballari,15.1394,76.9214,31.74,33.84,3.0,4.6894
20230408,Ballari,15.1394,76.9214,31.16,35.57,3.73,7.195
20230409,Ballari,15.1394,76.9214,30.62,33.76,3.48,7.6819
20230410,Ballari,15.1394,76.9214,31.28,29.86,3.0,7.6109
20230411,Ballari,15.1394,76.9214,31.32,26.76,3.14,7.6555
20230412,Ballari,15.1394,76.9214,31.26,21.19,3.01,7.313
20230413,Ballari,15.1394,76.9214,32.56,24.35,2.39,6.3348
20230414,Ballari,15.1394,76.9214,32.5,25.93,1.91,5.82
20230415,Ballari,15.1394,76.9214,31.78,25.5,1.75,4.8691
20230416,Ballari,15.1394,76.9214,31.09,29.7,1.32,6.7253
20230417,Ballari,15.1394,76.9214,30.88,23.45,1.91,6.6262
20230418,Ballari,15.1394,76.9214,31.67,20.46,2.77,7.3954
20230419,Ballari,15.1394,76.9214,32.24,22.31,2.86,7.0188
20230420,Ballari,15.1394,76.9214,32.09,27.66,1.93,6.1615
20230421,Ballari,15.1394,76.9214,32.01,41.18,1.88,6.2825
20230422,Ballari,15.1394,76.9214,32.69,34.87,1.73,6.9756
20230423,Ballari,15.1394,76.9214,31.66,29.49,2.7,7.7878
20230424,Ballari,15.1394,76.9214,32.34,33.29,1.87,7.325
20230425,Ballari,15.1394,76.9214,32.54,38.87,2.43,6.6437
20230426,Ballari,15.1394,76.9214,29.32,55.21,1.02,6.9785
20230427,Ballari,15.1394,76.9214,31.04,49.91,1.8,6.4368
20230428,Ballari,15.1394,76.9214,30.17,53.72,1.87,5.8056
20230429,Ballari,15.1394,76.9214,29.0,64.31,1.71,6.1606
20230430,Ballari,15.1394,76.9214,26.7,74.49,1.87,6.2062
20230501,Ballari,15.1394,76.9214,27.8,69.31,1.84,7.1203
20230502,Ballari,15.1394,76.9214,26.66,73.5,1.77,6.6614
20230503,Ballari,15.1394,76.9214,27.33,70.95,1.32,6.2902
20230504,Ballari,15.1394,76.9214,27.65,69.26,1.59,6.2381
20230505,Ballari,15.1394,76.9214,26.77,71.85,1.95,6.3
20230506,Ballari,15.1394,76.9214,28.24,65.82,1.95,6.7865
20230507,Ballari,15.1394,76.9214,28.3,69.37,2.06,5.4648
20230508,Ballari,15.1394,76.9214,28.16,70.7,1.89,5.5046
20230509,Ballari,15.1394,76.9214,29.45,66.87,1.47,6.2995
20230510,Ballari,15.1394,76.9214,30.2,64.18,1.8,5.8848
20230511,Ballari,15.1394,76.9214,31.01,58.55,2.05,5.4422
20230512,Ballari,15.1394,76.9214,30.88,60.32,1.72,6.1903
20230513,Ballari,15.1394,76.9214,30.32,63.65,4.74,6.9377
20230514,Ballari,15.1394,76.9214,30.52,58.35,4.04,7.4909
20230515,Ballari,15.1394,76.9214,30.17,56.53,3.86,7.6145
20230516,Ballari,15.1394,76.9214,30.63,51.7,2.84,7.7736
20230517,Ballari,15.1394,76.9214,31.16,46.44,2.57,7.7618
20230518,Ballari,15.1394,76.9214,31.6,45.56,2.35,7.2962
20230519,Ballari,15.1394,76.9214,32.89,42.92,1.86,6.5854
20230520,Ballari,15.1394,76.9214,32.43,45.83,2.47,6.8945
20230521,Ballari,15.1394,76.9214,32.44,47.15,2.57,6.4442
20230522,Ballari,15.1394,76.9214,32.08,47.71,2.48,6.0617
20230523,Ballari,15.1394,76.9214,32.69,43.86,1.19,6.6914
20230524,Ballari,15.1394,76.9214,31.54,50.36,3.79,6.8093
20230525,Ballari,15.1394,76.9214,29.97,60.04,3.48,6.4606
20230526,Ballari,15.1394,76.9214,30.42,52.68,3.68,7.2175
20230527,Ballari,15.1394,76.9214,31.31,52.05,3.51,7.4474
20230528,Ballari,15.1394,76.9214,32.16,46.9,3.14,6.9266
20230529,Ballari,15.1394,76.9214,33.58,43.21,1.57,6.2906
20230530,Ballari,15.1394,76.9214,30.9,54.01,2.7,3.0384
20230531,Ballari,15.1394,76.9214,30.53,57.38,2.26,6.5342
20230601,Ballari,15.1394,76.9214,29.25,62.19,3.85,5.4998
20230602,Ballari,15.1394,76.9214,31.06,51.32,4.07,7.0061
20230603,Ballari,15.1394,76.9214,32.24,46.08,3.86,7.1762
20230604,Ballari,15.1394,76.9214,31.02,51.8,3.67,5.8589
20230605,Ballari,15.1394,76.9214,31.62,50.98,4.77,6.7474
20230606,Ballari,15.1394,76.9214,32.02,50.85,4.63,7.003
20230607,Ballari,15.1394,76.9214,30.86,56.06,4.69,6.3084
20230608,Ballari,15.1394,76.9214,29.51,60.14,4.55,6.3338
20230609,Ballari,15.1394,76.9214,29.98,59.3,4.97,6.624
20230610,Ballari,15.1394,76.9214,29.13,61.45,5.47,6.3598
20230611,Ballari,15.1394,76.9214,29.56,59.65,5.76,6.1046
20230612,Ballari,15.1394,76.9214,29.83,59.33,5.42,7.1844
20230613,Ballari,15.1394,76.9214,30.42,56.57,6.05,6.8311
20230614,Ballari,15.1394,76.9214,30.5,56.47,6.16,6.6194
20230615,Ballari,15.1394,76.9214,31.42,52.42,5.4,7.159
20230616,Ballari,15.1394,76.9214,31.7,51.31,5.98,7.1791
20230617,Ballari,15.1394,76.9214,31.55,51.88,6.04,6.0998
20230618,Ballari,15.1394,76.9214,29.92,56.49,5.24,5.3489
20230619,Ballari,15.1394,76.9214,28.94,59.05,4.59,5.3357
20230620,Ballari,15.1394,76.9214,29.55,57.45,3.84,6.3415
20230621,Ballari,15.1394,76.9214,29.36,57.82,4.81,5.5205
20230622,Ballari,15.1394,76.9214,27.98,62.91,4.32,5.3882
20230623,Ballari,15.1394,76.9214,29.43,52.44,5.09,4.8288
20230624,Ballari,15.1394,76.9214,27.78,62.84,5.45,4.284
20230625,Ballari,15.1394,76.9214,27.4,64.24,5.43,3.4922
20230626,Ballari,15.1394,76.9214,27.27,65.69,5.56,5.713
20230627,Ballari,15.1394,76.9214,27.72,63.63,5.49,4.9678
20230628,Ballari,15.1394,76.9214,27.67,59.06,5.98,4.8557
20230629,Ballari,15.1394,76.9214,26.65,64.19,5.9,5.0947
20230630,Ballari,15.1394,76.9214,27.09,66.45,5.85,5.2721
20230701,Ballari,15.1394,76.9214,27.28,68.6,5.58,4.9788
20230702,Ballari,15.1394,76.9214,27.1,72.39,5.68,5.6042
20230703,Ballari,15.1394,76.9214,26.58,76.95,5.54,4.5674
20230704,Ballari,15.1394,76.9214,26.45,76.62,4.98,4.8761
20230705,Ballari,15.1394,76.9214,25.67,73.12,6.16,4.0843
20230706,Ballari,15.1394,76.9214,25.7,68.11,6.96,3.4802
20230707,Ballari,15.1394,76.9214,27.12,66.55,6.18,3.9907
20230708,Ballari,15.1394,76.9214,27.14,67.41,6.03,3.6941
20230709,Ballari,15.1394,76.9214,26.89,71.99,4.96,4.2266
20230710,Ballari,15.1394,76.9214,27.15,71.32,4.81,4.6152
20230711,Ballari,15.1394,76.9214,26.25,74.78,5.07,4.8962
20230712,Ballari,15.1394,76.9214,26.79,68.24,5.33,5.371
20230713,Ballari,15.1394,76.9214,27.31,67.88,5.54,5.2279
20230714,Ballari,15.1394,76.9214,27.55,65.86,5.8,5.2015
20230715,Ballari,15.1394,76.9214,27.44,68.7,5.19,4.6025
20230716,Ballari,15.1394,76.9214,26.41,74.42,4.74,3.8292
20230717,Ballari,15.1394,76.9214,27.55,69.61,5.5,3.4534
20230718,Ballari,15.1394,76.9214,26.44,73.76,7.03,2.5994
20230719,Ballari,15.1394,76.9214,25.96,74.16,7.9,2.3993
20230720,Ballari,15.1394,76.9214,26.7,71.15,7.68,2.1497
20230721,Ballari,15.1394,76.9214,26.08,74.84,6.85,2.5342
20230722,Ballari,15.1394,76.9214,26.69,71.39,7.32,3.6091
20230723,Ballari,15.1394,76.9214,26.63,71.84,7.31,2.9981
20230724,Ballari,15.1394,76.9214,25.44,77.23,6.71,3.1219
20230725,Ballari,15.1394,76.9214,24.89,78.55,6.47,2.4262
20230726,Ballari,15.1394,76.9214,24.37,83.66,6.1,2.3988
20230727,Ballari,15.1394,76.9214,24.46,81.3,7.06,2.5399
20230728,Ballari,15.1394,76.9214,26.45,73.09,6.66,4.2766
20230729,Ballari,15.1394,76.9214,26.82,72.32,6.14,5.0472
20230730,Ballari,15.1394,76.9214,27.01,71.02,5.7,5.0093
20230731,Ballari,15.1394,76.9214,27.24,70.65,5.89,4.5439
20230801,Ballari,15.1394,76.9214,27.05,71.28,6.39,3.6842
20230802,Ballari,15.1394,76.9214,26.26,72.59,6.44,3.2777
20230803,Ballari,15.1394,76.9214,26.88,70.48,6.2,3.8455
20230804,Ballari,15.1394,76.9214,27.28,69.54,5.65,5.0083
20230805,Ballari,15.1394,76.9214,27.08,70.03,5.24,5.5642
20230806,Ballari,15.1394,76.9214,27.63,68.55,4.9,5.6323
20230807,Ballari,15.1394,76.9214,27.78,66.82,5.02,4.5893
20230808,Ballari,15.1394,76.9214,27.75,66.91,4.23,4.2838
20230809,Ballari,15.1394,76.9214,27.62,69.65,3.4,5.7554
20230810,Ballari,15.1394,76.9214,26.73,72.67,2.96,6.0295
20230811,Ballari,15.1394,76.9214,27.23,69.08,3.52,5.9251
20230812,Ballari,15.1394,76.9214,27.7,67.96,4.03,5.3273
20230813,Ballari,15.1394,76.9214,26.94,68.05,3.96,5.5536
20230814,Ballari,15.1394,76.9214,26.44,68.81,4.01,5.4696
20230815,Ballari,15.1394,76.9214,27.5,65.06,3.86,5.4506
20230816,Ballari,15.1394,76.9214,27.99,63.87,3.75,6.4469
20230817,Ballari,15.1394,76.9214,27.2,66.88,4.7,4.8401
20230818,Ballari,15.1394,76.9214,26.89,68.7,4.91,4.7674
20230819,Ballari,15.1394,76.9214,26.57,71.66,4.64,3.6838
20230820,Ballari,15.1394,76.9214,27.87,66.27,4.48,5.3647
20230821,Ballari,15.1394,76.9214,28.4,62.51,3.82,6.1807
20230822,Ballari,15.1394,76.9214,28.55,60.77,3.36,6.1807
20230823,Ballari,15.1394,76.9214,28.51,60.92,3.65,5.8394
20230824,Ballari,15.1394,76.9214,28.97,60.03,4.26,5.7703
20230825,Ballari,15.1394,76.9214,28.95,61.25,4.38,5.3225
20230826,Ballari,15.1394,76.9214,27.54,69.26,3.45,3.9418
20230827,Ballari,15.1394,76.9214,27.81,65.29,3.93,6.2256
20230828,Ballari,15.1394,76.9214,28.24,65.37,4.58,5.8548
20230829,Ballari,15.1394,76.9214,28.14,65.06,4.21,5.3779
20230830,Ballari,15.1394,76.9214,28.26,65.32,3.45,4.9301
20230831,Ballari,15.1394,76.9214,27.99,69.05,2.24,5.3256
20230901,Ballari,15.1394,76.9214,28.44,70.02,1.94,6.2386
20230902,Ballari,15.1394,76.9214,25.36,82.73,3.28,5.3436
20230903,Ballari,15.1394,76.9214,23.91,78.03,3.7,3.3564
20230904,Ballari,15.1394,76.9214,23.94,77.14,5.2,1.3123
20230905,Ballari,15.1394,76.9214,25.1,75.54,4.19,2.1974
20230906,Ballari,15.1394,76.9214,26.16,73.96,4.06,6.0014
20230907,Ballari,15.1394,76.9214,25.9,74.21,4.27,5.7173
20230908,Ballari,15.1394,76.9214,26.2,73.14,4.86,3.9768
20230909,Ballari,15.1394,76.9214,26.93,72.92,4.81,4.513
20230910,Ballari,15.1394,76.9214,26.82,73.29,4.35,4.4314
20230911,Ballari,15.1394,76.9214,26.28,74.68,4.29,4.6632
20230912,Ballari,15.1394,76.9214,26.43,72.9,4.23,5.8349
20230913,Ballari,15.1394,76.9214,26.29,71.48,4.31,5.9138
20230914,Ballari,15.1394,76.9214,26.93,72.08,4.06,5.1612
20230915,Ballari,15.1394,76.9214,26.94,71.85,4.58,4.5982
20230916,Ballari,15.1394,76.9214,27.17,70.9,4.79,5.555
20230917,Ballari,15.1394,76.9214,27.54,70.83,4.16,4.9757
20230918,Ballari,15.1394,76.9214,27.24,71.09,3.9,5.7043
20230919,Ballari,15.1394,76.9214,26.94,71.78,3.78,5.3611
20230920,Ballari,15.1394,76.9214,27.26,70.48,3.99,5.3674
20230921,Ballari,15.1394,76.9214,26.04,77.28,2.63,4.9598
20230922,Ballari,15.1394,76.9214,26.45,77.07,1.99,3.7946
20230923,Ballari,15.1394,76.9214,26.6,77.73,1.73,4.6834
20230924,Ballari,15.1394,76.9214,25.88,78.91,2.77,4.1443
20230925,Ballari,15.1394,76.9214,26.55,72.86,3.13,5.491
20230926,Ballari,15.1394,76.9214,26.94,71.45,3.03,4.1921
20230927,Ballari,15.1394,76.9214,26.49,71.87,2.99,4.4875
20230928,Ballari,15.1394,76.9214,26.56,72.3,2.56,5.1362
20230929,Ballari,15.1394,76.9214,27.24,71.46,3.14,5.3028
20230930,Ballari,15.1394,76.9214,25.96,73.01,4.08,4.3495
20231001,Ballari,15.1394,76.9214,27.0,69.97,5.0,3.3914
20231002,Ballari,15.1394,76.9214,26.51,71.63,4.76,2.8548
20231003,Ballari,15.1394,76.9214,27.41,67.92,3.33,5.1168
20231004,Ballari,15.1394,76.9214,28.12,66.62,2.44,4.403
20231005,Ballari,15.1394,76.9214,28.07,67.21,1.85,4.8552
20231006,Ballari,15.1394,76.9214,28.33,61.76,1.47,6.024
20231007,Ballari,15.1394,76.9214,28.6,56.24,1.28,6.2743
20231008,Ballari,15.1394,76.9214,28.72,60.89,1.36,6.0473
20231009,Ballari,15.1394,76.9214,29.35,56.7,1.54,5.7319
20231010,Ballari,15.1394,76.9214,29.71,53.52,1.78,4.9774
20231011,Ballari,15.1394,76.9214,29.43,58.22,2.27,5.0076
20231012,Ballari,15.1394,76.9214,29.16,57.12,2.72,5.838
20231013,Ballari,15.1394,76.9214,28.76,51.75,2.8,5.0522
20231014,Ballari,15.1394,76.9214,28.69,54.99,2.19,5.591
20231015,Ballari,15.1394,76.9214,29.05,53.17,2.01,5.3213
20231016,Ballari,15.1394,76.9214,28.42,58.25,2.47,4.9308
20231017,Ballari,15.1394,76.9214,29.49,51.23,2.73,5.4338
20231018,Ballari,15.1394,76.9214,29.04,49.36,2.64,5.8032
20231019,Ballari,15.1394,76.9214,28.86,49.09,2.34,5.6971
20231020,Ballari,15.1394,76.9214,28.94,52.03,2.66,5.1586
20231021,Ballari,15.1394,76.9214,29.26,51.3,2.78,5.0554
20231022,Ballari,15.1394,76.9214,28.59,50.7,2.56,5.5313
20231023,Ballari,15.1394,76.9214,27.39,39.6,2.73,5.8296
20231024,Ballari,15.1394,76.9214,26.99,41.17,2.6,6.1325
20231025,Ballari,15.1394,76.9214,26.76,38.2,2.42,6.1277
20231026,Ballari,15.1394,76.9214,26.28,36.5,2.39,6.0319
20231027,Ballari,15.1394,76.9214,26.09,38.1,2.06,6.1174
20231028,Ballari,15.1394,76.9214,27.62,58.06,2.09,5.1655
20231029,Ballari,15.1394,76.9214,28.21,61.22,3.0,4.9109
20231030,Ballari,15.1394,76.9214,27.37,64.35,3.02,4.1947
20231031,Ballari,15.1394,76.9214,26.23,67.89,2.66,3.9854
20231101,Ballari,15.1394,76.9214,27.35,59.88,2.13,4.301
20231102,Ballari,15.1394,76.9214,28.46,57.36,2.78,4.6663
20231103,Ballari,15.1394,76.9214,28.8,59.16,3.22,4.5074
20231104,Ballari,15.1394,76.9214,27.83,64.41,3.18,4.2098
20231105,Ballari,15.1394,76.9214,26.16,76.94,2.64,3.8405
20231106,Ballari,15.1394,76.9214,25.82,77.31,1.99,2.7934
20231107,Ballari,15.1394,76.9214,25.73,78.22,2.38,3.9353
20231108,Ballari,15.1394,76.9214,25.76,77.08,2.35,3.3137
20231109,Ballari,15.1394,76.9214,25.15,76.81,2.65,3.9698
20231110,Ballari,15.1394,76.9214,25.65,72.98,2.27,4.9133
20231111,Ballari,15.1394,76.9214,25.32,64.92,2.67,5.3028
20231112,Ballari,15.1394,76.9214,24.17,66.58,2.49,5.0834
20231113,Ballari,15.1394,76.9214,24.18,70.58,2.51,4.4062
20231114,Ballari,15.1394,76.9214,23.82,73.39,2.29,3.821
20231115,Ballari,15.1394,76.9214,24.13,68.21,1.7,4.4782
20231116,Ballari,15.1394,76.9214,24.74,64.32,1.4,4.4938
20231117,Ballari,15.1394,76.9214,25.13,64.24,2.05,4.8828
20231118,Ballari,15.1394,76.9214,25.88,67.05,2.42,4.9872
20231119,Ballari,15.1394,76.9214,25.99,68.75,2.82,4.6925
20231120,Ballari,15.1394,76.9214,25.48,65.11,2.6,4.6061
20231121,Ballari,15.1394,76.9214,25.96,71.74,3.01,4.2593
20231122,Ballari,15.1394,76.9214,26.31,71.55,2.95,4.3178
20231123,Ballari,15.1394,76.9214,26.71,68.26,2.68,4.4714
20231124,Ballari,15.1394,76.9214,26.48,71.8,3.09,3.1385
20231125,Ballari,15.1394,76.9214,26.24,66.39,3.47,3.0444
20231126,Ballari,15.1394,76.9214,25.81,66.8,3.42,3.6648
20231127,Ballari,15.1394,76.9214,26.32,64.1,3.2,3.5062
20231128,Ballari,15.1394,76.9214,26.87,64.58,2.81,4.5871
20231129,Ballari,15.1394,76.9214,26.54,66.48,3.37,4.0493
20231130,Ballari,15.1394,76.9214,26.13,67.98,3.42,4.8007
20231201,Ballari,15.1394,76.9214,26.64,61.81,2.94,4.6774
20231202,Ballari,15.1394,76.9214,26.42,61.62,3.43,5.2342
20231203,Ballari,15.1394,76.9214,26.71,67.39,4.43,4.5158
20231204,Ballari,15.1394,76.9214,26.11,64.63,3.76,3.1632
20231205,Ballari,15.1394,76.9214,25.54,61.23,3.43,2.9719
20231206,Ballari,15.1394,76.9214,25.85,58.47,1.65,4.0769
20231207,Ballari,15.1394,76.9214,25.8,65.51,2.24,3.7865
20231208,Ballari,15.1394,76.9214,25.24,73.15,2.56,3.9977
20231209,Ballari,15.1394,76.9214,24.34,73.02,2.48,3.7265
20231210,Ballari,15.1394,76.9214,24.55,65.98,2.41,4.6114
20231211,Ballari,15.1394,76.9214,24.04,62.93,2.17,4.7074
20231212,Ballari,15.1394,76.9214,23.49,60.99,2.42,5.0597
20231213,Ballari,15.1394,76.9214,23.17,61.76,2.89,4.7424
20231214,Ballari,15.1394,76.9214,22.36,58.56,2.72,5.2166
20231215,Ballari,15.1394,76.9214,23.1,65.96,2.37,4.7496
20231216,Ballari,15.1394,76.9214,24.9,70.23,3.28,2.7742
20231217,Ballari,15.1394,76.9214,24.93,67.83,3.85,2.3825
20231218,Ballari,15.1394,76.9214,24.09,67.05,3.59,3.0346
20231219,Ballari,15.1394,76.9214,23.84,60.14,3.33,4.0526
20231220,Ballari,15.1394,76.9214,23.65,62.52,3.01,4.0649
20231221,Ballari,15.1394,76.9214,23.62,64.0,2.11,4.6793
20231222,Ballari,15.1394,76.9214,22.66,61.07,1.87,4.2662
20231223,Ballari,15.1394,76.9214,22.45,59.0,2.84,4.8122
20231224,Ballari,15.1394,76.9214,22.89,60.03,2.77,4.9306
20231225,Ballari,15.1394,76.9214,23.9,57.77,2.79,5.0052
20231226,Ballari,15.1394,76.9214,23.77,58.59,2.81,4.95
20231227,Ballari,15.1394,76.9214,23.79,59.75,3.22,5.1377
20231228,Ballari,15.1394,76.9214,23.8,58.52,3.16,5.321
20231229,Ballari,15.1394,76.9214,23.79,61.54,3.11,5.3645
20231230,Ballari,15.1394,76.9214,23.75,54.35,2.9,5.1444
20231231,Ballari,15.1394,76.9214,22.87,61.2,2.87,5.0978
20240101,Ballari,15.1394,76.9214,23.92,60.12,2.64,4.9279
20240102,Ballari,15.1394,76.9214,23.74,59.71,2.99,4.6867
20240103,Ballari,15.1394,76.9214,23.72,61.7,3.11,4.11
20240104,Ballari,15.1394,76.9214,24.15,60.36,2.92,4.049
20240105,Ballari,15.1394,76.9214,25.05,55.35,3.1,4.698
20240106,Ballari,15.1394,76.9214,24.1,55.21,3.39,4.1112
20240107,Ballari,15.1394,76.9214,23.74,59.97,4.08,4.5768
20240108,Ballari,15.1394,76.9214,23.97,66.04,4.25,3.5414
20240109,Ballari,15.1394,76.9214,24.71,61.85,4.24,3.2604
20240110,Ballari,15.1394,76.9214,24.09,59.53,3.4,4.776
20240111,Ballari,15.1394,76.9214,24.95,52.92,3.27,5.3981
20240112,Ballari,15.1394,76.9214,24.93,56.67,3.55,5.178
20240113,Ballari,15.1394,76.9214,25.47,57.01,2.22,4.5094
20240114,Ballari,15.1394,76.9214,25.15,54.62,2.08,4.6267
20240115,Ballari,15.1394,76.9214,25.13,52.63,1.76,4.5991
20240116,Ballari,15.1394,76.9214,25.01,53.63,2.27,4.7172
20240117,Ballari,15.1394,76.9214,25.52,56.02,2.5,4.9906
20240118,Ballari,15.1394,76.9214,25.53,57.23,2.19,4.3142
20240119,Ballari,15.1394,76.9214,26.01,53.08,2.98,4.9697
20240120,Ballari,15.1394,76.9214,25.93,52.64,2.58,4.877
20240121,Ballari,15.1394,76.9214,25.7,51.81,2.06,5.0453
20240122,Ballari,15.1394,76.9214,26.95,47.97,2.05,5.4672
20240123,Ballari,15.1394,76.9214,26.75,45.75,1.09,5.2562
20240124,Ballari,15.1394,76.9214,25.96,38.5,1.24,5.5961
20240125,Ballari,15.1394,76.9214,26.36,44.56,1.84,4.9685
20240126,Ballari,15.1394,76.9214,25.3,55.2,2.83,5.4823
20240127,Ballari,15.1394,76.9214,25.34,57.02,3.31,5.1437
20240128,Ballari,15.1394,76.9214,24.87,56.47,3.17,5.3066
20240129,Ballari,15.1394,76.9214,24.77,52.73,3.27,5.3957
20240130,Ballari,15.1394,76.9214,24.35,47.45,2.2,5.3597
20240131,Ballari,15.1394,76.9214,25.1,41.35,1.71,5.7754
20240201,Ballari,15.1394,76.9214,25.92,43.64,1.18,6.0286
20240202,Ballari,15.1394,76.9214,25.96,40.07,1.17,6.047
20240203,Ballari,15.1394,76.9214,27.5,54.58,2.72,5.4026
20240204,Ballari,15.1394,76.9214,27.23,49.03,2.91,5.718
20240205,Ballari,15.1394,76.9214,26.88,43.91,2.72,5.7984
20240206,Ballari,15.1394,76.9214,27.35,41.99,2.54,5.9515
20240207,Ballari,15.1394,76.9214,27.42,40.33,2.01,5.9354
20240208,Ballari,15.1394,76.9214,28.1,37.97,1.98,5.8596
20240209,Ballari,15.1394,76.9214,27.61,40.76,2.82,5.9611
20240210,Ballari,15.1394,76.9214,27.25,48.85,3.21,5.7343
20240211,Ballari,15.1394,76.9214,26.86,49.15,3.61,5.9398
20240212,Ballari,15.1394,76.9214,26.29,43.96,3.71,6.3569
20240213,Ballari,15.1394,76.9214,25.57,46.14,3.27,6.385
20240214,Ballari,15.1394,76.9214,26.8,52.19,3.53,6.0444
20240215,Ballari,15.1394,76.9214,27.11,41.48,3.7,6.192
20240216,Ballari,15.1394,76.9214,25.82,40.94,3.71,6.7966
20240217,Ballari,15.1394,76.9214,25.6,38.0,2.83,6.8306
20240218,Ballari,15.1394,76.9214,26.29,32.26,1.81,6.738
20240219,Ballari,15.1394,76.9214,27.0,36.27,2.11,6.468
20240220,Ballari,15.1394,76.9214,28.21,36.92,1.83,6.2107
20240221,Ballari,15.1394,76.9214,28.48,28.87,1.5,6.4406
20240222,Ballari,15.1394,76.9214,27.97,34.66,2.33,6.6576
20240223,Ballari,15.1394,76.9214,27.46,34.46,2.34,6.684
20240224,Ballari,15.1394,76.9214,28.23,26.23,1.14,6.3458
20240225,Ballari,15.1394,76.9214,29.16,48.08,2.72,5.8517
20240226,Ballari,15.1394,76.9214,28.33,50.23,4.25,6.2318
20240227,Ballari,15.1394,76.9214,27.75,46.9,3.38,6.6773
20240228,Ballari,15.1394,76.9214,28.18,40.93,3.16,6.6619
20240229,Ballari,15.1394,76.9214,28.58,32.86,3.41,6.4222
20240301,Ballari,15.1394,76.9214,28.77,33.31,3.27,6.2981
20240302,Ballari,15.1394,76.9214,29.15,31.72,2.21,6.6091
20240303,Ballari,15.1394,76.9214,29.31,36.46,1.35,6.409
20240304,Ballari,15.1394,76.9214,31.19,30.54,1.52,6.4051
20240305,Ballari,15.1394,76.9214,31.37,30.62,2.69,6.5066
20240306,Ballari,15.1394,76.9214,31.95,29.22,1.45,6.5062
20240307,Ballari,15.1394,76.9214,30.04,27.58,2.25,6.6574
20240308,Ballari,15.1394,76.9214,30.08,24.59,2.04,6.575
20240309,Ballari,15.1394,76.9214,31.5,31.5,1.94,5.9179
20240310,Ballari,15.1394,76.9214,31.85,36.24,3.2,5.5946
20240311,Ballari,15.1394,76.9214,30.96,39.65,3.21,5.3866
20240312,Ballari,15.1394,76.9214,31.7,35.23,2.33,5.5942
20240313,Ballari,15.1394,76.9214,32.21,32.37,2.4,5.8214
20240314,Ballari,15.1394,76.9214,31.35,30.9,2.47,6.265
20240315,Ballari,15.1394,76.9214,31.17,27.19,1.41,6.0595
20240316,Ballari,15.1394,76.9214,32.17,30.53,2.09,5.9726
20240317,Ballari,15.1394,76.9214,32.21,29.01,2.86,5.869
20240318,Ballari,15.1394,76.9214,31.83,32.18,2.41,5.8742
20240319,Ballari,15.1394,76.9214,32.39,26.73,2.5,6.0922
20240320,Ballari,15.1394,76.9214,31.15,28.69,2.89,6.367
20240321,Ballari,15.1394,76.9214,29.99,46.86,3.46,6.4351
20240322,Ballari,15.1394,76.9214,30.85,40.53,2.27,6.2484
20240323,Ballari,15.1394,76.9214,31.96,29.95,2.31,6.4481
20240324,Ballari,15.1394,76.9214,32.51,29.69,3.04,6.1373
20240325,Ballari,15.1394,76.9214,32.03,27.93,2.97,6.4159
20240326,Ballari,15.1394,76.9214,31.97,27.47,3.03,6.2734
20240327,Ballari,15.1394,76.9214,31.92,22.92,3.17,6.8674
20240328,Ballari,15.1394,76.9214,31.93,23.51,3.15,6.8774
20240329,Ballari,15.1394,76.9214,32.95,24.23,3.35,6.7567
20240330,Ballari,15.1394,76.9214,33.01,27.6,3.25,6.7289
20240331,Ballari,15.1394,76.9214,31.92,22.14,3.08,7.0915
20240401,Ballari,15.1394,76.9214,31.82,24.88,2.84,6.8947
20240402,Ballari,15.1394,76.9214,32.54,26.46,2.72,6.4594
20240403,Ballari,15.1394,76.9214,33.17,25.6,2.72,6.473
20240404,Ballari,15.1394,76.9214,33.6,24.74,2.82,6.7973
20240405,Ballari,15.1394,76.9214,33.45,23.91,2.7,6.8443
20240406,Ballari,15.1394,76.9214,34.01,21.18,2.86,6.3146
20240407,Ballari,15.1394,76.9214,34.49,29.63,2.68,6.4121
20240408,Ballari,15.1394,76.9214,33.75,29.03,2.44,6.7154
20240409,Ballari,15.1394,76.9214,32.7,35.99,4.1,6.8479
20240410,Ballari,15.1394,76.9214,32.52,37.16,3.73,6.8436
20240411,Ballari,15.1394,76.9214,33.06,35.42,3.48,6.455
20240412,Ballari,15.1394,76.9214,32.98,39.54,3.71,6.2249
20240413,Ballari,15.1394,76.9214,32.81,35.24,2.72,4.9289
20240414,Ballari,15.1394,76.9214,33.16,33.0,2.83,6.9149
20240415,Ballari,15.1394,76.9214,33.16,29.06,3.39,7.2866
20240416,Ballari,15.1394,76.9214,33.8,29.85,3.15,7.1035
20240417,Ballari,15.1394,76.9214,33.31,33.8,2.85,5.6441
20240418,Ballari,15.1394,76.9214,35.06,30.31,1.14,4.8235
20240419,Ballari,15.1394,76.9214,33.39,39.98,2.32,5.4542
20240420,Ballari,15.1394,76.9214,32.05,46.94,1.8,1.5576
20240421,Ballari,15.1394,76.9214,32.26,46.94,1.58,6.0331
20240422,Ballari,15.1394,76.9214,32.45,42.62,1.54,5.9138
20240423,Ballari,15.1394,76.9214,33.03,37.2,2.13,7.4081
20240424,Ballari,15.1394,76.9214,32.49,31.26,2.39,7.2288
20240425,Ballari,15.1394,76.9214,33.07,34.39,2.83,7.2468
20240426,Ballari,15.1394,76.9214,34.2,29.3,3.1,7.3606
20240427,Ballari,15.1394,76.9214,34.03,28.94,3.63,7.2881
20240428,Ballari,15.1394,76.9214,34.65,25.93,3.16,6.9576
20240429,Ballari,15.1394,76.9214,34.65,28.36,2.68,7.0286
20240430,Ballari,15.1394,76.9214,34.69,20.04,2.31,6.8213
20240501,Ballari,15.1394,76.9214,34.32,36.85,3.24,6.8947
20240502,Ballari,15.1394,76.9214,34.63,33.52,2.75,7.3812
20240503,Ballari,15.1394,76.9214,34.58,32.11,3.72,7.6265
20240504,Ballari,15.1394,76.9214,33.97,31.17,3.77,7.614
20240505,Ballari,15.1394,76.9214,34.05,34.01,3.43,7.2127
20240506,Ballari,15.1394,76.9214,35.33,36.56,2.96,6.8249
20240507,Ballari,15.1394,76.9214,34.73,41.49,2.57,6.5695
20240508,Ballari,15.1394,76.9214,32.38,48.4,2.87,6.9523
20240509,Ballari,15.1394,76.9214,32.45,48.78,2.14,6.3701
20240510,Ballari,15.1394,76.9214,32.22,49.11,2.08,5.8997
20240511,Ballari,15.1394,76.9214,32.58,47.31,2.48,6.1082
20240512,Ballari,15.1394,76.9214,31.41,54.3,1.82,6.4421
20240513,Ballari,15.1394,76.9214,29.23,66.76,2.19,4.5646
20240514,Ballari,15.1394,76.9214,29.7,64.05,1.92,6.03
20240515,Ballari,15.1394,76.9214,29.75,61.47,2.18,6.0096
20240516,Ballari,15.1394,76.9214,29.67,60.49,2.59,5.9254
20240517,Ballari,15.1394,76.9214,29.66,61.41,2.04,5.8963
20240518,Ballari,15.1394,76.9214,29.07,69.71,1.42,5.8944
20240519,Ballari,15.1394,76.9214,29.12,69.48,0.58,5.1732
20240520,Ballari,15.1394,76.9214,27.93,75.21,1.14,5.4504
20240521,Ballari,15.1394,76.9214,29.22,67.59,1.97,5.8058
20240522,Ballari,15.1394,76.9214,30.67,62.72,2.67,6.8933
20240523,Ballari,15.1394,76.9214,30.88,62.89,2.07,5.647
20240524,Ballari,15.1394,76.9214,29.8,66.5,2.34,5.2534
20240525,Ballari,15.1394,76.9214,27.99,70.08,5.26,2.7029
20240526,Ballari,15.1394,76.9214,29.07,67.81,6.01,5.0177
20240527,Ballari,15.1394,76.9214,29.81,65.93,5.48,4.0063
20240528,Ballari,15.1394,76.9214,29.7,64.36,5.63,5.9789
20240529,Ballari,15.1394,76.9214,30.17,63.89,5.73,6.984
20240530,Ballari,15.1394,76.9214,30.51,63.61,4.12,7.0745
20240531,Ballari,15.1394,76.9214,30.65,62.51,3.91,7.0229
20240601,Ballari,15.1394,76.9214,28.38,71.59,3.94,6.0922
20240602,Ballari,15.1394,76.9214,27.78,76.64,2.53,6.0634
20240603,Ballari,15.1394,76.9214,27.34,77.39,2.13,4.2593
20240604,Ballari,15.1394,76.9214,27.5,76.14,2.84,5.461
20240605,Ballari,15.1394,76.9214,26.76,78.68,2.8,5.4274
20240606,Ballari,15.1394,76.9214,27.36,76.64,2.69,5.3784
20240607,Ballari,15.1394,76.9214,26.6,75.07,3.52,3.8594
20240608,Ballari,15.1394,76.9214,26.96,71.86,5.7,4.0219
20240609,Ballari,15.1394,76.9214,26.38,77.32,5.86,4.1354
20240610,Ballari,15.1394,76.9214,25.53,76.33,6.78,4.0447
20240611,Ballari,15.1394,76.9214,24.74,74.56,6.55,3.7934
20240612,Ballari,15.1394,76.9214,25.14,76.58,5.64,3.6684
20240613,Ballari,15.1394,76.9214,25.01,75.36,4.86,3.7694
20240614,Ballari,15.1394,76.9214,26.13,67.91,4.98,5.2248
20240615,Ballari,15.1394,76.9214,27.33,69.42,4.6,6.5933
20240616,Ballari,15.1394,76.9214,27.64,69.67,4.52,6.4625
20240617,Ballari,15.1394,76.9214,27.55,68.55,4.15,6.2443
20240618,Ballari,15.1394,76.9214,26.42,70.46,4.59,6.2477
20240619,Ballari,15.1394,76.9214,26.63,71.47,4.67,5.2574
20240620,Ballari,15.1394,76.9214,27.73,68.7,5.51,5.9366
20240621,Ballari,15.1394,76.9214,27.71,69.17,5.82,5.1233
20240622,Ballari,15.1394,76.9214,26.44,70.4,4.92,5.1149
20240623,Ballari,15.1394,76.9214,26.83,69.74,4.66,4.7057
20240624,Ballari,15.1394,76.9214,27.11,68.78,5.67,4.1318
20240625,Ballari,15.1394,76.9214,26.82,66.37,6.63,4.751
20240626,Ballari,15.1394,76.9214,24.85,72.85,7.28,4.3085
20240627,Ballari,15.1394,76.9214,23.96,69.09,7.57,5.0628
20240628,Ballari,15.1394,76.9214,27.04,64.73,6.69,4.8127
20240629,Ballari,15.1394,76.9214,27.1,70.84,5.54,5.3513
20240630,Ballari,15.1394,76.9214,26.84,71.13,5.71,3.7085
20240701,Ballari,15.1394,76.9214,26.59,69.63,7.66,5.2435
20240702,Ballari,15.1394,76.9214,26.88,69.57,7.04,5.483
20240703,Ballari,15.1394,76.9214,26.9,75.49,5.31,3.5592
20240704,Ballari,15.1394,76.9214,26.8,71.97,5.89,4.2814
20240705,Ballari,15.1394,76.9214,25.86,71.65,5.86,4.2701
20240706,Ballari,15.1394,76.9214,26.6,74.41,5.69,3.7049
20240707,Ballari,15.1394,76.9214,26.48,71.25,5.92,4.3337
20240708,Ballari,15.1394,76.9214,25.71,73.24,5.83,4.5197
20240709,Ballari,15.1394,76.9214,26.17,73.43,4.94,4.7405
20240710,Ballari,15.1394,76.9214,26.77,71.42,4.44,5.0911
20240711,Ballari,15.1394,76.9214,27.08,68.94,5.82,5.4931
20240712,Ballari,15.1394,76.9214,25.32,72.58,5.97,4.62
20240713,Ballari,15.1394,76.9214,25.78,77.75,6.53,4.5036
20240714,Ballari,15.1394,76.9214,25.9,77.43,7.36,3.9005
20240715,Ballari,15.1394,76.9214,26.32,75.21,6.26,3.9362
20240716,Ballari,15.1394,76.9214,26.22,76.8,6.4,4.921
20240717,Ballari,15.1394,76.9214,26.7,76.23,6.97,3.8544
20240718,Ballari,15.1394,76.9214,27.11,71.29,8.03,4.4765
20240719,Ballari,15.1394,76.9214,25.17,80.9,7.16,3.6466
20240720,Ballari,15.1394,76.9214,25.3,79.47,7.48,2.5157
20240721,Ballari,15.1394,76.9214,26.24,76.53,6.98,2.832
20240722,Ballari,15.1394,76.9214,26.21,73.67,7.68,3.8818
20240723,Ballari,15.1394,76.9214,26.23,72.47,8.1,2.7134
20240724,Ballari,15.1394,76.9214,26.19,72.98,7.84,3.9509
20240725,Ballari,15.1394,76.9214,26.13,73.3,8.14,3.0202
20240726,Ballari,15.1394,76.9214,26.3,74.94,7.27,3.5758
20240727,Ballari,15.1394,76.9214,26.35,73.83,7.4,2.8205
20240728,Ballari,15.1394,76.9214,26.73,72.84,7.47,3.6278
20240729,Ballari,15.1394,76.9214,27.45,71.83,6.65,4.0627
20240730,Ballari,15.1394,76.9214,26.61,76.17,5.35,4.9834
20240731,Ballari,15.1394,76.9214,26.71,77.52,5.48,4.9246
20240801,Ballari,15.1394,76.9214,26.12,79.11,5.74,3.6965
20240802,Ballari,15.1394,76.9214,26.16,75.94,5.96,2.9839
20240803,Ballari,15.1394,76.9214,26.14,73.45,6.27,3.9847
20240804,Ballari,15.1394,76.9214,25.7,74.19,5.7,4.3541
20240805,Ballari,15.1394,76.9214,26.96,71.97,4.32,5.0741
20240806,Ballari,15.1394,76.9214,26.03,77.54,3.97,4.3152
20240807,Ballari,15.1394,76.9214,25.78,78.82,3.83,2.8687
20240808,Ballari,15.1394,76.9214,26.18,76.58,3.45,3.09
20240809,Ballari,15.1394,76.9214,27.25,72.6,3.61,5.9328
20240810,Ballari,15.1394,76.9214,27.14,73.46,3.21,5.346
20240811,Ballari,15.1394,76.9214,26.39,77.98,3.04,6.1505
20240812,Ballari,15.1394,76.9214,27.56,72.17,2.94,6.2477
20240813,Ballari,15.1394,76.9214,26.53,78.72,2.8,5.8853
20240814,Ballari,15.1394,76.9214,28.05,73.95,1.13,5.5598
20240815,Ballari,15.1394,76.9214,28.84,72.58,1.22,5.4334
20240816,Ballari,15.1394,76.9214,27.72,76.51,1.61,3.6814
20240817,Ballari,15.1394,76.9214,26.99,80.11,1.53,5.807
20240818,Ballari,15.1394,76.9214,27.38,78.92,2.18,6.3214
20240819,Ballari,15.1394,76.9214,27.35,79.55,0.67,3.1435
20240820,Ballari,15.1394,76.9214,27.33,77.27,0.72,4.895
20240821,Ballari,15.1394,76.9214,26.91,79.33,1.68,5.8104
20240822,Ballari,15.1394,76.9214,26.31,81.1,3.02,4.1237
20240823,Ballari,15.1394,76.9214,25.85,80.74,3.32,4.2442
20240824,Ballari,15.1394,76.9214,25.37,81.0,5.32,2.1698
20240825,Ballari,15.1394,76.9214,25.58,81.73,5.13,4.4926
20240826,Ballari,15.1394,76.9214,25.81,78.88,5.81,5.0798
20240827,Ballari,15.1394,76.9214,25.54,79.55,4.73,4.7218
20240828,Ballari,15.1394,76.9214,25.37,80.24,4.58,4.6771
20240829,Ballari,15.1394,76.9214,25.83,80.49,4.31,5.7979
20240830,Ballari,15.1394,76.9214,25.46,82.63,4.2,4.8696
20240831,Ballari,15.1394,76.9214,24.77,83.67,4.73,1.8518
20240901,Ballari,15.1394,76.9214,24.56,81.19,5.32,1.7842
20240902,Ballari,15.1394,76.9214,25.53,79.09,5.25,4.4808
20240903,Ballari,15.1394,76.9214,25.98,79.63,4.52,4.7798
20240904,Ballari,15.1394,76.9214,25.25,83.76,4.3,3.8585
20240905,Ballari,15.1394,76.9214,26.08,80.78,4.37,5.328
20240906,Ballari,15.1394,76.9214,25.03,84.78,3.71,5.1173
20240907,Ballari,15.1394,76.9214,25.14,84.28,3.7,4.6541
20240908,Ballari,15.1394,76.9214,25.19,83.89,3.91,3.4644
20240909,Ballari,15.1394,76.9214,25.8,80.99,4.67,5.1581
20240910,Ballari,15.1394,76.9214,25.36,79.33,4.81,5.0794
20240911,Ballari,15.1394,76.9214,25.72,78.87,4.34,5.1103
20240912,Ballari,15.1394,76.9214,25.83,77.08,3.92,5.9258
20240913,Ballari,15.1394,76.9214,25.94,74.64,3.69,6.1958
20240914,Ballari,15.1394,76.9214,26.04,73.47,3.69,6.163
20240915,Ballari,15.1394,76.9214,26.04,73.11,4.1,5.7132
20240916,Ballari,15.1394,76.9214,25.82,73.65,3.75,5.0686
20240917,Ballari,15.1394,76.9214,26.5,71.99,3.75,4.727
20240918,Ballari,15.1394,76.9214,25.89,70.01,3.31,5.988
20240919,Ballari,15.1394,76.9214,26.33,70.47,2.61,6.2465
20240920,Ballari,15.1394,76.9214,26.16,74.66,2.07,6.0725
20240921,Ballari,15.1394,76.9214,25.44,79.5,2.79,4.2446
20240922,Ballari,15.1394,76.9214,25.21,82.07,2.39,4.5324
20240923,Ballari,15.1394,76.9214,26.09,82.35,2.7,4.2912
20240924,Ballari,15.1394,76.9214,24.65,89.78,3.16,4.3663
20240925,Ballari,15.1394,76.9214,25.31,81.87,3.7,3.1978
20240926,Ballari,15.1394,76.9214,25.67,78.45,4.28,3.925
20240927,Ballari,15.1394,76.9214,25.88,75.94,3.61,4.44
20240928,Ballari,15.1394,76.9214,26.77,74.33,1.81,5.551
20240929,Ballari,15.1394,76.9214,27.06,78.36,1.69,5.4425
20240930,Ballari,15.1394,76.9214,27.28,75.44,1.56,5.2349
20241001,Ballari,15.1394,76.9214,28.18,67.89,1.13,5.8663
20241002,Ballari,15.1394,76.9214,28.63,69.67,1.02,5.5956
20241003,Ballari,15.1394,76.9214,26.29,83.71,2.54,5.0954
20241004,Ballari,15.1394,76.9214,26.03,83.83,1.91,4.8228
20241005,Ballari,15.1394,76.9214,25.43,86.11,1.83,4.35
20241006,Ballari,15.1394,76.9214,25.6,74.15,1.89,4.7088
20241007,Ballari,15.1394,76.9214,25.56,75.1,2.18,5.0974
20241008,Ballari,15.1394,76.9214,25.58,79.5,1.93,5.2978
20241009,Ballari,15.1394,76.9214,25.9,82.13,2.33,4.6658
20241010,Ballari,15.1394,76.9214,25.95,81.21,2.65,4.3925
20241011,Ballari,15.1394,76.9214,25.83,82.32,2.74,3.8885
20241012,Ballari,15.1394,76.9214,25.64,82.71,2.23,5.034
20241013,Ballari,15.1394,76.9214,25.85,81.22,2.61,5.3393
20241014,Ballari,15.1394,76.9214,24.45,85.49,1.89,4.3044
20241015,Ballari,15.1394,76.9214,24.04,88.74,2.25,3.3374
20241016,Ballari,15.1394,76.9214,24.15,90.17,1.78,1.7839
20241017,Ballari,15.1394,76.9214,24.78,91.19,1.63,2.9172
20241018,Ballari,15.1394,76.9214,25.18,90.49,1.32,2.4502
20241019,Ballari,15.1394,76.9214,24.88,85.87,1.65,4.4033
20241020,Ballari,15.1394,76.9214,24.73,88.7,1.86,4.295
20241021,Ballari,15.1394,76.9214,25.19,86.63,1.81,4.949
20241022,Ballari,15.1394,76.9214,25.0,87.26,1.4,5.1878
20241023,Ballari,15.1394,76.9214,25.29,84.31,1.22,4.8907
20241024,Ballari,15.1394,76.9214,25.05,78.94,1.35,4.6963
20241025,Ballari,15.1394,76.9214,24.32,75.16,1.52,5.2349
20241026,Ballari,15.1394,76.9214,24.38,78.77,1.8,5.4816
20241027,Ballari,15.1394,76.9214,24.63,76.19,2.02,5.7468
20241028,Ballari,15.1394,76.9214,24.25,74.12,1.37,5.3474
20241029,Ballari,15.1394,76.9214,25.28,77.32,1.54,4.4311
20241030,Ballari,15.1394,76.9214,25.16,77.75,1.25,4.7155
20241031,Ballari,15.1394,76.9214,25.11,83.14,1.66,4.0318
20241101,Ballari,15.1394,76.9214,24.94,81.4,1.82,5.2709
20241102,Ballari,15.1394,76.9214,24.76,81.67,1.96,5.2241
20241103,Ballari,15.1394,76.9214,24.81,79.03,2.07,5.1341
20241104,Ballari,15.1394,76.9214,24.57,80.85,2.09,4.7849
20241105,Ballari,15.1394,76.9214,24.07,81.18,1.79,5.0707
20241106,Ballari,15.1394,76.9214,24.17,73.86,1.69,5.4948
20241107,Ballari,15.1394,76.9214,24.19,74.82,1.69,5.5606
20241108,Ballari,15.1394,76.9214,24.82,79.48,2.21,5.2375
20241109,Ballari,15.1394,76.9214,24.65,78.15,2.26,4.7851
20241110,Ballari,15.1394,76.9214,24.41,75.07,1.87,5.0213
20241111,Ballari,15.1394,76.9214,23.47,72.88,1.85,5.1192
20241112,Ballari,15.1394,76.9214,21.86,83.2,1.67,4.554
20241113,Ballari,15.1394,76.9214,25.41,78.24,2.99,3.4286
20241114,Ballari,15.1394,76.9214,24.86,83.42,2.84,3.5664
20241115,Ballari,15.1394,76.9214,25.07,84.17,2.6,3.4838
20241116,Ballari,15.1394,76.9214,25.4,80.11,2.63,4.5062
20241117,Ballari,15.1394,76.9214,24.59,76.09,2.33,4.4359
20241118,Ballari,15.1394,76.9214,23.36,77.04,2.31,4.429
20241119,Ballari,15.1394,76.9214,22.88,74.12,2.06,4.6999
20241120,Ballari,15.1394,76.9214,22.41,74.63,1.95,5.0407
20241121,Ballari,15.1394,76.9214,22.64,72.21,1.82,5.005
20241122,Ballari,15.1394,76.9214,22.11,74.59,1.89,4.4501
20241123,Ballari,15.1394,76.9214,22.49,71.15,1.71,4.5072
20241124,Ballari,15.1394,76.9214,22.62,74.94,1.51,4.5542
20241125,Ballari,15.1394,76.9214,22.48,73.82,2.42,4.2264
20241126,Ballari,15.1394,76.9214,22.9,74.59,2.38,4.7618
20241127,Ballari,15.1394,76.9214,23.16,74.54,2.43,4.0726
20241128,Ballari,15.1394,76.9214,22.34,67.29,2.36,5.2493
20241129,Ballari,15.1394,76.9214,23.15,68.39,3.01,4.3073
20241130,Ballari,15.1394,76.9214,24.37,76.67,3.24,3.1908
20241201,Ballari,15.1394,76.9214,24.47,80.03,3.2,3.151
20241202,Ballari,15.1394,76.9214,24.69,82.43,2.97,2.16
20241203,Ballari,15.1394,76.9214,24.78,83.27,4.3,2.8877
20241204,Ballari,15.1394,76.9214,25.35,79.86,2.93,4.7434
20241205,Ballari,15.1394,76.9214,25.69,77.64,2.54,3.2035
20241206,Ballari,15.1394,76.9214,26.15,75.0,1.63,4.3754
20241207,Ballari,15.1394,76.9214,25.54,77.0,1.16,4.207
20241208,Ballari,15.1394,76.9214,25.77,74.51,2.05,3.8585
20241209,Ballari,15.1394,76.9214,25.45,76.15,1.3,3.6674
20241210,Ballari,15.1394,76.9214,25.38,76.51,2.27,4.0344
20241211,Ballari,15.1394,76.9214,24.63,70.7,2.84,4.2026
20241212,Ballari,15.1394,76.9214,23.53,79.61,2.83,4.0759
20241213,Ballari,15.1394,76.9214,23.55,77.75,2.78,3.1008
20241214,Ballari,15.1394,76.9214,23.48,72.78,3.07,4.1438
20241215,Ballari,15.1394,76.9214,21.47,73.43,2.39,4.5389
20241216,Ballari,15.1394,76.9214,20.5,71.2,2.04,4.8403
20241217,Ballari,15.1394,76.9214,21.48,70.83,1.62,5.339
20241218,Ballari,15.1394,76.9214,23.02,75.08,2.13,4.6502
20241219,Ballari,15.1394,76.9214,24.37,77.19,1.88,4.6402
20241220,Ballari,15.1394,76.9214,25.64,74.71,1.71,3.6847
20241221,Ballari,15.1394,76.9214,25.57,76.67,0.88,3.4786
20241222,Ballari,15.1394,76.9214,25.25,70.51,2.05,3.858
20241223,Ballari,15.1394,76.9214,24.07,71.01,2.15,3.5422
20241224,Ballari,15.1394,76.9214,23.99,71.18,2.14,4.4083
20241225,Ballari,15.1394,76.9214,24.55,72.04,2.14,3.7992
20241226,Ballari,15.1394,76.9214,25.22,74.93,3.63,2.1881
20241227,Ballari,15.1394,76.9214,24.52,74.79,4.37,2.0563
20241228,Ballari,15.1394,76.9214,24.45,70.9,3.22,5.0246
20241229,Ballari,15.1394,76.9214,23.89,63.78,3.02,5.3323
20241230,Ballari,15.1394,76.9214,23.94,65.28,3.03,5.2822
20241231,Ballari,15.1394,76.9214,23.77,64.12,2.91,5.0892
20250101,Ballari,15.1394,76.9214,23.17,66.49,2.63,4.6877
20250102,Ballari,15.1394,76.9214,22.59,62.16,2.53,3.9194
20250103,Ballari,15.1394,76.9214,22.55,65.53,2.62,4.7902
20250104,Ballari,15.1394,76.9214,22.18,63.58,2.29,5.2147
20250105,Ballari,15.1394,76.9214,22.12,60.61,2.64,5.2426
20250106,Ballari,15.1394,76.9214,22.15,59.06,2.42,5.2243
20250107,Ballari,15.1394,76.9214,22.65,57.28,2.32,5.0906
20250108,Ballari,15.1394,76.9214,21.74,53.82,2.5,4.9786
20250109,Ballari,15.1394,76.9214,21.67,63.34,3.14,4.7388
20250110,Ballari,15.1394,76.9214,22.74,66.15,3.14,4.2158
20250111,Ballari,15.1394,76.9214,23.76,66.92,3.2,3.9108
20250112,Ballari,15.1394,76.9214,23.85,61.61,2.87,4.6056
20250113,Ballari,15.1394,76.9214,25.3,64.76,3.14,4.9594
20250114,Ballari,15.1394,76.9214,25.12,65.46,3.8,4.4474
20250115,Ballari,15.1394,76.9214,24.59,63.63,4.02,4.637
20250116,Ballari,15.1394,76.9214,24.3,65.34,3.53,4.6126
20250117,Ballari,15.1394,76.9214,23.93,65.02,3.62,4.5372
20250118,Ballari,15.1394,76.9214,23.47,61.28,3.64,3.6463
20250119,Ballari,15.1394,76.9214,24.51,59.88,2.69,5.2714
20250120,Ballari,15.1394,76.9214,24.24,54.81,2.37,5.4684
20250121,Ballari,15.1394,76.9214,23.46,56.77,2.19,5.7343
20250122,Ballari,15.1394,76.9214,24.07,50.67,2.8,5.7811
20250123,Ballari,15.1394,76.9214,25.12,56.44,3.36,5.7823
20250124,Ballari,15.1394,76.9214,24.09,53.85,3.1,5.6894
20250125,Ballari,15.1394,76.9214,23.53,48.63,2.9,6.1781
20250126,Ballari,15.1394,76.9214,24.16,40.21,3.06,5.9582
20250127,Ballari,15.1394,76.9214,24.03,47.35,2.42,5.6741
20250128,Ballari,15.1394,76.9214,24.52,48.14,2.41,5.3338
20250129,Ballari,15.1394,76.9214,24.14,50.31,3.27,5.7293
20250130,Ballari,15.1394,76.9214,23.48,41.39,2.05,5.971
20250131,Ballari,15.1394,76.9214,24.59,36.64,1.9,6.1121
20250201,Ballari,15.1394,76.9214,25.39,47.68,2.19,6.0497
20250202,Ballari,15.1394,76.9214,25.57,43.65,2.9,5.8723
20250203,Ballari,15.1394,76.9214,25.28,37.56,3.25,6.4006
20250204,Ballari,15.1394,76.9214,25.81,34.53,3.05,6.2935
20250205,Ballari,15.1394,76.9214,26.2,38.88,3.22,6.0173
20250206,Ballari,15.1394,76.9214,26.11,39.06,3.3,5.8596
20250207,Ballari,15.1394,76.9214,26.46,40.76,3.26,5.7065
20250208,Ballari,15.1394,76.9214,26.06,38.75,2.46,5.5073
20250209,Ballari,15.1394,76.9214,26.43,44.7,3.08,5.5375
20250210,Ballari,15.1394,76.9214,26.36,47.56,2.67,5.5282
20250211,Ballari,15.1394,76.9214,26.09,43.5,2.46,5.8267
20250212,Ballari,15.1394,76.9214,26.11,37.27,2.21,5.8956
20250213,Ballari,15.1394,76.9214,26.87,31.47,1.83,6.1126
20250214,Ballari,15.1394,76.9214,26.42,28.54,1.87,6.1111
20250215,Ballari,15.1394,76.9214,26.22,25.62,2.37,6.4718
20250216,Ballari,15.1394,76.9214,26.01,33.44,2.14,6.5311
20250217,Ballari,15.1394,76.9214,26.66,38.08,2.58,6.427
20250218,Ballari,15.1394,76.9214,27.55,36.2,2.28,6.3235
20250219,Ballari,15.1394,76.9214,28.16,33.5,1.84,6.012
20250220,Ballari,15.1394,76.9214,28.51,37.21,2.47,5.6844
20250221,Ballari,15.1394,76.9214,28.42,41.78,2.6,5.6976
20250222,Ballari,15.1394,76.9214,28.43,39.07,2.69,5.9338
20250223,Ballari,15.1394,76.9214,27.57,32.13,2.99,6.1927
20250224,Ballari,15.1394,76.9214,26.91,35.34,3.37,6.7848
20250225,Ballari,15.1394,76.9214,26.61,39.63,3.34,5.953
20250226,Ballari,15.1394,76.9214,27.13,44.67,3.81,6.2438
20250227,Ballari,15.1394,76.9214,27.07,44.54,3.2,6.1766
20250228,Ballari,15.1394,76.9214,27.54,43.18,3.32,6.018
20250301,Ballari,15.1394,76.9214,27.75,36.52,3.08,6.8038
20250302,Ballari,15.1394,76.9214,28.05,37.11,2.89,6.8381
20250303,Ballari,15.1394,76.9214,28.77,30.46,2.52,6.534
20250304,Ballari,15.1394,76.9214,29.38,26.31,2.65,5.5493
20250305,Ballari,15.1394,76.9214,28.93,25.57,2.1,5.9302
20250306,Ballari,15.1394,76.9214,27.71,14.19,2.28,7.2799
20250307,Ballari,15.1394,76.9214,26.8,8.96,2.12,7.2871
20250308,Ballari,15.1394,76.9214,27.57,19.57,1.84,7.007
20250309,Ballari,15.1394,76.9214,28.16,26.37,2.94,6.6782
20250310,Ballari,15.1394,76.9214,27.52,41.8,3.86,6.5614
20250311,Ballari,15.1394,76.9214,27.38,44.21,3.78,6.7159
20250312,Ballari,15.1394,76.9214,28.38,45.89,2.64,6.9482
20250313,Ballari,15.1394,76.9214,29.74,39.03,2.18,6.2326
20250314,Ballari,15.1394,76.9214,30.84,27.95,2.77,6.5386
20250315,Ballari,15.1394,76.9214,30.42,27.99,3.13,6.7555
20250316,Ballari,15.1394,76.9214,29.16,23.8,2.98,7.3279
20250317,Ballari,15.1394,76.9214,28.82,28.18,1.77,6.5141
20250318,Ballari,15.1394,76.9214,30.74,36.63,2.96,7.0464
20250319,Ballari,15.1394,76.9214,31.16,36.05,3.06,6.941
20250320,Ballari,15.1394,76.9214,31.58,37.91,2.72,6.9211
20250321,Ballari,15.1394,76.9214,32.04,34.14,1.26,6.6703
20250322,Ballari,15.1394,76.9214,32.81,33.1,1.93,6.4946
20250323,Ballari,15.1394,76.9214,32.31,35.88,2.47,6.1898
20250324,Ballari,15.1394,76.9214,31.14,40.29,2.85,5.6671
20250325,Ballari,15.1394,76.9214,30.94,32.17,2.5,6.1582
20250326,Ballari,15.1394,76.9214,31.06,27.13,2.12,6.408
20250327,Ballari,15.1394,76.9214,31.23,30.43,1.81,6.3307
20250328,Ballari,15.1394,76.9214,32.04,28.67,1.51,6.479
20250329,Ballari,15.1394,76.9214,31.29,24.54,2.54,6.0722
20250330,Ballari,15.1394,76.9214,31.14,24.23,2.66,6.0473
20250331,Ballari,15.1394,76.9214,31.49,27.83,3.26,5.7804
20250401,Ballari,15.1394,76.9214,30.57,31.78,3.01,6.4618
20250402,Ballari,15.1394,76.9214,29.81,41.76,2.02,6.5098
20250403,Ballari,15.1394,76.9214,28.36,58.02,1.22,4.6183
20250404,Ballari,15.1394,76.9214,28.37,61.66,1.65,6.5539
20250405,Ballari,15.1394,76.9214,28.92,55.34,1.76,6.2904
20250406,Ballari,15.1394,76.9214,29.79,54.71,1.78,6.1978
20250407,Ballari,15.1394,76.9214,30.08,47.13,2.02,6.8266
20250408,Ballari,15.1394,76.9214,30.05,46.02,2.61,6.8755
20250409,Ballari,15.1394,76.9214,30.06,44.63,1.72,6.7728
20250410,Ballari,15.1394,76.9214,30.78,45.89,2.7,6.3509
20250411,Ballari,15.1394,76.9214,30.56,46.78,2.82,6.5935
20250412,Ballari,15.1394,76.9214,31.08,47.35,2.76,6.7601
20250413,Ballari,15.1394,76.9214,31.59,33.72,2.23,7.2538
20250414,Ballari,15.1394,76.9214,31.28,38.39,1.84,7.0759
20250415,Ballari,15.1394,76.9214,31.78,37.74,1.57,6.5767
20250416,Ballari,15.1394,76.9214,31.05,47.14,2.23,6.4452
20250417,Ballari,15.1394,76.9214,31.58,48.72,2.01,6.7121
20250418,Ballari,15.1394,76.9214,32.16,48.03,1.71,6.1615
20250419,Ballari,15.1394,76.9214,32.06,50.23,2.75,6.3038
20250420,Ballari,15.1394,76.9214,33.18,45.8,1.62,5.767
20250421,Ballari,15.1394,76.9214,32.13,52.94,2.04,6.4709
20250422,Ballari,15.1394,76.9214,32.72,40.2,2.2,6.42
20250423,Ballari,15.1394,76.9214,32.27,34.27,1.87,6.803
20250424,Ballari,15.1394,76.9214,32.59,40.97,1.84,6.607
20250425,Ballari,15.1394,76.9214,33.35,33.71,1.9,6.5729
20250426,Ballari,15.1394,76.9214,33.09,39.93,1.51,6.2854
20250427,Ballari,15.1394,76.9214,31.74,48.88,1.85,5.4528
20250428,Ballari,15.1394,76.9214,30.27,58.0,2.13,6.9043
20250429,Ballari,15.1394,76.9214,31.12,50.16,1.65,6.7433
20250430,Ballari,15.1394,76.9214,31.69,48.1,1.69,6.6026
20250501,Ballari,15.1394,76.9214,31.73,53.31,1.67,7.0913
20250502,Ballari,15.1394,76.9214,31.87,49.26,2.04,6.7589
20250503,Ballari,15.1394,76.9214,29.97,58.7,2.2,6.6382
20250504,Ballari,15.1394,76.9214,30.41,49.87,3.11,7.5089
20250505,Ballari,15.1394,76.9214,30.06,46.38,2.48,7.645
20250506,Ballari,15.1394,76.9214,30.66,48.18,2.31,6.8424
20250507,Ballari,15.1394,76.9214,31.29,38.52,1.93,7.0483
20250508,Ballari,15.1394,76.9214,30.57,41.67,2.88,6.9806
20250509,Ballari,15.1394,76.9214,29.85,48.35,2.2,7.4604
20250510,Ballari,15.1394,76.9214,30.67,45.73,2.45,6.4322
20250511,Ballari,15.1394,76.9214,31.64,48.06,2.22,6.48
20250512,Ballari,15.1394,76.9214,32.06,46.83,2.74,6.2818
20250513,Ballari,15.1394,76.9214,29.98,60.42,2.92,4.549
20250514,Ballari,15.1394,76.9214,30.1,61.32,1.89,6.5232
20250515,Ballari,15.1394,76.9214,27.81,75.57,1.95,4.5514
20250516,Ballari,15.1394,76.9214,27.7,76.35,1.94,5.0448
20250517,Ballari,15.1394,76.9214,28.12,71.83,1.61,5.5188
20250518,Ballari,15.1394,76.9214,26.92,81.32,2.35,5.0369
20250519,Ballari,15.1394,76.9214,27.93,75.01,1.96,4.6723
20250520,Ballari,15.1394,76.9214,27.68,73.64,2.33,3.4908
20250521,Ballari,15.1394,76.9214,25.62,85.42,3.6,3.5342
20250522,Ballari,15.1394,76.9214,26.02,80.96,3.37,5.6297
20250523,Ballari,15.1394,76.9214,27.59,72.69,5.13,4.7525
20250524,Ballari,15.1394,76.9214,27.46,74.84,5.58,4.4729
20250525,Ballari,15.1394,76.9214,27.25,73.9,6.09,3.8102
20250526,Ballari,15.1394,76.9214,25.82,73.77,6.65,2.1204
20250527,Ballari,15.1394,76.9214,25.37,78.2,6.26,3.9864
20250528,Ballari,15.1394,76.9214,25.55,77.26,6.43,3.5434
20250529,Ballari,15.1394,76.9214,25.19,79.1,6.08,3.942
20250530,Ballari,15.1394,76.9214,27.01,73.65,5.24,4.2173
20250531,Ballari,15.1394,76.9214,26.97,63.23,5.63,6.2837
20250601,Ballari,15.1394,76.9214,26.87,68.22,4.98,5.5198
20250602,Ballari,15.1394,76.9214,27.24,68.32,5.04,5.3575
20250603,Ballari,15.1394,76.9214,27.32,70.28,4.52,5.2925
20250604,Ballari,15.1394,76.9214,27.32,67.98,4.09,6.3854
20250605,Ballari,15.1394,76.9214,27.4,65.0,3.36,6.0624
20250606,Ballari,15.1394,76.9214,28.07,67.12,3.52,5.9074
20250607,Ballari,15.1394,76.9214,27.74,72.79,3.77,6.0631
20250608,Ballari,15.1394,76.9214,26.97,75.33,3.97,5.635
20250609,Ballari,15.1394,76.9214,27.48,72.18,4.53,5.4262
20250610,Ballari,15.1394,76.9214,27.63,71.42,4.56,5.2656
20250611,Ballari,15.1394,76.9214,27.26,75.47,4.39,3.0953
20250612,Ballari,15.1394,76.9214,25.45,83.57,3.64,3.0814
20250613,Ballari,15.1394,76.9214,26.96,79.45,2.88,4.0975
20250614,Ballari,15.1394,76.9214,25.79,82.21,5.16,4.2485
20250615,Ballari,15.1394,76.9214,25.91,74.69,6.86,4.0469
20250616,Ballari,15.1394,76.9214,25.75,75.01,7.74,4.2977
20250617,Ballari,15.1394,76.9214,26.5,75.68,5.58,5.4518
20250618,Ballari,15.1394,76.9214,26.72,76.01,5.37,5.6753
20250619,Ballari,15.1394,76.9214,27.38,72.57,5.53,5.351
20250620,Ballari,15.1394,76.9214,27.02,74.05,5.25,4.937
20250621,Ballari,15.1394,76.9214,26.91,73.96,5.41,5.6287
20250622,Ballari,15.1394,76.9214,26.97,73.73,5.56,5.0957
20250623,Ballari,15.1394,76.9214,26.7,71.59,6.8,4.2007
20250624,Ballari,15.1394,76.9214,25.89,68.78,7.89,4.4518
20250625,Ballari,15.1394,76.9214,26.29,71.27,7.31,3.7692
20250626,Ballari,15.1394,76.9214,26.36,73.46,6.72,4.1227
20250627,Ballari,15.1394,76.9214,26.35,74.48,5.89,4.6118
20250628,Ballari,15.1394,76.9214,27.04,71.81,5.35,4.5727
20250629,Ballari,15.1394,76.9214,27.02,71.45,5.71,4.8718
20250630,Ballari,15.1394,76.9214,26.41,72.94,5.88,4.189
20250701,Ballari,15.1394,76.9214,26.59,72.56,5.73,3.7735
20250702,Ballari,15.1394,76.9214,26.31,73.66,5.81,3.8467
20250703,Ballari,15.1394,76.9214,26.47,69.78,6.63,4.6068
20250704,Ballari,15.1394,76.9214,26.17,71.89,7.08,4.0606
20250705,Ballari,15.1394,76.9214,26.04,73.73,6.87,4.8648
20250706,Ballari,15.1394,76.9214,26.45,73.45,6.94,3.5825
20250707,Ballari,15.1394,76.9214,26.66,72.04,6.96,4.4952
20250708,Ballari,15.1394,76.9214,26.74,71.91,6.54,4.2914
20250709,Ballari,15.1394,76.9214,27.06,70.63,5.96,3.9655
20250710,Ballari,15.1394,76.9214,27.36,69.82,4.87,5.3208
20250711,Ballari,15.1394,76.9214,27.32,70.4,4.74,5.1859
20250712,Ballari,15.1394,76.9214,27.25,70.35,4.94,4.6872
20250713,Ballari,15.1394,76.9214,27.39,69.11,5.33,5.0371
20250714,Ballari,15.1394,76.9214,26.91,72.1,5.74,5.0609
20250715,Ballari,15.1394,76.9214,27.03,70.89,5.85,4.3402
20250716,Ballari,15.1394,76.9214,27.33,72.72,4.28,3.7049
20250717,Ballari,15.1394,76.9214,25.59,77.34,4.51,4.7357
20250718,Ballari,15.1394,76.9214,25.42,79.48,3.98,3.5095
20250719,Ballari,15.1394,76.9214,25.62,75.91,4.34,4.3994
20250720,Ballari,15.1394,76.9214,26.32,75.29,4.33,5.1528
20250721,Ballari,15.1394,76.9214,25.19,81.0,4.25,3.971
20250722,Ballari,15.1394,76.9214,25.13,77.07,5.99,3.7937
20250723,Ballari,15.1394,76.9214,25.22,78.5,6.2,3.3271
20250724,Ballari,15.1394,76.9214,25.62,76.44,6.03,2.5838
20250725,Ballari,15.1394,76.9214,25.71,77.53,7.0,3.5321
20250726,Ballari,15.1394,76.9214,25.57,75.53,7.71,3.0782
20250727,Ballari,15.1394,76.9214,25.66,72.75,7.2,4.667
20250728,Ballari,15.1394,76.9214,25.64,72.01,7.12,4.6013
20250729,Ballari,15.1394,76.9214,25.99,71.34,7.28,3.9187
20250730,Ballari,15.1394,76.9214,26.11,73.03,6.51,4.1124
20250731,Ballari,15.1394,76.9214,26.75,71.89,5.26,3.6408
20250801,Ballari,15.1394,76.9214,27.09,70.45,4.41,4.4438
20250802,Ballari,15.1394,76.9214,27.29,69.59,4.0,5.5265
20250803,Ballari,15.1394,76.9214,26.98,73.83,2.67,4.8626
20250804,Ballari,15.1394,76.9214,26.29,80.15,2.34,4.6507
20250805,Ballari,15.1394,76.9214,25.95,85.53,2.08,4.7182
20250806,Ballari,15.1394,76.9214,26.32,82.07,2.12,5.7115
20250807,Ballari,15.1394,76.9214,26.87,79.91,0.93,4.0229
20250808,Ballari,15.1394,76.9214,25.41,85.33,1.58,3.6646
20250809,Ballari,15.1394,76.9214,25.42,80.87,1.2,4.0294
20250810,Ballari,15.1394,76.9214,24.37,85.93,2.81,4.4143
20250811,Ballari,15.1394,76.9214,24.6,81.31,3.98,4.7626
20250812,Ballari,15.1394,76.9214,23.92,79.84,4.38,3.9948
20250813,Ballari,15.1394,76.9214,23.86,82.52,3.97,2.7182
20250814,Ballari,15.1394,76.9214,24.33,82.96,4.02,3.2578
20250815,Ballari,15.1394,76.9214,25.13,80.71,4.92,3.6934
20250816,Ballari,15.1394,76.9214,24.6,82.16,5.04,3.894
20250817,Ballari,15.1394,76.9214,24.45,83.76,5.61,2.8272
20250818,Ballari,15.1394,76.9214,24.24,82.24,6.5,3.0295
20250819,Ballari,15.1394,76.9214,24.13,81.98,6.84,3.1958
20250820,Ballari,15.1394,76.9214,24.48,79.68,5.57,4.0466
20250821,Ballari,15.1394,76.9214,25.42,79.33,3.98,4.9282
20250822,Ballari,15.1394,76.9214,25.55,78.15,3.56,4.931
20250823,Ballari,15.1394,76.9214,24.88,80.54,3.9,5.0563
20250824,Ballari,15.1394,76.9214,25.4,76.52,4.22,5.5956
20250825,Ballari,15.1394,76.9214,25.19,76.05,4.23,5.9556
20250826,Ballari,15.1394,76.9214,24.91,80.77,4.27,4.9214
20250827,Ballari,15.1394,76.9214,24.34,84.16,4.33,3.017
20250828,Ballari,15.1394,76.9214,24.52,82.04,5.15,3.9907
20250829,Ballari,15.1394,76.9214,25.13,83.02,3.75,5.2147
20250830,Ballari,15.1394,76.9214,25.7,80.33,4.21,5.0779
20250831,Ballari,15.1394,76.9214,25.49,81.07,4.18,4.2122
20250901,Ballari,15.1394,76.9214,25.42,79.96,4.45,4.2146
20250902,Ballari,15.1394,76.9214,24.48,84.07,4.28,2.3642
20250903,Ballari,15.1394,76.9214,25.17,80.87,4.46,4.8216
20250904,Ballari,15.1394,76.9214,25.67,78.21,4.29,5.3095
20250905,Ballari,15.1394,76.9214,25.55,78.3,3.43,5.6323
20250906,Ballari,15.1394,76.9214,25.8,76.89,3.15,6.3643
20250907,Ballari,15.1394,76.9214,25.51,77.04,3.6,4.1254
20250908,Ballari,15.1394,76.9214,25.33,76.98,2.68,5.873
20250909,Ballari,15.1394,76.9214,26.74,75.08,1.72,6.2174
20250910,Ballari,15.1394,76.9214,26.09,78.85,2.74,5.5488
20250911,Ballari,15.1394,76.9214,24.39,85.61,2.48,2.4398
20250912,Ballari,15.1394,76.9214,23.84,86.93,2.5,3.078
20250913,Ballari,15.1394,76.9214,24.6,85.49,2.22,3.2148
20250914,Ballari,15.1394,76.9214,25.41,82.88,2.08,4.9394
20250915,Ballari,15.1394,76.9214,24.29,84.38,3.28,4.0682
20250916,Ballari,15.1394,76.9214,24.55,85.86,2.43,3.7999
20250917,Ballari,15.1394,76.9214,25.56,83.01,1.97,3.9499
20250918,Ballari,15.1394,76.9214,25.79,83.5,2.5,3.6132
20250919,Ballari,15.1394,76.9214,25.43,81.88,3.06,4.1316
20250920,Ballari,15.1394,76.9214,25.07,84.7,2.85,5.1737
20250921,Ballari,15.1394,76.9214,25.19,85.34,2.37,4.9704
20250922,Ballari,15.1394,76.9214,24.97,84.87,3.03,4.4206
20250923,Ballari,15.1394,76.9214,23.74,83.81,3.59,3.1145
20250924,Ballari,15.1394,76.9214,24.52,81.17,3.9,4.6577
20250925,Ballari,15.1394,76.9214,25.02,78.86,3.57,6.0353
20250926,Ballari,15.1394,76.9214,24.06,83.39,4.21,1.2326
20250927,Ballari,15.1394,76.9214,22.42,85.72,5.11,2.4886
20250928,Ballari,15.1394,76.9214,24.44,80.42,4.63,4.3118
20250929,Ballari,15.1394,76.9214,24.7,80.88,3.83,4.2029
20250930,Ballari,15.1394,76.9214,24.89,79.64,3.48,5.8025
20251001,Ballari,15.1394,76.9214,25.17,79.83,3.34,5.0858
20251002,Ballari,15.1394,76.9214,25.39,81.41,3.11,5.0266
20251003,Ballari,15.1394,76.9214,25.89,78.21,2.7,5.731
20251004,Ballari,15.1394,76.9214,25.84,77.13,2.43,6.1685
20251005,Ballari,15.1394,76.9214,25.78,78.11,2.42,5.6635
20251006,Ballari,15.1394,76.9214,25.02,76.32,2.69,4.9961
20251007,Ballari,15.1394,76.9214,24.92,77.7,2.22,6.09
20251008,Ballari,15.1394,76.9214,25.78,77.15,1.37,5.5267
20251009,Ballari,15.1394,76.9214,25.11,83.64,1.53,4.2242
20251010,Ballari,15.1394,76.9214,24.91,84.51,1.82,4.4717
20251011,Ballari,15.1394,76.9214,23.82,76.61,2.07,5.5918
20251012,Ballari,15.1394,76.9214,23.24,77.36,1.99,6.371
20251013,Ballari,15.1394,76.9214,24.0,85.88,2.41,5.2382
20251014,Ballari,15.1394,76.9214,25.05,81.46,2.14,4.4894
20251015,Ballari,15.1394,76.9214,25.28,81.95,2.91,4.9879
20251016,Ballari,15.1394,76.9214,24.89,84.26,3.23,5.1235
20251017,Ballari,15.1394,76.9214,24.32,84.4,3.48,5.0117
20251018,Ballari,15.1394,76.9214,24.24,85.51,2.25,5.3095
20251019,Ballari,15.1394,76.9214,24.34,86.05,2.87,4.5612
20251020,Ballari,15.1394,76.9214,24.59,83.29,2.59,3.847
20251021,Ballari,15.1394,76.9214,24.27,86.48,2.85,3.9377
20251022,Ballari,15.1394,76.9214,24.53,86.83,4.07,3.1092
20251023,Ballari,15.1394,76.9214,23.99,92.31,2.82,2.9866
20251024,Ballari,15.1394,76.9214,24.18,83.4,1.01,3.1562
20251025,Ballari,15.1394,76.9214,24.45,81.58,1.26,4.6426
20251026,Ballari,15.1394,76.9214,25.14,79.95,0.8,4.5084
20251027,Ballari,15.1394,76.9214,24.49,85.24,0.84,4.176
20251028,Ballari,15.1394,76.9214,23.86,85.97,2.32,2.2644
20251029,Ballari,15.1394,76.9214,23.69,84.37,3.78,3.6074
20251030,Ballari,15.1394,76.9214,23.71,80.04,3.16,5.5582
20251031,Ballari,15.1394,76.9214,24.33,81.54,2.53,4.8055
20251101,Ballari,15.1394,76.9214,24.8,77.15,1.76,5.2927
20251102,Ballari,15.1394,76.9214,24.15,85.44,2.17,4.194
20251103,Ballari,15.1394,76.9214,24.35,81.16,2.3,4.9332
20251104,Ballari,15.1394,76.9214,24.33,83.23,2.14,3.4493
20251105,Ballari,15.1394,76.9214,23.74,84.43,1.87,3.1714
20251106,Ballari,15.1394,76.9214,23.27,86.71,1.4,4.1868
20251107,Ballari,15.1394,76.9214,23.41,79.68,1.77,4.8506
20251108,Ballari,15.1394,76.9214,21.81,74.3,1.82,5.957
20251109,Ballari,15.1394,76.9214,19.47,69.39,1.8,5.7538
20251110,Ballari,15.1394,76.9214,20.71,67.86,1.19,5.3719
20251111,Ballari,15.1394,76.9214,21.67,77.22,1.32,5.3006
20251112,Ballari,15.1394,76.9214,21.75,74.98,1.79,5.5392
20251113,Ballari,15.1394,76.9214,21.62,76.76,1.93,5.6143
20251114,Ballari,15.1394,76.9214,19.38,72.21,1.89,5.4689
20251115,Ballari,15.1394,76.9214,19.45,75.89,2.22,5.5843
20251116,Ballari,15.1394,76.9214,19.87,77.29,2.22,5.5303
20251117,Ballari,15.1394,76.9214,19.4,73.85,2.04,5.6381
20251118,Ballari,15.1394,76.9214,20.72,74.85,2.13,5.5579
20251119,Ballari,15.1394,76.9214,22.34,80.69,2.38,4.6526
20251120,Ballari,15.1394,76.9214,21.27,71.74,2.17,5.5459
20251121,Ballari,15.1394,76.9214,22.55,82.65,2.43,5.1235
20251122,Ballari,15.1394,76.9214,23.85,82.98,3.01,3.9744
20251123,Ballari,15.1394,76.9214,23.78,82.28,2.72,4.4779
20251124,Ballari,15.1394,76.9214,24.31,79.07,2.98,4.2619
20251125,Ballari,15.1394,76.9214,22.27,79.23,2.85,5.0069
20251126,Ballari,15.1394,76.9214,21.5,75.09,2.9,3.8978
20251127,Ballari,15.1394,76.9214,21.76,76.71,3.01,4.7009
20251128,Ballari,15.1394,76.9214,21.19,74.79,2.16,4.4962
20251129,Ballari,15.1394,76.9214,21.06,77.44,2.13,4.2552
20251130,Ballari,15.1394,76.9214,22.49,79.04,2.56,3.779
20251201,Ballari,15.1394,76.9214,22.87,76.37,2.01,5.1487
20251202,Ballari,15.1394,76.9214,23.9,74.19,2.34,4.5026
20251203,Ballari,15.1394,76.9214,23.7,79.34,3.42,3.8038
20251204,Ballari,15.1394,76.9214,23.36,83.54,3.26,2.8716
20251205,Ballari,15.1394,76.9214,23.56,77.71,3.37,3.1682
20251206,Ballari,15.1394,76.9214,21.45,77.12,2.33,4.3284
20251207,Ballari,15.1394,76.9214,21.48,75.2,2.7,4.8055
20251208,Ballari,15.1394,76.9214,20.71,73.07,2.2,4.6896
20251209,Ballari,15.1394,76.9214,19.96,69.37,2.12,5.4506
20251210,Ballari,15.1394,76.9214,19.32,68.98,2.22,5.4466
20251211,Ballari,15.1394,76.9214,19.29,68.75,2.06,5.5102
20251212,Ballari,15.1394,76.9214,18.77,65.56,1.72,5.477
20251213,Ballari,15.1394,76.9214,18.7,65.32,2.05,5.381
20251214,Ballari,15.1394,76.9214,19.63,71.46,2.33,5.2135
20251215,Ballari,15.1394,76.9214,20.19,70.23,2.77,5.0736
20251216,Ballari,15.1394,76.9214,21.01,73.72,2.9,4.9699
20251217,Ballari,15.1394,76.9214,21.94,70.66,2.6,5.1643
20251218,Ballari,15.1394,76.9214,19.87,67.26,2.13,4.9714
20251219,Ballari,15.1394,76.9214,19.21,64.34,2.03,4.7647
20251220,Ballari,15.1394,76.9214,18.95,62.31,1.76,5.2788
20251221,Ballari,15.1394,76.9214,19.52,71.99,2.32,4.4748
20251222,Ballari,15.1394,76.9214,20.37,73.08,2.31,4.5031
20251223,Ballari,15.1394,76.9214,20.77,72.63,2.27,4.5305
20251224,Ballari,15.1394,76.9214,20.54,73.15,2.27,4.5948
20251225,Ballari,15.1394,76.9214,20.35,69.4,2.56,4.8626
20251226,Ballari,15.1394,76.9214,21.22,69.0,2.78,4.8254
20251227,Ballari,15.1394,76.9214,20.28,66.62,2.51,4.8103
20251228,Ballari,15.1394,76.9214,20.26,67.93,2.3,4.699
20251229,Ballari,15.1394,76.9214,21.02,68.89,2.17,4.727
20251230,Ballari,15.1394,76.9214,22.21,68.18,1.67,4.6337
20251231,Ballari,15.1394,76.9214,23.57,66.55,1.4,4.6128
