Date,District,Latitude,Longitude,Temperature,Humidity,WindSpeed,GHI
20200101,Belagavi,15.8497,74.4977,21.0,76.21,1.61,4.7741
20200102,Belagavi,15.8497,74.4977,21.34,74.96,1.21,4.7162
20200103,Belagavi,15.8497,74.4977,20.28,73.46,1.41,5.183
20200104,Belagavi,15.8497,74.4977,19.01,71.42,1.31,5.3479
20200105,Belagavi,15.8497,74.4977,19.72,68.26,1.68,5.0119
20200106,Belagavi,15.8497,74.4977,22.3,73.82,2.54,3.9895
20200107,Belagavi,15.8497,74.4977,23.37,76.6,2.05,4.5686
20200108,Belagavi,15.8497,74.4977,22.86,79.91,1.42,4.1374
20200109,Belagavi,15.8497,74.4977,22.09,76.04,1.45,4.7542
20200110,Belagavi,15.8497,74.4977,22.4,71.92,2.01,4.5413
20200111,Belagavi,15.8497,74.4977,22.77,68.72,2.32,4.4004
20200112,Belagavi,15.8497,74.4977,21.72,65.35,2.2,4.5019
20200113,Belagavi,15.8497,74.4977,21.6,70.41,1.19,5.2826
20200114,Belagavi,15.8497,74.4977,21.76,73.13,1.17,5.0954
20200115,Belagavi,15.8497,74.4977,21.38,73.05,1.77,5.376
20200116,Belagavi,15.8497,74.4977,20.28,72.74,1.64,5.1646
20200117,Belagavi,15.8497,74.4977,19.3,67.77,1.51,5.5963
20200118,Belagavi,15.8497,74.4977,20.45,67.43,1.7,5.4444
20200119,Belagavi,15.8497,74.4977,21.94,65.62,1.06,5.0376
20200120,Belagavi,15.8497,74.4977,23.32,64.45,1.56,5.0268
20200121,Belagavi,15.8497,74.4977,23.62,66.94,1.24,5.1098
20200122,Belagavi,15.8497,74.4977,22.57,53.61,2.48,5.718
20200123,Belagavi,15.8497,74.4977,22.39,52.71,2.67,5.7684
20200124,Belagavi,15.8497,74.4977,22.88,47.98,2.1,5.7888
20200125,Belagavi,15.8497,74.4977,23.61,49.44,1.24,5.6846
20200126,Belagavi,15.8497,74.4977,23.7,53.19,1.08,5.6597
20200127,Belagavi,15.8497,74.4977,23.61,62.93,1.84,5.5373
20200128,Belagavi,15.8497,74.4977,21.6,74.09,2.15,4.9294
20200129,Belagavi,15.8497,74.4977,21.62,68.05,1.67,6.0091
20200130,Belagavi,15.8497,74.4977,21.5,58.68,1.69,6.0641
20200131,Belagavi,15.8497,74.4977,20.97,56.7,1.8,5.9688
20200201,Belagavi,15.8497,74.4977,20.2,58.96,1.77,5.6962
20200202,Belagavi,15.8497,74.4977,21.64,63.09,1.73,5.129
20200203,Belagavi,15.8497,74.4977,23.22,62.08,1.72,5.25
20200204,Belagavi,15.8497,74.4977,23.26,66.13,1.62,5.7314
20200205,Belagavi,15.8497,74.4977,23.35,60.24,2.08,5.5711
20200206,Belagavi,15.8497,74.4977,22.13,63.69,2.15,5.8865
20200207,Belagavi,15.8497,74.4977,20.65,65.93,2.17,5.9386
20200208,Belagavi,15.8497,74.4977,19.86,59.63,1.73,5.8514
20200209,Belagavi,15.8497,74.4977,21.99,61.3,2.03,5.8138
20200210,Belagavi,15.8497,74.4977,23.74,63.14,2.06,5.184
20200211,Belagavi,15.8497,74.4977,24.62,54.11,2.42,5.256
20200212,Belagavi,15.8497,74.4977,25.28,50.72,2.54,5.6479
20200213,Belagavi,15.8497,74.4977,25.12,44.76,2.24,5.9093
20200214,Belagavi,15.8497,74.4977,25.14,40.89,1.3,6.0792
20200215,Belagavi,15.8497,74.4977,25.57,48.83,1.24,6.2052
20200216,Belagavi,15.8497,74.4977,25.33,41.86,1.48,6.3439
20200217,Belagavi,15.8497,74.4977,25.9,35.21,1.51,6.2616
20200218,Belagavi,15.8497,74.4977,25.74,35.06,2.1,6.2088
20200219,Belagavi,15.8497,74.4977,26.14,37.45,1.04,6.3823
20200220,Belagavi,15.8497,74.4977,25.89,47.37,1.67,6.138
20200221,Belagavi,15.8497,74.4977,25.86,40.86,1.17,6.5522
20200222,Belagavi,15.8497,74.4977,26.12,29.71,2.56,6.7546
20200223,Belagavi,15.8497,74.4977,26.34,33.39,2.05,6.6166
20200224,Belagavi,15.8497,74.4977,26.61,37.13,1.64,6.5335
20200225,Belagavi,15.8497,74.4977,26.54,37.7,1.41,6.0468
20200226,Belagavi,15.8497,74.4977,25.78,32.43,2.24,6.1682
20200227,Belagavi,15.8497,74.4977,26.13,28.56,2.08,5.2488
20200228,Belagavi,15.8497,74.4977,26.84,35.58,2.04,5.323
20200229,Belagavi,15.8497,74.4977,26.87,47.83,1.45,4.7314
20200301,Belagavi,15.8497,74.4977,27.12,50.17,1.67,5.2174
20200302,Belagavi,15.8497,74.4977,26.19,52.36,1.7,5.323
20200303,Belagavi,15.8497,74.4977,25.31,51.96,2.63,5.6014
20200304,Belagavi,15.8497,74.4977,23.65,59.28,2.75,6.6914
20200305,Belagavi,15.8497,74.4977,23.18,61.01,2.35,6.6242
20200306,Belagavi,15.8497,74.4977,22.78,62.03,2.61,6.7812
20200307,Belagavi,15.8497,74.4977,23.4,60.99,2.36,5.964
20200308,Belagavi,15.8497,74.4977,24.94,57.39,2.35,6.1205
20200309,Belagavi,15.8497,74.4977,25.03,58.12,2.23,6.2849
20200310,Belagavi,15.8497,74.4977,25.5,57.96,2.49,6.365
20200311,Belagavi,15.8497,74.4977,24.86,62.94,2.6,6.7267
20200312,Belagavi,15.8497,74.4977,24.14,60.85,2.4,7.0169
20200313,Belagavi,15.8497,74.4977,24.51,59.03,2.6,6.9343
20200314,Belagavi,15.8497,74.4977,25.93,40.16,2.16,6.8846
20200315,Belagavi,15.8497,74.4977,27.73,30.7,1.72,6.9974
20200316,Belagavi,15.8497,74.4977,28.57,36.7,2.34,6.6706
20200317,Belagavi,15.8497,74.4977,29.47,40.45,2.49,5.9794
20200318,Belagavi,15.8497,74.4977,29.19,43.19,2.01,6.0149
20200319,Belagavi,15.8497,74.4977,28.33,37.34,2.12,6.3984
20200320,Belagavi,15.8497,74.4977,26.72,38.73,2.8,7.1162
20200321,Belagavi,15.8497,74.4977,26.36,47.37,2.43,7.4683
20200322,Belagavi,15.8497,74.4977,27.09,47.9,2.08,7.3231
20200323,Belagavi,15.8497,74.4977,27.92,51.59,1.93,7.0908
20200324,Belagavi,15.8497,74.4977,28.6,52.18,1.62,6.3521
20200325,Belagavi,15.8497,74.4977,27.87,59.59,1.61,5.5649
20200326,Belagavi,15.8497,74.4977,28.8,56.07,1.65,6.7438
20200327,Belagavi,15.8497,74.4977,29.21,52.11,1.43,6.9029
20200328,Belagavi,15.8497,74.4977,29.21,46.36,1.71,7.2216
20200329,Belagavi,15.8497,74.4977,29.09,46.14,1.95,7.0116
20200330,Belagavi,15.8497,74.4977,29.64,44.89,1.17,6.6634
20200331,Belagavi,15.8497,74.4977,29.7,45.3,1.88,7.1054
20200401,Belagavi,15.8497,74.4977,29.88,43.58,1.8,7.0654
20200402,Belagavi,15.8497,74.4977,29.25,48.37,2.42,6.6154
20200403,Belagavi,15.8497,74.4977,29.56,50.07,2.38,6.5292
20200404,Belagavi,15.8497,74.4977,29.76,46.75,1.9,6.0079
20200405,Belagavi,15.8497,74.4977,28.55,49.5,2.05,5.5399
20200406,Belagavi,15.8497,74.4977,28.41,54.99,1.58,5.6657
20200407,Belagavi,15.8497,74.4977,27.85,53.15,1.77,6.6514
20200408,Belagavi,15.8497,74.4977,27.55,45.08,1.82,7.4429
20200409,Belagavi,15.8497,74.4977,27.66,48.31,1.6,7.47
20200410,Belagavi,15.8497,74.4977,27.98,52.25,1.66,6.3317
20200411,Belagavi,15.8497,74.4977,28.41,54.8,2.26,7.0428
20200412,Belagavi,15.8497,74.4977,29.83,47.79,1.41,6.6458
20200413,Belagavi,15.8497,74.4977,30.27,46.33,1.7,6.3838
20200414,Belagavi,15.8497,74.4977,29.94,44.14,1.85,6.7246
20200415,Belagavi,15.8497,74.4977,30.08,44.24,1.86,6.5369
20200416,Belagavi,15.8497,74.4977,29.25,57.51,1.49,6.0521
20200417,Belagavi,15.8497,74.4977,28.76,60.38,1.28,6.233
20200418,Belagavi,15.8497,74.4977,28.16,63.5,1.49,6.5138
20200419,Belagavi,15.8497,74.4977,29.09,60.16,1.73,6.7663
20200420,Belagavi,15.8497,74.4977,29.87,55.02,1.72,6.8386
20200421,Belagavi,15.8497,74.4977,28.95,60.42,1.21,6.4008
20200422,Belagavi,15.8497,74.4977,28.88,51.55,1.96,7.2823
20200423,Belagavi,15.8497,74.4977,28.96,58.03,2.78,7.0493
20200424,Belagavi,15.8497,74.4977,29.16,58.39,3.09,7.1189
20200425,Belagavi,15.8497,74.4977,28.97,54.97,2.99,6.9828
20200426,Belagavi,15.8497,74.4977,29.47,45.83,2.47,7.5948
20200427,Belagavi,15.8497,74.4977,29.15,52.34,2.78,7.6805
20200428,Belagavi,15.8497,74.4977,30.08,55.44,2.38,6.923
20200429,Belagavi,15.8497,74.4977,29.19,58.63,1.75,6.197
20200430,Belagavi,15.8497,74.4977,28.91,60.23,1.84,6.2412
20200501,Belagavi,15.8497,74.4977,29.15,60.17,2.42,5.7876
20200502,Belagavi,15.8497,74.4977,29.93,58.1,2.31,6.2652
20200503,Belagavi,15.8497,74.4977,30.75,54.76,2.59,6.1738
20200504,Belagavi,15.8497,74.4977,31.04,50.76,2.85,6.528
20200505,Belagavi,15.8497,74.4977,31.22,49.72,2.68,7.0447
20200506,Belagavi,15.8497,74.4977,31.36,51.41,2.79,7.0037
20200507,Belagavi,15.8497,74.4977,29.83,57.58,2.6,6.7951
20200508,Belagavi,15.8497,74.4977,29.99,53.62,2.05,6.5659
20200509,Belagavi,15.8497,74.4977,30.88,48.61,1.81,6.7056
20200510,Belagavi,15.8497,74.4977,29.49,51.92,1.86,5.5771
20200511,Belagavi,15.8497,74.4977,30.01,52.75,2.45,6.8657
20200512,Belagavi,15.8497,74.4977,31.43,46.09,1.72,6.2503
20200513,Belagavi,15.8497,74.4977,29.8,52.32,1.55,5.6407
20200514,Belagavi,15.8497,74.4977,30.64,54.75,1.66,6.4538
20200515,Belagavi,15.8497,74.4977,28.36,69.11,2.07,5.4504
20200516,Belagavi,15.8497,74.4977,28.82,63.69,1.81,4.3903
20200517,Belagavi,15.8497,74.4977,26.37,76.28,2.06,5.3748
20200518,Belagavi,15.8497,74.4977,27.04,69.57,3.56,5.664
20200519,Belagavi,15.8497,74.4977,27.41,69.27,3.82,6.0953
20200520,Belagavi,15.8497,74.4977,28.16,66.3,3.12,6.9677
20200521,Belagavi,15.8497,74.4977,28.22,65.14,3.3,6.4634
20200522,Belagavi,15.8497,74.4977,28.91,63.21,3.02,6.3854
20200523,Belagavi,15.8497,74.4977,29.73,59.51,3.21,7.0906
20200524,Belagavi,15.8497,74.4977,29.91,59.34,3.06,6.8417
20200525,Belagavi,15.8497,74.4977,29.94,62.34,3.02,6.7634
20200526,Belagavi,15.8497,74.4977,28.76,66.01,3.22,5.8891
20200527,Belagavi,15.8497,74.4977,28.81,61.47,3.4,5.904
20200528,Belagavi,15.8497,74.4977,29.16,61.31,4.11,6.8772
20200529,Belagavi,15.8497,74.4977,28.68,63.66,3.94,6.7051
20200530,Belagavi,15.8497,74.4977,28.79,62.21,2.44,5.5718
20200531,Belagavi,15.8497,74.4977,26.33,80.18,2.04,2.7199
20200601,Belagavi,15.8497,74.4977,25.05,82.62,1.79,2.2685
20200602,Belagavi,15.8497,74.4977,24.92,85.56,3.66,2.6261
20200603,Belagavi,15.8497,74.4977,24.61,85.24,5.92,1.4393
20200604,Belagavi,15.8497,74.4977,24.26,83.2,4.47,3.2038
20200605,Belagavi,15.8497,74.4977,24.4,82.27,3.36,4.6826
20200606,Belagavi,15.8497,74.4977,24.46,81.96,3.5,5.8414
20200607,Belagavi,15.8497,74.4977,24.92,82.85,3.19,5.087
20200608,Belagavi,15.8497,74.4977,24.58,83.13,3.53,5.5622
20200609,Belagavi,15.8497,74.4977,24.17,78.52,3.13,5.6246
20200610,Belagavi,15.8497,74.4977,24.81,81.99,3.46,5.2315
20200611,Belagavi,15.8497,74.4977,23.98,87.03,3.46,4.4748
20200612,Belagavi,15.8497,74.4977,23.63,88.13,4.12,2.963
20200613,Belagavi,15.8497,74.4977,23.2,88.81,4.59,3.6718
20200614,Belagavi,15.8497,74.4977,24.08,85.55,5.16,4.5883
20200615,Belagavi,15.8497,74.4977,25.09,86.38,4.88,4.027
20200616,Belagavi,15.8497,74.4977,24.73,92.67,4.67,1.7561
20200617,Belagavi,15.8497,74.4977,24.35,91.96,4.38,2.0654
20200618,Belagavi,15.8497,74.4977,24.22,91.37,4.2,2.3554
20200619,Belagavi,15.8497,74.4977,24.39,90.62,3.76,4.0303
20200620,Belagavi,15.8497,74.4977,24.39,88.63,3.3,4.8785
20200621,Belagavi,15.8497,74.4977,24.31,89.34,3.32,5.7533
20200622,Belagavi,15.8497,74.4977,24.12,90.22,3.71,4.5564
20200623,Belagavi,15.8497,74.4977,23.21,88.28,2.83,5.58
20200624,Belagavi,15.8497,74.4977,23.63,87.42,2.49,5.4571
20200625,Belagavi,15.8497,74.4977,24.47,86.68,2.04,6.2244
20200626,Belagavi,15.8497,74.4977,24.35,87.17,2.33,5.1698
20200627,Belagavi,15.8497,74.4977,24.46,88.89,2.46,5.1547
20200628,Belagavi,15.8497,74.4977,24.17,91.94,2.13,4.3687
20200629,Belagavi,15.8497,74.4977,24.43,92.27,3.1,4.8919
20200630,Belagavi,15.8497,74.4977,23.54,91.1,3.17,3.9182
20200701,Belagavi,15.8497,74.4977,23.8,89.38,3.95,4.7681
20200702,Belagavi,15.8497,74.4977,23.27,92.54,4.39,3.9103
20200703,Belagavi,15.8497,74.4977,23.42,90.89,5.26,3.4414
20200704,Belagavi,15.8497,74.4977,23.53,92.2,5.03,2.3892
20200705,Belagavi,15.8497,74.4977,23.37,91.66,5.13,3.3103
20200706,Belagavi,15.8497,74.4977,23.43,93.04,5.05,4.128
20200707,Belagavi,15.8497,74.4977,23.73,91.56,5.49,2.6299
20200708,Belagavi,15.8497,74.4977,23.17,92.1,4.21,2.8217
20200709,Belagavi,15.8497,74.4977,23.45,92.32,3.65,1.6992
20200710,Belagavi,15.8497,74.4977,23.3,92.57,3.92,3.8282
20200711,Belagavi,15.8497,74.4977,22.99,91.07,3.4,4.5888
20200712,Belagavi,15.8497,74.4977,22.69,91.14,3.14,4.1719
20200713,Belagavi,15.8497,74.4977,23.1,92.14,3.38,3.5297
20200714,Belagavi,15.8497,74.4977,23.14,94.64,3.49,3.3984
20200715,Belagavi,15.8497,74.4977,22.56,93.95,4.53,2.7938
20200716,Belagavi,15.8497,74.4977,22.51,93.71,4.5,1.7438
20200717,Belagavi,15.8497,74.4977,23.13,92.81,4.72,2.3328
20200718,Belagavi,15.8497,74.4977,23.42,92.8,3.65,3.1651
20200719,Belagavi,15.8497,74.4977,23.49,91.77,2.69,4.1009
20200720,Belagavi,15.8497,74.4977,23.83,91.03,2.38,4.615
20200721,Belagavi,15.8497,74.4977,23.64,88.75,1.19,5.1739
20200722,Belagavi,15.8497,74.4977,24.13,90.28,1.58,5.4072
20200723,Belagavi,15.8497,74.4977,24.21,89.65,1.17,3.7637
20200724,Belagavi,15.8497,74.4977,23.78,87.91,1.63,4.091
20200725,Belagavi,15.8497,74.4977,22.77,89.94,1.59,3.2693
20200726,Belagavi,15.8497,74.4977,22.86,91.24,3.27,4.4978
20200727,Belagavi,15.8497,74.4977,23.11,90.38,2.95,4.6212
20200728,Belagavi,15.8497,74.4977,23.2,92.05,2.52,4.979
20200729,Belagavi,15.8497,74.4977,23.63,92.34,2.71,4.3829
20200730,Belagavi,15.8497,74.4977,23.78,90.97,2.6,4.3344
20200731,Belagavi,15.8497,74.4977,23.58,91.41,2.8,3.7178
20200801,Belagavi,15.8497,74.4977,23.3,92.71,2.76,4.1582
20200802,Belagavi,15.8497,74.4977,23.23,91.67,5.24,4.0483
20200803,Belagavi,15.8497,74.4977,23.15,94.34,5.67,2.5946
20200804,Belagavi,15.8497,74.4977,23.0,95.27,6.74,2.0942
20200805,Belagavi,15.8497,74.4977,23.28,95.81,6.97,1.0601
20200806,Belagavi,15.8497,74.4977,23.97,93.98,6.61,2.8332
20200807,Belagavi,15.8497,74.4977,24.14,93.07,6.05,3.3062
20200808,Belagavi,15.8497,74.4977,23.62,92.88,4.96,3.072
20200809,Belagavi,15.8497,74.4977,23.43,93.33,4.69,3.9031
20200810,Belagavi,15.8497,74.4977,23.25,94.73,4.34,2.1358
20200811,Belagavi,15.8497,74.4977,23.38,92.69,4.62,3.3598
20200812,Belagavi,15.8497,74.4977,23.34,92.38,4.65,2.7158
20200813,Belagavi,15.8497,74.4977,22.85,95.0,4.47,2.6981
20200814,Belagavi,15.8497,74.4977,22.82,95.04,4.78,3.7915
20200815,Belagavi,15.8497,74.4977,22.94,95.82,4.94,1.6142
20200816,Belagavi,15.8497,74.4977,23.14,95.39,4.69,1.0114
20200817,Belagavi,15.8497,74.4977,22.99,95.67,4.4,2.6652
20200818,Belagavi,15.8497,74.4977,23.2,93.12,4.23,3.833
20200819,Belagavi,15.8497,74.4977,23.26,92.57,3.99,4.1141
20200820,Belagavi,15.8497,74.4977,22.71,94.28,4.68,3.3967
20200821,Belagavi,15.8497,74.4977,23.12,93.95,4.47,2.166
20200822,Belagavi,15.8497,74.4977,23.7,92.83,4.11,3.8618
20200823,Belagavi,15.8497,74.4977,23.64,92.23,3.61,4.0138
20200824,Belagavi,15.8497,74.4977,23.61,91.35,3.34,3.7152
20200825,Belagavi,15.8497,74.4977,23.31,91.45,2.85,4.1369
20200826,Belagavi,15.8497,74.4977,22.96,91.06,2.36,4.9742
20200827,Belagavi,15.8497,74.4977,22.79,91.04,3.1,3.8016
20200828,Belagavi,15.8497,74.4977,23.0,91.08,2.82,3.9326
20200829,Belagavi,15.8497,74.4977,23.0,93.64,2.88,3.503
20200830,Belagavi,15.8497,74.4977,23.16,93.64,2.68,3.4248
20200831,Belagavi,15.8497,74.4977,23.2,92.24,2.41,4.9034
20200901,Belagavi,15.8497,74.4977,23.35,91.5,2.23,5.725
20200902,Belagavi,15.8497,74.4977,22.36,94.38,2.04,4.2566
20200903,Belagavi,15.8497,74.4977,24.48,85.72,0.72,5.1302
20200904,Belagavi,15.8497,74.4977,24.74,89.85,1.77,5.1024
20200905,Belagavi,15.8497,74.4977,25.74,84.21,1.2,5.6988
20200906,Belagavi,15.8497,74.4977,24.83,84.22,1.72,5.6947
20200907,Belagavi,15.8497,74.4977,25.14,86.76,1.01,5.3254
20200908,Belagavi,15.8497,74.4977,23.99,91.6,1.25,4.4393
20200909,Belagavi,15.8497,74.4977,24.59,88.49,1.14,5.3998
20200910,Belagavi,15.8497,74.4977,24.18,90.78,1.82,4.961
20200911,Belagavi,15.8497,74.4977,23.25,94.37,2.91,3.6209
20200912,Belagavi,15.8497,74.4977,22.82,93.05,3.71,3.0106
20200913,Belagavi,15.8497,74.4977,22.32,91.75,3.32,2.9184
20200914,Belagavi,15.8497,74.4977,21.44,93.65,2.68,3.6379
20200915,Belagavi,15.8497,74.4977,22.33,93.02,2.46,4.291
20200916,Belagavi,15.8497,74.4977,22.67,93.24,2.52,4.0452
20200917,Belagavi,15.8497,74.4977,22.99,92.95,2.54,4.7426
20200918,Belagavi,15.8497,74.4977,23.1,92.71,2.76,3.2189
20200919,Belagavi,15.8497,74.4977,22.37,93.53,3.35,3.1049
20200920,Belagavi,15.8497,74.4977,22.41,95.04,2.87,3.5806
20200921,Belagavi,15.8497,74.4977,22.56,94.54,4.65,2.4571
20200922,Belagavi,15.8497,74.4977,21.8,94.37,4.79,2.5368
20200923,Belagavi,15.8497,74.4977,21.8,93.05,4.51,3.5623
20200924,Belagavi,15.8497,74.4977,23.03,94.42,3.41,3.7015
20200925,Belagavi,15.8497,74.4977,23.32,94.23,2.4,3.3576
20200926,Belagavi,15.8497,74.4977,22.48,94.49,2.39,2.1643
20200927,Belagavi,15.8497,74.4977,22.43,90.71,1.7,3.8868
20200928,Belagavi,15.8497,74.4977,22.88,89.85,1.56,5.4547
20200929,Belagavi,15.8497,74.4977,23.07,90.93,2.19,5.4948
20200930,Belagavi,15.8497,74.4977,22.89,90.27,2.22,5.4466
20201001,Belagavi,15.8497,74.4977,22.82,90.27,1.99,5.1571
20201002,Belagavi,15.8497,74.4977,23.23,90.44,1.74,4.5576
20201003,Belagavi,15.8497,74.4977,23.04,91.69,1.88,3.7884
20201004,Belagavi,15.8497,74.4977,21.65,90.45,2.83,4.1645
20201005,Belagavi,15.8497,74.4977,22.37,90.2,2.06,4.4136
20201006,Belagavi,15.8497,74.4977,23.53,91.23,1.5,5.0282
20201007,Belagavi,15.8497,74.4977,24.01,87.21,1.45,4.9066
20201008,Belagavi,15.8497,74.4977,23.38,79.84,1.26,5.405
20201009,Belagavi,15.8497,74.4977,24.16,88.62,1.23,4.7299
20201010,Belagavi,15.8497,74.4977,23.61,94.66,1.67,4.3673
20201011,Belagavi,15.8497,74.4977,22.56,94.97,1.84,2.862
20201012,Belagavi,15.8497,74.4977,22.15,95.03,1.45,2.6381
20201013,Belagavi,15.8497,74.4977,23.19,91.96,1.08,3.7068
20201014,Belagavi,15.8497,74.4977,23.01,96.9,3.3,2.0201
20201015,Belagavi,15.8497,74.4977,23.02,93.81,4.52,1.8036
20201016,Belagavi,15.8497,74.4977,22.41,92.01,2.88,3.3475
20201017,Belagavi,15.8497,74.4977,22.19,91.2,1.83,4.6217
20201018,Belagavi,15.8497,74.4977,22.31,89.18,1.15,5.3902
20201019,Belagavi,15.8497,74.4977,22.73,92.03,1.6,5.1158
20201020,Belagavi,15.8497,74.4977,23.42,92.18,1.14,3.504
20201021,Belagavi,15.8497,74.4977,23.67,90.86,0.91,3.2779
20201022,Belagavi,15.8497,74.4977,23.85,89.51,1.41,3.8222
20201023,Belagavi,15.8497,74.4977,23.58,90.49,1.44,4.6195
20201024,Belagavi,15.8497,74.4977,23.43,90.09,1.25,4.1834
20201025,Belagavi,15.8497,74.4977,23.46,90.03,1.19,4.5814
20201026,Belagavi,15.8497,74.4977,23.93,88.07,0.57,4.6781
20201027,Belagavi,15.8497,74.4977,22.73,87.03,1.91,3.8078
20201028,Belagavi,15.8497,74.4977,22.13,85.68,1.53,4.6519
20201029,Belagavi,15.8497,74.4977,21.76,78.96,1.67,4.381
20201030,Belagavi,15.8497,74.4977,22.14,79.92,1.35,4.8598
20201031,Belagavi,15.8497,74.4977,23.13,83.0,0.91,4.4448
20201101,Belagavi,15.8497,74.4977,23.08,80.19,1.07,4.589
20201102,Belagavi,15.8497,74.4977,21.99,79.77,1.73,5.4689
20201103,Belagavi,15.8497,74.4977,22.19,84.85,2.34,5.3038
20201104,Belagavi,15.8497,74.4977,21.35,81.85,2.32,5.0062
20201105,Belagavi,15.8497,74.4977,20.4,77.34,2.23,5.4593
20201106,Belagavi,15.8497,74.4977,20.37,77.54,2.17,5.135
20201107,Belagavi,15.8497,74.4977,22.34,88.25,2.5,4.5965
20201108,Belagavi,15.8497,74.4977,22.99,88.08,2.31,4.7928
20201109,Belagavi,15.8497,74.4977,21.03,82.46,2.04,5.5793
20201110,Belagavi,15.8497,74.4977,17.93,76.97,2.41,5.9796
20201111,Belagavi,15.8497,74.4977,18.01,80.5,2.56,6.0365
20201112,Belagavi,15.8497,74.4977,20.44,86.92,2.69,5.5925
20201113,Belagavi,15.8497,74.4977,22.97,88.23,2.78,3.8726
20201114,Belagavi,15.8497,74.4977,22.54,86.01,2.73,5.7787
20201115,Belagavi,15.8497,74.4977,21.82,84.84,2.78,5.7785
20201116,Belagavi,15.8497,74.4977,23.09,88.23,2.91,4.0349
20201117,Belagavi,15.8497,74.4977,23.47,87.76,2.93,4.0834
20201118,Belagavi,15.8497,74.4977,23.22,88.13,2.17,4.7983
20201119,Belagavi,15.8497,74.4977,23.05,87.75,2.16,5.3083
20201120,Belagavi,15.8497,74.4977,23.21,83.46,1.86,5.6004
20201121,Belagavi,15.8497,74.4977,22.53,79.81,1.23,5.7295
20201122,Belagavi,15.8497,74.4977,22.25,83.0,1.13,5.1624
20201123,Belagavi,15.8497,74.4977,21.98,86.81,1.82,4.331
20201124,Belagavi,15.8497,74.4977,21.25,82.71,1.89,4.577
20201125,Belagavi,15.8497,74.4977,21.05,82.32,2.46,5.2843
20201126,Belagavi,15.8497,74.4977,21.62,86.16,2.71,3.893
20201127,Belagavi,15.8497,74.4977,21.04,83.55,3.38,4.5226
20201128,Belagavi,15.8497,74.4977,20.98,87.59,3.46,2.6878
20201129,Belagavi,15.8497,74.4977,21.88,86.58,2.53,3.3036
20201130,Belagavi,15.8497,74.4977,22.53,85.55,2.3,4.8598
20201201,Belagavi,15.8497,74.4977,21.43,82.99,2.25,4.7501
20201202,Belagavi,15.8497,74.4977,20.12,79.44,2.15,5.5159
20201203,Belagavi,15.8497,74.4977,20.28,77.47,1.97,4.7719
20201204,Belagavi,15.8497,74.4977,20.25,79.86,2.17,5.1626
20201205,Belagavi,15.8497,74.4977,20.82,80.94,2.25,5.0832
20201206,Belagavi,15.8497,74.4977,20.23,78.78,2.7,5.5219
20201207,Belagavi,15.8497,74.4977,21.18,79.88,3.06,4.9642
20201208,Belagavi,15.8497,74.4977,22.15,81.48,3.01,3.4877
20201209,Belagavi,15.8497,74.4977,21.84,84.42,2.4,3.9058
20201210,Belagavi,15.8497,74.4977,21.83,77.63,1.63,4.4762
20201211,Belagavi,15.8497,74.4977,22.15,77.95,0.92,4.6123
20201212,Belagavi,15.8497,74.4977,21.79,72.34,1.16,5.1852
20201213,Belagavi,15.8497,74.4977,21.27,73.79,1.14,5.1991
20201214,Belagavi,15.8497,74.4977,22.09,76.11,0.74,5.0218
20201215,Belagavi,15.8497,74.4977,21.56,74.77,1.6,5.2502
20201216,Belagavi,15.8497,74.4977,20.77,73.67,2.36,5.1626
20201217,Belagavi,15.8497,74.4977,21.23,75.12,2.41,4.3442
20201218,Belagavi,15.8497,74.4977,21.4,74.47,2.5,4.5806
20201219,Belagavi,15.8497,74.4977,20.46,73.79,3.06,4.566
20201220,Belagavi,15.8497,74.4977,19.33,69.55,3.1,4.7506
20201221,Belagavi,15.8497,74.4977,18.64,67.19,2.69,5.2486
20201222,Belagavi,15.8497,74.4977,18.75,63.64,2.11,5.2159
20201223,Belagavi,15.8497,74.4977,19.67,62.83,1.73,5.2426
20201224,Belagavi,15.8497,74.4977,21.01,69.96,1.33,4.9766
20201225,Belagavi,15.8497,74.4977,21.28,69.62,2.17,4.9949
20201226,Belagavi,15.8497,74.4977,20.44,68.05,2.48,4.7486
20201227,Belagavi,15.8497,74.4977,20.84,66.7,1.66,5.0098
20201228,Belagavi,15.8497,74.4977,21.39,64.61,1.22,4.8506
20201229,Belagavi,15.8497,74.4977,20.89,65.1,1.24,4.901
20201230,Belagavi,15.8497,74.4977,21.53,65.59,1.96,4.879
20201231,Belagavi,15.8497,74.4977,22.64,72.93,2.79,4.5701
20210101,Belagavi,15.8497,74.4977,22.59,72.62,2.47,4.441
20210102,Belagavi,15.8497,74.4977,20.46,73.14,2.37,5.0088
20210103,Belagavi,15.8497,74.4977,21.94,71.98,1.98,4.2091
20210104,Belagavi,15.8497,74.4977,19.6,83.89,1.95,2.503
20210105,Belagavi,15.8497,74.4977,22.07,80.84,1.62,3.6463
20210106,Belagavi,15.8497,74.4977,22.92,82.79,1.4,3.606
20210107,Belagavi,15.8497,74.4977,22.77,83.93,1.16,3.7716
20210108,Belagavi,15.8497,74.4977,22.52,84.44,1.75,2.7869
20210109,Belagavi,15.8497,74.4977,23.5,79.0,1.39,3.2426
20210110,Belagavi,15.8497,74.4977,24.11,69.53,1.96,5.0851
20210111,Belagavi,15.8497,74.4977,24.28,69.07,1.86,5.0316
20210112,Belagavi,15.8497,74.4977,22.79,67.61,2.35,4.7239
20210113,Belagavi,15.8497,74.4977,23.5,66.3,2.57,5.0333
20210114,Belagavi,15.8497,74.4977,23.22,64.25,1.69,4.8646
20210115,Belagavi,15.8497,74.4977,23.54,66.6,1.38,4.3051
20210116,Belagavi,15.8497,74.4977,24.23,68.13,1.01,4.8598
20210117,Belagavi,15.8497,74.4977,25.09,68.15,0.89,5.0167
20210118,Belagavi,15.8497,74.4977,24.74,67.02,1.26,5.0604
20210119,Belagavi,15.8497,74.4977,24.03,67.56,0.99,5.1744
20210120,Belagavi,15.8497,74.4977,23.77,65.31,0.98,5.2882
20210121,Belagavi,15.8497,74.4977,23.43,66.95,1.01,5.3098
20210122,Belagavi,15.8497,74.4977,23.07,62.04,1.29,5.0861
20210123,Belagavi,15.8497,74.4977,23.81,62.54,0.64,5.2601
20210124,Belagavi,15.8497,74.4977,23.9,62.22,0.7,5.4398
20210125,Belagavi,15.8497,74.4977,23.48,53.18,1.37,5.5411
20210126,Belagavi,15.8497,74.4977,23.33,52.91,0.87,5.729
20210127,Belagavi,15.8497,74.4977,23.01,51.06,1.11,5.652
20210128,Belagavi,15.8497,74.4977,22.97,55.73,0.9,5.3808
20210129,Belagavi,15.8497,74.4977,22.81,57.31,1.62,5.2956
20210130,Belagavi,15.8497,74.4977,23.38,52.91,1.23,5.8315
20210131,Belagavi,15.8497,74.4977,24.06,49.63,1.03,5.5121
20210201,Belagavi,15.8497,74.4977,23.6,48.47,2.45,5.4826
20210202,Belagavi,15.8497,74.4977,23.85,49.31,2.64,5.5553
20210203,Belagavi,15.8497,74.4977,22.93,47.31,1.84,5.6251
20210204,Belagavi,15.8497,74.4977,22.64,48.87,1.85,5.9426
20210205,Belagavi,15.8497,74.4977,22.57,51.38,1.65,5.917
20210206,Belagavi,15.8497,74.4977,23.24,46.62,1.17,6.0586
20210207,Belagavi,15.8497,74.4977,22.93,39.41,2.8,6.0545
20210208,Belagavi,15.8497,74.4977,22.2,30.74,3.32,6.1589
20210209,Belagavi,15.8497,74.4977,22.66,33.98,2.44,5.9928
20210210,Belagavi,15.8497,74.4977,23.24,37.07,1.35,6.1618
20210211,Belagavi,15.8497,74.4977,23.84,37.33,1.29,6.2402
20210212,Belagavi,15.8497,74.4977,24.18,49.35,0.83,5.9446
20210213,Belagavi,15.8497,74.4977,23.85,49.98,1.66,6.1963
20210214,Belagavi,15.8497,74.4977,23.8,56.52,1.32,6.3122
20210215,Belagavi,15.8497,74.4977,23.86,60.51,1.62,6.1337
20210216,Belagavi,15.8497,74.4977,24.06,59.03,1.84,5.8457
20210217,Belagavi,15.8497,74.4977,24.39,62.87,2.08,5.2694
20210218,Belagavi,15.8497,74.4977,23.84,63.45,1.48,4.7573
20210219,Belagavi,15.8497,74.4977,23.59,53.12,2.9,4.8192
20210220,Belagavi,15.8497,74.4977,22.94,53.35,3.49,5.0993
20210221,Belagavi,15.8497,74.4977,23.35,56.11,3.26,4.123
20210222,Belagavi,15.8497,74.4977,24.19,59.59,1.78,4.4059
20210223,Belagavi,15.8497,74.4977,25.5,51.92,1.39,5.4446
20210224,Belagavi,15.8497,74.4977,26.64,52.03,1.52,6.3058
20210225,Belagavi,15.8497,74.4977,26.42,53.35,1.62,6.2803
20210226,Belagavi,15.8497,74.4977,26.13,51.39,1.87,5.9561
20210227,Belagavi,15.8497,74.4977,26.47,45.0,1.41,5.7365
20210228,Belagavi,15.8497,74.4977,26.9,42.72,1.79,6.0175
20210301,Belagavi,15.8497,74.4977,27.31,46.34,1.25,6.3679
20210302,Belagavi,15.8497,74.4977,27.43,49.5,1.09,5.2783
20210303,Belagavi,15.8497,74.4977,27.66,34.98,2.13,6.4356
20210304,Belagavi,15.8497,74.4977,26.9,28.58,2.26,6.9276
20210305,Belagavi,15.8497,74.4977,26.35,36.6,1.59,6.9379
20210306,Belagavi,15.8497,74.4977,26.74,56.0,1.51,6.918
20210307,Belagavi,15.8497,74.4977,27.23,46.97,0.96,6.6929
20210308,Belagavi,15.8497,74.4977,27.28,42.02,1.76,6.7118
20210309,Belagavi,15.8497,74.4977,27.4,39.0,1.7,6.523
20210310,Belagavi,15.8497,74.4977,27.02,42.89,1.34,6.7982
20210311,Belagavi,15.8497,74.4977,27.04,44.56,1.55,6.6583
20210312,Belagavi,15.8497,74.4977,27.22,48.93,1.37,5.9563
20210313,Belagavi,15.8497,74.4977,27.56,38.23,1.11,6.9526
20210314,Belagavi,15.8497,74.4977,27.34,28.79,1.26,7.1988
20210315,Belagavi,15.8497,74.4977,27.46,36.18,1.76,7.1794
20210316,Belagavi,15.8497,74.4977,28.17,44.13,1.12,6.6386
20210317,Belagavi,15.8497,74.4977,28.09,42.47,1.46,5.5092
20210318,Belagavi,15.8497,74.4977,28.08,43.65,1.84,5.585
20210319,Belagavi,15.8497,74.4977,29.11,39.7,1.77,5.6741
20210320,Belagavi,15.8497,74.4977,29.14,36.05,2.01,6.4246
20210321,Belagavi,15.8497,74.4977,28.35,45.14,1.83,6.3
20210322,Belagavi,15.8497,74.4977,28.86,41.13,2.06,5.983
20210323,Belagavi,15.8497,74.4977,29.73,38.07,2.02,6.6655
20210324,Belagavi,15.8497,74.4977,29.22,39.97,2.02,6.0938
20210325,Belagavi,15.8497,74.4977,29.22,41.23,1.43,5.6842
20210326,Belagavi,15.8497,74.4977,30.69,34.6,1.84,6.0547
20210327,Belagavi,15.8497,74.4977,30.76,35.49,1.77,6.0778
20210328,Belagavi,15.8497,74.4977,30.11,43.0,1.36,5.5411
20210329,Belagavi,15.8497,74.4977,29.23,50.15,1.91,6.1735
20210330,Belagavi,15.8497,74.4977,28.71,52.45,2.37,5.964
20210331,Belagavi,15.8497,74.4977,28.37,39.14,2.56,7.3985
20210401,Belagavi,15.8497,74.4977,27.78,52.41,2.82,7.6658
20210402,Belagavi,15.8497,74.4977,27.45,52.12,2.84,7.4875
20210403,Belagavi,15.8497,74.4977,26.52,57.4,2.73,7.2578
20210404,Belagavi,15.8497,74.4977,27.85,52.55,2.69,7.121
20210405,Belagavi,15.8497,74.4977,29.36,45.99,2.4,7.0476
20210406,Belagavi,15.8497,74.4977,29.95,43.04,2.11,6.0862
20210407,Belagavi,15.8497,74.4977,30.68,39.81,1.44,5.3964
20210408,Belagavi,15.8497,74.4977,29.48,47.21,2.07,5.9599
20210409,Belagavi,15.8497,74.4977,29.06,48.33,1.58,6.019
20210410,Belagavi,15.8497,74.4977,30.06,43.59,1.94,5.5999
20210411,Belagavi,15.8497,74.4977,28.65,56.32,1.37,5.5051
20210412,Belagavi,15.8497,74.4977,28.65,59.63,1.29,6.1728
20210413,Belagavi,15.8497,74.4977,28.89,54.18,1.49,4.9414
20210414,Belagavi,15.8497,74.4977,27.86,60.77,1.3,6.4258
20210415,Belagavi,15.8497,74.4977,27.59,60.62,1.7,6.4526
20210416,Belagavi,15.8497,74.4977,28.14,57.08,1.84,6.4486
20210417,Belagavi,15.8497,74.4977,28.97,50.55,1.53,6.6326
20210418,Belagavi,15.8497,74.4977,29.53,53.68,1.54,6.2376
20210419,Belagavi,15.8497,74.4977,28.65,57.81,2.81,6.7027
20210420,Belagavi,15.8497,74.4977,28.49,53.49,2.96,7.079
20210421,Belagavi,15.8497,74.4977,28.66,53.18,2.62,6.4594
20210422,Belagavi,15.8497,74.4977,28.71,49.59,2.02,6.3972
20210423,Belagavi,15.8497,74.4977,28.01,56.81,2.37,5.6827
20210424,Belagavi,15.8497,74.4977,29.15,49.86,1.69,6.7394
20210425,Belagavi,15.8497,74.4977,29.48,48.85,1.48,6.1733
20210426,Belagavi,15.8497,74.4977,29.02,55.62,1.94,5.9683
20210427,Belagavi,15.8497,74.4977,28.2,59.17,1.16,6.761
20210428,Belagavi,15.8497,74.4977,28.7,56.71,1.4,6.9862
20210429,Belagavi,15.8497,74.4977,28.77,56.4,1.61,6.7634
20210430,Belagavi,15.8497,74.4977,28.5,60.12,0.91,7.1246
20210501,Belagavi,15.8497,74.4977,28.94,59.74,1.37,6.4478
20210502,Belagavi,15.8497,74.4977,28.57,63.0,1.11,6.4392
20210503,Belagavi,15.8497,74.4977,28.49,64.25,1.62,6.4541
20210504,Belagavi,15.8497,74.4977,28.36,65.16,1.26,5.8915
20210505,Belagavi,15.8497,74.4977,28.65,65.13,1.23,6.0062
20210506,Belagavi,15.8497,74.4977,28.29,65.95,1.53,5.9366
20210507,Belagavi,15.8497,74.4977,27.63,71.59,1.06,3.9156
20210508,Belagavi,15.8497,74.4977,28.81,66.4,1.51,6.36
20210509,Belagavi,15.8497,74.4977,28.19,67.56,1.4,4.4724
20210510,Belagavi,15.8497,74.4977,28.54,65.23,1.59,6.1241
20210511,Belagavi,15.8497,74.4977,28.58,64.94,1.99,6.0629
20210512,Belagavi,15.8497,74.4977,26.47,70.59,1.73,5.6323
20210513,Belagavi,15.8497,74.4977,28.27,65.06,2.27,5.045
20210514,Belagavi,15.8497,74.4977,27.04,72.53,1.63,5.8757
20210515,Belagavi,15.8497,74.4977,26.48,75.05,5.23,3.787
20210516,Belagavi,15.8497,74.4977,24.81,86.22,6.88,0.8911
20210517,Belagavi,15.8497,74.4977,24.77,85.83,5.42,5.0078
20210518,Belagavi,15.8497,74.4977,24.97,89.16,3.78,4.362
20210519,Belagavi,15.8497,74.4977,24.89,87.49,3.32,4.6442
20210520,Belagavi,15.8497,74.4977,24.93,84.98,2.84,5.4166
20210521,Belagavi,15.8497,74.4977,24.98,85.94,2.45,5.6722
20210522,Belagavi,15.8497,74.4977,25.16,83.24,2.68,6.0014
20210523,Belagavi,15.8497,74.4977,24.77,82.53,2.84,6.3494
20210524,Belagavi,15.8497,74.4977,24.93,82.47,2.53,4.086
20210525,Belagavi,15.8497,74.4977,25.33,85.46,3.39,5.2505
20210526,Belagavi,15.8497,74.4977,25.25,83.31,3.78,6.1814
20210527,Belagavi,15.8497,74.4977,24.97,82.17,3.93,6.4536
20210528,Belagavi,15.8497,74.4977,25.34,83.09,3.12,5.7125
20210529,Belagavi,15.8497,74.4977,24.81,83.93,2.3,5.3297
20210530,Belagavi,15.8497,74.4977,24.88,84.25,2.83,6.0257
20210531,Belagavi,15.8497,74.4977,25.25,84.97,2.67,5.8066
20210601,Belagavi,15.8497,74.4977,25.56,82.94,2.39,5.0878
20210602,Belagavi,15.8497,74.4977,25.92,81.55,1.37,5.1446
20210603,Belagavi,15.8497,74.4977,25.62,86.79,1.99,5.6964
20210604,Belagavi,15.8497,74.4977,25.2,85.99,1.27,4.008
20210605,Belagavi,15.8497,74.4977,24.34,84.02,2.17,4.7076
20210606,Belagavi,15.8497,74.4977,24.0,83.68,2.45,4.7942
20210607,Belagavi,15.8497,74.4977,24.02,84.95,2.82,5.9834
20210608,Belagavi,15.8497,74.4977,24.55,85.49,3.17,4.1083
20210609,Belagavi,15.8497,74.4977,24.46,87.45,4.07,4.2826
20210610,Belagavi,15.8497,74.4977,23.97,87.16,3.88,4.7237
20210611,Belagavi,15.8497,74.4977,24.16,86.9,4.26,5.3957
20210612,Belagavi,15.8497,74.4977,23.47,89.81,5.07,3.9367
20210613,Belagavi,15.8497,74.4977,23.4,89.84,4.91,3.0182
20210614,Belagavi,15.8497,74.4977,22.43,88.62,3.77,3.1166
20210615,Belagavi,15.8497,74.4977,23.29,86.89,4.79,2.5428
20210616,Belagavi,15.8497,74.4977,23.85,94.09,5.01,2.0227
20210617,Belagavi,15.8497,74.4977,24.09,92.11,5.59,3.4711
20210618,Belagavi,15.8497,74.4977,24.22,91.19,5.94,3.4968
20210619,Belagavi,15.8497,74.4977,23.88,92.98,5.06,1.7813
20210620,Belagavi,15.8497,74.4977,23.59,93.47,3.95,4.7652
20210621,Belagavi,15.8497,74.4977,23.53,91.94,3.05,5.0177
20210622,Belagavi,15.8497,74.4977,23.62,91.12,3.23,5.4194
20210623,Belagavi,15.8497,74.4977,23.44,91.83,3.21,4.379
20210624,Belagavi,15.8497,74.4977,23.7,90.08,3.28,4.3476
20210625,Belagavi,15.8497,74.4977,23.48,89.91,3.35,4.4114
20210626,Belagavi,15.8497,74.4977,23.36,90.1,3.34,3.887
20210627,Belagavi,15.8497,74.4977,22.14,91.06,2.46,3.341
20210628,Belagavi,15.8497,74.4977,23.12,87.78,1.56,4.368
20210629,Belagavi,15.8497,74.4977,23.8,88.8,2.16,5.879
20210630,Belagavi,15.8497,74.4977,23.96,90.17,2.6,5.3854
20210701,Belagavi,15.8497,74.4977,23.77,91.53,2.81,3.2263
20210702,Belagavi,15.8497,74.4977,23.28,91.99,2.64,4.5804
20210703,Belagavi,15.8497,74.4977,23.51,92.25,2.68,4.7057
20210704,Belagavi,15.8497,74.4977,23.8,90.47,2.31,4.9658
20210705,Belagavi,15.8497,74.4977,23.38,90.32,2.33,4.1707
20210706,Belagavi,15.8497,74.4977,24.19,89.53,1.76,5.1802
20210707,Belagavi,15.8497,74.4977,23.72,92.02,2.24,5.2838
20210708,Belagavi,15.8497,74.4977,23.52,91.66,2.5,3.8834
20210709,Belagavi,15.8497,74.4977,22.61,90.53,2.59,3.3127
20210710,Belagavi,15.8497,74.4977,22.0,93.67,3.77,3.871
20210711,Belagavi,15.8497,74.4977,22.38,94.22,4.02,2.8327
20210712,Belagavi,15.8497,74.4977,22.61,92.93,4.8,2.9736
20210713,Belagavi,15.8497,74.4977,22.33,91.88,3.84,2.2927
20210714,Belagavi,15.8497,74.4977,23.24,93.61,5.08,2.1288
20210715,Belagavi,15.8497,74.4977,23.86,93.57,4.8,3.0154
20210716,Belagavi,15.8497,74.4977,23.47,93.87,4.57,2.94
20210717,Belagavi,15.8497,74.4977,23.81,92.73,4.24,3.348
20210718,Belagavi,15.8497,74.4977,23.42,95.78,5.07,2.3791
20210719,Belagavi,15.8497,74.4977,23.17,94.37,4.84,2.8078
20210720,Belagavi,15.8497,74.4977,23.1,95.0,5.05,2.6659
20210721,Belagavi,15.8497,74.4977,23.05,94.35,5.26,2.1384
20210722,Belagavi,15.8497,74.4977,22.65,95.85,6.24,0.9314
20210723,Belagavi,15.8497,74.4977,23.01,95.17,5.43,1.109
20210724,Belagavi,15.8497,74.4977,23.88,92.56,4.97,3.9218
20210725,Belagavi,15.8497,74.4977,23.67,94.55,5.12,4.319
20210726,Belagavi,15.8497,74.4977,23.52,91.96,5.32,4.6128
20210727,Belagavi,15.8497,74.4977,23.32,91.42,5.4,4.5492
20210728,Belagavi,15.8497,74.4977,23.19,90.9,5.46,4.6553
20210729,Belagavi,15.8497,74.4977,22.98,92.14,5.46,4.3486
20210730,Belagavi,15.8497,74.4977,23.33,91.14,5.37,3.4298
20210731,Belagavi,15.8497,74.4977,23.14,91.43,5.22,2.6352
20210801,Belagavi,15.8497,74.4977,22.9,89.8,5.1,4.1345
20210802,Belagavi,15.8497,74.4977,22.98,89.7,4.73,4.1347
20210803,Belagavi,15.8497,74.4977,23.42,90.84,4.87,4.0886
20210804,Belagavi,15.8497,74.4977,23.39,91.89,5.16,3.654
20210805,Belagavi,15.8497,74.4977,23.26,90.88,5.47,3.0353
20210806,Belagavi,15.8497,74.4977,23.42,90.74,4.77,3.8604
20210807,Belagavi,15.8497,74.4977,23.89,89.57,3.73,4.4333
20210808,Belagavi,15.8497,74.4977,23.99,89.75,2.89,4.6846
20210809,Belagavi,15.8497,74.4977,23.73,89.98,2.39,4.7146
20210810,Belagavi,15.8497,74.4977,23.61,89.49,2.64,4.7016
20210811,Belagavi,15.8497,74.4977,23.23,90.65,2.49,4.2686
20210812,Belagavi,15.8497,74.4977,23.36,90.14,3.09,3.1097
20210813,Belagavi,15.8497,74.4977,23.19,90.56,3.35,3.7574
20210814,Belagavi,15.8497,74.4977,23.28,89.7,3.79,5.1233
20210815,Belagavi,15.8497,74.4977,22.93,91.25,3.69,4.3651
20210816,Belagavi,15.8497,74.4977,23.27,90.79,2.88,3.1766
20210817,Belagavi,15.8497,74.4977,22.23,90.27,2.41,2.7458
20210818,Belagavi,15.8497,74.4977,22.03,88.94,3.04,3.5945
20210819,Belagavi,15.8497,74.4977,21.76,88.45,2.83,3.9962
20210820,Belagavi,15.8497,74.4977,21.27,90.85,2.75,4.0435
20210821,Belagavi,15.8497,74.4977,22.44,91.39,3.15,4.6702
20210822,Belagavi,15.8497,74.4977,22.64,87.62,1.65,5.3186
20210823,Belagavi,15.8497,74.4977,23.11,87.97,1.75,5.7862
20210824,Belagavi,15.8497,74.4977,23.22,88.98,1.96,5.388
20210825,Belagavi,15.8497,74.4977,23.59,89.15,1.97,5.0822
20210826,Belagavi,15.8497,74.4977,23.42,90.52,2.19,4.2288
20210827,Belagavi,15.8497,74.4977,23.61,89.59,2.3,3.3727
20210828,Belagavi,15.8497,74.4977,23.47,89.59,2.88,3.5455
20210829,Belagavi,15.8497,74.4977,22.82,87.68,2.95,4.8276
20210830,Belagavi,15.8497,74.4977,21.66,88.53,2.64,3.8129
20210831,Belagavi,15.8497,74.4977,21.82,90.6,2.47,4.2262
20210901,Belagavi,15.8497,74.4977,22.9,88.59,2.74,3.9994
20210902,Belagavi,15.8497,74.4977,23.02,90.01,2.74,4.6279
20210903,Belagavi,15.8497,74.4977,22.88,93.34,2.67,4.6298
20210904,Belagavi,15.8497,74.4977,23.09,91.85,2.79,3.4058
20210905,Belagavi,15.8497,74.4977,22.97,92.89,3.25,4.2182
20210906,Belagavi,15.8497,74.4977,22.46,91.48,3.95,3.3206
20210907,Belagavi,15.8497,74.4977,22.07,94.09,4.57,2.5373
20210908,Belagavi,15.8497,74.4977,23.31,90.87,5.39,3.1274
20210909,Belagavi,15.8497,74.4977,23.4,90.22,4.69,4.2475
20210910,Belagavi,15.8497,74.4977,23.41,90.42,4.49,4.1438
20210911,Belagavi,15.8497,74.4977,23.5,90.93,4.46,3.1939
20210912,Belagavi,15.8497,74.4977,23.49,92.27,4.89,3.2179
20210913,Belagavi,15.8497,74.4977,23.36,94.08,4.58,2.3945
20210914,Belagavi,15.8497,74.4977,23.68,91.29,4.37,3.4258
20210915,Belagavi,15.8497,74.4977,23.23,91.1,3.32,4.465
20210916,Belagavi,15.8497,74.4977,23.09,91.11,3.08,4.6416
20210917,Belagavi,15.8497,74.4977,22.92,90.25,2.43,5.004
20210918,Belagavi,15.8497,74.4977,22.71,89.26,2.01,4.8266
20210919,Belagavi,15.8497,74.4977,23.28,88.37,1.82,5.6215
20210920,Belagavi,15.8497,74.4977,23.44,90.41,2.15,4.657
20210921,Belagavi,15.8497,74.4977,23.32,91.61,2.69,3.6466
20210922,Belagavi,15.8497,74.4977,23.32,90.81,2.88,3.347
20210923,Belagavi,15.8497,74.4977,23.33,91.18,2.85,3.5306
20210924,Belagavi,15.8497,74.4977,23.12,91.3,2.01,4.4429
20210925,Belagavi,15.8497,74.4977,23.33,89.17,2.22,4.9219
20210926,Belagavi,15.8497,74.4977,23.27,89.12,2.1,4.9296
20210927,Belagavi,15.8497,74.4977,22.09,93.12,2.72,2.7818
20210928,Belagavi,15.8497,74.4977,20.87,91.61,3.5,3.0864
20210929,Belagavi,15.8497,74.4977,22.37,91.34,3.26,3.6684
20210930,Belagavi,15.8497,74.4977,23.7,89.86,1.98,4.7791
20211001,Belagavi,15.8497,74.4977,24.08,87.88,1.27,5.3683
20211002,Belagavi,15.8497,74.4977,24.17,90.75,1.37,5.1394
20211003,Belagavi,15.8497,74.4977,24.99,86.78,1.5,5.2025
20211004,Belagavi,15.8497,74.4977,25.1,88.3,1.1,5.3623
20211005,Belagavi,15.8497,74.4977,25.08,88.13,1.59,5.4043
20211006,Belagavi,15.8497,74.4977,24.24,90.87,1.43,3.8479
20211007,Belagavi,15.8497,74.4977,23.57,92.08,2.35,3.7421
20211008,Belagavi,15.8497,74.4977,23.46,90.94,1.82,4.7813
20211009,Belagavi,15.8497,74.4977,23.68,90.55,1.71,5.1682
20211010,Belagavi,15.8497,74.4977,23.6,90.21,1.48,4.0865
20211011,Belagavi,15.8497,74.4977,23.83,89.44,1.21,3.9713
20211012,Belagavi,15.8497,74.4977,23.97,87.89,0.75,4.789
20211013,Belagavi,15.8497,74.4977,24.19,82.11,0.87,5.0959
20211014,Belagavi,15.8497,74.4977,24.42,84.79,1.02,4.6896
20211015,Belagavi,15.8497,74.4977,23.85,84.46,1.46,4.6219
20211016,Belagavi,15.8497,74.4977,23.56,83.44,1.26,5.8051
20211017,Belagavi,15.8497,74.4977,22.8,89.09,1.82,5.165
20211018,Belagavi,15.8497,74.4977,22.87,89.2,2.17,5.2954
20211019,Belagavi,15.8497,74.4977,22.42,88.02,1.55,5.8586
20211020,Belagavi,15.8497,74.4977,23.38,85.78,0.94,5.3424
20211021,Belagavi,15.8497,74.4977,23.28,86.08,1.4,4.7383
20211022,Belagavi,15.8497,74.4977,23.42,81.8,1.13,5.2466
20211023,Belagavi,15.8497,74.4977,23.33,85.22,1.31,4.2881
20211024,Belagavi,15.8497,74.4977,22.51,89.19,1.17,3.6235
20211025,Belagavi,15.8497,74.4977,22.85,86.78,1.22,4.6138
20211026,Belagavi,15.8497,74.4977,22.62,78.84,1.72,5.4816
20211027,Belagavi,15.8497,74.4977,21.33,78.05,2.73,5.8534
20211028,Belagavi,15.8497,74.4977,20.92,76.44,2.36,5.8877
20211029,Belagavi,15.8497,74.4977,22.92,85.47,2.6,5.1096
20211030,Belagavi,15.8497,74.4977,24.24,84.09,2.44,3.5062
20211031,Belagavi,15.8497,74.4977,24.09,88.19,1.66,4.055
20211101,Belagavi,15.8497,74.4977,24.0,87.32,1.87,4.7237
20211102,Belagavi,15.8497,74.4977,22.96,87.02,2.55,4.7998
20211103,Belagavi,15.8497,74.4977,22.72,86.75,2.26,4.3003
20211104,Belagavi,15.8497,74.4977,23.06,88.48,1.65,4.3157
20211105,Belagavi,15.8497,74.4977,22.89,89.19,1.5,3.3415
20211106,Belagavi,15.8497,74.4977,22.88,87.21,1.7,4.3735
20211107,Belagavi,15.8497,74.4977,23.04,83.32,1.38,4.2751
20211108,Belagavi,15.8497,74.4977,21.85,76.96,1.43,4.4945
20211109,Belagavi,15.8497,74.4977,21.64,73.39,2.02,5.4348
20211110,Belagavi,15.8497,74.4977,21.07,72.71,1.9,4.9541
20211111,Belagavi,15.8497,74.4977,20.44,71.97,2.08,4.0157
20211112,Belagavi,15.8497,74.4977,21.78,81.3,1.86,2.9028
20211113,Belagavi,15.8497,74.4977,23.72,85.82,1.95,2.8097
20211114,Belagavi,15.8497,74.4977,23.15,88.2,1.47,3.2563
20211115,Belagavi,15.8497,74.4977,24.02,87.61,1.57,3.888
20211116,Belagavi,15.8497,74.4977,24.07,88.44,2.08,3.331
20211117,Belagavi,15.8497,74.4977,23.93,89.77,1.86,4.4791
20211118,Belagavi,15.8497,74.4977,23.46,85.81,1.54,4.0625
20211119,Belagavi,15.8497,74.4977,22.76,88.89,1.55,1.7482
20211120,Belagavi,15.8497,74.4977,23.55,89.36,1.67,2.119
20211121,Belagavi,15.8497,74.4977,22.97,92.46,2.45,3.133
20211122,Belagavi,15.8497,74.4977,23.81,84.6,0.67,3.1061
20211123,Belagavi,15.8497,74.4977,24.33,86.37,0.76,4.6195
20211124,Belagavi,15.8497,74.4977,24.24,87.02,1.2,2.2841
20211125,Belagavi,15.8497,74.4977,23.55,82.7,2.46,5.1686
20211126,Belagavi,15.8497,74.4977,21.96,81.55,2.15,4.2725
20211127,Belagavi,15.8497,74.4977,21.14,77.42,2.14,3.887
20211128,Belagavi,15.8497,74.4977,20.4,77.98,2.56,4.7767
20211129,Belagavi,15.8497,74.4977,21.73,84.09,3.12,2.9647
20211130,Belagavi,15.8497,74.4977,22.44,84.86,2.82,4.0349
20211201,Belagavi,15.8497,74.4977,21.62,90.12,2.11,3.7906
20211202,Belagavi,15.8497,74.4977,22.21,91.0,1.19,2.7274
20211203,Belagavi,15.8497,74.4977,22.01,90.97,1.11,3.7339
20211204,Belagavi,15.8497,74.4977,22.44,88.62,1.1,3.4634
20211205,Belagavi,15.8497,74.4977,21.41,86.63,1.13,4.5602
20211206,Belagavi,15.8497,74.4977,20.3,79.33,1.11,5.0273
20211207,Belagavi,15.8497,74.4977,20.76,77.26,1.28,5.0098
20211208,Belagavi,15.8497,74.4977,21.14,74.02,2.0,4.9858
20211209,Belagavi,15.8497,74.4977,21.52,78.25,1.72,4.3894
20211210,Belagavi,15.8497,74.4977,22.4,84.94,2.27,3.9178
20211211,Belagavi,15.8497,74.4977,22.48,81.59,2.46,5.0359
20211212,Belagavi,15.8497,74.4977,22.3,80.83,2.33,4.2454
20211213,Belagavi,15.8497,74.4977,21.97,80.52,1.81,4.357
20211214,Belagavi,15.8497,74.4977,21.43,83.78,1.6,4.2389
20211215,Belagavi,15.8497,74.4977,22.07,83.63,1.54,3.7104
20211216,Belagavi,15.8497,74.4977,21.68,81.23,1.37,4.0951
20211217,Belagavi,15.8497,74.4977,20.72,75.51,1.41,4.8355
20211218,Belagavi,15.8497,74.4977,19.6,70.87,2.26,5.1823
20211219,Belagavi,15.8497,74.4977,18.03,68.3,2.85,5.2838
20211220,Belagavi,15.8497,74.4977,18.18,71.01,2.56,4.8914
20211221,Belagavi,15.8497,74.4977,18.2,69.39,1.51,4.861
20211222,Belagavi,15.8497,74.4977,19.39,69.14,1.08,4.9253
20211223,Belagavi,15.8497,74.4977,20.03,73.74,0.86,4.9126
20211224,Belagavi,15.8497,74.4977,19.55,82.27,1.2,4.9656
20211225,Belagavi,15.8497,74.4977,20.03,80.97,0.92,4.8439
20211226,Belagavi,15.8497,74.4977,20.12,77.16,1.09,5.0338
20211227,Belagavi,15.8497,74.4977,20.56,73.34,1.22,4.6493
20211228,Belagavi,15.8497,74.4977,20.05,77.48,1.44,4.9435
20211229,Belagavi,15.8497,74.4977,20.7,76.03,1.12,4.811
20211230,Belagavi,15.8497,74.4977,20.13,72.91,1.97,5.1223
20211231,Belagavi,15.8497,74.4977,20.68,76.9,2.79,4.4292
20220101,Belagavi,15.8497,74.4977,21.95,77.32,2.05,4.3313
20220102,Belagavi,15.8497,74.4977,22.24,73.34,2.03,4.901
20220103,Belagavi,15.8497,74.4977,21.78,71.86,1.85,4.6968
20220104,Belagavi,15.8497,74.4977,21.82,67.54,1.97,5.0542
20220105,Belagavi,15.8497,74.4977,20.2,70.11,1.29,5.0904
20220106,Belagavi,15.8497,74.4977,19.91,71.7,1.26,5.3815
20220107,Belagavi,15.8497,74.4977,19.93,78.79,1.53,4.9862
20220108,Belagavi,15.8497,74.4977,20.21,76.22,1.39,5.0321
20220109,Belagavi,15.8497,74.4977,19.4,77.12,1.34,5.0796
20220110,Belagavi,15.8497,74.4977,19.62,78.32,1.44,5.1029
20220111,Belagavi,15.8497,74.4977,18.46,78.33,1.73,5.567
20220112,Belagavi,15.8497,74.4977,17.3,75.76,1.47,5.6566
20220113,Belagavi,15.8497,74.4977,17.08,79.69,1.66,4.5684
20220114,Belagavi,15.8497,74.4977,18.3,77.97,1.51,5.0458
20220115,Belagavi,15.8497,74.4977,19.27,75.31,1.24,5.3894
20220116,Belagavi,15.8497,74.4977,21.62,69.26,1.6,4.5593
20220117,Belagavi,15.8497,74.4977,22.69,69.26,1.77,4.3044
20220118,Belagavi,15.8497,74.4977,22.21,62.43,2.11,5.3978
20220119,Belagavi,15.8497,74.4977,21.35,56.9,1.7,5.5534
20220120,Belagavi,15.8497,74.4977,21.74,55.36,1.68,5.712
20220121,Belagavi,15.8497,74.4977,21.58,56.93,1.91,5.8272
20220122,Belagavi,15.8497,74.4977,20.37,75.35,1.96,5.5166
20220123,Belagavi,15.8497,74.4977,19.58,78.0,2.67,4.7666
20220124,Belagavi,15.8497,74.4977,17.74,72.19,1.63,4.2182
20220125,Belagavi,15.8497,74.4977,17.95,63.24,1.76,5.485
20220126,Belagavi,15.8497,74.4977,19.33,66.41,1.25,5.2409
20220127,Belagavi,15.8497,74.4977,20.66,58.91,1.92,4.7618
20220128,Belagavi,15.8497,74.4977,21.19,47.46,3.51,5.4998
20220129,Belagavi,15.8497,74.4977,21.07,42.59,2.81,6.053
20220130,Belagavi,15.8497,74.4977,21.61,46.29,1.69,5.8949
20220131,Belagavi,15.8497,74.4977,22.72,50.12,1.25,5.9335
20220201,Belagavi,15.8497,74.4977,22.53,48.44,1.45,5.9126
20220202,Belagavi,15.8497,74.4977,22.76,46.36,1.37,5.8906
20220203,Belagavi,15.8497,74.4977,21.46,61.68,2.21,5.9789
20220204,Belagavi,15.8497,74.4977,20.19,66.89,1.78,6.2102
20220205,Belagavi,15.8497,74.4977,21.24,65.47,1.64,6.403
20220206,Belagavi,15.8497,74.4977,21.94,63.06,2.29,5.7571
20220207,Belagavi,15.8497,74.4977,22.47,65.53,1.74,5.7775
20220208,Belagavi,15.8497,74.4977,22.27,66.29,1.97,5.8829
20220209,Belagavi,15.8497,74.4977,22.48,62.92,1.92,5.8457
20220210,Belagavi,15.8497,74.4977,23.2,53.77,1.41,5.407
20220211,Belagavi,15.8497,74.4977,24.98,45.09,2.38,5.7331
20220212,Belagavi,15.8497,74.4977,24.12,47.32,2.03,5.7806
20220213,Belagavi,15.8497,74.4977,23.47,42.54,1.45,5.9074
20220214,Belagavi,15.8497,74.4977,23.37,49.77,1.52,5.9244
20220215,Belagavi,15.8497,74.4977,22.59,53.11,1.95,5.1298
20220216,Belagavi,15.8497,74.4977,22.06,54.42,2.15,5.5567
20220217,Belagavi,15.8497,74.4977,22.62,52.4,1.84,5.341
20220218,Belagavi,15.8497,74.4977,23.57,49.53,1.3,5.2121
20220219,Belagavi,15.8497,74.4977,24.71,53.22,2.17,5.911
20220220,Belagavi,15.8497,74.4977,24.99,52.43,1.95,6.1481
20220221,Belagavi,15.8497,74.4977,24.93,50.28,1.79,6.3718
20220222,Belagavi,15.8497,74.4977,25.43,45.25,1.17,6.2448
20220223,Belagavi,15.8497,74.4977,26.14,50.0,1.86,6.067
20220224,Belagavi,15.8497,74.4977,25.93,51.35,1.26,6.3432
20220225,Belagavi,15.8497,74.4977,25.8,49.32,1.08,6.7082
20220226,Belagavi,15.8497,74.4977,25.02,34.19,1.59,6.9403
20220227,Belagavi,15.8497,74.4977,24.67,36.57,1.1,6.8566
20220228,Belagavi,15.8497,74.4977,25.37,33.06,1.31,6.877
20220301,Belagavi,15.8497,74.4977,25.99,37.4,0.88,6.9926
20220302,Belagavi,15.8497,74.4977,25.94,32.37,1.61,6.7802
20220303,Belagavi,15.8497,74.4977,26.27,28.43,1.44,7.0392
20220304,Belagavi,15.8497,74.4977,26.24,32.27,1.44,6.8338
20220305,Belagavi,15.8497,74.4977,27.0,31.4,1.54,6.4351
20220306,Belagavi,15.8497,74.4977,26.85,35.93,1.44,5.7101
20220307,Belagavi,15.8497,74.4977,27.1,36.78,2.28,6.5592
20220308,Belagavi,15.8497,74.4977,27.82,44.25,1.97,5.9914
20220309,Belagavi,15.8497,74.4977,28.26,49.94,1.67,5.7977
20220310,Belagavi,15.8497,74.4977,28.07,42.03,1.59,5.333
20220311,Belagavi,15.8497,74.4977,28.5,39.37,1.43,5.185
20220312,Belagavi,15.8497,74.4977,27.86,36.39,2.55,4.3579
20220313,Belagavi,15.8497,74.4977,29.03,34.19,1.54,5.6635
20220314,Belagavi,15.8497,74.4977,29.22,35.49,1.93,5.8459
20220315,Belagavi,15.8497,74.4977,28.16,33.11,2.08,7.0706
20220316,Belagavi,15.8497,74.4977,28.49,45.72,1.78,6.8383
20220317,Belagavi,15.8497,74.4977,28.7,53.77,1.89,6.3641
20220318,Belagavi,15.8497,74.4977,28.19,57.67,2.26,6.1783
20220319,Belagavi,15.8497,74.4977,27.04,62.86,2.67,5.0179
20220320,Belagavi,15.8497,74.4977,26.79,59.08,2.3,4.5233
20220321,Belagavi,15.8497,74.4977,26.87,57.47,2.0,5.8992
20220322,Belagavi,15.8497,74.4977,27.17,62.16,1.7,5.0297
20220323,Belagavi,15.8497,74.4977,27.34,64.02,1.64,5.119
20220324,Belagavi,15.8497,74.4977,26.92,66.63,1.98,3.9569
20220325,Belagavi,15.8497,74.4977,27.76,63.52,1.99,4.3865
20220326,Belagavi,15.8497,74.4977,28.16,59.42,1.96,5.382
20220327,Belagavi,15.8497,74.4977,28.75,55.25,1.59,5.0602
20220328,Belagavi,15.8497,74.4977,29.02,53.11,1.75,4.8439
20220329,Belagavi,15.8497,74.4977,29.22,56.35,2.07,6.4802
20220330,Belagavi,15.8497,74.4977,29.17,51.09,1.88,6.8287
20220331,Belagavi,15.8497,74.4977,29.08,51.27,2.05,7.0553
20220401,Belagavi,15.8497,74.4977,28.86,39.36,1.95,7.117
20220402,Belagavi,15.8497,74.4977,29.03,47.96,1.88,6.6336
20220403,Belagavi,15.8497,74.4977,29.73,48.77,1.79,6.3482
20220404,Belagavi,15.8497,74.4977,29.0,55.8,1.73,6.0871
20220405,Belagavi,15.8497,74.4977,29.46,54.88,1.56,5.8742
20220406,Belagavi,15.8497,74.4977,29.6,52.79,1.34,5.5786
20220407,Belagavi,15.8497,74.4977,29.75,51.45,1.19,5.9378
20220408,Belagavi,15.8497,74.4977,30.12,46.57,1.73,5.5985
20220409,Belagavi,15.8497,74.4977,28.61,56.02,1.56,5.2639
20220410,Belagavi,15.8497,74.4977,27.44,63.8,1.42,4.6817
20220411,Belagavi,15.8497,74.4977,27.95,60.04,1.27,6.209
20220412,Belagavi,15.8497,74.4977,27.96,55.25,1.31,4.9958
20220413,Belagavi,15.8497,74.4977,29.5,50.53,2.05,5.7713
20220414,Belagavi,15.8497,74.4977,27.51,63.52,1.94,4.1172
20220415,Belagavi,15.8497,74.4977,26.75,67.05,1.77,3.5162
20220416,Belagavi,15.8497,74.4977,27.5,63.46,1.61,5.6674
20220417,Belagavi,15.8497,74.4977,27.17,65.58,1.81,6.5489
20220418,Belagavi,15.8497,74.4977,27.8,59.89,1.88,6.1834
20220419,Belagavi,15.8497,74.4977,25.56,65.78,1.92,5.9892
20220420,Belagavi,15.8497,74.4977,28.63,55.33,1.37,6.8818
20220421,Belagavi,15.8497,74.4977,29.56,50.51,2.15,6.6223
20220422,Belagavi,15.8497,74.4977,29.67,54.03,1.06,6.3946
20220423,Belagavi,15.8497,74.4977,28.23,58.75,1.64,5.4214
20220424,Belagavi,15.8497,74.4977,25.93,70.78,1.39,6.1834
20220425,Belagavi,15.8497,74.4977,28.2,57.09,1.13,6.5429
20220426,Belagavi,15.8497,74.4977,28.1,64.02,1.17,6.6792
20220427,Belagavi,15.8497,74.4977,29.02,57.25,2.06,6.6341
20220428,Belagavi,15.8497,74.4977,28.12,66.37,1.05,6.5083
20220429,Belagavi,15.8497,74.4977,28.73,60.98,1.35,6.9024
20220430,Belagavi,15.8497,74.4977,28.28,59.85,2.02,6.4147
20220501,Belagavi,15.8497,74.4977,28.7,57.75,2.61,6.6151
20220502,Belagavi,15.8497,74.4977,28.08,60.72,2.92,7.2302
20220503,Belagavi,15.8497,74.4977,28.13,62.17,2.85,7.2631
20220504,Belagavi,15.8497,74.4977,29.23,59.74,2.13,5.8438
20220505,Belagavi,15.8497,74.4977,28.2,60.78,2.27,5.693
20220506,Belagavi,15.8497,74.4977,28.19,58.8,2.49,6.5801
20220507,Belagavi,15.8497,74.4977,28.89,59.54,3.01,6.8803
20220508,Belagavi,15.8497,74.4977,29.54,58.22,2.54,5.3081
20220509,Belagavi,15.8497,74.4977,29.25,60.41,3.84,5.2872
20220510,Belagavi,15.8497,74.4977,28.71,61.25,4.52,4.5413
20220511,Belagavi,15.8497,74.4977,27.14,70.38,4.0,2.7139
20220512,Belagavi,15.8497,74.4977,26.88,72.77,3.87,3.5117
20220513,Belagavi,15.8497,74.4977,26.11,76.47,3.46,4.0754
20220514,Belagavi,15.8497,74.4977,26.88,69.72,3.65,4.8984
20220515,Belagavi,15.8497,74.4977,27.59,68.35,3.53,5.8723
20220516,Belagavi,15.8497,74.4977,27.94,69.22,3.19,6.1418
20220517,Belagavi,15.8497,74.4977,27.41,70.7,2.1,3.731
20220518,Belagavi,15.8497,74.4977,25.71,79.11,2.18,1.74
20220519,Belagavi,15.8497,74.4977,25.16,84.25,2.73,1.656
20220520,Belagavi,15.8497,74.4977,24.39,84.08,2.8,1.2905
20220521,Belagavi,15.8497,74.4977,24.62,78.56,3.26,2.4557
20220522,Belagavi,15.8497,74.4977,25.65,80.1,3.69,5.7084
20220523,Belagavi,15.8497,74.4977,26.53,79.16,3.35,6.4243
20220524,Belagavi,15.8497,74.4977,26.7,78.27,3.06,6.4286
20220525,Belagavi,15.8497,74.4977,27.49,69.83,2.84,6.7716
20220526,Belagavi,15.8497,74.4977,26.56,70.31,3.43,7.1302
20220527,Belagavi,15.8497,74.4977,26.44,70.13,3.46,7.1779
20220528,Belagavi,15.8497,74.4977,26.14,70.78,3.23,7.1165
20220529,Belagavi,15.8497,74.4977,26.53,70.52,3.26,7.1669
20220530,Belagavi,15.8497,74.4977,27.04,68.18,3.19,6.9422
20220531,Belagavi,15.8497,74.4977,27.0,69.5,3.28,6.4253
20220601,Belagavi,15.8497,74.4977,26.36,72.67,2.21,4.909
20220602,Belagavi,15.8497,74.4977,25.82,78.27,2.51,5.5061
20220603,Belagavi,15.8497,74.4977,26.17,75.94,2.98,6.1234
20220604,Belagavi,15.8497,74.4977,26.92,69.42,2.36,6.7654
20220605,Belagavi,15.8497,74.4977,25.82,78.32,2.41,5.681
20220606,Belagavi,15.8497,74.4977,24.84,80.77,2.11,3.5369
20220607,Belagavi,15.8497,74.4977,25.48,77.57,2.49,4.8703
20220608,Belagavi,15.8497,74.4977,24.6,83.17,2.69,5.329
20220609,Belagavi,15.8497,74.4977,25.01,83.92,2.56,5.6285
20220610,Belagavi,15.8497,74.4977,24.75,85.69,3.49,4.0034
20220611,Belagavi,15.8497,74.4977,24.48,80.62,3.65,3.9259
20220612,Belagavi,15.8497,74.4977,23.97,82.56,3.15,3.8138
20220613,Belagavi,15.8497,74.4977,24.59,82.08,2.95,5.0986
20220614,Belagavi,15.8497,74.4977,24.49,77.18,2.75,5.3693
20220615,Belagavi,15.8497,74.4977,24.36,83.08,2.52,4.9867
20220616,Belagavi,15.8497,74.4977,24.71,82.61,3.0,4.5878
20220617,Belagavi,15.8497,74.4977,24.63,80.59,2.48,5.1542
20220618,Belagavi,15.8497,74.4977,24.1,78.92,2.83,4.9783
20220619,Belagavi,15.8497,74.4977,23.7,83.33,3.44,5.0146
20220620,Belagavi,15.8497,74.4977,24.11,85.8,4.2,3.9982
20220621,Belagavi,15.8497,74.4977,23.79,88.87,3.85,2.8454
20220622,Belagavi,15.8497,74.4977,23.84,89.6,2.92,3.4186
20220623,Belagavi,15.8497,74.4977,23.41,87.01,2.63,3.8714
20220624,Belagavi,15.8497,74.4977,23.29,86.15,3.68,3.2402
20220625,Belagavi,15.8497,74.4977,23.58,89.08,4.91,3.5174
20220626,Belagavi,15.8497,74.4977,23.64,88.95,4.81,3.4327
20220627,Belagavi,15.8497,74.4977,24.21,88.27,4.59,4.2166
20220628,Belagavi,15.8497,74.4977,24.22,88.9,3.57,4.764
20220629,Belagavi,15.8497,74.4977,24.19,89.92,3.92,3.7781
20220630,Belagavi,15.8497,74.4977,23.83,91.55,3.72,3.1351
20220701,Belagavi,15.8497,74.4977,24.25,89.41,4.1,3.2028
20220702,Belagavi,15.8497,74.4977,24.2,88.35,4.36,4.1976
20220703,Belagavi,15.8497,74.4977,24.17,88.1,4.76,4.2576
20220704,Belagavi,15.8497,74.4977,23.47,93.37,4.87,1.6044
20220705,Belagavi,15.8497,74.4977,23.27,92.89,5.31,1.7297
20220706,Belagavi,15.8497,74.4977,23.58,91.03,4.93,3.1829
20220707,Belagavi,15.8497,74.4977,23.4,91.76,5.07,2.4506
20220708,Belagavi,15.8497,74.4977,22.94,93.33,5.29,2.0093
20220709,Belagavi,15.8497,74.4977,22.87,94.41,5.15,1.801
20220710,Belagavi,15.8497,74.4977,22.67,93.19,5.2,2.2169
20220711,Belagavi,15.8497,74.4977,22.74,93.62,5.33,1.7676
20220712,Belagavi,15.8497,74.4977,22.56,94.2,5.46,2.4242
20220713,Belagavi,15.8497,74.4977,22.18,94.74,6.36,1.578
20220714,Belagavi,15.8497,74.4977,22.2,94.4,6.75,2.7288
20220715,Belagavi,15.8497,74.4977,22.6,93.49,6.45,3.4495
20220716,Belagavi,15.8497,74.4977,23.37,92.59,6.02,2.0033
20220717,Belagavi,15.8497,74.4977,23.12,93.3,4.76,3.5866
20220718,Belagavi,15.8497,74.4977,22.68,92.24,4.53,3.2009
20220719,Belagavi,15.8497,74.4977,23.09,91.96,3.97,4.0342
20220720,Belagavi,15.8497,74.4977,23.2,90.5,3.57,4.1434
20220721,Belagavi,15.8497,74.4977,22.76,91.81,3.1,4.7854
20220722,Belagavi,15.8497,74.4977,23.11,90.74,3.27,3.5803
20220723,Belagavi,15.8497,74.4977,22.4,92.83,3.75,3.7514
20220724,Belagavi,15.8497,74.4977,22.96,90.65,4.11,3.2894
20220725,Belagavi,15.8497,74.4977,23.23,89.05,3.53,4.3445
20220726,Belagavi,15.8497,74.4977,23.23,88.49,2.9,3.9449
20220727,Belagavi,15.8497,74.4977,22.9,90.53,1.36,4.7035
20220728,Belagavi,15.8497,74.4977,24.41,89.31,1.28,4.0428
20220729,Belagavi,15.8497,74.4977,25.18,85.38,1.25,5.5147
20220730,Belagavi,15.8497,74.4977,24.64,89.21,1.99,4.7126
20220731,Belagavi,15.8497,74.4977,23.69,91.54,2.28,5.4751
20220801,Belagavi,15.8497,74.4977,23.63,91.04,3.16,3.8611
20220802,Belagavi,15.8497,74.4977,23.73,90.84,3.05,2.3201
20220803,Belagavi,15.8497,74.4977,23.68,92.49,2.5,3.1085
20220804,Belagavi,15.8497,74.4977,23.24,93.67,2.78,4.2295
20220805,Belagavi,15.8497,74.4977,23.05,94.02,3.61,3.3662
20220806,Belagavi,15.8497,74.4977,23.23,92.69,5.36,2.6146
20220807,Belagavi,15.8497,74.4977,22.64,95.18,4.87,2.399
20220808,Belagavi,15.8497,74.4977,22.39,95.89,5.55,2.1881
20220809,Belagavi,15.8497,74.4977,22.25,94.3,6.58,2.5675
20220810,Belagavi,15.8497,74.4977,22.25,93.57,6.79,3.36
20220811,Belagavi,15.8497,74.4977,22.73,92.7,6.61,3.4162
20220812,Belagavi,15.8497,74.4977,22.74,91.8,6.2,3.4956
20220813,Belagavi,15.8497,74.4977,22.39,91.4,4.81,3.3785
20220814,Belagavi,15.8497,74.4977,21.79,93.37,4.14,3.6305
20220815,Belagavi,15.8497,74.4977,22.03,92.64,3.69,3.8909
20220816,Belagavi,15.8497,74.4977,22.56,91.44,3.86,3.5292
20220817,Belagavi,15.8497,74.4977,22.81,91.08,3.67,3.8482
20220818,Belagavi,15.8497,74.4977,22.55,90.48,3.84,3.8604
20220819,Belagavi,15.8497,74.4977,22.06,91.26,4.1,4.0013
20220820,Belagavi,15.8497,74.4977,22.91,90.54,4.13,3.7222
20220821,Belagavi,15.8497,74.4977,23.06,90.57,4.14,3.9029
20220822,Belagavi,15.8497,74.4977,23.14,90.49,4.73,3.8791
20220823,Belagavi,15.8497,74.4977,23.14,90.63,4.22,3.7865
20220824,Belagavi,15.8497,74.4977,22.82,90.54,3.7,3.8993
20220825,Belagavi,15.8497,74.4977,22.92,90.24,2.86,4.7902
20220826,Belagavi,15.8497,74.4977,23.0,89.99,2.37,5.0616
20220827,Belagavi,15.8497,74.4977,22.57,90.15,2.24,3.8806
20220828,Belagavi,15.8497,74.4977,23.15,88.18,2.43,5.0122
20220829,Belagavi,15.8497,74.4977,23.3,88.82,2.23,4.6903
20220830,Belagavi,15.8497,74.4977,23.92,89.81,1.45,2.6616
20220831,Belagavi,15.8497,74.4977,24.67,88.22,0.89,4.9718
20220901,Belagavi,15.8497,74.4977,24.46,88.05,1.31,4.8214
20220902,Belagavi,15.8497,74.4977,24.66,88.8,1.9,4.867
20220903,Belagavi,15.8497,74.4977,24.59,87.66,1.46,5.0102
20220904,Belagavi,15.8497,74.4977,24.21,90.11,1.76,4.6838
20220905,Belagavi,15.8497,74.4977,23.71,91.93,1.71,3.919
20220906,Belagavi,15.8497,74.4977,24.07,88.95,1.53,4.351
20220907,Belagavi,15.8497,74.4977,23.78,91.22,1.9,4.4014
20220908,Belagavi,15.8497,74.4977,23.0,92.71,2.27,4.2588
20220909,Belagavi,15.8497,74.4977,23.13,92.89,2.25,3.5287
20220910,Belagavi,15.8497,74.4977,22.92,93.06,3.45,3.0257
20220911,Belagavi,15.8497,74.4977,22.8,95.5,4.67,2.1125
20220912,Belagavi,15.8497,74.4977,22.75,96.21,4.66,1.8012
20220913,Belagavi,15.8497,74.4977,22.61,93.34,4.26,3.6742
20220914,Belagavi,15.8497,74.4977,22.92,92.19,3.96,3.8131
20220915,Belagavi,15.8497,74.4977,22.92,92.5,4.29,3.5162
20220916,Belagavi,15.8497,74.4977,23.04,91.91,4.36,3.9948
20220917,Belagavi,15.8497,74.4977,23.12,91.38,3.31,4.7412
20220918,Belagavi,15.8497,74.4977,22.89,91.04,2.83,4.3826
20220919,Belagavi,15.8497,74.4977,21.95,90.72,2.56,5.3722
20220920,Belagavi,15.8497,74.4977,21.44,91.24,2.19,5.7031
20220921,Belagavi,15.8497,74.4977,21.62,90.02,2.2,5.6002
20220922,Belagavi,15.8497,74.4977,21.46,89.13,2.26,5.5034
20220923,Belagavi,15.8497,74.4977,21.6,90.6,2.41,4.4381
20220924,Belagavi,15.8497,74.4977,21.98,90.8,2.36,4.901
20220925,Belagavi,15.8497,74.4977,22.49,89.76,2.07,5.4802
20220926,Belagavi,15.8497,74.4977,21.88,89.82,1.91,5.9724
20220927,Belagavi,15.8497,74.4977,21.97,89.03,1.76,5.8783
20220928,Belagavi,15.8497,74.4977,22.64,89.22,2.33,5.8963
20220929,Belagavi,15.8497,74.4977,22.67,91.59,2.35,5.0866
20220930,Belagavi,15.8497,74.4977,23.56,91.03,1.99,3.2875
20221001,Belagavi,15.8497,74.4977,23.43,91.61,2.52,3.7574
20221002,Belagavi,15.8497,74.4977,23.11,89.54,2.15,4.3164
20221003,Belagavi,15.8497,74.4977,23.33,88.24,2.04,4.9469
20221004,Belagavi,15.8497,74.4977,23.41,87.36,1.94,5.0923
20221005,Belagavi,15.8497,74.4977,23.22,87.9,2.0,4.7225
20221006,Belagavi,15.8497,74.4977,22.78,91.07,2.59,2.0268
20221007,Belagavi,15.8497,74.4977,21.85,91.49,2.41,2.8814
20221008,Belagavi,15.8497,74.4977,22.3,88.72,1.76,5.6818
20221009,Belagavi,15.8497,74.4977,23.65,84.07,0.59,5.5313
20221010,Belagavi,15.8497,74.4977,23.98,88.52,1.11,2.7878
20221011,Belagavi,15.8497,74.4977,23.21,94.54,1.29,3.4932
20221012,Belagavi,15.8497,74.4977,22.63,96.3,1.43,2.8673
20221013,Belagavi,15.8497,74.4977,23.23,91.85,0.99,4.2794
20221014,Belagavi,15.8497,74.4977,23.58,90.92,1.5,4.0128
20221015,Belagavi,15.8497,74.4977,23.84,86.76,1.49,4.6742
20221016,Belagavi,15.8497,74.4977,23.83,88.82,1.63,4.6452
20221017,Belagavi,15.8497,74.4977,24.0,90.56,1.83,4.3572
20221018,Belagavi,15.8497,74.4977,24.25,87.48,0.81,4.7227
20221019,Belagavi,15.8497,74.4977,23.67,89.48,1.48,4.6555
20221020,Belagavi,15.8497,74.4977,23.41,93.95,0.55,4.5679
20221021,Belagavi,15.8497,74.4977,23.88,87.61,1.56,4.1611
20221022,Belagavi,15.8497,74.4977,22.69,87.29,2.03,4.6447
20221023,Belagavi,15.8497,74.4977,19.97,76.52,2.51,6.149
20221024,Belagavi,15.8497,74.4977,20.15,71.79,1.45,6.3156
20221025,Belagavi,15.8497,74.4977,20.8,71.42,0.95,6.0845
20221026,Belagavi,15.8497,74.4977,19.94,75.56,1.71,6.1447
20221027,Belagavi,15.8497,74.4977,19.53,74.91,2.03,6.1699
20221028,Belagavi,15.8497,74.4977,20.26,80.89,1.78,5.4502
20221029,Belagavi,15.8497,74.4977,20.73,81.51,2.39,5.1295
20221030,Belagavi,15.8497,74.4977,20.18,77.89,2.68,5.9186
20221031,Belagavi,15.8497,74.4977,19.55,78.56,2.28,5.8776
20221101,Belagavi,15.8497,74.4977,19.93,79.15,1.84,5.3441
20221102,Belagavi,15.8497,74.4977,21.88,85.86,2.09,4.9022
20221103,Belagavi,15.8497,74.4977,22.23,87.3,1.63,4.9553
20221104,Belagavi,15.8497,74.4977,22.32,84.83,2.29,4.9992
20221105,Belagavi,15.8497,74.4977,22.72,85.59,2.32,4.9054
20221106,Belagavi,15.8497,74.4977,22.62,86.25,1.93,4.8768
20221107,Belagavi,15.8497,74.4977,21.24,81.86,2.11,5.5447
20221108,Belagavi,15.8497,74.4977,20.35,78.09,2.19,5.5486
20221109,Belagavi,15.8497,74.4977,20.33,76.79,2.16,5.5222
20221110,Belagavi,15.8497,74.4977,19.16,75.87,2.82,5.0357
20221111,Belagavi,15.8497,74.4977,19.52,79.29,3.22,5.1907
20221112,Belagavi,15.8497,74.4977,20.11,77.94,3.46,4.4758
20221113,Belagavi,15.8497,74.4977,21.28,83.24,2.85,4.4054
20221114,Belagavi,15.8497,74.4977,22.74,84.72,2.31,4.6224
20221115,Belagavi,15.8497,74.4977,21.85,82.67,1.84,4.6982
20221116,Belagavi,15.8497,74.4977,19.99,76.99,1.95,5.2711
20221117,Belagavi,15.8497,74.4977,18.65,72.13,2.12,5.4919
20221118,Belagavi,15.8497,74.4977,18.64,72.92,2.11,5.2248
20221119,Belagavi,15.8497,74.4977,18.13,75.46,2.5,5.3782
20221120,Belagavi,15.8497,74.4977,17.78,75.9,2.3,5.2306
20221121,Belagavi,15.8497,74.4977,18.64,74.37,1.62,4.8977
20221122,Belagavi,15.8497,74.4977,21.42,82.86,1.6,3.0468
20221123,Belagavi,15.8497,74.4977,21.95,84.53,1.59,3.0168
20221124,Belagavi,15.8497,74.4977,22.97,85.69,1.64,3.9917
20221125,Belagavi,15.8497,74.4977,23.4,83.21,1.82,4.4962
20221126,Belagavi,15.8497,74.4977,23.78,84.06,1.24,4.2456
20221127,Belagavi,15.8497,74.4977,23.19,86.92,1.16,3.3096
20221128,Belagavi,15.8497,74.4977,23.33,84.42,0.87,2.7866
20221129,Belagavi,15.8497,74.4977,22.7,78.56,1.33,3.6842
20221130,Belagavi,15.8497,74.4977,20.64,69.8,1.75,5.1689
20221201,Belagavi,15.8497,74.4977,20.39,63.52,1.65,5.0887
20221202,Belagavi,15.8497,74.4977,22.47,78.53,1.23,4.2065
20221203,Belagavi,15.8497,74.4977,23.51,79.37,1.53,4.5646
20221204,Belagavi,15.8497,74.4977,23.16,80.21,1.67,4.6188
20221205,Belagavi,15.8497,74.4977,22.95,78.37,2.23,3.9991
20221206,Belagavi,15.8497,74.4977,21.22,68.9,2.52,5.0201
20221207,Belagavi,15.8497,74.4977,20.59,69.03,2.23,3.8215
20221208,Belagavi,15.8497,74.4977,20.48,68.17,2.33,4.6438
20221209,Belagavi,15.8497,74.4977,19.34,57.7,2.29,5.2301
20221210,Belagavi,15.8497,74.4977,21.02,67.56,2.39,3.9624
20221211,Belagavi,15.8497,74.4977,21.49,82.76,1.95,2.2987
20221212,Belagavi,15.8497,74.4977,22.31,82.86,2.6,2.9532
20221213,Belagavi,15.8497,74.4977,21.75,85.32,3.26,2.9748
20221214,Belagavi,15.8497,74.4977,23.39,76.58,2.34,3.6238
20221215,Belagavi,15.8497,74.4977,23.14,77.65,1.26,5.0609
20221216,Belagavi,15.8497,74.4977,23.39,65.2,1.47,5.3064
20221217,Belagavi,15.8497,74.4977,23.62,69.71,1.77,4.565
20221218,Belagavi,15.8497,74.4977,23.05,69.94,2.65,4.4342
20221219,Belagavi,15.8497,74.4977,21.22,61.81,2.51,5.2634
20221220,Belagavi,15.8497,74.4977,21.78,61.86,1.93,5.179
20221221,Belagavi,15.8497,74.4977,22.04,59.22,1.68,5.2889
20221222,Belagavi,15.8497,74.4977,22.13,58.22,1.52,5.2687
20221223,Belagavi,15.8497,74.4977,22.09,62.99,1.33,5.1746
20221224,Belagavi,15.8497,74.4977,21.61,59.35,1.44,5.3426
20221225,Belagavi,15.8497,74.4977,21.69,57.6,1.34,5.275
20221226,Belagavi,15.8497,74.4977,23.61,72.89,1.81,4.8708
20221227,Belagavi,15.8497,74.4977,24.93,71.0,1.71,4.8974
20221228,Belagavi,15.8497,74.4977,24.79,68.3,1.35,5.1274
20221229,Belagavi,15.8497,74.4977,23.89,65.45,1.46,4.603
20221230,Belagavi,15.8497,74.4977,23.86,63.74,1.38,4.951
20221231,Belagavi,15.8497,74.4977,22.94,62.93,1.18,4.9783
20230101,Belagavi,15.8497,74.4977,21.65,59.82,1.29,4.8965
20230102,Belagavi,15.8497,74.4977,22.06,60.23,1.55,4.993
20230103,Belagavi,15.8497,74.4977,22.57,66.56,1.39,4.7042
20230104,Belagavi,15.8497,74.4977,22.86,70.04,0.89,4.6114
20230105,Belagavi,15.8497,74.4977,22.17,63.19,2.32,5.0014
20230106,Belagavi,15.8497,74.4977,22.36,63.05,2.95,4.6416
20230107,Belagavi,15.8497,74.4977,22.04,64.78,2.74,3.601
20230108,Belagavi,15.8497,74.4977,21.13,52.02,2.55,5.1732
20230109,Belagavi,15.8497,74.4977,19.9,33.82,2.57,5.7701
20230110,Belagavi,15.8497,74.4977,20.48,35.96,2.29,5.7221
20230111,Belagavi,15.8497,74.4977,21.23,44.49,1.26,5.5524
20230112,Belagavi,15.8497,74.4977,21.6,40.9,1.34,5.5603
20230113,Belagavi,15.8497,74.4977,21.05,42.34,1.1,5.4494
20230114,Belagavi,15.8497,74.4977,21.5,45.17,1.2,5.4451
20230115,Belagavi,15.8497,74.4977,21.7,47.6,1.44,5.6203
20230116,Belagavi,15.8497,74.4977,22.11,54.11,0.72,5.8111
20230117,Belagavi,15.8497,74.4977,21.76,50.43,1.12,5.899
20230118,Belagavi,15.8497,74.4977,22.36,45.24,1.03,5.9009
20230119,Belagavi,15.8497,74.4977,22.38,41.21,1.5,5.845
20230120,Belagavi,15.8497,74.4977,22.04,42.88,1.51,5.7727
20230121,Belagavi,15.8497,74.4977,21.78,49.58,0.9,5.4914
20230122,Belagavi,15.8497,74.4977,22.1,50.79,1.02,5.6357
20230123,Belagavi,15.8497,74.4977,22.23,52.99,1.81,5.5493
20230124,Belagavi,15.8497,74.4977,22.27,60.52,1.55,4.9241
20230125,Belagavi,15.8497,74.4977,23.46,59.61,1.65,4.6423
20230126,Belagavi,15.8497,74.4977,24.05,54.95,1.53,5.4058
20230127,Belagavi,15.8497,74.4977,23.51,41.99,2.01,5.9234
20230128,Belagavi,15.8497,74.4977,22.84,43.25,1.72,6.0574
20230129,Belagavi,15.8497,74.4977,23.36,53.84,1.43,5.9179
20230130,Belagavi,15.8497,74.4977,23.83,55.11,1.16,5.3066
20230131,Belagavi,15.8497,74.4977,24.75,53.49,1.97,4.5007
20230201,Belagavi,15.8497,74.4977,25.52,43.63,2.45,4.2067
20230202,Belagavi,15.8497,74.4977,24.85,35.31,3.32,4.9253
20230203,Belagavi,15.8497,74.4977,24.21,33.84,2.51,5.5656
20230204,Belagavi,15.8497,74.4977,25.08,32.39,1.91,5.8193
20230205,Belagavi,15.8497,74.4977,25.57,34.07,1.61,5.7581
20230206,Belagavi,15.8497,74.4977,25.1,33.2,1.7,5.6592
20230207,Belagavi,15.8497,74.4977,24.53,37.84,1.19,5.1319
20230208,Belagavi,15.8497,74.4977,25.19,33.73,1.95,5.4139
20230209,Belagavi,15.8497,74.4977,25.96,26.99,2.4,5.7538
20230210,Belagavi,15.8497,74.4977,25.34,27.76,1.89,6.1114
20230211,Belagavi,15.8497,74.4977,25.82,20.48,2.0,6.3802
20230212,Belagavi,15.8497,74.4977,25.7,19.58,2.29,6.3624
20230213,Belagavi,15.8497,74.4977,25.23,18.66,3.19,6.6427
20230214,Belagavi,15.8497,74.4977,25.2,15.25,2.87,6.7918
20230215,Belagavi,15.8497,74.4977,24.48,13.88,2.53,6.8369
20230216,Belagavi,15.8497,74.4977,25.28,15.14,3.11,6.827
20230217,Belagavi,15.8497,74.4977,25.72,17.39,2.73,6.7368
20230218,Belagavi,15.8497,74.4977,25.72,21.83,2.34,6.6986
20230219,Belagavi,15.8497,74.4977,25.52,25.58,2.22,6.4567
20230220,Belagavi,15.8497,74.4977,26.13,35.31,1.28,6.4622
20230221,Belagavi,15.8497,74.4977,26.77,38.69,0.82,6.5846
20230222,Belagavi,15.8497,74.4977,27.11,27.28,1.39,6.4872
20230223,Belagavi,15.8497,74.4977,26.54,25.99,1.48,6.5227
20230224,Belagavi,15.8497,74.4977,26.61,24.69,2.07,6.6161
20230225,Belagavi,15.8497,74.4977,26.73,26.67,1.5,6.4978
20230226,Belagavi,15.8497,74.4977,26.58,22.87,1.96,6.5993
20230227,Belagavi,15.8497,74.4977,26.43,27.34,1.62,6.4781
20230228,Belagavi,15.8497,74.4977,26.15,29.16,2.08,6.5942
20230301,Belagavi,15.8497,74.4977,26.16,26.08,2.84,6.4406
20230302,Belagavi,15.8497,74.4977,26.45,27.69,2.92,6.4824
20230303,Belagavi,15.8497,74.4977,26.33,26.69,2.96,6.2472
20230304,Belagavi,15.8497,74.4977,27.04,25.8,3.11,5.9196
20230305,Belagavi,15.8497,74.4977,27.29,24.86,2.9,6.3259
20230306,Belagavi,15.8497,74.4977,27.35,25.13,2.07,6.4709
20230307,Belagavi,15.8497,74.4977,26.7,24.83,2.74,6.5789
20230308,Belagavi,15.8497,74.4977,27.06,26.73,2.68,6.2083
20230309,Belagavi,15.8497,74.4977,26.75,27.91,2.56,6.479
20230310,Belagavi,15.8497,74.4977,27.09,29.83,2.08,6.377
20230311,Belagavi,15.8497,74.4977,27.74,28.7,2.06,6.2921
20230312,Belagavi,15.8497,74.4977,27.86,27.83,2.82,6.4694
20230313,Belagavi,15.8497,74.4977,27.89,28.96,1.89,5.9954
20230314,Belagavi,15.8497,74.4977,27.73,36.79,1.58,5.9638
20230315,Belagavi,15.8497,74.4977,27.56,46.93,1.15,4.8847
20230316,Belagavi,15.8497,74.4977,27.21,46.76,1.34,5.6362
20230317,Belagavi,15.8497,74.4977,26.44,53.22,1.8,6.0163
20230318,Belagavi,15.8497,74.4977,25.94,55.48,2.19,6.3509
20230319,Belagavi,15.8497,74.4977,24.3,55.32,2.51,6.9149
20230320,Belagavi,15.8497,74.4977,23.14,55.29,2.45,6.9946
20230321,Belagavi,15.8497,74.4977,23.98,57.17,2.63,7.2902
20230322,Belagavi,15.8497,74.4977,25.42,54.78,2.34,7.0418
20230323,Belagavi,15.8497,74.4977,25.46,48.73,2.65,6.9216
20230324,Belagavi,15.8497,74.4977,26.46,48.36,2.28,7.2557
20230325,Belagavi,15.8497,74.4977,26.5,48.46,2.25,6.6026
20230326,Belagavi,15.8497,74.4977,25.79,43.74,2.44,7.2547
20230327,Belagavi,15.8497,74.4977,25.62,51.04,2.47,7.5096
20230328,Belagavi,15.8497,74.4977,26.7,51.86,1.96,7.3318
20230329,Belagavi,15.8497,74.4977,26.61,47.69,2.19,7.4834
20230330,Belagavi,15.8497,74.4977,25.87,54.51,2.39,7.5406
20230331,Belagavi,15.8497,74.4977,25.62,55.05,2.39,7.4904
20230401,Belagavi,15.8497,74.4977,25.91,54.13,2.46,7.5314
20230402,Belagavi,15.8497,74.4977,25.17,50.43,2.53,7.7006
20230403,Belagavi,15.8497,74.4977,25.44,53.62,2.45,7.6416
20230404,Belagavi,15.8497,74.4977,26.4,53.67,1.98,7.53
20230405,Belagavi,15.8497,74.4977,28.34,50.73,2.09,7.0922
20230406,Belagavi,15.8497,74.4977,29.32,45.63,1.66,6.1877
20230407,Belagavi,15.8497,74.4977,28.37,52.05,1.99,4.859
20230408,Belagavi,15.8497,74.4977,28.73,50.99,2.25,6.0742
20230409,Belagavi,15.8497,74.4977,29.91,38.66,2.11,7.3817
20230410,Belagavi,15.8497,74.4977,29.81,44.4,1.41,6.75
20230411,Belagavi,15.8497,74.4977,29.04,36.22,1.47,7.2053
20230412,Belagavi,15.8497,74.4977,29.29,31.63,1.7,7.3649
20230413,Belagavi,15.8497,74.4977,29.17,37.21,1.33,6.2616
20230414,Belagavi,15.8497,74.4977,28.55,46.89,1.51,5.3734
20230415,Belagavi,15.8497,74.4977,27.77,51.92,2.06,6.2551
20230416,Belagavi,15.8497,74.4977,29.9,42.47,1.72,6.7882
20230417,Belagavi,15.8497,74.4977,29.77,45.01,1.28,6.5549
20230418,Belagavi,15.8497,74.4977,30.61,43.14,1.92,7.0186
20230419,Belagavi,15.8497,74.4977,29.93,50.18,1.92,6.6914
20230420,Belagavi,15.8497,74.4977,29.08,55.25,2.19,6.0888
20230421,Belagavi,15.8497,74.4977,28.68,52.79,2.29,6.2482
20230422,Belagavi,15.8497,74.4977,28.28,48.01,2.33,7.4561
20230423,Belagavi,15.8497,74.4977,27.46,50.94,2.43,7.8175
20230424,Belagavi,15.8497,74.4977,27.94,51.64,2.1,7.5262
20230425,Belagavi,15.8497,74.4977,27.7,58.72,2.58,7.367
20230426,Belagavi,15.8497,74.4977,28.51,51.65,2.15,6.8388
20230427,Belagavi,15.8497,74.4977,28.69,52.42,1.94,6.4855
20230428,Belagavi,15.8497,74.4977,27.21,56.88,1.17,5.8157
20230429,Belagavi,15.8497,74.4977,28.66,53.96,1.58,5.7204
20230430,Belagavi,15.8497,74.4977,28.39,49.19,2.59,6.9696
20230501,Belagavi,15.8497,74.4977,28.15,48.34,2.82,7.6394
20230502,Belagavi,15.8497,74.4977,27.57,48.7,2.6,7.3018
20230503,Belagavi,15.8497,74.4977,27.48,57.68,3.0,6.6679
20230504,Belagavi,15.8497,74.4977,27.79,55.25,2.47,6.3982
20230505,Belagavi,15.8497,74.4977,27.59,54.29,2.76,7.0325
20230506,Belagavi,15.8497,74.4977,28.43,53.21,2.47,6.9658
20230507,Belagavi,15.8497,74.4977,26.87,62.95,2.87,6.4207
20230508,Belagavi,15.8497,74.4977,27.13,68.27,1.45,4.877
20230509,Belagavi,15.8497,74.4977,27.31,74.67,1.72,4.2955
20230510,Belagavi,15.8497,74.4977,28.27,69.99,1.02,5.4528
20230511,Belagavi,15.8497,74.4977,29.29,62.88,1.32,5.1206
20230512,Belagavi,15.8497,74.4977,28.93,62.24,2.44,5.975
20230513,Belagavi,15.8497,74.4977,28.51,62.35,2.79,6.4001
20230514,Belagavi,15.8497,74.4977,28.4,61.11,2.96,7.1909
20230515,Belagavi,15.8497,74.4977,27.9,60.62,3.07,7.2655
20230516,Belagavi,15.8497,74.4977,28.27,57.16,2.69,7.757
20230517,Belagavi,15.8497,74.4977,29.65,53.29,2.22,7.7962
20230518,Belagavi,15.8497,74.4977,29.71,51.3,2.54,7.5005
20230519,Belagavi,15.8497,74.4977,30.1,49.8,2.61,6.7663
20230520,Belagavi,15.8497,74.4977,29.75,53.22,2.82,7.2504
20230521,Belagavi,15.8497,74.4977,29.95,55.92,2.35,7.0814
20230522,Belagavi,15.8497,74.4977,29.6,55.11,2.28,6.8388
20230523,Belagavi,15.8497,74.4977,28.29,64.49,1.55,6.7903
20230524,Belagavi,15.8497,74.4977,28.4,60.42,2.46,6.811
20230525,Belagavi,15.8497,74.4977,27.66,64.17,3.22,6.972
20230526,Belagavi,15.8497,74.4977,27.47,64.66,3.41,7.0051
20230527,Belagavi,15.8497,74.4977,27.66,61.98,3.62,7.3973
20230528,Belagavi,15.8497,74.4977,28.56,59.51,3.17,7.0301
20230529,Belagavi,15.8497,74.4977,29.6,57.74,2.12,6.9233
20230530,Belagavi,15.8497,74.4977,28.7,57.88,1.95,5.8877
20230531,Belagavi,15.8497,74.4977,28.11,64.66,2.03,6.3907
20230601,Belagavi,15.8497,74.4977,27.15,72.99,2.66,1.9841
20230602,Belagavi,15.8497,74.4977,27.35,65.62,2.65,6.5443
20230603,Belagavi,15.8497,74.4977,28.77,61.12,3.18,7.3034
20230604,Belagavi,15.8497,74.4977,28.87,63.52,3.42,6.5911
20230605,Belagavi,15.8497,74.4977,27.38,70.54,3.05,6.4874
20230606,Belagavi,15.8497,74.4977,28.46,64.21,3.09,6.9833
20230607,Belagavi,15.8497,74.4977,28.03,68.13,3.49,6.817
20230608,Belagavi,15.8497,74.4977,27.83,69.15,2.97,6.4462
20230609,Belagavi,15.8497,74.4977,27.36,71.8,3.53,6.6684
20230610,Belagavi,15.8497,74.4977,25.58,80.24,3.87,4.9349
20230611,Belagavi,15.8497,74.4977,26.02,76.61,4.17,5.2831
20230612,Belagavi,15.8497,74.4977,26.34,74.48,4.25,6.6259
20230613,Belagavi,15.8497,74.4977,26.53,75.83,4.53,6.492
20230614,Belagavi,15.8497,74.4977,26.38,76.29,4.52,5.9904
20230615,Belagavi,15.8497,74.4977,26.58,75.37,3.76,6.0149
20230616,Belagavi,15.8497,74.4977,26.53,76.31,3.97,6.0346
20230617,Belagavi,15.8497,74.4977,26.09,79.7,3.96,5.4377
20230618,Belagavi,15.8497,74.4977,26.59,75.73,3.91,5.034
20230619,Belagavi,15.8497,74.4977,26.63,74.49,3.37,5.4612
20230620,Belagavi,15.8497,74.4977,27.05,72.13,3.63,6.2102
20230621,Belagavi,15.8497,74.4977,26.9,73.91,3.7,6.0914
20230622,Belagavi,15.8497,74.4977,25.21,79.82,3.08,4.9738
20230623,Belagavi,15.8497,74.4977,25.51,76.65,3.73,4.4105
20230624,Belagavi,15.8497,74.4977,25.1,79.27,3.86,3.0031
20230625,Belagavi,15.8497,74.4977,24.88,80.22,3.77,3.781
20230626,Belagavi,15.8497,74.4977,24.94,79.61,4.38,4.6738
20230627,Belagavi,15.8497,74.4977,23.6,83.05,3.83,4.033
20230628,Belagavi,15.8497,74.4977,23.18,85.88,4.03,3.5366
20230629,Belagavi,15.8497,74.4977,23.11,86.66,4.61,3.3466
20230630,Belagavi,15.8497,74.4977,24.26,85.77,4.79,3.7222
20230701,Belagavi,15.8497,74.4977,24.08,87.37,4.09,3.4728
20230702,Belagavi,15.8497,74.4977,24.41,87.81,4.78,3.1459
20230703,Belagavi,15.8497,74.4977,24.82,90.06,4.81,3.9233
20230704,Belagavi,15.8497,74.4977,24.04,93.12,5.05,3.3713
20230705,Belagavi,15.8497,74.4977,22.97,90.33,5.7,2.4538
20230706,Belagavi,15.8497,74.4977,22.51,90.74,6.17,2.4466
20230707,Belagavi,15.8497,74.4977,23.04,91.44,5.15,2.4593
20230708,Belagavi,15.8497,74.4977,23.75,88.44,5.27,2.0455
20230709,Belagavi,15.8497,74.4977,24.23,88.8,4.37,3.1766
20230710,Belagavi,15.8497,74.4977,24.0,88.78,3.46,4.0702
20230711,Belagavi,15.8497,74.4977,23.6,89.63,3.31,3.6254
20230712,Belagavi,15.8497,74.4977,24.16,87.4,3.6,4.4249
20230713,Belagavi,15.8497,74.4977,23.98,89.89,4.44,3.6895
20230714,Belagavi,15.8497,74.4977,23.44,89.99,4.6,3.6595
20230715,Belagavi,15.8497,74.4977,23.83,88.33,3.71,3.3842
20230716,Belagavi,15.8497,74.4977,23.85,91.13,3.69,3.4978
20230717,Belagavi,15.8497,74.4977,23.91,91.11,4.47,3.1738
20230718,Belagavi,15.8497,74.4977,23.72,91.7,5.85,1.3814
20230719,Belagavi,15.8497,74.4977,23.23,94.3,5.88,1.7239
20230720,Belagavi,15.8497,74.4977,22.79,92.85,5.27,1.6234
20230721,Belagavi,15.8497,74.4977,22.65,93.61,4.46,2.4948
20230722,Belagavi,15.8497,74.4977,22.83,93.83,5.33,2.1746
20230723,Belagavi,15.8497,74.4977,23.19,93.05,6.17,1.3116
20230724,Belagavi,15.8497,74.4977,23.2,93.87,5.39,2.4977
20230725,Belagavi,15.8497,74.4977,22.91,93.37,4.93,1.5816
20230726,Belagavi,15.8497,74.4977,22.92,95.1,5.35,2.2738
20230727,Belagavi,15.8497,74.4977,22.56,95.27,5.29,1.5468
20230728,Belagavi,15.8497,74.4977,23.27,92.44,5.1,3.7786
20230729,Belagavi,15.8497,74.4977,23.21,91.38,4.89,4.4894
20230730,Belagavi,15.8497,74.4977,23.34,91.44,4.46,4.2744
20230731,Belagavi,15.8497,74.4977,23.62,90.94,4.9,3.6998
20230801,Belagavi,15.8497,74.4977,23.27,91.83,5.1,3.3382
20230802,Belagavi,15.8497,74.4977,23.21,91.34,5.12,3.4848
20230803,Belagavi,15.8497,74.4977,23.16,90.38,5.12,3.355
20230804,Belagavi,15.8497,74.4977,23.65,90.33,4.92,4.1678
20230805,Belagavi,15.8497,74.4977,23.34,89.82,4.18,3.5206
20230806,Belagavi,15.8497,74.4977,23.37,90.03,3.81,4.5758
20230807,Belagavi,15.8497,74.4977,23.38,89.83,4.05,4.0332
20230808,Belagavi,15.8497,74.4977,23.35,89.55,3.29,3.4248
20230809,Belagavi,15.8497,74.4977,23.57,89.63,2.81,4.7354
20230810,Belagavi,15.8497,74.4977,23.62,89.34,2.86,5.2541
20230811,Belagavi,15.8497,74.4977,23.47,89.18,2.74,5.1698
20230812,Belagavi,15.8497,74.4977,23.19,88.91,3.1,5.1907
20230813,Belagavi,15.8497,74.4977,23.02,88.88,3.16,4.4592
20230814,Belagavi,15.8497,74.4977,22.16,90.84,2.88,4.5571
20230815,Belagavi,15.8497,74.4977,22.42,91.07,2.48,5.1209
20230816,Belagavi,15.8497,74.4977,23.29,88.37,2.69,5.3371
20230817,Belagavi,15.8497,74.4977,23.11,88.76,3.14,4.5955
20230818,Belagavi,15.8497,74.4977,22.96,89.8,3.19,3.9422
20230819,Belagavi,15.8497,74.4977,23.24,91.08,3.48,2.9189
20230820,Belagavi,15.8497,74.4977,23.79,88.87,3.49,5.2229
20230821,Belagavi,15.8497,74.4977,23.29,88.61,2.52,5.5754
20230822,Belagavi,15.8497,74.4977,23.14,88.05,2.22,5.9604
20230823,Belagavi,15.8497,74.4977,23.05,89.0,2.46,5.1461
20230824,Belagavi,15.8497,74.4977,23.34,88.66,2.78,4.3766
20230825,Belagavi,15.8497,74.4977,23.58,89.52,2.93,4.0142
20230826,Belagavi,15.8497,74.4977,23.53,89.56,2.72,4.7006
20230827,Belagavi,15.8497,74.4977,23.57,88.22,2.91,5.7667
20230828,Belagavi,15.8497,74.4977,23.4,88.75,3.09,5.107
20230829,Belagavi,15.8497,74.4977,23.72,87.89,2.62,4.9366
20230830,Belagavi,15.8497,74.4977,23.64,86.61,2.06,5.7838
20230831,Belagavi,15.8497,74.4977,23.94,87.15,1.74,5.8586
20230901,Belagavi,15.8497,74.4977,24.31,88.36,2.09,6.0638
20230902,Belagavi,15.8497,74.4977,23.03,90.2,2.36,4.8542
20230903,Belagavi,15.8497,74.4977,22.24,91.62,2.26,4.8048
20230904,Belagavi,15.8497,74.4977,22.47,88.85,2.86,2.3926
20230905,Belagavi,15.8497,74.4977,22.82,90.53,2.38,3.8962
20230906,Belagavi,15.8497,74.4977,23.16,88.57,2.68,6.1565
20230907,Belagavi,15.8497,74.4977,23.05,89.5,3.12,5.3294
20230908,Belagavi,15.8497,74.4977,23.28,89.97,3.62,2.9808
20230909,Belagavi,15.8497,74.4977,24.19,89.73,3.68,3.8962
20230910,Belagavi,15.8497,74.4977,23.97,89.87,3.38,5.2195
20230911,Belagavi,15.8497,74.4977,23.75,88.95,3.28,4.2206
20230912,Belagavi,15.8497,74.4977,23.42,89.34,3.14,5.3297
20230913,Belagavi,15.8497,74.4977,23.04,89.69,2.72,5.4204
20230914,Belagavi,15.8497,74.4977,23.48,88.68,2.55,4.7254
20230915,Belagavi,15.8497,74.4977,23.63,89.05,2.77,4.2538
20230916,Belagavi,15.8497,74.4977,23.98,89.06,4.08,4.157
20230917,Belagavi,15.8497,74.4977,24.18,88.9,3.6,4.3884
20230918,Belagavi,15.8497,74.4977,23.72,89.56,3.16,4.6673
20230919,Belagavi,15.8497,74.4977,23.68,89.0,3.08,4.23
20230920,Belagavi,15.8497,74.4977,23.88,89.39,3.11,4.4227
20230921,Belagavi,15.8497,74.4977,23.85,90.66,2.81,4.2214
20230922,Belagavi,15.8497,74.4977,23.39,91.5,1.62,3.9677
20230923,Belagavi,15.8497,74.4977,23.82,87.37,1.87,4.1818
20230924,Belagavi,15.8497,74.4977,22.58,91.04,2.33,3.6221
20230925,Belagavi,15.8497,74.4977,22.61,89.55,2.25,4.6102
20230926,Belagavi,15.8497,74.4977,22.67,91.74,2.07,4.2055
20230927,Belagavi,15.8497,74.4977,22.69,92.41,3.02,4.2125
20230928,Belagavi,15.8497,74.4977,24.33,91.04,2.06,3.9626
20230929,Belagavi,15.8497,74.4977,23.02,95.03,2.65,2.7233
20230930,Belagavi,15.8497,74.4977,23.04,93.36,4.3,2.4398
20231001,Belagavi,15.8497,74.4977,23.06,94.19,5.11,1.6658
20231002,Belagavi,15.8497,74.4977,22.47,90.95,2.44,3.5359
20231003,Belagavi,15.8497,74.4977,23.07,89.6,1.94,5.2094
20231004,Belagavi,15.8497,74.4977,23.49,89.14,1.45,2.3846
20231005,Belagavi,15.8497,74.4977,23.69,88.35,1.49,3.7934
20231006,Belagavi,15.8497,74.4977,23.61,86.74,1.64,5.0278
20231007,Belagavi,15.8497,74.4977,24.14,84.83,1.23,5.8339
20231008,Belagavi,15.8497,74.4977,24.55,82.34,1.27,5.7588
20231009,Belagavi,15.8497,74.4977,24.53,82.6,1.05,5.4146
20231010,Belagavi,15.8497,74.4977,24.55,83.92,1.34,4.7628
20231011,Belagavi,15.8497,74.4977,24.61,82.83,1.41,4.338
20231012,Belagavi,15.8497,74.4977,25.1,80.53,1.53,4.8648
20231013,Belagavi,15.8497,74.4977,24.77,78.56,1.91,5.4
20231014,Belagavi,15.8497,74.4977,23.83,79.99,1.63,5.2589
20231015,Belagavi,15.8497,74.4977,24.42,80.87,1.06,4.3937
20231016,Belagavi,15.8497,74.4977,24.03,82.22,1.05,4.6222
20231017,Belagavi,15.8497,74.4977,24.23,80.78,1.06,4.073
20231018,Belagavi,15.8497,74.4977,24.38,75.67,1.59,5.5363
20231019,Belagavi,15.8497,74.4977,24.09,74.37,1.61,5.634
20231020,Belagavi,15.8497,74.4977,24.35,74.9,1.76,5.1053
20231021,Belagavi,15.8497,74.4977,24.61,74.47,1.83,5.0635
20231022,Belagavi,15.8497,74.4977,24.13,76.44,1.83,5.0009
20231023,Belagavi,15.8497,74.4977,23.42,71.29,1.83,5.7377
20231024,Belagavi,15.8497,74.4977,23.2,74.43,1.11,5.6042
20231025,Belagavi,15.8497,74.4977,23.02,69.35,1.76,5.9357
20231026,Belagavi,15.8497,74.4977,22.08,65.94,2.08,5.9964
20231027,Belagavi,15.8497,74.4977,21.9,62.2,2.15,5.9897
20231028,Belagavi,15.8497,74.4977,22.25,71.79,2.09,5.4254
20231029,Belagavi,15.8497,74.4977,23.98,72.99,1.53,4.9985
20231030,Belagavi,15.8497,74.4977,24.1,80.82,1.83,4.0078
20231031,Belagavi,15.8497,74.4977,24.15,83.98,1.15,3.6415
20231101,Belagavi,15.8497,74.4977,24.26,81.33,1.03,4.7261
20231102,Belagavi,15.8497,74.4977,24.22,73.56,1.52,4.566
20231103,Belagavi,15.8497,74.4977,24.99,74.38,1.57,4.8024
20231104,Belagavi,15.8497,74.4977,23.32,83.28,1.87,3.9478
20231105,Belagavi,15.8497,74.4977,24.76,78.91,2.0,3.9139
20231106,Belagavi,15.8497,74.4977,22.71,82.72,2.23,2.6906
20231107,Belagavi,15.8497,74.4977,23.3,88.78,1.25,4.0925
20231108,Belagavi,15.8497,74.4977,22.34,92.3,1.42,1.9886
20231109,Belagavi,15.8497,74.4977,23.05,86.31,2.0,4.1767
20231110,Belagavi,15.8497,74.4977,23.51,82.96,1.73,3.6017
20231111,Belagavi,15.8497,74.4977,24.11,77.36,2.11,4.3325
20231112,Belagavi,15.8497,74.4977,22.94,71.51,2.2,5.2224
20231113,Belagavi,15.8497,74.4977,23.37,68.33,1.87,4.7798
20231114,Belagavi,15.8497,74.4977,23.14,74.17,1.76,4.6601
20231115,Belagavi,15.8497,74.4977,22.5,75.37,1.55,4.2814
20231116,Belagavi,15.8497,74.4977,21.78,68.92,1.87,4.237
20231117,Belagavi,15.8497,74.4977,22.33,66.89,1.86,4.6982
20231118,Belagavi,15.8497,74.4977,23.63,73.07,1.39,4.4582
20231119,Belagavi,15.8497,74.4977,24.29,73.37,1.79,4.5583
20231120,Belagavi,15.8497,74.4977,23.24,72.4,2.11,4.4945
20231121,Belagavi,15.8497,74.4977,22.67,67.79,2.26,4.9008
20231122,Belagavi,15.8497,74.4977,23.09,72.86,2.09,5.0285
20231123,Belagavi,15.8497,74.4977,23.7,77.24,1.61,4.3085
20231124,Belagavi,15.8497,74.4977,24.51,79.33,1.62,3.7402
20231125,Belagavi,15.8497,74.4977,24.59,78.71,2.09,4.0097
20231126,Belagavi,15.8497,74.4977,24.37,74.75,1.97,3.313
20231127,Belagavi,15.8497,74.4977,24.02,74.11,1.78,4.4477
20231128,Belagavi,15.8497,74.4977,23.69,79.05,1.08,4.325
20231129,Belagavi,15.8497,74.4977,23.96,77.62,1.13,4.6493
20231130,Belagavi,15.8497,74.4977,24.03,77.34,1.73,4.8557
20231201,Belagavi,15.8497,74.4977,23.74,73.75,1.52,4.5454
20231202,Belagavi,15.8497,74.4977,24.18,66.84,1.9,4.7964
20231203,Belagavi,15.8497,74.4977,24.75,67.88,2.79,4.8156
20231204,Belagavi,15.8497,74.4977,24.72,69.22,2.5,4.0608
20231205,Belagavi,15.8497,74.4977,23.61,68.2,1.99,3.8645
20231206,Belagavi,15.8497,74.4977,22.5,70.32,1.39,4.2125
20231207,Belagavi,15.8497,74.4977,22.32,69.71,1.44,4.0582
20231208,Belagavi,15.8497,74.4977,23.35,69.25,1.19,4.5403
20231209,Belagavi,15.8497,74.4977,24.25,70.95,1.21,4.0855
20231210,Belagavi,15.8497,74.4977,24.08,69.68,1.46,3.9662
20231211,Belagavi,15.8497,74.4977,23.32,62.31,1.5,4.5641
20231212,Belagavi,15.8497,74.4977,23.06,58.56,1.39,4.8677
20231213,Belagavi,15.8497,74.4977,22.72,56.1,1.64,4.955
20231214,Belagavi,15.8497,74.4977,21.53,54.96,2.48,5.1456
20231215,Belagavi,15.8497,74.4977,21.37,55.0,1.95,4.9822
20231216,Belagavi,15.8497,74.4977,22.77,63.22,1.61,3.3391
20231217,Belagavi,15.8497,74.4977,24.52,68.02,2.42,3.8722
20231218,Belagavi,15.8497,74.4977,23.68,64.06,3.3,3.4198
20231219,Belagavi,15.8497,74.4977,22.52,53.77,3.42,4.1858
20231220,Belagavi,15.8497,74.4977,22.78,54.29,3.05,4.351
20231221,Belagavi,15.8497,74.4977,22.77,51.26,2.21,4.7354
20231222,Belagavi,15.8497,74.4977,22.72,41.48,1.79,3.5971
20231223,Belagavi,15.8497,74.4977,21.78,43.35,2.17,4.8648
20231224,Belagavi,15.8497,74.4977,22.07,50.22,2.96,5.1118
20231225,Belagavi,15.8497,74.4977,23.04,44.37,2.85,5.1538
20231226,Belagavi,15.8497,74.4977,23.56,43.82,2.67,5.1389
20231227,Belagavi,15.8497,74.4977,22.88,48.25,3.07,5.1725
20231228,Belagavi,15.8497,74.4977,23.18,49.52,2.55,5.3959
20231229,Belagavi,15.8497,74.4977,22.48,47.88,2.74,5.4286
20231230,Belagavi,15.8497,74.4977,23.34,49.45,1.95,5.3902
20231231,Belagavi,15.8497,74.4977,22.77,50.98,1.98,5.2637
20240101,Belagavi,15.8497,74.4977,23.52,55.76,0.82,4.7918
20240102,Belagavi,15.8497,74.4977,23.49,52.06,1.48,4.6836
20240103,Belagavi,15.8497,74.4977,23.46,59.69,1.69,3.93
20240104,Belagavi,15.8497,74.4977,23.08,70.46,1.11,3.4757
20240105,Belagavi,15.8497,74.4977,22.79,65.06,1.49,3.9674
20240106,Belagavi,15.8497,74.4977,22.8,64.08,1.69,3.7879
20240107,Belagavi,15.8497,74.4977,22.99,61.35,2.15,4.1462
20240108,Belagavi,15.8497,74.4977,23.34,58.5,2.92,4.2101
20240109,Belagavi,15.8497,74.4977,23.73,63.44,2.75,2.4686
20240110,Belagavi,15.8497,74.4977,24.48,52.28,2.51,3.5345
20240111,Belagavi,15.8497,74.4977,24.62,48.96,2.28,5.5018
20240112,Belagavi,15.8497,74.4977,24.7,43.12,2.78,5.4012
20240113,Belagavi,15.8497,74.4977,24.01,51.34,1.71,4.8482
20240114,Belagavi,15.8497,74.4977,23.84,43.95,1.78,4.9908
20240115,Belagavi,15.8497,74.4977,23.4,43.21,1.89,5.0906
20240116,Belagavi,15.8497,74.4977,22.6,46.92,1.41,5.0894
20240117,Belagavi,15.8497,74.4977,22.61,62.64,1.79,5.1818
20240118,Belagavi,15.8497,74.4977,22.26,63.67,1.63,5.0215
20240119,Belagavi,15.8497,74.4977,22.43,64.49,1.8,4.8809
20240120,Belagavi,15.8497,74.4977,23.24,64.43,1.86,4.7268
20240121,Belagavi,15.8497,74.4977,23.28,59.46,1.74,5.4127
20240122,Belagavi,15.8497,74.4977,23.27,56.71,1.95,5.7043
20240123,Belagavi,15.8497,74.4977,21.65,52.6,1.65,5.712
20240124,Belagavi,15.8497,74.4977,21.62,42.0,1.27,5.8666
20240125,Belagavi,15.8497,74.4977,22.36,47.68,1.67,5.5315
20240126,Belagavi,15.8497,74.4977,24.42,47.33,1.88,5.5601
20240127,Belagavi,15.8497,74.4977,24.76,49.99,1.6,5.4998
20240128,Belagavi,15.8497,74.4977,24.37,46.37,1.94,5.3083
20240129,Belagavi,15.8497,74.4977,24.18,40.9,1.42,5.5589
20240130,Belagavi,15.8497,74.4977,24.16,44.01,1.52,5.5044
20240131,Belagavi,15.8497,74.4977,23.58,52.89,1.8,5.7144
20240201,Belagavi,15.8497,74.4977,21.96,62.43,1.95,6.0545
20240202,Belagavi,15.8497,74.4977,22.55,56.81,1.57,6.1102
20240203,Belagavi,15.8497,74.4977,24.11,46.2,1.71,5.7307
20240204,Belagavi,15.8497,74.4977,26.15,48.41,1.4,5.6261
20240205,Belagavi,15.8497,74.4977,26.49,44.96,1.02,5.7317
20240206,Belagavi,15.8497,74.4977,26.95,35.29,1.26,5.9287
20240207,Belagavi,15.8497,74.4977,26.84,34.94,1.51,5.8872
20240208,Belagavi,15.8497,74.4977,26.51,28.11,2.27,5.9076
20240209,Belagavi,15.8497,74.4977,26.69,28.93,1.93,5.923
20240210,Belagavi,15.8497,74.4977,26.45,37.89,2.28,5.7833
20240211,Belagavi,15.8497,74.4977,26.26,30.8,1.78,5.5906
20240212,Belagavi,15.8497,74.4977,26.52,31.04,1.6,6.2189
20240213,Belagavi,15.8497,74.4977,25.82,34.04,1.78,6.3271
20240214,Belagavi,15.8497,74.4977,26.29,35.87,1.12,5.8896
20240215,Belagavi,15.8497,74.4977,27.55,36.96,1.75,6.0038
20240216,Belagavi,15.8497,74.4977,26.49,27.4,2.32,6.7219
20240217,Belagavi,15.8497,74.4977,26.05,27.58,2.22,6.7402
20240218,Belagavi,15.8497,74.4977,25.17,29.5,1.58,6.5969
20240219,Belagavi,15.8497,74.4977,25.67,50.62,1.6,5.9417
20240220,Belagavi,15.8497,74.4977,25.75,38.48,1.94,6.2654
20240221,Belagavi,15.8497,74.4977,24.36,47.76,2.41,6.8218
20240222,Belagavi,15.8497,74.4977,24.19,56.08,2.28,6.6888
20240223,Belagavi,15.8497,74.4977,23.54,48.87,2.05,6.8789
20240224,Belagavi,15.8497,74.4977,23.64,48.32,2.19,6.7054
20240225,Belagavi,15.8497,74.4977,25.2,35.05,1.47,6.5227
20240226,Belagavi,15.8497,74.4977,26.87,44.25,1.99,5.8164
20240227,Belagavi,15.8497,74.4977,27.78,43.87,2.08,6.263
20240228,Belagavi,15.8497,74.4977,28.87,33.06,1.68,6.2338
20240229,Belagavi,15.8497,74.4977,28.95,34.0,1.76,6.1697
20240301,Belagavi,15.8497,74.4977,28.59,38.93,1.92,6.3626
20240302,Belagavi,15.8497,74.4977,26.91,53.97,2.51,6.2969
20240303,Belagavi,15.8497,74.4977,25.37,59.0,2.69,6.523
20240304,Belagavi,15.8497,74.4977,25.16,52.11,2.36,6.6065
20240305,Belagavi,15.8497,74.4977,26.23,37.96,1.98,6.6547
20240306,Belagavi,15.8497,74.4977,25.45,46.19,2.34,6.6221
20240307,Belagavi,15.8497,74.4977,25.7,41.25,2.14,6.9142
20240308,Belagavi,15.8497,74.4977,26.81,35.28,1.86,6.9158
20240309,Belagavi,15.8497,74.4977,27.46,30.5,1.68,6.5837
20240310,Belagavi,15.8497,74.4977,27.74,34.07,1.72,5.9508
20240311,Belagavi,15.8497,74.4977,28.6,31.17,2.02,5.8226
20240312,Belagavi,15.8497,74.4977,28.79,38.95,2.23,5.8522
20240313,Belagavi,15.8497,74.4977,27.73,44.84,2.48,5.993
20240314,Belagavi,15.8497,74.4977,26.54,50.55,2.21,6.8182
20240315,Belagavi,15.8497,74.4977,26.85,43.95,2.17,6.7668
20240316,Belagavi,15.8497,74.4977,26.63,41.21,2.34,6.5978
20240317,Belagavi,15.8497,74.4977,27.41,38.43,2.03,6.3509
20240318,Belagavi,15.8497,74.4977,27.21,37.39,2.56,6.5105
20240319,Belagavi,15.8497,74.4977,27.72,37.64,2.55,6.8998
20240320,Belagavi,15.8497,74.4977,28.21,26.39,2.37,6.96
20240321,Belagavi,15.8497,74.4977,28.95,39.94,2.79,6.0144
20240322,Belagavi,15.8497,74.4977,28.97,53.16,1.58,5.581
20240323,Belagavi,15.8497,74.4977,29.06,40.92,2.04,5.5829
20240324,Belagavi,15.8497,74.4977,29.45,33.49,2.22,6.0478
20240325,Belagavi,15.8497,74.4977,30.04,38.74,2.06,6.2009
20240326,Belagavi,15.8497,74.4977,29.59,44.19,2.14,6.0778
20240327,Belagavi,15.8497,74.4977,30.41,43.52,1.56,6.2602
20240328,Belagavi,15.8497,74.4977,30.39,46.25,1.67,6.0377
20240329,Belagavi,15.8497,74.4977,29.66,56.42,2.12,5.9818
20240330,Belagavi,15.8497,74.4977,29.77,53.68,1.94,6.3343
20240331,Belagavi,15.8497,74.4977,30.33,47.72,1.47,6.4238
20240401,Belagavi,15.8497,74.4977,30.14,46.65,1.5,6.6319
20240402,Belagavi,15.8497,74.4977,29.65,42.92,1.86,6.5208
20240403,Belagavi,15.8497,74.4977,29.36,41.89,1.95,6.5616
20240404,Belagavi,15.8497,74.4977,30.99,35.25,2.38,6.5748
20240405,Belagavi,15.8497,74.4977,31.33,34.68,2.36,6.7723
20240406,Belagavi,15.8497,74.4977,31.6,36.32,2.48,6.1812
20240407,Belagavi,15.8497,74.4977,29.54,45.66,2.59,6.5124
20240408,Belagavi,15.8497,74.4977,30.09,31.27,1.65,6.9804
20240409,Belagavi,15.8497,74.4977,30.03,40.79,1.99,6.8918
20240410,Belagavi,15.8497,74.4977,31.23,37.65,2.22,6.4255
20240411,Belagavi,15.8497,74.4977,31.04,36.09,1.98,6.1034
20240412,Belagavi,15.8497,74.4977,30.75,40.01,1.81,5.9599
20240413,Belagavi,15.8497,74.4977,29.27,47.9,2.12,6.4471
20240414,Belagavi,15.8497,74.4977,30.67,38.72,1.44,6.5467
20240415,Belagavi,15.8497,74.4977,32.36,38.64,1.92,6.949
20240416,Belagavi,15.8497,74.4977,31.64,49.35,1.76,6.8066
20240417,Belagavi,15.8497,74.4977,30.16,57.58,1.92,5.0143
20240418,Belagavi,15.8497,74.4977,30.15,56.74,2.09,4.8814
20240419,Belagavi,15.8497,74.4977,28.77,57.73,1.79,4.4712
20240420,Belagavi,15.8497,74.4977,26.92,72.42,1.07,1.6994
20240421,Belagavi,15.8497,74.4977,27.64,71.52,1.67,5.8327
20240422,Belagavi,15.8497,74.4977,28.14,64.94,1.51,5.6683
20240423,Belagavi,15.8497,74.4977,29.07,59.63,1.6,6.4718
20240424,Belagavi,15.8497,74.4977,28.63,63.08,1.82,6.6492
20240425,Belagavi,15.8497,74.4977,29.29,61.32,1.64,6.9727
20240426,Belagavi,15.8497,74.4977,29.17,61.37,1.79,6.7478
20240427,Belagavi,15.8497,74.4977,29.9,58.65,1.49,7.0258
20240428,Belagavi,15.8497,74.4977,30.23,58.5,1.5,6.8952
20240429,Belagavi,15.8497,74.4977,30.09,59.54,1.89,6.3278
20240430,Belagavi,15.8497,74.4977,30.71,50.17,1.98,6.4711
20240501,Belagavi,15.8497,74.4977,29.21,55.87,2.72,6.5503
20240502,Belagavi,15.8497,74.4977,28.82,51.41,2.6,7.4995
20240503,Belagavi,15.8497,74.4977,28.13,51.8,2.74,7.6558
20240504,Belagavi,15.8497,74.4977,28.03,59.4,2.82,7.5792
20240505,Belagavi,15.8497,74.4977,29.23,59.84,2.94,6.9286
20240506,Belagavi,15.8497,74.4977,29.64,58.08,3.05,7.0992
20240507,Belagavi,15.8497,74.4977,29.4,55.96,2.84,6.8897
20240508,Belagavi,15.8497,74.4977,29.41,54.19,2.56,7.3812
20240509,Belagavi,15.8497,74.4977,29.58,54.79,2.23,7.3728
20240510,Belagavi,15.8497,74.4977,29.73,55.77,1.34,6.6211
20240511,Belagavi,15.8497,74.4977,30.27,54.04,1.98,5.4382
20240512,Belagavi,15.8497,74.4977,28.3,70.5,1.56,5.9388
20240513,Belagavi,15.8497,74.4977,29.45,61.95,2.3,6.4303
20240514,Belagavi,15.8497,74.4977,28.87,63.73,1.22,6.2172
20240515,Belagavi,15.8497,74.4977,27.44,71.62,1.04,6.5333
20240516,Belagavi,15.8497,74.4977,28.61,65.79,1.07,4.6246
20240517,Belagavi,15.8497,74.4977,28.08,69.02,1.36,5.7516
20240518,Belagavi,15.8497,74.4977,28.33,67.2,1.44,5.6189
20240519,Belagavi,15.8497,74.4977,27.59,71.27,1.98,4.8269
20240520,Belagavi,15.8497,74.4977,28.54,69.97,1.16,5.1761
20240521,Belagavi,15.8497,74.4977,28.78,71.11,1.61,5.1166
20240522,Belagavi,15.8497,74.4977,29.91,67.93,1.52,5.371
20240523,Belagavi,15.8497,74.4977,29.11,70.02,1.66,4.2094
20240524,Belagavi,15.8497,74.4977,27.74,73.27,3.22,4.357
20240525,Belagavi,15.8497,74.4977,26.93,73.83,3.9,2.2505
20240526,Belagavi,15.8497,74.4977,27.11,76.57,3.88,3.8155
20240527,Belagavi,15.8497,74.4977,27.63,74.39,3.93,4.0618
20240528,Belagavi,15.8497,74.4977,26.81,75.71,4.04,5.1972
20240529,Belagavi,15.8497,74.4977,27.46,74.85,4.0,6.3163
20240530,Belagavi,15.8497,74.4977,28.31,72.57,3.62,6.9955
20240531,Belagavi,15.8497,74.4977,28.63,71.36,3.52,6.7956
20240601,Belagavi,15.8497,74.4977,27.92,73.02,2.86,5.203
20240602,Belagavi,15.8497,74.4977,27.91,70.7,2.92,5.4348
20240603,Belagavi,15.8497,74.4977,26.05,79.06,2.05,4.2785
20240604,Belagavi,15.8497,74.4977,25.96,83.37,2.13,3.3319
20240605,Belagavi,15.8497,74.4977,26.22,78.08,2.01,4.9843
20240606,Belagavi,15.8497,74.4977,26.24,80.61,1.86,4.2809
20240607,Belagavi,15.8497,74.4977,25.13,87.93,2.42,3.2755
20240608,Belagavi,15.8497,74.4977,23.64,92.5,4.08,2.5582
20240609,Belagavi,15.8497,74.4977,24.16,89.47,3.8,1.5218
20240610,Belagavi,15.8497,74.4977,24.09,89.9,4.79,3.8402
20240611,Belagavi,15.8497,74.4977,23.65,84.96,3.61,3.779
20240612,Belagavi,15.8497,74.4977,23.48,86.65,3.54,3.5981
20240613,Belagavi,15.8497,74.4977,23.34,87.43,3.26,3.7999
20240614,Belagavi,15.8497,74.4977,24.29,86.78,3.22,4.279
20240615,Belagavi,15.8497,74.4977,24.51,87.79,3.16,5.4017
20240616,Belagavi,15.8497,74.4977,24.58,86.43,2.96,3.6506
20240617,Belagavi,15.8497,74.4977,24.69,85.43,2.89,5.0491
20240618,Belagavi,15.8497,74.4977,24.15,83.82,3.08,5.6933
20240619,Belagavi,15.8497,74.4977,24.34,86.06,3.44,4.7666
20240620,Belagavi,15.8497,74.4977,24.75,88.26,4.01,4.4198
20240621,Belagavi,15.8497,74.4977,25.16,88.82,4.27,3.4056
20240622,Belagavi,15.8497,74.4977,23.46,86.43,3.47,4.493
20240623,Belagavi,15.8497,74.4977,23.62,87.19,3.0,4.333
20240624,Belagavi,15.8497,74.4977,24.2,87.12,4.56,3.8825
20240625,Belagavi,15.8497,74.4977,23.79,87.47,5.55,3.2143
20240626,Belagavi,15.8497,74.4977,23.13,91.85,6.92,3.547
20240627,Belagavi,15.8497,74.4977,22.31,89.57,6.54,3.0175
20240628,Belagavi,15.8497,74.4977,23.09,88.41,4.96,3.8861
20240629,Belagavi,15.8497,74.4977,24.42,88.95,4.47,3.9624
20240630,Belagavi,15.8497,74.4977,24.86,89.26,4.86,3.6458
20240701,Belagavi,15.8497,74.4977,24.81,90.2,6.52,4.1438
20240702,Belagavi,15.8497,74.4977,24.28,92.01,5.32,3.9679
20240703,Belagavi,15.8497,74.4977,24.82,89.54,4.94,2.2812
20240704,Belagavi,15.8497,74.4977,24.64,90.19,5.19,2.5169
20240705,Belagavi,15.8497,74.4977,24.31,89.62,5.3,2.3501
20240706,Belagavi,15.8497,74.4977,23.95,92.11,5.51,2.8718
20240707,Belagavi,15.8497,74.4977,23.59,91.67,5.34,1.6229
20240708,Belagavi,15.8497,74.4977,23.34,94.85,4.29,2.767
20240709,Belagavi,15.8497,74.4977,22.55,92.86,3.76,3.522
20240710,Belagavi,15.8497,74.4977,23.02,91.05,3.24,4.0145
20240711,Belagavi,15.8497,74.4977,23.24,90.88,4.21,4.5857
20240712,Belagavi,15.8497,74.4977,23.69,93.57,4.07,2.6959
20240713,Belagavi,15.8497,74.4977,23.85,93.65,5.32,2.7581
20240714,Belagavi,15.8497,74.4977,23.56,95.86,5.63,2.4005
20240715,Belagavi,15.8497,74.4977,24.23,92.68,5.12,2.861
20240716,Belagavi,15.8497,74.4977,23.85,93.18,5.6,2.9906
20240717,Belagavi,15.8497,74.4977,23.91,94.04,5.56,2.4034
20240718,Belagavi,15.8497,74.4977,23.8,93.64,6.58,2.0371
20240719,Belagavi,15.8497,74.4977,23.17,95.72,6.2,2.0556
20240720,Belagavi,15.8497,74.4977,23.37,94.83,6.16,1.8278
20240721,Belagavi,15.8497,74.4977,23.43,95.84,5.54,1.9428
20240722,Belagavi,15.8497,74.4977,23.04,94.53,5.81,3.035
20240723,Belagavi,15.8497,74.4977,23.41,94.95,6.01,1.9841
20240724,Belagavi,15.8497,74.4977,23.57,93.91,6.28,2.4991
20240725,Belagavi,15.8497,74.4977,23.07,95.46,6.26,2.6162
20240726,Belagavi,15.8497,74.4977,23.47,94.04,6.04,2.6918
20240727,Belagavi,15.8497,74.4977,23.49,94.4,5.66,2.3429
20240728,Belagavi,15.8497,74.4977,23.23,94.07,5.66,2.663
20240729,Belagavi,15.8497,74.4977,23.88,93.93,5.95,2.6494
20240730,Belagavi,15.8497,74.4977,24.01,93.24,4.87,3.3994
20240731,Belagavi,15.8497,74.4977,23.95,94.8,4.38,3.0672
20240801,Belagavi,15.8497,74.4977,23.28,95.68,4.52,2.2994
20240802,Belagavi,15.8497,74.4977,23.09,94.86,4.78,2.0395
20240803,Belagavi,15.8497,74.4977,23.37,94.45,5.19,1.9853
20240804,Belagavi,15.8497,74.4977,23.36,93.84,5.11,3.3142
20240805,Belagavi,15.8497,74.4977,23.5,92.69,3.91,3.9377
20240806,Belagavi,15.8497,74.4977,23.2,93.09,3.29,3.6946
20240807,Belagavi,15.8497,74.4977,23.28,93.1,3.06,2.1466
20240808,Belagavi,15.8497,74.4977,23.56,91.99,3.05,2.8212
20240809,Belagavi,15.8497,74.4977,23.61,91.86,2.95,3.6734
20240810,Belagavi,15.8497,74.4977,23.79,91.2,2.78,4.5986
20240811,Belagavi,15.8497,74.4977,23.84,91.57,2.78,4.2953
20240812,Belagavi,15.8497,74.4977,23.98,90.51,2.31,5.5361
20240813,Belagavi,15.8497,74.4977,24.62,89.3,1.94,6.1982
20240814,Belagavi,15.8497,74.4977,24.85,89.44,2.14,4.7666
20240815,Belagavi,15.8497,74.4977,24.04,93.79,2.11,3.673
20240816,Belagavi,15.8497,74.4977,24.14,92.0,2.21,3.7966
20240817,Belagavi,15.8497,74.4977,24.48,90.54,2.29,3.9122
20240818,Belagavi,15.8497,74.4977,25.34,90.82,2.17,4.6102
20240819,Belagavi,15.8497,74.4977,25.38,90.59,1.57,3.1358
20240820,Belagavi,15.8497,74.4977,25.2,88.17,1.16,4.4254
20240821,Belagavi,15.8497,74.4977,25.68,85.79,1.95,4.6195
20240822,Belagavi,15.8497,74.4977,24.35,91.95,3.63,3.5446
20240823,Belagavi,15.8497,74.4977,24.41,92.69,4.49,3.7423
20240824,Belagavi,15.8497,74.4977,23.58,96.18,4.46,1.3673
20240825,Belagavi,15.8497,74.4977,23.07,95.53,4.35,2.9995
20240826,Belagavi,15.8497,74.4977,23.45,93.77,5.11,3.7282
20240827,Belagavi,15.8497,74.4977,23.61,92.56,5.24,3.4037
20240828,Belagavi,15.8497,74.4977,23.56,92.49,5.03,3.8278
20240829,Belagavi,15.8497,74.4977,23.38,92.93,4.26,4.4544
20240830,Belagavi,15.8497,74.4977,23.48,92.96,3.37,4.0154
20240831,Belagavi,15.8497,74.4977,23.17,94.01,3.51,3.0312
20240901,Belagavi,15.8497,74.4977,23.04,94.52,3.83,2.0513
20240902,Belagavi,15.8497,74.4977,22.93,93.48,3.88,3.4135
20240903,Belagavi,15.8497,74.4977,23.67,92.4,4.19,3.0024
20240904,Belagavi,15.8497,74.4977,23.55,92.36,4.21,3.9888
20240905,Belagavi,15.8497,74.4977,23.68,91.84,4.08,4.0699
20240906,Belagavi,15.8497,74.4977,23.45,91.7,3.72,4.2425
20240907,Belagavi,15.8497,74.4977,23.14,93.63,3.2,4.1146
20240908,Belagavi,15.8497,74.4977,23.34,93.54,3.26,3.365
20240909,Belagavi,15.8497,74.4977,23.54,93.47,3.57,4.3606
20240910,Belagavi,15.8497,74.4977,23.2,92.58,3.51,4.403
20240911,Belagavi,15.8497,74.4977,23.3,91.25,3.67,3.935
20240912,Belagavi,15.8497,74.4977,22.96,91.01,3.28,5.4679
20240913,Belagavi,15.8497,74.4977,22.43,91.25,2.68,4.8168
20240914,Belagavi,15.8497,74.4977,22.9,90.01,2.9,5.5387
20240915,Belagavi,15.8497,74.4977,22.79,90.62,2.89,5.4161
20240916,Belagavi,15.8497,74.4977,23.25,90.37,2.71,4.7731
20240917,Belagavi,15.8497,74.4977,22.93,88.79,2.44,5.6045
20240918,Belagavi,15.8497,74.4977,22.33,88.31,2.07,5.844
20240919,Belagavi,15.8497,74.4977,22.73,87.13,1.51,5.8128
20240920,Belagavi,15.8497,74.4977,23.22,87.05,1.48,5.4835
20240921,Belagavi,15.8497,74.4977,23.49,88.39,1.66,4.7777
20240922,Belagavi,15.8497,74.4977,23.53,92.77,1.91,3.4145
20240923,Belagavi,15.8497,74.4977,24.14,92.77,2.64,3.6394
20240924,Belagavi,15.8497,74.4977,23.59,94.54,3.49,2.2123
20240925,Belagavi,15.8497,74.4977,22.43,93.5,3.27,2.7319
20240926,Belagavi,15.8497,74.4977,22.67,92.31,3.88,3.2518
20240927,Belagavi,15.8497,74.4977,22.76,91.15,3.33,3.7186
20240928,Belagavi,15.8497,74.4977,23.33,91.56,2.21,4.5194
20240929,Belagavi,15.8497,74.4977,23.98,88.54,1.41,5.7408
20240930,Belagavi,15.8497,74.4977,24.81,88.0,1.07,5.2284
20241001,Belagavi,15.8497,74.4977,25.36,84.75,1.04,5.4012
20241002,Belagavi,15.8497,74.4977,25.11,88.06,1.36,5.0062
20241003,Belagavi,15.8497,74.4977,24.36,90.8,1.68,4.4681
20241004,Belagavi,15.8497,74.4977,24.05,89.69,1.64,5.1346
20241005,Belagavi,15.8497,74.4977,24.25,88.86,1.3,5.0638
20241006,Belagavi,15.8497,74.4977,24.0,87.46,1.92,4.8852
20241007,Belagavi,15.8497,74.4977,23.69,86.59,1.93,5.1564
20241008,Belagavi,15.8497,74.4977,23.26,89.18,1.96,4.4203
20241009,Belagavi,15.8497,74.4977,23.81,90.71,1.84,3.0854
20241010,Belagavi,15.8497,74.4977,23.94,91.49,1.95,3.9684
20241011,Belagavi,15.8497,74.4977,23.93,92.54,1.92,4.2982
20241012,Belagavi,15.8497,74.4977,24.13,91.35,1.4,4.0582
20241013,Belagavi,15.8497,74.4977,24.56,89.24,1.84,4.6231
20241014,Belagavi,15.8497,74.4977,24.17,89.15,1.76,4.4887
20241015,Belagavi,15.8497,74.4977,23.46,90.68,1.73,3.0305
20241016,Belagavi,15.8497,74.4977,23.74,91.94,2.44,3.0425
20241017,Belagavi,15.8497,74.4977,24.02,91.23,1.59,2.2613
20241018,Belagavi,15.8497,74.4977,23.09,94.48,1.58,2.9582
20241019,Belagavi,15.8497,74.4977,22.69,88.17,0.9,4.08
20241020,Belagavi,15.8497,74.4977,21.82,90.59,2.29,4.2012
20241021,Belagavi,15.8497,74.4977,23.22,89.39,2.1,3.7181
20241022,Belagavi,15.8497,74.4977,24.03,85.89,1.41,4.1064
20241023,Belagavi,15.8497,74.4977,24.12,87.89,1.48,5.1895
20241024,Belagavi,15.8497,74.4977,23.94,82.84,1.71,4.5091
20241025,Belagavi,15.8497,74.4977,23.06,82.44,1.39,5.0921
20241026,Belagavi,15.8497,74.4977,22.57,81.65,1.26,5.5378
20241027,Belagavi,15.8497,74.4977,22.22,83.35,1.45,5.4374
20241028,Belagavi,15.8497,74.4977,22.43,85.87,1.28,4.5931
20241029,Belagavi,15.8497,74.4977,23.16,86.1,1.12,4.452
20241030,Belagavi,15.8497,74.4977,23.29,83.99,0.84,3.3346
20241031,Belagavi,15.8497,74.4977,23.79,88.32,1.8,4.2343
20241101,Belagavi,15.8497,74.4977,23.87,89.3,1.59,4.5931
20241102,Belagavi,15.8497,74.4977,23.35,88.26,1.86,4.7966
20241103,Belagavi,15.8497,74.4977,23.57,89.17,2.17,4.9358
20241104,Belagavi,15.8497,74.4977,23.47,87.53,2.17,4.6387
20241105,Belagavi,15.8497,74.4977,22.2,84.59,2.46,5.0698
20241106,Belagavi,15.8497,74.4977,21.3,76.04,2.09,5.4758
20241107,Belagavi,15.8497,74.4977,20.86,80.53,1.98,5.4106
20241108,Belagavi,15.8497,74.4977,20.82,79.9,2.26,5.4542
20241109,Belagavi,15.8497,74.4977,21.69,83.07,2.19,4.8602
20241110,Belagavi,15.8497,74.4977,21.57,83.26,1.95,5.1821
20241111,Belagavi,15.8497,74.4977,20.39,79.79,2.08,4.7959
20241112,Belagavi,15.8497,74.4977,20.47,82.36,2.46,4.8972
20241113,Belagavi,15.8497,74.4977,22.51,87.08,2.97,4.6238
20241114,Belagavi,15.8497,74.4977,23.63,87.74,2.56,4.3939
20241115,Belagavi,15.8497,74.4977,23.61,89.35,1.98,3.5314
20241116,Belagavi,15.8497,74.4977,23.67,86.19,2.52,4.5391
20241117,Belagavi,15.8497,74.4977,21.47,80.3,2.85,4.427
20241118,Belagavi,15.8497,74.4977,19.1,74.61,2.8,4.9282
20241119,Belagavi,15.8497,74.4977,18.82,80.51,2.54,4.5365
20241120,Belagavi,15.8497,74.4977,18.79,79.76,2.35,5.0842
20241121,Belagavi,15.8497,74.4977,18.89,78.68,2.21,5.034
20241122,Belagavi,15.8497,74.4977,19.04,78.56,1.98,4.8132
20241123,Belagavi,15.8497,74.4977,19.2,81.28,1.8,4.6644
20241124,Belagavi,15.8497,74.4977,19.1,78.91,1.98,4.7376
20241125,Belagavi,15.8497,74.4977,18.71,81.4,2.5,4.6358
20241126,Belagavi,15.8497,74.4977,18.73,79.82,2.56,4.8046
20241127,Belagavi,15.8497,74.4977,19.3,79.95,2.8,4.2245
20241128,Belagavi,15.8497,74.4977,18.18,76.78,3.24,4.9942
20241129,Belagavi,15.8497,74.4977,18.42,74.78,2.79,5.2894
20241130,Belagavi,15.8497,74.4977,20.83,83.85,2.48,4.0466
20241201,Belagavi,15.8497,74.4977,22.4,87.22,1.73,3.8244
20241202,Belagavi,15.8497,74.4977,22.94,87.82,2.16,2.436
20241203,Belagavi,15.8497,74.4977,23.35,87.77,3.57,1.9541
20241204,Belagavi,15.8497,74.4977,23.68,85.66,2.45,3.3715
20241205,Belagavi,15.8497,74.4977,23.81,85.52,1.9,3.937
20241206,Belagavi,15.8497,74.4977,24.05,83.89,1.34,3.8966
20241207,Belagavi,15.8497,74.4977,23.14,88.22,1.0,3.7102
20241208,Belagavi,15.8497,74.4977,22.68,88.19,1.47,3.4906
20241209,Belagavi,15.8497,74.4977,22.06,85.87,1.8,4.2331
20241210,Belagavi,15.8497,74.4977,22.99,85.76,2.09,3.8902
20241211,Belagavi,15.8497,74.4977,20.93,76.54,2.54,4.5878
20241212,Belagavi,15.8497,74.4977,21.27,78.05,2.11,4.8194
20241213,Belagavi,15.8497,74.4977,21.43,80.16,2.86,4.1201
20241214,Belagavi,15.8497,74.4977,20.07,73.64,3.06,4.369
20241215,Belagavi,15.8497,74.4977,19.29,74.59,2.88,4.7741
20241216,Belagavi,15.8497,74.4977,17.83,64.66,2.6,5.1451
20241217,Belagavi,15.8497,74.4977,18.26,62.93,1.87,5.1862
20241218,Belagavi,15.8497,74.4977,20.03,62.6,1.65,4.7011
20241219,Belagavi,15.8497,74.4977,21.92,77.5,1.57,4.5852
20241220,Belagavi,15.8497,74.4977,21.46,79.37,1.08,3.9173
20241221,Belagavi,15.8497,74.4977,21.25,82.19,1.1,3.8933
20241222,Belagavi,15.8497,74.4977,21.4,83.22,1.23,4.1652
20241223,Belagavi,15.8497,74.4977,21.27,82.35,1.08,3.8594
20241224,Belagavi,15.8497,74.4977,21.6,81.28,1.61,4.2929
20241225,Belagavi,15.8497,74.4977,22.02,78.12,1.26,4.1369
20241226,Belagavi,15.8497,74.4977,23.02,75.74,1.96,3.84
20241227,Belagavi,15.8497,74.4977,23.84,77.32,2.87,3.9252
20241228,Belagavi,15.8497,74.4977,23.51,73.58,1.89,5.2442
20241229,Belagavi,15.8497,74.4977,22.75,71.02,2.01,5.1703
20241230,Belagavi,15.8497,74.4977,21.82,61.73,2.48,5.3035
20241231,Belagavi,15.8497,74.4977,21.48,61.97,2.93,5.0304
20250101,Belagavi,15.8497,74.4977,21.24,66.07,2.94,4.41
20250102,Belagavi,15.8497,74.4977,20.91,58.74,3.25,4.5953
20250103,Belagavi,15.8497,74.4977,19.77,47.72,3.08,4.6745
20250104,Belagavi,15.8497,74.4977,21.1,51.63,2.59,5.4084
20250105,Belagavi,15.8497,74.4977,20.55,56.4,1.45,5.2723
20250106,Belagavi,15.8497,74.4977,20.75,56.57,1.18,5.3498
20250107,Belagavi,15.8497,74.4977,20.87,52.9,1.6,5.1893
20250108,Belagavi,15.8497,74.4977,19.64,54.65,2.51,4.8086
20250109,Belagavi,15.8497,74.4977,19.74,52.33,2.7,4.8526
20250110,Belagavi,15.8497,74.4977,21.09,66.58,2.13,4.1724
20250111,Belagavi,15.8497,74.4977,22.05,71.71,1.42,4.181
20250112,Belagavi,15.8497,74.4977,22.78,70.01,1.25,4.3836
20250113,Belagavi,15.8497,74.4977,23.73,62.52,1.8,4.7832
20250114,Belagavi,15.8497,74.4977,23.34,67.47,1.81,4.4287
20250115,Belagavi,15.8497,74.4977,22.41,71.78,2.18,4.3433
20250116,Belagavi,15.8497,74.4977,23.31,67.0,2.31,4.4489
20250117,Belagavi,15.8497,74.4977,22.91,57.99,3.33,4.5917
20250118,Belagavi,15.8497,74.4977,22.06,58.66,3.11,4.1971
20250119,Belagavi,15.8497,74.4977,22.33,51.78,2.93,5.0628
20250120,Belagavi,15.8497,74.4977,22.26,44.19,2.76,5.3654
20250121,Belagavi,15.8497,74.4977,21.93,39.64,2.31,5.6753
20250122,Belagavi,15.8497,74.4977,23.26,44.71,1.76,5.8154
20250123,Belagavi,15.8497,74.4977,23.58,51.59,1.6,5.5685
20250124,Belagavi,15.8497,74.4977,24.17,51.73,1.85,5.8524
20250125,Belagavi,15.8497,74.4977,23.76,41.69,2.45,6.2153
20250126,Belagavi,15.8497,74.4977,23.27,37.81,2.46,6.0756
20250127,Belagavi,15.8497,74.4977,23.85,41.01,2.13,5.635
20250128,Belagavi,15.8497,74.4977,23.89,42.41,1.33,5.2932
20250129,Belagavi,15.8497,74.4977,23.77,42.98,1.94,5.1206
20250130,Belagavi,15.8497,74.4977,23.67,43.68,1.73,5.8678
20250131,Belagavi,15.8497,74.4977,24.1,47.6,1.16,6.0283
20250201,Belagavi,15.8497,74.4977,24.06,52.56,1.15,5.8795
20250202,Belagavi,15.8497,74.4977,24.92,43.95,1.19,5.5409
20250203,Belagavi,15.8497,74.4977,24.52,40.24,1.55,6.1538
20250204,Belagavi,15.8497,74.4977,24.39,39.62,1.82,6.2659
20250205,Belagavi,15.8497,74.4977,24.87,42.14,1.68,6.097
20250206,Belagavi,15.8497,74.4977,24.84,42.86,1.83,6.0518
20250207,Belagavi,15.8497,74.4977,25.41,40.93,1.93,5.7734
20250208,Belagavi,15.8497,74.4977,25.58,39.74,1.67,5.6626
20250209,Belagavi,15.8497,74.4977,25.34,41.43,1.59,5.4413
20250210,Belagavi,15.8497,74.4977,25.84,46.96,1.23,5.3626
20250211,Belagavi,15.8497,74.4977,25.9,45.95,1.61,5.4334
20250212,Belagavi,15.8497,74.4977,26.14,37.6,1.9,5.8212
20250213,Belagavi,15.8497,74.4977,26.34,24.66,2.15,6.1126
20250214,Belagavi,15.8497,74.4977,25.33,25.47,2.23,6.1908
20250215,Belagavi,15.8497,74.4977,25.67,26.15,2.31,6.4637
20250216,Belagavi,15.8497,74.4977,25.87,25.34,2.13,6.5388
20250217,Belagavi,15.8497,74.4977,26.2,31.62,1.77,6.3828
20250218,Belagavi,15.8497,74.4977,27.01,41.85,1.21,6.1841
20250219,Belagavi,15.8497,74.4977,26.53,47.11,1.67,5.8421
20250220,Belagavi,15.8497,74.4977,26.78,38.09,1.55,5.7497
20250221,Belagavi,15.8497,74.4977,26.95,35.16,2.26,5.3467
20250222,Belagavi,15.8497,74.4977,27.23,28.9,2.16,5.4845
20250223,Belagavi,15.8497,74.4977,26.95,27.17,2.1,5.7838
20250224,Belagavi,15.8497,74.4977,26.26,21.97,3.04,6.6902
20250225,Belagavi,15.8497,74.4977,25.99,27.41,3.03,5.2848
20250226,Belagavi,15.8497,74.4977,26.54,30.5,3.05,6.4284
20250227,Belagavi,15.8497,74.4977,27.11,35.13,2.78,6.3046
20250228,Belagavi,15.8497,74.4977,27.64,34.13,1.83,5.8116
20250301,Belagavi,15.8497,74.4977,27.83,35.1,2.38,6.5098
20250302,Belagavi,15.8497,74.4977,28.07,28.32,1.57,6.5736
20250303,Belagavi,15.8497,74.4977,28.85,26.47,2.21,6.1651
20250304,Belagavi,15.8497,74.4977,28.78,21.61,2.91,6.4999
20250305,Belagavi,15.8497,74.4977,28.02,23.55,2.58,5.7418
20250306,Belagavi,15.8497,74.4977,27.62,15.07,2.26,7.1201
20250307,Belagavi,15.8497,74.4977,26.69,14.09,1.98,7.3769
20250308,Belagavi,15.8497,74.4977,27.38,27.37,1.55,7.1383
20250309,Belagavi,15.8497,74.4977,27.78,31.01,1.45,6.8227
20250310,Belagavi,15.8497,74.4977,28.45,30.07,3.34,6.553
20250311,Belagavi,15.8497,74.4977,27.86,29.87,3.36,6.8021
20250312,Belagavi,15.8497,74.4977,28.08,30.21,2.58,6.8402
20250313,Belagavi,15.8497,74.4977,28.28,49.28,1.4,6.3437
20250314,Belagavi,15.8497,74.4977,28.8,51.42,1.51,6.2398
20250315,Belagavi,15.8497,74.4977,28.38,49.95,1.96,6.1774
20250316,Belagavi,15.8497,74.4977,29.39,41.22,1.42,6.7798
20250317,Belagavi,15.8497,74.4977,28.29,52.96,1.68,5.7403
20250318,Belagavi,15.8497,74.4977,29.08,48.78,1.63,6.6559
20250319,Belagavi,15.8497,74.4977,29.1,41.73,1.58,6.4462
20250320,Belagavi,15.8497,74.4977,29.21,40.38,2.26,6.4212
20250321,Belagavi,15.8497,74.4977,29.02,35.99,2.29,6.5796
20250322,Belagavi,15.8497,74.4977,27.91,38.93,2.05,7.201
20250323,Belagavi,15.8497,74.4977,28.4,39.06,1.53,7.062
20250324,Belagavi,15.8497,74.4977,29.55,43.26,1.51,5.8301
20250325,Belagavi,15.8497,74.4977,29.65,46.29,1.42,5.1067
20250326,Belagavi,15.8497,74.4977,29.04,48.78,2.23,6.2846
20250327,Belagavi,15.8497,74.4977,29.13,42.47,2.77,6.4445
20250328,Belagavi,15.8497,74.4977,30.13,33.84,1.89,6.6264
20250329,Belagavi,15.8497,74.4977,29.79,40.95,1.87,5.7907
20250330,Belagavi,15.8497,74.4977,29.78,47.22,1.88,5.8303
20250331,Belagavi,15.8497,74.4977,29.45,48.77,1.59,5.3242
20250401,Belagavi,15.8497,74.4977,29.36,48.61,1.11,5.6611
20250402,Belagavi,15.8497,74.4977,29.34,46.98,1.64,6.4543
20250403,Belagavi,15.8497,74.4977,28.51,58.1,1.65,4.998
20250404,Belagavi,15.8497,74.4977,29.22,51.44,1.66,6.583
20250405,Belagavi,15.8497,74.4977,30.02,44.66,2.28,5.0592
20250406,Belagavi,15.8497,74.4977,29.72,51.21,1.61,5.7422
20250407,Belagavi,15.8497,74.4977,30.36,43.93,1.31,6.1836
20250408,Belagavi,15.8497,74.4977,29.99,48.43,1.34,6.3845
20250409,Belagavi,15.8497,74.4977,29.8,49.86,1.17,6.5028
20250410,Belagavi,15.8497,74.4977,27.7,56.31,2.6,5.9983
20250411,Belagavi,15.8497,74.4977,27.74,57.77,2.37,6.4774
20250412,Belagavi,15.8497,74.4977,28.38,50.64,2.25,6.6096
20250413,Belagavi,15.8497,74.4977,28.96,45.47,2.19,7.3147
20250414,Belagavi,15.8497,74.4977,30.07,37.02,2.36,7.0382
20250415,Belagavi,15.8497,74.4977,30.36,34.11,1.83,6.9031
20250416,Belagavi,15.8497,74.4977,29.04,51.45,2.68,6.8434
20250417,Belagavi,15.8497,74.4977,29.3,55.24,2.46,6.696
20250418,Belagavi,15.8497,74.4977,28.99,59.09,2.42,6.4942
20250419,Belagavi,15.8497,74.4977,29.51,54.54,2.51,4.7606
20250420,Belagavi,15.8497,74.4977,29.94,47.56,2.15,5.5891
20250421,Belagavi,15.8497,74.4977,31.74,38.42,1.98,5.9846
20250422,Belagavi,15.8497,74.4977,31.11,47.56,1.78,5.8769
20250423,Belagavi,15.8497,74.4977,29.41,59.27,1.91,6.251
20250424,Belagavi,15.8497,74.4977,28.15,63.66,1.66,6.0982
20250425,Belagavi,15.8497,74.4977,28.28,64.39,1.54,6.0682
20250426,Belagavi,15.8497,74.4977,28.94,56.33,1.74,6.485
20250427,Belagavi,15.8497,74.4977,28.75,56.96,1.64,6.1154
20250428,Belagavi,15.8497,74.4977,29.21,54.58,2.06,6.8203
20250429,Belagavi,15.8497,74.4977,29.43,54.34,1.44,6.7522
20250430,Belagavi,15.8497,74.4977,30.34,46.69,2.31,6.8772
20250501,Belagavi,15.8497,74.4977,30.34,47.84,2.37,7.0783
20250502,Belagavi,15.8497,74.4977,30.32,48.98,2.23,7.1239
20250503,Belagavi,15.8497,74.4977,29.53,51.25,2.61,7.1441
20250504,Belagavi,15.8497,74.4977,28.7,50.94,3.35,7.4364
20250505,Belagavi,15.8497,74.4977,28.4,53.66,2.75,7.5338
20250506,Belagavi,15.8497,74.4977,26.99,55.24,2.35,7.2593
20250507,Belagavi,15.8497,74.4977,27.04,58.37,3.11,7.206
20250508,Belagavi,15.8497,74.4977,26.45,60.16,3.32,7.1753
20250509,Belagavi,15.8497,74.4977,26.96,59.88,2.84,6.8844
20250510,Belagavi,15.8497,74.4977,27.66,58.75,2.63,7.1117
20250511,Belagavi,15.8497,74.4977,27.94,59.03,2.56,6.3566
20250512,Belagavi,15.8497,74.4977,28.47,59.25,2.0,5.7653
20250513,Belagavi,15.8497,74.4977,27.12,71.05,1.89,5.4588
20250514,Belagavi,15.8497,74.4977,27.03,70.4,1.71,6.5429
20250515,Belagavi,15.8497,74.4977,26.74,72.65,1.67,4.6354
20250516,Belagavi,15.8497,74.4977,26.71,75.67,1.61,5.1722
20250517,Belagavi,15.8497,74.4977,27.26,72.65,1.8,5.2385
20250518,Belagavi,15.8497,74.4977,26.42,78.17,1.74,4.2696
20250519,Belagavi,15.8497,74.4977,26.27,79.77,2.26,4.1772
20250520,Belagavi,15.8497,74.4977,26.22,83.49,2.25,3.3646
20250521,Belagavi,15.8497,74.4977,26.83,81.54,1.34,1.9073
20250522,Belagavi,15.8497,74.4977,24.58,92.57,3.31,3.5268
20250523,Belagavi,15.8497,74.4977,24.29,92.16,4.41,2.628
20250524,Belagavi,15.8497,74.4977,23.86,91.45,4.63,2.8788
20250525,Belagavi,15.8497,74.4977,23.47,92.62,4.92,2.3786
20250526,Belagavi,15.8497,74.4977,22.51,91.32,5.67,2.7367
20250527,Belagavi,15.8497,74.4977,23.06,92.89,5.06,3.5491
20250528,Belagavi,15.8497,74.4977,23.46,89.89,4.29,1.661
20250529,Belagavi,15.8497,74.4977,24.05,93.17,4.24,2.8399
20250530,Belagavi,15.8497,74.4977,24.69,88.73,4.4,4.2564
20250531,Belagavi,15.8497,74.4977,24.58,86.8,4.03,5.6258
20250601,Belagavi,15.8497,74.4977,24.44,88.09,3.52,4.8298
20250602,Belagavi,15.8497,74.4977,24.65,87.66,3.59,4.7993
20250603,Belagavi,15.8497,74.4977,24.51,86.49,3.24,5.6784
20250604,Belagavi,15.8497,74.4977,24.27,86.84,3.0,4.8487
20250605,Belagavi,15.8497,74.4977,23.75,84.95,2.39,6.2993
20250606,Belagavi,15.8497,74.4977,24.31,86.12,2.45,6.2407
20250607,Belagavi,15.8497,74.4977,24.34,87.57,2.52,5.8375
20250608,Belagavi,15.8497,74.4977,24.3,88.14,2.78,5.173
20250609,Belagavi,15.8497,74.4977,24.35,87.43,3.23,4.081
20250610,Belagavi,15.8497,74.4977,24.58,86.35,3.48,5.1146
20250611,Belagavi,15.8497,74.4977,24.84,88.72,3.76,3.1507
20250612,Belagavi,15.8497,74.4977,24.03,93.01,3.34,1.9373
20250613,Belagavi,15.8497,74.4977,24.76,91.2,2.77,3.1373
20250614,Belagavi,15.8497,74.4977,23.92,93.4,4.48,3.2498
20250615,Belagavi,15.8497,74.4977,23.93,91.24,5.01,2.6278
20250616,Belagavi,15.8497,74.4977,24.27,91.85,6.32,3.3408
20250617,Belagavi,15.8497,74.4977,24.52,90.19,5.62,4.5223
20250618,Belagavi,15.8497,74.4977,24.64,90.11,5.52,4.487
20250619,Belagavi,15.8497,74.4977,24.12,90.8,5.49,4.3363
20250620,Belagavi,15.8497,74.4977,24.07,91.92,4.88,3.9079
20250621,Belagavi,15.8497,74.4977,24.13,90.72,4.79,4.7856
20250622,Belagavi,15.8497,74.4977,24.08,91.03,4.91,4.1585
20250623,Belagavi,15.8497,74.4977,23.95,91.65,5.76,2.4511
20250624,Belagavi,15.8497,74.4977,23.89,91.76,6.12,1.7837
20250625,Belagavi,15.8497,74.4977,24.02,92.07,6.11,2.0834
20250626,Belagavi,15.8497,74.4977,23.48,93.58,5.4,3.4685
20250627,Belagavi,15.8497,74.4977,24.0,91.58,5.52,2.933
20250628,Belagavi,15.8497,74.4977,23.67,91.42,5.04,4.3733
20250629,Belagavi,15.8497,74.4977,23.89,90.8,5.23,4.297
20250630,Belagavi,15.8497,74.4977,23.58,92.18,4.94,3.9103
20250701,Belagavi,15.8497,74.4977,23.25,93.87,4.3,3.8894
20250702,Belagavi,15.8497,74.4977,23.81,92.53,4.78,2.4744
20250703,Belagavi,15.8497,74.4977,23.36,93.52,4.97,1.9793
20250704,Belagavi,15.8497,74.4977,23.62,92.74,5.59,3.0396
20250705,Belagavi,15.8497,74.4977,23.66,92.54,5.84,3.8179
20250706,Belagavi,15.8497,74.4977,23.29,92.17,6.06,2.7806
20250707,Belagavi,15.8497,74.4977,23.31,92.07,5.46,3.7927
20250708,Belagavi,15.8497,74.4977,23.55,91.43,5.22,2.879
20250709,Belagavi,15.8497,74.4977,23.66,91.2,4.94,3.9413
20250710,Belagavi,15.8497,74.4977,23.67,90.24,3.89,4.1933
20250711,Belagavi,15.8497,74.4977,23.78,89.89,3.67,4.5079
20250712,Belagavi,15.8497,74.4977,23.71,90.11,3.76,4.0973
20250713,Belagavi,15.8497,74.4977,23.8,90.06,4.3,4.2132
20250714,Belagavi,15.8497,74.4977,23.87,90.8,5.25,3.6017
20250715,Belagavi,15.8497,74.4977,23.85,91.35,4.89,2.7374
20250716,Belagavi,15.8497,74.4977,23.68,91.64,4.23,4.2706
20250717,Belagavi,15.8497,74.4977,23.45,91.82,3.83,3.131
20250718,Belagavi,15.8497,74.4977,22.9,93.67,3.58,3.6847
20250719,Belagavi,15.8497,74.4977,23.31,92.07,3.51,3.7709
20250720,Belagavi,15.8497,74.4977,23.59,91.72,3.92,3.0989
20250721,Belagavi,15.8497,74.4977,23.51,92.34,4.06,3.0067
20250722,Belagavi,15.8497,74.4977,23.55,91.57,4.49,2.8022
20250723,Belagavi,15.8497,74.4977,23.27,93.05,5.22,2.6009
20250724,Belagavi,15.8497,74.4977,23.32,93.1,5.12,3.1255
20250725,Belagavi,15.8497,74.4977,23.17,95.13,5.67,2.3182
20250726,Belagavi,15.8497,74.4977,22.66,94.34,6.45,2.357
20250727,Belagavi,15.8497,74.4977,22.47,92.67,6.44,3.5712
20250728,Belagavi,15.8497,74.4977,22.49,91.17,6.21,3.7968
20250729,Belagavi,15.8497,74.4977,22.71,91.22,6.44,3.4927
20250730,Belagavi,15.8497,74.4977,22.82,91.23,5.53,3.6655
20250731,Belagavi,15.8497,74.4977,23.08,90.98,4.66,3.3504
20250801,Belagavi,15.8497,74.4977,23.29,90.05,3.84,3.7987
20250802,Belagavi,15.8497,74.4977,22.94,91.72,3.22,3.6818
20250803,Belagavi,15.8497,74.4977,23.54,89.52,2.67,4.6118
20250804,Belagavi,15.8497,74.4977,23.61,89.71,2.78,4.4129
20250805,Belagavi,15.8497,74.4977,23.79,90.45,2.69,3.9142
20250806,Belagavi,15.8497,74.4977,23.09,92.2,3.11,3.1248
20250807,Belagavi,15.8497,74.4977,23.34,92.59,2.38,3.9074
20250808,Belagavi,15.8497,74.4977,23.45,92.23,2.04,3.2052
20250809,Belagavi,15.8497,74.4977,23.22,90.02,2.02,4.17
20250810,Belagavi,15.8497,74.4977,22.45,90.79,2.06,3.1704
20250811,Belagavi,15.8497,74.4977,22.64,90.08,2.8,4.0747
20250812,Belagavi,15.8497,74.4977,22.07,91.03,2.72,2.9261
20250813,Belagavi,15.8497,74.4977,22.44,92.65,3.16,2.418
20250814,Belagavi,15.8497,74.4977,22.34,94.26,3.5,2.3482
20250815,Belagavi,15.8497,74.4977,22.78,93.32,4.48,2.3268
20250816,Belagavi,15.8497,74.4977,22.68,93.68,4.48,3.1572
20250817,Belagavi,15.8497,74.4977,22.73,94.97,5.05,2.3206
20250818,Belagavi,15.8497,74.4977,21.94,95.75,5.38,1.8703
20250819,Belagavi,15.8497,74.4977,21.82,95.87,5.7,1.565
20250820,Belagavi,15.8497,74.4977,21.93,94.24,5.04,2.9333
20250821,Belagavi,15.8497,74.4977,22.6,92.39,4.13,4.2038
20250822,Belagavi,15.8497,74.4977,22.43,93.0,3.37,4.4947
20250823,Belagavi,15.8497,74.4977,22.34,92.37,3.64,4.4839
20250824,Belagavi,15.8497,74.4977,22.19,91.49,3.86,4.8986
20250825,Belagavi,15.8497,74.4977,22.14,91.18,3.62,4.9829
20250826,Belagavi,15.8497,74.4977,22.98,92.78,3.97,2.8932
20250827,Belagavi,15.8497,74.4977,23.03,93.48,4.05,2.6494
20250828,Belagavi,15.8497,74.4977,23.19,92.95,3.86,2.7341
20250829,Belagavi,15.8497,74.4977,22.92,95.27,3.56,2.5553
20250830,Belagavi,15.8497,74.4977,23.16,92.46,3.91,3.6617
20250831,Belagavi,15.8497,74.4977,23.17,92.06,4.04,3.0756
20250901,Belagavi,15.8497,74.4977,22.72,92.11,4.32,3.3986
20250902,Belagavi,15.8497,74.4977,22.36,94.19,4.01,2.4602
20250903,Belagavi,15.8497,74.4977,23.04,91.79,4.11,3.8527
20250904,Belagavi,15.8497,74.4977,23.11,91.08,4.22,3.306
20250905,Belagavi,15.8497,74.4977,22.8,90.52,3.25,4.7664
20250906,Belagavi,15.8497,74.4977,22.48,90.96,2.71,4.9766
20250907,Belagavi,15.8497,74.4977,22.12,90.86,2.75,4.3502
20250908,Belagavi,15.8497,74.4977,22.49,90.59,2.15,3.9946
20250909,Belagavi,15.8497,74.4977,23.2,88.79,1.78,5.388
20250910,Belagavi,15.8497,74.4977,23.24,88.67,1.83,5.8582
20250911,Belagavi,15.8497,74.4977,22.24,90.26,2.09,3.553
20250912,Belagavi,15.8497,74.4977,22.51,90.78,2.02,4.049
20250913,Belagavi,15.8497,74.4977,23.0,89.8,2.17,2.519
20250914,Belagavi,15.8497,74.4977,23.02,90.85,2.28,3.7042
20250915,Belagavi,15.8497,74.4977,22.48,92.82,2.8,2.6148
20250916,Belagavi,15.8497,74.4977,22.79,92.39,1.94,2.6866
20250917,Belagavi,15.8497,74.4977,23.61,89.51,1.89,3.3408
20250918,Belagavi,15.8497,74.4977,22.82,94.07,2.49,3.4606
20250919,Belagavi,15.8497,74.4977,22.74,91.97,2.37,3.7459
20250920,Belagavi,15.8497,74.4977,23.21,90.54,2.39,3.7394
20250921,Belagavi,15.8497,74.4977,23.17,91.22,2.32,4.2562
20250922,Belagavi,15.8497,74.4977,22.61,92.29,2.59,4.5578
20250923,Belagavi,15.8497,74.4977,22.43,89.64,2.5,2.777
20250924,Belagavi,15.8497,74.4977,22.33,90.48,2.52,4.2461
20250925,Belagavi,15.8497,74.4977,22.6,89.85,2.36,4.6145
20250926,Belagavi,15.8497,74.4977,22.05,92.4,2.54,2.1542
20250927,Belagavi,15.8497,74.4977,21.22,93.5,3.46,1.9927
20250928,Belagavi,15.8497,74.4977,22.28,92.33,3.9,3.1462
20250929,Belagavi,15.8497,74.4977,22.93,90.8,3.7,3.095
20250930,Belagavi,15.8497,74.4977,22.57,91.11,3.24,4.0075
20251001,Belagavi,15.8497,74.4977,22.75,91.15,3.19,4.093
20251002,Belagavi,15.8497,74.4977,22.76,92.15,2.54,4.6003
20251003,Belagavi,15.8497,74.4977,23.05,90.27,2.08,4.859
20251004,Belagavi,15.8497,74.4977,23.12,89.58,1.81,5.2157
20251005,Belagavi,15.8497,74.4977,22.74,89.05,1.89,5.0047
20251006,Belagavi,15.8497,74.4977,22.24,89.13,1.98,5.6539
20251007,Belagavi,15.8497,74.4977,22.87,88.94,1.54,4.9654
20251008,Belagavi,15.8497,74.4977,23.77,87.17,1.24,5.281
20251009,Belagavi,15.8497,74.4977,23.88,87.12,1.43,4.553
20251010,Belagavi,15.8497,74.4977,23.66,82.48,1.85,4.9399
20251011,Belagavi,15.8497,74.4977,23.08,81.92,1.9,4.9462
20251012,Belagavi,15.8497,74.4977,22.19,79.96,2.37,6.1538
20251013,Belagavi,15.8497,74.4977,21.7,81.33,2.35,5.7703
20251014,Belagavi,15.8497,74.4977,22.75,85.44,2.47,5.3177
20251015,Belagavi,15.8497,74.4977,23.4,89.25,2.3,4.5902
20251016,Belagavi,15.8497,74.4977,23.59,85.5,3.05,5.7372
20251017,Belagavi,15.8497,74.4977,23.12,85.83,3.43,5.0724
20251018,Belagavi,15.8497,74.4977,23.02,86.28,2.64,5.3237
20251019,Belagavi,15.8497,74.4977,22.47,86.13,2.62,4.9157
20251020,Belagavi,15.8497,74.4977,23.15,87.84,2.81,4.8511
20251021,Belagavi,15.8497,74.4977,23.45,87.36,3.29,5.3486
20251022,Belagavi,15.8497,74.4977,23.39,87.74,3.61,4.0126
20251023,Belagavi,15.8497,74.4977,22.96,90.17,3.2,3.0722
20251024,Belagavi,15.8497,74.4977,22.98,92.38,1.85,2.477
20251025,Belagavi,15.8497,74.4977,22.4,88.06,2.37,3.8818
20251026,Belagavi,15.8497,74.4977,22.85,89.88,2.35,3.0218
20251027,Belagavi,15.8497,74.4977,22.54,95.63,2.32,2.8673
20251028,Belagavi,15.8497,74.4977,22.36,91.53,2.08,3.935
20251029,Belagavi,15.8497,74.4977,22.2,94.14,2.61,2.1334
20251030,Belagavi,15.8497,74.4977,21.85,91.63,3.07,4.7076
20251031,Belagavi,15.8497,74.4977,20.95,93.24,2.38,1.8362
20251101,Belagavi,15.8497,74.4977,22.35,92.24,2.21,3.4973
20251102,Belagavi,15.8497,74.4977,22.27,90.96,1.83,4.9913
20251103,Belagavi,15.8497,74.4977,22.34,89.8,1.61,4.8701
20251104,Belagavi,15.8497,74.4977,22.21,89.65,1.65,4.0454
20251105,Belagavi,15.8497,74.4977,20.89,86.99,1.53,4.8593
20251106,Belagavi,15.8497,74.4977,20.76,89.4,1.07,4.9534
20251107,Belagavi,15.8497,74.4977,21.68,86.27,1.59,4.4057
20251108,Belagavi,15.8497,74.4977,20.78,76.96,1.89,5.6918
20251109,Belagavi,15.8497,74.4977,18.04,71.29,1.93,5.772
20251110,Belagavi,15.8497,74.4977,18.53,72.36,1.51,5.6201
20251111,Belagavi,15.8497,74.4977,19.04,74.09,1.36,5.335
20251112,Belagavi,15.8497,74.4977,19.05,80.12,2.16,5.261
20251113,Belagavi,15.8497,74.4977,19.46,79.98,2.55,5.3486
20251114,Belagavi,15.8497,74.4977,17.52,74.6,2.62,5.5855
20251115,Belagavi,15.8497,74.4977,16.85,79.44,2.61,5.664
20251116,Belagavi,15.8497,74.4977,17.23,78.55,2.96,5.6059
20251117,Belagavi,15.8497,74.4977,16.34,76.4,3.04,5.7458
20251118,Belagavi,15.8497,74.4977,17.19,75.78,2.89,5.5918
20251119,Belagavi,15.8497,74.4977,19.21,80.34,2.39,4.8046
20251120,Belagavi,15.8497,74.4977,17.88,75.46,2.7,5.4653
20251121,Belagavi,15.8497,74.4977,20.06,80.78,2.54,5.4634
20251122,Belagavi,15.8497,74.4977,21.99,87.45,2.52,4.3891
20251123,Belagavi,15.8497,74.4977,22.74,82.5,2.01,4.9378
20251124,Belagavi,15.8497,74.4977,22.54,86.4,1.9,4.1642
20251125,Belagavi,15.8497,74.4977,21.46,81.27,2.58,4.2931
20251126,Belagavi,15.8497,74.4977,19.63,80.58,2.82,4.0351
20251127,Belagavi,15.8497,74.4977,19.69,79.41,2.95,4.9046
20251128,Belagavi,15.8497,74.4977,19.79,79.86,2.8,4.6586
20251129,Belagavi,15.8497,74.4977,18.23,71.94,2.67,4.4741
20251130,Belagavi,15.8497,74.4977,20.2,81.43,2.19,4.8799
20251201,Belagavi,15.8497,74.4977,20.02,77.93,2.1,4.9867
20251202,Belagavi,15.8497,74.4977,20.22,79.24,1.81,4.3858
20251203,Belagavi,15.8497,74.4977,21.6,80.74,2.74,4.7945
20251204,Belagavi,15.8497,74.4977,22.33,83.6,2.99,3.8148
20251205,Belagavi,15.8497,74.4977,21.7,83.88,3.11,3.145
20251206,Belagavi,15.8497,74.4977,20.25,78.14,2.9,3.7574
20251207,Belagavi,15.8497,74.4977,19.86,78.4,2.94,4.5278
20251208,Belagavi,15.8497,74.4977,18.57,72.7,2.75,4.8293
20251209,Belagavi,15.8497,74.4977,17.67,66.76,3.23,5.4588
20251210,Belagavi,15.8497,74.4977,17.74,61.45,3.54,5.497
20251211,Belagavi,15.8497,74.4977,17.22,60.29,3.05,5.5738
20251212,Belagavi,15.8497,74.4977,17.32,57.52,2.59,5.4689
20251213,Belagavi,15.8497,74.4977,18.16,57.02,2.18,5.4396
20251214,Belagavi,15.8497,74.4977,18.31,64.3,2.55,5.2346
20251215,Belagavi,15.8497,74.4977,18.18,68.54,2.9,4.9853
20251216,Belagavi,15.8497,74.4977,19.09,68.92,2.73,5.0028
20251217,Belagavi,15.8497,74.4977,20.75,69.68,2.94,5.0141
20251218,Belagavi,15.8497,74.4977,18.82,61.5,3.0,5.3218
20251219,Belagavi,15.8497,74.4977,17.6,57.78,3.1,4.9126
20251220,Belagavi,15.8497,74.4977,17.65,56.56,2.58,5.1989
20251221,Belagavi,15.8497,74.4977,18.59,60.39,2.53,4.8696
20251222,Belagavi,15.8497,74.4977,18.64,69.2,2.55,4.7326
20251223,Belagavi,15.8497,74.4977,18.7,66.33,2.67,4.7398
20251224,Belagavi,15.8497,74.4977,18.25,62.63,2.54,4.915
20251225,Belagavi,15.8497,74.4977,18.75,64.0,2.21,4.7004
20251226,Belagavi,15.8497,74.4977,19.08,64.96,2.03,4.9346
20251227,Belagavi,15.8497,74.4977,19.13,66.77,2.6,4.8367
20251228,Belagavi,15.8497,74.4977,18.94,64.33,2.55,4.8878
20251229,Belagavi,15.8497,74.4977,19.6,62.77,2.21,4.8871
20251230,Belagavi,15.8497,74.4977,19.73,63.9,1.36,4.7863
20251231,Belagavi,15.8497,74.4977,19.55,66.38,1.23,4.679
