Date,District,Latitude,Longitude,Temperature,Humidity,WindSpeed,GHI
20200101,Bengaluru Urban,12.9716,77.5946,22.9,74.47,2.45,3.2345
20200102,Bengaluru Urban,12.9716,77.5946,23.45,73.02,2.32,4.0279
20200103,Bengaluru Urban,12.9716,77.5946,23.88,72.03,1.85,4.9488
20200104,Bengaluru Urban,12.9716,77.5946,24.38,72.06,1.39,4.745
20200105,Bengaluru Urban,12.9716,77.5946,24.15,74.21,1.86,4.6673
20200106,Bengaluru Urban,12.9716,77.5946,23.64,72.34,3.25,3.7903
20200107,Bengaluru Urban,12.9716,77.5946,22.47,70.75,3.05,4.9126
20200108,Bengaluru Urban,12.9716,77.5946,22.33,69.04,1.88,5.6791
20200109,Bengaluru Urban,12.9716,77.5946,22.58,69.05,1.74,5.4005
20200110,Bengaluru Urban,12.9716,77.5946,21.96,71.28,3.18,5.5524
20200111,Bengaluru Urban,12.9716,77.5946,21.19,65.59,3.0,6.0418
20200112,Bengaluru Urban,12.9716,77.5946,21.36,68.71,2.71,5.4324
20200113,Bengaluru Urban,12.9716,77.5946,21.96,68.12,1.22,5.1994
20200114,Bengaluru Urban,12.9716,77.5946,21.46,63.42,2.0,5.7816
20200115,Bengaluru Urban,12.9716,77.5946,20.44,60.38,2.46,5.9974
20200116,Bengaluru Urban,12.9716,77.5946,20.43,64.36,2.35,5.9659
20200117,Bengaluru Urban,12.9716,77.5946,21.52,66.75,2.6,5.8462
20200118,Bengaluru Urban,12.9716,77.5946,23.1,71.85,3.11,4.3253
20200119,Bengaluru Urban,12.9716,77.5946,23.48,68.94,2.45,5.0335
20200120,Bengaluru Urban,12.9716,77.5946,23.02,61.73,2.85,5.8985
20200121,Bengaluru Urban,12.9716,77.5946,21.87,59.43,3.01,6.1747
20200122,Bengaluru Urban,12.9716,77.5946,21.97,64.36,3.37,6.1577
20200123,Bengaluru Urban,12.9716,77.5946,22.6,62.42,3.12,6.0622
20200124,Bengaluru Urban,12.9716,77.5946,22.12,56.4,2.68,6.3374
20200125,Bengaluru Urban,12.9716,77.5946,21.42,50.77,2.18,6.4589
20200126,Bengaluru Urban,12.9716,77.5946,22.09,54.92,2.11,6.4049
20200127,Bengaluru Urban,12.9716,77.5946,22.83,54.76,2.03,6.1754
20200128,Bengaluru Urban,12.9716,77.5946,23.76,56.05,2.31,5.9141
20200129,Bengaluru Urban,12.9716,77.5946,23.81,56.6,1.95,6.2148
20200130,Bengaluru Urban,12.9716,77.5946,24.26,55.7,1.52,6.2995
20200131,Bengaluru Urban,12.9716,77.5946,24.1,56.0,2.25,6.3
20200201,Bengaluru Urban,12.9716,77.5946,23.78,60.85,3.52,5.8836
20200202,Bengaluru Urban,12.9716,77.5946,23.64,58.44,3.53,5.9791
20200203,Bengaluru Urban,12.9716,77.5946,23.56,55.58,2.97,6.4126
20200204,Bengaluru Urban,12.9716,77.5946,23.61,57.31,2.93,6.3211
20200205,Bengaluru Urban,12.9716,77.5946,23.76,57.31,2.66,5.4391
20200206,Bengaluru Urban,12.9716,77.5946,24.04,54.94,2.21,5.6782
20200207,Bengaluru Urban,12.9716,77.5946,24.51,56.61,2.74,5.3182
20200208,Bengaluru Urban,12.9716,77.5946,25.4,51.98,1.99,5.8445
20200209,Bengaluru Urban,12.9716,77.5946,24.3,58.96,3.39,5.4271
20200210,Bengaluru Urban,12.9716,77.5946,24.52,55.74,3.82,5.7974
20200211,Bengaluru Urban,12.9716,77.5946,24.09,55.04,4.04,6.5021
20200212,Bengaluru Urban,12.9716,77.5946,23.36,52.52,3.48,5.7079
20200213,Bengaluru Urban,12.9716,77.5946,23.71,50.17,2.67,6.575
20200214,Bengaluru Urban,12.9716,77.5946,24.31,48.29,1.78,6.4553
20200215,Bengaluru Urban,12.9716,77.5946,24.72,39.26,1.75,6.6122
20200216,Bengaluru Urban,12.9716,77.5946,24.08,37.45,2.81,6.8246
20200217,Bengaluru Urban,12.9716,77.5946,23.31,36.45,2.71,7.0543
20200218,Bengaluru Urban,12.9716,77.5946,23.72,45.81,3.07,7.0087
20200219,Bengaluru Urban,12.9716,77.5946,24.3,52.06,2.73,6.5297
20200220,Bengaluru Urban,12.9716,77.5946,24.14,46.66,3.23,6.9444
20200221,Bengaluru Urban,12.9716,77.5946,23.92,44.1,3.14,7.0771
20200222,Bengaluru Urban,12.9716,77.5946,24.36,52.06,3.22,6.84
20200223,Bengaluru Urban,12.9716,77.5946,25.06,49.12,3.07,6.1128
20200224,Bengaluru Urban,12.9716,77.5946,25.39,50.2,3.1,5.2531
20200225,Bengaluru Urban,12.9716,77.5946,25.86,49.88,2.2,6.7718
20200226,Bengaluru Urban,12.9716,77.5946,26.47,52.76,2.92,6.2582
20200227,Bengaluru Urban,12.9716,77.5946,25.84,55.98,2.72,5.3878
20200228,Bengaluru Urban,12.9716,77.5946,26.17,52.54,3.31,5.447
20200229,Bengaluru Urban,12.9716,77.5946,26.53,50.11,2.83,6.1402
20200301,Bengaluru Urban,12.9716,77.5946,26.96,49.61,2.81,6.161
20200302,Bengaluru Urban,12.9716,77.5946,26.22,52.17,1.7,4.2005
20200303,Bengaluru Urban,12.9716,77.5946,27.66,47.46,1.66,5.651
20200304,Bengaluru Urban,12.9716,77.5946,27.98,47.82,1.0,5.3194
20200305,Bengaluru Urban,12.9716,77.5946,27.55,50.19,2.93,5.7499
20200306,Bengaluru Urban,12.9716,77.5946,27.23,52.74,2.53,5.5457
20200307,Bengaluru Urban,12.9716,77.5946,25.12,64.66,2.59,5.0498
20200308,Bengaluru Urban,12.9716,77.5946,27.45,56.57,2.53,5.7888
20200309,Bengaluru Urban,12.9716,77.5946,27.77,51.25,2.48,5.6388
20200310,Bengaluru Urban,12.9716,77.5946,27.82,41.35,2.79,6.5527
20200311,Bengaluru Urban,12.9716,77.5946,27.55,45.62,2.52,6.6698
20200312,Bengaluru Urban,12.9716,77.5946,27.49,38.87,2.69,6.8359
20200313,Bengaluru Urban,12.9716,77.5946,26.77,37.82,3.12,7.1986
20200314,Bengaluru Urban,12.9716,77.5946,27.04,46.07,2.95,7.3507
20200315,Bengaluru Urban,12.9716,77.5946,27.67,48.5,3.19,7.1602
20200316,Bengaluru Urban,12.9716,77.5946,27.78,47.28,3.3,7.051
20200317,Bengaluru Urban,12.9716,77.5946,27.15,44.42,3.77,7.4098
20200318,Bengaluru Urban,12.9716,77.5946,26.86,39.12,3.09,7.5163
20200319,Bengaluru Urban,12.9716,77.5946,27.67,36.58,2.07,7.2842
20200320,Bengaluru Urban,12.9716,77.5946,27.68,41.86,2.13,5.5891
20200321,Bengaluru Urban,12.9716,77.5946,28.43,38.96,1.78,6.6432
20200322,Bengaluru Urban,12.9716,77.5946,29.08,39.06,1.79,6.5832
20200323,Bengaluru Urban,12.9716,77.5946,28.9,40.77,2.58,5.2282
20200324,Bengaluru Urban,12.9716,77.5946,28.3,39.59,2.94,6.7022
20200325,Bengaluru Urban,12.9716,77.5946,27.52,46.03,3.14,6.0314
20200326,Bengaluru Urban,12.9716,77.5946,27.58,44.67,3.49,6.7706
20200327,Bengaluru Urban,12.9716,77.5946,26.97,45.85,3.25,7.1666
20200328,Bengaluru Urban,12.9716,77.5946,26.95,36.73,2.97,7.4393
20200329,Bengaluru Urban,12.9716,77.5946,27.1,32.77,2.82,7.5754
20200330,Bengaluru Urban,12.9716,77.5946,27.53,32.87,3.42,7.644
20200331,Bengaluru Urban,12.9716,77.5946,27.62,34.73,3.24,7.5634
20200401,Bengaluru Urban,12.9716,77.5946,28.3,37.97,2.98,7.5744
20200402,Bengaluru Urban,12.9716,77.5946,29.21,38.23,2.91,7.321
20200403,Bengaluru Urban,12.9716,77.5946,28.88,39.58,3.38,7.3682
20200404,Bengaluru Urban,12.9716,77.5946,28.27,41.6,2.8,7.6745
20200405,Bengaluru Urban,12.9716,77.5946,29.15,47.38,2.94,7.2406
20200406,Bengaluru Urban,12.9716,77.5946,28.42,53.76,1.9,5.9726
20200407,Bengaluru Urban,12.9716,77.5946,24.66,64.53,2.0,4.3315
20200408,Bengaluru Urban,12.9716,77.5946,27.53,53.9,0.78,6.0852
20200409,Bengaluru Urban,12.9716,77.5946,26.7,61.57,2.28,6.3835
20200410,Bengaluru Urban,12.9716,77.5946,26.86,55.4,2.77,6.0046
20200411,Bengaluru Urban,12.9716,77.5946,26.52,55.21,2.96,7.0644
20200412,Bengaluru Urban,12.9716,77.5946,27.21,47.92,2.76,7.278
20200413,Bengaluru Urban,12.9716,77.5946,27.78,41.07,3.32,7.3046
20200414,Bengaluru Urban,12.9716,77.5946,27.54,35.37,3.76,7.7126
20200415,Bengaluru Urban,12.9716,77.5946,27.19,38.87,2.76,7.7942
20200416,Bengaluru Urban,12.9716,77.5946,28.34,45.84,3.02,7.4592
20200417,Bengaluru Urban,12.9716,77.5946,29.48,46.87,3.26,7.0402
20200418,Bengaluru Urban,12.9716,77.5946,29.78,45.41,3.6,6.6456
20200419,Bengaluru Urban,12.9716,77.5946,29.34,46.8,3.81,7.0226
20200420,Bengaluru Urban,12.9716,77.5946,28.78,45.44,3.56,7.5646
20200421,Bengaluru Urban,12.9716,77.5946,28.88,39.62,2.36,7.5672
20200422,Bengaluru Urban,12.9716,77.5946,29.84,46.22,2.43,6.6914
20200423,Bengaluru Urban,12.9716,77.5946,30.2,47.33,2.07,6.5873
20200424,Bengaluru Urban,12.9716,77.5946,28.8,55.44,1.81,5.1761
20200425,Bengaluru Urban,12.9716,77.5946,27.87,62.28,1.78,5.5548
20200426,Bengaluru Urban,12.9716,77.5946,28.37,56.88,2.96,5.6143
20200427,Bengaluru Urban,12.9716,77.5946,27.47,60.22,2.03,5.5222
20200428,Bengaluru Urban,12.9716,77.5946,26.61,71.49,2.16,5.7866
20200429,Bengaluru Urban,12.9716,77.5946,23.42,79.26,2.53,3.0828
20200430,Bengaluru Urban,12.9716,77.5946,27.24,60.38,2.07,6.9223
20200501,Bengaluru Urban,12.9716,77.5946,27.99,60.05,1.8,6.5638
20200502,Bengaluru Urban,12.9716,77.5946,28.72,57.0,1.6,6.0583
20200503,Bengaluru Urban,12.9716,77.5946,28.56,55.36,1.95,6.4217
20200504,Bengaluru Urban,12.9716,77.5946,29.79,49.48,2.2,7.0392
20200505,Bengaluru Urban,12.9716,77.5946,29.44,50.8,2.33,6.9972
20200506,Bengaluru Urban,12.9716,77.5946,28.44,55.64,2.17,6.0559
20200507,Bengaluru Urban,12.9716,77.5946,28.37,59.4,1.36,5.755
20200508,Bengaluru Urban,12.9716,77.5946,28.37,57.61,2.02,6.0317
20200509,Bengaluru Urban,12.9716,77.5946,29.52,49.17,2.9,7.2509
20200510,Bengaluru Urban,12.9716,77.5946,28.75,49.7,3.23,6.8566
20200511,Bengaluru Urban,12.9716,77.5946,28.58,49.49,3.18,5.9592
20200512,Bengaluru Urban,12.9716,77.5946,27.77,53.57,2.67,6.3485
20200513,Bengaluru Urban,12.9716,77.5946,29.06,39.19,2.15,6.1896
20200514,Bengaluru Urban,12.9716,77.5946,29.42,46.45,2.6,6.5933
20200515,Bengaluru Urban,12.9716,77.5946,30.03,39.97,2.57,6.3679
20200516,Bengaluru Urban,12.9716,77.5946,30.25,40.33,2.87,5.1895
20200517,Bengaluru Urban,12.9716,77.5946,28.65,54.06,2.28,5.4322
20200518,Bengaluru Urban,12.9716,77.5946,25.75,70.22,5.31,5.0626
20200519,Bengaluru Urban,12.9716,77.5946,27.45,61.87,5.46,5.5555
20200520,Bengaluru Urban,12.9716,77.5946,28.54,57.06,4.35,6.1322
20200521,Bengaluru Urban,12.9716,77.5946,28.75,55.83,3.61,6.667
20200522,Bengaluru Urban,12.9716,77.5946,28.85,49.33,3.67,6.456
20200523,Bengaluru Urban,12.9716,77.5946,30.62,42.06,1.73,6.2522
20200524,Bengaluru Urban,12.9716,77.5946,30.82,45.97,2.38,6.7138
20200525,Bengaluru Urban,12.9716,77.5946,28.98,61.46,1.5,6.6365
20200526,Bengaluru Urban,12.9716,77.5946,28.8,64.73,1.75,6.6386
20200527,Bengaluru Urban,12.9716,77.5946,27.39,73.56,1.88,5.9909
20200528,Bengaluru Urban,12.9716,77.5946,27.16,71.57,1.88,6.6722
20200529,Bengaluru Urban,12.9716,77.5946,24.53,80.29,2.52,6.8846
20200530,Bengaluru Urban,12.9716,77.5946,25.68,72.94,1.32,5.6004
20200531,Bengaluru Urban,12.9716,77.5946,26.36,70.31,2.35,6.1913
20200601,Bengaluru Urban,12.9716,77.5946,25.15,77.56,2.49,5.7701
20200602,Bengaluru Urban,12.9716,77.5946,25.15,72.43,3.09,5.6009
20200603,Bengaluru Urban,12.9716,77.5946,24.3,77.64,3.56,5.4535
20200604,Bengaluru Urban,12.9716,77.5946,24.02,78.72,3.49,5.5493
20200605,Bengaluru Urban,12.9716,77.5946,25.25,71.74,3.42,6.0542
20200606,Bengaluru Urban,12.9716,77.5946,24.44,75.63,3.29,5.9801
20200607,Bengaluru Urban,12.9716,77.5946,25.87,66.94,3.85,5.5471
20200608,Bengaluru Urban,12.9716,77.5946,25.05,65.29,4.27,6.5184
20200609,Bengaluru Urban,12.9716,77.5946,25.28,60.98,4.02,6.091
20200610,Bengaluru Urban,12.9716,77.5946,25.65,69.2,4.73,5.3026
20200611,Bengaluru Urban,12.9716,77.5946,23.66,79.47,4.75,4.2274
20200612,Bengaluru Urban,12.9716,77.5946,23.45,74.27,5.66,4.4018
20200613,Bengaluru Urban,12.9716,77.5946,24.58,67.73,5.48,5.04
20200614,Bengaluru Urban,12.9716,77.5946,24.0,70.56,5.88,5.4034
20200615,Bengaluru Urban,12.9716,77.5946,25.78,69.53,4.97,5.6966
20200616,Bengaluru Urban,12.9716,77.5946,25.49,71.59,4.86,5.1852
20200617,Bengaluru Urban,12.9716,77.5946,24.61,75.14,4.41,4.1702
20200618,Bengaluru Urban,12.9716,77.5946,24.59,71.15,4.55,4.1693
20200619,Bengaluru Urban,12.9716,77.5946,24.38,70.6,4.07,5.6662
20200620,Bengaluru Urban,12.9716,77.5946,24.55,68.52,4.1,5.6314
20200621,Bengaluru Urban,12.9716,77.5946,25.11,69.26,4.0,5.694
20200622,Bengaluru Urban,12.9716,77.5946,24.33,70.86,4.32,5.8495
20200623,Bengaluru Urban,12.9716,77.5946,24.07,66.03,3.79,6.1884
20200624,Bengaluru Urban,12.9716,77.5946,24.52,71.79,2.91,6.3497
20200625,Bengaluru Urban,12.9716,77.5946,23.82,81.57,1.45,5.7286
20200626,Bengaluru Urban,12.9716,77.5946,24.3,80.08,2.01,5.3011
20200627,Bengaluru Urban,12.9716,77.5946,23.79,84.36,2.46,5.5315
20200628,Bengaluru Urban,12.9716,77.5946,23.98,85.66,2.92,4.8202
20200629,Bengaluru Urban,12.9716,77.5946,23.74,86.5,2.43,4.6474
20200630,Bengaluru Urban,12.9716,77.5946,23.74,83.26,2.95,5.6047
20200701,Bengaluru Urban,12.9716,77.5946,23.0,81.09,3.67,5.0206
20200702,Bengaluru Urban,12.9716,77.5946,22.14,82.79,4.67,3.8534
20200703,Bengaluru Urban,12.9716,77.5946,22.49,84.76,4.32,4.9865
20200704,Bengaluru Urban,12.9716,77.5946,23.18,79.35,5.32,4.513
20200705,Bengaluru Urban,12.9716,77.5946,22.36,79.64,4.75,4.0426
20200706,Bengaluru Urban,12.9716,77.5946,23.37,79.56,4.35,4.3253
20200707,Bengaluru Urban,12.9716,77.5946,23.2,80.51,4.4,5.3359
20200708,Bengaluru Urban,12.9716,77.5946,22.58,87.31,2.5,4.7712
20200709,Bengaluru Urban,12.9716,77.5946,22.4,87.5,2.27,5.7799
20200710,Bengaluru Urban,12.9716,77.5946,22.89,82.82,2.55,4.4544
20200711,Bengaluru Urban,12.9716,77.5946,22.67,83.92,2.32,5.8025
20200712,Bengaluru Urban,12.9716,77.5946,23.64,83.22,2.65,6.1562
20200713,Bengaluru Urban,12.9716,77.5946,22.78,84.59,2.68,5.2937
20200714,Bengaluru Urban,12.9716,77.5946,22.95,85.22,3.16,4.0553
20200715,Bengaluru Urban,12.9716,77.5946,22.87,83.14,4.02,3.5616
20200716,Bengaluru Urban,12.9716,77.5946,22.76,83.55,3.9,3.5496
20200717,Bengaluru Urban,12.9716,77.5946,22.76,83.34,3.29,3.5664
20200718,Bengaluru Urban,12.9716,77.5946,23.48,82.59,2.17,4.6315
20200719,Bengaluru Urban,12.9716,77.5946,23.63,81.2,1.89,5.1804
20200720,Bengaluru Urban,12.9716,77.5946,23.17,87.36,2.05,5.4648
20200721,Bengaluru Urban,12.9716,77.5946,23.83,81.11,1.8,6.78
20200722,Bengaluru Urban,12.9716,77.5946,23.77,82.51,2.16,5.839
20200723,Bengaluru Urban,12.9716,77.5946,23.25,85.64,0.86,5.4989
20200724,Bengaluru Urban,12.9716,77.5946,23.35,83.97,1.98,3.9386
20200725,Bengaluru Urban,12.9716,77.5946,22.66,83.72,1.69,5.4946
20200726,Bengaluru Urban,12.9716,77.5946,22.35,83.94,2.89,5.2961
20200727,Bengaluru Urban,12.9716,77.5946,23.24,80.8,3.24,5.9297
20200728,Bengaluru Urban,12.9716,77.5946,23.29,84.96,2.67,5.8102
20200729,Bengaluru Urban,12.9716,77.5946,22.27,88.98,2.45,3.366
20200730,Bengaluru Urban,12.9716,77.5946,22.73,90.38,2.19,5.2687
20200731,Bengaluru Urban,12.9716,77.5946,23.08,85.49,2.27,5.2519
20200801,Bengaluru Urban,12.9716,77.5946,22.58,87.63,3.07,4.5209
20200802,Bengaluru Urban,12.9716,77.5946,22.03,89.32,3.99,4.9162
20200803,Bengaluru Urban,12.9716,77.5946,22.73,85.0,4.93,3.6432
20200804,Bengaluru Urban,12.9716,77.5946,22.3,83.42,6.1,3.0629
20200805,Bengaluru Urban,12.9716,77.5946,22.59,83.12,7.06,3.7222
20200806,Bengaluru Urban,12.9716,77.5946,23.96,81.94,5.67,4.3046
20200807,Bengaluru Urban,12.9716,77.5946,23.56,83.79,5.04,4.0361
20200808,Bengaluru Urban,12.9716,77.5946,22.51,84.63,4.61,4.1198
20200809,Bengaluru Urban,12.9716,77.5946,21.87,86.26,4.2,3.4442
20200810,Bengaluru Urban,12.9716,77.5946,22.33,86.08,3.26,4.3457
20200811,Bengaluru Urban,12.9716,77.5946,22.97,83.58,3.83,4.1762
20200812,Bengaluru Urban,12.9716,77.5946,22.65,84.96,3.9,4.0426
20200813,Bengaluru Urban,12.9716,77.5946,22.65,84.07,3.78,4.9558
20200814,Bengaluru Urban,12.9716,77.5946,22.6,83.16,4.17,3.8268
20200815,Bengaluru Urban,12.9716,77.5946,22.95,81.8,4.34,3.791
20200816,Bengaluru Urban,12.9716,77.5946,23.08,83.38,3.85,2.4701
20200817,Bengaluru Urban,12.9716,77.5946,23.19,83.77,3.61,3.7464
20200818,Bengaluru Urban,12.9716,77.5946,23.43,83.48,3.6,4.2571
20200819,Bengaluru Urban,12.9716,77.5946,23.23,83.9,3.55,3.9821
20200820,Bengaluru Urban,12.9716,77.5946,23.11,83.62,3.59,3.8623
20200821,Bengaluru Urban,12.9716,77.5946,23.48,83.13,3.24,4.6135
20200822,Bengaluru Urban,12.9716,77.5946,23.57,84.3,2.79,5.4228
20200823,Bengaluru Urban,12.9716,77.5946,23.27,85.14,2.22,4.717
20200824,Bengaluru Urban,12.9716,77.5946,23.91,81.95,1.74,5.3743
20200825,Bengaluru Urban,12.9716,77.5946,24.36,78.41,1.69,6.7898
20200826,Bengaluru Urban,12.9716,77.5946,23.34,83.14,1.73,5.3866
20200827,Bengaluru Urban,12.9716,77.5946,23.27,81.86,2.07,5.6844
20200828,Bengaluru Urban,12.9716,77.5946,23.72,77.83,2.35,6.9991
20200829,Bengaluru Urban,12.9716,77.5946,24.32,78.54,2.35,6.9439
20200830,Bengaluru Urban,12.9716,77.5946,23.94,82.97,1.83,6.2784
20200831,Bengaluru Urban,12.9716,77.5946,23.69,84.14,1.95,5.6227
20200901,Bengaluru Urban,12.9716,77.5946,22.44,89.98,3.01,5.1396
20200902,Bengaluru Urban,12.9716,77.5946,22.4,91.18,3.0,3.3914
20200903,Bengaluru Urban,12.9716,77.5946,22.88,87.99,2.03,4.4666
20200904,Bengaluru Urban,12.9716,77.5946,23.86,84.27,1.65,5.3242
20200905,Bengaluru Urban,12.9716,77.5946,24.15,83.49,1.74,4.4822
20200906,Bengaluru Urban,12.9716,77.5946,23.79,86.35,1.52,4.9126
20200907,Bengaluru Urban,12.9716,77.5946,23.32,87.11,2.43,5.2342
20200908,Bengaluru Urban,12.9716,77.5946,23.73,82.57,1.35,5.603
20200909,Bengaluru Urban,12.9716,77.5946,23.29,86.64,1.98,4.9075
20200910,Bengaluru Urban,12.9716,77.5946,22.0,89.57,1.7,4.6118
20200911,Bengaluru Urban,12.9716,77.5946,21.92,88.22,3.8,4.0985
20200912,Bengaluru Urban,12.9716,77.5946,21.25,88.17,3.68,3.4114
20200913,Bengaluru Urban,12.9716,77.5946,20.61,86.31,3.91,2.9513
20200914,Bengaluru Urban,12.9716,77.5946,21.65,82.84,4.36,3.7538
20200915,Bengaluru Urban,12.9716,77.5946,22.46,84.51,3.63,4.1633
20200916,Bengaluru Urban,12.9716,77.5946,22.9,85.4,3.41,4.4275
20200917,Bengaluru Urban,12.9716,77.5946,22.86,84.72,3.26,5.0448
20200918,Bengaluru Urban,12.9716,77.5946,22.39,86.2,4.01,4.6742
20200919,Bengaluru Urban,12.9716,77.5946,22.23,87.62,4.03,3.6154
20200920,Bengaluru Urban,12.9716,77.5946,20.89,87.42,5.39,2.6986
20200921,Bengaluru Urban,12.9716,77.5946,20.96,84.69,5.59,4.0522
20200922,Bengaluru Urban,12.9716,77.5946,20.78,81.51,4.85,3.7769
20200923,Bengaluru Urban,12.9716,77.5946,21.84,81.49,3.77,5.3971
20200924,Bengaluru Urban,12.9716,77.5946,22.16,82.21,3.01,5.3213
20200925,Bengaluru Urban,12.9716,77.5946,21.62,87.8,1.72,5.4247
20200926,Bengaluru Urban,12.9716,77.5946,20.56,90.92,2.99,3.4838
20200927,Bengaluru Urban,12.9716,77.5946,21.91,86.51,2.08,4.8427
20200928,Bengaluru Urban,12.9716,77.5946,23.13,84.05,1.91,5.5474
20200929,Bengaluru Urban,12.9716,77.5946,22.87,88.84,2.38,4.783
20200930,Bengaluru Urban,12.9716,77.5946,21.98,89.06,2.57,4.5739
20201001,Bengaluru Urban,12.9716,77.5946,21.7,83.0,2.98,5.8486
20201002,Bengaluru Urban,12.9716,77.5946,22.67,83.55,1.77,5.3808
20201003,Bengaluru Urban,12.9716,77.5946,22.32,87.43,2.96,5.3964
20201004,Bengaluru Urban,12.9716,77.5946,21.21,88.17,2.84,4.3543
20201005,Bengaluru Urban,12.9716,77.5946,22.19,83.11,2.69,5.5855
20201006,Bengaluru Urban,12.9716,77.5946,22.85,83.22,1.93,6.1733
20201007,Bengaluru Urban,12.9716,77.5946,23.07,85.24,1.95,5.6129
20201008,Bengaluru Urban,12.9716,77.5946,22.61,83.94,1.3,5.574
20201009,Bengaluru Urban,12.9716,77.5946,23.04,82.39,0.71,4.6536
20201010,Bengaluru Urban,12.9716,77.5946,22.27,92.1,1.97,5.2008
20201011,Bengaluru Urban,12.9716,77.5946,21.59,89.92,2.76,3.2066
20201012,Bengaluru Urban,12.9716,77.5946,21.72,89.01,3.54,2.9688
20201013,Bengaluru Urban,12.9716,77.5946,21.1,92.11,3.67,2.669
20201014,Bengaluru Urban,12.9716,77.5946,21.4,86.4,4.5,3.895
20201015,Bengaluru Urban,12.9716,77.5946,21.76,87.14,3.34,4.9582
20201016,Bengaluru Urban,12.9716,77.5946,22.2,85.7,2.06,5.939
20201017,Bengaluru Urban,12.9716,77.5946,21.89,80.82,1.26,5.0064
20201018,Bengaluru Urban,12.9716,77.5946,22.34,86.43,1.18,4.0944
20201019,Bengaluru Urban,12.9716,77.5946,22.12,90.27,1.43,4.0258
20201020,Bengaluru Urban,12.9716,77.5946,22.16,89.89,1.46,2.7972
20201021,Bengaluru Urban,12.9716,77.5946,22.28,89.87,1.6,3.6094
20201022,Bengaluru Urban,12.9716,77.5946,22.08,89.96,1.41,4.3627
20201023,Bengaluru Urban,12.9716,77.5946,22.14,90.8,1.27,3.8369
20201024,Bengaluru Urban,12.9716,77.5946,22.48,88.97,1.28,3.9502
20201025,Bengaluru Urban,12.9716,77.5946,22.88,82.45,0.75,4.6457
20201026,Bengaluru Urban,12.9716,77.5946,22.66,83.5,1.25,5.7588
20201027,Bengaluru Urban,12.9716,77.5946,21.55,84.09,1.7,5.5627
20201028,Bengaluru Urban,12.9716,77.5946,21.29,84.62,1.92,5.7504
20201029,Bengaluru Urban,12.9716,77.5946,20.89,86.68,1.98,4.8434
20201030,Bengaluru Urban,12.9716,77.5946,21.39,82.93,1.7,5.569
20201031,Bengaluru Urban,12.9716,77.5946,21.95,78.4,1.3,5.4931
20201101,Bengaluru Urban,12.9716,77.5946,22.27,79.5,1.02,5.4089
20201102,Bengaluru Urban,12.9716,77.5946,22.58,83.66,1.2,4.7222
20201103,Bengaluru Urban,12.9716,77.5946,22.59,84.78,1.66,4.7863
20201104,Bengaluru Urban,12.9716,77.5946,22.92,86.05,1.68,4.3217
20201105,Bengaluru Urban,12.9716,77.5946,22.52,85.14,2.02,4.6877
20201106,Bengaluru Urban,12.9716,77.5946,22.45,84.81,1.84,5.4072
20201107,Bengaluru Urban,12.9716,77.5946,22.78,86.83,2.04,5.6978
20201108,Bengaluru Urban,12.9716,77.5946,22.39,87.45,2.61,4.2113
20201109,Bengaluru Urban,12.9716,77.5946,21.04,84.98,2.16,5.4926
20201110,Bengaluru Urban,12.9716,77.5946,18.78,80.12,2.06,6.2038
20201111,Bengaluru Urban,12.9716,77.5946,19.53,87.42,2.46,5.352
20201112,Bengaluru Urban,12.9716,77.5946,21.62,90.33,2.55,4.2662
20201113,Bengaluru Urban,12.9716,77.5946,21.97,88.69,2.75,2.6472
20201114,Bengaluru Urban,12.9716,77.5946,21.82,87.42,2.94,4.7666
20201115,Bengaluru Urban,12.9716,77.5946,22.17,89.26,2.96,2.9342
20201116,Bengaluru Urban,12.9716,77.5946,21.84,90.03,2.88,2.7199
20201117,Bengaluru Urban,12.9716,77.5946,21.55,88.11,2.93,3.5964
20201118,Bengaluru Urban,12.9716,77.5946,21.71,87.6,2.34,4.1693
20201119,Bengaluru Urban,12.9716,77.5946,21.53,86.34,2.58,4.8626
20201120,Bengaluru Urban,12.9716,77.5946,20.59,83.11,2.18,5.8433
20201121,Bengaluru Urban,12.9716,77.5946,19.0,77.15,1.6,6.2138
20201122,Bengaluru Urban,12.9716,77.5946,18.12,75.36,1.62,5.6837
20201123,Bengaluru Urban,12.9716,77.5946,18.26,81.3,1.74,4.757
20201124,Bengaluru Urban,12.9716,77.5946,20.32,87.02,2.24,4.0668
20201125,Bengaluru Urban,12.9716,77.5946,21.03,88.48,3.41,3.1382
20201126,Bengaluru Urban,12.9716,77.5946,19.14,94.28,5.85,0.9077
20201127,Bengaluru Urban,12.9716,77.5946,19.59,89.7,3.75,4.0039
20201128,Bengaluru Urban,12.9716,77.5946,20.54,87.51,2.23,3.5779
20201129,Bengaluru Urban,12.9716,77.5946,20.98,87.76,2.49,2.7113
20201130,Bengaluru Urban,12.9716,77.5946,20.7,86.76,2.81,4.1129
20201201,Bengaluru Urban,12.9716,77.5946,19.59,82.3,2.46,5.3174
20201202,Bengaluru Urban,12.9716,77.5946,19.78,83.6,2.9,4.3392
20201203,Bengaluru Urban,12.9716,77.5946,19.92,91.82,3.49,2.0633
20201204,Bengaluru Urban,12.9716,77.5946,20.71,91.11,3.36,1.962
20201205,Bengaluru Urban,12.9716,77.5946,21.06,87.34,2.97,2.5867
20201206,Bengaluru Urban,12.9716,77.5946,21.54,88.1,3.33,2.6088
20201207,Bengaluru Urban,12.9716,77.5946,21.78,88.47,3.29,2.897
20201208,Bengaluru Urban,12.9716,77.5946,21.34,88.22,3.09,3.1066
20201209,Bengaluru Urban,12.9716,77.5946,21.25,87.39,2.66,3.8134
20201210,Bengaluru Urban,12.9716,77.5946,19.48,79.21,1.75,5.6719
20201211,Bengaluru Urban,12.9716,77.5946,18.85,78.66,1.66,5.7552
20201212,Bengaluru Urban,12.9716,77.5946,18.4,79.62,1.68,5.4924
20201213,Bengaluru Urban,12.9716,77.5946,18.5,79.33,1.41,5.1953
20201214,Bengaluru Urban,12.9716,77.5946,18.94,81.44,1.83,5.3928
20201215,Bengaluru Urban,12.9716,77.5946,18.89,81.72,2.41,5.3371
20201216,Bengaluru Urban,12.9716,77.5946,20.52,85.5,2.6,3.3924
20201217,Bengaluru Urban,12.9716,77.5946,20.94,86.22,2.84,2.5212
20201218,Bengaluru Urban,12.9716,77.5946,19.42,86.32,2.52,5.478
20201219,Bengaluru Urban,12.9716,77.5946,19.85,85.2,2.87,4.4191
20201220,Bengaluru Urban,12.9716,77.5946,19.09,82.98,2.9,4.0308
20201221,Bengaluru Urban,12.9716,77.5946,17.2,81.97,2.46,5.7746
20201222,Bengaluru Urban,12.9716,77.5946,18.04,79.68,2.02,5.2901
20201223,Bengaluru Urban,12.9716,77.5946,19.19,79.83,1.8,4.3637
20201224,Bengaluru Urban,12.9716,77.5946,20.14,81.48,1.78,4.7278
20201225,Bengaluru Urban,12.9716,77.5946,20.11,82.8,2.13,5.0695
20201226,Bengaluru Urban,12.9716,77.5946,18.68,80.49,2.21,5.6431
20201227,Bengaluru Urban,12.9716,77.5946,18.28,79.97,1.96,5.815
20201228,Bengaluru Urban,12.9716,77.5946,18.67,74.68,1.38,5.0088
20201229,Bengaluru Urban,12.9716,77.5946,19.89,78.82,2.28,5.0254
20201230,Bengaluru Urban,12.9716,77.5946,21.09,84.03,2.81,4.7885
20201231,Bengaluru Urban,12.9716,77.5946,21.08,84.78,3.42,2.5745
20210101,Bengaluru Urban,12.9716,77.5946,18.87,81.29,2.95,4.9915
20210102,Bengaluru Urban,12.9716,77.5946,19.86,84.14,2.71,4.0044
20210103,Bengaluru Urban,12.9716,77.5946,20.95,82.54,2.92,3.0974
20210104,Bengaluru Urban,12.9716,77.5946,21.01,80.6,3.27,2.0726
20210105,Bengaluru Urban,12.9716,77.5946,20.98,86.53,2.57,3.9046
20210106,Bengaluru Urban,12.9716,77.5946,21.7,86.4,2.32,2.7034
20210107,Bengaluru Urban,12.9716,77.5946,21.16,87.96,2.27,2.8642
20210108,Bengaluru Urban,12.9716,77.5946,22.02,85.13,2.38,3.1774
20210109,Bengaluru Urban,12.9716,77.5946,22.21,83.32,2.7,2.2937
20210110,Bengaluru Urban,12.9716,77.5946,21.39,82.98,2.64,3.8933
20210111,Bengaluru Urban,12.9716,77.5946,20.86,82.66,2.53,2.826
20210112,Bengaluru Urban,12.9716,77.5946,20.05,82.01,3.19,2.5402
20210113,Bengaluru Urban,12.9716,77.5946,20.66,77.67,3.26,4.6414
20210114,Bengaluru Urban,12.9716,77.5946,20.41,79.63,2.84,3.5726
20210115,Bengaluru Urban,12.9716,77.5946,21.23,76.72,2.7,4.506
20210116,Bengaluru Urban,12.9716,77.5946,21.45,72.58,2.43,4.7546
20210117,Bengaluru Urban,12.9716,77.5946,21.12,74.65,2.43,5.1989
20210118,Bengaluru Urban,12.9716,77.5946,20.16,73.55,2.73,6.0936
20210119,Bengaluru Urban,12.9716,77.5946,20.17,74.28,2.29,5.8133
20210120,Bengaluru Urban,12.9716,77.5946,20.87,71.24,1.31,5.6604
20210121,Bengaluru Urban,12.9716,77.5946,22.27,71.25,0.9,5.7002
20210122,Bengaluru Urban,12.9716,77.5946,22.55,72.91,1.82,4.9126
20210123,Bengaluru Urban,12.9716,77.5946,21.83,71.33,1.86,5.3772
20210124,Bengaluru Urban,12.9716,77.5946,21.05,69.06,1.78,5.8553
20210125,Bengaluru Urban,12.9716,77.5946,19.72,66.74,2.12,6.2026
20210126,Bengaluru Urban,12.9716,77.5946,19.64,61.53,2.08,6.425
20210127,Bengaluru Urban,12.9716,77.5946,19.19,65.51,2.33,6.2021
20210128,Bengaluru Urban,12.9716,77.5946,20.04,68.92,2.88,6.0614
20210129,Bengaluru Urban,12.9716,77.5946,21.06,69.02,2.61,5.6035
20210130,Bengaluru Urban,12.9716,77.5946,21.74,67.06,1.97,5.4228
20210131,Bengaluru Urban,12.9716,77.5946,21.63,62.62,2.85,6.0684
20210201,Bengaluru Urban,12.9716,77.5946,20.36,60.89,2.99,6.3682
20210202,Bengaluru Urban,12.9716,77.5946,20.87,66.47,3.1,6.2227
20210203,Bengaluru Urban,12.9716,77.5946,21.49,68.2,2.86,5.4521
20210204,Bengaluru Urban,12.9716,77.5946,21.07,63.85,2.41,6.1925
20210205,Bengaluru Urban,12.9716,77.5946,20.61,63.04,2.06,6.2719
20210206,Bengaluru Urban,12.9716,77.5946,20.6,60.9,2.66,6.4274
20210207,Bengaluru Urban,12.9716,77.5946,20.16,50.85,3.05,6.7142
20210208,Bengaluru Urban,12.9716,77.5946,19.81,58.62,2.97,6.7346
20210209,Bengaluru Urban,12.9716,77.5946,19.69,61.61,3.03,6.5561
20210210,Bengaluru Urban,12.9716,77.5946,19.5,55.57,2.25,6.888
20210211,Bengaluru Urban,12.9716,77.5946,20.07,58.48,2.42,6.7908
20210212,Bengaluru Urban,12.9716,77.5946,20.3,57.87,2.47,6.9007
20210213,Bengaluru Urban,12.9716,77.5946,20.54,57.24,2.26,6.8033
20210214,Bengaluru Urban,12.9716,77.5946,20.8,55.54,1.6,6.7879
20210215,Bengaluru Urban,12.9716,77.5946,21.85,55.69,1.41,6.5141
20210216,Bengaluru Urban,12.9716,77.5946,22.52,57.46,1.92,5.8013
20210217,Bengaluru Urban,12.9716,77.5946,22.71,56.9,2.75,5.363
20210218,Bengaluru Urban,12.9716,77.5946,22.23,60.86,3.45,4.9469
20210219,Bengaluru Urban,12.9716,77.5946,22.06,62.7,2.82,4.6246
20210220,Bengaluru Urban,12.9716,77.5946,21.47,73.36,3.22,4.3603
20210221,Bengaluru Urban,12.9716,77.5946,20.95,74.29,3.69,3.9626
20210222,Bengaluru Urban,12.9716,77.5946,22.36,63.27,2.21,5.8202
20210223,Bengaluru Urban,12.9716,77.5946,23.46,61.13,2.42,6.7205
20210224,Bengaluru Urban,12.9716,77.5946,23.55,57.56,1.94,6.8302
20210225,Bengaluru Urban,12.9716,77.5946,23.98,54.32,1.87,6.869
20210226,Bengaluru Urban,12.9716,77.5946,23.89,50.27,1.76,6.8443
20210227,Bengaluru Urban,12.9716,77.5946,24.5,49.84,2.08,6.6626
20210228,Bengaluru Urban,12.9716,77.5946,24.14,48.03,2.89,6.8414
20210301,Bengaluru Urban,12.9716,77.5946,23.39,50.3,2.27,7.104
20210302,Bengaluru Urban,12.9716,77.5946,23.94,51.82,2.86,6.6662
20210303,Bengaluru Urban,12.9716,77.5946,23.73,45.48,3.21,7.0452
20210304,Bengaluru Urban,12.9716,77.5946,22.64,48.88,3.4,7.4069
20210305,Bengaluru Urban,12.9716,77.5946,23.17,47.2,2.17,7.4606
20210306,Bengaluru Urban,12.9716,77.5946,24.47,46.94,2.07,7.3567
20210307,Bengaluru Urban,12.9716,77.5946,24.6,49.87,2.26,7.2336
20210308,Bengaluru Urban,12.9716,77.5946,24.44,49.27,2.9,7.4503
20210309,Bengaluru Urban,12.9716,77.5946,24.54,48.44,3.25,7.4508
20210310,Bengaluru Urban,12.9716,77.5946,25.74,53.42,2.16,7.206
20210311,Bengaluru Urban,12.9716,77.5946,26.65,51.34,2.92,6.965
20210312,Bengaluru Urban,12.9716,77.5946,25.5,45.2,2.88,7.1318
20210313,Bengaluru Urban,12.9716,77.5946,24.75,45.44,2.71,7.5545
20210314,Bengaluru Urban,12.9716,77.5946,25.4,47.05,2.9,7.5072
20210315,Bengaluru Urban,12.9716,77.5946,25.79,43.48,2.14,7.0687
20210316,Bengaluru Urban,12.9716,77.5946,26.34,41.85,2.48,7.2629
20210317,Bengaluru Urban,12.9716,77.5946,26.25,38.61,2.89,6.7318
20210318,Bengaluru Urban,12.9716,77.5946,25.43,46.56,3.07,6.4022
20210319,Bengaluru Urban,12.9716,77.5946,25.29,41.81,3.09,7.2113
20210320,Bengaluru Urban,12.9716,77.5946,25.85,36.75,3.08,6.7099
20210321,Bengaluru Urban,12.9716,77.5946,26.3,37.38,2.81,7.1621
20210322,Bengaluru Urban,12.9716,77.5946,27.02,38.25,2.89,7.2072
20210323,Bengaluru Urban,12.9716,77.5946,27.4,42.89,2.91,7.2185
20210324,Bengaluru Urban,12.9716,77.5946,27.75,43.64,3.09,6.9242
20210325,Bengaluru Urban,12.9716,77.5946,27.68,40.0,2.74,6.0886
20210326,Bengaluru Urban,12.9716,77.5946,28.31,39.19,3.3,6.9454
20210327,Bengaluru Urban,12.9716,77.5946,26.96,47.38,3.02,6.534
20210328,Bengaluru Urban,12.9716,77.5946,26.84,46.37,2.32,5.0798
20210329,Bengaluru Urban,12.9716,77.5946,28.28,41.15,2.67,5.4106
20210330,Bengaluru Urban,12.9716,77.5946,29.12,37.04,2.86,6.2359
20210331,Bengaluru Urban,12.9716,77.5946,30.7,29.83,2.48,6.6084
20210401,Bengaluru Urban,12.9716,77.5946,29.02,30.24,3.05,7.3726
20210402,Bengaluru Urban,12.9716,77.5946,28.95,30.31,2.57,7.6781
20210403,Bengaluru Urban,12.9716,77.5946,30.67,31.43,1.74,6.961
20210404,Bengaluru Urban,12.9716,77.5946,30.1,32.16,2.56,6.3509
20210405,Bengaluru Urban,12.9716,77.5946,30.06,38.93,2.83,6.3437
20210406,Bengaluru Urban,12.9716,77.5946,28.84,44.42,3.33,6.415
20210407,Bengaluru Urban,12.9716,77.5946,29.07,38.33,2.84,7.0306
20210408,Bengaluru Urban,12.9716,77.5946,28.62,31.95,3.18,6.0689
20210409,Bengaluru Urban,12.9716,77.5946,28.41,37.74,3.23,6.5467
20210410,Bengaluru Urban,12.9716,77.5946,28.21,44.51,3.81,6.7781
20210411,Bengaluru Urban,12.9716,77.5946,28.45,47.89,3.16,6.2314
20210412,Bengaluru Urban,12.9716,77.5946,28.5,50.64,3.16,5.7744
20210413,Bengaluru Urban,12.9716,77.5946,27.98,51.56,2.76,5.7048
20210414,Bengaluru Urban,12.9716,77.5946,26.99,57.58,1.58,4.9174
20210415,Bengaluru Urban,12.9716,77.5946,24.89,73.13,1.47,5.6194
20210416,Bengaluru Urban,12.9716,77.5946,26.11,63.5,2.21,6.3461
20210417,Bengaluru Urban,12.9716,77.5946,26.98,59.81,1.78,6.155
20210418,Bengaluru Urban,12.9716,77.5946,27.32,56.76,2.05,6.3823
20210419,Bengaluru Urban,12.9716,77.5946,27.3,60.5,1.37,6.2316
20210420,Bengaluru Urban,12.9716,77.5946,26.79,61.44,1.51,5.291
20210421,Bengaluru Urban,12.9716,77.5946,26.57,66.22,1.16,6.0094
20210422,Bengaluru Urban,12.9716,77.5946,27.07,61.35,0.99,6.0653
20210423,Bengaluru Urban,12.9716,77.5946,25.97,66.39,1.14,5.5466
20210424,Bengaluru Urban,12.9716,77.5946,26.57,65.13,1.12,5.837
20210425,Bengaluru Urban,12.9716,77.5946,27.16,59.96,2.41,5.9386
20210426,Bengaluru Urban,12.9716,77.5946,25.62,65.95,1.95,6.4481
20210427,Bengaluru Urban,12.9716,77.5946,26.66,61.03,1.7,6.0593
20210428,Bengaluru Urban,12.9716,77.5946,27.07,58.54,1.92,6.5498
20210429,Bengaluru Urban,12.9716,77.5946,27.76,55.64,1.88,6.3072
20210430,Bengaluru Urban,12.9716,77.5946,26.77,61.4,1.99,5.7686
20210501,Bengaluru Urban,12.9716,77.5946,26.69,64.91,2.51,6.3624
20210502,Bengaluru Urban,12.9716,77.5946,26.86,62.4,1.81,5.8303
20210503,Bengaluru Urban,12.9716,77.5946,27.28,60.82,2.14,5.5788
20210504,Bengaluru Urban,12.9716,77.5946,27.55,61.03,2.19,5.2742
20210505,Bengaluru Urban,12.9716,77.5946,28.23,58.02,2.27,6.5052
20210506,Bengaluru Urban,12.9716,77.5946,28.07,57.91,2.83,6.126
20210507,Bengaluru Urban,12.9716,77.5946,27.79,59.65,2.99,5.735
20210508,Bengaluru Urban,12.9716,77.5946,27.96,57.84,2.82,5.7732
20210509,Bengaluru Urban,12.9716,77.5946,28.64,56.78,2.17,6.768
20210510,Bengaluru Urban,12.9716,77.5946,28.4,59.52,1.94,5.0777
20210511,Bengaluru Urban,12.9716,77.5946,27.27,66.44,1.46,5.9186
20210512,Bengaluru Urban,12.9716,77.5946,27.02,70.17,1.24,4.9356
20210513,Bengaluru Urban,12.9716,77.5946,26.0,75.75,1.18,5.8541
20210514,Bengaluru Urban,12.9716,77.5946,27.2,65.0,3.49,6.4253
20210515,Bengaluru Urban,12.9716,77.5946,24.81,75.47,4.59,3.0389
20210516,Bengaluru Urban,12.9716,77.5946,25.6,74.03,4.32,4.0442
20210517,Bengaluru Urban,12.9716,77.5946,26.98,67.47,2.71,6.4078
20210518,Bengaluru Urban,12.9716,77.5946,26.55,68.18,2.66,6.9132
20210519,Bengaluru Urban,12.9716,77.5946,25.33,80.84,2.74,6.6475
20210520,Bengaluru Urban,12.9716,77.5946,24.37,79.53,2.52,4.981
20210521,Bengaluru Urban,12.9716,77.5946,23.76,80.22,2.75,5.1454
20210522,Bengaluru Urban,12.9716,77.5946,24.23,78.4,3.1,5.8598
20210523,Bengaluru Urban,12.9716,77.5946,24.76,76.87,3.35,6.2494
20210524,Bengaluru Urban,12.9716,77.5946,23.97,75.43,3.26,6.6427
20210525,Bengaluru Urban,12.9716,77.5946,23.04,85.96,3.33,5.419
20210526,Bengaluru Urban,12.9716,77.5946,24.1,76.2,4.85,5.8411
20210527,Bengaluru Urban,12.9716,77.5946,24.33,74.16,3.75,6.7754
20210528,Bengaluru Urban,12.9716,77.5946,25.25,70.03,3.91,7.2319
20210529,Bengaluru Urban,12.9716,77.5946,25.36,70.37,3.24,7.2041
20210530,Bengaluru Urban,12.9716,77.5946,25.2,72.95,3.36,7.1364
20210531,Bengaluru Urban,12.9716,77.5946,25.59,73.43,3.26,7.2026
20210601,Bengaluru Urban,12.9716,77.5946,25.85,74.98,2.42,6.6458
20210602,Bengaluru Urban,12.9716,77.5946,25.23,77.55,1.84,6.5155
20210603,Bengaluru Urban,12.9716,77.5946,24.72,79.01,0.65,5.365
20210604,Bengaluru Urban,12.9716,77.5946,23.61,86.32,2.41,4.6975
20210605,Bengaluru Urban,12.9716,77.5946,22.23,84.36,1.96,4.7431
20210606,Bengaluru Urban,12.9716,77.5946,24.09,72.91,2.07,5.9938
20210607,Bengaluru Urban,12.9716,77.5946,23.23,78.89,2.66,7.1978
20210608,Bengaluru Urban,12.9716,77.5946,24.83,72.28,3.22,7.0994
20210609,Bengaluru Urban,12.9716,77.5946,24.15,77.55,3.85,6.1188
20210610,Bengaluru Urban,12.9716,77.5946,24.29,74.73,4.13,5.723
20210611,Bengaluru Urban,12.9716,77.5946,23.32,77.79,4.16,5.3808
20210612,Bengaluru Urban,12.9716,77.5946,22.52,75.53,5.44,4.8626
20210613,Bengaluru Urban,12.9716,77.5946,22.95,72.7,5.48,4.6423
20210614,Bengaluru Urban,12.9716,77.5946,22.68,77.64,6.3,3.9641
20210615,Bengaluru Urban,12.9716,77.5946,22.59,79.81,5.18,4.284
20210616,Bengaluru Urban,12.9716,77.5946,23.88,75.01,5.29,4.4213
20210617,Bengaluru Urban,12.9716,77.5946,23.84,78.15,5.03,5.3688
20210618,Bengaluru Urban,12.9716,77.5946,23.1,78.68,4.85,4.6267
20210619,Bengaluru Urban,12.9716,77.5946,23.52,79.59,4.53,5.2733
20210620,Bengaluru Urban,12.9716,77.5946,23.76,76.14,3.7,5.8351
20210621,Bengaluru Urban,12.9716,77.5946,24.33,74.53,3.43,5.929
20210622,Bengaluru Urban,12.9716,77.5946,24.13,75.69,2.88,5.2855
20210623,Bengaluru Urban,12.9716,77.5946,24.49,75.38,2.94,5.6885
20210624,Bengaluru Urban,12.9716,77.5946,24.26,74.27,3.6,5.8682
20210625,Bengaluru Urban,12.9716,77.5946,23.58,74.05,3.77,6.6238
20210626,Bengaluru Urban,12.9716,77.5946,23.69,74.48,4.02,4.2926
20210627,Bengaluru Urban,12.9716,77.5946,21.82,74.63,3.73,3.8467
20210628,Bengaluru Urban,12.9716,77.5946,24.15,68.14,1.95,5.3671
20210629,Bengaluru Urban,12.9716,77.5946,25.75,70.26,1.98,6.3917
20210630,Bengaluru Urban,12.9716,77.5946,25.61,76.84,1.97,6.5964
20210701,Bengaluru Urban,12.9716,77.5946,23.77,87.65,2.04,3.3391
20210702,Bengaluru Urban,12.9716,77.5946,23.53,84.52,2.61,5.6177
20210703,Bengaluru Urban,12.9716,77.5946,23.68,80.84,2.01,5.1084
20210704,Bengaluru Urban,12.9716,77.5946,23.3,83.4,1.95,5.5973
20210705,Bengaluru Urban,12.9716,77.5946,24.04,79.99,1.63,6.3557
20210706,Bengaluru Urban,12.9716,77.5946,23.77,84.16,1.8,5.7619
20210707,Bengaluru Urban,12.9716,77.5946,23.06,86.64,2.13,4.9903
20210708,Bengaluru Urban,12.9716,77.5946,23.18,85.38,2.57,6.0353
20210709,Bengaluru Urban,12.9716,77.5946,23.25,84.45,3.44,5.1504
20210710,Bengaluru Urban,12.9716,77.5946,21.77,82.02,4.18,4.3805
20210711,Bengaluru Urban,12.9716,77.5946,21.44,82.45,4.54,4.1513
20210712,Bengaluru Urban,12.9716,77.5946,21.76,81.82,4.73,4.488
20210713,Bengaluru Urban,12.9716,77.5946,23.28,81.39,4.97,3.5772
20210714,Bengaluru Urban,12.9716,77.5946,22.86,84.45,4.99,2.9892
20210715,Bengaluru Urban,12.9716,77.5946,22.54,83.56,4.62,2.6532
20210716,Bengaluru Urban,12.9716,77.5946,23.49,82.08,3.68,4.842
20210717,Bengaluru Urban,12.9716,77.5946,22.87,86.8,3.45,4.661
20210718,Bengaluru Urban,12.9716,77.5946,22.52,88.74,4.55,3.1682
20210719,Bengaluru Urban,12.9716,77.5946,23.4,81.26,4.58,4.3361
20210720,Bengaluru Urban,12.9716,77.5946,23.27,80.76,5.4,5.279
20210721,Bengaluru Urban,12.9716,77.5946,23.1,80.93,5.18,2.9873
20210722,Bengaluru Urban,12.9716,77.5946,22.42,83.54,6.43,2.6215
20210723,Bengaluru Urban,12.9716,77.5946,23.44,79.71,5.53,2.5178
20210724,Bengaluru Urban,12.9716,77.5946,23.8,80.99,4.53,4.7614
20210725,Bengaluru Urban,12.9716,77.5946,22.95,84.99,4.52,5.0815
20210726,Bengaluru Urban,12.9716,77.5946,22.92,83.06,4.28,4.9579
20210727,Bengaluru Urban,12.9716,77.5946,23.17,80.97,4.31,5.371
20210728,Bengaluru Urban,12.9716,77.5946,23.61,78.15,4.65,5.6258
20210729,Bengaluru Urban,12.9716,77.5946,23.23,79.96,4.48,5.3669
20210730,Bengaluru Urban,12.9716,77.5946,22.82,82.26,4.21,5.3597
20210731,Bengaluru Urban,12.9716,77.5946,23.24,80.53,4.24,4.8667
20210801,Bengaluru Urban,12.9716,77.5946,23.3,79.24,4.32,4.6745
20210802,Bengaluru Urban,12.9716,77.5946,23.14,76.92,4.53,5.1634
20210803,Bengaluru Urban,12.9716,77.5946,23.27,79.09,4.13,4.4971
20210804,Bengaluru Urban,12.9716,77.5946,23.44,79.82,4.52,3.9372
20210805,Bengaluru Urban,12.9716,77.5946,23.58,79.41,4.54,4.1294
20210806,Bengaluru Urban,12.9716,77.5946,23.92,79.98,4.29,4.7016
20210807,Bengaluru Urban,12.9716,77.5946,24.01,81.77,3.62,5.484
20210808,Bengaluru Urban,12.9716,77.5946,24.11,80.69,2.27,6.0499
20210809,Bengaluru Urban,12.9716,77.5946,24.12,81.35,2.38,5.8111
20210810,Bengaluru Urban,12.9716,77.5946,22.65,86.33,3.28,4.127
20210811,Bengaluru Urban,12.9716,77.5946,23.5,82.8,2.59,4.8962
20210812,Bengaluru Urban,12.9716,77.5946,22.74,85.15,3.35,3.563
20210813,Bengaluru Urban,12.9716,77.5946,23.14,82.43,3.45,4.6555
20210814,Bengaluru Urban,12.9716,77.5946,22.52,83.69,3.39,5.2872
20210815,Bengaluru Urban,12.9716,77.5946,22.19,81.94,3.73,4.6128
20210816,Bengaluru Urban,12.9716,77.5946,22.87,79.91,3.24,4.3922
20210817,Bengaluru Urban,12.9716,77.5946,23.51,78.24,3.0,4.4309
20210818,Bengaluru Urban,12.9716,77.5946,22.99,77.37,3.33,4.824
20210819,Bengaluru Urban,12.9716,77.5946,22.29,77.31,3.99,4.9817
20210820,Bengaluru Urban,12.9716,77.5946,22.36,79.88,2.57,5.813
20210821,Bengaluru Urban,12.9716,77.5946,22.4,81.17,1.66,4.4621
20210822,Bengaluru Urban,12.9716,77.5946,23.2,79.65,1.3,5.7125
20210823,Bengaluru Urban,12.9716,77.5946,23.02,85.11,1.15,5.0496
20210824,Bengaluru Urban,12.9716,77.5946,23.54,80.21,1.88,6.0187
20210825,Bengaluru Urban,12.9716,77.5946,23.62,80.26,2.49,5.7538
20210826,Bengaluru Urban,12.9716,77.5946,24.0,82.53,1.43,6.21
20210827,Bengaluru Urban,12.9716,77.5946,23.41,86.0,2.39,4.9428
20210828,Bengaluru Urban,12.9716,77.5946,22.79,83.01,3.26,4.2442
20210829,Bengaluru Urban,12.9716,77.5946,22.48,77.98,3.85,3.5102
20210830,Bengaluru Urban,12.9716,77.5946,22.0,80.41,3.74,4.469
20210831,Bengaluru Urban,12.9716,77.5946,23.3,77.63,2.84,5.497
20210901,Bengaluru Urban,12.9716,77.5946,23.25,80.0,1.91,5.2596
20210902,Bengaluru Urban,12.9716,77.5946,22.49,87.06,1.77,4.0392
20210903,Bengaluru Urban,12.9716,77.5946,22.6,80.97,2.73,4.003
20210904,Bengaluru Urban,12.9716,77.5946,22.14,86.15,3.02,3.6026
20210905,Bengaluru Urban,12.9716,77.5946,22.58,83.12,3.86,4.351
20210906,Bengaluru Urban,12.9716,77.5946,21.93,80.18,4.61,4.812
20210907,Bengaluru Urban,12.9716,77.5946,22.02,81.85,4.14,4.2259
20210908,Bengaluru Urban,12.9716,77.5946,22.68,83.53,3.82,4.7215
20210909,Bengaluru Urban,12.9716,77.5946,23.0,81.33,3.3,5.4166
20210910,Bengaluru Urban,12.9716,77.5946,22.98,82.59,3.27,5.1502
20210911,Bengaluru Urban,12.9716,77.5946,22.93,83.35,3.65,4.969
20210912,Bengaluru Urban,12.9716,77.5946,23.13,82.17,4.34,4.7962
20210913,Bengaluru Urban,12.9716,77.5946,23.1,83.4,4.63,4.3231
20210914,Bengaluru Urban,12.9716,77.5946,23.62,82.0,3.42,4.9406
20210915,Bengaluru Urban,12.9716,77.5946,23.5,82.63,2.69,5.3777
20210916,Bengaluru Urban,12.9716,77.5946,23.54,82.44,2.62,5.7838
20210917,Bengaluru Urban,12.9716,77.5946,23.87,79.02,2.21,6.6881
20210918,Bengaluru Urban,12.9716,77.5946,24.22,76.14,1.75,5.9998
20210919,Bengaluru Urban,12.9716,77.5946,23.56,82.01,1.43,6.0173
20210920,Bengaluru Urban,12.9716,77.5946,23.36,85.24,1.44,4.8094
20210921,Bengaluru Urban,12.9716,77.5946,23.07,83.55,2.5,5.9503
20210922,Bengaluru Urban,12.9716,77.5946,23.12,83.0,2.48,4.9217
20210923,Bengaluru Urban,12.9716,77.5946,23.03,83.65,2.01,4.9896
20210924,Bengaluru Urban,12.9716,77.5946,23.78,82.11,1.81,5.4504
20210925,Bengaluru Urban,12.9716,77.5946,23.18,85.86,1.95,4.6298
20210926,Bengaluru Urban,12.9716,77.5946,21.95,86.96,2.75,4.9788
20210927,Bengaluru Urban,12.9716,77.5946,22.83,82.78,3.8,4.643
20210928,Bengaluru Urban,12.9716,77.5946,21.58,84.45,3.51,4.4962
20210929,Bengaluru Urban,12.9716,77.5946,22.27,81.71,2.84,5.2126
20210930,Bengaluru Urban,12.9716,77.5946,23.26,78.63,1.32,5.586
20211001,Bengaluru Urban,12.9716,77.5946,23.7,82.97,1.58,4.2794
20211002,Bengaluru Urban,12.9716,77.5946,23.33,85.5,1.97,4.6603
20211003,Bengaluru Urban,12.9716,77.5946,23.14,83.19,2.12,4.7945
20211004,Bengaluru Urban,12.9716,77.5946,22.97,85.5,1.54,5.4202
20211005,Bengaluru Urban,12.9716,77.5946,23.05,87.12,1.41,3.6346
20211006,Bengaluru Urban,12.9716,77.5946,22.78,87.53,1.58,3.4462
20211007,Bengaluru Urban,12.9716,77.5946,24.06,81.66,1.43,5.6971
20211008,Bengaluru Urban,12.9716,77.5946,23.33,88.97,1.85,4.5924
20211009,Bengaluru Urban,12.9716,77.5946,22.96,88.74,2.53,3.2652
20211010,Bengaluru Urban,12.9716,77.5946,22.77,87.04,2.18,5.4329
20211011,Bengaluru Urban,12.9716,77.5946,23.23,84.75,1.47,4.7558
20211012,Bengaluru Urban,12.9716,77.5946,22.59,87.1,1.51,4.9682
20211013,Bengaluru Urban,12.9716,77.5946,22.56,87.22,2.37,4.7009
20211014,Bengaluru Urban,12.9716,77.5946,23.36,82.94,1.54,5.293
20211015,Bengaluru Urban,12.9716,77.5946,23.4,86.61,0.79,4.0649
20211016,Bengaluru Urban,12.9716,77.5946,23.58,87.46,1.62,4.4722
20211017,Bengaluru Urban,12.9716,77.5946,22.22,90.53,1.67,4.0879
20211018,Bengaluru Urban,12.9716,77.5946,23.13,87.69,2.3,3.5426
20211019,Bengaluru Urban,12.9716,77.5946,22.87,84.43,1.32,5.2997
20211020,Bengaluru Urban,12.9716,77.5946,23.16,86.4,1.33,3.7586
20211021,Bengaluru Urban,12.9716,77.5946,22.99,89.36,1.04,4.9613
20211022,Bengaluru Urban,12.9716,77.5946,23.17,86.9,1.36,5.4372
20211023,Bengaluru Urban,12.9716,77.5946,22.89,86.19,1.51,5.1478
20211024,Bengaluru Urban,12.9716,77.5946,22.46,85.0,0.97,5.5769
20211025,Bengaluru Urban,12.9716,77.5946,22.13,86.76,1.72,3.8482
20211026,Bengaluru Urban,12.9716,77.5946,22.41,85.3,1.39,3.9588
20211027,Bengaluru Urban,12.9716,77.5946,21.92,84.5,1.84,3.8105
20211028,Bengaluru Urban,12.9716,77.5946,21.65,82.91,1.89,4.1246
20211029,Bengaluru Urban,12.9716,77.5946,21.39,87.46,2.08,3.6852
20211030,Bengaluru Urban,12.9716,77.5946,22.05,87.82,2.51,4.0531
20211031,Bengaluru Urban,12.9716,77.5946,22.04,88.62,2.16,3.9818
20211101,Bengaluru Urban,12.9716,77.5946,21.71,89.69,2.22,3.6523
20211102,Bengaluru Urban,12.9716,77.5946,21.42,88.4,3.19,3.4872
20211103,Bengaluru Urban,12.9716,77.5946,21.73,87.75,2.41,3.5174
20211104,Bengaluru Urban,12.9716,77.5946,22.05,88.06,1.81,4.0723
20211105,Bengaluru Urban,12.9716,77.5946,22.22,85.96,0.9,3.919
20211106,Bengaluru Urban,12.9716,77.5946,21.69,88.94,1.6,4.4467
20211107,Bengaluru Urban,12.9716,77.5946,21.56,90.23,2.33,3.3211
20211108,Bengaluru Urban,12.9716,77.5946,20.57,93.34,2.03,2.0652
20211109,Bengaluru Urban,12.9716,77.5946,20.54,89.66,1.65,3.9665
20211110,Bengaluru Urban,12.9716,77.5946,19.8,86.38,2.05,2.6122
20211111,Bengaluru Urban,12.9716,77.5946,18.65,90.86,4.01,2.0419
20211112,Bengaluru Urban,12.9716,77.5946,19.87,92.88,3.75,1.8554
20211113,Bengaluru Urban,12.9716,77.5946,22.57,84.72,0.79,2.31
20211114,Bengaluru Urban,12.9716,77.5946,22.32,90.28,1.2,3.4291
20211115,Bengaluru Urban,12.9716,77.5946,22.98,88.16,1.23,3.8275
20211116,Bengaluru Urban,12.9716,77.5946,22.48,89.35,2.23,3.521
20211117,Bengaluru Urban,12.9716,77.5946,22.08,89.94,1.69,4.0231
20211118,Bengaluru Urban,12.9716,77.5946,19.7,92.65,3.34,0.96
20211119,Bengaluru Urban,12.9716,77.5946,21.89,93.42,3.65,2.3006
20211120,Bengaluru Urban,12.9716,77.5946,22.08,91.97,2.58,3.1109
20211121,Bengaluru Urban,12.9716,77.5946,21.76,82.52,1.78,4.2996
20211122,Bengaluru Urban,12.9716,77.5946,21.55,87.6,1.51,3.7742
20211123,Bengaluru Urban,12.9716,77.5946,22.13,88.97,1.67,5.0179
20211124,Bengaluru Urban,12.9716,77.5946,21.98,86.12,1.88,4.6042
20211125,Bengaluru Urban,12.9716,77.5946,21.12,88.19,2.49,4.1134
20211126,Bengaluru Urban,12.9716,77.5946,21.29,87.03,2.81,3.2292
20211127,Bengaluru Urban,12.9716,77.5946,20.8,89.97,3.1,2.2764
20211128,Bengaluru Urban,12.9716,77.5946,20.03,91.44,3.07,2.6657
20211129,Bengaluru Urban,12.9716,77.5946,20.25,90.37,3.08,2.2615
20211130,Bengaluru Urban,12.9716,77.5946,21.02,88.26,2.67,3.8858
20211201,Bengaluru Urban,12.9716,77.5946,21.71,87.75,3.1,3.4258
20211202,Bengaluru Urban,12.9716,77.5946,21.8,85.94,2.12,3.294
20211203,Bengaluru Urban,12.9716,77.5946,21.18,84.92,1.21,3.7639
20211204,Bengaluru Urban,12.9716,77.5946,21.72,80.07,0.65,3.9031
20211205,Bengaluru Urban,12.9716,77.5946,22.22,82.17,1.15,4.1981
20211206,Bengaluru Urban,12.9716,77.5946,21.46,86.94,1.23,3.3298
20211207,Bengaluru Urban,12.9716,77.5946,21.62,85.32,2.11,3.7644
20211208,Bengaluru Urban,12.9716,77.5946,20.68,82.77,2.03,5.1072
20211209,Bengaluru Urban,12.9716,77.5946,21.88,85.37,1.68,3.1114
20211210,Bengaluru Urban,12.9716,77.5946,20.57,85.14,2.58,5.5123
20211211,Bengaluru Urban,12.9716,77.5946,20.82,87.6,2.82,3.6218
20211212,Bengaluru Urban,12.9716,77.5946,20.66,87.26,3.1,3.5129
20211213,Bengaluru Urban,12.9716,77.5946,20.9,87.83,2.83,3.2383
20211214,Bengaluru Urban,12.9716,77.5946,20.11,87.69,2.93,3.4613
20211215,Bengaluru Urban,12.9716,77.5946,20.14,85.28,2.69,3.2666
20211216,Bengaluru Urban,12.9716,77.5946,19.96,84.29,2.51,4.663
20211217,Bengaluru Urban,12.9716,77.5946,19.69,82.23,1.97,5.1302
20211218,Bengaluru Urban,12.9716,77.5946,18.22,80.39,2.26,4.9493
20211219,Bengaluru Urban,12.9716,77.5946,17.08,79.4,2.28,5.3734
20211220,Bengaluru Urban,12.9716,77.5946,17.15,81.45,2.05,5.5649
20211221,Bengaluru Urban,12.9716,77.5946,18.15,74.0,1.02,5.2625
20211222,Bengaluru Urban,12.9716,77.5946,17.69,78.01,1.32,4.8286
20211223,Bengaluru Urban,12.9716,77.5946,17.96,76.31,1.27,5.0614
20211224,Bengaluru Urban,12.9716,77.5946,17.61,73.09,1.35,5.3522
20211225,Bengaluru Urban,12.9716,77.5946,18.31,77.05,1.44,5.477
20211226,Bengaluru Urban,12.9716,77.5946,18.7,80.71,1.76,5.3986
20211227,Bengaluru Urban,12.9716,77.5946,18.48,81.15,2.0,5.6186
20211228,Bengaluru Urban,12.9716,77.5946,18.48,82.94,2.21,5.4958
20211229,Bengaluru Urban,12.9716,77.5946,18.96,82.45,2.23,5.2567
20211230,Bengaluru Urban,12.9716,77.5946,19.49,83.39,2.71,4.4986
20211231,Bengaluru Urban,12.9716,77.5946,20.63,86.54,3.6,2.7641
20220101,Bengaluru Urban,12.9716,77.5946,20.72,85.66,3.33,3.5268
20220102,Bengaluru Urban,12.9716,77.5946,20.2,83.39,2.99,5.2426
20220103,Bengaluru Urban,12.9716,77.5946,19.63,78.96,2.15,5.2183
20220104,Bengaluru Urban,12.9716,77.5946,19.48,81.36,2.08,5.2294
20220105,Bengaluru Urban,12.9716,77.5946,19.59,77.66,1.11,5.3335
20220106,Bengaluru Urban,12.9716,77.5946,19.83,80.79,1.92,5.3654
20220107,Bengaluru Urban,12.9716,77.5946,20.39,81.7,2.24,4.7546
20220108,Bengaluru Urban,12.9716,77.5946,20.76,81.81,1.94,4.2442
20220109,Bengaluru Urban,12.9716,77.5946,20.89,80.97,2.05,4.8134
20220110,Bengaluru Urban,12.9716,77.5946,20.22,77.92,2.16,4.9646
20220111,Bengaluru Urban,12.9716,77.5946,20.61,77.77,2.05,5.4473
20220112,Bengaluru Urban,12.9716,77.5946,21.12,80.29,2.02,4.7006
20220113,Bengaluru Urban,12.9716,77.5946,21.43,79.51,1.9,5.2094
20220114,Bengaluru Urban,12.9716,77.5946,21.59,78.49,1.52,5.0172
20220115,Bengaluru Urban,12.9716,77.5946,22.13,73.33,0.94,5.3712
20220116,Bengaluru Urban,12.9716,77.5946,21.72,78.88,2.47,4.674
20220117,Bengaluru Urban,12.9716,77.5946,21.22,78.42,2.78,4.9822
20220118,Bengaluru Urban,12.9716,77.5946,20.6,75.65,2.22,5.0851
20220119,Bengaluru Urban,12.9716,77.5946,20.16,72.14,1.8,5.687
20220120,Bengaluru Urban,12.9716,77.5946,20.17,63.92,1.37,5.9009
20220121,Bengaluru Urban,12.9716,77.5946,21.21,63.12,1.35,5.9647
20220122,Bengaluru Urban,12.9716,77.5946,20.62,65.11,1.62,6.143
20220123,Bengaluru Urban,12.9716,77.5946,20.01,69.45,1.66,6.1901
20220124,Bengaluru Urban,12.9716,77.5946,20.13,62.8,1.48,6.3115
20220125,Bengaluru Urban,12.9716,77.5946,20.92,71.47,1.07,5.5433
20220126,Bengaluru Urban,12.9716,77.5946,21.42,81.19,1.99,4.7976
20220127,Bengaluru Urban,12.9716,77.5946,21.49,75.83,2.82,4.5398
20220128,Bengaluru Urban,12.9716,77.5946,20.75,73.84,3.33,3.7793
20220129,Bengaluru Urban,12.9716,77.5946,21.24,74.44,2.95,4.4222
20220130,Bengaluru Urban,12.9716,77.5946,22.71,71.88,0.88,5.0426
20220131,Bengaluru Urban,12.9716,77.5946,23.6,69.69,1.19,5.6866
20220201,Bengaluru Urban,12.9716,77.5946,23.02,70.03,1.71,5.3765
20220202,Bengaluru Urban,12.9716,77.5946,22.24,65.8,1.7,5.7886
20220203,Bengaluru Urban,12.9716,77.5946,21.57,69.01,1.78,4.8977
20220204,Bengaluru Urban,12.9716,77.5946,22.14,63.54,1.84,6.3701
20220205,Bengaluru Urban,12.9716,77.5946,22.14,66.78,1.88,6.1272
20220206,Bengaluru Urban,12.9716,77.5946,22.92,71.58,2.71,4.8401
20220207,Bengaluru Urban,12.9716,77.5946,22.54,69.43,1.67,5.3405
20220208,Bengaluru Urban,12.9716,77.5946,22.43,66.73,1.69,5.471
20220209,Bengaluru Urban,12.9716,77.5946,21.81,66.42,2.7,6.0715
20220210,Bengaluru Urban,12.9716,77.5946,21.45,57.94,2.46,6.2914
20220211,Bengaluru Urban,12.9716,77.5946,21.69,56.93,3.57,6.4018
20220212,Bengaluru Urban,12.9716,77.5946,22.06,63.41,3.11,6.2873
20220213,Bengaluru Urban,12.9716,77.5946,21.41,61.85,2.7,6.0274
20220214,Bengaluru Urban,12.9716,77.5946,21.72,63.43,2.08,5.3316
20220215,Bengaluru Urban,12.9716,77.5946,22.15,66.03,2.18,5.0004
20220216,Bengaluru Urban,12.9716,77.5946,22.76,62.5,1.5,5.3117
20220217,Bengaluru Urban,12.9716,77.5946,22.68,62.15,1.89,5.9364
20220218,Bengaluru Urban,12.9716,77.5946,22.71,61.18,3.01,6.3096
20220219,Bengaluru Urban,12.9716,77.5946,22.97,58.34,3.08,6.5026
20220220,Bengaluru Urban,12.9716,77.5946,23.8,55.62,1.29,6.6029
20220221,Bengaluru Urban,12.9716,77.5946,24.62,60.03,1.38,6.4308
20220222,Bengaluru Urban,12.9716,77.5946,24.97,56.08,2.6,5.5358
20220223,Bengaluru Urban,12.9716,77.5946,23.45,58.48,3.46,6.6211
20220224,Bengaluru Urban,12.9716,77.5946,22.54,54.16,2.5,7.0562
20220225,Bengaluru Urban,12.9716,77.5946,22.44,49.27,2.82,6.8947
20220226,Bengaluru Urban,12.9716,77.5946,21.63,54.72,2.74,7.3152
20220227,Bengaluru Urban,12.9716,77.5946,23.31,58.58,2.45,7.1381
20220228,Bengaluru Urban,12.9716,77.5946,22.87,53.38,2.22,7.3008
20220301,Bengaluru Urban,12.9716,77.5946,23.43,49.46,2.9,7.14
20220302,Bengaluru Urban,12.9716,77.5946,22.92,38.76,3.19,6.4236
20220303,Bengaluru Urban,12.9716,77.5946,22.8,40.86,3.57,6.8455
20220304,Bengaluru Urban,12.9716,77.5946,23.39,36.74,3.48,7.0046
20220305,Bengaluru Urban,12.9716,77.5946,23.82,45.38,3.57,7.0596
20220306,Bengaluru Urban,12.9716,77.5946,23.9,52.91,3.96,6.4162
20220307,Bengaluru Urban,12.9716,77.5946,23.23,54.4,3.83,4.1146
20220308,Bengaluru Urban,12.9716,77.5946,24.97,49.96,3.05,6.7735
20220309,Bengaluru Urban,12.9716,77.5946,25.82,45.63,2.58,6.6766
20220310,Bengaluru Urban,12.9716,77.5946,25.83,40.23,3.4,7.0646
20220311,Bengaluru Urban,12.9716,77.5946,25.63,32.85,3.74,6.9007
20220312,Bengaluru Urban,12.9716,77.5946,25.81,30.83,3.56,7.2238
20220313,Bengaluru Urban,12.9716,77.5946,25.37,34.05,3.4,6.8018
20220314,Bengaluru Urban,12.9716,77.5946,26.4,37.56,2.54,6.575
20220315,Bengaluru Urban,12.9716,77.5946,26.72,35.25,2.08,5.9398
20220316,Bengaluru Urban,12.9716,77.5946,26.47,36.02,2.46,6.1219
20220317,Bengaluru Urban,12.9716,77.5946,27.12,30.23,2.63,5.9064
20220318,Bengaluru Urban,12.9716,77.5946,27.81,33.16,1.92,6.168
20220319,Bengaluru Urban,12.9716,77.5946,28.46,35.43,1.78,5.8178
20220320,Bengaluru Urban,12.9716,77.5946,26.19,57.19,1.83,4.8415
20220321,Bengaluru Urban,12.9716,77.5946,26.76,58.02,1.25,5.9177
20220322,Bengaluru Urban,12.9716,77.5946,26.26,62.97,1.54,4.8502
20220323,Bengaluru Urban,12.9716,77.5946,27.65,54.59,1.85,4.9973
20220324,Bengaluru Urban,12.9716,77.5946,27.35,56.16,1.17,4.8478
20220325,Bengaluru Urban,12.9716,77.5946,27.88,49.84,2.04,4.6968
20220326,Bengaluru Urban,12.9716,77.5946,28.27,49.76,2.42,5.6491
20220327,Bengaluru Urban,12.9716,77.5946,28.81,48.62,3.37,6.0137
20220328,Bengaluru Urban,12.9716,77.5946,28.85,47.73,2.88,6.2642
20220329,Bengaluru Urban,12.9716,77.5946,29.64,43.4,2.45,6.1651
20220330,Bengaluru Urban,12.9716,77.5946,30.0,40.22,2.28,5.8032
20220331,Bengaluru Urban,12.9716,77.5946,30.16,38.39,2.48,6.1174
20220401,Bengaluru Urban,12.9716,77.5946,29.91,38.47,2.96,5.2836
20220402,Bengaluru Urban,12.9716,77.5946,28.72,43.09,3.06,5.8104
20220403,Bengaluru Urban,12.9716,77.5946,28.59,44.73,3.55,6.5561
20220404,Bengaluru Urban,12.9716,77.5946,28.61,46.34,3.48,6.6389
20220405,Bengaluru Urban,12.9716,77.5946,28.07,44.87,3.88,6.7867
20220406,Bengaluru Urban,12.9716,77.5946,28.11,40.52,3.37,6.9869
20220407,Bengaluru Urban,12.9716,77.5946,27.39,48.96,3.34,6.9281
20220408,Bengaluru Urban,12.9716,77.5946,28.1,52.25,3.18,6.1442
20220409,Bengaluru Urban,12.9716,77.5946,27.96,53.89,2.79,6.191
20220410,Bengaluru Urban,12.9716,77.5946,28.56,44.78,3.22,4.5398
20220411,Bengaluru Urban,12.9716,77.5946,27.88,47.5,2.66,6.2246
20220412,Bengaluru Urban,12.9716,77.5946,29.05,44.14,2.9,5.531
20220413,Bengaluru Urban,12.9716,77.5946,27.56,56.46,2.72,4.0855
20220414,Bengaluru Urban,12.9716,77.5946,25.23,62.32,1.99,4.6085
20220415,Bengaluru Urban,12.9716,77.5946,27.76,56.89,0.77,6.876
20220416,Bengaluru Urban,12.9716,77.5946,28.72,54.39,1.71,6.9562
20220417,Bengaluru Urban,12.9716,77.5946,26.82,65.49,1.98,6.5347
20220418,Bengaluru Urban,12.9716,77.5946,26.48,60.74,2.54,6.0984
20220419,Bengaluru Urban,12.9716,77.5946,26.05,66.78,2.02,6.1814
20220420,Bengaluru Urban,12.9716,77.5946,28.1,55.37,2.23,6.7738
20220421,Bengaluru Urban,12.9716,77.5946,27.45,59.52,2.71,7.1846
20220422,Bengaluru Urban,12.9716,77.5946,26.78,61.66,2.66,6.8038
20220423,Bengaluru Urban,12.9716,77.5946,25.93,65.9,2.6,5.496
20220424,Bengaluru Urban,12.9716,77.5946,27.73,52.58,2.09,6.4428
20220425,Bengaluru Urban,12.9716,77.5946,27.65,53.84,2.06,7.0882
20220426,Bengaluru Urban,12.9716,77.5946,28.44,46.97,2.25,7.1462
20220427,Bengaluru Urban,12.9716,77.5946,28.83,50.75,2.85,7.385
20220428,Bengaluru Urban,12.9716,77.5946,29.18,49.88,2.56,7.2876
20220429,Bengaluru Urban,12.9716,77.5946,29.94,47.9,3.25,6.7858
20220430,Bengaluru Urban,12.9716,77.5946,29.98,49.96,1.91,6.6233
20220501,Bengaluru Urban,12.9716,77.5946,30.31,52.38,1.52,6.1174
20220502,Bengaluru Urban,12.9716,77.5946,28.76,62.16,1.95,6.8995
20220503,Bengaluru Urban,12.9716,77.5946,27.77,63.48,1.89,6.8794
20220504,Bengaluru Urban,12.9716,77.5946,28.44,60.84,2.07,6.1505
20220505,Bengaluru Urban,12.9716,77.5946,27.11,65.39,1.74,5.2037
20220506,Bengaluru Urban,12.9716,77.5946,27.4,62.09,1.26,6.4536
20220507,Bengaluru Urban,12.9716,77.5946,27.35,64.03,1.61,6.0329
20220508,Bengaluru Urban,12.9716,77.5946,27.81,62.57,1.82,5.4852
20220509,Bengaluru Urban,12.9716,77.5946,27.31,65.58,2.15,4.6522
20220510,Bengaluru Urban,12.9716,77.5946,26.4,68.95,3.87,2.1125
20220511,Bengaluru Urban,12.9716,77.5946,25.2,73.35,5.32,3.7409
20220512,Bengaluru Urban,12.9716,77.5946,24.54,76.26,4.25,1.7938
20220513,Bengaluru Urban,12.9716,77.5946,25.61,73.96,3.11,3.7313
20220514,Bengaluru Urban,12.9716,77.5946,25.35,76.35,2.48,4.4462
20220515,Bengaluru Urban,12.9716,77.5946,24.21,84.68,2.32,5.4336
20220516,Bengaluru Urban,12.9716,77.5946,25.13,81.11,2.37,3.0094
20220517,Bengaluru Urban,12.9716,77.5946,25.1,71.44,1.17,4.2245
20220518,Bengaluru Urban,12.9716,77.5946,24.38,79.89,1.41,3.583
20220519,Bengaluru Urban,12.9716,77.5946,22.64,87.21,3.55,2.3282
20220520,Bengaluru Urban,12.9716,77.5946,22.05,82.12,4.59,4.8797
20220521,Bengaluru Urban,12.9716,77.5946,23.51,75.97,4.34,4.9402
20220522,Bengaluru Urban,12.9716,77.5946,24.39,77.29,4.36,4.8965
20220523,Bengaluru Urban,12.9716,77.5946,25.31,75.7,3.36,6.6266
20220524,Bengaluru Urban,12.9716,77.5946,26.15,73.19,2.58,7.1232
20220525,Bengaluru Urban,12.9716,77.5946,26.3,71.36,1.69,6.1416
20220526,Bengaluru Urban,12.9716,77.5946,25.46,73.94,2.38,6.2177
20220527,Bengaluru Urban,12.9716,77.5946,24.38,76.25,3.1,7.0229
20220528,Bengaluru Urban,12.9716,77.5946,24.5,73.33,3.46,7.2216
20220529,Bengaluru Urban,12.9716,77.5946,24.83,69.24,3.05,7.3958
20220530,Bengaluru Urban,12.9716,77.5946,25.28,71.11,2.6,6.2436
20220531,Bengaluru Urban,12.9716,77.5946,23.55,78.83,2.88,5.8433
20220601,Bengaluru Urban,12.9716,77.5946,23.49,79.46,3.4,6.0283
20220602,Bengaluru Urban,12.9716,77.5946,25.09,73.28,2.21,6.1488
20220603,Bengaluru Urban,12.9716,77.5946,24.96,74.95,2.06,6.7824
20220604,Bengaluru Urban,12.9716,77.5946,24.32,75.55,2.44,6.7843
20220605,Bengaluru Urban,12.9716,77.5946,24.87,76.26,1.45,6.3965
20220606,Bengaluru Urban,12.9716,77.5946,24.37,76.62,1.55,5.9563
20220607,Bengaluru Urban,12.9716,77.5946,24.71,76.44,2.74,4.518
20220608,Bengaluru Urban,12.9716,77.5946,24.56,75.07,3.65,6.7205
20220609,Bengaluru Urban,12.9716,77.5946,25.28,70.31,3.83,6.4265
20220610,Bengaluru Urban,12.9716,77.5946,24.79,72.59,4.22,6.0514
20220611,Bengaluru Urban,12.9716,77.5946,24.6,70.64,3.93,6.245
20220612,Bengaluru Urban,12.9716,77.5946,23.66,71.84,3.42,6.2458
20220613,Bengaluru Urban,12.9716,77.5946,24.04,73.8,2.56,6.0929
20220614,Bengaluru Urban,12.9716,77.5946,24.15,78.12,2.77,6.8002
20220615,Bengaluru Urban,12.9716,77.5946,23.32,80.65,2.65,4.8967
20220616,Bengaluru Urban,12.9716,77.5946,23.18,84.05,1.47,5.9342
20220617,Bengaluru Urban,12.9716,77.5946,21.74,84.67,1.56,6.0821
20220618,Bengaluru Urban,12.9716,77.5946,22.02,86.81,1.62,5.3758
20220619,Bengaluru Urban,12.9716,77.5946,23.17,86.05,2.1,5.7353
20220620,Bengaluru Urban,12.9716,77.5946,23.2,79.53,3.19,5.3738
20220621,Bengaluru Urban,12.9716,77.5946,23.01,81.91,3.41,4.8444
20220622,Bengaluru Urban,12.9716,77.5946,22.32,85.63,2.65,3.9394
20220623,Bengaluru Urban,12.9716,77.5946,23.15,80.31,3.16,4.4534
20220624,Bengaluru Urban,12.9716,77.5946,22.26,84.76,4.11,6.0874
20220625,Bengaluru Urban,12.9716,77.5946,22.67,81.21,4.29,3.9571
20220626,Bengaluru Urban,12.9716,77.5946,23.12,79.43,4.61,5.2819
20220627,Bengaluru Urban,12.9716,77.5946,23.81,76.61,4.35,4.843
20220628,Bengaluru Urban,12.9716,77.5946,23.95,77.12,3.54,5.1413
20220629,Bengaluru Urban,12.9716,77.5946,24.13,79.52,3.17,5.5906
20220630,Bengaluru Urban,12.9716,77.5946,23.57,82.75,3.63,4.4868
20220701,Bengaluru Urban,12.9716,77.5946,23.2,84.03,3.66,4.8552
20220702,Bengaluru Urban,12.9716,77.5946,22.83,84.87,3.59,4.7966
20220703,Bengaluru Urban,12.9716,77.5946,23.52,81.4,4.16,4.0721
20220704,Bengaluru Urban,12.9716,77.5946,22.44,83.42,4.97,3.8208
20220705,Bengaluru Urban,12.9716,77.5946,22.37,84.1,4.73,3.5762
20220706,Bengaluru Urban,12.9716,77.5946,22.56,81.81,4.42,2.635
20220707,Bengaluru Urban,12.9716,77.5946,22.55,83.8,4.64,3.1642
20220708,Bengaluru Urban,12.9716,77.5946,22.27,82.37,5.09,3.9317
20220709,Bengaluru Urban,12.9716,77.5946,22.61,83.41,5.11,3.1046
20220710,Bengaluru Urban,12.9716,77.5946,22.93,80.17,5.34,3.5081
20220711,Bengaluru Urban,12.9716,77.5946,23.11,80.01,5.07,2.8495
20220712,Bengaluru Urban,12.9716,77.5946,22.79,80.38,5.9,4.7652
20220713,Bengaluru Urban,12.9716,77.5946,22.87,78.86,7.08,3.7022
20220714,Bengaluru Urban,12.9716,77.5946,22.43,78.31,7.49,3.4697
20220715,Bengaluru Urban,12.9716,77.5946,23.32,76.98,5.96,4.0687
20220716,Bengaluru Urban,12.9716,77.5946,23.57,80.63,4.85,3.9778
20220717,Bengaluru Urban,12.9716,77.5946,23.09,81.89,5.17,4.1066
20220718,Bengaluru Urban,12.9716,77.5946,22.68,82.1,4.04,3.397
20220719,Bengaluru Urban,12.9716,77.5946,22.95,82.54,2.46,5.963
20220720,Bengaluru Urban,12.9716,77.5946,23.77,81.67,2.13,5.4278
20220721,Bengaluru Urban,12.9716,77.5946,23.26,84.52,2.39,5.0395
20220722,Bengaluru Urban,12.9716,77.5946,22.51,86.68,2.75,3.7154
20220723,Bengaluru Urban,12.9716,77.5946,22.84,82.61,3.34,4.1777
20220724,Bengaluru Urban,12.9716,77.5946,22.99,80.88,3.48,4.1309
20220725,Bengaluru Urban,12.9716,77.5946,22.91,80.91,2.69,5.3834
20220726,Bengaluru Urban,12.9716,77.5946,22.22,84.1,2.8,4.7441
20220727,Bengaluru Urban,12.9716,77.5946,22.88,85.09,2.1,4.7338
20220728,Bengaluru Urban,12.9716,77.5946,24.1,78.61,1.18,5.7974
20220729,Bengaluru Urban,12.9716,77.5946,23.39,80.18,1.17,5.9801
20220730,Bengaluru Urban,12.9716,77.5946,24.39,76.57,0.85,5.9842
20220731,Bengaluru Urban,12.9716,77.5946,24.02,84.58,1.24,4.9865
20220801,Bengaluru Urban,12.9716,77.5946,23.93,84.35,1.95,5.6124
20220802,Bengaluru Urban,12.9716,77.5946,23.89,83.76,1.68,4.5526
20220803,Bengaluru Urban,12.9716,77.5946,22.77,83.4,1.96,3.2885
20220804,Bengaluru Urban,12.9716,77.5946,22.06,85.69,1.22,2.3064
20220805,Bengaluru Urban,12.9716,77.5946,22.62,84.42,5.51,3.012
20220806,Bengaluru Urban,12.9716,77.5946,22.5,84.33,5.68,3.3806
20220807,Bengaluru Urban,12.9716,77.5946,22.28,86.36,5.34,3.1507
20220808,Bengaluru Urban,12.9716,77.5946,22.39,85.48,5.82,3.4805
20220809,Bengaluru Urban,12.9716,77.5946,22.49,81.48,6.36,3.852
20220810,Bengaluru Urban,12.9716,77.5946,22.1,81.41,5.77,4.9406
20220811,Bengaluru Urban,12.9716,77.5946,22.64,82.13,4.96,4.6963
20220812,Bengaluru Urban,12.9716,77.5946,22.86,81.25,4.46,4.6507
20220813,Bengaluru Urban,12.9716,77.5946,22.2,82.48,3.59,5.5267
20220814,Bengaluru Urban,12.9716,77.5946,22.82,78.98,3.93,4.6058
20220815,Bengaluru Urban,12.9716,77.5946,23.63,78.49,3.01,5.1346
20220816,Bengaluru Urban,12.9716,77.5946,24.23,76.83,1.65,6.3144
20220817,Bengaluru Urban,12.9716,77.5946,24.05,79.47,2.37,5.9726
20220818,Bengaluru Urban,12.9716,77.5946,22.91,86.48,3.17,5.0671
20220819,Bengaluru Urban,12.9716,77.5946,23.02,84.18,3.65,4.7652
20220820,Bengaluru Urban,12.9716,77.5946,22.87,83.98,3.52,4.8173
20220821,Bengaluru Urban,12.9716,77.5946,22.87,85.15,3.63,4.5955
20220822,Bengaluru Urban,12.9716,77.5946,22.83,85.48,3.95,4.3805
20220823,Bengaluru Urban,12.9716,77.5946,23.28,83.66,3.55,5.5862
20220824,Bengaluru Urban,12.9716,77.5946,22.86,84.98,3.25,4.343
20220825,Bengaluru Urban,12.9716,77.5946,22.28,86.29,2.89,3.9221
20220826,Bengaluru Urban,12.9716,77.5946,22.0,90.52,2.34,4.3651
20220827,Bengaluru Urban,12.9716,77.5946,22.02,89.28,2.74,4.2254
20220828,Bengaluru Urban,12.9716,77.5946,22.53,86.92,2.6,5.4823
20220829,Bengaluru Urban,12.9716,77.5946,22.84,89.66,1.89,3.9293
20220830,Bengaluru Urban,12.9716,77.5946,23.67,86.74,1.92,5.5318
20220831,Bengaluru Urban,12.9716,77.5946,22.53,90.56,1.78,4.9387
20220901,Bengaluru Urban,12.9716,77.5946,23.1,83.85,1.01,3.2592
20220902,Bengaluru Urban,12.9716,77.5946,23.3,85.24,1.61,5.0748
20220903,Bengaluru Urban,12.9716,77.5946,24.24,82.53,0.75,5.6035
20220904,Bengaluru Urban,12.9716,77.5946,23.57,89.64,1.19,5.4401
20220905,Bengaluru Urban,12.9716,77.5946,24.12,83.96,0.79,5.8433
20220906,Bengaluru Urban,12.9716,77.5946,23.13,86.43,1.31,4.8178
20220907,Bengaluru Urban,12.9716,77.5946,22.26,88.64,1.47,4.374
20220908,Bengaluru Urban,12.9716,77.5946,22.06,89.52,2.79,2.8634
20220909,Bengaluru Urban,12.9716,77.5946,22.3,90.33,3.03,4.4225
20220910,Bengaluru Urban,12.9716,77.5946,22.27,88.73,3.81,3.8506
20220911,Bengaluru Urban,12.9716,77.5946,21.95,88.36,4.27,3.9451
20220912,Bengaluru Urban,12.9716,77.5946,22.07,86.68,4.78,5.0959
20220913,Bengaluru Urban,12.9716,77.5946,22.48,87.81,3.39,4.5883
20220914,Bengaluru Urban,12.9716,77.5946,22.21,88.65,2.59,4.963
20220915,Bengaluru Urban,12.9716,77.5946,21.9,88.61,2.66,5.0366
20220916,Bengaluru Urban,12.9716,77.5946,22.62,87.24,2.73,5.2495
20220917,Bengaluru Urban,12.9716,77.5946,22.37,87.76,2.41,6.0192
20220918,Bengaluru Urban,12.9716,77.5946,22.75,86.23,2.56,5.6083
20220919,Bengaluru Urban,12.9716,77.5946,22.52,86.55,3.05,5.1706
20220920,Bengaluru Urban,12.9716,77.5946,21.41,82.76,2.85,5.4958
20220921,Bengaluru Urban,12.9716,77.5946,22.02,84.6,2.69,5.5558
20220922,Bengaluru Urban,12.9716,77.5946,22.14,81.47,2.89,6.3554
20220923,Bengaluru Urban,12.9716,77.5946,21.42,84.75,2.56,6.0329
20220924,Bengaluru Urban,12.9716,77.5946,22.26,84.27,2.64,5.622
20220925,Bengaluru Urban,12.9716,77.5946,22.68,82.71,2.33,6.0154
20220926,Bengaluru Urban,12.9716,77.5946,23.04,86.46,2.3,4.5874
20220927,Bengaluru Urban,12.9716,77.5946,22.21,87.8,2.1,4.523
20220928,Bengaluru Urban,12.9716,77.5946,22.47,85.5,2.29,4.2722
20220929,Bengaluru Urban,12.9716,77.5946,21.87,87.46,2.2,4.5475
20220930,Bengaluru Urban,12.9716,77.5946,21.27,89.82,2.9,4.0219
20221001,Bengaluru Urban,12.9716,77.5946,21.54,87.97,3.36,3.3346
20221002,Bengaluru Urban,12.9716,77.5946,21.43,86.06,3.17,3.9888
20221003,Bengaluru Urban,12.9716,77.5946,22.07,86.38,3.2,3.6454
20221004,Bengaluru Urban,12.9716,77.5946,22.02,88.88,2.55,4.7705
20221005,Bengaluru Urban,12.9716,77.5946,21.64,91.06,2.27,4.0678
20221006,Bengaluru Urban,12.9716,77.5946,21.97,87.63,2.21,3.5292
20221007,Bengaluru Urban,12.9716,77.5946,22.16,85.87,1.78,5.9002
20221008,Bengaluru Urban,12.9716,77.5946,21.47,87.17,1.68,5.105
20221009,Bengaluru Urban,12.9716,77.5946,22.0,89.22,1.81,3.1147
20221010,Bengaluru Urban,12.9716,77.5946,23.23,88.5,2.04,3.2402
20221011,Bengaluru Urban,12.9716,77.5946,22.98,89.62,2.1,3.4406
20221012,Bengaluru Urban,12.9716,77.5946,22.99,88.71,1.49,3.7709
20221013,Bengaluru Urban,12.9716,77.5946,22.91,88.68,1.13,4.6682
20221014,Bengaluru Urban,12.9716,77.5946,23.62,84.27,1.1,4.7856
20221015,Bengaluru Urban,12.9716,77.5946,22.98,88.47,1.33,4.0493
20221016,Bengaluru Urban,12.9716,77.5946,23.36,88.52,1.98,4.0459
20221017,Bengaluru Urban,12.9716,77.5946,23.43,89.33,1.97,4.7184
20221018,Bengaluru Urban,12.9716,77.5946,23.19,87.66,1.45,4.8494
20221019,Bengaluru Urban,12.9716,77.5946,23.06,85.27,1.03,5.0278
20221020,Bengaluru Urban,12.9716,77.5946,22.95,86.27,1.62,5.1739
20221021,Bengaluru Urban,12.9716,77.5946,22.45,87.28,1.88,4.5305
20221022,Bengaluru Urban,12.9716,77.5946,21.98,87.45,2.04,5.1178
20221023,Bengaluru Urban,12.9716,77.5946,20.94,83.79,1.85,5.9285
20221024,Bengaluru Urban,12.9716,77.5946,18.96,76.05,2.19,6.2114
20221025,Bengaluru Urban,12.9716,77.5946,19.07,70.96,1.56,6.6293
20221026,Bengaluru Urban,12.9716,77.5946,19.7,71.17,1.13,6.4344
20221027,Bengaluru Urban,12.9716,77.5946,19.66,78.36,1.62,6.4078
20221028,Bengaluru Urban,12.9716,77.5946,20.95,86.9,2.16,4.165
20221029,Bengaluru Urban,12.9716,77.5946,21.67,87.82,2.44,3.9089
20221030,Bengaluru Urban,12.9716,77.5946,21.64,86.69,2.22,3.5419
20221031,Bengaluru Urban,12.9716,77.5946,20.31,88.26,1.89,5.4024
20221101,Bengaluru Urban,12.9716,77.5946,20.21,93.18,2.27,2.9849
20221102,Bengaluru Urban,12.9716,77.5946,20.12,89.63,2.33,2.6011
20221103,Bengaluru Urban,12.9716,77.5946,20.3,85.56,2.4,2.9981
20221104,Bengaluru Urban,12.9716,77.5946,20.56,86.1,2.49,3.8054
20221105,Bengaluru Urban,12.9716,77.5946,20.62,84.18,2.24,5.2735
20221106,Bengaluru Urban,12.9716,77.5946,20.77,88.35,2.2,3.8446
20221107,Bengaluru Urban,12.9716,77.5946,20.02,82.15,2.03,5.7938
20221108,Bengaluru Urban,12.9716,77.5946,20.75,87.6,2.15,5.3198
20221109,Bengaluru Urban,12.9716,77.5946,21.37,84.77,1.92,5.0839
20221110,Bengaluru Urban,12.9716,77.5946,21.39,84.91,2.39,5.3381
20221111,Bengaluru Urban,12.9716,77.5946,20.02,88.59,3.57,1.2696
20221112,Bengaluru Urban,12.9716,77.5946,20.35,91.92,2.95,1.4719
20221113,Bengaluru Urban,12.9716,77.5946,20.77,89.24,2.53,2.9081
20221114,Bengaluru Urban,12.9716,77.5946,21.33,88.72,1.63,4.5689
20221115,Bengaluru Urban,12.9716,77.5946,21.59,87.62,1.5,4.3997
20221116,Bengaluru Urban,12.9716,77.5946,20.8,86.23,1.64,5.0131
20221117,Bengaluru Urban,12.9716,77.5946,18.65,78.06,1.85,5.3782
20221118,Bengaluru Urban,12.9716,77.5946,17.62,75.28,1.78,5.7118
20221119,Bengaluru Urban,12.9716,77.5946,17.79,79.84,2.0,5.1041
20221120,Bengaluru Urban,12.9716,77.5946,17.37,77.83,1.53,4.6306
20221121,Bengaluru Urban,12.9716,77.5946,16.92,87.67,1.69,5.4324
20221122,Bengaluru Urban,12.9716,77.5946,20.16,89.71,1.58,2.3455
20221123,Bengaluru Urban,12.9716,77.5946,21.37,89.41,1.63,2.621
20221124,Bengaluru Urban,12.9716,77.5946,21.63,87.46,2.25,1.8593
20221125,Bengaluru Urban,12.9716,77.5946,21.4,86.21,2.04,4.5974
20221126,Bengaluru Urban,12.9716,77.5946,21.57,84.52,1.63,5.1242
20221127,Bengaluru Urban,12.9716,77.5946,21.94,83.69,1.06,4.1122
20221128,Bengaluru Urban,12.9716,77.5946,22.06,85.45,1.14,3.3878
20221129,Bengaluru Urban,12.9716,77.5946,21.26,83.85,1.9,3.5573
20221130,Bengaluru Urban,12.9716,77.5946,18.66,78.73,1.75,5.1139
20221201,Bengaluru Urban,12.9716,77.5946,20.8,87.83,1.95,3.4111
20221202,Bengaluru Urban,12.9716,77.5946,21.93,86.09,2.02,4.3243
20221203,Bengaluru Urban,12.9716,77.5946,21.77,85.71,2.26,5.1905
20221204,Bengaluru Urban,12.9716,77.5946,21.29,86.33,2.34,5.034
20221205,Bengaluru Urban,12.9716,77.5946,20.85,87.18,2.23,4.0178
20221206,Bengaluru Urban,12.9716,77.5946,20.64,84.93,1.79,3.2738
20221207,Bengaluru Urban,12.9716,77.5946,19.11,80.51,2.16,3.9799
20221208,Bengaluru Urban,12.9716,77.5946,17.31,77.64,2.05,3.7375
20221209,Bengaluru Urban,12.9716,77.5946,17.79,83.38,3.42,2.4468
20221210,Bengaluru Urban,12.9716,77.5946,19.26,93.76,5.04,1.5281
20221211,Bengaluru Urban,12.9716,77.5946,21.04,90.83,3.02,1.9121
20221212,Bengaluru Urban,12.9716,77.5946,20.8,92.76,2.88,2.6482
20221213,Bengaluru Urban,12.9716,77.5946,21.12,89.84,3.03,3.367
20221214,Bengaluru Urban,12.9716,77.5946,20.79,86.79,2.3,3.8078
20221215,Bengaluru Urban,12.9716,77.5946,20.03,79.32,1.84,5.8819
20221216,Bengaluru Urban,12.9716,77.5946,19.25,76.11,1.83,5.8961
20221217,Bengaluru Urban,12.9716,77.5946,19.9,84.12,1.99,5.2687
20221218,Bengaluru Urban,12.9716,77.5946,20.55,86.92,2.52,4.1582
20221219,Bengaluru Urban,12.9716,77.5946,17.88,84.75,2.22,5.2879
20221220,Bengaluru Urban,12.9716,77.5946,18.84,81.31,1.85,5.1331
20221221,Bengaluru Urban,12.9716,77.5946,18.39,75.49,1.86,5.4612
20221222,Bengaluru Urban,12.9716,77.5946,17.5,77.37,2.12,5.8138
20221223,Bengaluru Urban,12.9716,77.5946,19.35,84.27,2.06,5.5642
20221224,Bengaluru Urban,12.9716,77.5946,20.47,83.55,2.0,5.6129
20221225,Bengaluru Urban,12.9716,77.5946,21.29,87.92,3.1,2.4022
20221226,Bengaluru Urban,12.9716,77.5946,21.19,87.28,3.09,2.9023
20221227,Bengaluru Urban,12.9716,77.5946,21.09,87.3,2.58,2.8742
20221228,Bengaluru Urban,12.9716,77.5946,21.5,85.92,2.05,5.2877
20221229,Bengaluru Urban,12.9716,77.5946,20.79,82.26,1.97,5.6518
20221230,Bengaluru Urban,12.9716,77.5946,19.25,78.02,1.66,5.8915
20221231,Bengaluru Urban,12.9716,77.5946,18.84,73.82,1.23,5.9016
20230101,Bengaluru Urban,12.9716,77.5946,18.53,76.63,1.6,5.7029
20230102,Bengaluru Urban,12.9716,77.5946,18.57,81.34,2.39,5.8274
20230103,Bengaluru Urban,12.9716,77.5946,18.94,80.9,2.14,5.2486
20230104,Bengaluru Urban,12.9716,77.5946,19.22,80.99,2.35,5.4226
20230105,Bengaluru Urban,12.9716,77.5946,18.78,81.13,2.92,4.123
20230106,Bengaluru Urban,12.9716,77.5946,18.89,83.05,3.19,4.7527
20230107,Bengaluru Urban,12.9716,77.5946,19.36,82.9,2.77,4.7933
20230108,Bengaluru Urban,12.9716,77.5946,19.3,80.76,2.04,4.8257
20230109,Bengaluru Urban,12.9716,77.5946,18.05,71.84,1.94,5.7802
20230110,Bengaluru Urban,12.9716,77.5946,16.62,74.99,2.28,6.0768
20230111,Bengaluru Urban,12.9716,77.5946,17.17,71.12,1.61,6.15
20230112,Bengaluru Urban,12.9716,77.5946,17.92,65.4,1.39,6.2726
20230113,Bengaluru Urban,12.9716,77.5946,18.12,71.58,1.23,5.2858
20230114,Bengaluru Urban,12.9716,77.5946,17.89,68.49,1.29,6.0014
20230115,Bengaluru Urban,12.9716,77.5946,17.84,68.45,1.3,6.2244
20230116,Bengaluru Urban,12.9716,77.5946,18.39,68.26,1.56,6.131
20230117,Bengaluru Urban,12.9716,77.5946,18.05,70.56,1.43,6.2244
20230118,Bengaluru Urban,12.9716,77.5946,18.29,73.7,1.92,6.2028
20230119,Bengaluru Urban,12.9716,77.5946,18.23,70.27,2.16,6.3518
20230120,Bengaluru Urban,12.9716,77.5946,18.16,79.29,2.39,5.6059
20230121,Bengaluru Urban,12.9716,77.5946,19.34,76.61,2.21,4.9771
20230122,Bengaluru Urban,12.9716,77.5946,18.87,70.86,2.51,5.531
20230123,Bengaluru Urban,12.9716,77.5946,20.13,79.09,2.71,4.6157
20230124,Bengaluru Urban,12.9716,77.5946,20.98,75.82,2.19,3.8263
20230125,Bengaluru Urban,12.9716,77.5946,19.7,72.94,2.16,5.7528
20230126,Bengaluru Urban,12.9716,77.5946,19.3,70.88,2.18,6.0672
20230127,Bengaluru Urban,12.9716,77.5946,18.98,67.89,2.47,6.1668
20230128,Bengaluru Urban,12.9716,77.5946,18.54,63.64,2.5,6.2993
20230129,Bengaluru Urban,12.9716,77.5946,19.14,67.93,2.71,6.0355
20230130,Bengaluru Urban,12.9716,77.5946,20.89,76.99,2.41,4.2458
20230131,Bengaluru Urban,12.9716,77.5946,21.23,70.23,2.56,5.0597
20230201,Bengaluru Urban,12.9716,77.5946,21.21,65.42,2.72,5.347
20230202,Bengaluru Urban,12.9716,77.5946,20.91,66.39,2.99,4.085
20230203,Bengaluru Urban,12.9716,77.5946,21.8,68.59,2.92,2.609
20230204,Bengaluru Urban,12.9716,77.5946,22.43,66.01,3.11,6.2198
20230205,Bengaluru Urban,12.9716,77.5946,22.26,59.22,2.1,6.3878
20230206,Bengaluru Urban,12.9716,77.5946,21.4,63.84,1.83,6.023
20230207,Bengaluru Urban,12.9716,77.5946,21.2,63.89,0.96,6.2628
20230208,Bengaluru Urban,12.9716,77.5946,22.06,61.95,2.06,6.0336
20230209,Bengaluru Urban,12.9716,77.5946,21.74,61.56,2.25,6.3113
20230210,Bengaluru Urban,12.9716,77.5946,21.82,62.36,2.27,6.2729
20230211,Bengaluru Urban,12.9716,77.5946,21.94,56.14,2.29,6.0737
20230212,Bengaluru Urban,12.9716,77.5946,22.52,51.88,2.42,6.7478
20230213,Bengaluru Urban,12.9716,77.5946,21.99,49.12,2.72,6.8412
20230214,Bengaluru Urban,12.9716,77.5946,21.57,54.11,2.13,6.9161
20230215,Bengaluru Urban,12.9716,77.5946,21.49,53.67,2.14,6.9379
20230216,Bengaluru Urban,12.9716,77.5946,21.76,52.86,2.83,6.7296
20230217,Bengaluru Urban,12.9716,77.5946,21.42,57.93,2.46,6.8825
20230218,Bengaluru Urban,12.9716,77.5946,21.63,58.81,2.21,6.9046
20230219,Bengaluru Urban,12.9716,77.5946,22.06,59.3,2.16,6.7764
20230220,Bengaluru Urban,12.9716,77.5946,22.33,53.76,1.65,6.8902
20230221,Bengaluru Urban,12.9716,77.5946,22.52,52.44,1.99,6.9132
20230222,Bengaluru Urban,12.9716,77.5946,22.47,52.07,2.77,6.7018
20230223,Bengaluru Urban,12.9716,77.5946,21.61,51.75,3.03,7.2785
20230224,Bengaluru Urban,12.9716,77.5946,21.69,47.05,2.48,7.356
20230225,Bengaluru Urban,12.9716,77.5946,22.58,39.21,2.92,7.3694
20230226,Bengaluru Urban,12.9716,77.5946,22.51,43.36,3.25,7.0548
20230227,Bengaluru Urban,12.9716,77.5946,21.53,50.01,3.18,7.326
20230228,Bengaluru Urban,12.9716,77.5946,22.07,51.97,2.9,6.7126
20230301,Bengaluru Urban,12.9716,77.5946,23.85,56.23,3.27,6.1747
20230302,Bengaluru Urban,12.9716,77.5946,22.13,45.57,3.59,7.3762
20230303,Bengaluru Urban,12.9716,77.5946,22.1,43.88,3.73,7.4138
20230304,Bengaluru Urban,12.9716,77.5946,22.63,38.93,3.68,7.2722
20230305,Bengaluru Urban,12.9716,77.5946,22.93,39.07,3.49,7.2682
20230306,Bengaluru Urban,12.9716,77.5946,23.01,38.91,3.54,7.3735
20230307,Bengaluru Urban,12.9716,77.5946,23.21,39.53,3.5,5.988
20230308,Bengaluru Urban,12.9716,77.5946,23.36,44.32,3.58,7.2466
20230309,Bengaluru Urban,12.9716,77.5946,22.66,46.32,3.0,5.6316
20230310,Bengaluru Urban,12.9716,77.5946,23.39,46.29,3.41,6.1956
20230311,Bengaluru Urban,12.9716,77.5946,24.05,49.61,3.51,7.0786
20230312,Bengaluru Urban,12.9716,77.5946,24.13,50.79,3.56,7.3025
20230313,Bengaluru Urban,12.9716,77.5946,25.23,49.79,3.23,6.876
20230314,Bengaluru Urban,12.9716,77.5946,25.92,42.04,2.33,6.6473
20230315,Bengaluru Urban,12.9716,77.5946,26.64,46.19,2.67,6.4027
20230316,Bengaluru Urban,12.9716,77.5946,26.32,55.69,2.02,5.2111
20230317,Bengaluru Urban,12.9716,77.5946,24.0,70.81,2.1,5.6059
20230318,Bengaluru Urban,12.9716,77.5946,24.65,71.42,2.8,5.8128
20230319,Bengaluru Urban,12.9716,77.5946,24.85,67.81,1.78,6.1104
20230320,Bengaluru Urban,12.9716,77.5946,24.89,57.62,2.05,6.5107
20230321,Bengaluru Urban,12.9716,77.5946,24.04,47.21,1.93,7.2398
20230322,Bengaluru Urban,12.9716,77.5946,24.77,47.31,1.2,6.8911
20230323,Bengaluru Urban,12.9716,77.5946,26.83,52.1,1.24,6.6185
20230324,Bengaluru Urban,12.9716,77.5946,26.81,57.34,1.68,6.0437
20230325,Bengaluru Urban,12.9716,77.5946,25.7,67.57,2.17,5.4372
20230326,Bengaluru Urban,12.9716,77.5946,25.73,65.58,1.36,5.3275
20230327,Bengaluru Urban,12.9716,77.5946,26.6,58.1,1.63,6.7082
20230328,Bengaluru Urban,12.9716,77.5946,27.5,53.03,1.65,6.9396
20230329,Bengaluru Urban,12.9716,77.5946,27.77,55.6,2.04,5.6146
20230330,Bengaluru Urban,12.9716,77.5946,27.29,55.19,1.0,5.6237
20230331,Bengaluru Urban,12.9716,77.5946,27.59,50.58,1.18,6.5534
20230401,Bengaluru Urban,12.9716,77.5946,27.12,53.43,1.4,5.9962
20230402,Bengaluru Urban,12.9716,77.5946,27.67,53.21,1.62,6.1418
20230403,Bengaluru Urban,12.9716,77.5946,28.34,48.42,1.64,6.4822
20230404,Bengaluru Urban,12.9716,77.5946,26.26,62.97,1.54,4.535
20230405,Bengaluru Urban,12.9716,77.5946,27.05,59.49,1.67,5.7758
20230406,Bengaluru Urban,12.9716,77.5946,27.19,52.24,2.33,6.2448
20230407,Bengaluru Urban,12.9716,77.5946,26.87,52.28,3.03,6.8515
20230408,Bengaluru Urban,12.9716,77.5946,26.54,50.93,3.69,7.4998
20230409,Bengaluru Urban,12.9716,77.5946,26.71,48.02,3.06,7.5518
20230410,Bengaluru Urban,12.9716,77.5946,27.36,46.57,3.23,7.4578
20230411,Bengaluru Urban,12.9716,77.5946,27.58,34.86,2.64,7.6774
20230412,Bengaluru Urban,12.9716,77.5946,27.02,33.87,2.5,7.7203
20230413,Bengaluru Urban,12.9716,77.5946,28.88,27.2,2.77,7.823
20230414,Bengaluru Urban,12.9716,77.5946,28.34,28.79,2.6,7.5041
20230415,Bengaluru Urban,12.9716,77.5946,28.42,30.05,2.35,6.4903
20230416,Bengaluru Urban,12.9716,77.5946,27.88,33.91,2.5,7.2031
20230417,Bengaluru Urban,12.9716,77.5946,28.3,31.27,3.01,7.4945
20230418,Bengaluru Urban,12.9716,77.5946,28.72,33.73,2.82,7.7304
20230419,Bengaluru Urban,12.9716,77.5946,29.02,35.1,1.98,7.5569
20230420,Bengaluru Urban,12.9716,77.5946,30.24,34.99,1.51,7.2298
20230421,Bengaluru Urban,12.9716,77.5946,30.16,41.28,1.96,6.5254
20230422,Bengaluru Urban,12.9716,77.5946,29.62,46.07,1.75,5.905
20230423,Bengaluru Urban,12.9716,77.5946,28.42,54.25,1.87,6.2388
20230424,Bengaluru Urban,12.9716,77.5946,28.21,52.99,3.37,6.6379
20230425,Bengaluru Urban,12.9716,77.5946,27.88,49.99,2.51,6.0353
20230426,Bengaluru Urban,12.9716,77.5946,28.07,51.17,2.42,5.6023
20230427,Bengaluru Urban,12.9716,77.5946,28.51,49.52,2.47,5.8138
20230428,Bengaluru Urban,12.9716,77.5946,29.09,46.23,3.23,6.3278
20230429,Bengaluru Urban,12.9716,77.5946,27.96,56.71,2.72,5.3393
20230430,Bengaluru Urban,12.9716,77.5946,26.51,67.15,1.99,5.9381
20230501,Bengaluru Urban,12.9716,77.5946,24.41,78.9,2.05,4.5295
20230502,Bengaluru Urban,12.9716,77.5946,25.42,73.04,1.18,5.8598
20230503,Bengaluru Urban,12.9716,77.5946,25.56,73.72,2.14,4.8034
20230504,Bengaluru Urban,12.9716,77.5946,24.75,75.59,1.16,5.4343
20230505,Bengaluru Urban,12.9716,77.5946,23.04,84.99,1.72,5.0974
20230506,Bengaluru Urban,12.9716,77.5946,23.83,80.99,1.53,5.0362
20230507,Bengaluru Urban,12.9716,77.5946,24.48,80.3,1.98,3.817
20230508,Bengaluru Urban,12.9716,77.5946,24.6,79.76,1.53,4.5732
20230509,Bengaluru Urban,12.9716,77.5946,26.62,71.52,1.5,6.2863
20230510,Bengaluru Urban,12.9716,77.5946,27.29,65.02,1.88,6.4846
20230511,Bengaluru Urban,12.9716,77.5946,27.79,63.65,1.66,5.8642
20230512,Bengaluru Urban,12.9716,77.5946,28.05,63.55,1.73,5.7077
20230513,Bengaluru Urban,12.9716,77.5946,27.4,65.87,3.17,5.0808
20230514,Bengaluru Urban,12.9716,77.5946,28.21,64.77,3.19,6.7879
20230515,Bengaluru Urban,12.9716,77.5946,28.35,62.61,2.69,7.2259
20230516,Bengaluru Urban,12.9716,77.5946,28.66,59.2,2.14,7.314
20230517,Bengaluru Urban,12.9716,77.5946,29.4,48.21,0.94,6.7517
20230518,Bengaluru Urban,12.9716,77.5946,29.29,52.95,1.82,6.0106
20230519,Bengaluru Urban,12.9716,77.5946,27.4,64.8,1.46,6.5434
20230520,Bengaluru Urban,12.9716,77.5946,27.63,65.0,2.05,6.6142
20230521,Bengaluru Urban,12.9716,77.5946,27.7,67.02,1.21,6.4462
20230522,Bengaluru Urban,12.9716,77.5946,28.0,63.47,1.72,6.4027
20230523,Bengaluru Urban,12.9716,77.5946,27.18,64.86,1.48,6.5326
20230524,Bengaluru Urban,12.9716,77.5946,26.34,67.66,1.93,6.5801
20230525,Bengaluru Urban,12.9716,77.5946,26.66,68.18,1.98,6.5818
20230526,Bengaluru Urban,12.9716,77.5946,27.38,64.95,2.3,6.7606
20230527,Bengaluru Urban,12.9716,77.5946,27.63,63.38,2.18,7.1863
20230528,Bengaluru Urban,12.9716,77.5946,27.92,60.34,2.03,6.588
20230529,Bengaluru Urban,12.9716,77.5946,28.34,58.54,1.91,6.0206
20230530,Bengaluru Urban,12.9716,77.5946,26.22,70.95,1.82,5.2992
20230531,Bengaluru Urban,12.9716,77.5946,26.78,66.95,0.84,5.9885
20230601,Bengaluru Urban,12.9716,77.5946,26.1,70.34,1.99,5.9275
20230602,Bengaluru Urban,12.9716,77.5946,25.76,65.18,2.36,5.9592
20230603,Bengaluru Urban,12.9716,77.5946,28.04,63.65,2.7,6.3384
20230604,Bengaluru Urban,12.9716,77.5946,27.85,64.81,2.53,5.3239
20230605,Bengaluru Urban,12.9716,77.5946,26.24,71.14,2.91,6.5095
20230606,Bengaluru Urban,12.9716,77.5946,27.02,69.33,2.97,7.0961
20230607,Bengaluru Urban,12.9716,77.5946,26.66,70.21,3.34,6.6794
20230608,Bengaluru Urban,12.9716,77.5946,25.07,74.53,3.02,6.798
20230609,Bengaluru Urban,12.9716,77.5946,26.07,69.63,3.61,6.8674
20230610,Bengaluru Urban,12.9716,77.5946,25.97,67.01,4.78,6.5873
20230611,Bengaluru Urban,12.9716,77.5946,26.26,66.54,4.27,5.85
20230612,Bengaluru Urban,12.9716,77.5946,25.89,73.9,3.77,6.4565
20230613,Bengaluru Urban,12.9716,77.5946,26.43,69.74,3.76,6.7867
20230614,Bengaluru Urban,12.9716,77.5946,26.15,69.55,4.29,6.535
20230615,Bengaluru Urban,12.9716,77.5946,27.04,65.7,3.82,6.5539
20230616,Bengaluru Urban,12.9716,77.5946,27.25,64.4,3.78,7.2182
20230617,Bengaluru Urban,12.9716,77.5946,26.7,66.91,3.55,6.0216
20230618,Bengaluru Urban,12.9716,77.5946,25.18,72.95,3.67,3.7478
20230619,Bengaluru Urban,12.9716,77.5946,24.95,74.63,3.22,4.061
20230620,Bengaluru Urban,12.9716,77.5946,24.58,77.28,2.15,2.9738
20230621,Bengaluru Urban,12.9716,77.5946,23.83,80.71,2.04,3.7366
20230622,Bengaluru Urban,12.9716,77.5946,25.19,72.44,2.42,5.7542
20230623,Bengaluru Urban,12.9716,77.5946,24.35,70.19,3.43,5.4026
20230624,Bengaluru Urban,12.9716,77.5946,23.46,80.66,3.57,4.3886
20230625,Bengaluru Urban,12.9716,77.5946,23.97,79.43,3.22,5.3198
20230626,Bengaluru Urban,12.9716,77.5946,24.06,69.79,3.99,4.506
20230627,Bengaluru Urban,12.9716,77.5946,24.13,69.59,3.82,5.1209
20230628,Bengaluru Urban,12.9716,77.5946,24.59,67.44,4.13,5.0429
20230629,Bengaluru Urban,12.9716,77.5946,24.14,73.18,3.95,4.644
20230630,Bengaluru Urban,12.9716,77.5946,24.74,68.23,4.32,5.9441
20230701,Bengaluru Urban,12.9716,77.5946,24.36,69.36,4.17,5.7271
20230702,Bengaluru Urban,12.9716,77.5946,23.45,78.99,4.28,4.2305
20230703,Bengaluru Urban,12.9716,77.5946,23.74,79.68,4.31,5.2601
20230704,Bengaluru Urban,12.9716,77.5946,23.55,81.15,4.86,3.4733
20230705,Bengaluru Urban,12.9716,77.5946,22.76,78.77,5.29,3.7082
20230706,Bengaluru Urban,12.9716,77.5946,23.17,74.78,5.82,3.7759
20230707,Bengaluru Urban,12.9716,77.5946,24.12,75.76,4.39,4.116
20230708,Bengaluru Urban,12.9716,77.5946,23.91,75.39,3.96,3.7586
20230709,Bengaluru Urban,12.9716,77.5946,24.37,74.53,3.51,4.4234
20230710,Bengaluru Urban,12.9716,77.5946,23.88,77.24,3.09,4.0423
20230711,Bengaluru Urban,12.9716,77.5946,24.05,72.74,4.32,3.4778
20230712,Bengaluru Urban,12.9716,77.5946,23.94,70.69,4.31,5.4216
20230713,Bengaluru Urban,12.9716,77.5946,23.93,72.57,4.21,4.6517
20230714,Bengaluru Urban,12.9716,77.5946,23.93,75.52,4.22,4.9118
20230715,Bengaluru Urban,12.9716,77.5946,24.2,73.86,3.91,5.2253
20230716,Bengaluru Urban,12.9716,77.5946,24.78,74.88,3.61,4.5708
20230717,Bengaluru Urban,12.9716,77.5946,24.72,74.93,4.3,4.8931
20230718,Bengaluru Urban,12.9716,77.5946,25.01,71.83,5.38,5.2358
20230719,Bengaluru Urban,12.9716,77.5946,24.22,74.78,6.33,4.0546
20230720,Bengaluru Urban,12.9716,77.5946,24.37,73.51,6.57,5.0158
20230721,Bengaluru Urban,12.9716,77.5946,23.92,78.03,6.43,3.931
20230722,Bengaluru Urban,12.9716,77.5946,24.12,74.01,6.27,3.3271
20230723,Bengaluru Urban,12.9716,77.5946,24.13,74.91,5.94,3.1944
20230724,Bengaluru Urban,12.9716,77.5946,23.11,82.1,5.2,2.8824
20230725,Bengaluru Urban,12.9716,77.5946,22.19,83.33,5.09,2.6203
20230726,Bengaluru Urban,12.9716,77.5946,22.54,83.91,5.38,2.8092
20230727,Bengaluru Urban,12.9716,77.5946,22.44,79.91,5.81,4.1527
20230728,Bengaluru Urban,12.9716,77.5946,24.12,74.43,5.47,4.3313
20230729,Bengaluru Urban,12.9716,77.5946,24.68,72.27,5.47,4.6901
20230730,Bengaluru Urban,12.9716,77.5946,25.12,70.97,5.01,5.7288
20230731,Bengaluru Urban,12.9716,77.5946,25.44,70.58,4.66,5.1163
20230801,Bengaluru Urban,12.9716,77.5946,24.98,71.59,5.14,5.0902
20230802,Bengaluru Urban,12.9716,77.5946,24.9,70.25,5.33,5.3441
20230803,Bengaluru Urban,12.9716,77.5946,25.23,70.11,5.02,5.3246
20230804,Bengaluru Urban,12.9716,77.5946,25.23,70.8,4.49,5.0957
20230805,Bengaluru Urban,12.9716,77.5946,25.21,69.67,4.43,5.1053
20230806,Bengaluru Urban,12.9716,77.5946,25.2,72.48,3.63,5.3249
20230807,Bengaluru Urban,12.9716,77.5946,25.48,68.55,3.55,5.4132
20230808,Bengaluru Urban,12.9716,77.5946,25.42,69.1,2.96,5.069
20230809,Bengaluru Urban,12.9716,77.5946,25.69,69.25,2.56,5.5442
20230810,Bengaluru Urban,12.9716,77.5946,24.72,75.78,2.23,5.4612
20230811,Bengaluru Urban,12.9716,77.5946,24.78,75.53,1.8,5.0342
20230812,Bengaluru Urban,12.9716,77.5946,24.95,72.26,2.63,4.1976
20230813,Bengaluru Urban,12.9716,77.5946,25.38,68.72,2.9,5.778
20230814,Bengaluru Urban,12.9716,77.5946,24.76,68.83,2.59,5.555
20230815,Bengaluru Urban,12.9716,77.5946,25.05,69.23,2.21,6.7279
20230816,Bengaluru Urban,12.9716,77.5946,25.83,67.96,2.54,6.8606
20230817,Bengaluru Urban,12.9716,77.5946,25.63,67.5,3.56,5.9405
20230818,Bengaluru Urban,12.9716,77.5946,24.88,69.41,4.24,4.8977
20230819,Bengaluru Urban,12.9716,77.5946,25.06,70.47,4.43,4.332
20230820,Bengaluru Urban,12.9716,77.5946,25.73,68.72,3.7,5.0448
20230821,Bengaluru Urban,12.9716,77.5946,26.15,65.07,3.1,6.2714
20230822,Bengaluru Urban,12.9716,77.5946,25.78,70.76,1.58,5.4826
20230823,Bengaluru Urban,12.9716,77.5946,25.72,70.03,1.81,5.6544
20230824,Bengaluru Urban,12.9716,77.5946,25.7,66.44,2.59,6.0115
20230825,Bengaluru Urban,12.9716,77.5946,26.59,65.04,2.12,6.3418
20230826,Bengaluru Urban,12.9716,77.5946,24.83,74.07,2.25,5.995
20230827,Bengaluru Urban,12.9716,77.5946,25.34,71.7,1.94,5.2138
20230828,Bengaluru Urban,12.9716,77.5946,26.0,65.56,2.56,6.2222
20230829,Bengaluru Urban,12.9716,77.5946,26.2,65.39,2.66,5.6503
20230830,Bengaluru Urban,12.9716,77.5946,26.3,69.32,2.68,6.2851
20230831,Bengaluru Urban,12.9716,77.5946,24.33,78.26,1.82,4.8826
20230901,Bengaluru Urban,12.9716,77.5946,24.07,85.11,1.44,5.8205
20230902,Bengaluru Urban,12.9716,77.5946,23.26,83.89,2.81,5.1139
20230903,Bengaluru Urban,12.9716,77.5946,23.12,79.31,2.8,5.5742
20230904,Bengaluru Urban,12.9716,77.5946,22.15,78.67,4.43,4.1539
20230905,Bengaluru Urban,12.9716,77.5946,23.34,78.72,3.85,4.0738
20230906,Bengaluru Urban,12.9716,77.5946,23.08,80.92,3.25,4.4597
20230907,Bengaluru Urban,12.9716,77.5946,23.22,77.75,3.83,4.8653
20230908,Bengaluru Urban,12.9716,77.5946,23.62,76.77,4.1,4.9495
20230909,Bengaluru Urban,12.9716,77.5946,23.68,76.62,3.76,6.0307
20230910,Bengaluru Urban,12.9716,77.5946,24.0,77.58,3.49,5.5183
20230911,Bengaluru Urban,12.9716,77.5946,23.54,79.91,3.71,4.5161
20230912,Bengaluru Urban,12.9716,77.5946,24.02,76.38,3.65,5.5428
20230913,Bengaluru Urban,12.9716,77.5946,24.45,72.22,3.95,5.1931
20230914,Bengaluru Urban,12.9716,77.5946,24.24,74.66,3.62,4.5266
20230915,Bengaluru Urban,12.9716,77.5946,23.3,76.84,3.92,4.7122
20230916,Bengaluru Urban,12.9716,77.5946,24.14,77.79,3.68,4.4875
20230917,Bengaluru Urban,12.9716,77.5946,24.23,79.41,2.9,4.6802
20230918,Bengaluru Urban,12.9716,77.5946,23.93,81.3,2.75,5.2526
20230919,Bengaluru Urban,12.9716,77.5946,24.37,78.67,2.74,5.9942
20230920,Bengaluru Urban,12.9716,77.5946,23.65,82.25,2.36,5.6381
20230921,Bengaluru Urban,12.9716,77.5946,22.21,87.94,1.58,4.7813
20230922,Bengaluru Urban,12.9716,77.5946,24.01,83.03,1.5,5.8013
20230923,Bengaluru Urban,12.9716,77.5946,23.3,87.69,1.75,5.6866
20230924,Bengaluru Urban,12.9716,77.5946,22.78,88.99,2.35,5.556
20230925,Bengaluru Urban,12.9716,77.5946,21.94,88.87,2.64,4.7494
20230926,Bengaluru Urban,12.9716,77.5946,23.29,84.1,2.11,5.5946
20230927,Bengaluru Urban,12.9716,77.5946,23.42,80.3,2.76,5.2157
20230928,Bengaluru Urban,12.9716,77.5946,22.35,85.74,2.76,4.5271
20230929,Bengaluru Urban,12.9716,77.5946,22.86,84.89,3.31,4.6721
20230930,Bengaluru Urban,12.9716,77.5946,22.5,78.31,3.86,4.0836
20231001,Bengaluru Urban,12.9716,77.5946,23.34,79.94,4.06,4.2302
20231002,Bengaluru Urban,12.9716,77.5946,23.5,78.2,3.73,5.1854
20231003,Bengaluru Urban,12.9716,77.5946,23.81,76.74,2.53,6.2395
20231004,Bengaluru Urban,12.9716,77.5946,24.2,74.55,1.57,6.295
20231005,Bengaluru Urban,12.9716,77.5946,23.68,82.26,1.97,5.927
20231006,Bengaluru Urban,12.9716,77.5946,23.46,81.41,1.45,4.8036
20231007,Bengaluru Urban,12.9716,77.5946,24.45,79.65,1.17,4.3272
20231008,Bengaluru Urban,12.9716,77.5946,24.43,76.24,0.83,4.2598
20231009,Bengaluru Urban,12.9716,77.5946,24.19,84.04,1.01,4.2154
20231010,Bengaluru Urban,12.9716,77.5946,23.86,86.72,0.67,4.8055
20231011,Bengaluru Urban,12.9716,77.5946,23.17,86.39,1.98,4.1837
20231012,Bengaluru Urban,12.9716,77.5946,22.99,77.04,2.1,4.8533
20231013,Bengaluru Urban,12.9716,77.5946,22.71,72.33,1.98,6.4325
20231014,Bengaluru Urban,12.9716,77.5946,22.82,76.59,1.71,5.5495
20231015,Bengaluru Urban,12.9716,77.5946,23.45,76.4,1.61,4.9279
20231016,Bengaluru Urban,12.9716,77.5946,23.08,83.74,1.81,4.5686
20231017,Bengaluru Urban,12.9716,77.5946,23.9,78.52,1.5,5.2608
20231018,Bengaluru Urban,12.9716,77.5946,23.39,77.75,1.77,5.6674
20231019,Bengaluru Urban,12.9716,77.5946,23.58,72.69,1.9,5.5567
20231020,Bengaluru Urban,12.9716,77.5946,23.84,74.35,2.02,5.7401
20231021,Bengaluru Urban,12.9716,77.5946,23.92,75.04,2.22,5.0554
20231022,Bengaluru Urban,12.9716,77.5946,23.93,72.35,1.88,5.2879
20231023,Bengaluru Urban,12.9716,77.5946,23.34,62.23,1.86,5.0347
20231024,Bengaluru Urban,12.9716,77.5946,22.58,54.78,1.51,6.0686
20231025,Bengaluru Urban,12.9716,77.5946,22.76,65.71,1.31,6.0418
20231026,Bengaluru Urban,12.9716,77.5946,22.9,66.52,1.45,5.7178
20231027,Bengaluru Urban,12.9716,77.5946,23.76,70.61,2.03,5.2224
20231028,Bengaluru Urban,12.9716,77.5946,24.11,74.2,2.11,5.0208
20231029,Bengaluru Urban,12.9716,77.5946,23.96,78.45,2.11,4.6678
20231030,Bengaluru Urban,12.9716,77.5946,22.43,84.5,2.31,3.9946
20231031,Bengaluru Urban,12.9716,77.5946,22.52,80.85,1.74,3.9187
20231101,Bengaluru Urban,12.9716,77.5946,23.75,71.07,1.91,4.6082
20231102,Bengaluru Urban,12.9716,77.5946,24.33,75.63,2.08,4.5722
20231103,Bengaluru Urban,12.9716,77.5946,24.67,75.46,2.34,4.9548
20231104,Bengaluru Urban,12.9716,77.5946,23.59,80.72,1.95,4.0858
20231105,Bengaluru Urban,12.9716,77.5946,23.38,80.82,2.87,4.133
20231106,Bengaluru Urban,12.9716,77.5946,22.57,84.05,1.18,4.4671
20231107,Bengaluru Urban,12.9716,77.5946,22.92,87.44,1.73,4.3015
20231108,Bengaluru Urban,12.9716,77.5946,23.21,83.33,1.69,4.0548
20231109,Bengaluru Urban,12.9716,77.5946,21.91,82.61,2.25,3.9648
20231110,Bengaluru Urban,12.9716,77.5946,22.32,80.06,2.06,4.015
20231111,Bengaluru Urban,12.9716,77.5946,22.73,70.21,2.57,5.7122
20231112,Bengaluru Urban,12.9716,77.5946,21.8,72.96,2.68,5.2006
20231113,Bengaluru Urban,12.9716,77.5946,22.17,75.51,2.7,5.201
20231114,Bengaluru Urban,12.9716,77.5946,21.24,74.86,2.68,2.4343
20231115,Bengaluru Urban,12.9716,77.5946,22.41,74.97,1.91,4.4009
20231116,Bengaluru Urban,12.9716,77.5946,23.53,68.97,1.24,4.2127
20231117,Bengaluru Urban,12.9716,77.5946,23.99,72.46,1.78,4.5041
20231118,Bengaluru Urban,12.9716,77.5946,24.23,69.92,2.62,4.6318
20231119,Bengaluru Urban,12.9716,77.5946,23.69,71.31,3.12,5.5805
20231120,Bengaluru Urban,12.9716,77.5946,23.29,73.29,2.78,5.2898
20231121,Bengaluru Urban,12.9716,77.5946,23.3,81.16,2.87,4.201
20231122,Bengaluru Urban,12.9716,77.5946,23.81,82.39,2.47,3.5585
20231123,Bengaluru Urban,12.9716,77.5946,23.1,79.89,2.65,3.3595
20231124,Bengaluru Urban,12.9716,77.5946,23.59,80.53,2.35,3.8023
20231125,Bengaluru Urban,12.9716,77.5946,23.2,80.64,2.75,3.4529
20231126,Bengaluru Urban,12.9716,77.5946,22.95,75.62,3.52,3.9814
20231127,Bengaluru Urban,12.9716,77.5946,23.29,76.21,2.82,4.5108
20231128,Bengaluru Urban,12.9716,77.5946,23.55,74.94,2.41,4.2965
20231129,Bengaluru Urban,12.9716,77.5946,23.02,79.49,2.54,3.8786
20231130,Bengaluru Urban,12.9716,77.5946,22.83,78.56,2.5,3.3142
20231201,Bengaluru Urban,12.9716,77.5946,23.01,77.08,2.14,2.6602
20231202,Bengaluru Urban,12.9716,77.5946,23.1,76.81,3.23,4.1887
20231203,Bengaluru Urban,12.9716,77.5946,22.99,83.8,3.72,2.7982
20231204,Bengaluru Urban,12.9716,77.5946,22.51,80.6,3.91,2.0162
20231205,Bengaluru Urban,12.9716,77.5946,22.96,74.96,3.04,3.8194
20231206,Bengaluru Urban,12.9716,77.5946,23.94,69.85,1.16,4.9594
20231207,Bengaluru Urban,12.9716,77.5946,24.4,75.7,0.79,4.2156
20231208,Bengaluru Urban,12.9716,77.5946,22.91,83.37,1.88,3.2693
20231209,Bengaluru Urban,12.9716,77.5946,22.14,79.77,2.57,3.2666
20231210,Bengaluru Urban,12.9716,77.5946,23.37,71.79,2.35,4.2269
20231211,Bengaluru Urban,12.9716,77.5946,22.86,70.75,1.85,4.1201
20231212,Bengaluru Urban,12.9716,77.5946,22.07,70.08,2.15,3.7735
20231213,Bengaluru Urban,12.9716,77.5946,20.93,69.8,2.35,4.3351
20231214,Bengaluru Urban,12.9716,77.5946,20.79,68.88,2.45,4.789
20231215,Bengaluru Urban,12.9716,77.5946,22.24,74.55,2.43,4.2142
20231216,Bengaluru Urban,12.9716,77.5946,23.62,76.17,3.24,3.6168
20231217,Bengaluru Urban,12.9716,77.5946,22.44,76.16,3.45,2.4715
20231218,Bengaluru Urban,12.9716,77.5946,21.89,76.92,3.35,2.2968
20231219,Bengaluru Urban,12.9716,77.5946,21.65,70.29,3.48,5.1031
20231220,Bengaluru Urban,12.9716,77.5946,21.8,69.16,2.94,3.359
20231221,Bengaluru Urban,12.9716,77.5946,22.6,71.23,2.23,4.2046
20231222,Bengaluru Urban,12.9716,77.5946,22.57,66.5,1.8,4.6356
20231223,Bengaluru Urban,12.9716,77.5946,20.65,63.98,2.23,5.1521
20231224,Bengaluru Urban,12.9716,77.5946,21.33,69.65,2.62,5.5066
20231225,Bengaluru Urban,12.9716,77.5946,22.57,69.52,3.03,3.5414
20231226,Bengaluru Urban,12.9716,77.5946,21.15,64.59,2.83,5.8891
20231227,Bengaluru Urban,12.9716,77.5946,21.1,65.59,2.9,6.0295
20231228,Bengaluru Urban,12.9716,77.5946,21.81,71.73,3.22,4.6913
20231229,Bengaluru Urban,12.9716,77.5946,22.39,71.92,3.18,3.3857
20231230,Bengaluru Urban,12.9716,77.5946,22.3,64.82,2.88,5.0501
20231231,Bengaluru Urban,12.9716,77.5946,21.19,64.84,2.71,5.4226
20240101,Bengaluru Urban,12.9716,77.5946,21.79,66.01,1.81,4.6692
20240102,Bengaluru Urban,12.9716,77.5946,22.42,65.44,2.25,4.3968
20240103,Bengaluru Urban,12.9716,77.5946,22.27,67.87,2.13,2.9746
20240104,Bengaluru Urban,12.9716,77.5946,21.31,76.24,2.18,2.4643
20240105,Bengaluru Urban,12.9716,77.5946,22.83,71.45,2.18,3.2774
20240106,Bengaluru Urban,12.9716,77.5946,22.68,63.46,2.79,4.6908
20240107,Bengaluru Urban,12.9716,77.5946,22.07,69.71,3.5,4.3327
20240108,Bengaluru Urban,12.9716,77.5946,22.07,76.51,4.1,2.1046
20240109,Bengaluru Urban,12.9716,77.5946,21.82,73.88,3.76,2.7516
20240110,Bengaluru Urban,12.9716,77.5946,22.03,64.75,3.53,3.7015
20240111,Bengaluru Urban,12.9716,77.5946,22.2,61.36,3.17,5.6186
20240112,Bengaluru Urban,12.9716,77.5946,21.92,67.84,3.67,5.8423
20240113,Bengaluru Urban,12.9716,77.5946,23.11,65.34,2.78,4.7328
20240114,Bengaluru Urban,12.9716,77.5946,23.01,62.41,2.46,5.2022
20240115,Bengaluru Urban,12.9716,77.5946,22.66,62.3,1.99,5.3981
20240116,Bengaluru Urban,12.9716,77.5946,22.47,63.77,1.67,5.3585
20240117,Bengaluru Urban,12.9716,77.5946,22.64,62.55,2.16,5.6052
20240118,Bengaluru Urban,12.9716,77.5946,22.87,60.5,1.93,5.2102
20240119,Bengaluru Urban,12.9716,77.5946,23.26,59.9,2.08,5.2651
20240120,Bengaluru Urban,12.9716,77.5946,24.38,61.49,1.88,5.381
20240121,Bengaluru Urban,12.9716,77.5946,24.3,55.99,2.07,5.9309
20240122,Bengaluru Urban,12.9716,77.5946,24.69,56.86,2.12,5.8181
20240123,Bengaluru Urban,12.9716,77.5946,24.02,58.65,2.1,5.7302
20240124,Bengaluru Urban,12.9716,77.5946,24.67,58.14,2.2,4.8415
20240125,Bengaluru Urban,12.9716,77.5946,24.33,58.3,2.81,4.8574
20240126,Bengaluru Urban,12.9716,77.5946,23.48,55.6,3.13,6.0598
20240127,Bengaluru Urban,12.9716,77.5946,23.4,57.28,3.51,5.898
20240128,Bengaluru Urban,12.9716,77.5946,23.36,57.43,3.43,5.027
20240129,Bengaluru Urban,12.9716,77.5946,23.32,50.92,2.91,5.7353
20240130,Bengaluru Urban,12.9716,77.5946,23.19,49.81,1.5,5.8188
20240131,Bengaluru Urban,12.9716,77.5946,24.46,53.75,1.57,6.1066
20240201,Bengaluru Urban,12.9716,77.5946,24.97,50.47,1.22,5.8817
20240202,Bengaluru Urban,12.9716,77.5946,25.87,58.5,1.7,4.9577
20240203,Bengaluru Urban,12.9716,77.5946,26.01,59.42,3.1,4.7189
20240204,Bengaluru Urban,12.9716,77.5946,24.62,54.71,2.91,6.1826
20240205,Bengaluru Urban,12.9716,77.5946,24.4,52.11,3.18,6.4555
20240206,Bengaluru Urban,12.9716,77.5946,24.68,50.93,3.03,6.5568
20240207,Bengaluru Urban,12.9716,77.5946,24.82,47.97,2.68,6.7406
20240208,Bengaluru Urban,12.9716,77.5946,25.54,43.08,2.61,6.0986
20240209,Bengaluru Urban,12.9716,77.5946,24.94,50.18,2.83,6.5364
20240210,Bengaluru Urban,12.9716,77.5946,24.8,54.69,3.65,6.391
20240211,Bengaluru Urban,12.9716,77.5946,24.37,53.62,3.53,6.5136
20240212,Bengaluru Urban,12.9716,77.5946,23.72,49.69,3.46,6.8712
20240213,Bengaluru Urban,12.9716,77.5946,23.64,54.16,3.24,6.7421
20240214,Bengaluru Urban,12.9716,77.5946,25.01,54.3,3.64,6.4478
20240215,Bengaluru Urban,12.9716,77.5946,24.36,48.11,3.68,6.6646
20240216,Bengaluru Urban,12.9716,77.5946,23.95,48.35,3.97,6.7742
20240217,Bengaluru Urban,12.9716,77.5946,24.41,43.7,3.12,6.8369
20240218,Bengaluru Urban,12.9716,77.5946,24.82,40.29,1.77,6.7915
20240219,Bengaluru Urban,12.9716,77.5946,25.16,46.88,2.15,6.6053
20240220,Bengaluru Urban,12.9716,77.5946,25.94,47.8,2.22,6.4495
20240221,Bengaluru Urban,12.9716,77.5946,26.83,43.26,1.99,5.7509
20240222,Bengaluru Urban,12.9716,77.5946,26.81,37.48,1.56,6.2122
20240223,Bengaluru Urban,12.9716,77.5946,27.94,41.9,1.43,6.5249
20240224,Bengaluru Urban,12.9716,77.5946,27.94,50.85,2.88,5.2898
20240225,Bengaluru Urban,12.9716,77.5946,27.01,53.84,3.86,5.7096
20240226,Bengaluru Urban,12.9716,77.5946,25.77,53.68,4.3,6.4426
20240227,Bengaluru Urban,12.9716,77.5946,26.26,51.5,3.85,6.845
20240228,Bengaluru Urban,12.9716,77.5946,26.17,43.44,3.1,7.1026
20240229,Bengaluru Urban,12.9716,77.5946,25.22,37.74,3.36,7.2878
20240301,Bengaluru Urban,12.9716,77.5946,25.11,44.27,3.58,7.1021
20240302,Bengaluru Urban,12.9716,77.5946,26.16,34.8,2.71,6.217
20240303,Bengaluru Urban,12.9716,77.5946,26.53,37.82,1.69,6.8525
20240304,Bengaluru Urban,12.9716,77.5946,27.48,42.52,1.89,6.9146
20240305,Bengaluru Urban,12.9716,77.5946,27.79,39.04,2.39,7.0296
20240306,Bengaluru Urban,12.9716,77.5946,27.96,34.72,1.71,5.957
20240307,Bengaluru Urban,12.9716,77.5946,27.51,32.7,2.01,6.8724
20240308,Bengaluru Urban,12.9716,77.5946,28.38,33.42,1.97,6.0439
20240309,Bengaluru Urban,12.9716,77.5946,28.7,36.9,2.52,6.1651
20240310,Bengaluru Urban,12.9716,77.5946,28.17,42.9,3.37,6.2098
20240311,Bengaluru Urban,12.9716,77.5946,27.71,46.56,2.87,6.1051
20240312,Bengaluru Urban,12.9716,77.5946,27.92,42.51,2.39,6.4613
20240313,Bengaluru Urban,12.9716,77.5946,28.33,36.4,1.86,6.0422
20240314,Bengaluru Urban,12.9716,77.5946,29.15,35.74,1.38,5.7499
20240315,Bengaluru Urban,12.9716,77.5946,29.74,32.72,2.87,5.7254
20240316,Bengaluru Urban,12.9716,77.5946,28.32,39.85,3.24,6.228
20240317,Bengaluru Urban,12.9716,77.5946,27.58,41.89,3.44,6.9787
20240318,Bengaluru Urban,12.9716,77.5946,27.58,35.71,2.29,6.9415
20240319,Bengaluru Urban,12.9716,77.5946,27.92,35.08,2.65,7.1261
20240320,Bengaluru Urban,12.9716,77.5946,27.99,39.81,2.46,7.1129
20240321,Bengaluru Urban,12.9716,77.5946,27.62,48.86,3.24,6.8477
20240322,Bengaluru Urban,12.9716,77.5946,28.26,47.77,2.59,5.7528
20240323,Bengaluru Urban,12.9716,77.5946,28.7,45.02,3.01,6.8602
20240324,Bengaluru Urban,12.9716,77.5946,28.52,37.38,3.03,7.0406
20240325,Bengaluru Urban,12.9716,77.5946,28.14,37.94,3.34,7.183
20240326,Bengaluru Urban,12.9716,77.5946,28.38,32.0,3.56,7.2991
20240327,Bengaluru Urban,12.9716,77.5946,27.77,24.91,3.4,7.7232
20240328,Bengaluru Urban,12.9716,77.5946,28.3,28.23,2.91,7.4462
20240329,Bengaluru Urban,12.9716,77.5946,28.96,35.78,3.4,7.1597
20240330,Bengaluru Urban,12.9716,77.5946,28.97,32.79,3.32,7.3193
20240331,Bengaluru Urban,12.9716,77.5946,28.01,34.86,2.46,7.6843
20240401,Bengaluru Urban,12.9716,77.5946,28.77,43.72,1.82,7.2989
20240402,Bengaluru Urban,12.9716,77.5946,29.86,42.01,2.76,7.3301
20240403,Bengaluru Urban,12.9716,77.5946,29.63,34.74,2.95,7.0728
20240404,Bengaluru Urban,12.9716,77.5946,29.91,37.18,3.48,7.5499
20240405,Bengaluru Urban,12.9716,77.5946,30.47,34.14,3.14,7.0831
20240406,Bengaluru Urban,12.9716,77.5946,30.22,29.35,3.25,7.0584
20240407,Bengaluru Urban,12.9716,77.5946,30.1,29.66,3.42,7.3908
20240408,Bengaluru Urban,12.9716,77.5946,29.83,33.49,3.09,7.5859
20240409,Bengaluru Urban,12.9716,77.5946,28.98,45.72,3.95,7.4282
20240410,Bengaluru Urban,12.9716,77.5946,29.14,44.24,3.4,7.4993
20240411,Bengaluru Urban,12.9716,77.5946,29.5,45.52,3.4,7.362
20240412,Bengaluru Urban,12.9716,77.5946,29.38,48.41,3.85,6.1975
20240413,Bengaluru Urban,12.9716,77.5946,28.89,45.34,3.42,6.3487
20240414,Bengaluru Urban,12.9716,77.5946,29.35,42.68,3.23,7.231
20240415,Bengaluru Urban,12.9716,77.5946,29.46,40.4,3.47,7.393
20240416,Bengaluru Urban,12.9716,77.5946,29.86,41.01,3.21,7.4837
20240417,Bengaluru Urban,12.9716,77.5946,31.1,39.48,2.69,6.1531
20240418,Bengaluru Urban,12.9716,77.5946,32.38,35.6,2.5,5.8142
20240419,Bengaluru Urban,12.9716,77.5946,32.25,38.4,2.31,5.8274
20240420,Bengaluru Urban,12.9716,77.5946,32.29,35.34,2.61,5.0369
20240421,Bengaluru Urban,12.9716,77.5946,31.51,36.31,2.99,7.0224
20240422,Bengaluru Urban,12.9716,77.5946,31.04,38.53,3.08,7.1218
20240423,Bengaluru Urban,12.9716,77.5946,30.74,36.86,3.6,7.5835
20240424,Bengaluru Urban,12.9716,77.5946,30.14,34.09,3.18,7.3574
20240425,Bengaluru Urban,12.9716,77.5946,30.56,35.82,2.98,6.6355
20240426,Bengaluru Urban,12.9716,77.5946,30.35,37.95,3.14,7.2494
20240427,Bengaluru Urban,12.9716,77.5946,30.17,36.2,3.19,7.6658
20240428,Bengaluru Urban,12.9716,77.5946,31.01,33.9,3.16,7.6094
20240429,Bengaluru Urban,12.9716,77.5946,31.13,34.72,2.8,7.6421
20240430,Bengaluru Urban,12.9716,77.5946,31.18,33.28,2.7,7.1923
20240501,Bengaluru Urban,12.9716,77.5946,32.19,40.26,1.56,6.6912
20240502,Bengaluru Urban,12.9716,77.5946,31.55,46.53,1.14,6.3149
20240503,Bengaluru Urban,12.9716,77.5946,32.08,46.05,2.61,4.7026
20240504,Bengaluru Urban,12.9716,77.5946,30.68,53.19,2.28,6.631
20240505,Bengaluru Urban,12.9716,77.5946,31.51,45.24,2.17,7.1302
20240506,Bengaluru Urban,12.9716,77.5946,31.11,50.47,2.34,6.8162
20240507,Bengaluru Urban,12.9716,77.5946,29.33,61.21,2.01,6.5136
20240508,Bengaluru Urban,12.9716,77.5946,27.81,67.26,1.49,6.0266
20240509,Bengaluru Urban,12.9716,77.5946,27.9,65.0,1.66,5.5752
20240510,Bengaluru Urban,12.9716,77.5946,27.24,66.12,1.47,5.7286
20240511,Bengaluru Urban,12.9716,77.5946,27.78,62.43,2.06,5.8742
20240512,Bengaluru Urban,12.9716,77.5946,27.58,66.51,1.43,5.399
20240513,Bengaluru Urban,12.9716,77.5946,26.59,72.13,2.2,4.8948
20240514,Bengaluru Urban,12.9716,77.5946,26.72,67.12,2.0,5.1497
20240515,Bengaluru Urban,12.9716,77.5946,27.93,59.1,2.67,5.5126
20240516,Bengaluru Urban,12.9716,77.5946,26.27,67.07,2.08,4.2886
20240517,Bengaluru Urban,12.9716,77.5946,27.07,62.09,1.1,3.9274
20240518,Bengaluru Urban,12.9716,77.5946,26.35,72.27,1.47,4.8763
20240519,Bengaluru Urban,12.9716,77.5946,25.47,77.32,2.18,3.846
20240520,Bengaluru Urban,12.9716,77.5946,24.26,74.87,1.7,4.2406
20240521,Bengaluru Urban,12.9716,77.5946,25.3,75.09,1.76,4.2142
20240522,Bengaluru Urban,12.9716,77.5946,27.22,66.64,2.22,5.371
20240523,Bengaluru Urban,12.9716,77.5946,27.76,66.14,2.15,5.3381
20240524,Bengaluru Urban,12.9716,77.5946,27.48,68.09,1.86,4.4227
20240525,Bengaluru Urban,12.9716,77.5946,23.97,78.53,4.25,3.931
20240526,Bengaluru Urban,12.9716,77.5946,25.76,72.11,4.98,4.3222
20240527,Bengaluru Urban,12.9716,77.5946,26.18,71.83,4.57,5.3162
20240528,Bengaluru Urban,12.9716,77.5946,26.91,67.32,4.67,5.2099
20240529,Bengaluru Urban,12.9716,77.5946,26.38,70.88,4.57,5.579
20240530,Bengaluru Urban,12.9716,77.5946,26.81,73.37,2.95,6.1001
20240531,Bengaluru Urban,12.9716,77.5946,27.73,69.5,3.27,6.515
20240601,Bengaluru Urban,12.9716,77.5946,26.79,76.94,3.0,4.9337
20240602,Bengaluru Urban,12.9716,77.5946,25.43,76.2,1.84,6.221
20240603,Bengaluru Urban,12.9716,77.5946,25.77,75.81,1.51,5.328
20240604,Bengaluru Urban,12.9716,77.5946,25.52,80.04,1.58,5.7775
20240605,Bengaluru Urban,12.9716,77.5946,25.08,81.88,1.93,5.6239
20240606,Bengaluru Urban,12.9716,77.5946,24.8,79.55,2.46,5.2913
20240607,Bengaluru Urban,12.9716,77.5946,24.39,79.88,2.66,5.4223
20240608,Bengaluru Urban,12.9716,77.5946,24.68,76.33,4.17,5.7374
20240609,Bengaluru Urban,12.9716,77.5946,24.1,77.24,5.13,5.2565
20240610,Bengaluru Urban,12.9716,77.5946,23.85,77.15,5.39,5.3798
20240611,Bengaluru Urban,12.9716,77.5946,23.05,75.23,5.03,5.3789
20240612,Bengaluru Urban,12.9716,77.5946,23.19,76.47,4.93,4.6418
20240613,Bengaluru Urban,12.9716,77.5946,23.52,70.07,4.85,5.3717
20240614,Bengaluru Urban,12.9716,77.5946,23.26,67.88,3.87,5.9542
20240615,Bengaluru Urban,12.9716,77.5946,24.43,75.55,3.36,6.4594
20240616,Bengaluru Urban,12.9716,77.5946,24.99,70.76,3.89,6.1063
20240617,Bengaluru Urban,12.9716,77.5946,24.99,70.14,2.86,6.3233
20240618,Bengaluru Urban,12.9716,77.5946,24.54,74.7,3.41,5.1504
20240619,Bengaluru Urban,12.9716,77.5946,23.9,75.73,3.96,5.406
20240620,Bengaluru Urban,12.9716,77.5946,24.04,76.7,4.39,5.2378
20240621,Bengaluru Urban,12.9716,77.5946,23.39,78.43,4.44,5.4437
20240622,Bengaluru Urban,12.9716,77.5946,23.53,77.45,3.85,5.6326
20240623,Bengaluru Urban,12.9716,77.5946,23.14,80.35,4.34,4.8228
20240624,Bengaluru Urban,12.9716,77.5946,23.15,79.01,4.89,4.9061
20240625,Bengaluru Urban,12.9716,77.5946,22.96,76.03,5.87,4.5324
20240626,Bengaluru Urban,12.9716,77.5946,22.6,72.34,6.43,4.2209
20240627,Bengaluru Urban,12.9716,77.5946,21.71,75.45,6.08,3.0864
20240628,Bengaluru Urban,12.9716,77.5946,23.17,70.67,4.66,4.8686
20240629,Bengaluru Urban,12.9716,77.5946,24.5,75.07,4.39,5.3093
20240630,Bengaluru Urban,12.9716,77.5946,24.12,74.09,3.94,3.893
20240701,Bengaluru Urban,12.9716,77.5946,22.67,79.96,4.73,3.3629
20240702,Bengaluru Urban,12.9716,77.5946,24.44,68.84,4.6,4.5718
20240703,Bengaluru Urban,12.9716,77.5946,24.21,77.65,4.26,4.9879
20240704,Bengaluru Urban,12.9716,77.5946,25.0,72.65,4.3,4.5924
20240705,Bengaluru Urban,12.9716,77.5946,23.21,76.78,4.19,5.0263
20240706,Bengaluru Urban,12.9716,77.5946,23.3,81.21,5.04,3.8333
20240707,Bengaluru Urban,12.9716,77.5946,24.09,74.45,4.66,4.7374
20240708,Bengaluru Urban,12.9716,77.5946,23.61,76.58,4.35,3.8256
20240709,Bengaluru Urban,12.9716,77.5946,23.33,79.82,4.1,4.1878
20240710,Bengaluru Urban,12.9716,77.5946,23.77,78.23,3.34,5.8958
20240711,Bengaluru Urban,12.9716,77.5946,24.59,72.48,4.01,5.2073
20240712,Bengaluru Urban,12.9716,77.5946,23.68,74.28,4.18,5.2298
20240713,Bengaluru Urban,12.9716,77.5946,23.06,77.05,5.32,4.2062
20240714,Bengaluru Urban,12.9716,77.5946,23.54,77.38,5.82,3.0418
20240715,Bengaluru Urban,12.9716,77.5946,23.41,83.47,5.64,2.2373
20240716,Bengaluru Urban,12.9716,77.5946,23.28,83.89,5.98,2.975
20240717,Bengaluru Urban,12.9716,77.5946,23.16,81.76,5.89,3.7022
20240718,Bengaluru Urban,12.9716,77.5946,22.87,82.43,6.7,3.0355
20240719,Bengaluru Urban,12.9716,77.5946,23.41,81.24,6.82,2.5894
20240720,Bengaluru Urban,12.9716,77.5946,23.5,79.93,6.01,3.9629
20240721,Bengaluru Urban,12.9716,77.5946,23.95,77.52,6.25,3.5292
20240722,Bengaluru Urban,12.9716,77.5946,23.87,74.93,6.35,4.0994
20240723,Bengaluru Urban,12.9716,77.5946,23.7,74.24,6.46,3.9326
20240724,Bengaluru Urban,12.9716,77.5946,23.28,77.29,6.44,3.6749
20240725,Bengaluru Urban,12.9716,77.5946,23.47,76.68,7.11,3.7349
20240726,Bengaluru Urban,12.9716,77.5946,23.74,76.51,6.68,3.5234
20240727,Bengaluru Urban,12.9716,77.5946,23.92,74.42,6.22,4.596
20240728,Bengaluru Urban,12.9716,77.5946,24.11,75.17,6.05,3.0718
20240729,Bengaluru Urban,12.9716,77.5946,24.83,76.06,5.66,3.6389
20240730,Bengaluru Urban,12.9716,77.5946,23.67,80.98,4.5,3.785
20240731,Bengaluru Urban,12.9716,77.5946,24.15,80.81,4.19,4.0807
20240801,Bengaluru Urban,12.9716,77.5946,24.59,78.23,4.75,4.1508
20240802,Bengaluru Urban,12.9716,77.5946,23.9,76.65,4.92,4.1182
20240803,Bengaluru Urban,12.9716,77.5946,23.11,78.88,4.18,4.6001
20240804,Bengaluru Urban,12.9716,77.5946,22.97,80.31,3.76,5.4679
20240805,Bengaluru Urban,12.9716,77.5946,24.2,76.69,2.65,4.703
20240806,Bengaluru Urban,12.9716,77.5946,23.47,84.08,2.84,4.0838
20240807,Bengaluru Urban,12.9716,77.5946,23.06,84.39,2.88,4.0524
20240808,Bengaluru Urban,12.9716,77.5946,23.87,78.59,2.9,3.5794
20240809,Bengaluru Urban,12.9716,77.5946,24.52,78.73,2.3,4.8062
20240810,Bengaluru Urban,12.9716,77.5946,24.24,80.97,2.34,5.143
20240811,Bengaluru Urban,12.9716,77.5946,24.13,82.21,2.68,5.1197
20240812,Bengaluru Urban,12.9716,77.5946,23.47,89.22,2.2,5.1118
20240813,Bengaluru Urban,12.9716,77.5946,25.07,81.26,1.59,6.0463
20240814,Bengaluru Urban,12.9716,77.5946,25.2,80.58,1.22,6.3823
20240815,Bengaluru Urban,12.9716,77.5946,25.11,78.63,1.58,5.7458
20240816,Bengaluru Urban,12.9716,77.5946,25.21,80.85,1.67,4.9596
20240817,Bengaluru Urban,12.9716,77.5946,24.68,86.66,2.37,5.8039
20240818,Bengaluru Urban,12.9716,77.5946,24.71,79.4,1.6,5.3393
20240819,Bengaluru Urban,12.9716,77.5946,24.44,81.31,1.62,5.1338
20240820,Bengaluru Urban,12.9716,77.5946,24.65,81.28,1.69,5.3897
20240821,Bengaluru Urban,12.9716,77.5946,24.22,83.68,2.84,5.1982
20240822,Bengaluru Urban,12.9716,77.5946,23.63,84.28,3.08,5.9407
20240823,Bengaluru Urban,12.9716,77.5946,23.9,81.4,3.13,6.2597
20240824,Bengaluru Urban,12.9716,77.5946,23.08,81.14,4.19,5.3467
20240825,Bengaluru Urban,12.9716,77.5946,23.04,83.49,4.05,4.8571
20240826,Bengaluru Urban,12.9716,77.5946,23.74,78.99,4.55,4.8214
20240827,Bengaluru Urban,12.9716,77.5946,22.98,84.27,3.49,4.5864
20240828,Bengaluru Urban,12.9716,77.5946,22.7,82.71,3.65,3.9751
20240829,Bengaluru Urban,12.9716,77.5946,23.53,82.54,3.83,3.2242
20240830,Bengaluru Urban,12.9716,77.5946,22.87,86.58,4.0,4.4923
20240831,Bengaluru Urban,12.9716,77.5946,22.57,83.17,4.55,3.8071
20240901,Bengaluru Urban,12.9716,77.5946,22.91,78.88,4.94,5.4158
20240902,Bengaluru Urban,12.9716,77.5946,22.85,78.69,4.39,4.8168
20240903,Bengaluru Urban,12.9716,77.5946,23.73,80.39,3.54,4.7786
20240904,Bengaluru Urban,12.9716,77.5946,23.5,83.56,3.47,5.0194
20240905,Bengaluru Urban,12.9716,77.5946,23.42,84.37,3.26,5.2807
20240906,Bengaluru Urban,12.9716,77.5946,23.44,83.69,3.7,4.099
20240907,Bengaluru Urban,12.9716,77.5946,23.32,83.74,3.47,4.2391
20240908,Bengaluru Urban,12.9716,77.5946,23.43,81.96,3.74,4.4544
20240909,Bengaluru Urban,12.9716,77.5946,24.06,79.45,4.24,4.4131
20240910,Bengaluru Urban,12.9716,77.5946,23.99,80.44,4.34,5.2572
20240911,Bengaluru Urban,12.9716,77.5946,23.94,78.03,3.91,5.279
20240912,Bengaluru Urban,12.9716,77.5946,23.36,79.58,3.5,5.1542
20240913,Bengaluru Urban,12.9716,77.5946,24.15,75.02,3.2,5.6174
20240914,Bengaluru Urban,12.9716,77.5946,24.32,73.26,3.24,5.604
20240915,Bengaluru Urban,12.9716,77.5946,24.25,73.69,3.72,5.4986
20240916,Bengaluru Urban,12.9716,77.5946,23.91,75.21,3.68,5.743
20240917,Bengaluru Urban,12.9716,77.5946,24.21,73.5,3.54,5.9345
20240918,Bengaluru Urban,12.9716,77.5946,23.71,71.61,2.9,6.9492
20240919,Bengaluru Urban,12.9716,77.5946,24.46,70.36,2.39,6.2434
20240920,Bengaluru Urban,12.9716,77.5946,24.51,73.93,1.87,6.079
20240921,Bengaluru Urban,12.9716,77.5946,24.91,73.99,2.91,5.3299
20240922,Bengaluru Urban,12.9716,77.5946,24.12,77.18,3.0,4.7395
20240923,Bengaluru Urban,12.9716,77.5946,23.66,80.93,2.81,4.3846
20240924,Bengaluru Urban,12.9716,77.5946,23.96,82.0,3.33,3.7939
20240925,Bengaluru Urban,12.9716,77.5946,24.05,80.65,3.62,4.1765
20240926,Bengaluru Urban,12.9716,77.5946,23.34,78.1,2.97,3.661
20240927,Bengaluru Urban,12.9716,77.5946,24.03,75.84,2.42,4.8583
20240928,Bengaluru Urban,12.9716,77.5946,24.43,77.61,1.39,5.0258
20240929,Bengaluru Urban,12.9716,77.5946,24.86,77.25,1.61,5.2058
20240930,Bengaluru Urban,12.9716,77.5946,24.85,74.34,1.63,5.6525
20241001,Bengaluru Urban,12.9716,77.5946,25.23,71.0,1.55,5.7065
20241002,Bengaluru Urban,12.9716,77.5946,25.74,74.57,1.19,5.8078
20241003,Bengaluru Urban,12.9716,77.5946,24.24,86.78,1.76,4.9044
20241004,Bengaluru Urban,12.9716,77.5946,23.56,88.22,1.42,4.9637
20241005,Bengaluru Urban,12.9716,77.5946,23.64,85.88,1.68,4.2322
20241006,Bengaluru Urban,12.9716,77.5946,21.57,88.67,1.98,4.3555
20241007,Bengaluru Urban,12.9716,77.5946,22.77,80.49,2.17,4.6642
20241008,Bengaluru Urban,12.9716,77.5946,23.56,83.42,2.36,5.1617
20241009,Bengaluru Urban,12.9716,77.5946,23.68,84.71,2.32,5.2709
20241010,Bengaluru Urban,12.9716,77.5946,23.55,84.57,2.13,4.7846
20241011,Bengaluru Urban,12.9716,77.5946,23.34,86.63,2.1,4.4441
20241012,Bengaluru Urban,12.9716,77.5946,22.71,88.12,2.02,4.4498
20241013,Bengaluru Urban,12.9716,77.5946,22.95,87.62,2.1,4.3073
20241014,Bengaluru Urban,12.9716,77.5946,22.56,86.91,1.87,3.0667
20241015,Bengaluru Urban,12.9716,77.5946,22.27,90.86,1.8,1.7501
20241016,Bengaluru Urban,12.9716,77.5946,22.09,92.1,1.87,2.9335
20241017,Bengaluru Urban,12.9716,77.5946,23.47,89.62,2.12,4.0884
20241018,Bengaluru Urban,12.9716,77.5946,22.53,83.82,2.08,4.9718
20241019,Bengaluru Urban,12.9716,77.5946,22.6,89.99,1.62,2.9042
20241020,Bengaluru Urban,12.9716,77.5946,23.21,85.94,0.99,4.5046
20241021,Bengaluru Urban,12.9716,77.5946,23.65,86.16,1.41,4.8816
20241022,Bengaluru Urban,12.9716,77.5946,23.84,83.77,0.76,4.3874
20241023,Bengaluru Urban,12.9716,77.5946,23.74,83.77,0.95,4.6678
20241024,Bengaluru Urban,12.9716,77.5946,22.95,86.25,0.59,3.5054
20241025,Bengaluru Urban,12.9716,77.5946,23.01,81.46,1.24,4.8254
20241026,Bengaluru Urban,12.9716,77.5946,22.06,79.41,1.73,5.1511
20241027,Bengaluru Urban,12.9716,77.5946,21.66,85.42,1.8,5.1168
20241028,Bengaluru Urban,12.9716,77.5946,22.47,80.11,1.14,5.4137
20241029,Bengaluru Urban,12.9716,77.5946,23.55,79.61,1.05,5.5471
20241030,Bengaluru Urban,12.9716,77.5946,23.84,81.77,0.66,4.847
20241031,Bengaluru Urban,12.9716,77.5946,23.12,88.36,1.22,3.9732
20241101,Bengaluru Urban,12.9716,77.5946,23.33,86.25,1.41,4.3807
20241102,Bengaluru Urban,12.9716,77.5946,23.07,83.78,1.93,4.7278
20241103,Bengaluru Urban,12.9716,77.5946,22.74,84.06,2.08,4.8874
20241104,Bengaluru Urban,12.9716,77.5946,22.55,84.22,2.3,4.3234
20241105,Bengaluru Urban,12.9716,77.5946,21.81,81.66,1.85,5.1254
20241106,Bengaluru Urban,12.9716,77.5946,22.01,81.61,1.93,5.4125
20241107,Bengaluru Urban,12.9716,77.5946,22.89,85.4,2.19,2.7823
20241108,Bengaluru Urban,12.9716,77.5946,22.66,83.48,2.55,5.0659
20241109,Bengaluru Urban,12.9716,77.5946,21.87,83.65,2.54,5.4214
20241110,Bengaluru Urban,12.9716,77.5946,21.25,81.78,1.97,5.6383
20241111,Bengaluru Urban,12.9716,77.5946,20.97,80.24,1.98,5.3556
20241112,Bengaluru Urban,12.9716,77.5946,21.46,84.57,2.06,1.9169
20241113,Bengaluru Urban,12.9716,77.5946,22.54,86.86,2.75,3.4414
20241114,Bengaluru Urban,12.9716,77.5946,22.68,86.35,2.36,2.9657
20241115,Bengaluru Urban,12.9716,77.5946,22.42,88.31,2.2,3.311
20241116,Bengaluru Urban,12.9716,77.5946,22.39,87.44,2.5,3.7214
20241117,Bengaluru Urban,12.9716,77.5946,22.3,84.27,2.5,3.5208
20241118,Bengaluru Urban,12.9716,77.5946,22.42,83.73,2.65,4.2521
20241119,Bengaluru Urban,12.9716,77.5946,22.1,81.83,2.54,4.3337
20241120,Bengaluru Urban,12.9716,77.5946,21.33,80.95,2.11,4.0932
20241121,Bengaluru Urban,12.9716,77.5946,21.3,75.73,1.56,4.4086
20241122,Bengaluru Urban,12.9716,77.5946,20.88,80.05,1.62,5.4562
20241123,Bengaluru Urban,12.9716,77.5946,20.95,76.81,1.45,4.3925
20241124,Bengaluru Urban,12.9716,77.5946,21.82,78.74,1.82,4.566
20241125,Bengaluru Urban,12.9716,77.5946,20.5,80.35,2.24,4.3817
20241126,Bengaluru Urban,12.9716,77.5946,20.5,87.3,2.66,3.1366
20241127,Bengaluru Urban,12.9716,77.5946,21.49,81.47,3.19,3.4195
20241128,Bengaluru Urban,12.9716,77.5946,21.08,73.07,3.35,4.8746
20241129,Bengaluru Urban,12.9716,77.5946,20.94,85.17,3.36,3.5347
20241130,Bengaluru Urban,12.9716,77.5946,22.04,87.94,3.98,1.3514
20241201,Bengaluru Urban,12.9716,77.5946,21.37,93.28,4.32,0.9924
20241202,Bengaluru Urban,12.9716,77.5946,21.68,95.42,3.96,1.213
20241203,Bengaluru Urban,12.9716,77.5946,22.75,91.01,3.38,3.2275
20241204,Bengaluru Urban,12.9716,77.5946,22.53,86.65,2.64,4.4119
20241205,Bengaluru Urban,12.9716,77.5946,22.52,86.26,1.99,4.3198
20241206,Bengaluru Urban,12.9716,77.5946,22.22,82.87,1.4,5.4386
20241207,Bengaluru Urban,12.9716,77.5946,22.4,85.31,1.64,5.0366
20241208,Bengaluru Urban,12.9716,77.5946,22.03,82.86,1.86,5.2618
20241209,Bengaluru Urban,12.9716,77.5946,22.14,84.98,1.5,4.805
20241210,Bengaluru Urban,12.9716,77.5946,22.28,83.87,1.8,4.535
20241211,Bengaluru Urban,12.9716,77.5946,22.12,84.0,2.66,3.2054
20241212,Bengaluru Urban,12.9716,77.5946,21.01,91.45,2.66,1.8175
20241213,Bengaluru Urban,12.9716,77.5946,20.92,88.31,2.95,2.0753
20241214,Bengaluru Urban,12.9716,77.5946,20.81,82.59,2.84,3.869
20241215,Bengaluru Urban,12.9716,77.5946,18.63,81.78,2.49,5.6213
20241216,Bengaluru Urban,12.9716,77.5946,17.56,77.23,1.97,5.6208
20241217,Bengaluru Urban,12.9716,77.5946,19.9,79.26,1.3,4.4935
20241218,Bengaluru Urban,12.9716,77.5946,21.07,85.17,2.04,3.954
20241219,Bengaluru Urban,12.9716,77.5946,22.74,84.57,1.79,3.5623
20241220,Bengaluru Urban,12.9716,77.5946,22.74,84.16,1.56,4.1674
20241221,Bengaluru Urban,12.9716,77.5946,23.63,77.28,1.02,4.5797
20241222,Bengaluru Urban,12.9716,77.5946,22.65,77.5,1.18,3.9756
20241223,Bengaluru Urban,12.9716,77.5946,21.99,79.4,1.44,3.8666
20241224,Bengaluru Urban,12.9716,77.5946,21.75,75.83,0.96,4.3836
20241225,Bengaluru Urban,12.9716,77.5946,21.8,80.79,1.84,3.1099
20241226,Bengaluru Urban,12.9716,77.5946,22.36,83.8,2.96,2.3743
20241227,Bengaluru Urban,12.9716,77.5946,21.66,84.3,3.49,3.5131
20241228,Bengaluru Urban,12.9716,77.5946,20.88,79.38,2.85,4.5278
20241229,Bengaluru Urban,12.9716,77.5946,20.86,78.6,2.58,5.6102
20241230,Bengaluru Urban,12.9716,77.5946,21.2,75.5,3.38,3.4978
20241231,Bengaluru Urban,12.9716,77.5946,20.78,75.91,3.15,5.7787
20250101,Bengaluru Urban,12.9716,77.5946,19.97,76.49,2.84,5.7773
20250102,Bengaluru Urban,12.9716,77.5946,19.98,76.3,2.54,5.4749
20250103,Bengaluru Urban,12.9716,77.5946,19.71,76.25,2.51,5.7142
20250104,Bengaluru Urban,12.9716,77.5946,18.66,73.47,1.85,5.867
20250105,Bengaluru Urban,12.9716,77.5946,18.93,71.28,2.01,5.8514
20250106,Bengaluru Urban,12.9716,77.5946,19.14,70.74,1.63,5.8193
20250107,Bengaluru Urban,12.9716,77.5946,19.56,72.92,1.52,5.6827
20250108,Bengaluru Urban,12.9716,77.5946,19.12,70.38,2.14,5.6779
20250109,Bengaluru Urban,12.9716,77.5946,19.51,72.39,3.01,4.9802
20250110,Bengaluru Urban,12.9716,77.5946,20.64,76.33,2.64,4.009
20250111,Bengaluru Urban,12.9716,77.5946,21.98,74.31,2.74,2.7197
20250112,Bengaluru Urban,12.9716,77.5946,22.07,70.91,2.36,5.2394
20250113,Bengaluru Urban,12.9716,77.5946,22.46,79.46,2.65,3.1858
20250114,Bengaluru Urban,12.9716,77.5946,22.33,73.69,3.48,3.432
20250115,Bengaluru Urban,12.9716,77.5946,21.27,69.13,3.81,3.9204
20250116,Bengaluru Urban,12.9716,77.5946,20.89,72.33,3.28,5.2145
20250117,Bengaluru Urban,12.9716,77.5946,20.98,73.87,3.12,4.8235
20250118,Bengaluru Urban,12.9716,77.5946,21.12,71.97,3.29,4.9858
20250119,Bengaluru Urban,12.9716,77.5946,21.37,81.52,3.1,2.251
20250120,Bengaluru Urban,12.9716,77.5946,21.62,65.9,2.52,5.7746
20250121,Bengaluru Urban,12.9716,77.5946,20.79,63.68,2.42,6.0029
20250122,Bengaluru Urban,12.9716,77.5946,21.39,67.14,2.5,6.0137
20250123,Bengaluru Urban,12.9716,77.5946,21.83,67.83,2.7,5.1262
20250124,Bengaluru Urban,12.9716,77.5946,20.68,64.64,2.57,6.2297
20250125,Bengaluru Urban,12.9716,77.5946,20.52,61.31,2.61,5.8793
20250126,Bengaluru Urban,12.9716,77.5946,19.55,56.57,2.89,6.4262
20250127,Bengaluru Urban,12.9716,77.5946,20.38,62.12,2.32,6.517
20250128,Bengaluru Urban,12.9716,77.5946,20.77,63.05,1.95,5.8445
20250129,Bengaluru Urban,12.9716,77.5946,20.87,62.0,2.5,6.2546
20250130,Bengaluru Urban,12.9716,77.5946,21.03,57.53,1.17,5.5258
20250131,Bengaluru Urban,12.9716,77.5946,23.45,68.96,1.94,6.048
20250201,Bengaluru Urban,12.9716,77.5946,23.62,66.52,1.95,5.837
20250202,Bengaluru Urban,12.9716,77.5946,22.72,58.33,2.15,6.5381
20250203,Bengaluru Urban,12.9716,77.5946,21.36,53.72,2.21,6.733
20250204,Bengaluru Urban,12.9716,77.5946,21.88,48.09,2.4,6.5174
20250205,Bengaluru Urban,12.9716,77.5946,21.86,53.62,2.8,6.3002
20250206,Bengaluru Urban,12.9716,77.5946,21.48,57.69,2.9,6.5652
20250207,Bengaluru Urban,12.9716,77.5946,21.89,56.29,2.93,6.7258
20250208,Bengaluru Urban,12.9716,77.5946,22.34,57.45,2.71,5.9861
20250209,Bengaluru Urban,12.9716,77.5946,22.31,61.32,2.8,5.9678
20250210,Bengaluru Urban,12.9716,77.5946,22.09,61.09,2.4,6.0648
20250211,Bengaluru Urban,12.9716,77.5946,22.2,54.78,2.13,6.7975
20250212,Bengaluru Urban,12.9716,77.5946,22.66,50.88,2.29,6.9883
20250213,Bengaluru Urban,12.9716,77.5946,23.1,44.57,2.39,6.947
20250214,Bengaluru Urban,12.9716,77.5946,23.47,42.46,1.69,6.7706
20250215,Bengaluru Urban,12.9716,77.5946,23.77,48.14,2.22,6.4898
20250216,Bengaluru Urban,12.9716,77.5946,23.36,53.45,2.53,6.7298
20250217,Bengaluru Urban,12.9716,77.5946,23.82,53.8,2.67,6.779
20250218,Bengaluru Urban,12.9716,77.5946,24.01,51.76,2.59,6.7565
20250219,Bengaluru Urban,12.9716,77.5946,24.76,47.44,2.33,6.7421
20250220,Bengaluru Urban,12.9716,77.5946,25.16,51.09,2.63,6.5839
20250221,Bengaluru Urban,12.9716,77.5946,25.08,51.56,2.68,6.5911
20250222,Bengaluru Urban,12.9716,77.5946,25.03,50.28,2.94,6.4706
20250223,Bengaluru Urban,12.9716,77.5946,24.83,43.85,3.38,6.1462
20250224,Bengaluru Urban,12.9716,77.5946,24.37,40.92,3.66,7.0229
20250225,Bengaluru Urban,12.9716,77.5946,24.03,51.09,3.53,6.8309
20250226,Bengaluru Urban,12.9716,77.5946,24.69,48.77,4.1,6.7495
20250227,Bengaluru Urban,12.9716,77.5946,24.19,46.6,3.66,7.0258
20250228,Bengaluru Urban,12.9716,77.5946,24.5,44.55,3.36,6.7474
20250301,Bengaluru Urban,12.9716,77.5946,25.89,49.72,3.18,5.6909
20250302,Bengaluru Urban,12.9716,77.5946,26.14,46.45,2.74,6.4505
20250303,Bengaluru Urban,12.9716,77.5946,26.3,46.69,2.77,5.5826
20250304,Bengaluru Urban,12.9716,77.5946,26.63,37.31,3.4,6.1459
20250305,Bengaluru Urban,12.9716,77.5946,26.67,34.66,2.26,5.7086
20250306,Bengaluru Urban,12.9716,77.5946,26.76,32.23,2.09,6.3074
20250307,Bengaluru Urban,12.9716,77.5946,25.68,26.09,1.73,7.206
20250308,Bengaluru Urban,12.9716,77.5946,25.61,37.28,2.23,6.8558
20250309,Bengaluru Urban,12.9716,77.5946,25.88,40.68,3.52,7.0195
20250310,Bengaluru Urban,12.9716,77.5946,24.95,46.68,3.69,7.3102
20250311,Bengaluru Urban,12.9716,77.5946,24.59,60.21,4.24,6.1555
20250312,Bengaluru Urban,12.9716,77.5946,26.77,60.48,3.4,5.9652
20250313,Bengaluru Urban,12.9716,77.5946,27.51,47.09,2.61,7.3351
20250314,Bengaluru Urban,12.9716,77.5946,27.52,39.41,2.96,7.2737
20250315,Bengaluru Urban,12.9716,77.5946,26.32,40.95,3.16,7.5377
20250316,Bengaluru Urban,12.9716,77.5946,26.8,45.31,2.5,7.2946
20250317,Bengaluru Urban,12.9716,77.5946,28.57,49.04,1.44,6.1025
20250318,Bengaluru Urban,12.9716,77.5946,28.93,45.46,2.78,6.8117
20250319,Bengaluru Urban,12.9716,77.5946,27.88,49.1,3.3,6.7632
20250320,Bengaluru Urban,12.9716,77.5946,27.87,48.26,3.51,7.2216
20250321,Bengaluru Urban,12.9716,77.5946,28.3,51.07,2.72,6.6797
20250322,Bengaluru Urban,12.9716,77.5946,27.38,56.8,2.59,5.4648
20250323,Bengaluru Urban,12.9716,77.5946,26.99,58.87,2.18,5.7396
20250324,Bengaluru Urban,12.9716,77.5946,28.38,49.56,2.78,6.3062
20250325,Bengaluru Urban,12.9716,77.5946,27.71,41.98,2.53,6.5239
20250326,Bengaluru Urban,12.9716,77.5946,28.25,34.72,2.19,6.7301
20250327,Bengaluru Urban,12.9716,77.5946,28.85,36.52,2.22,6.5453
20250328,Bengaluru Urban,12.9716,77.5946,28.94,34.88,2.84,6.3946
20250329,Bengaluru Urban,12.9716,77.5946,28.57,28.45,2.89,6.8422
20250330,Bengaluru Urban,12.9716,77.5946,28.23,28.04,3.28,6.6307
20250331,Bengaluru Urban,12.9716,77.5946,28.11,34.4,3.28,6.4157
20250401,Bengaluru Urban,12.9716,77.5946,27.21,42.57,2.62,5.5438
20250402,Bengaluru Urban,12.9716,77.5946,27.31,48.59,2.61,5.3935
20250403,Bengaluru Urban,12.9716,77.5946,26.2,60.22,2.11,3.8806
20250404,Bengaluru Urban,12.9716,77.5946,27.46,49.84,2.0,6.0425
20250405,Bengaluru Urban,12.9716,77.5946,25.98,59.61,1.68,6.061
20250406,Bengaluru Urban,12.9716,77.5946,27.19,51.1,2.52,6.15
20250407,Bengaluru Urban,12.9716,77.5946,28.38,49.1,3.05,6.9487
20250408,Bengaluru Urban,12.9716,77.5946,27.99,44.51,2.95,6.8825
20250409,Bengaluru Urban,12.9716,77.5946,27.84,44.01,2.2,6.6586
20250410,Bengaluru Urban,12.9716,77.5946,27.6,45.32,1.75,6.0552
20250411,Bengaluru Urban,12.9716,77.5946,28.7,49.54,2.39,6.3895
20250412,Bengaluru Urban,12.9716,77.5946,27.7,56.28,2.31,6.961
20250413,Bengaluru Urban,12.9716,77.5946,27.14,58.1,1.73,6.1414
20250414,Bengaluru Urban,12.9716,77.5946,27.05,58.06,1.94,6.235
20250415,Bengaluru Urban,12.9716,77.5946,27.57,53.58,1.91,6.6734
20250416,Bengaluru Urban,12.9716,77.5946,27.75,59.23,1.64,6.2969
20250417,Bengaluru Urban,12.9716,77.5946,28.92,54.17,1.04,6.9401
20250418,Bengaluru Urban,12.9716,77.5946,27.9,59.43,1.82,5.4734
20250419,Bengaluru Urban,12.9716,77.5946,28.69,56.3,1.87,6.2443
20250420,Bengaluru Urban,12.9716,77.5946,29.53,48.62,1.83,6.007
20250421,Bengaluru Urban,12.9716,77.5946,28.55,50.01,2.38,6.8539
20250422,Bengaluru Urban,12.9716,77.5946,29.05,39.64,2.65,7.1618
20250423,Bengaluru Urban,12.9716,77.5946,29.52,35.75,2.41,7.0906
20250424,Bengaluru Urban,12.9716,77.5946,29.98,41.67,2.72,7.248
20250425,Bengaluru Urban,12.9716,77.5946,29.96,41.72,2.83,6.7428
20250426,Bengaluru Urban,12.9716,77.5946,29.36,45.37,2.9,6.275
20250427,Bengaluru Urban,12.9716,77.5946,29.29,47.97,2.37,6.2458
20250428,Bengaluru Urban,12.9716,77.5946,29.33,47.63,2.95,6.7284
20250429,Bengaluru Urban,12.9716,77.5946,30.11,43.32,2.84,6.2762
20250430,Bengaluru Urban,12.9716,77.5946,29.67,45.56,2.08,6.3492
20250501,Bengaluru Urban,12.9716,77.5946,28.54,59.22,1.37,5.6659
20250502,Bengaluru Urban,12.9716,77.5946,28.41,58.34,1.23,5.837
20250503,Bengaluru Urban,12.9716,77.5946,27.51,60.94,1.27,6.4862
20250504,Bengaluru Urban,12.9716,77.5946,27.24,56.13,2.0,7.1724
20250505,Bengaluru Urban,12.9716,77.5946,28.24,48.87,1.12,6.0862
20250506,Bengaluru Urban,12.9716,77.5946,28.78,52.95,1.58,6.9022
20250507,Bengaluru Urban,12.9716,77.5946,28.03,53.63,2.44,6.6118
20250508,Bengaluru Urban,12.9716,77.5946,27.12,60.73,1.29,6.738
20250509,Bengaluru Urban,12.9716,77.5946,27.63,58.63,1.57,7.1885
20250510,Bengaluru Urban,12.9716,77.5946,27.43,59.25,0.85,6.5971
20250511,Bengaluru Urban,12.9716,77.5946,28.39,54.1,1.12,7.0334
20250512,Bengaluru Urban,12.9716,77.5946,27.51,61.91,1.62,6.6804
20250513,Bengaluru Urban,12.9716,77.5946,27.0,68.53,1.48,6.3374
20250514,Bengaluru Urban,12.9716,77.5946,26.97,67.0,1.75,6.2957
20250515,Bengaluru Urban,12.9716,77.5946,24.96,78.97,1.25,5.9194
20250516,Bengaluru Urban,12.9716,77.5946,25.54,74.71,1.15,5.7698
20250517,Bengaluru Urban,12.9716,77.5946,26.22,71.53,1.64,4.0774
20250518,Bengaluru Urban,12.9716,77.5946,24.56,82.92,1.79,4.8768
20250519,Bengaluru Urban,12.9716,77.5946,24.7,83.26,1.42,3.8642
20250520,Bengaluru Urban,12.9716,77.5946,24.65,83.72,1.74,3.8899
20250521,Bengaluru Urban,12.9716,77.5946,23.76,82.76,4.96,4.4594
20250522,Bengaluru Urban,12.9716,77.5946,23.89,78.77,4.29,5.6254
20250523,Bengaluru Urban,12.9716,77.5946,25.03,78.24,4.37,5.1742
20250524,Bengaluru Urban,12.9716,77.5946,24.4,79.74,5.62,3.8758
20250525,Bengaluru Urban,12.9716,77.5946,24.02,82.01,5.71,3.9324
20250526,Bengaluru Urban,12.9716,77.5946,23.1,83.21,5.83,3.6876
20250527,Bengaluru Urban,12.9716,77.5946,24.46,74.95,6.29,3.7548
20250528,Bengaluru Urban,12.9716,77.5946,23.92,77.54,5.55,4.0265
20250529,Bengaluru Urban,12.9716,77.5946,23.52,78.47,5.39,3.6586
20250530,Bengaluru Urban,12.9716,77.5946,23.24,81.52,4.78,3.0974
20250531,Bengaluru Urban,12.9716,77.5946,24.13,74.21,4.24,4.9054
20250601,Bengaluru Urban,12.9716,77.5946,24.13,72.8,3.82,6.3523
20250602,Bengaluru Urban,12.9716,77.5946,24.41,73.57,3.74,5.7384
20250603,Bengaluru Urban,12.9716,77.5946,24.5,72.23,4.01,4.8358
20250604,Bengaluru Urban,12.9716,77.5946,24.77,70.77,3.47,6.0365
20250605,Bengaluru Urban,12.9716,77.5946,24.38,66.08,2.78,6.5986
20250606,Bengaluru Urban,12.9716,77.5946,25.36,66.79,2.17,6.5525
20250607,Bengaluru Urban,12.9716,77.5946,26.01,70.59,2.61,6.8861
20250608,Bengaluru Urban,12.9716,77.5946,24.99,75.63,3.03,6.6761
20250609,Bengaluru Urban,12.9716,77.5946,25.27,73.94,3.88,5.3602
20250610,Bengaluru Urban,12.9716,77.5946,24.61,80.38,3.84,5.4631
20250611,Bengaluru Urban,12.9716,77.5946,24.55,82.0,4.05,4.1203
20250612,Bengaluru Urban,12.9716,77.5946,23.63,83.08,3.95,4.3817
20250613,Bengaluru Urban,12.9716,77.5946,23.68,87.38,4.03,3.8443
20250614,Bengaluru Urban,12.9716,77.5946,23.71,83.1,4.95,4.2125
20250615,Bengaluru Urban,12.9716,77.5946,22.7,79.34,6.63,4.0404
20250616,Bengaluru Urban,12.9716,77.5946,22.49,76.88,6.48,4.2151
20250617,Bengaluru Urban,12.9716,77.5946,24.05,75.12,4.88,4.0327
20250618,Bengaluru Urban,12.9716,77.5946,24.81,75.18,4.37,4.9056
20250619,Bengaluru Urban,12.9716,77.5946,24.5,77.93,4.14,5.0186
20250620,Bengaluru Urban,12.9716,77.5946,25.0,74.33,4.09,5.5397
20250621,Bengaluru Urban,12.9716,77.5946,24.91,74.9,4.23,5.6868
20250622,Bengaluru Urban,12.9716,77.5946,24.43,76.83,4.65,4.8401
20250623,Bengaluru Urban,12.9716,77.5946,24.05,72.74,5.71,4.7971
20250624,Bengaluru Urban,12.9716,77.5946,22.63,72.32,5.49,4.7117
20250625,Bengaluru Urban,12.9716,77.5946,23.54,74.53,4.99,3.7951
20250626,Bengaluru Urban,12.9716,77.5946,23.65,74.0,4.78,4.0111
20250627,Bengaluru Urban,12.9716,77.5946,24.26,74.23,4.72,4.6817
20250628,Bengaluru Urban,12.9716,77.5946,24.82,73.83,4.16,4.5917
20250629,Bengaluru Urban,12.9716,77.5946,24.93,72.17,4.68,5.1521
20250630,Bengaluru Urban,12.9716,77.5946,24.14,74.51,4.43,4.9296
20250701,Bengaluru Urban,12.9716,77.5946,24.3,75.55,3.95,3.7786
20250702,Bengaluru Urban,12.9716,77.5946,24.08,74.77,5.03,4.4225
20250703,Bengaluru Urban,12.9716,77.5946,23.97,71.96,5.13,4.0572
20250704,Bengaluru Urban,12.9716,77.5946,24.18,71.49,5.04,4.7614
20250705,Bengaluru Urban,12.9716,77.5946,24.46,72.58,5.55,4.0723
20250706,Bengaluru Urban,12.9716,77.5946,24.58,73.48,5.68,4.3812
20250707,Bengaluru Urban,12.9716,77.5946,24.35,74.48,5.43,4.6171
20250708,Bengaluru Urban,12.9716,77.5946,25.17,70.87,5.09,5.0138
20250709,Bengaluru Urban,12.9716,77.5946,25.19,70.61,4.64,5.0803
20250710,Bengaluru Urban,12.9716,77.5946,24.93,73.26,3.95,4.5905
20250711,Bengaluru Urban,12.9716,77.5946,25.24,73.75,3.71,5.2375
20250712,Bengaluru Urban,12.9716,77.5946,24.94,73.59,4.04,4.7153
20250713,Bengaluru Urban,12.9716,77.5946,24.5,75.95,4.22,4.4568
20250714,Bengaluru Urban,12.9716,77.5946,23.98,77.29,4.69,4.4904
20250715,Bengaluru Urban,12.9716,77.5946,24.46,74.78,4.52,4.3267
20250716,Bengaluru Urban,12.9716,77.5946,24.58,77.5,3.28,4.5295
20250717,Bengaluru Urban,12.9716,77.5946,23.73,82.02,2.83,4.6262
20250718,Bengaluru Urban,12.9716,77.5946,23.95,78.1,2.76,4.9186
20250719,Bengaluru Urban,12.9716,77.5946,22.74,79.9,3.58,3.0629
20250720,Bengaluru Urban,12.9716,77.5946,23.48,78.51,4.09,4.411
20250721,Bengaluru Urban,12.9716,77.5946,21.84,79.71,4.12,3.8647
20250722,Bengaluru Urban,12.9716,77.5946,22.44,72.5,4.95,3.6804
20250723,Bengaluru Urban,12.9716,77.5946,23.2,77.72,4.99,3.9943
20250724,Bengaluru Urban,12.9716,77.5946,23.13,77.42,5.24,3.1416
20250725,Bengaluru Urban,12.9716,77.5946,23.38,74.17,6.37,3.2926
20250726,Bengaluru Urban,12.9716,77.5946,23.3,76.27,6.36,3.2561
20250727,Bengaluru Urban,12.9716,77.5946,23.44,72.84,5.75,3.787
20250728,Bengaluru Urban,12.9716,77.5946,23.55,72.62,5.46,3.8971
20250729,Bengaluru Urban,12.9716,77.5946,23.8,72.82,5.6,4.0814
20250730,Bengaluru Urban,12.9716,77.5946,24.57,71.63,5.13,4.2504
20250731,Bengaluru Urban,12.9716,77.5946,25.21,71.74,4.15,4.105
20250801,Bengaluru Urban,12.9716,77.5946,25.09,71.88,3.52,4.691
20250802,Bengaluru Urban,12.9716,77.5946,25.17,72.28,3.6,5.2205
20250803,Bengaluru Urban,12.9716,77.5946,24.08,80.74,2.3,4.3831
20250804,Bengaluru Urban,12.9716,77.5946,23.64,81.94,1.21,4.8756
20250805,Bengaluru Urban,12.9716,77.5946,24.75,79.16,1.35,4.5936
20250806,Bengaluru Urban,12.9716,77.5946,23.56,86.18,2.65,4.8698
20250807,Bengaluru Urban,12.9716,77.5946,23.62,85.08,2.24,5.2042
20250808,Bengaluru Urban,12.9716,77.5946,23.23,86.33,1.87,4.0178
20250809,Bengaluru Urban,12.9716,77.5946,23.62,82.92,1.72,3.6442
20250810,Bengaluru Urban,12.9716,77.5946,22.96,84.01,2.22,3.4831
20250811,Bengaluru Urban,12.9716,77.5946,21.9,83.74,3.41,3.6545
20250812,Bengaluru Urban,12.9716,77.5946,22.13,79.32,3.54,4.0332
20250813,Bengaluru Urban,12.9716,77.5946,21.7,80.8,3.76,3.1363
20250814,Bengaluru Urban,12.9716,77.5946,22.56,81.3,4.02,3.5714
20250815,Bengaluru Urban,12.9716,77.5946,22.73,80.74,4.32,4.0716
20250816,Bengaluru Urban,12.9716,77.5946,22.63,83.4,4.11,3.8786
20250817,Bengaluru Urban,12.9716,77.5946,22.82,83.62,4.34,2.8783
20250818,Bengaluru Urban,12.9716,77.5946,22.25,82.72,5.24,2.5987
20250819,Bengaluru Urban,12.9716,77.5946,22.72,78.43,5.91,3.9701
20250820,Bengaluru Urban,12.9716,77.5946,22.66,79.52,3.88,4.8526
20250821,Bengaluru Urban,12.9716,77.5946,23.46,80.28,2.33,4.7429
20250822,Bengaluru Urban,12.9716,77.5946,23.43,81.59,1.39,5.3467
20250823,Bengaluru Urban,12.9716,77.5946,23.63,81.29,2.43,4.7645
20250824,Bengaluru Urban,12.9716,77.5946,24.1,75.47,3.25,5.748
20250825,Bengaluru Urban,12.9716,77.5946,23.23,76.71,3.06,5.1581
20250826,Bengaluru Urban,12.9716,77.5946,23.93,75.29,3.22,4.9368
20250827,Bengaluru Urban,12.9716,77.5946,23.23,81.2,3.77,4.0495
20250828,Bengaluru Urban,12.9716,77.5946,23.22,78.01,4.17,4.7508
20250829,Bengaluru Urban,12.9716,77.5946,22.47,79.38,4.11,5.0129
20250830,Bengaluru Urban,12.9716,77.5946,23.35,81.06,3.47,4.6826
20250831,Bengaluru Urban,12.9716,77.5946,23.79,80.88,3.45,4.2535
20250901,Bengaluru Urban,12.9716,77.5946,23.26,81.97,4.04,3.498
20250902,Bengaluru Urban,12.9716,77.5946,23.14,82.47,3.95,4.3188
20250903,Bengaluru Urban,12.9716,77.5946,23.47,82.21,3.78,3.6994
20250904,Bengaluru Urban,12.9716,77.5946,23.73,79.97,3.02,4.453
20250905,Bengaluru Urban,12.9716,77.5946,23.46,80.95,2.39,4.6164
20250906,Bengaluru Urban,12.9716,77.5946,24.08,78.84,2.42,4.823
20250907,Bengaluru Urban,12.9716,77.5946,23.88,79.37,2.7,5.0172
20250908,Bengaluru Urban,12.9716,77.5946,23.79,76.29,2.33,6.2873
20250909,Bengaluru Urban,12.9716,77.5946,24.72,78.57,1.29,5.3436
20250910,Bengaluru Urban,12.9716,77.5946,23.92,81.88,1.3,4.7287
20250911,Bengaluru Urban,12.9716,77.5946,22.82,84.0,1.58,4.1614
20250912,Bengaluru Urban,12.9716,77.5946,23.56,79.01,2.02,5.5973
20250913,Bengaluru Urban,12.9716,77.5946,23.31,84.88,1.74,4.4184
20250914,Bengaluru Urban,12.9716,77.5946,23.26,83.01,1.95,5.5114
20250915,Bengaluru Urban,12.9716,77.5946,23.23,83.2,2.15,5.1245
20250916,Bengaluru Urban,12.9716,77.5946,23.58,84.11,1.46,4.3286
20250917,Bengaluru Urban,12.9716,77.5946,22.68,89.98,1.39,4.4071
20250918,Bengaluru Urban,12.9716,77.5946,23.36,85.77,1.7,5.1818
20250919,Bengaluru Urban,12.9716,77.5946,22.31,87.47,2.26,3.3401
20250920,Bengaluru Urban,12.9716,77.5946,22.3,88.42,2.66,4.6015
20250921,Bengaluru Urban,12.9716,77.5946,23.09,85.72,2.4,4.769
20250922,Bengaluru Urban,12.9716,77.5946,22.89,85.19,2.57,4.9507
20250923,Bengaluru Urban,12.9716,77.5946,22.58,84.23,2.89,4.0608
20250924,Bengaluru Urban,12.9716,77.5946,22.68,82.99,3.1,4.6726
20250925,Bengaluru Urban,12.9716,77.5946,22.75,82.51,3.28,4.7858
20250926,Bengaluru Urban,12.9716,77.5946,22.72,81.32,3.68,4.715
20250927,Bengaluru Urban,12.9716,77.5946,21.34,84.18,4.15,4.2994
20250928,Bengaluru Urban,12.9716,77.5946,22.68,81.61,3.72,4.5739
20250929,Bengaluru Urban,12.9716,77.5946,23.14,79.98,3.65,5.0573
20250930,Bengaluru Urban,12.9716,77.5946,22.33,82.39,2.92,5.4494
20251001,Bengaluru Urban,12.9716,77.5946,23.33,80.12,2.71,5.202
20251002,Bengaluru Urban,12.9716,77.5946,23.61,81.54,2.42,5.0434
20251003,Bengaluru Urban,12.9716,77.5946,22.97,86.04,1.85,5.8006
20251004,Bengaluru Urban,12.9716,77.5946,23.75,79.65,1.75,4.049
20251005,Bengaluru Urban,12.9716,77.5946,23.63,79.32,1.34,6.1238
20251006,Bengaluru Urban,12.9716,77.5946,22.98,84.18,1.49,5.7631
20251007,Bengaluru Urban,12.9716,77.5946,22.95,81.2,1.31,5.7598
20251008,Bengaluru Urban,12.9716,77.5946,23.56,81.32,1.19,3.7517
20251009,Bengaluru Urban,12.9716,77.5946,23.67,83.01,1.13,5.2726
20251010,Bengaluru Urban,12.9716,77.5946,23.63,85.88,1.65,5.2865
20251011,Bengaluru Urban,12.9716,77.5946,23.27,84.7,1.53,5.2006
20251012,Bengaluru Urban,12.9716,77.5946,23.36,86.1,1.75,6.1558
20251013,Bengaluru Urban,12.9716,77.5946,23.32,85.9,1.9,5.5834
20251014,Bengaluru Urban,12.9716,77.5946,23.42,85.06,2.44,4.5331
20251015,Bengaluru Urban,12.9716,77.5946,23.06,85.0,2.44,3.8791
20251016,Bengaluru Urban,12.9716,77.5946,23.05,86.66,3.05,3.7982
20251017,Bengaluru Urban,12.9716,77.5946,22.99,87.05,2.78,4.2499
20251018,Bengaluru Urban,12.9716,77.5946,23.01,86.46,2.66,4.1657
20251019,Bengaluru Urban,12.9716,77.5946,22.92,84.11,2.51,4.9373
20251020,Bengaluru Urban,12.9716,77.5946,22.42,86.47,2.44,4.6877
20251021,Bengaluru Urban,12.9716,77.5946,22.07,87.66,2.51,2.8512
20251022,Bengaluru Urban,12.9716,77.5946,21.73,91.68,3.07,1.8703
20251023,Bengaluru Urban,12.9716,77.5946,22.71,86.22,1.5,3.6554
20251024,Bengaluru Urban,12.9716,77.5946,21.93,85.77,1.56,3.7435
20251025,Bengaluru Urban,12.9716,77.5946,22.77,77.07,1.0,5.6417
20251026,Bengaluru Urban,12.9716,77.5946,22.92,83.19,1.03,4.8103
20251027,Bengaluru Urban,12.9716,77.5946,21.77,90.03,1.63,2.5673
20251028,Bengaluru Urban,12.9716,77.5946,21.65,85.06,3.42,2.3076
20251029,Bengaluru Urban,12.9716,77.5946,21.63,82.55,3.24,4.3363
20251030,Bengaluru Urban,12.9716,77.5946,22.34,84.04,2.43,5.6813
20251031,Bengaluru Urban,12.9716,77.5946,22.71,79.39,1.81,6.2659
20251101,Bengaluru Urban,12.9716,77.5946,22.88,79.17,0.93,6.5254
20251102,Bengaluru Urban,12.9716,77.5946,22.56,82.99,1.51,4.7784
20251103,Bengaluru Urban,12.9716,77.5946,22.45,82.4,1.94,3.7234
20251104,Bengaluru Urban,12.9716,77.5946,22.28,80.62,1.82,4.0949
20251105,Bengaluru Urban,12.9716,77.5946,22.78,85.33,1.59,4.019
20251106,Bengaluru Urban,12.9716,77.5946,20.52,93.23,1.97,4.6234
20251107,Bengaluru Urban,12.9716,77.5946,21.81,83.37,1.33,4.572
20251108,Bengaluru Urban,12.9716,77.5946,20.7,80.08,2.06,4.2274
20251109,Bengaluru Urban,12.9716,77.5946,18.73,71.36,1.85,6.0442
20251110,Bengaluru Urban,12.9716,77.5946,20.44,75.53,0.91,5.0962
20251111,Bengaluru Urban,12.9716,77.5946,22.02,80.07,1.36,4.2348
20251112,Bengaluru Urban,12.9716,77.5946,22.22,78.61,2.21,4.4587
20251113,Bengaluru Urban,12.9716,77.5946,22.5,81.1,2.34,4.6423
20251114,Bengaluru Urban,12.9716,77.5946,20.96,76.89,2.77,3.7975
20251115,Bengaluru Urban,12.9716,77.5946,19.82,74.83,2.39,5.2493
20251116,Bengaluru Urban,12.9716,77.5946,20.94,79.42,2.6,4.5828
20251117,Bengaluru Urban,12.9716,77.5946,20.62,77.47,2.88,3.9631
20251118,Bengaluru Urban,12.9716,77.5946,19.38,86.19,2.47,3.0494
20251119,Bengaluru Urban,12.9716,77.5946,21.75,80.27,2.29,3.9077
20251120,Bengaluru Urban,12.9716,77.5946,21.28,73.47,2.3,5.0071
20251121,Bengaluru Urban,12.9716,77.5946,21.98,84.36,2.48,4.2326
20251122,Bengaluru Urban,12.9716,77.5946,22.1,84.55,2.93,3.6775
20251123,Bengaluru Urban,12.9716,77.5946,21.83,83.49,2.71,3.7366
20251124,Bengaluru Urban,12.9716,77.5946,22.21,80.2,2.99,4.0579
20251125,Bengaluru Urban,12.9716,77.5946,20.7,79.35,2.72,4.4191
20251126,Bengaluru Urban,12.9716,77.5946,20.37,76.41,3.15,4.9123
20251127,Bengaluru Urban,12.9716,77.5946,20.56,75.76,3.08,4.1333
20251128,Bengaluru Urban,12.9716,77.5946,19.49,76.89,2.64,3.9274
20251129,Bengaluru Urban,12.9716,77.5946,19.24,84.92,2.6,1.8924
20251130,Bengaluru Urban,12.9716,77.5946,20.07,89.93,2.95,1.9039
20251201,Bengaluru Urban,12.9716,77.5946,21.47,81.05,2.85,2.9174
20251202,Bengaluru Urban,12.9716,77.5946,21.91,79.81,2.74,3.6206
20251203,Bengaluru Urban,12.9716,77.5946,23.12,80.62,3.78,2.957
20251204,Bengaluru Urban,12.9716,77.5946,21.83,83.85,2.43,4.2576
20251205,Bengaluru Urban,12.9716,77.5946,21.84,79.65,3.5,2.149
20251206,Bengaluru Urban,12.9716,77.5946,21.77,74.13,3.12,4.3423
20251207,Bengaluru Urban,12.9716,77.5946,21.27,74.56,2.68,4.505
20251208,Bengaluru Urban,12.9716,77.5946,20.5,65.32,2.43,5.5097
20251209,Bengaluru Urban,12.9716,77.5946,20.42,71.86,2.66,5.0986
20251210,Bengaluru Urban,12.9716,77.5946,20.58,65.57,2.93,5.4802
20251211,Bengaluru Urban,12.9716,77.5946,19.82,69.24,3.07,5.4415
20251212,Bengaluru Urban,12.9716,77.5946,19.37,69.55,2.43,5.6136
20251213,Bengaluru Urban,12.9716,77.5946,18.73,61.77,2.11,5.9652
20251214,Bengaluru Urban,12.9716,77.5946,18.5,67.46,2.39,5.8975
20251215,Bengaluru Urban,12.9716,77.5946,18.81,65.55,2.71,5.9098
20251216,Bengaluru Urban,12.9716,77.5946,21.14,78.19,3.77,2.9256
20251217,Bengaluru Urban,12.9716,77.5946,21.95,69.23,3.14,5.5454
20251218,Bengaluru Urban,12.9716,77.5946,19.43,67.33,2.94,5.4665
20251219,Bengaluru Urban,12.9716,77.5946,18.87,67.54,2.15,4.8094
20251220,Bengaluru Urban,12.9716,77.5946,18.64,67.96,1.68,5.0414
20251221,Bengaluru Urban,12.9716,77.5946,19.06,69.05,2.18,5.239
20251222,Bengaluru Urban,12.9716,77.5946,19.62,69.93,2.65,5.2152
20251223,Bengaluru Urban,12.9716,77.5946,19.61,69.04,2.06,5.5586
20251224,Bengaluru Urban,12.9716,77.5946,19.51,68.63,2.07,5.3225
20251225,Bengaluru Urban,12.9716,77.5946,19.52,67.32,2.28,5.6503
20251226,Bengaluru Urban,12.9716,77.5946,20.5,68.84,2.47,3.959
20251227,Bengaluru Urban,12.9716,77.5946,19.42,67.2,2.33,5.3962
20251228,Bengaluru Urban,12.9716,77.5946,19.76,68.23,2.24,5.4041
20251229,Bengaluru Urban,12.9716,77.5946,21.04,68.91,2.07,5.2495
20251230,Bengaluru Urban,12.9716,77.5946,22.06,69.08,1.1,4.8036
20251231,Bengaluru Urban,12.9716,77.5946,23.02,71.0,1.63,4.2175
