Date,District,Latitude,Longitude,Temperature,Humidity,WindSpeed,GHI
20200101,Bengaluru Rural,13.2844,77.6078,22.72,74.56,2.39,4.1316
20200102,Bengaluru Rural,13.2844,77.6078,23.89,72.33,2.0,4.1299
20200103,Bengaluru Rural,13.2844,77.6078,24.29,71.25,1.63,4.9063
20200104,Bengaluru Rural,13.2844,77.6078,24.46,71.49,1.58,5.0388
20200105,Bengaluru Rural,13.2844,77.6078,24.04,72.86,1.77,4.7875
20200106,Bengaluru Rural,13.2844,77.6078,23.65,72.63,3.31,3.3055
20200107,Bengaluru Rural,13.2844,77.6078,22.87,70.01,2.99,4.0798
20200108,Bengaluru Rural,13.2844,77.6078,22.58,69.77,1.93,5.5032
20200109,Bengaluru Rural,13.2844,77.6078,22.95,68.85,1.75,5.3162
20200110,Bengaluru Rural,13.2844,77.6078,22.13,71.32,3.14,5.1881
20200111,Bengaluru Rural,13.2844,77.6078,21.27,68.59,3.0,5.6424
20200112,Bengaluru Rural,13.2844,77.6078,21.47,69.41,2.66,4.95
20200113,Bengaluru Rural,13.2844,77.6078,21.79,66.57,1.48,5.394
20200114,Bengaluru Rural,13.2844,77.6078,21.63,61.17,2.09,5.8625
20200115,Bengaluru Rural,13.2844,77.6078,20.63,58.99,2.6,5.9772
20200116,Bengaluru Rural,13.2844,77.6078,20.73,62.13,2.42,5.8932
20200117,Bengaluru Rural,13.2844,77.6078,21.96,64.03,2.83,5.3441
20200118,Bengaluru Rural,13.2844,77.6078,23.41,67.49,2.91,4.884
20200119,Bengaluru Rural,13.2844,77.6078,23.69,65.94,2.4,5.4161
20200120,Bengaluru Rural,13.2844,77.6078,23.28,60.49,2.92,5.8164
20200121,Bengaluru Rural,13.2844,77.6078,22.05,57.78,3.17,6.1282
20200122,Bengaluru Rural,13.2844,77.6078,22.18,63.2,3.33,6.0758
20200123,Bengaluru Rural,13.2844,77.6078,23.06,57.9,3.0,6.161
20200124,Bengaluru Rural,13.2844,77.6078,22.28,54.08,2.75,5.9796
20200125,Bengaluru Rural,13.2844,77.6078,22.0,48.64,2.47,5.9218
20200126,Bengaluru Rural,13.2844,77.6078,22.77,51.43,2.57,6.0264
20200127,Bengaluru Rural,13.2844,77.6078,23.93,47.73,2.25,5.9633
20200128,Bengaluru Rural,13.2844,77.6078,24.66,52.91,2.46,5.2327
20200129,Bengaluru Rural,13.2844,77.6078,24.91,50.15,1.72,5.8049
20200130,Bengaluru Rural,13.2844,77.6078,25.32,49.52,1.84,6.156
20200131,Bengaluru Rural,13.2844,77.6078,25.01,50.05,1.98,6.1754
20200201,Bengaluru Rural,13.2844,77.6078,24.91,55.64,3.79,5.8848
20200202,Bengaluru Rural,13.2844,77.6078,24.07,56.29,3.56,5.4878
20200203,Bengaluru Rural,13.2844,77.6078,23.93,52.45,3.09,6.1603
20200204,Bengaluru Rural,13.2844,77.6078,24.04,53.52,2.8,6.4433
20200205,Bengaluru Rural,13.2844,77.6078,24.26,54.48,2.8,6.1289
20200206,Bengaluru Rural,13.2844,77.6078,24.84,52.16,2.46,5.7058
20200207,Bengaluru Rural,13.2844,77.6078,25.21,52.57,2.61,5.383
20200208,Bengaluru Rural,13.2844,77.6078,26.03,47.32,1.63,6.1097
20200209,Bengaluru Rural,13.2844,77.6078,24.68,55.78,2.91,5.4103
20200210,Bengaluru Rural,13.2844,77.6078,24.64,54.17,3.84,6.1843
20200211,Bengaluru Rural,13.2844,77.6078,24.47,53.39,4.11,6.5808
20200212,Bengaluru Rural,13.2844,77.6078,23.59,51.64,3.41,6.3175
20200213,Bengaluru Rural,13.2844,77.6078,23.47,50.22,2.75,6.4546
20200214,Bengaluru Rural,13.2844,77.6078,24.0,46.06,2.13,6.4474
20200215,Bengaluru Rural,13.2844,77.6078,24.53,33.89,2.05,6.6497
20200216,Bengaluru Rural,13.2844,77.6078,24.4,33.3,3.09,6.5914
20200217,Bengaluru Rural,13.2844,77.6078,23.81,33.34,2.93,6.4937
20200218,Bengaluru Rural,13.2844,77.6078,24.04,41.54,3.27,6.7534
20200219,Bengaluru Rural,13.2844,77.6078,24.65,49.48,2.87,6.4999
20200220,Bengaluru Rural,13.2844,77.6078,24.22,45.47,3.0,6.7769
20200221,Bengaluru Rural,13.2844,77.6078,23.97,43.03,3.01,6.8971
20200222,Bengaluru Rural,13.2844,77.6078,24.22,51.28,3.1,7.0488
20200223,Bengaluru Rural,13.2844,77.6078,24.83,47.65,2.71,6.3857
20200224,Bengaluru Rural,13.2844,77.6078,25.43,48.03,2.87,6.0478
20200225,Bengaluru Rural,13.2844,77.6078,26.14,47.34,2.47,6.4351
20200226,Bengaluru Rural,13.2844,77.6078,26.74,50.61,2.83,5.7259
20200227,Bengaluru Rural,13.2844,77.6078,25.87,54.19,2.69,5.2781
20200228,Bengaluru Rural,13.2844,77.6078,26.28,50.69,3.24,5.7614
20200229,Bengaluru Rural,13.2844,77.6078,26.52,48.6,3.13,6.2273
20200301,Bengaluru Rural,13.2844,77.6078,27.12,46.77,3.24,6.3804
20200302,Bengaluru Rural,13.2844,77.6078,26.71,48.46,1.76,4.6303
20200303,Bengaluru Rural,13.2844,77.6078,28.48,42.87,1.7,6.0391
20200304,Bengaluru Rural,13.2844,77.6078,28.22,43.33,1.46,5.9201
20200305,Bengaluru Rural,13.2844,77.6078,28.21,45.29,1.93,6.4198
20200306,Bengaluru Rural,13.2844,77.6078,27.66,50.07,2.04,6.095
20200307,Bengaluru Rural,13.2844,77.6078,24.32,66.47,2.0,5.149
20200308,Bengaluru Rural,13.2844,77.6078,27.43,57.05,2.05,5.6825
20200309,Bengaluru Rural,13.2844,77.6078,28.06,50.79,2.2,5.7386
20200310,Bengaluru Rural,13.2844,77.6078,28.52,39.58,2.6,6.2078
20200311,Bengaluru Rural,13.2844,77.6078,28.05,43.62,2.27,6.3478
20200312,Bengaluru Rural,13.2844,77.6078,28.16,36.05,2.37,6.5213
20200313,Bengaluru Rural,13.2844,77.6078,27.58,34.63,3.43,7.2199
20200314,Bengaluru Rural,13.2844,77.6078,27.58,41.56,2.98,7.2684
20200315,Bengaluru Rural,13.2844,77.6078,27.88,45.99,3.17,7.2588
20200316,Bengaluru Rural,13.2844,77.6078,28.06,45.72,3.09,7.2672
20200317,Bengaluru Rural,13.2844,77.6078,27.98,40.62,3.82,7.5077
20200318,Bengaluru Rural,13.2844,77.6078,27.65,35.08,3.16,7.6476
20200319,Bengaluru Rural,13.2844,77.6078,28.49,34.84,2.3,7.1671
20200320,Bengaluru Rural,13.2844,77.6078,28.67,37.41,2.44,5.8469
20200321,Bengaluru Rural,13.2844,77.6078,28.26,33.33,2.19,7.2653
20200322,Bengaluru Rural,13.2844,77.6078,29.43,37.03,1.91,6.7418
20200323,Bengaluru Rural,13.2844,77.6078,30.09,35.06,2.07,6.2563
20200324,Bengaluru Rural,13.2844,77.6078,29.12,36.74,3.07,6.7186
20200325,Bengaluru Rural,13.2844,77.6078,28.24,42.32,3.45,6.5813
20200326,Bengaluru Rural,13.2844,77.6078,28.25,40.76,3.68,7.3147
20200327,Bengaluru Rural,13.2844,77.6078,27.41,41.41,3.46,7.3171
20200328,Bengaluru Rural,13.2844,77.6078,27.35,33.75,3.39,7.6032
20200329,Bengaluru Rural,13.2844,77.6078,27.82,27.58,3.05,7.727
20200330,Bengaluru Rural,13.2844,77.6078,27.89,31.28,3.74,7.6788
20200331,Bengaluru Rural,13.2844,77.6078,28.17,31.11,3.44,7.698
20200401,Bengaluru Rural,13.2844,77.6078,28.78,35.23,3.13,7.416
20200402,Bengaluru Rural,13.2844,77.6078,29.86,36.15,3.34,7.0308
20200403,Bengaluru Rural,13.2844,77.6078,29.62,36.59,3.73,6.9154
20200404,Bengaluru Rural,13.2844,77.6078,28.9,36.39,3.28,7.5689
20200405,Bengaluru Rural,13.2844,77.6078,29.31,44.06,2.93,7.1508
20200406,Bengaluru Rural,13.2844,77.6078,28.93,51.52,2.21,6.1915
20200407,Bengaluru Rural,13.2844,77.6078,25.92,59.97,2.26,5.1079
20200408,Bengaluru Rural,13.2844,77.6078,28.15,50.45,0.96,5.9676
20200409,Bengaluru Rural,13.2844,77.6078,27.58,54.98,2.17,6.6214
20200410,Bengaluru Rural,13.2844,77.6078,27.65,52.14,3.04,6.2875
20200411,Bengaluru Rural,13.2844,77.6078,27.1,52.31,3.1,7.3949
20200412,Bengaluru Rural,13.2844,77.6078,28.04,44.75,3.11,7.4354
20200413,Bengaluru Rural,13.2844,77.6078,28.5,36.71,3.67,7.374
20200414,Bengaluru Rural,13.2844,77.6078,28.3,30.31,4.16,7.7314
20200415,Bengaluru Rural,13.2844,77.6078,28.17,31.35,3.45,7.5761
20200416,Bengaluru Rural,13.2844,77.6078,28.98,41.28,3.39,7.1446
20200417,Bengaluru Rural,13.2844,77.6078,29.95,43.92,3.48,7.2422
20200418,Bengaluru Rural,13.2844,77.6078,30.47,41.85,3.92,6.756
20200419,Bengaluru Rural,13.2844,77.6078,30.12,41.92,4.0,7.0454
20200420,Bengaluru Rural,13.2844,77.6078,29.44,42.02,3.96,7.621
20200421,Bengaluru Rural,13.2844,77.6078,29.55,33.94,2.84,7.6054
20200422,Bengaluru Rural,13.2844,77.6078,30.36,44.03,2.6,6.804
20200423,Bengaluru Rural,13.2844,77.6078,31.01,43.75,1.84,6.384
20200424,Bengaluru Rural,13.2844,77.6078,29.53,51.97,1.9,5.0158
20200425,Bengaluru Rural,13.2844,77.6078,28.2,59.95,2.42,5.945
20200426,Bengaluru Rural,13.2844,77.6078,29.6,52.73,2.79,5.9832
20200427,Bengaluru Rural,13.2844,77.6078,29.12,52.35,2.55,6.75
20200428,Bengaluru Rural,13.2844,77.6078,27.82,65.13,2.52,6.349
20200429,Bengaluru Rural,13.2844,77.6078,25.21,70.96,2.84,3.4591
20200430,Bengaluru Rural,13.2844,77.6078,27.66,59.07,2.43,6.893
20200501,Bengaluru Rural,13.2844,77.6078,28.38,58.86,2.27,6.751
20200502,Bengaluru Rural,13.2844,77.6078,28.8,57.28,1.98,5.9926
20200503,Bengaluru Rural,13.2844,77.6078,28.9,55.28,2.06,6.4942
20200504,Bengaluru Rural,13.2844,77.6078,30.13,50.13,2.25,7.1338
20200505,Bengaluru Rural,13.2844,77.6078,29.86,52.18,2.19,6.6463
20200506,Bengaluru Rural,13.2844,77.6078,28.58,55.77,2.54,6.2981
20200507,Bengaluru Rural,13.2844,77.6078,28.34,61.31,1.63,5.436
20200508,Bengaluru Rural,13.2844,77.6078,28.89,56.66,2.19,6.0221
20200509,Bengaluru Rural,13.2844,77.6078,29.51,49.54,2.82,7.2518
20200510,Bengaluru Rural,13.2844,77.6078,29.23,48.55,3.65,6.7536
20200511,Bengaluru Rural,13.2844,77.6078,29.2,45.65,3.47,6.1757
20200512,Bengaluru Rural,13.2844,77.6078,28.68,50.75,3.19,6.3142
20200513,Bengaluru Rural,13.2844,77.6078,29.65,38.27,2.65,6.8489
20200514,Bengaluru Rural,13.2844,77.6078,30.14,44.98,3.07,6.9979
20200515,Bengaluru Rural,13.2844,77.6078,30.28,39.69,2.91,6.8376
20200516,Bengaluru Rural,13.2844,77.6078,30.47,39.45,3.09,5.6237
20200517,Bengaluru Rural,13.2844,77.6078,29.16,52.35,2.49,5.1986
20200518,Bengaluru Rural,13.2844,77.6078,25.74,71.84,5.13,5.0412
20200519,Bengaluru Rural,13.2844,77.6078,27.63,62.34,5.62,5.405
20200520,Bengaluru Rural,13.2844,77.6078,28.89,55.66,4.49,6.3173
20200521,Bengaluru Rural,13.2844,77.6078,29.32,55.01,3.8,6.7356
20200522,Bengaluru Rural,13.2844,77.6078,29.11,50.04,3.68,7.3214
20200523,Bengaluru Rural,13.2844,77.6078,30.64,44.32,2.02,7.0358
20200524,Bengaluru Rural,13.2844,77.6078,31.29,45.24,2.58,6.9787
20200525,Bengaluru Rural,13.2844,77.6078,30.14,55.96,1.83,6.1783
20200526,Bengaluru Rural,13.2844,77.6078,29.44,61.41,1.92,6.605
20200527,Bengaluru Rural,13.2844,77.6078,27.84,70.63,1.8,6.4709
20200528,Bengaluru Rural,13.2844,77.6078,27.69,69.09,2.22,7.1342
20200529,Bengaluru Rural,13.2844,77.6078,24.69,77.59,2.83,7.0507
20200530,Bengaluru Rural,13.2844,77.6078,26.02,73.08,1.28,5.5908
20200531,Bengaluru Rural,13.2844,77.6078,26.71,69.19,2.68,5.9628
20200601,Bengaluru Rural,13.2844,77.6078,25.73,75.45,2.76,5.5056
20200602,Bengaluru Rural,13.2844,77.6078,25.39,72.05,3.35,6.1812
20200603,Bengaluru Rural,13.2844,77.6078,24.66,76.95,4.21,4.5778
20200604,Bengaluru Rural,13.2844,77.6078,24.57,76.25,3.44,5.2572
20200605,Bengaluru Rural,13.2844,77.6078,25.86,68.87,3.46,5.9323
20200606,Bengaluru Rural,13.2844,77.6078,24.95,71.92,3.55,5.9506
20200607,Bengaluru Rural,13.2844,77.6078,26.2,64.9,4.1,6.2666
20200608,Bengaluru Rural,13.2844,77.6078,25.32,64.18,4.34,6.8542
20200609,Bengaluru Rural,13.2844,77.6078,25.46,59.15,4.13,5.5884
20200610,Bengaluru Rural,13.2844,77.6078,25.85,67.41,4.88,4.7021
20200611,Bengaluru Rural,13.2844,77.6078,23.3,82.22,4.87,3.8561
20200612,Bengaluru Rural,13.2844,77.6078,23.69,74.22,5.45,4.4988
20200613,Bengaluru Rural,13.2844,77.6078,24.91,67.07,5.51,5.6362
20200614,Bengaluru Rural,13.2844,77.6078,24.31,68.42,6.07,5.3969
20200615,Bengaluru Rural,13.2844,77.6078,26.02,68.88,5.16,5.3244
20200616,Bengaluru Rural,13.2844,77.6078,25.98,69.96,5.34,5.0926
20200617,Bengaluru Rural,13.2844,77.6078,24.92,74.36,4.62,3.3288
20200618,Bengaluru Rural,13.2844,77.6078,24.9,71.24,4.56,3.7289
20200619,Bengaluru Rural,13.2844,77.6078,24.39,70.99,4.37,5.3527
20200620,Bengaluru Rural,13.2844,77.6078,25.44,65.72,4.34,5.8654
20200621,Bengaluru Rural,13.2844,77.6078,25.55,66.02,4.54,5.2639
20200622,Bengaluru Rural,13.2844,77.6078,24.35,71.59,4.29,5.6599
20200623,Bengaluru Rural,13.2844,77.6078,24.54,64.81,3.87,6.6233
20200624,Bengaluru Rural,13.2844,77.6078,25.0,70.26,2.72,5.8466
20200625,Bengaluru Rural,13.2844,77.6078,24.56,78.23,1.69,6.1399
20200626,Bengaluru Rural,13.2844,77.6078,24.82,79.06,2.07,5.7578
20200627,Bengaluru Rural,13.2844,77.6078,23.61,85.7,2.35,4.6942
20200628,Bengaluru Rural,13.2844,77.6078,23.71,85.84,3.03,4.9723
20200629,Bengaluru Rural,13.2844,77.6078,24.06,84.96,2.5,5.1446
20200630,Bengaluru Rural,13.2844,77.6078,23.77,82.18,3.17,5.5663
20200701,Bengaluru Rural,13.2844,77.6078,23.21,81.06,3.66,5.723
20200702,Bengaluru Rural,13.2844,77.6078,22.54,81.07,5.02,3.7356
20200703,Bengaluru Rural,13.2844,77.6078,23.05,82.18,4.72,5.345
20200704,Bengaluru Rural,13.2844,77.6078,23.86,77.78,5.36,4.2523
20200705,Bengaluru Rural,13.2844,77.6078,23.18,76.97,5.24,4.859
20200706,Bengaluru Rural,13.2844,77.6078,24.06,76.61,4.72,4.1158
20200707,Bengaluru Rural,13.2844,77.6078,23.98,77.9,4.48,5.1218
20200708,Bengaluru Rural,13.2844,77.6078,22.97,85.67,2.92,5.5421
20200709,Bengaluru Rural,13.2844,77.6078,22.59,87.54,2.32,5.1238
20200710,Bengaluru Rural,13.2844,77.6078,23.02,82.57,2.73,4.5876
20200711,Bengaluru Rural,13.2844,77.6078,22.78,83.23,2.4,6.0499
20200712,Bengaluru Rural,13.2844,77.6078,23.74,82.45,2.55,5.7233
20200713,Bengaluru Rural,13.2844,77.6078,23.13,82.69,3.05,5.5126
20200714,Bengaluru Rural,13.2844,77.6078,23.09,84.39,3.7,3.2681
20200715,Bengaluru Rural,13.2844,77.6078,23.01,82.17,4.38,4.05
20200716,Bengaluru Rural,13.2844,77.6078,22.98,81.15,4.24,3.6437
20200717,Bengaluru Rural,13.2844,77.6078,23.04,81.12,3.58,4.578
20200718,Bengaluru Rural,13.2844,77.6078,23.89,82.18,2.31,4.9867
20200719,Bengaluru Rural,13.2844,77.6078,23.43,83.56,1.88,5.087
20200720,Bengaluru Rural,13.2844,77.6078,23.56,86.09,1.82,5.4938
20200721,Bengaluru Rural,13.2844,77.6078,24.32,80.04,2.14,6.8162
20200722,Bengaluru Rural,13.2844,77.6078,24.39,80.31,2.48,6.1505
20200723,Bengaluru Rural,13.2844,77.6078,24.45,80.52,1.17,4.9135
20200724,Bengaluru Rural,13.2844,77.6078,23.51,83.77,1.72,4.9694
20200725,Bengaluru Rural,13.2844,77.6078,23.35,81.53,1.8,5.1907
20200726,Bengaluru Rural,13.2844,77.6078,22.78,83.51,2.49,5.4158
20200727,Bengaluru Rural,13.2844,77.6078,23.55,79.65,3.59,6.1613
20200728,Bengaluru Rural,13.2844,77.6078,23.24,85.35,2.91,5.3911
20200729,Bengaluru Rural,13.2844,77.6078,22.72,86.24,2.39,2.857
20200730,Bengaluru Rural,13.2844,77.6078,23.36,86.28,2.2,5.292
20200731,Bengaluru Rural,13.2844,77.6078,23.16,87.76,2.25,5.623
20200801,Bengaluru Rural,13.2844,77.6078,22.93,87.53,3.0,5.4463
20200802,Bengaluru Rural,13.2844,77.6078,22.93,85.08,3.73,5.7948
20200803,Bengaluru Rural,13.2844,77.6078,22.92,84.04,5.0,4.1477
20200804,Bengaluru Rural,13.2844,77.6078,22.64,83.04,6.6,2.8426
20200805,Bengaluru Rural,13.2844,77.6078,23.6,79.6,7.32,3.6559
20200806,Bengaluru Rural,13.2844,77.6078,24.44,80.75,5.75,4.7261
20200807,Bengaluru Rural,13.2844,77.6078,24.09,82.45,5.12,4.1018
20200808,Bengaluru Rural,13.2844,77.6078,22.73,84.72,4.73,4.5058
20200809,Bengaluru Rural,13.2844,77.6078,22.06,85.13,4.34,3.5359
20200810,Bengaluru Rural,13.2844,77.6078,21.95,88.06,3.41,4.079
20200811,Bengaluru Rural,13.2844,77.6078,23.1,82.89,4.15,4.866
20200812,Bengaluru Rural,13.2844,77.6078,22.8,84.51,4.03,4.6579
20200813,Bengaluru Rural,13.2844,77.6078,22.68,84.69,3.94,4.4556
20200814,Bengaluru Rural,13.2844,77.6078,22.78,83.36,4.2,3.8287
20200815,Bengaluru Rural,13.2844,77.6078,23.21,81.08,4.48,3.2405
20200816,Bengaluru Rural,13.2844,77.6078,23.26,83.27,3.93,2.7528
20200817,Bengaluru Rural,13.2844,77.6078,23.66,83.02,3.73,3.881
20200818,Bengaluru Rural,13.2844,77.6078,23.47,84.1,3.62,4.5206
20200819,Bengaluru Rural,13.2844,77.6078,23.85,81.8,3.86,3.9259
20200820,Bengaluru Rural,13.2844,77.6078,23.21,83.71,3.77,3.1298
20200821,Bengaluru Rural,13.2844,77.6078,23.81,82.01,3.5,4.2907
20200822,Bengaluru Rural,13.2844,77.6078,23.92,83.04,3.0,5.0712
20200823,Bengaluru Rural,13.2844,77.6078,23.44,84.81,2.29,4.8038
20200824,Bengaluru Rural,13.2844,77.6078,24.26,81.5,1.84,5.1382
20200825,Bengaluru Rural,13.2844,77.6078,24.42,79.81,2.06,6.2131
20200826,Bengaluru Rural,13.2844,77.6078,23.45,83.04,2.12,5.9626
20200827,Bengaluru Rural,13.2844,77.6078,23.5,82.34,2.38,5.2805
20200828,Bengaluru Rural,13.2844,77.6078,23.76,79.2,2.66,6.3919
20200829,Bengaluru Rural,13.2844,77.6078,24.74,77.48,2.51,6.0905
20200830,Bengaluru Rural,13.2844,77.6078,24.05,83.32,2.05,6.3072
20200831,Bengaluru Rural,13.2844,77.6078,23.84,83.0,2.16,6.1498
20200901,Bengaluru Rural,13.2844,77.6078,22.87,88.51,3.13,4.8067
20200902,Bengaluru Rural,13.2844,77.6078,22.98,88.44,2.72,3.6444
20200903,Bengaluru Rural,13.2844,77.6078,23.14,86.16,2.2,5.6419
20200904,Bengaluru Rural,13.2844,77.6078,24.33,82.31,1.95,5.4516
20200905,Bengaluru Rural,13.2844,77.6078,24.75,81.46,1.9,5.7398
20200906,Bengaluru Rural,13.2844,77.6078,24.54,83.33,1.49,6.3374
20200907,Bengaluru Rural,13.2844,77.6078,24.15,84.06,1.82,6.259
20200908,Bengaluru Rural,13.2844,77.6078,24.13,83.51,1.12,5.1139
20200909,Bengaluru Rural,13.2844,77.6078,23.91,84.41,1.33,5.3657
20200910,Bengaluru Rural,13.2844,77.6078,22.04,90.81,1.71,5.5656
20200911,Bengaluru Rural,13.2844,77.6078,22.12,88.45,3.35,4.345
20200912,Bengaluru Rural,13.2844,77.6078,21.85,86.4,3.87,3.7457
20200913,Bengaluru Rural,13.2844,77.6078,20.85,84.77,3.91,3.0307
20200914,Bengaluru Rural,13.2844,77.6078,21.97,81.89,4.46,2.7919
20200915,Bengaluru Rural,13.2844,77.6078,22.71,83.38,3.77,4.8367
20200916,Bengaluru Rural,13.2844,77.6078,23.22,84.22,3.45,4.0313
20200917,Bengaluru Rural,13.2844,77.6078,22.68,85.33,3.26,4.8288
20200918,Bengaluru Rural,13.2844,77.6078,22.64,87.5,3.8,4.9198
20200919,Bengaluru Rural,13.2844,77.6078,22.17,88.61,3.71,3.8352
20200920,Bengaluru Rural,13.2844,77.6078,21.58,86.51,5.08,2.629
20200921,Bengaluru Rural,13.2844,77.6078,21.0,83.69,5.58,4.2742
20200922,Bengaluru Rural,13.2844,77.6078,21.31,80.86,4.98,4.2958
20200923,Bengaluru Rural,13.2844,77.6078,22.17,80.8,3.98,6.319
20200924,Bengaluru Rural,13.2844,77.6078,22.72,81.42,3.17,5.3292
20200925,Bengaluru Rural,13.2844,77.6078,22.2,87.21,1.89,6.0072
20200926,Bengaluru Rural,13.2844,77.6078,21.04,90.62,3.3,2.557
20200927,Bengaluru Rural,13.2844,77.6078,22.15,86.12,2.28,4.4138
20200928,Bengaluru Rural,13.2844,77.6078,23.09,84.47,2.13,5.6954
20200929,Bengaluru Rural,13.2844,77.6078,22.73,89.97,2.61,4.471
20200930,Bengaluru Rural,13.2844,77.6078,22.25,89.08,2.72,4.0505
20201001,Bengaluru Rural,13.2844,77.6078,21.77,84.48,2.99,4.9961
20201002,Bengaluru Rural,13.2844,77.6078,22.85,83.15,1.95,5.5951
20201003,Bengaluru Rural,13.2844,77.6078,22.56,87.85,2.8,5.0582
20201004,Bengaluru Rural,13.2844,77.6078,21.09,88.28,2.89,4.3898
20201005,Bengaluru Rural,13.2844,77.6078,22.04,82.88,2.88,5.4389
20201006,Bengaluru Rural,13.2844,77.6078,22.7,84.03,2.04,6.2203
20201007,Bengaluru Rural,13.2844,77.6078,23.16,84.81,2.11,5.1744
20201008,Bengaluru Rural,13.2844,77.6078,22.77,81.53,1.19,5.7965
20201009,Bengaluru Rural,13.2844,77.6078,23.56,80.03,0.69,4.8264
20201010,Bengaluru Rural,13.2844,77.6078,22.28,92.64,1.94,4.8598
20201011,Bengaluru Rural,13.2844,77.6078,21.59,90.05,2.41,2.9414
20201012,Bengaluru Rural,13.2844,77.6078,22.19,89.61,3.25,4.2156
20201013,Bengaluru Rural,13.2844,77.6078,21.64,92.14,3.51,3.5904
20201014,Bengaluru Rural,13.2844,77.6078,21.96,86.91,4.56,4.524
20201015,Bengaluru Rural,13.2844,77.6078,22.39,86.0,3.77,3.9598
20201016,Bengaluru Rural,13.2844,77.6078,22.73,84.38,2.09,5.7948
20201017,Bengaluru Rural,13.2844,77.6078,22.57,80.33,1.19,5.1857
20201018,Bengaluru Rural,13.2844,77.6078,22.54,86.69,1.3,3.8736
20201019,Bengaluru Rural,13.2844,77.6078,22.65,88.75,1.59,4.2101
20201020,Bengaluru Rural,13.2844,77.6078,22.14,90.23,1.6,2.8783
20201021,Bengaluru Rural,13.2844,77.6078,22.02,90.29,1.56,3.1435
20201022,Bengaluru Rural,13.2844,77.6078,22.01,89.78,1.37,3.9324
20201023,Bengaluru Rural,13.2844,77.6078,22.56,89.03,1.22,4.079
20201024,Bengaluru Rural,13.2844,77.6078,23.11,86.05,1.01,4.8934
20201025,Bengaluru Rural,13.2844,77.6078,23.03,84.18,0.76,5.2553
20201026,Bengaluru Rural,13.2844,77.6078,22.86,82.1,1.43,5.8966
20201027,Bengaluru Rural,13.2844,77.6078,21.49,85.82,1.73,5.9126
20201028,Bengaluru Rural,13.2844,77.6078,21.24,85.45,1.83,5.767
20201029,Bengaluru Rural,13.2844,77.6078,20.64,87.71,1.86,4.1784
20201030,Bengaluru Rural,13.2844,77.6078,21.24,83.1,1.63,4.679
20201031,Bengaluru Rural,13.2844,77.6078,21.86,78.83,1.47,5.4149
20201101,Bengaluru Rural,13.2844,77.6078,22.14,80.72,1.21,5.303
20201102,Bengaluru Rural,13.2844,77.6078,22.25,83.74,1.31,5.2894
20201103,Bengaluru Rural,13.2844,77.6078,22.38,85.39,1.69,4.9102
20201104,Bengaluru Rural,13.2844,77.6078,22.64,86.32,2.01,4.0483
20201105,Bengaluru Rural,13.2844,77.6078,22.2,85.62,1.97,4.3486
20201106,Bengaluru Rural,13.2844,77.6078,22.68,86.39,1.81,4.933
20201107,Bengaluru Rural,13.2844,77.6078,23.1,86.54,2.31,5.4206
20201108,Bengaluru Rural,13.2844,77.6078,22.42,87.21,2.68,4.5672
20201109,Bengaluru Rural,13.2844,77.6078,20.76,85.43,2.02,5.5889
20201110,Bengaluru Rural,13.2844,77.6078,18.43,81.15,1.96,6.2102
20201111,Bengaluru Rural,13.2844,77.6078,19.07,88.87,2.28,5.9261
20201112,Bengaluru Rural,13.2844,77.6078,21.78,90.43,2.39,3.3982
20201113,Bengaluru Rural,13.2844,77.6078,22.11,88.82,2.76,3.3847
20201114,Bengaluru Rural,13.2844,77.6078,21.96,87.46,2.9,4.7801
20201115,Bengaluru Rural,13.2844,77.6078,22.24,90.12,2.94,2.7612
20201116,Bengaluru Rural,13.2844,77.6078,22.18,89.17,2.9,3.3084
20201117,Bengaluru Rural,13.2844,77.6078,21.93,87.44,2.76,3.8815
20201118,Bengaluru Rural,13.2844,77.6078,21.95,86.79,2.23,4.8797
20201119,Bengaluru Rural,13.2844,77.6078,21.86,86.0,2.55,5.4538
20201120,Bengaluru Rural,13.2844,77.6078,20.85,81.67,2.18,5.9294
20201121,Bengaluru Rural,13.2844,77.6078,19.21,77.97,1.71,6.2352
20201122,Bengaluru Rural,13.2844,77.6078,18.32,75.02,1.83,5.8718
20201123,Bengaluru Rural,13.2844,77.6078,19.0,82.67,1.73,4.6901
20201124,Bengaluru Rural,13.2844,77.6078,21.04,87.22,2.27,4.1342
20201125,Bengaluru Rural,13.2844,77.6078,20.93,89.19,3.7,3.4142
20201126,Bengaluru Rural,13.2844,77.6078,19.16,95.27,5.65,0.8376
20201127,Bengaluru Rural,13.2844,77.6078,19.07,91.9,4.22,2.742
20201128,Bengaluru Rural,13.2844,77.6078,20.75,88.12,2.28,3.5479
20201129,Bengaluru Rural,13.2844,77.6078,21.15,87.97,2.55,2.9501
20201130,Bengaluru Rural,13.2844,77.6078,20.68,88.2,2.74,5.1391
20201201,Bengaluru Rural,13.2844,77.6078,19.61,83.29,2.43,5.4382
20201202,Bengaluru Rural,13.2844,77.6078,19.38,84.91,2.68,4.7974
20201203,Bengaluru Rural,13.2844,77.6078,19.93,91.54,3.36,1.9934
20201204,Bengaluru Rural,13.2844,77.6078,20.99,91.13,3.48,2.2438
20201205,Bengaluru Rural,13.2844,77.6078,21.19,88.09,3.15,2.8217
20201206,Bengaluru Rural,13.2844,77.6078,21.9,88.75,3.64,2.88
20201207,Bengaluru Rural,13.2844,77.6078,21.9,89.8,3.2,2.8495
20201208,Bengaluru Rural,13.2844,77.6078,21.62,87.32,2.94,3.5604
20201209,Bengaluru Rural,13.2844,77.6078,21.33,87.68,2.69,3.131
20201210,Bengaluru Rural,13.2844,77.6078,19.57,78.47,1.71,5.6282
20201211,Bengaluru Rural,13.2844,77.6078,18.75,78.69,1.82,5.6674
20201212,Bengaluru Rural,13.2844,77.6078,18.42,78.92,1.79,5.6246
20201213,Bengaluru Rural,13.2844,77.6078,18.82,77.62,1.45,5.4156
20201214,Bengaluru Rural,13.2844,77.6078,19.13,81.18,2.05,5.4612
20201215,Bengaluru Rural,13.2844,77.6078,19.02,81.15,2.52,5.412
20201216,Bengaluru Rural,13.2844,77.6078,20.59,85.25,2.69,3.5518
20201217,Bengaluru Rural,13.2844,77.6078,20.9,86.07,2.99,3.0262
20201218,Bengaluru Rural,13.2844,77.6078,20.05,84.18,2.69,5.418
20201219,Bengaluru Rural,13.2844,77.6078,20.04,85.88,2.79,4.1659
20201220,Bengaluru Rural,13.2844,77.6078,19.04,83.72,2.78,3.5494
20201221,Bengaluru Rural,13.2844,77.6078,17.11,82.18,2.29,5.467
20201222,Bengaluru Rural,13.2844,77.6078,17.98,79.22,1.96,5.5687
20201223,Bengaluru Rural,13.2844,77.6078,19.36,80.16,1.82,4.9711
20201224,Bengaluru Rural,13.2844,77.6078,20.16,81.22,1.88,5.1866
20201225,Bengaluru Rural,13.2844,77.6078,19.94,83.49,2.22,5.4936
20201226,Bengaluru Rural,13.2844,77.6078,18.46,80.75,2.25,5.2039
20201227,Bengaluru Rural,13.2844,77.6078,17.97,81.75,1.96,5.3777
20201228,Bengaluru Rural,13.2844,77.6078,18.2,75.8,1.48,5.2745
20201229,Bengaluru Rural,13.2844,77.6078,19.67,78.42,2.24,5.022
20201230,Bengaluru Rural,13.2844,77.6078,20.96,83.89,2.77,5.021
20201231,Bengaluru Rural,13.2844,77.6078,21.01,84.98,3.35,3.1154
20210101,Bengaluru Rural,13.2844,77.6078,18.59,82.66,2.9,4.8672
20210102,Bengaluru Rural,13.2844,77.6078,19.62,84.61,2.55,3.2986
20210103,Bengaluru Rural,13.2844,77.6078,20.8,81.59,2.74,4.2022
20210104,Bengaluru Rural,13.2844,77.6078,20.87,80.66,3.01,2.4706
20210105,Bengaluru Rural,13.2844,77.6078,21.07,86.97,2.44,3.5177
20210106,Bengaluru Rural,13.2844,77.6078,21.97,85.92,2.31,2.5176
20210107,Bengaluru Rural,13.2844,77.6078,21.49,86.64,2.45,2.399
20210108,Bengaluru Rural,13.2844,77.6078,22.16,84.65,2.23,3.6403
20210109,Bengaluru Rural,13.2844,77.6078,22.13,83.9,2.61,2.3522
20210110,Bengaluru Rural,13.2844,77.6078,21.51,83.49,2.65,4.4854
20210111,Bengaluru Rural,13.2844,77.6078,20.63,82.93,2.43,2.952
20210112,Bengaluru Rural,13.2844,77.6078,20.1,82.34,2.94,3.5357
20210113,Bengaluru Rural,13.2844,77.6078,20.26,78.01,2.84,5.1197
20210114,Bengaluru Rural,13.2844,77.6078,20.1,79.81,2.62,4.7935
20210115,Bengaluru Rural,13.2844,77.6078,21.14,77.08,2.54,5.1682
20210116,Bengaluru Rural,13.2844,77.6078,21.59,73.64,2.46,5.159
20210117,Bengaluru Rural,13.2844,77.6078,21.07,75.09,2.63,5.1089
20210118,Bengaluru Rural,13.2844,77.6078,19.96,74.97,2.79,5.7869
20210119,Bengaluru Rural,13.2844,77.6078,19.91,76.31,2.4,5.7168
20210120,Bengaluru Rural,13.2844,77.6078,20.27,72.4,1.36,5.7259
20210121,Bengaluru Rural,13.2844,77.6078,21.59,68.96,0.95,6.0566
20210122,Bengaluru Rural,13.2844,77.6078,21.97,73.45,1.96,5.0882
20210123,Bengaluru Rural,13.2844,77.6078,21.3,71.91,1.91,5.7271
20210124,Bengaluru Rural,13.2844,77.6078,20.48,70.08,1.92,5.8442
20210125,Bengaluru Rural,13.2844,77.6078,19.41,65.76,2.14,6.2134
20210126,Bengaluru Rural,13.2844,77.6078,19.4,62.56,2.12,6.2208
20210127,Bengaluru Rural,13.2844,77.6078,19.17,65.61,2.43,6.0732
20210128,Bengaluru Rural,13.2844,77.6078,19.83,69.86,2.89,5.8949
20210129,Bengaluru Rural,13.2844,77.6078,20.72,68.12,2.59,5.8469
20210130,Bengaluru Rural,13.2844,77.6078,21.29,67.36,1.98,5.9842
20210131,Bengaluru Rural,13.2844,77.6078,21.17,62.81,2.88,6.0749
20210201,Bengaluru Rural,13.2844,77.6078,20.01,60.8,3.04,6.36
20210202,Bengaluru Rural,13.2844,77.6078,20.46,68.32,3.11,6.1543
20210203,Bengaluru Rural,13.2844,77.6078,21.07,68.6,2.9,5.8442
20210204,Bengaluru Rural,13.2844,77.6078,20.44,64.49,2.45,6.2081
20210205,Bengaluru Rural,13.2844,77.6078,20.0,63.81,2.17,6.3408
20210206,Bengaluru Rural,13.2844,77.6078,20.03,62.46,2.56,6.3264
20210207,Bengaluru Rural,13.2844,77.6078,19.54,54.57,2.98,6.3084
20210208,Bengaluru Rural,13.2844,77.6078,19.22,62.28,2.78,6.4279
20210209,Bengaluru Rural,13.2844,77.6078,19.14,64.3,2.74,6.498
20210210,Bengaluru Rural,13.2844,77.6078,19.38,56.44,2.22,6.451
20210211,Bengaluru Rural,13.2844,77.6078,19.79,58.69,2.51,6.623
20210212,Bengaluru Rural,13.2844,77.6078,19.94,57.8,2.45,6.6811
20210213,Bengaluru Rural,13.2844,77.6078,20.18,56.88,2.51,6.7651
20210214,Bengaluru Rural,13.2844,77.6078,20.18,53.88,2.0,6.8323
20210215,Bengaluru Rural,13.2844,77.6078,21.23,55.37,1.89,6.8311
20210216,Bengaluru Rural,13.2844,77.6078,21.79,56.31,2.23,6.5743
20210217,Bengaluru Rural,13.2844,77.6078,22.4,56.4,3.08,6.2904
20210218,Bengaluru Rural,13.2844,77.6078,21.93,60.31,3.62,5.2308
20210219,Bengaluru Rural,13.2844,77.6078,21.85,60.86,2.91,3.6619
20210220,Bengaluru Rural,13.2844,77.6078,20.84,75.33,3.44,4.2329
20210221,Bengaluru Rural,13.2844,77.6078,20.74,75.87,3.52,3.6374
20210222,Bengaluru Rural,13.2844,77.6078,22.07,65.01,2.17,5.5154
20210223,Bengaluru Rural,13.2844,77.6078,23.01,61.74,2.46,6.6242
20210224,Bengaluru Rural,13.2844,77.6078,23.01,59.03,2.09,6.7985
20210225,Bengaluru Rural,13.2844,77.6078,23.4,55.2,1.98,6.9492
20210226,Bengaluru Rural,13.2844,77.6078,23.57,51.33,1.67,6.7793
20210227,Bengaluru Rural,13.2844,77.6078,23.95,52.18,2.08,6.6034
20210228,Bengaluru Rural,13.2844,77.6078,23.99,47.4,3.15,6.6746
20210301,Bengaluru Rural,13.2844,77.6078,23.35,48.26,2.68,6.9917
20210302,Bengaluru Rural,13.2844,77.6078,23.87,51.57,3.06,6.6242
20210303,Bengaluru Rural,13.2844,77.6078,23.75,46.02,3.3,7.0082
20210304,Bengaluru Rural,13.2844,77.6078,22.78,45.94,3.59,7.1758
20210305,Bengaluru Rural,13.2844,77.6078,23.08,45.88,2.37,7.4803
20210306,Bengaluru Rural,13.2844,77.6078,24.03,46.88,2.35,7.2778
20210307,Bengaluru Rural,13.2844,77.6078,24.4,48.77,2.71,7.2269
20210308,Bengaluru Rural,13.2844,77.6078,24.07,47.31,3.25,7.3788
20210309,Bengaluru Rural,13.2844,77.6078,23.93,46.5,3.59,7.5444
20210310,Bengaluru Rural,13.2844,77.6078,24.75,50.57,2.3,7.4767
20210311,Bengaluru Rural,13.2844,77.6078,26.47,51.96,2.64,6.9499
20210312,Bengaluru Rural,13.2844,77.6078,25.71,42.27,3.12,7.3267
20210313,Bengaluru Rural,13.2844,77.6078,24.8,42.25,2.68,7.4191
20210314,Bengaluru Rural,13.2844,77.6078,25.44,45.5,2.99,7.5041
20210315,Bengaluru Rural,13.2844,77.6078,25.56,41.68,2.25,7.3183
20210316,Bengaluru Rural,13.2844,77.6078,26.08,40.11,2.88,7.3718
20210317,Bengaluru Rural,13.2844,77.6078,26.2,36.2,3.04,6.5186
20210318,Bengaluru Rural,13.2844,77.6078,25.82,44.88,3.31,5.7113
20210319,Bengaluru Rural,13.2844,77.6078,26.35,37.92,3.3,6.9756
20210320,Bengaluru Rural,13.2844,77.6078,26.31,35.98,3.65,7.1952
20210321,Bengaluru Rural,13.2844,77.6078,26.56,36.25,3.09,7.2348
20210322,Bengaluru Rural,13.2844,77.6078,27.33,36.73,3.28,6.8107
20210323,Bengaluru Rural,13.2844,77.6078,28.05,39.45,3.09,7.3397
20210324,Bengaluru Rural,13.2844,77.6078,28.22,40.06,3.25,7.2038
20210325,Bengaluru Rural,13.2844,77.6078,28.12,37.61,2.97,6.5698
20210326,Bengaluru Rural,13.2844,77.6078,28.76,36.02,3.33,6.8477
20210327,Bengaluru Rural,13.2844,77.6078,28.05,43.13,3.36,6.6055
20210328,Bengaluru Rural,13.2844,77.6078,27.92,41.35,2.82,5.4108
20210329,Bengaluru Rural,13.2844,77.6078,28.81,37.8,3.06,6.0535
20210330,Bengaluru Rural,13.2844,77.6078,29.12,36.12,3.12,6.3346
20210331,Bengaluru Rural,13.2844,77.6078,30.25,29.19,2.34,6.7661
20210401,Bengaluru Rural,13.2844,77.6078,28.65,32.91,3.14,7.4645
20210402,Bengaluru Rural,13.2844,77.6078,28.84,34.7,2.92,7.6822
20210403,Bengaluru Rural,13.2844,77.6078,30.14,29.75,1.85,7.2178
20210404,Bengaluru Rural,13.2844,77.6078,28.88,34.47,2.23,7.1566
20210405,Bengaluru Rural,13.2844,77.6078,29.26,38.94,2.69,6.6298
20210406,Bengaluru Rural,13.2844,77.6078,28.99,42.47,3.48,6.6955
20210407,Bengaluru Rural,13.2844,77.6078,29.23,36.54,3.14,7.1225
20210408,Bengaluru Rural,13.2844,77.6078,29.17,29.33,3.49,6.115
20210409,Bengaluru Rural,13.2844,77.6078,29.16,33.2,3.48,6.937
20210410,Bengaluru Rural,13.2844,77.6078,28.75,40.17,4.06,6.8966
20210411,Bengaluru Rural,13.2844,77.6078,29.0,44.42,3.29,6.995
20210412,Bengaluru Rural,13.2844,77.6078,29.38,45.12,3.35,6.5338
20210413,Bengaluru Rural,13.2844,77.6078,28.81,48.04,3.1,6.1574
20210414,Bengaluru Rural,13.2844,77.6078,27.98,50.99,1.89,5.1706
20210415,Bengaluru Rural,13.2844,77.6078,25.6,69.72,1.71,6.726
20210416,Bengaluru Rural,13.2844,77.6078,26.24,63.6,2.27,6.821
20210417,Bengaluru Rural,13.2844,77.6078,27.08,60.15,2.29,6.432
20210418,Bengaluru Rural,13.2844,77.6078,27.47,55.81,2.49,6.2974
20210419,Bengaluru Rural,13.2844,77.6078,27.43,59.36,1.8,6.5126
20210420,Bengaluru Rural,13.2844,77.6078,26.68,63.96,1.43,5.5174
20210421,Bengaluru Rural,13.2844,77.6078,27.1,62.38,1.33,5.6342
20210422,Bengaluru Rural,13.2844,77.6078,27.66,58.67,1.02,5.9045
20210423,Bengaluru Rural,13.2844,77.6078,26.16,67.6,1.55,5.0863
20210424,Bengaluru Rural,13.2844,77.6078,26.79,66.11,1.42,6.0977
20210425,Bengaluru Rural,13.2844,77.6078,27.71,55.95,2.78,6.4366
20210426,Bengaluru Rural,13.2844,77.6078,25.88,63.22,2.14,6.9816
20210427,Bengaluru Rural,13.2844,77.6078,27.35,57.66,2.11,6.774
20210428,Bengaluru Rural,13.2844,77.6078,27.58,58.21,2.22,6.0998
20210429,Bengaluru Rural,13.2844,77.6078,28.34,54.3,1.95,6.4351
20210430,Bengaluru Rural,13.2844,77.6078,27.63,57.93,2.1,6.234
20210501,Bengaluru Rural,13.2844,77.6078,27.69,59.31,2.89,6.7224
20210502,Bengaluru Rural,13.2844,77.6078,27.63,58.17,2.36,6.107
20210503,Bengaluru Rural,13.2844,77.6078,28.26,56.08,2.6,6.3497
20210504,Bengaluru Rural,13.2844,77.6078,28.08,57.37,2.5,5.7223
20210505,Bengaluru Rural,13.2844,77.6078,29.27,52.77,2.59,6.8203
20210506,Bengaluru Rural,13.2844,77.6078,29.19,52.26,3.11,5.6662
20210507,Bengaluru Rural,13.2844,77.6078,28.97,53.84,3.33,6.1922
20210508,Bengaluru Rural,13.2844,77.6078,29.1,52.96,3.15,6.6014
20210509,Bengaluru Rural,13.2844,77.6078,30.12,49.06,2.32,6.8098
20210510,Bengaluru Rural,13.2844,77.6078,29.53,53.2,2.24,5.3621
20210511,Bengaluru Rural,13.2844,77.6078,27.87,62.46,2.08,5.4276
20210512,Bengaluru Rural,13.2844,77.6078,28.07,65.45,1.17,4.9745
20210513,Bengaluru Rural,13.2844,77.6078,26.64,72.26,1.11,6.0259
20210514,Bengaluru Rural,13.2844,77.6078,27.8,61.73,3.78,6.588
20210515,Bengaluru Rural,13.2844,77.6078,25.64,71.44,5.03,4.6001
20210516,Bengaluru Rural,13.2844,77.6078,26.06,71.75,4.95,4.4782
20210517,Bengaluru Rural,13.2844,77.6078,27.37,66.04,2.95,6.6953
20210518,Bengaluru Rural,13.2844,77.6078,27.34,65.32,2.97,6.9686
20210519,Bengaluru Rural,13.2844,77.6078,26.41,74.5,3.11,6.84
20210520,Bengaluru Rural,13.2844,77.6078,25.24,75.29,2.23,5.4756
20210521,Bengaluru Rural,13.2844,77.6078,24.77,75.44,2.73,5.3496
20210522,Bengaluru Rural,13.2844,77.6078,25.01,75.38,3.3,5.6105
20210523,Bengaluru Rural,13.2844,77.6078,25.74,71.72,3.23,6.4001
20210524,Bengaluru Rural,13.2844,77.6078,24.45,72.79,3.29,6.085
20210525,Bengaluru Rural,13.2844,77.6078,23.66,81.85,3.84,5.5382
20210526,Bengaluru Rural,13.2844,77.6078,25.1,72.03,4.78,6.6226
20210527,Bengaluru Rural,13.2844,77.6078,24.59,71.51,4.11,7.1388
20210528,Bengaluru Rural,13.2844,77.6078,25.93,66.5,3.97,7.3637
20210529,Bengaluru Rural,13.2844,77.6078,26.33,65.66,3.23,7.3908
20210530,Bengaluru Rural,13.2844,77.6078,26.49,67.87,3.18,6.6518
20210531,Bengaluru Rural,13.2844,77.6078,26.72,69.45,3.01,6.9792
20210601,Bengaluru Rural,13.2844,77.6078,26.15,73.12,2.69,6.7591
20210602,Bengaluru Rural,13.2844,77.6078,25.51,74.68,2.21,6.0958
20210603,Bengaluru Rural,13.2844,77.6078,24.89,77.89,1.1,4.8182
20210604,Bengaluru Rural,13.2844,77.6078,24.07,85.5,2.14,5.1118
20210605,Bengaluru Rural,13.2844,77.6078,23.26,81.26,1.97,5.8762
20210606,Bengaluru Rural,13.2844,77.6078,24.64,72.82,1.97,5.7926
20210607,Bengaluru Rural,13.2844,77.6078,23.77,76.32,2.86,7.205
20210608,Bengaluru Rural,13.2844,77.6078,25.16,70.82,3.4,7.3092
20210609,Bengaluru Rural,13.2844,77.6078,24.74,75.07,4.2,6.0266
20210610,Bengaluru Rural,13.2844,77.6078,24.33,74.18,4.33,5.238
20210611,Bengaluru Rural,13.2844,77.6078,24.33,71.96,4.64,5.616
20210612,Bengaluru Rural,13.2844,77.6078,22.92,70.7,5.94,5.1276
20210613,Bengaluru Rural,13.2844,77.6078,23.15,73.09,5.74,4.6558
20210614,Bengaluru Rural,13.2844,77.6078,23.11,76.11,5.89,4.4119
20210615,Bengaluru Rural,13.2844,77.6078,23.28,76.98,4.86,4.5274
20210616,Bengaluru Rural,13.2844,77.6078,24.22,73.34,5.4,5.1127
20210617,Bengaluru Rural,13.2844,77.6078,24.63,74.79,5.23,4.8655
20210618,Bengaluru Rural,13.2844,77.6078,23.64,76.22,5.15,4.4518
20210619,Bengaluru Rural,13.2844,77.6078,23.82,78.11,4.71,4.837
20210620,Bengaluru Rural,13.2844,77.6078,23.87,74.35,4.23,5.7199
20210621,Bengaluru Rural,13.2844,77.6078,24.58,73.36,3.85,5.983
20210622,Bengaluru Rural,13.2844,77.6078,24.26,75.32,3.33,4.7923
20210623,Bengaluru Rural,13.2844,77.6078,25.01,72.68,3.34,5.8466
20210624,Bengaluru Rural,13.2844,77.6078,24.3,73.67,3.95,5.5961
20210625,Bengaluru Rural,13.2844,77.6078,24.37,71.22,4.1,6.335
20210626,Bengaluru Rural,13.2844,77.6078,23.91,73.64,4.39,3.7805
20210627,Bengaluru Rural,13.2844,77.6078,22.09,73.42,4.19,3.4963
20210628,Bengaluru Rural,13.2844,77.6078,24.92,66.85,1.45,4.9685
20210629,Bengaluru Rural,13.2844,77.6078,26.43,68.67,1.58,6.5518
20210630,Bengaluru Rural,13.2844,77.6078,26.2,74.98,1.93,6.1814
20210701,Bengaluru Rural,13.2844,77.6078,24.62,83.0,2.3,4.9351
20210702,Bengaluru Rural,13.2844,77.6078,23.82,83.78,2.66,5.411
20210703,Bengaluru Rural,13.2844,77.6078,24.21,78.04,2.37,5.6424
20210704,Bengaluru Rural,13.2844,77.6078,22.88,86.49,2.23,5.4557
20210705,Bengaluru Rural,13.2844,77.6078,24.3,78.76,1.75,5.2308
20210706,Bengaluru Rural,13.2844,77.6078,23.42,86.28,1.86,4.8744
20210707,Bengaluru Rural,13.2844,77.6078,23.24,86.24,1.89,5.8104
20210708,Bengaluru Rural,13.2844,77.6078,23.44,85.24,3.03,5.5634
20210709,Bengaluru Rural,13.2844,77.6078,23.69,83.85,3.24,4.6258
20210710,Bengaluru Rural,13.2844,77.6078,22.01,79.96,4.35,5.0844
20210711,Bengaluru Rural,13.2844,77.6078,22.03,81.17,4.74,4.3483
20210712,Bengaluru Rural,13.2844,77.6078,22.0,80.87,4.73,4.5586
20210713,Bengaluru Rural,13.2844,77.6078,23.48,81.31,4.73,3.4037
20210714,Bengaluru Rural,13.2844,77.6078,23.39,81.87,5.06,3.7759
20210715,Bengaluru Rural,13.2844,77.6078,23.01,81.17,4.87,4.2149
20210716,Bengaluru Rural,13.2844,77.6078,23.77,80.67,4.02,4.535
20210717,Bengaluru Rural,13.2844,77.6078,23.36,86.22,3.7,5.0261
20210718,Bengaluru Rural,13.2844,77.6078,22.67,88.02,5.17,3.5964
20210719,Bengaluru Rural,13.2844,77.6078,23.74,80.04,5.17,4.985
20210720,Bengaluru Rural,13.2844,77.6078,23.52,80.21,5.58,5.2435
20210721,Bengaluru Rural,13.2844,77.6078,23.33,80.63,5.43,3.2138
20210722,Bengaluru Rural,13.2844,77.6078,22.64,82.53,6.59,2.5394
20210723,Bengaluru Rural,13.2844,77.6078,23.81,78.46,5.58,3.3996
20210724,Bengaluru Rural,13.2844,77.6078,24.1,80.06,4.54,5.0818
20210725,Bengaluru Rural,13.2844,77.6078,23.78,82.44,4.63,5.4151
20210726,Bengaluru Rural,13.2844,77.6078,23.83,80.17,4.46,5.3717
20210727,Bengaluru Rural,13.2844,77.6078,23.81,78.44,4.6,5.4329
20210728,Bengaluru Rural,13.2844,77.6078,24.14,76.75,4.72,6.0257
20210729,Bengaluru Rural,13.2844,77.6078,23.76,78.13,4.75,5.1444
20210730,Bengaluru Rural,13.2844,77.6078,23.18,81.64,4.35,4.8048
20210731,Bengaluru Rural,13.2844,77.6078,23.54,79.92,4.5,4.5605
20210801,Bengaluru Rural,13.2844,77.6078,23.47,78.86,4.63,4.5744
20210802,Bengaluru Rural,13.2844,77.6078,23.64,75.65,4.65,5.327
20210803,Bengaluru Rural,13.2844,77.6078,23.48,78.58,4.29,4.464
20210804,Bengaluru Rural,13.2844,77.6078,23.65,78.7,4.87,4.2389
20210805,Bengaluru Rural,13.2844,77.6078,23.99,78.05,4.85,4.1042
20210806,Bengaluru Rural,13.2844,77.6078,24.3,78.7,4.43,4.4695
20210807,Bengaluru Rural,13.2844,77.6078,24.37,80.17,3.66,5.7355
20210808,Bengaluru Rural,13.2844,77.6078,24.57,79.47,2.15,5.4869
20210809,Bengaluru Rural,13.2844,77.6078,24.64,80.37,2.16,5.7653
20210810,Bengaluru Rural,13.2844,77.6078,23.09,86.29,3.12,3.8921
20210811,Bengaluru Rural,13.2844,77.6078,23.75,81.72,2.98,5.2966
20210812,Bengaluru Rural,13.2844,77.6078,23.18,84.07,3.48,3.606
20210813,Bengaluru Rural,13.2844,77.6078,23.37,81.51,3.82,3.9331
20210814,Bengaluru Rural,13.2844,77.6078,22.76,82.98,3.67,4.6258
20210815,Bengaluru Rural,13.2844,77.6078,22.29,82.34,3.9,4.0639
20210816,Bengaluru Rural,13.2844,77.6078,22.75,79.65,3.36,4.194
20210817,Bengaluru Rural,13.2844,77.6078,23.73,76.82,3.15,4.0118
20210818,Bengaluru Rural,13.2844,77.6078,23.39,75.03,3.31,5.2711
20210819,Bengaluru Rural,13.2844,77.6078,22.62,77.22,3.85,4.9373
20210820,Bengaluru Rural,13.2844,77.6078,23.0,77.74,2.82,5.2022
20210821,Bengaluru Rural,13.2844,77.6078,22.93,79.07,1.79,3.719
20210822,Bengaluru Rural,13.2844,77.6078,23.4,76.94,1.17,5.0582
20210823,Bengaluru Rural,13.2844,77.6078,23.54,82.8,1.03,5.927
20210824,Bengaluru Rural,13.2844,77.6078,23.66,81.03,1.85,6.5993
20210825,Bengaluru Rural,13.2844,77.6078,23.55,81.68,2.41,4.7357
20210826,Bengaluru Rural,13.2844,77.6078,24.23,80.37,1.38,5.863
20210827,Bengaluru Rural,13.2844,77.6078,23.44,85.64,2.39,4.8398
20210828,Bengaluru Rural,13.2844,77.6078,22.95,82.49,3.45,3.8774
20210829,Bengaluru Rural,13.2844,77.6078,22.6,76.58,4.05,4.145
20210830,Bengaluru Rural,13.2844,77.6078,22.03,79.53,3.79,4.469
20210831,Bengaluru Rural,13.2844,77.6078,23.14,77.06,2.84,5.7943
20210901,Bengaluru Rural,13.2844,77.6078,23.28,78.33,1.94,5.8512
20210902,Bengaluru Rural,13.2844,77.6078,22.44,86.03,2.07,4.0133
20210903,Bengaluru Rural,13.2844,77.6078,22.48,81.51,3.0,3.1721
20210904,Bengaluru Rural,13.2844,77.6078,22.38,85.54,3.35,4.3822
20210905,Bengaluru Rural,13.2844,77.6078,22.59,82.41,3.81,4.7525
20210906,Bengaluru Rural,13.2844,77.6078,22.06,79.51,4.56,4.8286
20210907,Bengaluru Rural,13.2844,77.6078,22.53,80.54,4.24,4.6164
20210908,Bengaluru Rural,13.2844,77.6078,23.43,80.11,4.1,4.7642
20210909,Bengaluru Rural,13.2844,77.6078,23.43,79.86,3.5,5.1756
20210910,Bengaluru Rural,13.2844,77.6078,23.41,81.02,3.5,5.4514
20210911,Bengaluru Rural,13.2844,77.6078,23.49,81.45,3.56,5.0899
20210912,Bengaluru Rural,13.2844,77.6078,23.25,81.93,4.26,5.1199
20210913,Bengaluru Rural,13.2844,77.6078,23.62,81.82,4.6,4.7508
20210914,Bengaluru Rural,13.2844,77.6078,23.92,80.99,3.44,4.7662
20210915,Bengaluru Rural,13.2844,77.6078,23.7,81.82,2.71,4.8223
20210916,Bengaluru Rural,13.2844,77.6078,23.58,81.94,2.66,5.861
20210917,Bengaluru Rural,13.2844,77.6078,24.05,78.27,2.34,6.4286
20210918,Bengaluru Rural,13.2844,77.6078,24.21,75.9,1.97,6.1771
20210919,Bengaluru Rural,13.2844,77.6078,24.28,78.81,1.49,5.8351
20210920,Bengaluru Rural,13.2844,77.6078,23.93,82.83,1.66,5.5022
20210921,Bengaluru Rural,13.2844,77.6078,23.24,82.53,2.8,5.1086
20210922,Bengaluru Rural,13.2844,77.6078,23.32,82.06,2.7,4.789
20210923,Bengaluru Rural,13.2844,77.6078,22.94,84.72,2.18,5.1377
20210924,Bengaluru Rural,13.2844,77.6078,23.71,81.88,1.92,4.1885
20210925,Bengaluru Rural,13.2844,77.6078,23.31,85.18,2.15,4.9668
20210926,Bengaluru Rural,13.2844,77.6078,22.11,85.62,2.69,5.2716
20210927,Bengaluru Rural,13.2844,77.6078,22.86,82.04,3.79,4.3903
20210928,Bengaluru Rural,13.2844,77.6078,21.68,83.39,3.49,4.4318
20210929,Bengaluru Rural,13.2844,77.6078,22.58,81.4,2.73,5.5222
20210930,Bengaluru Rural,13.2844,77.6078,23.75,75.34,1.34,4.2703
20211001,Bengaluru Rural,13.2844,77.6078,23.9,83.4,1.63,4.8564
20211002,Bengaluru Rural,13.2844,77.6078,23.52,84.66,2.06,4.6956
20211003,Bengaluru Rural,13.2844,77.6078,23.65,82.09,2.03,5.4744
20211004,Bengaluru Rural,13.2844,77.6078,23.34,83.9,1.69,6.103
20211005,Bengaluru Rural,13.2844,77.6078,23.25,86.19,1.56,4.433
20211006,Bengaluru Rural,13.2844,77.6078,23.11,86.44,1.92,4.0106
20211007,Bengaluru Rural,13.2844,77.6078,24.37,81.31,1.64,4.9927
20211008,Bengaluru Rural,13.2844,77.6078,23.16,90.18,1.69,3.738
20211009,Bengaluru Rural,13.2844,77.6078,23.18,87.36,2.31,2.7799
20211010,Bengaluru Rural,13.2844,77.6078,22.92,87.31,2.23,4.9867
20211011,Bengaluru Rural,13.2844,77.6078,23.29,85.35,1.56,4.6949
20211012,Bengaluru Rural,13.2844,77.6078,22.69,86.56,1.45,4.3579
20211013,Bengaluru Rural,13.2844,77.6078,22.99,86.04,1.89,4.1724
20211014,Bengaluru Rural,13.2844,77.6078,23.77,81.44,1.4,4.0958
20211015,Bengaluru Rural,13.2844,77.6078,23.68,84.16,1.02,3.5806
20211016,Bengaluru Rural,13.2844,77.6078,23.93,83.6,1.39,5.2255
20211017,Bengaluru Rural,13.2844,77.6078,22.6,87.93,1.14,3.7788
20211018,Bengaluru Rural,13.2844,77.6078,23.29,86.28,2.34,4.6546
20211019,Bengaluru Rural,13.2844,77.6078,23.41,82.48,1.5,5.2102
20211020,Bengaluru Rural,13.2844,77.6078,23.21,86.06,1.52,4.0752
20211021,Bengaluru Rural,13.2844,77.6078,23.07,89.28,1.06,4.967
20211022,Bengaluru Rural,13.2844,77.6078,23.65,84.38,1.22,4.523
20211023,Bengaluru Rural,13.2844,77.6078,22.85,86.95,1.54,4.1107
20211024,Bengaluru Rural,13.2844,77.6078,22.43,85.67,1.26,4.8139
20211025,Bengaluru Rural,13.2844,77.6078,22.33,84.42,1.83,4.4494
20211026,Bengaluru Rural,13.2844,77.6078,22.37,84.45,1.45,4.5475
20211027,Bengaluru Rural,13.2844,77.6078,21.78,84.11,1.85,4.3663
20211028,Bengaluru Rural,13.2844,77.6078,21.66,81.23,1.89,5.017
20211029,Bengaluru Rural,13.2844,77.6078,21.64,88.21,2.06,3.1819
20211030,Bengaluru Rural,13.2844,77.6078,22.28,87.97,2.4,4.0846
20211031,Bengaluru Rural,13.2844,77.6078,22.37,87.99,2.17,5.0263
20211101,Bengaluru Rural,13.2844,77.6078,22.37,87.11,2.43,3.4855
20211102,Bengaluru Rural,13.2844,77.6078,21.89,86.48,3.04,3.6686
20211103,Bengaluru Rural,13.2844,77.6078,21.91,86.8,2.27,3.8556
20211104,Bengaluru Rural,13.2844,77.6078,21.96,88.6,1.73,4.494
20211105,Bengaluru Rural,13.2844,77.6078,22.33,85.74,1.25,3.3451
20211106,Bengaluru Rural,13.2844,77.6078,21.22,92.15,1.79,4.6783
20211107,Bengaluru Rural,13.2844,77.6078,21.17,92.51,2.2,2.9938
20211108,Bengaluru Rural,13.2844,77.6078,20.64,91.08,2.61,2.5296
20211109,Bengaluru Rural,13.2844,77.6078,20.66,87.85,1.86,3.7236
20211110,Bengaluru Rural,13.2844,77.6078,19.66,85.96,1.82,2.8694
20211111,Bengaluru Rural,13.2844,77.6078,18.74,90.38,3.64,1.1851
20211112,Bengaluru Rural,13.2844,77.6078,20.29,91.93,3.36,1.8444
20211113,Bengaluru Rural,13.2844,77.6078,22.53,86.9,0.82,3.0163
20211114,Bengaluru Rural,13.2844,77.6078,22.72,89.2,1.1,2.8918
20211115,Bengaluru Rural,13.2844,77.6078,23.06,87.72,1.74,3.6557
20211116,Bengaluru Rural,13.2844,77.6078,23.13,87.21,2.28,4.296
20211117,Bengaluru Rural,13.2844,77.6078,22.33,88.76,2.0,3.6298
20211118,Bengaluru Rural,13.2844,77.6078,20.06,93.19,3.24,1.2252
20211119,Bengaluru Rural,13.2844,77.6078,21.79,95.09,3.76,1.6913
20211120,Bengaluru Rural,13.2844,77.6078,22.68,90.37,2.78,2.9249
20211121,Bengaluru Rural,13.2844,77.6078,22.26,82.53,2.06,3.775
20211122,Bengaluru Rural,13.2844,77.6078,21.95,87.3,1.56,4.0183
20211123,Bengaluru Rural,13.2844,77.6078,22.47,88.04,1.73,5.303
20211124,Bengaluru Rural,13.2844,77.6078,22.26,85.45,1.92,4.399
20211125,Bengaluru Rural,13.2844,77.6078,21.78,86.93,2.68,4.5634
20211126,Bengaluru Rural,13.2844,77.6078,21.37,87.13,2.67,4.6519
20211127,Bengaluru Rural,13.2844,77.6078,21.02,88.89,3.16,2.8404
20211128,Bengaluru Rural,13.2844,77.6078,19.61,91.8,2.85,1.631
20211129,Bengaluru Rural,13.2844,77.6078,20.76,88.8,3.01,2.49
20211130,Bengaluru Rural,13.2844,77.6078,21.58,86.55,2.99,4.044
20211201,Bengaluru Rural,13.2844,77.6078,21.89,86.61,3.01,3.0257
20211202,Bengaluru Rural,13.2844,77.6078,21.8,85.53,2.08,3.5784
20211203,Bengaluru Rural,13.2844,77.6078,21.36,83.86,1.49,3.9624
20211204,Bengaluru Rural,13.2844,77.6078,22.04,79.95,0.67,4.3891
20211205,Bengaluru Rural,13.2844,77.6078,22.09,81.55,1.15,2.8402
20211206,Bengaluru Rural,13.2844,77.6078,21.47,86.37,1.28,4.2151
20211207,Bengaluru Rural,13.2844,77.6078,21.26,83.8,1.97,5.045
20211208,Bengaluru Rural,13.2844,77.6078,20.48,82.36,1.93,5.417
20211209,Bengaluru Rural,13.2844,77.6078,21.78,85.59,1.98,3.1361
20211210,Bengaluru Rural,13.2844,77.6078,20.76,84.89,2.56,5.4886
20211211,Bengaluru Rural,13.2844,77.6078,21.01,87.29,2.85,3.6629
20211212,Bengaluru Rural,13.2844,77.6078,20.77,86.8,2.92,4.3385
20211213,Bengaluru Rural,13.2844,77.6078,21.12,87.18,2.8,3.2762
20211214,Bengaluru Rural,13.2844,77.6078,20.23,88.14,2.86,3.0192
20211215,Bengaluru Rural,13.2844,77.6078,19.98,86.82,2.72,2.7694
20211216,Bengaluru Rural,13.2844,77.6078,19.98,85.01,2.46,4.7602
20211217,Bengaluru Rural,13.2844,77.6078,19.42,82.17,2.1,4.752
20211218,Bengaluru Rural,13.2844,77.6078,17.93,81.1,2.3,4.9867
20211219,Bengaluru Rural,13.2844,77.6078,16.84,79.72,2.28,5.3201
20211220,Bengaluru Rural,13.2844,77.6078,17.04,80.33,2.15,5.3563
20211221,Bengaluru Rural,13.2844,77.6078,17.66,73.37,1.19,5.1842
20211222,Bengaluru Rural,13.2844,77.6078,17.92,74.07,1.56,5.2366
20211223,Bengaluru Rural,13.2844,77.6078,18.12,75.48,1.61,5.28
20211224,Bengaluru Rural,13.2844,77.6078,18.15,68.86,1.64,5.2975
20211225,Bengaluru Rural,13.2844,77.6078,18.6,74.34,1.8,5.2754
20211226,Bengaluru Rural,13.2844,77.6078,19.05,78.39,2.19,5.2723
20211227,Bengaluru Rural,13.2844,77.6078,18.96,77.69,2.21,5.3513
20211228,Bengaluru Rural,13.2844,77.6078,18.89,80.79,2.36,5.5529
20211229,Bengaluru Rural,13.2844,77.6078,19.33,80.49,2.41,5.0695
20211230,Bengaluru Rural,13.2844,77.6078,19.73,81.2,2.76,4.9836
20211231,Bengaluru Rural,13.2844,77.6078,20.72,85.42,3.64,2.1026
20220101,Bengaluru Rural,13.2844,77.6078,20.77,84.77,3.35,2.9575
20220102,Bengaluru Rural,13.2844,77.6078,20.4,81.9,2.87,5.0904
20220103,Bengaluru Rural,13.2844,77.6078,19.87,78.18,2.14,5.2618
20220104,Bengaluru Rural,13.2844,77.6078,19.36,79.91,2.25,5.2574
20220105,Bengaluru Rural,13.2844,77.6078,19.38,77.55,1.27,5.3042
20220106,Bengaluru Rural,13.2844,77.6078,19.96,77.98,1.85,5.4367
20220107,Bengaluru Rural,13.2844,77.6078,20.56,79.68,2.35,4.7328
20220108,Bengaluru Rural,13.2844,77.6078,21.07,78.36,1.79,4.3992
20220109,Bengaluru Rural,13.2844,77.6078,21.34,78.52,1.9,4.8326
20220110,Bengaluru Rural,13.2844,77.6078,20.99,74.91,2.5,4.8038
20220111,Bengaluru Rural,13.2844,77.6078,21.2,74.38,2.39,5.0148
20220112,Bengaluru Rural,13.2844,77.6078,21.55,77.7,2.27,4.9591
20220113,Bengaluru Rural,13.2844,77.6078,21.69,76.19,2.15,5.3748
20220114,Bengaluru Rural,13.2844,77.6078,21.56,74.43,1.68,5.7134
20220115,Bengaluru Rural,13.2844,77.6078,21.99,70.99,0.93,5.3873
20220116,Bengaluru Rural,13.2844,77.6078,21.94,76.85,2.58,4.6543
20220117,Bengaluru Rural,13.2844,77.6078,21.34,77.25,2.79,5.1888
20220118,Bengaluru Rural,13.2844,77.6078,20.65,74.07,2.27,4.914
20220119,Bengaluru Rural,13.2844,77.6078,20.25,70.1,2.03,5.5704
20220120,Bengaluru Rural,13.2844,77.6078,20.51,60.55,1.65,6.0271
20220121,Bengaluru Rural,13.2844,77.6078,21.5,60.24,1.74,6.0914
20220122,Bengaluru Rural,13.2844,77.6078,20.96,63.44,1.7,6.1766
20220123,Bengaluru Rural,13.2844,77.6078,20.27,67.87,1.84,6.2652
20220124,Bengaluru Rural,13.2844,77.6078,20.05,64.59,1.72,6.091
20220125,Bengaluru Rural,13.2844,77.6078,20.88,67.94,0.86,5.7802
20220126,Bengaluru Rural,13.2844,77.6078,21.43,81.0,1.77,4.41
20220127,Bengaluru Rural,13.2844,77.6078,21.61,75.9,2.95,4.0008
20220128,Bengaluru Rural,13.2844,77.6078,20.63,73.94,3.49,4.4813
20220129,Bengaluru Rural,13.2844,77.6078,21.13,73.26,2.81,5.19
20220130,Bengaluru Rural,13.2844,77.6078,22.29,71.28,1.08,5.5034
20220131,Bengaluru Rural,13.2844,77.6078,23.25,69.08,1.65,5.7857
20220201,Bengaluru Rural,13.2844,77.6078,22.84,68.04,1.97,5.9057
20220202,Bengaluru Rural,13.2844,77.6078,22.52,64.43,1.5,6.0511
20220203,Bengaluru Rural,13.2844,77.6078,22.23,66.78,2.29,5.5044
20220204,Bengaluru Rural,13.2844,77.6078,22.44,61.41,1.91,6.4973
20220205,Bengaluru Rural,13.2844,77.6078,22.58,62.71,1.54,6.3586
20220206,Bengaluru Rural,13.2844,77.6078,23.18,70.29,2.59,4.741
20220207,Bengaluru Rural,13.2844,77.6078,22.75,67.31,1.93,5.394
20220208,Bengaluru Rural,13.2844,77.6078,22.51,65.99,1.84,5.6383
20220209,Bengaluru Rural,13.2844,77.6078,22.0,66.33,2.73,5.9186
20220210,Bengaluru Rural,13.2844,77.6078,21.51,58.3,2.64,6.2146
20220211,Bengaluru Rural,13.2844,77.6078,21.64,56.72,3.49,6.5902
20220212,Bengaluru Rural,13.2844,77.6078,21.87,63.56,2.92,6.4104
20220213,Bengaluru Rural,13.2844,77.6078,21.33,61.92,2.71,5.9472
20220214,Bengaluru Rural,13.2844,77.6078,21.51,62.45,2.16,5.833
20220215,Bengaluru Rural,13.2844,77.6078,21.87,66.29,2.28,4.9236
20220216,Bengaluru Rural,13.2844,77.6078,22.85,61.86,1.79,5.1245
20220217,Bengaluru Rural,13.2844,77.6078,22.91,61.56,1.88,5.6702
20220218,Bengaluru Rural,13.2844,77.6078,22.95,59.15,3.07,6.1879
20220219,Bengaluru Rural,13.2844,77.6078,23.16,54.56,2.97,6.5371
20220220,Bengaluru Rural,13.2844,77.6078,24.04,53.37,1.59,6.5573
20220221,Bengaluru Rural,13.2844,77.6078,24.93,55.24,1.82,6.5738
20220222,Bengaluru Rural,13.2844,77.6078,25.41,53.87,2.56,5.9892
20220223,Bengaluru Rural,13.2844,77.6078,24.06,55.55,3.59,6.6528
20220224,Bengaluru Rural,13.2844,77.6078,23.13,51.02,2.74,7.0152
20220225,Bengaluru Rural,13.2844,77.6078,22.85,44.8,3.1,7.205
20220226,Bengaluru Rural,13.2844,77.6078,22.21,45.0,2.75,7.4114
20220227,Bengaluru Rural,13.2844,77.6078,23.56,54.63,2.55,7.2866
20220228,Bengaluru Rural,13.2844,77.6078,23.3,49.75,2.35,7.1486
20220301,Bengaluru Rural,13.2844,77.6078,23.98,46.84,3.08,7.1592
20220302,Bengaluru Rural,13.2844,77.6078,23.57,34.26,3.5,6.786
20220303,Bengaluru Rural,13.2844,77.6078,23.23,37.83,3.57,7.0699
20220304,Bengaluru Rural,13.2844,77.6078,23.57,36.1,3.49,7.2118
20220305,Bengaluru Rural,13.2844,77.6078,24.2,39.82,3.52,6.9955
20220306,Bengaluru Rural,13.2844,77.6078,24.19,50.06,3.9,6.6578
20220307,Bengaluru Rural,13.2844,77.6078,23.5,50.74,3.91,4.6368
20220308,Bengaluru Rural,13.2844,77.6078,25.48,46.62,3.09,6.8477
20220309,Bengaluru Rural,13.2844,77.6078,26.36,42.26,2.9,6.9929
20220310,Bengaluru Rural,13.2844,77.6078,26.24,38.96,3.71,6.6432
20220311,Bengaluru Rural,13.2844,77.6078,26.0,31.08,3.84,6.881
20220312,Bengaluru Rural,13.2844,77.6078,26.33,29.16,3.67,6.5842
20220313,Bengaluru Rural,13.2844,77.6078,25.49,33.28,3.4,6.5518
20220314,Bengaluru Rural,13.2844,77.6078,26.6,35.86,2.74,6.2954
20220315,Bengaluru Rural,13.2844,77.6078,26.55,32.32,2.36,6.6468
20220316,Bengaluru Rural,13.2844,77.6078,26.53,34.68,2.7,6.786
20220317,Bengaluru Rural,13.2844,77.6078,27.39,27.75,2.86,5.9669
20220318,Bengaluru Rural,13.2844,77.6078,28.25,30.75,2.2,6.6754
20220319,Bengaluru Rural,13.2844,77.6078,28.91,34.44,2.24,6.0374
20220320,Bengaluru Rural,13.2844,77.6078,26.48,53.87,1.96,4.8113
20220321,Bengaluru Rural,13.2844,77.6078,27.51,52.89,1.84,5.771
20220322,Bengaluru Rural,13.2844,77.6078,26.99,58.18,1.82,4.685
20220323,Bengaluru Rural,13.2844,77.6078,28.34,50.16,2.08,5.07
20220324,Bengaluru Rural,13.2844,77.6078,28.08,51.5,1.66,4.6666
20220325,Bengaluru Rural,13.2844,77.6078,28.37,46.91,2.52,5.2906
20220326,Bengaluru Rural,13.2844,77.6078,28.62,46.7,3.11,5.9076
20220327,Bengaluru Rural,13.2844,77.6078,29.26,44.77,3.75,6.228
20220328,Bengaluru Rural,13.2844,77.6078,29.52,43.62,3.1,6.4627
20220329,Bengaluru Rural,13.2844,77.6078,30.24,39.12,3.09,6.3084
20220330,Bengaluru Rural,13.2844,77.6078,30.31,38.23,2.7,5.9851
20220331,Bengaluru Rural,13.2844,77.6078,30.7,35.22,2.6,6.4486
20220401,Bengaluru Rural,13.2844,77.6078,30.11,37.48,3.08,6.0065
20220402,Bengaluru Rural,13.2844,77.6078,29.14,41.94,3.45,5.839
20220403,Bengaluru Rural,13.2844,77.6078,29.03,41.8,3.76,6.8018
20220404,Bengaluru Rural,13.2844,77.6078,29.22,42.17,3.7,6.7301
20220405,Bengaluru Rural,13.2844,77.6078,28.85,39.67,4.26,6.6775
20220406,Bengaluru Rural,13.2844,77.6078,28.46,35.55,3.78,6.9864
20220407,Bengaluru Rural,13.2844,77.6078,27.78,45.3,3.8,6.8364
20220408,Bengaluru Rural,13.2844,77.6078,28.87,46.7,3.71,7.0222
20220409,Bengaluru Rural,13.2844,77.6078,28.39,51.15,3.19,6.295
20220410,Bengaluru Rural,13.2844,77.6078,28.95,42.62,3.67,4.939
20220411,Bengaluru Rural,13.2844,77.6078,28.57,43.79,3.31,6.5098
20220412,Bengaluru Rural,13.2844,77.6078,29.56,39.04,3.31,7.0344
20220413,Bengaluru Rural,13.2844,77.6078,28.56,52.33,2.73,5.581
20220414,Bengaluru Rural,13.2844,77.6078,26.94,52.9,2.47,5.3273
20220415,Bengaluru Rural,13.2844,77.6078,28.17,52.89,1.3,7.1498
20220416,Bengaluru Rural,13.2844,77.6078,29.13,50.07,2.25,6.0458
20220417,Bengaluru Rural,13.2844,77.6078,27.18,62.34,2.04,6.6038
20220418,Bengaluru Rural,13.2844,77.6078,26.99,56.83,2.45,6.3329
20220419,Bengaluru Rural,13.2844,77.6078,26.17,65.78,1.96,5.6299
20220420,Bengaluru Rural,13.2844,77.6078,28.49,54.24,2.02,6.9641
20220421,Bengaluru Rural,13.2844,77.6078,28.18,55.71,2.79,7.0946
20220422,Bengaluru Rural,13.2844,77.6078,27.34,57.84,2.79,7.2418
20220423,Bengaluru Rural,13.2844,77.6078,26.69,61.45,2.96,5.1922
20220424,Bengaluru Rural,13.2844,77.6078,28.42,48.05,2.62,6.3994
20220425,Bengaluru Rural,13.2844,77.6078,28.83,46.88,2.41,5.9352
20220426,Bengaluru Rural,13.2844,77.6078,29.77,40.29,2.64,7.2264
20220427,Bengaluru Rural,13.2844,77.6078,30.33,42.86,3.57,7.3034
20220428,Bengaluru Rural,13.2844,77.6078,30.59,42.32,3.57,7.1885
20220429,Bengaluru Rural,13.2844,77.6078,30.93,44.24,3.49,6.8774
20220430,Bengaluru Rural,13.2844,77.6078,31.12,43.39,2.69,6.8486
20220501,Bengaluru Rural,13.2844,77.6078,31.22,46.94,1.92,6.7181
20220502,Bengaluru Rural,13.2844,77.6078,29.47,57.55,2.25,6.5803
20220503,Bengaluru Rural,13.2844,77.6078,28.75,57.9,2.54,7.0298
20220504,Bengaluru Rural,13.2844,77.6078,29.13,57.57,2.47,5.3122
20220505,Bengaluru Rural,13.2844,77.6078,27.09,66.57,2.08,5.0638
20220506,Bengaluru Rural,13.2844,77.6078,27.78,59.64,1.42,6.7699
20220507,Bengaluru Rural,13.2844,77.6078,27.71,62.34,1.96,6.3917
20220508,Bengaluru Rural,13.2844,77.6078,28.27,61.31,2.16,5.796
20220509,Bengaluru Rural,13.2844,77.6078,27.69,63.67,2.46,5.083
20220510,Bengaluru Rural,13.2844,77.6078,26.63,68.46,4.11,1.794
20220511,Bengaluru Rural,13.2844,77.6078,25.6,71.63,5.61,2.0345
20220512,Bengaluru Rural,13.2844,77.6078,25.27,73.85,4.81,2.179
20220513,Bengaluru Rural,13.2844,77.6078,26.2,73.08,3.34,3.7618
20220514,Bengaluru Rural,13.2844,77.6078,26.69,72.48,2.34,6.2906
20220515,Bengaluru Rural,13.2844,77.6078,25.06,80.61,2.72,5.4955
20220516,Bengaluru Rural,13.2844,77.6078,25.68,79.51,2.55,5.0976
20220517,Bengaluru Rural,13.2844,77.6078,26.07,67.0,1.67,4.2818
20220518,Bengaluru Rural,13.2844,77.6078,24.77,79.26,1.4,2.897
20220519,Bengaluru Rural,13.2844,77.6078,22.94,85.18,3.46,2.9767
20220520,Bengaluru Rural,13.2844,77.6078,22.28,82.3,4.58,3.2062
20220521,Bengaluru Rural,13.2844,77.6078,23.92,74.18,4.43,3.7639
20220522,Bengaluru Rural,13.2844,77.6078,25.01,75.34,4.65,6.0739
20220523,Bengaluru Rural,13.2844,77.6078,25.61,74.1,3.73,6.6667
20220524,Bengaluru Rural,13.2844,77.6078,26.51,71.5,3.08,7.0843
20220525,Bengaluru Rural,13.2844,77.6078,26.53,71.54,1.96,6.031
20220526,Bengaluru Rural,13.2844,77.6078,26.25,70.84,2.24,6.559
20220527,Bengaluru Rural,13.2844,77.6078,24.83,73.11,3.36,7.1851
20220528,Bengaluru Rural,13.2844,77.6078,24.6,69.86,3.54,7.4863
20220529,Bengaluru Rural,13.2844,77.6078,25.29,68.02,3.21,7.4839
20220530,Bengaluru Rural,13.2844,77.6078,25.88,67.95,2.81,6.8436
20220531,Bengaluru Rural,13.2844,77.6078,23.22,80.11,3.03,6.1164
20220601,Bengaluru Rural,13.2844,77.6078,23.5,82.38,3.47,6.2198
20220602,Bengaluru Rural,13.2844,77.6078,26.05,68.93,1.86,6.4061
20220603,Bengaluru Rural,13.2844,77.6078,25.22,73.55,2.3,7.0646
20220604,Bengaluru Rural,13.2844,77.6078,24.62,72.6,2.62,6.8222
20220605,Bengaluru Rural,13.2844,77.6078,24.78,76.88,1.53,6.7135
20220606,Bengaluru Rural,13.2844,77.6078,24.77,74.1,1.48,5.3978
20220607,Bengaluru Rural,13.2844,77.6078,24.65,77.38,2.66,5.419
20220608,Bengaluru Rural,13.2844,77.6078,25.18,72.0,3.73,6.786
20220609,Bengaluru Rural,13.2844,77.6078,25.74,68.24,4.05,6.629
20220610,Bengaluru Rural,13.2844,77.6078,25.54,69.72,4.3,6.57
20220611,Bengaluru Rural,13.2844,77.6078,25.13,69.0,3.88,6.6499
20220612,Bengaluru Rural,13.2844,77.6078,24.23,69.79,3.3,6.8038
20220613,Bengaluru Rural,13.2844,77.6078,24.59,71.9,2.62,6.2167
20220614,Bengaluru Rural,13.2844,77.6078,24.26,77.13,3.0,6.9823
20220615,Bengaluru Rural,13.2844,77.6078,23.65,78.31,2.78,4.4088
20220616,Bengaluru Rural,13.2844,77.6078,23.98,80.94,1.84,5.8942
20220617,Bengaluru Rural,13.2844,77.6078,22.2,83.19,1.94,6.3874
20220618,Bengaluru Rural,13.2844,77.6078,22.2,85.37,1.88,5.3894
20220619,Bengaluru Rural,13.2844,77.6078,23.27,85.91,2.3,5.3371
20220620,Bengaluru Rural,13.2844,77.6078,23.42,78.73,3.44,5.501
20220621,Bengaluru Rural,13.2844,77.6078,23.36,80.03,3.83,5.0659
20220622,Bengaluru Rural,13.2844,77.6078,22.19,86.37,2.83,5.0726
20220623,Bengaluru Rural,13.2844,77.6078,23.73,77.69,3.55,4.2542
20220624,Bengaluru Rural,13.2844,77.6078,22.73,83.9,4.08,6.2551
20220625,Bengaluru Rural,13.2844,77.6078,23.17,79.68,4.34,4.9097
20220626,Bengaluru Rural,13.2844,77.6078,23.53,77.55,4.78,5.5349
20220627,Bengaluru Rural,13.2844,77.6078,24.06,75.93,4.6,4.6498
20220628,Bengaluru Rural,13.2844,77.6078,24.03,76.23,3.71,4.3505
20220629,Bengaluru Rural,13.2844,77.6078,24.45,78.33,3.41,6.0125
20220630,Bengaluru Rural,13.2844,77.6078,23.89,82.05,3.71,5.2932
20220701,Bengaluru Rural,13.2844,77.6078,23.58,82.82,3.99,4.8391
20220702,Bengaluru Rural,13.2844,77.6078,23.15,84.28,3.77,4.6894
20220703,Bengaluru Rural,13.2844,77.6078,23.81,80.42,4.46,4.6483
20220704,Bengaluru Rural,13.2844,77.6078,22.74,82.93,5.16,3.4166
20220705,Bengaluru Rural,13.2844,77.6078,22.75,83.29,4.95,3.8261
20220706,Bengaluru Rural,13.2844,77.6078,22.96,80.73,4.55,3.0365
20220707,Bengaluru Rural,13.2844,77.6078,22.81,83.44,4.66,3.067
20220708,Bengaluru Rural,13.2844,77.6078,21.99,84.62,5.11,3.2177
20220709,Bengaluru Rural,13.2844,77.6078,22.7,82.81,5.59,3.3506
20220710,Bengaluru Rural,13.2844,77.6078,22.88,80.92,5.75,3.7886
20220711,Bengaluru Rural,13.2844,77.6078,23.07,80.15,5.65,3.9146
20220712,Bengaluru Rural,13.2844,77.6078,22.89,80.04,6.11,4.7352
20220713,Bengaluru Rural,13.2844,77.6078,22.82,78.68,7.32,3.5004
20220714,Bengaluru Rural,13.2844,77.6078,22.72,77.12,7.62,4.2694
20220715,Bengaluru Rural,13.2844,77.6078,23.7,75.57,6.15,4.8547
20220716,Bengaluru Rural,13.2844,77.6078,23.95,78.96,5.31,3.96
20220717,Bengaluru Rural,13.2844,77.6078,23.3,82.08,5.23,4.127
20220718,Bengaluru Rural,13.2844,77.6078,23.03,80.48,4.52,3.3319
20220719,Bengaluru Rural,13.2844,77.6078,23.31,81.52,2.77,5.9966
20220720,Bengaluru Rural,13.2844,77.6078,24.0,81.01,2.54,5.9544
20220721,Bengaluru Rural,13.2844,77.6078,23.67,82.64,2.81,4.2506
20220722,Bengaluru Rural,13.2844,77.6078,22.86,84.63,3.35,3.365
20220723,Bengaluru Rural,13.2844,77.6078,22.89,82.18,3.64,3.8935
20220724,Bengaluru Rural,13.2844,77.6078,23.23,79.54,3.8,4.5194
20220725,Bengaluru Rural,13.2844,77.6078,23.15,79.59,2.91,5.5483
20220726,Bengaluru Rural,13.2844,77.6078,21.92,86.35,2.93,3.8995
20220727,Bengaluru Rural,13.2844,77.6078,23.25,82.66,2.22,5.0311
20220728,Bengaluru Rural,13.2844,77.6078,24.49,77.51,1.41,5.8032
20220729,Bengaluru Rural,13.2844,77.6078,24.46,76.69,1.11,6.5494
20220730,Bengaluru Rural,13.2844,77.6078,24.64,77.49,1.15,5.9218
20220731,Bengaluru Rural,13.2844,77.6078,24.34,82.63,1.64,5.0254
20220801,Bengaluru Rural,13.2844,77.6078,24.74,80.83,1.38,5.8109
20220802,Bengaluru Rural,13.2844,77.6078,24.44,82.72,1.94,5.442
20220803,Bengaluru Rural,13.2844,77.6078,23.59,82.94,1.5,4.0834
20220804,Bengaluru Rural,13.2844,77.6078,23.4,78.74,1.13,3.1183
20220805,Bengaluru Rural,13.2844,77.6078,23.1,83.31,5.23,3.3257
20220806,Bengaluru Rural,13.2844,77.6078,22.98,83.09,5.35,4.0613
20220807,Bengaluru Rural,13.2844,77.6078,22.79,84.6,5.35,3.1747
20220808,Bengaluru Rural,13.2844,77.6078,22.75,83.48,5.87,3.3912
20220809,Bengaluru Rural,13.2844,77.6078,23.15,79.02,6.37,4.5862
20220810,Bengaluru Rural,13.2844,77.6078,22.76,79.08,5.91,4.8041
20220811,Bengaluru Rural,13.2844,77.6078,23.19,79.44,5.32,4.6092
20220812,Bengaluru Rural,13.2844,77.6078,23.26,79.29,4.59,4.8036
20220813,Bengaluru Rural,13.2844,77.6078,22.58,80.48,3.81,5.1221
20220814,Bengaluru Rural,13.2844,77.6078,22.66,77.62,4.11,4.385
20220815,Bengaluru Rural,13.2844,77.6078,23.94,76.63,3.33,5.0016
20220816,Bengaluru Rural,13.2844,77.6078,23.68,77.47,2.06,6.5105
20220817,Bengaluru Rural,13.2844,77.6078,24.12,78.35,2.8,6.366
20220818,Bengaluru Rural,13.2844,77.6078,23.0,86.24,3.52,5.357
20220819,Bengaluru Rural,13.2844,77.6078,23.13,83.16,4.09,4.392
20220820,Bengaluru Rural,13.2844,77.6078,23.02,82.81,3.93,5.1826
20220821,Bengaluru Rural,13.2844,77.6078,22.95,84.48,3.81,4.3834
20220822,Bengaluru Rural,13.2844,77.6078,23.07,84.46,4.16,4.6054
20220823,Bengaluru Rural,13.2844,77.6078,23.44,82.94,3.59,5.5942
20220824,Bengaluru Rural,13.2844,77.6078,23.27,83.32,3.59,4.7758
20220825,Bengaluru Rural,13.2844,77.6078,22.32,86.11,3.16,4.9512
20220826,Bengaluru Rural,13.2844,77.6078,22.26,90.06,2.28,4.1299
20220827,Bengaluru Rural,13.2844,77.6078,22.03,89.21,2.88,4.4779
20220828,Bengaluru Rural,13.2844,77.6078,22.39,87.81,2.73,4.8862
20220829,Bengaluru Rural,13.2844,77.6078,22.76,90.23,1.96,4.5646
20220830,Bengaluru Rural,13.2844,77.6078,23.83,85.05,2.1,5.8111
20220831,Bengaluru Rural,13.2844,77.6078,23.15,87.55,2.04,5.0386
20220901,Bengaluru Rural,13.2844,77.6078,23.35,82.48,1.19,4.601
20220902,Bengaluru Rural,13.2844,77.6078,23.75,83.41,1.5,5.5685
20220903,Bengaluru Rural,13.2844,77.6078,24.79,80.05,0.81,6.193
20220904,Bengaluru Rural,13.2844,77.6078,23.95,87.99,1.19,5.7024
20220905,Bengaluru Rural,13.2844,77.6078,24.52,83.16,0.98,6.258
20220906,Bengaluru Rural,13.2844,77.6078,23.84,83.31,0.86,5.7893
20220907,Bengaluru Rural,13.2844,77.6078,22.98,84.24,1.47,4.2154
20220908,Bengaluru Rural,13.2844,77.6078,22.38,89.27,2.78,3.1572
20220909,Bengaluru Rural,13.2844,77.6078,22.68,89.14,3.0,4.8574
20220910,Bengaluru Rural,13.2844,77.6078,22.47,88.25,3.73,4.0337
20220911,Bengaluru Rural,13.2844,77.6078,22.56,85.73,4.64,4.7568
20220912,Bengaluru Rural,13.2844,77.6078,22.51,84.87,5.16,5.119
20220913,Bengaluru Rural,13.2844,77.6078,22.91,86.1,3.62,4.7854
20220914,Bengaluru Rural,13.2844,77.6078,22.4,87.84,2.73,4.631
20220915,Bengaluru Rural,13.2844,77.6078,22.44,87.16,2.78,5.2267
20220916,Bengaluru Rural,13.2844,77.6078,22.97,85.87,2.99,4.8758
20220917,Bengaluru Rural,13.2844,77.6078,23.04,85.37,2.49,5.8942
20220918,Bengaluru Rural,13.2844,77.6078,23.01,85.74,2.74,5.8289
20220919,Bengaluru Rural,13.2844,77.6078,22.77,84.71,3.37,4.9298
20220920,Bengaluru Rural,13.2844,77.6078,21.53,81.95,3.02,5.6942
20220921,Bengaluru Rural,13.2844,77.6078,22.18,83.14,2.85,4.6836
20220922,Bengaluru Rural,13.2844,77.6078,22.27,80.64,2.99,6.3924
20220923,Bengaluru Rural,13.2844,77.6078,22.06,82.97,2.81,5.6453
20220924,Bengaluru Rural,13.2844,77.6078,22.44,83.31,2.7,5.6352
20220925,Bengaluru Rural,13.2844,77.6078,22.84,82.32,2.39,6.1622
20220926,Bengaluru Rural,13.2844,77.6078,22.97,86.78,2.52,3.8707
20220927,Bengaluru Rural,13.2844,77.6078,22.68,86.72,2.27,4.3236
20220928,Bengaluru Rural,13.2844,77.6078,22.36,86.51,2.51,4.3214
20220929,Bengaluru Rural,13.2844,77.6078,22.1,86.87,2.41,4.0238
20220930,Bengaluru Rural,13.2844,77.6078,21.42,89.67,3.12,2.2596
20221001,Bengaluru Rural,13.2844,77.6078,21.42,88.8,3.45,2.4223
20221002,Bengaluru Rural,13.2844,77.6078,21.46,86.74,3.2,3.7632
20221003,Bengaluru Rural,13.2844,77.6078,22.17,86.4,3.13,4.6685
20221004,Bengaluru Rural,13.2844,77.6078,22.46,87.29,2.73,4.4419
20221005,Bengaluru Rural,13.2844,77.6078,21.46,91.56,2.43,4.0704
20221006,Bengaluru Rural,13.2844,77.6078,21.54,88.8,2.37,2.6801
20221007,Bengaluru Rural,13.2844,77.6078,22.22,85.58,1.99,4.6493
20221008,Bengaluru Rural,13.2844,77.6078,22.08,85.59,1.65,5.3309
20221009,Bengaluru Rural,13.2844,77.6078,21.98,89.53,1.64,2.7694
20221010,Bengaluru Rural,13.2844,77.6078,23.52,87.48,1.88,4.0906
20221011,Bengaluru Rural,13.2844,77.6078,23.31,89.04,2.06,4.3068
20221012,Bengaluru Rural,13.2844,77.6078,23.04,89.43,1.7,3.7882
20221013,Bengaluru Rural,13.2844,77.6078,22.93,89.06,1.74,5.1763
20221014,Bengaluru Rural,13.2844,77.6078,23.8,83.23,1.49,5.4936
20221015,Bengaluru Rural,13.2844,77.6078,23.25,88.87,1.96,5.0983
20221016,Bengaluru Rural,13.2844,77.6078,23.79,87.14,2.2,4.2444
20221017,Bengaluru Rural,13.2844,77.6078,23.58,87.51,2.08,4.9291
20221018,Bengaluru Rural,13.2844,77.6078,23.82,83.64,1.26,4.5907
20221019,Bengaluru Rural,13.2844,77.6078,23.11,85.51,0.99,5.2666
20221020,Bengaluru Rural,13.2844,77.6078,23.21,84.89,1.86,5.2673
20221021,Bengaluru Rural,13.2844,77.6078,22.56,87.49,2.0,5.3177
20221022,Bengaluru Rural,13.2844,77.6078,22.04,87.34,2.13,5.2591
20221023,Bengaluru Rural,13.2844,77.6078,20.53,83.07,1.88,6.3696
20221024,Bengaluru Rural,13.2844,77.6078,18.95,72.74,2.08,6.4478
20221025,Bengaluru Rural,13.2844,77.6078,19.68,67.4,1.4,6.5395
20221026,Bengaluru Rural,13.2844,77.6078,19.97,69.22,1.22,6.5573
20221027,Bengaluru Rural,13.2844,77.6078,19.78,78.12,1.71,6.3487
20221028,Bengaluru Rural,13.2844,77.6078,20.92,86.31,2.43,4.0334
20221029,Bengaluru Rural,13.2844,77.6078,21.75,87.28,2.38,3.9862
20221030,Bengaluru Rural,13.2844,77.6078,21.51,85.93,2.35,4.1004
20221031,Bengaluru Rural,13.2844,77.6078,20.33,87.0,1.85,5.7545
20221101,Bengaluru Rural,13.2844,77.6078,20.31,92.55,2.6,2.8368
20221102,Bengaluru Rural,13.2844,77.6078,20.35,89.75,2.4,2.4761
20221103,Bengaluru Rural,13.2844,77.6078,20.23,86.09,2.36,2.8418
20221104,Bengaluru Rural,13.2844,77.6078,20.79,84.94,2.35,4.3759
20221105,Bengaluru Rural,13.2844,77.6078,20.92,83.42,2.25,5.6758
20221106,Bengaluru Rural,13.2844,77.6078,21.07,87.07,2.26,4.2108
20221107,Bengaluru Rural,13.2844,77.6078,20.09,82.08,2.06,5.8409
20221108,Bengaluru Rural,13.2844,77.6078,20.37,86.04,2.06,5.7449
20221109,Bengaluru Rural,13.2844,77.6078,21.19,83.97,1.88,5.3467
20221110,Bengaluru Rural,13.2844,77.6078,21.24,84.83,2.7,5.1041
20221111,Bengaluru Rural,13.2844,77.6078,20.25,87.31,3.57,2.5193
20221112,Bengaluru Rural,13.2844,77.6078,20.11,92.78,2.91,1.8617
20221113,Bengaluru Rural,13.2844,77.6078,20.89,88.67,2.09,3.3842
20221114,Bengaluru Rural,13.2844,77.6078,21.74,89.24,1.77,4.2312
20221115,Bengaluru Rural,13.2844,77.6078,21.86,86.79,1.82,4.2247
20221116,Bengaluru Rural,13.2844,77.6078,20.79,85.13,1.76,4.8626
20221117,Bengaluru Rural,13.2844,77.6078,18.81,75.08,1.89,5.784
20221118,Bengaluru Rural,13.2844,77.6078,17.56,75.7,1.82,4.8535
20221119,Bengaluru Rural,13.2844,77.6078,17.65,78.29,1.94,5.2894
20221120,Bengaluru Rural,13.2844,77.6078,17.5,76.65,1.63,4.5379
20221121,Bengaluru Rural,13.2844,77.6078,16.99,87.72,1.55,4.6058
20221122,Bengaluru Rural,13.2844,77.6078,20.17,90.33,1.73,1.9548
20221123,Bengaluru Rural,13.2844,77.6078,21.33,89.94,2.05,1.8557
20221124,Bengaluru Rural,13.2844,77.6078,21.98,86.35,2.26,2.5133
20221125,Bengaluru Rural,13.2844,77.6078,21.69,84.19,2.06,5.3383
20221126,Bengaluru Rural,13.2844,77.6078,22.09,82.32,1.71,4.8454
20221127,Bengaluru Rural,13.2844,77.6078,22.22,82.81,1.25,4.2833
20221128,Bengaluru Rural,13.2844,77.6078,22.03,83.83,1.48,3.7889
20221129,Bengaluru Rural,13.2844,77.6078,21.02,82.24,1.88,4.2547
20221130,Bengaluru Rural,13.2844,77.6078,18.65,76.32,1.83,5.2241
20221201,Bengaluru Rural,13.2844,77.6078,21.09,86.24,1.95,3.3559
20221202,Bengaluru Rural,13.2844,77.6078,22.27,84.8,2.03,3.918
20221203,Bengaluru Rural,13.2844,77.6078,22.07,84.51,2.3,5.2142
20221204,Bengaluru Rural,13.2844,77.6078,21.68,83.72,2.37,5.2529
20221205,Bengaluru Rural,13.2844,77.6078,21.14,85.73,2.24,4.4177
20221206,Bengaluru Rural,13.2844,77.6078,20.76,84.09,1.91,3.6202
20221207,Bengaluru Rural,13.2844,77.6078,19.27,77.73,2.17,4.2607
20221208,Bengaluru Rural,13.2844,77.6078,17.82,74.39,1.93,4.8084
20221209,Bengaluru Rural,13.2844,77.6078,18.04,82.38,3.25,2.443
20221210,Bengaluru Rural,13.2844,77.6078,19.35,94.97,4.84,0.9636
20221211,Bengaluru Rural,13.2844,77.6078,21.33,89.67,2.96,1.6985
20221212,Bengaluru Rural,13.2844,77.6078,20.48,93.04,3.16,2.5786
20221213,Bengaluru Rural,13.2844,77.6078,21.36,88.64,2.87,2.5577
20221214,Bengaluru Rural,13.2844,77.6078,21.32,85.16,2.23,4.1446
20221215,Bengaluru Rural,13.2844,77.6078,20.56,76.89,1.85,5.8272
20221216,Bengaluru Rural,13.2844,77.6078,19.82,75.47,1.87,5.735
20221217,Bengaluru Rural,13.2844,77.6078,20.16,83.09,2.07,5.0138
20221218,Bengaluru Rural,13.2844,77.6078,20.49,86.98,2.57,4.0073
20221219,Bengaluru Rural,13.2844,77.6078,18.0,85.32,2.19,5.0779
20221220,Bengaluru Rural,13.2844,77.6078,18.69,79.6,1.8,5.4118
20221221,Bengaluru Rural,13.2844,77.6078,18.43,75.66,1.91,5.3263
20221222,Bengaluru Rural,13.2844,77.6078,17.55,80.08,2.21,5.2853
20221223,Bengaluru Rural,13.2844,77.6078,19.19,83.43,1.99,5.497
20221224,Bengaluru Rural,13.2844,77.6078,20.24,83.27,2.02,5.5313
20221225,Bengaluru Rural,13.2844,77.6078,21.06,88.37,2.96,2.2874
20221226,Bengaluru Rural,13.2844,77.6078,21.62,85.62,2.97,3.51
20221227,Bengaluru Rural,13.2844,77.6078,21.45,85.24,2.43,3.6223
20221228,Bengaluru Rural,13.2844,77.6078,22.13,83.16,2.06,5.3374
20221229,Bengaluru Rural,13.2844,77.6078,21.24,80.15,2.26,5.3657
20221230,Bengaluru Rural,13.2844,77.6078,19.74,75.19,1.76,5.7828
20221231,Bengaluru Rural,13.2844,77.6078,19.27,74.37,1.51,5.6028
20230101,Bengaluru Rural,13.2844,77.6078,19.19,73.14,1.79,5.4307
20230102,Bengaluru Rural,13.2844,77.6078,19.07,78.63,2.65,5.508
20230103,Bengaluru Rural,13.2844,77.6078,19.29,78.59,2.29,5.4434
20230104,Bengaluru Rural,13.2844,77.6078,19.55,78.36,2.48,5.6462
20230105,Bengaluru Rural,13.2844,77.6078,19.11,79.73,2.97,4.7047
20230106,Bengaluru Rural,13.2844,77.6078,19.22,82.0,3.25,4.6812
20230107,Bengaluru Rural,13.2844,77.6078,19.43,82.97,2.69,4.0934
20230108,Bengaluru Rural,13.2844,77.6078,19.19,78.96,2.11,5.0206
20230109,Bengaluru Rural,13.2844,77.6078,17.86,70.09,2.0,5.9561
20230110,Bengaluru Rural,13.2844,77.6078,16.99,73.32,2.35,5.9837
20230111,Bengaluru Rural,13.2844,77.6078,17.47,68.41,1.75,5.8325
20230112,Bengaluru Rural,13.2844,77.6078,18.41,62.16,1.54,6.0067
20230113,Bengaluru Rural,13.2844,77.6078,18.59,66.68,1.57,5.73
20230114,Bengaluru Rural,13.2844,77.6078,18.38,65.42,1.64,5.8394
20230115,Bengaluru Rural,13.2844,77.6078,18.32,60.1,1.65,6.1159
20230116,Bengaluru Rural,13.2844,77.6078,18.45,64.25,1.85,6.251
20230117,Bengaluru Rural,13.2844,77.6078,18.5,65.51,1.64,6.3096
20230118,Bengaluru Rural,13.2844,77.6078,18.87,70.31,2.17,6.2551
20230119,Bengaluru Rural,13.2844,77.6078,18.71,66.65,2.45,6.3014
20230120,Bengaluru Rural,13.2844,77.6078,18.5,76.08,2.42,5.7482
20230121,Bengaluru Rural,13.2844,77.6078,19.6,73.81,2.38,4.962
20230122,Bengaluru Rural,13.2844,77.6078,19.17,68.73,2.57,5.6681
20230123,Bengaluru Rural,13.2844,77.6078,20.62,76.11,2.78,5.0482
20230124,Bengaluru Rural,13.2844,77.6078,21.6,71.98,2.31,4.4062
20230125,Bengaluru Rural,13.2844,77.6078,20.38,68.08,2.45,5.7931
20230126,Bengaluru Rural,13.2844,77.6078,19.88,67.21,2.4,6.133
20230127,Bengaluru Rural,13.2844,77.6078,19.36,65.88,2.67,5.9575
20230128,Bengaluru Rural,13.2844,77.6078,19.17,61.08,2.61,6.0043
20230129,Bengaluru Rural,13.2844,77.6078,19.6,65.04,2.87,6.1164
20230130,Bengaluru Rural,13.2844,77.6078,21.13,75.94,2.59,4.4443
20230131,Bengaluru Rural,13.2844,77.6078,21.38,69.63,2.77,5.0647
20230201,Bengaluru Rural,13.2844,77.6078,21.39,64.07,2.69,4.8199
20230202,Bengaluru Rural,13.2844,77.6078,21.08,67.58,2.83,5.0892
20230203,Bengaluru Rural,13.2844,77.6078,21.96,67.5,2.92,4.7897
20230204,Bengaluru Rural,13.2844,77.6078,22.73,64.89,3.04,6.1354
20230205,Bengaluru Rural,13.2844,77.6078,22.53,57.26,2.19,6.2971
20230206,Bengaluru Rural,13.2844,77.6078,21.9,60.55,2.0,5.7079
20230207,Bengaluru Rural,13.2844,77.6078,21.88,60.58,1.26,5.8668
20230208,Bengaluru Rural,13.2844,77.6078,22.54,58.92,2.2,5.8894
20230209,Bengaluru Rural,13.2844,77.6078,22.27,58.6,2.51,6.0818
20230210,Bengaluru Rural,13.2844,77.6078,22.21,59.61,2.43,6.2316
20230211,Bengaluru Rural,13.2844,77.6078,22.44,53.77,2.44,6.2434
20230212,Bengaluru Rural,13.2844,77.6078,23.0,48.51,2.66,6.6094
20230213,Bengaluru Rural,13.2844,77.6078,22.34,46.43,2.87,6.7128
20230214,Bengaluru Rural,13.2844,77.6078,21.87,50.56,2.28,6.8263
20230215,Bengaluru Rural,13.2844,77.6078,21.86,48.05,2.29,6.9274
20230216,Bengaluru Rural,13.2844,77.6078,22.21,49.14,2.94,6.883
20230217,Bengaluru Rural,13.2844,77.6078,22.02,52.6,2.57,6.817
20230218,Bengaluru Rural,13.2844,77.6078,22.24,55.45,2.49,6.7913
20230219,Bengaluru Rural,13.2844,77.6078,22.73,54.64,2.53,6.7826
20230220,Bengaluru Rural,13.2844,77.6078,22.98,49.28,2.01,6.9386
20230221,Bengaluru Rural,13.2844,77.6078,23.11,47.56,2.13,6.8544
20230222,Bengaluru Rural,13.2844,77.6078,23.3,45.8,3.0,6.7229
20230223,Bengaluru Rural,13.2844,77.6078,22.81,42.92,3.4,7.039
20230224,Bengaluru Rural,13.2844,77.6078,22.45,39.89,2.85,7.1983
20230225,Bengaluru Rural,13.2844,77.6078,23.28,34.22,3.12,6.9341
20230226,Bengaluru Rural,13.2844,77.6078,23.41,37.36,3.48,6.9871
20230227,Bengaluru Rural,13.2844,77.6078,22.66,42.42,3.49,7.0416
20230228,Bengaluru Rural,13.2844,77.6078,23.11,42.19,2.88,7.213
20230301,Bengaluru Rural,13.2844,77.6078,24.18,50.95,3.51,6.5777
20230302,Bengaluru Rural,13.2844,77.6078,23.09,36.7,3.7,7.175
20230303,Bengaluru Rural,13.2844,77.6078,22.96,38.44,3.7,6.847
20230304,Bengaluru Rural,13.2844,77.6078,23.39,34.94,3.78,6.775
20230305,Bengaluru Rural,13.2844,77.6078,23.69,33.15,3.62,7.1491
20230306,Bengaluru Rural,13.2844,77.6078,23.98,32.81,3.64,7.007
20230307,Bengaluru Rural,13.2844,77.6078,24.11,32.53,3.66,6.0427
20230308,Bengaluru Rural,13.2844,77.6078,23.71,39.87,3.6,6.9432
20230309,Bengaluru Rural,13.2844,77.6078,22.92,40.97,2.9,4.8634
20230310,Bengaluru Rural,13.2844,77.6078,23.92,42.72,3.36,5.9023
20230311,Bengaluru Rural,13.2844,77.6078,24.58,44.61,3.68,6.6542
20230312,Bengaluru Rural,13.2844,77.6078,24.68,45.12,3.65,7.2554
20230313,Bengaluru Rural,13.2844,77.6078,25.88,44.9,3.04,7.2485
20230314,Bengaluru Rural,13.2844,77.6078,26.64,37.77,2.38,6.8172
20230315,Bengaluru Rural,13.2844,77.6078,27.51,41.8,2.79,5.9117
20230316,Bengaluru Rural,13.2844,77.6078,26.84,50.8,2.19,5.3621
20230317,Bengaluru Rural,13.2844,77.6078,24.82,66.27,2.31,5.9777
20230318,Bengaluru Rural,13.2844,77.6078,24.6,71.48,2.79,5.9724
20230319,Bengaluru Rural,13.2844,77.6078,24.56,68.21,1.95,6.426
20230320,Bengaluru Rural,13.2844,77.6078,24.22,57.59,2.11,7.3212
20230321,Bengaluru Rural,13.2844,77.6078,23.52,49.94,2.03,7.619
20230322,Bengaluru Rural,13.2844,77.6078,24.37,50.14,1.49,6.9866
20230323,Bengaluru Rural,13.2844,77.6078,26.27,53.93,1.53,7.1287
20230324,Bengaluru Rural,13.2844,77.6078,27.12,55.3,1.79,6.3924
20230325,Bengaluru Rural,13.2844,77.6078,26.17,65.16,2.03,5.8289
20230326,Bengaluru Rural,13.2844,77.6078,25.74,65.86,1.61,6.2537
20230327,Bengaluru Rural,13.2844,77.6078,26.6,54.41,2.15,7.278
20230328,Bengaluru Rural,13.2844,77.6078,26.93,52.55,1.88,7.4779
20230329,Bengaluru Rural,13.2844,77.6078,28.17,55.45,2.23,5.9774
20230330,Bengaluru Rural,13.2844,77.6078,27.14,56.83,1.39,4.8533
20230331,Bengaluru Rural,13.2844,77.6078,26.73,55.92,1.33,6.5858
20230401,Bengaluru Rural,13.2844,77.6078,27.0,53.71,1.1,7.105
20230402,Bengaluru Rural,13.2844,77.6078,27.6,48.11,1.8,7.1906
20230403,Bengaluru Rural,13.2844,77.6078,27.59,46.11,1.71,7.4681
20230404,Bengaluru Rural,13.2844,77.6078,26.69,59.36,1.74,5.1281
20230405,Bengaluru Rural,13.2844,77.6078,27.6,56.01,2.03,6.6559
20230406,Bengaluru Rural,13.2844,77.6078,27.68,49.86,2.62,6.084
20230407,Bengaluru Rural,13.2844,77.6078,27.56,49.34,3.14,7.1002
20230408,Bengaluru Rural,13.2844,77.6078,27.29,47.08,3.88,7.6294
20230409,Bengaluru Rural,13.2844,77.6078,27.11,45.15,3.17,7.7057
20230410,Bengaluru Rural,13.2844,77.6078,27.99,41.81,3.36,7.698
20230411,Bengaluru Rural,13.2844,77.6078,28.03,31.83,2.92,7.8326
20230412,Bengaluru Rural,13.2844,77.6078,27.9,30.58,2.84,7.8463
20230413,Bengaluru Rural,13.2844,77.6078,29.58,27.04,3.09,7.4842
20230414,Bengaluru Rural,13.2844,77.6078,29.48,27.02,2.98,6.9094
20230415,Bengaluru Rural,13.2844,77.6078,28.9,29.31,2.65,6.7452
20230416,Bengaluru Rural,13.2844,77.6078,27.86,31.65,2.45,7.2269
20230417,Bengaluru Rural,13.2844,77.6078,28.87,28.84,3.34,7.3985
20230418,Bengaluru Rural,13.2844,77.6078,29.33,29.69,3.19,7.783
20230419,Bengaluru Rural,13.2844,77.6078,29.52,31.36,2.31,7.6882
20230420,Bengaluru Rural,13.2844,77.6078,30.27,31.23,1.6,7.2458
20230421,Bengaluru Rural,13.2844,77.6078,29.71,42.27,2.01,6.1896
20230422,Bengaluru Rural,13.2844,77.6078,29.79,44.85,1.97,5.7173
20230423,Bengaluru Rural,13.2844,77.6078,29.4,48.54,2.52,7.0265
20230424,Bengaluru Rural,13.2844,77.6078,29.33,47.8,3.44,6.6598
20230425,Bengaluru Rural,13.2844,77.6078,28.91,44.93,2.97,6.1961
20230426,Bengaluru Rural,13.2844,77.6078,28.81,47.01,1.83,6.1469
20230427,Bengaluru Rural,13.2844,77.6078,29.41,45.15,2.4,6.1951
20230428,Bengaluru Rural,13.2844,77.6078,29.99,43.63,3.28,6.7658
20230429,Bengaluru Rural,13.2844,77.6078,28.77,51.56,2.81,5.7401
20230430,Bengaluru Rural,13.2844,77.6078,26.86,64.28,2.07,6.3173
20230501,Bengaluru Rural,13.2844,77.6078,25.08,76.22,1.81,5.8301
20230502,Bengaluru Rural,13.2844,77.6078,26.16,69.89,1.42,6.3686
20230503,Bengaluru Rural,13.2844,77.6078,25.83,72.31,2.43,5.3088
20230504,Bengaluru Rural,13.2844,77.6078,24.86,76.44,1.69,6.1483
20230505,Bengaluru Rural,13.2844,77.6078,23.75,81.7,1.26,4.9678
20230506,Bengaluru Rural,13.2844,77.6078,25.36,73.77,1.85,5.8505
20230507,Bengaluru Rural,13.2844,77.6078,24.85,77.92,2.18,3.6665
20230508,Bengaluru Rural,13.2844,77.6078,25.57,75.27,1.69,5.8399
20230509,Bengaluru Rural,13.2844,77.6078,27.4,67.46,1.82,6.816
20230510,Bengaluru Rural,13.2844,77.6078,27.77,64.55,1.95,6.7771
20230511,Bengaluru Rural,13.2844,77.6078,28.25,60.51,2.07,6.163
20230512,Bengaluru Rural,13.2844,77.6078,28.82,59.35,2.24,6.0646
20230513,Bengaluru Rural,13.2844,77.6078,28.21,62.94,3.34,5.7252
20230514,Bengaluru Rural,13.2844,77.6078,28.88,60.98,3.56,7.3567
20230515,Bengaluru Rural,13.2844,77.6078,28.91,59.27,2.94,7.4863
20230516,Bengaluru Rural,13.2844,77.6078,28.87,57.23,2.28,7.5367
20230517,Bengaluru Rural,13.2844,77.6078,29.35,50.19,1.43,7.4352
20230518,Bengaluru Rural,13.2844,77.6078,29.78,48.34,2.02,7.4023
20230519,Bengaluru Rural,13.2844,77.6078,27.52,62.95,1.72,6.792
20230520,Bengaluru Rural,13.2844,77.6078,28.1,60.96,2.1,6.5923
20230521,Bengaluru Rural,13.2844,77.6078,28.83,59.99,1.57,6.4385
20230522,Bengaluru Rural,13.2844,77.6078,29.03,58.21,1.9,6.9305
20230523,Bengaluru Rural,13.2844,77.6078,28.06,60.4,1.96,6.3816
20230524,Bengaluru Rural,13.2844,77.6078,27.43,62.34,2.28,6.7702
20230525,Bengaluru Rural,13.2844,77.6078,26.97,65.25,1.76,4.8425
20230526,Bengaluru Rural,13.2844,77.6078,27.86,61.22,2.61,7.1652
20230527,Bengaluru Rural,13.2844,77.6078,27.6,62.43,2.68,7.1069
20230528,Bengaluru Rural,13.2844,77.6078,28.41,58.69,2.4,7.3238
20230529,Bengaluru Rural,13.2844,77.6078,29.22,53.68,1.97,5.6534
20230530,Bengaluru Rural,13.2844,77.6078,26.23,69.88,2.4,5.5558
20230531,Bengaluru Rural,13.2844,77.6078,27.04,68.28,1.45,6.0751
20230601,Bengaluru Rural,13.2844,77.6078,26.24,70.4,2.45,5.6683
20230602,Bengaluru Rural,13.2844,77.6078,26.82,62.2,2.58,5.5207
20230603,Bengaluru Rural,13.2844,77.6078,28.72,60.78,2.97,6.2808
20230604,Bengaluru Rural,13.2844,77.6078,28.24,62.69,2.7,3.8558
20230605,Bengaluru Rural,13.2844,77.6078,27.2,66.34,3.32,6.276
20230606,Bengaluru Rural,13.2844,77.6078,27.63,66.43,3.19,6.6629
20230607,Bengaluru Rural,13.2844,77.6078,26.9,69.85,3.44,5.9762
20230608,Bengaluru Rural,13.2844,77.6078,25.02,74.75,3.07,6.5626
20230609,Bengaluru Rural,13.2844,77.6078,26.35,68.0,3.79,6.7392
20230610,Bengaluru Rural,13.2844,77.6078,26.47,65.4,4.76,6.8618
20230611,Bengaluru Rural,13.2844,77.6078,26.75,64.06,4.35,5.6525
20230612,Bengaluru Rural,13.2844,77.6078,26.5,70.55,3.85,6.7682
20230613,Bengaluru Rural,13.2844,77.6078,26.93,66.84,3.95,6.9982
20230614,Bengaluru Rural,13.2844,77.6078,27.13,65.55,4.47,6.576
20230615,Bengaluru Rural,13.2844,77.6078,27.42,63.84,4.07,7.0286
20230616,Bengaluru Rural,13.2844,77.6078,27.83,61.65,4.12,7.3658
20230617,Bengaluru Rural,13.2844,77.6078,27.4,63.18,3.78,6.0281
20230618,Bengaluru Rural,13.2844,77.6078,25.88,69.3,3.94,4.4438
20230619,Bengaluru Rural,13.2844,77.6078,25.34,72.06,3.41,4.3574
20230620,Bengaluru Rural,13.2844,77.6078,25.24,73.52,2.59,2.8692
20230621,Bengaluru Rural,13.2844,77.6078,24.74,75.41,2.98,3.9418
20230622,Bengaluru Rural,13.2844,77.6078,24.85,73.95,2.9,5.6371
20230623,Bengaluru Rural,13.2844,77.6078,24.59,68.31,3.46,5.3594
20230624,Bengaluru Rural,13.2844,77.6078,24.07,78.49,3.6,4.8667
20230625,Bengaluru Rural,13.2844,77.6078,24.07,77.11,3.31,4.6567
20230626,Bengaluru Rural,13.2844,77.6078,24.68,67.22,4.42,4.3692
20230627,Bengaluru Rural,13.2844,77.6078,24.5,65.61,3.99,5.851
20230628,Bengaluru Rural,13.2844,77.6078,24.81,66.13,4.29,4.9814
20230629,Bengaluru Rural,13.2844,77.6078,23.59,75.17,4.0,5.0191
20230630,Bengaluru Rural,13.2844,77.6078,25.0,67.31,4.57,5.4739
20230701,Bengaluru Rural,13.2844,77.6078,24.8,68.2,4.56,6.0415
20230702,Bengaluru Rural,13.2844,77.6078,23.75,78.54,4.67,4.2252
20230703,Bengaluru Rural,13.2844,77.6078,24.22,79.15,4.61,5.2231
20230704,Bengaluru Rural,13.2844,77.6078,24.05,79.7,4.96,4.607
20230705,Bengaluru Rural,13.2844,77.6078,23.31,77.35,5.3,3.8333
20230706,Bengaluru Rural,13.2844,77.6078,23.71,72.42,5.83,4.2648
20230707,Bengaluru Rural,13.2844,77.6078,24.64,72.62,4.55,4.1986
20230708,Bengaluru Rural,13.2844,77.6078,24.28,74.15,4.17,4.0025
20230709,Bengaluru Rural,13.2844,77.6078,24.23,76.49,3.75,4.8665
20230710,Bengaluru Rural,13.2844,77.6078,24.1,75.07,3.55,3.8225
20230711,Bengaluru Rural,13.2844,77.6078,24.02,74.19,4.6,3.6895
20230712,Bengaluru Rural,13.2844,77.6078,24.59,68.17,4.39,5.2171
20230713,Bengaluru Rural,13.2844,77.6078,24.55,68.79,4.49,5.0851
20230714,Bengaluru Rural,13.2844,77.6078,24.31,73.95,4.53,4.6282
20230715,Bengaluru Rural,13.2844,77.6078,24.72,71.83,4.32,5.4386
20230716,Bengaluru Rural,13.2844,77.6078,24.82,74.72,4.0,4.9469
20230717,Bengaluru Rural,13.2844,77.6078,25.4,72.56,4.58,4.7177
20230718,Bengaluru Rural,13.2844,77.6078,25.18,71.63,5.67,5.5306
20230719,Bengaluru Rural,13.2844,77.6078,24.04,75.34,6.3,3.9326
20230720,Bengaluru Rural,13.2844,77.6078,25.1,70.72,6.87,4.0423
20230721,Bengaluru Rural,13.2844,77.6078,24.45,76.53,6.45,3.3166
20230722,Bengaluru Rural,13.2844,77.6078,24.48,73.06,6.44,3.2369
20230723,Bengaluru Rural,13.2844,77.6078,24.46,73.36,6.37,2.833
20230724,Bengaluru Rural,13.2844,77.6078,23.48,80.2,5.64,3.119
20230725,Bengaluru Rural,13.2844,77.6078,22.64,80.92,5.38,2.4876
20230726,Bengaluru Rural,13.2844,77.6078,22.58,84.31,5.53,3.0725
20230727,Bengaluru Rural,13.2844,77.6078,22.59,79.45,6.43,3.2736
20230728,Bengaluru Rural,13.2844,77.6078,24.39,73.31,6.03,4.6718
20230729,Bengaluru Rural,13.2844,77.6078,24.85,72.68,5.78,4.3514
20230730,Bengaluru Rural,13.2844,77.6078,25.29,71.27,5.37,5.3479
20230731,Bengaluru Rural,13.2844,77.6078,25.67,70.7,4.94,5.5594
20230801,Bengaluru Rural,13.2844,77.6078,25.33,70.9,5.33,4.7964
20230802,Bengaluru Rural,13.2844,77.6078,25.18,69.86,5.61,5.4526
20230803,Bengaluru Rural,13.2844,77.6078,25.44,69.81,5.3,4.895
20230804,Bengaluru Rural,13.2844,77.6078,25.5,70.21,4.66,4.747
20230805,Bengaluru Rural,13.2844,77.6078,24.75,72.49,4.4,4.9378
20230806,Bengaluru Rural,13.2844,77.6078,25.44,72.2,3.94,4.8293
20230807,Bengaluru Rural,13.2844,77.6078,25.53,68.64,3.8,5.0856
20230808,Bengaluru Rural,13.2844,77.6078,25.54,68.97,3.24,4.7554
20230809,Bengaluru Rural,13.2844,77.6078,25.64,68.52,2.94,5.9018
20230810,Bengaluru Rural,13.2844,77.6078,24.65,75.67,2.69,5.2793
20230811,Bengaluru Rural,13.2844,77.6078,24.5,76.4,2.17,5.2471
20230812,Bengaluru Rural,13.2844,77.6078,25.2,71.62,3.23,5.3846
20230813,Bengaluru Rural,13.2844,77.6078,25.58,68.55,3.24,6.1687
20230814,Bengaluru Rural,13.2844,77.6078,24.48,69.66,2.98,5.7665
20230815,Bengaluru Rural,13.2844,77.6078,25.31,68.12,2.48,6.1956
20230816,Bengaluru Rural,13.2844,77.6078,25.67,68.7,2.8,6.0583
20230817,Bengaluru Rural,13.2844,77.6078,25.61,67.81,4.09,5.4252
20230818,Bengaluru Rural,13.2844,77.6078,24.76,69.74,4.39,4.9116
20230819,Bengaluru Rural,13.2844,77.6078,25.09,70.68,4.56,3.947
20230820,Bengaluru Rural,13.2844,77.6078,25.74,68.79,3.94,5.461
20230821,Bengaluru Rural,13.2844,77.6078,26.14,65.65,3.32,5.8315
20230822,Bengaluru Rural,13.2844,77.6078,25.79,70.92,2.1,5.6885
20230823,Bengaluru Rural,13.2844,77.6078,26.3,67.95,2.49,5.8514
20230824,Bengaluru Rural,13.2844,77.6078,25.51,67.82,2.82,5.6378
20230825,Bengaluru Rural,13.2844,77.6078,26.58,65.23,2.41,6.0588
20230826,Bengaluru Rural,13.2844,77.6078,24.92,74.42,2.44,5.1691
20230827,Bengaluru Rural,13.2844,77.6078,25.68,69.28,2.51,5.2046
20230828,Bengaluru Rural,13.2844,77.6078,26.41,64.44,3.28,6.5719
20230829,Bengaluru Rural,13.2844,77.6078,26.29,64.58,3.51,5.7398
20230830,Bengaluru Rural,13.2844,77.6078,26.35,68.22,3.26,5.58
20230831,Bengaluru Rural,13.2844,77.6078,24.71,78.8,2.06,4.837
20230901,Bengaluru Rural,13.2844,77.6078,25.44,78.99,1.18,5.6386
20230902,Bengaluru Rural,13.2844,77.6078,23.88,81.85,3.03,5.2042
20230903,Bengaluru Rural,13.2844,77.6078,23.25,78.07,3.05,4.2662
20230904,Bengaluru Rural,13.2844,77.6078,22.3,77.32,4.7,2.3266
20230905,Bengaluru Rural,13.2844,77.6078,23.36,77.63,4.24,2.9412
20230906,Bengaluru Rural,13.2844,77.6078,23.24,80.37,3.36,5.2934
20230907,Bengaluru Rural,13.2844,77.6078,24.35,75.19,3.85,5.6842
20230908,Bengaluru Rural,13.2844,77.6078,24.37,74.9,4.13,5.179
20230909,Bengaluru Rural,13.2844,77.6078,23.97,74.66,3.89,5.9688
20230910,Bengaluru Rural,13.2844,77.6078,24.69,74.65,3.47,4.8228
20230911,Bengaluru Rural,13.2844,77.6078,23.69,78.31,3.69,3.7289
20230912,Bengaluru Rural,13.2844,77.6078,24.68,73.58,3.95,5.7521
20230913,Bengaluru Rural,13.2844,77.6078,24.91,70.09,4.13,5.3494
20230914,Bengaluru Rural,13.2844,77.6078,24.59,73.78,3.5,5.0508
20230915,Bengaluru Rural,13.2844,77.6078,24.06,75.19,3.91,4.6385
20230916,Bengaluru Rural,13.2844,77.6078,24.65,76.97,3.91,4.4105
20230917,Bengaluru Rural,13.2844,77.6078,24.45,78.36,3.11,4.5842
20230918,Bengaluru Rural,13.2844,77.6078,24.39,79.48,2.82,5.0942
20230919,Bengaluru Rural,13.2844,77.6078,24.75,76.72,2.9,5.9177
20230920,Bengaluru Rural,13.2844,77.6078,24.2,79.93,2.59,5.2951
20230921,Bengaluru Rural,13.2844,77.6078,22.52,86.9,1.72,3.9382
20230922,Bengaluru Rural,13.2844,77.6078,24.34,82.18,1.62,5.5421
20230923,Bengaluru Rural,13.2844,77.6078,23.35,88.48,1.75,5.0654
20230924,Bengaluru Rural,13.2844,77.6078,22.96,88.65,2.46,4.9968
20230925,Bengaluru Rural,13.2844,77.6078,22.08,88.33,2.73,4.897
20230926,Bengaluru Rural,13.2844,77.6078,23.5,83.07,2.25,5.8728
20230927,Bengaluru Rural,13.2844,77.6078,23.45,79.99,2.37,4.3838
20230928,Bengaluru Rural,13.2844,77.6078,22.74,84.18,2.69,4.9534
20230929,Bengaluru Rural,13.2844,77.6078,23.67,82.79,3.32,4.6618
20230930,Bengaluru Rural,13.2844,77.6078,23.22,75.95,4.06,4.5185
20231001,Bengaluru Rural,13.2844,77.6078,23.97,76.54,4.37,5.1761
20231002,Bengaluru Rural,13.2844,77.6078,24.13,75.68,3.85,4.8703
20231003,Bengaluru Rural,13.2844,77.6078,24.18,77.93,2.53,5.7523
20231004,Bengaluru Rural,13.2844,77.6078,23.95,79.74,1.8,5.201
20231005,Bengaluru Rural,13.2844,77.6078,24.41,80.01,1.91,4.5062
20231006,Bengaluru Rural,13.2844,77.6078,23.79,79.24,1.36,4.8259
20231007,Bengaluru Rural,13.2844,77.6078,25.03,75.14,1.29,4.8101
20231008,Bengaluru Rural,13.2844,77.6078,24.52,78.85,1.11,5.1458
20231009,Bengaluru Rural,13.2844,77.6078,24.38,82.6,1.28,4.255
20231010,Bengaluru Rural,13.2844,77.6078,24.49,79.35,0.77,4.8574
20231011,Bengaluru Rural,13.2844,77.6078,23.99,81.67,1.74,4.363
20231012,Bengaluru Rural,13.2844,77.6078,23.69,72.49,2.15,5.629
20231013,Bengaluru Rural,13.2844,77.6078,23.24,69.6,2.17,6.3607
20231014,Bengaluru Rural,13.2844,77.6078,23.48,71.04,2.01,6.1315
20231015,Bengaluru Rural,13.2844,77.6078,24.13,72.34,1.8,5.495
20231016,Bengaluru Rural,13.2844,77.6078,24.25,76.99,1.97,4.2926
20231017,Bengaluru Rural,13.2844,77.6078,24.75,73.22,1.88,5.5265
20231018,Bengaluru Rural,13.2844,77.6078,24.18,72.78,2.17,6.0828
20231019,Bengaluru Rural,13.2844,77.6078,24.22,68.88,2.25,5.6338
20231020,Bengaluru Rural,13.2844,77.6078,24.32,70.31,2.33,5.3678
20231021,Bengaluru Rural,13.2844,77.6078,24.4,71.46,2.47,4.8984
20231022,Bengaluru Rural,13.2844,77.6078,24.22,70.09,2.09,5.5229
20231023,Bengaluru Rural,13.2844,77.6078,23.34,58.46,2.14,5.7617
20231024,Bengaluru Rural,13.2844,77.6078,22.8,53.32,1.7,6.0845
20231025,Bengaluru Rural,13.2844,77.6078,22.69,59.99,1.54,6.4574
20231026,Bengaluru Rural,13.2844,77.6078,22.7,61.89,1.6,6.2105
20231027,Bengaluru Rural,13.2844,77.6078,23.8,68.85,2.14,5.9297
20231028,Bengaluru Rural,13.2844,77.6078,24.8,70.49,2.23,4.5607
20231029,Bengaluru Rural,13.2844,77.6078,24.63,75.03,2.11,4.3639
20231030,Bengaluru Rural,13.2844,77.6078,23.14,81.64,2.12,4.2
20231031,Bengaluru Rural,13.2844,77.6078,23.21,77.96,2.0,3.6185
20231101,Bengaluru Rural,13.2844,77.6078,24.19,67.9,2.16,3.8659
20231102,Bengaluru Rural,13.2844,77.6078,24.97,73.0,2.17,4.6296
20231103,Bengaluru Rural,13.2844,77.6078,25.23,72.93,2.43,4.5451
20231104,Bengaluru Rural,13.2844,77.6078,24.26,76.7,2.18,4.2374
20231105,Bengaluru Rural,13.2844,77.6078,24.26,76.88,2.7,3.8369
20231106,Bengaluru Rural,13.2844,77.6078,23.39,81.0,1.47,4.0949
20231107,Bengaluru Rural,13.2844,77.6078,23.7,82.91,1.99,4.0284
20231108,Bengaluru Rural,13.2844,77.6078,23.87,79.71,1.88,3.9091
20231109,Bengaluru Rural,13.2844,77.6078,23.04,78.92,2.34,4.1167
20231110,Bengaluru Rural,13.2844,77.6078,23.39,75.6,2.2,4.601
20231111,Bengaluru Rural,13.2844,77.6078,23.22,66.39,2.76,5.6825
20231112,Bengaluru Rural,13.2844,77.6078,22.54,69.79,2.89,4.7278
20231113,Bengaluru Rural,13.2844,77.6078,22.64,72.51,2.94,5.1384
20231114,Bengaluru Rural,13.2844,77.6078,21.72,73.24,2.69,2.6376
20231115,Bengaluru Rural,13.2844,77.6078,22.45,72.23,2.2,4.4954
20231116,Bengaluru Rural,13.2844,77.6078,23.47,66.08,1.48,4.7544
20231117,Bengaluru Rural,13.2844,77.6078,24.18,69.86,1.94,4.8326
20231118,Bengaluru Rural,13.2844,77.6078,24.3,69.02,2.67,4.5768
20231119,Bengaluru Rural,13.2844,77.6078,24.02,69.93,3.07,5.575
20231120,Bengaluru Rural,13.2844,77.6078,23.42,72.79,2.98,5.2606
20231121,Bengaluru Rural,13.2844,77.6078,23.18,81.98,3.12,2.7991
20231122,Bengaluru Rural,13.2844,77.6078,24.05,80.97,2.5,3.0782
20231123,Bengaluru Rural,13.2844,77.6078,23.63,78.62,2.52,3.5222
20231124,Bengaluru Rural,13.2844,77.6078,23.99,80.02,2.31,3.9156
20231125,Bengaluru Rural,13.2844,77.6078,23.16,81.03,2.63,2.9707
20231126,Bengaluru Rural,13.2844,77.6078,23.35,72.64,3.37,4.2934
20231127,Bengaluru Rural,13.2844,77.6078,23.46,75.04,2.66,2.9225
20231128,Bengaluru Rural,13.2844,77.6078,23.76,73.98,2.39,4.5598
20231129,Bengaluru Rural,13.2844,77.6078,23.4,78.41,2.46,4.2146
20231130,Bengaluru Rural,13.2844,77.6078,23.16,76.9,2.66,4.1035
20231201,Bengaluru Rural,13.2844,77.6078,23.09,77.02,2.33,2.9743
20231202,Bengaluru Rural,13.2844,77.6078,22.72,78.82,3.36,4.3126
20231203,Bengaluru Rural,13.2844,77.6078,22.88,84.26,4.07,2.2447
20231204,Bengaluru Rural,13.2844,77.6078,22.27,82.01,3.98,2.0892
20231205,Bengaluru Rural,13.2844,77.6078,22.51,76.86,3.44,2.6537
20231206,Bengaluru Rural,13.2844,77.6078,24.11,69.14,1.22,4.7842
20231207,Bengaluru Rural,13.2844,77.6078,24.48,76.25,1.18,3.8777
20231208,Bengaluru Rural,13.2844,77.6078,22.79,82.72,2.44,3.0322
20231209,Bengaluru Rural,13.2844,77.6078,21.59,81.72,2.75,2.9165
20231210,Bengaluru Rural,13.2844,77.6078,23.12,72.13,2.36,3.9658
20231211,Bengaluru Rural,13.2844,77.6078,22.25,70.56,2.19,3.8669
20231212,Bengaluru Rural,13.2844,77.6078,21.21,71.64,2.35,4.6577
20231213,Bengaluru Rural,13.2844,77.6078,20.19,71.33,2.53,5.2349
20231214,Bengaluru Rural,13.2844,77.6078,20.29,70.57,2.43,4.5542
20231215,Bengaluru Rural,13.2844,77.6078,21.99,74.28,2.44,3.8818
20231216,Bengaluru Rural,13.2844,77.6078,23.44,76.8,3.2,2.6196
20231217,Bengaluru Rural,13.2844,77.6078,22.44,76.42,3.32,3.0545
20231218,Bengaluru Rural,13.2844,77.6078,21.84,77.37,3.22,2.982
20231219,Bengaluru Rural,13.2844,77.6078,21.51,71.74,3.4,4.9613
20231220,Bengaluru Rural,13.2844,77.6078,21.39,71.8,2.85,3.887
20231221,Bengaluru Rural,13.2844,77.6078,22.26,70.53,2.05,4.6651
20231222,Bengaluru Rural,13.2844,77.6078,21.47,68.24,1.96,4.1928
20231223,Bengaluru Rural,13.2844,77.6078,20.5,65.42,2.23,5.0354
20231224,Bengaluru Rural,13.2844,77.6078,21.17,70.0,2.54,5.4636
20231225,Bengaluru Rural,13.2844,77.6078,22.15,69.61,2.78,4.9498
20231226,Bengaluru Rural,13.2844,77.6078,21.02,65.64,2.74,5.5867
20231227,Bengaluru Rural,13.2844,77.6078,20.69,67.64,2.93,5.7343
20231228,Bengaluru Rural,13.2844,77.6078,21.61,70.97,2.93,5.6774
20231229,Bengaluru Rural,13.2844,77.6078,22.33,71.27,3.0,5.209
20231230,Bengaluru Rural,13.2844,77.6078,22.17,64.09,2.74,5.7065
20231231,Bengaluru Rural,13.2844,77.6078,21.15,64.83,2.52,5.6251
20240101,Bengaluru Rural,13.2844,77.6078,21.88,65.77,1.63,5.2663
20240102,Bengaluru Rural,13.2844,77.6078,22.2,65.47,2.43,4.5343
20240103,Bengaluru Rural,13.2844,77.6078,22.13,67.17,2.4,3.4452
20240104,Bengaluru Rural,13.2844,77.6078,21.37,74.42,2.25,2.4211
20240105,Bengaluru Rural,13.2844,77.6078,22.98,67.43,2.02,3.3557
20240106,Bengaluru Rural,13.2844,77.6078,21.69,65.35,2.82,4.5298
20240107,Bengaluru Rural,13.2844,77.6078,21.91,69.19,3.67,5.0856
20240108,Bengaluru Rural,13.2844,77.6078,22.2,75.17,4.04,1.9757
20240109,Bengaluru Rural,13.2844,77.6078,22.57,70.73,3.8,3.9029
20240110,Bengaluru Rural,13.2844,77.6078,22.53,63.06,3.57,4.3366
20240111,Bengaluru Rural,13.2844,77.6078,22.44,59.75,3.1,5.4701
20240112,Bengaluru Rural,13.2844,77.6078,22.28,66.16,3.61,5.6578
20240113,Bengaluru Rural,13.2844,77.6078,23.24,63.54,2.87,4.9591
20240114,Bengaluru Rural,13.2844,77.6078,22.77,62.73,2.45,4.9411
20240115,Bengaluru Rural,13.2844,77.6078,22.69,59.92,2.16,5.1622
20240116,Bengaluru Rural,13.2844,77.6078,22.71,62.69,1.89,4.8518
20240117,Bengaluru Rural,13.2844,77.6078,23.34,61.03,2.08,5.4943
20240118,Bengaluru Rural,13.2844,77.6078,23.73,58.65,2.17,4.817
20240119,Bengaluru Rural,13.2844,77.6078,23.93,57.24,2.34,5.0453
20240120,Bengaluru Rural,13.2844,77.6078,24.54,57.92,2.08,5.3194
20240121,Bengaluru Rural,13.2844,77.6078,24.39,55.0,2.13,5.6981
20240122,Bengaluru Rural,13.2844,77.6078,25.14,55.64,2.12,5.533
20240123,Bengaluru Rural,13.2844,77.6078,24.39,56.22,2.35,5.8632
20240124,Bengaluru Rural,13.2844,77.6078,24.78,55.45,2.0,5.3652
20240125,Bengaluru Rural,13.2844,77.6078,24.69,56.77,2.81,5.0563
20240126,Bengaluru Rural,13.2844,77.6078,23.58,55.26,3.17,5.9938
20240127,Bengaluru Rural,13.2844,77.6078,23.26,59.27,3.54,5.8346
20240128,Bengaluru Rural,13.2844,77.6078,23.21,57.64,3.35,5.4948
20240129,Bengaluru Rural,13.2844,77.6078,23.03,52.41,3.2,5.9873
20240130,Bengaluru Rural,13.2844,77.6078,22.79,47.15,2.07,5.7965
20240131,Bengaluru Rural,13.2844,77.6078,24.07,51.48,1.58,6.0434
20240201,Bengaluru Rural,13.2844,77.6078,24.6,49.99,1.43,6.2023
20240202,Bengaluru Rural,13.2844,77.6078,25.85,54.28,1.21,5.6635
20240203,Bengaluru Rural,13.2844,77.6078,26.38,57.17,3.17,4.7038
20240204,Bengaluru Rural,13.2844,77.6078,24.74,54.14,2.99,6.0389
20240205,Bengaluru Rural,13.2844,77.6078,24.39,51.88,3.18,6.335
20240206,Bengaluru Rural,13.2844,77.6078,24.9,49.12,2.91,6.5177
20240207,Bengaluru Rural,13.2844,77.6078,25.11,45.64,2.73,6.539
20240208,Bengaluru Rural,13.2844,77.6078,25.79,41.06,2.74,6.0859
20240209,Bengaluru Rural,13.2844,77.6078,25.46,47.65,3.1,6.277
20240210,Bengaluru Rural,13.2844,77.6078,24.92,53.93,3.53,6.2174
20240211,Bengaluru Rural,13.2844,77.6078,24.61,52.27,3.56,6.5534
20240212,Bengaluru Rural,13.2844,77.6078,23.91,48.89,3.3,6.8707
20240213,Bengaluru Rural,13.2844,77.6078,23.69,52.55,3.15,6.845
20240214,Bengaluru Rural,13.2844,77.6078,25.25,52.88,3.54,6.5796
20240215,Bengaluru Rural,13.2844,77.6078,25.04,43.1,3.78,6.463
20240216,Bengaluru Rural,13.2844,77.6078,24.19,43.02,3.91,6.8904
20240217,Bengaluru Rural,13.2844,77.6078,24.43,41.13,3.2,6.984
20240218,Bengaluru Rural,13.2844,77.6078,24.84,35.68,2.2,6.8782
20240219,Bengaluru Rural,13.2844,77.6078,25.55,43.64,2.32,6.7735
20240220,Bengaluru Rural,13.2844,77.6078,26.3,45.9,2.27,6.5998
20240221,Bengaluru Rural,13.2844,77.6078,26.83,40.28,2.52,6.0545
20240222,Bengaluru Rural,13.2844,77.6078,26.2,35.05,1.73,6.8592
20240223,Bengaluru Rural,13.2844,77.6078,26.97,40.4,1.8,6.9007
20240224,Bengaluru Rural,13.2844,77.6078,28.19,50.56,1.75,6.1942
20240225,Bengaluru Rural,13.2844,77.6078,27.35,53.08,3.62,5.3482
20240226,Bengaluru Rural,13.2844,77.6078,26.29,52.06,4.16,6.6862
20240227,Bengaluru Rural,13.2844,77.6078,26.48,50.07,3.61,6.9218
20240228,Bengaluru Rural,13.2844,77.6078,26.2,40.89,3.34,7.1282
20240229,Bengaluru Rural,13.2844,77.6078,25.65,33.79,3.64,7.2026
20240301,Bengaluru Rural,13.2844,77.6078,25.72,39.93,3.76,6.7404
20240302,Bengaluru Rural,13.2844,77.6078,26.81,33.59,2.67,6.6458
20240303,Bengaluru Rural,13.2844,77.6078,27.01,35.92,1.68,6.7654
20240304,Bengaluru Rural,13.2844,77.6078,28.33,39.4,2.36,6.4241
20240305,Bengaluru Rural,13.2844,77.6078,28.75,35.22,2.79,7.0373
20240306,Bengaluru Rural,13.2844,77.6078,28.7,33.49,2.26,6.3379
20240307,Bengaluru Rural,13.2844,77.6078,28.53,31.31,1.83,6.5606
20240308,Bengaluru Rural,13.2844,77.6078,28.99,30.74,2.2,6.0386
20240309,Bengaluru Rural,13.2844,77.6078,29.34,35.77,2.83,6.0977
20240310,Bengaluru Rural,13.2844,77.6078,29.09,40.08,3.34,6.1051
20240311,Bengaluru Rural,13.2844,77.6078,28.39,44.49,3.15,5.8915
20240312,Bengaluru Rural,13.2844,77.6078,28.54,39.42,2.76,6.0408
20240313,Bengaluru Rural,13.2844,77.6078,29.27,35.18,1.9,5.8846
20240314,Bengaluru Rural,13.2844,77.6078,29.58,35.13,1.85,5.8339
20240315,Bengaluru Rural,13.2844,77.6078,30.35,31.73,2.25,5.8358
20240316,Bengaluru Rural,13.2844,77.6078,29.44,36.02,3.6,6.2278
20240317,Bengaluru Rural,13.2844,77.6078,28.61,38.28,3.76,6.8179
20240318,Bengaluru Rural,13.2844,77.6078,28.67,33.47,2.36,6.4154
20240319,Bengaluru Rural,13.2844,77.6078,29.27,32.13,2.97,6.583
20240320,Bengaluru Rural,13.2844,77.6078,28.79,36.12,2.75,6.6787
20240321,Bengaluru Rural,13.2844,77.6078,28.0,47.18,3.13,6.2438
20240322,Bengaluru Rural,13.2844,77.6078,28.35,44.95,2.87,6.3718
20240323,Bengaluru Rural,13.2844,77.6078,29.21,42.34,3.03,7.0498
20240324,Bengaluru Rural,13.2844,77.6078,29.29,34.45,3.25,7.1568
20240325,Bengaluru Rural,13.2844,77.6078,28.73,34.71,3.74,6.9442
20240326,Bengaluru Rural,13.2844,77.6078,29.02,30.92,3.99,7.0193
20240327,Bengaluru Rural,13.2844,77.6078,28.6,23.44,3.95,7.469
20240328,Bengaluru Rural,13.2844,77.6078,28.88,26.29,3.49,7.3308
20240329,Bengaluru Rural,13.2844,77.6078,29.59,33.09,3.77,7.0882
20240330,Bengaluru Rural,13.2844,77.6078,29.71,29.92,3.83,7.3766
20240331,Bengaluru Rural,13.2844,77.6078,28.82,29.15,2.98,7.7705
20240401,Bengaluru Rural,13.2844,77.6078,28.85,37.4,2.44,7.6459
20240402,Bengaluru Rural,13.2844,77.6078,30.09,38.37,3.24,7.4057
20240403,Bengaluru Rural,13.2844,77.6078,30.1,32.48,3.49,7.1782
20240404,Bengaluru Rural,13.2844,77.6078,30.24,33.81,3.76,7.5127
20240405,Bengaluru Rural,13.2844,77.6078,30.71,30.65,3.5,7.1582
20240406,Bengaluru Rural,13.2844,77.6078,31.38,25.09,3.73,7.1702
20240407,Bengaluru Rural,13.2844,77.6078,31.17,27.04,3.88,6.9718
20240408,Bengaluru Rural,13.2844,77.6078,30.54,28.79,3.12,7.3104
20240409,Bengaluru Rural,13.2844,77.6078,29.61,42.88,4.16,7.5067
20240410,Bengaluru Rural,13.2844,77.6078,29.78,41.02,3.61,7.4242
20240411,Bengaluru Rural,13.2844,77.6078,30.24,41.77,3.38,7.561
20240412,Bengaluru Rural,13.2844,77.6078,30.05,45.04,3.87,6.9031
20240413,Bengaluru Rural,13.2844,77.6078,29.73,41.23,3.61,6.8196
20240414,Bengaluru Rural,13.2844,77.6078,29.93,39.77,3.34,7.4333
20240415,Bengaluru Rural,13.2844,77.6078,30.14,36.53,3.8,7.6634
20240416,Bengaluru Rural,13.2844,77.6078,30.5,39.5,3.72,7.3006
20240417,Bengaluru Rural,13.2844,77.6078,31.49,37.64,3.1,5.6203
20240418,Bengaluru Rural,13.2844,77.6078,32.75,33.71,2.91,6.0612
20240419,Bengaluru Rural,13.2844,77.6078,32.76,35.48,2.34,5.6371
20240420,Bengaluru Rural,13.2844,77.6078,32.6,34.01,2.32,4.5142
20240421,Bengaluru Rural,13.2844,77.6078,32.58,32.5,2.74,6.5918
20240422,Bengaluru Rural,13.2844,77.6078,31.54,35.31,3.19,6.7133
20240423,Bengaluru Rural,13.2844,77.6078,31.24,34.99,3.83,7.6711
20240424,Bengaluru Rural,13.2844,77.6078,30.76,31.15,3.52,7.7726
20240425,Bengaluru Rural,13.2844,77.6078,31.77,33.16,3.36,7.2523
20240426,Bengaluru Rural,13.2844,77.6078,31.11,34.45,3.53,7.4808
20240427,Bengaluru Rural,13.2844,77.6078,30.67,31.54,3.45,7.7753
20240428,Bengaluru Rural,13.2844,77.6078,31.82,30.4,3.59,7.285
20240429,Bengaluru Rural,13.2844,77.6078,31.75,31.63,3.41,7.5278
20240430,Bengaluru Rural,13.2844,77.6078,31.8,29.22,3.13,7.6102
20240501,Bengaluru Rural,13.2844,77.6078,32.33,39.59,2.07,6.5914
20240502,Bengaluru Rural,13.2844,77.6078,32.91,40.27,1.6,6.6132
20240503,Bengaluru Rural,13.2844,77.6078,33.05,40.78,2.62,5.9796
20240504,Bengaluru Rural,13.2844,77.6078,32.44,41.23,2.89,7.38
20240505,Bengaluru Rural,13.2844,77.6078,32.31,36.05,2.48,7.1741
20240506,Bengaluru Rural,13.2844,77.6078,31.54,45.36,2.27,6.7466
20240507,Bengaluru Rural,13.2844,77.6078,29.97,57.19,2.46,6.4848
20240508,Bengaluru Rural,13.2844,77.6078,28.22,64.88,1.88,6.1361
20240509,Bengaluru Rural,13.2844,77.6078,28.5,62.35,2.18,6.067
20240510,Bengaluru Rural,13.2844,77.6078,28.08,62.66,1.74,5.3786
20240511,Bengaluru Rural,13.2844,77.6078,28.74,58.52,2.26,6.2141
20240512,Bengaluru Rural,13.2844,77.6078,28.17,63.88,1.78,5.7218
20240513,Bengaluru Rural,13.2844,77.6078,27.5,68.04,2.33,4.3853
20240514,Bengaluru Rural,13.2844,77.6078,27.26,64.99,2.31,5.5625
20240515,Bengaluru Rural,13.2844,77.6078,28.14,58.05,3.05,6.0365
20240516,Bengaluru Rural,13.2844,77.6078,27.17,63.22,2.25,4.4916
20240517,Bengaluru Rural,13.2844,77.6078,27.41,60.74,1.64,4.3044
20240518,Bengaluru Rural,13.2844,77.6078,27.07,68.93,1.43,5.4401
20240519,Bengaluru Rural,13.2844,77.6078,26.03,74.29,1.9,5.0561
20240520,Bengaluru Rural,13.2844,77.6078,24.61,72.9,1.57,4.9505
20240521,Bengaluru Rural,13.2844,77.6078,26.31,68.91,2.26,5.8027
20240522,Bengaluru Rural,13.2844,77.6078,27.7,63.63,2.68,6.2688
20240523,Bengaluru Rural,13.2844,77.6078,28.09,64.19,2.52,6.5923
20240524,Bengaluru Rural,13.2844,77.6078,28.11,65.24,2.2,4.8785
20240525,Bengaluru Rural,13.2844,77.6078,24.91,73.79,4.75,4.4969
20240526,Bengaluru Rural,13.2844,77.6078,26.45,69.46,5.32,3.7145
20240527,Bengaluru Rural,13.2844,77.6078,26.94,70.27,4.8,4.7448
20240528,Bengaluru Rural,13.2844,77.6078,27.5,64.56,4.83,6.1774
20240529,Bengaluru Rural,13.2844,77.6078,27.0,67.96,4.71,6.1999
20240530,Bengaluru Rural,13.2844,77.6078,27.53,68.87,3.44,6.727
20240531,Bengaluru Rural,13.2844,77.6078,28.16,67.12,3.65,7.008
20240601,Bengaluru Rural,13.2844,77.6078,27.03,76.15,3.11,6.1306
20240602,Bengaluru Rural,13.2844,77.6078,25.59,78.03,2.04,6.3761
20240603,Bengaluru Rural,13.2844,77.6078,26.33,72.48,1.92,4.4484
20240604,Bengaluru Rural,13.2844,77.6078,25.53,78.87,1.77,4.9229
20240605,Bengaluru Rural,13.2844,77.6078,24.9,81.19,2.38,5.3465
20240606,Bengaluru Rural,13.2844,77.6078,25.21,79.01,2.4,5.219
20240607,Bengaluru Rural,13.2844,77.6078,24.62,78.35,3.05,4.7134
20240608,Bengaluru Rural,13.2844,77.6078,24.79,75.65,4.39,5.6309
20240609,Bengaluru Rural,13.2844,77.6078,24.89,74.43,5.77,5.3597
20240610,Bengaluru Rural,13.2844,77.6078,24.37,74.62,5.72,5.0364
20240611,Bengaluru Rural,13.2844,77.6078,23.09,74.07,5.29,5.1014
20240612,Bengaluru Rural,13.2844,77.6078,23.44,75.02,5.16,4.8881
20240613,Bengaluru Rural,13.2844,77.6078,23.78,69.45,4.97,4.9123
20240614,Bengaluru Rural,13.2844,77.6078,23.35,65.4,4.23,5.7936
20240615,Bengaluru Rural,13.2844,77.6078,24.63,74.23,3.28,6.1267
20240616,Bengaluru Rural,13.2844,77.6078,25.35,69.81,3.82,5.7977
20240617,Bengaluru Rural,13.2844,77.6078,25.36,69.1,2.92,6.0881
20240618,Bengaluru Rural,13.2844,77.6078,24.18,77.39,3.52,5.4967
20240619,Bengaluru Rural,13.2844,77.6078,23.99,72.77,4.02,5.7619
20240620,Bengaluru Rural,13.2844,77.6078,24.87,73.23,4.56,5.7694
20240621,Bengaluru Rural,13.2844,77.6078,24.41,75.22,4.78,4.9939
20240622,Bengaluru Rural,13.2844,77.6078,24.04,72.86,4.0,5.1696
20240623,Bengaluru Rural,13.2844,77.6078,23.73,78.18,4.41,5.4046
20240624,Bengaluru Rural,13.2844,77.6078,23.87,76.4,4.89,4.764
20240625,Bengaluru Rural,13.2844,77.6078,23.64,73.42,5.8,5.1166
20240626,Bengaluru Rural,13.2844,77.6078,22.98,70.11,6.71,4.7642
20240627,Bengaluru Rural,13.2844,77.6078,22.25,71.97,6.61,4.2859
20240628,Bengaluru Rural,13.2844,77.6078,24.01,66.49,5.27,5.1358
20240629,Bengaluru Rural,13.2844,77.6078,24.97,72.5,4.6,4.8298
20240630,Bengaluru Rural,13.2844,77.6078,24.47,71.7,4.28,3.7666
20240701,Bengaluru Rural,13.2844,77.6078,23.29,76.7,5.57,3.8705
20240702,Bengaluru Rural,13.2844,77.6078,25.2,66.17,5.26,5.5675
20240703,Bengaluru Rural,13.2844,77.6078,24.78,75.62,4.63,5.0587
20240704,Bengaluru Rural,13.2844,77.6078,25.46,70.46,4.62,4.2533
20240705,Bengaluru Rural,13.2844,77.6078,23.43,75.36,4.3,4.8434
20240706,Bengaluru Rural,13.2844,77.6078,24.29,76.31,5.34,3.8794
20240707,Bengaluru Rural,13.2844,77.6078,24.35,73.44,4.78,4.3586
20240708,Bengaluru Rural,13.2844,77.6078,23.67,75.87,4.67,4.4182
20240709,Bengaluru Rural,13.2844,77.6078,24.13,76.92,4.29,3.75
20240710,Bengaluru Rural,13.2844,77.6078,24.18,76.75,3.35,5.8214
20240711,Bengaluru Rural,13.2844,77.6078,24.98,70.36,4.49,4.9229
20240712,Bengaluru Rural,13.2844,77.6078,23.87,71.21,4.54,5.3729
20240713,Bengaluru Rural,13.2844,77.6078,23.75,73.6,5.69,4.9363
20240714,Bengaluru Rural,13.2844,77.6078,23.89,76.81,6.24,3.7754
20240715,Bengaluru Rural,13.2844,77.6078,23.45,83.31,6.0,2.6599
20240716,Bengaluru Rural,13.2844,77.6078,24.34,77.93,6.63,3.3886
20240717,Bengaluru Rural,13.2844,77.6078,23.93,79.45,6.51,3.7495
20240718,Bengaluru Rural,13.2844,77.6078,24.26,77.79,7.06,3.9734
20240719,Bengaluru Rural,13.2844,77.6078,23.79,79.9,7.14,2.9945
20240720,Bengaluru Rural,13.2844,77.6078,23.79,78.99,6.35,3.2129
20240721,Bengaluru Rural,13.2844,77.6078,24.56,75.06,6.4,3.785
20240722,Bengaluru Rural,13.2844,77.6078,24.24,73.47,6.48,4.0682
20240723,Bengaluru Rural,13.2844,77.6078,24.21,71.79,6.76,3.7222
20240724,Bengaluru Rural,13.2844,77.6078,24.14,72.98,6.77,3.8335
20240725,Bengaluru Rural,13.2844,77.6078,24.5,72.73,7.4,3.4601
20240726,Bengaluru Rural,13.2844,77.6078,24.75,72.56,6.87,3.3007
20240727,Bengaluru Rural,13.2844,77.6078,24.57,72.37,6.61,4.5403
20240728,Bengaluru Rural,13.2844,77.6078,25.1,71.27,6.4,3.8983
20240729,Bengaluru Rural,13.2844,77.6078,25.29,74.57,5.53,4.8566
20240730,Bengaluru Rural,13.2844,77.6078,24.37,78.28,4.71,3.4591
20240731,Bengaluru Rural,13.2844,77.6078,24.39,80.36,4.5,4.0634
20240801,Bengaluru Rural,13.2844,77.6078,24.94,76.99,5.18,4.4633
20240802,Bengaluru Rural,13.2844,77.6078,24.3,76.18,5.01,4.2763
20240803,Bengaluru Rural,13.2844,77.6078,23.51,77.54,4.43,4.211
20240804,Bengaluru Rural,13.2844,77.6078,23.53,77.47,4.3,5.2783
20240805,Bengaluru Rural,13.2844,77.6078,24.65,74.3,3.11,4.9157
20240806,Bengaluru Rural,13.2844,77.6078,24.05,80.85,3.33,4.5878
20240807,Bengaluru Rural,13.2844,77.6078,23.29,82.64,3.41,3.1745
20240808,Bengaluru Rural,13.2844,77.6078,24.04,77.53,3.2,3.9425
20240809,Bengaluru Rural,13.2844,77.6078,24.98,76.22,2.74,4.6512
20240810,Bengaluru Rural,13.2844,77.6078,24.47,79.04,2.63,4.1806
20240811,Bengaluru Rural,13.2844,77.6078,24.4,80.3,3.08,5.1194
20240812,Bengaluru Rural,13.2844,77.6078,23.91,87.3,2.42,4.632
20240813,Bengaluru Rural,13.2844,77.6078,25.38,81.12,1.71,6.3329
20240814,Bengaluru Rural,13.2844,77.6078,25.72,78.69,1.22,5.893
20240815,Bengaluru Rural,13.2844,77.6078,26.2,74.39,1.71,5.819
20240816,Bengaluru Rural,13.2844,77.6078,25.91,77.41,1.78,4.8564
20240817,Bengaluru Rural,13.2844,77.6078,25.42,83.0,2.27,5.5426
20240818,Bengaluru Rural,13.2844,77.6078,25.66,75.62,1.85,5.4912
20240819,Bengaluru Rural,13.2844,77.6078,25.38,75.73,1.72,5.6093
20240820,Bengaluru Rural,13.2844,77.6078,25.33,78.32,1.92,5.9369
20240821,Bengaluru Rural,13.2844,77.6078,24.65,82.3,2.97,6.1577
20240822,Bengaluru Rural,13.2844,77.6078,24.14,82.47,3.51,6.0281
20240823,Bengaluru Rural,13.2844,77.6078,24.3,80.36,3.36,6.133
20240824,Bengaluru Rural,13.2844,77.6078,23.38,79.82,4.42,4.9829
20240825,Bengaluru Rural,13.2844,77.6078,23.36,82.83,4.15,5.2574
20240826,Bengaluru Rural,13.2844,77.6078,24.2,77.33,4.81,5.3294
20240827,Bengaluru Rural,13.2844,77.6078,23.5,81.53,3.68,5.1077
20240828,Bengaluru Rural,13.2844,77.6078,23.46,79.65,3.82,4.0944
20240829,Bengaluru Rural,13.2844,77.6078,24.09,79.65,4.15,4.1323
20240830,Bengaluru Rural,13.2844,77.6078,23.38,84.48,4.26,3.7018
20240831,Bengaluru Rural,13.2844,77.6078,22.53,84.09,4.97,2.4094
20240901,Bengaluru Rural,13.2844,77.6078,23.31,76.58,5.41,4.7935
20240902,Bengaluru Rural,13.2844,77.6078,22.99,77.82,4.96,5.1566
20240903,Bengaluru Rural,13.2844,77.6078,24.01,78.79,3.72,4.8377
20240904,Bengaluru Rural,13.2844,77.6078,24.0,81.73,3.75,4.0027
20240905,Bengaluru Rural,13.2844,77.6078,23.61,84.22,3.63,5.2786
20240906,Bengaluru Rural,13.2844,77.6078,23.03,86.24,3.88,4.0358
20240907,Bengaluru Rural,13.2844,77.6078,23.39,84.35,3.72,5.2078
20240908,Bengaluru Rural,13.2844,77.6078,23.39,82.79,3.85,4.2586
20240909,Bengaluru Rural,13.2844,77.6078,24.33,78.13,4.34,5.0683
20240910,Bengaluru Rural,13.2844,77.6078,24.11,79.88,4.29,4.6498
20240911,Bengaluru Rural,13.2844,77.6078,24.2,76.92,3.85,5.3177
20240912,Bengaluru Rural,13.2844,77.6078,23.62,79.28,3.5,4.7515
20240913,Bengaluru Rural,13.2844,77.6078,24.2,75.08,3.28,6.0818
20240914,Bengaluru Rural,13.2844,77.6078,24.13,73.89,3.25,6.12
20240915,Bengaluru Rural,13.2844,77.6078,24.09,74.83,3.85,5.5594
20240916,Bengaluru Rural,13.2844,77.6078,24.0,75.6,3.9,5.376
20240917,Bengaluru Rural,13.2844,77.6078,24.36,73.43,3.81,5.5154
20240918,Bengaluru Rural,13.2844,77.6078,23.86,72.47,2.96,6.4265
20240919,Bengaluru Rural,13.2844,77.6078,24.36,70.59,2.59,6.5117
20240920,Bengaluru Rural,13.2844,77.6078,24.33,74.12,2.23,5.9196
20240921,Bengaluru Rural,13.2844,77.6078,24.29,77.07,2.83,5.0328
20240922,Bengaluru Rural,13.2844,77.6078,23.52,79.91,3.12,4.9747
20240923,Bengaluru Rural,13.2844,77.6078,23.54,83.3,2.81,4.1755
20240924,Bengaluru Rural,13.2844,77.6078,23.59,86.05,3.38,4.541
20240925,Bengaluru Rural,13.2844,77.6078,23.95,83.2,3.61,3.6646
20240926,Bengaluru Rural,13.2844,77.6078,23.45,79.62,3.01,4.5742
20240927,Bengaluru Rural,13.2844,77.6078,23.75,77.7,2.7,4.639
20240928,Bengaluru Rural,13.2844,77.6078,24.01,78.05,1.44,4.7138
20240929,Bengaluru Rural,13.2844,77.6078,24.74,77.64,1.55,5.0309
20240930,Bengaluru Rural,13.2844,77.6078,25.33,74.59,1.75,6.0614
20241001,Bengaluru Rural,13.2844,77.6078,25.9,68.8,1.52,5.7379
20241002,Bengaluru Rural,13.2844,77.6078,26.27,72.49,1.34,6.2155
20241003,Bengaluru Rural,13.2844,77.6078,23.97,88.45,2.09,4.7662
20241004,Bengaluru Rural,13.2844,77.6078,23.68,88.28,1.69,4.7777
20241005,Bengaluru Rural,13.2844,77.6078,23.67,85.89,2.21,4.651
20241006,Bengaluru Rural,13.2844,77.6078,22.07,84.41,2.13,4.8965
20241007,Bengaluru Rural,13.2844,77.6078,23.09,79.07,2.11,5.4391
20241008,Bengaluru Rural,13.2844,77.6078,24.14,80.67,2.28,5.0998
20241009,Bengaluru Rural,13.2844,77.6078,24.31,81.86,2.4,5.1379
20241010,Bengaluru Rural,13.2844,77.6078,24.13,81.42,2.29,4.4254
20241011,Bengaluru Rural,13.2844,77.6078,23.84,84.69,2.29,4.3915
20241012,Bengaluru Rural,13.2844,77.6078,23.24,85.52,2.11,5.0105
20241013,Bengaluru Rural,13.2844,77.6078,23.2,86.84,2.16,4.8967
20241014,Bengaluru Rural,13.2844,77.6078,22.57,87.57,2.0,2.0088
20241015,Bengaluru Rural,13.2844,77.6078,22.32,91.27,2.07,1.817
20241016,Bengaluru Rural,13.2844,77.6078,22.13,93.17,1.99,1.7813
20241017,Bengaluru Rural,13.2844,77.6078,23.63,90.56,1.86,3.4747
20241018,Bengaluru Rural,13.2844,77.6078,23.87,82.53,1.73,3.8875
20241019,Bengaluru Rural,13.2844,77.6078,22.75,91.3,1.82,3.5388
20241020,Bengaluru Rural,13.2844,77.6078,23.39,86.63,1.24,4.2005
20241021,Bengaluru Rural,13.2844,77.6078,23.75,85.72,1.33,4.4666
20241022,Bengaluru Rural,13.2844,77.6078,23.99,84.73,0.72,4.5238
20241023,Bengaluru Rural,13.2844,77.6078,23.92,82.88,1.18,4.9553
20241024,Bengaluru Rural,13.2844,77.6078,23.12,82.9,1.28,4.4676
20241025,Bengaluru Rural,13.2844,77.6078,22.69,80.19,1.45,5.0616
20241026,Bengaluru Rural,13.2844,77.6078,22.04,78.85,1.72,5.2546
20241027,Bengaluru Rural,13.2844,77.6078,21.58,85.6,1.97,4.4299
20241028,Bengaluru Rural,13.2844,77.6078,22.74,77.41,1.26,5.3191
20241029,Bengaluru Rural,13.2844,77.6078,23.33,81.06,1.34,5.0141
20241030,Bengaluru Rural,13.2844,77.6078,23.66,81.42,1.03,4.3274
20241031,Bengaluru Rural,13.2844,77.6078,23.37,86.14,1.57,4.6229
20241101,Bengaluru Rural,13.2844,77.6078,23.31,85.8,1.59,4.6106
20241102,Bengaluru Rural,13.2844,77.6078,23.1,83.02,1.96,5.5865
20241103,Bengaluru Rural,13.2844,77.6078,22.96,82.32,2.0,5.1247
20241104,Bengaluru Rural,13.2844,77.6078,22.75,83.28,2.31,5.0909
20241105,Bengaluru Rural,13.2844,77.6078,21.84,81.84,2.01,5.1708
20241106,Bengaluru Rural,13.2844,77.6078,21.93,82.51,2.0,5.3767
20241107,Bengaluru Rural,13.2844,77.6078,22.67,85.94,2.29,3.9161
20241108,Bengaluru Rural,13.2844,77.6078,22.86,83.51,2.55,5.5922
20241109,Bengaluru Rural,13.2844,77.6078,22.01,83.31,2.53,5.1792
20241110,Bengaluru Rural,13.2844,77.6078,21.36,82.35,2.01,5.5387
20241111,Bengaluru Rural,13.2844,77.6078,20.97,79.85,2.04,4.8216
20241112,Bengaluru Rural,13.2844,77.6078,20.97,85.23,2.15,2.449
20241113,Bengaluru Rural,13.2844,77.6078,22.66,86.84,2.72,3.5508
20241114,Bengaluru Rural,13.2844,77.6078,23.11,86.21,2.35,3.019
20241115,Bengaluru Rural,13.2844,77.6078,22.78,87.24,2.25,3.2714
20241116,Bengaluru Rural,13.2844,77.6078,22.74,86.71,2.65,3.2453
20241117,Bengaluru Rural,13.2844,77.6078,22.52,84.64,2.43,3.4886
20241118,Bengaluru Rural,13.2844,77.6078,22.7,83.87,2.63,4.0481
20241119,Bengaluru Rural,13.2844,77.6078,21.99,82.6,2.41,3.8026
20241120,Bengaluru Rural,13.2844,77.6078,21.3,81.47,2.05,4.0063
20241121,Bengaluru Rural,13.2844,77.6078,20.99,77.16,1.58,4.3378
20241122,Bengaluru Rural,13.2844,77.6078,20.02,82.01,1.74,5.3942
20241123,Bengaluru Rural,13.2844,77.6078,20.8,76.75,1.41,4.8048
20241124,Bengaluru Rural,13.2844,77.6078,21.61,78.95,1.72,4.589
20241125,Bengaluru Rural,13.2844,77.6078,20.67,81.63,2.44,3.9739
20241126,Bengaluru Rural,13.2844,77.6078,20.37,87.36,2.97,2.4586
20241127,Bengaluru Rural,13.2844,77.6078,21.31,81.68,3.44,3.3528
20241128,Bengaluru Rural,13.2844,77.6078,20.75,74.46,3.1,4.5821
20241129,Bengaluru Rural,13.2844,77.6078,20.74,85.65,3.39,3.5628
20241130,Bengaluru Rural,13.2844,77.6078,21.94,88.52,4.14,1.4419
20241201,Bengaluru Rural,13.2844,77.6078,21.39,93.72,4.27,1.6728
20241202,Bengaluru Rural,13.2844,77.6078,21.91,94.08,4.58,1.278
20241203,Bengaluru Rural,13.2844,77.6078,23.02,88.92,3.42,3.1214
20241204,Bengaluru Rural,13.2844,77.6078,22.6,86.11,2.59,4.0234
20241205,Bengaluru Rural,13.2844,77.6078,22.92,84.72,1.98,4.1695
20241206,Bengaluru Rural,13.2844,77.6078,22.93,81.05,1.52,5.3633
20241207,Bengaluru Rural,13.2844,77.6078,22.82,83.62,1.81,4.9308
20241208,Bengaluru Rural,13.2844,77.6078,22.77,79.29,2.06,5.0441
20241209,Bengaluru Rural,13.2844,77.6078,22.56,83.27,1.67,4.5986
20241210,Bengaluru Rural,13.2844,77.6078,22.6,82.88,1.94,4.4782
20241211,Bengaluru Rural,13.2844,77.6078,22.31,83.8,2.78,3.9144
20241212,Bengaluru Rural,13.2844,77.6078,21.14,91.16,2.99,1.4688
20241213,Bengaluru Rural,13.2844,77.6078,20.96,87.67,2.88,2.5558
20241214,Bengaluru Rural,13.2844,77.6078,20.66,81.86,2.94,4.5199
20241215,Bengaluru Rural,13.2844,77.6078,18.58,81.74,2.46,5.1089
20241216,Bengaluru Rural,13.2844,77.6078,17.39,77.87,1.9,5.447
20241217,Bengaluru Rural,13.2844,77.6078,19.49,78.57,1.49,5.369
20241218,Bengaluru Rural,13.2844,77.6078,20.46,87.47,2.28,2.892
20241219,Bengaluru Rural,13.2844,77.6078,22.47,84.85,2.11,3.5472
20241220,Bengaluru Rural,13.2844,77.6078,22.69,84.17,1.74,3.1788
20241221,Bengaluru Rural,13.2844,77.6078,23.24,78.64,1.11,4.1861
20241222,Bengaluru Rural,13.2844,77.6078,22.4,78.75,1.47,3.9677
20241223,Bengaluru Rural,13.2844,77.6078,21.88,78.22,1.63,3.8765
20241224,Bengaluru Rural,13.2844,77.6078,21.53,78.55,1.6,3.7572
20241225,Bengaluru Rural,13.2844,77.6078,21.61,82.04,2.13,3.1032
20241226,Bengaluru Rural,13.2844,77.6078,22.54,83.61,3.06,2.2814
20241227,Bengaluru Rural,13.2844,77.6078,21.92,83.33,3.5,2.2949
20241228,Bengaluru Rural,13.2844,77.6078,21.18,79.22,2.91,5.3338
20241229,Bengaluru Rural,13.2844,77.6078,20.85,78.65,2.63,5.6993
20241230,Bengaluru Rural,13.2844,77.6078,21.16,75.73,3.14,4.9438
20241231,Bengaluru Rural,13.2844,77.6078,20.68,74.91,2.91,5.7842
20250101,Bengaluru Rural,13.2844,77.6078,20.06,77.19,2.72,5.3614
20250102,Bengaluru Rural,13.2844,77.6078,19.94,77.47,2.48,4.9714
20250103,Bengaluru Rural,13.2844,77.6078,19.5,77.17,2.55,5.4785
20250104,Bengaluru Rural,13.2844,77.6078,18.87,72.66,2.02,5.6899
20250105,Bengaluru Rural,13.2844,77.6078,19.15,70.38,2.14,5.526
20250106,Bengaluru Rural,13.2844,77.6078,19.36,69.91,1.76,5.6532
20250107,Bengaluru Rural,13.2844,77.6078,19.3,71.58,1.73,5.6386
20250108,Bengaluru Rural,13.2844,77.6078,18.63,70.75,2.31,5.3957
20250109,Bengaluru Rural,13.2844,77.6078,19.4,72.1,3.02,5.1919
20250110,Bengaluru Rural,13.2844,77.6078,20.79,75.3,2.61,4.8737
20250111,Bengaluru Rural,13.2844,77.6078,21.82,74.41,2.96,2.2795
20250112,Bengaluru Rural,13.2844,77.6078,21.89,69.72,2.19,5.2646
20250113,Bengaluru Rural,13.2844,77.6078,22.93,76.46,2.55,4.5146
20250114,Bengaluru Rural,13.2844,77.6078,22.52,73.41,3.52,3.0362
20250115,Bengaluru Rural,13.2844,77.6078,21.53,69.27,3.79,4.4376
20250116,Bengaluru Rural,13.2844,77.6078,21.25,72.47,3.29,5.3722
20250117,Bengaluru Rural,13.2844,77.6078,21.03,74.56,3.11,4.5377
20250118,Bengaluru Rural,13.2844,77.6078,21.06,71.04,3.22,5.3455
20250119,Bengaluru Rural,13.2844,77.6078,21.67,78.94,3.16,1.8254
20250120,Bengaluru Rural,13.2844,77.6078,21.16,67.43,2.48,5.6386
20250121,Bengaluru Rural,13.2844,77.6078,20.54,65.37,2.34,5.9095
20250122,Bengaluru Rural,13.2844,77.6078,21.41,65.92,2.26,5.994
20250123,Bengaluru Rural,13.2844,77.6078,21.97,67.36,2.74,5.8226
20250124,Bengaluru Rural,13.2844,77.6078,20.94,63.22,2.51,6.3098
20250125,Bengaluru Rural,13.2844,77.6078,20.37,60.35,2.53,6.4186
20250126,Bengaluru Rural,13.2844,77.6078,19.66,54.71,2.99,6.4865
20250127,Bengaluru Rural,13.2844,77.6078,20.07,61.52,2.41,6.3792
20250128,Bengaluru Rural,13.2844,77.6078,20.76,63.72,2.19,5.7379
20250129,Bengaluru Rural,13.2844,77.6078,20.55,62.33,2.46,6.3418
20250130,Bengaluru Rural,13.2844,77.6078,20.66,52.73,1.1,6.169
20250131,Bengaluru Rural,13.2844,77.6078,23.04,66.79,1.77,6.2935
20250201,Bengaluru Rural,13.2844,77.6078,23.24,65.19,2.07,6.096
20250202,Bengaluru Rural,13.2844,77.6078,22.29,57.39,2.33,6.5633
20250203,Bengaluru Rural,13.2844,77.6078,21.6,48.33,2.46,6.5134
20250204,Bengaluru Rural,13.2844,77.6078,22.2,42.97,2.6,6.5938
20250205,Bengaluru Rural,13.2844,77.6078,22.51,49.56,3.03,6.3226
20250206,Bengaluru Rural,13.2844,77.6078,22.31,50.15,3.14,6.3614
20250207,Bengaluru Rural,13.2844,77.6078,22.53,52.55,3.15,6.457
20250208,Bengaluru Rural,13.2844,77.6078,23.07,50.05,2.93,5.9971
20250209,Bengaluru Rural,13.2844,77.6078,22.97,56.76,2.94,5.8044
20250210,Bengaluru Rural,13.2844,77.6078,22.43,58.82,2.64,5.9921
20250211,Bengaluru Rural,13.2844,77.6078,22.5,50.87,2.33,6.6634
20250212,Bengaluru Rural,13.2844,77.6078,23.2,45.47,2.64,6.6686
20250213,Bengaluru Rural,13.2844,77.6078,23.8,39.74,2.63,6.4862
20250214,Bengaluru Rural,13.2844,77.6078,23.88,39.94,2.09,6.3338
20250215,Bengaluru Rural,13.2844,77.6078,23.89,44.79,2.53,6.4994
20250216,Bengaluru Rural,13.2844,77.6078,23.67,49.61,2.88,6.7982
20250217,Bengaluru Rural,13.2844,77.6078,24.26,50.39,3.18,6.7901
20250218,Bengaluru Rural,13.2844,77.6078,24.52,49.01,2.86,6.7481
20250219,Bengaluru Rural,13.2844,77.6078,25.57,41.62,2.64,6.606
20250220,Bengaluru Rural,13.2844,77.6078,25.95,46.37,2.89,6.2926
20250221,Bengaluru Rural,13.2844,77.6078,25.54,49.08,3.06,6.1555
20250222,Bengaluru Rural,13.2844,77.6078,25.39,47.92,3.13,6.4435
20250223,Bengaluru Rural,13.2844,77.6078,24.98,41.84,3.57,6.6605
20250224,Bengaluru Rural,13.2844,77.6078,24.67,37.79,3.69,7.0229
20250225,Bengaluru Rural,13.2844,77.6078,24.1,46.06,3.43,6.7303
20250226,Bengaluru Rural,13.2844,77.6078,24.69,47.68,4.01,6.8335
20250227,Bengaluru Rural,13.2844,77.6078,24.56,44.57,3.56,6.421
20250228,Bengaluru Rural,13.2844,77.6078,24.63,42.32,3.34,6.2568
20250301,Bengaluru Rural,13.2844,77.6078,25.81,41.14,2.95,6.4901
20250302,Bengaluru Rural,13.2844,77.6078,25.78,42.33,3.0,7.0051
20250303,Bengaluru Rural,13.2844,77.6078,26.39,44.4,3.05,6.2345
20250304,Bengaluru Rural,13.2844,77.6078,26.89,34.45,3.48,5.7182
20250305,Bengaluru Rural,13.2844,77.6078,26.89,33.09,2.7,5.4593
20250306,Bengaluru Rural,13.2844,77.6078,26.42,30.57,2.32,6.8508
20250307,Bengaluru Rural,13.2844,77.6078,25.25,18.68,2.17,7.4674
20250308,Bengaluru Rural,13.2844,77.6078,25.42,32.31,2.45,7.1837
20250309,Bengaluru Rural,13.2844,77.6078,26.19,38.96,3.67,6.9473
20250310,Bengaluru Rural,13.2844,77.6078,25.27,44.52,3.77,7.1875
20250311,Bengaluru Rural,13.2844,77.6078,25.12,54.64,3.94,7.115
20250312,Bengaluru Rural,13.2844,77.6078,27.56,56.38,3.24,6.6821
20250313,Bengaluru Rural,13.2844,77.6078,27.95,44.62,2.82,7.2079
20250314,Bengaluru Rural,13.2844,77.6078,27.91,36.26,3.3,7.0994
20250315,Bengaluru Rural,13.2844,77.6078,27.3,35.54,3.67,7.4117
20250316,Bengaluru Rural,13.2844,77.6078,27.34,38.17,2.99,7.6596
20250317,Bengaluru Rural,13.2844,77.6078,29.05,43.03,2.12,7.0178
20250318,Bengaluru Rural,13.2844,77.6078,29.73,40.95,3.07,7.2775
20250319,Bengaluru Rural,13.2844,77.6078,28.61,45.72,3.2,6.9401
20250320,Bengaluru Rural,13.2844,77.6078,28.71,44.42,3.4,7.3625
20250321,Bengaluru Rural,13.2844,77.6078,29.01,47.01,2.38,6.9005
20250322,Bengaluru Rural,13.2844,77.6078,28.06,53.37,2.78,5.7742
20250323,Bengaluru Rural,13.2844,77.6078,27.3,54.76,2.03,5.9165
20250324,Bengaluru Rural,13.2844,77.6078,28.66,47.56,3.03,6.3571
20250325,Bengaluru Rural,13.2844,77.6078,28.01,39.87,2.83,6.4262
20250326,Bengaluru Rural,13.2844,77.6078,28.71,33.75,2.82,6.7418
20250327,Bengaluru Rural,13.2844,77.6078,28.63,37.37,2.61,6.0847
20250328,Bengaluru Rural,13.2844,77.6078,28.9,34.04,2.94,6.2218
20250329,Bengaluru Rural,13.2844,77.6078,28.97,28.33,3.25,6.5762
20250330,Bengaluru Rural,13.2844,77.6078,28.75,26.55,3.67,6.6326
20250331,Bengaluru Rural,13.2844,77.6078,28.56,32.89,3.62,6.103
20250401,Bengaluru Rural,13.2844,77.6078,27.66,35.74,3.04,6.7452
20250402,Bengaluru Rural,13.2844,77.6078,27.59,46.2,2.5,4.9726
20250403,Bengaluru Rural,13.2844,77.6078,26.67,58.3,2.03,4.4678
20250404,Bengaluru Rural,13.2844,77.6078,26.87,52.76,2.16,6.3451
20250405,Bengaluru Rural,13.2844,77.6078,26.86,57.78,2.18,6.3413
20250406,Bengaluru Rural,13.2844,77.6078,27.18,50.62,2.7,6.3317
20250407,Bengaluru Rural,13.2844,77.6078,28.72,46.14,3.43,7.2034
20250408,Bengaluru Rural,13.2844,77.6078,28.43,43.42,3.42,7.1362
20250409,Bengaluru Rural,13.2844,77.6078,27.91,42.55,2.32,6.8364
20250410,Bengaluru Rural,13.2844,77.6078,28.22,43.31,2.0,6.3866
20250411,Bengaluru Rural,13.2844,77.6078,28.87,48.26,2.64,6.2983
20250412,Bengaluru Rural,13.2844,77.6078,27.89,51.49,2.18,6.9826
20250413,Bengaluru Rural,13.2844,77.6078,27.79,54.81,1.65,6.4601
20250414,Bengaluru Rural,13.2844,77.6078,27.81,53.52,2.31,6.3144
20250415,Bengaluru Rural,13.2844,77.6078,28.35,49.82,2.23,6.7054
20250416,Bengaluru Rural,13.2844,77.6078,28.45,56.05,2.14,6.4982
20250417,Bengaluru Rural,13.2844,77.6078,29.46,53.26,1.27,6.5546
20250418,Bengaluru Rural,13.2844,77.6078,28.92,54.68,1.8,5.5613
20250419,Bengaluru Rural,13.2844,77.6078,29.32,53.5,2.35,6.4706
20250420,Bengaluru Rural,13.2844,77.6078,29.73,47.35,1.82,5.6222
20250421,Bengaluru Rural,13.2844,77.6078,29.55,47.7,2.44,6.7154
20250422,Bengaluru Rural,13.2844,77.6078,29.91,37.44,3.11,7.3495
20250423,Bengaluru Rural,13.2844,77.6078,30.15,32.18,2.94,7.26
20250424,Bengaluru Rural,13.2844,77.6078,30.18,35.62,2.95,7.2535
20250425,Bengaluru Rural,13.2844,77.6078,30.55,38.74,3.38,6.7054
20250426,Bengaluru Rural,13.2844,77.6078,30.49,41.26,3.22,6.6434
20250427,Bengaluru Rural,13.2844,77.6078,29.62,44.01,2.68,6.097
20250428,Bengaluru Rural,13.2844,77.6078,29.69,46.23,3.23,6.4884
20250429,Bengaluru Rural,13.2844,77.6078,30.16,41.38,3.28,6.4466
20250430,Bengaluru Rural,13.2844,77.6078,30.32,42.28,2.47,6.3737
20250501,Bengaluru Rural,13.2844,77.6078,29.85,51.08,1.79,6.0254
20250502,Bengaluru Rural,13.2844,77.6078,29.56,52.25,1.93,6.305
20250503,Bengaluru Rural,13.2844,77.6078,28.1,59.69,1.85,6.642
20250504,Bengaluru Rural,13.2844,77.6078,27.61,52.88,2.5,7.3678
20250505,Bengaluru Rural,13.2844,77.6078,28.46,44.62,2.01,7.0903
20250506,Bengaluru Rural,13.2844,77.6078,28.88,50.55,2.0,7.3126
20250507,Bengaluru Rural,13.2844,77.6078,28.48,50.52,3.03,6.7949
20250508,Bengaluru Rural,13.2844,77.6078,27.64,56.63,1.96,6.7697
20250509,Bengaluru Rural,13.2844,77.6078,27.78,56.81,1.8,7.2914
20250510,Bengaluru Rural,13.2844,77.6078,27.58,55.29,1.3,6.0614
20250511,Bengaluru Rural,13.2844,77.6078,28.66,53.71,1.47,5.8406
20250512,Bengaluru Rural,13.2844,77.6078,28.74,56.1,1.97,6.3401
20250513,Bengaluru Rural,13.2844,77.6078,27.22,66.29,2.13,6.1814
20250514,Bengaluru Rural,13.2844,77.6078,27.05,66.91,1.68,6.3247
20250515,Bengaluru Rural,13.2844,77.6078,25.35,77.37,1.05,6.2575
20250516,Bengaluru Rural,13.2844,77.6078,25.72,75.05,1.18,5.8675
20250517,Bengaluru Rural,13.2844,77.6078,26.3,71.51,1.82,4.7952
20250518,Bengaluru Rural,13.2844,77.6078,24.69,83.22,2.36,5.1458
20250519,Bengaluru Rural,13.2844,77.6078,25.42,80.23,2.39,3.7063
20250520,Bengaluru Rural,13.2844,77.6078,25.51,79.23,1.46,4.0776
20250521,Bengaluru Rural,13.2844,77.6078,24.17,81.36,5.28,4.2286
20250522,Bengaluru Rural,13.2844,77.6078,24.4,77.12,4.82,5.1866
20250523,Bengaluru Rural,13.2844,77.6078,25.49,75.39,4.79,5.8639
20250524,Bengaluru Rural,13.2844,77.6078,24.79,77.8,6.25,4.0877
20250525,Bengaluru Rural,13.2844,77.6078,24.7,78.92,5.98,4.351
20250526,Bengaluru Rural,13.2844,77.6078,23.61,82.07,5.85,3.6511
20250527,Bengaluru Rural,13.2844,77.6078,24.78,72.1,6.49,3.8345
20250528,Bengaluru Rural,13.2844,77.6078,23.84,77.41,5.71,4.0015
20250529,Bengaluru Rural,13.2844,77.6078,23.74,77.14,5.44,4.3745
20250530,Bengaluru Rural,13.2844,77.6078,23.87,77.85,4.81,3.2858
20250531,Bengaluru Rural,13.2844,77.6078,24.42,71.22,4.6,5.8186
20250601,Bengaluru Rural,13.2844,77.6078,24.51,70.45,4.03,6.2882
20250602,Bengaluru Rural,13.2844,77.6078,24.84,70.59,3.95,5.544
20250603,Bengaluru Rural,13.2844,77.6078,24.87,70.51,4.1,5.2522
20250604,Bengaluru Rural,13.2844,77.6078,25.04,69.73,3.37,6.0602
20250605,Bengaluru Rural,13.2844,77.6078,24.59,64.34,2.95,6.5028
20250606,Bengaluru Rural,13.2844,77.6078,25.43,68.27,2.42,6.3401
20250607,Bengaluru Rural,13.2844,77.6078,26.08,70.61,3.12,6.5386
20250608,Bengaluru Rural,13.2844,77.6078,25.01,76.21,3.41,5.7881
20250609,Bengaluru Rural,13.2844,77.6078,25.39,73.8,4.39,4.763
20250610,Bengaluru Rural,13.2844,77.6078,24.72,79.25,4.29,5.7346
20250611,Bengaluru Rural,13.2844,77.6078,24.86,80.43,4.51,3.8006
20250612,Bengaluru Rural,13.2844,77.6078,23.96,80.99,4.36,3.8978
20250613,Bengaluru Rural,13.2844,77.6078,24.21,84.46,4.29,3.6917
20250614,Bengaluru Rural,13.2844,77.6078,24.16,82.18,4.96,4.1042
20250615,Bengaluru Rural,13.2844,77.6078,23.08,78.93,6.79,4.1434
20250616,Bengaluru Rural,13.2844,77.6078,22.79,76.04,6.64,4.4335
20250617,Bengaluru Rural,13.2844,77.6078,24.55,72.44,5.24,4.4009
20250618,Bengaluru Rural,13.2844,77.6078,25.28,73.23,4.53,5.4262
20250619,Bengaluru Rural,13.2844,77.6078,25.14,74.34,4.25,5.4948
20250620,Bengaluru Rural,13.2844,77.6078,25.12,73.39,4.12,5.502
20250621,Bengaluru Rural,13.2844,77.6078,25.25,73.44,4.5,5.6335
20250622,Bengaluru Rural,13.2844,77.6078,24.94,75.12,4.91,4.5708
20250623,Bengaluru Rural,13.2844,77.6078,24.65,69.71,6.27,4.5638
20250624,Bengaluru Rural,13.2844,77.6078,23.41,67.17,6.21,4.5602
20250625,Bengaluru Rural,13.2844,77.6078,23.9,71.56,5.57,4.2079
20250626,Bengaluru Rural,13.2844,77.6078,23.88,72.37,5.15,4.3387
20250627,Bengaluru Rural,13.2844,77.6078,24.85,72.12,4.99,4.9025
20250628,Bengaluru Rural,13.2844,77.6078,25.23,72.02,4.36,5.1355
20250629,Bengaluru Rural,13.2844,77.6078,25.04,71.74,4.88,5.6724
20250630,Bengaluru Rural,13.2844,77.6078,25.1,70.63,4.87,5.3813
20250701,Bengaluru Rural,13.2844,77.6078,25.0,72.78,4.37,3.5414
20250702,Bengaluru Rural,13.2844,77.6078,24.66,72.17,5.04,3.384
20250703,Bengaluru Rural,13.2844,77.6078,24.98,67.28,5.49,4.4009
20250704,Bengaluru Rural,13.2844,77.6078,24.85,67.5,5.6,5.0635
20250705,Bengaluru Rural,13.2844,77.6078,24.87,70.54,6.08,4.8269
20250706,Bengaluru Rural,13.2844,77.6078,24.98,71.87,5.96,4.4134
20250707,Bengaluru Rural,13.2844,77.6078,24.79,72.65,5.58,4.5641
20250708,Bengaluru Rural,13.2844,77.6078,25.36,70.73,5.41,5.1218
20250709,Bengaluru Rural,13.2844,77.6078,25.5,69.99,5.0,4.8084
20250710,Bengaluru Rural,13.2844,77.6078,25.39,71.62,4.36,4.6073
20250711,Bengaluru Rural,13.2844,77.6078,25.34,72.83,3.97,4.9949
20250712,Bengaluru Rural,13.2844,77.6078,25.64,70.45,4.49,4.53
20250713,Bengaluru Rural,13.2844,77.6078,24.84,73.77,4.49,4.6771
20250714,Bengaluru Rural,13.2844,77.6078,24.44,75.24,4.75,4.3682
20250715,Bengaluru Rural,13.2844,77.6078,24.82,73.29,4.82,4.2389
20250716,Bengaluru Rural,13.2844,77.6078,24.96,75.25,3.66,4.3642
20250717,Bengaluru Rural,13.2844,77.6078,23.83,80.39,3.13,4.8353
20250718,Bengaluru Rural,13.2844,77.6078,23.68,79.58,2.97,4.0582
20250719,Bengaluru Rural,13.2844,77.6078,22.76,78.78,4.14,3.3684
20250720,Bengaluru Rural,13.2844,77.6078,24.06,76.34,4.49,5.0599
20250721,Bengaluru Rural,13.2844,77.6078,21.89,80.03,4.49,3.5642
20250722,Bengaluru Rural,13.2844,77.6078,22.04,71.92,5.3,3.8969
20250723,Bengaluru Rural,13.2844,77.6078,22.83,77.39,5.26,4.0313
20250724,Bengaluru Rural,13.2844,77.6078,23.47,76.72,5.01,3.4642
20250725,Bengaluru Rural,13.2844,77.6078,23.99,73.53,6.07,3.767
20250726,Bengaluru Rural,13.2844,77.6078,23.89,74.96,6.59,3.7298
20250727,Bengaluru Rural,13.2844,77.6078,24.03,70.63,6.08,3.9437
20250728,Bengaluru Rural,13.2844,77.6078,23.3,74.0,5.81,3.4445
20250729,Bengaluru Rural,13.2844,77.6078,23.85,72.54,6.12,3.6497
20250730,Bengaluru Rural,13.2844,77.6078,24.66,71.24,5.57,4.1066
20250731,Bengaluru Rural,13.2844,77.6078,25.22,71.86,4.44,3.737
20250801,Bengaluru Rural,13.2844,77.6078,25.16,72.32,3.82,4.4002
20250802,Bengaluru Rural,13.2844,77.6078,25.05,73.29,3.78,5.1334
20250803,Bengaluru Rural,13.2844,77.6078,24.14,80.52,2.61,4.4172
20250804,Bengaluru Rural,13.2844,77.6078,24.23,80.06,1.23,4.7693
20250805,Bengaluru Rural,13.2844,77.6078,25.01,79.6,1.36,4.9286
20250806,Bengaluru Rural,13.2844,77.6078,24.8,82.33,1.63,4.6481
20250807,Bengaluru Rural,13.2844,77.6078,24.69,81.58,1.67,4.7304
20250808,Bengaluru Rural,13.2844,77.6078,23.19,89.96,1.58,4.3637
20250809,Bengaluru Rural,13.2844,77.6078,23.08,86.04,2.47,4.5418
20250810,Bengaluru Rural,13.2844,77.6078,23.11,84.4,2.06,3.4956
20250811,Bengaluru Rural,13.2844,77.6078,21.87,84.59,3.76,4.2518
20250812,Bengaluru Rural,13.2844,77.6078,22.13,78.52,3.84,3.8609
20250813,Bengaluru Rural,13.2844,77.6078,21.72,79.96,3.86,2.4881
20250814,Bengaluru Rural,13.2844,77.6078,23.17,80.29,3.97,4.1306
20250815,Bengaluru Rural,13.2844,77.6078,23.1,80.4,4.36,4.4256
20250816,Bengaluru Rural,13.2844,77.6078,22.71,83.24,4.35,4.2922
20250817,Bengaluru Rural,13.2844,77.6078,22.92,83.02,4.69,3.3053
20250818,Bengaluru Rural,13.2844,77.6078,22.76,81.07,5.66,2.8843
20250819,Bengaluru Rural,13.2844,77.6078,22.9,77.71,6.21,2.713
20250820,Bengaluru Rural,13.2844,77.6078,22.86,79.54,4.19,4.3567
20250821,Bengaluru Rural,13.2844,77.6078,23.69,80.25,2.9,4.9692
20250822,Bengaluru Rural,13.2844,77.6078,23.97,79.44,2.21,5.7946
20250823,Bengaluru Rural,13.2844,77.6078,23.89,80.12,2.89,5.3458
20250824,Bengaluru Rural,13.2844,77.6078,24.17,75.1,3.6,5.9294
20250825,Bengaluru Rural,13.2844,77.6078,23.49,75.7,3.39,5.3736
20250826,Bengaluru Rural,13.2844,77.6078,23.95,75.39,3.57,4.8924
20250827,Bengaluru Rural,13.2844,77.6078,23.43,79.89,3.98,3.9785
20250828,Bengaluru Rural,13.2844,77.6078,23.22,77.65,4.25,4.7556
20250829,Bengaluru Rural,13.2844,77.6078,22.75,80.1,4.12,5.4442
20250830,Bengaluru Rural,13.2844,77.6078,23.31,81.55,3.58,4.9862
20250831,Bengaluru Rural,13.2844,77.6078,23.99,80.06,3.8,4.5763
20250901,Bengaluru Rural,13.2844,77.6078,23.49,80.88,4.25,3.8083
20250902,Bengaluru Rural,13.2844,77.6078,23.22,82.68,4.26,3.4838
20250903,Bengaluru Rural,13.2844,77.6078,23.67,81.15,3.99,4.1765
20250904,Bengaluru Rural,13.2844,77.6078,23.96,78.97,3.35,5.0194
20250905,Bengaluru Rural,13.2844,77.6078,23.69,80.1,2.61,5.1432
20250906,Bengaluru Rural,13.2844,77.6078,24.26,78.03,2.56,5.3926
20250907,Bengaluru Rural,13.2844,77.6078,24.01,78.31,2.97,4.5667
20250908,Bengaluru Rural,13.2844,77.6078,23.93,75.62,2.49,6.1181
20250909,Bengaluru Rural,13.2844,77.6078,25.12,76.51,0.93,5.8666
20250910,Bengaluru Rural,13.2844,77.6078,25.03,78.12,1.64,5.2078
20250911,Bengaluru Rural,13.2844,77.6078,23.42,82.98,2.06,3.893
20250912,Bengaluru Rural,13.2844,77.6078,23.42,80.51,2.49,4.5727
20250913,Bengaluru Rural,13.2844,77.6078,23.52,84.27,2.08,3.9485
20250914,Bengaluru Rural,13.2844,77.6078,23.39,83.53,1.94,5.681
20250915,Bengaluru Rural,13.2844,77.6078,23.2,83.48,2.27,5.521
20250916,Bengaluru Rural,13.2844,77.6078,23.54,84.95,1.83,4.3822
20250917,Bengaluru Rural,13.2844,77.6078,23.18,87.76,1.55,3.6643
20250918,Bengaluru Rural,13.2844,77.6078,23.65,85.71,1.92,4.2214
20250919,Bengaluru Rural,13.2844,77.6078,22.53,88.64,1.74,4.3406
20250920,Bengaluru Rural,13.2844,77.6078,22.95,87.5,2.77,4.1414
20250921,Bengaluru Rural,13.2844,77.6078,22.85,87.05,2.6,4.6622
20250922,Bengaluru Rural,13.2844,77.6078,23.06,84.82,3.02,5.2303
20250923,Bengaluru Rural,13.2844,77.6078,22.48,84.42,3.15,4.1902
20250924,Bengaluru Rural,13.2844,77.6078,22.72,82.36,3.43,3.785
20250925,Bengaluru Rural,13.2844,77.6078,22.79,82.45,3.38,4.8487
20250926,Bengaluru Rural,13.2844,77.6078,22.85,81.38,3.96,4.2434
20250927,Bengaluru Rural,13.2844,77.6078,20.93,84.97,4.36,4.4959
20250928,Bengaluru Rural,13.2844,77.6078,22.63,80.51,3.87,5.0285
20250929,Bengaluru Rural,13.2844,77.6078,23.17,79.87,3.63,5.3844
20250930,Bengaluru Rural,13.2844,77.6078,22.65,81.35,3.01,5.309
20251001,Bengaluru Rural,13.2844,77.6078,23.45,79.81,2.77,5.2255
20251002,Bengaluru Rural,13.2844,77.6078,23.68,81.22,2.61,5.3549
20251003,Bengaluru Rural,13.2844,77.6078,23.63,82.97,2.02,5.9981
20251004,Bengaluru Rural,13.2844,77.6078,23.91,79.52,1.79,3.5182
20251005,Bengaluru Rural,13.2844,77.6078,23.66,80.86,1.57,6.455
20251006,Bengaluru Rural,13.2844,77.6078,23.06,84.01,1.82,5.1655
20251007,Bengaluru Rural,13.2844,77.6078,23.0,82.03,1.57,5.9527
20251008,Bengaluru Rural,13.2844,77.6078,23.94,80.23,1.25,4.3994
20251009,Bengaluru Rural,13.2844,77.6078,23.99,82.36,1.2,5.1919
20251010,Bengaluru Rural,13.2844,77.6078,23.3,86.78,1.88,4.513
20251011,Bengaluru Rural,13.2844,77.6078,23.03,85.04,1.9,4.6642
20251012,Bengaluru Rural,13.2844,77.6078,23.21,85.58,2.05,6.385
20251013,Bengaluru Rural,13.2844,77.6078,23.1,86.03,2.14,5.6846
20251014,Bengaluru Rural,13.2844,77.6078,23.65,85.39,2.26,4.9246
20251015,Bengaluru Rural,13.2844,77.6078,23.23,84.31,2.5,4.5257
20251016,Bengaluru Rural,13.2844,77.6078,23.38,86.46,2.93,3.3374
20251017,Bengaluru Rural,13.2844,77.6078,23.2,87.56,2.87,4.193
20251018,Bengaluru Rural,13.2844,77.6078,23.22,85.95,2.67,3.5136
20251019,Bengaluru Rural,13.2844,77.6078,23.37,83.15,2.25,5.1763
20251020,Bengaluru Rural,13.2844,77.6078,22.79,85.46,2.39,4.7345
20251021,Bengaluru Rural,13.2844,77.6078,22.3,87.73,2.68,2.9806
20251022,Bengaluru Rural,13.2844,77.6078,22.42,90.15,3.31,2.3083
20251023,Bengaluru Rural,13.2844,77.6078,23.04,86.08,1.41,3.7582
20251024,Bengaluru Rural,13.2844,77.6078,22.34,84.78,1.5,3.6192
20251025,Bengaluru Rural,13.2844,77.6078,23.13,76.01,0.94,6.0127
20251026,Bengaluru Rural,13.2844,77.6078,23.05,81.42,1.11,5.0088
20251027,Bengaluru Rural,13.2844,77.6078,22.03,89.37,1.39,2.9088
20251028,Bengaluru Rural,13.2844,77.6078,21.75,85.72,3.2,1.7143
20251029,Bengaluru Rural,13.2844,77.6078,21.71,82.13,3.29,4.879
20251030,Bengaluru Rural,13.2844,77.6078,22.51,82.88,2.66,5.7854
20251031,Bengaluru Rural,13.2844,77.6078,22.79,79.04,1.97,6.3974
20251101,Bengaluru Rural,13.2844,77.6078,22.77,79.78,1.03,6.1457
20251102,Bengaluru Rural,13.2844,77.6078,22.07,86.42,1.52,4.3306
20251103,Bengaluru Rural,13.2844,77.6078,22.29,84.87,1.96,4.8792
20251104,Bengaluru Rural,13.2844,77.6078,22.39,83.9,1.89,3.0319
20251105,Bengaluru Rural,13.2844,77.6078,22.68,86.26,1.91,3.3223
20251106,Bengaluru Rural,13.2844,77.6078,21.16,92.72,2.12,4.0841
20251107,Bengaluru Rural,13.2844,77.6078,21.86,83.96,1.78,4.2629
20251108,Bengaluru Rural,13.2844,77.6078,20.36,79.5,1.99,4.8257
20251109,Bengaluru Rural,13.2844,77.6078,18.2,73.77,1.8,6.0062
20251110,Bengaluru Rural,13.2844,77.6078,20.2,72.54,1.02,5.5231
20251111,Bengaluru Rural,13.2844,77.6078,21.42,81.32,1.66,4.8398
20251112,Bengaluru Rural,13.2844,77.6078,21.54,79.87,2.13,4.771
20251113,Bengaluru Rural,13.2844,77.6078,21.95,82.9,2.4,4.6039
20251114,Bengaluru Rural,13.2844,77.6078,20.1,78.82,2.64,5.0998
20251115,Bengaluru Rural,13.2844,77.6078,19.11,79.19,2.38,5.6938
20251116,Bengaluru Rural,13.2844,77.6078,20.02,82.29,2.57,4.2854
20251117,Bengaluru Rural,13.2844,77.6078,19.77,79.87,2.7,4.6829
20251118,Bengaluru Rural,13.2844,77.6078,19.28,85.36,2.31,3.0672
20251119,Bengaluru Rural,13.2844,77.6078,21.74,81.94,2.25,4.2127
20251120,Bengaluru Rural,13.2844,77.6078,20.83,76.09,2.3,5.5087
20251121,Bengaluru Rural,13.2844,77.6078,21.62,86.71,2.41,3.263
20251122,Bengaluru Rural,13.2844,77.6078,22.11,85.57,2.85,3.455
20251123,Bengaluru Rural,13.2844,77.6078,22.02,84.11,2.48,4.2233
20251124,Bengaluru Rural,13.2844,77.6078,22.28,81.93,2.74,4.873
20251125,Bengaluru Rural,13.2844,77.6078,20.45,81.53,2.81,4.4808
20251126,Bengaluru Rural,13.2844,77.6078,19.94,79.15,3.03,4.4038
20251127,Bengaluru Rural,13.2844,77.6078,20.33,78.36,2.97,4.1138
20251128,Bengaluru Rural,13.2844,77.6078,19.32,79.4,2.64,4.1071
20251129,Bengaluru Rural,13.2844,77.6078,18.87,87.08,2.45,2.681
20251130,Bengaluru Rural,13.2844,77.6078,20.37,88.95,3.38,1.7242
20251201,Bengaluru Rural,13.2844,77.6078,21.04,83.34,3.01,2.837
20251202,Bengaluru Rural,13.2844,77.6078,21.36,82.5,2.82,4.1674
20251203,Bengaluru Rural,13.2844,77.6078,22.32,83.81,3.94,2.3542
20251204,Bengaluru Rural,13.2844,77.6078,21.82,84.37,2.64,3.7514
20251205,Bengaluru Rural,13.2844,77.6078,21.34,83.48,3.34,3.3314
20251206,Bengaluru Rural,13.2844,77.6078,21.25,78.28,2.96,4.4671
20251207,Bengaluru Rural,13.2844,77.6078,21.01,77.74,2.67,4.4719
20251208,Bengaluru Rural,13.2844,77.6078,19.87,70.25,2.57,5.3057
20251209,Bengaluru Rural,13.2844,77.6078,19.62,74.86,2.62,5.2567
20251210,Bengaluru Rural,13.2844,77.6078,19.29,71.13,2.96,5.5169
20251211,Bengaluru Rural,13.2844,77.6078,19.04,72.91,2.86,5.3225
20251212,Bengaluru Rural,13.2844,77.6078,18.69,71.61,2.29,5.5603
20251213,Bengaluru Rural,13.2844,77.6078,17.82,65.06,2.05,5.8152
20251214,Bengaluru Rural,13.2844,77.6078,18.14,71.21,2.46,5.5954
20251215,Bengaluru Rural,13.2844,77.6078,18.49,69.09,2.61,5.5462
20251216,Bengaluru Rural,13.2844,77.6078,20.86,79.09,3.54,3.403
20251217,Bengaluru Rural,13.2844,77.6078,21.34,73.15,2.93,5.4017
20251218,Bengaluru Rural,13.2844,77.6078,18.66,72.51,2.72,5.0124
20251219,Bengaluru Rural,13.2844,77.6078,18.16,70.31,2.08,5.1852
20251220,Bengaluru Rural,13.2844,77.6078,17.89,70.28,1.71,4.9236
20251221,Bengaluru Rural,13.2844,77.6078,18.84,71.33,2.12,4.9051
20251222,Bengaluru Rural,13.2844,77.6078,19.34,73.49,2.54,4.7988
20251223,Bengaluru Rural,13.2844,77.6078,19.2,72.22,2.14,5.2238
20251224,Bengaluru Rural,13.2844,77.6078,19.21,71.46,2.22,4.975
20251225,Bengaluru Rural,13.2844,77.6078,19.21,69.3,2.19,5.1965
20251226,Bengaluru Rural,13.2844,77.6078,20.19,69.92,2.51,5.2704
20251227,Bengaluru Rural,13.2844,77.6078,19.01,69.56,2.27,5.345
20251228,Bengaluru Rural,13.2844,77.6078,19.36,69.92,2.14,5.0952
20251229,Bengaluru Rural,13.2844,77.6078,20.32,71.19,2.33,5.0652
20251230,Bengaluru Rural,13.2844,77.6078,21.57,69.55,1.35,4.704
20251231,Bengaluru Rural,13.2844,77.6078,22.71,72.25,1.45,4.1177
