Date,District,Latitude,Longitude,Temperature,Humidity,WindSpeed,GHI
20200101,Bidar,17.9133,77.5301,23.11,67.26,3.15,3.4598
20200102,Bidar,17.9133,77.5301,23.22,77.3,2.25,2.874
20200103,Bidar,17.9133,77.5301,23.51,72.24,1.15,4.4575
20200104,Bidar,17.9133,77.5301,21.87,71.79,1.7,3.9074
20200105,Bidar,17.9133,77.5301,19.62,72.14,2.82,4.3536
20200106,Bidar,17.9133,77.5301,20.68,68.85,2.63,4.1146
20200107,Bidar,17.9133,77.5301,23.08,71.63,2.01,3.8614
20200108,Bidar,17.9133,77.5301,23.79,72.5,2.5,3.1726
20200109,Bidar,17.9133,77.5301,22.65,71.74,1.78,3.1937
20200110,Bidar,17.9133,77.5301,19.99,68.29,2.84,4.1525
20200111,Bidar,17.9133,77.5301,19.09,62.58,2.15,4.2758
20200112,Bidar,17.9133,77.5301,18.97,53.32,1.87,4.9526
20200113,Bidar,17.9133,77.5301,20.99,43.8,1.12,5.2303
20200114,Bidar,17.9133,77.5301,21.39,49.61,1.86,4.9776
20200115,Bidar,17.9133,77.5301,21.78,54.95,2.95,5.159
20200116,Bidar,17.9133,77.5301,21.72,57.52,2.62,5.0726
20200117,Bidar,17.9133,77.5301,22.32,54.18,1.27,4.5022
20200118,Bidar,17.9133,77.5301,23.49,60.69,1.49,4.6224
20200119,Bidar,17.9133,77.5301,23.64,61.76,1.72,4.441
20200120,Bidar,17.9133,77.5301,23.28,59.58,1.96,4.1954
20200121,Bidar,17.9133,77.5301,24.02,53.86,2.93,5.0645
20200122,Bidar,17.9133,77.5301,23.79,50.28,3.11,5.3381
20200123,Bidar,17.9133,77.5301,23.5,47.98,2.35,5.3366
20200124,Bidar,17.9133,77.5301,23.07,52.02,2.29,5.3282
20200125,Bidar,17.9133,77.5301,23.72,47.28,1.67,5.1173
20200126,Bidar,17.9133,77.5301,24.63,41.77,1.9,5.2706
20200127,Bidar,17.9133,77.5301,25.38,36.92,2.23,5.0818
20200128,Bidar,17.9133,77.5301,25.37,39.97,2.24,5.094
20200129,Bidar,17.9133,77.5301,23.79,42.38,2.32,5.2243
20200130,Bidar,17.9133,77.5301,23.11,46.39,2.3,5.3148
20200131,Bidar,17.9133,77.5301,23.76,41.75,1.95,4.9814
20200201,Bidar,17.9133,77.5301,25.45,50.75,2.9,4.9654
20200202,Bidar,17.9133,77.5301,25.24,52.8,2.68,3.6283
20200203,Bidar,17.9133,77.5301,25.62,51.77,2.36,4.6073
20200204,Bidar,17.9133,77.5301,25.78,50.0,2.33,5.4828
20200205,Bidar,17.9133,77.5301,26.14,42.88,1.62,4.9586
20200206,Bidar,17.9133,77.5301,26.29,44.23,2.46,4.9236
20200207,Bidar,17.9133,77.5301,26.29,38.67,2.68,5.3662
20200208,Bidar,17.9133,77.5301,24.18,56.5,3.21,3.9811
20200209,Bidar,17.9133,77.5301,21.77,62.07,3.83,3.3732
20200210,Bidar,17.9133,77.5301,23.32,61.41,3.07,4.1832
20200211,Bidar,17.9133,77.5301,24.21,59.11,2.93,3.9216
20200212,Bidar,17.9133,77.5301,24.58,51.96,2.46,4.0735
20200213,Bidar,17.9133,77.5301,23.83,37.35,2.44,5.7754
20200214,Bidar,17.9133,77.5301,24.46,28.69,1.67,6.2491
20200215,Bidar,17.9133,77.5301,25.09,28.88,1.62,6.132
20200216,Bidar,17.9133,77.5301,25.33,30.84,2.24,5.8423
20200217,Bidar,17.9133,77.5301,25.13,26.64,2.68,6.017
20200218,Bidar,17.9133,77.5301,24.49,21.37,2.57,6.4632
20200219,Bidar,17.9133,77.5301,25.36,21.43,1.81,6.2263
20200220,Bidar,17.9133,77.5301,25.9,45.16,2.65,6.0089
20200221,Bidar,17.9133,77.5301,25.91,39.51,3.05,5.9748
20200222,Bidar,17.9133,77.5301,26.13,37.43,3.11,6.2544
20200223,Bidar,17.9133,77.5301,26.49,36.9,2.82,6.1421
20200224,Bidar,17.9133,77.5301,27.54,38.81,2.21,6.1639
20200225,Bidar,17.9133,77.5301,26.07,25.35,2.76,5.9328
20200226,Bidar,17.9133,77.5301,23.92,23.8,2.78,6.103
20200227,Bidar,17.9133,77.5301,24.46,24.64,2.57,6.5215
20200228,Bidar,17.9133,77.5301,25.35,32.53,2.5,6.0158
20200229,Bidar,17.9133,77.5301,26.89,40.51,1.59,5.6208
20200301,Bidar,17.9133,77.5301,27.95,42.76,1.95,5.5289
20200302,Bidar,17.9133,77.5301,27.87,41.34,1.58,5.6268
20200303,Bidar,17.9133,77.5301,27.96,34.93,1.93,5.8387
20200304,Bidar,17.9133,77.5301,26.89,27.0,2.2,6.3792
20200305,Bidar,17.9133,77.5301,25.93,25.08,1.54,5.4631
20200306,Bidar,17.9133,77.5301,26.06,31.26,2.66,6.2014
20200307,Bidar,17.9133,77.5301,26.41,36.23,1.71,5.3983
20200308,Bidar,17.9133,77.5301,28.97,43.36,1.37,4.7503
20200309,Bidar,17.9133,77.5301,29.28,44.79,2.27,4.7484
20200310,Bidar,17.9133,77.5301,30.04,38.72,3.1,6.1927
20200311,Bidar,17.9133,77.5301,29.12,40.15,1.7,5.549
20200312,Bidar,17.9133,77.5301,28.85,39.71,1.38,5.7259
20200313,Bidar,17.9133,77.5301,30.01,35.55,3.53,6.0005
20200314,Bidar,17.9133,77.5301,30.08,32.07,2.01,5.4854
20200315,Bidar,17.9133,77.5301,30.08,36.13,1.75,6.2537
20200316,Bidar,17.9133,77.5301,30.57,34.58,1.76,6.5714
20200317,Bidar,17.9133,77.5301,30.61,33.05,2.44,6.4294
20200318,Bidar,17.9133,77.5301,30.41,33.46,1.54,6.3362
20200319,Bidar,17.9133,77.5301,28.8,41.35,1.08,5.8646
20200320,Bidar,17.9133,77.5301,29.35,37.36,0.93,6.4788
20200321,Bidar,17.9133,77.5301,27.79,24.42,2.66,7.3274
20200322,Bidar,17.9133,77.5301,27.55,23.7,2.37,7.1182
20200323,Bidar,17.9133,77.5301,29.27,29.29,1.78,6.0326
20200324,Bidar,17.9133,77.5301,30.83,35.67,2.0,6.0022
20200325,Bidar,17.9133,77.5301,31.19,32.85,2.13,5.3669
20200326,Bidar,17.9133,77.5301,31.64,32.71,2.28,6.5352
20200327,Bidar,17.9133,77.5301,31.2,29.69,2.06,7.0637
20200328,Bidar,17.9133,77.5301,31.01,28.75,1.52,6.7682
20200329,Bidar,17.9133,77.5301,31.79,34.44,1.32,6.4181
20200330,Bidar,17.9133,77.5301,31.7,36.76,2.48,6.5148
20200331,Bidar,17.9133,77.5301,31.66,36.39,1.73,6.3989
20200401,Bidar,17.9133,77.5301,31.72,32.95,1.27,5.3225
20200402,Bidar,17.9133,77.5301,32.5,28.27,1.57,5.4631
20200403,Bidar,17.9133,77.5301,32.09,32.08,1.69,5.2493
20200404,Bidar,17.9133,77.5301,29.99,37.25,2.53,4.2958
20200405,Bidar,17.9133,77.5301,31.72,30.26,2.1,6.4308
20200406,Bidar,17.9133,77.5301,32.33,34.93,2.81,5.5687
20200407,Bidar,17.9133,77.5301,32.17,37.89,2.47,5.9743
20200408,Bidar,17.9133,77.5301,30.97,28.87,2.51,7.0034
20200409,Bidar,17.9133,77.5301,29.84,26.33,2.39,7.279
20200410,Bidar,17.9133,77.5301,30.43,41.37,2.69,6.4118
20200411,Bidar,17.9133,77.5301,31.69,31.35,2.51,7.2689
20200412,Bidar,17.9133,77.5301,32.31,29.05,2.28,6.0245
20200413,Bidar,17.9133,77.5301,32.89,28.73,2.07,6.2604
20200414,Bidar,17.9133,77.5301,33.28,25.26,2.49,6.3574
20200415,Bidar,17.9133,77.5301,32.8,25.28,2.35,6.1848
20200416,Bidar,17.9133,77.5301,33.2,25.37,2.26,6.7339
20200417,Bidar,17.9133,77.5301,33.76,27.12,2.28,5.9693
20200418,Bidar,17.9133,77.5301,34.21,29.04,2.47,6.0252
20200419,Bidar,17.9133,77.5301,34.06,30.2,1.84,5.9359
20200420,Bidar,17.9133,77.5301,34.18,30.07,1.79,5.6189
20200421,Bidar,17.9133,77.5301,33.35,31.75,2.86,6.7978
20200422,Bidar,17.9133,77.5301,33.46,27.11,1.24,7.1911
20200423,Bidar,17.9133,77.5301,34.12,28.91,2.24,6.9648
20200424,Bidar,17.9133,77.5301,34.66,29.31,1.13,6.8117
20200425,Bidar,17.9133,77.5301,34.26,26.65,2.86,7.1698
20200426,Bidar,17.9133,77.5301,33.1,27.21,1.26,7.4585
20200427,Bidar,17.9133,77.5301,33.27,30.68,2.33,6.6187
20200428,Bidar,17.9133,77.5301,32.69,41.26,3.7,6.0103
20200429,Bidar,17.9133,77.5301,33.3,32.65,2.32,6.6739
20200430,Bidar,17.9133,77.5301,34.07,29.91,2.14,5.8562
20200501,Bidar,17.9133,77.5301,35.03,27.44,2.08,6.1975
20200502,Bidar,17.9133,77.5301,33.18,40.03,1.55,6.4219
20200503,Bidar,17.9133,77.5301,33.66,35.36,1.84,6.9295
20200504,Bidar,17.9133,77.5301,34.24,31.88,0.84,7.0738
20200505,Bidar,17.9133,77.5301,34.8,27.7,1.64,7.1009
20200506,Bidar,17.9133,77.5301,35.57,26.51,1.65,6.2906
20200507,Bidar,17.9133,77.5301,34.84,35.41,3.12,6.0274
20200508,Bidar,17.9133,77.5301,31.98,51.06,2.79,5.9923
20200509,Bidar,17.9133,77.5301,32.01,53.19,1.79,6.0046
20200510,Bidar,17.9133,77.5301,29.99,54.39,2.08,5.1199
20200511,Bidar,17.9133,77.5301,31.43,48.03,2.11,6.017
20200512,Bidar,17.9133,77.5301,31.79,44.72,2.1,6.947
20200513,Bidar,17.9133,77.5301,31.76,48.95,2.65,5.4814
20200514,Bidar,17.9133,77.5301,32.95,43.55,2.06,6.1488
20200515,Bidar,17.9133,77.5301,33.53,39.75,1.49,5.9234
20200516,Bidar,17.9133,77.5301,33.29,42.38,2.07,5.7734
20200517,Bidar,17.9133,77.5301,33.57,42.74,1.56,5.4852
20200518,Bidar,17.9133,77.5301,33.64,35.39,3.0,6.3787
20200519,Bidar,17.9133,77.5301,33.75,26.86,4.96,5.7163
20200520,Bidar,17.9133,77.5301,33.81,23.55,3.68,6.7154
20200521,Bidar,17.9133,77.5301,33.65,18.01,4.57,7.4621
20200522,Bidar,17.9133,77.5301,34.35,20.11,3.1,7.4282
20200523,Bidar,17.9133,77.5301,35.57,20.15,3.14,7.6428
20200524,Bidar,17.9133,77.5301,35.32,23.85,1.92,6.8705
20200525,Bidar,17.9133,77.5301,36.11,25.09,1.68,6.4877
20200526,Bidar,17.9133,77.5301,36.86,29.23,2.29,6.7846
20200527,Bidar,17.9133,77.5301,37.27,22.91,2.56,7.4916
20200528,Bidar,17.9133,77.5301,36.46,20.98,3.26,7.7364
20200529,Bidar,17.9133,77.5301,35.87,27.89,2.95,6.9994
20200530,Bidar,17.9133,77.5301,32.71,40.5,2.39,5.6234
20200531,Bidar,17.9133,77.5301,31.33,51.0,3.78,5.1626
20200601,Bidar,17.9133,77.5301,27.82,69.17,1.33,5.7221
20200602,Bidar,17.9133,77.5301,26.42,74.98,2.7,6.2714
20200603,Bidar,17.9133,77.5301,27.09,73.92,4.6,5.1139
20200604,Bidar,17.9133,77.5301,27.79,65.54,5.79,5.7317
20200605,Bidar,17.9133,77.5301,29.33,56.87,3.38,6.4894
20200606,Bidar,17.9133,77.5301,29.19,54.89,3.5,6.8179
20200607,Bidar,17.9133,77.5301,29.67,56.31,3.5,6.5076
20200608,Bidar,17.9133,77.5301,30.18,48.63,4.05,6.4226
20200609,Bidar,17.9133,77.5301,29.71,49.82,2.69,6.773
20200610,Bidar,17.9133,77.5301,29.19,64.01,3.18,3.8863
20200611,Bidar,17.9133,77.5301,26.38,74.89,4.29,2.8788
20200612,Bidar,17.9133,77.5301,24.57,79.56,2.88,3.5719
20200613,Bidar,17.9133,77.5301,26.92,73.21,4.3,4.6795
20200614,Bidar,17.9133,77.5301,28.11,69.98,4.11,4.855
20200615,Bidar,17.9133,77.5301,27.76,70.74,5.16,4.5833
20200616,Bidar,17.9133,77.5301,27.37,76.15,4.36,3.0408
20200617,Bidar,17.9133,77.5301,26.41,79.0,4.62,4.3044
20200618,Bidar,17.9133,77.5301,27.02,75.93,4.86,4.3673
20200619,Bidar,17.9133,77.5301,27.27,74.23,4.28,4.7882
20200620,Bidar,17.9133,77.5301,26.43,76.96,3.83,4.818
20200621,Bidar,17.9133,77.5301,26.34,76.64,3.97,4.3346
20200622,Bidar,17.9133,77.5301,26.98,73.6,3.79,5.0808
20200623,Bidar,17.9133,77.5301,27.53,70.18,2.86,6.0264
20200624,Bidar,17.9133,77.5301,28.86,65.87,2.23,6.895
20200625,Bidar,17.9133,77.5301,29.33,65.43,2.14,6.5294
20200626,Bidar,17.9133,77.5301,28.73,68.12,2.38,5.6064
20200627,Bidar,17.9133,77.5301,27.45,79.1,1.95,5.4607
20200628,Bidar,17.9133,77.5301,25.95,85.56,2.14,4.8269
20200629,Bidar,17.9133,77.5301,26.01,83.17,1.89,4.655
20200630,Bidar,17.9133,77.5301,26.48,81.62,1.38,5.063
20200701,Bidar,17.9133,77.5301,26.58,77.24,3.85,5.8922
20200702,Bidar,17.9133,77.5301,25.5,83.17,3.52,5.9186
20200703,Bidar,17.9133,77.5301,25.31,81.61,4.84,4.5967
20200704,Bidar,17.9133,77.5301,25.11,79.76,4.31,3.5676
20200705,Bidar,17.9133,77.5301,25.71,79.25,5.43,3.785
20200706,Bidar,17.9133,77.5301,25.46,79.54,4.4,3.8417
20200707,Bidar,17.9133,77.5301,26.02,77.93,4.98,4.5614
20200708,Bidar,17.9133,77.5301,26.64,76.2,3.81,5.5334
20200709,Bidar,17.9133,77.5301,25.81,78.84,2.93,4.6788
20200710,Bidar,17.9133,77.5301,25.03,85.77,3.19,3.4757
20200711,Bidar,17.9133,77.5301,26.3,78.27,3.43,5.8625
20200712,Bidar,17.9133,77.5301,26.1,77.54,3.18,5.0388
20200713,Bidar,17.9133,77.5301,24.66,84.43,2.37,5.2697
20200714,Bidar,17.9133,77.5301,25.07,86.47,1.66,3.8592
20200715,Bidar,17.9133,77.5301,24.68,87.53,4.33,2.3606
20200716,Bidar,17.9133,77.5301,25.12,82.25,5.65,4.1662
20200717,Bidar,17.9133,77.5301,25.77,77.99,4.12,5.1422
20200718,Bidar,17.9133,77.5301,26.54,79.18,2.85,5.9762
20200719,Bidar,17.9133,77.5301,25.6,85.47,2.12,5.3719
20200720,Bidar,17.9133,77.5301,26.2,82.88,2.72,4.5991
20200721,Bidar,17.9133,77.5301,26.17,83.36,2.03,5.9498
20200722,Bidar,17.9133,77.5301,25.93,85.37,2.53,4.909
20200723,Bidar,17.9133,77.5301,24.73,87.85,1.66,1.5845
20200724,Bidar,17.9133,77.5301,25.21,82.0,1.6,3.6216
20200725,Bidar,17.9133,77.5301,24.76,85.34,2.13,4.5468
20200726,Bidar,17.9133,77.5301,25.59,80.75,3.01,6.4524
20200727,Bidar,17.9133,77.5301,26.38,80.12,2.68,6.3324
20200728,Bidar,17.9133,77.5301,25.63,87.27,2.09,4.7515
20200729,Bidar,17.9133,77.5301,25.37,87.38,1.33,5.1214
20200730,Bidar,17.9133,77.5301,26.99,80.7,1.8,5.7691
20200731,Bidar,17.9133,77.5301,26.23,83.78,2.16,5.0609
20200801,Bidar,17.9133,77.5301,26.17,83.93,2.08,4.6274
20200802,Bidar,17.9133,77.5301,26.22,84.45,3.18,5.801
20200803,Bidar,17.9133,77.5301,25.09,86.82,3.55,4.5785
20200804,Bidar,17.9133,77.5301,24.98,86.28,5.86,4.0301
20200805,Bidar,17.9133,77.5301,24.84,88.48,5.01,3.8549
20200806,Bidar,17.9133,77.5301,26.08,81.36,4.94,5.2505
20200807,Bidar,17.9133,77.5301,25.98,82.84,3.88,4.7162
20200808,Bidar,17.9133,77.5301,26.0,82.36,3.6,4.7263
20200809,Bidar,17.9133,77.5301,25.46,84.19,3.69,3.6941
20200810,Bidar,17.9133,77.5301,25.13,85.63,3.36,1.6464
20200811,Bidar,17.9133,77.5301,25.43,84.3,3.99,5.0131
20200812,Bidar,17.9133,77.5301,24.45,87.7,4.28,3.7934
20200813,Bidar,17.9133,77.5301,24.42,88.53,4.58,1.8694
20200814,Bidar,17.9133,77.5301,24.23,87.65,5.17,2.7341
20200815,Bidar,17.9133,77.5301,24.03,90.62,4.89,2.1331
20200816,Bidar,17.9133,77.5301,23.98,88.47,4.46,1.5458
20200817,Bidar,17.9133,77.5301,24.06,87.45,4.0,2.8478
20200818,Bidar,17.9133,77.5301,25.2,85.73,3.64,3.9362
20200819,Bidar,17.9133,77.5301,24.94,87.9,3.06,3.2374
20200820,Bidar,17.9133,77.5301,24.2,91.95,3.8,2.2668
20200821,Bidar,17.9133,77.5301,24.65,88.43,4.43,3.5278
20200822,Bidar,17.9133,77.5301,25.05,86.44,4.03,4.859
20200823,Bidar,17.9133,77.5301,25.67,84.35,3.45,5.0369
20200824,Bidar,17.9133,77.5301,25.53,85.02,3.14,5.4626
20200825,Bidar,17.9133,77.5301,25.7,84.12,2.09,5.9155
20200826,Bidar,17.9133,77.5301,25.81,83.28,1.73,5.5366
20200827,Bidar,17.9133,77.5301,24.33,87.93,2.71,3.413
20200828,Bidar,17.9133,77.5301,24.97,85.19,2.45,4.6985
20200829,Bidar,17.9133,77.5301,24.8,86.59,2.83,5.1643
20200830,Bidar,17.9133,77.5301,25.4,83.9,2.84,5.8183
20200831,Bidar,17.9133,77.5301,25.49,83.33,2.16,6.5054
20200901,Bidar,17.9133,77.5301,25.01,87.48,2.37,5.9606
20200902,Bidar,17.9133,77.5301,24.22,89.49,2.62,4.5511
20200903,Bidar,17.9133,77.5301,25.22,81.93,1.35,5.743
20200904,Bidar,17.9133,77.5301,25.67,84.5,1.92,6.0036
20200905,Bidar,17.9133,77.5301,26.27,80.72,1.49,5.9009
20200906,Bidar,17.9133,77.5301,26.3,77.66,1.11,5.8142
20200907,Bidar,17.9133,77.5301,26.22,80.59,1.16,5.6818
20200908,Bidar,17.9133,77.5301,26.35,81.73,0.81,5.5656
20200909,Bidar,17.9133,77.5301,26.28,84.05,1.33,5.8135
20200910,Bidar,17.9133,77.5301,25.87,83.62,1.11,5.0347
20200911,Bidar,17.9133,77.5301,25.64,84.97,1.56,3.9149
20200912,Bidar,17.9133,77.5301,24.54,89.68,2.32,5.1185
20200913,Bidar,17.9133,77.5301,24.4,91.74,2.51,3.1882
20200914,Bidar,17.9133,77.5301,24.7,90.05,2.43,2.5733
20200915,Bidar,17.9133,77.5301,25.15,89.91,1.89,3.6521
20200916,Bidar,17.9133,77.5301,25.55,91.4,1.59,4.2466
20200917,Bidar,17.9133,77.5301,25.74,89.22,1.06,2.9047
20200918,Bidar,17.9133,77.5301,25.97,88.33,1.0,4.0332
20200919,Bidar,17.9133,77.5301,25.57,90.64,1.05,2.1127
20200920,Bidar,17.9133,77.5301,23.74,94.02,2.91,4.3445
20200921,Bidar,17.9133,77.5301,24.54,89.97,3.45,4.2718
20200922,Bidar,17.9133,77.5301,24.24,91.44,4.26,3.9612
20200923,Bidar,17.9133,77.5301,24.46,87.67,4.54,3.449
20200924,Bidar,17.9133,77.5301,25.06,87.54,2.97,4.0543
20200925,Bidar,17.9133,77.5301,25.43,90.24,1.83,3.8417
20200926,Bidar,17.9133,77.5301,24.11,93.07,2.09,2.3993
20200927,Bidar,17.9133,77.5301,23.31,85.57,1.85,4.3692
20200928,Bidar,17.9133,77.5301,24.35,87.09,1.76,4.8281
20200929,Bidar,17.9133,77.5301,24.32,88.0,2.05,5.004
20200930,Bidar,17.9133,77.5301,23.96,90.89,1.97,3.9132
20201001,Bidar,17.9133,77.5301,23.73,86.27,1.93,4.2245
20201002,Bidar,17.9133,77.5301,24.46,86.31,2.39,6.1601
20201003,Bidar,17.9133,77.5301,24.87,84.61,2.53,5.695
20201004,Bidar,17.9133,77.5301,24.31,85.02,2.41,4.7894
20201005,Bidar,17.9133,77.5301,24.58,85.55,2.3,5.3395
20201006,Bidar,17.9133,77.5301,24.46,83.05,2.12,5.8291
20201007,Bidar,17.9133,77.5301,23.04,81.92,1.87,3.6043
20201008,Bidar,17.9133,77.5301,23.19,87.49,1.55,4.7928
20201009,Bidar,17.9133,77.5301,25.58,86.05,0.94,4.1983
20201010,Bidar,17.9133,77.5301,25.25,87.22,0.69,4.6248
20201011,Bidar,17.9133,77.5301,23.9,91.93,1.09,1.9258
20201012,Bidar,17.9133,77.5301,23.72,92.27,1.73,3.4474
20201013,Bidar,17.9133,77.5301,23.64,92.24,2.86,2.0201
20201014,Bidar,17.9133,77.5301,24.41,94.58,4.31,2.3323
20201015,Bidar,17.9133,77.5301,24.57,91.04,1.95,3.2071
20201016,Bidar,17.9133,77.5301,24.87,85.57,1.78,4.811
20201017,Bidar,17.9133,77.5301,25.21,85.76,0.88,5.1679
20201018,Bidar,17.9133,77.5301,24.94,89.17,1.88,5.179
20201019,Bidar,17.9133,77.5301,23.99,90.79,1.08,5.0926
20201020,Bidar,17.9133,77.5301,24.64,89.65,1.5,3.3473
20201021,Bidar,17.9133,77.5301,24.32,88.69,1.7,3.8203
20201022,Bidar,17.9133,77.5301,24.02,83.55,1.39,5.0825
20201023,Bidar,17.9133,77.5301,25.02,79.62,0.76,5.2421
20201024,Bidar,17.9133,77.5301,25.23,78.41,0.73,5.3256
20201025,Bidar,17.9133,77.5301,23.98,86.21,1.16,4.6565
20201026,Bidar,17.9133,77.5301,23.24,83.97,1.58,4.7002
20201027,Bidar,17.9133,77.5301,22.49,83.02,1.63,5.3796
20201028,Bidar,17.9133,77.5301,22.05,76.97,1.32,5.4298
20201029,Bidar,17.9133,77.5301,21.91,77.51,1.37,5.4979
20201030,Bidar,17.9133,77.5301,22.76,82.86,1.68,4.7172
20201031,Bidar,17.9133,77.5301,21.77,81.66,1.68,4.9469
20201101,Bidar,17.9133,77.5301,20.64,76.78,1.82,5.2874
20201102,Bidar,17.9133,77.5301,21.03,85.29,1.93,5.4701
20201103,Bidar,17.9133,77.5301,20.98,82.27,2.13,5.2164
20201104,Bidar,17.9133,77.5301,19.85,73.85,1.9,5.3798
20201105,Bidar,17.9133,77.5301,19.58,64.77,1.63,5.226
20201106,Bidar,17.9133,77.5301,19.73,74.56,1.59,5.0882
20201107,Bidar,17.9133,77.5301,21.67,86.21,2.33,4.728
20201108,Bidar,17.9133,77.5301,20.57,80.67,1.91,5.3419
20201109,Bidar,17.9133,77.5301,17.84,78.59,1.76,5.359
20201110,Bidar,17.9133,77.5301,17.32,80.42,1.83,5.4142
20201111,Bidar,17.9133,77.5301,18.5,82.32,1.82,5.7778
20201112,Bidar,17.9133,77.5301,21.17,89.63,2.13,4.4774
20201113,Bidar,17.9133,77.5301,22.97,87.57,1.81,4.0687
20201114,Bidar,17.9133,77.5301,21.86,84.63,1.58,5.4989
20201115,Bidar,17.9133,77.5301,21.75,85.26,1.71,5.5366
20201116,Bidar,17.9133,77.5301,22.25,85.96,2.1,4.5811
20201117,Bidar,17.9133,77.5301,21.73,85.12,1.95,5.3023
20201118,Bidar,17.9133,77.5301,21.95,84.0,1.87,4.9056
20201119,Bidar,17.9133,77.5301,22.42,83.39,1.78,5.2481
20201120,Bidar,17.9133,77.5301,23.63,82.36,1.11,5.3417
20201121,Bidar,17.9133,77.5301,23.07,85.01,1.75,4.8638
20201122,Bidar,17.9133,77.5301,21.06,82.62,2.13,4.4057
20201123,Bidar,17.9133,77.5301,20.11,76.14,1.74,4.3685
20201124,Bidar,17.9133,77.5301,19.34,73.04,1.87,4.805
20201125,Bidar,17.9133,77.5301,19.87,81.16,2.21,4.9363
20201126,Bidar,17.9133,77.5301,20.25,87.34,2.74,2.7434
20201127,Bidar,17.9133,77.5301,19.54,87.33,3.35,1.9111
20201128,Bidar,17.9133,77.5301,20.62,86.85,2.98,2.3796
20201129,Bidar,17.9133,77.5301,22.25,85.84,2.09,3.4442
20201130,Bidar,17.9133,77.5301,22.18,84.17,1.37,3.9437
20201201,Bidar,17.9133,77.5301,21.28,82.13,1.48,4.9942
20201202,Bidar,17.9133,77.5301,20.19,81.64,1.48,5.0892
20201203,Bidar,17.9133,77.5301,19.93,78.14,1.31,4.6406
20201204,Bidar,17.9133,77.5301,19.78,78.55,1.4,4.8302
20201205,Bidar,17.9133,77.5301,19.73,78.13,1.61,5.0021
20201206,Bidar,17.9133,77.5301,18.82,71.25,1.67,5.1199
20201207,Bidar,17.9133,77.5301,19.11,68.91,1.62,5.208
20201208,Bidar,17.9133,77.5301,19.28,74.91,1.53,5.3114
20201209,Bidar,17.9133,77.5301,19.83,72.74,1.29,5.0578
20201210,Bidar,17.9133,77.5301,20.06,73.89,1.51,5.1048
20201211,Bidar,17.9133,77.5301,20.41,74.12,1.54,4.9406
20201212,Bidar,17.9133,77.5301,19.96,74.53,1.83,4.7791
20201213,Bidar,17.9133,77.5301,20.34,78.77,1.61,4.5238
20201214,Bidar,17.9133,77.5301,20.73,77.59,1.8,4.3985
20201215,Bidar,17.9133,77.5301,20.45,76.96,2.25,4.8562
20201216,Bidar,17.9133,77.5301,20.69,79.91,1.69,4.5917
20201217,Bidar,17.9133,77.5301,20.77,77.16,1.3,4.7054
20201218,Bidar,17.9133,77.5301,19.87,76.27,1.81,4.218
20201219,Bidar,17.9133,77.5301,18.77,71.51,2.11,4.428
20201220,Bidar,17.9133,77.5301,17.21,66.47,2.09,5.238
20201221,Bidar,17.9133,77.5301,16.26,55.41,1.67,5.4718
20201222,Bidar,17.9133,77.5301,16.55,60.98,1.49,5.3148
20201223,Bidar,17.9133,77.5301,17.44,69.05,1.65,5.1082
20201224,Bidar,17.9133,77.5301,18.02,71.02,1.6,4.8134
20201225,Bidar,17.9133,77.5301,18.4,74.64,1.86,4.6874
20201226,Bidar,17.9133,77.5301,18.88,74.75,1.58,4.68
20201227,Bidar,17.9133,77.5301,19.23,66.15,1.32,4.799
20201228,Bidar,17.9133,77.5301,19.28,72.4,1.48,4.5434
20201229,Bidar,17.9133,77.5301,19.85,72.15,1.45,4.4414
20201230,Bidar,17.9133,77.5301,20.0,73.38,1.98,4.2696
20201231,Bidar,17.9133,77.5301,20.35,75.2,1.79,3.9029
20210101,Bidar,17.9133,77.5301,20.6,78.61,2.06,3.7783
20210102,Bidar,17.9133,77.5301,20.23,78.94,2.04,4.3382
20210103,Bidar,17.9133,77.5301,19.78,71.7,2.37,4.5559
20210104,Bidar,17.9133,77.5301,20.15,70.32,2.64,4.7657
20210105,Bidar,17.9133,77.5301,20.93,74.55,2.04,4.89
20210106,Bidar,17.9133,77.5301,22.67,79.63,1.75,2.7979
20210107,Bidar,17.9133,77.5301,22.56,82.43,1.79,2.5704
20210108,Bidar,17.9133,77.5301,23.15,71.19,2.73,3.4891
20210109,Bidar,17.9133,77.5301,22.51,63.47,2.67,4.8926
20210110,Bidar,17.9133,77.5301,22.48,61.38,1.97,5.1278
20210111,Bidar,17.9133,77.5301,23.19,61.92,1.77,5.0422
20210112,Bidar,17.9133,77.5301,23.81,64.55,1.89,4.4474
20210113,Bidar,17.9133,77.5301,22.32,67.94,1.58,4.2454
20210114,Bidar,17.9133,77.5301,22.03,67.18,1.46,4.9164
20210115,Bidar,17.9133,77.5301,22.29,66.49,1.29,4.6555
20210116,Bidar,17.9133,77.5301,22.68,67.74,1.79,4.0162
20210117,Bidar,17.9133,77.5301,22.92,62.06,2.4,4.6867
20210118,Bidar,17.9133,77.5301,22.64,68.18,2.11,4.5864
20210119,Bidar,17.9133,77.5301,23.28,67.02,1.56,4.8679
20210120,Bidar,17.9133,77.5301,24.08,59.24,1.29,4.889
20210121,Bidar,17.9133,77.5301,23.23,53.85,1.48,4.7194
20210122,Bidar,17.9133,77.5301,22.48,58.0,1.86,4.585
20210123,Bidar,17.9133,77.5301,23.03,57.26,1.15,4.9298
20210124,Bidar,17.9133,77.5301,24.51,50.33,1.49,5.0297
20210125,Bidar,17.9133,77.5301,23.73,42.77,1.17,5.1199
20210126,Bidar,17.9133,77.5301,23.88,53.15,1.05,5.0938
20210127,Bidar,17.9133,77.5301,23.15,57.37,1.44,4.9092
20210128,Bidar,17.9133,77.5301,23.3,61.08,2.3,4.567
20210129,Bidar,17.9133,77.5301,24.18,59.48,1.78,4.4323
20210130,Bidar,17.9133,77.5301,24.12,55.47,1.36,4.3169
20210131,Bidar,17.9133,77.5301,23.5,45.22,2.03,4.1201
20210201,Bidar,17.9133,77.5301,21.98,44.54,2.21,3.7798
20210202,Bidar,17.9133,77.5301,20.81,28.62,2.12,5.8966
20210203,Bidar,17.9133,77.5301,21.1,33.74,2.02,5.6018
20210204,Bidar,17.9133,77.5301,22.05,42.22,2.05,5.8265
20210205,Bidar,17.9133,77.5301,23.47,43.47,1.88,5.531
20210206,Bidar,17.9133,77.5301,23.13,39.63,1.66,5.7295
20210207,Bidar,17.9133,77.5301,21.46,36.0,2.58,5.6275
20210208,Bidar,17.9133,77.5301,20.81,29.29,2.38,6.2124
20210209,Bidar,17.9133,77.5301,22.18,32.97,1.67,6.2479
20210210,Bidar,17.9133,77.5301,22.52,31.64,1.52,6.1114
20210211,Bidar,17.9133,77.5301,23.19,38.12,2.0,6.0276
20210212,Bidar,17.9133,77.5301,23.93,45.36,1.95,5.6143
20210213,Bidar,17.9133,77.5301,24.28,41.48,2.1,5.8111
20210214,Bidar,17.9133,77.5301,24.35,39.82,1.96,5.9491
20210215,Bidar,17.9133,77.5301,25.17,35.58,1.6,5.8457
20210216,Bidar,17.9133,77.5301,25.19,36.1,2.18,5.7703
20210217,Bidar,17.9133,77.5301,24.74,40.53,2.98,5.3532
20210218,Bidar,17.9133,77.5301,24.25,47.54,2.98,4.8756
20210219,Bidar,17.9133,77.5301,23.16,48.91,1.99,3.3122
20210220,Bidar,17.9133,77.5301,23.23,49.55,2.98,4.7851
20210221,Bidar,17.9133,77.5301,24.05,51.44,2.48,4.6102
20210222,Bidar,17.9133,77.5301,25.15,44.09,1.67,5.3117
20210223,Bidar,17.9133,77.5301,25.29,37.58,2.03,6.0991
20210224,Bidar,17.9133,77.5301,25.67,26.02,1.73,6.3307
20210225,Bidar,17.9133,77.5301,26.33,26.09,1.35,6.3946
20210226,Bidar,17.9133,77.5301,27.09,23.27,1.49,5.8375
20210227,Bidar,17.9133,77.5301,26.9,23.34,1.81,6.0847
20210228,Bidar,17.9133,77.5301,27.24,20.23,1.57,6.6029
20210301,Bidar,17.9133,77.5301,27.99,23.63,1.54,5.1574
20210302,Bidar,17.9133,77.5301,27.75,24.64,2.44,6.3475
20210303,Bidar,17.9133,77.5301,26.96,17.92,2.55,6.7735
20210304,Bidar,17.9133,77.5301,26.61,16.7,2.14,6.8201
20210305,Bidar,17.9133,77.5301,27.16,25.27,1.77,6.8059
20210306,Bidar,17.9133,77.5301,27.82,18.06,1.34,6.7145
20210307,Bidar,17.9133,77.5301,28.19,21.55,1.9,6.5654
20210308,Bidar,17.9133,77.5301,28.5,25.82,2.73,6.341
20210309,Bidar,17.9133,77.5301,28.5,30.49,2.46,6.4658
20210310,Bidar,17.9133,77.5301,28.82,30.05,2.25,6.6132
20210311,Bidar,17.9133,77.5301,28.42,23.92,3.4,6.8988
20210312,Bidar,17.9133,77.5301,28.13,20.26,3.48,6.9758
20210313,Bidar,17.9133,77.5301,27.28,26.42,2.41,6.6883
20210314,Bidar,17.9133,77.5301,28.2,19.2,2.21,7.1448
20210315,Bidar,17.9133,77.5301,28.75,25.73,1.92,6.8513
20210316,Bidar,17.9133,77.5301,29.69,25.63,2.14,6.474
20210317,Bidar,17.9133,77.5301,30.03,26.87,1.97,5.6765
20210318,Bidar,17.9133,77.5301,30.6,27.98,1.74,5.4072
20210319,Bidar,17.9133,77.5301,30.15,28.11,2.1,5.6966
20210320,Bidar,17.9133,77.5301,30.04,29.75,2.07,5.9304
20210321,Bidar,17.9133,77.5301,29.99,27.1,2.32,6.4555
20210322,Bidar,17.9133,77.5301,30.43,26.35,2.01,4.9423
20210323,Bidar,17.9133,77.5301,31.32,27.46,2.5,6.0084
20210324,Bidar,17.9133,77.5301,30.76,27.23,2.24,5.9333
20210325,Bidar,17.9133,77.5301,30.89,25.17,2.22,5.3604
20210326,Bidar,17.9133,77.5301,30.74,22.68,2.63,6.1414
20210327,Bidar,17.9133,77.5301,30.53,19.64,1.97,6.3694
20210328,Bidar,17.9133,77.5301,30.43,15.31,1.93,6.8009
20210329,Bidar,17.9133,77.5301,31.09,16.49,2.12,6.923
20210330,Bidar,17.9133,77.5301,31.15,16.67,1.91,7.0094
20210331,Bidar,17.9133,77.5301,30.82,12.84,2.95,7.6985
20210401,Bidar,17.9133,77.5301,31.03,19.78,2.71,7.2091
20210402,Bidar,17.9133,77.5301,30.65,16.69,2.44,7.3846
20210403,Bidar,17.9133,77.5301,31.64,14.54,1.29,7.2002
20210404,Bidar,17.9133,77.5301,30.8,13.91,2.46,6.9514
20210405,Bidar,17.9133,77.5301,30.76,16.38,2.36,6.2395
20210406,Bidar,17.9133,77.5301,31.82,26.65,2.26,5.8253
20210407,Bidar,17.9133,77.5301,32.6,26.52,2.23,5.929
20210408,Bidar,17.9133,77.5301,32.86,27.18,2.32,3.9746
20210409,Bidar,17.9133,77.5301,31.31,32.2,0.57,4.9066
20210410,Bidar,17.9133,77.5301,31.46,31.1,1.89,5.9923
20210411,Bidar,17.9133,77.5301,31.37,33.96,1.64,6.4663
20210412,Bidar,17.9133,77.5301,31.02,37.38,1.43,3.7106
20210413,Bidar,17.9133,77.5301,30.75,40.24,2.0,5.2342
20210414,Bidar,17.9133,77.5301,28.81,51.26,1.49,6.1392
20210415,Bidar,17.9133,77.5301,28.97,48.82,0.83,6.7226
20210416,Bidar,17.9133,77.5301,29.69,39.88,2.17,6.9487
20210417,Bidar,17.9133,77.5301,30.94,37.97,1.74,6.4166
20210418,Bidar,17.9133,77.5301,32.16,33.84,1.18,6.0888
20210419,Bidar,17.9133,77.5301,32.8,31.98,1.31,6.2902
20210420,Bidar,17.9133,77.5301,33.33,29.29,1.49,6.635
20210421,Bidar,17.9133,77.5301,32.55,31.14,2.75,5.5699
20210422,Bidar,17.9133,77.5301,31.24,33.71,2.34,5.958
20210423,Bidar,17.9133,77.5301,31.24,40.99,1.75,5.6009
20210424,Bidar,17.9133,77.5301,32.62,34.1,1.75,6.1855
20210425,Bidar,17.9133,77.5301,33.3,28.78,1.63,5.623
20210426,Bidar,17.9133,77.5301,32.8,34.52,1.82,6.1291
20210427,Bidar,17.9133,77.5301,33.58,30.46,1.4,6.4378
20210428,Bidar,17.9133,77.5301,32.27,34.3,2.38,5.7432
20210429,Bidar,17.9133,77.5301,33.39,29.84,2.1,5.376
20210430,Bidar,17.9133,77.5301,33.25,29.43,2.14,6.599
20210501,Bidar,17.9133,77.5301,31.16,42.03,1.7,5.2884
20210502,Bidar,17.9133,77.5301,30.43,48.1,1.55,6.389
20210503,Bidar,17.9133,77.5301,30.82,47.12,1.05,5.5982
20210504,Bidar,17.9133,77.5301,30.61,46.15,1.95,5.6832
20210505,Bidar,17.9133,77.5301,30.65,48.53,1.59,5.3299
20210506,Bidar,17.9133,77.5301,31.09,47.92,2.71,6.4884
20210507,Bidar,17.9133,77.5301,30.13,51.09,2.73,5.0165
20210508,Bidar,17.9133,77.5301,31.45,49.35,1.88,5.8771
20210509,Bidar,17.9133,77.5301,32.61,42.29,2.16,6.8146
20210510,Bidar,17.9133,77.5301,32.58,49.56,1.35,5.5094
20210511,Bidar,17.9133,77.5301,31.56,49.5,2.2,6.0799
20210512,Bidar,17.9133,77.5301,32.71,41.37,2.17,7.3282
20210513,Bidar,17.9133,77.5301,30.13,53.8,2.66,6.1997
20210514,Bidar,17.9133,77.5301,29.73,58.85,2.08,5.8442
20210515,Bidar,17.9133,77.5301,31.26,52.14,5.42,6.3703
20210516,Bidar,17.9133,77.5301,28.8,64.18,5.69,4.788
20210517,Bidar,17.9133,77.5301,30.12,58.13,5.25,5.9239
20210518,Bidar,17.9133,77.5301,27.99,64.79,4.23,6.6086
20210519,Bidar,17.9133,77.5301,28.27,64.33,3.82,5.7235
20210520,Bidar,17.9133,77.5301,29.58,59.78,3.09,5.6837
20210521,Bidar,17.9133,77.5301,32.12,45.43,2.32,6.5748
20210522,Bidar,17.9133,77.5301,32.63,40.38,2.46,5.8445
20210523,Bidar,17.9133,77.5301,32.58,37.96,3.48,6.3238
20210524,Bidar,17.9133,77.5301,31.46,40.81,3.44,4.5156
20210525,Bidar,17.9133,77.5301,33.3,31.54,4.89,5.7026
20210526,Bidar,17.9133,77.5301,33.46,38.23,5.49,6.1634
20210527,Bidar,17.9133,77.5301,32.82,40.97,5.31,6.191
20210528,Bidar,17.9133,77.5301,31.88,49.3,4.35,5.5162
20210529,Bidar,17.9133,77.5301,30.76,59.11,3.12,5.6513
20210530,Bidar,17.9133,77.5301,30.25,61.88,2.19,6.6029
20210531,Bidar,17.9133,77.5301,31.12,54.74,2.38,6.3696
20210601,Bidar,17.9133,77.5301,30.81,59.06,1.9,6.0055
20210602,Bidar,17.9133,77.5301,27.92,73.76,1.94,5.3604
20210603,Bidar,17.9133,77.5301,28.78,65.25,1.5,5.279
20210604,Bidar,17.9133,77.5301,25.71,80.25,1.76,4.985
20210605,Bidar,17.9133,77.5301,27.64,70.3,1.54,6.3734
20210606,Bidar,17.9133,77.5301,28.88,65.16,2.04,6.149
20210607,Bidar,17.9133,77.5301,28.65,66.23,3.3,6.3036
20210608,Bidar,17.9133,77.5301,29.07,63.47,3.58,6.3293
20210609,Bidar,17.9133,77.5301,27.43,73.2,4.24,3.6463
20210610,Bidar,17.9133,77.5301,25.21,83.36,5.25,4.8398
20210611,Bidar,17.9133,77.5301,27.33,64.47,5.26,3.8585
20210612,Bidar,17.9133,77.5301,27.68,73.26,3.99,5.2231
20210613,Bidar,17.9133,77.5301,26.2,82.92,3.97,5.0767
20210614,Bidar,17.9133,77.5301,25.29,79.85,4.23,4.5497
20210615,Bidar,17.9133,77.5301,26.95,69.81,5.2,5.1322
20210616,Bidar,17.9133,77.5301,25.77,74.86,4.92,4.9656
20210617,Bidar,17.9133,77.5301,26.27,74.81,5.19,5.0102
20210618,Bidar,17.9133,77.5301,26.67,73.79,5.71,4.1774
20210619,Bidar,17.9133,77.5301,26.73,73.14,5.23,4.8355
20210620,Bidar,17.9133,77.5301,26.73,71.06,4.79,6.1848
20210621,Bidar,17.9133,77.5301,26.75,70.89,3.75,6.0617
20210622,Bidar,17.9133,77.5301,27.47,69.62,3.32,5.5198
20210623,Bidar,17.9133,77.5301,26.13,73.24,2.95,4.2439
20210624,Bidar,17.9133,77.5301,26.77,68.92,4.43,3.03
20210625,Bidar,17.9133,77.5301,26.34,69.65,4.39,4.6318
20210626,Bidar,17.9133,77.5301,25.22,80.0,3.41,4.0008
20210627,Bidar,17.9133,77.5301,25.44,79.74,3.44,2.1031
20210628,Bidar,17.9133,77.5301,26.4,78.66,1.6,4.3339
20210629,Bidar,17.9133,77.5301,27.45,73.86,1.5,6.0922
20210630,Bidar,17.9133,77.5301,27.97,71.25,3.44,6.4862
20210701,Bidar,17.9133,77.5301,25.46,83.83,2.76,4.7059
20210702,Bidar,17.9133,77.5301,25.92,76.62,3.54,3.6845
20210703,Bidar,17.9133,77.5301,27.36,70.91,2.64,5.8368
20210704,Bidar,17.9133,77.5301,26.97,73.92,2.95,5.3983
20210705,Bidar,17.9133,77.5301,27.46,75.62,2.18,4.7712
20210706,Bidar,17.9133,77.5301,26.18,84.07,1.74,5.2718
20210707,Bidar,17.9133,77.5301,27.13,78.97,2.07,5.2426
20210708,Bidar,17.9133,77.5301,25.37,88.1,1.2,2.9323
20210709,Bidar,17.9133,77.5301,25.09,86.17,1.77,4.5149
20210710,Bidar,17.9133,77.5301,25.88,81.28,1.89,3.1466
20210711,Bidar,17.9133,77.5301,24.96,90.07,3.14,1.9646
20210712,Bidar,17.9133,77.5301,25.88,84.06,3.61,3.762
20210713,Bidar,17.9133,77.5301,24.38,89.34,3.62,3.1769
20210714,Bidar,17.9133,77.5301,24.26,87.95,4.45,3.2952
20210715,Bidar,17.9133,77.5301,25.45,87.11,3.31,3.2945
20210716,Bidar,17.9133,77.5301,26.79,80.79,1.02,4.3186
20210717,Bidar,17.9133,77.5301,26.74,83.82,2.02,5.3491
20210718,Bidar,17.9133,77.5301,26.26,86.22,2.99,3.9238
20210719,Bidar,17.9133,77.5301,25.92,83.7,4.57,4.0745
20210720,Bidar,17.9133,77.5301,24.75,85.47,4.96,4.3946
20210721,Bidar,17.9133,77.5301,24.3,87.44,6.52,1.3591
20210722,Bidar,17.9133,77.5301,24.35,89.06,6.35,1.3265
20210723,Bidar,17.9133,77.5301,24.21,87.42,4.62,3.4171
20210724,Bidar,17.9133,77.5301,25.79,80.11,4.43,4.9296
20210725,Bidar,17.9133,77.5301,25.99,82.14,4.24,5.2445
20210726,Bidar,17.9133,77.5301,26.24,80.81,5.13,5.1634
20210727,Bidar,17.9133,77.5301,25.4,81.34,4.71,5.513
20210728,Bidar,17.9133,77.5301,25.53,78.92,4.83,4.963
20210729,Bidar,17.9133,77.5301,24.67,83.25,5.27,3.0206
20210730,Bidar,17.9133,77.5301,23.52,87.89,4.24,3.6574
20210731,Bidar,17.9133,77.5301,24.44,82.84,4.62,3.9962
20210801,Bidar,17.9133,77.5301,25.31,79.62,4.82,3.8357
20210802,Bidar,17.9133,77.5301,25.37,79.5,4.7,4.673
20210803,Bidar,17.9133,77.5301,25.9,79.3,4.22,4.4957
20210804,Bidar,17.9133,77.5301,25.99,80.22,4.24,4.3898
20210805,Bidar,17.9133,77.5301,25.71,81.34,3.74,4.0812
20210806,Bidar,17.9133,77.5301,26.05,79.94,3.64,5.0268
20210807,Bidar,17.9133,77.5301,26.68,77.82,2.63,6.2191
20210808,Bidar,17.9133,77.5301,26.41,79.82,2.12,5.8747
20210809,Bidar,17.9133,77.5301,25.62,87.28,1.54,5.8394
20210810,Bidar,17.9133,77.5301,25.61,84.32,1.88,5.2205
20210811,Bidar,17.9133,77.5301,25.85,81.96,2.29,5.959
20210812,Bidar,17.9133,77.5301,25.13,84.28,2.17,5.3179
20210813,Bidar,17.9133,77.5301,24.93,83.3,2.21,4.3531
20210814,Bidar,17.9133,77.5301,25.65,81.06,2.49,5.7036
20210815,Bidar,17.9133,77.5301,25.59,80.83,2.67,4.9186
20210816,Bidar,17.9133,77.5301,24.2,86.38,2.75,2.9815
20210817,Bidar,17.9133,77.5301,23.57,89.25,2.69,2.3484
20210818,Bidar,17.9133,77.5301,24.21,85.88,3.02,2.9251
20210819,Bidar,17.9133,77.5301,23.46,89.96,3.59,3.6665
20210820,Bidar,17.9133,77.5301,23.89,88.67,2.08,3.6002
20210821,Bidar,17.9133,77.5301,24.27,85.93,2.62,3.9144
20210822,Bidar,17.9133,77.5301,24.74,84.25,2.2,6.205
20210823,Bidar,17.9133,77.5301,25.66,81.74,1.05,5.85
20210824,Bidar,17.9133,77.5301,26.52,82.39,1.41,5.4509
20210825,Bidar,17.9133,77.5301,25.46,88.39,1.96,4.6507
20210826,Bidar,17.9133,77.5301,24.51,88.59,2.2,4.6202
20210827,Bidar,17.9133,77.5301,25.61,82.6,1.68,4.0855
20210828,Bidar,17.9133,77.5301,25.49,83.13,1.2,2.615
20210829,Bidar,17.9133,77.5301,24.27,91.97,3.24,4.1074
20210830,Bidar,17.9133,77.5301,23.57,89.48,3.75,1.9349
20210831,Bidar,17.9133,77.5301,24.52,88.38,2.89,2.8894
20210901,Bidar,17.9133,77.5301,24.45,84.15,2.48,4.6687
20210902,Bidar,17.9133,77.5301,25.88,82.18,1.57,4.8454
20210903,Bidar,17.9133,77.5301,23.79,93.28,2.24,4.123
20210904,Bidar,17.9133,77.5301,23.6,92.76,2.66,4.4825
20210905,Bidar,17.9133,77.5301,23.51,92.75,2.46,3.6694
20210906,Bidar,17.9133,77.5301,23.47,93.53,2.41,2.0542
20210907,Bidar,17.9133,77.5301,23.63,92.6,3.32,1.6884
20210908,Bidar,17.9133,77.5301,24.43,89.39,4.96,3.9144
20210909,Bidar,17.9133,77.5301,24.86,86.33,4.05,4.7957
20210910,Bidar,17.9133,77.5301,25.25,85.28,3.43,4.9898
20210911,Bidar,17.9133,77.5301,25.58,85.59,3.4,4.4887
20210912,Bidar,17.9133,77.5301,25.08,88.06,3.53,4.303
20210913,Bidar,17.9133,77.5301,24.68,91.49,3.11,3.9643
20210914,Bidar,17.9133,77.5301,24.79,87.85,3.51,4.7028
20210915,Bidar,17.9133,77.5301,25.05,85.05,3.28,5.5488
20210916,Bidar,17.9133,77.5301,25.21,83.84,2.85,5.5925
20210917,Bidar,17.9133,77.5301,24.99,83.55,2.34,5.6527
20210918,Bidar,17.9133,77.5301,25.45,79.64,1.63,5.0726
20210919,Bidar,17.9133,77.5301,25.44,81.1,1.2,4.9193
20210920,Bidar,17.9133,77.5301,24.88,87.96,1.92,4.8677
20210921,Bidar,17.9133,77.5301,23.73,92.55,1.65,3.9538
20210922,Bidar,17.9133,77.5301,24.59,89.27,2.0,3.8815
20210923,Bidar,17.9133,77.5301,24.21,90.99,1.86,3.2784
20210924,Bidar,17.9133,77.5301,24.53,87.76,2.51,4.4143
20210925,Bidar,17.9133,77.5301,24.29,88.9,1.92,4.5362
20210926,Bidar,17.9133,77.5301,24.18,90.51,2.76,3.2772
20210927,Bidar,17.9133,77.5301,24.1,93.53,2.6,2.2236
20210928,Bidar,17.9133,77.5301,23.34,91.31,4.7,3.2688
20210929,Bidar,17.9133,77.5301,23.47,83.07,2.43,4.145
20210930,Bidar,17.9133,77.5301,25.36,83.14,1.5,5.327
20211001,Bidar,17.9133,77.5301,25.89,84.16,1.13,5.5531
20211002,Bidar,17.9133,77.5301,25.57,85.68,1.34,5.0935
20211003,Bidar,17.9133,77.5301,25.62,82.37,1.03,5.3237
20211004,Bidar,17.9133,77.5301,25.67,84.83,1.1,5.4031
20211005,Bidar,17.9133,77.5301,25.25,88.85,1.28,5.1065
20211006,Bidar,17.9133,77.5301,24.9,88.25,1.22,5.3678
20211007,Bidar,17.9133,77.5301,25.09,88.55,1.52,4.9877
20211008,Bidar,17.9133,77.5301,25.86,85.48,0.75,5.13
20211009,Bidar,17.9133,77.5301,24.42,91.94,1.64,4.4398
20211010,Bidar,17.9133,77.5301,24.6,88.97,0.9,4.2202
20211011,Bidar,17.9133,77.5301,24.17,84.47,1.77,5.7876
20211012,Bidar,17.9133,77.5301,23.49,82.06,1.48,5.8536
20211013,Bidar,17.9133,77.5301,23.6,82.98,1.55,5.7437
20211014,Bidar,17.9133,77.5301,24.11,82.07,1.65,4.8461
20211015,Bidar,17.9133,77.5301,23.91,85.01,2.05,5.3057
20211016,Bidar,17.9133,77.5301,23.96,94.05,2.09,3.1147
20211017,Bidar,17.9133,77.5301,25.03,87.21,1.66,3.7495
20211018,Bidar,17.9133,77.5301,25.19,85.7,2.58,5.4142
20211019,Bidar,17.9133,77.5301,23.65,80.91,1.83,4.9222
20211020,Bidar,17.9133,77.5301,22.53,77.69,1.54,5.753
20211021,Bidar,17.9133,77.5301,21.95,80.63,1.64,5.9827
20211022,Bidar,17.9133,77.5301,21.64,73.79,1.31,5.9544
20211023,Bidar,17.9133,77.5301,22.19,74.39,1.13,5.8296
20211024,Bidar,17.9133,77.5301,22.1,79.93,1.27,4.8214
20211025,Bidar,17.9133,77.5301,21.41,79.68,1.79,5.6436
20211026,Bidar,17.9133,77.5301,21.08,84.29,1.89,5.5202
20211027,Bidar,17.9133,77.5301,20.6,82.72,2.17,5.5298
20211028,Bidar,17.9133,77.5301,21.25,85.63,2.57,4.8713
20211029,Bidar,17.9133,77.5301,22.23,86.56,2.88,4.8689
20211030,Bidar,17.9133,77.5301,22.27,86.66,2.41,4.6925
20211031,Bidar,17.9133,77.5301,21.82,84.73,2.08,4.7294
20211101,Bidar,17.9133,77.5301,21.54,81.75,1.47,4.735
20211102,Bidar,17.9133,77.5301,21.73,92.83,1.53,4.3615
20211103,Bidar,17.9133,77.5301,22.07,89.93,1.44,3.737
20211104,Bidar,17.9133,77.5301,22.46,89.76,1.8,3.7646
20211105,Bidar,17.9133,77.5301,22.92,87.38,1.53,4.3025
20211106,Bidar,17.9133,77.5301,22.31,85.82,1.69,5.2006
20211107,Bidar,17.9133,77.5301,20.58,83.75,1.87,4.8686
20211108,Bidar,17.9133,77.5301,19.0,80.51,1.88,5.075
20211109,Bidar,17.9133,77.5301,18.5,80.43,2.14,4.6718
20211110,Bidar,17.9133,77.5301,18.43,79.83,1.96,4.5113
20211111,Bidar,17.9133,77.5301,18.73,83.2,2.27,3.5095
20211112,Bidar,17.9133,77.5301,21.17,88.03,2.3,3.395
20211113,Bidar,17.9133,77.5301,23.68,89.75,1.77,2.9345
20211114,Bidar,17.9133,77.5301,24.06,88.45,1.51,3.7666
20211115,Bidar,17.9133,77.5301,23.86,90.48,1.63,3.2659
20211116,Bidar,17.9133,77.5301,24.38,87.52,2.12,3.5774
20211117,Bidar,17.9133,77.5301,24.15,86.97,2.19,3.2702
20211118,Bidar,17.9133,77.5301,23.78,88.16,1.35,3.2455
20211119,Bidar,17.9133,77.5301,23.22,90.09,2.2,3.187
20211120,Bidar,17.9133,77.5301,23.95,88.19,2.37,2.7914
20211121,Bidar,17.9133,77.5301,24.26,87.16,2.38,2.4948
20211122,Bidar,17.9133,77.5301,24.73,84.66,1.07,4.4491
20211123,Bidar,17.9133,77.5301,24.54,85.85,1.22,4.6344
20211124,Bidar,17.9133,77.5301,23.85,85.94,1.95,4.4222
20211125,Bidar,17.9133,77.5301,22.18,82.23,1.46,4.8504
20211126,Bidar,17.9133,77.5301,20.96,80.52,1.29,4.698
20211127,Bidar,17.9133,77.5301,19.66,80.27,1.81,3.9847
20211128,Bidar,17.9133,77.5301,18.88,78.64,1.78,4.3294
20211129,Bidar,17.9133,77.5301,20.19,84.7,1.93,2.5663
20211130,Bidar,17.9133,77.5301,20.02,83.15,1.63,3.2834
20211201,Bidar,17.9133,77.5301,20.58,79.75,1.64,4.5874
20211202,Bidar,17.9133,77.5301,20.87,84.09,1.12,3.4404
20211203,Bidar,17.9133,77.5301,21.53,83.04,1.61,2.718
20211204,Bidar,17.9133,77.5301,21.12,79.62,1.74,4.1513
20211205,Bidar,17.9133,77.5301,21.59,79.25,1.42,4.6874
20211206,Bidar,17.9133,77.5301,21.49,75.56,1.43,5.0666
20211207,Bidar,17.9133,77.5301,20.36,73.99,1.78,4.3402
20211208,Bidar,17.9133,77.5301,20.63,82.78,1.71,4.2305
20211209,Bidar,17.9133,77.5301,21.76,82.08,1.83,3.3554
20211210,Bidar,17.9133,77.5301,21.63,83.06,2.06,3.0826
20211211,Bidar,17.9133,77.5301,21.41,80.15,2.01,4.1786
20211212,Bidar,17.9133,77.5301,20.6,80.47,1.76,4.1981
20211213,Bidar,17.9133,77.5301,20.81,81.13,1.4,3.5998
20211214,Bidar,17.9133,77.5301,20.73,81.57,1.67,3.0888
20211215,Bidar,17.9133,77.5301,19.68,80.67,1.63,3.8899
20211216,Bidar,17.9133,77.5301,19.08,71.25,1.43,4.4808
20211217,Bidar,17.9133,77.5301,18.8,70.15,1.24,4.8295
20211218,Bidar,17.9133,77.5301,18.4,68.25,1.81,4.7189
20211219,Bidar,17.9133,77.5301,17.18,74.17,1.79,4.3766
20211220,Bidar,17.9133,77.5301,16.04,63.89,1.57,4.6109
20211221,Bidar,17.9133,77.5301,16.65,52.86,1.17,4.8506
20211222,Bidar,17.9133,77.5301,18.2,50.99,1.12,4.9363
20211223,Bidar,17.9133,77.5301,19.09,55.69,1.21,4.8454
20211224,Bidar,17.9133,77.5301,19.97,60.05,1.68,4.6382
20211225,Bidar,17.9133,77.5301,19.97,67.21,1.37,4.3939
20211226,Bidar,17.9133,77.5301,20.98,65.91,0.93,4.2886
20211227,Bidar,17.9133,77.5301,21.18,70.37,1.09,3.5849
20211228,Bidar,17.9133,77.5301,21.13,76.36,2.05,4.2756
20211229,Bidar,17.9133,77.5301,20.79,74.2,1.76,4.2437
20211230,Bidar,17.9133,77.5301,19.88,77.84,2.33,4.5238
20211231,Bidar,17.9133,77.5301,20.37,77.24,1.78,4.1734
20220101,Bidar,17.9133,77.5301,20.69,75.37,1.49,4.1762
20220102,Bidar,17.9133,77.5301,20.84,73.96,1.86,3.9434
20220103,Bidar,17.9133,77.5301,19.88,66.62,1.53,4.6378
20220104,Bidar,17.9133,77.5301,19.46,65.12,1.56,4.8384
20220105,Bidar,17.9133,77.5301,19.77,70.13,1.5,4.615
20220106,Bidar,17.9133,77.5301,20.16,66.15,2.4,4.9483
20220107,Bidar,17.9133,77.5301,21.23,68.89,2.87,4.7544
20220108,Bidar,17.9133,77.5301,21.55,76.63,2.75,3.5112
20220109,Bidar,17.9133,77.5301,22.17,72.92,2.56,4.145
20220110,Bidar,17.9133,77.5301,22.04,77.3,2.04,3.9151
20220111,Bidar,17.9133,77.5301,22.56,75.32,2.25,3.5772
20220112,Bidar,17.9133,77.5301,21.59,74.23,1.41,4.1532
20220113,Bidar,17.9133,77.5301,21.36,77.02,2.37,3.6852
20220114,Bidar,17.9133,77.5301,21.4,70.83,1.75,4.4935
20220115,Bidar,17.9133,77.5301,20.55,76.25,2.06,4.009
20220116,Bidar,17.9133,77.5301,20.96,72.5,2.5,2.8414
20220117,Bidar,17.9133,77.5301,20.57,72.38,1.73,3.7637
20220118,Bidar,17.9133,77.5301,20.52,66.8,1.52,5.0083
20220119,Bidar,17.9133,77.5301,19.96,63.38,1.6,5.3707
20220120,Bidar,17.9133,77.5301,20.95,55.94,1.38,5.5051
20220121,Bidar,17.9133,77.5301,21.09,57.81,1.94,5.671
20220122,Bidar,17.9133,77.5301,22.28,54.08,1.86,5.4881
20220123,Bidar,17.9133,77.5301,20.13,66.3,2.65,5.2867
20220124,Bidar,17.9133,77.5301,17.94,53.73,1.83,4.6375
20220125,Bidar,17.9133,77.5301,17.18,55.69,1.71,4.939
20220126,Bidar,17.9133,77.5301,17.61,56.13,1.77,4.919
20220127,Bidar,17.9133,77.5301,17.69,52.95,2.03,5.0155
20220128,Bidar,17.9133,77.5301,17.23,45.93,2.18,5.7202
20220129,Bidar,17.9133,77.5301,17.44,42.3,1.85,6.0511
20220130,Bidar,17.9133,77.5301,20.36,35.68,1.21,5.94
20220131,Bidar,17.9133,77.5301,22.8,29.46,0.94,5.8831
20220201,Bidar,17.9133,77.5301,22.83,30.8,1.04,5.8183
20220202,Bidar,17.9133,77.5301,23.18,40.34,1.08,5.6362
20220203,Bidar,17.9133,77.5301,22.91,45.0,3.03,5.5008
20220204,Bidar,17.9133,77.5301,20.7,40.34,2.24,6.1824
20220205,Bidar,17.9133,77.5301,20.88,33.11,1.38,6.1416
20220206,Bidar,17.9133,77.5301,21.15,33.81,1.69,5.9054
20220207,Bidar,17.9133,77.5301,23.01,51.71,1.62,5.7058
20220208,Bidar,17.9133,77.5301,24.38,51.38,1.91,4.7664
20220209,Bidar,17.9133,77.5301,24.9,56.74,2.83,4.8204
20220210,Bidar,17.9133,77.5301,23.71,55.34,1.53,4.266
20220211,Bidar,17.9133,77.5301,22.51,50.05,2.79,4.769
20220212,Bidar,17.9133,77.5301,22.06,33.68,2.16,5.7456
20220213,Bidar,17.9133,77.5301,22.18,29.04,1.79,6.023
20220214,Bidar,17.9133,77.5301,23.1,40.89,1.82,5.7874
20220215,Bidar,17.9133,77.5301,24.74,48.47,1.89,4.9858
20220216,Bidar,17.9133,77.5301,25.02,50.05,2.24,4.0826
20220217,Bidar,17.9133,77.5301,25.37,49.66,2.54,4.7453
20220218,Bidar,17.9133,77.5301,25.38,48.31,2.59,4.716
20220219,Bidar,17.9133,77.5301,26.68,42.5,1.9,5.7871
20220220,Bidar,17.9133,77.5301,26.61,34.95,2.05,5.7154
20220221,Bidar,17.9133,77.5301,24.91,24.95,1.97,6.2338
20220222,Bidar,17.9133,77.5301,25.49,21.36,1.88,6.3199
20220223,Bidar,17.9133,77.5301,25.92,36.85,2.45,6.2899
20220224,Bidar,17.9133,77.5301,26.61,42.95,2.79,6.3218
20220225,Bidar,17.9133,77.5301,27.06,36.21,2.4,6.2422
20220226,Bidar,17.9133,77.5301,26.26,32.78,3.27,6.5071
20220227,Bidar,17.9133,77.5301,26.05,34.63,2.92,6.6295
20220228,Bidar,17.9133,77.5301,25.97,30.76,2.57,6.6612
20220301,Bidar,17.9133,77.5301,26.37,28.46,2.24,6.635
20220302,Bidar,17.9133,77.5301,26.62,27.31,2.4,6.6576
20220303,Bidar,17.9133,77.5301,27.23,26.83,2.7,6.4783
20220304,Bidar,17.9133,77.5301,27.79,34.27,2.62,5.8426
20220305,Bidar,17.9133,77.5301,27.89,30.55,2.27,5.8608
20220306,Bidar,17.9133,77.5301,28.01,29.85,2.67,5.5111
20220307,Bidar,17.9133,77.5301,27.59,32.97,2.41,6.2088
20220308,Bidar,17.9133,77.5301,27.74,33.39,1.84,6.2047
20220309,Bidar,17.9133,77.5301,28.1,25.39,2.36,5.8116
20220310,Bidar,17.9133,77.5301,28.04,28.23,1.83,4.1782
20220311,Bidar,17.9133,77.5301,28.96,30.6,1.04,4.1743
20220312,Bidar,17.9133,77.5301,28.69,30.48,1.79,4.2242
20220313,Bidar,17.9133,77.5301,29.06,29.27,2.15,5.7629
20220314,Bidar,17.9133,77.5301,28.3,19.02,2.28,7.0884
20220315,Bidar,17.9133,77.5301,29.17,15.93,2.38,6.4882
20220316,Bidar,17.9133,77.5301,30.74,16.65,2.22,6.7625
20220317,Bidar,17.9133,77.5301,31.16,15.52,2.07,7.1726
20220318,Bidar,17.9133,77.5301,31.1,17.01,1.75,6.929
20220319,Bidar,17.9133,77.5301,30.59,28.68,1.83,5.4686
20220320,Bidar,17.9133,77.5301,31.08,27.88,1.87,5.0777
20220321,Bidar,17.9133,77.5301,30.94,24.4,2.11,5.5469
20220322,Bidar,17.9133,77.5301,30.75,21.27,1.76,5.0431
20220323,Bidar,17.9133,77.5301,31.48,20.37,1.69,5.1674
20220324,Bidar,17.9133,77.5301,31.27,27.78,1.49,5.1046
20220325,Bidar,17.9133,77.5301,32.21,32.76,1.67,5.25
20220326,Bidar,17.9133,77.5301,33.72,27.43,1.57,4.7225
20220327,Bidar,17.9133,77.5301,32.8,24.01,1.44,5.4446
20220328,Bidar,17.9133,77.5301,32.77,18.04,1.56,6.2484
20220329,Bidar,17.9133,77.5301,32.29,18.8,1.63,6.9394
20220330,Bidar,17.9133,77.5301,31.85,13.83,1.77,7.2077
20220331,Bidar,17.9133,77.5301,32.46,12.93,1.27,7.2667
20220401,Bidar,17.9133,77.5301,32.06,18.03,0.99,7.3037
20220402,Bidar,17.9133,77.5301,32.24,32.2,1.83,6.4306
20220403,Bidar,17.9133,77.5301,32.94,26.89,1.96,6.0598
20220404,Bidar,17.9133,77.5301,33.02,26.72,1.87,5.6938
20220405,Bidar,17.9133,77.5301,33.22,28.63,2.15,5.7864
20220406,Bidar,17.9133,77.5301,33.19,24.36,2.13,6.3065
20220407,Bidar,17.9133,77.5301,33.39,25.12,2.35,5.9926
20220408,Bidar,17.9133,77.5301,33.5,26.67,2.41,6.0787
20220409,Bidar,17.9133,77.5301,33.23,32.9,1.98,5.5553
20220410,Bidar,17.9133,77.5301,34.17,28.33,2.53,6.0919
20220411,Bidar,17.9133,77.5301,33.92,27.64,2.34,5.9371
20220412,Bidar,17.9133,77.5301,34.52,27.71,1.68,5.5776
20220413,Bidar,17.9133,77.5301,33.66,25.46,1.69,5.616
20220414,Bidar,17.9133,77.5301,33.18,31.17,1.9,5.7874
20220415,Bidar,17.9133,77.5301,33.67,32.16,1.75,4.3034
20220416,Bidar,17.9133,77.5301,33.53,31.87,1.7,6.0223
20220417,Bidar,17.9133,77.5301,34.37,27.21,2.24,6.4601
20220418,Bidar,17.9133,77.5301,34.47,28.54,2.62,6.3019
20220419,Bidar,17.9133,77.5301,35.14,24.79,2.01,6.2786
20220420,Bidar,17.9133,77.5301,34.87,25.85,2.64,6.9334
20220421,Bidar,17.9133,77.5301,35.46,22.48,1.55,5.9069
20220422,Bidar,17.9133,77.5301,32.14,38.63,2.63,5.1588
20220423,Bidar,17.9133,77.5301,29.16,47.89,1.35,5.417
20220424,Bidar,17.9133,77.5301,29.93,45.97,1.96,5.2666
20220425,Bidar,17.9133,77.5301,33.24,33.45,1.54,6.4673
20220426,Bidar,17.9133,77.5301,34.17,30.97,1.19,5.4557
20220427,Bidar,17.9133,77.5301,35.31,24.78,2.02,6.2573
20220428,Bidar,17.9133,77.5301,35.07,28.06,2.33,5.9059
20220429,Bidar,17.9133,77.5301,35.31,26.21,2.61,6.8856
20220430,Bidar,17.9133,77.5301,35.11,20.19,2.31,7.0265
20220501,Bidar,17.9133,77.5301,35.37,19.03,2.51,6.587
20220502,Bidar,17.9133,77.5301,34.92,22.2,2.43,6.601
20220503,Bidar,17.9133,77.5301,35.58,23.2,2.53,6.439
20220504,Bidar,17.9133,77.5301,33.21,41.28,1.94,5.8102
20220505,Bidar,17.9133,77.5301,33.09,43.7,2.25,6.1968
20220506,Bidar,17.9133,77.5301,34.25,32.17,2.48,6.8544
20220507,Bidar,17.9133,77.5301,34.51,29.31,3.23,5.7314
20220508,Bidar,17.9133,77.5301,34.73,27.77,2.56,4.6901
20220509,Bidar,17.9133,77.5301,35.35,23.13,2.7,5.4446
20220510,Bidar,17.9133,77.5301,34.6,24.65,3.41,5.2169
20220511,Bidar,17.9133,77.5301,31.82,44.07,3.28,2.7802
20220512,Bidar,17.9133,77.5301,33.36,39.11,2.0,4.9903
20220513,Bidar,17.9133,77.5301,34.25,38.72,3.23,6.1238
20220514,Bidar,17.9133,77.5301,35.42,33.47,3.14,5.8174
20220515,Bidar,17.9133,77.5301,35.7,33.68,3.05,6.1486
20220516,Bidar,17.9133,77.5301,30.26,61.49,2.54,5.7178
20220517,Bidar,17.9133,77.5301,28.45,70.99,2.12,4.1378
20220518,Bidar,17.9133,77.5301,30.58,57.61,1.8,4.2516
20220519,Bidar,17.9133,77.5301,29.6,61.45,2.57,4.4549
20220520,Bidar,17.9133,77.5301,29.85,62.51,2.28,4.0236
20220521,Bidar,17.9133,77.5301,29.61,51.65,4.64,4.8828
20220522,Bidar,17.9133,77.5301,30.24,51.83,5.43,7.3193
20220523,Bidar,17.9133,77.5301,31.0,49.45,4.56,7.3721
20220524,Bidar,17.9133,77.5301,32.0,44.79,3.44,7.1928
20220525,Bidar,17.9133,77.5301,32.99,40.2,3.52,6.0214
20220526,Bidar,17.9133,77.5301,33.34,37.82,3.69,5.6784
20220527,Bidar,17.9133,77.5301,32.16,39.94,4.4,7.1911
20220528,Bidar,17.9133,77.5301,32.2,35.88,4.08,7.3262
20220529,Bidar,17.9133,77.5301,33.35,37.11,3.81,7.3366
20220530,Bidar,17.9133,77.5301,33.93,36.76,3.31,6.673
20220531,Bidar,17.9133,77.5301,33.28,40.42,3.66,5.0486
20220601,Bidar,17.9133,77.5301,31.13,47.64,3.69,6.2134
20220602,Bidar,17.9133,77.5301,33.39,41.19,3.62,6.3797
20220603,Bidar,17.9133,77.5301,34.73,32.54,3.97,4.5
20220604,Bidar,17.9133,77.5301,32.89,35.2,4.16,6.1224
20220605,Bidar,17.9133,77.5301,33.2,39.82,3.45,6.1294
20220606,Bidar,17.9133,77.5301,32.85,42.51,3.56,5.1326
20220607,Bidar,17.9133,77.5301,33.62,38.59,4.24,6.5042
20220608,Bidar,17.9133,77.5301,32.64,44.22,4.61,4.9968
20220609,Bidar,17.9133,77.5301,30.23,56.08,4.35,5.9482
20220610,Bidar,17.9133,77.5301,29.3,59.89,2.99,6.4008
20220611,Bidar,17.9133,77.5301,29.35,60.72,4.01,6.6125
20220612,Bidar,17.9133,77.5301,26.83,71.86,2.42,6.2491
20220613,Bidar,17.9133,77.5301,27.89,65.01,2.69,6.6331
20220614,Bidar,17.9133,77.5301,28.03,68.95,2.09,5.8025
20220615,Bidar,17.9133,77.5301,26.77,70.09,2.99,5.1826
20220616,Bidar,17.9133,77.5301,27.64,70.96,2.62,4.5125
20220617,Bidar,17.9133,77.5301,27.79,70.65,1.85,6.001
20220618,Bidar,17.9133,77.5301,28.05,70.21,2.54,5.1094
20220619,Bidar,17.9133,77.5301,27.55,71.18,2.87,4.656
20220620,Bidar,17.9133,77.5301,26.76,75.06,2.72,5.742
20220621,Bidar,17.9133,77.5301,26.1,77.0,3.41,5.1
20220622,Bidar,17.9133,77.5301,26.31,76.31,3.58,4.7959
20220623,Bidar,17.9133,77.5301,26.78,73.32,1.77,5.55
20220624,Bidar,17.9133,77.5301,26.6,74.92,2.03,4.6231
20220625,Bidar,17.9133,77.5301,26.65,74.58,2.98,4.5598
20220626,Bidar,17.9133,77.5301,26.24,75.48,3.45,4.2734
20220627,Bidar,17.9133,77.5301,26.36,73.23,4.3,3.7776
20220628,Bidar,17.9133,77.5301,26.81,71.84,3.9,4.535
20220629,Bidar,17.9133,77.5301,27.39,71.7,3.43,5.8205
20220630,Bidar,17.9133,77.5301,27.68,68.23,4.2,5.4106
20220701,Bidar,17.9133,77.5301,28.19,64.83,3.87,5.4758
20220702,Bidar,17.9133,77.5301,27.3,73.43,3.66,4.537
20220703,Bidar,17.9133,77.5301,26.4,78.87,3.38,5.185
20220704,Bidar,17.9133,77.5301,25.52,79.42,4.06,4.123
20220705,Bidar,17.9133,77.5301,26.62,76.16,4.38,3.9852
20220706,Bidar,17.9133,77.5301,25.81,80.13,3.97,3.199
20220707,Bidar,17.9133,77.5301,25.32,81.46,4.32,3.625
20220708,Bidar,17.9133,77.5301,25.1,84.48,4.88,1.9032
20220709,Bidar,17.9133,77.5301,24.34,89.3,4.77,1.092
20220710,Bidar,17.9133,77.5301,24.49,86.3,6.32,1.7179
20220711,Bidar,17.9133,77.5301,24.11,86.69,5.41,2.2466
20220712,Bidar,17.9133,77.5301,23.17,89.52,7.04,1.3356
20220713,Bidar,17.9133,77.5301,22.95,91.14,8.63,0.9998
20220714,Bidar,17.9133,77.5301,23.24,87.74,7.48,2.5183
20220715,Bidar,17.9133,77.5301,24.55,82.31,5.72,4.5288
20220716,Bidar,17.9133,77.5301,25.54,82.24,4.3,5.154
20220717,Bidar,17.9133,77.5301,24.78,88.59,3.96,4.0524
20220718,Bidar,17.9133,77.5301,24.64,83.68,4.58,3.6158
20220719,Bidar,17.9133,77.5301,25.69,82.19,3.82,5.5176
20220720,Bidar,17.9133,77.5301,26.09,81.79,3.57,6.4858
20220721,Bidar,17.9133,77.5301,25.07,84.96,3.3,4.4388
20220722,Bidar,17.9133,77.5301,23.76,91.51,3.39,3.329
20220723,Bidar,17.9133,77.5301,24.01,88.89,3.68,3.191
20220724,Bidar,17.9133,77.5301,24.89,85.57,3.73,3.4874
20220725,Bidar,17.9133,77.5301,25.11,82.81,2.52,5.2418
20220726,Bidar,17.9133,77.5301,24.22,88.36,2.31,2.7355
20220727,Bidar,17.9133,77.5301,25.51,84.87,1.01,5.0498
20220728,Bidar,17.9133,77.5301,26.21,84.32,0.7,5.6818
20220729,Bidar,17.9133,77.5301,25.66,87.48,1.49,5.9052
20220730,Bidar,17.9133,77.5301,25.73,86.84,1.65,6.216
20220731,Bidar,17.9133,77.5301,25.65,85.68,1.57,5.5802
20220801,Bidar,17.9133,77.5301,25.41,86.93,2.05,3.7006
20220802,Bidar,17.9133,77.5301,24.88,89.81,2.23,3.2585
20220803,Bidar,17.9133,77.5301,25.49,87.86,1.65,3.8527
20220804,Bidar,17.9133,77.5301,25.62,87.78,1.61,4.4585
20220805,Bidar,17.9133,77.5301,25.15,87.29,2.46,4.818
20220806,Bidar,17.9133,77.5301,25.01,85.56,2.8,4.2905
20220807,Bidar,17.9133,77.5301,24.12,90.18,3.64,3.5119
20220808,Bidar,17.9133,77.5301,23.4,90.83,5.35,1.9762
20220809,Bidar,17.9133,77.5301,23.47,90.07,6.09,3.1649
20220810,Bidar,17.9133,77.5301,23.94,85.13,6.55,4.2365
20220811,Bidar,17.9133,77.5301,24.61,85.35,5.19,4.1875
20220812,Bidar,17.9133,77.5301,24.95,83.37,5.02,4.7114
20220813,Bidar,17.9133,77.5301,24.8,84.6,4.37,4.0423
20220814,Bidar,17.9133,77.5301,23.82,88.94,3.72,2.0206
20220815,Bidar,17.9133,77.5301,23.68,87.39,4.58,2.363
20220816,Bidar,17.9133,77.5301,24.56,84.88,3.85,5.4864
20220817,Bidar,17.9133,77.5301,25.29,82.93,3.5,6.4826
20220818,Bidar,17.9133,77.5301,25.29,84.52,2.98,6.1061
20220819,Bidar,17.9133,77.5301,25.23,84.39,3.46,4.9334
20220820,Bidar,17.9133,77.5301,25.41,84.47,3.9,4.927
20220821,Bidar,17.9133,77.5301,25.29,82.97,4.04,5.3119
20220822,Bidar,17.9133,77.5301,25.43,82.06,4.27,4.518
20220823,Bidar,17.9133,77.5301,25.46,83.56,3.04,4.9879
20220824,Bidar,17.9133,77.5301,25.61,82.87,1.96,6.0312
20220825,Bidar,17.9133,77.5301,25.22,81.84,1.94,5.8939
20220826,Bidar,17.9133,77.5301,25.81,82.58,1.27,5.6134
20220827,Bidar,17.9133,77.5301,24.59,86.32,2.32,5.4384
20220828,Bidar,17.9133,77.5301,24.12,84.69,1.82,5.4175
20220829,Bidar,17.9133,77.5301,25.25,79.9,1.27,3.0588
20220830,Bidar,17.9133,77.5301,25.26,86.83,1.6,4.926
20220831,Bidar,17.9133,77.5301,25.67,84.37,1.42,5.8862
20220901,Bidar,17.9133,77.5301,25.64,84.53,1.59,5.3266
20220902,Bidar,17.9133,77.5301,25.57,84.42,1.72,5.7905
20220903,Bidar,17.9133,77.5301,26.74,80.05,0.81,6.2371
20220904,Bidar,17.9133,77.5301,25.62,86.84,1.61,4.0142
20220905,Bidar,17.9133,77.5301,25.03,82.31,1.47,5.5253
20220906,Bidar,17.9133,77.5301,25.64,82.99,1.26,5.4221
20220907,Bidar,17.9133,77.5301,25.27,85.99,0.77,5.6774
20220908,Bidar,17.9133,77.5301,24.91,87.66,1.32,4.3514
20220909,Bidar,17.9133,77.5301,25.14,91.4,1.88,3.5074
20220910,Bidar,17.9133,77.5301,24.34,94.23,1.18,2.2649
20220911,Bidar,17.9133,77.5301,24.1,91.83,2.23,1.8242
20220912,Bidar,17.9133,77.5301,24.4,89.0,4.04,3.0456
20220913,Bidar,17.9133,77.5301,24.59,87.02,4.11,3.5186
20220914,Bidar,17.9133,77.5301,24.92,84.74,3.79,3.7342
20220915,Bidar,17.9133,77.5301,24.75,86.54,3.94,3.8407
20220916,Bidar,17.9133,77.5301,25.01,85.34,4.12,4.3543
20220917,Bidar,17.9133,77.5301,24.87,85.45,2.81,5.2039
20220918,Bidar,17.9133,77.5301,24.9,83.55,2.7,5.6105
20220919,Bidar,17.9133,77.5301,23.34,92.14,2.85,4.0116
20220920,Bidar,17.9133,77.5301,23.24,88.6,3.18,2.6366
20220921,Bidar,17.9133,77.5301,23.71,87.39,2.97,4.0742
20220922,Bidar,17.9133,77.5301,24.0,85.52,2.93,2.9028
20220923,Bidar,17.9133,77.5301,23.41,82.15,2.46,5.1706
20220924,Bidar,17.9133,77.5301,24.31,79.9,2.08,5.9902
20220925,Bidar,17.9133,77.5301,24.63,83.13,1.55,5.2174
20220926,Bidar,17.9133,77.5301,24.05,89.47,1.63,4.8737
20220927,Bidar,17.9133,77.5301,24.88,86.61,1.68,4.4222
20220928,Bidar,17.9133,77.5301,25.03,86.99,1.47,3.9725
20220929,Bidar,17.9133,77.5301,25.03,84.84,1.16,4.4482
20220930,Bidar,17.9133,77.5301,24.65,85.67,1.71,4.6094
20221001,Bidar,17.9133,77.5301,24.87,84.91,2.32,5.448
20221002,Bidar,17.9133,77.5301,24.46,84.29,3.15,5.8138
20221003,Bidar,17.9133,77.5301,24.6,84.04,3.31,5.425
20221004,Bidar,17.9133,77.5301,24.25,86.67,2.88,4.3726
20221005,Bidar,17.9133,77.5301,24.33,88.78,1.31,3.9214
20221006,Bidar,17.9133,77.5301,24.07,90.14,1.81,1.8389
20221007,Bidar,17.9133,77.5301,24.01,90.9,2.31,3.397
20221008,Bidar,17.9133,77.5301,24.61,84.72,1.59,5.9926
20221009,Bidar,17.9133,77.5301,24.95,85.57,1.43,4.0848
20221010,Bidar,17.9133,77.5301,24.03,90.73,1.57,4.1741
20221011,Bidar,17.9133,77.5301,24.74,88.36,2.03,4.4815
20221012,Bidar,17.9133,77.5301,24.73,86.9,1.36,3.8198
20221013,Bidar,17.9133,77.5301,24.52,87.38,0.88,4.7803
20221014,Bidar,17.9133,77.5301,23.87,90.56,1.39,3.7195
20221015,Bidar,17.9133,77.5301,23.8,90.59,2.41,2.9486
20221016,Bidar,17.9133,77.5301,24.66,87.88,2.26,4.1767
20221017,Bidar,17.9133,77.5301,24.62,86.8,1.47,5.2987
20221018,Bidar,17.9133,77.5301,24.89,83.97,1.01,5.1125
20221019,Bidar,17.9133,77.5301,24.68,84.81,0.9,4.9822
20221020,Bidar,17.9133,77.5301,24.31,87.83,1.53,4.3361
20221021,Bidar,17.9133,77.5301,23.69,85.89,1.89,3.6475
20221022,Bidar,17.9133,77.5301,20.62,79.35,2.45,6.0523
20221023,Bidar,17.9133,77.5301,19.42,82.23,2.33,6.1289
20221024,Bidar,17.9133,77.5301,20.16,78.39,1.85,5.9674
20221025,Bidar,17.9133,77.5301,20.53,71.51,1.44,6.0929
20221026,Bidar,17.9133,77.5301,20.36,72.51,1.45,6.048
20221027,Bidar,17.9133,77.5301,20.34,68.79,1.08,5.917
20221028,Bidar,17.9133,77.5301,19.74,74.82,1.45,6.0787
20221029,Bidar,17.9133,77.5301,19.06,75.33,1.94,6.0782
20221030,Bidar,17.9133,77.5301,18.99,79.98,1.99,5.983
20221031,Bidar,17.9133,77.5301,19.06,80.02,1.88,5.7127
20221101,Bidar,17.9133,77.5301,19.61,82.31,1.41,3.6746
20221102,Bidar,17.9133,77.5301,21.75,87.12,1.89,3.8842
20221103,Bidar,17.9133,77.5301,21.83,83.08,1.37,5.3318
20221104,Bidar,17.9133,77.5301,22.03,82.24,1.44,4.9462
20221105,Bidar,17.9133,77.5301,21.65,79.38,1.38,5.07
20221106,Bidar,17.9133,77.5301,21.14,71.15,1.38,5.7029
20221107,Bidar,17.9133,77.5301,21.14,73.43,1.34,5.4619
20221108,Bidar,17.9133,77.5301,21.04,78.15,1.31,5.471
20221109,Bidar,17.9133,77.5301,19.7,77.84,1.67,5.5229
20221110,Bidar,17.9133,77.5301,19.07,81.08,1.93,5.2404
20221111,Bidar,17.9133,77.5301,18.84,81.38,2.36,5.0837
20221112,Bidar,17.9133,77.5301,19.33,81.24,2.16,4.6728
20221113,Bidar,17.9133,77.5301,19.86,80.94,2.04,5.0772
20221114,Bidar,17.9133,77.5301,20.08,79.64,1.38,5.0014
20221115,Bidar,17.9133,77.5301,19.27,78.11,1.32,5.0383
20221116,Bidar,17.9133,77.5301,18.5,72.78,1.13,5.3844
20221117,Bidar,17.9133,77.5301,18.29,71.77,1.63,5.4413
20221118,Bidar,17.9133,77.5301,17.89,76.25,1.8,4.6961
20221119,Bidar,17.9133,77.5301,17.66,78.93,2.03,4.8518
20221120,Bidar,17.9133,77.5301,16.89,76.8,1.67,5.0436
20221121,Bidar,17.9133,77.5301,18.64,74.51,1.51,3.6809
20221122,Bidar,17.9133,77.5301,20.59,81.61,1.81,4.614
20221123,Bidar,17.9133,77.5301,22.04,82.49,1.79,2.7931
20221124,Bidar,17.9133,77.5301,22.28,83.85,1.54,3.4903
20221125,Bidar,17.9133,77.5301,22.19,81.53,1.56,3.9278
20221126,Bidar,17.9133,77.5301,20.16,75.61,1.44,4.105
20221127,Bidar,17.9133,77.5301,19.8,71.23,1.21,4.4918
20221128,Bidar,17.9133,77.5301,20.19,66.86,1.28,4.4993
20221129,Bidar,17.9133,77.5301,19.73,67.81,1.33,5.112
20221130,Bidar,17.9133,77.5301,18.87,65.2,1.28,5.0952
20221201,Bidar,17.9133,77.5301,20.34,62.92,0.81,4.5406
20221202,Bidar,17.9133,77.5301,21.85,75.63,0.9,3.5083
20221203,Bidar,17.9133,77.5301,22.4,80.51,1.31,3.8172
20221204,Bidar,17.9133,77.5301,22.29,78.48,1.4,3.889
20221205,Bidar,17.9133,77.5301,20.97,70.69,1.67,4.3517
20221206,Bidar,17.9133,77.5301,20.01,69.56,1.63,4.7743
20221207,Bidar,17.9133,77.5301,19.79,75.16,2.07,3.9199
20221208,Bidar,17.9133,77.5301,18.75,65.95,2.37,4.5571
20221209,Bidar,17.9133,77.5301,18.38,65.05,2.3,4.7779
20221210,Bidar,17.9133,77.5301,20.0,75.8,2.16,2.5382
20221211,Bidar,17.9133,77.5301,21.94,81.52,2.75,2.0201
20221212,Bidar,17.9133,77.5301,23.0,80.36,2.03,2.7881
20221213,Bidar,17.9133,77.5301,23.48,79.93,1.85,3.4488
20221214,Bidar,17.9133,77.5301,23.96,78.58,1.48,4.4774
20221215,Bidar,17.9133,77.5301,24.28,73.52,1.21,4.2912
20221216,Bidar,17.9133,77.5301,23.99,69.69,1.23,4.1568
20221217,Bidar,17.9133,77.5301,23.67,70.65,1.76,3.7452
20221218,Bidar,17.9133,77.5301,21.39,61.93,2.26,5.1626
20221219,Bidar,17.9133,77.5301,20.11,55.72,1.33,5.2483
20221220,Bidar,17.9133,77.5301,21.2,58.52,1.28,5.003
20221221,Bidar,17.9133,77.5301,21.37,59.09,1.35,4.8811
20221222,Bidar,17.9133,77.5301,21.53,62.31,1.49,4.9039
20221223,Bidar,17.9133,77.5301,22.0,61.75,1.26,4.5607
20221224,Bidar,17.9133,77.5301,21.74,56.68,1.47,4.7942
20221225,Bidar,17.9133,77.5301,21.43,60.88,1.76,4.9805
20221226,Bidar,17.9133,77.5301,23.67,72.88,2.06,4.0078
20221227,Bidar,17.9133,77.5301,24.64,71.75,1.24,4.5475
20221228,Bidar,17.9133,77.5301,23.95,66.11,1.36,4.5562
20221229,Bidar,17.9133,77.5301,22.63,63.39,1.23,4.4813
20221230,Bidar,17.9133,77.5301,22.82,61.7,0.93,4.1633
20221231,Bidar,17.9133,77.5301,22.64,55.53,1.05,4.4676
20230101,Bidar,17.9133,77.5301,21.76,57.81,1.13,4.5893
20230102,Bidar,17.9133,77.5301,21.81,65.91,1.23,4.2451
20230103,Bidar,17.9133,77.5301,22.57,68.22,1.05,3.707
20230104,Bidar,17.9133,77.5301,22.65,66.82,1.88,3.9941
20230105,Bidar,17.9133,77.5301,22.63,67.73,2.28,3.8158
20230106,Bidar,17.9133,77.5301,21.45,72.07,2.18,2.485
20230107,Bidar,17.9133,77.5301,20.85,57.81,2.36,4.2696
20230108,Bidar,17.9133,77.5301,18.68,41.16,1.9,5.6551
20230109,Bidar,17.9133,77.5301,18.38,35.63,1.69,5.6906
20230110,Bidar,17.9133,77.5301,20.35,33.44,1.5,5.5272
20230111,Bidar,17.9133,77.5301,21.65,33.29,0.99,5.1842
20230112,Bidar,17.9133,77.5301,22.19,35.19,1.46,5.1194
20230113,Bidar,17.9133,77.5301,21.86,35.27,1.04,5.1022
20230114,Bidar,17.9133,77.5301,21.55,39.17,0.94,5.1514
20230115,Bidar,17.9133,77.5301,22.23,46.03,0.98,5.0856
20230116,Bidar,17.9133,77.5301,22.75,44.29,1.72,5.413
20230117,Bidar,17.9133,77.5301,22.65,45.28,1.7,5.543
20230118,Bidar,17.9133,77.5301,22.0,46.67,1.26,5.4761
20230119,Bidar,17.9133,77.5301,22.41,51.0,1.94,5.3633
20230120,Bidar,17.9133,77.5301,22.61,52.24,2.53,5.1043
20230121,Bidar,17.9133,77.5301,22.66,53.23,1.95,5.1869
20230122,Bidar,17.9133,77.5301,22.92,48.82,2.11,5.2738
20230123,Bidar,17.9133,77.5301,23.33,56.33,2.73,4.9805
20230124,Bidar,17.9133,77.5301,23.92,52.13,2.94,5.1526
20230125,Bidar,17.9133,77.5301,23.95,46.02,3.07,5.4677
20230126,Bidar,17.9133,77.5301,23.21,41.88,2.57,5.4408
20230127,Bidar,17.9133,77.5301,23.3,39.54,2.22,5.6604
20230128,Bidar,17.9133,77.5301,23.61,38.04,1.67,5.508
20230129,Bidar,17.9133,77.5301,24.21,42.11,3.07,5.3162
20230130,Bidar,17.9133,77.5301,24.83,51.14,3.03,3.9302
20230131,Bidar,17.9133,77.5301,24.92,43.96,1.95,4.2576
20230201,Bidar,17.9133,77.5301,23.86,42.07,3.02,4.223
20230202,Bidar,17.9133,77.5301,22.57,33.48,2.83,5.5603
20230203,Bidar,17.9133,77.5301,22.0,22.82,1.92,5.9381
20230204,Bidar,17.9133,77.5301,23.38,25.07,1.55,5.9162
20230205,Bidar,17.9133,77.5301,23.43,22.67,1.58,5.9299
20230206,Bidar,17.9133,77.5301,24.7,28.12,1.25,5.4168
20230207,Bidar,17.9133,77.5301,25.13,30.92,1.26,4.6658
20230208,Bidar,17.9133,77.5301,24.81,31.48,2.19,5.5368
20230209,Bidar,17.9133,77.5301,24.67,20.91,1.78,6.15
20230210,Bidar,17.9133,77.5301,25.02,19.95,1.75,6.3067
20230211,Bidar,17.9133,77.5301,25.54,19.28,1.75,6.3761
20230212,Bidar,17.9133,77.5301,24.8,19.69,2.41,6.4373
20230213,Bidar,17.9133,77.5301,23.54,21.54,2.7,6.5851
20230214,Bidar,17.9133,77.5301,23.87,14.54,2.34,6.5501
20230215,Bidar,17.9133,77.5301,24.67,14.22,2.23,6.4632
20230216,Bidar,17.9133,77.5301,25.74,16.41,2.15,6.4769
20230217,Bidar,17.9133,77.5301,25.18,20.37,2.36,6.4378
20230218,Bidar,17.9133,77.5301,25.45,21.44,1.98,6.4121
20230219,Bidar,17.9133,77.5301,25.37,29.63,2.11,6.133
20230220,Bidar,17.9133,77.5301,25.99,27.95,1.76,6.3103
20230221,Bidar,17.9133,77.5301,27.12,17.77,1.5,6.5131
20230222,Bidar,17.9133,77.5301,27.07,15.58,1.32,6.3518
20230223,Bidar,17.9133,77.5301,26.51,17.76,1.52,6.4495
20230224,Bidar,17.9133,77.5301,26.53,18.63,2.05,6.5695
20230225,Bidar,17.9133,77.5301,26.59,14.47,1.81,6.6398
20230226,Bidar,17.9133,77.5301,26.44,18.4,1.65,6.5378
20230227,Bidar,17.9133,77.5301,26.0,31.31,2.0,6.3288
20230228,Bidar,17.9133,77.5301,26.78,31.37,2.61,6.091
20230301,Bidar,17.9133,77.5301,26.71,29.72,2.56,6.0713
20230302,Bidar,17.9133,77.5301,26.79,29.5,2.48,6.0814
20230303,Bidar,17.9133,77.5301,27.56,27.09,2.28,5.3393
20230304,Bidar,17.9133,77.5301,27.86,28.32,1.83,5.6575
20230305,Bidar,17.9133,77.5301,27.54,26.92,2.11,5.9489
20230306,Bidar,17.9133,77.5301,27.39,25.26,2.07,5.6081
20230307,Bidar,17.9133,77.5301,26.51,26.69,2.09,5.711
20230308,Bidar,17.9133,77.5301,26.99,25.2,1.97,6.0586
20230309,Bidar,17.9133,77.5301,27.21,29.39,1.85,5.6887
20230310,Bidar,17.9133,77.5301,27.97,29.55,1.44,5.8118
20230311,Bidar,17.9133,77.5301,28.04,31.79,2.32,5.4043
20230312,Bidar,17.9133,77.5301,27.95,30.43,2.33,5.6486
20230313,Bidar,17.9133,77.5301,27.71,27.13,2.05,5.6302
20230314,Bidar,17.9133,77.5301,28.53,21.3,1.88,5.334
20230315,Bidar,17.9133,77.5301,28.08,24.91,1.66,5.0633
20230316,Bidar,17.9133,77.5301,26.72,38.57,2.04,3.3622
20230317,Bidar,17.9133,77.5301,23.72,64.11,1.63,4.7482
20230318,Bidar,17.9133,77.5301,24.6,68.03,1.54,4.901
20230319,Bidar,17.9133,77.5301,25.74,59.12,1.19,6.0288
20230320,Bidar,17.9133,77.5301,25.13,53.22,1.51,6.587
20230321,Bidar,17.9133,77.5301,25.19,46.76,2.05,7.0056
20230322,Bidar,17.9133,77.5301,26.48,46.66,1.45,6.2638
20230323,Bidar,17.9133,77.5301,26.84,49.88,1.94,6.9562
20230324,Bidar,17.9133,77.5301,27.5,47.69,1.32,6.5407
20230325,Bidar,17.9133,77.5301,27.71,58.84,0.97,5.8255
20230326,Bidar,17.9133,77.5301,28.26,56.36,1.28,6.1915
20230327,Bidar,17.9133,77.5301,28.36,35.3,1.7,7.2847
20230328,Bidar,17.9133,77.5301,28.01,32.26,1.34,7.3066
20230329,Bidar,17.9133,77.5301,29.62,44.74,2.09,7.0721
20230330,Bidar,17.9133,77.5301,28.66,26.61,2.11,7.4779
20230331,Bidar,17.9133,77.5301,28.01,33.12,2.23,6.5566
20230401,Bidar,17.9133,77.5301,28.68,30.43,1.88,7.3752
20230402,Bidar,17.9133,77.5301,28.51,24.83,1.87,7.5338
20230403,Bidar,17.9133,77.5301,30.07,30.03,0.72,6.9113
20230404,Bidar,17.9133,77.5301,30.54,29.04,1.43,6.6091
20230405,Bidar,17.9133,77.5301,30.68,26.89,2.11,6.4176
20230406,Bidar,17.9133,77.5301,31.07,34.18,1.79,5.0561
20230407,Bidar,17.9133,77.5301,30.07,45.32,2.21,3.9264
20230408,Bidar,17.9133,77.5301,30.0,42.69,2.3,6.625
20230409,Bidar,17.9133,77.5301,30.69,35.05,2.26,7.2362
20230410,Bidar,17.9133,77.5301,30.68,31.37,1.6,7.4232
20230411,Bidar,17.9133,77.5301,31.65,28.15,1.93,7.0946
20230412,Bidar,17.9133,77.5301,33.15,26.63,1.69,6.3826
20230413,Bidar,17.9133,77.5301,32.58,29.41,1.48,5.5838
20230414,Bidar,17.9133,77.5301,31.33,37.52,1.8,4.9154
20230415,Bidar,17.9133,77.5301,29.91,40.65,2.25,4.3862
20230416,Bidar,17.9133,77.5301,32.32,36.11,1.28,6.186
20230417,Bidar,17.9133,77.5301,32.68,35.78,1.18,6.0674
20230418,Bidar,17.9133,77.5301,33.21,32.57,1.41,6.3929
20230419,Bidar,17.9133,77.5301,33.49,27.62,0.93,6.3636
20230420,Bidar,17.9133,77.5301,33.29,27.27,1.29,5.9362
20230421,Bidar,17.9133,77.5301,32.79,32.83,1.44,6.0617
20230422,Bidar,17.9133,77.5301,32.46,33.48,1.44,6.4841
20230423,Bidar,17.9133,77.5301,31.16,27.61,2.84,7.1683
20230424,Bidar,17.9133,77.5301,31.51,40.16,2.55,5.9806
20230425,Bidar,17.9133,77.5301,31.14,47.5,3.59,6.1877
20230426,Bidar,17.9133,77.5301,28.99,56.98,2.2,6.6497
20230427,Bidar,17.9133,77.5301,27.83,58.55,2.2,5.5073
20230428,Bidar,17.9133,77.5301,25.21,76.75,1.68,5.2524
20230429,Bidar,17.9133,77.5301,26.76,69.84,1.7,6.529
20230430,Bidar,17.9133,77.5301,26.41,73.3,2.85,5.8303
20230501,Bidar,17.9133,77.5301,27.03,68.74,1.69,6.1157
20230502,Bidar,17.9133,77.5301,26.35,74.5,2.88,5.9712
20230503,Bidar,17.9133,77.5301,26.8,67.98,1.23,5.8853
20230504,Bidar,17.9133,77.5301,25.99,73.11,1.61,5.9102
20230505,Bidar,17.9133,77.5301,26.12,72.31,1.85,6.0502
20230506,Bidar,17.9133,77.5301,27.89,66.19,1.68,5.573
20230507,Bidar,17.9133,77.5301,29.34,64.43,1.54,6.1742
20230508,Bidar,17.9133,77.5301,30.51,57.48,1.3,5.4086
20230509,Bidar,17.9133,77.5301,30.13,62.76,2.02,5.7958
20230510,Bidar,17.9133,77.5301,30.8,58.36,2.31,6.6242
20230511,Bidar,17.9133,77.5301,31.0,51.83,2.15,6.2995
20230512,Bidar,17.9133,77.5301,31.27,44.15,1.85,6.4927
20230513,Bidar,17.9133,77.5301,31.32,41.44,2.65,7.4088
20230514,Bidar,17.9133,77.5301,31.52,41.72,3.78,7.542
20230515,Bidar,17.9133,77.5301,31.24,42.96,3.83,7.6078
20230516,Bidar,17.9133,77.5301,30.53,43.26,3.28,7.7808
20230517,Bidar,17.9133,77.5301,30.62,44.22,2.34,7.4105
20230518,Bidar,17.9133,77.5301,32.64,39.46,2.06,6.7486
20230519,Bidar,17.9133,77.5301,33.0,41.02,1.96,6.7658
20230520,Bidar,17.9133,77.5301,33.14,40.83,1.61,7.0234
20230521,Bidar,17.9133,77.5301,32.98,43.42,1.9,6.6979
20230522,Bidar,17.9133,77.5301,31.39,49.39,2.16,6.929
20230523,Bidar,17.9133,77.5301,31.56,49.6,1.69,6.5431
20230524,Bidar,17.9133,77.5301,32.6,43.83,2.32,6.0953
20230525,Bidar,17.9133,77.5301,32.41,40.88,3.24,6.1958
20230526,Bidar,17.9133,77.5301,32.02,40.22,3.21,7.1501
20230527,Bidar,17.9133,77.5301,32.32,38.0,2.59,6.8798
20230528,Bidar,17.9133,77.5301,33.19,39.13,2.43,6.8458
20230529,Bidar,17.9133,77.5301,33.68,38.41,2.14,6.6449
20230530,Bidar,17.9133,77.5301,31.23,48.65,2.27,6.3749
20230531,Bidar,17.9133,77.5301,33.38,40.64,2.64,6.1037
20230601,Bidar,17.9133,77.5301,34.23,37.31,2.03,6.5748
20230602,Bidar,17.9133,77.5301,34.05,27.93,3.44,7.4179
20230603,Bidar,17.9133,77.5301,34.08,32.32,3.14,6.8971
20230604,Bidar,17.9133,77.5301,32.32,46.62,3.38,5.6338
20230605,Bidar,17.9133,77.5301,31.61,47.52,2.95,6.7615
20230606,Bidar,17.9133,77.5301,33.14,43.56,2.88,6.293
20230607,Bidar,17.9133,77.5301,33.13,46.43,3.04,5.868
20230608,Bidar,17.9133,77.5301,33.43,42.87,3.65,6.5369
20230609,Bidar,17.9133,77.5301,33.7,40.24,3.91,6.1109
20230610,Bidar,17.9133,77.5301,31.24,51.82,4.95,6.491
20230611,Bidar,17.9133,77.5301,31.85,47.54,3.64,6.39
20230612,Bidar,17.9133,77.5301,32.94,42.04,4.53,7.4659
20230613,Bidar,17.9133,77.5301,33.02,42.73,5.28,7.3668
20230614,Bidar,17.9133,77.5301,32.77,43.49,5.39,7.2235
20230615,Bidar,17.9133,77.5301,33.37,39.04,5.19,7.5228
20230616,Bidar,17.9133,77.5301,33.68,39.46,5.38,7.4064
20230617,Bidar,17.9133,77.5301,31.58,48.43,5.0,6.5762
20230618,Bidar,17.9133,77.5301,30.8,47.31,3.4,6.6782
20230619,Bidar,17.9133,77.5301,32.61,38.62,2.79,5.7806
20230620,Bidar,17.9133,77.5301,33.9,38.15,3.49,6.7102
20230621,Bidar,17.9133,77.5301,28.98,59.95,3.61,5.9808
20230622,Bidar,17.9133,77.5301,26.62,69.61,3.68,4.8691
20230623,Bidar,17.9133,77.5301,29.91,54.56,2.7,4.5151
20230624,Bidar,17.9133,77.5301,26.5,75.48,2.76,4.2982
20230625,Bidar,17.9133,77.5301,27.22,66.31,4.66,4.9138
20230626,Bidar,17.9133,77.5301,25.54,73.72,5.07,3.8556
20230627,Bidar,17.9133,77.5301,25.6,67.33,5.62,4.2178
20230628,Bidar,17.9133,77.5301,25.44,69.88,5.01,4.8665
20230629,Bidar,17.9133,77.5301,28.13,60.43,5.31,5.0052
20230630,Bidar,17.9133,77.5301,27.43,63.74,5.71,5.3006
20230701,Bidar,17.9133,77.5301,27.51,62.83,5.23,5.867
20230702,Bidar,17.9133,77.5301,27.68,70.67,4.2,5.838
20230703,Bidar,17.9133,77.5301,27.66,72.5,3.41,5.5639
20230704,Bidar,17.9133,77.5301,27.31,78.21,2.74,5.3962
20230705,Bidar,17.9133,77.5301,26.64,77.94,3.52,4.6267
20230706,Bidar,17.9133,77.5301,26.47,75.1,5.24,4.385
20230707,Bidar,17.9133,77.5301,26.36,71.28,5.84,4.8046
20230708,Bidar,17.9133,77.5301,26.93,70.78,5.13,4.2761
20230709,Bidar,17.9133,77.5301,27.38,69.76,4.22,4.9658
20230710,Bidar,17.9133,77.5301,27.82,69.59,3.96,5.6143
20230711,Bidar,17.9133,77.5301,26.41,72.57,4.05,2.3249
20230712,Bidar,17.9133,77.5301,26.17,73.32,4.19,3.6408
20230713,Bidar,17.9133,77.5301,25.45,75.88,3.38,5.5836
20230714,Bidar,17.9133,77.5301,26.94,73.1,3.17,5.4684
20230715,Bidar,17.9133,77.5301,26.88,73.75,4.09,3.9838
20230716,Bidar,17.9133,77.5301,25.67,78.19,4.24,3.9444
20230717,Bidar,17.9133,77.5301,25.72,78.25,4.72,3.0746
20230718,Bidar,17.9133,77.5301,24.44,88.87,5.28,1.115
20230719,Bidar,17.9133,77.5301,24.26,89.92,5.46,1.9834
20230720,Bidar,17.9133,77.5301,23.2,91.41,6.24,1.1117
20230721,Bidar,17.9133,77.5301,24.38,82.42,6.36,2.2205
20230722,Bidar,17.9133,77.5301,24.81,85.23,5.15,3.2976
20230723,Bidar,17.9133,77.5301,25.51,81.62,5.01,2.9398
20230724,Bidar,17.9133,77.5301,25.68,84.5,4.53,3.9763
20230725,Bidar,17.9133,77.5301,24.69,88.62,4.66,2.1869
20230726,Bidar,17.9133,77.5301,24.8,88.63,4.93,1.657
20230727,Bidar,17.9133,77.5301,24.1,92.28,6.32,0.7464
20230728,Bidar,17.9133,77.5301,24.76,86.47,5.58,2.5922
20230729,Bidar,17.9133,77.5301,25.48,83.46,4.69,3.5719
20230730,Bidar,17.9133,77.5301,25.34,84.34,4.2,5.1509
20230731,Bidar,17.9133,77.5301,25.05,88.07,4.21,5.2402
20230801,Bidar,17.9133,77.5301,25.44,85.11,4.68,4.0438
20230802,Bidar,17.9133,77.5301,25.25,83.75,4.89,2.7823
20230803,Bidar,17.9133,77.5301,25.48,80.75,4.98,3.4411
20230804,Bidar,17.9133,77.5301,25.82,80.46,4.29,5.3642
20230805,Bidar,17.9133,77.5301,25.82,80.45,4.26,5.8733
20230806,Bidar,17.9133,77.5301,25.83,80.53,4.06,5.6434
20230807,Bidar,17.9133,77.5301,25.47,80.41,4.02,3.9638
20230808,Bidar,17.9133,77.5301,25.51,80.6,3.5,4.2758
20230809,Bidar,17.9133,77.5301,25.3,81.77,2.78,4.8984
20230810,Bidar,17.9133,77.5301,26.07,78.33,2.34,5.922
20230811,Bidar,17.9133,77.5301,26.14,78.63,2.33,6.1397
20230812,Bidar,17.9133,77.5301,26.19,78.81,2.64,5.315
20230813,Bidar,17.9133,77.5301,25.22,81.39,2.78,5.4888
20230814,Bidar,17.9133,77.5301,25.44,79.31,2.08,5.1403
20230815,Bidar,17.9133,77.5301,25.53,78.24,2.73,5.2169
20230816,Bidar,17.9133,77.5301,25.54,78.13,2.27,5.1113
20230817,Bidar,17.9133,77.5301,25.37,81.28,2.53,4.6766
20230818,Bidar,17.9133,77.5301,23.99,87.29,3.55,2.5822
20230819,Bidar,17.9133,77.5301,23.46,89.56,3.67,1.4131
20230820,Bidar,17.9133,77.5301,25.28,82.62,3.06,4.1724
20230821,Bidar,17.9133,77.5301,26.1,75.8,2.33,5.8097
20230822,Bidar,17.9133,77.5301,26.1,78.3,2.41,5.191
20230823,Bidar,17.9133,77.5301,25.27,81.75,2.44,5.5414
20230824,Bidar,17.9133,77.5301,25.82,78.38,2.89,5.1506
20230825,Bidar,17.9133,77.5301,25.7,80.06,2.96,5.1996
20230826,Bidar,17.9133,77.5301,25.53,82.99,2.93,5.6088
20230827,Bidar,17.9133,77.5301,26.04,80.37,3.13,6.3466
20230828,Bidar,17.9133,77.5301,25.7,80.04,2.91,5.3047
20230829,Bidar,17.9133,77.5301,25.55,79.85,2.4,5.6573
20230830,Bidar,17.9133,77.5301,25.64,78.86,1.78,5.9412
20230831,Bidar,17.9133,77.5301,24.98,81.57,1.7,6.4699
20230901,Bidar,17.9133,77.5301,26.3,80.07,1.31,5.8642
20230902,Bidar,17.9133,77.5301,26.36,81.54,0.73,4.4522
20230903,Bidar,17.9133,77.5301,25.61,88.57,1.56,1.7462
20230904,Bidar,17.9133,77.5301,24.6,90.87,2.19,1.4359
20230905,Bidar,17.9133,77.5301,24.69,88.86,3.14,2.5572
20230906,Bidar,17.9133,77.5301,24.15,90.21,2.75,3.774
20230907,Bidar,17.9133,77.5301,23.46,90.4,4.45,3.0809
20230908,Bidar,17.9133,77.5301,24.41,87.62,4.51,2.5925
20230909,Bidar,17.9133,77.5301,25.35,87.58,3.45,2.8867
20230910,Bidar,17.9133,77.5301,25.06,87.64,3.43,2.8469
20230911,Bidar,17.9133,77.5301,25.7,83.26,2.91,5.2709
20230912,Bidar,17.9133,77.5301,25.77,83.37,2.83,5.7924
20230913,Bidar,17.9133,77.5301,25.08,81.72,2.66,5.6054
20230914,Bidar,17.9133,77.5301,24.46,84.51,2.98,4.6308
20230915,Bidar,17.9133,77.5301,24.33,82.88,2.89,5.5272
20230916,Bidar,17.9133,77.5301,24.9,82.9,3.24,4.781
20230917,Bidar,17.9133,77.5301,25.49,80.9,2.82,5.868
20230918,Bidar,17.9133,77.5301,25.66,81.54,2.5,6.0828
20230919,Bidar,17.9133,77.5301,26.16,79.82,2.39,5.9832
20230920,Bidar,17.9133,77.5301,25.62,83.73,2.08,5.7571
20230921,Bidar,17.9133,77.5301,24.65,89.54,1.85,3.5794
20230922,Bidar,17.9133,77.5301,24.86,88.01,1.72,3.6041
20230923,Bidar,17.9133,77.5301,25.39,85.61,1.7,4.4606
20230924,Bidar,17.9133,77.5301,24.38,92.75,2.75,3.2172
20230925,Bidar,17.9133,77.5301,24.43,90.18,2.17,3.2071
20230926,Bidar,17.9133,77.5301,24.76,88.53,1.02,3.5623
20230927,Bidar,17.9133,77.5301,25.2,89.88,1.22,4.8737
20230928,Bidar,17.9133,77.5301,25.67,87.74,0.88,5.5488
20230929,Bidar,17.9133,77.5301,25.94,84.1,0.7,5.1134
20230930,Bidar,17.9133,77.5301,25.04,86.79,1.62,4.9642
20231001,Bidar,17.9133,77.5301,25.43,85.96,1.47,4.2638
20231002,Bidar,17.9133,77.5301,24.52,88.55,2.36,4.2653
20231003,Bidar,17.9133,77.5301,24.78,81.91,2.89,5.6482
20231004,Bidar,17.9133,77.5301,24.62,78.05,2.13,5.8157
20231005,Bidar,17.9133,77.5301,23.53,76.23,1.78,6.3106
20231006,Bidar,17.9133,77.5301,23.56,78.59,1.88,6.462
20231007,Bidar,17.9133,77.5301,24.27,79.11,1.68,6.2002
20231008,Bidar,17.9133,77.5301,24.74,78.52,1.48,6.0247
20231009,Bidar,17.9133,77.5301,24.98,78.35,1.31,5.6143
20231010,Bidar,17.9133,77.5301,24.96,80.55,1.66,5.1938
20231011,Bidar,17.9133,77.5301,24.11,81.21,1.64,5.3777
20231012,Bidar,17.9133,77.5301,23.91,79.37,1.73,6.0864
20231013,Bidar,17.9133,77.5301,24.0,76.99,1.63,6.0379
20231014,Bidar,17.9133,77.5301,24.06,75.98,1.44,5.4336
20231015,Bidar,17.9133,77.5301,23.9,77.85,1.36,5.0921
20231016,Bidar,17.9133,77.5301,23.74,77.82,1.53,4.9111
20231017,Bidar,17.9133,77.5301,23.48,79.33,1.61,5.3244
20231018,Bidar,17.9133,77.5301,23.28,76.55,1.43,5.5342
20231019,Bidar,17.9133,77.5301,23.64,79.27,1.4,5.4175
20231020,Bidar,17.9133,77.5301,23.45,81.97,1.72,5.3434
20231021,Bidar,17.9133,77.5301,23.07,83.25,1.77,5.2241
20231022,Bidar,17.9133,77.5301,21.72,79.39,2.1,5.8054
20231023,Bidar,17.9133,77.5301,21.97,78.23,1.98,5.807
20231024,Bidar,17.9133,77.5301,21.56,75.58,1.91,5.9935
20231025,Bidar,17.9133,77.5301,20.82,72.08,1.85,6.0005
20231026,Bidar,17.9133,77.5301,20.66,71.56,1.8,5.7965
20231027,Bidar,17.9133,77.5301,20.43,67.54,1.74,5.921
20231028,Bidar,17.9133,77.5301,20.23,67.9,1.49,5.8164
20231029,Bidar,17.9133,77.5301,20.79,68.99,1.57,5.1115
20231030,Bidar,17.9133,77.5301,21.02,74.53,1.4,4.4894
20231031,Bidar,17.9133,77.5301,21.02,78.8,1.51,4.4561
20231101,Bidar,17.9133,77.5301,21.85,79.04,1.4,4.0855
20231102,Bidar,17.9133,77.5301,22.19,75.78,1.24,4.2718
20231103,Bidar,17.9133,77.5301,23.28,76.47,1.12,4.0798
20231104,Bidar,17.9133,77.5301,23.3,76.89,1.75,3.6607
20231105,Bidar,17.9133,77.5301,23.37,75.05,1.71,3.966
20231106,Bidar,17.9133,77.5301,23.07,84.0,1.78,3.2479
20231107,Bidar,17.9133,77.5301,23.56,84.05,1.77,3.383
20231108,Bidar,17.9133,77.5301,23.74,83.69,1.5,2.7458
20231109,Bidar,17.9133,77.5301,23.03,86.13,1.48,3.7037
20231110,Bidar,17.9133,77.5301,23.29,79.86,1.38,4.3841
20231111,Bidar,17.9133,77.5301,22.89,66.79,1.53,5.0052
20231112,Bidar,17.9133,77.5301,22.74,67.52,1.79,4.9766
20231113,Bidar,17.9133,77.5301,22.77,73.73,1.55,4.6315
20231114,Bidar,17.9133,77.5301,21.89,73.68,1.55,3.6828
20231115,Bidar,17.9133,77.5301,21.14,67.78,1.71,4.5811
20231116,Bidar,17.9133,77.5301,20.73,69.56,1.89,4.6651
20231117,Bidar,17.9133,77.5301,21.56,71.22,1.66,4.9054
20231118,Bidar,17.9133,77.5301,22.89,67.22,1.51,4.6764
20231119,Bidar,17.9133,77.5301,23.18,68.34,1.98,4.7004
20231120,Bidar,17.9133,77.5301,22.59,70.39,1.93,4.7129
20231121,Bidar,17.9133,77.5301,22.83,72.04,1.62,4.8266
20231122,Bidar,17.9133,77.5301,23.57,74.01,1.39,4.6414
20231123,Bidar,17.9133,77.5301,23.91,76.71,1.76,3.6242
20231124,Bidar,17.9133,77.5301,23.38,82.15,2.23,2.496
20231125,Bidar,17.9133,77.5301,23.37,78.25,2.29,3.8818
20231126,Bidar,17.9133,77.5301,23.17,77.32,2.11,3.3838
20231127,Bidar,17.9133,77.5301,23.98,73.39,2.35,3.5635
20231128,Bidar,17.9133,77.5301,24.03,74.95,2.07,3.8364
20231129,Bidar,17.9133,77.5301,22.89,76.35,2.3,4.5679
20231130,Bidar,17.9133,77.5301,23.24,72.4,2.35,4.0258
20231201,Bidar,17.9133,77.5301,22.55,72.6,1.49,4.8559
20231202,Bidar,17.9133,77.5301,22.86,65.98,2.24,4.8523
20231203,Bidar,17.9133,77.5301,23.2,71.16,2.6,4.4683
20231204,Bidar,17.9133,77.5301,23.14,74.39,2.72,2.989
20231205,Bidar,17.9133,77.5301,21.65,78.52,3.76,2.7588
20231206,Bidar,17.9133,77.5301,20.3,84.59,3.37,2.5994
20231207,Bidar,17.9133,77.5301,21.91,73.88,1.73,2.4593
20231208,Bidar,17.9133,77.5301,21.5,74.22,1.62,4.6603
20231209,Bidar,17.9133,77.5301,20.85,69.13,1.7,4.968
20231210,Bidar,17.9133,77.5301,20.21,66.44,1.67,4.9632
20231211,Bidar,17.9133,77.5301,20.28,62.8,1.5,4.8228
20231212,Bidar,17.9133,77.5301,20.45,64.29,1.62,4.8948
20231213,Bidar,17.9133,77.5301,20.61,66.86,1.92,4.6567
20231214,Bidar,17.9133,77.5301,20.04,67.53,1.95,4.8698
20231215,Bidar,17.9133,77.5301,19.51,67.1,1.64,4.9032
20231216,Bidar,17.9133,77.5301,19.45,67.22,1.68,2.952
20231217,Bidar,17.9133,77.5301,20.12,62.64,2.07,3.193
20231218,Bidar,17.9133,77.5301,19.3,62.17,2.41,3.6578
20231219,Bidar,17.9133,77.5301,18.17,61.12,2.58,3.9002
20231220,Bidar,17.9133,77.5301,17.65,54.35,2.08,4.5806
20231221,Bidar,17.9133,77.5301,18.07,50.4,1.76,5.1134
20231222,Bidar,17.9133,77.5301,19.47,46.43,1.72,5.0962
20231223,Bidar,17.9133,77.5301,19.69,60.65,1.69,4.6469
20231224,Bidar,17.9133,77.5301,20.12,64.39,1.68,4.4894
20231225,Bidar,17.9133,77.5301,19.76,56.9,1.47,4.7633
20231226,Bidar,17.9133,77.5301,20.64,55.53,1.6,4.5518
20231227,Bidar,17.9133,77.5301,20.45,64.82,1.65,4.6039
20231228,Bidar,17.9133,77.5301,20.87,64.93,1.74,4.6339
20231229,Bidar,17.9133,77.5301,21.19,66.51,1.91,4.5168
20231230,Bidar,17.9133,77.5301,21.4,61.53,1.51,4.728
20231231,Bidar,17.9133,77.5301,21.42,58.12,1.86,4.8283
20240101,Bidar,17.9133,77.5301,21.32,63.39,1.65,4.5019
20240102,Bidar,17.9133,77.5301,21.71,62.05,2.02,4.3382
20240103,Bidar,17.9133,77.5301,22.37,62.13,2.34,4.1506
20240104,Bidar,17.9133,77.5301,23.49,58.12,2.62,4.0046
20240105,Bidar,17.9133,77.5301,22.99,55.24,2.96,4.3291
20240106,Bidar,17.9133,77.5301,22.85,52.06,2.71,4.9006
20240107,Bidar,17.9133,77.5301,22.65,53.99,3.13,4.8725
20240108,Bidar,17.9133,77.5301,22.96,48.64,3.27,4.7311
20240109,Bidar,17.9133,77.5301,23.65,46.44,2.81,3.0276
20240110,Bidar,17.9133,77.5301,23.91,49.69,1.81,2.6597
20240111,Bidar,17.9133,77.5301,24.12,43.06,1.58,4.7611
20240112,Bidar,17.9133,77.5301,23.6,49.92,1.72,4.6642
20240113,Bidar,17.9133,77.5301,23.88,51.19,1.57,4.1071
20240114,Bidar,17.9133,77.5301,23.99,44.93,1.51,4.9493
20240115,Bidar,17.9133,77.5301,23.45,43.03,1.4,5.2704
20240116,Bidar,17.9133,77.5301,23.72,43.85,1.2,4.7642
20240117,Bidar,17.9133,77.5301,24.13,52.62,2.13,4.6519
20240118,Bidar,17.9133,77.5301,23.72,54.36,1.95,3.8743
20240119,Bidar,17.9133,77.5301,24.92,44.99,1.28,4.5295
20240120,Bidar,17.9133,77.5301,25.12,49.11,2.1,4.5674
20240121,Bidar,17.9133,77.5301,24.68,46.04,1.13,4.5106
20240122,Bidar,17.9133,77.5301,25.02,49.31,1.39,4.7657
20240123,Bidar,17.9133,77.5301,24.73,45.13,1.97,5.047
20240124,Bidar,17.9133,77.5301,21.76,40.98,1.97,4.0966
20240125,Bidar,17.9133,77.5301,20.66,33.56,2.17,4.2175
20240126,Bidar,17.9133,77.5301,21.64,39.36,2.03,4.3649
20240127,Bidar,17.9133,77.5301,22.45,31.19,2.18,4.0056
20240128,Bidar,17.9133,77.5301,22.34,28.78,1.92,5.3143
20240129,Bidar,17.9133,77.5301,23.28,47.49,1.72,4.4278
20240130,Bidar,17.9133,77.5301,23.97,40.41,1.2,4.9008
20240131,Bidar,17.9133,77.5301,24.17,39.48,1.72,5.0921
20240201,Bidar,17.9133,77.5301,24.02,37.59,2.09,5.4389
20240202,Bidar,17.9133,77.5301,23.44,36.54,1.59,5.3554
20240203,Bidar,17.9133,77.5301,24.23,43.7,2.13,4.5991
20240204,Bidar,17.9133,77.5301,25.06,38.29,1.88,4.9982
20240205,Bidar,17.9133,77.5301,26.21,41.94,1.6,5.137
20240206,Bidar,17.9133,77.5301,26.74,42.39,1.49,5.3894
20240207,Bidar,17.9133,77.5301,27.12,35.13,1.28,5.4283
20240208,Bidar,17.9133,77.5301,25.5,34.68,2.15,5.4122
20240209,Bidar,17.9133,77.5301,25.31,33.69,1.78,5.7334
20240210,Bidar,17.9133,77.5301,26.17,44.2,2.65,5.4487
20240211,Bidar,17.9133,77.5301,27.38,47.21,2.97,5.3899
20240212,Bidar,17.9133,77.5301,26.86,42.79,2.9,5.6318
20240213,Bidar,17.9133,77.5301,26.32,36.12,2.71,5.839
20240214,Bidar,17.9133,77.5301,26.86,37.3,2.29,5.4806
20240215,Bidar,17.9133,77.5301,27.49,34.42,2.22,5.7242
20240216,Bidar,17.9133,77.5301,26.25,27.63,2.54,6.4822
20240217,Bidar,17.9133,77.5301,25.66,24.41,1.49,6.4217
20240218,Bidar,17.9133,77.5301,25.87,25.83,1.93,6.3773
20240219,Bidar,17.9133,77.5301,26.47,28.39,1.83,6.1594
20240220,Bidar,17.9133,77.5301,26.63,29.04,1.68,5.9009
20240221,Bidar,17.9133,77.5301,26.46,23.96,1.92,6.3785
20240222,Bidar,17.9133,77.5301,25.74,28.07,2.4,6.5606
20240223,Bidar,17.9133,77.5301,24.77,25.02,1.77,6.6096
20240224,Bidar,17.9133,77.5301,26.51,29.59,1.48,5.2104
20240225,Bidar,17.9133,77.5301,27.21,49.45,1.52,4.9003
20240226,Bidar,17.9133,77.5301,28.25,45.45,3.22,5.5764
20240227,Bidar,17.9133,77.5301,28.32,38.99,2.55,6.3742
20240228,Bidar,17.9133,77.5301,28.9,33.54,2.22,6.0799
20240229,Bidar,17.9133,77.5301,29.27,31.88,2.49,5.1564
20240301,Bidar,17.9133,77.5301,30.18,29.77,2.33,5.5483
20240302,Bidar,17.9133,77.5301,29.51,33.66,3.12,5.7744
20240303,Bidar,17.9133,77.5301,29.35,31.07,2.05,6.1831
20240304,Bidar,17.9133,77.5301,28.92,28.65,1.77,5.4763
20240305,Bidar,17.9133,77.5301,29.7,32.82,1.35,6.1774
20240306,Bidar,17.9133,77.5301,29.93,27.37,2.56,5.8258
20240307,Bidar,17.9133,77.5301,27.95,20.96,1.75,6.4169
20240308,Bidar,17.9133,77.5301,27.56,17.99,2.18,6.8018
20240309,Bidar,17.9133,77.5301,27.91,20.23,1.87,5.9762
20240310,Bidar,17.9133,77.5301,30.13,31.97,1.96,5.3162
20240311,Bidar,17.9133,77.5301,30.68,36.9,1.54,5.453
20240312,Bidar,17.9133,77.5301,30.81,30.68,1.58,5.6611
20240313,Bidar,17.9133,77.5301,30.45,22.79,1.85,5.651
20240314,Bidar,17.9133,77.5301,28.88,19.98,2.08,6.659
20240315,Bidar,17.9133,77.5301,30.21,29.27,1.53,5.8594
20240316,Bidar,17.9133,77.5301,31.49,37.48,2.76,5.095
20240317,Bidar,17.9133,77.5301,29.23,52.78,2.66,4.9289
20240318,Bidar,17.9133,77.5301,28.7,51.6,1.71,5.0856
20240319,Bidar,17.9133,77.5301,28.29,44.52,1.77,5.6119
20240320,Bidar,17.9133,77.5301,27.06,41.92,2.56,6.5525
20240321,Bidar,17.9133,77.5301,27.5,42.68,2.08,6.7411
20240322,Bidar,17.9133,77.5301,29.07,36.73,1.66,6.5602
20240323,Bidar,17.9133,77.5301,30.53,29.52,1.25,6.0065
20240324,Bidar,17.9133,77.5301,31.86,31.69,2.25,5.8519
20240325,Bidar,17.9133,77.5301,32.12,30.42,1.81,5.4362
20240326,Bidar,17.9133,77.5301,32.39,29.87,2.2,6.1954
20240327,Bidar,17.9133,77.5301,32.39,27.16,2.17,6.3113
20240328,Bidar,17.9133,77.5301,32.74,26.39,2.36,6.5551
20240329,Bidar,17.9133,77.5301,33.71,25.98,2.21,6.276
20240330,Bidar,17.9133,77.5301,32.99,29.43,2.6,6.383
20240331,Bidar,17.9133,77.5301,32.57,26.07,1.31,6.6161
20240401,Bidar,17.9133,77.5301,33.4,25.57,1.67,6.5491
20240402,Bidar,17.9133,77.5301,33.96,22.4,0.82,6.1255
20240403,Bidar,17.9133,77.5301,32.86,28.28,1.82,5.1571
20240404,Bidar,17.9133,77.5301,34.33,25.96,1.4,5.9318
20240405,Bidar,17.9133,77.5301,34.36,20.36,1.29,6.2926
20240406,Bidar,17.9133,77.5301,34.04,20.6,1.75,6.1798
20240407,Bidar,17.9133,77.5301,34.34,22.77,1.11,5.5932
20240408,Bidar,17.9133,77.5301,34.22,25.24,4.25,5.9338
20240409,Bidar,17.9133,77.5301,32.31,36.34,3.88,6.7205
20240410,Bidar,17.9133,77.5301,33.06,33.4,2.99,6.4682
20240411,Bidar,17.9133,77.5301,31.41,34.29,2.46,4.7326
20240412,Bidar,17.9133,77.5301,31.43,36.03,2.02,5.7341
20240413,Bidar,17.9133,77.5301,31.51,40.7,1.76,4.5
20240414,Bidar,17.9133,77.5301,32.94,34.07,2.14,6.1159
20240415,Bidar,17.9133,77.5301,34.29,29.49,2.1,6.5263
20240416,Bidar,17.9133,77.5301,34.8,28.52,1.83,6.4886
20240417,Bidar,17.9133,77.5301,34.74,31.91,2.12,4.7491
20240418,Bidar,17.9133,77.5301,34.4,33.26,1.85,4.7071
20240419,Bidar,17.9133,77.5301,33.99,35.63,1.68,4.224
20240420,Bidar,17.9133,77.5301,32.66,42.18,2.72,2.9314
20240421,Bidar,17.9133,77.5301,32.65,45.48,1.69,5.6796
20240422,Bidar,17.9133,77.5301,32.58,44.3,1.94,5.6866
20240423,Bidar,17.9133,77.5301,32.71,38.73,1.87,7.0013
20240424,Bidar,17.9133,77.5301,32.45,33.97,1.68,6.8986
20240425,Bidar,17.9133,77.5301,33.18,27.11,1.98,7.1527
20240426,Bidar,17.9133,77.5301,34.55,25.95,2.65,7.2286
20240427,Bidar,17.9133,77.5301,35.04,28.18,1.96,6.5186
20240428,Bidar,17.9133,77.5301,36.06,25.42,2.06,6.3257
20240429,Bidar,17.9133,77.5301,36.08,25.84,2.2,6.5645
20240430,Bidar,17.9133,77.5301,36.33,23.78,1.67,6.7018
20240501,Bidar,17.9133,77.5301,36.06,20.39,2.42,7.1546
20240502,Bidar,17.9133,77.5301,34.24,15.43,2.97,7.7431
20240503,Bidar,17.9133,77.5301,33.6,12.05,2.06,7.9627
20240504,Bidar,17.9133,77.5301,34.06,13.54,1.85,7.6157
20240505,Bidar,17.9133,77.5301,34.6,17.51,2.37,7.4532
20240506,Bidar,17.9133,77.5301,35.85,21.33,1.92,7.3428
20240507,Bidar,17.9133,77.5301,34.84,37.41,3.45,6.8333
20240508,Bidar,17.9133,77.5301,30.44,57.21,2.89,7.1952
20240509,Bidar,17.9133,77.5301,30.84,55.98,2.79,5.839
20240510,Bidar,17.9133,77.5301,31.3,52.93,1.86,5.021
20240511,Bidar,17.9133,77.5301,32.13,49.32,2.11,6.1006
20240512,Bidar,17.9133,77.5301,31.54,52.47,1.79,5.071
20240513,Bidar,17.9133,77.5301,31.02,50.11,2.56,5.9443
20240514,Bidar,17.9133,77.5301,30.49,55.45,2.1,6.0142
20240515,Bidar,17.9133,77.5301,29.14,62.62,1.61,4.6217
20240516,Bidar,17.9133,77.5301,28.73,69.45,2.11,4.9162
20240517,Bidar,17.9133,77.5301,28.61,65.41,2.01,4.8802
20240518,Bidar,17.9133,77.5301,29.79,58.9,2.18,5.2594
20240519,Bidar,17.9133,77.5301,30.19,62.42,2.37,5.1302
20240520,Bidar,17.9133,77.5301,30.75,59.87,2.03,5.8478
20240521,Bidar,17.9133,77.5301,32.28,53.71,2.72,6.7267
20240522,Bidar,17.9133,77.5301,32.44,52.84,2.54,6.6144
20240523,Bidar,17.9133,77.5301,32.82,53.38,1.6,5.6928
20240524,Bidar,17.9133,77.5301,33.52,48.54,2.27,4.6807
20240525,Bidar,17.9133,77.5301,34.01,41.33,4.52,5.6786
20240526,Bidar,17.9133,77.5301,34.59,39.88,4.79,5.9798
20240527,Bidar,17.9133,77.5301,35.54,35.79,4.96,5.4816
20240528,Bidar,17.9133,77.5301,32.91,40.9,5.49,7.1182
20240529,Bidar,17.9133,77.5301,33.74,40.07,3.98,7.3006
20240530,Bidar,17.9133,77.5301,34.64,39.91,3.0,7.0606
20240531,Bidar,17.9133,77.5301,35.64,32.84,2.89,6.7886
20240601,Bidar,17.9133,77.5301,35.41,31.39,3.11,5.4338
20240602,Bidar,17.9133,77.5301,33.74,42.33,4.01,5.615
20240603,Bidar,17.9133,77.5301,30.06,62.99,2.84,4.05
20240604,Bidar,17.9133,77.5301,30.63,60.71,1.84,5.19
20240605,Bidar,17.9133,77.5301,28.29,71.57,2.65,4.8478
20240606,Bidar,17.9133,77.5301,28.36,73.32,2.34,4.8701
20240607,Bidar,17.9133,77.5301,27.58,73.93,2.08,3.9168
20240608,Bidar,17.9133,77.5301,28.13,68.89,2.44,4.4119
20240609,Bidar,17.9133,77.5301,27.31,72.81,2.33,3.6708
20240610,Bidar,17.9133,77.5301,28.26,73.72,3.45,3.9782
20240611,Bidar,17.9133,77.5301,28.2,70.82,4.37,3.8537
20240612,Bidar,17.9133,77.5301,27.58,71.42,4.36,4.6375
20240613,Bidar,17.9133,77.5301,25.47,81.54,3.66,5.5795
20240614,Bidar,17.9133,77.5301,26.66,76.79,3.84,4.9934
20240615,Bidar,17.9133,77.5301,27.38,70.86,3.29,6.5755
20240616,Bidar,17.9133,77.5301,28.01,74.94,2.62,6.4277
20240617,Bidar,17.9133,77.5301,27.85,75.37,2.03,5.1485
20240618,Bidar,17.9133,77.5301,27.74,72.5,3.37,5.9201
20240619,Bidar,17.9133,77.5301,26.07,76.48,3.63,5.275
20240620,Bidar,17.9133,77.5301,26.85,74.17,4.2,5.6455
20240621,Bidar,17.9133,77.5301,26.69,76.19,3.9,5.0213
20240622,Bidar,17.9133,77.5301,26.9,74.36,3.36,4.709
20240623,Bidar,17.9133,77.5301,25.89,81.03,2.21,4.5178
20240624,Bidar,17.9133,77.5301,27.95,72.09,3.13,5.0189
20240625,Bidar,17.9133,77.5301,28.02,72.27,3.71,4.5619
20240626,Bidar,17.9133,77.5301,26.28,75.94,5.12,5.52
20240627,Bidar,17.9133,77.5301,25.12,75.18,6.25,4.1681
20240628,Bidar,17.9133,77.5301,25.12,74.87,5.97,4.133
20240629,Bidar,17.9133,77.5301,26.54,76.16,4.12,4.5703
20240630,Bidar,17.9133,77.5301,27.03,74.93,4.65,3.3499
20240701,Bidar,17.9133,77.5301,27.3,74.46,5.79,4.0886
20240702,Bidar,17.9133,77.5301,26.77,76.4,6.11,4.8667
20240703,Bidar,17.9133,77.5301,27.4,74.77,4.9,4.9015
20240704,Bidar,17.9133,77.5301,27.27,75.08,4.47,5.419
20240705,Bidar,17.9133,77.5301,27.1,72.97,5.15,5.2922
20240706,Bidar,17.9133,77.5301,26.41,78.35,5.11,3.9838
20240707,Bidar,17.9133,77.5301,25.94,81.57,4.12,4.799
20240708,Bidar,17.9133,77.5301,26.2,81.68,2.65,3.864
20240709,Bidar,17.9133,77.5301,25.75,77.34,4.03,3.8194
20240710,Bidar,17.9133,77.5301,26.43,75.41,3.5,5.8817
20240711,Bidar,17.9133,77.5301,27.26,70.41,3.93,5.9172
20240712,Bidar,17.9133,77.5301,25.23,78.4,4.98,4.5326
20240713,Bidar,17.9133,77.5301,25.27,82.14,4.88,4.2394
20240714,Bidar,17.9133,77.5301,25.79,81.3,4.91,3.6194
20240715,Bidar,17.9133,77.5301,25.67,83.61,3.62,1.937
20240716,Bidar,17.9133,77.5301,25.05,79.67,4.02,3.9202
20240717,Bidar,17.9133,77.5301,25.56,77.7,4.75,3.8851
20240718,Bidar,17.9133,77.5301,25.27,84.05,4.64,3.9967
20240719,Bidar,17.9133,77.5301,24.75,84.23,5.08,2.9477
20240720,Bidar,17.9133,77.5301,24.11,89.5,5.34,1.2425
20240721,Bidar,17.9133,77.5301,25.36,84.98,5.55,2.0174
20240722,Bidar,17.9133,77.5301,25.24,83.16,5.78,3.4853
20240723,Bidar,17.9133,77.5301,24.76,84.28,5.79,2.4158
20240724,Bidar,17.9133,77.5301,25.06,84.57,5.32,1.6973
20240725,Bidar,17.9133,77.5301,24.71,84.13,5.5,1.1918
20240726,Bidar,17.9133,77.5301,24.56,81.96,5.77,3.731
20240727,Bidar,17.9133,77.5301,24.43,87.09,5.78,2.6542
20240728,Bidar,17.9133,77.5301,24.72,83.49,5.14,3.4704
20240729,Bidar,17.9133,77.5301,26.08,80.21,4.66,3.7106
20240730,Bidar,17.9133,77.5301,26.84,77.82,3.61,5.2709
20240731,Bidar,17.9133,77.5301,26.68,80.97,3.67,5.4034
20240801,Bidar,17.9133,77.5301,25.98,84.09,4.32,3.581
20240802,Bidar,17.9133,77.5301,25.37,83.97,4.97,3.9653
20240803,Bidar,17.9133,77.5301,25.45,82.55,4.61,3.8083
20240804,Bidar,17.9133,77.5301,25.06,83.79,4.33,3.6391
20240805,Bidar,17.9133,77.5301,25.47,83.13,3.72,5.514
20240806,Bidar,17.9133,77.5301,25.45,84.47,3.18,2.8627
20240807,Bidar,17.9133,77.5301,24.84,86.47,3.19,2.1708
20240808,Bidar,17.9133,77.5301,25.6,82.22,2.88,3.3629
20240809,Bidar,17.9133,77.5301,26.09,81.32,2.52,5.4662
20240810,Bidar,17.9133,77.5301,26.67,77.77,2.62,6.3838
20240811,Bidar,17.9133,77.5301,26.72,80.11,2.75,5.2126
20240812,Bidar,17.9133,77.5301,26.6,80.22,2.41,6.461
20240813,Bidar,17.9133,77.5301,26.45,82.04,1.99,5.4689
20240814,Bidar,17.9133,77.5301,27.29,79.01,0.78,4.4086
20240815,Bidar,17.9133,77.5301,26.38,86.6,1.12,5.1794
20240816,Bidar,17.9133,77.5301,26.37,84.83,0.91,4.4681
20240817,Bidar,17.9133,77.5301,26.03,85.95,1.24,4.7976
20240818,Bidar,17.9133,77.5301,26.4,85.38,1.19,5.3004
20240819,Bidar,17.9133,77.5301,26.33,82.67,1.13,3.5738
20240820,Bidar,17.9133,77.5301,26.02,84.15,0.95,4.6507
20240821,Bidar,17.9133,77.5301,26.6,84.23,1.67,5.1857
20240822,Bidar,17.9133,77.5301,26.09,85.67,1.78,4.7071
20240823,Bidar,17.9133,77.5301,25.54,85.51,4.21,4.5101
20240824,Bidar,17.9133,77.5301,25.14,87.84,3.91,3.6161
20240825,Bidar,17.9133,77.5301,25.19,83.62,4.63,4.157
20240826,Bidar,17.9133,77.5301,25.4,81.8,4.64,5.1607
20240827,Bidar,17.9133,77.5301,25.51,82.1,3.85,4.7669
20240828,Bidar,17.9133,77.5301,25.6,81.66,3.71,4.2593
20240829,Bidar,17.9133,77.5301,25.47,83.78,2.79,5.5246
20240830,Bidar,17.9133,77.5301,24.85,86.29,3.1,4.0783
20240831,Bidar,17.9133,77.5301,24.0,91.2,3.83,1.4969
20240901,Bidar,17.9133,77.5301,23.93,94.32,5.25,0.6703
20240902,Bidar,17.9133,77.5301,23.42,86.99,5.86,1.1717
20240903,Bidar,17.9133,77.5301,23.24,85.5,4.67,2.856
20240904,Bidar,17.9133,77.5301,24.85,89.39,3.19,3.221
20240905,Bidar,17.9133,77.5301,25.41,87.92,3.3,4.6296
20240906,Bidar,17.9133,77.5301,25.5,86.8,3.4,4.7021
20240907,Bidar,17.9133,77.5301,24.82,88.7,3.31,3.581
20240908,Bidar,17.9133,77.5301,24.19,90.02,3.07,3.7334
20240909,Bidar,17.9133,77.5301,23.77,90.35,2.99,3.2429
20240910,Bidar,17.9133,77.5301,24.83,87.2,3.52,4.2749
20240911,Bidar,17.9133,77.5301,25.12,82.79,3.73,4.9543
20240912,Bidar,17.9133,77.5301,24.75,83.38,3.23,5.5428
20240913,Bidar,17.9133,77.5301,24.2,83.85,3.04,5.8399
20240914,Bidar,17.9133,77.5301,24.58,81.65,3.05,6.0826
20240915,Bidar,17.9133,77.5301,24.19,82.56,3.13,5.4007
20240916,Bidar,17.9133,77.5301,24.02,83.39,3.18,4.3505
20240917,Bidar,17.9133,77.5301,24.23,81.54,3.03,5.6378
20240918,Bidar,17.9133,77.5301,24.36,77.83,2.13,6.331
20240919,Bidar,17.9133,77.5301,24.82,77.72,1.33,5.9693
20240920,Bidar,17.9133,77.5301,24.87,83.34,1.58,4.9236
20240921,Bidar,17.9133,77.5301,25.03,87.72,1.6,3.6602
20240922,Bidar,17.9133,77.5301,25.41,86.2,1.72,5.1758
20240923,Bidar,17.9133,77.5301,25.44,89.81,1.55,5.0131
20240924,Bidar,17.9133,77.5301,25.97,88.42,1.27,4.3944
20240925,Bidar,17.9133,77.5301,25.56,87.38,1.91,3.6012
20240926,Bidar,17.9133,77.5301,24.26,91.2,2.83,3.5882
20240927,Bidar,17.9133,77.5301,24.8,88.04,2.95,5.0858
20240928,Bidar,17.9133,77.5301,24.68,84.72,2.42,5.4432
20240929,Bidar,17.9133,77.5301,25.92,81.7,1.09,5.6441
20240930,Bidar,17.9133,77.5301,25.93,83.88,1.03,5.1264
20241001,Bidar,17.9133,77.5301,26.96,79.91,0.61,5.4852
20241002,Bidar,17.9133,77.5301,26.44,85.27,1.19,5.8862
20241003,Bidar,17.9133,77.5301,25.65,86.13,1.95,4.7292
20241004,Bidar,17.9133,77.5301,25.51,83.72,1.59,4.747
20241005,Bidar,17.9133,77.5301,25.46,85.47,1.56,4.0056
20241006,Bidar,17.9133,77.5301,25.19,85.9,1.96,4.4448
20241007,Bidar,17.9133,77.5301,24.5,85.79,1.55,4.2377
20241008,Bidar,17.9133,77.5301,24.49,85.88,1.47,5.1209
20241009,Bidar,17.9133,77.5301,24.76,86.62,1.84,4.9334
20241010,Bidar,17.9133,77.5301,24.99,86.74,2.35,4.2643
20241011,Bidar,17.9133,77.5301,24.89,88.04,2.3,3.9535
20241012,Bidar,17.9133,77.5301,25.13,87.59,2.02,5.0074
20241013,Bidar,17.9133,77.5301,25.49,85.01,1.78,5.5848
20241014,Bidar,17.9133,77.5301,25.16,86.87,1.19,4.7477
20241015,Bidar,17.9133,77.5301,25.08,86.93,1.43,4.3361
20241016,Bidar,17.9133,77.5301,25.07,88.62,1.63,3.3082
20241017,Bidar,17.9133,77.5301,25.11,88.44,2.1,4.7028
20241018,Bidar,17.9133,77.5301,25.14,89.0,2.08,4.644
20241019,Bidar,17.9133,77.5301,24.76,89.69,1.42,5.2222
20241020,Bidar,17.9133,77.5301,24.23,86.37,1.39,4.8598
20241021,Bidar,17.9133,77.5301,24.28,86.67,1.62,5.2109
20241022,Bidar,17.9133,77.5301,24.58,86.53,1.4,4.6068
20241023,Bidar,17.9133,77.5301,23.82,84.79,1.76,5.2342
20241024,Bidar,17.9133,77.5301,23.16,83.76,1.79,4.6747
20241025,Bidar,17.9133,77.5301,22.71,82.86,2.23,5.0405
20241026,Bidar,17.9133,77.5301,23.23,84.18,2.73,5.5805
20241027,Bidar,17.9133,77.5301,22.65,82.38,1.79,5.8356
20241028,Bidar,17.9133,77.5301,23.32,79.63,0.87,5.3966
20241029,Bidar,17.9133,77.5301,24.71,77.56,0.7,5.0573
20241030,Bidar,17.9133,77.5301,24.35,84.9,1.62,4.3601
20241031,Bidar,17.9133,77.5301,24.43,89.05,1.65,3.6667
20241101,Bidar,17.9133,77.5301,24.62,87.42,1.25,3.4589
20241102,Bidar,17.9133,77.5301,23.57,83.71,1.7,4.2134
20241103,Bidar,17.9133,77.5301,22.41,81.07,1.83,4.957
20241104,Bidar,17.9133,77.5301,21.77,76.22,1.47,4.9615
20241105,Bidar,17.9133,77.5301,21.58,75.06,1.6,5.0645
20241106,Bidar,17.9133,77.5301,21.74,77.68,1.61,5.2224
20241107,Bidar,17.9133,77.5301,21.1,80.67,1.38,5.1962
20241108,Bidar,17.9133,77.5301,21.4,75.67,1.22,5.2644
20241109,Bidar,17.9133,77.5301,21.52,77.72,1.35,4.8751
20241110,Bidar,17.9133,77.5301,21.08,80.39,1.62,5.1562
20241111,Bidar,17.9133,77.5301,20.5,79.72,1.82,4.8082
20241112,Bidar,17.9133,77.5301,20.55,81.2,2.11,4.9034
20241113,Bidar,17.9133,77.5301,21.82,84.07,2.04,4.1436
20241114,Bidar,17.9133,77.5301,22.1,81.24,1.96,3.4884
20241115,Bidar,17.9133,77.5301,22.41,79.86,1.81,4.4364
20241116,Bidar,17.9133,77.5301,20.95,76.37,1.92,4.9198
20241117,Bidar,17.9133,77.5301,19.25,74.64,2.06,5.0102
20241118,Bidar,17.9133,77.5301,18.47,77.35,1.85,4.939
20241119,Bidar,17.9133,77.5301,18.34,77.83,1.61,5.0354
20241120,Bidar,17.9133,77.5301,18.62,77.65,1.55,4.7995
20241121,Bidar,17.9133,77.5301,18.64,76.19,1.5,4.7292
20241122,Bidar,17.9133,77.5301,18.32,77.58,1.49,4.4191
20241123,Bidar,17.9133,77.5301,18.7,76.72,1.07,4.1467
20241124,Bidar,17.9133,77.5301,18.33,77.16,1.46,4.2386
20241125,Bidar,17.9133,77.5301,18.18,78.6,1.98,4.6325
20241126,Bidar,17.9133,77.5301,18.4,74.93,1.83,4.673
20241127,Bidar,17.9133,77.5301,18.06,74.88,2.31,4.4184
20241128,Bidar,17.9133,77.5301,17.8,71.34,2.87,4.7124
20241129,Bidar,17.9133,77.5301,19.16,78.23,2.67,4.8199
20241130,Bidar,17.9133,77.5301,21.28,83.52,2.99,3.4994
20241201,Bidar,17.9133,77.5301,22.31,84.55,2.61,2.5714
20241202,Bidar,17.9133,77.5301,22.85,86.21,2.94,2.3726
20241203,Bidar,17.9133,77.5301,23.85,82.18,2.57,2.7403
20241204,Bidar,17.9133,77.5301,24.08,83.11,1.54,3.5566
20241205,Bidar,17.9133,77.5301,24.57,81.81,1.33,3.876
20241206,Bidar,17.9133,77.5301,24.51,80.03,1.59,3.2328
20241207,Bidar,17.9133,77.5301,23.94,82.32,0.95,3.2791
20241208,Bidar,17.9133,77.5301,24.35,82.27,1.2,3.2165
20241209,Bidar,17.9133,77.5301,22.8,80.59,1.69,3.7044
20241210,Bidar,17.9133,77.5301,19.56,65.29,2.09,3.8887
20241211,Bidar,17.9133,77.5301,18.51,62.91,1.91,5.0107
20241212,Bidar,17.9133,77.5301,19.09,59.67,1.09,5.075
20241213,Bidar,17.9133,77.5301,18.41,59.64,1.92,4.4863
20241214,Bidar,17.9133,77.5301,17.91,62.02,2.31,4.6783
20241215,Bidar,17.9133,77.5301,16.76,56.89,1.96,5.1902
20241216,Bidar,17.9133,77.5301,16.58,53.22,1.79,5.2709
20241217,Bidar,17.9133,77.5301,18.06,51.21,1.5,5.1742
20241218,Bidar,17.9133,77.5301,18.46,53.79,1.72,4.8691
20241219,Bidar,17.9133,77.5301,20.57,66.19,1.81,4.5725
20241220,Bidar,17.9133,77.5301,22.7,79.15,1.95,3.617
20241221,Bidar,17.9133,77.5301,22.32,71.02,1.76,3.1157
20241222,Bidar,17.9133,77.5301,21.3,62.88,1.9,4.093
20241223,Bidar,17.9133,77.5301,21.14,59.49,2.03,3.9084
20241224,Bidar,17.9133,77.5301,21.82,66.6,2.0,3.4896
20241225,Bidar,17.9133,77.5301,22.0,75.03,2.72,3.6485
20241226,Bidar,17.9133,77.5301,21.58,80.72,2.27,3.0077
20241227,Bidar,17.9133,77.5301,22.91,74.1,3.02,3.4344
20241228,Bidar,17.9133,77.5301,22.99,70.42,2.21,4.9416
20241229,Bidar,17.9133,77.5301,22.64,67.18,1.79,4.8905
20241230,Bidar,17.9133,77.5301,22.0,63.8,1.78,4.8696
20241231,Bidar,17.9133,77.5301,21.62,65.28,1.85,4.4429
20250101,Bidar,17.9133,77.5301,20.48,65.44,1.94,3.7738
20250102,Bidar,17.9133,77.5301,19.55,49.49,2.42,4.8667
20250103,Bidar,17.9133,77.5301,19.05,43.94,2.13,5.2498
20250104,Bidar,17.9133,77.5301,19.12,46.12,2.07,5.4317
20250105,Bidar,17.9133,77.5301,19.9,53.11,1.51,5.292
20250106,Bidar,17.9133,77.5301,20.65,57.71,1.53,5.0033
20250107,Bidar,17.9133,77.5301,20.45,53.51,1.74,4.7258
20250108,Bidar,17.9133,77.5301,18.76,50.33,1.87,5.0218
20250109,Bidar,17.9133,77.5301,18.56,47.48,2.14,5.1535
20250110,Bidar,17.9133,77.5301,20.0,63.6,2.35,4.2787
20250111,Bidar,17.9133,77.5301,22.01,63.26,2.34,3.7099
20250112,Bidar,17.9133,77.5301,22.72,62.12,1.97,3.8926
20250113,Bidar,17.9133,77.5301,22.22,53.84,1.75,4.4472
20250114,Bidar,17.9133,77.5301,22.02,56.05,2.27,4.4323
20250115,Bidar,17.9133,77.5301,21.78,62.99,2.39,3.7334
20250116,Bidar,17.9133,77.5301,22.41,58.18,2.39,3.8107
20250117,Bidar,17.9133,77.5301,21.64,47.37,2.66,4.4587
20250118,Bidar,17.9133,77.5301,20.53,50.83,2.31,4.4033
20250119,Bidar,17.9133,77.5301,21.27,41.74,2.19,5.1907
20250120,Bidar,17.9133,77.5301,21.07,34.67,2.17,5.651
20250121,Bidar,17.9133,77.5301,21.87,31.3,1.73,5.7804
20250122,Bidar,17.9133,77.5301,23.09,35.67,1.92,5.6762
20250123,Bidar,17.9133,77.5301,23.77,46.88,2.01,5.5661
20250124,Bidar,17.9133,77.5301,24.69,49.2,2.13,5.4216
20250125,Bidar,17.9133,77.5301,24.36,40.6,1.76,5.7497
20250126,Bidar,17.9133,77.5301,24.06,39.03,2.06,5.5114
20250127,Bidar,17.9133,77.5301,24.38,34.9,1.64,5.5608
20250128,Bidar,17.9133,77.5301,24.53,34.39,1.68,5.3551
20250129,Bidar,17.9133,77.5301,24.85,41.86,2.2,5.1468
20250130,Bidar,17.9133,77.5301,24.76,42.79,1.51,5.2778
20250131,Bidar,17.9133,77.5301,25.3,38.33,1.35,5.4696
20250201,Bidar,17.9133,77.5301,25.59,33.86,1.1,5.7593
20250202,Bidar,17.9133,77.5301,25.84,34.9,1.75,5.4802
20250203,Bidar,17.9133,77.5301,26.06,33.1,2.14,5.963
20250204,Bidar,17.9133,77.5301,26.63,30.84,1.73,5.9729
20250205,Bidar,17.9133,77.5301,26.32,34.69,1.21,5.6114
20250206,Bidar,17.9133,77.5301,26.48,36.07,2.0,5.4391
20250207,Bidar,17.9133,77.5301,25.92,37.3,2.58,4.7297
20250208,Bidar,17.9133,77.5301,25.97,32.88,2.36,4.831
20250209,Bidar,17.9133,77.5301,26.06,31.78,2.32,5.2265
20250210,Bidar,17.9133,77.5301,26.12,34.97,1.62,4.7604
20250211,Bidar,17.9133,77.5301,26.48,38.37,1.34,4.9135
20250212,Bidar,17.9133,77.5301,26.31,29.7,1.81,5.406
20250213,Bidar,17.9133,77.5301,25.01,21.08,2.04,6.1394
20250214,Bidar,17.9133,77.5301,24.07,21.35,2.22,6.3802
20250215,Bidar,17.9133,77.5301,25.16,19.47,2.22,6.509
20250216,Bidar,17.9133,77.5301,26.01,18.89,1.51,6.4654
20250217,Bidar,17.9133,77.5301,26.33,21.86,1.44,6.2047
20250218,Bidar,17.9133,77.5301,26.95,26.3,1.77,6.0178
20250219,Bidar,17.9133,77.5301,27.32,22.67,1.33,6.0437
20250220,Bidar,17.9133,77.5301,27.13,25.61,1.9,5.52
20250221,Bidar,17.9133,77.5301,26.53,27.03,2.04,5.6018
20250222,Bidar,17.9133,77.5301,26.48,23.68,1.93,5.9198
20250223,Bidar,17.9133,77.5301,26.14,25.4,2.57,6.108
20250224,Bidar,17.9133,77.5301,25.75,20.42,2.3,6.6235
20250225,Bidar,17.9133,77.5301,25.71,26.78,2.37,6.1361
20250226,Bidar,17.9133,77.5301,26.37,30.45,2.86,5.987
20250227,Bidar,17.9133,77.5301,26.53,29.42,2.51,6.2662
20250228,Bidar,17.9133,77.5301,27.48,33.25,2.0,6.1313
20250301,Bidar,17.9133,77.5301,27.78,35.26,2.25,6.2242
20250302,Bidar,17.9133,77.5301,28.93,28.86,1.69,6.2424
20250303,Bidar,17.9133,77.5301,28.76,24.0,2.32,6.3686
20250304,Bidar,17.9133,77.5301,28.61,22.03,2.59,5.479
20250305,Bidar,17.9133,77.5301,26.47,17.32,3.33,6.6914
20250306,Bidar,17.9133,77.5301,24.13,7.35,2.79,7.4688
20250307,Bidar,17.9133,77.5301,25.88,9.55,2.17,6.9703
20250308,Bidar,17.9133,77.5301,27.7,11.72,1.77,6.8767
20250309,Bidar,17.9133,77.5301,28.2,18.63,1.98,6.6542
20250310,Bidar,17.9133,77.5301,28.17,36.33,2.83,6.3108
20250311,Bidar,17.9133,77.5301,28.34,35.35,2.43,6.3958
20250312,Bidar,17.9133,77.5301,29.18,27.55,1.83,6.6989
20250313,Bidar,17.9133,77.5301,30.92,25.59,1.5,6.0864
20250314,Bidar,17.9133,77.5301,31.09,20.56,1.31,6.2786
20250315,Bidar,17.9133,77.5301,31.31,24.65,1.69,6.3504
20250316,Bidar,17.9133,77.5301,31.49,23.34,2.49,6.6696
20250317,Bidar,17.9133,77.5301,30.9,21.56,1.9,6.3322
20250318,Bidar,17.9133,77.5301,31.49,20.11,1.09,6.6912
20250319,Bidar,17.9133,77.5301,30.79,26.55,3.12,6.5894
20250320,Bidar,17.9133,77.5301,30.69,33.31,2.28,6.6871
20250321,Bidar,17.9133,77.5301,29.12,38.86,1.11,5.5937
20250322,Bidar,17.9133,77.5301,29.93,45.96,2.15,6.1284
20250323,Bidar,17.9133,77.5301,28.95,52.77,1.69,5.6489
20250324,Bidar,17.9133,77.5301,28.57,46.83,1.75,5.5608
20250325,Bidar,17.9133,77.5301,28.93,34.56,1.8,6.2234
20250326,Bidar,17.9133,77.5301,29.67,26.54,1.81,6.1838
20250327,Bidar,17.9133,77.5301,30.39,27.26,1.72,6.127
20250328,Bidar,17.9133,77.5301,31.12,23.8,1.58,5.9863
20250329,Bidar,17.9133,77.5301,31.14,22.94,1.98,5.7547
20250330,Bidar,17.9133,77.5301,31.65,23.54,2.28,5.5694
20250331,Bidar,17.9133,77.5301,31.93,25.45,2.46,5.5946
20250401,Bidar,17.9133,77.5301,31.24,34.02,2.96,6.0266
20250402,Bidar,17.9133,77.5301,29.67,34.38,2.53,6.6077
20250403,Bidar,17.9133,77.5301,29.42,45.43,1.43,4.2766
20250404,Bidar,17.9133,77.5301,29.96,47.93,1.67,6.3458
20250405,Bidar,17.9133,77.5301,31.0,39.48,1.92,6.0989
20250406,Bidar,17.9133,77.5301,31.4,33.54,1.89,6.7255
20250407,Bidar,17.9133,77.5301,31.37,27.82,2.17,6.6182
20250408,Bidar,17.9133,77.5301,31.71,33.22,2.18,6.1742
20250409,Bidar,17.9133,77.5301,31.75,34.17,2.78,6.1802
20250410,Bidar,17.9133,77.5301,31.18,38.55,2.14,6.0271
20250411,Bidar,17.9133,77.5301,29.78,37.69,2.86,6.911
20250412,Bidar,17.9133,77.5301,30.88,31.21,2.96,7.0426
20250413,Bidar,17.9133,77.5301,31.13,26.25,2.85,6.9857
20250414,Bidar,17.9133,77.5301,31.98,25.37,1.96,6.8376
20250415,Bidar,17.9133,77.5301,32.12,26.51,1.65,6.4493
20250416,Bidar,17.9133,77.5301,32.7,29.91,1.74,6.1795
20250417,Bidar,17.9133,77.5301,33.46,28.81,2.23,6.0862
20250418,Bidar,17.9133,77.5301,32.45,38.69,2.11,5.2594
20250419,Bidar,17.9133,77.5301,33.57,35.75,2.3,6.2102
20250420,Bidar,17.9133,77.5301,33.79,29.2,2.05,6.7836
20250421,Bidar,17.9133,77.5301,33.82,31.93,2.4,6.1898
20250422,Bidar,17.9133,77.5301,34.21,33.56,1.68,6.3934
20250423,Bidar,17.9133,77.5301,34.77,27.98,1.89,6.3617
20250424,Bidar,17.9133,77.5301,34.52,25.48,1.83,6.0103
20250425,Bidar,17.9133,77.5301,34.74,30.69,2.24,5.3609
20250426,Bidar,17.9133,77.5301,34.23,31.2,1.92,5.7634
20250427,Bidar,17.9133,77.5301,33.99,28.82,1.86,4.7203
20250428,Bidar,17.9133,77.5301,33.55,28.66,2.1,6.7126
20250429,Bidar,17.9133,77.5301,33.71,28.82,2.27,6.0382
20250430,Bidar,17.9133,77.5301,34.81,24.37,2.84,6.7963
20250501,Bidar,17.9133,77.5301,34.06,22.26,1.9,6.9314
20250502,Bidar,17.9133,77.5301,34.03,29.61,2.06,6.7236
20250503,Bidar,17.9133,77.5301,33.95,24.29,2.4,7.0327
20250504,Bidar,17.9133,77.5301,33.41,18.2,3.38,7.1556
20250505,Bidar,17.9133,77.5301,32.98,25.95,2.01,6.8626
20250506,Bidar,17.9133,77.5301,31.25,31.51,2.06,6.9878
20250507,Bidar,17.9133,77.5301,31.16,29.02,2.66,7.301
20250508,Bidar,17.9133,77.5301,30.87,30.2,1.89,6.9511
20250509,Bidar,17.9133,77.5301,32.53,33.65,0.98,7.0913
20250510,Bidar,17.9133,77.5301,34.15,30.53,1.54,6.0041
20250511,Bidar,17.9133,77.5301,34.65,31.71,1.5,5.4934
20250512,Bidar,17.9133,77.5301,34.85,32.11,1.95,5.9693
20250513,Bidar,17.9133,77.5301,34.67,34.38,2.06,5.7828
20250514,Bidar,17.9133,77.5301,32.66,44.54,1.75,5.6784
20250515,Bidar,17.9133,77.5301,31.55,53.83,0.78,5.1636
20250516,Bidar,17.9133,77.5301,28.84,67.67,2.05,5.6222
20250517,Bidar,17.9133,77.5301,30.8,59.77,1.75,5.6275
20250518,Bidar,17.9133,77.5301,28.84,68.9,1.34,4.9541
20250519,Bidar,17.9133,77.5301,29.84,64.62,1.42,3.9463
20250520,Bidar,17.9133,77.5301,29.17,69.82,2.21,4.2706
20250521,Bidar,17.9133,77.5301,27.78,77.21,1.85,4.1398
20250522,Bidar,17.9133,77.5301,26.6,80.14,1.71,5.3004
20250523,Bidar,17.9133,77.5301,27.24,77.83,3.18,5.082
20250524,Bidar,17.9133,77.5301,26.56,81.75,3.72,3.9514
20250525,Bidar,17.9133,77.5301,26.74,78.08,4.99,3.5321
20250526,Bidar,17.9133,77.5301,26.63,80.01,2.92,3.1025
20250527,Bidar,17.9133,77.5301,27.31,80.78,2.05,3.4584
20250528,Bidar,17.9133,77.5301,25.73,85.52,3.55,3.5328
20250529,Bidar,17.9133,77.5301,27.17,79.8,3.54,3.5244
20250530,Bidar,17.9133,77.5301,27.77,74.96,3.9,5.0614
20250531,Bidar,17.9133,77.5301,28.07,67.31,5.48,6.9132
20250601,Bidar,17.9133,77.5301,27.76,68.25,4.67,6.2527
20250602,Bidar,17.9133,77.5301,27.58,69.95,4.52,5.0719
20250603,Bidar,17.9133,77.5301,27.61,69.27,4.15,5.7096
20250604,Bidar,17.9133,77.5301,27.67,67.37,3.68,6.617
20250605,Bidar,17.9133,77.5301,27.56,69.64,1.6,4.2586
20250606,Bidar,17.9133,77.5301,29.46,63.3,1.08,6.143
20250607,Bidar,17.9133,77.5301,29.65,63.22,2.2,5.093
20250608,Bidar,17.9133,77.5301,29.11,68.21,2.71,5.359
20250609,Bidar,17.9133,77.5301,28.61,70.03,4.17,2.9273
20250610,Bidar,17.9133,77.5301,28.41,70.94,4.33,2.0674
20250611,Bidar,17.9133,77.5301,26.56,77.13,4.14,3.3266
20250612,Bidar,17.9133,77.5301,25.85,86.58,2.98,4.0082
20250613,Bidar,17.9133,77.5301,28.31,75.45,1.72,4.3253
20250614,Bidar,17.9133,77.5301,27.71,76.19,1.9,3.9475
20250615,Bidar,17.9133,77.5301,27.6,75.56,3.52,3.408
20250616,Bidar,17.9133,77.5301,26.48,76.1,5.87,3.7147
20250617,Bidar,17.9133,77.5301,27.43,71.02,5.47,5.6594
20250618,Bidar,17.9133,77.5301,27.85,69.66,5.97,5.0587
20250619,Bidar,17.9133,77.5301,27.09,73.16,6.22,4.667
20250620,Bidar,17.9133,77.5301,27.57,71.1,5.59,5.0395
20250621,Bidar,17.9133,77.5301,27.89,69.8,5.4,5.7658
20250622,Bidar,17.9133,77.5301,26.85,71.46,5.23,5.6842
20250623,Bidar,17.9133,77.5301,26.93,71.5,6.16,4.7549
20250624,Bidar,17.9133,77.5301,26.62,73.16,5.98,3.5006
20250625,Bidar,17.9133,77.5301,25.46,82.32,4.98,4.0375
20250626,Bidar,17.9133,77.5301,25.76,79.21,4.84,3.7457
20250627,Bidar,17.9133,77.5301,26.71,73.73,5.18,5.1108
20250628,Bidar,17.9133,77.5301,26.97,71.27,5.18,4.9834
20250629,Bidar,17.9133,77.5301,26.32,74.08,5.35,3.9192
20250630,Bidar,17.9133,77.5301,24.86,82.01,5.08,3.834
20250701,Bidar,17.9133,77.5301,24.86,83.44,5.49,3.1078
20250702,Bidar,17.9133,77.5301,25.4,80.22,5.21,2.185
20250703,Bidar,17.9133,77.5301,25.97,76.92,5.17,3.3662
20250704,Bidar,17.9133,77.5301,26.44,74.99,5.55,3.9744
20250705,Bidar,17.9133,77.5301,26.0,77.63,5.56,4.6406
20250706,Bidar,17.9133,77.5301,25.92,76.68,5.46,4.8578
20250707,Bidar,17.9133,77.5301,24.85,80.29,5.17,3.1325
20250708,Bidar,17.9133,77.5301,25.21,78.88,5.23,3.2724
20250709,Bidar,17.9133,77.5301,26.15,75.27,4.59,4.17
20250710,Bidar,17.9133,77.5301,26.6,74.0,3.33,5.3695
20250711,Bidar,17.9133,77.5301,26.73,74.18,3.23,5.8104
20250712,Bidar,17.9133,77.5301,27.18,71.81,3.88,5.6686
20250713,Bidar,17.9133,77.5301,27.08,70.82,4.15,5.1799
20250714,Bidar,17.9133,77.5301,27.3,70.26,4.58,5.4391
20250715,Bidar,17.9133,77.5301,27.46,72.03,4.13,4.5938
20250716,Bidar,17.9133,77.5301,27.05,75.43,2.92,4.9346
20250717,Bidar,17.9133,77.5301,27.2,77.16,2.18,4.5598
20250718,Bidar,17.9133,77.5301,26.1,82.03,1.22,4.0308
20250719,Bidar,17.9133,77.5301,25.87,78.66,2.74,3.925
20250720,Bidar,17.9133,77.5301,26.83,72.77,2.54,4.8718
20250721,Bidar,17.9133,77.5301,26.19,81.86,2.97,4.7182
20250722,Bidar,17.9133,77.5301,26.07,82.32,3.99,4.5454
20250723,Bidar,17.9133,77.5301,25.12,84.53,4.33,2.9378
20250724,Bidar,17.9133,77.5301,24.34,87.37,3.95,2.2918
20250725,Bidar,17.9133,77.5301,24.58,88.51,4.38,2.7466
20250726,Bidar,17.9133,77.5301,24.1,88.21,5.57,1.5401
20250727,Bidar,17.9133,77.5301,25.65,76.96,6.09,4.2607
20250728,Bidar,17.9133,77.5301,25.61,75.96,5.97,4.1551
20250729,Bidar,17.9133,77.5301,24.61,79.33,5.78,3.9648
20250730,Bidar,17.9133,77.5301,24.59,81.72,4.69,2.621
20250731,Bidar,17.9133,77.5301,26.35,76.17,4.14,3.9986
20250801,Bidar,17.9133,77.5301,26.3,76.38,3.36,5.3242
20250802,Bidar,17.9133,77.5301,26.75,75.11,2.61,5.2966
20250803,Bidar,17.9133,77.5301,26.09,79.49,2.06,4.4419
20250804,Bidar,17.9133,77.5301,26.52,80.69,1.31,4.8266
20250805,Bidar,17.9133,77.5301,25.62,88.52,1.5,4.5518
20250806,Bidar,17.9133,77.5301,25.97,85.01,1.61,5.581
20250807,Bidar,17.9133,77.5301,25.89,83.04,0.42,4.2756
20250808,Bidar,17.9133,77.5301,25.6,82.0,1.18,3.4109
20250809,Bidar,17.9133,77.5301,25.11,83.45,1.75,3.6209
20250810,Bidar,17.9133,77.5301,24.49,85.82,1.38,4.1422
20250811,Bidar,17.9133,77.5301,25.08,83.13,2.7,3.9379
20250812,Bidar,17.9133,77.5301,24.59,84.75,3.08,3.5916
20250813,Bidar,17.9133,77.5301,23.81,89.35,2.87,3.049
20250814,Bidar,17.9133,77.5301,24.68,87.25,2.81,2.4643
20250815,Bidar,17.9133,77.5301,23.71,92.28,3.21,4.1892
20250816,Bidar,17.9133,77.5301,23.84,91.41,3.71,1.6774
20250817,Bidar,17.9133,77.5301,24.91,87.27,3.31,3.3794
20250818,Bidar,17.9133,77.5301,23.52,92.07,4.28,1.8749
20250819,Bidar,17.9133,77.5301,24.0,90.72,3.93,2.5104
20250820,Bidar,17.9133,77.5301,24.2,87.22,4.35,3.395
20250821,Bidar,17.9133,77.5301,24.81,85.13,3.88,4.7119
20250822,Bidar,17.9133,77.5301,24.94,83.21,3.96,5.3386
20250823,Bidar,17.9133,77.5301,24.64,82.79,4.37,5.0215
20250824,Bidar,17.9133,77.5301,24.08,83.23,4.29,5.1521
20250825,Bidar,17.9133,77.5301,24.68,82.01,3.99,5.015
20250826,Bidar,17.9133,77.5301,24.2,88.61,3.13,2.9366
20250827,Bidar,17.9133,77.5301,23.61,92.77,3.51,0.8309
20250828,Bidar,17.9133,77.5301,23.42,93.65,3.92,1.2163
20250829,Bidar,17.9133,77.5301,24.37,87.97,3.23,3.7123
20250830,Bidar,17.9133,77.5301,25.37,86.46,2.69,4.8506
20250831,Bidar,17.9133,77.5301,25.05,87.76,2.98,4.0567
20250901,Bidar,17.9133,77.5301,24.65,88.27,3.57,3.3326
20250902,Bidar,17.9133,77.5301,23.93,91.3,2.67,3.4063
20250903,Bidar,17.9133,77.5301,23.86,89.33,3.05,4.9452
20250904,Bidar,17.9133,77.5301,24.46,85.24,3.31,5.5243
20250905,Bidar,17.9133,77.5301,24.22,86.37,3.35,4.7777
20250906,Bidar,17.9133,77.5301,24.68,85.26,2.77,4.8598
20250907,Bidar,17.9133,77.5301,24.75,82.77,2.52,5.8742
20250908,Bidar,17.9133,77.5301,24.15,83.84,1.98,6.2479
20250909,Bidar,17.9133,77.5301,25.35,80.28,0.88,5.8342
20250910,Bidar,17.9133,77.5301,24.99,87.66,1.78,3.8177
20250911,Bidar,17.9133,77.5301,23.83,91.88,2.45,1.8914
20250912,Bidar,17.9133,77.5301,22.72,94.79,2.8,2.9582
20250913,Bidar,17.9133,77.5301,23.45,93.23,2.52,2.2404
20250914,Bidar,17.9133,77.5301,25.19,91.01,1.65,3.6886
20250915,Bidar,17.9133,77.5301,25.48,90.71,2.34,4.1918
20250916,Bidar,17.9133,77.5301,25.13,89.87,1.3,3.4054
20250917,Bidar,17.9133,77.5301,25.72,83.98,0.79,4.4172
20250918,Bidar,17.9133,77.5301,25.43,86.33,0.93,5.3604
20250919,Bidar,17.9133,77.5301,25.43,88.01,1.58,4.4431
20250920,Bidar,17.9133,77.5301,25.3,90.04,1.7,4.729
20250921,Bidar,17.9133,77.5301,24.73,93.58,1.78,4.2403
20250922,Bidar,17.9133,77.5301,24.24,91.71,1.83,3.396
20250923,Bidar,17.9133,77.5301,24.33,90.42,2.49,2.6114
20250924,Bidar,17.9133,77.5301,23.72,90.18,3.21,4.505
20250925,Bidar,17.9133,77.5301,22.98,91.8,3.41,3.0206
20250926,Bidar,17.9133,77.5301,23.97,94.07,3.22,1.6637
20250927,Bidar,17.9133,77.5301,23.51,94.06,3.3,1.7316
20250928,Bidar,17.9133,77.5301,23.98,90.9,4.02,2.1494
20250929,Bidar,17.9133,77.5301,23.49,87.95,2.91,5.4463
20250930,Bidar,17.9133,77.5301,23.58,87.4,2.62,5.3239
20251001,Bidar,17.9133,77.5301,24.17,86.18,2.35,5.388
20251002,Bidar,17.9133,77.5301,23.64,87.69,2.25,4.7194
20251003,Bidar,17.9133,77.5301,24.25,86.45,2.33,5.3066
20251004,Bidar,17.9133,77.5301,23.54,90.23,1.91,4.4242
20251005,Bidar,17.9133,77.5301,24.15,89.14,1.58,3.2474
20251006,Bidar,17.9133,77.5301,23.2,94.22,1.64,4.0409
20251007,Bidar,17.9133,77.5301,23.91,88.25,1.75,4.8334
20251008,Bidar,17.9133,77.5301,24.12,87.17,1.38,5.6086
20251009,Bidar,17.9133,77.5301,23.16,86.63,2.11,5.7828
20251010,Bidar,17.9133,77.5301,21.71,80.33,1.9,6.066
20251011,Bidar,17.9133,77.5301,21.17,81.08,2.33,5.3052
20251012,Bidar,17.9133,77.5301,21.6,86.38,2.21,6.216
20251013,Bidar,17.9133,77.5301,22.51,87.62,2.49,4.8758
20251014,Bidar,17.9133,77.5301,23.56,89.2,1.84,3.9881
20251015,Bidar,17.9133,77.5301,23.83,88.61,1.81,5.131
20251016,Bidar,17.9133,77.5301,23.91,85.75,1.85,5.9578
20251017,Bidar,17.9133,77.5301,23.02,86.57,2.01,5.5589
20251018,Bidar,17.9133,77.5301,22.51,85.48,1.63,5.3604
20251019,Bidar,17.9133,77.5301,22.17,85.68,2.18,4.8089
20251020,Bidar,17.9133,77.5301,22.7,88.73,1.76,3.9662
20251021,Bidar,17.9133,77.5301,23.51,87.78,1.96,4.945
20251022,Bidar,17.9133,77.5301,23.96,87.38,2.29,4.8142
20251023,Bidar,17.9133,77.5301,23.43,86.86,2.42,4.2734
20251024,Bidar,17.9133,77.5301,23.57,89.17,1.9,3.3974
20251025,Bidar,17.9133,77.5301,23.48,87.08,1.53,3.3715
20251026,Bidar,17.9133,77.5301,24.04,84.81,1.71,4.4347
20251027,Bidar,17.9133,77.5301,24.34,86.16,1.87,4.6061
20251028,Bidar,17.9133,77.5301,23.58,91.17,2.13,3.0953
20251029,Bidar,17.9133,77.5301,24.01,91.76,2.49,1.4256
20251030,Bidar,17.9133,77.5301,24.37,87.22,3.38,4.3075
20251031,Bidar,17.9133,77.5301,23.43,82.41,2.33,5.279
20251101,Bidar,17.9133,77.5301,24.39,84.26,1.67,4.02
20251102,Bidar,17.9133,77.5301,24.76,87.98,2.21,3.4613
20251103,Bidar,17.9133,77.5301,24.39,87.36,1.98,4.4179
20251104,Bidar,17.9133,77.5301,23.64,86.95,1.95,2.627
20251105,Bidar,17.9133,77.5301,22.56,86.78,1.7,4.2245
20251106,Bidar,17.9133,77.5301,21.74,81.44,2.03,3.2825
20251107,Bidar,17.9133,77.5301,20.38,79.1,1.87,5.4725
20251108,Bidar,17.9133,77.5301,18.91,73.23,1.6,5.52
20251109,Bidar,17.9133,77.5301,17.93,78.58,1.7,5.5414
20251110,Bidar,17.9133,77.5301,18.16,74.04,1.27,5.4127
20251111,Bidar,17.9133,77.5301,18.33,73.54,1.43,5.3498
20251112,Bidar,17.9133,77.5301,18.01,74.18,1.8,5.5829
20251113,Bidar,17.9133,77.5301,16.85,73.81,1.89,5.3774
20251114,Bidar,17.9133,77.5301,16.18,80.93,1.87,5.5723
20251115,Bidar,17.9133,77.5301,16.17,79.44,1.66,5.4218
20251116,Bidar,17.9133,77.5301,16.0,80.53,2.02,5.4199
20251117,Bidar,17.9133,77.5301,14.97,79.79,2.08,5.4998
20251118,Bidar,17.9133,77.5301,15.02,79.17,1.79,5.3945
20251119,Bidar,17.9133,77.5301,15.67,78.42,1.42,5.3194
20251120,Bidar,17.9133,77.5301,16.32,82.7,1.8,5.4526
20251121,Bidar,17.9133,77.5301,18.22,84.94,1.41,5.3863
20251122,Bidar,17.9133,77.5301,20.23,83.82,1.34,4.8526
20251123,Bidar,17.9133,77.5301,20.59,81.89,1.52,4.6906
20251124,Bidar,17.9133,77.5301,19.74,80.15,1.76,4.7045
20251125,Bidar,17.9133,77.5301,19.79,84.54,1.67,5.0352
20251126,Bidar,17.9133,77.5301,19.62,84.58,1.78,4.632
20251127,Bidar,17.9133,77.5301,19.37,84.72,1.79,4.361
20251128,Bidar,17.9133,77.5301,17.52,80.68,2.32,4.859
20251129,Bidar,17.9133,77.5301,17.07,81.27,1.77,4.2214
20251130,Bidar,17.9133,77.5301,18.55,84.98,2.15,4.4174
20251201,Bidar,17.9133,77.5301,18.67,83.56,1.63,4.8718
20251202,Bidar,17.9133,77.5301,18.22,84.47,1.67,3.9386
20251203,Bidar,17.9133,77.5301,18.8,83.61,2.01,4.3277
20251204,Bidar,17.9133,77.5301,19.8,84.04,2.16,3.9036
20251205,Bidar,17.9133,77.5301,18.4,75.2,2.3,4.2758
20251206,Bidar,17.9133,77.5301,17.53,79.03,2.05,4.4664
20251207,Bidar,17.9133,77.5301,16.73,75.0,1.86,4.9186
20251208,Bidar,17.9133,77.5301,15.72,74.79,1.91,4.6159
20251209,Bidar,17.9133,77.5301,15.93,69.38,2.15,5.4161
20251210,Bidar,17.9133,77.5301,15.64,68.27,2.2,5.4809
20251211,Bidar,17.9133,77.5301,15.26,63.58,1.85,5.6074
20251212,Bidar,17.9133,77.5301,16.25,64.07,1.69,5.4319
20251213,Bidar,17.9133,77.5301,17.22,65.08,1.41,5.2404
20251214,Bidar,17.9133,77.5301,17.05,70.77,1.51,5.0501
20251215,Bidar,17.9133,77.5301,16.73,72.37,1.49,4.9217
20251216,Bidar,17.9133,77.5301,17.3,73.08,1.49,4.9394
20251217,Bidar,17.9133,77.5301,17.51,73.89,1.62,4.8626
20251218,Bidar,17.9133,77.5301,16.66,69.12,1.91,5.3107
20251219,Bidar,17.9133,77.5301,16.12,62.69,2.04,5.4535
20251220,Bidar,17.9133,77.5301,16.14,62.99,1.89,5.2248
20251221,Bidar,17.9133,77.5301,17.06,69.26,1.72,4.8744
20251222,Bidar,17.9133,77.5301,17.17,73.32,1.64,4.8391
20251223,Bidar,17.9133,77.5301,16.87,69.57,1.9,4.9625
20251224,Bidar,17.9133,77.5301,16.11,71.96,1.94,4.7914
20251225,Bidar,17.9133,77.5301,16.77,66.77,1.48,4.8305
20251226,Bidar,17.9133,77.5301,16.98,68.74,1.6,4.7462
20251227,Bidar,17.9133,77.5301,17.11,69.01,1.46,4.8324
20251228,Bidar,17.9133,77.5301,16.75,67.68,1.52,4.8262
20251229,Bidar,17.9133,77.5301,17.12,64.23,1.54,4.9949
20251230,Bidar,17.9133,77.5301,18.11,59.61,1.11,4.9594
20251231,Bidar,17.9133,77.5301,19.49,57.52,1.42,4.566
