Date,District,Latitude,Longitude,Temperature,Humidity,WindSpeed,GHI
20200101,Chamarajanagar,11.9261,76.94,22.47,79.76,1.5,4.123
20200102,Chamarajanagar,11.9261,76.94,23.29,76.54,1.51,4.3711
20200103,Chamarajanagar,11.9261,76.94,23.69,75.8,1.21,4.717
20200104,Chamarajanagar,11.9261,76.94,24.41,72.79,0.81,4.7731
20200105,Chamarajanagar,11.9261,76.94,24.11,73.2,1.18,4.6675
20200106,Chamarajanagar,11.9261,76.94,23.49,74.61,2.48,5.1763
20200107,Chamarajanagar,11.9261,76.94,22.56,72.48,2.12,5.4722
20200108,Chamarajanagar,11.9261,76.94,22.43,69.32,1.34,5.3321
20200109,Chamarajanagar,11.9261,76.94,22.3,70.48,1.26,4.9056
20200110,Chamarajanagar,11.9261,76.94,21.78,72.29,2.2,5.4163
20200111,Chamarajanagar,11.9261,76.94,21.17,65.62,2.0,6.1027
20200112,Chamarajanagar,11.9261,76.94,21.05,69.44,1.88,5.9671
20200113,Chamarajanagar,11.9261,76.94,21.88,68.86,0.97,5.209
20200114,Chamarajanagar,11.9261,76.94,22.03,66.93,1.18,5.7062
20200115,Chamarajanagar,11.9261,76.94,20.86,64.31,1.5,5.8562
20200116,Chamarajanagar,11.9261,76.94,20.65,63.41,1.36,5.7382
20200117,Chamarajanagar,11.9261,76.94,21.54,65.69,1.52,5.647
20200118,Chamarajanagar,11.9261,76.94,23.36,73.72,2.19,4.8154
20200119,Chamarajanagar,11.9261,76.94,23.55,73.0,1.99,5.2058
20200120,Chamarajanagar,11.9261,76.94,23.43,64.96,1.95,5.8258
20200121,Chamarajanagar,11.9261,76.94,22.34,61.2,1.97,6.1138
20200122,Chamarajanagar,11.9261,76.94,22.69,63.71,2.42,6.3206
20200123,Chamarajanagar,11.9261,76.94,23.32,67.1,2.56,5.9556
20200124,Chamarajanagar,11.9261,76.94,22.68,56.71,2.13,6.3547
20200125,Chamarajanagar,11.9261,76.94,21.91,48.55,1.57,6.4985
20200126,Chamarajanagar,11.9261,76.94,22.28,48.93,1.47,6.3295
20200127,Chamarajanagar,11.9261,76.94,23.5,54.05,1.35,6.1138
20200128,Chamarajanagar,11.9261,76.94,24.29,60.94,1.31,5.8987
20200129,Chamarajanagar,11.9261,76.94,24.13,56.77,1.25,6.1711
20200130,Chamarajanagar,11.9261,76.94,24.66,54.95,0.97,6.4274
20200131,Chamarajanagar,11.9261,76.94,24.86,53.48,1.12,6.3024
20200201,Chamarajanagar,11.9261,76.94,24.07,60.44,2.34,5.7082
20200202,Chamarajanagar,11.9261,76.94,23.34,57.43,2.38,6.0514
20200203,Chamarajanagar,11.9261,76.94,23.22,58.2,1.87,6.3418
20200204,Chamarajanagar,11.9261,76.94,23.47,58.34,1.89,6.0979
20200205,Chamarajanagar,11.9261,76.94,24.01,63.72,1.69,5.4286
20200206,Chamarajanagar,11.9261,76.94,24.77,55.62,1.14,5.6405
20200207,Chamarajanagar,11.9261,76.94,24.38,61.81,1.6,5.107
20200208,Chamarajanagar,11.9261,76.94,25.25,57.21,1.18,6.0233
20200209,Chamarajanagar,11.9261,76.94,24.87,57.97,1.82,5.5774
20200210,Chamarajanagar,11.9261,76.94,24.81,61.33,2.65,5.7526
20200211,Chamarajanagar,11.9261,76.94,24.38,57.02,3.09,6.5076
20200212,Chamarajanagar,11.9261,76.94,23.78,56.93,2.44,6.2239
20200213,Chamarajanagar,11.9261,76.94,24.1,51.33,1.92,6.4174
20200214,Chamarajanagar,11.9261,76.94,24.59,49.63,1.07,6.2302
20200215,Chamarajanagar,11.9261,76.94,25.43,45.76,1.27,6.5402
20200216,Chamarajanagar,11.9261,76.94,24.37,41.33,1.95,6.6089
20200217,Chamarajanagar,11.9261,76.94,23.28,37.82,1.88,7.0752
20200218,Chamarajanagar,11.9261,76.94,23.66,44.58,2.17,7.0985
20200219,Chamarajanagar,11.9261,76.94,23.82,48.94,1.93,6.5801
20200220,Chamarajanagar,11.9261,76.94,23.73,48.78,2.29,7.0711
20200221,Chamarajanagar,11.9261,76.94,23.82,49.1,2.2,7.0558
20200222,Chamarajanagar,11.9261,76.94,25.09,56.57,2.54,6.8242
20200223,Chamarajanagar,11.9261,76.94,25.41,52.57,2.52,5.9678
20200224,Chamarajanagar,11.9261,76.94,25.56,51.46,2.37,5.6938
20200225,Chamarajanagar,11.9261,76.94,26.03,48.69,1.65,6.7404
20200226,Chamarajanagar,11.9261,76.94,26.64,49.2,2.18,6.3799
20200227,Chamarajanagar,11.9261,76.94,26.52,49.73,2.0,5.4538
20200228,Chamarajanagar,11.9261,76.94,26.51,53.86,2.42,5.5037
20200229,Chamarajanagar,11.9261,76.94,26.99,49.26,2.01,5.3299
20200301,Chamarajanagar,11.9261,76.94,27.06,52.57,1.95,5.4574
20200302,Chamarajanagar,11.9261,76.94,22.85,70.07,1.71,4.1381
20200303,Chamarajanagar,11.9261,76.94,26.18,57.99,1.47,5.0878
20200304,Chamarajanagar,11.9261,76.94,26.61,58.95,0.99,4.9762
20200305,Chamarajanagar,11.9261,76.94,27.19,56.3,1.68,5.1962
20200306,Chamarajanagar,11.9261,76.94,27.37,55.54,1.85,5.4653
20200307,Chamarajanagar,11.9261,76.94,27.67,52.9,1.72,5.1854
20200308,Chamarajanagar,11.9261,76.94,28.07,51.38,1.03,5.7247
20200309,Chamarajanagar,11.9261,76.94,28.6,50.88,1.22,5.5469
20200310,Chamarajanagar,11.9261,76.94,28.87,41.93,1.87,6.2498
20200311,Chamarajanagar,11.9261,76.94,28.33,44.22,1.72,6.4754
20200312,Chamarajanagar,11.9261,76.94,27.9,43.26,1.71,6.6732
20200313,Chamarajanagar,11.9261,76.94,27.13,35.43,2.01,7.14
20200314,Chamarajanagar,11.9261,76.94,27.46,40.7,2.06,7.237
20200315,Chamarajanagar,11.9261,76.94,28.15,43.88,2.05,7.0097
20200316,Chamarajanagar,11.9261,76.94,28.07,44.65,2.35,6.7104
20200317,Chamarajanagar,11.9261,76.94,27.52,45.01,2.68,7.171
20200318,Chamarajanagar,11.9261,76.94,27.14,41.25,2.16,7.5024
20200319,Chamarajanagar,11.9261,76.94,28.58,36.95,1.29,7.1239
20200320,Chamarajanagar,11.9261,76.94,27.95,47.16,1.07,5.6376
20200321,Chamarajanagar,11.9261,76.94,28.42,49.13,1.17,6.7025
20200322,Chamarajanagar,11.9261,76.94,28.34,50.64,1.37,6.0622
20200323,Chamarajanagar,11.9261,76.94,28.41,48.53,1.37,5.129
20200324,Chamarajanagar,11.9261,76.94,28.99,40.63,1.88,6.1404
20200325,Chamarajanagar,11.9261,76.94,28.43,44.55,2.11,5.0904
20200326,Chamarajanagar,11.9261,76.94,28.35,41.86,2.45,6.553
20200327,Chamarajanagar,11.9261,76.94,27.81,43.32,2.06,6.4001
20200328,Chamarajanagar,11.9261,76.94,28.01,35.37,1.79,7.3584
20200329,Chamarajanagar,11.9261,76.94,27.94,32.56,1.86,7.3351
20200330,Chamarajanagar,11.9261,76.94,28.11,30.74,2.02,7.3334
20200331,Chamarajanagar,11.9261,76.94,28.3,30.47,2.04,7.3927
20200401,Chamarajanagar,11.9261,76.94,28.31,35.17,2.15,7.7081
20200402,Chamarajanagar,11.9261,76.94,29.56,35.5,2.11,7.1674
20200403,Chamarajanagar,11.9261,76.94,29.5,35.13,2.24,7.1587
20200404,Chamarajanagar,11.9261,76.94,29.11,35.78,1.78,7.5178
20200405,Chamarajanagar,11.9261,76.94,30.07,44.97,1.96,6.4937
20200406,Chamarajanagar,11.9261,76.94,28.37,57.41,0.61,5.4806
20200407,Chamarajanagar,11.9261,76.94,24.27,68.87,1.79,3.5827
20200408,Chamarajanagar,11.9261,76.94,27.53,54.19,0.9,5.5896
20200409,Chamarajanagar,11.9261,76.94,27.39,62.27,1.43,6.109
20200410,Chamarajanagar,11.9261,76.94,26.73,59.57,1.97,6.3802
20200411,Chamarajanagar,11.9261,76.94,26.76,54.45,2.15,6.8508
20200412,Chamarajanagar,11.9261,76.94,26.84,49.02,1.93,6.8688
20200413,Chamarajanagar,11.9261,76.94,27.61,43.71,2.07,7.3762
20200414,Chamarajanagar,11.9261,76.94,27.99,37.53,2.35,7.3306
20200415,Chamarajanagar,11.9261,76.94,28.11,40.9,1.78,7.3728
20200416,Chamarajanagar,11.9261,76.94,29.27,41.55,1.8,6.8842
20200417,Chamarajanagar,11.9261,76.94,30.14,40.55,1.94,6.7874
20200418,Chamarajanagar,11.9261,76.94,30.47,42.55,2.2,6.1298
20200419,Chamarajanagar,11.9261,76.94,30.31,43.19,2.45,6.3982
20200420,Chamarajanagar,11.9261,76.94,29.88,44.02,2.53,7.1976
20200421,Chamarajanagar,11.9261,76.94,30.1,39.91,1.6,6.7459
20200422,Chamarajanagar,11.9261,76.94,30.41,45.5,1.43,5.6803
20200423,Chamarajanagar,11.9261,76.94,29.15,56.85,1.05,6.2964
20200424,Chamarajanagar,11.9261,76.94,27.37,64.85,1.5,4.7306
20200425,Chamarajanagar,11.9261,76.94,27.37,62.99,1.59,5.803
20200426,Chamarajanagar,11.9261,76.94,26.92,61.14,2.26,4.2382
20200427,Chamarajanagar,11.9261,76.94,27.5,62.97,0.9,5.5289
20200428,Chamarajanagar,11.9261,76.94,27.35,67.86,1.3,5.4444
20200429,Chamarajanagar,11.9261,76.94,24.12,80.6,1.35,4.716
20200430,Chamarajanagar,11.9261,76.94,26.99,62.35,1.14,5.9105
20200501,Chamarajanagar,11.9261,76.94,27.22,65.18,1.23,6.3588
20200502,Chamarajanagar,11.9261,76.94,28.17,62.93,1.0,5.2486
20200503,Chamarajanagar,11.9261,76.94,29.17,57.5,1.35,5.9779
20200504,Chamarajanagar,11.9261,76.94,29.41,53.67,1.55,6.3888
20200505,Chamarajanagar,11.9261,76.94,29.38,54.98,1.23,6.4862
20200506,Chamarajanagar,11.9261,76.94,28.4,63.2,1.19,5.9916
20200507,Chamarajanagar,11.9261,76.94,27.94,66.55,0.88,5.6786
20200508,Chamarajanagar,11.9261,76.94,27.59,66.57,0.74,5.2906
20200509,Chamarajanagar,11.9261,76.94,29.85,55.05,1.65,6.6161
20200510,Chamarajanagar,11.9261,76.94,29.13,53.99,1.5,6.1795
20200511,Chamarajanagar,11.9261,76.94,28.91,53.75,1.98,4.9649
20200512,Chamarajanagar,11.9261,76.94,27.5,58.21,1.22,5.825
20200513,Chamarajanagar,11.9261,76.94,29.46,43.7,1.2,5.401
20200514,Chamarajanagar,11.9261,76.94,28.22,59.42,1.17,5.7833
20200515,Chamarajanagar,11.9261,76.94,29.32,55.2,1.27,5.1958
20200516,Chamarajanagar,11.9261,76.94,28.85,57.56,1.98,4.7266
20200517,Chamarajanagar,11.9261,76.94,27.26,68.1,2.66,5.2066
20200518,Chamarajanagar,11.9261,76.94,25.23,73.36,4.23,3.173
20200519,Chamarajanagar,11.9261,76.94,26.1,71.58,4.19,5.0472
20200520,Chamarajanagar,11.9261,76.94,27.56,64.35,3.51,5.8418
20200521,Chamarajanagar,11.9261,76.94,26.72,61.15,3.21,5.495
20200522,Chamarajanagar,11.9261,76.94,28.29,58.19,2.68,5.0945
20200523,Chamarajanagar,11.9261,76.94,29.64,57.1,2.28,5.0182
20200524,Chamarajanagar,11.9261,76.94,28.92,62.57,2.55,6.3571
20200525,Chamarajanagar,11.9261,76.94,26.7,75.73,2.32,6.4675
20200526,Chamarajanagar,11.9261,76.94,26.38,75.89,1.99,6.3041
20200527,Chamarajanagar,11.9261,76.94,26.63,77.63,2.32,5.0047
20200528,Chamarajanagar,11.9261,76.94,26.61,73.19,2.2,6.3247
20200529,Chamarajanagar,11.9261,76.94,24.99,76.52,2.1,5.1002
20200530,Chamarajanagar,11.9261,76.94,25.86,73.68,1.37,5.1461
20200531,Chamarajanagar,11.9261,76.94,25.9,76.04,2.31,5.1905
20200601,Chamarajanagar,11.9261,76.94,25.24,78.89,2.43,4.5979
20200602,Chamarajanagar,11.9261,76.94,24.7,76.73,2.88,3.7843
20200603,Chamarajanagar,11.9261,76.94,24.51,79.03,2.84,4.081
20200604,Chamarajanagar,11.9261,76.94,24.1,80.81,3.16,4.8943
20200605,Chamarajanagar,11.9261,76.94,24.69,77.64,2.66,4.3214
20200606,Chamarajanagar,11.9261,76.94,24.54,75.81,3.17,4.1474
20200607,Chamarajanagar,11.9261,76.94,24.94,74.74,3.11,5.1492
20200608,Chamarajanagar,11.9261,76.94,25.16,67.72,3.26,5.8001
20200609,Chamarajanagar,11.9261,76.94,25.21,67.26,3.16,5.5042
20200610,Chamarajanagar,11.9261,76.94,24.63,72.84,3.84,4.7633
20200611,Chamarajanagar,11.9261,76.94,23.85,74.4,4.04,4.0778
20200612,Chamarajanagar,11.9261,76.94,23.53,73.7,5.01,4.3414
20200613,Chamarajanagar,11.9261,76.94,24.14,71.17,4.42,4.5646
20200614,Chamarajanagar,11.9261,76.94,23.85,74.46,4.68,3.9413
20200615,Chamarajanagar,11.9261,76.94,25.13,73.95,4.06,4.7364
20200616,Chamarajanagar,11.9261,76.94,24.65,77.97,3.68,4.7417
20200617,Chamarajanagar,11.9261,76.94,24.13,80.39,3.31,3.762
20200618,Chamarajanagar,11.9261,76.94,23.75,77.98,3.36,4.2799
20200619,Chamarajanagar,11.9261,76.94,24.56,75.31,3.1,4.6908
20200620,Chamarajanagar,11.9261,76.94,24.04,72.97,3.26,5.5409
20200621,Chamarajanagar,11.9261,76.94,24.42,74.82,3.36,4.3169
20200622,Chamarajanagar,11.9261,76.94,23.97,73.1,3.79,4.8607
20200623,Chamarajanagar,11.9261,76.94,23.32,73.13,2.9,4.583
20200624,Chamarajanagar,11.9261,76.94,24.41,72.12,2.65,5.3021
20200625,Chamarajanagar,11.9261,76.94,22.73,83.75,1.15,5.0275
20200626,Chamarajanagar,11.9261,76.94,24.32,77.63,1.81,4.4326
20200627,Chamarajanagar,11.9261,76.94,24.66,78.08,2.36,4.4839
20200628,Chamarajanagar,11.9261,76.94,24.26,84.2,2.6,4.0294
20200629,Chamarajanagar,11.9261,76.94,23.85,85.82,2.46,4.3054
20200630,Chamarajanagar,11.9261,76.94,24.3,79.28,3.07,5.3736
20200701,Chamarajanagar,11.9261,76.94,24.0,75.23,3.5,4.0877
20200702,Chamarajanagar,11.9261,76.94,22.5,82.12,3.46,3.0338
20200703,Chamarajanagar,11.9261,76.94,22.63,83.66,3.88,3.5287
20200704,Chamarajanagar,11.9261,76.94,22.93,79.79,4.41,3.7284
20200705,Chamarajanagar,11.9261,76.94,22.44,79.58,3.82,3.151
20200706,Chamarajanagar,11.9261,76.94,22.86,80.49,3.46,4.0622
20200707,Chamarajanagar,11.9261,76.94,23.06,82.2,3.15,3.5904
20200708,Chamarajanagar,11.9261,76.94,23.33,84.84,2.38,4.0138
20200709,Chamarajanagar,11.9261,76.94,22.4,85.14,2.26,4.5276
20200710,Chamarajanagar,11.9261,76.94,23.33,80.15,2.1,4.6634
20200711,Chamarajanagar,11.9261,76.94,23.48,80.59,2.19,4.9387
20200712,Chamarajanagar,11.9261,76.94,23.78,79.65,3.01,5.4998
20200713,Chamarajanagar,11.9261,76.94,23.32,80.71,2.18,3.961
20200714,Chamarajanagar,11.9261,76.94,23.32,83.76,2.51,5.2342
20200715,Chamarajanagar,11.9261,76.94,23.0,84.37,3.12,3.6264
20200716,Chamarajanagar,11.9261,76.94,23.27,81.91,3.35,3.0576
20200717,Chamarajanagar,11.9261,76.94,22.51,83.53,2.85,2.0978
20200718,Chamarajanagar,11.9261,76.94,23.57,82.0,2.19,3.7752
20200719,Chamarajanagar,11.9261,76.94,23.37,81.85,1.18,4.9454
20200720,Chamarajanagar,11.9261,76.94,23.82,85.94,2.03,4.2958
20200721,Chamarajanagar,11.9261,76.94,23.94,79.19,1.03,6.073
20200722,Chamarajanagar,11.9261,76.94,24.41,81.69,1.23,5.2469
20200723,Chamarajanagar,11.9261,76.94,23.82,85.32,1.05,4.7666
20200724,Chamarajanagar,11.9261,76.94,23.47,82.73,2.02,4.1237
20200725,Chamarajanagar,11.9261,76.94,22.14,85.83,1.99,4.9274
20200726,Chamarajanagar,11.9261,76.94,22.47,83.39,2.29,5.1787
20200727,Chamarajanagar,11.9261,76.94,23.4,80.58,2.56,5.3765
20200728,Chamarajanagar,11.9261,76.94,23.79,82.25,2.52,4.9901
20200729,Chamarajanagar,11.9261,76.94,22.64,87.17,2.24,3.2309
20200730,Chamarajanagar,11.9261,76.94,22.98,86.12,2.94,4.6349
20200731,Chamarajanagar,11.9261,76.94,23.57,85.21,2.22,3.4286
20200801,Chamarajanagar,11.9261,76.94,22.87,83.45,3.06,3.8386
20200802,Chamarajanagar,11.9261,76.94,22.37,84.32,4.59,3.7574
20200803,Chamarajanagar,11.9261,76.94,22.94,84.89,4.49,3.2057
20200804,Chamarajanagar,11.9261,76.94,22.54,82.17,5.6,2.9724
20200805,Chamarajanagar,11.9261,76.94,22.53,83.16,6.25,3.4658
20200806,Chamarajanagar,11.9261,76.94,24.07,82.08,5.34,3.0547
20200807,Chamarajanagar,11.9261,76.94,23.33,84.28,4.79,2.8663
20200808,Chamarajanagar,11.9261,76.94,22.67,84.77,4.03,3.0797
20200809,Chamarajanagar,11.9261,76.94,21.91,86.21,3.73,3.1742
20200810,Chamarajanagar,11.9261,76.94,22.16,88.33,3.12,4.2991
20200811,Chamarajanagar,11.9261,76.94,22.86,85.79,3.09,3.9322
20200812,Chamarajanagar,11.9261,76.94,23.14,84.6,3.39,4.4311
20200813,Chamarajanagar,11.9261,76.94,23.11,83.87,3.14,4.5838
20200814,Chamarajanagar,11.9261,76.94,22.92,82.87,3.35,4.193
20200815,Chamarajanagar,11.9261,76.94,22.68,84.07,3.43,4.5684
20200816,Chamarajanagar,11.9261,76.94,23.13,83.05,3.48,3.7543
20200817,Chamarajanagar,11.9261,76.94,23.33,82.36,3.23,3.7848
20200818,Chamarajanagar,11.9261,76.94,23.73,81.13,3.14,3.9454
20200819,Chamarajanagar,11.9261,76.94,23.11,83.54,2.86,4.601
20200820,Chamarajanagar,11.9261,76.94,22.99,83.86,2.95,4.0481
20200821,Chamarajanagar,11.9261,76.94,23.84,81.21,2.6,4.6159
20200822,Chamarajanagar,11.9261,76.94,23.85,82.1,2.44,4.949
20200823,Chamarajanagar,11.9261,76.94,23.59,82.69,2.23,4.8602
20200824,Chamarajanagar,11.9261,76.94,23.93,80.85,1.63,5.0909
20200825,Chamarajanagar,11.9261,76.94,24.11,80.05,1.59,6.4747
20200826,Chamarajanagar,11.9261,76.94,23.72,81.85,1.34,5.2891
20200827,Chamarajanagar,11.9261,76.94,23.81,79.11,1.88,6.1176
20200828,Chamarajanagar,11.9261,76.94,24.38,75.0,2.24,6.8155
20200829,Chamarajanagar,11.9261,76.94,24.4,75.9,2.51,6.1826
20200830,Chamarajanagar,11.9261,76.94,24.51,79.95,1.89,5.7986
20200831,Chamarajanagar,11.9261,76.94,23.73,83.74,1.31,4.8998
20200901,Chamarajanagar,11.9261,76.94,22.62,87.82,2.03,5.3234
20200902,Chamarajanagar,11.9261,76.94,22.0,90.95,2.39,4.0363
20200903,Chamarajanagar,11.9261,76.94,23.23,86.92,1.47,4.9726
20200904,Chamarajanagar,11.9261,76.94,24.02,83.69,1.12,4.7424
20200905,Chamarajanagar,11.9261,76.94,24.11,82.79,1.14,4.7136
20200906,Chamarajanagar,11.9261,76.94,23.97,85.06,1.68,4.1779
20200907,Chamarajanagar,11.9261,76.94,22.36,88.08,2.45,4.0214
20200908,Chamarajanagar,11.9261,76.94,23.78,82.65,1.29,4.5835
20200909,Chamarajanagar,11.9261,76.94,23.6,83.96,2.24,3.5465
20200910,Chamarajanagar,11.9261,76.94,22.47,87.49,1.79,3.7049
20200911,Chamarajanagar,11.9261,76.94,22.42,83.92,3.84,2.7168
20200912,Chamarajanagar,11.9261,76.94,21.36,87.24,3.02,2.9858
20200913,Chamarajanagar,11.9261,76.94,20.65,86.23,2.84,2.4905
20200914,Chamarajanagar,11.9261,76.94,21.67,81.87,3.59,4.0997
20200915,Chamarajanagar,11.9261,76.94,22.55,84.73,3.13,4.3817
20200916,Chamarajanagar,11.9261,76.94,22.71,85.2,2.82,4.4556
20200917,Chamarajanagar,11.9261,76.94,23.25,84.2,2.84,4.3872
20200918,Chamarajanagar,11.9261,76.94,22.88,82.41,3.87,4.187
20200919,Chamarajanagar,11.9261,76.94,22.31,82.73,4.55,2.5814
20200920,Chamarajanagar,11.9261,76.94,21.76,83.92,5.19,2.6731
20200921,Chamarajanagar,11.9261,76.94,21.84,83.57,4.53,3.4147
20200922,Chamarajanagar,11.9261,76.94,21.11,80.35,4.2,4.279
20200923,Chamarajanagar,11.9261,76.94,22.38,80.35,3.2,4.9243
20200924,Chamarajanagar,11.9261,76.94,22.84,82.31,2.15,4.4018
20200925,Chamarajanagar,11.9261,76.94,22.44,84.87,1.36,4.3992
20200926,Chamarajanagar,11.9261,76.94,21.11,86.51,2.01,3.8011
20200927,Chamarajanagar,11.9261,76.94,22.75,82.04,1.66,5.083
20200928,Chamarajanagar,11.9261,76.94,23.87,79.07,1.74,5.7586
20200929,Chamarajanagar,11.9261,76.94,23.04,86.55,2.6,4.6147
20200930,Chamarajanagar,11.9261,76.94,22.51,84.91,2.41,4.607
20201001,Chamarajanagar,11.9261,76.94,22.71,81.14,2.17,5.515
20201002,Chamarajanagar,11.9261,76.94,23.08,81.41,1.79,5.8001
20201003,Chamarajanagar,11.9261,76.94,21.77,87.83,2.2,5.377
20201004,Chamarajanagar,11.9261,76.94,22.58,83.48,2.07,5.1475
20201005,Chamarajanagar,11.9261,76.94,23.0,80.17,1.9,5.7274
20201006,Chamarajanagar,11.9261,76.94,24.13,80.86,1.24,5.5726
20201007,Chamarajanagar,11.9261,76.94,24.06,85.7,1.54,4.9709
20201008,Chamarajanagar,11.9261,76.94,23.82,85.27,1.05,4.3682
20201009,Chamarajanagar,11.9261,76.94,22.6,89.49,1.37,4.7738
20201010,Chamarajanagar,11.9261,76.94,21.57,90.84,1.83,3.6533
20201011,Chamarajanagar,11.9261,76.94,21.18,87.98,2.59,3.611
20201012,Chamarajanagar,11.9261,76.94,21.42,88.57,3.05,2.8711
20201013,Chamarajanagar,11.9261,76.94,22.06,87.92,3.18,3.7958
20201014,Chamarajanagar,11.9261,76.94,21.58,84.42,3.71,5.1758
20201015,Chamarajanagar,11.9261,76.94,22.05,84.97,2.81,4.6337
20201016,Chamarajanagar,11.9261,76.94,22.02,87.22,1.69,4.8905
20201017,Chamarajanagar,11.9261,76.94,22.4,84.84,1.14,5.1804
20201018,Chamarajanagar,11.9261,76.94,22.86,84.81,1.25,4.95
20201019,Chamarajanagar,11.9261,76.94,22.66,86.43,1.07,4.8982
20201020,Chamarajanagar,11.9261,76.94,22.2,91.68,1.48,3.5863
20201021,Chamarajanagar,11.9261,76.94,22.63,89.06,2.04,3.7214
20201022,Chamarajanagar,11.9261,76.94,22.9,87.87,1.62,3.7514
20201023,Chamarajanagar,11.9261,76.94,22.83,87.56,1.76,3.6084
20201024,Chamarajanagar,11.9261,76.94,21.95,82.24,1.49,5.3436
20201025,Chamarajanagar,11.9261,76.94,22.53,75.03,0.59,4.9387
20201026,Chamarajanagar,11.9261,76.94,23.14,82.52,0.98,5.3933
20201027,Chamarajanagar,11.9261,76.94,23.04,80.29,1.09,5.2159
20201028,Chamarajanagar,11.9261,76.94,22.58,80.5,1.34,5.7485
20201029,Chamarajanagar,11.9261,76.94,22.35,81.7,1.24,5.5195
20201030,Chamarajanagar,11.9261,76.94,22.52,81.89,1.06,5.419
20201031,Chamarajanagar,11.9261,76.94,23.13,78.58,1.0,5.1262
20201101,Chamarajanagar,11.9261,76.94,23.79,75.0,0.56,4.5725
20201102,Chamarajanagar,11.9261,76.94,23.28,83.29,0.98,3.9173
20201103,Chamarajanagar,11.9261,76.94,23.42,83.71,1.28,3.1462
20201104,Chamarajanagar,11.9261,76.94,23.61,83.24,1.07,4.145
20201105,Chamarajanagar,11.9261,76.94,23.48,83.28,1.27,3.9365
20201106,Chamarajanagar,11.9261,76.94,22.63,83.45,1.68,5.0417
20201107,Chamarajanagar,11.9261,76.94,22.94,83.99,1.59,5.489
20201108,Chamarajanagar,11.9261,76.94,22.95,86.66,1.85,3.7654
20201109,Chamarajanagar,11.9261,76.94,22.49,81.63,1.56,5.1348
20201110,Chamarajanagar,11.9261,76.94,20.62,75.28,1.63,5.9491
20201111,Chamarajanagar,11.9261,76.94,20.67,82.87,1.7,6.0055
20201112,Chamarajanagar,11.9261,76.94,22.01,91.23,1.83,4.5005
20201113,Chamarajanagar,11.9261,76.94,22.23,88.23,1.88,3.7231
20201114,Chamarajanagar,11.9261,76.94,22.53,85.83,2.16,4.7856
20201115,Chamarajanagar,11.9261,76.94,22.67,88.44,2.33,3.7723
20201116,Chamarajanagar,11.9261,76.94,22.1,90.53,1.97,3.4056
20201117,Chamarajanagar,11.9261,76.94,21.94,88.71,2.27,3.876
20201118,Chamarajanagar,11.9261,76.94,21.83,87.93,1.84,4.0111
20201119,Chamarajanagar,11.9261,76.94,22.09,85.19,1.88,4.9932
20201120,Chamarajanagar,11.9261,76.94,21.77,84.42,1.76,5.1818
20201121,Chamarajanagar,11.9261,76.94,20.54,76.79,1.31,6.1322
20201122,Chamarajanagar,11.9261,76.94,19.32,70.71,1.39,6.029
20201123,Chamarajanagar,11.9261,76.94,20.11,72.81,1.39,5.1984
20201124,Chamarajanagar,11.9261,76.94,21.12,80.9,1.58,4.2406
20201125,Chamarajanagar,11.9261,76.94,21.79,86.65,2.05,4.1911
20201126,Chamarajanagar,11.9261,76.94,20.45,90.55,3.23,3.0038
20201127,Chamarajanagar,11.9261,76.94,19.82,90.34,1.84,5.0935
20201128,Chamarajanagar,11.9261,76.94,20.16,88.99,1.49,4.2864
20201129,Chamarajanagar,11.9261,76.94,21.54,86.28,1.77,4.171
20201130,Chamarajanagar,11.9261,76.94,21.29,84.94,1.92,4.2967
20201201,Chamarajanagar,11.9261,76.94,20.31,78.39,1.81,5.8121
20201202,Chamarajanagar,11.9261,76.94,21.08,80.64,1.86,4.8139
20201203,Chamarajanagar,11.9261,76.94,20.57,90.69,2.25,2.0801
20201204,Chamarajanagar,11.9261,76.94,20.56,92.49,2.47,2.1396
20201205,Chamarajanagar,11.9261,76.94,21.34,86.82,2.01,3.1193
20201206,Chamarajanagar,11.9261,76.94,21.75,87.26,2.15,3.2791
20201207,Chamarajanagar,11.9261,76.94,21.84,88.73,2.33,2.9578
20201208,Chamarajanagar,11.9261,76.94,21.97,88.08,2.35,3.9041
20201209,Chamarajanagar,11.9261,76.94,22.0,84.44,1.8,5.0926
20201210,Chamarajanagar,11.9261,76.94,21.04,80.03,1.5,4.4844
20201211,Chamarajanagar,11.9261,76.94,20.16,77.12,1.23,5.5987
20201212,Chamarajanagar,11.9261,76.94,19.8,76.27,1.23,5.1823
20201213,Chamarajanagar,11.9261,76.94,19.82,76.75,1.2,4.9229
20201214,Chamarajanagar,11.9261,76.94,19.61,76.86,1.41,5.268
20201215,Chamarajanagar,11.9261,76.94,19.7,76.93,1.71,5.4857
20201216,Chamarajanagar,11.9261,76.94,21.26,82.05,1.75,4.3224
20201217,Chamarajanagar,11.9261,76.94,21.54,84.82,2.05,3.0228
20201218,Chamarajanagar,11.9261,76.94,20.83,79.58,1.99,4.7489
20201219,Chamarajanagar,11.9261,76.94,20.8,80.36,2.21,4.116
20201220,Chamarajanagar,11.9261,76.94,20.58,77.09,2.25,4.9946
20201221,Chamarajanagar,11.9261,76.94,19.01,76.23,2.04,5.729
20201222,Chamarajanagar,11.9261,76.94,20.25,74.96,1.56,5.1259
20201223,Chamarajanagar,11.9261,76.94,21.45,76.18,1.28,3.8136
20201224,Chamarajanagar,11.9261,76.94,22.18,76.66,1.47,4.4057
20201225,Chamarajanagar,11.9261,76.94,21.91,75.31,1.66,4.5773
20201226,Chamarajanagar,11.9261,76.94,20.69,74.11,1.65,5.4482
20201227,Chamarajanagar,11.9261,76.94,20.19,69.62,1.45,5.9028
20201228,Chamarajanagar,11.9261,76.94,20.69,69.22,1.17,4.1033
20201229,Chamarajanagar,11.9261,76.94,21.54,72.1,1.63,5.1324
20201230,Chamarajanagar,11.9261,76.94,22.52,80.41,2.1,4.398
20201231,Chamarajanagar,11.9261,76.94,22.15,83.28,2.64,2.2109
20210101,Chamarajanagar,11.9261,76.94,20.58,75.1,2.18,5.0134
20210102,Chamarajanagar,11.9261,76.94,21.1,78.43,2.22,5.5944
20210103,Chamarajanagar,11.9261,76.94,21.95,81.89,2.1,3.3134
20210104,Chamarajanagar,11.9261,76.94,22.06,80.91,2.32,2.3916
20210105,Chamarajanagar,11.9261,76.94,21.89,83.13,1.87,4.3378
20210106,Chamarajanagar,11.9261,76.94,21.79,85.05,1.4,3.5868
20210107,Chamarajanagar,11.9261,76.94,21.67,88.96,1.6,3.4154
20210108,Chamarajanagar,11.9261,76.94,22.54,86.64,1.54,2.9335
20210109,Chamarajanagar,11.9261,76.94,22.65,84.91,2.05,3.1992
20210110,Chamarajanagar,11.9261,76.94,22.26,82.68,1.64,3.8779
20210111,Chamarajanagar,11.9261,76.94,21.93,81.89,1.9,2.8147
20210112,Chamarajanagar,11.9261,76.94,20.77,85.51,2.31,3.0005
20210113,Chamarajanagar,11.9261,76.94,20.65,84.1,2.33,3.0694
20210114,Chamarajanagar,11.9261,76.94,21.32,82.61,2.32,2.7305
20210115,Chamarajanagar,11.9261,76.94,21.57,80.95,2.0,3.6091
20210116,Chamarajanagar,11.9261,76.94,22.17,77.87,1.91,4.1549
20210117,Chamarajanagar,11.9261,76.94,22.15,74.05,1.63,5.0268
20210118,Chamarajanagar,11.9261,76.94,21.23,70.49,1.83,6.0269
20210119,Chamarajanagar,11.9261,76.94,20.92,71.82,1.56,5.5831
20210120,Chamarajanagar,11.9261,76.94,22.17,69.63,0.99,5.8102
20210121,Chamarajanagar,11.9261,76.94,23.45,74.38,0.97,5.2994
20210122,Chamarajanagar,11.9261,76.94,23.35,75.09,1.3,4.931
20210123,Chamarajanagar,11.9261,76.94,22.93,74.38,1.31,4.5338
20210124,Chamarajanagar,11.9261,76.94,22.21,70.65,1.3,5.6338
20210125,Chamarajanagar,11.9261,76.94,20.98,69.32,1.73,6.1764
20210126,Chamarajanagar,11.9261,76.94,21.04,65.15,1.66,6.4822
20210127,Chamarajanagar,11.9261,76.94,20.15,63.27,1.56,5.9501
20210128,Chamarajanagar,11.9261,76.94,20.59,67.59,1.81,6.1841
20210129,Chamarajanagar,11.9261,76.94,21.92,69.7,1.78,5.5615
20210130,Chamarajanagar,11.9261,76.94,23.08,65.97,1.61,4.5154
20210131,Chamarajanagar,11.9261,76.94,22.32,65.23,1.93,5.6117
20210201,Chamarajanagar,11.9261,76.94,21.59,60.51,1.86,6.2237
20210202,Chamarajanagar,11.9261,76.94,21.74,63.25,1.91,6.2614
20210203,Chamarajanagar,11.9261,76.94,22.3,67.85,2.12,5.4955
20210204,Chamarajanagar,11.9261,76.94,22.57,62.47,1.85,6.0559
20210205,Chamarajanagar,11.9261,76.94,22.58,60.03,1.34,6.1325
20210206,Chamarajanagar,11.9261,76.94,21.73,59.13,1.85,6.179
20210207,Chamarajanagar,11.9261,76.94,21.61,50.93,1.75,6.6802
20210208,Chamarajanagar,11.9261,76.94,21.24,53.6,1.91,6.708
20210209,Chamarajanagar,11.9261,76.94,21.27,57.11,1.93,6.7142
20210210,Chamarajanagar,11.9261,76.94,20.83,51.73,1.65,6.8388
20210211,Chamarajanagar,11.9261,76.94,21.11,51.55,1.66,6.8174
20210212,Chamarajanagar,11.9261,76.94,21.33,53.98,1.56,6.9086
20210213,Chamarajanagar,11.9261,76.94,21.76,53.87,1.46,6.9377
20210214,Chamarajanagar,11.9261,76.94,22.65,51.22,0.93,6.5172
20210215,Chamarajanagar,11.9261,76.94,23.88,52.23,0.77,6.1522
20210216,Chamarajanagar,11.9261,76.94,24.56,57.22,1.18,4.9776
20210217,Chamarajanagar,11.9261,76.94,24.93,56.2,1.44,5.0578
20210218,Chamarajanagar,11.9261,76.94,23.99,59.16,2.4,4.7858
20210219,Chamarajanagar,11.9261,76.94,23.91,55.76,1.77,4.8682
20210220,Chamarajanagar,11.9261,76.94,22.69,72.59,2.1,4.8362
20210221,Chamarajanagar,11.9261,76.94,21.57,80.89,2.81,4.6699
20210222,Chamarajanagar,11.9261,76.94,22.98,69.48,1.66,5.4854
20210223,Chamarajanagar,11.9261,76.94,24.11,65.29,1.58,6.2849
20210224,Chamarajanagar,11.9261,76.94,24.23,58.74,1.35,6.011
20210225,Chamarajanagar,11.9261,76.94,25.25,53.33,1.09,6.2508
20210226,Chamarajanagar,11.9261,76.94,26.07,50.22,1.18,5.999
20210227,Chamarajanagar,11.9261,76.94,26.02,48.91,1.31,6.2167
20210228,Chamarajanagar,11.9261,76.94,24.77,45.74,2.01,6.7704
20210301,Chamarajanagar,11.9261,76.94,24.38,47.4,1.78,6.7745
20210302,Chamarajanagar,11.9261,76.94,24.65,48.53,2.12,6.5294
20210303,Chamarajanagar,11.9261,76.94,24.37,46.3,2.45,7.073
20210304,Chamarajanagar,11.9261,76.94,23.15,51.35,2.38,7.3589
20210305,Chamarajanagar,11.9261,76.94,24.03,45.07,1.55,7.4664
20210306,Chamarajanagar,11.9261,76.94,25.54,45.15,1.25,7.2115
20210307,Chamarajanagar,11.9261,76.94,25.46,45.81,1.58,7.2343
20210308,Chamarajanagar,11.9261,76.94,25.34,47.74,1.74,7.3013
20210309,Chamarajanagar,11.9261,76.94,25.5,49.99,1.95,7.182
20210310,Chamarajanagar,11.9261,76.94,26.19,53.83,1.93,6.7534
20210311,Chamarajanagar,11.9261,76.94,24.97,65.65,2.09,5.7511
20210312,Chamarajanagar,11.9261,76.94,24.6,59.0,1.91,6.8964
20210313,Chamarajanagar,11.9261,76.94,24.48,50.82,1.88,7.2298
20210314,Chamarajanagar,11.9261,76.94,25.14,52.58,1.96,7.4011
20210315,Chamarajanagar,11.9261,76.94,25.65,48.18,1.7,5.9633
20210316,Chamarajanagar,11.9261,76.94,26.38,46.91,1.54,6.8261
20210317,Chamarajanagar,11.9261,76.94,26.29,41.76,1.95,6.804
20210318,Chamarajanagar,11.9261,76.94,25.77,45.35,2.07,6.5446
20210319,Chamarajanagar,11.9261,76.94,24.79,41.24,1.98,6.8938
20210320,Chamarajanagar,11.9261,76.94,25.34,40.4,1.64,5.9436
20210321,Chamarajanagar,11.9261,76.94,26.43,41.85,1.96,6.4894
20210322,Chamarajanagar,11.9261,76.94,26.89,38.11,1.81,6.2832
20210323,Chamarajanagar,11.9261,76.94,27.25,42.33,2.09,6.9984
20210324,Chamarajanagar,11.9261,76.94,27.66,43.38,1.96,6.6809
20210325,Chamarajanagar,11.9261,76.94,27.2,44.97,1.79,5.7622
20210326,Chamarajanagar,11.9261,76.94,27.92,43.42,2.33,6.7728
20210327,Chamarajanagar,11.9261,76.94,27.18,49.61,2.03,6.5078
20210328,Chamarajanagar,11.9261,76.94,27.44,45.24,1.55,4.8132
20210329,Chamarajanagar,11.9261,76.94,28.09,46.71,1.68,5.6249
20210330,Chamarajanagar,11.9261,76.94,29.18,49.34,1.61,6.2957
20210331,Chamarajanagar,11.9261,76.94,30.68,43.9,1.77,6.0377
20210401,Chamarajanagar,11.9261,76.94,29.81,42.54,2.75,6.9386
20210402,Chamarajanagar,11.9261,76.94,28.44,45.33,1.97,7.5331
20210403,Chamarajanagar,11.9261,76.94,28.99,47.85,1.88,6.168
20210404,Chamarajanagar,11.9261,76.94,30.08,40.65,2.48,6.463
20210405,Chamarajanagar,11.9261,76.94,30.57,40.01,1.56,6.4442
20210406,Chamarajanagar,11.9261,76.94,29.68,41.58,2.57,6.2232
20210407,Chamarajanagar,11.9261,76.94,29.57,35.29,2.11,6.6274
20210408,Chamarajanagar,11.9261,76.94,28.77,31.86,1.92,5.328
20210409,Chamarajanagar,11.9261,76.94,28.62,34.67,2.1,5.8778
20210410,Chamarajanagar,11.9261,76.94,28.62,41.55,2.29,6.3874
20210411,Chamarajanagar,11.9261,76.94,29.15,45.64,2.19,5.2454
20210412,Chamarajanagar,11.9261,76.94,27.99,54.01,2.03,5.1929
20210413,Chamarajanagar,11.9261,76.94,27.09,58.15,1.9,5.657
20210414,Chamarajanagar,11.9261,76.94,26.76,62.12,1.1,4.6819
20210415,Chamarajanagar,11.9261,76.94,25.0,76.32,1.08,4.6262
20210416,Chamarajanagar,11.9261,76.94,25.97,68.52,1.13,5.9119
20210417,Chamarajanagar,11.9261,76.94,26.33,67.64,0.75,5.5884
20210418,Chamarajanagar,11.9261,76.94,26.75,64.75,1.04,4.8322
20210419,Chamarajanagar,11.9261,76.94,26.3,67.74,1.0,5.8224
20210420,Chamarajanagar,11.9261,76.94,26.2,70.86,1.22,4.6111
20210421,Chamarajanagar,11.9261,76.94,25.78,72.03,1.09,5.1437
20210422,Chamarajanagar,11.9261,76.94,26.58,67.22,1.09,5.4379
20210423,Chamarajanagar,11.9261,76.94,26.21,69.11,0.78,4.836
20210424,Chamarajanagar,11.9261,76.94,26.4,70.25,1.13,5.6393
20210425,Chamarajanagar,11.9261,76.94,26.48,69.63,1.35,4.8461
20210426,Chamarajanagar,11.9261,76.94,25.95,68.29,1.11,5.5447
20210427,Chamarajanagar,11.9261,76.94,26.19,64.12,1.14,4.4878
20210428,Chamarajanagar,11.9261,76.94,27.32,61.66,1.05,5.9618
20210429,Chamarajanagar,11.9261,76.94,27.67,61.1,1.14,5.8229
20210430,Chamarajanagar,11.9261,76.94,26.68,65.44,1.32,5.4619
20210501,Chamarajanagar,11.9261,76.94,26.93,65.84,1.78,5.5104
20210502,Chamarajanagar,11.9261,76.94,26.11,69.69,1.09,5.6088
20210503,Chamarajanagar,11.9261,76.94,25.67,73.0,1.41,4.669
20210504,Chamarajanagar,11.9261,76.94,26.47,69.98,1.0,5.0484
20210505,Chamarajanagar,11.9261,76.94,26.97,67.51,1.32,5.7223
20210506,Chamarajanagar,11.9261,76.94,27.48,65.36,1.72,5.9407
20210507,Chamarajanagar,11.9261,76.94,27.06,68.11,1.95,5.5582
20210508,Chamarajanagar,11.9261,76.94,27.25,64.8,1.89,5.5512
20210509,Chamarajanagar,11.9261,76.94,27.66,66.77,1.27,5.777
20210510,Chamarajanagar,11.9261,76.94,27.11,71.67,1.01,4.8703
20210511,Chamarajanagar,11.9261,76.94,26.09,79.27,1.07,5.219
20210512,Chamarajanagar,11.9261,76.94,26.19,77.98,1.07,5.1115
20210513,Chamarajanagar,11.9261,76.94,26.37,75.5,1.3,4.5751
20210514,Chamarajanagar,11.9261,76.94,25.61,73.22,3.15,3.7308
20210515,Chamarajanagar,11.9261,76.94,23.49,85.41,3.46,1.9366
20210516,Chamarajanagar,11.9261,76.94,24.72,79.75,3.04,2.4526
20210517,Chamarajanagar,11.9261,76.94,25.4,76.79,2.43,5.178
20210518,Chamarajanagar,11.9261,76.94,25.08,80.25,2.2,5.3959
20210519,Chamarajanagar,11.9261,76.94,24.43,87.52,1.99,4.771
20210520,Chamarajanagar,11.9261,76.94,23.58,85.42,2.12,4.6174
20210521,Chamarajanagar,11.9261,76.94,22.92,83.99,2.12,3.9547
20210522,Chamarajanagar,11.9261,76.94,23.31,84.04,2.34,5.6378
20210523,Chamarajanagar,11.9261,76.94,23.89,80.36,2.74,5.5783
20210524,Chamarajanagar,11.9261,76.94,23.89,80.91,2.07,6.5662
20210525,Chamarajanagar,11.9261,76.94,23.1,82.9,3.13,5.0213
20210526,Chamarajanagar,11.9261,76.94,22.2,81.44,3.71,4.5816
20210527,Chamarajanagar,11.9261,76.94,23.47,81.38,2.87,6.305
20210528,Chamarajanagar,11.9261,76.94,24.03,78.6,2.81,6.6898
20210529,Chamarajanagar,11.9261,76.94,23.63,80.38,2.52,5.521
20210530,Chamarajanagar,11.9261,76.94,23.12,81.5,2.96,6.0182
20210531,Chamarajanagar,11.9261,76.94,23.89,79.55,3.02,6.0953
20210601,Chamarajanagar,11.9261,76.94,24.37,82.2,2.21,5.5138
20210602,Chamarajanagar,11.9261,76.94,25.27,80.04,1.45,5.8214
20210603,Chamarajanagar,11.9261,76.94,24.42,87.58,1.12,5.1307
20210604,Chamarajanagar,11.9261,76.94,23.45,90.68,1.37,4.7275
20210605,Chamarajanagar,11.9261,76.94,22.35,84.76,1.71,3.3571
20210606,Chamarajanagar,11.9261,76.94,23.46,78.92,1.76,5.7977
20210607,Chamarajanagar,11.9261,76.94,23.91,79.59,2.08,6.8446
20210608,Chamarajanagar,11.9261,76.94,24.24,78.1,2.51,6.7642
20210609,Chamarajanagar,11.9261,76.94,23.56,82.54,2.74,6.1174
20210610,Chamarajanagar,11.9261,76.94,23.86,79.63,3.13,5.4636
20210611,Chamarajanagar,11.9261,76.94,23.22,81.99,3.0,5.0614
20210612,Chamarajanagar,11.9261,76.94,22.61,81.0,4.29,4.1496
20210613,Chamarajanagar,11.9261,76.94,22.72,76.32,4.66,2.5582
20210614,Chamarajanagar,11.9261,76.94,22.01,79.81,5.1,2.8522
20210615,Chamarajanagar,11.9261,76.94,22.35,83.51,4.38,3.8254
20210616,Chamarajanagar,11.9261,76.94,23.61,81.49,4.1,3.0425
20210617,Chamarajanagar,11.9261,76.94,23.15,82.73,4.02,4.3886
20210618,Chamarajanagar,11.9261,76.94,22.74,83.75,3.7,4.1729
20210619,Chamarajanagar,11.9261,76.94,23.06,83.25,3.38,4.961
20210620,Chamarajanagar,11.9261,76.94,23.36,82.34,2.63,5.4439
20210621,Chamarajanagar,11.9261,76.94,23.77,81.18,2.34,5.1929
20210622,Chamarajanagar,11.9261,76.94,24.06,79.88,2.2,5.19
20210623,Chamarajanagar,11.9261,76.94,23.86,82.22,1.96,4.8737
20210624,Chamarajanagar,11.9261,76.94,23.56,80.12,2.7,4.8425
20210625,Chamarajanagar,11.9261,76.94,23.17,79.54,2.55,6.6276
20210626,Chamarajanagar,11.9261,76.94,22.94,81.94,2.74,4.0771
20210627,Chamarajanagar,11.9261,76.94,22.61,73.7,2.49,4.4551
20210628,Chamarajanagar,11.9261,76.94,22.05,78.52,1.68,5.6597
20210629,Chamarajanagar,11.9261,76.94,24.64,76.63,1.51,5.5068
20210630,Chamarajanagar,11.9261,76.94,24.87,80.17,1.79,6.1265
20210701,Chamarajanagar,11.9261,76.94,23.71,87.63,1.62,4.3183
20210702,Chamarajanagar,11.9261,76.94,23.57,83.88,2.24,4.9548
20210703,Chamarajanagar,11.9261,76.94,23.61,82.82,1.75,4.3073
20210704,Chamarajanagar,11.9261,76.94,22.97,83.72,1.42,4.6135
20210705,Chamarajanagar,11.9261,76.94,23.27,81.97,2.0,5.4912
20210706,Chamarajanagar,11.9261,76.94,23.74,85.5,1.37,5.1478
20210707,Chamarajanagar,11.9261,76.94,23.72,82.22,2.34,4.465
20210708,Chamarajanagar,11.9261,76.94,23.75,84.41,2.33,5.4696
20210709,Chamarajanagar,11.9261,76.94,23.18,85.6,2.97,3.3991
20210710,Chamarajanagar,11.9261,76.94,22.3,82.15,3.88,3.0204
20210711,Chamarajanagar,11.9261,76.94,22.0,81.12,4.02,3.6847
20210712,Chamarajanagar,11.9261,76.94,22.47,82.07,4.17,2.9018
20210713,Chamarajanagar,11.9261,76.94,23.07,82.33,4.66,3.0353
20210714,Chamarajanagar,11.9261,76.94,22.72,83.87,4.46,2.5598
20210715,Chamarajanagar,11.9261,76.94,22.86,83.5,4.03,1.8785
20210716,Chamarajanagar,11.9261,76.94,23.57,81.68,3.55,3.6775
20210717,Chamarajanagar,11.9261,76.94,23.45,83.54,3.04,3.9794
20210718,Chamarajanagar,11.9261,76.94,22.66,88.4,3.43,2.3419
20210719,Chamarajanagar,11.9261,76.94,23.11,84.52,3.73,3.9965
20210720,Chamarajanagar,11.9261,76.94,23.11,82.46,4.3,4.5571
20210721,Chamarajanagar,11.9261,76.94,23.11,82.03,4.51,2.9014
20210722,Chamarajanagar,11.9261,76.94,22.63,83.81,5.58,2.6429
20210723,Chamarajanagar,11.9261,76.94,23.23,81.37,5.26,2.0993
20210724,Chamarajanagar,11.9261,76.94,23.42,82.36,4.11,3.9394
20210725,Chamarajanagar,11.9261,76.94,22.52,83.62,3.91,4.1282
20210726,Chamarajanagar,11.9261,76.94,23.01,83.75,3.53,4.3747
20210727,Chamarajanagar,11.9261,76.94,22.97,83.25,3.47,4.5773
20210728,Chamarajanagar,11.9261,76.94,23.25,80.83,3.54,5.2123
20210729,Chamarajanagar,11.9261,76.94,23.21,81.5,3.55,5.1787
20210730,Chamarajanagar,11.9261,76.94,23.18,81.2,3.6,4.9286
20210731,Chamarajanagar,11.9261,76.94,23.41,80.39,3.45,4.7124
20210801,Chamarajanagar,11.9261,76.94,23.49,79.5,3.44,4.7182
20210802,Chamarajanagar,11.9261,76.94,23.22,77.25,3.94,4.362
20210803,Chamarajanagar,11.9261,76.94,23.45,78.94,3.5,4.2338
20210804,Chamarajanagar,11.9261,76.94,23.51,79.69,3.9,3.9
20210805,Chamarajanagar,11.9261,76.94,23.54,78.7,4.26,3.6787
20210806,Chamarajanagar,11.9261,76.94,24.1,79.75,3.71,4.1189
20210807,Chamarajanagar,11.9261,76.94,23.88,82.04,3.46,3.5335
20210808,Chamarajanagar,11.9261,76.94,23.89,80.72,2.29,4.7724
20210809,Chamarajanagar,11.9261,76.94,23.64,80.38,2.35,4.7347
20210810,Chamarajanagar,11.9261,76.94,22.24,83.88,3.16,3.4529
20210811,Chamarajanagar,11.9261,76.94,22.95,81.77,2.63,4.3478
20210812,Chamarajanagar,11.9261,76.94,22.68,83.02,3.05,3.4327
20210813,Chamarajanagar,11.9261,76.94,23.47,80.63,2.8,3.6974
20210814,Chamarajanagar,11.9261,76.94,23.17,81.32,2.99,3.7692
20210815,Chamarajanagar,11.9261,76.94,22.83,80.57,3.24,4.5581
20210816,Chamarajanagar,11.9261,76.94,23.48,77.31,3.11,4.2965
20210817,Chamarajanagar,11.9261,76.94,23.63,77.21,2.75,4.091
20210818,Chamarajanagar,11.9261,76.94,22.4,78.03,3.16,3.9706
20210819,Chamarajanagar,11.9261,76.94,22.17,74.74,3.49,3.7752
20210820,Chamarajanagar,11.9261,76.94,22.63,75.14,2.32,5.478
20210821,Chamarajanagar,11.9261,76.94,23.52,75.78,1.34,4.5535
20210822,Chamarajanagar,11.9261,76.94,23.35,79.67,0.9,4.7942
20210823,Chamarajanagar,11.9261,76.94,23.0,81.34,1.62,3.7649
20210824,Chamarajanagar,11.9261,76.94,23.92,77.47,1.94,4.6944
20210825,Chamarajanagar,11.9261,76.94,24.15,77.52,2.08,4.9538
20210826,Chamarajanagar,11.9261,76.94,23.14,85.32,1.78,4.7299
20210827,Chamarajanagar,11.9261,76.94,23.4,85.57,2.43,3.9101
20210828,Chamarajanagar,11.9261,76.94,23.02,83.56,2.68,3.6449
20210829,Chamarajanagar,11.9261,76.94,22.82,82.46,3.12,3.5009
20210830,Chamarajanagar,11.9261,76.94,22.5,80.69,2.96,4.5804
20210831,Chamarajanagar,11.9261,76.94,23.82,77.11,2.61,4.974
20210901,Chamarajanagar,11.9261,76.94,23.44,79.34,2.01,5.2164
20210902,Chamarajanagar,11.9261,76.94,22.72,85.38,1.8,3.7918
20210903,Chamarajanagar,11.9261,76.94,22.9,79.71,2.39,3.72
20210904,Chamarajanagar,11.9261,76.94,22.6,84.55,2.76,3.6367
20210905,Chamarajanagar,11.9261,76.94,22.97,79.47,3.76,3.3533
20210906,Chamarajanagar,11.9261,76.94,22.22,80.71,4.24,3.605
20210907,Chamarajanagar,11.9261,76.94,22.22,81.86,3.22,3.9593
20210908,Chamarajanagar,11.9261,76.94,22.64,83.89,3.21,4.212
20210909,Chamarajanagar,11.9261,76.94,23.17,80.88,2.68,5.2471
20210910,Chamarajanagar,11.9261,76.94,23.14,81.58,2.72,5.0866
20210911,Chamarajanagar,11.9261,76.94,22.43,85.36,2.95,3.8129
20210912,Chamarajanagar,11.9261,76.94,23.17,82.64,3.73,3.8244
20210913,Chamarajanagar,11.9261,76.94,23.27,82.24,4.27,3.6727
20210914,Chamarajanagar,11.9261,76.94,23.84,80.67,2.95,4.7558
20210915,Chamarajanagar,11.9261,76.94,23.75,81.01,2.37,4.8286
20210916,Chamarajanagar,11.9261,76.94,23.63,81.61,2.46,4.4628
20210917,Chamarajanagar,11.9261,76.94,23.82,79.42,1.92,5.6414
20210918,Chamarajanagar,11.9261,76.94,24.49,75.32,1.53,5.0962
20210919,Chamarajanagar,11.9261,76.94,23.32,83.48,1.03,5.7058
20210920,Chamarajanagar,11.9261,76.94,23.67,83.44,1.38,5.0803
20210921,Chamarajanagar,11.9261,76.94,23.85,79.87,2.0,5.9071
20210922,Chamarajanagar,11.9261,76.94,24.11,77.75,1.91,5.0597
20210923,Chamarajanagar,11.9261,76.94,24.46,77.81,1.96,5.2728
20210924,Chamarajanagar,11.9261,76.94,23.88,80.52,1.61,5.249
20210925,Chamarajanagar,11.9261,76.94,24.0,82.18,1.93,4.2934
20210926,Chamarajanagar,11.9261,76.94,22.58,84.39,2.1,5.0832
20210927,Chamarajanagar,11.9261,76.94,23.08,81.46,3.22,3.5069
20210928,Chamarajanagar,11.9261,76.94,22.41,81.43,3.14,4.6553
20210929,Chamarajanagar,11.9261,76.94,22.58,75.77,2.59,4.8005
20210930,Chamarajanagar,11.9261,76.94,23.78,77.86,1.24,4.8298
20211001,Chamarajanagar,11.9261,76.94,24.37,82.88,1.32,4.2466
20211002,Chamarajanagar,11.9261,76.94,23.83,85.89,1.31,4.5948
20211003,Chamarajanagar,11.9261,76.94,23.65,83.89,1.63,4.5574
20211004,Chamarajanagar,11.9261,76.94,23.92,82.83,1.25,4.5427
20211005,Chamarajanagar,11.9261,76.94,23.83,84.1,0.86,4.9073
20211006,Chamarajanagar,11.9261,76.94,22.92,86.16,0.79,4.0106
20211007,Chamarajanagar,11.9261,76.94,24.03,81.73,1.3,4.8278
20211008,Chamarajanagar,11.9261,76.94,23.79,85.75,1.88,4.1246
20211009,Chamarajanagar,11.9261,76.94,23.32,87.51,2.19,4.0745
20211010,Chamarajanagar,11.9261,76.94,23.26,86.72,1.89,4.5336
20211011,Chamarajanagar,11.9261,76.94,22.89,87.2,1.69,3.283
20211012,Chamarajanagar,11.9261,76.94,21.69,89.44,2.52,3.7277
20211013,Chamarajanagar,11.9261,76.94,21.6,87.86,2.11,4.3925
20211014,Chamarajanagar,11.9261,76.94,23.28,86.01,1.57,4.1981
20211015,Chamarajanagar,11.9261,76.94,23.6,86.82,0.88,4.6346
20211016,Chamarajanagar,11.9261,76.94,23.27,92.45,1.7,3.0382
20211017,Chamarajanagar,11.9261,76.94,22.63,92.0,2.16,2.6832
20211018,Chamarajanagar,11.9261,76.94,22.64,89.31,2.05,3.1733
20211019,Chamarajanagar,11.9261,76.94,21.95,86.69,1.11,4.9548
20211020,Chamarajanagar,11.9261,76.94,22.95,87.05,1.14,3.804
20211021,Chamarajanagar,11.9261,76.94,22.98,87.8,1.09,4.4741
20211022,Chamarajanagar,11.9261,76.94,22.93,88.98,1.21,4.7681
20211023,Chamarajanagar,11.9261,76.94,22.75,86.49,1.04,3.8786
20211024,Chamarajanagar,11.9261,76.94,23.33,80.65,0.51,4.6692
20211025,Chamarajanagar,11.9261,76.94,22.81,87.06,1.1,4.0963
20211026,Chamarajanagar,11.9261,76.94,22.87,89.2,1.11,2.851
20211027,Chamarajanagar,11.9261,76.94,22.7,87.12,1.38,3.2621
20211028,Chamarajanagar,11.9261,76.94,22.2,85.35,1.2,4.4078
20211029,Chamarajanagar,11.9261,76.94,21.53,87.9,1.4,3.6554
20211030,Chamarajanagar,11.9261,76.94,21.95,89.66,1.75,4.0646
20211031,Chamarajanagar,11.9261,76.94,21.91,89.05,1.31,3.509
20211101,Chamarajanagar,11.9261,76.94,21.41,92.01,1.44,3.6391
20211102,Chamarajanagar,11.9261,76.94,21.1,93.21,2.08,3.8578
20211103,Chamarajanagar,11.9261,76.94,21.77,90.84,1.83,3.4222
20211104,Chamarajanagar,11.9261,76.94,22.17,91.19,1.48,3.4848
20211105,Chamarajanagar,11.9261,76.94,22.15,91.41,1.06,3.1087
20211106,Chamarajanagar,11.9261,76.94,22.68,85.57,0.78,3.8525
20211107,Chamarajanagar,11.9261,76.94,21.04,92.22,1.52,3.624
20211108,Chamarajanagar,11.9261,76.94,20.75,93.2,0.96,2.5541
20211109,Chamarajanagar,11.9261,76.94,21.38,89.35,0.98,2.9914
20211110,Chamarajanagar,11.9261,76.94,20.74,88.53,1.18,3.4522
20211111,Chamarajanagar,11.9261,76.94,20.0,90.95,1.86,3.7082
20211112,Chamarajanagar,11.9261,76.94,21.19,91.15,2.4,2.1458
20211113,Chamarajanagar,11.9261,76.94,21.9,87.73,1.04,2.7821
20211114,Chamarajanagar,11.9261,76.94,22.17,89.32,1.3,2.9453
20211115,Chamarajanagar,11.9261,76.94,22.58,91.24,0.84,3.3893
20211116,Chamarajanagar,11.9261,76.94,22.61,90.66,0.93,2.8795
20211117,Chamarajanagar,11.9261,76.94,22.35,91.69,0.95,3.6338
20211118,Chamarajanagar,11.9261,76.94,21.09,90.91,1.9,2.2558
20211119,Chamarajanagar,11.9261,76.94,21.12,95.34,3.4,3.576
20211120,Chamarajanagar,11.9261,76.94,21.59,93.94,1.65,3.1114
20211121,Chamarajanagar,11.9261,76.94,22.07,83.85,1.08,3.9082
20211122,Chamarajanagar,11.9261,76.94,21.89,88.51,1.1,3.5789
20211123,Chamarajanagar,11.9261,76.94,22.25,90.47,1.17,4.0363
20211124,Chamarajanagar,11.9261,76.94,22.13,86.55,1.27,4.499
20211125,Chamarajanagar,11.9261,76.94,20.94,91.49,1.54,3.6619
20211126,Chamarajanagar,11.9261,76.94,20.85,90.64,1.79,3.1872
20211127,Chamarajanagar,11.9261,76.94,20.56,92.86,1.96,3.1046
20211128,Chamarajanagar,11.9261,76.94,20.83,92.31,2.18,2.6822
20211129,Chamarajanagar,11.9261,76.94,20.38,91.46,2.6,3.1747
20211130,Chamarajanagar,11.9261,76.94,20.88,91.68,2.24,2.8075
20211201,Chamarajanagar,11.9261,76.94,22.15,90.45,2.04,5.3326
20211202,Chamarajanagar,11.9261,76.94,22.22,89.54,1.53,4.1038
20211203,Chamarajanagar,11.9261,76.94,22.4,87.43,0.79,3.8522
20211204,Chamarajanagar,11.9261,76.94,22.09,88.02,0.52,3.6346
20211205,Chamarajanagar,11.9261,76.94,22.83,87.23,0.8,4.823
20211206,Chamarajanagar,11.9261,76.94,21.8,91.83,1.42,3.2314
20211207,Chamarajanagar,11.9261,76.94,21.69,89.8,1.37,3.8597
20211208,Chamarajanagar,11.9261,76.94,21.28,85.63,1.46,4.6519
20211209,Chamarajanagar,11.9261,76.94,21.97,86.31,1.33,4.1868
20211210,Chamarajanagar,11.9261,76.94,20.65,86.32,2.06,5.454
20211211,Chamarajanagar,11.9261,76.94,20.72,89.95,2.02,4.7513
20211212,Chamarajanagar,11.9261,76.94,20.85,89.42,2.33,4.0382
20211213,Chamarajanagar,11.9261,76.94,20.78,90.14,1.93,4.8518
20211214,Chamarajanagar,11.9261,76.94,20.24,89.93,2.07,3.8818
20211215,Chamarajanagar,11.9261,76.94,20.39,87.07,1.85,4.0118
20211216,Chamarajanagar,11.9261,76.94,20.23,85.64,1.55,4.2756
20211217,Chamarajanagar,11.9261,76.94,20.37,84.9,1.25,5.0172
20211218,Chamarajanagar,11.9261,76.94,19.29,81.93,1.43,5.0342
20211219,Chamarajanagar,11.9261,76.94,17.9,81.13,1.41,4.7532
20211220,Chamarajanagar,11.9261,76.94,17.68,83.36,1.43,5.5805
20211221,Chamarajanagar,11.9261,76.94,18.94,79.63,0.89,5.2778
20211222,Chamarajanagar,11.9261,76.94,18.44,82.84,1.25,4.5996
20211223,Chamarajanagar,11.9261,76.94,18.63,79.28,1.09,4.7369
20211224,Chamarajanagar,11.9261,76.94,18.3,76.01,1.19,5.1218
20211225,Chamarajanagar,11.9261,76.94,19.14,75.67,1.17,5.5241
20211226,Chamarajanagar,11.9261,76.94,18.69,83.42,1.34,5.5817
20211227,Chamarajanagar,11.9261,76.94,18.58,83.69,1.51,5.6429
20211228,Chamarajanagar,11.9261,76.94,18.6,83.38,1.56,5.79
20211229,Chamarajanagar,11.9261,76.94,18.91,84.07,1.54,5.5382
20211230,Chamarajanagar,11.9261,76.94,19.75,85.62,1.77,5.7624
20211231,Chamarajanagar,11.9261,76.94,20.88,88.52,2.55,4.2223
20220101,Chamarajanagar,11.9261,76.94,20.95,88.77,2.3,4.0966
20220102,Chamarajanagar,11.9261,76.94,20.56,86.44,2.16,5.3213
20220103,Chamarajanagar,11.9261,76.94,19.84,81.68,1.6,5.2632
20220104,Chamarajanagar,11.9261,76.94,20.16,83.72,1.44,5.2308
20220105,Chamarajanagar,11.9261,76.94,20.47,81.24,0.82,4.9322
20220106,Chamarajanagar,11.9261,76.94,20.28,82.95,1.34,5.3191
20220107,Chamarajanagar,11.9261,76.94,20.75,83.53,1.44,4.2898
20220108,Chamarajanagar,11.9261,76.94,21.07,84.02,1.35,3.931
20220109,Chamarajanagar,11.9261,76.94,21.17,83.19,1.3,4.6387
20220110,Chamarajanagar,11.9261,76.94,20.65,80.05,1.32,4.6363
20220111,Chamarajanagar,11.9261,76.94,21.0,79.38,1.24,5.2195
20220112,Chamarajanagar,11.9261,76.94,21.25,81.07,1.0,4.8362
20220113,Chamarajanagar,11.9261,76.94,21.59,79.39,1.13,5.6318
20220114,Chamarajanagar,11.9261,76.94,21.72,78.82,1.11,5.2658
20220115,Chamarajanagar,11.9261,76.94,22.42,74.0,0.61,5.2814
20220116,Chamarajanagar,11.9261,76.94,21.67,82.94,1.6,5.101
20220117,Chamarajanagar,11.9261,76.94,21.4,81.22,1.81,4.4602
20220118,Chamarajanagar,11.9261,76.94,20.98,78.48,1.67,5.508
20220119,Chamarajanagar,11.9261,76.94,21.03,76.21,1.31,5.5555
20220120,Chamarajanagar,11.9261,76.94,21.19,63.16,0.97,5.8147
20220121,Chamarajanagar,11.9261,76.94,21.79,60.79,0.85,5.904
20220122,Chamarajanagar,11.9261,76.94,21.16,74.11,1.37,6.1085
20220123,Chamarajanagar,11.9261,76.94,20.57,73.29,1.5,6.2287
20220124,Chamarajanagar,11.9261,76.94,20.12,70.05,1.06,6.1697
20220125,Chamarajanagar,11.9261,76.94,20.81,76.18,0.8,5.4874
20220126,Chamarajanagar,11.9261,76.94,22.2,79.33,1.32,4.8245
20220127,Chamarajanagar,11.9261,76.94,21.82,76.47,1.98,5.1557
20220128,Chamarajanagar,11.9261,76.94,21.19,76.1,2.38,4.643
20220129,Chamarajanagar,11.9261,76.94,21.88,77.13,2.02,5.351
20220130,Chamarajanagar,11.9261,76.94,23.29,74.62,0.92,5.317
20220131,Chamarajanagar,11.9261,76.94,23.84,71.35,0.74,5.4586
20220201,Chamarajanagar,11.9261,76.94,23.54,72.22,1.17,5.6124
20220202,Chamarajanagar,11.9261,76.94,22.66,70.45,1.26,5.7194
20220203,Chamarajanagar,11.9261,76.94,22.04,67.94,1.19,5.0676
20220204,Chamarajanagar,11.9261,76.94,22.17,67.86,1.49,6.5064
20220205,Chamarajanagar,11.9261,76.94,22.59,65.42,1.25,6.3425
20220206,Chamarajanagar,11.9261,76.94,22.91,71.81,1.77,4.9958
20220207,Chamarajanagar,11.9261,76.94,23.04,69.67,1.15,5.8258
20220208,Chamarajanagar,11.9261,76.94,23.12,67.17,1.06,5.2591
20220209,Chamarajanagar,11.9261,76.94,22.19,65.77,1.69,5.3234
20220210,Chamarajanagar,11.9261,76.94,21.75,57.37,1.5,5.863
20220211,Chamarajanagar,11.9261,76.94,22.04,59.73,2.09,6.3002
20220212,Chamarajanagar,11.9261,76.94,22.65,65.48,1.86,4.9097
20220213,Chamarajanagar,11.9261,76.94,22.77,65.96,1.6,5.5968
20220214,Chamarajanagar,11.9261,76.94,22.89,64.61,1.5,4.5326
20220215,Chamarajanagar,11.9261,76.94,23.31,64.58,1.3,4.7676
20220216,Chamarajanagar,11.9261,76.94,23.48,65.14,0.94,4.1971
20220217,Chamarajanagar,11.9261,76.94,23.59,61.53,1.39,5.231
20220218,Chamarajanagar,11.9261,76.94,23.45,59.13,1.92,6.1637
20220219,Chamarajanagar,11.9261,76.94,23.44,59.2,2.22,6.4824
20220220,Chamarajanagar,11.9261,76.94,24.79,58.21,0.89,6.2602
20220221,Chamarajanagar,11.9261,76.94,25.95,56.5,0.8,6.0341
20220222,Chamarajanagar,11.9261,76.94,25.9,56.56,1.58,5.0878
20220223,Chamarajanagar,11.9261,76.94,23.87,55.91,2.37,6.6266
20220224,Chamarajanagar,11.9261,76.94,23.07,54.26,1.68,6.9545
20220225,Chamarajanagar,11.9261,76.94,23.37,49.98,1.86,6.8916
20220226,Chamarajanagar,11.9261,76.94,22.74,50.35,1.6,7.0781
20220227,Chamarajanagar,11.9261,76.94,24.33,58.02,1.84,6.9017
20220228,Chamarajanagar,11.9261,76.94,23.71,51.81,1.89,6.8309
20220301,Chamarajanagar,11.9261,76.94,23.79,50.28,1.92,6.8851
20220302,Chamarajanagar,11.9261,76.94,23.53,40.59,2.14,6.5268
20220303,Chamarajanagar,11.9261,76.94,23.56,43.53,2.43,6.9643
20220304,Chamarajanagar,11.9261,76.94,24.4,38.93,2.27,7.0234
20220305,Chamarajanagar,11.9261,76.94,24.99,50.59,2.25,7.0596
20220306,Chamarajanagar,11.9261,76.94,25.05,53.6,2.66,6.8477
20220307,Chamarajanagar,11.9261,76.94,24.13,57.71,2.24,6.0202
20220308,Chamarajanagar,11.9261,76.94,25.55,55.81,1.77,6.0842
20220309,Chamarajanagar,11.9261,76.94,26.28,45.88,1.8,6.5995
20220310,Chamarajanagar,11.9261,76.94,25.88,40.08,2.0,6.8686
20220311,Chamarajanagar,11.9261,76.94,25.66,37.8,2.19,7.17
20220312,Chamarajanagar,11.9261,76.94,25.81,34.98,2.26,7.1009
20220313,Chamarajanagar,11.9261,76.94,25.23,38.71,2.37,6.9902
20220314,Chamarajanagar,11.9261,76.94,26.47,38.49,1.9,6.6101
20220315,Chamarajanagar,11.9261,76.94,27.37,36.05,1.24,5.8639
20220316,Chamarajanagar,11.9261,76.94,27.49,39.19,1.38,5.7876
20220317,Chamarajanagar,11.9261,76.94,27.45,35.14,1.68,5.8411
20220318,Chamarajanagar,11.9261,76.94,27.93,35.59,1.51,5.2961
20220319,Chamarajanagar,11.9261,76.94,27.78,53.52,1.99,4.7453
20220320,Chamarajanagar,11.9261,76.94,26.55,61.61,1.96,4.5581
20220321,Chamarajanagar,11.9261,76.94,26.77,64.19,1.09,5.8205
20220322,Chamarajanagar,11.9261,76.94,26.78,66.42,0.97,4.8331
20220323,Chamarajanagar,11.9261,76.94,27.15,63.47,1.26,4.345
20220324,Chamarajanagar,11.9261,76.94,26.65,66.52,0.8,4.1894
20220325,Chamarajanagar,11.9261,76.94,26.66,64.53,1.12,4.2677
20220326,Chamarajanagar,11.9261,76.94,27.38,62.55,1.0,4.657
20220327,Chamarajanagar,11.9261,76.94,27.96,57.78,1.68,5.0006
20220328,Chamarajanagar,11.9261,76.94,28.16,54.76,1.88,5.8274
20220329,Chamarajanagar,11.9261,76.94,28.53,54.48,1.22,5.8954
20220330,Chamarajanagar,11.9261,76.94,28.78,56.63,1.23,5.4991
20220331,Chamarajanagar,11.9261,76.94,29.27,50.19,1.42,5.7288
20220401,Chamarajanagar,11.9261,76.94,29.02,48.74,1.57,4.9982
20220402,Chamarajanagar,11.9261,76.94,28.25,51.89,1.31,5.2874
20220403,Chamarajanagar,11.9261,76.94,28.45,46.54,1.96,6.2422
20220404,Chamarajanagar,11.9261,76.94,28.39,47.1,2.49,6.6785
20220405,Chamarajanagar,11.9261,76.94,28.04,44.05,2.3,6.5268
20220406,Chamarajanagar,11.9261,76.94,28.38,41.33,1.83,5.8404
20220407,Chamarajanagar,11.9261,76.94,29.04,44.02,2.35,6.6826
20220408,Chamarajanagar,11.9261,76.94,28.41,52.38,2.07,5.0033
20220409,Chamarajanagar,11.9261,76.94,28.34,56.42,1.95,5.4475
20220410,Chamarajanagar,11.9261,76.94,28.09,52.68,1.75,5.351
20220411,Chamarajanagar,11.9261,76.94,28.03,53.87,1.97,3.6989
20220412,Chamarajanagar,11.9261,76.94,28.44,51.67,1.5,2.9748
20220413,Chamarajanagar,11.9261,76.94,26.47,64.51,1.86,2.6832
20220414,Chamarajanagar,11.9261,76.94,23.82,76.12,1.18,4.3344
20220415,Chamarajanagar,11.9261,76.94,26.75,64.14,0.91,6.1188
20220416,Chamarajanagar,11.9261,76.94,27.14,68.01,1.51,5.9131
20220417,Chamarajanagar,11.9261,76.94,26.27,73.9,1.44,6.1469
20220418,Chamarajanagar,11.9261,76.94,25.94,73.02,1.26,5.4905
20220419,Chamarajanagar,11.9261,76.94,25.48,73.34,1.36,5.4223
20220420,Chamarajanagar,11.9261,76.94,27.28,63.34,1.33,6.6156
20220421,Chamarajanagar,11.9261,76.94,26.73,65.1,1.59,6.7889
20220422,Chamarajanagar,11.9261,76.94,26.33,66.27,1.67,5.8274
20220423,Chamarajanagar,11.9261,76.94,24.83,75.26,1.86,4.5348
20220424,Chamarajanagar,11.9261,76.94,27.04,59.61,1.48,6.4308
20220425,Chamarajanagar,11.9261,76.94,27.19,60.49,1.6,6.5501
20220426,Chamarajanagar,11.9261,76.94,27.9,58.18,1.61,6.2688
20220427,Chamarajanagar,11.9261,76.94,27.69,58.66,1.65,7.0099
20220428,Chamarajanagar,11.9261,76.94,28.32,59.99,1.12,6.4406
20220429,Chamarajanagar,11.9261,76.94,29.21,58.1,1.71,6.0
20220430,Chamarajanagar,11.9261,76.94,28.34,65.55,1.64,6.0943
20220501,Chamarajanagar,11.9261,76.94,28.04,64.98,1.81,5.388
20220502,Chamarajanagar,11.9261,76.94,27.77,67.15,1.94,5.735
20220503,Chamarajanagar,11.9261,76.94,27.0,71.87,1.25,6.4918
20220504,Chamarajanagar,11.9261,76.94,28.08,66.95,1.19,5.6254
20220505,Chamarajanagar,11.9261,76.94,24.88,80.14,2.11,4.6373
20220506,Chamarajanagar,11.9261,76.94,26.81,66.26,1.3,5.2622
20220507,Chamarajanagar,11.9261,76.94,26.88,70.84,1.32,5.7924
20220508,Chamarajanagar,11.9261,76.94,27.24,69.36,1.65,5.7802
20220509,Chamarajanagar,11.9261,76.94,26.46,75.48,2.14,3.8666
20220510,Chamarajanagar,11.9261,76.94,25.86,72.92,3.59,3.2138
20220511,Chamarajanagar,11.9261,76.94,25.07,73.73,4.33,2.4919
20220512,Chamarajanagar,11.9261,76.94,23.55,79.51,3.32,2.0635
20220513,Chamarajanagar,11.9261,76.94,24.38,76.76,2.86,2.9203
20220514,Chamarajanagar,11.9261,76.94,24.7,78.83,2.46,3.3811
20220515,Chamarajanagar,11.9261,76.94,23.21,89.12,1.54,3.7553
20220516,Chamarajanagar,11.9261,76.94,24.18,87.12,2.01,2.5982
20220517,Chamarajanagar,11.9261,76.94,25.07,75.03,0.84,2.1917
20220518,Chamarajanagar,11.9261,76.94,24.45,83.14,1.35,2.4139
20220519,Chamarajanagar,11.9261,76.94,23.1,85.74,3.37,2.4055
20220520,Chamarajanagar,11.9261,76.94,21.95,83.55,3.39,3.6475
20220521,Chamarajanagar,11.9261,76.94,23.26,80.15,3.39,3.9982
20220522,Chamarajanagar,11.9261,76.94,23.63,80.78,3.37,3.2707
20220523,Chamarajanagar,11.9261,76.94,24.96,81.04,2.6,5.7593
20220524,Chamarajanagar,11.9261,76.94,25.35,79.56,1.82,6.4788
20220525,Chamarajanagar,11.9261,76.94,25.72,77.33,1.07,6.1942
20220526,Chamarajanagar,11.9261,76.94,24.04,83.43,2.13,4.4518
20220527,Chamarajanagar,11.9261,76.94,23.77,81.65,2.39,5.0345
20220528,Chamarajanagar,11.9261,76.94,23.53,84.21,2.53,6.0794
20220529,Chamarajanagar,11.9261,76.94,23.92,76.39,2.34,6.3919
20220530,Chamarajanagar,11.9261,76.94,24.57,77.26,2.08,5.9534
20220531,Chamarajanagar,11.9261,76.94,24.22,80.74,2.04,4.9877
20220601,Chamarajanagar,11.9261,76.94,23.63,81.77,2.48,5.5378
20220602,Chamarajanagar,11.9261,76.94,23.67,82.1,1.99,5.4499
20220603,Chamarajanagar,11.9261,76.94,24.21,78.63,1.9,6.3077
20220604,Chamarajanagar,11.9261,76.94,24.53,78.88,1.65,6.348
20220605,Chamarajanagar,11.9261,76.94,24.62,80.28,1.58,5.1499
20220606,Chamarajanagar,11.9261,76.94,24.47,79.26,0.94,5.2306
20220607,Chamarajanagar,11.9261,76.94,24.38,80.08,1.78,4.1779
20220608,Chamarajanagar,11.9261,76.94,23.79,80.84,3.0,5.7163
20220609,Chamarajanagar,11.9261,76.94,24.31,77.75,2.95,6.4541
20220610,Chamarajanagar,11.9261,76.94,23.56,80.65,3.2,5.5152
20220611,Chamarajanagar,11.9261,76.94,23.59,74.6,3.27,5.3227
20220612,Chamarajanagar,11.9261,76.94,22.99,74.24,2.78,4.9807
20220613,Chamarajanagar,11.9261,76.94,23.4,80.26,2.17,6.0694
20220614,Chamarajanagar,11.9261,76.94,23.77,80.8,2.44,5.8027
20220615,Chamarajanagar,11.9261,76.94,22.79,84.25,1.94,4.8041
20220616,Chamarajanagar,11.9261,76.94,23.28,84.15,1.25,5.317
20220617,Chamarajanagar,11.9261,76.94,21.58,83.87,1.66,4.9553
20220618,Chamarajanagar,11.9261,76.94,22.42,86.15,1.32,4.5329
20220619,Chamarajanagar,11.9261,76.94,23.05,85.42,1.81,4.4642
20220620,Chamarajanagar,11.9261,76.94,22.81,80.8,2.38,5.0861
20220621,Chamarajanagar,11.9261,76.94,23.4,81.58,2.54,4.4566
20220622,Chamarajanagar,11.9261,76.94,23.11,82.12,2.38,4.1506
20220623,Chamarajanagar,11.9261,76.94,23.42,78.25,2.6,4.2648
20220624,Chamarajanagar,11.9261,76.94,22.63,82.16,3.58,5.0599
20220625,Chamarajanagar,11.9261,76.94,22.85,80.13,3.89,2.7487
20220626,Chamarajanagar,11.9261,76.94,23.15,80.57,3.87,5.5018
20220627,Chamarajanagar,11.9261,76.94,23.76,78.57,3.38,4.7198
20220628,Chamarajanagar,11.9261,76.94,23.37,80.62,2.96,4.4093
20220629,Chamarajanagar,11.9261,76.94,23.92,80.17,2.89,4.1194
20220630,Chamarajanagar,11.9261,76.94,23.03,83.52,3.33,2.8762
20220701,Chamarajanagar,11.9261,76.94,23.06,83.41,3.24,4.027
20220702,Chamarajanagar,11.9261,76.94,22.83,84.44,3.05,4.1429
20220703,Chamarajanagar,11.9261,76.94,22.97,83.39,3.52,3.2522
20220704,Chamarajanagar,11.9261,76.94,23.07,80.54,4.82,3.1642
20220705,Chamarajanagar,11.9261,76.94,22.33,83.28,4.67,2.3549
20220706,Chamarajanagar,11.9261,76.94,22.36,83.67,3.8,2.316
20220707,Chamarajanagar,11.9261,76.94,22.04,84.06,4.07,2.2394
20220708,Chamarajanagar,11.9261,76.94,22.56,81.3,4.3,3.5935
20220709,Chamarajanagar,11.9261,76.94,22.11,85.88,4.25,2.2658
20220710,Chamarajanagar,11.9261,76.94,23.08,80.73,4.67,3.0238
20220711,Chamarajanagar,11.9261,76.94,23.15,80.57,4.69,2.569
20220712,Chamarajanagar,11.9261,76.94,22.47,81.42,5.15,2.9532
20220713,Chamarajanagar,11.9261,76.94,22.25,81.91,5.84,3.1639
20220714,Chamarajanagar,11.9261,76.94,22.56,79.86,6.2,3.7814
20220715,Chamarajanagar,11.9261,76.94,23.03,80.09,4.85,3.4514
20220716,Chamarajanagar,11.9261,76.94,23.49,81.53,4.35,2.7912
20220717,Chamarajanagar,11.9261,76.94,23.31,80.28,4.39,3.293
20220718,Chamarajanagar,11.9261,76.94,22.42,80.84,3.5,2.8522
20220719,Chamarajanagar,11.9261,76.94,22.81,82.62,2.07,4.5994
20220720,Chamarajanagar,11.9261,76.94,24.03,82.62,1.6,4.4806
20220721,Chamarajanagar,11.9261,76.94,23.56,84.28,2.01,4.909
20220722,Chamarajanagar,11.9261,76.94,22.52,86.68,2.36,3.5717
20220723,Chamarajanagar,11.9261,76.94,22.63,82.38,2.78,4.025
20220724,Chamarajanagar,11.9261,76.94,22.62,82.86,2.73,4.698
20220725,Chamarajanagar,11.9261,76.94,23.62,79.01,2.22,5.3671
20220726,Chamarajanagar,11.9261,76.94,23.29,80.65,1.97,4.0937
20220727,Chamarajanagar,11.9261,76.94,22.97,85.46,0.94,4.7203
20220728,Chamarajanagar,11.9261,76.94,24.11,80.63,0.94,5.3366
20220729,Chamarajanagar,11.9261,76.94,24.36,76.65,1.21,5.1862
20220730,Chamarajanagar,11.9261,76.94,24.41,79.77,0.9,4.8185
20220731,Chamarajanagar,11.9261,76.94,22.54,87.55,1.98,5.1307
20220801,Chamarajanagar,11.9261,76.94,23.18,86.31,2.09,4.4954
20220802,Chamarajanagar,11.9261,76.94,22.61,87.73,2.61,3.3535
20220803,Chamarajanagar,11.9261,76.94,21.63,90.46,1.84,3.3535
20220804,Chamarajanagar,11.9261,76.94,22.17,91.02,2.57,1.8893
20220805,Chamarajanagar,11.9261,76.94,22.49,85.09,4.99,3.1879
20220806,Chamarajanagar,11.9261,76.94,22.11,85.29,5.12,3.2678
20220807,Chamarajanagar,11.9261,76.94,22.2,86.81,4.86,2.6666
20220808,Chamarajanagar,11.9261,76.94,22.22,86.95,5.15,3.7049
20220809,Chamarajanagar,11.9261,76.94,22.22,84.07,5.24,3.9497
20220810,Chamarajanagar,11.9261,76.94,21.85,83.76,4.95,4.3702
20220811,Chamarajanagar,11.9261,76.94,22.33,84.72,4.58,4.1323
20220812,Chamarajanagar,11.9261,76.94,22.48,84.33,3.77,4.572
20220813,Chamarajanagar,11.9261,76.94,21.95,84.54,2.72,4.728
20220814,Chamarajanagar,11.9261,76.94,22.58,81.77,3.02,4.7717
20220815,Chamarajanagar,11.9261,76.94,23.38,81.81,2.14,5.4972
20220816,Chamarajanagar,11.9261,76.94,24.16,78.22,1.19,6.2038
20220817,Chamarajanagar,11.9261,76.94,24.03,81.47,1.85,6.1471
20220818,Chamarajanagar,11.9261,76.94,23.04,86.45,2.36,5.3762
20220819,Chamarajanagar,11.9261,76.94,23.08,85.9,2.63,4.9567
20220820,Chamarajanagar,11.9261,76.94,22.75,84.69,2.61,4.6968
20220821,Chamarajanagar,11.9261,76.94,22.72,86.67,2.72,4.633
20220822,Chamarajanagar,11.9261,76.94,22.9,85.9,3.42,3.3324
20220823,Chamarajanagar,11.9261,76.94,22.51,86.62,3.04,4.6054
20220824,Chamarajanagar,11.9261,76.94,22.63,85.92,2.66,3.7742
20220825,Chamarajanagar,11.9261,76.94,22.4,87.4,1.92,4.0697
20220826,Chamarajanagar,11.9261,76.94,22.43,90.24,1.96,4.4978
20220827,Chamarajanagar,11.9261,76.94,21.74,91.21,1.95,3.9442
20220828,Chamarajanagar,11.9261,76.94,22.51,88.07,1.48,4.6625
20220829,Chamarajanagar,11.9261,76.94,22.49,92.46,1.57,3.7267
20220830,Chamarajanagar,11.9261,76.94,23.13,89.73,1.67,4.4892
20220831,Chamarajanagar,11.9261,76.94,22.39,90.61,1.37,4.8924
20220901,Chamarajanagar,11.9261,76.94,22.58,86.05,0.81,3.7586
20220902,Chamarajanagar,11.9261,76.94,23.15,87.53,1.35,4.541
20220903,Chamarajanagar,11.9261,76.94,24.19,84.11,0.91,4.9951
20220904,Chamarajanagar,11.9261,76.94,23.52,89.33,1.24,5.3021
20220905,Chamarajanagar,11.9261,76.94,23.87,87.11,0.81,5.5548
20220906,Chamarajanagar,11.9261,76.94,22.97,87.48,1.42,3.4402
20220907,Chamarajanagar,11.9261,76.94,22.14,90.33,1.83,3.5004
20220908,Chamarajanagar,11.9261,76.94,22.12,89.1,2.27,3.8681
20220909,Chamarajanagar,11.9261,76.94,22.52,88.59,2.55,3.8938
20220910,Chamarajanagar,11.9261,76.94,22.37,88.02,3.23,3.4399
20220911,Chamarajanagar,11.9261,76.94,21.93,88.96,3.41,3.9014
20220912,Chamarajanagar,11.9261,76.94,22.15,86.95,3.7,4.3591
20220913,Chamarajanagar,11.9261,76.94,22.4,87.45,2.81,4.7496
20220914,Chamarajanagar,11.9261,76.94,22.67,87.79,2.14,4.2806
20220915,Chamarajanagar,11.9261,76.94,22.0,87.84,2.12,5.2572
20220916,Chamarajanagar,11.9261,76.94,22.48,87.36,2.04,5.6042
20220917,Chamarajanagar,11.9261,76.94,22.15,88.05,1.89,5.6563
20220918,Chamarajanagar,11.9261,76.94,22.82,86.26,1.96,5.5507
20220919,Chamarajanagar,11.9261,76.94,22.5,87.51,2.42,5.0182
20220920,Chamarajanagar,11.9261,76.94,21.9,84.24,2.04,5.3556
20220921,Chamarajanagar,11.9261,76.94,22.43,85.09,2.13,6.0888
20220922,Chamarajanagar,11.9261,76.94,22.28,84.1,2.3,6.0178
20220923,Chamarajanagar,11.9261,76.94,21.82,85.3,1.93,6.0437
20220924,Chamarajanagar,11.9261,76.94,22.75,83.86,1.93,5.0354
20220925,Chamarajanagar,11.9261,76.94,23.41,80.97,1.65,5.9395
20220926,Chamarajanagar,11.9261,76.94,23.69,84.5,1.59,5.532
20220927,Chamarajanagar,11.9261,76.94,21.66,87.48,1.62,5.8896
20220928,Chamarajanagar,11.9261,76.94,23.03,82.92,1.78,5.395
20220929,Chamarajanagar,11.9261,76.94,22.27,85.86,1.67,5.3203
20220930,Chamarajanagar,11.9261,76.94,21.76,88.22,2.17,4.6219
20221001,Chamarajanagar,11.9261,76.94,21.62,86.45,2.4,3.6526
20221002,Chamarajanagar,11.9261,76.94,22.31,84.46,2.23,4.3109
20221003,Chamarajanagar,11.9261,76.94,22.43,85.93,2.15,4.4225
20221004,Chamarajanagar,11.9261,76.94,22.38,88.45,1.73,4.0572
20221005,Chamarajanagar,11.9261,76.94,22.21,88.28,1.97,4.1618
20221006,Chamarajanagar,11.9261,76.94,22.02,82.78,2.23,3.0346
20221007,Chamarajanagar,11.9261,76.94,22.12,82.83,1.7,5.6515
20221008,Chamarajanagar,11.9261,76.94,22.07,77.49,1.19,5.3851
20221009,Chamarajanagar,11.9261,76.94,22.45,88.68,1.16,3.6142
20221010,Chamarajanagar,11.9261,76.94,23.14,88.52,0.86,3.2186
20221011,Chamarajanagar,11.9261,76.94,23.33,86.19,1.11,3.697
20221012,Chamarajanagar,11.9261,76.94,23.31,85.98,0.75,4.4357
20221013,Chamarajanagar,11.9261,76.94,23.29,87.99,0.74,4.2979
20221014,Chamarajanagar,11.9261,76.94,23.39,86.64,0.96,4.8593
20221015,Chamarajanagar,11.9261,76.94,22.75,89.0,0.91,4.9066
20221016,Chamarajanagar,11.9261,76.94,23.04,87.98,1.2,3.6744
20221017,Chamarajanagar,11.9261,76.94,23.55,88.87,1.02,3.7277
20221018,Chamarajanagar,11.9261,76.94,22.16,91.22,1.15,4.0462
20221019,Chamarajanagar,11.9261,76.94,22.02,87.65,0.76,4.5134
20221020,Chamarajanagar,11.9261,76.94,23.17,86.82,1.04,4.5137
20221021,Chamarajanagar,11.9261,76.94,22.64,87.83,1.4,4.0294
20221022,Chamarajanagar,11.9261,76.94,22.8,85.49,1.27,5.011
20221023,Chamarajanagar,11.9261,76.94,22.85,84.08,1.03,5.1646
20221024,Chamarajanagar,11.9261,76.94,21.38,79.13,1.32,5.2865
20221025,Chamarajanagar,11.9261,76.94,21.06,74.81,1.01,6.018
20221026,Chamarajanagar,11.9261,76.94,20.75,69.45,0.88,6.0739
20221027,Chamarajanagar,11.9261,76.94,20.99,72.68,1.03,5.9957
20221028,Chamarajanagar,11.9261,76.94,21.55,82.25,1.19,5.0059
20221029,Chamarajanagar,11.9261,76.94,22.65,85.72,1.53,3.6281
20221030,Chamarajanagar,11.9261,76.94,22.58,85.18,1.54,3.0929
20221031,Chamarajanagar,11.9261,76.94,22.09,85.3,1.35,4.2634
20221101,Chamarajanagar,11.9261,76.94,21.2,91.41,1.18,3.9773
20221102,Chamarajanagar,11.9261,76.94,21.1,88.64,1.62,4.049
20221103,Chamarajanagar,11.9261,76.94,21.18,85.92,1.58,3.3526
20221104,Chamarajanagar,11.9261,76.94,21.58,87.13,1.81,3.8863
20221105,Chamarajanagar,11.9261,76.94,21.0,83.29,1.75,4.9106
20221106,Chamarajanagar,11.9261,76.94,21.23,88.82,1.42,4.0255
20221107,Chamarajanagar,11.9261,76.94,21.32,82.3,1.36,4.745
20221108,Chamarajanagar,11.9261,76.94,22.06,86.38,1.51,4.499
20221109,Chamarajanagar,11.9261,76.94,22.36,83.73,1.34,4.8199
20221110,Chamarajanagar,11.9261,76.94,22.34,81.74,1.33,5.3422
20221111,Chamarajanagar,11.9261,76.94,20.91,89.91,1.61,1.7117
20221112,Chamarajanagar,11.9261,76.94,20.25,94.22,1.98,1.6752
20221113,Chamarajanagar,11.9261,76.94,21.08,91.16,2.14,3.8966
20221114,Chamarajanagar,11.9261,76.94,20.83,88.29,1.39,4.9282
20221115,Chamarajanagar,11.9261,76.94,21.52,88.34,1.19,4.337
20221116,Chamarajanagar,11.9261,76.94,22.03,86.56,1.02,4.3632
20221117,Chamarajanagar,11.9261,76.94,20.68,78.3,1.26,4.9375
20221118,Chamarajanagar,11.9261,76.94,19.17,69.13,1.18,5.2836
20221119,Chamarajanagar,11.9261,76.94,19.02,75.86,1.38,5.3962
20221120,Chamarajanagar,11.9261,76.94,19.45,71.58,1.05,5.2423
20221121,Chamarajanagar,11.9261,76.94,19.42,75.25,1.06,5.6414
20221122,Chamarajanagar,11.9261,76.94,21.02,85.54,0.64,4.7866
20221123,Chamarajanagar,11.9261,76.94,22.17,86.62,0.54,3.3602
20221124,Chamarajanagar,11.9261,76.94,22.46,88.35,1.55,3.1848
20221125,Chamarajanagar,11.9261,76.94,22.17,85.7,1.59,3.9864
20221126,Chamarajanagar,11.9261,76.94,21.99,86.22,1.38,4.1614
20221127,Chamarajanagar,11.9261,76.94,22.28,86.62,1.03,2.5644
20221128,Chamarajanagar,11.9261,76.94,22.65,85.33,0.74,2.3143
20221129,Chamarajanagar,11.9261,76.94,22.31,87.27,1.23,2.8457
20221130,Chamarajanagar,11.9261,76.94,20.6,81.08,1.25,4.2422
20221201,Chamarajanagar,11.9261,76.94,21.04,84.86,1.47,4.8967
20221202,Chamarajanagar,11.9261,76.94,22.41,84.88,1.54,3.8952
20221203,Chamarajanagar,11.9261,76.94,22.12,83.46,1.67,4.8737
20221204,Chamarajanagar,11.9261,76.94,21.93,86.22,1.67,4.2977
20221205,Chamarajanagar,11.9261,76.94,20.55,87.47,1.51,3.8801
20221206,Chamarajanagar,11.9261,76.94,21.6,82.52,1.32,4.02
20221207,Chamarajanagar,11.9261,76.94,20.22,78.57,1.24,3.6552
20221208,Chamarajanagar,11.9261,76.94,18.72,74.57,1.3,4.0392
20221209,Chamarajanagar,11.9261,76.94,17.59,83.69,1.73,2.4396
20221210,Chamarajanagar,11.9261,76.94,19.42,91.24,3.21,2.0306
20221211,Chamarajanagar,11.9261,76.94,20.93,92.73,1.19,2.0717
20221212,Chamarajanagar,11.9261,76.94,21.69,91.62,1.49,2.4413
20221213,Chamarajanagar,11.9261,76.94,21.7,90.5,1.93,3.8203
20221214,Chamarajanagar,11.9261,76.94,21.11,88.07,1.88,3.4373
20221215,Chamarajanagar,11.9261,76.94,20.66,80.14,1.61,5.8361
20221216,Chamarajanagar,11.9261,76.94,19.92,72.14,1.37,5.9938
20221217,Chamarajanagar,11.9261,76.94,20.36,81.41,1.58,5.389
20221218,Chamarajanagar,11.9261,76.94,21.03,86.0,1.79,4.1244
20221219,Chamarajanagar,11.9261,76.94,19.78,78.48,1.71,5.1761
20221220,Chamarajanagar,11.9261,76.94,20.31,82.46,1.33,4.4786
20221221,Chamarajanagar,11.9261,76.94,20.37,71.15,1.27,5.5116
20221222,Chamarajanagar,11.9261,76.94,19.18,69.59,1.38,5.8476
20221223,Chamarajanagar,11.9261,76.94,20.36,77.56,1.28,5.7
20221224,Chamarajanagar,11.9261,76.94,21.34,81.0,1.23,5.701
20221225,Chamarajanagar,11.9261,76.94,21.32,86.58,1.93,3.8494
20221226,Chamarajanagar,11.9261,76.94,21.58,87.1,2.29,3.4313
20221227,Chamarajanagar,11.9261,76.94,21.54,86.16,1.99,3.8765
20221228,Chamarajanagar,11.9261,76.94,22.17,83.83,1.69,4.9826
20221229,Chamarajanagar,11.9261,76.94,21.43,80.44,1.61,5.6177
20221230,Chamarajanagar,11.9261,76.94,20.17,75.95,1.52,5.9491
20221231,Chamarajanagar,11.9261,76.94,19.82,70.3,1.19,5.8697
20230101,Chamarajanagar,11.9261,76.94,19.87,66.95,1.29,5.6052
20230102,Chamarajanagar,11.9261,76.94,19.08,74.21,1.79,5.9299
20230103,Chamarajanagar,11.9261,76.94,19.57,77.34,1.63,5.4732
20230104,Chamarajanagar,11.9261,76.94,19.96,76.46,1.72,5.605
20230105,Chamarajanagar,11.9261,76.94,19.73,75.56,2.05,5.2963
20230106,Chamarajanagar,11.9261,76.94,19.77,78.42,2.16,5.297
20230107,Chamarajanagar,11.9261,76.94,20.35,76.16,2.02,5.2834
20230108,Chamarajanagar,11.9261,76.94,20.64,76.36,1.54,4.8058
20230109,Chamarajanagar,11.9261,76.94,19.99,71.05,1.51,5.2754
20230110,Chamarajanagar,11.9261,76.94,18.58,64.98,1.79,6.215
20230111,Chamarajanagar,11.9261,76.94,19.01,64.29,1.4,6.2623
20230112,Chamarajanagar,11.9261,76.94,19.57,58.38,1.44,6.288
20230113,Chamarajanagar,11.9261,76.94,19.97,55.43,1.23,4.5814
20230114,Chamarajanagar,11.9261,76.94,19.64,60.19,1.22,5.9316
20230115,Chamarajanagar,11.9261,76.94,19.89,56.61,1.32,5.999
20230116,Chamarajanagar,11.9261,76.94,20.36,56.22,1.34,5.6604
20230117,Chamarajanagar,11.9261,76.94,19.86,63.82,1.18,6.2026
20230118,Chamarajanagar,11.9261,76.94,19.61,66.45,1.52,6.3274
20230119,Chamarajanagar,11.9261,76.94,19.61,63.53,1.67,6.4027
20230120,Chamarajanagar,11.9261,76.94,19.35,70.13,1.85,6.1358
20230121,Chamarajanagar,11.9261,76.94,20.68,69.11,1.6,5.5678
20230122,Chamarajanagar,11.9261,76.94,20.37,64.19,1.82,5.5406
20230123,Chamarajanagar,11.9261,76.94,21.68,71.97,1.79,5.2488
20230124,Chamarajanagar,11.9261,76.94,21.75,80.55,1.52,2.7833
20230125,Chamarajanagar,11.9261,76.94,21.66,69.2,1.53,4.8941
20230126,Chamarajanagar,11.9261,76.94,20.71,63.62,1.51,5.9206
20230127,Chamarajanagar,11.9261,76.94,20.44,62.07,1.64,6.181
20230128,Chamarajanagar,11.9261,76.94,20.28,57.9,1.78,6.4164
20230129,Chamarajanagar,11.9261,76.94,20.73,62.41,1.87,6.1519
20230130,Chamarajanagar,11.9261,76.94,22.36,71.71,1.42,4.6332
20230131,Chamarajanagar,11.9261,76.94,22.96,63.35,1.83,4.5581
20230201,Chamarajanagar,11.9261,76.94,23.03,55.7,2.1,5.4936
20230202,Chamarajanagar,11.9261,76.94,22.74,58.94,2.3,4.7729
20230203,Chamarajanagar,11.9261,76.94,23.36,63.78,2.03,3.145
20230204,Chamarajanagar,11.9261,76.94,23.54,64.68,2.16,4.8185
20230205,Chamarajanagar,11.9261,76.94,23.67,56.13,1.47,6.2602
20230206,Chamarajanagar,11.9261,76.94,23.01,56.92,1.46,6.0394
20230207,Chamarajanagar,11.9261,76.94,22.81,55.1,1.16,5.9342
20230208,Chamarajanagar,11.9261,76.94,23.31,53.71,1.59,6.0929
20230209,Chamarajanagar,11.9261,76.94,22.94,56.63,1.76,6.0113
20230210,Chamarajanagar,11.9261,76.94,23.05,53.84,1.92,6.1392
20230211,Chamarajanagar,11.9261,76.94,22.92,50.95,1.85,5.9314
20230212,Chamarajanagar,11.9261,76.94,23.52,44.26,1.98,6.7154
20230213,Chamarajanagar,11.9261,76.94,23.34,42.61,2.27,6.9014
20230214,Chamarajanagar,11.9261,76.94,22.99,45.28,1.76,6.947
20230215,Chamarajanagar,11.9261,76.94,23.18,41.8,1.81,6.9218
20230216,Chamarajanagar,11.9261,76.94,23.27,44.67,2.28,6.9175
20230217,Chamarajanagar,11.9261,76.94,22.73,48.01,2.11,6.9398
20230218,Chamarajanagar,11.9261,76.94,22.71,50.96,1.78,6.7704
20230219,Chamarajanagar,11.9261,76.94,23.37,47.6,1.74,6.3742
20230220,Chamarajanagar,11.9261,76.94,24.11,43.73,1.28,6.5054
20230221,Chamarajanagar,11.9261,76.94,24.19,39.27,1.71,6.5299
20230222,Chamarajanagar,11.9261,76.94,23.99,41.7,2.15,6.6715
20230223,Chamarajanagar,11.9261,76.94,22.95,40.84,2.37,7.3502
20230224,Chamarajanagar,11.9261,76.94,23.51,43.1,1.71,7.338
20230225,Chamarajanagar,11.9261,76.94,24.07,33.7,2.11,7.3747
20230226,Chamarajanagar,11.9261,76.94,23.93,36.55,2.35,7.1755
20230227,Chamarajanagar,11.9261,76.94,22.86,42.8,2.33,7.3788
20230228,Chamarajanagar,11.9261,76.94,23.61,44.8,2.4,6.6298
20230301,Chamarajanagar,11.9261,76.94,25.35,55.46,2.65,5.3774
20230302,Chamarajanagar,11.9261,76.94,24.27,42.07,2.62,7.3183
20230303,Chamarajanagar,11.9261,76.94,23.52,37.24,2.83,7.4894
20230304,Chamarajanagar,11.9261,76.94,24.24,37.51,2.68,7.2377
20230305,Chamarajanagar,11.9261,76.94,24.8,37.67,2.49,7.1266
20230306,Chamarajanagar,11.9261,76.94,24.69,31.58,2.5,7.4376
20230307,Chamarajanagar,11.9261,76.94,24.69,31.65,2.34,5.6059
20230308,Chamarajanagar,11.9261,76.94,24.58,39.28,2.46,7.2754
20230309,Chamarajanagar,11.9261,76.94,24.49,42.16,2.17,6.0593
20230310,Chamarajanagar,11.9261,76.94,24.96,40.75,2.27,6.3643
20230311,Chamarajanagar,11.9261,76.94,25.49,42.26,2.18,7.0416
20230312,Chamarajanagar,11.9261,76.94,25.38,46.57,2.5,7.3229
20230313,Chamarajanagar,11.9261,76.94,25.99,49.03,2.47,6.8506
20230314,Chamarajanagar,11.9261,76.94,26.87,38.04,1.75,5.9914
20230315,Chamarajanagar,11.9261,76.94,27.86,37.28,1.72,5.875
20230316,Chamarajanagar,11.9261,76.94,27.17,52.27,1.31,5.1214
20230317,Chamarajanagar,11.9261,76.94,27.07,55.8,1.29,5.6438
20230318,Chamarajanagar,11.9261,76.94,26.61,61.32,2.09,5.2726
20230319,Chamarajanagar,11.9261,76.94,26.4,58.41,1.85,6.2868
20230320,Chamarajanagar,11.9261,76.94,26.32,51.75,2.21,6.2904
20230321,Chamarajanagar,11.9261,76.94,26.26,43.29,2.13,7.1422
20230322,Chamarajanagar,11.9261,76.94,26.44,43.68,0.88,7.3493
20230323,Chamarajanagar,11.9261,76.94,27.84,47.99,1.07,6.4102
20230324,Chamarajanagar,11.9261,76.94,27.87,50.8,0.99,5.3422
20230325,Chamarajanagar,11.9261,76.94,25.55,68.92,1.29,5.3568
20230326,Chamarajanagar,11.9261,76.94,26.48,62.65,0.86,5.3395
20230327,Chamarajanagar,11.9261,76.94,26.83,59.44,1.12,4.9246
20230328,Chamarajanagar,11.9261,76.94,28.44,51.07,1.45,6.8201
20230329,Chamarajanagar,11.9261,76.94,26.87,66.47,1.75,4.4921
20230330,Chamarajanagar,11.9261,76.94,26.97,65.23,0.93,5.2582
20230331,Chamarajanagar,11.9261,76.94,28.05,55.8,0.46,6.6475
20230401,Chamarajanagar,11.9261,76.94,27.37,56.49,0.84,5.574
20230402,Chamarajanagar,11.9261,76.94,27.44,58.46,1.05,6.3365
20230403,Chamarajanagar,11.9261,76.94,26.67,59.81,1.6,6.0782
20230404,Chamarajanagar,11.9261,76.94,25.62,70.09,1.02,2.7506
20230405,Chamarajanagar,11.9261,76.94,27.31,61.16,1.21,5.8601
20230406,Chamarajanagar,11.9261,76.94,27.2,56.85,1.22,5.7293
20230407,Chamarajanagar,11.9261,76.94,27.17,52.24,2.25,6.299
20230408,Chamarajanagar,11.9261,76.94,27.21,49.36,2.68,7.2761
20230409,Chamarajanagar,11.9261,76.94,27.5,43.36,1.99,6.924
20230410,Chamarajanagar,11.9261,76.94,28.0,46.48,2.28,7.2446
20230411,Chamarajanagar,11.9261,76.94,27.85,42.05,1.88,7.2389
20230412,Chamarajanagar,11.9261,76.94,27.36,36.62,1.81,7.409
20230413,Chamarajanagar,11.9261,76.94,28.42,25.96,1.84,7.7652
20230414,Chamarajanagar,11.9261,76.94,28.0,30.72,1.67,7.3615
20230415,Chamarajanagar,11.9261,76.94,28.48,34.19,1.61,6.4822
20230416,Chamarajanagar,11.9261,76.94,28.05,34.38,1.94,7.1148
20230417,Chamarajanagar,11.9261,76.94,27.86,32.78,1.79,7.295
20230418,Chamarajanagar,11.9261,76.94,28.61,35.04,1.9,7.4762
20230419,Chamarajanagar,11.9261,76.94,29.37,34.7,1.66,7.2415
20230420,Chamarajanagar,11.9261,76.94,29.91,44.92,1.14,6.822
20230421,Chamarajanagar,11.9261,76.94,30.34,46.89,1.09,5.851
20230422,Chamarajanagar,11.9261,76.94,29.98,49.45,0.88,5.5728
20230423,Chamarajanagar,11.9261,76.94,28.44,58.96,0.69,5.1756
20230424,Chamarajanagar,11.9261,76.94,26.36,65.41,2.38,6.0518
20230425,Chamarajanagar,11.9261,76.94,25.87,66.68,1.43,4.6078
20230426,Chamarajanagar,11.9261,76.94,26.13,66.07,1.9,5.0263
20230427,Chamarajanagar,11.9261,76.94,27.4,60.42,1.72,5.5951
20230428,Chamarajanagar,11.9261,76.94,27.67,55.08,2.2,5.8162
20230429,Chamarajanagar,11.9261,76.94,27.43,61.99,1.59,4.9238
20230430,Chamarajanagar,11.9261,76.94,26.42,71.66,1.44,5.6398
20230501,Chamarajanagar,11.9261,76.94,24.16,82.08,0.86,4.1522
20230502,Chamarajanagar,11.9261,76.94,25.53,76.37,1.34,5.1744
20230503,Chamarajanagar,11.9261,76.94,24.08,79.8,1.98,6.0252
20230504,Chamarajanagar,11.9261,76.94,25.26,72.83,1.12,5.8735
20230505,Chamarajanagar,11.9261,76.94,23.78,77.63,1.17,4.8792
20230506,Chamarajanagar,11.9261,76.94,23.61,83.3,1.03,5.298
20230507,Chamarajanagar,11.9261,76.94,23.9,81.86,2.04,4.296
20230508,Chamarajanagar,11.9261,76.94,23.98,83.55,1.41,5.251
20230509,Chamarajanagar,11.9261,76.94,26.1,73.28,1.42,5.6006
20230510,Chamarajanagar,11.9261,76.94,26.77,70.89,1.54,6.2326
20230511,Chamarajanagar,11.9261,76.94,26.28,74.6,1.47,5.3227
20230512,Chamarajanagar,11.9261,76.94,26.96,70.26,1.45,5.5613
20230513,Chamarajanagar,11.9261,76.94,27.05,68.0,2.71,4.6838
20230514,Chamarajanagar,11.9261,76.94,26.73,70.0,2.7,6.4034
20230515,Chamarajanagar,11.9261,76.94,28.15,65.59,2.13,6.5342
20230516,Chamarajanagar,11.9261,76.94,28.64,61.91,1.65,7.0985
20230517,Chamarajanagar,11.9261,76.94,27.28,65.23,1.01,6.2606
20230518,Chamarajanagar,11.9261,76.94,28.49,63.31,1.19,5.4602
20230519,Chamarajanagar,11.9261,76.94,27.0,70.49,1.43,5.6107
20230520,Chamarajanagar,11.9261,76.94,27.55,68.51,1.61,6.1776
20230521,Chamarajanagar,11.9261,76.94,26.8,73.41,1.29,5.7732
20230522,Chamarajanagar,11.9261,76.94,26.87,71.95,1.37,5.3705
20230523,Chamarajanagar,11.9261,76.94,26.82,69.52,1.31,5.8586
20230524,Chamarajanagar,11.9261,76.94,25.73,76.02,1.32,5.5123
20230525,Chamarajanagar,11.9261,76.94,26.34,73.02,2.13,5.3076
20230526,Chamarajanagar,11.9261,76.94,25.63,74.39,1.93,4.8684
20230527,Chamarajanagar,11.9261,76.94,27.14,68.45,1.6,6.8345
20230528,Chamarajanagar,11.9261,76.94,26.35,70.37,1.54,5.3724
20230529,Chamarajanagar,11.9261,76.94,27.0,69.97,1.37,5.7235
20230530,Chamarajanagar,11.9261,76.94,26.54,71.84,1.1,4.4273
20230531,Chamarajanagar,11.9261,76.94,26.82,68.62,1.22,4.5262
20230601,Chamarajanagar,11.9261,76.94,26.24,73.08,1.95,4.6536
20230602,Chamarajanagar,11.9261,76.94,26.48,69.96,2.05,4.9349
20230603,Chamarajanagar,11.9261,76.94,27.55,67.8,2.12,5.4478
20230604,Chamarajanagar,11.9261,76.94,26.44,71.55,2.26,5.1264
20230605,Chamarajanagar,11.9261,76.94,25.59,75.76,2.46,5.4442
20230606,Chamarajanagar,11.9261,76.94,26.52,68.44,2.62,6.5546
20230607,Chamarajanagar,11.9261,76.94,26.43,70.92,3.34,5.7235
20230608,Chamarajanagar,11.9261,76.94,25.62,74.55,2.97,5.6978
20230609,Chamarajanagar,11.9261,76.94,26.18,70.61,3.44,5.4497
20230610,Chamarajanagar,11.9261,76.94,25.38,71.29,4.11,4.8857
20230611,Chamarajanagar,11.9261,76.94,25.55,72.6,3.36,4.6894
20230612,Chamarajanagar,11.9261,76.94,25.66,75.14,3.15,4.5019
20230613,Chamarajanagar,11.9261,76.94,25.91,73.48,3.35,4.9862
20230614,Chamarajanagar,11.9261,76.94,25.4,74.57,3.41,5.3009
20230615,Chamarajanagar,11.9261,76.94,26.68,70.25,3.18,5.6585
20230616,Chamarajanagar,11.9261,76.94,27.01,67.73,3.48,6.2508
20230617,Chamarajanagar,11.9261,76.94,25.7,74.65,3.28,5.5843
20230618,Chamarajanagar,11.9261,76.94,24.9,75.68,2.88,4.6003
20230619,Chamarajanagar,11.9261,76.94,24.71,71.49,2.35,5.2039
20230620,Chamarajanagar,11.9261,76.94,25.51,71.03,1.16,3.6358
20230621,Chamarajanagar,11.9261,76.94,25.85,73.0,1.22,4.1712
20230622,Chamarajanagar,11.9261,76.94,25.47,71.57,2.3,5.185
20230623,Chamarajanagar,11.9261,76.94,23.81,71.34,3.0,4.5492
20230624,Chamarajanagar,11.9261,76.94,23.42,79.74,3.33,4.7484
20230625,Chamarajanagar,11.9261,76.94,23.74,79.59,2.88,4.237
20230626,Chamarajanagar,11.9261,76.94,23.76,70.77,3.2,4.6294
20230627,Chamarajanagar,11.9261,76.94,24.3,72.63,3.26,3.7255
20230628,Chamarajanagar,11.9261,76.94,24.52,69.14,3.29,4.4069
20230629,Chamarajanagar,11.9261,76.94,24.89,71.52,3.51,3.8402
20230630,Chamarajanagar,11.9261,76.94,24.24,69.68,3.39,5.1238
20230701,Chamarajanagar,11.9261,76.94,24.82,69.64,3.17,4.9522
20230702,Chamarajanagar,11.9261,76.94,23.86,73.53,3.69,4.5094
20230703,Chamarajanagar,11.9261,76.94,23.99,78.9,4.09,4.1393
20230704,Chamarajanagar,11.9261,76.94,23.16,81.74,4.72,2.7259
20230705,Chamarajanagar,11.9261,76.94,22.85,81.39,4.75,2.7161
20230706,Chamarajanagar,11.9261,76.94,22.66,79.98,4.72,1.9987
20230707,Chamarajanagar,11.9261,76.94,23.12,81.88,3.68,2.7401
20230708,Chamarajanagar,11.9261,76.94,23.59,78.09,3.19,3.1742
20230709,Chamarajanagar,11.9261,76.94,24.28,77.84,2.74,4.621
20230710,Chamarajanagar,11.9261,76.94,24.53,78.86,1.97,4.5881
20230711,Chamarajanagar,11.9261,76.94,24.48,73.48,3.21,2.8625
20230712,Chamarajanagar,11.9261,76.94,23.5,71.88,3.49,5.4576
20230713,Chamarajanagar,11.9261,76.94,23.4,74.67,3.5,4.4806
20230714,Chamarajanagar,11.9261,76.94,24.03,74.88,3.6,4.6682
20230715,Chamarajanagar,11.9261,76.94,24.48,74.11,3.26,4.4902
20230716,Chamarajanagar,11.9261,76.94,24.94,75.14,3.17,4.9898
20230717,Chamarajanagar,11.9261,76.94,24.38,77.27,3.61,4.0274
20230718,Chamarajanagar,11.9261,76.94,24.77,74.61,4.71,4.8396
20230719,Chamarajanagar,11.9261,76.94,24.08,75.97,5.63,3.5306
20230720,Chamarajanagar,11.9261,76.94,24.35,73.98,5.78,4.5019
20230721,Chamarajanagar,11.9261,76.94,23.92,76.88,5.88,4.2086
20230722,Chamarajanagar,11.9261,76.94,23.71,75.08,5.7,2.8399
20230723,Chamarajanagar,11.9261,76.94,23.57,78.97,4.83,2.5805
20230724,Chamarajanagar,11.9261,76.94,22.44,82.47,4.85,2.4835
20230725,Chamarajanagar,11.9261,76.94,21.96,84.72,3.99,2.4202
20230726,Chamarajanagar,11.9261,76.94,22.84,80.7,4.62,2.3088
20230727,Chamarajanagar,11.9261,76.94,22.43,80.99,4.62,3.8098
20230728,Chamarajanagar,11.9261,76.94,23.69,76.42,4.6,3.9158
20230729,Chamarajanagar,11.9261,76.94,24.38,74.82,4.51,4.6733
20230730,Chamarajanagar,11.9261,76.94,24.8,73.43,4.15,4.763
20230731,Chamarajanagar,11.9261,76.94,24.93,73.8,4.25,4.9006
20230801,Chamarajanagar,11.9261,76.94,24.73,74.01,4.3,5.3688
20230802,Chamarajanagar,11.9261,76.94,24.25,74.77,4.25,5.4854
20230803,Chamarajanagar,11.9261,76.94,24.75,73.43,4.24,4.817
20230804,Chamarajanagar,11.9261,76.94,24.94,73.18,4.07,4.7345
20230805,Chamarajanagar,11.9261,76.94,25.19,71.94,3.86,4.5552
20230806,Chamarajanagar,11.9261,76.94,25.45,72.38,3.19,4.9447
20230807,Chamarajanagar,11.9261,76.94,25.77,70.49,3.09,5.2889
20230808,Chamarajanagar,11.9261,76.94,25.25,71.43,2.73,4.499
20230809,Chamarajanagar,11.9261,76.94,25.29,71.8,2.23,5.1775
20230810,Chamarajanagar,11.9261,76.94,24.52,79.15,1.65,4.5226
20230811,Chamarajanagar,11.9261,76.94,25.32,76.34,1.21,4.4206
20230812,Chamarajanagar,11.9261,76.94,24.41,77.72,2.08,4.7513
20230813,Chamarajanagar,11.9261,76.94,24.9,72.85,2.45,5.1341
20230814,Chamarajanagar,11.9261,76.94,25.46,68.57,2.63,5.4108
20230815,Chamarajanagar,11.9261,76.94,25.33,68.28,2.59,6.3122
20230816,Chamarajanagar,11.9261,76.94,25.99,67.49,2.72,6.4702
20230817,Chamarajanagar,11.9261,76.94,25.71,69.35,3.49,5.2661
20230818,Chamarajanagar,11.9261,76.94,24.36,72.63,3.57,5.5094
20230819,Chamarajanagar,11.9261,76.94,24.87,72.54,3.81,4.1549
20230820,Chamarajanagar,11.9261,76.94,25.69,70.92,3.2,4.7129
20230821,Chamarajanagar,11.9261,76.94,26.33,67.44,2.54,5.9395
20230822,Chamarajanagar,11.9261,76.94,26.03,72.88,1.5,5.2908
20230823,Chamarajanagar,11.9261,76.94,26.15,69.76,2.14,5.8442
20230824,Chamarajanagar,11.9261,76.94,25.93,68.09,2.74,5.9705
20230825,Chamarajanagar,11.9261,76.94,25.89,65.02,2.47,6.3106
20230826,Chamarajanagar,11.9261,76.94,26.13,68.04,1.99,5.5942
20230827,Chamarajanagar,11.9261,76.94,26.02,70.82,1.96,5.3136
20230828,Chamarajanagar,11.9261,76.94,25.67,68.69,2.2,5.807
20230829,Chamarajanagar,11.9261,76.94,25.68,70.53,2.12,5.3945
20230830,Chamarajanagar,11.9261,76.94,25.91,70.91,3.04,5.8625
20230831,Chamarajanagar,11.9261,76.94,25.72,73.05,1.68,4.4546
20230901,Chamarajanagar,11.9261,76.94,24.03,83.48,1.53,5.3431
20230902,Chamarajanagar,11.9261,76.94,23.77,81.73,2.35,4.775
20230903,Chamarajanagar,11.9261,76.94,23.16,81.81,2.47,5.4341
20230904,Chamarajanagar,11.9261,76.94,23.12,77.45,2.87,4.7542
20230905,Chamarajanagar,11.9261,76.94,23.13,78.91,3.24,3.5424
20230906,Chamarajanagar,11.9261,76.94,22.74,80.34,3.04,4.3457
20230907,Chamarajanagar,11.9261,76.94,22.59,78.47,3.1,3.588
20230908,Chamarajanagar,11.9261,76.94,23.2,77.81,3.49,4.0262
20230909,Chamarajanagar,11.9261,76.94,23.99,77.38,3.28,4.223
20230910,Chamarajanagar,11.9261,76.94,23.69,81.0,3.15,4.2559
20230911,Chamarajanagar,11.9261,76.94,22.99,79.38,3.5,4.3008
20230912,Chamarajanagar,11.9261,76.94,23.76,77.03,3.33,5.5759
20230913,Chamarajanagar,11.9261,76.94,24.45,74.0,3.28,4.668
20230914,Chamarajanagar,11.9261,76.94,23.94,75.54,3.4,3.9962
20230915,Chamarajanagar,11.9261,76.94,22.54,78.52,3.23,4.139
20230916,Chamarajanagar,11.9261,76.94,23.83,79.55,3.09,3.9418
20230917,Chamarajanagar,11.9261,76.94,24.33,78.55,2.56,4.0044
20230918,Chamarajanagar,11.9261,76.94,24.34,78.75,2.61,4.9265
20230919,Chamarajanagar,11.9261,76.94,24.55,78.79,2.6,5.1307
20230920,Chamarajanagar,11.9261,76.94,23.5,80.95,2.21,5.4864
20230921,Chamarajanagar,11.9261,76.94,22.74,83.81,1.42,4.7069
20230922,Chamarajanagar,11.9261,76.94,24.21,82.48,1.33,5.1744
20230923,Chamarajanagar,11.9261,76.94,24.19,82.49,1.99,4.757
20230924,Chamarajanagar,11.9261,76.94,23.24,84.23,2.2,5.1713
20230925,Chamarajanagar,11.9261,76.94,22.99,83.08,2.12,5.0928
20230926,Chamarajanagar,11.9261,76.94,24.31,77.51,2.25,4.8674
20230927,Chamarajanagar,11.9261,76.94,23.94,73.42,2.91,5.161
20230928,Chamarajanagar,11.9261,76.94,22.92,81.28,2.7,4.0356
20230929,Chamarajanagar,11.9261,76.94,22.93,81.43,3.23,3.0442
20230930,Chamarajanagar,11.9261,76.94,23.09,77.37,3.32,3.3487
20231001,Chamarajanagar,11.9261,76.94,23.77,80.31,3.54,3.4505
20231002,Chamarajanagar,11.9261,76.94,24.2,77.72,2.92,4.4398
20231003,Chamarajanagar,11.9261,76.94,24.25,72.54,2.36,6.4493
20231004,Chamarajanagar,11.9261,76.94,24.62,71.21,1.88,6.089
20231005,Chamarajanagar,11.9261,76.94,24.81,69.07,1.67,6.6197
20231006,Chamarajanagar,11.9261,76.94,24.54,63.66,1.44,6.343
20231007,Chamarajanagar,11.9261,76.94,25.32,71.75,0.91,5.6911
20231008,Chamarajanagar,11.9261,76.94,25.36,76.08,0.9,4.0488
20231009,Chamarajanagar,11.9261,76.94,25.16,78.89,0.87,4.0711
20231010,Chamarajanagar,11.9261,76.94,23.83,86.9,1.14,4.0361
20231011,Chamarajanagar,11.9261,76.94,22.56,90.28,1.3,3.2779
20231012,Chamarajanagar,11.9261,76.94,23.88,82.36,1.55,3.6377
20231013,Chamarajanagar,11.9261,76.94,23.96,71.72,1.35,5.5675
20231014,Chamarajanagar,11.9261,76.94,23.67,73.85,1.16,4.5806
20231015,Chamarajanagar,11.9261,76.94,23.72,82.15,1.25,4.3243
20231016,Chamarajanagar,11.9261,76.94,23.7,84.96,0.85,4.0992
20231017,Chamarajanagar,11.9261,76.94,22.46,84.55,0.82,4.7006
20231018,Chamarajanagar,11.9261,76.94,23.53,78.63,1.24,4.9502
20231019,Chamarajanagar,11.9261,76.94,23.64,73.98,1.4,4.7172
20231020,Chamarajanagar,11.9261,76.94,23.91,74.71,1.39,5.1626
20231021,Chamarajanagar,11.9261,76.94,24.38,73.92,1.52,4.5785
20231022,Chamarajanagar,11.9261,76.94,24.86,71.37,1.19,4.2379
20231023,Chamarajanagar,11.9261,76.94,24.6,68.71,0.93,4.5098
20231024,Chamarajanagar,11.9261,76.94,24.21,64.73,0.93,5.4422
20231025,Chamarajanagar,11.9261,76.94,24.74,69.02,0.84,4.9493
20231026,Chamarajanagar,11.9261,76.94,24.55,70.91,1.1,5.2738
20231027,Chamarajanagar,11.9261,76.94,24.35,70.95,1.24,4.2965
20231028,Chamarajanagar,11.9261,76.94,24.24,75.51,1.26,4.4825
20231029,Chamarajanagar,11.9261,76.94,23.1,81.72,1.42,3.984
20231030,Chamarajanagar,11.9261,76.94,22.0,86.5,1.57,4.0454
20231031,Chamarajanagar,11.9261,76.94,22.89,78.98,1.12,4.0522
20231101,Chamarajanagar,11.9261,76.94,23.89,77.0,1.11,4.6454
20231102,Chamarajanagar,11.9261,76.94,24.3,78.85,1.49,4.8509
20231103,Chamarajanagar,11.9261,76.94,24.49,78.72,1.51,4.5866
20231104,Chamarajanagar,11.9261,76.94,23.36,84.32,1.07,3.0139
20231105,Chamarajanagar,11.9261,76.94,22.59,87.73,1.88,3.6314
20231106,Chamarajanagar,11.9261,76.94,22.75,83.85,0.68,4.1662
20231107,Chamarajanagar,11.9261,76.94,22.61,89.41,0.75,4.6606
20231108,Chamarajanagar,11.9261,76.94,23.2,85.91,1.07,4.3771
20231109,Chamarajanagar,11.9261,76.94,21.78,87.99,1.61,3.6238
20231110,Chamarajanagar,11.9261,76.94,21.96,84.68,1.54,4.223
20231111,Chamarajanagar,11.9261,76.94,22.49,78.41,1.58,5.0815
20231112,Chamarajanagar,11.9261,76.94,21.41,78.03,1.69,4.9831
20231113,Chamarajanagar,11.9261,76.94,21.91,79.84,1.58,5.256
20231114,Chamarajanagar,11.9261,76.94,21.17,78.92,1.75,4.3505
20231115,Chamarajanagar,11.9261,76.94,22.36,76.98,1.12,4.5185
20231116,Chamarajanagar,11.9261,76.94,23.67,77.75,0.91,3.935
20231117,Chamarajanagar,11.9261,76.94,24.11,77.45,1.11,4.1875
20231118,Chamarajanagar,11.9261,76.94,24.15,75.73,1.66,4.146
20231119,Chamarajanagar,11.9261,76.94,23.69,74.64,2.2,5.1883
20231120,Chamarajanagar,11.9261,76.94,23.74,74.07,1.39,5.375
20231121,Chamarajanagar,11.9261,76.94,23.96,80.21,1.35,4.6438
20231122,Chamarajanagar,11.9261,76.94,23.26,88.87,1.63,3.8126
20231123,Chamarajanagar,11.9261,76.94,22.68,83.93,2.34,2.9134
20231124,Chamarajanagar,11.9261,76.94,23.12,83.87,1.85,3.4109
20231125,Chamarajanagar,11.9261,76.94,23.58,81.69,1.97,4.4249
20231126,Chamarajanagar,11.9261,76.94,22.79,82.41,2.58,4.3164
20231127,Chamarajanagar,11.9261,76.94,23.3,79.04,1.89,5.2306
20231128,Chamarajanagar,11.9261,76.94,23.56,80.57,1.47,5.0218
20231129,Chamarajanagar,11.9261,76.94,23.07,82.43,1.6,4.1405
20231130,Chamarajanagar,11.9261,76.94,22.91,80.51,1.69,3.8671
20231201,Chamarajanagar,11.9261,76.94,23.93,76.77,1.25,4.098
20231202,Chamarajanagar,11.9261,76.94,24.15,74.31,1.72,4.9488
20231203,Chamarajanagar,11.9261,76.94,24.07,80.84,2.05,3.2414
20231204,Chamarajanagar,11.9261,76.94,24.13,76.55,2.07,2.9633
20231205,Chamarajanagar,11.9261,76.94,24.35,72.78,1.68,4.35
20231206,Chamarajanagar,11.9261,76.94,24.13,73.23,1.13,5.0558
20231207,Chamarajanagar,11.9261,76.94,24.51,76.03,0.85,4.1191
20231208,Chamarajanagar,11.9261,76.94,23.05,88.3,0.81,3.4238
20231209,Chamarajanagar,11.9261,76.94,22.26,87.71,1.47,3.5189
20231210,Chamarajanagar,11.9261,76.94,23.34,78.06,1.55,3.7243
20231211,Chamarajanagar,11.9261,76.94,22.09,81.56,1.15,3.4433
20231212,Chamarajanagar,11.9261,76.94,22.69,78.69,1.07,3.6137
20231213,Chamarajanagar,11.9261,76.94,22.43,75.0,1.39,3.3336
20231214,Chamarajanagar,11.9261,76.94,21.53,71.93,1.57,4.681
20231215,Chamarajanagar,11.9261,76.94,22.57,75.9,1.35,4.8209
20231216,Chamarajanagar,11.9261,76.94,23.71,79.62,2.02,4.5636
20231217,Chamarajanagar,11.9261,76.94,22.36,82.77,2.43,2.7211
20231218,Chamarajanagar,11.9261,76.94,21.22,84.72,2.09,2.0822
20231219,Chamarajanagar,11.9261,76.94,21.34,75.43,2.33,4.3022
20231220,Chamarajanagar,11.9261,76.94,22.08,72.89,1.98,4.4899
20231221,Chamarajanagar,11.9261,76.94,22.6,78.45,1.69,4.1616
20231222,Chamarajanagar,11.9261,76.94,23.92,73.07,1.1,4.4203
20231223,Chamarajanagar,11.9261,76.94,21.99,66.16,1.65,5.0057
20231224,Chamarajanagar,11.9261,76.94,20.95,73.49,1.75,5.4703
20231225,Chamarajanagar,11.9261,76.94,23.07,74.57,2.29,3.9646
20231226,Chamarajanagar,11.9261,76.94,21.82,65.3,2.17,6.0146
20231227,Chamarajanagar,11.9261,76.94,21.58,66.33,2.18,6.1018
20231228,Chamarajanagar,11.9261,76.94,22.28,74.35,2.37,4.734
20231229,Chamarajanagar,11.9261,76.94,22.81,74.05,2.33,3.8006
20231230,Chamarajanagar,11.9261,76.94,22.21,71.69,1.99,4.7933
20231231,Chamarajanagar,11.9261,76.94,21.76,65.16,2.01,5.4996
20240101,Chamarajanagar,11.9261,76.94,23.02,65.23,1.09,3.9864
20240102,Chamarajanagar,11.9261,76.94,22.96,68.79,1.25,4.0968
20240103,Chamarajanagar,11.9261,76.94,22.61,72.2,1.13,2.3834
20240104,Chamarajanagar,11.9261,76.94,22.09,81.96,1.6,2.2656
20240105,Chamarajanagar,11.9261,76.94,22.64,81.31,1.62,3.0358
20240106,Chamarajanagar,11.9261,76.94,22.55,74.89,1.65,3.7978
20240107,Chamarajanagar,11.9261,76.94,22.66,73.85,1.9,3.1841
20240108,Chamarajanagar,11.9261,76.94,22.6,79.69,2.81,3.4236
20240109,Chamarajanagar,11.9261,76.94,21.47,83.03,2.42,2.4787
20240110,Chamarajanagar,11.9261,76.94,22.18,71.62,2.25,3.7058
20240111,Chamarajanagar,11.9261,76.94,21.96,67.01,2.22,5.4487
20240112,Chamarajanagar,11.9261,76.94,21.63,70.9,2.51,5.9484
20240113,Chamarajanagar,11.9261,76.94,22.73,69.26,2.03,5.1492
20240114,Chamarajanagar,11.9261,76.94,23.42,65.98,1.75,5.2066
20240115,Chamarajanagar,11.9261,76.94,22.55,64.59,1.25,5.2961
20240116,Chamarajanagar,11.9261,76.94,22.27,65.76,1.05,5.1667
20240117,Chamarajanagar,11.9261,76.94,22.37,67.15,1.26,5.2493
20240118,Chamarajanagar,11.9261,76.94,22.37,63.18,1.13,4.8523
20240119,Chamarajanagar,11.9261,76.94,23.27,62.86,1.25,5.2572
20240120,Chamarajanagar,11.9261,76.94,24.33,67.67,1.4,4.6925
20240121,Chamarajanagar,11.9261,76.94,24.29,62.96,1.45,5.7396
20240122,Chamarajanagar,11.9261,76.94,24.6,62.23,1.04,5.6155
20240123,Chamarajanagar,11.9261,76.94,24.26,63.14,0.85,5.2135
20240124,Chamarajanagar,11.9261,76.94,24.27,63.81,1.0,5.2805
20240125,Chamarajanagar,11.9261,76.94,24.06,61.67,1.58,5.107
20240126,Chamarajanagar,11.9261,76.94,23.21,56.8,2.09,6.0514
20240127,Chamarajanagar,11.9261,76.94,23.14,58.93,2.22,6.1697
20240128,Chamarajanagar,11.9261,76.94,23.45,60.67,2.14,5.8709
20240129,Chamarajanagar,11.9261,76.94,23.24,58.15,1.56,5.4012
20240130,Chamarajanagar,11.9261,76.94,23.33,55.09,0.95,6.0334
20240131,Chamarajanagar,11.9261,76.94,24.3,58.24,1.23,6.055
20240201,Chamarajanagar,11.9261,76.94,24.74,55.5,0.81,6.0166
20240202,Chamarajanagar,11.9261,76.94,25.45,56.48,0.76,5.1281
20240203,Chamarajanagar,11.9261,76.94,25.9,60.83,2.05,5.1206
20240204,Chamarajanagar,11.9261,76.94,24.62,55.51,1.96,5.9028
20240205,Chamarajanagar,11.9261,76.94,24.02,52.03,2.0,6.5138
20240206,Chamarajanagar,11.9261,76.94,23.93,51.91,1.94,6.6334
20240207,Chamarajanagar,11.9261,76.94,24.32,48.51,1.92,6.7944
20240208,Chamarajanagar,11.9261,76.94,25.12,40.88,1.75,6.0655
20240209,Chamarajanagar,11.9261,76.94,24.58,45.63,1.97,6.595
20240210,Chamarajanagar,11.9261,76.94,24.16,54.23,2.35,6.4399
20240211,Chamarajanagar,11.9261,76.94,24.5,54.81,2.39,6.5734
20240212,Chamarajanagar,11.9261,76.94,23.8,51.01,2.27,6.9401
20240213,Chamarajanagar,11.9261,76.94,23.87,53.23,2.06,6.8371
20240214,Chamarajanagar,11.9261,76.94,25.5,54.88,2.38,6.3902
20240215,Chamarajanagar,11.9261,76.94,24.53,49.33,2.25,6.7258
20240216,Chamarajanagar,11.9261,76.94,24.43,52.36,2.39,6.8431
20240217,Chamarajanagar,11.9261,76.94,25.32,46.77,1.82,6.6014
20240218,Chamarajanagar,11.9261,76.94,25.54,40.33,1.33,6.5666
20240219,Chamarajanagar,11.9261,76.94,26.06,47.32,1.41,6.2383
20240220,Chamarajanagar,11.9261,76.94,26.85,49.31,1.74,5.911
20240221,Chamarajanagar,11.9261,76.94,27.73,46.06,1.07,5.9494
20240222,Chamarajanagar,11.9261,76.94,27.54,45.32,1.29,5.8822
20240223,Chamarajanagar,11.9261,76.94,27.77,46.21,1.08,6.5962
20240224,Chamarajanagar,11.9261,76.94,27.74,46.96,1.06,5.6666
20240225,Chamarajanagar,11.9261,76.94,27.68,51.24,2.58,5.7936
20240226,Chamarajanagar,11.9261,76.94,26.15,50.21,3.02,6.6905
20240227,Chamarajanagar,11.9261,76.94,27.02,51.56,2.9,6.7586
20240228,Chamarajanagar,11.9261,76.94,27.01,43.91,2.14,7.062
20240229,Chamarajanagar,11.9261,76.94,26.11,38.86,2.1,7.0606
20240301,Chamarajanagar,11.9261,76.94,25.45,44.5,2.22,6.8873
20240302,Chamarajanagar,11.9261,76.94,26.0,36.41,1.78,6.2369
20240303,Chamarajanagar,11.9261,76.94,27.17,36.68,1.23,6.6734
20240304,Chamarajanagar,11.9261,76.94,28.3,37.57,1.05,6.8158
20240305,Chamarajanagar,11.9261,76.94,28.4,36.71,1.46,6.8969
20240306,Chamarajanagar,11.9261,76.94,28.64,35.0,0.91,6.0547
20240307,Chamarajanagar,11.9261,76.94,27.76,34.88,1.73,6.7354
20240308,Chamarajanagar,11.9261,76.94,28.69,34.11,0.98,5.7811
20240309,Chamarajanagar,11.9261,76.94,29.02,40.21,1.09,6.0043
20240310,Chamarajanagar,11.9261,76.94,29.24,40.3,1.9,5.8488
20240311,Chamarajanagar,11.9261,76.94,28.68,38.94,2.14,5.845
20240312,Chamarajanagar,11.9261,76.94,28.37,39.78,1.94,6.2981
20240313,Chamarajanagar,11.9261,76.94,28.33,37.82,1.3,5.7874
20240314,Chamarajanagar,11.9261,76.94,28.87,50.4,0.86,5.6009
20240315,Chamarajanagar,11.9261,76.94,30.11,42.92,1.35,5.6839
20240316,Chamarajanagar,11.9261,76.94,28.82,38.64,2.22,5.9395
20240317,Chamarajanagar,11.9261,76.94,27.55,38.18,2.36,6.6439
20240318,Chamarajanagar,11.9261,76.94,27.82,34.89,1.65,6.6775
20240319,Chamarajanagar,11.9261,76.94,28.15,33.14,1.84,6.8098
20240320,Chamarajanagar,11.9261,76.94,28.18,33.41,1.88,6.919
20240321,Chamarajanagar,11.9261,76.94,27.9,44.54,2.19,6.6398
20240322,Chamarajanagar,11.9261,76.94,28.9,46.0,1.9,5.7406
20240323,Chamarajanagar,11.9261,76.94,29.08,44.17,2.15,6.3072
20240324,Chamarajanagar,11.9261,76.94,28.79,32.45,2.13,6.8218
20240325,Chamarajanagar,11.9261,76.94,28.35,34.55,2.16,7.1285
20240326,Chamarajanagar,11.9261,76.94,28.5,27.83,2.19,7.0855
20240327,Chamarajanagar,11.9261,76.94,28.09,22.03,2.05,7.4422
20240328,Chamarajanagar,11.9261,76.94,28.32,28.16,1.76,7.2648
20240329,Chamarajanagar,11.9261,76.94,29.52,37.64,2.01,6.631
20240330,Chamarajanagar,11.9261,76.94,29.4,34.69,2.03,7.2389
20240331,Chamarajanagar,11.9261,76.94,28.74,33.7,1.52,7.2091
20240401,Chamarajanagar,11.9261,76.94,29.87,39.36,1.14,7.1741
20240402,Chamarajanagar,11.9261,76.94,30.64,42.13,1.27,6.9341
20240403,Chamarajanagar,11.9261,76.94,30.42,40.27,1.71,6.7027
20240404,Chamarajanagar,11.9261,76.94,30.34,40.85,1.76,7.1669
20240405,Chamarajanagar,11.9261,76.94,31.04,36.22,1.68,7.0042
20240406,Chamarajanagar,11.9261,76.94,30.19,33.03,2.14,6.9204
20240407,Chamarajanagar,11.9261,76.94,30.15,34.98,1.94,7.0944
20240408,Chamarajanagar,11.9261,76.94,30.72,39.17,1.94,7.2888
20240409,Chamarajanagar,11.9261,76.94,30.21,41.26,2.89,7.1674
20240410,Chamarajanagar,11.9261,76.94,29.61,40.76,2.26,7.4014
20240411,Chamarajanagar,11.9261,76.94,29.82,45.36,2.33,7.0258
20240412,Chamarajanagar,11.9261,76.94,28.69,55.66,2.36,5.6018
20240413,Chamarajanagar,11.9261,76.94,28.6,52.09,2.24,5.501
20240414,Chamarajanagar,11.9261,76.94,29.17,46.13,2.19,6.7243
20240415,Chamarajanagar,11.9261,76.94,29.67,41.32,2.34,7.1654
20240416,Chamarajanagar,11.9261,76.94,29.83,42.49,1.96,6.7766
20240417,Chamarajanagar,11.9261,76.94,30.72,45.93,1.4,6.1663
20240418,Chamarajanagar,11.9261,76.94,30.91,50.25,1.49,5.2526
20240419,Chamarajanagar,11.9261,76.94,31.33,49.52,1.91,5.4619
20240420,Chamarajanagar,11.9261,76.94,31.42,47.09,1.75,4.9006
20240421,Chamarajanagar,11.9261,76.94,31.53,42.18,1.65,6.3509
20240422,Chamarajanagar,11.9261,76.94,31.44,44.33,1.49,6.2928
20240423,Chamarajanagar,11.9261,76.94,30.98,42.44,1.65,7.1882
20240424,Chamarajanagar,11.9261,76.94,29.86,39.12,1.73,6.5726
20240425,Chamarajanagar,11.9261,76.94,30.34,39.61,1.9,6.6302
20240426,Chamarajanagar,11.9261,76.94,30.34,41.14,1.84,6.9473
20240427,Chamarajanagar,11.9261,76.94,30.4,36.4,1.98,7.404
20240428,Chamarajanagar,11.9261,76.94,30.87,35.54,2.06,7.4071
20240429,Chamarajanagar,11.9261,76.94,31.24,33.58,1.75,7.3954
20240430,Chamarajanagar,11.9261,76.94,31.44,35.58,1.58,6.4339
20240501,Chamarajanagar,11.9261,76.94,31.99,49.81,1.72,5.8908
20240502,Chamarajanagar,11.9261,76.94,32.1,48.0,1.29,5.8411
20240503,Chamarajanagar,11.9261,76.94,30.42,58.11,1.57,4.7083
20240504,Chamarajanagar,11.9261,76.94,28.99,65.18,1.55,5.3462
20240505,Chamarajanagar,11.9261,76.94,29.23,60.17,1.72,6.2611
20240506,Chamarajanagar,11.9261,76.94,29.96,57.49,1.56,6.1913
20240507,Chamarajanagar,11.9261,76.94,28.96,64.0,0.87,5.8123
20240508,Chamarajanagar,11.9261,76.94,26.93,74.49,0.89,5.4034
20240509,Chamarajanagar,11.9261,76.94,27.67,68.49,0.89,5.4096
20240510,Chamarajanagar,11.9261,76.94,26.06,72.46,1.56,4.9399
20240511,Chamarajanagar,11.9261,76.94,26.75,72.44,1.07,4.4249
20240512,Chamarajanagar,11.9261,76.94,26.53,74.76,0.66,4.8749
20240513,Chamarajanagar,11.9261,76.94,25.81,78.66,1.41,3.713
20240514,Chamarajanagar,11.9261,76.94,26.24,73.87,1.15,4.0399
20240515,Chamarajanagar,11.9261,76.94,27.33,68.89,1.23,5.0146
20240516,Chamarajanagar,11.9261,76.94,26.02,74.79,1.28,4.8367
20240517,Chamarajanagar,11.9261,76.94,26.41,71.99,0.73,4.0099
20240518,Chamarajanagar,11.9261,76.94,25.66,79.23,0.94,4.0975
20240519,Chamarajanagar,11.9261,76.94,24.01,90.69,1.41,3.3994
20240520,Chamarajanagar,11.9261,76.94,23.51,83.06,1.62,2.7029
20240521,Chamarajanagar,11.9261,76.94,24.31,82.41,0.97,4.5898
20240522,Chamarajanagar,11.9261,76.94,25.68,80.27,1.97,4.4201
20240523,Chamarajanagar,11.9261,76.94,25.36,82.61,1.32,2.8426
20240524,Chamarajanagar,11.9261,76.94,25.12,83.11,1.66,2.8003
20240525,Chamarajanagar,11.9261,76.94,23.32,82.56,3.26,3.3468
20240526,Chamarajanagar,11.9261,76.94,23.83,83.59,3.35,3.6314
20240527,Chamarajanagar,11.9261,76.94,24.55,77.41,3.62,5.0112
20240528,Chamarajanagar,11.9261,76.94,24.65,81.52,3.5,4.1489
20240529,Chamarajanagar,11.9261,76.94,24.58,82.46,3.18,4.873
20240530,Chamarajanagar,11.9261,76.94,25.78,81.98,2.07,5.0688
20240531,Chamarajanagar,11.9261,76.94,25.74,82.14,2.33,5.2992
20240601,Chamarajanagar,11.9261,76.94,25.44,86.84,2.2,3.9216
20240602,Chamarajanagar,11.9261,76.94,24.94,80.28,1.27,5.2452
20240603,Chamarajanagar,11.9261,76.94,24.81,83.41,1.43,3.9946
20240604,Chamarajanagar,11.9261,76.94,25.42,81.94,1.53,5.0436
20240605,Chamarajanagar,11.9261,76.94,24.91,85.51,1.57,4.765
20240606,Chamarajanagar,11.9261,76.94,23.79,84.0,2.02,3.9144
20240607,Chamarajanagar,11.9261,76.94,24.02,82.67,2.04,4.9034
20240608,Chamarajanagar,11.9261,76.94,24.09,82.34,3.14,4.8574
20240609,Chamarajanagar,11.9261,76.94,23.78,81.54,3.93,4.8629
20240610,Chamarajanagar,11.9261,76.94,23.45,81.48,4.25,4.0426
20240611,Chamarajanagar,11.9261,76.94,23.29,77.01,3.77,4.6109
20240612,Chamarajanagar,11.9261,76.94,23.19,76.44,3.95,3.4714
20240613,Chamarajanagar,11.9261,76.94,23.35,76.9,3.38,4.3937
20240614,Chamarajanagar,11.9261,76.94,23.85,78.17,2.42,5.8193
20240615,Chamarajanagar,11.9261,76.94,24.25,80.61,2.7,5.5459
20240616,Chamarajanagar,11.9261,76.94,24.7,77.59,2.72,4.9392
20240617,Chamarajanagar,11.9261,76.94,24.08,76.95,2.41,5.6021
20240618,Chamarajanagar,11.9261,76.94,24.39,76.05,2.94,5.0088
20240619,Chamarajanagar,11.9261,76.94,23.6,80.11,3.15,4.8605
20240620,Chamarajanagar,11.9261,76.94,23.71,79.29,3.56,3.9907
20240621,Chamarajanagar,11.9261,76.94,22.94,81.15,3.39,3.9934
20240622,Chamarajanagar,11.9261,76.94,22.86,81.94,3.11,4.6663
20240623,Chamarajanagar,11.9261,76.94,22.27,84.18,3.57,3.5664
20240624,Chamarajanagar,11.9261,76.94,22.42,82.87,4.05,3.8983
20240625,Chamarajanagar,11.9261,76.94,22.24,81.14,5.21,3.3336
20240626,Chamarajanagar,11.9261,76.94,22.32,80.65,5.01,3.2686
20240627,Chamarajanagar,11.9261,76.94,21.64,82.77,4.54,2.9734
20240628,Chamarajanagar,11.9261,76.94,22.47,82.0,3.35,4.0202
20240629,Chamarajanagar,11.9261,76.94,23.41,83.36,2.97,4.7611
20240630,Chamarajanagar,11.9261,76.94,23.07,83.73,2.53,4.0013
20240701,Chamarajanagar,11.9261,76.94,22.31,85.69,3.04,2.4898
20240702,Chamarajanagar,11.9261,76.94,23.29,77.43,3.01,4.3322
20240703,Chamarajanagar,11.9261,76.94,23.8,82.64,3.34,4.1321
20240704,Chamarajanagar,11.9261,76.94,23.52,80.52,3.47,5.1413
20240705,Chamarajanagar,11.9261,76.94,22.77,82.29,3.29,4.404
20240706,Chamarajanagar,11.9261,76.94,22.24,86.04,3.76,3.3463
20240707,Chamarajanagar,11.9261,76.94,22.89,81.28,3.82,4.1266
20240708,Chamarajanagar,11.9261,76.94,23.02,83.32,3.23,3.4793
20240709,Chamarajanagar,11.9261,76.94,22.77,84.44,2.98,4.3678
20240710,Chamarajanagar,11.9261,76.94,23.41,80.82,2.89,5.2126
20240711,Chamarajanagar,11.9261,76.94,23.4,77.84,3.15,5.2313
20240712,Chamarajanagar,11.9261,76.94,23.58,79.14,3.18,3.4572
20240713,Chamarajanagar,11.9261,76.94,21.88,84.61,4.37,3.156
20240714,Chamarajanagar,11.9261,76.94,22.8,83.2,4.93,2.7706
20240715,Chamarajanagar,11.9261,76.94,23.43,85.25,5.94,2.2303
20240716,Chamarajanagar,11.9261,76.94,22.55,86.19,5.6,2.0652
20240717,Chamarajanagar,11.9261,76.94,22.61,85.07,5.09,2.2678
20240718,Chamarajanagar,11.9261,76.94,22.39,85.48,5.6,1.7873
20240719,Chamarajanagar,11.9261,76.94,22.8,86.01,5.35,2.0714
20240720,Chamarajanagar,11.9261,76.94,23.24,83.71,4.88,3.7483
20240721,Chamarajanagar,11.9261,76.94,23.09,83.72,5.07,3.9158
20240722,Chamarajanagar,11.9261,76.94,22.66,81.8,4.9,3.5057
20240723,Chamarajanagar,11.9261,76.94,22.35,82.66,4.95,3.9521
20240724,Chamarajanagar,11.9261,76.94,22.24,83.82,5.14,3.3526
20240725,Chamarajanagar,11.9261,76.94,22.66,81.82,6.05,2.8104
20240726,Chamarajanagar,11.9261,76.94,22.72,83.19,5.46,3.0468
20240727,Chamarajanagar,11.9261,76.94,22.85,81.61,5.06,4.1542
20240728,Chamarajanagar,11.9261,76.94,22.97,82.46,4.96,3.2935
20240729,Chamarajanagar,11.9261,76.94,24.07,82.1,4.75,2.0813
20240730,Chamarajanagar,11.9261,76.94,22.68,87.3,3.39,3.059
20240731,Chamarajanagar,11.9261,76.94,23.52,85.77,3.11,3.1817
20240801,Chamarajanagar,11.9261,76.94,23.72,84.2,3.62,3.583
20240802,Chamarajanagar,11.9261,76.94,22.86,83.08,3.95,3.5549
20240803,Chamarajanagar,11.9261,76.94,22.64,84.17,3.12,4.2566
20240804,Chamarajanagar,11.9261,76.94,22.69,84.79,2.74,4.5691
20240805,Chamarajanagar,11.9261,76.94,23.69,81.89,2.27,4.249
20240806,Chamarajanagar,11.9261,76.94,22.66,87.29,2.02,4.5713
20240807,Chamarajanagar,11.9261,76.94,23.03,85.91,2.0,4.6042
20240808,Chamarajanagar,11.9261,76.94,23.61,82.98,2.06,3.8676
20240809,Chamarajanagar,11.9261,76.94,24.07,83.79,1.76,4.1674
20240810,Chamarajanagar,11.9261,76.94,24.1,85.35,1.92,4.2036
20240811,Chamarajanagar,11.9261,76.94,23.31,88.14,1.97,4.5154
20240812,Chamarajanagar,11.9261,76.94,23.07,90.5,1.66,5.3561
20240813,Chamarajanagar,11.9261,76.94,24.64,83.96,1.5,4.667
20240814,Chamarajanagar,11.9261,76.94,24.74,82.48,1.21,4.6162
20240815,Chamarajanagar,11.9261,76.94,25.05,81.21,1.27,4.6044
20240816,Chamarajanagar,11.9261,76.94,25.23,83.46,1.29,4.0152
20240817,Chamarajanagar,11.9261,76.94,24.17,88.27,1.74,4.127
20240818,Chamarajanagar,11.9261,76.94,24.48,82.51,1.22,4.9159
20240819,Chamarajanagar,11.9261,76.94,24.21,86.63,1.69,4.0284
20240820,Chamarajanagar,11.9261,76.94,24.51,82.24,1.25,4.6087
20240821,Chamarajanagar,11.9261,76.94,23.87,84.73,2.44,4.0565
20240822,Chamarajanagar,11.9261,76.94,23.35,85.06,2.34,4.866
20240823,Chamarajanagar,11.9261,76.94,23.58,82.8,2.42,5.531
20240824,Chamarajanagar,11.9261,76.94,23.17,82.24,3.27,4.513
20240825,Chamarajanagar,11.9261,76.94,23.23,83.15,3.47,4.5307
20240826,Chamarajanagar,11.9261,76.94,23.58,81.36,3.6,5.341
20240827,Chamarajanagar,11.9261,76.94,23.38,83.41,2.95,4.9514
20240828,Chamarajanagar,11.9261,76.94,22.46,84.72,2.91,3.4735
20240829,Chamarajanagar,11.9261,76.94,23.27,84.86,3.12,3.0482
20240830,Chamarajanagar,11.9261,76.94,22.8,89.54,2.83,4.3438
20240831,Chamarajanagar,11.9261,76.94,23.09,84.66,3.25,4.1285
20240901,Chamarajanagar,11.9261,76.94,22.71,83.57,3.57,4.4359
20240902,Chamarajanagar,11.9261,76.94,23.1,81.7,3.44,4.3646
20240903,Chamarajanagar,11.9261,76.94,23.76,82.52,3.04,4.8019
20240904,Chamarajanagar,11.9261,76.94,23.56,83.61,3.07,5.1886
20240905,Chamarajanagar,11.9261,76.94,23.48,84.49,2.77,5.3026
20240906,Chamarajanagar,11.9261,76.94,23.79,83.19,2.77,4.4642
20240907,Chamarajanagar,11.9261,76.94,23.12,85.41,2.61,4.1803
20240908,Chamarajanagar,11.9261,76.94,23.69,82.03,3.14,4.2624
20240909,Chamarajanagar,11.9261,76.94,23.87,82.05,3.39,4.1206
20240910,Chamarajanagar,11.9261,76.94,24.0,81.33,3.9,4.8494
20240911,Chamarajanagar,11.9261,76.94,24.06,79.96,3.14,4.596
20240912,Chamarajanagar,11.9261,76.94,23.68,79.93,2.87,5.3136
20240913,Chamarajanagar,11.9261,76.94,24.22,77.17,2.63,5.5406
20240914,Chamarajanagar,11.9261,76.94,24.44,76.08,2.74,4.4902
20240915,Chamarajanagar,11.9261,76.94,24.46,75.28,2.95,5.0753
20240916,Chamarajanagar,11.9261,76.94,24.04,76.4,2.78,5.9856
20240917,Chamarajanagar,11.9261,76.94,24.56,76.13,2.9,5.6054
20240918,Chamarajanagar,11.9261,76.94,24.05,72.18,2.69,6.6833
20240919,Chamarajanagar,11.9261,76.94,24.47,72.21,2.5,5.7833
20240920,Chamarajanagar,11.9261,76.94,24.53,75.45,1.76,5.6873
20240921,Chamarajanagar,11.9261,76.94,24.22,77.02,2.77,6.0751
20240922,Chamarajanagar,11.9261,76.94,24.43,76.61,2.48,4.824
20240923,Chamarajanagar,11.9261,76.94,24.3,76.34,2.79,4.332
20240924,Chamarajanagar,11.9261,76.94,23.68,82.43,3.18,4.0318
20240925,Chamarajanagar,11.9261,76.94,24.05,77.67,3.52,4.8689
20240926,Chamarajanagar,11.9261,76.94,23.18,79.67,2.79,4.0836
20240927,Chamarajanagar,11.9261,76.94,24.0,77.25,2.02,5.0798
20240928,Chamarajanagar,11.9261,76.94,24.73,78.48,1.07,4.9442
20240929,Chamarajanagar,11.9261,76.94,24.53,78.55,1.55,4.7885
20240930,Chamarajanagar,11.9261,76.94,24.72,75.69,1.13,5.5507
20241001,Chamarajanagar,11.9261,76.94,25.88,72.38,1.25,5.3712
20241002,Chamarajanagar,11.9261,76.94,26.17,75.73,1.1,5.0911
20241003,Chamarajanagar,11.9261,76.94,25.16,81.35,1.13,4.9315
20241004,Chamarajanagar,11.9261,76.94,24.46,82.55,1.04,4.8406
20241005,Chamarajanagar,11.9261,76.94,23.11,85.23,1.53,4.2262
20241006,Chamarajanagar,11.9261,76.94,22.21,88.91,1.16,3.9355
20241007,Chamarajanagar,11.9261,76.94,22.74,82.72,1.76,3.9998
20241008,Chamarajanagar,11.9261,76.94,23.79,84.66,1.91,4.3039
20241009,Chamarajanagar,11.9261,76.94,23.39,88.45,1.56,4.2746
20241010,Chamarajanagar,11.9261,76.94,23.76,84.17,1.37,3.5009
20241011,Chamarajanagar,11.9261,76.94,23.51,85.61,1.38,3.9103
20241012,Chamarajanagar,11.9261,76.94,23.25,88.51,1.27,2.9134
20241013,Chamarajanagar,11.9261,76.94,23.15,88.62,1.35,2.9254
20241014,Chamarajanagar,11.9261,76.94,22.99,87.66,1.09,3.03
20241015,Chamarajanagar,11.9261,76.94,22.14,89.83,1.14,3.4178
20241016,Chamarajanagar,11.9261,76.94,21.44,93.19,1.71,3.2023
20241017,Chamarajanagar,11.9261,76.94,22.61,86.86,2.32,3.6026
20241018,Chamarajanagar,11.9261,76.94,23.07,82.11,1.26,4.6238
20241019,Chamarajanagar,11.9261,76.94,22.79,89.95,1.25,3.8681
20241020,Chamarajanagar,11.9261,76.94,23.39,83.86,0.77,4.4446
20241021,Chamarajanagar,11.9261,76.94,23.8,86.19,0.96,3.5208
20241022,Chamarajanagar,11.9261,76.94,24.07,82.16,0.93,4.3966
20241023,Chamarajanagar,11.9261,76.94,23.87,82.31,0.78,4.8281
20241024,Chamarajanagar,11.9261,76.94,22.2,89.69,1.29,3.8234
20241025,Chamarajanagar,11.9261,76.94,22.57,81.33,1.14,4.2413
20241026,Chamarajanagar,11.9261,76.94,22.88,82.9,1.19,4.9586
20241027,Chamarajanagar,11.9261,76.94,23.1,82.65,1.21,5.159
20241028,Chamarajanagar,11.9261,76.94,22.82,84.45,1.32,4.8276
20241029,Chamarajanagar,11.9261,76.94,23.64,81.97,1.22,4.835
20241030,Chamarajanagar,11.9261,76.94,23.97,82.41,0.63,5.4178
20241031,Chamarajanagar,11.9261,76.94,24.0,85.78,0.8,4.5355
20241101,Chamarajanagar,11.9261,76.94,23.73,87.16,1.04,3.6142
20241102,Chamarajanagar,11.9261,76.94,23.37,87.88,1.46,4.1534
20241103,Chamarajanagar,11.9261,76.94,23.1,87.34,1.53,4.7556
20241104,Chamarajanagar,11.9261,76.94,22.73,87.14,1.64,3.8362
20241105,Chamarajanagar,11.9261,76.94,22.24,84.84,1.3,4.8893
20241106,Chamarajanagar,11.9261,76.94,22.69,79.19,1.11,5.2589
20241107,Chamarajanagar,11.9261,76.94,23.17,84.87,1.33,3.701
20241108,Chamarajanagar,11.9261,76.94,23.22,83.0,1.74,4.1395
20241109,Chamarajanagar,11.9261,76.94,22.2,84.0,1.67,5.676
20241110,Chamarajanagar,11.9261,76.94,22.14,79.33,1.52,5.6846
20241111,Chamarajanagar,11.9261,76.94,22.14,75.96,1.36,4.9819
20241112,Chamarajanagar,11.9261,76.94,22.25,81.44,1.22,3.9655
20241113,Chamarajanagar,11.9261,76.94,22.94,87.75,1.81,3.221
20241114,Chamarajanagar,11.9261,76.94,22.76,87.83,1.78,3.7774
20241115,Chamarajanagar,11.9261,76.94,22.38,89.33,1.66,4.057
20241116,Chamarajanagar,11.9261,76.94,22.36,88.19,1.79,3.6156
20241117,Chamarajanagar,11.9261,76.94,22.53,86.99,1.81,3.8503
20241118,Chamarajanagar,11.9261,76.94,22.04,83.92,2.05,4.8197
20241119,Chamarajanagar,11.9261,76.94,22.24,83.74,1.72,4.5852
20241120,Chamarajanagar,11.9261,76.94,21.74,82.88,1.6,3.983
20241121,Chamarajanagar,11.9261,76.94,21.7,80.66,1.23,4.4158
20241122,Chamarajanagar,11.9261,76.94,22.22,81.59,1.18,5.1624
20241123,Chamarajanagar,11.9261,76.94,21.63,79.42,1.25,4.2326
20241124,Chamarajanagar,11.9261,76.94,22.0,80.0,1.56,4.8113
20241125,Chamarajanagar,11.9261,76.94,21.13,78.53,1.57,4.459
20241126,Chamarajanagar,11.9261,76.94,21.09,86.28,1.36,3.8083
20241127,Chamarajanagar,11.9261,76.94,22.15,82.85,1.74,3.6334
20241128,Chamarajanagar,11.9261,76.94,21.98,74.83,1.89,4.799
20241129,Chamarajanagar,11.9261,76.94,22.04,80.54,2.28,4.7153
20241130,Chamarajanagar,11.9261,76.94,22.96,84.19,2.42,2.6453
20241201,Chamarajanagar,11.9261,76.94,22.23,91.8,2.54,2.1535
20241202,Chamarajanagar,11.9261,76.94,21.48,95.22,2.27,1.7033
20241203,Chamarajanagar,11.9261,76.94,22.44,92.79,1.79,2.8918
20241204,Chamarajanagar,11.9261,76.94,22.65,86.87,1.93,4.109
20241205,Chamarajanagar,11.9261,76.94,22.15,89.77,1.38,4.5696
20241206,Chamarajanagar,11.9261,76.94,22.11,85.48,1.18,5.4689
20241207,Chamarajanagar,11.9261,76.94,22.32,86.2,1.12,5.1036
20241208,Chamarajanagar,11.9261,76.94,22.26,85.68,1.28,4.5792
20241209,Chamarajanagar,11.9261,76.94,22.17,84.49,1.05,4.7378
20241210,Chamarajanagar,11.9261,76.94,22.17,85.23,1.25,3.9677
20241211,Chamarajanagar,11.9261,76.94,22.06,84.8,1.68,4.1964
20241212,Chamarajanagar,11.9261,76.94,21.26,91.53,1.84,1.8413
20241213,Chamarajanagar,11.9261,76.94,21.15,92.22,2.42,1.5533
20241214,Chamarajanagar,11.9261,76.94,21.22,85.68,2.07,3.2326
20241215,Chamarajanagar,11.9261,76.94,19.27,82.32,1.76,5.6491
20241216,Chamarajanagar,11.9261,76.94,19.07,80.52,1.45,5.6873
20241217,Chamarajanagar,11.9261,76.94,21.13,76.3,0.71,5.7643
20241218,Chamarajanagar,11.9261,76.94,22.17,79.61,0.89,5.3652
20241219,Chamarajanagar,11.9261,76.94,23.05,85.36,0.88,4.825
20241220,Chamarajanagar,11.9261,76.94,23.72,82.21,0.81,4.6742
20241221,Chamarajanagar,11.9261,76.94,23.95,80.27,0.78,4.4323
20241222,Chamarajanagar,11.9261,76.94,22.93,82.69,0.92,4.3615
20241223,Chamarajanagar,11.9261,76.94,22.16,85.1,1.15,4.6608
20241224,Chamarajanagar,11.9261,76.94,22.52,76.09,0.7,4.7153
20241225,Chamarajanagar,11.9261,76.94,22.35,76.33,0.75,4.4352
20241226,Chamarajanagar,11.9261,76.94,22.63,83.75,1.49,3.2822
20241227,Chamarajanagar,11.9261,76.94,22.2,85.69,2.52,4.224
20241228,Chamarajanagar,11.9261,76.94,21.14,80.0,2.1,5.2118
20241229,Chamarajanagar,11.9261,76.94,21.23,79.62,1.76,5.6563
20241230,Chamarajanagar,11.9261,76.94,21.47,80.61,2.19,3.8318
20241231,Chamarajanagar,11.9261,76.94,21.66,80.02,2.37,5.5267
20250101,Chamarajanagar,11.9261,76.94,20.36,75.14,2.18,5.8526
20250102,Chamarajanagar,11.9261,76.94,19.82,77.27,2.01,5.6354
20250103,Chamarajanagar,11.9261,76.94,19.69,78.29,2.06,5.7749
20250104,Chamarajanagar,11.9261,76.94,19.08,72.93,1.57,5.9366
20250105,Chamarajanagar,11.9261,76.94,19.04,72.1,1.59,5.9791
20250106,Chamarajanagar,11.9261,76.94,19.33,71.77,1.37,5.9155
20250107,Chamarajanagar,11.9261,76.94,19.81,72.92,1.33,5.629
20250108,Chamarajanagar,11.9261,76.94,19.97,73.79,1.45,5.2807
20250109,Chamarajanagar,11.9261,76.94,19.67,74.13,1.82,4.8298
20250110,Chamarajanagar,11.9261,76.94,21.25,77.64,1.72,4.523
20250111,Chamarajanagar,11.9261,76.94,22.52,75.05,1.84,3.8712
20250112,Chamarajanagar,11.9261,76.94,22.55,73.47,1.69,5.2493
20250113,Chamarajanagar,11.9261,76.94,22.67,82.72,1.81,4.1585
20250114,Chamarajanagar,11.9261,76.94,22.39,77.49,2.43,3.4438
20250115,Chamarajanagar,11.9261,76.94,21.44,71.66,2.42,4.037
20250116,Chamarajanagar,11.9261,76.94,21.1,73.39,2.35,5.639
20250117,Chamarajanagar,11.9261,76.94,21.17,73.71,2.25,5.5601
20250118,Chamarajanagar,11.9261,76.94,21.23,75.45,2.34,5.2306
20250119,Chamarajanagar,11.9261,76.94,21.63,83.89,1.98,2.6702
20250120,Chamarajanagar,11.9261,76.94,22.45,69.78,1.78,5.2378
20250121,Chamarajanagar,11.9261,76.94,21.28,64.98,1.57,5.9546
20250122,Chamarajanagar,11.9261,76.94,21.52,70.46,1.7,6.0156
20250123,Chamarajanagar,11.9261,76.94,21.83,70.09,1.88,5.2591
20250124,Chamarajanagar,11.9261,76.94,20.97,67.74,1.88,6.2566
20250125,Chamarajanagar,11.9261,76.94,21.25,66.51,1.93,6.1289
20250126,Chamarajanagar,11.9261,76.94,20.0,59.93,2.11,6.4039
20250127,Chamarajanagar,11.9261,76.94,20.62,61.77,1.76,6.5218
20250128,Chamarajanagar,11.9261,76.94,20.86,63.03,1.3,5.9542
20250129,Chamarajanagar,11.9261,76.94,21.35,59.0,1.8,6.1169
20250130,Chamarajanagar,11.9261,76.94,21.59,62.76,1.31,5.2502
20250131,Chamarajanagar,11.9261,76.94,24.31,69.87,1.66,5.7055
20250201,Chamarajanagar,11.9261,76.94,24.64,66.54,1.54,5.6318
20250202,Chamarajanagar,11.9261,76.94,24.05,61.44,1.67,6.1332
20250203,Chamarajanagar,11.9261,76.94,23.06,52.99,1.63,6.2419
20250204,Chamarajanagar,11.9261,76.94,22.9,44.17,1.81,6.5078
20250205,Chamarajanagar,11.9261,76.94,22.41,50.98,2.06,6.3235
20250206,Chamarajanagar,11.9261,76.94,21.96,57.51,2.04,6.6094
20250207,Chamarajanagar,11.9261,76.94,21.95,54.26,2.01,6.804
20250208,Chamarajanagar,11.9261,76.94,22.44,56.32,2.11,6.1238
20250209,Chamarajanagar,11.9261,76.94,23.08,57.04,2.13,5.9551
20250210,Chamarajanagar,11.9261,76.94,22.43,58.32,1.8,6.1147
20250211,Chamarajanagar,11.9261,76.94,22.7,54.55,1.72,6.7692
20250212,Chamarajanagar,11.9261,76.94,23.12,50.15,1.83,7.0054
20250213,Chamarajanagar,11.9261,76.94,23.63,43.3,1.81,6.9612
20250214,Chamarajanagar,11.9261,76.94,24.01,37.4,1.45,6.6233
20250215,Chamarajanagar,11.9261,76.94,24.53,43.04,1.62,6.3967
20250216,Chamarajanagar,11.9261,76.94,23.77,51.66,1.98,6.7082
20250217,Chamarajanagar,11.9261,76.94,23.77,55.15,2.03,6.8102
20250218,Chamarajanagar,11.9261,76.94,24.0,50.35,1.94,6.7147
20250219,Chamarajanagar,11.9261,76.94,24.62,45.19,1.81,6.7061
20250220,Chamarajanagar,11.9261,76.94,25.18,46.82,1.97,6.3557
20250221,Chamarajanagar,11.9261,76.94,24.9,49.06,2.03,6.5623
20250222,Chamarajanagar,11.9261,76.94,25.17,50.56,2.11,6.1229
20250223,Chamarajanagar,11.9261,76.94,25.39,43.08,2.33,6.2825
20250224,Chamarajanagar,11.9261,76.94,24.53,44.58,2.52,7.0366
20250225,Chamarajanagar,11.9261,76.94,24.52,52.42,2.51,6.9552
20250226,Chamarajanagar,11.9261,76.94,25.08,51.96,2.81,6.6444
20250227,Chamarajanagar,11.9261,76.94,24.47,44.98,2.47,7.164
20250228,Chamarajanagar,11.9261,76.94,24.91,48.75,2.26,6.7277
20250301,Chamarajanagar,11.9261,76.94,25.86,58.75,2.41,5.3726
20250302,Chamarajanagar,11.9261,76.94,27.09,56.75,2.06,6.0653
20250303,Chamarajanagar,11.9261,76.94,26.59,52.46,1.79,5.1869
20250304,Chamarajanagar,11.9261,76.94,26.92,38.54,2.47,5.7384
20250305,Chamarajanagar,11.9261,76.94,26.79,35.89,1.72,6.4212
20250306,Chamarajanagar,11.9261,76.94,27.68,38.16,1.4,6.361
20250307,Chamarajanagar,11.9261,76.94,27.07,37.36,1.17,6.5052
20250308,Chamarajanagar,11.9261,76.94,27.49,37.54,1.29,6.5292
20250309,Chamarajanagar,11.9261,76.94,26.62,37.78,2.34,6.7418
20250310,Chamarajanagar,11.9261,76.94,25.33,39.53,2.46,7.3548
20250311,Chamarajanagar,11.9261,76.94,24.77,63.2,3.1,5.9873
20250312,Chamarajanagar,11.9261,76.94,25.2,71.64,2.4,5.4408
20250313,Chamarajanagar,11.9261,76.94,26.1,60.22,1.64,6.8604
20250314,Chamarajanagar,11.9261,76.94,26.85,48.73,1.85,7.1741
20250315,Chamarajanagar,11.9261,76.94,25.57,46.41,2.06,7.4054
20250316,Chamarajanagar,11.9261,76.94,26.28,50.59,1.73,6.5993
20250317,Chamarajanagar,11.9261,76.94,26.17,64.79,1.22,4.6178
20250318,Chamarajanagar,11.9261,76.94,27.58,57.47,1.53,6.6019
20250319,Chamarajanagar,11.9261,76.94,27.47,55.31,2.03,6.4296
20250320,Chamarajanagar,11.9261,76.94,27.1,53.06,2.34,6.8306
20250321,Chamarajanagar,11.9261,76.94,27.78,54.06,1.64,6.1956
20250322,Chamarajanagar,11.9261,76.94,26.68,63.3,1.64,5.2162
20250323,Chamarajanagar,11.9261,76.94,26.74,64.68,1.31,5.065
20250324,Chamarajanagar,11.9261,76.94,27.53,59.53,1.49,5.9695
20250325,Chamarajanagar,11.9261,76.94,27.92,46.24,1.37,6.1718
20250326,Chamarajanagar,11.9261,76.94,27.99,46.42,1.3,5.4684
20250327,Chamarajanagar,11.9261,76.94,28.16,54.6,1.28,5.845
20250328,Chamarajanagar,11.9261,76.94,28.86,47.85,1.56,6.2681
20250329,Chamarajanagar,11.9261,76.94,28.25,35.24,1.96,6.5534
20250330,Chamarajanagar,11.9261,76.94,27.51,29.46,2.13,6.7207
20250331,Chamarajanagar,11.9261,76.94,28.32,33.91,2.02,6.4301
20250401,Chamarajanagar,11.9261,76.94,27.79,41.38,1.45,5.2279
20250402,Chamarajanagar,11.9261,76.94,26.56,57.4,1.8,3.8263
20250403,Chamarajanagar,11.9261,76.94,25.84,66.58,1.06,4.4201
20250404,Chamarajanagar,11.9261,76.94,26.91,64.08,1.05,5.4432
20250405,Chamarajanagar,11.9261,76.94,25.71,68.67,1.07,5.1655
20250406,Chamarajanagar,11.9261,76.94,27.17,61.82,1.18,5.9515
20250407,Chamarajanagar,11.9261,76.94,27.4,58.93,1.65,6.3413
20250408,Chamarajanagar,11.9261,76.94,27.65,53.98,1.39,6.0862
20250409,Chamarajanagar,11.9261,76.94,27.43,53.72,1.06,6.0588
20250410,Chamarajanagar,11.9261,76.94,26.15,64.42,2.05,5.1967
20250411,Chamarajanagar,11.9261,76.94,27.16,62.91,2.01,5.4821
20250412,Chamarajanagar,11.9261,76.94,27.42,61.86,1.63,6.0202
20250413,Chamarajanagar,11.9261,76.94,27.75,59.9,1.48,5.5433
20250414,Chamarajanagar,11.9261,76.94,27.77,58.07,1.3,5.4874
20250415,Chamarajanagar,11.9261,76.94,28.0,57.65,1.42,6.4786
20250416,Chamarajanagar,11.9261,76.94,27.9,61.12,0.93,5.977
20250417,Chamarajanagar,11.9261,76.94,27.28,65.1,1.25,5.9371
20250418,Chamarajanagar,11.9261,76.94,28.03,63.54,1.12,4.9454
20250419,Chamarajanagar,11.9261,76.94,28.27,63.1,1.62,6.0722
20250420,Chamarajanagar,11.9261,76.94,28.39,61.23,1.62,6.0859
20250421,Chamarajanagar,11.9261,76.94,27.3,57.84,1.64,6.4183
20250422,Chamarajanagar,11.9261,76.94,28.41,46.89,1.76,6.3223
20250423,Chamarajanagar,11.9261,76.94,28.43,55.84,1.55,6.0854
20250424,Chamarajanagar,11.9261,76.94,28.85,60.42,1.92,6.834
20250425,Chamarajanagar,11.9261,76.94,28.89,60.76,1.35,5.531
20250426,Chamarajanagar,11.9261,76.94,28.46,58.9,1.66,5.9119
20250427,Chamarajanagar,11.9261,76.94,27.74,60.2,1.3,5.9326
20250428,Chamarajanagar,11.9261,76.94,27.48,59.84,1.6,5.3011
20250429,Chamarajanagar,11.9261,76.94,28.43,55.92,1.6,5.929
20250430,Chamarajanagar,11.9261,76.94,28.22,61.45,1.21,5.7929
20250501,Chamarajanagar,11.9261,76.94,27.22,69.59,0.82,4.236
20250502,Chamarajanagar,11.9261,76.94,26.34,74.1,0.78,5.3767
20250503,Chamarajanagar,11.9261,76.94,26.2,70.33,1.08,5.4036
20250504,Chamarajanagar,11.9261,76.94,26.47,65.5,1.3,6.5436
20250505,Chamarajanagar,11.9261,76.94,26.91,65.43,0.73,5.1005
20250506,Chamarajanagar,11.9261,76.94,27.13,64.47,1.34,6.1282
20250507,Chamarajanagar,11.9261,76.94,26.59,67.87,1.5,6.0986
20250508,Chamarajanagar,11.9261,76.94,26.74,66.63,1.29,6.3348
20250509,Chamarajanagar,11.9261,76.94,27.66,59.05,1.13,7.3176
20250510,Chamarajanagar,11.9261,76.94,27.16,61.74,1.24,6.877
20250511,Chamarajanagar,11.9261,76.94,27.62,63.58,1.83,6.613
20250512,Chamarajanagar,11.9261,76.94,26.17,69.13,1.55,6.0269
20250513,Chamarajanagar,11.9261,76.94,26.13,75.83,1.21,5.112
20250514,Chamarajanagar,11.9261,76.94,26.11,74.27,1.34,4.9486
20250515,Chamarajanagar,11.9261,76.94,25.04,79.55,1.73,5.0112
20250516,Chamarajanagar,11.9261,76.94,26.1,73.23,1.58,4.6476
20250517,Chamarajanagar,11.9261,76.94,25.41,71.82,1.58,4.2307
20250518,Chamarajanagar,11.9261,76.94,23.65,86.9,1.63,4.1777
20250519,Chamarajanagar,11.9261,76.94,23.28,83.04,2.03,4.2499
20250520,Chamarajanagar,11.9261,76.94,24.19,84.61,2.73,3.6475
20250521,Chamarajanagar,11.9261,76.94,24.09,78.72,4.33,4.6877
20250522,Chamarajanagar,11.9261,76.94,24.55,76.25,3.42,4.6145
20250523,Chamarajanagar,11.9261,76.94,25.23,79.5,3.75,4.0783
20250524,Chamarajanagar,11.9261,76.94,24.57,81.06,4.51,2.3849
20250525,Chamarajanagar,11.9261,76.94,23.9,83.43,4.79,2.5738
20250526,Chamarajanagar,11.9261,76.94,23.37,82.17,5.1,1.9471
20250527,Chamarajanagar,11.9261,76.94,24.65,82.34,4.74,2.5985
20250528,Chamarajanagar,11.9261,76.94,24.44,82.25,4.77,3.2885
20250529,Chamarajanagar,11.9261,76.94,23.63,80.02,4.86,2.544
20250530,Chamarajanagar,11.9261,76.94,22.71,83.53,4.93,2.1893
20250531,Chamarajanagar,11.9261,76.94,23.32,81.03,3.74,3.9142
20250601,Chamarajanagar,11.9261,76.94,23.84,79.73,2.85,5.5675
20250602,Chamarajanagar,11.9261,76.94,24.09,81.8,2.71,5.1334
20250603,Chamarajanagar,11.9261,76.94,24.37,76.88,3.16,4.4546
20250604,Chamarajanagar,11.9261,76.94,23.94,76.47,3.0,5.5106
20250605,Chamarajanagar,11.9261,76.94,24.38,71.02,2.08,6.2436
20250606,Chamarajanagar,11.9261,76.94,25.44,71.89,1.74,5.994
20250607,Chamarajanagar,11.9261,76.94,25.65,73.98,2.42,6.121
20250608,Chamarajanagar,11.9261,76.94,25.7,76.68,2.12,6.0583
20250609,Chamarajanagar,11.9261,76.94,24.99,78.88,2.92,5.5171
20250610,Chamarajanagar,11.9261,76.94,24.77,80.75,3.07,4.9493
20250611,Chamarajanagar,11.9261,76.94,24.51,83.01,3.32,3.745
20250612,Chamarajanagar,11.9261,76.94,23.69,83.62,3.58,3.9866
20250613,Chamarajanagar,11.9261,76.94,24.29,82.15,4.28,3.3223
20250614,Chamarajanagar,11.9261,76.94,23.87,84.02,4.3,3.0017
20250615,Chamarajanagar,11.9261,76.94,22.56,81.44,5.47,2.9004
20250616,Chamarajanagar,11.9261,76.94,22.62,80.84,5.25,2.875
20250617,Chamarajanagar,11.9261,76.94,23.83,80.77,3.82,3.1411
20250618,Chamarajanagar,11.9261,76.94,23.84,82.87,3.73,4.1506
20250619,Chamarajanagar,11.9261,76.94,24.23,82.19,3.48,4.2814
20250620,Chamarajanagar,11.9261,76.94,24.6,79.85,3.46,4.7114
20250621,Chamarajanagar,11.9261,76.94,24.41,80.79,3.45,4.9378
20250622,Chamarajanagar,11.9261,76.94,24.35,79.66,4.04,4.7136
20250623,Chamarajanagar,11.9261,76.94,23.67,77.75,4.73,4.1371
20250624,Chamarajanagar,11.9261,76.94,22.83,79.55,4.08,4.2214
20250625,Chamarajanagar,11.9261,76.94,23.31,80.02,4.18,2.5435
20250626,Chamarajanagar,11.9261,76.94,23.82,78.38,4.04,2.6398
20250627,Chamarajanagar,11.9261,76.94,23.41,81.1,3.96,3.2491
20250628,Chamarajanagar,11.9261,76.94,24.36,79.57,3.75,3.8837
20250629,Chamarajanagar,11.9261,76.94,24.38,78.38,3.6,5.0707
20250630,Chamarajanagar,11.9261,76.94,23.86,79.67,3.59,4.3022
20250701,Chamarajanagar,11.9261,76.94,23.59,82.4,3.35,3.5522
20250702,Chamarajanagar,11.9261,76.94,23.02,81.56,4.36,3.2923
20250703,Chamarajanagar,11.9261,76.94,22.67,80.0,4.09,4.02
20250704,Chamarajanagar,11.9261,76.94,22.87,80.66,4.04,3.8244
20250705,Chamarajanagar,11.9261,76.94,23.83,78.33,4.31,3.5921
20250706,Chamarajanagar,11.9261,76.94,24.25,78.87,4.74,3.8016
20250707,Chamarajanagar,11.9261,76.94,24.19,79.3,4.73,3.659
20250708,Chamarajanagar,11.9261,76.94,24.37,77.59,4.11,4.2514
20250709,Chamarajanagar,11.9261,76.94,24.66,75.78,4.02,4.267
20250710,Chamarajanagar,11.9261,76.94,24.41,78.27,3.34,3.9418
20250711,Chamarajanagar,11.9261,76.94,24.77,78.74,3.36,4.1534
20250712,Chamarajanagar,11.9261,76.94,24.32,78.58,3.32,4.9207
20250713,Chamarajanagar,11.9261,76.94,23.94,80.63,3.87,4.1822
20250714,Chamarajanagar,11.9261,76.94,23.19,79.48,4.35,4.1117
20250715,Chamarajanagar,11.9261,76.94,24.05,77.8,4.25,3.7718
20250716,Chamarajanagar,11.9261,76.94,24.07,80.63,3.76,2.8315
20250717,Chamarajanagar,11.9261,76.94,23.84,80.43,3.78,4.0253
20250718,Chamarajanagar,11.9261,76.94,24.01,80.92,3.03,3.4742
20250719,Chamarajanagar,11.9261,76.94,23.08,83.45,3.91,2.9242
20250720,Chamarajanagar,11.9261,76.94,23.03,78.19,4.79,3.3653
20250721,Chamarajanagar,11.9261,76.94,21.87,81.58,3.25,3.2846
20250722,Chamarajanagar,11.9261,76.94,22.67,79.8,3.33,3.3857
20250723,Chamarajanagar,11.9261,76.94,23.3,80.77,4.23,3.6098
20250724,Chamarajanagar,11.9261,76.94,22.75,79.24,5.06,2.7826
20250725,Chamarajanagar,11.9261,76.94,22.85,77.98,5.59,2.9762
20250726,Chamarajanagar,11.9261,76.94,22.84,79.57,5.44,2.4624
20250727,Chamarajanagar,11.9261,76.94,22.93,78.04,4.78,3.4226
20250728,Chamarajanagar,11.9261,76.94,23.38,76.14,4.45,3.6667
20250729,Chamarajanagar,11.9261,76.94,23.69,74.86,4.95,4.0034
20250730,Chamarajanagar,11.9261,76.94,24.25,75.91,4.43,3.8357
20250731,Chamarajanagar,11.9261,76.94,24.77,76.11,3.96,4.1232
20250801,Chamarajanagar,11.9261,76.94,24.82,75.62,3.14,4.375
20250802,Chamarajanagar,11.9261,76.94,24.68,77.91,2.74,3.7416
20250803,Chamarajanagar,11.9261,76.94,23.79,83.77,1.69,4.92
20250804,Chamarajanagar,11.9261,76.94,24.06,81.89,1.28,4.6632
20250805,Chamarajanagar,11.9261,76.94,23.88,85.75,1.09,3.3833
20250806,Chamarajanagar,11.9261,76.94,23.19,82.45,4.12,5.6304
20250807,Chamarajanagar,11.9261,76.94,23.87,81.48,3.54,3.9163
20250808,Chamarajanagar,11.9261,76.94,23.98,81.51,1.17,3.4615
20250809,Chamarajanagar,11.9261,76.94,24.02,81.45,1.5,3.691
20250810,Chamarajanagar,11.9261,76.94,23.45,80.39,2.18,3.6163
20250811,Chamarajanagar,11.9261,76.94,22.59,76.87,2.78,3.0727
20250812,Chamarajanagar,11.9261,76.94,22.48,76.76,2.91,4.2163
20250813,Chamarajanagar,11.9261,76.94,21.89,80.59,3.48,3.1157
20250814,Chamarajanagar,11.9261,76.94,22.34,80.9,3.69,3.4325
20250815,Chamarajanagar,11.9261,76.94,22.94,79.38,4.3,2.9597
20250816,Chamarajanagar,11.9261,76.94,22.73,82.39,4.01,3.1255
20250817,Chamarajanagar,11.9261,76.94,23.17,81.93,4.31,2.4346
20250818,Chamarajanagar,11.9261,76.94,22.01,82.74,4.62,2.533
20250819,Chamarajanagar,11.9261,76.94,22.96,78.44,4.98,4.507
20250820,Chamarajanagar,11.9261,76.94,23.25,75.83,3.81,5.273
20250821,Chamarajanagar,11.9261,76.94,24.26,77.35,2.13,5.2186
20250822,Chamarajanagar,11.9261,76.94,22.89,84.93,1.8,5.2118
20250823,Chamarajanagar,11.9261,76.94,24.21,77.44,1.86,4.5113
20250824,Chamarajanagar,11.9261,76.94,24.92,72.05,2.65,6.2563
20250825,Chamarajanagar,11.9261,76.94,23.74,75.46,2.44,5.6916
20250826,Chamarajanagar,11.9261,76.94,24.33,74.0,3.15,5.2675
20250827,Chamarajanagar,11.9261,76.94,24.16,76.72,3.85,3.0468
20250828,Chamarajanagar,11.9261,76.94,23.64,77.71,4.06,2.5625
20250829,Chamarajanagar,11.9261,76.94,22.87,77.81,3.7,4.2094
20250830,Chamarajanagar,11.9261,76.94,24.13,78.86,3.21,4.1486
20250831,Chamarajanagar,11.9261,76.94,23.97,81.42,2.94,3.9142
20250901,Chamarajanagar,11.9261,76.94,23.58,80.42,3.43,3.7102
20250902,Chamarajanagar,11.9261,76.94,23.96,76.82,3.77,4.525
20250903,Chamarajanagar,11.9261,76.94,23.91,78.78,3.75,2.927
20250904,Chamarajanagar,11.9261,76.94,24.12,78.1,3.06,4.1542
20250905,Chamarajanagar,11.9261,76.94,24.22,77.96,2.43,4.1225
20250906,Chamarajanagar,11.9261,76.94,24.65,77.21,2.29,4.8583
20250907,Chamarajanagar,11.9261,76.94,24.27,78.31,2.3,4.5516
20250908,Chamarajanagar,11.9261,76.94,24.89,73.19,1.97,5.6935
20250909,Chamarajanagar,11.9261,76.94,23.74,82.71,1.05,5.0702
20250910,Chamarajanagar,11.9261,76.94,24.7,75.85,1.62,3.8249
20250911,Chamarajanagar,11.9261,76.94,24.3,79.02,1.16,5.3707
20250912,Chamarajanagar,11.9261,76.94,24.45,75.89,1.31,5.9702
20250913,Chamarajanagar,11.9261,76.94,23.91,79.58,1.88,5.7209
20250914,Chamarajanagar,11.9261,76.94,24.25,75.86,1.86,4.6776
20250915,Chamarajanagar,11.9261,76.94,24.32,77.17,2.26,5.1665
20250916,Chamarajanagar,11.9261,76.94,23.88,82.53,1.55,4.6394
20250917,Chamarajanagar,11.9261,76.94,23.16,88.26,1.99,4.4194
20250918,Chamarajanagar,11.9261,76.94,23.61,85.62,2.0,4.8595
20250919,Chamarajanagar,11.9261,76.94,23.19,82.42,2.26,4.1088
20250920,Chamarajanagar,11.9261,76.94,23.74,76.25,2.2,4.7062
20250921,Chamarajanagar,11.9261,76.94,23.94,80.74,1.95,4.7249
20250922,Chamarajanagar,11.9261,76.94,24.2,79.36,2.3,4.2098
20250923,Chamarajanagar,11.9261,76.94,23.73,79.71,2.56,3.9353
20250924,Chamarajanagar,11.9261,76.94,23.79,77.02,2.71,4.9147
20250925,Chamarajanagar,11.9261,76.94,23.51,77.96,2.72,4.4765
20250926,Chamarajanagar,11.9261,76.94,24.02,75.34,3.34,5.4854
20250927,Chamarajanagar,11.9261,76.94,22.97,78.73,3.54,3.8556
20250928,Chamarajanagar,11.9261,76.94,23.52,79.37,3.54,4.0474
20250929,Chamarajanagar,11.9261,76.94,24.02,76.33,3.36,4.6034
20250930,Chamarajanagar,11.9261,76.94,24.26,74.87,3.0,5.0664
20251001,Chamarajanagar,11.9261,76.94,24.5,74.31,2.65,4.199
20251002,Chamarajanagar,11.9261,76.94,24.86,75.28,2.33,4.8019
20251003,Chamarajanagar,11.9261,76.94,23.75,81.3,1.74,5.3059
20251004,Chamarajanagar,11.9261,76.94,24.26,78.34,1.66,4.9958
20251005,Chamarajanagar,11.9261,76.94,23.46,82.82,1.32,5.3388
20251006,Chamarajanagar,11.9261,76.94,23.98,78.87,0.88,6.1663
20251007,Chamarajanagar,11.9261,76.94,23.3,77.05,0.82,5.1982
20251008,Chamarajanagar,11.9261,76.94,24.31,76.31,1.16,4.1899
20251009,Chamarajanagar,11.9261,76.94,24.6,78.14,0.92,4.8646
20251010,Chamarajanagar,11.9261,76.94,24.47,81.2,1.08,4.849
20251011,Chamarajanagar,11.9261,76.94,22.82,87.33,1.27,4.5622
20251012,Chamarajanagar,11.9261,76.94,23.25,86.05,1.42,5.839
20251013,Chamarajanagar,11.9261,76.94,23.76,84.49,1.42,4.6296
20251014,Chamarajanagar,11.9261,76.94,24.25,81.59,2.06,4.1453
20251015,Chamarajanagar,11.9261,76.94,23.82,82.94,1.97,4.1189
20251016,Chamarajanagar,11.9261,76.94,23.41,86.18,2.33,3.7934
20251017,Chamarajanagar,11.9261,76.94,23.67,84.6,2.22,4.5322
20251018,Chamarajanagar,11.9261,76.94,23.25,85.84,2.3,4.4681
20251019,Chamarajanagar,11.9261,76.94,23.3,84.23,1.98,4.6608
20251020,Chamarajanagar,11.9261,76.94,22.78,85.8,2.15,4.3411
20251021,Chamarajanagar,11.9261,76.94,22.46,88.74,1.64,2.9758
20251022,Chamarajanagar,11.9261,76.94,21.84,93.03,1.84,2.0395
20251023,Chamarajanagar,11.9261,76.94,22.82,84.55,1.68,4.397
20251024,Chamarajanagar,11.9261,76.94,22.42,84.45,2.04,3.5462
20251025,Chamarajanagar,11.9261,76.94,22.63,83.69,1.51,4.279
20251026,Chamarajanagar,11.9261,76.94,23.51,83.79,1.41,4.8943
20251027,Chamarajanagar,11.9261,76.94,22.43,87.49,2.21,2.0237
20251028,Chamarajanagar,11.9261,76.94,22.28,85.06,2.61,2.8195
20251029,Chamarajanagar,11.9261,76.94,22.7,84.02,2.51,4.1628
20251030,Chamarajanagar,11.9261,76.94,23.09,82.58,2.06,5.1418
20251031,Chamarajanagar,11.9261,76.94,23.42,79.09,1.85,6.1308
20251101,Chamarajanagar,11.9261,76.94,23.39,76.06,1.18,6.6514
20251102,Chamarajanagar,11.9261,76.94,24.21,76.31,1.18,5.7931
20251103,Chamarajanagar,11.9261,76.94,24.71,75.5,1.26,4.7921
20251104,Chamarajanagar,11.9261,76.94,24.72,71.48,1.23,5.1394
20251105,Chamarajanagar,11.9261,76.94,23.84,79.0,1.19,4.6548
20251106,Chamarajanagar,11.9261,76.94,22.24,76.15,1.39,5.5406
20251107,Chamarajanagar,11.9261,76.94,22.22,79.25,0.78,5.0897
20251108,Chamarajanagar,11.9261,76.94,22.9,77.11,1.36,3.7567
20251109,Chamarajanagar,11.9261,76.94,21.26,65.91,1.35,5.4173
20251110,Chamarajanagar,11.9261,76.94,21.92,76.15,0.94,4.1021
20251111,Chamarajanagar,11.9261,76.94,23.31,79.24,1.12,3.6096
20251112,Chamarajanagar,11.9261,76.94,23.66,76.81,1.54,3.1049
20251113,Chamarajanagar,11.9261,76.94,23.8,77.05,1.64,4.3502
20251114,Chamarajanagar,11.9261,76.94,23.36,78.01,1.92,2.6443
20251115,Chamarajanagar,11.9261,76.94,21.36,70.38,1.42,4.5674
20251116,Chamarajanagar,11.9261,76.94,22.81,75.19,1.6,4.6267
20251117,Chamarajanagar,11.9261,76.94,22.79,74.32,1.88,3.7702
20251118,Chamarajanagar,11.9261,76.94,21.52,83.32,1.82,3.1253
20251119,Chamarajanagar,11.9261,76.94,23.03,77.31,2.19,4.7486
20251120,Chamarajanagar,11.9261,76.94,22.91,70.28,1.62,4.8869
20251121,Chamarajanagar,11.9261,76.94,23.4,77.06,1.76,4.7594
20251122,Chamarajanagar,11.9261,76.94,22.65,83.75,2.16,3.6749
20251123,Chamarajanagar,11.9261,76.94,22.17,85.33,2.24,3.9168
20251124,Chamarajanagar,11.9261,76.94,22.02,82.87,2.19,2.9743
20251125,Chamarajanagar,11.9261,76.94,22.28,74.83,2.07,4.559
20251126,Chamarajanagar,11.9261,76.94,21.68,72.25,2.13,4.8564
20251127,Chamarajanagar,11.9261,76.94,21.56,72.45,2.15,4.915
20251128,Chamarajanagar,11.9261,76.94,20.28,73.09,1.75,3.6598
20251129,Chamarajanagar,11.9261,76.94,20.22,80.45,1.51,3.7601
20251130,Chamarajanagar,11.9261,76.94,20.49,87.17,1.38,3.5551
20251201,Chamarajanagar,11.9261,76.94,22.88,77.47,1.28,3.6883
20251202,Chamarajanagar,11.9261,76.94,23.59,74.79,1.07,4.6951
20251203,Chamarajanagar,11.9261,76.94,23.33,81.93,1.24,2.6045
20251204,Chamarajanagar,11.9261,76.94,22.48,83.22,1.3,3.7596
20251205,Chamarajanagar,11.9261,76.94,22.38,80.31,2.39,3.3317
20251206,Chamarajanagar,11.9261,76.94,22.31,75.96,2.07,3.833
20251207,Chamarajanagar,11.9261,76.94,21.95,71.66,1.87,4.531
20251208,Chamarajanagar,11.9261,76.94,21.85,65.67,1.55,5.2716
20251209,Chamarajanagar,11.9261,76.94,21.68,69.64,1.75,5.484
20251210,Chamarajanagar,11.9261,76.94,22.57,65.41,1.86,5.3515
20251211,Chamarajanagar,11.9261,76.94,20.74,66.55,2.04,5.4374
20251212,Chamarajanagar,11.9261,76.94,20.44,67.45,1.89,5.6657
20251213,Chamarajanagar,11.9261,76.94,20.04,61.54,1.48,5.7996
20251214,Chamarajanagar,11.9261,76.94,19.13,59.63,1.63,6.0065
20251215,Chamarajanagar,11.9261,76.94,19.07,59.65,1.83,5.9758
20251216,Chamarajanagar,11.9261,76.94,21.23,78.38,2.53,4.0224
20251217,Chamarajanagar,11.9261,76.94,22.93,69.97,2.49,5.513
20251218,Chamarajanagar,11.9261,76.94,20.49,62.07,2.2,5.3266
20251219,Chamarajanagar,11.9261,76.94,20.06,61.9,1.74,4.4551
20251220,Chamarajanagar,11.9261,76.94,19.82,65.34,1.41,4.9282
20251221,Chamarajanagar,11.9261,76.94,19.59,61.29,1.58,5.3256
20251222,Chamarajanagar,11.9261,76.94,19.98,64.42,1.72,5.268
20251223,Chamarajanagar,11.9261,76.94,20.92,66.2,1.49,5.7264
20251224,Chamarajanagar,11.9261,76.94,20.4,63.97,1.36,5.4682
20251225,Chamarajanagar,11.9261,76.94,20.37,62.4,1.47,5.6902
20251226,Chamarajanagar,11.9261,76.94,21.47,65.76,1.79,4.7964
20251227,Chamarajanagar,11.9261,76.94,20.92,62.89,1.7,5.0827
20251228,Chamarajanagar,11.9261,76.94,20.94,64.68,1.67,5.4514
20251229,Chamarajanagar,11.9261,76.94,22.48,66.06,1.53,4.9133
20251230,Chamarajanagar,11.9261,76.94,23.3,65.68,0.76,4.5504
20251231,Chamarajanagar,11.9261,76.94,23.9,64.6,1.12,3.7459
