Date,District,Latitude,Longitude,Temperature,Humidity,WindSpeed,GHI
20200101,Chikkamagaluru,13.3161,75.772,21.29,83.55,0.68,4.5689
20200102,Chikkamagaluru,13.3161,75.772,21.95,82.73,0.46,4.662
20200103,Chikkamagaluru,13.3161,75.772,22.03,83.73,0.45,4.8816
20200104,Chikkamagaluru,13.3161,75.772,20.96,83.79,0.52,5.569
20200105,Chikkamagaluru,13.3161,75.772,21.34,79.12,0.52,5.4494
20200106,Chikkamagaluru,13.3161,75.772,22.16,82.3,0.95,4.6354
20200107,Chikkamagaluru,13.3161,75.772,22.09,76.48,0.81,5.1197
20200108,Chikkamagaluru,13.3161,75.772,21.27,81.05,0.6,5.2771
20200109,Chikkamagaluru,13.3161,75.772,21.8,82.33,0.43,4.6975
20200110,Chikkamagaluru,13.3161,75.772,21.79,78.89,0.79,4.7256
20200111,Chikkamagaluru,13.3161,75.772,21.09,76.01,0.94,5.7821
20200112,Chikkamagaluru,13.3161,75.772,20.15,72.43,0.92,5.7276
20200113,Chikkamagaluru,13.3161,75.772,20.05,78.02,0.56,5.6652
20200114,Chikkamagaluru,13.3161,75.772,20.85,78.03,0.32,5.6633
20200115,Chikkamagaluru,13.3161,75.772,20.58,78.82,0.67,5.6868
20200116,Chikkamagaluru,13.3161,75.772,19.71,77.87,0.64,5.0496
20200117,Chikkamagaluru,13.3161,75.772,20.44,79.54,0.51,5.1168
20200118,Chikkamagaluru,13.3161,75.772,21.41,75.77,0.69,5.8867
20200119,Chikkamagaluru,13.3161,75.772,22.52,78.08,0.55,5.1718
20200120,Chikkamagaluru,13.3161,75.772,22.64,71.26,0.69,5.4739
20200121,Chikkamagaluru,13.3161,75.772,21.33,65.24,0.9,5.7835
20200122,Chikkamagaluru,13.3161,75.772,20.93,63.34,1.02,6.1716
20200123,Chikkamagaluru,13.3161,75.772,21.6,64.53,1.0,6.2146
20200124,Chikkamagaluru,13.3161,75.772,21.0,62.78,0.99,6.2568
20200125,Chikkamagaluru,13.3161,75.772,20.72,56.9,0.8,6.2426
20200126,Chikkamagaluru,13.3161,75.772,21.06,57.57,0.65,6.211
20200127,Chikkamagaluru,13.3161,75.772,21.27,73.23,0.82,5.8978
20200128,Chikkamagaluru,13.3161,75.772,21.2,83.14,0.89,5.1965
20200129,Chikkamagaluru,13.3161,75.772,21.13,80.49,0.63,6.167
20200130,Chikkamagaluru,13.3161,75.772,21.45,78.63,0.51,6.3617
20200131,Chikkamagaluru,13.3161,75.772,21.31,78.16,0.48,6.3463
20200201,Chikkamagaluru,13.3161,75.772,21.51,80.0,0.7,5.3256
20200202,Chikkamagaluru,13.3161,75.772,21.91,75.93,0.63,4.6298
20200203,Chikkamagaluru,13.3161,75.772,22.04,71.15,0.62,5.837
20200204,Chikkamagaluru,13.3161,75.772,21.5,72.64,0.73,6.0497
20200205,Chikkamagaluru,13.3161,75.772,21.65,75.64,0.69,5.8553
20200206,Chikkamagaluru,13.3161,75.772,21.89,79.21,0.62,5.645
20200207,Chikkamagaluru,13.3161,75.772,21.39,80.17,0.68,5.1874
20200208,Chikkamagaluru,13.3161,75.772,19.81,77.02,0.77,6.4303
20200209,Chikkamagaluru,13.3161,75.772,20.71,71.5,0.61,6.4507
20200210,Chikkamagaluru,13.3161,75.772,22.5,69.92,0.85,5.7799
20200211,Chikkamagaluru,13.3161,75.772,23.05,61.39,1.05,6.5659
20200212,Chikkamagaluru,13.3161,75.772,22.58,60.92,1.02,6.4056
20200213,Chikkamagaluru,13.3161,75.772,22.15,57.07,1.0,6.5239
20200214,Chikkamagaluru,13.3161,75.772,22.46,58.05,0.56,6.3977
20200215,Chikkamagaluru,13.3161,75.772,22.84,49.36,0.66,6.541
20200216,Chikkamagaluru,13.3161,75.772,22.21,44.71,0.88,6.6454
20200217,Chikkamagaluru,13.3161,75.772,22.29,44.5,0.96,6.8126
20200218,Chikkamagaluru,13.3161,75.772,22.6,45.63,1.06,6.5246
20200219,Chikkamagaluru,13.3161,75.772,23.07,52.14,0.76,6.6238
20200220,Chikkamagaluru,13.3161,75.772,23.0,53.98,0.86,6.7421
20200221,Chikkamagaluru,13.3161,75.772,22.28,45.66,0.98,6.9151
20200222,Chikkamagaluru,13.3161,75.772,22.33,45.03,1.08,7.0092
20200223,Chikkamagaluru,13.3161,75.772,23.06,49.35,1.0,6.4716
20200224,Chikkamagaluru,13.3161,75.772,23.65,54.46,0.87,6.4824
20200225,Chikkamagaluru,13.3161,75.772,23.54,59.51,0.64,6.1889
20200226,Chikkamagaluru,13.3161,75.772,24.76,61.14,0.64,5.8054
20200227,Chikkamagaluru,13.3161,75.772,25.23,61.35,0.65,5.2798
20200228,Chikkamagaluru,13.3161,75.772,25.32,62.0,0.56,5.5054
20200229,Chikkamagaluru,13.3161,75.772,24.74,65.51,0.63,4.9138
20200301,Chikkamagaluru,13.3161,75.772,24.85,69.71,0.57,5.5138
20200302,Chikkamagaluru,13.3161,75.772,24.44,73.57,0.73,4.6152
20200303,Chikkamagaluru,13.3161,75.772,24.02,73.78,0.85,5.616
20200304,Chikkamagaluru,13.3161,75.772,23.16,71.8,0.79,6.2383
20200305,Chikkamagaluru,13.3161,75.772,23.13,72.37,0.81,6.3262
20200306,Chikkamagaluru,13.3161,75.772,22.66,72.85,1.03,6.6139
20200307,Chikkamagaluru,13.3161,75.772,22.95,72.0,0.84,6.5633
20200308,Chikkamagaluru,13.3161,75.772,24.17,71.95,0.68,6.1579
20200309,Chikkamagaluru,13.3161,75.772,25.13,70.11,0.68,5.9314
20200310,Chikkamagaluru,13.3161,75.772,25.29,68.87,0.71,6.601
20200311,Chikkamagaluru,13.3161,75.772,24.85,70.94,0.94,6.2549
20200312,Chikkamagaluru,13.3161,75.772,25.29,68.36,0.71,7.0265
20200313,Chikkamagaluru,13.3161,75.772,25.4,64.0,0.54,7.0255
20200314,Chikkamagaluru,13.3161,75.772,25.68,60.18,0.45,7.2574
20200315,Chikkamagaluru,13.3161,75.772,26.68,53.89,0.48,7.2341
20200316,Chikkamagaluru,13.3161,75.772,26.93,54.11,0.62,7.0334
20200317,Chikkamagaluru,13.3161,75.772,26.9,48.72,0.89,6.8352
20200318,Chikkamagaluru,13.3161,75.772,26.52,51.71,0.59,7.1431
20200319,Chikkamagaluru,13.3161,75.772,26.47,60.62,0.83,6.5686
20200320,Chikkamagaluru,13.3161,75.772,26.29,55.95,0.9,7.0507
20200321,Chikkamagaluru,13.3161,75.772,25.09,49.53,0.66,7.5619
20200322,Chikkamagaluru,13.3161,75.772,25.72,51.67,0.78,7.3824
20200323,Chikkamagaluru,13.3161,75.772,27.12,56.53,0.49,7.2977
20200324,Chikkamagaluru,13.3161,75.772,26.93,59.01,0.56,6.271
20200325,Chikkamagaluru,13.3161,75.772,26.52,61.21,0.66,6.1385
20200326,Chikkamagaluru,13.3161,75.772,27.68,53.09,0.74,6.9425
20200327,Chikkamagaluru,13.3161,75.772,27.59,50.19,0.65,6.69
20200328,Chikkamagaluru,13.3161,75.772,26.96,45.39,0.93,7.2722
20200329,Chikkamagaluru,13.3161,75.772,26.59,44.8,0.85,7.2163
20200330,Chikkamagaluru,13.3161,75.772,27.22,53.51,0.76,7.0752
20200331,Chikkamagaluru,13.3161,75.772,27.44,43.16,0.8,7.4285
20200401,Chikkamagaluru,13.3161,75.772,27.73,45.01,0.81,7.5516
20200402,Chikkamagaluru,13.3161,75.772,27.57,58.73,0.75,6.8431
20200403,Chikkamagaluru,13.3161,75.772,28.39,55.47,0.57,6.3557
20200404,Chikkamagaluru,13.3161,75.772,28.44,54.56,0.5,6.8203
20200405,Chikkamagaluru,13.3161,75.772,27.46,62.19,0.77,6.2537
20200406,Chikkamagaluru,13.3161,75.772,26.58,67.15,0.55,6.1726
20200407,Chikkamagaluru,13.3161,75.772,25.24,72.07,0.69,4.6279
20200408,Chikkamagaluru,13.3161,75.772,26.65,62.82,0.49,6.2609
20200409,Chikkamagaluru,13.3161,75.772,27.01,58.37,0.7,7.3951
20200410,Chikkamagaluru,13.3161,75.772,26.86,59.41,0.7,6.1846
20200411,Chikkamagaluru,13.3161,75.772,26.88,55.91,0.69,6.7752
20200412,Chikkamagaluru,13.3161,75.772,27.11,56.49,0.74,6.6859
20200413,Chikkamagaluru,13.3161,75.772,27.59,48.94,1.08,7.2929
20200414,Chikkamagaluru,13.3161,75.772,27.4,44.03,1.21,7.4177
20200415,Chikkamagaluru,13.3161,75.772,27.69,44.05,0.96,6.9998
20200416,Chikkamagaluru,13.3161,75.772,27.7,54.55,0.67,6.4399
20200417,Chikkamagaluru,13.3161,75.772,28.8,52.65,0.52,6.9703
20200418,Chikkamagaluru,13.3161,75.772,28.38,55.24,0.64,6.3514
20200419,Chikkamagaluru,13.3161,75.772,29.24,52.23,0.78,6.7658
20200420,Chikkamagaluru,13.3161,75.772,29.08,51.33,0.75,6.8234
20200421,Chikkamagaluru,13.3161,75.772,28.87,54.35,0.52,6.0096
20200422,Chikkamagaluru,13.3161,75.772,27.89,62.87,0.69,6.1728
20200423,Chikkamagaluru,13.3161,75.772,27.05,70.07,0.88,6.5407
20200424,Chikkamagaluru,13.3161,75.772,26.12,72.75,0.73,6.6317
20200425,Chikkamagaluru,13.3161,75.772,24.87,79.83,0.9,6.1265
20200426,Chikkamagaluru,13.3161,75.772,26.17,73.84,0.76,6.6967
20200427,Chikkamagaluru,13.3161,75.772,27.31,66.29,0.91,6.9838
20200428,Chikkamagaluru,13.3161,75.772,27.45,63.63,0.78,7.0411
20200429,Chikkamagaluru,13.3161,75.772,25.32,74.52,0.79,4.3548
20200430,Chikkamagaluru,13.3161,75.772,26.52,67.54,0.65,6.144
20200501,Chikkamagaluru,13.3161,75.772,25.96,74.07,0.53,6.515
20200502,Chikkamagaluru,13.3161,75.772,26.38,72.85,0.57,6.2422
20200503,Chikkamagaluru,13.3161,75.772,27.23,69.49,0.53,6.2952
20200504,Chikkamagaluru,13.3161,75.772,27.36,69.23,0.51,6.3295
20200505,Chikkamagaluru,13.3161,75.772,27.17,67.93,0.43,6.3718
20200506,Chikkamagaluru,13.3161,75.772,26.79,73.01,0.55,6.5762
20200507,Chikkamagaluru,13.3161,75.772,25.76,80.28,0.46,5.843
20200508,Chikkamagaluru,13.3161,75.772,25.78,79.49,0.5,5.0314
20200509,Chikkamagaluru,13.3161,75.772,26.42,75.67,0.55,6.4222
20200510,Chikkamagaluru,13.3161,75.772,27.17,68.73,0.52,6.037
20200511,Chikkamagaluru,13.3161,75.772,27.22,63.98,0.75,6.4882
20200512,Chikkamagaluru,13.3161,75.772,26.85,70.8,0.62,6.5126
20200513,Chikkamagaluru,13.3161,75.772,26.43,74.16,0.59,5.8258
20200514,Chikkamagaluru,13.3161,75.772,27.09,71.67,0.63,6.5918
20200515,Chikkamagaluru,13.3161,75.772,26.39,76.27,0.54,5.5987
20200516,Chikkamagaluru,13.3161,75.772,26.28,72.5,0.72,5.089
20200517,Chikkamagaluru,13.3161,75.772,25.42,80.42,1.07,5.405
20200518,Chikkamagaluru,13.3161,75.772,23.46,89.58,1.39,3.1747
20200519,Chikkamagaluru,13.3161,75.772,24.99,80.5,1.6,5.1365
20200520,Chikkamagaluru,13.3161,75.772,25.89,73.89,1.37,5.8387
20200521,Chikkamagaluru,13.3161,75.772,25.32,73.74,1.35,6.2465
20200522,Chikkamagaluru,13.3161,75.772,26.39,70.72,1.18,6.9442
20200523,Chikkamagaluru,13.3161,75.772,26.55,73.09,1.11,6.731
20200524,Chikkamagaluru,13.3161,75.772,26.82,72.87,1.11,6.9545
20200525,Chikkamagaluru,13.3161,75.772,25.68,79.59,0.97,6.3943
20200526,Chikkamagaluru,13.3161,75.772,25.67,81.56,0.92,6.4344
20200527,Chikkamagaluru,13.3161,75.772,25.85,79.1,1.17,5.8476
20200528,Chikkamagaluru,13.3161,75.772,25.09,74.86,1.17,6.5275
20200529,Chikkamagaluru,13.3161,75.772,23.33,83.26,1.24,6.8472
20200530,Chikkamagaluru,13.3161,75.772,24.26,84.07,0.64,5.1653
20200531,Chikkamagaluru,13.3161,75.772,23.87,89.09,0.74,4.2269
20200601,Chikkamagaluru,13.3161,75.772,23.55,88.0,0.87,3.8388
20200602,Chikkamagaluru,13.3161,75.772,23.71,85.78,1.61,3.7757
20200603,Chikkamagaluru,13.3161,75.772,23.55,89.04,1.83,3.5047
20200604,Chikkamagaluru,13.3161,75.772,23.31,84.24,1.59,3.8462
20200605,Chikkamagaluru,13.3161,75.772,23.51,81.6,1.53,5.5368
20200606,Chikkamagaluru,13.3161,75.772,23.08,82.19,1.49,5.6482
20200607,Chikkamagaluru,13.3161,75.772,23.73,80.27,1.49,5.7979
20200608,Chikkamagaluru,13.3161,75.772,23.51,78.64,1.56,5.8836
20200609,Chikkamagaluru,13.3161,75.772,23.46,77.52,1.4,5.2397
20200610,Chikkamagaluru,13.3161,75.772,23.9,82.28,1.59,3.593
20200611,Chikkamagaluru,13.3161,75.772,23.01,85.83,1.68,4.2792
20200612,Chikkamagaluru,13.3161,75.772,22.12,84.68,2.14,3.4805
20200613,Chikkamagaluru,13.3161,75.772,22.55,81.3,2.29,3.569
20200614,Chikkamagaluru,13.3161,75.772,22.76,84.17,2.55,3.2614
20200615,Chikkamagaluru,13.3161,75.772,23.76,85.96,2.12,3.9638
20200616,Chikkamagaluru,13.3161,75.772,24.17,86.39,2.05,2.9189
20200617,Chikkamagaluru,13.3161,75.772,23.18,88.12,1.99,3.0451
20200618,Chikkamagaluru,13.3161,75.772,22.3,87.71,1.71,3.7733
20200619,Chikkamagaluru,13.3161,75.772,22.82,85.52,1.64,3.9259
20200620,Chikkamagaluru,13.3161,75.772,22.79,80.04,1.56,5.3556
20200621,Chikkamagaluru,13.3161,75.772,23.01,85.54,1.52,4.5449
20200622,Chikkamagaluru,13.3161,75.772,22.66,85.5,1.62,4.0742
20200623,Chikkamagaluru,13.3161,75.772,22.14,81.89,1.35,5.3102
20200624,Chikkamagaluru,13.3161,75.772,22.97,82.39,1.25,5.7413
20200625,Chikkamagaluru,13.3161,75.772,23.22,83.78,0.79,5.7197
20200626,Chikkamagaluru,13.3161,75.772,22.9,86.78,0.96,5.2651
20200627,Chikkamagaluru,13.3161,75.772,23.23,88.69,1.06,4.9848
20200628,Chikkamagaluru,13.3161,75.772,23.44,88.83,1.33,3.6888
20200629,Chikkamagaluru,13.3161,75.772,23.09,91.12,1.3,4.038
20200630,Chikkamagaluru,13.3161,75.772,22.59,88.62,1.26,5.0107
20200701,Chikkamagaluru,13.3161,75.772,22.55,84.48,1.67,4.7798
20200702,Chikkamagaluru,13.3161,75.772,21.65,89.83,1.89,3.1562
20200703,Chikkamagaluru,13.3161,75.772,22.98,87.27,2.33,4.153
20200704,Chikkamagaluru,13.3161,75.772,22.96,86.09,2.43,3.1502
20200705,Chikkamagaluru,13.3161,75.772,21.85,88.86,2.1,3.264
20200706,Chikkamagaluru,13.3161,75.772,23.06,85.74,2.13,3.7116
20200707,Chikkamagaluru,13.3161,75.772,22.7,87.28,2.18,2.7814
20200708,Chikkamagaluru,13.3161,75.772,22.37,88.5,1.5,3.4315
20200709,Chikkamagaluru,13.3161,75.772,21.9,91.33,1.52,3.2479
20200710,Chikkamagaluru,13.3161,75.772,21.96,88.05,1.44,3.8551
20200711,Chikkamagaluru,13.3161,75.772,22.28,85.25,1.4,4.8703
20200712,Chikkamagaluru,13.3161,75.772,21.98,87.11,1.33,4.5062
20200713,Chikkamagaluru,13.3161,75.772,22.05,87.28,1.27,4.205
20200714,Chikkamagaluru,13.3161,75.772,22.42,89.25,1.45,3.4202
20200715,Chikkamagaluru,13.3161,75.772,21.79,89.32,1.92,2.5399
20200716,Chikkamagaluru,13.3161,75.772,22.31,88.48,2.01,3.091
20200717,Chikkamagaluru,13.3161,75.772,22.05,89.64,1.72,2.1276
20200718,Chikkamagaluru,13.3161,75.772,22.42,89.72,1.53,3.6881
20200719,Chikkamagaluru,13.3161,75.772,22.28,89.62,0.87,4.2598
20200720,Chikkamagaluru,13.3161,75.772,22.36,92.01,0.47,4.7904
20200721,Chikkamagaluru,13.3161,75.772,23.57,85.28,0.7,5.4235
20200722,Chikkamagaluru,13.3161,75.772,23.77,86.7,0.51,5.7578
20200723,Chikkamagaluru,13.3161,75.772,23.5,90.4,0.43,4.5163
20200724,Chikkamagaluru,13.3161,75.772,22.71,85.68,0.8,4.9152
20200725,Chikkamagaluru,13.3161,75.772,21.82,89.95,1.33,4.1729
20200726,Chikkamagaluru,13.3161,75.772,21.72,87.83,1.38,4.308
20200727,Chikkamagaluru,13.3161,75.772,22.44,87.07,1.24,4.5384
20200728,Chikkamagaluru,13.3161,75.772,22.44,88.68,1.32,5.2538
20200729,Chikkamagaluru,13.3161,75.772,22.43,90.25,1.15,3.7234
20200730,Chikkamagaluru,13.3161,75.772,22.74,90.23,1.2,4.1201
20200731,Chikkamagaluru,13.3161,75.772,22.89,88.75,1.19,3.7946
20200801,Chikkamagaluru,13.3161,75.772,21.94,89.85,1.32,4.3608
20200802,Chikkamagaluru,13.3161,75.772,21.98,89.37,1.91,2.85
20200803,Chikkamagaluru,13.3161,75.772,22.43,90.69,2.34,2.4674
20200804,Chikkamagaluru,13.3161,75.772,21.89,92.33,2.86,2.0328
20200805,Chikkamagaluru,13.3161,75.772,22.33,90.29,3.32,1.4182
20200806,Chikkamagaluru,13.3161,75.772,23.36,90.45,3.01,2.699
20200807,Chikkamagaluru,13.3161,75.772,23.19,90.54,2.68,2.8214
20200808,Chikkamagaluru,13.3161,75.772,21.71,91.45,2.12,2.4134
20200809,Chikkamagaluru,13.3161,75.772,22.2,90.4,1.91,2.4914
20200810,Chikkamagaluru,13.3161,75.772,22.3,93.33,1.65,2.4569
20200811,Chikkamagaluru,13.3161,75.772,22.13,91.17,1.83,3.4226
20200812,Chikkamagaluru,13.3161,75.772,22.09,91.66,1.73,3.7932
20200813,Chikkamagaluru,13.3161,75.772,22.14,91.26,1.66,3.6542
20200814,Chikkamagaluru,13.3161,75.772,21.84,91.3,1.86,3.8189
20200815,Chikkamagaluru,13.3161,75.772,22.14,90.45,2.09,3.7092
20200816,Chikkamagaluru,13.3161,75.772,22.34,90.72,1.93,1.1686
20200817,Chikkamagaluru,13.3161,75.772,22.69,89.78,1.89,2.2992
20200818,Chikkamagaluru,13.3161,75.772,22.37,90.32,1.62,3.4603
20200819,Chikkamagaluru,13.3161,75.772,22.53,89.23,1.62,3.8506
20200820,Chikkamagaluru,13.3161,75.772,22.38,90.72,1.78,3.1579
20200821,Chikkamagaluru,13.3161,75.772,22.41,90.2,1.74,3.5184
20200822,Chikkamagaluru,13.3161,75.772,22.38,90.18,1.54,3.9266
20200823,Chikkamagaluru,13.3161,75.772,22.52,88.77,1.31,4.7674
20200824,Chikkamagaluru,13.3161,75.772,22.94,88.4,1.19,4.1712
20200825,Chikkamagaluru,13.3161,75.772,22.96,86.62,1.1,5.131
20200826,Chikkamagaluru,13.3161,75.772,22.52,87.66,0.93,5.5464
20200827,Chikkamagaluru,13.3161,75.772,22.37,87.55,1.11,4.7388
20200828,Chikkamagaluru,13.3161,75.772,22.05,89.14,1.12,5.6472
20200829,Chikkamagaluru,13.3161,75.772,22.74,88.64,1.16,4.4102
20200830,Chikkamagaluru,13.3161,75.772,22.88,89.92,0.94,4.783
20200831,Chikkamagaluru,13.3161,75.772,22.62,89.46,0.76,5.0258
20200901,Chikkamagaluru,13.3161,75.772,22.51,91.97,0.85,4.7016
20200902,Chikkamagaluru,13.3161,75.772,22.45,92.45,0.95,4.6992
20200903,Chikkamagaluru,13.3161,75.772,22.66,90.6,0.79,4.6541
20200904,Chikkamagaluru,13.3161,75.772,23.49,89.02,0.6,5.0232
20200905,Chikkamagaluru,13.3161,75.772,24.15,88.32,0.42,4.9294
20200906,Chikkamagaluru,13.3161,75.772,23.81,88.72,0.66,4.7498
20200907,Chikkamagaluru,13.3161,75.772,23.18,87.82,0.51,4.8456
20200908,Chikkamagaluru,13.3161,75.772,23.46,86.87,0.51,4.913
20200909,Chikkamagaluru,13.3161,75.772,23.09,89.82,0.74,4.7249
20200910,Chikkamagaluru,13.3161,75.772,22.31,92.39,0.65,4.0673
20200911,Chikkamagaluru,13.3161,75.772,21.78,92.92,1.45,3.2822
20200912,Chikkamagaluru,13.3161,75.772,20.89,92.16,1.58,2.3122
20200913,Chikkamagaluru,13.3161,75.772,20.41,92.27,1.37,2.5121
20200914,Chikkamagaluru,13.3161,75.772,21.09,88.48,1.5,3.7066
20200915,Chikkamagaluru,13.3161,75.772,21.53,89.94,1.4,4.0812
20200916,Chikkamagaluru,13.3161,75.772,22.24,90.08,1.39,4.2346
20200917,Chikkamagaluru,13.3161,75.772,22.12,91.36,1.29,4.4273
20200918,Chikkamagaluru,13.3161,75.772,21.95,91.54,1.67,3.935
20200919,Chikkamagaluru,13.3161,75.772,21.68,93.43,1.55,3.6161
20200920,Chikkamagaluru,13.3161,75.772,21.21,92.38,2.03,2.2032
20200921,Chikkamagaluru,13.3161,75.772,20.15,91.28,2.45,2.9554
20200922,Chikkamagaluru,13.3161,75.772,20.25,89.77,2.18,2.6383
20200923,Chikkamagaluru,13.3161,75.772,21.09,90.06,1.68,4.1729
20200924,Chikkamagaluru,13.3161,75.772,20.75,91.97,1.1,3.4106
20200925,Chikkamagaluru,13.3161,75.772,21.98,90.67,1.02,3.8074
20200926,Chikkamagaluru,13.3161,75.772,21.02,93.55,1.12,2.1732
20200927,Chikkamagaluru,13.3161,75.772,21.31,88.59,0.86,4.6802
20200928,Chikkamagaluru,13.3161,75.772,21.91,88.16,0.8,5.1958
20200929,Chikkamagaluru,13.3161,75.772,22.14,90.37,1.11,4.7371
20200930,Chikkamagaluru,13.3161,75.772,21.79,89.17,1.03,5.0033
20201001,Chikkamagaluru,13.3161,75.772,20.87,90.21,0.74,6.0115
20201002,Chikkamagaluru,13.3161,75.772,21.7,89.68,0.78,5.418
20201003,Chikkamagaluru,13.3161,75.772,21.27,91.92,0.96,4.6282
20201004,Chikkamagaluru,13.3161,75.772,21.31,90.61,0.79,3.6847
20201005,Chikkamagaluru,13.3161,75.772,21.04,89.14,0.8,4.0303
20201006,Chikkamagaluru,13.3161,75.772,22.37,89.24,0.65,5.0513
20201007,Chikkamagaluru,13.3161,75.772,23.05,89.52,0.75,4.6651
20201008,Chikkamagaluru,13.3161,75.772,22.98,87.54,0.5,5.5577
20201009,Chikkamagaluru,13.3161,75.772,22.85,90.48,0.54,4.1446
20201010,Chikkamagaluru,13.3161,75.772,21.38,94.11,0.82,4.7191
20201011,Chikkamagaluru,13.3161,75.772,21.32,91.52,1.15,3.629
20201012,Chikkamagaluru,13.3161,75.772,21.6,95.99,1.07,3.3067
20201013,Chikkamagaluru,13.3161,75.772,20.98,94.85,1.23,2.5498
20201014,Chikkamagaluru,13.3161,75.772,21.67,95.8,1.63,3.2462
20201015,Chikkamagaluru,13.3161,75.772,21.56,92.43,1.52,2.767
20201016,Chikkamagaluru,13.3161,75.772,21.5,90.29,1.01,4.2864
20201017,Chikkamagaluru,13.3161,75.772,21.87,88.73,0.69,5.4852
20201018,Chikkamagaluru,13.3161,75.772,21.95,89.01,0.64,4.8348
20201019,Chikkamagaluru,13.3161,75.772,22.02,90.19,0.51,5.1247
20201020,Chikkamagaluru,13.3161,75.772,22.22,91.65,0.66,3.7846
20201021,Chikkamagaluru,13.3161,75.772,21.81,94.07,0.57,3.233
20201022,Chikkamagaluru,13.3161,75.772,21.81,92.12,0.55,3.0324
20201023,Chikkamagaluru,13.3161,75.772,21.85,93.72,0.6,3.2201
20201024,Chikkamagaluru,13.3161,75.772,21.87,94.91,0.6,4.637
20201025,Chikkamagaluru,13.3161,75.772,22.12,88.85,0.33,3.8983
20201026,Chikkamagaluru,13.3161,75.772,22.57,88.1,0.56,5.3098
20201027,Chikkamagaluru,13.3161,75.772,22.32,85.57,0.68,5.5027
20201028,Chikkamagaluru,13.3161,75.772,21.46,85.11,0.75,5.76
20201029,Chikkamagaluru,13.3161,75.772,21.04,85.8,0.77,5.1158
20201030,Chikkamagaluru,13.3161,75.772,21.41,85.16,0.68,4.7623
20201031,Chikkamagaluru,13.3161,75.772,21.48,83.26,0.62,5.161
20201101,Chikkamagaluru,13.3161,75.772,21.97,84.75,0.49,4.7602
20201102,Chikkamagaluru,13.3161,75.772,21.98,84.65,0.63,4.7287
20201103,Chikkamagaluru,13.3161,75.772,22.37,86.64,0.72,4.577
20201104,Chikkamagaluru,13.3161,75.772,22.47,87.72,0.75,4.379
20201105,Chikkamagaluru,13.3161,75.772,21.38,87.44,0.83,5.1192
20201106,Chikkamagaluru,13.3161,75.772,22.53,88.16,0.86,4.6562
20201107,Chikkamagaluru,13.3161,75.772,22.1,91.42,0.73,5.0297
20201108,Chikkamagaluru,13.3161,75.772,22.62,88.11,0.99,4.9519
20201109,Chikkamagaluru,13.3161,75.772,21.47,85.99,0.77,5.6285
20201110,Chikkamagaluru,13.3161,75.772,18.86,81.61,0.9,6.4123
20201111,Chikkamagaluru,13.3161,75.772,18.48,84.17,0.94,6.3948
20201112,Chikkamagaluru,13.3161,75.772,21.77,89.61,0.95,5.1094
20201113,Chikkamagaluru,13.3161,75.772,22.53,89.18,1.05,4.7719
20201114,Chikkamagaluru,13.3161,75.772,21.74,89.77,1.09,5.1238
20201115,Chikkamagaluru,13.3161,75.772,22.3,88.38,1.24,4.7594
20201116,Chikkamagaluru,13.3161,75.772,22.37,90.67,1.13,3.4656
20201117,Chikkamagaluru,13.3161,75.772,21.86,90.2,1.26,3.6434
20201118,Chikkamagaluru,13.3161,75.772,22.04,87.66,0.88,4.8346
20201119,Chikkamagaluru,13.3161,75.772,22.16,86.34,0.88,5.5486
20201120,Chikkamagaluru,13.3161,75.772,21.7,84.2,0.91,5.5865
20201121,Chikkamagaluru,13.3161,75.772,19.79,82.57,0.79,6.1622
20201122,Chikkamagaluru,13.3161,75.772,19.11,76.84,0.79,6.0221
20201123,Chikkamagaluru,13.3161,75.772,18.97,79.0,0.82,5.0554
20201124,Chikkamagaluru,13.3161,75.772,20.78,87.13,0.72,5.2786
20201125,Chikkamagaluru,13.3161,75.772,21.16,87.37,1.0,5.3918
20201126,Chikkamagaluru,13.3161,75.772,20.0,90.72,0.91,2.9009
20201127,Chikkamagaluru,13.3161,75.772,19.5,89.06,1.0,4.7047
20201128,Chikkamagaluru,13.3161,75.772,20.92,87.14,0.6,4.9339
20201129,Chikkamagaluru,13.3161,75.772,21.16,87.01,0.92,4.3682
20201130,Chikkamagaluru,13.3161,75.772,21.29,86.25,1.07,5.1734
20201201,Chikkamagaluru,13.3161,75.772,19.89,82.11,1.0,5.7367
20201202,Chikkamagaluru,13.3161,75.772,18.89,84.12,0.9,5.6054
20201203,Chikkamagaluru,13.3161,75.772,20.1,87.02,0.89,4.1309
20201204,Chikkamagaluru,13.3161,75.772,21.37,88.97,1.02,3.5882
20201205,Chikkamagaluru,13.3161,75.772,21.28,87.31,1.04,3.827
20201206,Chikkamagaluru,13.3161,75.772,21.95,86.7,1.41,4.9999
20201207,Chikkamagaluru,13.3161,75.772,21.98,89.21,1.33,3.2606
20201208,Chikkamagaluru,13.3161,75.772,21.85,90.24,1.16,3.389
20201209,Chikkamagaluru,13.3161,75.772,21.75,88.43,0.96,4.1971
20201210,Chikkamagaluru,13.3161,75.772,20.37,85.02,0.79,5.004
20201211,Chikkamagaluru,13.3161,75.772,19.96,81.4,0.58,5.0606
20201212,Chikkamagaluru,13.3161,75.772,19.66,79.52,0.63,5.4941
20201213,Chikkamagaluru,13.3161,75.772,19.81,80.56,0.57,5.4439
20201214,Chikkamagaluru,13.3161,75.772,20.31,82.42,0.54,5.4139
20201215,Chikkamagaluru,13.3161,75.772,19.18,81.99,0.86,5.6729
20201216,Chikkamagaluru,13.3161,75.772,20.1,84.23,0.95,5.1667
20201217,Chikkamagaluru,13.3161,75.772,20.73,86.49,0.9,4.021
20201218,Chikkamagaluru,13.3161,75.772,20.24,83.25,0.99,5.0657
20201219,Chikkamagaluru,13.3161,75.772,19.78,85.11,1.09,5.2622
20201220,Chikkamagaluru,13.3161,75.772,19.26,83.3,1.18,4.6567
20201221,Chikkamagaluru,13.3161,75.772,17.58,81.29,1.04,5.3587
20201222,Chikkamagaluru,13.3161,75.772,18.45,80.13,0.81,5.6544
20201223,Chikkamagaluru,13.3161,75.772,20.01,82.6,0.61,5.2723
20201224,Chikkamagaluru,13.3161,75.772,21.39,85.34,0.47,4.7131
20201225,Chikkamagaluru,13.3161,75.772,21.31,84.36,0.83,5.1214
20201226,Chikkamagaluru,13.3161,75.772,19.7,82.71,0.82,5.4444
20201227,Chikkamagaluru,13.3161,75.772,18.47,79.18,0.79,5.4336
20201228,Chikkamagaluru,13.3161,75.772,18.56,78.22,0.69,5.4545
20201229,Chikkamagaluru,13.3161,75.772,18.85,76.3,0.77,5.5217
20201230,Chikkamagaluru,13.3161,75.772,21.12,84.8,0.84,5.1422
20201231,Chikkamagaluru,13.3161,75.772,21.51,85.09,1.14,4.2264
20210101,Chikkamagaluru,13.3161,75.772,18.68,83.18,1.02,5.1228
20210102,Chikkamagaluru,13.3161,75.772,19.1,83.68,1.01,5.2003
20210103,Chikkamagaluru,13.3161,75.772,21.32,85.2,0.86,4.8151
20210104,Chikkamagaluru,13.3161,75.772,21.49,85.43,0.83,3.8422
20210105,Chikkamagaluru,13.3161,75.772,20.76,88.62,0.63,4.7422
20210106,Chikkamagaluru,13.3161,75.772,21.65,88.85,0.6,3.3833
20210107,Chikkamagaluru,13.3161,75.772,21.54,92.2,0.59,4.0486
20210108,Chikkamagaluru,13.3161,75.772,20.57,95.99,0.58,3.4817
20210109,Chikkamagaluru,13.3161,75.772,21.88,90.34,0.72,3.6677
20210110,Chikkamagaluru,13.3161,75.772,21.85,85.09,0.82,4.847
20210111,Chikkamagaluru,13.3161,75.772,21.28,82.57,0.9,3.1298
20210112,Chikkamagaluru,13.3161,75.772,20.4,78.79,1.11,4.1242
20210113,Chikkamagaluru,13.3161,75.772,19.9,78.71,1.06,5.1521
20210114,Chikkamagaluru,13.3161,75.772,20.44,80.32,0.96,5.4622
20210115,Chikkamagaluru,13.3161,75.772,21.45,77.86,0.81,3.803
20210116,Chikkamagaluru,13.3161,75.772,20.91,81.45,0.73,4.7906
20210117,Chikkamagaluru,13.3161,75.772,21.36,81.35,0.75,4.9886
20210118,Chikkamagaluru,13.3161,75.772,20.59,78.71,0.89,5.9126
20210119,Chikkamagaluru,13.3161,75.772,19.94,79.87,0.82,5.8327
20210120,Chikkamagaluru,13.3161,75.772,19.69,74.09,0.77,6.1063
20210121,Chikkamagaluru,13.3161,75.772,20.13,68.34,0.59,6.066
20210122,Chikkamagaluru,13.3161,75.772,20.37,69.4,0.67,5.7816
20210123,Chikkamagaluru,13.3161,75.772,20.76,77.78,0.69,5.425
20210124,Chikkamagaluru,13.3161,75.772,20.03,73.99,0.7,5.7694
20210125,Chikkamagaluru,13.3161,75.772,19.43,66.89,0.82,6.1152
20210126,Chikkamagaluru,13.3161,75.772,19.18,64.06,0.81,6.1349
20210127,Chikkamagaluru,13.3161,75.772,18.9,65.61,0.71,6.0905
20210128,Chikkamagaluru,13.3161,75.772,18.64,71.5,0.9,6.0094
20210129,Chikkamagaluru,13.3161,75.772,19.16,72.11,0.86,5.989
20210130,Chikkamagaluru,13.3161,75.772,20.19,74.37,0.74,5.9023
20210131,Chikkamagaluru,13.3161,75.772,20.13,72.01,0.83,5.3909
20210201,Chikkamagaluru,13.3161,75.772,18.93,66.39,1.0,6.1351
20210202,Chikkamagaluru,13.3161,75.772,18.98,70.5,1.03,6.1502
20210203,Chikkamagaluru,13.3161,75.772,19.91,76.17,0.88,5.515
20210204,Chikkamagaluru,13.3161,75.772,20.59,73.46,0.74,6.1123
20210205,Chikkamagaluru,13.3161,75.772,20.09,75.43,0.6,6.0444
20210206,Chikkamagaluru,13.3161,75.772,19.76,68.02,0.77,6.3941
20210207,Chikkamagaluru,13.3161,75.772,18.99,61.1,1.05,6.5316
20210208,Chikkamagaluru,13.3161,75.772,18.39,62.53,1.11,6.5532
20210209,Chikkamagaluru,13.3161,75.772,18.55,64.8,0.96,6.4164
20210210,Chikkamagaluru,13.3161,75.772,18.64,60.31,0.86,6.6499
20210211,Chikkamagaluru,13.3161,75.772,18.93,58.85,0.83,6.6358
20210212,Chikkamagaluru,13.3161,75.772,19.75,61.43,0.69,6.6499
20210213,Chikkamagaluru,13.3161,75.772,19.91,62.55,0.63,6.6938
20210214,Chikkamagaluru,13.3161,75.772,19.99,63.65,0.66,6.6396
20210215,Chikkamagaluru,13.3161,75.772,20.17,73.34,0.66,6.6017
20210216,Chikkamagaluru,13.3161,75.772,20.57,77.19,0.73,5.9534
20210217,Chikkamagaluru,13.3161,75.772,21.86,80.15,0.45,5.5505
20210218,Chikkamagaluru,13.3161,75.772,21.81,78.28,0.71,5.0383
20210219,Chikkamagaluru,13.3161,75.772,19.5,74.73,0.95,3.2909
20210220,Chikkamagaluru,13.3161,75.772,19.81,76.4,1.17,4.9186
20210221,Chikkamagaluru,13.3161,75.772,19.76,82.58,1.03,4.1515
20210222,Chikkamagaluru,13.3161,75.772,21.24,72.54,0.83,5.2584
20210223,Chikkamagaluru,13.3161,75.772,21.67,72.48,0.9,5.6611
20210224,Chikkamagaluru,13.3161,75.772,22.49,67.04,0.62,6.5779
20210225,Chikkamagaluru,13.3161,75.772,22.47,69.63,0.66,6.5422
20210226,Chikkamagaluru,13.3161,75.772,22.46,75.97,0.53,6.4992
20210227,Chikkamagaluru,13.3161,75.772,23.26,68.71,0.46,6.263
20210228,Chikkamagaluru,13.3161,75.772,23.38,61.92,0.66,6.5309
20210301,Chikkamagaluru,13.3161,75.772,22.51,59.65,0.79,6.5592
20210302,Chikkamagaluru,13.3161,75.772,22.1,61.03,0.96,6.4867
20210303,Chikkamagaluru,13.3161,75.772,22.18,56.88,1.09,6.9341
20210304,Chikkamagaluru,13.3161,75.772,21.72,53.21,1.2,7.1162
20210305,Chikkamagaluru,13.3161,75.772,22.3,50.92,0.76,7.2931
20210306,Chikkamagaluru,13.3161,75.772,22.75,66.14,0.63,7.1736
20210307,Chikkamagaluru,13.3161,75.772,22.94,55.71,0.73,7.0538
20210308,Chikkamagaluru,13.3161,75.772,22.95,50.63,0.84,7.1158
20210309,Chikkamagaluru,13.3161,75.772,22.47,49.47,1.02,7.0133
20210310,Chikkamagaluru,13.3161,75.772,22.37,58.97,0.83,7.08
20210311,Chikkamagaluru,13.3161,75.772,22.01,72.23,0.75,5.7845
20210312,Chikkamagaluru,13.3161,75.772,23.07,72.47,0.4,6.215
20210313,Chikkamagaluru,13.3161,75.772,22.74,50.39,0.88,7.1832
20210314,Chikkamagaluru,13.3161,75.772,23.38,55.03,0.85,7.3918
20210315,Chikkamagaluru,13.3161,75.772,23.75,61.63,0.74,6.9746
20210316,Chikkamagaluru,13.3161,75.772,23.79,55.49,0.78,6.6202
20210317,Chikkamagaluru,13.3161,75.772,23.84,51.41,0.79,6.5419
20210318,Chikkamagaluru,13.3161,75.772,24.08,58.99,0.79,5.8637
20210319,Chikkamagaluru,13.3161,75.772,24.46,60.61,0.52,6.4075
20210320,Chikkamagaluru,13.3161,75.772,24.21,58.51,0.63,6.1661
20210321,Chikkamagaluru,13.3161,75.772,24.51,63.65,0.59,6.4128
20210322,Chikkamagaluru,13.3161,75.772,25.29,56.87,0.6,6.7267
20210323,Chikkamagaluru,13.3161,75.772,25.8,61.55,0.6,6.7003
20210324,Chikkamagaluru,13.3161,75.772,25.85,60.26,0.6,6.6778
20210325,Chikkamagaluru,13.3161,75.772,25.64,64.49,0.44,6.5366
20210326,Chikkamagaluru,13.3161,75.772,26.31,53.17,0.88,6.7205
20210327,Chikkamagaluru,13.3161,75.772,26.62,55.71,0.8,6.5911
20210328,Chikkamagaluru,13.3161,75.772,26.39,65.8,0.51,5.2313
20210329,Chikkamagaluru,13.3161,75.772,26.93,60.24,0.6,5.7494
20210330,Chikkamagaluru,13.3161,75.772,26.25,70.06,0.82,5.6585
20210331,Chikkamagaluru,13.3161,75.772,26.77,67.8,0.77,6.2482
20210401,Chikkamagaluru,13.3161,75.772,25.3,63.71,0.94,7.4393
20210402,Chikkamagaluru,13.3161,75.772,25.12,62.43,0.93,7.3409
20210403,Chikkamagaluru,13.3161,75.772,24.54,65.98,0.97,6.6979
20210404,Chikkamagaluru,13.3161,75.772,25.43,61.9,0.73,7.447
20210405,Chikkamagaluru,13.3161,75.772,26.33,58.03,0.78,7.0478
20210406,Chikkamagaluru,13.3161,75.772,27.44,47.68,0.85,6.4606
20210407,Chikkamagaluru,13.3161,75.772,27.54,52.44,0.71,6.461
20210408,Chikkamagaluru,13.3161,75.772,27.12,56.19,0.66,5.581
20210409,Chikkamagaluru,13.3161,75.772,27.13,56.26,0.48,6.409
20210410,Chikkamagaluru,13.3161,75.772,27.32,55.46,0.63,5.8807
20210411,Chikkamagaluru,13.3161,75.772,26.64,57.79,0.67,6.0715
20210412,Chikkamagaluru,13.3161,75.772,26.71,63.43,0.65,5.8567
20210413,Chikkamagaluru,13.3161,75.772,26.13,68.71,0.64,4.9102
20210414,Chikkamagaluru,13.3161,75.772,25.32,72.08,0.49,5.4329
20210415,Chikkamagaluru,13.3161,75.772,25.01,73.99,0.51,6.3266
20210416,Chikkamagaluru,13.3161,75.772,25.36,72.34,0.56,6.4231
20210417,Chikkamagaluru,13.3161,75.772,25.82,72.27,0.57,6.0946
20210418,Chikkamagaluru,13.3161,75.772,25.85,72.63,0.51,5.5598
20210419,Chikkamagaluru,13.3161,75.772,25.01,76.86,0.72,6.5669
20210420,Chikkamagaluru,13.3161,75.772,24.05,76.17,0.57,5.573
20210421,Chikkamagaluru,13.3161,75.772,24.91,76.11,0.51,5.8087
20210422,Chikkamagaluru,13.3161,75.772,25.07,74.6,0.57,6.2177
20210423,Chikkamagaluru,13.3161,75.772,24.4,79.45,0.56,5.5486
20210424,Chikkamagaluru,13.3161,75.772,26.03,70.96,0.33,6.2273
20210425,Chikkamagaluru,13.3161,75.772,25.53,73.07,0.61,6.3989
20210426,Chikkamagaluru,13.3161,75.772,25.98,71.67,0.5,6.0506
20210427,Chikkamagaluru,13.3161,75.772,25.75,70.84,0.46,5.6338
20210428,Chikkamagaluru,13.3161,75.772,25.96,70.09,0.43,6.4178
20210429,Chikkamagaluru,13.3161,75.772,26.27,70.18,0.48,6.5803
20210430,Chikkamagaluru,13.3161,75.772,26.62,68.51,0.46,6.7958
20210501,Chikkamagaluru,13.3161,75.772,26.92,68.69,0.57,6.2179
20210502,Chikkamagaluru,13.3161,75.772,25.44,76.14,0.32,6.1908
20210503,Chikkamagaluru,13.3161,75.772,26.1,72.62,0.53,6.3274
20210504,Chikkamagaluru,13.3161,75.772,25.72,76.91,0.4,4.7678
20210505,Chikkamagaluru,13.3161,75.772,26.25,76.34,0.45,6.3211
20210506,Chikkamagaluru,13.3161,75.772,26.07,76.85,0.51,5.4058
20210507,Chikkamagaluru,13.3161,75.772,26.53,73.73,0.42,4.7892
20210508,Chikkamagaluru,13.3161,75.772,26.73,72.95,0.53,6.0401
20210509,Chikkamagaluru,13.3161,75.772,25.3,81.08,0.46,4.9826
20210510,Chikkamagaluru,13.3161,75.772,25.53,81.43,0.5,5.3599
20210511,Chikkamagaluru,13.3161,75.772,24.91,87.52,0.58,4.681
20210512,Chikkamagaluru,13.3161,75.772,24.62,87.9,0.46,5.2498
20210513,Chikkamagaluru,13.3161,75.772,24.93,85.8,0.65,5.5795
20210514,Chikkamagaluru,13.3161,75.772,24.72,80.0,1.08,5.7588
20210515,Chikkamagaluru,13.3161,75.772,23.06,89.12,1.72,2.7778
20210516,Chikkamagaluru,13.3161,75.772,24.3,85.52,2.04,3.5251
20210517,Chikkamagaluru,13.3161,75.772,23.64,89.14,1.4,4.0454
20210518,Chikkamagaluru,13.3161,75.772,24.28,87.1,1.31,4.6327
20210519,Chikkamagaluru,13.3161,75.772,24.24,86.35,1.24,4.4866
20210520,Chikkamagaluru,13.3161,75.772,23.55,84.25,1.2,4.7458
20210521,Chikkamagaluru,13.3161,75.772,23.21,84.02,1.04,4.6613
20210522,Chikkamagaluru,13.3161,75.772,22.89,86.07,1.09,5.3261
20210523,Chikkamagaluru,13.3161,75.772,23.31,84.35,1.21,6.2069
20210524,Chikkamagaluru,13.3161,75.772,23.49,82.55,1.1,6.1759
20210525,Chikkamagaluru,13.3161,75.772,22.74,89.11,1.28,3.9043
20210526,Chikkamagaluru,13.3161,75.772,22.79,87.64,1.51,6.0485
20210527,Chikkamagaluru,13.3161,75.772,23.64,81.48,1.45,6.8057
20210528,Chikkamagaluru,13.3161,75.772,23.51,82.95,1.34,6.2926
20210529,Chikkamagaluru,13.3161,75.772,23.65,82.52,1.25,5.7655
20210530,Chikkamagaluru,13.3161,75.772,23.58,82.32,1.31,5.035
20210531,Chikkamagaluru,13.3161,75.772,24.24,82.82,1.15,5.8682
20210601,Chikkamagaluru,13.3161,75.772,24.74,85.43,0.98,5.5313
20210602,Chikkamagaluru,13.3161,75.772,23.57,87.02,0.63,5.6112
20210603,Chikkamagaluru,13.3161,75.772,24.5,85.86,0.44,5.2867
20210604,Chikkamagaluru,13.3161,75.772,24.02,86.67,0.71,4.7909
20210605,Chikkamagaluru,13.3161,75.772,23.07,82.21,1.06,5.2567
20210606,Chikkamagaluru,13.3161,75.772,23.05,79.37,1.05,5.527
20210607,Chikkamagaluru,13.3161,75.772,23.35,80.63,1.21,6.8765
20210608,Chikkamagaluru,13.3161,75.772,23.49,82.37,1.32,5.4953
20210609,Chikkamagaluru,13.3161,75.772,23.63,84.34,1.56,4.9034
20210610,Chikkamagaluru,13.3161,75.772,22.92,85.81,1.6,3.839
20210611,Chikkamagaluru,13.3161,75.772,23.21,84.16,1.65,4.9322
20210612,Chikkamagaluru,13.3161,75.772,21.66,80.36,2.42,2.8918
20210613,Chikkamagaluru,13.3161,75.772,21.22,86.34,2.2,3.4778
20210614,Chikkamagaluru,13.3161,75.772,22.54,88.34,2.34,2.7401
20210615,Chikkamagaluru,13.3161,75.772,22.75,86.49,2.19,2.219
20210616,Chikkamagaluru,13.3161,75.772,23.26,87.35,2.43,3.2717
20210617,Chikkamagaluru,13.3161,75.772,23.69,85.9,2.51,2.9434
20210618,Chikkamagaluru,13.3161,75.772,22.57,88.52,2.18,3.7428
20210619,Chikkamagaluru,13.3161,75.772,22.8,89.42,2.0,3.1697
20210620,Chikkamagaluru,13.3161,75.772,22.7,89.58,1.49,3.8906
20210621,Chikkamagaluru,13.3161,75.772,22.89,88.41,1.28,4.5458
20210622,Chikkamagaluru,13.3161,75.772,22.98,87.23,1.1,4.9898
20210623,Chikkamagaluru,13.3161,75.772,23.21,84.92,1.17,5.5776
20210624,Chikkamagaluru,13.3161,75.772,22.91,85.06,1.34,5.052
20210625,Chikkamagaluru,13.3161,75.772,22.34,86.78,1.38,5.496
20210626,Chikkamagaluru,13.3161,75.772,22.32,87.69,1.41,3.5928
20210627,Chikkamagaluru,13.3161,75.772,20.53,84.36,1.14,4.0147
20210628,Chikkamagaluru,13.3161,75.772,21.91,82.42,0.83,4.765
20210629,Chikkamagaluru,13.3161,75.772,23.57,82.39,0.96,6.1603
20210630,Chikkamagaluru,13.3161,75.772,23.95,82.14,1.14,5.8265
20210701,Chikkamagaluru,13.3161,75.772,23.76,86.69,1.15,4.6625
20210702,Chikkamagaluru,13.3161,75.772,22.74,88.49,1.09,4.758
20210703,Chikkamagaluru,13.3161,75.772,23.03,85.76,1.15,4.6267
20210704,Chikkamagaluru,13.3161,75.772,22.75,85.67,0.97,5.6767
20210705,Chikkamagaluru,13.3161,75.772,22.41,84.34,0.9,4.2737
20210706,Chikkamagaluru,13.3161,75.772,23.07,87.58,0.78,5.143
20210707,Chikkamagaluru,13.3161,75.772,22.95,91.38,1.1,5.0611
20210708,Chikkamagaluru,13.3161,75.772,22.81,88.42,1.24,4.601
20210709,Chikkamagaluru,13.3161,75.772,22.01,90.08,1.29,3.7586
20210710,Chikkamagaluru,13.3161,75.772,20.55,88.13,1.79,4.0308
20210711,Chikkamagaluru,13.3161,75.772,21.03,88.53,1.89,3.2813
20210712,Chikkamagaluru,13.3161,75.772,22.19,87.47,2.15,3.0818
20210713,Chikkamagaluru,13.3161,75.772,22.78,88.29,2.15,2.4314
20210714,Chikkamagaluru,13.3161,75.772,22.63,88.92,2.41,2.1067
20210715,Chikkamagaluru,13.3161,75.772,22.29,91.4,2.33,2.6251
20210716,Chikkamagaluru,13.3161,75.772,22.79,88.41,2.04,3.2215
20210717,Chikkamagaluru,13.3161,75.772,22.51,90.64,1.83,3.4543
20210718,Chikkamagaluru,13.3161,75.772,22.28,93.97,1.98,1.3123
20210719,Chikkamagaluru,13.3161,75.772,22.45,90.58,2.08,3.4699
20210720,Chikkamagaluru,13.3161,75.772,22.1,89.5,2.42,3.6869
20210721,Chikkamagaluru,13.3161,75.772,22.37,89.79,2.43,2.3165
20210722,Chikkamagaluru,13.3161,75.772,21.57,92.46,2.71,1.4165
20210723,Chikkamagaluru,13.3161,75.772,22.46,89.75,2.53,1.105
20210724,Chikkamagaluru,13.3161,75.772,22.9,89.3,2.05,3.006
20210725,Chikkamagaluru,13.3161,75.772,22.55,91.32,1.96,4.3639
20210726,Chikkamagaluru,13.3161,75.772,22.32,89.93,2.06,3.5338
20210727,Chikkamagaluru,13.3161,75.772,22.44,88.6,2.11,4.7916
20210728,Chikkamagaluru,13.3161,75.772,22.39,87.95,2.09,4.9608
20210729,Chikkamagaluru,13.3161,75.772,22.46,87.68,2.16,3.9934
20210730,Chikkamagaluru,13.3161,75.772,22.36,89.47,2.06,4.134
20210731,Chikkamagaluru,13.3161,75.772,22.18,90.07,1.84,3.9881
20210801,Chikkamagaluru,13.3161,75.772,21.74,90.62,1.85,4.5358
20210802,Chikkamagaluru,13.3161,75.772,22.01,87.25,2.02,4.3087
20210803,Chikkamagaluru,13.3161,75.772,22.35,88.04,1.92,3.6883
20210804,Chikkamagaluru,13.3161,75.772,22.37,88.68,2.15,3.1246
20210805,Chikkamagaluru,13.3161,75.772,22.86,87.3,2.33,3.2582
20210806,Chikkamagaluru,13.3161,75.772,22.96,87.87,2.06,3.3636
20210807,Chikkamagaluru,13.3161,75.772,23.43,88.12,1.8,3.4255
20210808,Chikkamagaluru,13.3161,75.772,23.06,87.61,1.25,5.2356
20210809,Chikkamagaluru,13.3161,75.772,22.95,88.93,1.08,4.7443
20210810,Chikkamagaluru,13.3161,75.772,22.3,90.47,1.22,4.0217
20210811,Chikkamagaluru,13.3161,75.772,22.61,88.16,1.24,3.966
20210812,Chikkamagaluru,13.3161,75.772,22.0,90.79,1.24,3.1236
20210813,Chikkamagaluru,13.3161,75.772,22.49,88.38,1.44,4.0426
20210814,Chikkamagaluru,13.3161,75.772,22.05,89.17,1.42,3.8698
20210815,Chikkamagaluru,13.3161,75.772,22.1,89.15,1.6,4.0805
20210816,Chikkamagaluru,13.3161,75.772,22.13,89.02,1.26,4.1772
20210817,Chikkamagaluru,13.3161,75.772,22.27,86.68,1.23,3.6475
20210818,Chikkamagaluru,13.3161,75.772,20.89,87.65,1.37,4.1952
20210819,Chikkamagaluru,13.3161,75.772,20.63,86.24,1.62,4.0265
20210820,Chikkamagaluru,13.3161,75.772,21.22,86.09,1.24,4.0202
20210821,Chikkamagaluru,13.3161,75.772,21.09,83.56,1.02,5.1394
20210822,Chikkamagaluru,13.3161,75.772,22.12,82.05,0.57,5.2706
20210823,Chikkamagaluru,13.3161,75.772,22.38,86.46,0.84,5.7014
20210824,Chikkamagaluru,13.3161,75.772,22.52,86.37,0.99,5.0705
20210825,Chikkamagaluru,13.3161,75.772,22.24,90.12,0.81,5.377
20210826,Chikkamagaluru,13.3161,75.772,22.81,88.03,0.99,4.5538
20210827,Chikkamagaluru,13.3161,75.772,22.54,91.42,1.14,4.0937
20210828,Chikkamagaluru,13.3161,75.772,21.88,90.6,1.29,3.5662
20210829,Chikkamagaluru,13.3161,75.772,21.07,87.68,1.53,3.5825
20210830,Chikkamagaluru,13.3161,75.772,21.29,87.73,1.45,3.5825
20210831,Chikkamagaluru,13.3161,75.772,21.68,86.47,1.27,4.6838
20210901,Chikkamagaluru,13.3161,75.772,22.35,87.87,1.27,4.4866
20210902,Chikkamagaluru,13.3161,75.772,22.4,89.82,1.16,4.3613
20210903,Chikkamagaluru,13.3161,75.772,21.68,90.13,1.19,4.578
20210904,Chikkamagaluru,13.3161,75.772,22.17,88.91,1.44,3.7702
20210905,Chikkamagaluru,13.3161,75.772,21.98,89.54,1.59,4.1059
20210906,Chikkamagaluru,13.3161,75.772,21.23,89.08,1.8,3.4582
20210907,Chikkamagaluru,13.3161,75.772,21.85,89.8,1.84,3.1824
20210908,Chikkamagaluru,13.3161,75.772,22.23,89.48,1.96,3.4135
20210909,Chikkamagaluru,13.3161,75.772,22.21,89.57,1.6,4.3195
20210910,Chikkamagaluru,13.3161,75.772,21.95,89.79,1.46,4.7155
20210911,Chikkamagaluru,13.3161,75.772,22.29,89.64,1.64,3.5431
20210912,Chikkamagaluru,13.3161,75.772,22.44,90.81,1.96,3.2093
20210913,Chikkamagaluru,13.3161,75.772,22.57,90.87,2.15,2.7043
20210914,Chikkamagaluru,13.3161,75.772,22.52,90.26,1.62,3.6794
20210915,Chikkamagaluru,13.3161,75.772,22.4,89.96,1.23,4.1962
20210916,Chikkamagaluru,13.3161,75.772,22.51,88.81,1.24,4.7222
20210917,Chikkamagaluru,13.3161,75.772,22.6,86.89,0.93,5.6095
20210918,Chikkamagaluru,13.3161,75.772,22.7,85.6,0.8,6.049
20210919,Chikkamagaluru,13.3161,75.772,23.09,84.03,0.67,6.2357
20210920,Chikkamagaluru,13.3161,75.772,23.16,85.88,0.79,5.8711
20210921,Chikkamagaluru,13.3161,75.772,22.19,89.42,1.0,5.2524
20210922,Chikkamagaluru,13.3161,75.772,22.38,88.77,1.01,4.6152
20210923,Chikkamagaluru,13.3161,75.772,22.26,89.39,1.05,4.4626
20210924,Chikkamagaluru,13.3161,75.772,22.5,88.36,0.89,4.3207
20210925,Chikkamagaluru,13.3161,75.772,22.6,87.09,0.97,4.9291
20210926,Chikkamagaluru,13.3161,75.772,22.06,88.53,0.86,4.9094
20210927,Chikkamagaluru,13.3161,75.772,21.86,88.56,1.4,3.9864
20210928,Chikkamagaluru,13.3161,75.772,21.46,89.59,1.48,3.4862
20210929,Chikkamagaluru,13.3161,75.772,21.4,87.88,1.14,4.2823
20210930,Chikkamagaluru,13.3161,75.772,22.7,87.59,0.67,5.8133
20211001,Chikkamagaluru,13.3161,75.772,23.21,88.67,0.47,5.4667
20211002,Chikkamagaluru,13.3161,75.772,23.91,89.01,0.78,5.8272
20211003,Chikkamagaluru,13.3161,75.772,24.27,84.55,0.61,5.4684
20211004,Chikkamagaluru,13.3161,75.772,24.13,85.31,0.5,5.3148
20211005,Chikkamagaluru,13.3161,75.772,23.73,88.13,0.49,5.2241
20211006,Chikkamagaluru,13.3161,75.772,22.97,90.52,0.37,1.8098
20211007,Chikkamagaluru,13.3161,75.772,22.9,90.03,0.68,5.3162
20211008,Chikkamagaluru,13.3161,75.772,22.56,91.64,0.75,5.5303
20211009,Chikkamagaluru,13.3161,75.772,22.83,91.21,0.8,4.2722
20211010,Chikkamagaluru,13.3161,75.772,22.48,90.91,0.73,4.3414
20211011,Chikkamagaluru,13.3161,75.772,22.52,89.5,0.71,4.6622
20211012,Chikkamagaluru,13.3161,75.772,22.11,90.95,0.74,3.769
20211013,Chikkamagaluru,13.3161,75.772,22.54,90.65,0.78,3.1486
20211014,Chikkamagaluru,13.3161,75.772,22.92,90.22,0.47,3.451
20211015,Chikkamagaluru,13.3161,75.772,22.81,93.25,0.43,3.6523
20211016,Chikkamagaluru,13.3161,75.772,23.25,89.35,0.47,4.9517
20211017,Chikkamagaluru,13.3161,75.772,22.06,94.74,0.72,2.5524
20211018,Chikkamagaluru,13.3161,75.772,22.29,89.88,0.9,3.7951
20211019,Chikkamagaluru,13.3161,75.772,22.02,86.27,0.61,5.2855
20211020,Chikkamagaluru,13.3161,75.772,22.68,88.19,0.38,4.7196
20211021,Chikkamagaluru,13.3161,75.772,22.68,92.14,0.42,4.3831
20211022,Chikkamagaluru,13.3161,75.772,23.35,88.69,0.58,5.0244
20211023,Chikkamagaluru,13.3161,75.772,22.1,93.03,0.56,2.7989
20211024,Chikkamagaluru,13.3161,75.772,21.79,90.02,0.53,4.3238
20211025,Chikkamagaluru,13.3161,75.772,22.07,88.73,0.67,3.9994
20211026,Chikkamagaluru,13.3161,75.772,21.59,89.9,0.65,2.8056
20211027,Chikkamagaluru,13.3161,75.772,21.84,85.65,0.81,5.0794
20211028,Chikkamagaluru,13.3161,75.772,21.61,84.63,0.69,5.4809
20211029,Chikkamagaluru,13.3161,75.772,21.28,86.55,0.82,4.7633
20211030,Chikkamagaluru,13.3161,75.772,22.38,90.89,0.92,4.1846
20211031,Chikkamagaluru,13.3161,75.772,22.57,88.41,0.68,4.9738
20211101,Chikkamagaluru,13.3161,75.772,22.54,87.62,0.82,4.621
20211102,Chikkamagaluru,13.3161,75.772,22.08,90.51,0.99,3.9646
20211103,Chikkamagaluru,13.3161,75.772,22.12,91.28,0.95,3.7596
20211104,Chikkamagaluru,13.3161,75.772,22.15,91.83,0.72,4.1899
20211105,Chikkamagaluru,13.3161,75.772,21.95,93.35,0.57,3.2974
20211106,Chikkamagaluru,13.3161,75.772,22.34,90.53,0.5,4.296
20211107,Chikkamagaluru,13.3161,75.772,20.77,92.12,0.45,3.9278
20211108,Chikkamagaluru,13.3161,75.772,20.18,90.94,0.46,3.7358
20211109,Chikkamagaluru,13.3161,75.772,21.01,90.59,0.56,4.2962
20211110,Chikkamagaluru,13.3161,75.772,20.72,87.89,0.62,3.7764
20211111,Chikkamagaluru,13.3161,75.772,19.49,89.2,0.53,2.1269
20211112,Chikkamagaluru,13.3161,75.772,18.94,97.3,0.64,2.3892
20211113,Chikkamagaluru,13.3161,75.772,21.7,91.58,0.44,2.8198
20211114,Chikkamagaluru,13.3161,75.772,22.59,92.66,0.4,2.6518
20211115,Chikkamagaluru,13.3161,75.772,22.61,92.68,1.12,3.3468
20211116,Chikkamagaluru,13.3161,75.772,21.99,94.68,0.74,3.3554
20211117,Chikkamagaluru,13.3161,75.772,22.38,92.83,0.58,4.5509
20211118,Chikkamagaluru,13.3161,75.772,21.58,91.92,0.66,3.2093
20211119,Chikkamagaluru,13.3161,75.772,20.49,97.6,0.66,1.644
20211120,Chikkamagaluru,13.3161,75.772,21.94,94.99,0.66,2.405
20211121,Chikkamagaluru,13.3161,75.772,21.69,91.25,0.48,4.2161
20211122,Chikkamagaluru,13.3161,75.772,22.08,90.86,0.66,3.3924
20211123,Chikkamagaluru,13.3161,75.772,22.55,90.5,0.59,4.5799
20211124,Chikkamagaluru,13.3161,75.772,22.44,87.87,0.73,4.5288
20211125,Chikkamagaluru,13.3161,75.772,22.02,88.5,0.94,4.7585
20211126,Chikkamagaluru,13.3161,75.772,21.66,86.2,0.89,4.7971
20211127,Chikkamagaluru,13.3161,75.772,21.07,89.49,0.9,4.4755
20211128,Chikkamagaluru,13.3161,75.772,19.97,87.87,1.15,2.6177
20211129,Chikkamagaluru,13.3161,75.772,20.74,89.04,1.14,3.6595
20211130,Chikkamagaluru,13.3161,75.772,21.26,89.34,1.17,3.9247
20211201,Chikkamagaluru,13.3161,75.772,21.91,90.51,0.83,5.0287
20211202,Chikkamagaluru,13.3161,75.772,22.44,89.65,0.38,3.7694
20211203,Chikkamagaluru,13.3161,75.772,22.14,89.62,0.35,4.5602
20211204,Chikkamagaluru,13.3161,75.772,21.98,90.04,0.3,4.3404
20211205,Chikkamagaluru,13.3161,75.772,21.78,88.28,0.57,4.6325
20211206,Chikkamagaluru,13.3161,75.772,21.15,84.81,0.56,5.1254
20211207,Chikkamagaluru,13.3161,75.772,20.31,85.23,0.65,5.2217
20211208,Chikkamagaluru,13.3161,75.772,20.84,82.41,0.72,5.3882
20211209,Chikkamagaluru,13.3161,75.772,21.13,86.82,0.74,4.597
20211210,Chikkamagaluru,13.3161,75.772,20.62,86.8,1.06,3.6247
20211211,Chikkamagaluru,13.3161,75.772,20.55,88.97,1.07,4.1741
20211212,Chikkamagaluru,13.3161,75.772,20.84,87.93,1.11,4.6224
20211213,Chikkamagaluru,13.3161,75.772,20.96,87.95,0.95,4.6874
20211214,Chikkamagaluru,13.3161,75.772,20.74,86.92,1.07,4.0702
20211215,Chikkamagaluru,13.3161,75.772,19.19,90.43,0.85,3.9876
20211216,Chikkamagaluru,13.3161,75.772,20.03,85.55,0.92,4.7837
20211217,Chikkamagaluru,13.3161,75.772,19.96,83.3,0.71,5.141
20211218,Chikkamagaluru,13.3161,75.772,18.09,82.09,0.83,5.2015
20211219,Chikkamagaluru,13.3161,75.772,16.99,78.32,0.88,5.6316
20211220,Chikkamagaluru,13.3161,75.772,16.96,80.63,0.89,5.6734
20211221,Chikkamagaluru,13.3161,75.772,18.49,80.59,0.56,5.61
20211222,Chikkamagaluru,13.3161,75.772,18.86,80.97,0.69,5.5404
20211223,Chikkamagaluru,13.3161,75.772,19.38,79.91,0.49,5.3278
20211224,Chikkamagaluru,13.3161,75.772,19.56,76.33,0.49,5.419
20211225,Chikkamagaluru,13.3161,75.772,19.88,73.13,0.68,5.5642
20211226,Chikkamagaluru,13.3161,75.772,19.09,75.74,0.64,5.6292
20211227,Chikkamagaluru,13.3161,75.772,19.07,79.32,0.75,5.2877
20211228,Chikkamagaluru,13.3161,75.772,18.62,78.07,0.83,5.6808
20211229,Chikkamagaluru,13.3161,75.772,18.7,81.78,0.78,5.6256
20211230,Chikkamagaluru,13.3161,75.772,19.21,82.65,0.94,5.7744
20211231,Chikkamagaluru,13.3161,75.772,20.46,86.53,1.19,4.0884
20220101,Chikkamagaluru,13.3161,75.772,20.96,85.72,1.05,4.4045
20220102,Chikkamagaluru,13.3161,75.772,20.73,83.86,0.97,5.6126
20220103,Chikkamagaluru,13.3161,75.772,19.88,80.07,0.79,5.4794
20220104,Chikkamagaluru,13.3161,75.772,18.97,81.21,0.85,5.5238
20220105,Chikkamagaluru,13.3161,75.772,19.51,79.31,0.46,5.2985
20220106,Chikkamagaluru,13.3161,75.772,19.8,78.63,0.6,5.6066
20220107,Chikkamagaluru,13.3161,75.772,19.95,86.9,0.64,4.9006
20220108,Chikkamagaluru,13.3161,75.772,20.62,85.92,0.42,4.9966
20220109,Chikkamagaluru,13.3161,75.772,20.39,86.57,0.53,5.0856
20220110,Chikkamagaluru,13.3161,75.772,20.48,85.64,0.47,5.0942
20220111,Chikkamagaluru,13.3161,75.772,20.13,85.5,0.55,5.5613
20220112,Chikkamagaluru,13.3161,75.772,19.54,85.86,0.58,5.4998
20220113,Chikkamagaluru,13.3161,75.772,18.36,85.55,0.85,5.7017
20220114,Chikkamagaluru,13.3161,75.772,18.62,86.45,0.76,6.0446
20220115,Chikkamagaluru,13.3161,75.772,19.56,82.23,0.51,5.8519
20220116,Chikkamagaluru,13.3161,75.772,20.39,81.07,0.71,5.0412
20220117,Chikkamagaluru,13.3161,75.772,20.44,83.93,0.84,4.6342
20220118,Chikkamagaluru,13.3161,75.772,20.03,79.31,0.82,5.5913
20220119,Chikkamagaluru,13.3161,75.772,19.46,76.26,0.79,5.767
20220120,Chikkamagaluru,13.3161,75.772,19.1,74.19,0.6,6.0588
20220121,Chikkamagaluru,13.3161,75.772,19.61,79.05,0.63,6.108
20220122,Chikkamagaluru,13.3161,75.772,19.67,85.12,0.79,5.9743
20220123,Chikkamagaluru,13.3161,75.772,18.37,83.49,0.88,6.0614
20220124,Chikkamagaluru,13.3161,75.772,18.02,83.73,0.74,5.9947
20220125,Chikkamagaluru,13.3161,75.772,17.62,82.29,0.57,6.0432
20220126,Chikkamagaluru,13.3161,75.772,19.37,81.21,0.37,5.5174
20220127,Chikkamagaluru,13.3161,75.772,20.41,83.62,0.96,4.9039
20220128,Chikkamagaluru,13.3161,75.772,20.26,78.65,1.22,5.3887
20220129,Chikkamagaluru,13.3161,75.772,20.52,76.69,0.91,5.6978
20220130,Chikkamagaluru,13.3161,75.772,21.66,82.53,0.54,5.8291
20220131,Chikkamagaluru,13.3161,75.772,22.14,79.87,0.41,6.1769
20220201,Chikkamagaluru,13.3161,75.772,22.02,76.87,0.6,6.1966
20220202,Chikkamagaluru,13.3161,75.772,21.59,80.98,0.55,6.0948
20220203,Chikkamagaluru,13.3161,75.772,21.09,82.48,0.55,6.1078
20220204,Chikkamagaluru,13.3161,75.772,19.2,79.17,0.84,6.533
20220205,Chikkamagaluru,13.3161,75.772,19.46,77.01,0.72,6.6516
20220206,Chikkamagaluru,13.3161,75.772,20.23,83.54,0.76,5.7
20220207,Chikkamagaluru,13.3161,75.772,21.28,82.61,0.46,6.0178
20220208,Chikkamagaluru,13.3161,75.772,21.41,82.57,0.46,5.9599
20220209,Chikkamagaluru,13.3161,75.772,21.8,75.1,0.56,5.5838
20220210,Chikkamagaluru,13.3161,75.772,21.12,71.84,0.55,5.8226
20220211,Chikkamagaluru,13.3161,75.772,20.27,64.5,1.07,6.2618
20220212,Chikkamagaluru,13.3161,75.772,20.8,66.15,0.87,6.6132
20220213,Chikkamagaluru,13.3161,75.772,20.97,68.76,0.67,6.2839
20220214,Chikkamagaluru,13.3161,75.772,20.78,66.95,0.64,6.0509
20220215,Chikkamagaluru,13.3161,75.772,20.37,78.46,0.67,5.0352
20220216,Chikkamagaluru,13.3161,75.772,20.96,78.72,0.58,4.6618
20220217,Chikkamagaluru,13.3161,75.772,20.84,80.37,0.5,5.1298
20220218,Chikkamagaluru,13.3161,75.772,21.85,72.74,0.75,5.9923
20220219,Chikkamagaluru,13.3161,75.772,21.94,67.03,0.78,6.4548
20220220,Chikkamagaluru,13.3161,75.772,21.35,75.08,0.76,6.5707
20220221,Chikkamagaluru,13.3161,75.772,21.59,76.32,0.56,6.703
20220222,Chikkamagaluru,13.3161,75.772,22.76,70.04,0.37,6.5496
20220223,Chikkamagaluru,13.3161,75.772,22.61,68.43,0.78,6.2429
20220224,Chikkamagaluru,13.3161,75.772,21.78,64.75,0.69,6.839
20220225,Chikkamagaluru,13.3161,75.772,21.3,60.97,0.88,7.0891
20220226,Chikkamagaluru,13.3161,75.772,20.69,46.87,0.87,7.2257
20220227,Chikkamagaluru,13.3161,75.772,20.79,61.45,0.75,7.1081
20220228,Chikkamagaluru,13.3161,75.772,21.37,58.95,0.72,7.1254
20220301,Chikkamagaluru,13.3161,75.772,21.61,58.31,0.78,6.8815
20220302,Chikkamagaluru,13.3161,75.772,21.36,50.49,1.07,6.9588
20220303,Chikkamagaluru,13.3161,75.772,20.83,49.02,1.1,7.3838
20220304,Chikkamagaluru,13.3161,75.772,21.87,49.45,1.04,7.2643
20220305,Chikkamagaluru,13.3161,75.772,22.42,48.04,1.05,6.9862
20220306,Chikkamagaluru,13.3161,75.772,22.8,57.41,1.06,6.7694
20220307,Chikkamagaluru,13.3161,75.772,23.14,59.93,1.05,6.7061
20220308,Chikkamagaluru,13.3161,75.772,23.62,66.36,0.66,6.2868
20220309,Chikkamagaluru,13.3161,75.772,24.12,66.35,0.66,6.0521
20220310,Chikkamagaluru,13.3161,75.772,24.12,58.86,0.67,6.1529
20220311,Chikkamagaluru,13.3161,75.772,23.95,54.95,0.73,6.6696
20220312,Chikkamagaluru,13.3161,75.772,22.59,52.21,0.86,6.4625
20220313,Chikkamagaluru,13.3161,75.772,23.1,51.74,1.09,6.6235
20220314,Chikkamagaluru,13.3161,75.772,23.38,53.98,0.9,6.2369
20220315,Chikkamagaluru,13.3161,75.772,24.07,51.47,0.75,6.8335
20220316,Chikkamagaluru,13.3161,75.772,24.32,58.66,0.64,6.5371
20220317,Chikkamagaluru,13.3161,75.772,24.61,54.3,0.67,6.1277
20220318,Chikkamagaluru,13.3161,75.772,24.25,72.4,0.76,6.0583
20220319,Chikkamagaluru,13.3161,75.772,23.94,76.57,0.96,5.3242
20220320,Chikkamagaluru,13.3161,75.772,23.45,77.6,0.9,5.2505
20220321,Chikkamagaluru,13.3161,75.772,23.85,77.56,0.64,5.2471
20220322,Chikkamagaluru,13.3161,75.772,23.98,80.01,0.58,3.3533
20220323,Chikkamagaluru,13.3161,75.772,24.99,77.18,0.54,4.8322
20220324,Chikkamagaluru,13.3161,75.772,24.18,80.82,0.54,3.8186
20220325,Chikkamagaluru,13.3161,75.772,24.6,77.4,0.52,4.4923
20220326,Chikkamagaluru,13.3161,75.772,25.23,75.5,0.55,5.4792
20220327,Chikkamagaluru,13.3161,75.772,26.27,69.74,0.51,5.935
20220328,Chikkamagaluru,13.3161,75.772,26.24,70.27,0.46,5.9143
20220329,Chikkamagaluru,13.3161,75.772,26.41,71.78,0.57,5.6191
20220330,Chikkamagaluru,13.3161,75.772,26.42,72.12,0.59,6.3814
20220331,Chikkamagaluru,13.3161,75.772,26.5,70.76,0.52,6.2743
20220401,Chikkamagaluru,13.3161,75.772,26.36,71.55,0.54,5.8236
20220402,Chikkamagaluru,13.3161,75.772,25.91,70.68,0.41,5.3798
20220403,Chikkamagaluru,13.3161,75.772,26.0,61.39,0.68,5.8625
20220404,Chikkamagaluru,13.3161,75.772,26.52,60.92,0.77,6.5189
20220405,Chikkamagaluru,13.3161,75.772,26.19,61.81,0.68,6.2515
20220406,Chikkamagaluru,13.3161,75.772,26.67,53.45,0.92,6.0379
20220407,Chikkamagaluru,13.3161,75.772,26.65,55.97,0.84,6.3146
20220408,Chikkamagaluru,13.3161,75.772,26.42,58.02,0.71,5.7852
20220409,Chikkamagaluru,13.3161,75.772,25.99,70.63,0.49,5.0964
20220410,Chikkamagaluru,13.3161,75.772,25.99,68.91,0.48,5.2759
20220411,Chikkamagaluru,13.3161,75.772,26.11,63.22,0.7,5.5454
20220412,Chikkamagaluru,13.3161,75.772,26.65,61.4,0.83,4.4306
20220413,Chikkamagaluru,13.3161,75.772,25.13,75.52,0.68,3.6602
20220414,Chikkamagaluru,13.3161,75.772,24.2,74.58,0.65,3.479
20220415,Chikkamagaluru,13.3161,75.772,24.69,68.39,0.37,4.506
20220416,Chikkamagaluru,13.3161,75.772,25.54,75.13,0.61,5.4451
20220417,Chikkamagaluru,13.3161,75.772,25.02,79.61,0.71,6.648
20220418,Chikkamagaluru,13.3161,75.772,24.81,80.29,0.43,6.145
20220419,Chikkamagaluru,13.3161,75.772,23.43,85.05,0.46,4.8336
20220420,Chikkamagaluru,13.3161,75.772,25.6,73.36,0.39,7.0514
20220421,Chikkamagaluru,13.3161,75.772,25.37,78.07,0.32,6.7394
20220422,Chikkamagaluru,13.3161,75.772,25.09,77.34,0.53,6.7862
20220423,Chikkamagaluru,13.3161,75.772,23.91,81.81,0.54,5.1648
20220424,Chikkamagaluru,13.3161,75.772,25.63,72.59,0.63,6.2854
20220425,Chikkamagaluru,13.3161,75.772,24.81,77.27,0.52,5.4967
20220426,Chikkamagaluru,13.3161,75.772,25.94,74.51,0.54,6.9485
20220427,Chikkamagaluru,13.3161,75.772,27.15,69.76,0.42,6.888
20220428,Chikkamagaluru,13.3161,75.772,25.29,80.68,0.65,5.8829
20220429,Chikkamagaluru,13.3161,75.772,25.71,77.05,0.61,6.1373
20220430,Chikkamagaluru,13.3161,75.772,25.99,75.97,0.86,5.7077
20220501,Chikkamagaluru,13.3161,75.772,26.17,73.21,0.79,6.0444
20220502,Chikkamagaluru,13.3161,75.772,25.98,73.29,0.93,6.6377
20220503,Chikkamagaluru,13.3161,75.772,26.27,73.39,0.73,6.1934
20220504,Chikkamagaluru,13.3161,75.772,25.52,81.09,0.54,5.5618
20220505,Chikkamagaluru,13.3161,75.772,23.52,86.94,0.68,5.2116
20220506,Chikkamagaluru,13.3161,75.772,24.87,79.63,0.51,5.3815
20220507,Chikkamagaluru,13.3161,75.772,25.4,76.42,0.73,6.5482
20220508,Chikkamagaluru,13.3161,75.772,25.9,77.0,0.66,5.8572
20220509,Chikkamagaluru,13.3161,75.772,25.38,80.84,1.1,3.9122
20220510,Chikkamagaluru,13.3161,75.772,25.21,78.02,1.7,4.1196
20220511,Chikkamagaluru,13.3161,75.772,23.64,83.64,1.81,1.9901
20220512,Chikkamagaluru,13.3161,75.772,22.74,84.91,1.58,2.4574
20220513,Chikkamagaluru,13.3161,75.772,24.07,85.9,0.95,4.4815
20220514,Chikkamagaluru,13.3161,75.772,24.67,83.89,0.58,5.177
20220515,Chikkamagaluru,13.3161,75.772,23.82,89.14,0.86,4.5732
20220516,Chikkamagaluru,13.3161,75.772,23.58,89.78,1.0,4.0469
20220517,Chikkamagaluru,13.3161,75.772,23.38,83.3,0.89,2.2483
20220518,Chikkamagaluru,13.3161,75.772,23.59,85.87,0.74,1.5324
20220519,Chikkamagaluru,13.3161,75.772,21.72,92.15,1.57,1.4052
20220520,Chikkamagaluru,13.3161,75.772,20.89,90.19,1.43,2.0035
20220521,Chikkamagaluru,13.3161,75.772,21.66,85.33,1.4,3.005
20220522,Chikkamagaluru,13.3161,75.772,23.08,87.28,1.56,4.055
20220523,Chikkamagaluru,13.3161,75.772,24.14,85.99,1.19,5.8807
20220524,Chikkamagaluru,13.3161,75.772,24.48,84.98,1.01,6.2695
20220525,Chikkamagaluru,13.3161,75.772,24.93,82.54,0.7,5.9302
20220526,Chikkamagaluru,13.3161,75.772,24.0,86.1,1.04,6.6972
20220527,Chikkamagaluru,13.3161,75.772,23.72,83.65,1.18,6.8376
20220528,Chikkamagaluru,13.3161,75.772,23.33,80.85,1.24,5.953
20220529,Chikkamagaluru,13.3161,75.772,23.54,80.08,1.12,6.6103
20220530,Chikkamagaluru,13.3161,75.772,23.89,80.62,1.07,6.234
20220531,Chikkamagaluru,13.3161,75.772,23.79,84.44,0.94,5.4658
20220601,Chikkamagaluru,13.3161,75.772,22.82,87.11,1.04,5.2027
20220602,Chikkamagaluru,13.3161,75.772,22.86,85.8,0.69,5.6254
20220603,Chikkamagaluru,13.3161,75.772,23.52,85.55,0.97,6.3492
20220604,Chikkamagaluru,13.3161,75.772,24.49,77.71,0.71,6.6775
20220605,Chikkamagaluru,13.3161,75.772,23.87,85.66,0.86,5.827
20220606,Chikkamagaluru,13.3161,75.772,23.83,85.2,0.74,4.7484
20220607,Chikkamagaluru,13.3161,75.772,23.65,83.95,0.9,4.6898
20220608,Chikkamagaluru,13.3161,75.772,23.5,81.59,1.47,4.8163
20220609,Chikkamagaluru,13.3161,75.772,23.04,83.83,1.66,6.0055
20220610,Chikkamagaluru,13.3161,75.772,22.95,84.08,1.65,5.0256
20220611,Chikkamagaluru,13.3161,75.772,22.77,81.43,1.59,5.0268
20220612,Chikkamagaluru,13.3161,75.772,21.88,81.19,1.41,4.2199
20220613,Chikkamagaluru,13.3161,75.772,23.1,82.81,1.24,5.7346
20220614,Chikkamagaluru,13.3161,75.772,22.67,83.41,1.26,5.8123
20220615,Chikkamagaluru,13.3161,75.772,22.57,87.81,1.12,4.5058
20220616,Chikkamagaluru,13.3161,75.772,22.84,84.47,1.02,4.8979
20220617,Chikkamagaluru,13.3161,75.772,21.86,86.41,0.9,5.1602
20220618,Chikkamagaluru,13.3161,75.772,22.36,85.4,0.91,4.6013
20220619,Chikkamagaluru,13.3161,75.772,22.38,84.61,1.25,4.8528
20220620,Chikkamagaluru,13.3161,75.772,22.08,84.37,1.46,4.7177
20220621,Chikkamagaluru,13.3161,75.772,22.27,88.6,1.33,3.4258
20220622,Chikkamagaluru,13.3161,75.772,22.32,89.03,1.19,2.7432
20220623,Chikkamagaluru,13.3161,75.772,22.45,85.16,1.41,3.9948
20220624,Chikkamagaluru,13.3161,75.772,22.41,90.48,1.74,4.0603
20220625,Chikkamagaluru,13.3161,75.772,22.49,86.51,1.94,3.4553
20220626,Chikkamagaluru,13.3161,75.772,23.19,86.03,2.17,4.115
20220627,Chikkamagaluru,13.3161,75.772,22.84,87.28,1.78,4.5312
20220628,Chikkamagaluru,13.3161,75.772,23.13,86.54,1.34,4.2794
20220629,Chikkamagaluru,13.3161,75.772,22.96,87.9,1.5,4.1652
20220630,Chikkamagaluru,13.3161,75.772,23.05,88.47,1.73,3.013
20220701,Chikkamagaluru,13.3161,75.772,22.75,88.75,1.6,3.1138
20220702,Chikkamagaluru,13.3161,75.772,22.6,89.03,1.63,3.6511
20220703,Chikkamagaluru,13.3161,75.772,22.56,87.69,1.97,4.0646
20220704,Chikkamagaluru,13.3161,75.772,22.02,91.61,2.18,1.8883
20220705,Chikkamagaluru,13.3161,75.772,22.3,91.12,2.26,1.7947
20220706,Chikkamagaluru,13.3161,75.772,22.06,90.32,1.97,2.1497
20220707,Chikkamagaluru,13.3161,75.772,21.94,89.72,2.06,2.1878
20220708,Chikkamagaluru,13.3161,75.772,21.41,91.46,2.14,1.9639
20220709,Chikkamagaluru,13.3161,75.772,21.84,92.89,2.13,1.9162
20220710,Chikkamagaluru,13.3161,75.772,21.98,89.88,2.31,1.9776
20220711,Chikkamagaluru,13.3161,75.772,22.17,89.42,2.33,1.8569
20220712,Chikkamagaluru,13.3161,75.772,21.83,90.96,2.53,3.0206
20220713,Chikkamagaluru,13.3161,75.772,21.4,90.82,2.85,2.3021
20220714,Chikkamagaluru,13.3161,75.772,21.95,89.94,3.19,2.843
20220715,Chikkamagaluru,13.3161,75.772,22.32,87.88,2.85,3.4685
20220716,Chikkamagaluru,13.3161,75.772,22.65,88.96,2.62,1.7227
20220717,Chikkamagaluru,13.3161,75.772,21.71,91.45,2.05,2.8572
20220718,Chikkamagaluru,13.3161,75.772,21.37,90.25,1.81,3.149
20220719,Chikkamagaluru,13.3161,75.772,21.63,89.97,1.3,3.9338
20220720,Chikkamagaluru,13.3161,75.772,22.51,89.21,1.27,4.3109
20220721,Chikkamagaluru,13.3161,75.772,22.53,89.25,1.25,4.3697
20220722,Chikkamagaluru,13.3161,75.772,21.6,91.08,1.33,2.778
20220723,Chikkamagaluru,13.3161,75.772,21.6,89.6,1.49,2.6357
20220724,Chikkamagaluru,13.3161,75.772,22.19,88.27,1.55,3.8594
20220725,Chikkamagaluru,13.3161,75.772,22.0,89.14,1.24,3.3367
20220726,Chikkamagaluru,13.3161,75.772,21.75,88.63,1.07,4.2943
20220727,Chikkamagaluru,13.3161,75.772,22.88,87.12,0.48,5.0126
20220728,Chikkamagaluru,13.3161,75.772,24.19,84.17,0.63,5.4778
20220729,Chikkamagaluru,13.3161,75.772,24.13,84.3,0.59,5.1283
20220730,Chikkamagaluru,13.3161,75.772,23.54,88.08,0.73,5.8128
20220731,Chikkamagaluru,13.3161,75.772,22.02,93.01,1.09,5.051
20220801,Chikkamagaluru,13.3161,75.772,22.71,94.51,1.41,3.985
20220802,Chikkamagaluru,13.3161,75.772,21.32,94.8,1.26,3.5537
20220803,Chikkamagaluru,13.3161,75.772,21.84,90.89,0.62,3.449
20220804,Chikkamagaluru,13.3161,75.772,22.19,92.12,1.08,3.5155
20220805,Chikkamagaluru,13.3161,75.772,21.59,93.76,2.31,2.4564
20220806,Chikkamagaluru,13.3161,75.772,22.04,91.43,2.56,2.4871
20220807,Chikkamagaluru,13.3161,75.772,21.73,92.65,2.37,2.1922
20220808,Chikkamagaluru,13.3161,75.772,21.78,92.41,2.66,1.8718
20220809,Chikkamagaluru,13.3161,75.772,21.64,90.31,2.92,3.2916
20220810,Chikkamagaluru,13.3161,75.772,21.32,90.23,2.89,3.1759
20220811,Chikkamagaluru,13.3161,75.772,21.92,90.04,2.75,3.3758
20220812,Chikkamagaluru,13.3161,75.772,21.79,89.61,2.3,3.7634
20220813,Chikkamagaluru,13.3161,75.772,21.05,88.19,1.84,3.3338
20220814,Chikkamagaluru,13.3161,75.772,21.03,89.52,1.63,4.0046
20220815,Chikkamagaluru,13.3161,75.772,21.96,88.12,1.39,4.0862
20220816,Chikkamagaluru,13.3161,75.772,22.36,87.1,1.04,4.4986
20220817,Chikkamagaluru,13.3161,75.772,22.36,88.11,1.16,5.5706
20220818,Chikkamagaluru,13.3161,75.772,21.86,89.88,1.33,4.6975
20220819,Chikkamagaluru,13.3161,75.772,21.59,89.74,1.51,4.1306
20220820,Chikkamagaluru,13.3161,75.772,21.18,90.29,1.5,4.4688
20220821,Chikkamagaluru,13.3161,75.772,22.12,90.66,1.48,3.5902
20220822,Chikkamagaluru,13.3161,75.772,22.03,91.16,1.86,3.4102
20220823,Chikkamagaluru,13.3161,75.772,22.31,90.77,1.55,4.2017
20220824,Chikkamagaluru,13.3161,75.772,21.94,90.58,1.44,3.8266
20220825,Chikkamagaluru,13.3161,75.772,22.18,89.72,1.16,4.1458
20220826,Chikkamagaluru,13.3161,75.772,21.9,91.64,0.94,4.2038
20220827,Chikkamagaluru,13.3161,75.772,21.58,90.57,1.04,3.4834
20220828,Chikkamagaluru,13.3161,75.772,22.02,89.7,0.92,4.3414
20220829,Chikkamagaluru,13.3161,75.772,22.41,92.4,0.91,3.9007
20220830,Chikkamagaluru,13.3161,75.772,22.31,94.66,0.84,5.208
20220831,Chikkamagaluru,13.3161,75.772,23.21,90.79,0.79,5.0426
20220901,Chikkamagaluru,13.3161,75.772,23.39,85.84,0.37,4.2893
20220902,Chikkamagaluru,13.3161,75.772,23.21,87.92,0.56,4.7321
20220903,Chikkamagaluru,13.3161,75.772,23.87,87.2,0.43,5.1826
20220904,Chikkamagaluru,13.3161,75.772,22.61,92.43,0.7,5.4365
20220905,Chikkamagaluru,13.3161,75.772,22.69,91.6,0.82,4.1018
20220906,Chikkamagaluru,13.3161,75.772,22.49,93.65,0.77,4.6913
20220907,Chikkamagaluru,13.3161,75.772,21.73,92.99,1.09,3.3521
20220908,Chikkamagaluru,13.3161,75.772,21.57,91.75,1.4,2.9714
20220909,Chikkamagaluru,13.3161,75.772,21.83,93.15,1.32,3.6134
20220910,Chikkamagaluru,13.3161,75.772,21.76,91.36,1.64,3.1332
20220911,Chikkamagaluru,13.3161,75.772,21.49,91.68,2.09,3.0379
20220912,Chikkamagaluru,13.3161,75.772,21.83,90.62,2.35,3.6998
20220913,Chikkamagaluru,13.3161,75.772,21.99,90.62,1.71,3.8359
20220914,Chikkamagaluru,13.3161,75.772,21.43,91.42,1.33,3.9562
20220915,Chikkamagaluru,13.3161,75.772,21.45,91.54,1.31,4.2295
20220916,Chikkamagaluru,13.3161,75.772,21.56,90.47,1.43,3.8801
20220917,Chikkamagaluru,13.3161,75.772,21.96,90.03,1.17,4.4376
20220918,Chikkamagaluru,13.3161,75.772,22.09,90.5,1.11,4.2242
20220919,Chikkamagaluru,13.3161,75.772,21.6,89.69,1.18,4.7261
20220920,Chikkamagaluru,13.3161,75.772,21.12,88.24,1.0,4.4407
20220921,Chikkamagaluru,13.3161,75.772,21.41,88.52,1.02,5.4432
20220922,Chikkamagaluru,13.3161,75.772,20.98,87.83,1.05,4.9351
20220923,Chikkamagaluru,13.3161,75.772,20.77,90.13,1.05,4.2576
20220924,Chikkamagaluru,13.3161,75.772,21.49,89.54,0.94,4.865
20220925,Chikkamagaluru,13.3161,75.772,21.93,88.12,0.83,5.8066
20220926,Chikkamagaluru,13.3161,75.772,22.2,88.31,0.83,4.7933
20220927,Chikkamagaluru,13.3161,75.772,21.6,88.24,0.76,6.223
20220928,Chikkamagaluru,13.3161,75.772,21.51,88.16,0.89,5.5253
20220929,Chikkamagaluru,13.3161,75.772,21.57,88.88,0.87,5.4288
20220930,Chikkamagaluru,13.3161,75.772,21.15,91.61,0.97,2.4158
20221001,Chikkamagaluru,13.3161,75.772,20.95,91.89,0.98,2.6138
20221002,Chikkamagaluru,13.3161,75.772,21.49,89.3,0.9,3.7639
20221003,Chikkamagaluru,13.3161,75.772,22.32,89.66,0.79,4.4849
20221004,Chikkamagaluru,13.3161,75.772,22.4,89.81,0.79,4.2511
20221005,Chikkamagaluru,13.3161,75.772,22.16,90.68,0.81,3.7402
20221006,Chikkamagaluru,13.3161,75.772,20.54,91.58,1.04,3.3343
20221007,Chikkamagaluru,13.3161,75.772,21.27,88.2,0.97,4.6061
20221008,Chikkamagaluru,13.3161,75.772,21.58,84.92,0.61,5.9899
20221009,Chikkamagaluru,13.3161,75.772,22.23,89.76,0.41,5.3424
20221010,Chikkamagaluru,13.3161,75.772,22.52,91.59,0.43,3.3629
20221011,Chikkamagaluru,13.3161,75.772,22.16,92.83,0.76,3.3031
20221012,Chikkamagaluru,13.3161,75.772,21.85,90.52,0.46,4.6819
20221013,Chikkamagaluru,13.3161,75.772,21.99,93.36,0.41,4.589
20221014,Chikkamagaluru,13.3161,75.772,21.9,93.16,0.63,4.9711
20221015,Chikkamagaluru,13.3161,75.772,22.52,90.92,0.69,4.4438
20221016,Chikkamagaluru,13.3161,75.772,21.99,94.16,0.61,4.4282
20221017,Chikkamagaluru,13.3161,75.772,21.87,93.03,0.48,4.3126
20221018,Chikkamagaluru,13.3161,75.772,21.75,93.57,0.67,4.1323
20221019,Chikkamagaluru,13.3161,75.772,22.15,89.77,0.25,4.5055
20221020,Chikkamagaluru,13.3161,75.772,22.74,87.98,0.47,4.5007
20221021,Chikkamagaluru,13.3161,75.772,22.89,86.78,0.76,5.3251
20221022,Chikkamagaluru,13.3161,75.772,22.89,86.08,0.79,5.0155
20221023,Chikkamagaluru,13.3161,75.772,21.5,83.02,0.61,6.095
20221024,Chikkamagaluru,13.3161,75.772,20.06,73.38,0.75,6.5371
20221025,Chikkamagaluru,13.3161,75.772,20.05,69.96,0.6,6.5254
20221026,Chikkamagaluru,13.3161,75.772,19.35,75.99,0.71,6.4898
20221027,Chikkamagaluru,13.3161,75.772,19.37,77.12,0.77,6.5165
20221028,Chikkamagaluru,13.3161,75.772,20.29,84.16,0.8,4.8442
20221029,Chikkamagaluru,13.3161,75.772,21.87,86.27,0.92,4.7669
20221030,Chikkamagaluru,13.3161,75.772,22.1,86.62,0.92,3.481
20221031,Chikkamagaluru,13.3161,75.772,20.78,83.46,0.78,5.8733
20221101,Chikkamagaluru,13.3161,75.772,21.25,84.88,0.66,5.0566
20221102,Chikkamagaluru,13.3161,75.772,20.75,89.85,0.89,3.5729
20221103,Chikkamagaluru,13.3161,75.772,20.48,86.34,0.86,3.5491
20221104,Chikkamagaluru,13.3161,75.772,21.64,85.85,0.95,4.3853
20221105,Chikkamagaluru,13.3161,75.772,21.14,82.69,0.94,5.4084
20221106,Chikkamagaluru,13.3161,75.772,21.68,84.43,0.76,5.0251
20221107,Chikkamagaluru,13.3161,75.772,21.45,85.29,0.82,5.3698
20221108,Chikkamagaluru,13.3161,75.772,20.85,83.69,0.81,5.8502
20221109,Chikkamagaluru,13.3161,75.772,20.88,80.62,0.73,5.6777
20221110,Chikkamagaluru,13.3161,75.772,20.45,82.96,0.81,4.9886
20221111,Chikkamagaluru,13.3161,75.772,20.95,86.17,1.02,3.9132
20221112,Chikkamagaluru,13.3161,75.772,20.07,91.9,0.94,2.8445
20221113,Chikkamagaluru,13.3161,75.772,21.55,89.34,1.0,3.3168
20221114,Chikkamagaluru,13.3161,75.772,21.88,85.03,0.67,5.0669
20221115,Chikkamagaluru,13.3161,75.772,21.75,90.2,0.39,3.9737
20221116,Chikkamagaluru,13.3161,75.772,21.59,86.36,0.67,4.7978
20221117,Chikkamagaluru,13.3161,75.772,18.82,77.27,0.75,5.7146
20221118,Chikkamagaluru,13.3161,75.772,18.14,71.12,0.8,5.497
20221119,Chikkamagaluru,13.3161,75.772,17.31,76.4,0.82,5.9556
20221120,Chikkamagaluru,13.3161,75.772,17.81,74.34,0.78,5.5174
20221121,Chikkamagaluru,13.3161,75.772,18.52,75.35,0.61,5.664
20221122,Chikkamagaluru,13.3161,75.772,20.43,89.34,0.52,2.4276
20221123,Chikkamagaluru,13.3161,75.772,21.16,91.42,0.66,2.6849
20221124,Chikkamagaluru,13.3161,75.772,21.73,90.49,0.82,3.0367
20221125,Chikkamagaluru,13.3161,75.772,22.0,85.81,0.75,4.5936
20221126,Chikkamagaluru,13.3161,75.772,21.81,86.05,0.66,4.7222
20221127,Chikkamagaluru,13.3161,75.772,21.95,86.78,0.41,4.4357
20221128,Chikkamagaluru,13.3161,75.772,21.53,88.32,0.36,3.4632
20221129,Chikkamagaluru,13.3161,75.772,21.46,86.76,0.6,3.4018
20221130,Chikkamagaluru,13.3161,75.772,19.51,80.81,0.73,5.1821
20221201,Chikkamagaluru,13.3161,75.772,19.89,79.31,0.73,5.4415
20221202,Chikkamagaluru,13.3161,75.772,22.11,87.02,0.66,4.4378
20221203,Chikkamagaluru,13.3161,75.772,22.09,84.82,0.78,5.1946
20221204,Chikkamagaluru,13.3161,75.772,21.99,83.34,0.83,4.9867
20221205,Chikkamagaluru,13.3161,75.772,21.53,85.7,0.82,4.6147
20221206,Chikkamagaluru,13.3161,75.772,21.33,83.95,0.78,4.9198
20221207,Chikkamagaluru,13.3161,75.772,19.55,80.04,0.81,3.7519
20221208,Chikkamagaluru,13.3161,75.772,18.54,73.3,0.67,4.1575
20221209,Chikkamagaluru,13.3161,75.772,18.88,74.1,0.76,3.252
20221210,Chikkamagaluru,13.3161,75.772,19.34,90.68,1.06,2.6189
20221211,Chikkamagaluru,13.3161,75.772,20.22,93.34,0.74,1.2041
20221212,Chikkamagaluru,13.3161,75.772,19.93,95.49,1.03,1.8014
20221213,Chikkamagaluru,13.3161,75.772,21.6,91.72,0.95,3.5167
20221214,Chikkamagaluru,13.3161,75.772,21.37,87.39,0.84,3.6883
20221215,Chikkamagaluru,13.3161,75.772,20.84,80.71,0.78,5.6357
20221216,Chikkamagaluru,13.3161,75.772,19.36,72.94,0.81,5.8301
20221217,Chikkamagaluru,13.3161,75.772,20.06,80.19,0.86,5.429
20221218,Chikkamagaluru,13.3161,75.772,20.45,85.83,0.92,4.2569
20221219,Chikkamagaluru,13.3161,75.772,19.67,83.43,0.93,5.2939
20221220,Chikkamagaluru,13.3161,75.772,18.85,78.87,0.84,5.429
20221221,Chikkamagaluru,13.3161,75.772,18.66,76.59,0.81,5.7254
20221222,Chikkamagaluru,13.3161,75.772,18.32,72.49,0.86,5.8003
20221223,Chikkamagaluru,13.3161,75.772,18.48,76.74,0.79,5.7593
20221224,Chikkamagaluru,13.3161,75.772,19.33,79.97,0.72,5.7773
20221225,Chikkamagaluru,13.3161,75.772,20.15,85.28,0.85,5.3117
20221226,Chikkamagaluru,13.3161,75.772,22.03,84.81,1.05,4.5468
20221227,Chikkamagaluru,13.3161,75.772,21.94,84.75,0.93,4.7443
20221228,Chikkamagaluru,13.3161,75.772,22.43,84.27,0.79,5.2008
20221229,Chikkamagaluru,13.3161,75.772,21.49,81.64,0.79,5.322
20221230,Chikkamagaluru,13.3161,75.772,20.01,76.11,0.8,5.7528
20221231,Chikkamagaluru,13.3161,75.772,19.57,70.99,0.59,5.6765
20230101,Chikkamagaluru,13.3161,75.772,20.05,72.84,0.51,5.3359
20230102,Chikkamagaluru,13.3161,75.772,19.18,75.53,0.92,5.4936
20230103,Chikkamagaluru,13.3161,75.772,19.0,76.84,0.8,5.663
20230104,Chikkamagaluru,13.3161,75.772,18.88,76.06,0.79,5.765
20230105,Chikkamagaluru,13.3161,75.772,18.65,77.97,1.02,5.5913
20230106,Chikkamagaluru,13.3161,75.772,19.15,77.57,1.13,5.525
20230107,Chikkamagaluru,13.3161,75.772,19.71,80.44,1.03,4.9001
20230108,Chikkamagaluru,13.3161,75.772,19.47,77.5,0.87,4.9478
20230109,Chikkamagaluru,13.3161,75.772,18.2,68.94,0.82,5.8246
20230110,Chikkamagaluru,13.3161,75.772,17.21,66.04,1.0,6.1104
20230111,Chikkamagaluru,13.3161,75.772,17.85,67.65,0.82,6.0499
20230112,Chikkamagaluru,13.3161,75.772,18.83,57.44,0.79,6.0749
20230113,Chikkamagaluru,13.3161,75.772,19.28,62.04,0.75,5.9342
20230114,Chikkamagaluru,13.3161,75.772,18.94,63.74,0.64,5.4516
20230115,Chikkamagaluru,13.3161,75.772,18.81,60.76,0.79,6.0586
20230116,Chikkamagaluru,13.3161,75.772,19.46,64.83,0.78,6.0341
20230117,Chikkamagaluru,13.3161,75.772,19.27,65.03,0.65,6.1135
20230118,Chikkamagaluru,13.3161,75.772,18.98,68.33,0.79,6.1634
20230119,Chikkamagaluru,13.3161,75.772,18.53,65.36,0.8,6.2623
20230120,Chikkamagaluru,13.3161,75.772,17.92,65.22,0.87,6.2726
20230121,Chikkamagaluru,13.3161,75.772,18.93,75.11,0.77,5.8001
20230122,Chikkamagaluru,13.3161,75.772,18.64,71.23,0.89,5.945
20230123,Chikkamagaluru,13.3161,75.772,20.07,71.32,0.72,5.9035
20230124,Chikkamagaluru,13.3161,75.772,21.27,82.86,0.55,3.8472
20230125,Chikkamagaluru,13.3161,75.772,21.07,84.05,0.62,4.4071
20230126,Chikkamagaluru,13.3161,75.772,20.64,69.41,0.56,6.0305
20230127,Chikkamagaluru,13.3161,75.772,19.29,65.4,0.89,6.077
20230128,Chikkamagaluru,13.3161,75.772,18.79,59.72,0.96,6.3314
20230129,Chikkamagaluru,13.3161,75.772,19.17,62.36,1.04,6.2746
20230130,Chikkamagaluru,13.3161,75.772,20.68,75.71,0.62,5.5759
20230131,Chikkamagaluru,13.3161,75.772,21.46,73.25,0.87,4.7278
20230201,Chikkamagaluru,13.3161,75.772,21.41,64.63,0.95,5.3906
20230202,Chikkamagaluru,13.3161,75.772,21.58,66.9,1.0,5.6669
20230203,Chikkamagaluru,13.3161,75.772,21.73,71.29,0.92,5.0172
20230204,Chikkamagaluru,13.3161,75.772,22.88,68.41,0.88,6.0926
20230205,Chikkamagaluru,13.3161,75.772,22.63,65.25,0.61,6.1176
20230206,Chikkamagaluru,13.3161,75.772,22.16,65.99,0.67,5.6707
20230207,Chikkamagaluru,13.3161,75.772,22.32,70.4,0.38,5.2963
20230208,Chikkamagaluru,13.3161,75.772,22.82,62.94,0.64,6.0101
20230209,Chikkamagaluru,13.3161,75.772,22.06,64.67,0.64,6.0134
20230210,Chikkamagaluru,13.3161,75.772,21.97,63.79,0.79,6.1666
20230211,Chikkamagaluru,13.3161,75.772,22.35,53.56,0.93,6.3622
20230212,Chikkamagaluru,13.3161,75.772,21.87,52.61,0.97,6.5669
20230213,Chikkamagaluru,13.3161,75.772,21.42,49.21,1.09,6.7138
20230214,Chikkamagaluru,13.3161,75.772,21.6,48.06,1.0,6.7903
20230215,Chikkamagaluru,13.3161,75.772,20.74,46.02,1.01,6.8868
20230216,Chikkamagaluru,13.3161,75.772,21.3,45.7,1.2,6.8738
20230217,Chikkamagaluru,13.3161,75.772,21.6,50.91,1.13,6.8047
20230218,Chikkamagaluru,13.3161,75.772,21.92,51.45,0.82,6.701
20230219,Chikkamagaluru,13.3161,75.772,22.38,52.21,0.82,6.5011
20230220,Chikkamagaluru,13.3161,75.772,22.5,55.5,0.68,6.5882
20230221,Chikkamagaluru,13.3161,75.772,22.88,49.51,0.79,6.8436
20230222,Chikkamagaluru,13.3161,75.772,22.42,46.22,0.96,6.7423
20230223,Chikkamagaluru,13.3161,75.772,22.39,44.01,1.17,6.9211
20230224,Chikkamagaluru,13.3161,75.772,22.14,40.88,1.19,7.0774
20230225,Chikkamagaluru,13.3161,75.772,21.96,40.47,1.1,7.0709
20230226,Chikkamagaluru,13.3161,75.772,22.5,40.34,1.16,6.9442
20230227,Chikkamagaluru,13.3161,75.772,22.66,42.08,1.2,6.9456
20230228,Chikkamagaluru,13.3161,75.772,22.31,39.85,1.1,7.2583
20230301,Chikkamagaluru,13.3161,75.772,24.05,56.01,1.15,6.5916
20230302,Chikkamagaluru,13.3161,75.772,23.26,40.93,1.27,7.0133
20230303,Chikkamagaluru,13.3161,75.772,22.98,39.11,1.36,6.9446
20230304,Chikkamagaluru,13.3161,75.772,23.42,38.74,1.42,6.7054
20230305,Chikkamagaluru,13.3161,75.772,23.49,35.63,1.26,7.0829
20230306,Chikkamagaluru,13.3161,75.772,23.58,41.25,1.16,7.1174
20230307,Chikkamagaluru,13.3161,75.772,23.52,39.44,1.25,6.8933
20230308,Chikkamagaluru,13.3161,75.772,22.69,41.8,1.16,7.0908
20230309,Chikkamagaluru,13.3161,75.772,22.47,40.11,1.03,5.1523
20230310,Chikkamagaluru,13.3161,75.772,23.52,41.82,1.12,6.9358
20230311,Chikkamagaluru,13.3161,75.772,23.64,45.95,1.18,6.9914
20230312,Chikkamagaluru,13.3161,75.772,24.3,43.59,1.24,7.2319
20230313,Chikkamagaluru,13.3161,75.772,24.97,49.22,0.81,7.0642
20230314,Chikkamagaluru,13.3161,75.772,25.27,56.94,0.66,5.9618
20230315,Chikkamagaluru,13.3161,75.772,25.2,62.69,0.67,4.9068
20230316,Chikkamagaluru,13.3161,75.772,25.18,65.6,0.68,6.1188
20230317,Chikkamagaluru,13.3161,75.772,24.9,63.62,0.69,6.6715
20230318,Chikkamagaluru,13.3161,75.772,24.78,63.39,0.97,6.5686
20230319,Chikkamagaluru,13.3161,75.772,23.37,69.54,1.17,5.9726
20230320,Chikkamagaluru,13.3161,75.772,22.61,61.9,1.08,7.3896
20230321,Chikkamagaluru,13.3161,75.772,22.12,61.12,1.06,7.535
20230322,Chikkamagaluru,13.3161,75.772,23.95,62.23,0.63,6.8614
20230323,Chikkamagaluru,13.3161,75.772,24.61,60.87,0.77,7.2295
20230324,Chikkamagaluru,13.3161,75.772,25.14,59.94,0.62,6.9233
20230325,Chikkamagaluru,13.3161,75.772,25.81,58.83,0.52,5.8428
20230326,Chikkamagaluru,13.3161,75.772,25.72,56.76,0.71,6.7294
20230327,Chikkamagaluru,13.3161,75.772,25.47,57.16,0.64,7.4906
20230328,Chikkamagaluru,13.3161,75.772,26.29,56.34,0.51,7.6128
20230329,Chikkamagaluru,13.3161,75.772,26.04,58.62,0.89,7.1462
20230330,Chikkamagaluru,13.3161,75.772,25.75,62.53,0.59,6.7222
20230331,Chikkamagaluru,13.3161,75.772,26.04,57.53,0.77,7.3411
20230401,Chikkamagaluru,13.3161,75.772,25.04,57.77,0.87,7.4206
20230402,Chikkamagaluru,13.3161,75.772,25.26,57.95,0.81,7.5835
20230403,Chikkamagaluru,13.3161,75.772,25.0,56.55,0.64,7.7215
20230404,Chikkamagaluru,13.3161,75.772,25.82,59.75,0.49,7.1136
20230405,Chikkamagaluru,13.3161,75.772,26.88,56.38,0.63,7.0157
20230406,Chikkamagaluru,13.3161,75.772,25.93,65.55,0.49,6.5124
20230407,Chikkamagaluru,13.3161,75.772,26.85,62.51,0.52,6.0838
20230408,Chikkamagaluru,13.3161,75.772,27.39,52.08,0.94,7.0186
20230409,Chikkamagaluru,13.3161,75.772,26.77,51.47,0.74,7.4309
20230410,Chikkamagaluru,13.3161,75.772,27.36,52.49,0.69,6.984
20230411,Chikkamagaluru,13.3161,75.772,27.57,47.11,0.83,7.5511
20230412,Chikkamagaluru,13.3161,75.772,26.7,50.07,0.75,7.6075
20230413,Chikkamagaluru,13.3161,75.772,26.56,44.94,0.7,7.0469
20230414,Chikkamagaluru,13.3161,75.772,26.96,57.2,0.47,6.6168
20230415,Chikkamagaluru,13.3161,75.772,27.03,54.56,0.5,6.299
20230416,Chikkamagaluru,13.3161,75.772,26.01,50.58,0.63,6.9096
20230417,Chikkamagaluru,13.3161,75.772,26.08,51.7,0.76,6.9638
20230418,Chikkamagaluru,13.3161,75.772,27.6,49.11,0.75,7.5473
20230419,Chikkamagaluru,13.3161,75.772,28.06,55.57,0.61,7.3334
20230420,Chikkamagaluru,13.3161,75.772,27.25,60.69,0.94,6.8762
20230421,Chikkamagaluru,13.3161,75.772,26.98,63.25,0.84,6.5119
20230422,Chikkamagaluru,13.3161,75.772,27.92,58.53,0.69,6.9091
20230423,Chikkamagaluru,13.3161,75.772,27.96,53.07,0.72,7.3759
20230424,Chikkamagaluru,13.3161,75.772,27.94,51.66,0.65,7.4626
20230425,Chikkamagaluru,13.3161,75.772,26.65,64.21,0.71,6.6622
20230426,Chikkamagaluru,13.3161,75.772,25.68,71.86,0.67,5.5939
20230427,Chikkamagaluru,13.3161,75.772,26.82,65.56,0.71,6.1774
20230428,Chikkamagaluru,13.3161,75.772,27.18,64.02,0.67,5.653
20230429,Chikkamagaluru,13.3161,75.772,26.63,67.56,0.66,5.8454
20230430,Chikkamagaluru,13.3161,75.772,25.89,72.18,0.57,5.9638
20230501,Chikkamagaluru,13.3161,75.772,25.25,67.71,0.76,6.9619
20230502,Chikkamagaluru,13.3161,75.772,26.39,63.83,0.71,6.3194
20230503,Chikkamagaluru,13.3161,75.772,25.49,64.31,0.91,6.0286
20230504,Chikkamagaluru,13.3161,75.772,26.3,63.91,0.62,6.7404
20230505,Chikkamagaluru,13.3161,75.772,24.6,69.88,0.86,5.5834
20230506,Chikkamagaluru,13.3161,75.772,25.21,68.34,0.83,5.9042
20230507,Chikkamagaluru,13.3161,75.772,25.04,69.8,1.02,5.579
20230508,Chikkamagaluru,13.3161,75.772,24.67,78.54,0.54,5.7091
20230509,Chikkamagaluru,13.3161,75.772,25.64,73.28,0.67,5.8356
20230510,Chikkamagaluru,13.3161,75.772,27.16,68.25,0.57,6.048
20230511,Chikkamagaluru,13.3161,75.772,27.32,69.99,0.64,5.2284
20230512,Chikkamagaluru,13.3161,75.772,26.74,72.63,0.79,5.6002
20230513,Chikkamagaluru,13.3161,75.772,25.75,79.32,1.25,5.1444
20230514,Chikkamagaluru,13.3161,75.772,26.58,70.09,1.23,7.176
20230515,Chikkamagaluru,13.3161,75.772,27.09,65.91,1.16,7.4628
20230516,Chikkamagaluru,13.3161,75.772,28.06,62.73,0.85,7.5202
20230517,Chikkamagaluru,13.3161,75.772,28.9,56.65,0.73,7.4767
20230518,Chikkamagaluru,13.3161,75.772,29.23,54.58,0.78,7.2934
20230519,Chikkamagaluru,13.3161,75.772,28.41,59.17,1.07,7.0202
20230520,Chikkamagaluru,13.3161,75.772,27.66,64.42,1.13,6.6641
20230521,Chikkamagaluru,13.3161,75.772,27.79,66.1,0.82,6.473
20230522,Chikkamagaluru,13.3161,75.772,27.36,67.05,0.91,6.7018
20230523,Chikkamagaluru,13.3161,75.772,27.14,66.52,0.7,5.2826
20230524,Chikkamagaluru,13.3161,75.772,26.21,72.02,1.01,6.155
20230525,Chikkamagaluru,13.3161,75.772,25.67,74.43,1.36,6.2306
20230526,Chikkamagaluru,13.3161,75.772,25.97,69.2,1.33,7.0663
20230527,Chikkamagaluru,13.3161,75.772,26.47,69.15,1.2,6.5993
20230528,Chikkamagaluru,13.3161,75.772,26.93,65.46,1.1,7.1976
20230529,Chikkamagaluru,13.3161,75.772,26.81,70.42,0.78,6.7733
20230530,Chikkamagaluru,13.3161,75.772,25.16,80.54,0.84,4.1184
20230531,Chikkamagaluru,13.3161,75.772,25.47,76.49,0.62,6.059
20230601,Chikkamagaluru,13.3161,75.772,24.44,80.8,0.99,4.5821
20230602,Chikkamagaluru,13.3161,75.772,25.94,71.36,1.06,4.2605
20230603,Chikkamagaluru,13.3161,75.772,27.09,68.56,1.03,6.505
20230604,Chikkamagaluru,13.3161,75.772,26.31,72.24,1.06,5.9774
20230605,Chikkamagaluru,13.3161,75.772,25.44,78.13,1.32,5.7245
20230606,Chikkamagaluru,13.3161,75.772,25.81,77.12,1.29,5.8277
20230607,Chikkamagaluru,13.3161,75.772,25.42,77.03,1.62,5.8867
20230608,Chikkamagaluru,13.3161,75.772,25.39,77.19,1.49,6.023
20230609,Chikkamagaluru,13.3161,75.772,25.77,73.69,1.63,5.9066
20230610,Chikkamagaluru,13.3161,75.772,24.0,80.97,1.97,4.6085
20230611,Chikkamagaluru,13.3161,75.772,24.01,81.26,1.75,3.9389
20230612,Chikkamagaluru,13.3161,75.772,24.62,79.3,1.66,5.3794
20230613,Chikkamagaluru,13.3161,75.772,25.09,78.12,1.84,5.4305
20230614,Chikkamagaluru,13.3161,75.772,25.09,79.33,1.82,5.3926
20230615,Chikkamagaluru,13.3161,75.772,25.47,77.53,1.6,5.7785
20230616,Chikkamagaluru,13.3161,75.772,25.61,75.33,1.66,6.1042
20230617,Chikkamagaluru,13.3161,75.772,24.84,81.17,1.65,4.9246
20230618,Chikkamagaluru,13.3161,75.772,24.54,82.09,1.6,4.2106
20230619,Chikkamagaluru,13.3161,75.772,23.92,82.53,1.26,4.7887
20230620,Chikkamagaluru,13.3161,75.772,23.9,78.95,1.08,3.8858
20230621,Chikkamagaluru,13.3161,75.772,23.86,83.4,1.09,3.5122
20230622,Chikkamagaluru,13.3161,75.772,23.5,81.44,1.23,4.4604
20230623,Chikkamagaluru,13.3161,75.772,22.64,76.56,1.58,4.0154
20230624,Chikkamagaluru,13.3161,75.772,23.09,87.34,1.55,2.8366
20230625,Chikkamagaluru,13.3161,75.772,22.78,85.3,1.47,3.5844
20230626,Chikkamagaluru,13.3161,75.772,22.36,81.58,1.66,4.608
20230627,Chikkamagaluru,13.3161,75.772,22.08,84.1,1.62,4.3922
20230628,Chikkamagaluru,13.3161,75.772,22.57,81.37,1.73,3.5088
20230629,Chikkamagaluru,13.3161,75.772,22.02,86.97,1.63,3.1229
20230630,Chikkamagaluru,13.3161,75.772,22.62,82.98,1.75,4.1093
20230701,Chikkamagaluru,13.3161,75.772,23.45,81.6,1.78,4.7916
20230702,Chikkamagaluru,13.3161,75.772,22.97,87.51,1.87,3.3934
20230703,Chikkamagaluru,13.3161,75.772,23.65,87.0,2.09,3.8002
20230704,Chikkamagaluru,13.3161,75.772,23.04,90.23,2.28,3.096
20230705,Chikkamagaluru,13.3161,75.772,22.2,89.38,2.54,2.7461
20230706,Chikkamagaluru,13.3161,75.772,21.96,87.3,2.5,1.7525
20230707,Chikkamagaluru,13.3161,75.772,22.66,86.25,2.02,2.7677
20230708,Chikkamagaluru,13.3161,75.772,22.85,85.61,1.92,2.7384
20230709,Chikkamagaluru,13.3161,75.772,22.77,88.95,1.44,3.5676
20230710,Chikkamagaluru,13.3161,75.772,22.92,89.22,1.06,4.223
20230711,Chikkamagaluru,13.3161,75.772,22.59,88.62,1.37,3.4685
20230712,Chikkamagaluru,13.3161,75.772,21.88,85.06,1.75,4.2456
20230713,Chikkamagaluru,13.3161,75.772,22.06,86.36,1.84,3.7166
20230714,Chikkamagaluru,13.3161,75.772,22.58,86.98,1.8,3.2846
20230715,Chikkamagaluru,13.3161,75.772,22.93,86.65,1.52,3.6758
20230716,Chikkamagaluru,13.3161,75.772,23.11,88.13,1.43,4.051
20230717,Chikkamagaluru,13.3161,75.772,23.39,86.88,1.8,3.5078
20230718,Chikkamagaluru,13.3161,75.772,23.3,86.83,2.49,4.0634
20230719,Chikkamagaluru,13.3161,75.772,23.12,86.64,2.76,2.5063
20230720,Chikkamagaluru,13.3161,75.772,23.48,85.41,2.9,2.7749
20230721,Chikkamagaluru,13.3161,75.772,23.19,87.73,2.81,2.4742
20230722,Chikkamagaluru,13.3161,75.772,22.67,86.13,2.69,2.028
20230723,Chikkamagaluru,13.3161,75.772,22.59,88.01,2.81,1.1918
20230724,Chikkamagaluru,13.3161,75.772,21.93,92.0,2.26,1.5144
20230725,Chikkamagaluru,13.3161,75.772,21.36,91.18,2.1,1.6085
20230726,Chikkamagaluru,13.3161,75.772,21.48,91.96,2.18,1.7244
20230727,Chikkamagaluru,13.3161,75.772,21.11,91.79,2.2,2.4278
20230728,Chikkamagaluru,13.3161,75.772,22.18,88.63,2.18,3.0922
20230729,Chikkamagaluru,13.3161,75.772,22.34,87.94,2.01,3.8477
20230730,Chikkamagaluru,13.3161,75.772,22.56,87.83,1.82,3.642
20230731,Chikkamagaluru,13.3161,75.772,22.74,87.64,1.97,4.2497
20230801,Chikkamagaluru,13.3161,75.772,22.58,87.94,2.02,4.5221
20230802,Chikkamagaluru,13.3161,75.772,22.55,86.94,2.18,4.4693
20230803,Chikkamagaluru,13.3161,75.772,22.69,86.53,2.13,4.3644
20230804,Chikkamagaluru,13.3161,75.772,22.89,86.64,2.04,4.3068
20230805,Chikkamagaluru,13.3161,75.772,22.47,89.05,1.74,4.0056
20230806,Chikkamagaluru,13.3161,75.772,22.37,89.22,1.42,4.5317
20230807,Chikkamagaluru,13.3161,75.772,22.78,87.09,1.47,4.3037
20230808,Chikkamagaluru,13.3161,75.772,22.85,86.33,1.29,4.2749
20230809,Chikkamagaluru,13.3161,75.772,23.21,84.85,1.02,4.7892
20230810,Chikkamagaluru,13.3161,75.772,23.42,85.07,1.02,5.0143
20230811,Chikkamagaluru,13.3161,75.772,23.45,85.12,1.01,5.0806
20230812,Chikkamagaluru,13.3161,75.772,22.97,85.71,1.19,4.7414
20230813,Chikkamagaluru,13.3161,75.772,22.52,86.67,1.22,4.6946
20230814,Chikkamagaluru,13.3161,75.772,22.09,85.25,1.22,5.022
20230815,Chikkamagaluru,13.3161,75.772,22.79,82.99,1.24,5.3088
20230816,Chikkamagaluru,13.3161,75.772,23.04,84.01,1.2,4.8778
20230817,Chikkamagaluru,13.3161,75.772,22.88,84.83,1.38,4.4736
20230818,Chikkamagaluru,13.3161,75.772,22.28,86.71,1.37,4.319
20230819,Chikkamagaluru,13.3161,75.772,23.05,87.42,1.71,2.8589
20230820,Chikkamagaluru,13.3161,75.772,23.13,86.37,1.34,4.7359
20230821,Chikkamagaluru,13.3161,75.772,23.32,84.27,1.04,5.6117
20230822,Chikkamagaluru,13.3161,75.772,23.53,82.41,0.98,6.1579
20230823,Chikkamagaluru,13.3161,75.772,23.52,82.69,1.09,5.4569
20230824,Chikkamagaluru,13.3161,75.772,23.11,84.15,1.16,5.1197
20230825,Chikkamagaluru,13.3161,75.772,23.36,84.22,1.19,5.1797
20230826,Chikkamagaluru,13.3161,75.772,22.94,87.22,0.98,4.5758
20230827,Chikkamagaluru,13.3161,75.772,22.88,85.28,1.04,5.7634
20230828,Chikkamagaluru,13.3161,75.772,23.23,84.67,1.21,5.669
20230829,Chikkamagaluru,13.3161,75.772,23.19,84.42,1.23,6.0382
20230830,Chikkamagaluru,13.3161,75.772,23.6,82.61,1.18,5.8342
20230831,Chikkamagaluru,13.3161,75.772,23.77,83.55,0.81,5.3165
20230901,Chikkamagaluru,13.3161,75.772,22.93,89.45,0.81,5.9515
20230902,Chikkamagaluru,13.3161,75.772,22.42,88.24,1.02,4.961
20230903,Chikkamagaluru,13.3161,75.772,21.8,87.07,1.02,4.6709
20230904,Chikkamagaluru,13.3161,75.772,20.72,86.39,1.32,2.8733
20230905,Chikkamagaluru,13.3161,75.772,21.57,90.23,1.42,3.5974
20230906,Chikkamagaluru,13.3161,75.772,22.42,87.04,1.43,4.7974
20230907,Chikkamagaluru,13.3161,75.772,22.8,87.93,1.38,4.4196
20230908,Chikkamagaluru,13.3161,75.772,22.75,89.03,1.72,4.7256
20230909,Chikkamagaluru,13.3161,75.772,22.83,87.98,1.44,3.9048
20230910,Chikkamagaluru,13.3161,75.772,23.29,86.46,1.37,4.8055
20230911,Chikkamagaluru,13.3161,75.772,22.61,89.35,1.32,4.5859
20230912,Chikkamagaluru,13.3161,75.772,22.95,86.8,1.5,4.9318
20230913,Chikkamagaluru,13.3161,75.772,22.77,86.18,1.37,4.6469
20230914,Chikkamagaluru,13.3161,75.772,22.88,86.82,1.46,3.5095
20230915,Chikkamagaluru,13.3161,75.772,22.29,88.12,1.64,4.277
20230916,Chikkamagaluru,13.3161,75.772,22.51,88.27,1.55,3.8616
20230917,Chikkamagaluru,13.3161,75.772,22.83,88.59,1.29,3.8846
20230918,Chikkamagaluru,13.3161,75.772,22.97,87.66,1.28,4.0255
20230919,Chikkamagaluru,13.3161,75.772,22.95,86.53,1.24,4.1779
20230920,Chikkamagaluru,13.3161,75.772,22.8,86.39,1.23,4.3726
20230921,Chikkamagaluru,13.3161,75.772,22.65,87.95,1.0,3.996
20230922,Chikkamagaluru,13.3161,75.772,23.0,88.29,0.75,5.2421
20230923,Chikkamagaluru,13.3161,75.772,22.7,92.14,1.01,4.6241
20230924,Chikkamagaluru,13.3161,75.772,22.09,92.71,0.96,3.8822
20230925,Chikkamagaluru,13.3161,75.772,21.06,92.07,0.95,5.1427
20230926,Chikkamagaluru,13.3161,75.772,22.4,86.88,1.09,4.9008
20230927,Chikkamagaluru,13.3161,75.772,21.93,87.2,1.22,4.3274
20230928,Chikkamagaluru,13.3161,75.772,22.2,92.46,1.04,3.7987
20230929,Chikkamagaluru,13.3161,75.772,22.65,90.54,1.41,3.1013
20230930,Chikkamagaluru,13.3161,75.772,21.96,88.44,1.85,3.5616
20231001,Chikkamagaluru,13.3161,75.772,22.7,88.89,1.91,2.7576
20231002,Chikkamagaluru,13.3161,75.772,22.28,86.96,1.16,4.8569
20231003,Chikkamagaluru,13.3161,75.772,22.04,86.06,1.01,5.4487
20231004,Chikkamagaluru,13.3161,75.772,22.2,85.2,0.67,4.8283
20231005,Chikkamagaluru,13.3161,75.772,22.04,87.1,0.73,5.6494
20231006,Chikkamagaluru,13.3161,75.772,22.45,89.81,0.42,4.165
20231007,Chikkamagaluru,13.3161,75.772,24.01,84.43,0.45,4.249
20231008,Chikkamagaluru,13.3161,75.772,24.22,84.66,0.41,4.7806
20231009,Chikkamagaluru,13.3161,75.772,23.49,90.72,0.52,3.9026
20231010,Chikkamagaluru,13.3161,75.772,23.85,86.63,0.58,4.0186
20231011,Chikkamagaluru,13.3161,75.772,23.67,85.69,0.6,4.2199
20231012,Chikkamagaluru,13.3161,75.772,23.82,87.35,0.47,4.2473
20231013,Chikkamagaluru,13.3161,75.772,24.03,79.13,0.51,5.2843
20231014,Chikkamagaluru,13.3161,75.772,23.65,78.34,0.57,5.7888
20231015,Chikkamagaluru,13.3161,75.772,23.33,84.44,0.39,4.6894
20231016,Chikkamagaluru,13.3161,75.772,23.38,86.21,0.38,4.091
20231017,Chikkamagaluru,13.3161,75.772,23.17,88.09,0.44,4.2835
20231018,Chikkamagaluru,13.3161,75.772,24.07,80.28,0.55,5.6304
20231019,Chikkamagaluru,13.3161,75.772,24.12,77.04,0.54,5.1972
20231020,Chikkamagaluru,13.3161,75.772,23.95,74.88,0.61,4.9946
20231021,Chikkamagaluru,13.3161,75.772,23.92,78.34,0.64,4.8581
20231022,Chikkamagaluru,13.3161,75.772,23.92,78.42,0.66,4.9814
20231023,Chikkamagaluru,13.3161,75.772,23.03,72.68,0.77,5.7746
20231024,Chikkamagaluru,13.3161,75.772,22.29,73.8,0.67,5.9489
20231025,Chikkamagaluru,13.3161,75.772,22.34,69.38,0.73,6.2688
20231026,Chikkamagaluru,13.3161,75.772,21.65,65.68,0.83,6.2674
20231027,Chikkamagaluru,13.3161,75.772,22.29,71.17,0.65,6.0497
20231028,Chikkamagaluru,13.3161,75.772,23.58,81.56,0.43,5.0268
20231029,Chikkamagaluru,13.3161,75.772,23.88,85.0,0.49,4.7342
20231030,Chikkamagaluru,13.3161,75.772,22.57,87.78,0.65,4.2953
20231031,Chikkamagaluru,13.3161,75.772,22.27,87.02,0.31,3.5525
20231101,Chikkamagaluru,13.3161,75.772,22.94,81.89,0.58,4.6272
20231102,Chikkamagaluru,13.3161,75.772,23.77,80.6,0.55,4.7822
20231103,Chikkamagaluru,13.3161,75.772,24.16,82.63,0.49,4.8874
20231104,Chikkamagaluru,13.3161,75.772,23.89,83.89,0.43,3.8873
20231105,Chikkamagaluru,13.3161,75.772,23.46,85.88,0.8,2.9983
20231106,Chikkamagaluru,13.3161,75.772,22.6,89.22,0.44,4.6226
20231107,Chikkamagaluru,13.3161,75.772,22.63,89.65,0.35,5.1912
20231108,Chikkamagaluru,13.3161,75.772,22.33,90.67,0.49,3.7622
20231109,Chikkamagaluru,13.3161,75.772,22.32,89.88,0.8,3.9725
20231110,Chikkamagaluru,13.3161,75.772,22.68,83.89,0.65,4.5077
20231111,Chikkamagaluru,13.3161,75.772,22.7,77.5,0.91,5.5577
20231112,Chikkamagaluru,13.3161,75.772,21.12,76.82,0.92,5.5138
20231113,Chikkamagaluru,13.3161,75.772,21.16,75.82,0.97,4.2578
20231114,Chikkamagaluru,13.3161,75.772,20.71,77.04,0.9,4.9349
20231115,Chikkamagaluru,13.3161,75.772,21.34,75.03,0.71,4.9589
20231116,Chikkamagaluru,13.3161,75.772,22.16,75.34,0.56,4.5809
20231117,Chikkamagaluru,13.3161,75.772,23.0,79.16,0.59,4.3416
20231118,Chikkamagaluru,13.3161,75.772,23.61,79.07,0.72,4.3018
20231119,Chikkamagaluru,13.3161,75.772,23.66,77.56,0.87,5.0304
20231120,Chikkamagaluru,13.3161,75.772,22.96,73.03,0.88,5.5404
20231121,Chikkamagaluru,13.3161,75.772,23.01,80.75,0.79,4.9574
20231122,Chikkamagaluru,13.3161,75.772,23.7,83.07,0.89,4.0414
20231123,Chikkamagaluru,13.3161,75.772,23.61,81.43,0.96,4.1455
20231124,Chikkamagaluru,13.3161,75.772,23.31,79.97,0.7,2.9328
20231125,Chikkamagaluru,13.3161,75.772,23.08,82.06,0.86,4.0198
20231126,Chikkamagaluru,13.3161,75.772,22.77,74.0,1.04,4.0682
20231127,Chikkamagaluru,13.3161,75.772,23.08,79.21,0.68,4.4995
20231128,Chikkamagaluru,13.3161,75.772,23.48,80.86,0.49,5.1146
20231129,Chikkamagaluru,13.3161,75.772,23.13,82.38,0.63,4.8574
20231130,Chikkamagaluru,13.3161,75.772,23.63,77.16,0.68,4.5456
20231201,Chikkamagaluru,13.3161,75.772,23.52,78.64,0.71,4.6673
20231202,Chikkamagaluru,13.3161,75.772,23.2,72.52,1.08,5.4806
20231203,Chikkamagaluru,13.3161,75.772,23.6,78.35,1.22,3.9127
20231204,Chikkamagaluru,13.3161,75.772,23.18,78.31,1.07,3.1337
20231205,Chikkamagaluru,13.3161,75.772,21.58,80.09,0.72,3.7975
20231206,Chikkamagaluru,13.3161,75.772,22.56,79.81,0.53,5.275
20231207,Chikkamagaluru,13.3161,75.772,22.63,80.64,0.45,5.0112
20231208,Chikkamagaluru,13.3161,75.772,22.79,83.59,0.51,3.9754
20231209,Chikkamagaluru,13.3161,75.772,21.29,88.46,0.99,3.7865
20231210,Chikkamagaluru,13.3161,75.772,22.91,81.69,0.61,3.8741
20231211,Chikkamagaluru,13.3161,75.772,22.06,83.06,0.6,3.5177
20231212,Chikkamagaluru,13.3161,75.772,22.21,77.57,0.58,4.5348
20231213,Chikkamagaluru,13.3161,75.772,20.51,72.25,0.78,5.0942
20231214,Chikkamagaluru,13.3161,75.772,19.79,71.04,0.87,5.2366
20231215,Chikkamagaluru,13.3161,75.772,21.06,74.93,0.64,4.7582
20231216,Chikkamagaluru,13.3161,75.772,22.84,79.33,0.83,3.671
20231217,Chikkamagaluru,13.3161,75.772,23.38,75.89,1.06,4.188
20231218,Chikkamagaluru,13.3161,75.772,22.01,77.94,1.08,3.8909
20231219,Chikkamagaluru,13.3161,75.772,21.72,71.7,1.21,4.5806
20231220,Chikkamagaluru,13.3161,75.772,21.79,68.82,1.0,4.9498
20231221,Chikkamagaluru,13.3161,75.772,22.18,72.84,0.67,5.249
20231222,Chikkamagaluru,13.3161,75.772,21.25,71.57,0.64,4.2734
20231223,Chikkamagaluru,13.3161,75.772,20.85,56.88,0.87,5.1362
20231224,Chikkamagaluru,13.3161,75.772,20.13,61.82,0.94,5.5104
20231225,Chikkamagaluru,13.3161,75.772,22.02,67.04,0.94,5.5255
20231226,Chikkamagaluru,13.3161,75.772,20.91,59.32,1.04,5.676
20231227,Chikkamagaluru,13.3161,75.772,20.68,60.7,1.13,5.8483
20231228,Chikkamagaluru,13.3161,75.772,21.41,67.43,0.94,5.6525
20231229,Chikkamagaluru,13.3161,75.772,22.5,65.58,0.97,5.6333
20231230,Chikkamagaluru,13.3161,75.772,22.22,63.83,0.86,5.7775
20231231,Chikkamagaluru,13.3161,75.772,21.4,64.07,0.78,5.707
20240101,Chikkamagaluru,13.3161,75.772,22.22,74.78,0.48,4.6584
20240102,Chikkamagaluru,13.3161,75.772,22.18,74.81,0.41,3.4721
20240103,Chikkamagaluru,13.3161,75.772,21.09,85.14,0.33,2.8301
20240104,Chikkamagaluru,13.3161,75.772,20.5,90.66,0.67,2.3959
20240105,Chikkamagaluru,13.3161,75.772,21.42,88.09,0.7,4.176
20240106,Chikkamagaluru,13.3161,75.772,21.32,86.68,0.78,3.5482
20240107,Chikkamagaluru,13.3161,75.772,21.01,73.48,0.93,4.0786
20240108,Chikkamagaluru,13.3161,75.772,21.26,83.39,0.99,3.167
20240109,Chikkamagaluru,13.3161,75.772,21.12,87.22,0.97,3.0773
20240110,Chikkamagaluru,13.3161,75.772,21.62,72.57,0.97,5.1074
20240111,Chikkamagaluru,13.3161,75.772,21.51,64.55,1.01,5.7756
20240112,Chikkamagaluru,13.3161,75.772,21.33,65.5,1.08,5.7629
20240113,Chikkamagaluru,13.3161,75.772,22.21,70.38,0.88,5.1017
20240114,Chikkamagaluru,13.3161,75.772,21.73,68.32,0.8,5.2584
20240115,Chikkamagaluru,13.3161,75.772,21.47,67.11,0.61,5.2639
20240116,Chikkamagaluru,13.3161,75.772,21.13,71.64,0.53,5.0086
20240117,Chikkamagaluru,13.3161,75.772,21.47,79.94,0.62,5.4029
20240118,Chikkamagaluru,13.3161,75.772,21.97,80.01,0.6,4.5499
20240119,Chikkamagaluru,13.3161,75.772,22.37,78.55,0.49,5.3191
20240120,Chikkamagaluru,13.3161,75.772,22.17,79.17,0.72,5.1257
20240121,Chikkamagaluru,13.3161,75.772,22.61,76.58,0.53,5.5966
20240122,Chikkamagaluru,13.3161,75.772,22.58,75.62,0.52,5.8126
20240123,Chikkamagaluru,13.3161,75.772,21.27,73.42,0.66,5.976
20240124,Chikkamagaluru,13.3161,75.772,20.8,74.48,0.62,6.1658
20240125,Chikkamagaluru,13.3161,75.772,21.87,71.3,0.4,5.9093
20240126,Chikkamagaluru,13.3161,75.772,22.18,63.81,0.73,5.9237
20240127,Chikkamagaluru,13.3161,75.772,21.76,59.61,1.01,6.1942
20240128,Chikkamagaluru,13.3161,75.772,21.65,61.9,0.94,6.0228
20240129,Chikkamagaluru,13.3161,75.772,21.45,61.04,0.84,6.0127
20240130,Chikkamagaluru,13.3161,75.772,21.26,60.5,0.68,6.0034
20240131,Chikkamagaluru,13.3161,75.772,21.28,65.74,0.83,6.2093
20240201,Chikkamagaluru,13.3161,75.772,20.79,75.57,0.69,6.3833
20240202,Chikkamagaluru,13.3161,75.772,22.01,73.45,0.55,6.4404
20240203,Chikkamagaluru,13.3161,75.772,23.57,69.75,0.54,5.8627
20240204,Chikkamagaluru,13.3161,75.772,23.94,62.18,0.82,5.7677
20240205,Chikkamagaluru,13.3161,75.772,23.19,53.33,0.98,6.0929
20240206,Chikkamagaluru,13.3161,75.772,23.47,49.06,0.89,6.499
20240207,Chikkamagaluru,13.3161,75.772,23.37,50.43,0.85,6.4985
20240208,Chikkamagaluru,13.3161,75.772,23.84,48.89,0.81,6.2657
20240209,Chikkamagaluru,13.3161,75.772,23.82,49.99,0.79,6.2945
20240210,Chikkamagaluru,13.3161,75.772,23.63,55.17,0.75,6.1529
20240211,Chikkamagaluru,13.3161,75.772,23.67,52.28,0.91,6.4625
20240212,Chikkamagaluru,13.3161,75.772,23.65,47.24,0.9,6.755
20240213,Chikkamagaluru,13.3161,75.772,22.88,47.83,0.85,6.7668
20240214,Chikkamagaluru,13.3161,75.772,23.82,55.32,0.91,6.4346
20240215,Chikkamagaluru,13.3161,75.772,24.11,53.7,0.85,6.1579
20240216,Chikkamagaluru,13.3161,75.772,23.9,43.96,1.0,6.9043
20240217,Chikkamagaluru,13.3161,75.772,23.68,45.69,0.84,6.7894
20240218,Chikkamagaluru,13.3161,75.772,23.7,51.97,0.6,6.4596
20240219,Chikkamagaluru,13.3161,75.772,23.97,60.37,0.68,6.2664
20240220,Chikkamagaluru,13.3161,75.772,24.78,63.4,0.74,6.1558
20240221,Chikkamagaluru,13.3161,75.772,23.56,63.09,0.8,6.8746
20240222,Chikkamagaluru,13.3161,75.772,22.95,68.14,0.87,6.9948
20240223,Chikkamagaluru,13.3161,75.772,23.11,64.72,0.67,6.9679
20240224,Chikkamagaluru,13.3161,75.772,23.33,61.4,0.6,6.865
20240225,Chikkamagaluru,13.3161,75.772,24.38,66.85,0.52,6.1699
20240226,Chikkamagaluru,13.3161,75.772,25.64,55.22,0.74,6.6941
20240227,Chikkamagaluru,13.3161,75.772,25.33,53.14,0.86,6.9072
20240228,Chikkamagaluru,13.3161,75.772,25.98,45.24,1.1,6.8544
20240229,Chikkamagaluru,13.3161,75.772,24.85,43.1,1.05,7.0042
20240301,Chikkamagaluru,13.3161,75.772,24.82,44.97,1.0,6.3257
20240302,Chikkamagaluru,13.3161,75.772,25.07,55.02,1.01,6.6698
20240303,Chikkamagaluru,13.3161,75.772,25.35,65.47,0.63,6.3343
20240304,Chikkamagaluru,13.3161,75.772,25.58,63.85,0.75,6.7394
20240305,Chikkamagaluru,13.3161,75.772,26.51,56.84,0.8,6.7313
20240306,Chikkamagaluru,13.3161,75.772,25.51,58.42,0.95,6.5318
20240307,Chikkamagaluru,13.3161,75.772,25.85,56.05,0.47,6.8162
20240308,Chikkamagaluru,13.3161,75.772,25.5,49.6,0.71,7.0286
20240309,Chikkamagaluru,13.3161,75.772,25.57,57.36,0.63,6.8297
20240310,Chikkamagaluru,13.3161,75.772,26.0,63.77,0.8,6.3965
20240311,Chikkamagaluru,13.3161,75.772,26.93,60.33,0.48,5.8598
20240312,Chikkamagaluru,13.3161,75.772,27.07,57.05,0.59,5.6659
20240313,Chikkamagaluru,13.3161,75.772,26.08,66.22,0.96,5.8378
20240314,Chikkamagaluru,13.3161,75.772,25.59,67.51,0.77,6.3482
20240315,Chikkamagaluru,13.3161,75.772,26.16,59.25,0.54,6.948
20240316,Chikkamagaluru,13.3161,75.772,26.49,57.34,0.57,6.475
20240317,Chikkamagaluru,13.3161,75.772,26.66,55.88,0.9,6.5381
20240318,Chikkamagaluru,13.3161,75.772,26.49,55.98,0.65,6.6362
20240319,Chikkamagaluru,13.3161,75.772,27.09,50.35,0.55,6.9463
20240320,Chikkamagaluru,13.3161,75.772,27.39,48.15,0.43,6.9643
20240321,Chikkamagaluru,13.3161,75.772,26.96,52.19,0.74,5.9093
20240322,Chikkamagaluru,13.3161,75.772,27.2,57.23,0.46,5.2838
20240323,Chikkamagaluru,13.3161,75.772,27.45,55.35,0.62,5.8531
20240324,Chikkamagaluru,13.3161,75.772,28.09,52.39,0.55,6.5772
20240325,Chikkamagaluru,13.3161,75.772,27.96,44.5,0.65,7.0178
20240326,Chikkamagaluru,13.3161,75.772,28.3,44.0,0.64,6.3852
20240327,Chikkamagaluru,13.3161,75.772,28.38,46.69,0.88,6.7495
20240328,Chikkamagaluru,13.3161,75.772,28.18,40.02,0.73,7.0745
20240329,Chikkamagaluru,13.3161,75.772,28.38,52.38,0.83,6.5861
20240330,Chikkamagaluru,13.3161,75.772,28.85,50.45,0.81,7.0272
20240331,Chikkamagaluru,13.3161,75.772,28.51,46.25,0.61,7.1508
20240401,Chikkamagaluru,13.3161,75.772,28.01,52.02,0.54,6.8796
20240402,Chikkamagaluru,13.3161,75.772,28.7,49.36,0.52,6.8827
20240403,Chikkamagaluru,13.3161,75.772,28.68,53.52,0.61,6.6274
20240404,Chikkamagaluru,13.3161,75.772,28.91,53.7,0.65,7.1417
20240405,Chikkamagaluru,13.3161,75.772,29.24,51.66,0.58,6.5971
20240406,Chikkamagaluru,13.3161,75.772,29.72,48.91,0.81,6.8066
20240407,Chikkamagaluru,13.3161,75.772,29.11,55.82,0.84,6.2796
20240408,Chikkamagaluru,13.3161,75.772,29.04,52.8,0.58,6.9432
20240409,Chikkamagaluru,13.3161,75.772,29.09,51.96,0.75,7.0418
20240410,Chikkamagaluru,13.3161,75.772,29.39,47.59,0.73,6.9554
20240411,Chikkamagaluru,13.3161,75.772,29.3,52.22,0.54,6.6593
20240412,Chikkamagaluru,13.3161,75.772,29.15,51.77,0.7,5.8344
20240413,Chikkamagaluru,13.3161,75.772,27.26,63.25,0.61,5.6086
20240414,Chikkamagaluru,13.3161,75.772,27.99,64.43,0.51,6.5654
20240415,Chikkamagaluru,13.3161,75.772,29.02,51.35,0.83,7.3469
20240416,Chikkamagaluru,13.3161,75.772,28.99,54.09,0.69,7.0375
20240417,Chikkamagaluru,13.3161,75.772,28.63,60.1,0.6,5.5939
20240418,Chikkamagaluru,13.3161,75.772,28.38,62.65,0.83,5.8457
20240419,Chikkamagaluru,13.3161,75.772,27.44,69.62,0.76,5.0117
20240420,Chikkamagaluru,13.3161,75.772,25.68,79.54,0.57,3.0427
20240421,Chikkamagaluru,13.3161,75.772,27.03,67.37,0.56,6.7404
20240422,Chikkamagaluru,13.3161,75.772,27.31,69.29,0.55,6.5465
20240423,Chikkamagaluru,13.3161,75.772,28.16,64.02,0.57,6.8407
20240424,Chikkamagaluru,13.3161,75.772,27.89,63.27,0.72,7.2566
20240425,Chikkamagaluru,13.3161,75.772,28.85,57.81,0.72,7.0646
20240426,Chikkamagaluru,13.3161,75.772,29.09,56.15,0.84,7.2038
20240427,Chikkamagaluru,13.3161,75.772,29.48,52.17,0.66,7.4021
20240428,Chikkamagaluru,13.3161,75.772,30.11,49.87,0.8,7.2761
20240429,Chikkamagaluru,13.3161,75.772,30.13,52.9,0.7,7.0961
20240430,Chikkamagaluru,13.3161,75.772,29.62,56.72,0.67,6.8306
20240501,Chikkamagaluru,13.3161,75.772,28.58,66.15,1.13,6.4219
20240502,Chikkamagaluru,13.3161,75.772,29.09,57.01,0.65,6.6684
20240503,Chikkamagaluru,13.3161,75.772,28.73,56.41,1.37,6.9314
20240504,Chikkamagaluru,13.3161,75.772,28.29,60.22,1.31,7.524
20240505,Chikkamagaluru,13.3161,75.772,28.48,57.51,1.3,7.3128
20240506,Chikkamagaluru,13.3161,75.772,28.72,62.38,1.19,6.6977
20240507,Chikkamagaluru,13.3161,75.772,28.44,67.01,0.82,5.7938
20240508,Chikkamagaluru,13.3161,75.772,27.94,67.62,0.78,6.2981
20240509,Chikkamagaluru,13.3161,75.772,28.01,62.84,0.7,5.9904
20240510,Chikkamagaluru,13.3161,75.772,26.9,69.48,0.54,6.1361
20240511,Chikkamagaluru,13.3161,75.772,26.94,71.65,0.52,5.735
20240512,Chikkamagaluru,13.3161,75.772,27.44,71.26,0.48,5.1202
20240513,Chikkamagaluru,13.3161,75.772,26.01,79.09,0.67,5.1751
20240514,Chikkamagaluru,13.3161,75.772,25.62,76.12,0.6,5.1461
20240515,Chikkamagaluru,13.3161,75.772,26.59,72.94,0.5,6.0624
20240516,Chikkamagaluru,13.3161,75.772,26.35,76.22,0.47,4.9114
20240517,Chikkamagaluru,13.3161,75.772,26.04,77.64,0.49,4.9109
20240518,Chikkamagaluru,13.3161,75.772,24.89,85.18,0.5,5.3736
20240519,Chikkamagaluru,13.3161,75.772,24.45,87.85,0.7,4.5542
20240520,Chikkamagaluru,13.3161,75.772,23.67,91.07,0.67,4.1938
20240521,Chikkamagaluru,13.3161,75.772,24.79,80.83,0.53,5.7547
20240522,Chikkamagaluru,13.3161,75.772,25.91,82.42,0.73,5.4355
20240523,Chikkamagaluru,13.3161,75.772,25.91,84.01,0.56,5.1094
20240524,Chikkamagaluru,13.3161,75.772,24.37,89.67,0.95,4.0942
20240525,Chikkamagaluru,13.3161,75.772,23.08,87.01,1.58,2.1926
20240526,Chikkamagaluru,13.3161,75.772,23.46,87.37,1.45,2.567
20240527,Chikkamagaluru,13.3161,75.772,24.66,85.3,1.52,4.3286
20240528,Chikkamagaluru,13.3161,75.772,24.49,83.73,1.7,4.6313
20240529,Chikkamagaluru,13.3161,75.772,24.54,84.89,1.54,5.5975
20240530,Chikkamagaluru,13.3161,75.772,25.47,84.61,1.19,5.7816
20240531,Chikkamagaluru,13.3161,75.772,25.98,84.04,1.17,5.9954
20240601,Chikkamagaluru,13.3161,75.772,24.91,89.73,1.09,4.7489
20240602,Chikkamagaluru,13.3161,75.772,25.08,84.73,0.74,5.1641
20240603,Chikkamagaluru,13.3161,75.772,24.59,85.72,0.85,3.4783
20240604,Chikkamagaluru,13.3161,75.772,24.49,86.73,0.69,4.6733
20240605,Chikkamagaluru,13.3161,75.772,24.83,86.7,0.81,4.6169
20240606,Chikkamagaluru,13.3161,75.772,24.07,85.46,1.22,4.5485
20240607,Chikkamagaluru,13.3161,75.772,22.98,85.73,1.38,3.6562
20240608,Chikkamagaluru,13.3161,75.772,23.63,84.87,2.07,2.8867
20240609,Chikkamagaluru,13.3161,75.772,23.11,87.13,2.29,3.1034
20240610,Chikkamagaluru,13.3161,75.772,22.85,84.58,2.17,2.7684
20240611,Chikkamagaluru,13.3161,75.772,22.2,86.79,1.76,3.414
20240612,Chikkamagaluru,13.3161,75.772,21.72,83.49,1.77,3.5455
20240613,Chikkamagaluru,13.3161,75.772,22.3,80.7,1.7,4.0229
20240614,Chikkamagaluru,13.3161,75.772,23.14,80.0,1.36,5.2337
20240615,Chikkamagaluru,13.3161,75.772,23.53,86.04,1.49,5.6225
20240616,Chikkamagaluru,13.3161,75.772,23.64,80.66,1.46,5.1202
20240617,Chikkamagaluru,13.3161,75.772,23.32,81.61,1.36,5.1266
20240618,Chikkamagaluru,13.3161,75.772,23.13,81.58,1.36,4.6733
20240619,Chikkamagaluru,13.3161,75.772,23.32,82.4,1.54,4.5425
20240620,Chikkamagaluru,13.3161,75.772,23.79,83.36,1.81,4.5209
20240621,Chikkamagaluru,13.3161,75.772,22.87,83.72,1.91,3.8282
20240622,Chikkamagaluru,13.3161,75.772,22.3,84.19,1.69,4.4832
20240623,Chikkamagaluru,13.3161,75.772,22.51,85.99,1.88,4.2204
20240624,Chikkamagaluru,13.3161,75.772,22.55,84.68,2.24,3.5184
20240625,Chikkamagaluru,13.3161,75.772,22.28,83.81,2.57,3.1066
20240626,Chikkamagaluru,13.3161,75.772,21.79,85.32,2.69,2.61
20240627,Chikkamagaluru,13.3161,75.772,21.09,85.28,2.7,3.2974
20240628,Chikkamagaluru,13.3161,75.772,22.76,83.08,2.17,4.1227
20240629,Chikkamagaluru,13.3161,75.772,23.03,85.93,1.9,4.2221
20240630,Chikkamagaluru,13.3161,75.772,22.56,86.92,1.84,3.0014
20240701,Chikkamagaluru,13.3161,75.772,22.2,86.87,2.18,2.8224
20240702,Chikkamagaluru,13.3161,75.772,22.9,86.02,1.92,3.9041
20240703,Chikkamagaluru,13.3161,75.772,23.68,87.49,1.89,2.5999
20240704,Chikkamagaluru,13.3161,75.772,22.72,86.8,1.92,3.0314
20240705,Chikkamagaluru,13.3161,75.772,22.05,87.69,1.84,2.976
20240706,Chikkamagaluru,13.3161,75.772,23.32,88.63,2.32,1.6327
20240707,Chikkamagaluru,13.3161,75.772,22.18,87.08,2.07,2.7101
20240708,Chikkamagaluru,13.3161,75.772,21.94,87.96,1.78,2.466
20240709,Chikkamagaluru,13.3161,75.772,22.41,89.37,1.71,3.8846
20240710,Chikkamagaluru,13.3161,75.772,22.47,86.36,1.61,3.7934
20240711,Chikkamagaluru,13.3161,75.772,21.95,85.71,1.68,4.5178
20240712,Chikkamagaluru,13.3161,75.772,21.38,87.83,1.83,3.0571
20240713,Chikkamagaluru,13.3161,75.772,21.93,90.44,2.19,3.3562
20240714,Chikkamagaluru,13.3161,75.772,22.25,90.88,2.48,2.3827
20240715,Chikkamagaluru,13.3161,75.772,22.99,92.77,2.88,1.5396
20240716,Chikkamagaluru,13.3161,75.772,22.79,91.7,2.74,2.267
20240717,Chikkamagaluru,13.3161,75.772,22.92,92.4,2.61,1.7244
20240718,Chikkamagaluru,13.3161,75.772,22.54,92.35,2.77,1.7129
20240719,Chikkamagaluru,13.3161,75.772,22.44,93.09,2.67,1.591
20240720,Chikkamagaluru,13.3161,75.772,22.65,91.01,2.6,2.7934
20240721,Chikkamagaluru,13.3161,75.772,22.48,91.03,2.62,2.095
20240722,Chikkamagaluru,13.3161,75.772,22.09,89.74,2.58,3.4649
20240723,Chikkamagaluru,13.3161,75.772,21.96,90.08,2.68,1.9459
20240724,Chikkamagaluru,13.3161,75.772,21.91,89.67,2.78,3.2095
20240725,Chikkamagaluru,13.3161,75.772,22.55,90.03,3.06,1.955
20240726,Chikkamagaluru,13.3161,75.772,22.68,89.75,2.84,2.0962
20240727,Chikkamagaluru,13.3161,75.772,22.75,88.4,2.65,3.3907
20240728,Chikkamagaluru,13.3161,75.772,23.09,88.31,2.61,2.555
20240729,Chikkamagaluru,13.3161,75.772,23.57,89.07,2.52,3.095
20240730,Chikkamagaluru,13.3161,75.772,22.93,93.17,1.92,1.7198
20240731,Chikkamagaluru,13.3161,75.772,22.85,92.21,1.92,3.2345
20240801,Chikkamagaluru,13.3161,75.772,22.64,92.12,2.05,2.6892
20240802,Chikkamagaluru,13.3161,75.772,22.19,90.98,2.04,1.913
20240803,Chikkamagaluru,13.3161,75.772,21.18,92.18,1.84,2.556
20240804,Chikkamagaluru,13.3161,75.772,21.2,92.76,1.68,3.1968
20240805,Chikkamagaluru,13.3161,75.772,22.31,89.77,1.31,4.2842
20240806,Chikkamagaluru,13.3161,75.772,22.32,89.8,1.42,2.9962
20240807,Chikkamagaluru,13.3161,75.772,21.83,92.23,1.19,2.9489
20240808,Chikkamagaluru,13.3161,75.772,22.46,89.37,1.23,3.1169
20240809,Chikkamagaluru,13.3161,75.772,23.0,89.04,1.07,4.1335
20240810,Chikkamagaluru,13.3161,75.772,22.77,89.46,1.04,4.4441
20240811,Chikkamagaluru,13.3161,75.772,22.94,91.1,0.98,4.7134
20240812,Chikkamagaluru,13.3161,75.772,23.23,90.45,0.85,5.7686
20240813,Chikkamagaluru,13.3161,75.772,24.35,87.04,0.7,5.113
20240814,Chikkamagaluru,13.3161,75.772,24.81,86.56,0.47,5.665
20240815,Chikkamagaluru,13.3161,75.772,25.21,84.89,0.64,4.5074
20240816,Chikkamagaluru,13.3161,75.772,24.51,90.32,0.43,3.3374
20240817,Chikkamagaluru,13.3161,75.772,24.5,90.28,0.94,4.3342
20240818,Chikkamagaluru,13.3161,75.772,24.03,88.52,0.95,4.7851
20240819,Chikkamagaluru,13.3161,75.772,24.81,85.76,0.55,3.889
20240820,Chikkamagaluru,13.3161,75.772,24.35,87.4,0.69,4.9776
20240821,Chikkamagaluru,13.3161,75.772,22.95,90.88,1.04,4.9944
20240822,Chikkamagaluru,13.3161,75.772,22.64,92.21,1.52,4.1138
20240823,Chikkamagaluru,13.3161,75.772,22.57,92.01,1.41,4.1189
20240824,Chikkamagaluru,13.3161,75.772,22.13,92.0,1.76,3.0091
20240825,Chikkamagaluru,13.3161,75.772,22.24,94.65,1.88,3.0442
20240826,Chikkamagaluru,13.3161,75.772,22.54,92.65,2.11,4.0483
20240827,Chikkamagaluru,13.3161,75.772,22.51,91.02,1.78,3.8242
20240828,Chikkamagaluru,13.3161,75.772,22.38,90.23,1.82,3.6607
20240829,Chikkamagaluru,13.3161,75.772,22.74,91.42,1.73,3.8844
20240830,Chikkamagaluru,13.3161,75.772,22.54,94.34,1.31,3.629
20240831,Chikkamagaluru,13.3161,75.772,22.3,93.38,1.47,3.2906
20240901,Chikkamagaluru,13.3161,75.772,21.86,91.62,1.78,3.3293
20240902,Chikkamagaluru,13.3161,75.772,21.94,89.73,1.79,4.2826
20240903,Chikkamagaluru,13.3161,75.772,22.73,90.68,1.6,4.5101
20240904,Chikkamagaluru,13.3161,75.772,22.45,92.14,1.58,4.5586
20240905,Chikkamagaluru,13.3161,75.772,22.86,91.24,1.54,4.1954
20240906,Chikkamagaluru,13.3161,75.772,22.68,90.86,1.4,4.5454
20240907,Chikkamagaluru,13.3161,75.772,22.34,92.89,1.24,3.6166
20240908,Chikkamagaluru,13.3161,75.772,22.67,90.84,1.45,3.2489
20240909,Chikkamagaluru,13.3161,75.772,22.66,93.79,1.64,3.8491
20240910,Chikkamagaluru,13.3161,75.772,23.05,90.74,1.73,4.0394
20240911,Chikkamagaluru,13.3161,75.772,22.5,90.58,1.58,4.3718
20240912,Chikkamagaluru,13.3161,75.772,22.24,90.25,1.34,4.4974
20240913,Chikkamagaluru,13.3161,75.772,22.16,89.29,1.15,4.8689
20240914,Chikkamagaluru,13.3161,75.772,22.28,88.58,1.05,5.0422
20240915,Chikkamagaluru,13.3161,75.772,22.18,89.13,1.14,4.4974
20240916,Chikkamagaluru,13.3161,75.772,22.09,89.01,1.19,4.8845
20240917,Chikkamagaluru,13.3161,75.772,22.42,88.47,1.13,5.3916
20240918,Chikkamagaluru,13.3161,75.772,21.72,86.66,0.9,6.2381
20240919,Chikkamagaluru,13.3161,75.772,22.07,86.19,0.85,4.8113
20240920,Chikkamagaluru,13.3161,75.772,22.48,87.14,0.82,5.5486
20240921,Chikkamagaluru,13.3161,75.772,22.65,89.51,0.96,5.1156
20240922,Chikkamagaluru,13.3161,75.772,21.55,91.08,0.87,4.4604
20240923,Chikkamagaluru,13.3161,75.772,22.35,90.98,1.09,3.7783
20240924,Chikkamagaluru,13.3161,75.772,22.45,92.75,1.38,2.7223
20240925,Chikkamagaluru,13.3161,75.772,22.45,91.98,1.36,3.5498
20240926,Chikkamagaluru,13.3161,75.772,21.93,89.51,1.51,4.141
20240927,Chikkamagaluru,13.3161,75.772,21.99,91.63,0.96,3.7714
20240928,Chikkamagaluru,13.3161,75.772,23.15,87.29,0.6,5.2651
20240929,Chikkamagaluru,13.3161,75.772,23.87,88.66,0.64,4.8108
20240930,Chikkamagaluru,13.3161,75.772,24.45,86.63,0.42,5.215
20241001,Chikkamagaluru,13.3161,75.772,24.8,84.6,0.39,5.4194
20241002,Chikkamagaluru,13.3161,75.772,24.45,87.71,0.54,5.214
20241003,Chikkamagaluru,13.3161,75.772,23.6,89.87,0.63,4.7119
20241004,Chikkamagaluru,13.3161,75.772,23.3,90.16,0.65,5.0611
20241005,Chikkamagaluru,13.3161,75.772,22.8,90.08,0.74,4.1494
20241006,Chikkamagaluru,13.3161,75.772,22.33,92.85,0.46,4.1302
20241007,Chikkamagaluru,13.3161,75.772,22.85,85.35,0.8,5.0441
20241008,Chikkamagaluru,13.3161,75.772,22.82,90.7,0.73,4.4287
20241009,Chikkamagaluru,13.3161,75.772,23.19,91.46,0.68,4.7167
20241010,Chikkamagaluru,13.3161,75.772,23.28,89.62,0.68,4.1366
20241011,Chikkamagaluru,13.3161,75.772,23.19,92.21,0.6,4.5058
20241012,Chikkamagaluru,13.3161,75.772,23.4,90.85,0.56,3.7169
20241013,Chikkamagaluru,13.3161,75.772,23.69,88.04,0.62,4.4822
20241014,Chikkamagaluru,13.3161,75.772,22.83,90.44,0.69,3.5926
20241015,Chikkamagaluru,13.3161,75.772,22.39,92.17,0.78,2.5099
20241016,Chikkamagaluru,13.3161,75.772,22.22,93.07,0.54,2.8534
20241017,Chikkamagaluru,13.3161,75.772,22.37,90.93,0.44,3.8933
20241018,Chikkamagaluru,13.3161,75.772,21.56,92.7,0.74,4.3236
20241019,Chikkamagaluru,13.3161,75.772,22.23,91.74,0.43,3.3679
20241020,Chikkamagaluru,13.3161,75.772,22.96,90.27,0.55,3.6914
20241021,Chikkamagaluru,13.3161,75.772,23.24,88.05,0.52,4.2686
20241022,Chikkamagaluru,13.3161,75.772,23.33,85.75,0.41,4.3159
20241023,Chikkamagaluru,13.3161,75.772,23.26,85.67,0.42,4.8708
20241024,Chikkamagaluru,13.3161,75.772,23.31,85.38,0.37,4.7724
20241025,Chikkamagaluru,13.3161,75.772,22.85,87.93,0.42,4.8958
20241026,Chikkamagaluru,13.3161,75.772,22.41,87.07,0.6,5.1638
20241027,Chikkamagaluru,13.3161,75.772,22.46,88.74,0.53,5.0028
20241028,Chikkamagaluru,13.3161,75.772,22.29,88.12,0.66,4.3202
20241029,Chikkamagaluru,13.3161,75.772,22.39,88.25,0.56,5.148
20241030,Chikkamagaluru,13.3161,75.772,23.2,87.37,0.36,4.8089
20241031,Chikkamagaluru,13.3161,75.772,23.03,89.54,0.66,4.3421
20241101,Chikkamagaluru,13.3161,75.772,23.2,88.79,0.62,4.4294
20241102,Chikkamagaluru,13.3161,75.772,22.66,85.79,0.88,5.4859
20241103,Chikkamagaluru,13.3161,75.772,22.8,85.79,0.75,5.7698
20241104,Chikkamagaluru,13.3161,75.772,22.65,88.95,0.78,4.8204
20241105,Chikkamagaluru,13.3161,75.772,22.32,86.2,0.72,5.0976
20241106,Chikkamagaluru,13.3161,75.772,21.63,84.27,0.76,5.507
20241107,Chikkamagaluru,13.3161,75.772,21.98,84.66,0.78,5.2231
20241108,Chikkamagaluru,13.3161,75.772,22.4,86.68,0.82,5.3311
20241109,Chikkamagaluru,13.3161,75.772,21.83,85.73,0.89,5.3534
20241110,Chikkamagaluru,13.3161,75.772,21.59,84.78,0.73,5.6978
20241111,Chikkamagaluru,13.3161,75.772,20.67,83.07,0.82,4.8178
20241112,Chikkamagaluru,13.3161,75.772,20.47,83.38,0.87,4.201
20241113,Chikkamagaluru,13.3161,75.772,22.35,87.0,1.05,4.4532
20241114,Chikkamagaluru,13.3161,75.772,22.98,86.99,1.03,4.183
20241115,Chikkamagaluru,13.3161,75.772,22.89,89.46,0.87,4.1369
20241116,Chikkamagaluru,13.3161,75.772,22.81,87.26,1.03,4.3051
20241117,Chikkamagaluru,13.3161,75.772,22.81,87.24,0.97,3.7637
20241118,Chikkamagaluru,13.3161,75.772,22.56,86.49,0.95,4.3486
20241119,Chikkamagaluru,13.3161,75.772,22.03,86.37,0.84,4.8631
20241120,Chikkamagaluru,13.3161,75.772,21.53,85.47,0.72,4.7369
20241121,Chikkamagaluru,13.3161,75.772,21.08,83.21,0.69,4.6886
20241122,Chikkamagaluru,13.3161,75.772,20.49,82.4,0.71,5.1127
20241123,Chikkamagaluru,13.3161,75.772,20.72,83.73,0.64,5.1595
20241124,Chikkamagaluru,13.3161,75.772,20.32,82.16,0.71,5.4394
20241125,Chikkamagaluru,13.3161,75.772,19.93,83.06,0.95,4.6769
20241126,Chikkamagaluru,13.3161,75.772,20.82,86.27,0.77,4.4796
20241127,Chikkamagaluru,13.3161,75.772,21.35,84.88,1.1,3.989
20241128,Chikkamagaluru,13.3161,75.772,20.0,82.69,0.89,5.1398
20241129,Chikkamagaluru,13.3161,75.772,19.95,84.95,0.89,5.3009
20241130,Chikkamagaluru,13.3161,75.772,21.86,88.11,0.9,3.191
20241201,Chikkamagaluru,13.3161,75.772,21.7,91.79,0.71,3.0545
20241202,Chikkamagaluru,13.3161,75.772,21.88,93.53,0.65,1.8317
20241203,Chikkamagaluru,13.3161,75.772,21.74,97.32,0.85,2.0062
20241204,Chikkamagaluru,13.3161,75.772,22.31,86.57,0.87,3.2707
20241205,Chikkamagaluru,13.3161,75.772,22.54,89.72,0.73,4.0296
20241206,Chikkamagaluru,13.3161,75.772,23.33,83.65,0.48,4.9248
20241207,Chikkamagaluru,13.3161,75.772,22.83,86.82,0.38,4.193
20241208,Chikkamagaluru,13.3161,75.772,22.24,91.96,0.64,4.1129
20241209,Chikkamagaluru,13.3161,75.772,22.37,88.2,0.31,3.2119
20241210,Chikkamagaluru,13.3161,75.772,22.5,86.17,0.53,4.0668
20241211,Chikkamagaluru,13.3161,75.772,21.95,86.03,0.9,4.4554
20241212,Chikkamagaluru,13.3161,75.772,21.35,89.4,1.04,2.807
20241213,Chikkamagaluru,13.3161,75.772,21.2,87.31,1.09,2.9482
20241214,Chikkamagaluru,13.3161,75.772,21.43,84.34,1.07,4.6661
20241215,Chikkamagaluru,13.3161,75.772,19.02,80.71,0.96,5.3861
20241216,Chikkamagaluru,13.3161,75.772,17.65,78.79,0.89,5.4756
20241217,Chikkamagaluru,13.3161,75.772,19.2,73.74,0.57,5.7564
20241218,Chikkamagaluru,13.3161,75.772,19.8,85.16,0.65,5.5212
20241219,Chikkamagaluru,13.3161,75.772,22.12,88.16,0.59,4.543
20241220,Chikkamagaluru,13.3161,75.772,22.52,87.77,0.62,4.3606
20241221,Chikkamagaluru,13.3161,75.772,21.93,88.76,0.48,3.833
20241222,Chikkamagaluru,13.3161,75.772,21.54,87.74,0.42,4.2854
20241223,Chikkamagaluru,13.3161,75.772,21.35,87.27,0.48,3.9415
20241224,Chikkamagaluru,13.3161,75.772,21.39,88.57,0.62,4.5965
20241225,Chikkamagaluru,13.3161,75.772,21.39,83.94,0.5,4.1815
20241226,Chikkamagaluru,13.3161,75.772,21.62,87.07,0.8,3.4008
20241227,Chikkamagaluru,13.3161,75.772,22.18,85.11,1.16,4.2074
20241228,Chikkamagaluru,13.3161,75.772,21.28,78.31,0.99,5.7708
20241229,Chikkamagaluru,13.3161,75.772,20.23,79.59,0.88,5.797
20241230,Chikkamagaluru,13.3161,75.772,20.45,79.73,1.0,5.5824
20241231,Chikkamagaluru,13.3161,75.772,20.22,76.36,1.07,5.6544
20250101,Chikkamagaluru,13.3161,75.772,19.16,78.54,1.07,5.5949
20250102,Chikkamagaluru,13.3161,75.772,19.28,79.99,1.09,4.7165
20250103,Chikkamagaluru,13.3161,75.772,18.76,80.36,1.05,5.563
20250104,Chikkamagaluru,13.3161,75.772,18.1,73.7,0.91,5.9201
20250105,Chikkamagaluru,13.3161,75.772,18.34,74.35,0.82,5.7142
20250106,Chikkamagaluru,13.3161,75.772,18.68,73.8,0.64,5.8068
20250107,Chikkamagaluru,13.3161,75.772,18.28,72.96,0.78,5.791
20250108,Chikkamagaluru,13.3161,75.772,18.08,71.88,0.87,5.4962
20250109,Chikkamagaluru,13.3161,75.772,18.38,70.08,0.87,5.4487
20250110,Chikkamagaluru,13.3161,75.772,20.04,78.55,0.63,4.8581
20250111,Chikkamagaluru,13.3161,75.772,21.1,82.6,0.64,4.8278
20250112,Chikkamagaluru,13.3161,75.772,21.52,78.74,0.71,4.9387
20250113,Chikkamagaluru,13.3161,75.772,21.92,78.99,0.82,5.4238
20250114,Chikkamagaluru,13.3161,75.772,21.54,84.8,0.85,4.4138
20250115,Chikkamagaluru,13.3161,75.772,20.66,73.4,1.03,4.9596
20250116,Chikkamagaluru,13.3161,75.772,20.56,73.58,1.01,5.4766
20250117,Chikkamagaluru,13.3161,75.772,20.59,77.17,1.07,5.3239
20250118,Chikkamagaluru,13.3161,75.772,20.2,74.93,1.11,4.5043
20250119,Chikkamagaluru,13.3161,75.772,20.55,83.99,0.99,4.3711
20250120,Chikkamagaluru,13.3161,75.772,20.59,74.23,0.93,5.6652
20250121,Chikkamagaluru,13.3161,75.772,19.54,68.25,0.88,5.9746
20250122,Chikkamagaluru,13.3161,75.772,20.59,65.08,0.76,6.0816
20250123,Chikkamagaluru,13.3161,75.772,21.42,72.95,0.88,5.7326
20250124,Chikkamagaluru,13.3161,75.772,20.22,64.82,0.91,6.2249
20250125,Chikkamagaluru,13.3161,75.772,19.24,62.1,0.98,6.2143
20250126,Chikkamagaluru,13.3161,75.772,18.91,58.23,1.09,6.4978
20250127,Chikkamagaluru,13.3161,75.772,19.35,63.63,0.95,6.2722
20250128,Chikkamagaluru,13.3161,75.772,20.01,66.18,0.64,5.4403
20250129,Chikkamagaluru,13.3161,75.772,20.17,60.64,0.91,6.1826
20250130,Chikkamagaluru,13.3161,75.772,20.97,62.13,0.65,6.0554
20250131,Chikkamagaluru,13.3161,75.772,21.33,62.06,0.73,6.0934
20250201,Chikkamagaluru,13.3161,75.772,22.0,68.81,0.75,6.0269
20250202,Chikkamagaluru,13.3161,75.772,21.64,62.11,0.8,5.9729
20250203,Chikkamagaluru,13.3161,75.772,21.39,55.99,0.7,6.4193
20250204,Chikkamagaluru,13.3161,75.772,21.6,64.03,0.75,6.4164
20250205,Chikkamagaluru,13.3161,75.772,21.56,55.62,0.75,6.281
20250206,Chikkamagaluru,13.3161,75.772,21.5,54.96,0.77,6.4246
20250207,Chikkamagaluru,13.3161,75.772,21.39,57.02,0.82,6.4807
20250208,Chikkamagaluru,13.3161,75.772,21.39,56.99,0.96,6.2784
20250209,Chikkamagaluru,13.3161,75.772,22.08,60.42,0.98,5.9316
20250210,Chikkamagaluru,13.3161,75.772,21.73,60.16,0.96,6.175
20250211,Chikkamagaluru,13.3161,75.772,21.38,56.92,0.86,6.4445
20250212,Chikkamagaluru,13.3161,75.772,21.67,49.48,0.97,6.5911
20250213,Chikkamagaluru,13.3161,75.772,22.25,49.91,0.84,6.517
20250214,Chikkamagaluru,13.3161,75.772,21.97,52.23,0.7,6.2575
20250215,Chikkamagaluru,13.3161,75.772,22.03,50.63,0.96,6.4039
20250216,Chikkamagaluru,13.3161,75.772,22.15,50.42,0.95,6.6521
20250217,Chikkamagaluru,13.3161,75.772,22.46,56.34,0.83,6.5678
20250218,Chikkamagaluru,13.3161,75.772,22.89,56.54,0.71,6.4409
20250219,Chikkamagaluru,13.3161,75.772,22.96,58.25,0.59,6.3269
20250220,Chikkamagaluru,13.3161,75.772,24.0,62.06,0.54,5.9594
20250221,Chikkamagaluru,13.3161,75.772,24.32,59.62,0.75,6.0586
20250222,Chikkamagaluru,13.3161,75.772,24.32,55.9,0.99,6.1687
20250223,Chikkamagaluru,13.3161,75.772,23.32,48.86,1.08,5.8838
20250224,Chikkamagaluru,13.3161,75.772,22.82,44.76,1.19,6.9329
20250225,Chikkamagaluru,13.3161,75.772,22.47,44.3,1.18,6.8599
20250226,Chikkamagaluru,13.3161,75.772,23.64,50.9,1.23,6.8561
20250227,Chikkamagaluru,13.3161,75.772,23.51,48.37,1.08,6.6444
20250228,Chikkamagaluru,13.3161,75.772,23.48,46.21,1.06,6.2554
20250301,Chikkamagaluru,13.3161,75.772,24.02,48.43,0.93,6.5803
20250302,Chikkamagaluru,13.3161,75.772,24.71,50.84,1.07,6.7598
20250303,Chikkamagaluru,13.3161,75.772,25.29,53.59,1.12,6.1546
20250304,Chikkamagaluru,13.3161,75.772,24.97,44.9,1.19,5.6304
20250305,Chikkamagaluru,13.3161,75.772,24.88,48.17,0.81,6.1274
20250306,Chikkamagaluru,13.3161,75.772,24.92,49.34,0.97,6.8172
20250307,Chikkamagaluru,13.3161,75.772,23.74,34.85,0.82,7.3442
20250308,Chikkamagaluru,13.3161,75.772,24.31,53.05,0.79,7.0889
20250309,Chikkamagaluru,13.3161,75.772,24.72,41.43,0.9,6.9492
20250310,Chikkamagaluru,13.3161,75.772,24.74,43.9,1.27,7.0874
20250311,Chikkamagaluru,13.3161,75.772,25.24,44.23,1.35,6.9905
20250312,Chikkamagaluru,13.3161,75.772,26.08,65.56,0.85,6.8126
20250313,Chikkamagaluru,13.3161,75.772,26.27,66.47,0.53,5.8798
20250314,Chikkamagaluru,13.3161,75.772,26.19,60.5,0.61,6.5666
20250315,Chikkamagaluru,13.3161,75.772,25.76,57.53,0.64,6.7759
20250316,Chikkamagaluru,13.3161,75.772,25.17,56.2,0.68,6.9818
20250317,Chikkamagaluru,13.3161,75.772,24.36,74.33,0.51,6.0444
20250318,Chikkamagaluru,13.3161,75.772,26.0,67.8,0.48,6.4274
20250319,Chikkamagaluru,13.3161,75.772,26.45,68.03,0.48,5.8464
20250320,Chikkamagaluru,13.3161,75.772,26.68,67.46,0.71,6.0391
20250321,Chikkamagaluru,13.3161,75.772,26.67,65.64,0.56,6.305
20250322,Chikkamagaluru,13.3161,75.772,27.09,52.52,0.65,6.8748
20250323,Chikkamagaluru,13.3161,75.772,25.82,59.83,0.51,6.5388
20250324,Chikkamagaluru,13.3161,75.772,26.4,61.2,0.54,6.5813
20250325,Chikkamagaluru,13.3161,75.772,27.16,58.37,0.49,5.2435
20250326,Chikkamagaluru,13.3161,75.772,26.29,65.42,0.57,5.4343
20250327,Chikkamagaluru,13.3161,75.772,26.18,63.21,0.75,6.0929
20250328,Chikkamagaluru,13.3161,75.772,26.77,61.58,0.56,6.2818
20250329,Chikkamagaluru,13.3161,75.772,27.51,53.26,0.59,5.8831
20250330,Chikkamagaluru,13.3161,75.772,27.06,54.36,0.74,5.9299
20250331,Chikkamagaluru,13.3161,75.772,27.44,58.57,0.67,5.8358
20250401,Chikkamagaluru,13.3161,75.772,26.17,59.68,0.59,6.3439
20250402,Chikkamagaluru,13.3161,75.772,25.57,59.95,0.56,4.8384
20250403,Chikkamagaluru,13.3161,75.772,24.28,79.87,0.37,4.5917
20250404,Chikkamagaluru,13.3161,75.772,25.89,71.21,0.73,6.4742
20250405,Chikkamagaluru,13.3161,75.772,25.89,68.14,0.7,5.3225
20250406,Chikkamagaluru,13.3161,75.772,26.42,67.33,0.73,6.3768
20250407,Chikkamagaluru,13.3161,75.772,27.12,55.97,0.73,6.9965
20250408,Chikkamagaluru,13.3161,75.772,26.99,57.31,0.85,6.3799
20250409,Chikkamagaluru,13.3161,75.772,26.89,58.16,0.71,6.2489
20250410,Chikkamagaluru,13.3161,75.772,25.62,68.81,1.06,6.6905
20250411,Chikkamagaluru,13.3161,75.772,25.66,70.54,1.0,5.8363
20250412,Chikkamagaluru,13.3161,75.772,25.66,70.64,0.81,6.2146
20250413,Chikkamagaluru,13.3161,75.772,26.3,64.58,0.77,7.0267
20250414,Chikkamagaluru,13.3161,75.772,27.02,61.06,0.64,6.0912
20250415,Chikkamagaluru,13.3161,75.772,27.03,63.18,0.51,6.8741
20250416,Chikkamagaluru,13.3161,75.772,26.1,70.27,0.76,6.7296
20250417,Chikkamagaluru,13.3161,75.772,26.91,65.36,0.58,5.658
20250418,Chikkamagaluru,13.3161,75.772,26.83,67.78,0.8,6.3065
20250419,Chikkamagaluru,13.3161,75.772,26.6,70.08,0.86,6.3535
20250420,Chikkamagaluru,13.3161,75.772,26.59,71.47,0.65,5.3453
20250421,Chikkamagaluru,13.3161,75.772,27.72,66.91,0.66,6.6298
20250422,Chikkamagaluru,13.3161,75.772,28.66,55.69,0.6,6.7577
20250423,Chikkamagaluru,13.3161,75.772,27.64,63.62,0.61,6.4812
20250424,Chikkamagaluru,13.3161,75.772,27.55,66.25,0.73,6.3833
20250425,Chikkamagaluru,13.3161,75.772,27.47,69.24,0.53,5.4353
20250426,Chikkamagaluru,13.3161,75.772,27.2,71.16,0.75,6.2664
20250427,Chikkamagaluru,13.3161,75.772,26.23,74.55,0.4,5.6076
20250428,Chikkamagaluru,13.3161,75.772,25.64,76.08,0.7,6.2822
20250429,Chikkamagaluru,13.3161,75.772,27.07,65.47,0.59,6.109
20250430,Chikkamagaluru,13.3161,75.772,26.4,72.88,0.61,5.963
20250501,Chikkamagaluru,13.3161,75.772,26.47,73.13,0.5,6.3288
20250502,Chikkamagaluru,13.3161,75.772,26.63,71.52,0.81,6.5976
20250503,Chikkamagaluru,13.3161,75.772,25.13,79.66,0.66,6.0924
20250504,Chikkamagaluru,13.3161,75.772,24.72,72.33,0.79,7.1959
20250505,Chikkamagaluru,13.3161,75.772,25.38,72.31,0.62,6.9785
20250506,Chikkamagaluru,13.3161,75.772,25.7,71.65,0.81,7.4088
20250507,Chikkamagaluru,13.3161,75.772,25.83,68.3,0.89,7.2823
20250508,Chikkamagaluru,13.3161,75.772,25.14,69.03,1.05,6.9161
20250509,Chikkamagaluru,13.3161,75.772,25.04,68.88,0.62,7.4006
20250510,Chikkamagaluru,13.3161,75.772,24.28,74.09,0.52,6.7289
20250511,Chikkamagaluru,13.3161,75.772,25.64,73.27,0.84,6.4469
20250512,Chikkamagaluru,13.3161,75.772,25.99,72.32,0.49,6.0437
20250513,Chikkamagaluru,13.3161,75.772,24.73,83.4,0.57,5.6458
20250514,Chikkamagaluru,13.3161,75.772,24.64,80.92,0.68,6.0545
20250515,Chikkamagaluru,13.3161,75.772,23.36,88.91,0.71,5.5534
20250516,Chikkamagaluru,13.3161,75.772,23.29,93.71,0.67,5.1029
20250517,Chikkamagaluru,13.3161,75.772,24.57,83.99,0.6,4.3282
20250518,Chikkamagaluru,13.3161,75.772,24.03,88.15,0.77,4.5091
20250519,Chikkamagaluru,13.3161,75.772,23.95,89.49,1.01,3.637
20250520,Chikkamagaluru,13.3161,75.772,24.19,88.39,1.42,2.2078
20250521,Chikkamagaluru,13.3161,75.772,23.18,91.27,1.84,2.9422
20250522,Chikkamagaluru,13.3161,75.772,23.59,86.94,2.03,4.4561
20250523,Chikkamagaluru,13.3161,75.772,24.14,86.78,2.1,3.6202
20250524,Chikkamagaluru,13.3161,75.772,23.75,89.7,2.63,3.2894
20250525,Chikkamagaluru,13.3161,75.772,24.05,87.43,2.49,1.2799
20250526,Chikkamagaluru,13.3161,75.772,22.83,90.87,2.27,2.6921
20250527,Chikkamagaluru,13.3161,75.772,22.69,86.33,2.27,2.7199
20250528,Chikkamagaluru,13.3161,75.772,22.8,87.32,2.07,2.8318
20250529,Chikkamagaluru,13.3161,75.772,22.02,89.03,2.02,3.2477
20250530,Chikkamagaluru,13.3161,75.772,23.1,89.72,1.98,3.4378
20250531,Chikkamagaluru,13.3161,75.772,22.85,87.22,1.67,5.5502
20250601,Chikkamagaluru,13.3161,75.772,22.33,85.98,1.37,4.9973
20250602,Chikkamagaluru,13.3161,75.772,23.43,86.68,1.46,4.764
20250603,Chikkamagaluru,13.3161,75.772,23.41,85.43,1.44,4.422
20250604,Chikkamagaluru,13.3161,75.772,22.49,84.74,1.23,5.0777
20250605,Chikkamagaluru,13.3161,75.772,22.96,80.39,1.01,5.8373
20250606,Chikkamagaluru,13.3161,75.772,23.67,81.96,0.87,6.3463
20250607,Chikkamagaluru,13.3161,75.772,23.72,82.8,1.11,5.9251
20250608,Chikkamagaluru,13.3161,75.772,24.02,84.24,1.11,5.6148
20250609,Chikkamagaluru,13.3161,75.772,23.81,84.14,1.35,4.4254
20250610,Chikkamagaluru,13.3161,75.772,23.45,88.26,1.31,5.2663
20250611,Chikkamagaluru,13.3161,75.772,23.49,90.22,1.49,3.3677
20250612,Chikkamagaluru,13.3161,75.772,22.82,93.28,1.2,2.2562
20250613,Chikkamagaluru,13.3161,75.772,23.27,92.3,1.46,2.6374
20250614,Chikkamagaluru,13.3161,75.772,22.69,89.74,2.42,2.7948
20250615,Chikkamagaluru,13.3161,75.772,22.22,91.56,2.88,1.8089
20250616,Chikkamagaluru,13.3161,75.772,22.2,87.26,2.99,2.3734
20250617,Chikkamagaluru,13.3161,75.772,23.42,89.95,2.06,2.5166
20250618,Chikkamagaluru,13.3161,75.772,23.32,90.75,1.97,4.3805
20250619,Chikkamagaluru,13.3161,75.772,23.47,88.46,1.89,4.8108
20250620,Chikkamagaluru,13.3161,75.772,23.45,88.72,1.74,4.4945
20250621,Chikkamagaluru,13.3161,75.772,23.33,88.21,1.89,4.8886
20250622,Chikkamagaluru,13.3161,75.772,23.26,89.2,1.96,3.385
20250623,Chikkamagaluru,13.3161,75.772,22.81,88.13,2.31,3.289
20250624,Chikkamagaluru,13.3161,75.772,21.81,86.61,2.25,2.5522
20250625,Chikkamagaluru,13.3161,75.772,22.7,88.93,2.27,2.9345
20250626,Chikkamagaluru,13.3161,75.772,23.0,87.94,2.4,2.2781
20250627,Chikkamagaluru,13.3161,75.772,22.71,90.89,2.11,3.9173
20250628,Chikkamagaluru,13.3161,75.772,23.15,88.32,1.91,4.6615
20250629,Chikkamagaluru,13.3161,75.772,22.54,89.85,1.89,4.2454
20250630,Chikkamagaluru,13.3161,75.772,23.0,87.89,1.99,4.3618
20250701,Chikkamagaluru,13.3161,75.772,22.9,88.58,1.81,3.3689
20250702,Chikkamagaluru,13.3161,75.772,22.93,88.92,2.0,2.3717
20250703,Chikkamagaluru,13.3161,75.772,22.23,86.99,2.14,2.3378
20250704,Chikkamagaluru,13.3161,75.772,21.76,89.56,2.16,2.4624
20250705,Chikkamagaluru,13.3161,75.772,22.23,90.27,2.33,2.6326
20250706,Chikkamagaluru,13.3161,75.772,22.78,89.57,2.48,3.2962
20250707,Chikkamagaluru,13.3161,75.772,22.65,89.21,2.42,3.2767
20250708,Chikkamagaluru,13.3161,75.772,22.74,89.04,2.11,3.9523
20250709,Chikkamagaluru,13.3161,75.772,22.96,88.57,2.03,3.1891
20250710,Chikkamagaluru,13.3161,75.772,23.08,88.41,1.75,4.0673
20250711,Chikkamagaluru,13.3161,75.772,23.26,89.56,1.56,3.047
20250712,Chikkamagaluru,13.3161,75.772,23.15,88.32,1.64,3.5388
20250713,Chikkamagaluru,13.3161,75.772,23.03,89.41,1.88,3.5825
20250714,Chikkamagaluru,13.3161,75.772,22.81,90.11,2.02,2.9623
20250715,Chikkamagaluru,13.3161,75.772,23.03,88.74,2.2,2.8502
20250716,Chikkamagaluru,13.3161,75.772,23.0,90.55,1.86,3.1651
20250717,Chikkamagaluru,13.3161,75.772,22.84,89.89,1.87,3.6878
20250718,Chikkamagaluru,13.3161,75.772,22.45,91.71,1.63,3.0163
20250719,Chikkamagaluru,13.3161,75.772,22.63,90.74,1.73,2.3873
20250720,Chikkamagaluru,13.3161,75.772,22.61,89.71,2.15,3.2599
20250721,Chikkamagaluru,13.3161,75.772,21.23,88.3,1.87,2.7631
20250722,Chikkamagaluru,13.3161,75.772,21.25,88.18,1.83,2.7482
20250723,Chikkamagaluru,13.3161,75.772,22.15,89.75,2.27,2.6218
20250724,Chikkamagaluru,13.3161,75.772,22.31,90.48,2.43,2.2073
20250725,Chikkamagaluru,13.3161,75.772,22.22,89.84,2.76,2.1715
20250726,Chikkamagaluru,13.3161,75.772,22.15,90.4,2.85,2.2817
20250727,Chikkamagaluru,13.3161,75.772,21.88,89.1,2.63,3.3449
20250728,Chikkamagaluru,13.3161,75.772,21.52,89.64,2.36,3.2237
20250729,Chikkamagaluru,13.3161,75.772,21.9,87.74,2.63,2.8279
20250730,Chikkamagaluru,13.3161,75.772,22.31,88.29,2.32,3.0958
20250731,Chikkamagaluru,13.3161,75.772,22.67,88.28,1.87,3.6437
20250801,Chikkamagaluru,13.3161,75.772,22.58,88.9,1.44,3.8998
20250802,Chikkamagaluru,13.3161,75.772,22.69,88.74,1.38,4.2113
20250803,Chikkamagaluru,13.3161,75.772,22.52,90.13,1.03,4.9042
20250804,Chikkamagaluru,13.3161,75.772,22.56,91.94,1.11,4.2322
20250805,Chikkamagaluru,13.3161,75.772,22.7,93.8,1.09,4.1206
20250806,Chikkamagaluru,13.3161,75.772,22.58,94.12,1.04,4.5108
20250807,Chikkamagaluru,13.3161,75.772,22.56,90.57,1.35,3.8837
20250808,Chikkamagaluru,13.3161,75.772,22.24,92.69,0.87,3.5767
20250809,Chikkamagaluru,13.3161,75.772,22.16,89.7,0.75,3.8724
20250810,Chikkamagaluru,13.3161,75.772,21.57,88.75,1.14,3.5796
20250811,Chikkamagaluru,13.3161,75.772,20.59,89.12,1.35,3.6842
20250812,Chikkamagaluru,13.3161,75.772,20.43,87.66,1.29,3.1222
20250813,Chikkamagaluru,13.3161,75.772,20.7,91.52,1.46,2.7662
20250814,Chikkamagaluru,13.3161,75.772,21.69,91.98,1.68,2.4072
20250815,Chikkamagaluru,13.3161,75.772,21.89,90.36,2.06,2.5918
20250816,Chikkamagaluru,13.3161,75.772,22.29,90.65,2.04,3.6936
20250817,Chikkamagaluru,13.3161,75.772,22.12,91.21,2.26,1.9649
20250818,Chikkamagaluru,13.3161,75.772,21.48,91.39,2.42,2.0299
20250819,Chikkamagaluru,13.3161,75.772,21.27,90.51,2.5,2.9597
20250820,Chikkamagaluru,13.3161,75.772,21.08,89.55,2.04,3.0012
20250821,Chikkamagaluru,13.3161,75.772,22.08,89.23,1.35,4.0387
20250822,Chikkamagaluru,13.3161,75.772,22.39,88.57,1.17,4.6601
20250823,Chikkamagaluru,13.3161,75.772,21.95,89.66,1.13,4.3519
20250824,Chikkamagaluru,13.3161,75.772,22.06,87.61,1.24,5.4444
20250825,Chikkamagaluru,13.3161,75.772,21.73,88.25,1.21,5.6071
20250826,Chikkamagaluru,13.3161,75.772,21.84,88.94,1.57,2.9611
20250827,Chikkamagaluru,13.3161,75.772,22.05,90.25,1.62,2.3611
20250828,Chikkamagaluru,13.3161,75.772,21.66,89.94,1.74,2.4396
20250829,Chikkamagaluru,13.3161,75.772,21.95,91.93,1.78,2.8447
20250830,Chikkamagaluru,13.3161,75.772,22.15,91.98,1.58,3.481
20250831,Chikkamagaluru,13.3161,75.772,22.57,90.29,1.61,3.007
20250901,Chikkamagaluru,13.3161,75.772,22.18,89.75,1.69,3.4872
20250902,Chikkamagaluru,13.3161,75.772,21.99,90.59,1.71,3.2201
20250903,Chikkamagaluru,13.3161,75.772,22.31,90.37,1.69,3.1118
20250904,Chikkamagaluru,13.3161,75.772,22.54,89.11,1.58,3.4238
20250905,Chikkamagaluru,13.3161,75.772,22.31,89.63,1.17,3.9559
20250906,Chikkamagaluru,13.3161,75.772,22.32,88.84,1.06,4.0183
20250907,Chikkamagaluru,13.3161,75.772,21.95,88.63,1.17,3.619
20250908,Chikkamagaluru,13.3161,75.772,21.86,87.78,0.94,5.1638
20250909,Chikkamagaluru,13.3161,75.772,23.03,85.23,0.63,5.2747
20250910,Chikkamagaluru,13.3161,75.772,23.68,84.21,0.83,5.3482
20250911,Chikkamagaluru,13.3161,75.772,22.23,88.37,0.79,4.8079
20250912,Chikkamagaluru,13.3161,75.772,22.25,87.57,0.79,5.4149
20250913,Chikkamagaluru,13.3161,75.772,22.04,89.53,1.0,5.1907
20250914,Chikkamagaluru,13.3161,75.772,22.12,87.95,0.88,4.722
20250915,Chikkamagaluru,13.3161,75.772,21.91,92.34,0.95,4.0582
20250916,Chikkamagaluru,13.3161,75.772,22.45,90.73,0.77,3.4538
20250917,Chikkamagaluru,13.3161,75.772,22.75,90.3,1.0,4.1484
20250918,Chikkamagaluru,13.3161,75.772,22.26,92.19,1.14,4.392
20250919,Chikkamagaluru,13.3161,75.772,21.95,90.07,1.21,4.2425
20250920,Chikkamagaluru,13.3161,75.772,21.91,90.36,0.92,4.7438
20250921,Chikkamagaluru,13.3161,75.772,22.48,89.24,0.98,4.5862
20250922,Chikkamagaluru,13.3161,75.772,21.71,89.59,1.07,4.459
20250923,Chikkamagaluru,13.3161,75.772,21.66,89.85,1.02,3.5878
20250924,Chikkamagaluru,13.3161,75.772,21.74,88.31,1.15,3.7351
20250925,Chikkamagaluru,13.3161,75.772,21.66,88.59,1.13,4.3073
20250926,Chikkamagaluru,13.3161,75.772,22.05,88.64,1.27,4.2262
20250927,Chikkamagaluru,13.3161,75.772,19.8,93.18,1.31,3.1346
20250928,Chikkamagaluru,13.3161,75.772,21.36,90.28,1.57,3.4838
20250929,Chikkamagaluru,13.3161,75.772,21.69,89.46,1.47,4.3178
20250930,Chikkamagaluru,13.3161,75.772,21.62,89.89,1.19,4.8886
20251001,Chikkamagaluru,13.3161,75.772,21.8,90.27,1.14,3.696
20251002,Chikkamagaluru,13.3161,75.772,22.26,90.52,1.05,3.7555
20251003,Chikkamagaluru,13.3161,75.772,22.67,88.04,0.88,5.1902
20251004,Chikkamagaluru,13.3161,75.772,22.61,87.51,0.7,4.8142
20251005,Chikkamagaluru,13.3161,75.772,22.79,86.04,0.7,5.8531
20251006,Chikkamagaluru,13.3161,75.772,22.2,84.88,0.72,5.7348
20251007,Chikkamagaluru,13.3161,75.772,22.36,84.66,0.58,6.1282
20251008,Chikkamagaluru,13.3161,75.772,23.38,86.23,0.49,5.3366
20251009,Chikkamagaluru,13.3161,75.772,23.07,89.93,0.63,5.1391
20251010,Chikkamagaluru,13.3161,75.772,22.71,91.11,0.88,3.4709
20251011,Chikkamagaluru,13.3161,75.772,22.68,86.05,0.92,3.6653
20251012,Chikkamagaluru,13.3161,75.772,22.21,83.91,0.89,6.2172
20251013,Chikkamagaluru,13.3161,75.772,21.52,86.63,0.8,5.5898
20251014,Chikkamagaluru,13.3161,75.772,23.43,86.75,0.88,4.7117
20251015,Chikkamagaluru,13.3161,75.772,23.54,85.66,0.98,4.6771
20251016,Chikkamagaluru,13.3161,75.772,23.48,87.53,1.22,4.0195
20251017,Chikkamagaluru,13.3161,75.772,23.77,86.32,1.2,4.7796
20251018,Chikkamagaluru,13.3161,75.772,23.19,89.08,1.15,5.1389
20251019,Chikkamagaluru,13.3161,75.772,23.28,87.83,1.0,4.6226
20251020,Chikkamagaluru,13.3161,75.772,23.0,87.67,0.94,4.6526
20251021,Chikkamagaluru,13.3161,75.772,22.9,88.37,1.05,4.2686
20251022,Chikkamagaluru,13.3161,75.772,21.87,92.14,1.11,2.8421
20251023,Chikkamagaluru,13.3161,75.772,21.85,90.42,0.89,3.8918
20251024,Chikkamagaluru,13.3161,75.772,21.61,91.89,0.91,3.1354
20251025,Chikkamagaluru,13.3161,75.772,22.05,89.47,0.74,4.871
20251026,Chikkamagaluru,13.3161,75.772,22.6,90.23,0.74,3.6295
20251027,Chikkamagaluru,13.3161,75.772,22.07,93.83,0.81,2.8356
20251028,Chikkamagaluru,13.3161,75.772,20.97,92.86,0.96,3.9756
20251029,Chikkamagaluru,13.3161,75.772,21.15,89.73,1.3,4.2348
20251030,Chikkamagaluru,13.3161,75.772,21.37,89.38,1.24,4.9702
20251031,Chikkamagaluru,13.3161,75.772,21.18,89.33,1.05,4.6543
20251101,Chikkamagaluru,13.3161,75.772,20.68,87.49,0.77,6.2395
20251102,Chikkamagaluru,13.3161,75.772,21.82,88.7,0.57,4.8626
20251103,Chikkamagaluru,13.3161,75.772,21.84,89.91,0.6,4.9865
20251104,Chikkamagaluru,13.3161,75.772,21.83,88.04,0.63,4.085
20251105,Chikkamagaluru,13.3161,75.772,21.89,87.88,0.71,5.875
20251106,Chikkamagaluru,13.3161,75.772,20.1,84.02,0.59,6.0506
20251107,Chikkamagaluru,13.3161,75.772,20.88,87.52,0.63,5.453
20251108,Chikkamagaluru,13.3161,75.772,20.99,83.3,0.68,4.2446
20251109,Chikkamagaluru,13.3161,75.772,18.19,73.65,0.82,6.2549
20251110,Chikkamagaluru,13.3161,75.772,18.92,79.37,0.57,5.837
20251111,Chikkamagaluru,13.3161,75.772,20.78,83.51,0.49,5.4931
20251112,Chikkamagaluru,13.3161,75.772,21.62,81.59,0.79,4.8674
20251113,Chikkamagaluru,13.3161,75.772,21.67,83.47,0.82,4.5612
20251114,Chikkamagaluru,13.3161,75.772,20.09,79.18,0.94,4.6634
20251115,Chikkamagaluru,13.3161,75.772,19.26,78.82,0.76,5.7895
20251116,Chikkamagaluru,13.3161,75.772,20.17,82.28,0.88,5.387
20251117,Chikkamagaluru,13.3161,75.772,19.96,81.08,0.97,5.5884
20251118,Chikkamagaluru,13.3161,75.772,20.48,82.71,0.94,5.0897
20251119,Chikkamagaluru,13.3161,75.772,22.0,85.19,0.83,4.3939
20251120,Chikkamagaluru,13.3161,75.772,21.6,80.56,0.77,5.5354
20251121,Chikkamagaluru,13.3161,75.772,21.75,83.86,0.89,5.1418
20251122,Chikkamagaluru,13.3161,75.772,22.11,88.45,1.08,3.4721
20251123,Chikkamagaluru,13.3161,75.772,22.18,85.46,0.98,4.4801
20251124,Chikkamagaluru,13.3161,75.772,22.46,84.56,0.94,4.8732
20251125,Chikkamagaluru,13.3161,75.772,21.11,79.96,1.09,5.6666
20251126,Chikkamagaluru,13.3161,75.772,20.03,79.6,1.08,4.7304
20251127,Chikkamagaluru,13.3161,75.772,19.83,80.31,1.17,5.1751
20251128,Chikkamagaluru,13.3161,75.772,19.21,79.87,0.96,4.721
20251129,Chikkamagaluru,13.3161,75.772,19.29,79.81,0.86,4.9109
20251130,Chikkamagaluru,13.3161,75.772,20.91,84.02,0.84,4.3214
20251201,Chikkamagaluru,13.3161,75.772,21.4,81.92,0.7,4.7489
20251202,Chikkamagaluru,13.3161,75.772,21.55,82.57,0.57,5.1682
20251203,Chikkamagaluru,13.3161,75.772,22.04,84.69,1.0,4.1952
20251204,Chikkamagaluru,13.3161,75.772,20.85,92.59,0.95,3.7202
20251205,Chikkamagaluru,13.3161,75.772,21.78,83.8,1.28,3.8388
20251206,Chikkamagaluru,13.3161,75.772,20.54,81.68,1.1,4.2523
20251207,Chikkamagaluru,13.3161,75.772,20.84,79.63,0.91,5.257
20251208,Chikkamagaluru,13.3161,75.772,20.0,73.76,0.84,5.1643
20251209,Chikkamagaluru,13.3161,75.772,18.7,73.61,0.93,5.4929
20251210,Chikkamagaluru,13.3161,75.772,18.77,72.31,1.02,5.5834
20251211,Chikkamagaluru,13.3161,75.772,18.02,72.08,1.14,5.5862
20251212,Chikkamagaluru,13.3161,75.772,17.83,71.02,0.98,5.7552
20251213,Chikkamagaluru,13.3161,75.772,17.45,66.54,0.81,5.7665
20251214,Chikkamagaluru,13.3161,75.772,17.2,68.61,0.94,5.7883
20251215,Chikkamagaluru,13.3161,75.772,17.47,70.4,1.01,5.5536
20251216,Chikkamagaluru,13.3161,75.772,19.39,79.84,1.05,4.1314
20251217,Chikkamagaluru,13.3161,75.772,21.19,76.26,1.12,5.5882
20251218,Chikkamagaluru,13.3161,75.772,18.13,70.02,1.11,4.9783
20251219,Chikkamagaluru,13.3161,75.772,17.73,68.67,0.98,5.1742
20251220,Chikkamagaluru,13.3161,75.772,17.86,71.08,0.7,5.2495
20251221,Chikkamagaluru,13.3161,75.772,18.03,70.65,0.81,4.6138
20251222,Chikkamagaluru,13.3161,75.772,18.15,74.33,0.92,5.0707
20251223,Chikkamagaluru,13.3161,75.772,18.61,75.05,0.87,5.4619
20251224,Chikkamagaluru,13.3161,75.772,18.44,76.05,0.74,5.305
20251225,Chikkamagaluru,13.3161,75.772,18.42,77.2,0.65,5.3258
20251226,Chikkamagaluru,13.3161,75.772,18.91,73.39,0.74,5.4701
20251227,Chikkamagaluru,13.3161,75.772,18.74,72.16,0.88,5.4077
20251228,Chikkamagaluru,13.3161,75.772,18.64,73.39,0.77,5.3597
20251229,Chikkamagaluru,13.3161,75.772,19.64,76.62,0.66,5.2282
20251230,Chikkamagaluru,13.3161,75.772,20.33,81.5,0.55,4.8504
20251231,Chikkamagaluru,13.3161,75.772,20.66,83.47,0.58,4.1923
