Date,District,Latitude,Longitude,Temperature,Humidity,WindSpeed,GHI
20200101,Chitradurga,14.2306,76.398,23.11,73.39,2.1,4.6822
20200102,Chitradurga,14.2306,76.398,23.95,74.63,1.13,4.7419
20200103,Chitradurga,14.2306,76.398,24.28,73.47,1.1,4.6958
20200104,Chitradurga,14.2306,76.398,23.51,71.73,1.64,5.1986
20200105,Chitradurga,14.2306,76.398,23.09,70.57,1.92,4.5612
20200106,Chitradurga,14.2306,76.398,23.79,73.82,3.57,3.7351
20200107,Chitradurga,14.2306,76.398,23.88,68.94,2.71,3.9427
20200108,Chitradurga,14.2306,76.398,23.77,65.88,1.53,5.095
20200109,Chitradurga,14.2306,76.398,23.94,67.75,0.68,5.107
20200110,Chitradurga,14.2306,76.398,23.24,69.58,2.89,5.0388
20200111,Chitradurga,14.2306,76.398,22.41,69.66,2.89,5.269
20200112,Chitradurga,14.2306,76.398,21.86,67.43,2.84,4.9159
20200113,Chitradurga,14.2306,76.398,22.39,67.05,1.11,5.3923
20200114,Chitradurga,14.2306,76.398,22.45,62.0,1.42,5.7509
20200115,Chitradurga,14.2306,76.398,21.72,59.0,2.27,5.8337
20200116,Chitradurga,14.2306,76.398,21.53,59.93,1.65,5.7454
20200117,Chitradurga,14.2306,76.398,22.67,61.17,1.23,5.2687
20200118,Chitradurga,14.2306,76.398,23.56,62.33,2.11,5.4624
20200119,Chitradurga,14.2306,76.398,24.4,64.12,1.98,5.3858
20200120,Chitradurga,14.2306,76.398,24.44,56.75,2.79,5.3208
20200121,Chitradurga,14.2306,76.398,23.55,51.97,3.26,5.9604
20200122,Chitradurga,14.2306,76.398,22.99,56.39,3.25,5.9729
20200123,Chitradurga,14.2306,76.398,23.89,53.12,3.07,6.0391
20200124,Chitradurga,14.2306,76.398,23.18,48.77,2.82,6.1474
20200125,Chitradurga,14.2306,76.398,23.11,45.35,2.57,5.9278
20200126,Chitradurga,14.2306,76.398,23.92,43.26,2.31,5.9858
20200127,Chitradurga,14.2306,76.398,24.64,50.47,2.24,5.989
20200128,Chitradurga,14.2306,76.398,24.46,67.82,2.69,4.8869
20200129,Chitradurga,14.2306,76.398,24.34,63.66,1.7,5.6071
20200130,Chitradurga,14.2306,76.398,24.69,60.55,1.41,6.0931
20200131,Chitradurga,14.2306,76.398,24.7,59.79,1.66,6.1226
20200201,Chitradurga,14.2306,76.398,25.3,59.79,1.86,5.5159
20200202,Chitradurga,14.2306,76.398,25.39,52.95,1.96,5.0782
20200203,Chitradurga,14.2306,76.398,25.37,47.27,2.5,6.0727
20200204,Chitradurga,14.2306,76.398,24.81,48.18,2.16,6.2575
20200205,Chitradurga,14.2306,76.398,25.36,48.35,1.81,6.0847
20200206,Chitradurga,14.2306,76.398,25.67,54.46,1.81,5.8759
20200207,Chitradurga,14.2306,76.398,25.06,62.11,2.29,4.915
20200208,Chitradurga,14.2306,76.398,23.41,60.94,2.45,6.2431
20200209,Chitradurga,14.2306,76.398,24.38,57.89,1.91,5.4446
20200210,Chitradurga,14.2306,76.398,25.26,53.65,3.31,5.899
20200211,Chitradurga,14.2306,76.398,25.43,49.41,3.83,6.287
20200212,Chitradurga,14.2306,76.398,24.99,47.46,3.58,6.3322
20200213,Chitradurga,14.2306,76.398,24.6,45.67,2.7,6.341
20200214,Chitradurga,14.2306,76.398,25.3,38.18,1.83,6.349
20200215,Chitradurga,14.2306,76.398,25.75,24.8,1.61,6.6677
20200216,Chitradurga,14.2306,76.398,25.3,27.25,2.97,6.643
20200217,Chitradurga,14.2306,76.398,25.1,29.9,3.1,6.5926
20200218,Chitradurga,14.2306,76.398,25.01,33.71,3.1,6.4445
20200219,Chitradurga,14.2306,76.398,25.73,36.93,2.76,6.431
20200220,Chitradurga,14.2306,76.398,25.86,39.28,3.08,6.6521
20200221,Chitradurga,14.2306,76.398,25.17,33.43,3.21,6.9979
20200222,Chitradurga,14.2306,76.398,24.84,37.48,3.16,7.0034
20200223,Chitradurga,14.2306,76.398,25.58,40.25,3.18,6.3502
20200224,Chitradurga,14.2306,76.398,26.08,40.59,2.67,6.5172
20200225,Chitradurga,14.2306,76.398,27.21,38.43,1.87,5.9326
20200226,Chitradurga,14.2306,76.398,27.97,40.43,2.32,5.8879
20200227,Chitradurga,14.2306,76.398,27.49,44.89,2.61,5.4679
20200228,Chitradurga,14.2306,76.398,27.89,42.08,2.52,5.7768
20200229,Chitradurga,14.2306,76.398,27.94,42.85,2.54,5.7454
20200301,Chitradurga,14.2306,76.398,28.55,41.41,1.88,6.1766
20200302,Chitradurga,14.2306,76.398,29.05,42.78,1.09,5.5807
20200303,Chitradurga,14.2306,76.398,28.22,50.25,2.46,6.0295
20200304,Chitradurga,14.2306,76.398,26.66,53.92,2.73,5.8778
20200305,Chitradurga,14.2306,76.398,26.46,57.49,2.63,6.4769
20200306,Chitradurga,14.2306,76.398,26.14,57.16,3.0,6.2938
20200307,Chitradurga,14.2306,76.398,26.44,56.15,1.58,5.5975
20200308,Chitradurga,14.2306,76.398,28.49,50.26,1.08,5.7924
20200309,Chitradurga,14.2306,76.398,29.09,49.71,1.75,5.8733
20200310,Chitradurga,14.2306,76.398,28.92,51.08,2.12,6.4092
20200311,Chitradurga,14.2306,76.398,28.35,54.55,2.45,6.0221
20200312,Chitradurga,14.2306,76.398,28.57,52.29,1.56,6.637
20200313,Chitradurga,14.2306,76.398,28.83,44.05,1.61,6.8551
20200314,Chitradurga,14.2306,76.398,29.06,37.42,1.55,7.1357
20200315,Chitradurga,14.2306,76.398,29.76,33.69,2.42,7.152
20200316,Chitradurga,14.2306,76.398,30.05,35.31,2.98,7.152
20200317,Chitradurga,14.2306,76.398,29.89,33.08,2.96,7.1714
20200318,Chitradurga,14.2306,76.398,29.47,30.49,1.83,7.4371
20200319,Chitradurga,14.2306,76.398,29.84,40.67,1.6,6.6833
20200320,Chitradurga,14.2306,76.398,29.73,38.65,3.11,6.6864
20200321,Chitradurga,14.2306,76.398,27.99,35.67,1.71,7.3498
20200322,Chitradurga,14.2306,76.398,28.93,36.03,1.35,7.2041
20200323,Chitradurga,14.2306,76.398,29.55,42.17,1.55,6.8729
20200324,Chitradurga,14.2306,76.398,30.75,36.57,1.98,6.3413
20200325,Chitradurga,14.2306,76.398,30.33,35.18,2.24,6.7286
20200326,Chitradurga,14.2306,76.398,30.22,33.51,2.76,7.199
20200327,Chitradurga,14.2306,76.398,29.48,30.34,2.72,7.2854
20200328,Chitradurga,14.2306,76.398,29.25,25.37,3.42,7.5286
20200329,Chitradurga,14.2306,76.398,28.86,22.17,2.89,7.6404
20200330,Chitradurga,14.2306,76.398,29.03,29.17,2.93,7.5792
20200331,Chitradurga,14.2306,76.398,29.4,23.89,2.97,7.5622
20200401,Chitradurga,14.2306,76.398,30.0,26.68,2.72,7.6008
20200402,Chitradurga,14.2306,76.398,30.88,32.8,2.09,7.0786
20200403,Chitradurga,14.2306,76.398,31.78,35.61,1.57,6.9082
20200404,Chitradurga,14.2306,76.398,31.05,31.69,2.21,7.1882
20200405,Chitradurga,14.2306,76.398,30.53,38.11,1.74,6.6509
20200406,Chitradurga,14.2306,76.398,29.63,52.22,1.39,6.3372
20200407,Chitradurga,14.2306,76.398,27.37,58.14,2.22,4.7654
20200408,Chitradurga,14.2306,76.398,28.49,56.77,1.7,6.5318
20200409,Chitradurga,14.2306,76.398,29.14,50.94,2.19,7.1777
20200410,Chitradurga,14.2306,76.398,29.23,50.05,2.45,6.7308
20200411,Chitradurga,14.2306,76.398,29.05,42.7,2.51,7.428
20200412,Chitradurga,14.2306,76.398,29.55,38.62,2.78,7.4194
20200413,Chitradurga,14.2306,76.398,29.85,33.5,3.57,7.6003
20200414,Chitradurga,14.2306,76.398,29.61,28.51,4.04,7.6752
20200415,Chitradurga,14.2306,76.398,29.64,29.26,3.58,7.428
20200416,Chitradurga,14.2306,76.398,30.43,33.18,2.6,6.9907
20200417,Chitradurga,14.2306,76.398,31.4,35.44,1.89,7.1064
20200418,Chitradurga,14.2306,76.398,32.06,34.83,2.27,6.245
20200419,Chitradurga,14.2306,76.398,31.83,35.67,2.29,6.9432
20200420,Chitradurga,14.2306,76.398,31.59,32.45,3.16,7.4609
20200421,Chitradurga,14.2306,76.398,31.63,33.75,2.01,6.9408
20200422,Chitradurga,14.2306,76.398,31.81,38.46,1.19,6.9048
20200423,Chitradurga,14.2306,76.398,30.66,52.21,2.64,6.8203
20200424,Chitradurga,14.2306,76.398,29.09,58.95,2.5,6.4747
20200425,Chitradurga,14.2306,76.398,28.37,63.08,2.96,6.612
20200426,Chitradurga,14.2306,76.398,29.12,59.36,2.66,6.8585
20200427,Chitradurga,14.2306,76.398,30.43,49.29,3.35,7.2302
20200428,Chitradurga,14.2306,76.398,30.43,52.02,1.91,6.7769
20200429,Chitradurga,14.2306,76.398,27.48,64.82,2.76,3.6427
20200430,Chitradurga,14.2306,76.398,29.0,57.87,1.74,6.1951
20200501,Chitradurga,14.2306,76.398,28.75,61.56,1.56,6.2333
20200502,Chitradurga,14.2306,76.398,29.0,62.23,1.56,5.9683
20200503,Chitradurga,14.2306,76.398,29.31,61.5,1.31,6.161
20200504,Chitradurga,14.2306,76.398,29.89,56.9,1.42,6.635
20200505,Chitradurga,14.2306,76.398,29.37,59.64,0.81,6.4188
20200506,Chitradurga,14.2306,76.398,29.67,60.21,1.66,6.5429
20200507,Chitradurga,14.2306,76.398,27.41,74.44,1.5,6.1798
20200508,Chitradurga,14.2306,76.398,28.42,68.01,0.95,6.1829
20200509,Chitradurga,14.2306,76.398,28.78,65.72,1.3,6.6079
20200510,Chitradurga,14.2306,76.398,29.62,56.24,1.78,5.545
20200511,Chitradurga,14.2306,76.398,29.55,52.96,2.15,6.3977
20200512,Chitradurga,14.2306,76.398,29.19,56.87,1.72,6.4181
20200513,Chitradurga,14.2306,76.398,29.28,59.73,1.82,6.6708
20200514,Chitradurga,14.2306,76.398,30.27,58.39,1.76,7.0639
20200515,Chitradurga,14.2306,76.398,30.34,54.96,1.58,6.768
20200516,Chitradurga,14.2306,76.398,30.02,54.89,2.5,5.9405
20200517,Chitradurga,14.2306,76.398,27.81,67.6,3.49,5.1163
20200518,Chitradurga,14.2306,76.398,25.15,78.87,4.48,4.6543
20200519,Chitradurga,14.2306,76.398,27.45,68.92,5.16,5.3827
20200520,Chitradurga,14.2306,76.398,28.31,63.31,4.31,6.4174
20200521,Chitradurga,14.2306,76.398,28.52,61.26,4.18,6.739
20200522,Chitradurga,14.2306,76.398,29.56,56.2,3.4,7.4573
20200523,Chitradurga,14.2306,76.398,29.99,57.98,3.62,7.3205
20200524,Chitradurga,14.2306,76.398,30.86,54.72,2.95,7.1592
20200525,Chitradurga,14.2306,76.398,29.11,63.5,3.1,6.7582
20200526,Chitradurga,14.2306,76.398,28.53,67.59,2.82,6.8662
20200527,Chitradurga,14.2306,76.398,28.39,68.16,3.38,6.9854
20200528,Chitradurga,14.2306,76.398,27.88,65.46,3.8,7.0106
20200529,Chitradurga,14.2306,76.398,26.47,71.42,3.49,6.7834
20200530,Chitradurga,14.2306,76.398,26.53,77.2,1.88,5.9916
20200531,Chitradurga,14.2306,76.398,26.58,75.87,1.96,5.2937
20200601,Chitradurga,14.2306,76.398,25.12,82.48,2.07,4.6373
20200602,Chitradurga,14.2306,76.398,25.49,75.89,3.69,5.8008
20200603,Chitradurga,14.2306,76.398,25.28,79.21,3.84,4.9238
20200604,Chitradurga,14.2306,76.398,25.45,74.87,3.6,4.7453
20200605,Chitradurga,14.2306,76.398,25.86,70.52,4.11,6.0449
20200606,Chitradurga,14.2306,76.398,25.3,71.01,4.14,6.7498
20200607,Chitradurga,14.2306,76.398,26.0,69.47,4.24,6.3912
20200608,Chitradurga,14.2306,76.398,25.72,66.9,4.46,7.0646
20200609,Chitradurga,14.2306,76.398,25.97,63.28,4.46,5.965
20200610,Chitradurga,14.2306,76.398,25.78,72.91,4.78,5.4578
20200611,Chitradurga,14.2306,76.398,23.9,81.95,4.41,3.7212
20200612,Chitradurga,14.2306,76.398,23.97,76.29,5.11,4.17
20200613,Chitradurga,14.2306,76.398,24.93,69.87,5.74,5.495
20200614,Chitradurga,14.2306,76.398,25.03,70.77,6.67,5.2658
20200615,Chitradurga,14.2306,76.398,25.98,74.66,5.35,5.034
20200616,Chitradurga,14.2306,76.398,26.11,75.4,5.12,4.0198
20200617,Chitradurga,14.2306,76.398,25.03,78.08,4.72,3.9538
20200618,Chitradurga,14.2306,76.398,24.15,78.21,4.56,5.1593
20200619,Chitradurga,14.2306,76.398,25.29,72.45,4.64,5.3069
20200620,Chitradurga,14.2306,76.398,25.54,68.55,4.69,5.9652
20200621,Chitradurga,14.2306,76.398,25.32,72.81,4.47,5.6035
20200622,Chitradurga,14.2306,76.398,24.3,77.1,4.44,5.189
20200623,Chitradurga,14.2306,76.398,24.65,68.9,4.21,6.9751
20200624,Chitradurga,14.2306,76.398,25.37,70.9,3.27,6.8486
20200625,Chitradurga,14.2306,76.398,25.9,71.42,1.52,6.4939
20200626,Chitradurga,14.2306,76.398,24.88,79.75,2.11,5.7701
20200627,Chitradurga,14.2306,76.398,24.21,84.64,2.53,5.4658
20200628,Chitradurga,14.2306,76.398,24.99,81.76,3.56,5.5291
20200629,Chitradurga,14.2306,76.398,24.28,85.66,3.36,4.5902
20200630,Chitradurga,14.2306,76.398,23.76,83.94,3.46,5.5642
20200701,Chitradurga,14.2306,76.398,24.32,76.3,4.22,5.3635
20200702,Chitradurga,14.2306,76.398,23.13,81.28,5.13,5.1266
20200703,Chitradurga,14.2306,76.398,24.56,78.36,6.15,4.967
20200704,Chitradurga,14.2306,76.398,24.62,77.31,5.9,4.3894
20200705,Chitradurga,14.2306,76.398,23.68,78.22,5.5,4.0723
20200706,Chitradurga,14.2306,76.398,24.66,76.6,5.11,4.9766
20200707,Chitradurga,14.2306,76.398,24.56,77.92,5.2,4.5634
20200708,Chitradurga,14.2306,76.398,24.03,80.97,4.09,5.1242
20200709,Chitradurga,14.2306,76.398,23.49,83.93,4.05,4.4014
20200710,Chitradurga,14.2306,76.398,23.6,80.88,3.9,4.7782
20200711,Chitradurga,14.2306,76.398,23.92,77.31,3.51,5.4266
20200712,Chitradurga,14.2306,76.398,23.89,78.56,3.55,5.3822
20200713,Chitradurga,14.2306,76.398,23.58,79.98,3.77,5.0623
20200714,Chitradurga,14.2306,76.398,23.16,85.84,4.09,3.881
20200715,Chitradurga,14.2306,76.398,23.01,82.63,5.03,3.1639
20200716,Chitradurga,14.2306,76.398,23.38,81.37,4.73,4.0277
20200717,Chitradurga,14.2306,76.398,23.19,82.77,3.69,4.4002
20200718,Chitradurga,14.2306,76.398,23.91,82.96,3.71,5.0522
20200719,Chitradurga,14.2306,76.398,23.9,81.67,2.56,5.2992
20200720,Chitradurga,14.2306,76.398,23.85,87.22,1.37,5.161
20200721,Chitradurga,14.2306,76.398,25.47,78.78,1.2,5.9378
20200722,Chitradurga,14.2306,76.398,25.58,81.25,0.8,5.8807
20200723,Chitradurga,14.2306,76.398,24.53,84.96,0.74,4.1376
20200724,Chitradurga,14.2306,76.398,24.41,80.14,1.45,4.8845
20200725,Chitradurga,14.2306,76.398,23.51,84.87,2.47,4.1138
20200726,Chitradurga,14.2306,76.398,23.27,82.21,2.77,4.9738
20200727,Chitradurga,14.2306,76.398,23.74,82.01,3.44,5.315
20200728,Chitradurga,14.2306,76.398,23.7,84.44,3.81,5.2056
20200729,Chitradurga,14.2306,76.398,23.7,86.57,3.1,4.8698
20200730,Chitradurga,14.2306,76.398,24.01,84.64,3.05,4.9776
20200731,Chitradurga,14.2306,76.398,24.05,84.98,2.96,5.3407
20200801,Chitradurga,14.2306,76.398,23.45,84.59,3.21,5.7792
20200802,Chitradurga,14.2306,76.398,23.54,81.76,4.58,4.7688
20200803,Chitradurga,14.2306,76.398,23.48,83.46,5.7,4.3546
20200804,Chitradurga,14.2306,76.398,22.89,84.83,7.09,3.2942
20200805,Chitradurga,14.2306,76.398,23.72,81.64,8.06,2.357
20200806,Chitradurga,14.2306,76.398,24.89,80.94,7.13,4.187
20200807,Chitradurga,14.2306,76.398,24.72,82.02,6.28,4.4983
20200808,Chitradurga,14.2306,76.398,23.06,85.29,5.36,4.3267
20200809,Chitradurga,14.2306,76.398,23.08,85.71,4.77,3.9653
20200810,Chitradurga,14.2306,76.398,23.08,88.42,3.87,3.9566
20200811,Chitradurga,14.2306,76.398,23.44,84.65,4.57,4.9589
20200812,Chitradurga,14.2306,76.398,23.28,85.64,4.36,4.325
20200813,Chitradurga,14.2306,76.398,23.01,86.35,4.31,3.4853
20200814,Chitradurga,14.2306,76.398,23.14,85.05,4.52,4.213
20200815,Chitradurga,14.2306,76.398,23.35,84.06,4.79,3.3886
20200816,Chitradurga,14.2306,76.398,23.54,85.39,4.45,2.0621
20200817,Chitradurga,14.2306,76.398,24.06,83.48,4.49,2.6539
20200818,Chitradurga,14.2306,76.398,23.75,84.49,4.1,4.807
20200819,Chitradurga,14.2306,76.398,24.0,83.51,4.27,4.1628
20200820,Chitradurga,14.2306,76.398,23.42,85.67,4.38,3.4301
20200821,Chitradurga,14.2306,76.398,24.01,83.62,4.33,4.4904
20200822,Chitradurga,14.2306,76.398,23.79,84.06,3.86,4.6687
20200823,Chitradurga,14.2306,76.398,23.8,84.17,3.2,5.1
20200824,Chitradurga,14.2306,76.398,24.3,82.97,3.04,4.6392
20200825,Chitradurga,14.2306,76.398,24.46,81.5,3.15,6.2297
20200826,Chitradurga,14.2306,76.398,24.12,81.75,2.87,5.5997
20200827,Chitradurga,14.2306,76.398,23.88,82.03,3.33,5.0784
20200828,Chitradurga,14.2306,76.398,23.83,81.73,3.42,5.5788
20200829,Chitradurga,14.2306,76.398,24.44,81.48,3.16,5.646
20200830,Chitradurga,14.2306,76.398,24.26,83.67,2.67,5.6131
20200831,Chitradurga,14.2306,76.398,23.8,84.62,2.31,5.8613
20200901,Chitradurga,14.2306,76.398,23.92,86.26,2.67,5.0546
20200902,Chitradurga,14.2306,76.398,23.4,88.46,2.27,3.7697
20200903,Chitradurga,14.2306,76.398,24.37,82.93,2.29,5.4686
20200904,Chitradurga,14.2306,76.398,25.25,81.94,1.99,5.1818
20200905,Chitradurga,14.2306,76.398,25.77,80.33,1.87,5.7912
20200906,Chitradurga,14.2306,76.398,25.57,82.55,1.49,6.3679
20200907,Chitradurga,14.2306,76.398,24.87,83.25,0.98,6.0962
20200908,Chitradurga,14.2306,76.398,24.42,84.55,1.15,5.208
20200909,Chitradurga,14.2306,76.398,24.78,84.51,0.92,6.1718
20200910,Chitradurga,14.2306,76.398,23.66,87.98,1.13,5.6539
20200911,Chitradurga,14.2306,76.398,23.22,88.19,2.91,4.8646
20200912,Chitradurga,14.2306,76.398,22.28,86.97,3.65,4.0651
20200913,Chitradurga,14.2306,76.398,21.54,86.78,3.74,2.7166
20200914,Chitradurga,14.2306,76.398,22.36,83.5,4.17,3.102
20200915,Chitradurga,14.2306,76.398,22.8,84.75,3.77,4.7158
20200916,Chitradurga,14.2306,76.398,23.21,85.51,3.75,4.9788
20200917,Chitradurga,14.2306,76.398,23.4,85.47,3.58,4.829
20200918,Chitradurga,14.2306,76.398,23.32,87.18,4.14,4.5962
20200919,Chitradurga,14.2306,76.398,22.55,88.06,4.0,3.739
20200920,Chitradurga,14.2306,76.398,22.2,86.73,5.05,3.5683
20200921,Chitradurga,14.2306,76.398,21.75,83.08,6.03,3.5813
20200922,Chitradurga,14.2306,76.398,21.43,83.69,5.23,3.8105
20200923,Chitradurga,14.2306,76.398,22.45,83.6,3.99,4.8432
20200924,Chitradurga,14.2306,76.398,22.35,85.49,3.09,4.1203
20200925,Chitradurga,14.2306,76.398,23.32,86.66,2.49,4.974
20200926,Chitradurga,14.2306,76.398,22.01,90.04,3.13,1.8655
20200927,Chitradurga,14.2306,76.398,22.78,84.38,2.62,4.4981
20200928,Chitradurga,14.2306,76.398,23.4,84.4,2.44,5.2279
20200929,Chitradurga,14.2306,76.398,23.53,87.11,3.2,4.7496
20200930,Chitradurga,14.2306,76.398,22.91,87.03,3.13,4.7345
20201001,Chitradurga,14.2306,76.398,21.76,87.4,2.7,5.173
20201002,Chitradurga,14.2306,76.398,23.45,84.82,2.09,5.3592
20201003,Chitradurga,14.2306,76.398,22.58,89.56,2.57,5.077
20201004,Chitradurga,14.2306,76.398,22.33,87.34,2.32,4.6932
20201005,Chitradurga,14.2306,76.398,21.7,85.07,2.78,5.2778
20201006,Chitradurga,14.2306,76.398,23.54,85.06,2.07,5.6868
20201007,Chitradurga,14.2306,76.398,24.0,84.85,2.28,5.0976
20201008,Chitradurga,14.2306,76.398,24.01,78.9,1.06,5.6119
20201009,Chitradurga,14.2306,76.398,23.71,86.77,1.25,4.9795
20201010,Chitradurga,14.2306,76.398,22.47,91.59,2.41,4.9855
20201011,Chitradurga,14.2306,76.398,22.31,88.81,2.75,3.059
20201012,Chitradurga,14.2306,76.398,22.51,91.21,3.1,4.1618
20201013,Chitradurga,14.2306,76.398,22.41,90.03,3.09,4.1208
20201014,Chitradurga,14.2306,76.398,22.94,90.39,4.23,3.4944
20201015,Chitradurga,14.2306,76.398,22.95,87.15,3.42,3.805
20201016,Chitradurga,14.2306,76.398,22.67,86.86,2.17,3.9326
20201017,Chitradurga,14.2306,76.398,22.98,84.29,1.38,5.7007
20201018,Chitradurga,14.2306,76.398,23.23,86.26,1.72,5.4482
20201019,Chitradurga,14.2306,76.398,23.31,86.33,1.5,4.8149
20201020,Chitradurga,14.2306,76.398,22.98,89.48,1.95,3.9209
20201021,Chitradurga,14.2306,76.398,22.34,92.28,1.22,3.7565
20201022,Chitradurga,14.2306,76.398,22.47,91.53,1.46,3.516
20201023,Chitradurga,14.2306,76.398,23.41,88.15,1.04,4.5814
20201024,Chitradurga,14.2306,76.398,22.71,92.1,1.12,5.3957
20201025,Chitradurga,14.2306,76.398,23.54,82.7,0.72,4.7909
20201026,Chitradurga,14.2306,76.398,23.21,84.76,1.4,5.6232
20201027,Chitradurga,14.2306,76.398,22.57,84.49,1.66,5.7528
20201028,Chitradurga,14.2306,76.398,21.95,83.35,1.78,5.6434
20201029,Chitradurga,14.2306,76.398,21.65,84.84,1.9,4.5984
20201030,Chitradurga,14.2306,76.398,22.18,81.93,1.58,4.1822
20201031,Chitradurga,14.2306,76.398,22.53,80.26,1.37,4.7136
20201101,Chitradurga,14.2306,76.398,22.6,82.67,1.26,5.4278
20201102,Chitradurga,14.2306,76.398,22.42,79.66,1.33,5.4758
20201103,Chitradurga,14.2306,76.398,23.02,85.06,1.7,4.9553
20201104,Chitradurga,14.2306,76.398,22.7,85.63,2.02,4.495
20201105,Chitradurga,14.2306,76.398,22.35,84.78,2.14,5.0916
20201106,Chitradurga,14.2306,76.398,23.11,86.61,2.2,4.7573
20201107,Chitradurga,14.2306,76.398,23.34,87.56,2.45,5.0292
20201108,Chitradurga,14.2306,76.398,23.18,86.48,2.79,4.793
20201109,Chitradurga,14.2306,76.398,21.74,84.33,1.86,5.5879
20201110,Chitradurga,14.2306,76.398,18.75,79.21,2.15,6.1248
20201111,Chitradurga,14.2306,76.398,19.14,83.81,2.14,6.1838
20201112,Chitradurga,14.2306,76.398,22.34,88.7,2.59,3.8974
20201113,Chitradurga,14.2306,76.398,23.07,87.45,3.05,3.0778
20201114,Chitradurga,14.2306,76.398,22.69,85.79,3.07,4.9522
20201115,Chitradurga,14.2306,76.398,22.84,87.74,3.54,4.308
20201116,Chitradurga,14.2306,76.398,23.09,88.34,3.1,2.8714
20201117,Chitradurga,14.2306,76.398,22.9,87.17,3.04,3.9523
20201118,Chitradurga,14.2306,76.398,22.92,85.5,2.37,4.9073
20201119,Chitradurga,14.2306,76.398,22.92,83.79,2.71,5.3182
20201120,Chitradurga,14.2306,76.398,22.23,80.33,2.36,5.7905
20201121,Chitradurga,14.2306,76.398,20.59,79.45,1.94,5.9386
20201122,Chitradurga,14.2306,76.398,20.26,75.1,2.03,5.5562
20201123,Chitradurga,14.2306,76.398,19.96,78.25,1.87,4.0927
20201124,Chitradurga,14.2306,76.398,21.96,83.65,1.93,4.5809
20201125,Chitradurga,14.2306,76.398,21.82,86.18,2.91,4.945
20201126,Chitradurga,14.2306,76.398,20.17,91.66,3.17,2.1413
20201127,Chitradurga,14.2306,76.398,19.53,90.29,2.76,3.2616
20201128,Chitradurga,14.2306,76.398,21.64,87.04,1.99,3.1802
20201129,Chitradurga,14.2306,76.398,21.95,85.31,2.74,3.2645
20201130,Chitradurga,14.2306,76.398,21.84,84.47,2.96,5.041
20201201,Chitradurga,14.2306,76.398,20.57,80.78,2.54,5.5927
20201202,Chitradurga,14.2306,76.398,19.76,81.06,2.29,5.2325
20201203,Chitradurga,14.2306,76.398,20.8,86.02,2.45,3.779
20201204,Chitradurga,14.2306,76.398,21.97,87.26,3.14,3.0691
20201205,Chitradurga,14.2306,76.398,21.89,85.87,2.9,4.3306
20201206,Chitradurga,14.2306,76.398,22.49,85.24,3.93,4.7246
20201207,Chitradurga,14.2306,76.398,21.97,87.94,3.91,2.471
20201208,Chitradurga,14.2306,76.398,22.71,86.28,3.22,3.1174
20201209,Chitradurga,14.2306,76.398,22.28,85.79,3.03,2.8992
20201210,Chitradurga,14.2306,76.398,20.71,76.21,2.11,5.4614
20201211,Chitradurga,14.2306,76.398,19.84,76.12,1.91,5.5342
20201212,Chitradurga,14.2306,76.398,19.14,74.41,1.94,5.5454
20201213,Chitradurga,14.2306,76.398,19.99,76.24,1.52,5.3976
20201214,Chitradurga,14.2306,76.398,20.34,77.9,1.8,5.3914
20201215,Chitradurga,14.2306,76.398,19.68,77.2,2.56,5.3966
20201216,Chitradurga,14.2306,76.398,21.06,82.19,2.91,4.8094
20201217,Chitradurga,14.2306,76.398,21.49,83.27,2.78,3.5338
20201218,Chitradurga,14.2306,76.398,20.76,80.04,2.75,5.2543
20201219,Chitradurga,14.2306,76.398,20.98,82.22,3.14,4.1069
20201220,Chitradurga,14.2306,76.398,20.2,80.61,3.35,3.9648
20201221,Chitradurga,14.2306,76.398,18.28,76.89,2.86,5.165
20201222,Chitradurga,14.2306,76.398,18.35,75.54,2.29,5.5152
20201223,Chitradurga,14.2306,76.398,20.29,79.33,2.07,5.1542
20201224,Chitradurga,14.2306,76.398,21.73,78.07,1.93,5.1708
20201225,Chitradurga,14.2306,76.398,21.49,79.31,2.64,5.3213
20201226,Chitradurga,14.2306,76.398,19.98,76.04,2.55,5.0942
20201227,Chitradurga,14.2306,76.398,19.31,75.19,2.3,5.323
20201228,Chitradurga,14.2306,76.398,19.36,71.65,1.82,5.2435
20201229,Chitradurga,14.2306,76.398,19.78,71.36,2.35,5.2392
20201230,Chitradurga,14.2306,76.398,21.97,78.45,2.88,5.1074
20201231,Chitradurga,14.2306,76.398,22.17,79.54,3.68,3.9113
20210101,Chitradurga,14.2306,76.398,19.4,77.63,3.18,4.6906
20210102,Chitradurga,14.2306,76.398,20.26,77.76,3.06,4.2965
20210103,Chitradurga,14.2306,76.398,22.18,75.26,2.98,4.1909
20210104,Chitradurga,14.2306,76.398,22.41,75.93,2.94,4.1623
20210105,Chitradurga,14.2306,76.398,22.66,78.41,2.35,4.2094
20210106,Chitradurga,14.2306,76.398,23.25,83.12,1.96,2.4468
20210107,Chitradurga,14.2306,76.398,22.76,85.87,2.42,2.6268
20210108,Chitradurga,14.2306,76.398,22.12,87.84,1.78,4.1832
20210109,Chitradurga,14.2306,76.398,23.06,83.68,2.9,3.0461
20210110,Chitradurga,14.2306,76.398,22.26,81.07,2.62,4.8029
20210111,Chitradurga,14.2306,76.398,21.75,77.18,2.82,4.0042
20210112,Chitradurga,14.2306,76.398,21.34,78.0,3.04,5.1343
20210113,Chitradurga,14.2306,76.398,20.94,75.15,2.98,5.1811
20210114,Chitradurga,14.2306,76.398,20.95,76.67,2.72,5.5097
20210115,Chitradurga,14.2306,76.398,22.31,73.97,2.25,5.0777
20210116,Chitradurga,14.2306,76.398,21.83,76.64,2.1,4.7707
20210117,Chitradurga,14.2306,76.398,22.26,74.25,2.56,5.0947
20210118,Chitradurga,14.2306,76.398,21.69,70.76,2.81,5.4878
20210119,Chitradurga,14.2306,76.398,21.19,73.06,2.39,5.4108
20210120,Chitradurga,14.2306,76.398,21.17,67.01,1.83,5.7482
20210121,Chitradurga,14.2306,76.398,22.49,54.94,0.94,5.9179
20210122,Chitradurga,14.2306,76.398,22.14,58.74,1.41,5.4221
20210123,Chitradurga,14.2306,76.398,22.16,70.03,1.97,5.639
20210124,Chitradurga,14.2306,76.398,21.57,66.79,1.81,5.8138
20210125,Chitradurga,14.2306,76.398,21.0,58.52,2.14,6.1087
20210126,Chitradurga,14.2306,76.398,20.71,57.73,2.11,6.1814
20210127,Chitradurga,14.2306,76.398,20.51,60.03,2.38,5.8942
20210128,Chitradurga,14.2306,76.398,20.46,64.37,2.74,5.7967
20210129,Chitradurga,14.2306,76.398,20.89,62.17,2.53,5.7214
20210130,Chitradurga,14.2306,76.398,21.56,64.51,2.0,5.9626
20210131,Chitradurga,14.2306,76.398,21.64,61.84,2.66,5.9683
20210201,Chitradurga,14.2306,76.398,20.81,58.74,3.14,6.1697
20210202,Chitradurga,14.2306,76.398,20.92,63.75,3.01,6.0334
20210203,Chitradurga,14.2306,76.398,21.37,66.6,2.62,5.8562
20210204,Chitradurga,14.2306,76.398,21.73,62.23,2.41,6.1824
20210205,Chitradurga,14.2306,76.398,21.79,60.84,1.5,6.2146
20210206,Chitradurga,14.2306,76.398,21.27,57.7,2.39,6.1514
20210207,Chitradurga,14.2306,76.398,20.71,54.62,3.24,6.4318
20210208,Chitradurga,14.2306,76.398,20.19,56.3,3.05,6.431
20210209,Chitradurga,14.2306,76.398,20.25,59.48,2.78,6.318
20210210,Chitradurga,14.2306,76.398,20.57,53.08,2.41,6.6082
20210211,Chitradurga,14.2306,76.398,20.73,55.08,2.47,6.4349
20210212,Chitradurga,14.2306,76.398,21.44,54.13,2.46,6.6922
20210213,Chitradurga,14.2306,76.398,21.41,51.85,2.49,6.702
20210214,Chitradurga,14.2306,76.398,21.79,47.77,1.93,6.805
20210215,Chitradurga,14.2306,76.398,22.46,49.76,1.65,6.7349
20210216,Chitradurga,14.2306,76.398,23.44,55.03,1.7,6.5014
20210217,Chitradurga,14.2306,76.398,24.83,57.97,0.78,6.2942
20210218,Chitradurga,14.2306,76.398,24.5,52.64,2.61,5.1634
20210219,Chitradurga,14.2306,76.398,21.39,59.66,3.66,2.2291
20210220,Chitradurga,14.2306,76.398,20.85,70.71,3.56,5.4346
20210221,Chitradurga,14.2306,76.398,21.26,75.0,3.09,4.1047
20210222,Chitradurga,14.2306,76.398,22.58,65.31,2.28,5.8272
20210223,Chitradurga,14.2306,76.398,23.41,62.24,2.61,6.5458
20210224,Chitradurga,14.2306,76.398,24.16,58.64,2.06,6.6871
20210225,Chitradurga,14.2306,76.398,25.03,52.99,1.46,6.8424
20210226,Chitradurga,14.2306,76.398,25.03,61.53,1.04,6.6725
20210227,Chitradurga,14.2306,76.398,25.56,60.45,1.01,6.0451
20210228,Chitradurga,14.2306,76.398,25.67,47.02,2.55,6.659
20210301,Chitradurga,14.2306,76.398,24.57,45.2,2.48,6.864
20210302,Chitradurga,14.2306,76.398,24.56,46.43,2.74,6.0998
20210303,Chitradurga,14.2306,76.398,24.8,43.78,3.36,6.9019
20210304,Chitradurga,14.2306,76.398,24.41,40.34,3.84,7.1035
20210305,Chitradurga,14.2306,76.398,24.2,34.65,2.64,7.4074
20210306,Chitradurga,14.2306,76.398,25.37,35.7,1.86,7.3097
20210307,Chitradurga,14.2306,76.398,25.4,35.58,2.3,7.2852
20210308,Chitradurga,14.2306,76.398,25.37,36.04,3.14,7.1234
20210309,Chitradurga,14.2306,76.398,25.28,38.08,3.62,7.4458
20210310,Chitradurga,14.2306,76.398,25.37,37.97,2.69,7.4659
20210311,Chitradurga,14.2306,76.398,26.36,51.48,1.77,6.8131
20210312,Chitradurga,14.2306,76.398,26.02,47.38,1.59,7.0992
20210313,Chitradurga,14.2306,76.398,25.57,30.26,2.61,7.6164
20210314,Chitradurga,14.2306,76.398,26.31,38.03,3.18,7.53
20210315,Chitradurga,14.2306,76.398,26.56,33.53,2.64,7.524
20210316,Chitradurga,14.2306,76.398,26.98,35.6,2.96,7.2504
20210317,Chitradurga,14.2306,76.398,27.07,32.51,2.98,6.1901
20210318,Chitradurga,14.2306,76.398,27.66,38.58,3.01,5.7866
20210319,Chitradurga,14.2306,76.398,27.51,35.24,2.25,6.6763
20210320,Chitradurga,14.2306,76.398,27.61,32.68,2.42,7.0541
20210321,Chitradurga,14.2306,76.398,27.55,29.68,2.49,6.8105
20210322,Chitradurga,14.2306,76.398,28.29,29.69,2.88,6.7637
20210323,Chitradurga,14.2306,76.398,29.21,30.64,2.52,7.345
20210324,Chitradurga,14.2306,76.398,29.47,31.45,2.63,7.3351
20210325,Chitradurga,14.2306,76.398,29.33,34.0,1.97,6.7927
20210326,Chitradurga,14.2306,76.398,29.38,29.67,2.81,6.7498
20210327,Chitradurga,14.2306,76.398,29.93,35.56,2.66,6.689
20210328,Chitradurga,14.2306,76.398,30.54,35.53,1.84,5.6057
20210329,Chitradurga,14.2306,76.398,30.28,33.76,1.94,6.1414
20210330,Chitradurga,14.2306,76.398,29.6,46.46,2.46,6.133
20210331,Chitradurga,14.2306,76.398,30.38,44.97,2.42,7.0157
20210401,Chitradurga,14.2306,76.398,28.5,47.31,3.41,7.4724
20210402,Chitradurga,14.2306,76.398,28.47,46.77,3.15,7.4537
20210403,Chitradurga,14.2306,76.398,28.42,48.44,3.24,7.3356
20210404,Chitradurga,14.2306,76.398,28.79,45.71,2.46,7.0435
20210405,Chitradurga,14.2306,76.398,29.13,43.95,2.78,6.5448
20210406,Chitradurga,14.2306,76.398,30.13,33.3,3.26,6.6494
20210407,Chitradurga,14.2306,76.398,30.82,28.95,2.86,6.8446
20210408,Chitradurga,14.2306,76.398,30.36,28.91,2.63,6.4858
20210409,Chitradurga,14.2306,76.398,30.22,31.71,2.62,6.6283
20210410,Chitradurga,14.2306,76.398,30.56,32.51,3.2,6.6679
20210411,Chitradurga,14.2306,76.398,29.55,35.13,3.07,7.0404
20210412,Chitradurga,14.2306,76.398,30.94,34.34,3.3,7.1162
20210413,Chitradurga,14.2306,76.398,30.27,42.48,2.55,5.6654
20210414,Chitradurga,14.2306,76.398,29.19,50.44,1.1,6.4668
20210415,Chitradurga,14.2306,76.398,27.59,62.7,1.5,6.8563
20210416,Chitradurga,14.2306,76.398,27.89,60.96,1.51,6.805
20210417,Chitradurga,14.2306,76.398,28.96,56.2,1.36,6.2275
20210418,Chitradurga,14.2306,76.398,29.09,57.07,1.45,5.6194
20210419,Chitradurga,14.2306,76.398,27.61,63.86,2.31,6.6031
20210420,Chitradurga,14.2306,76.398,25.9,63.8,2.3,6.1704
20210421,Chitradurga,14.2306,76.398,27.63,61.26,1.69,5.8766
20210422,Chitradurga,14.2306,76.398,28.07,61.41,1.87,6.1008
20210423,Chitradurga,14.2306,76.398,26.65,68.38,1.91,5.3213
20210424,Chitradurga,14.2306,76.398,27.73,64.59,1.45,6.3482
20210425,Chitradurga,14.2306,76.398,28.48,59.37,1.89,6.761
20210426,Chitradurga,14.2306,76.398,27.39,62.87,1.24,6.8825
20210427,Chitradurga,14.2306,76.398,28.0,57.88,1.2,6.6096
20210428,Chitradurga,14.2306,76.398,28.72,55.89,0.93,6.2285
20210429,Chitradurga,14.2306,76.398,29.02,57.01,1.33,6.3912
20210430,Chitradurga,14.2306,76.398,28.81,58.75,1.66,6.786
20210501,Chitradurga,14.2306,76.398,29.73,55.25,1.6,5.9813
20210502,Chitradurga,14.2306,76.398,28.57,58.75,1.17,5.933
20210503,Chitradurga,14.2306,76.398,29.14,56.12,1.33,6.7382
20210504,Chitradurga,14.2306,76.398,28.74,60.4,0.85,5.5193
20210505,Chitradurga,14.2306,76.398,29.79,56.6,1.25,6.8477
20210506,Chitradurga,14.2306,76.398,29.22,60.9,1.48,6.0595
20210507,Chitradurga,14.2306,76.398,29.96,56.51,1.25,4.7986
20210508,Chitradurga,14.2306,76.398,30.0,55.42,1.81,6.8515
20210509,Chitradurga,14.2306,76.398,28.65,61.92,2.11,5.8162
20210510,Chitradurga,14.2306,76.398,28.16,67.02,1.57,5.3381
20210511,Chitradurga,14.2306,76.398,26.57,76.95,1.95,5.7317
20210512,Chitradurga,14.2306,76.398,26.37,78.45,1.66,5.8138
20210513,Chitradurga,14.2306,76.398,26.91,76.26,1.52,5.3532
20210514,Chitradurga,14.2306,76.398,27.54,69.3,3.05,6.4865
20210515,Chitradurga,14.2306,76.398,25.19,77.44,5.04,5.4137
20210516,Chitradurga,14.2306,76.398,26.42,73.58,5.01,4.8725
20210517,Chitradurga,14.2306,76.398,25.56,78.76,3.44,5.6748
20210518,Chitradurga,14.2306,76.398,26.96,74.14,3.18,6.66
20210519,Chitradurga,14.2306,76.398,26.5,75.3,3.3,6.4234
20210520,Chitradurga,14.2306,76.398,26.04,72.41,3.02,6.1349
20210521,Chitradurga,14.2306,76.398,25.58,73.11,2.97,6.1831
20210522,Chitradurga,14.2306,76.398,25.34,75.08,3.31,5.8822
20210523,Chitradurga,14.2306,76.398,26.03,71.79,3.68,6.8098
20210524,Chitradurga,14.2306,76.398,25.64,72.27,3.64,5.7967
20210525,Chitradurga,14.2306,76.398,24.25,81.97,4.14,5.4086
20210526,Chitradurga,14.2306,76.398,25.7,74.2,4.84,6.6444
20210527,Chitradurga,14.2306,76.398,25.4,73.48,4.3,7.1796
20210528,Chitradurga,14.2306,76.398,26.02,71.22,4.29,7.2979
20210529,Chitradurga,14.2306,76.398,26.17,70.88,3.68,7.3642
20210530,Chitradurga,14.2306,76.398,26.33,70.41,3.75,6.9809
20210531,Chitradurga,14.2306,76.398,27.09,69.92,2.83,6.8638
20210601,Chitradurga,14.2306,76.398,26.86,74.55,2.36,6.7829
20210602,Chitradurga,14.2306,76.398,25.14,78.67,1.57,6.0305
20210603,Chitradurga,14.2306,76.398,25.36,80.96,1.21,5.0546
20210604,Chitradurga,14.2306,76.398,25.34,80.74,1.61,4.8235
20210605,Chitradurga,14.2306,76.398,24.96,74.9,2.36,5.8682
20210606,Chitradurga,14.2306,76.398,25.05,72.78,2.84,6.0931
20210607,Chitradurga,14.2306,76.398,25.42,71.55,3.87,7.3726
20210608,Chitradurga,14.2306,76.398,25.54,73.32,4.0,6.7356
20210609,Chitradurga,14.2306,76.398,25.55,75.81,4.52,5.8543
20210610,Chitradurga,14.2306,76.398,24.86,76.4,4.56,5.7494
20210611,Chitradurga,14.2306,76.398,25.4,73.4,4.96,6.1678
20210612,Chitradurga,14.2306,76.398,23.48,70.15,6.7,5.0086
20210613,Chitradurga,14.2306,76.398,22.9,77.55,6.29,4.9877
20210614,Chitradurga,14.2306,76.398,23.87,78.81,6.19,4.2842
20210615,Chitradurga,14.2306,76.398,23.67,75.91,5.59,4.1892
20210616,Chitradurga,14.2306,76.398,24.85,77.02,5.82,4.4887
20210617,Chitradurga,14.2306,76.398,25.51,75.06,6.31,4.2912
20210618,Chitradurga,14.2306,76.398,24.16,79.5,5.48,4.5749
20210619,Chitradurga,14.2306,76.398,23.96,82.05,4.61,4.4928
20210620,Chitradurga,14.2306,76.398,24.01,80.7,4.24,5.7823
20210621,Chitradurga,14.2306,76.398,24.71,79.0,4.02,5.9755
20210622,Chitradurga,14.2306,76.398,24.84,77.52,3.77,5.8438
20210623,Chitradurga,14.2306,76.398,25.15,76.07,3.83,5.9071
20210624,Chitradurga,14.2306,76.398,24.36,78.19,3.99,5.6611
20210625,Chitradurga,14.2306,76.398,25.1,73.91,4.46,5.1132
20210626,Chitradurga,14.2306,76.398,24.13,78.67,4.44,4.1304
20210627,Chitradurga,14.2306,76.398,22.31,77.11,4.0,3.229
20210628,Chitradurga,14.2306,76.398,24.4,71.43,2.23,5.6057
20210629,Chitradurga,14.2306,76.398,26.15,71.41,2.61,6.6322
20210630,Chitradurga,14.2306,76.398,26.63,71.02,3.39,6.4872
20210701,Chitradurga,14.2306,76.398,25.86,76.46,3.56,4.5233
20210702,Chitradurga,14.2306,76.398,24.62,79.71,2.95,4.9478
20210703,Chitradurga,14.2306,76.398,25.31,75.04,3.37,6.1423
20210704,Chitradurga,14.2306,76.398,24.21,80.38,2.89,5.7792
20210705,Chitradurga,14.2306,76.398,25.42,73.15,2.58,3.9101
20210706,Chitradurga,14.2306,76.398,24.84,80.34,2.14,5.2418
20210707,Chitradurga,14.2306,76.398,25.04,82.35,2.56,6.1409
20210708,Chitradurga,14.2306,76.398,23.99,84.39,3.1,5.2531
20210709,Chitradurga,14.2306,76.398,24.08,80.37,3.59,4.9471
20210710,Chitradurga,14.2306,76.398,22.09,80.08,4.66,4.6006
20210711,Chitradurga,14.2306,76.398,22.9,78.39,5.34,3.787
20210712,Chitradurga,14.2306,76.398,23.49,78.16,5.59,3.851
20210713,Chitradurga,14.2306,76.398,24.14,79.88,5.05,3.1577
20210714,Chitradurga,14.2306,76.398,24.05,81.0,5.89,3.9286
20210715,Chitradurga,14.2306,76.398,23.74,82.05,6.21,4.6714
20210716,Chitradurga,14.2306,76.398,24.46,79.51,5.09,4.6104
20210717,Chitradurga,14.2306,76.398,23.91,84.97,4.86,4.7426
20210718,Chitradurga,14.2306,76.398,23.36,88.88,5.45,2.9244
20210719,Chitradurga,14.2306,76.398,23.85,83.99,5.68,4.4611
20210720,Chitradurga,14.2306,76.398,23.8,81.6,6.28,4.5398
20210721,Chitradurga,14.2306,76.398,23.69,83.03,6.23,3.3643
20210722,Chitradurga,14.2306,76.398,22.67,85.37,7.19,1.7386
20210723,Chitradurga,14.2306,76.398,23.97,81.34,6.53,3.2815
20210724,Chitradurga,14.2306,76.398,24.6,80.64,5.23,5.2238
20210725,Chitradurga,14.2306,76.398,24.26,82.12,5.01,5.9225
20210726,Chitradurga,14.2306,76.398,23.99,81.77,5.12,5.4307
20210727,Chitradurga,14.2306,76.398,24.11,80.19,5.26,5.652
20210728,Chitradurga,14.2306,76.398,24.3,78.31,5.22,5.6004
20210729,Chitradurga,14.2306,76.398,24.31,78.49,5.6,5.0095
20210730,Chitradurga,14.2306,76.398,23.86,81.63,5.25,4.8115
20210731,Chitradurga,14.2306,76.398,23.73,81.46,4.95,4.145
20210801,Chitradurga,14.2306,76.398,23.61,80.79,5.27,4.705
20210802,Chitradurga,14.2306,76.398,23.82,78.56,5.1,4.8982
20210803,Chitradurga,14.2306,76.398,24.06,79.96,4.98,4.6802
20210804,Chitradurga,14.2306,76.398,23.78,80.93,5.47,4.7822
20210805,Chitradurga,14.2306,76.398,24.53,78.46,5.83,4.4741
20210806,Chitradurga,14.2306,76.398,24.6,79.36,5.25,4.5746
20210807,Chitradurga,14.2306,76.398,24.96,79.81,4.23,5.1794
20210808,Chitradurga,14.2306,76.398,25.0,79.27,2.99,5.6064
20210809,Chitradurga,14.2306,76.398,25.06,78.75,2.69,5.7012
20210810,Chitradurga,14.2306,76.398,23.99,82.07,3.35,4.667
20210811,Chitradurga,14.2306,76.398,24.85,78.76,3.66,5.8325
20210812,Chitradurga,14.2306,76.398,24.0,81.63,3.88,3.6269
20210813,Chitradurga,14.2306,76.398,24.23,80.4,4.21,4.2773
20210814,Chitradurga,14.2306,76.398,23.71,81.4,4.11,4.7959
20210815,Chitradurga,14.2306,76.398,23.53,81.42,4.29,4.8137
20210816,Chitradurga,14.2306,76.398,23.5,80.32,3.56,3.8959
20210817,Chitradurga,14.2306,76.398,24.1,78.04,3.51,3.8748
20210818,Chitradurga,14.2306,76.398,23.02,75.55,3.82,5.1658
20210819,Chitradurga,14.2306,76.398,22.59,77.63,4.29,4.7431
20210820,Chitradurga,14.2306,76.398,23.3,76.27,3.6,5.0155
20210821,Chitradurga,14.2306,76.398,22.88,75.24,3.12,5.4871
20210822,Chitradurga,14.2306,76.398,24.46,72.56,1.32,6.1901
20210823,Chitradurga,14.2306,76.398,24.54,77.84,2.2,6.4505
20210824,Chitradurga,14.2306,76.398,24.55,77.74,2.19,6.0854
20210825,Chitradurga,14.2306,76.398,24.01,81.79,2.42,5.0484
20210826,Chitradurga,14.2306,76.398,24.69,79.46,2.47,4.9733
20210827,Chitradurga,14.2306,76.398,24.33,82.42,3.13,4.451
20210828,Chitradurga,14.2306,76.398,23.26,82.85,3.73,3.6641
20210829,Chitradurga,14.2306,76.398,23.22,75.41,4.67,4.3586
20210830,Chitradurga,14.2306,76.398,23.02,77.37,4.39,4.4698
20210831,Chitradurga,14.2306,76.398,23.6,75.99,3.74,5.3887
20210901,Chitradurga,14.2306,76.398,24.53,77.21,3.32,5.7624
20210902,Chitradurga,14.2306,76.398,23.76,81.35,3.1,4.5139
20210903,Chitradurga,14.2306,76.398,23.37,82.22,3.31,3.9919
20210904,Chitradurga,14.2306,76.398,23.29,84.19,3.81,4.2794
20210905,Chitradurga,14.2306,76.398,23.04,82.94,3.99,4.3865
20210906,Chitradurga,14.2306,76.398,22.39,82.49,4.62,4.1208
20210907,Chitradurga,14.2306,76.398,23.03,81.39,4.73,3.8849
20210908,Chitradurga,14.2306,76.398,23.93,80.01,4.7,4.5106
20210909,Chitradurga,14.2306,76.398,23.89,81.21,4.03,4.763
20210910,Chitradurga,14.2306,76.398,23.91,80.87,4.23,5.3918
20210911,Chitradurga,14.2306,76.398,24.21,80.61,4.18,4.3543
20210912,Chitradurga,14.2306,76.398,23.74,83.13,4.6,4.7954
20210913,Chitradurga,14.2306,76.398,24.05,83.23,5.03,3.9446
20210914,Chitradurga,14.2306,76.398,24.1,82.72,3.94,4.4102
20210915,Chitradurga,14.2306,76.398,24.15,81.87,3.09,3.9624
20210916,Chitradurga,14.2306,76.398,24.06,81.04,3.3,4.8082
20210917,Chitradurga,14.2306,76.398,24.6,77.75,2.79,5.8586
20210918,Chitradurga,14.2306,76.398,24.82,75.35,2.72,6.5383
20210919,Chitradurga,14.2306,76.398,25.27,74.41,2.27,6.0252
20210920,Chitradurga,14.2306,76.398,25.16,76.86,2.65,5.7845
20210921,Chitradurga,14.2306,76.398,23.92,81.62,3.28,4.5802
20210922,Chitradurga,14.2306,76.398,24.38,79.43,3.32,4.5912
20210923,Chitradurga,14.2306,76.398,24.01,81.88,3.2,4.7479
20210924,Chitradurga,14.2306,76.398,24.67,78.96,2.87,4.319
20210925,Chitradurga,14.2306,76.398,24.58,78.63,3.09,4.9872
20210926,Chitradurga,14.2306,76.398,23.55,81.7,2.79,5.5207
20210927,Chitradurga,14.2306,76.398,22.97,82.65,3.91,4.2346
20210928,Chitradurga,14.2306,76.398,22.82,80.73,3.78,4.0807
20210929,Chitradurga,14.2306,76.398,23.52,74.39,3.2,4.7734
20210930,Chitradurga,14.2306,76.398,24.85,73.93,1.97,5.6594
20211001,Chitradurga,14.2306,76.398,24.96,81.21,1.38,5.1094
20211002,Chitradurga,14.2306,76.398,25.65,77.43,2.4,5.9316
20211003,Chitradurga,14.2306,76.398,25.67,78.32,2.18,6.2566
20211004,Chitradurga,14.2306,76.398,25.4,77.53,1.74,5.7689
20211005,Chitradurga,14.2306,76.398,24.83,81.77,1.75,5.3369
20211006,Chitradurga,14.2306,76.398,24.22,85.12,1.45,3.1968
20211007,Chitradurga,14.2306,76.398,24.22,87.06,1.19,4.6642
20211008,Chitradurga,14.2306,76.398,23.85,87.83,2.05,4.9841
20211009,Chitradurga,14.2306,76.398,24.09,86.34,2.15,4.5221
20211010,Chitradurga,14.2306,76.398,23.66,87.26,2.17,4.9289
20211011,Chitradurga,14.2306,76.398,23.81,85.58,2.01,4.5617
20211012,Chitradurga,14.2306,76.398,23.42,85.41,1.81,3.9314
20211013,Chitradurga,14.2306,76.398,23.92,85.31,1.46,4.0526
20211014,Chitradurga,14.2306,76.398,24.21,84.92,0.82,3.1702
20211015,Chitradurga,14.2306,76.398,24.55,83.92,1.36,4.4174
20211016,Chitradurga,14.2306,76.398,24.9,79.25,0.87,5.7667
20211017,Chitradurga,14.2306,76.398,23.34,88.16,2.05,4.4741
20211018,Chitradurga,14.2306,76.398,23.6,84.47,2.66,4.8274
20211019,Chitradurga,14.2306,76.398,23.4,79.83,2.04,5.7566
20211020,Chitradurga,14.2306,76.398,23.66,85.26,1.4,4.5756
20211021,Chitradurga,14.2306,76.398,23.92,85.93,1.48,4.2437
20211022,Chitradurga,14.2306,76.398,24.14,83.76,1.64,4.499
20211023,Chitradurga,14.2306,76.398,22.85,87.27,1.74,3.7687
20211024,Chitradurga,14.2306,76.398,22.82,86.28,0.78,3.8177
20211025,Chitradurga,14.2306,76.398,23.6,81.73,1.78,4.2713
20211026,Chitradurga,14.2306,76.398,22.88,83.22,1.47,5.5135
20211027,Chitradurga,14.2306,76.398,22.42,81.22,2.14,5.3846
20211028,Chitradurga,14.2306,76.398,22.41,78.22,1.64,5.5452
20211029,Chitradurga,14.2306,76.398,22.52,84.91,2.23,3.5455
20211030,Chitradurga,14.2306,76.398,23.14,86.92,2.42,3.253
20211031,Chitradurga,14.2306,76.398,23.7,83.69,2.16,4.6442
20211101,Chitradurga,14.2306,76.398,23.79,83.45,2.52,4.7258
20211102,Chitradurga,14.2306,76.398,23.41,83.96,2.99,3.6245
20211103,Chitradurga,14.2306,76.398,23.13,84.55,2.51,4.4234
20211104,Chitradurga,14.2306,76.398,22.98,86.88,2.07,4.4674
20211105,Chitradurga,14.2306,76.398,23.1,85.54,1.8,3.6876
20211106,Chitradurga,14.2306,76.398,23.13,85.97,1.98,5.0652
20211107,Chitradurga,14.2306,76.398,20.98,90.08,1.21,3.9701
20211108,Chitradurga,14.2306,76.398,21.55,87.5,1.14,3.2731
20211109,Chitradurga,14.2306,76.398,22.29,84.26,1.54,4.9138
20211110,Chitradurga,14.2306,76.398,21.23,82.18,1.54,3.4826
20211111,Chitradurga,14.2306,76.398,19.86,86.91,1.7,1.7638
20211112,Chitradurga,14.2306,76.398,19.92,94.76,3.18,2.3479
20211113,Chitradurga,14.2306,76.398,22.5,88.41,1.73,3.3384
20211114,Chitradurga,14.2306,76.398,23.5,88.89,1.7,3.0614
20211115,Chitradurga,14.2306,76.398,23.8,86.33,2.72,3.75
20211116,Chitradurga,14.2306,76.398,23.78,87.36,2.39,3.8393
20211117,Chitradurga,14.2306,76.398,23.44,88.3,2.25,4.3903
20211118,Chitradurga,14.2306,76.398,21.22,89.99,1.74,2.4917
20211119,Chitradurga,14.2306,76.398,21.58,95.05,2.39,1.1762
20211120,Chitradurga,14.2306,76.398,23.45,89.67,2.32,2.7353
20211121,Chitradurga,14.2306,76.398,22.87,84.94,1.32,3.5064
20211122,Chitradurga,14.2306,76.398,22.69,86.62,1.55,4.2262
20211123,Chitradurga,14.2306,76.398,23.24,87.49,1.67,5.2946
20211124,Chitradurga,14.2306,76.398,23.13,85.55,1.94,4.4969
20211125,Chitradurga,14.2306,76.398,22.85,86.26,2.53,4.8744
20211126,Chitradurga,14.2306,76.398,22.45,85.03,2.28,5.0496
20211127,Chitradurga,14.2306,76.398,21.85,86.62,2.66,4.0738
20211128,Chitradurga,14.2306,76.398,19.56,89.03,2.61,2.1763
20211129,Chitradurga,14.2306,76.398,21.83,86.85,2.95,2.6726
20211130,Chitradurga,14.2306,76.398,22.38,85.76,3.35,3.7483
20211201,Chitradurga,14.2306,76.398,22.57,86.18,2.98,3.6612
20211202,Chitradurga,14.2306,76.398,22.76,85.99,1.58,3.5122
20211203,Chitradurga,14.2306,76.398,22.5,86.03,1.26,3.6098
20211204,Chitradurga,14.2306,76.398,22.44,85.79,0.83,4.2797
20211205,Chitradurga,14.2306,76.398,22.71,84.54,1.07,3.3619
20211206,Chitradurga,14.2306,76.398,22.33,78.92,1.2,4.6421
20211207,Chitradurga,14.2306,76.398,21.33,82.15,1.6,4.9603
20211208,Chitradurga,14.2306,76.398,21.04,79.03,2.02,5.2589
20211209,Chitradurga,14.2306,76.398,21.97,83.54,2.0,4.0123
20211210,Chitradurga,14.2306,76.398,21.6,82.85,2.8,3.851
20211211,Chitradurga,14.2306,76.398,21.57,86.39,2.99,4.3354
20211212,Chitradurga,14.2306,76.398,21.49,84.54,3.17,4.3171
20211213,Chitradurga,14.2306,76.398,21.58,85.96,2.99,4.2127
20211214,Chitradurga,14.2306,76.398,21.18,85.92,2.9,3.191
20211215,Chitradurga,14.2306,76.398,19.88,88.95,2.46,3.5491
20211216,Chitradurga,14.2306,76.398,20.34,83.9,2.45,4.7275
20211217,Chitradurga,14.2306,76.398,19.89,81.08,1.9,4.6841
20211218,Chitradurga,14.2306,76.398,18.25,79.87,2.18,5.0107
20211219,Chitradurga,14.2306,76.398,17.42,76.56,2.42,5.4578
20211220,Chitradurga,14.2306,76.398,17.27,77.97,2.45,5.1439
20211221,Chitradurga,14.2306,76.398,18.62,73.11,1.31,5.0105
20211222,Chitradurga,14.2306,76.398,18.8,71.33,1.68,5.1437
20211223,Chitradurga,14.2306,76.398,19.4,72.02,1.48,5.1804
20211224,Chitradurga,14.2306,76.398,20.03,65.96,1.61,5.3659
20211225,Chitradurga,14.2306,76.398,20.01,65.46,1.35,5.5351
20211226,Chitradurga,14.2306,76.398,19.69,73.62,1.92,5.2138
20211227,Chitradurga,14.2306,76.398,19.9,73.71,2.23,5.107
20211228,Chitradurga,14.2306,76.398,19.3,74.24,2.18,5.4298
20211229,Chitradurga,14.2306,76.398,19.82,78.21,2.28,5.3314
20211230,Chitradurga,14.2306,76.398,20.46,77.08,2.91,5.6004
20211231,Chitradurga,14.2306,76.398,21.29,83.0,3.73,3.2796
20220101,Chitradurga,14.2306,76.398,21.43,81.98,3.28,3.2184
20220102,Chitradurga,14.2306,76.398,21.32,78.03,2.94,5.3527
20220103,Chitradurga,14.2306,76.398,20.55,74.86,2.27,5.1907
20220104,Chitradurga,14.2306,76.398,19.97,76.22,2.39,5.1247
20220105,Chitradurga,14.2306,76.398,20.0,74.73,1.31,5.1478
20220106,Chitradurga,14.2306,76.398,20.65,71.15,1.62,5.3436
20220107,Chitradurga,14.2306,76.398,21.09,78.58,1.89,4.4611
20220108,Chitradurga,14.2306,76.398,22.12,78.47,1.45,4.2943
20220109,Chitradurga,14.2306,76.398,22.3,78.23,1.31,4.7009
20220110,Chitradurga,14.2306,76.398,22.39,76.87,1.18,4.7722
20220111,Chitradurga,14.2306,76.398,21.91,76.65,1.72,5.1312
20220112,Chitradurga,14.2306,76.398,21.5,78.78,1.55,5.2133
20220113,Chitradurga,14.2306,76.398,20.63,76.91,2.16,5.5418
20220114,Chitradurga,14.2306,76.398,20.46,77.93,1.98,5.587
20220115,Chitradurga,14.2306,76.398,21.95,69.46,1.09,5.1034
20220116,Chitradurga,14.2306,76.398,22.53,72.35,2.09,4.4131
20220117,Chitradurga,14.2306,76.398,21.96,75.38,2.75,4.6613
20220118,Chitradurga,14.2306,76.398,21.58,71.26,2.26,5.117
20220119,Chitradurga,14.2306,76.398,21.12,67.28,2.05,5.4595
20220120,Chitradurga,14.2306,76.398,21.8,57.86,1.37,5.9064
20220121,Chitradurga,14.2306,76.398,22.09,66.44,1.85,5.9724
20220122,Chitradurga,14.2306,76.398,22.04,72.29,2.48,6.0314
20220123,Chitradurga,14.2306,76.398,20.87,71.97,2.76,6.1922
20220124,Chitradurga,14.2306,76.398,20.53,72.28,2.11,6.139
20220125,Chitradurga,14.2306,76.398,20.2,72.14,1.54,5.9105
20220126,Chitradurga,14.2306,76.398,21.46,70.81,1.38,4.6123
20220127,Chitradurga,14.2306,76.398,21.59,73.5,3.31,4.0632
20220128,Chitradurga,14.2306,76.398,21.12,68.95,3.72,5.2747
20220129,Chitradurga,14.2306,76.398,21.66,69.07,2.9,5.9292
20220130,Chitradurga,14.2306,76.398,23.78,66.8,1.23,5.779
20220131,Chitradurga,14.2306,76.398,24.96,64.23,0.39,6.0149
20220201,Chitradurga,14.2306,76.398,24.0,62.92,1.3,5.9342
20220202,Chitradurga,14.2306,76.398,23.91,65.47,1.39,5.9882
20220203,Chitradurga,14.2306,76.398,23.88,70.33,1.83,5.735
20220204,Chitradurga,14.2306,76.398,21.91,65.22,2.59,6.4142
20220205,Chitradurga,14.2306,76.398,22.48,62.63,1.28,6.3542
20220206,Chitradurga,14.2306,76.398,23.7,67.22,1.67,5.0038
20220207,Chitradurga,14.2306,76.398,24.66,65.11,0.74,5.8106
20220208,Chitradurga,14.2306,76.398,24.32,65.94,1.17,5.8166
20220209,Chitradurga,14.2306,76.398,24.33,62.12,1.49,5.3839
20220210,Chitradurga,14.2306,76.398,23.61,55.33,2.3,6.1109
20220211,Chitradurga,14.2306,76.398,23.14,49.47,3.54,6.3878
20220212,Chitradurga,14.2306,76.398,23.11,54.71,2.6,6.4034
20220213,Chitradurga,14.2306,76.398,23.01,54.41,2.42,6.1378
20220214,Chitradurga,14.2306,76.398,23.14,52.7,1.91,5.975
20220215,Chitradurga,14.2306,76.398,23.77,58.44,1.68,4.8166
20220216,Chitradurga,14.2306,76.398,24.81,58.39,1.49,4.6238
20220217,Chitradurga,14.2306,76.398,23.88,61.98,0.91,5.1466
20220218,Chitradurga,14.2306,76.398,25.39,50.61,2.17,6.1034
20220219,Chitradurga,14.2306,76.398,25.19,46.67,2.56,6.4366
20220220,Chitradurga,14.2306,76.398,25.29,54.75,2.37,6.5302
20220221,Chitradurga,14.2306,76.398,25.73,57.37,1.66,6.4289
20220222,Chitradurga,14.2306,76.398,26.47,51.47,1.73,6.2426
20220223,Chitradurga,14.2306,76.398,26.11,44.88,3.24,6.5585
20220224,Chitradurga,14.2306,76.398,24.88,41.75,2.47,6.9746
20220225,Chitradurga,14.2306,76.398,24.35,34.63,3.05,7.1208
20220226,Chitradurga,14.2306,76.398,23.66,32.33,3.14,7.3416
20220227,Chitradurga,14.2306,76.398,24.12,44.22,2.4,7.1777
20220228,Chitradurga,14.2306,76.398,24.4,42.35,2.27,7.2264
20220301,Chitradurga,14.2306,76.398,25.03,38.34,2.92,7.1518
20220302,Chitradurga,14.2306,76.398,25.19,29.11,3.7,7.2451
20220303,Chitradurga,14.2306,76.398,25.07,31.62,3.89,7.2228
20220304,Chitradurga,14.2306,76.398,25.7,31.68,3.5,7.1597
20220305,Chitradurga,14.2306,76.398,26.16,29.84,3.24,6.905
20220306,Chitradurga,14.2306,76.398,26.54,40.27,3.92,6.6218
20220307,Chitradurga,14.2306,76.398,26.27,42.69,4.25,6.8662
20220308,Chitradurga,14.2306,76.398,27.65,38.02,2.37,6.5568
20220309,Chitradurga,14.2306,76.398,27.89,36.92,2.78,6.8201
20220310,Chitradurga,14.2306,76.398,27.74,34.42,3.14,6.5556
20220311,Chitradurga,14.2306,76.398,27.24,32.0,2.88,6.731
20220312,Chitradurga,14.2306,76.398,26.91,30.81,3.06,6.5107
20220313,Chitradurga,14.2306,76.398,26.69,33.63,3.31,6.4397
20220314,Chitradurga,14.2306,76.398,26.97,34.41,2.78,6.1404
20220315,Chitradurga,14.2306,76.398,27.56,27.39,2.36,6.8594
20220316,Chitradurga,14.2306,76.398,27.39,28.5,1.83,6.6756
20220317,Chitradurga,14.2306,76.398,28.71,24.34,1.86,6.1212
20220318,Chitradurga,14.2306,76.398,28.69,38.91,1.72,6.2568
20220319,Chitradurga,14.2306,76.398,27.9,57.6,3.12,6.0689
20220320,Chitradurga,14.2306,76.398,27.31,57.69,2.79,4.3411
20220321,Chitradurga,14.2306,76.398,27.42,58.75,2.4,5.8253
20220322,Chitradurga,14.2306,76.398,28.16,56.58,1.79,4.2684
20220323,Chitradurga,14.2306,76.398,29.42,49.98,1.71,5.3059
20220324,Chitradurga,14.2306,76.398,28.33,58.12,1.85,4.716
20220325,Chitradurga,14.2306,76.398,28.58,54.77,1.8,5.0712
20220326,Chitradurga,14.2306,76.398,29.39,44.61,1.49,5.8702
20220327,Chitradurga,14.2306,76.398,29.97,41.99,2.0,5.9335
20220328,Chitradurga,14.2306,76.398,30.4,40.65,1.46,6.2412
20220329,Chitradurga,14.2306,76.398,31.08,46.25,1.55,6.0679
20220330,Chitradurga,14.2306,76.398,31.23,45.51,1.68,6.3727
20220331,Chitradurga,14.2306,76.398,31.52,43.25,1.5,6.6418
20220401,Chitradurga,14.2306,76.398,31.51,40.79,1.6,6.5054
20220402,Chitradurga,14.2306,76.398,30.37,41.23,2.05,6.2045
20220403,Chitradurga,14.2306,76.398,30.33,31.09,3.22,6.5506
20220404,Chitradurga,14.2306,76.398,30.67,32.55,3.4,6.7176
20220405,Chitradurga,14.2306,76.398,30.62,32.42,3.37,6.5911
20220406,Chitradurga,14.2306,76.398,30.52,26.6,3.93,6.8107
20220407,Chitradurga,14.2306,76.398,30.89,31.76,3.8,6.6439
20220408,Chitradurga,14.2306,76.398,30.5,34.69,3.44,6.8093
20220409,Chitradurga,14.2306,76.398,30.74,43.11,2.8,5.3952
20220410,Chitradurga,14.2306,76.398,30.45,38.86,2.56,5.4132
20220411,Chitradurga,14.2306,76.398,30.8,34.05,3.15,5.9249
20220412,Chitradurga,14.2306,76.398,31.15,30.48,3.76,6.3998
20220413,Chitradurga,14.2306,76.398,30.0,46.17,2.36,5.2692
20220414,Chitradurga,14.2306,76.398,27.89,52.96,2.53,4.4335
20220415,Chitradurga,14.2306,76.398,28.24,52.1,1.59,3.8602
20220416,Chitradurga,14.2306,76.398,29.66,52.32,2.12,5.1576
20220417,Chitradurga,14.2306,76.398,28.09,65.26,2.05,6.3305
20220418,Chitradurga,14.2306,76.398,27.1,69.34,1.42,6.642
20220419,Chitradurga,14.2306,76.398,25.15,76.46,1.57,5.946
20220420,Chitradurga,14.2306,76.398,28.39,60.79,1.12,7.0174
20220421,Chitradurga,14.2306,76.398,28.52,62.77,0.8,6.8381
20220422,Chitradurga,14.2306,76.398,27.49,64.54,1.37,7.0836
20220423,Chitradurga,14.2306,76.398,26.41,68.0,2.07,5.8565
20220424,Chitradurga,14.2306,76.398,28.1,59.97,1.75,6.5441
20220425,Chitradurga,14.2306,76.398,28.06,59.19,1.55,6.2261
20220426,Chitradurga,14.2306,76.398,28.35,64.23,1.69,6.5222
20220427,Chitradurga,14.2306,76.398,29.82,54.97,1.42,7.0205
20220428,Chitradurga,14.2306,76.398,28.24,62.55,2.16,6.7901
20220429,Chitradurga,14.2306,76.398,28.96,63.19,1.41,6.7644
20220430,Chitradurga,14.2306,76.398,28.94,63.0,2.74,6.8822
20220501,Chitradurga,14.2306,76.398,28.64,60.87,2.75,7.1124
20220502,Chitradurga,14.2306,76.398,28.19,63.88,3.04,6.8964
20220503,Chitradurga,14.2306,76.398,28.93,61.77,2.35,7.0733
20220504,Chitradurga,14.2306,76.398,28.57,67.03,1.55,6.1164
20220505,Chitradurga,14.2306,76.398,25.16,81.1,2.0,5.2766
20220506,Chitradurga,14.2306,76.398,27.28,69.24,1.46,6.1073
20220507,Chitradurga,14.2306,76.398,28.22,64.61,2.33,6.859
20220508,Chitradurga,14.2306,76.398,28.71,65.96,1.82,5.9167
20220509,Chitradurga,14.2306,76.398,27.79,70.51,3.35,5.1221
20220510,Chitradurga,14.2306,76.398,27.43,68.5,5.22,2.9616
20220511,Chitradurga,14.2306,76.398,25.78,74.49,5.38,1.6985
20220512,Chitradurga,14.2306,76.398,24.82,77.07,4.8,3.0979
20220513,Chitradurga,14.2306,76.398,26.36,75.49,3.24,5.1636
20220514,Chitradurga,14.2306,76.398,27.44,71.7,1.94,6.641
20220515,Chitradurga,14.2306,76.398,25.6,79.19,3.21,5.3688
20220516,Chitradurga,14.2306,76.398,26.01,80.5,2.85,5.9988
20220517,Chitradurga,14.2306,76.398,25.59,76.98,2.59,4.1738
20220518,Chitradurga,14.2306,76.398,25.15,80.09,1.99,2.5776
20220519,Chitradurga,14.2306,76.398,23.42,86.61,4.37,2.3174
20220520,Chitradurga,14.2306,76.398,22.52,84.89,4.15,1.8682
20220521,Chitradurga,14.2306,76.398,23.56,79.45,4.09,3.2434
20220522,Chitradurga,14.2306,76.398,24.79,80.64,4.59,6.511
20220523,Chitradurga,14.2306,76.398,25.51,80.49,3.76,6.8474
20220524,Chitradurga,14.2306,76.398,26.04,79.24,3.37,7.1066
20220525,Chitradurga,14.2306,76.398,26.44,76.6,2.24,6.7428
20220526,Chitradurga,14.2306,76.398,25.65,79.08,3.02,7.0034
20220527,Chitradurga,14.2306,76.398,25.32,76.54,3.85,7.3212
20220528,Chitradurga,14.2306,76.398,25.29,71.83,4.08,7.5302
20220529,Chitradurga,14.2306,76.398,25.38,72.28,3.73,7.493
20220530,Chitradurga,14.2306,76.398,25.9,72.63,3.32,7.5156
20220531,Chitradurga,14.2306,76.398,24.65,79.68,2.58,6.0391
20220601,Chitradurga,14.2306,76.398,23.65,86.86,3.19,6.2213
20220602,Chitradurga,14.2306,76.398,24.91,78.27,2.23,6.4699
20220603,Chitradurga,14.2306,76.398,24.98,79.73,2.8,7.0457
20220604,Chitradurga,14.2306,76.398,26.19,70.43,2.36,6.7716
20220605,Chitradurga,14.2306,76.398,25.19,80.29,2.4,6.726
20220606,Chitradurga,14.2306,76.398,24.99,80.61,2.17,5.0918
20220607,Chitradurga,14.2306,76.398,25.02,79.57,2.28,4.4786
20220608,Chitradurga,14.2306,76.398,25.0,75.84,3.93,6.1015
20220609,Chitradurga,14.2306,76.398,25.13,75.45,4.28,6.3984
20220610,Chitradurga,14.2306,76.398,24.93,76.24,4.09,5.5615
20220611,Chitradurga,14.2306,76.398,24.83,72.56,4.32,6.0689
20220612,Chitradurga,14.2306,76.398,24.39,70.78,3.69,5.6834
20220613,Chitradurga,14.2306,76.398,25.07,73.39,3.21,6.5474
20220614,Chitradurga,14.2306,76.398,24.63,75.8,3.64,7.1935
20220615,Chitradurga,14.2306,76.398,24.58,79.26,3.4,4.7952
20220616,Chitradurga,14.2306,76.398,24.37,77.09,3.08,5.8877
20220617,Chitradurga,14.2306,76.398,23.63,80.38,2.51,5.4192
20220618,Chitradurga,14.2306,76.398,23.96,79.94,2.36,5.5349
20220619,Chitradurga,14.2306,76.398,24.09,80.12,3.17,5.6702
20220620,Chitradurga,14.2306,76.398,23.51,79.06,3.9,5.1653
20220621,Chitradurga,14.2306,76.398,23.75,81.4,3.98,4.2228
20220622,Chitradurga,14.2306,76.398,23.41,84.41,2.89,4.8458
20220623,Chitradurga,14.2306,76.398,24.42,76.2,3.52,5.5078
20220624,Chitradurga,14.2306,76.398,23.91,83.63,4.02,5.1607
20220625,Chitradurga,14.2306,76.398,23.74,79.41,4.8,4.5036
20220626,Chitradurga,14.2306,76.398,24.33,78.54,4.95,4.9279
20220627,Chitradurga,14.2306,76.398,23.89,81.16,4.56,5.2906
20220628,Chitradurga,14.2306,76.398,24.22,80.28,3.4,5.2058
20220629,Chitradurga,14.2306,76.398,24.73,79.4,4.18,5.6995
20220630,Chitradurga,14.2306,76.398,24.64,80.9,4.33,5.0261
20220701,Chitradurga,14.2306,76.398,24.02,83.45,4.19,4.349
20220702,Chitradurga,14.2306,76.398,24.17,82.16,4.37,4.7465
20220703,Chitradurga,14.2306,76.398,24.3,80.48,4.96,4.8017
20220704,Chitradurga,14.2306,76.398,23.36,84.39,5.69,3.6031
20220705,Chitradurga,14.2306,76.398,23.63,83.58,5.34,3.2263
20220706,Chitradurga,14.2306,76.398,23.54,82.41,4.92,2.7691
20220707,Chitradurga,14.2306,76.398,23.33,82.89,5.11,3.3168
20220708,Chitradurga,14.2306,76.398,22.61,84.74,5.6,3.301
20220709,Chitradurga,14.2306,76.398,23.05,85.63,5.51,3.3828
20220710,Chitradurga,14.2306,76.398,23.19,83.44,5.83,2.9882
20220711,Chitradurga,14.2306,76.398,23.31,83.17,6.11,2.7758
20220712,Chitradurga,14.2306,76.398,23.16,82.75,6.47,3.4702
20220713,Chitradurga,14.2306,76.398,22.68,83.38,7.49,2.1718
20220714,Chitradurga,14.2306,76.398,23.32,79.35,8.3,4.2062
20220715,Chitradurga,14.2306,76.398,23.97,77.6,7.19,4.6862
20220716,Chitradurga,14.2306,76.398,24.23,80.53,6.2,4.1422
20220717,Chitradurga,14.2306,76.398,23.59,83.68,5.35,3.8954
20220718,Chitradurga,14.2306,76.398,22.79,83.96,4.65,3.4531
20220719,Chitradurga,14.2306,76.398,23.65,80.62,3.74,5.0678
20220720,Chitradurga,14.2306,76.398,24.6,80.25,3.6,5.4917
20220721,Chitradurga,14.2306,76.398,24.36,81.04,3.61,4.2991
20220722,Chitradurga,14.2306,76.398,23.01,84.77,3.9,3.353
20220723,Chitradurga,14.2306,76.398,23.32,81.84,4.18,3.163
20220724,Chitradurga,14.2306,76.398,23.76,79.79,4.29,4.6234
20220725,Chitradurga,14.2306,76.398,23.86,80.16,3.68,4.8523
20220726,Chitradurga,14.2306,76.398,22.89,83.69,3.02,4.2166
20220727,Chitradurga,14.2306,76.398,24.65,80.16,1.39,5.0299
20220728,Chitradurga,14.2306,76.398,24.99,78.87,1.41,5.8315
20220729,Chitradurga,14.2306,76.398,25.78,74.39,1.2,6.2534
20220730,Chitradurga,14.2306,76.398,25.18,80.29,1.12,5.9676
20220731,Chitradurga,14.2306,76.398,24.48,81.69,2.55,5.3342
20220801,Chitradurga,14.2306,76.398,23.88,89.96,3.31,4.525
20220802,Chitradurga,14.2306,76.398,24.06,88.87,1.6,5.502
20220803,Chitradurga,14.2306,76.398,23.71,85.27,1.35,2.9122
20220804,Chitradurga,14.2306,76.398,23.75,85.78,1.61,4.3344
20220805,Chitradurga,14.2306,76.398,23.0,86.61,5.4,3.948
20220806,Chitradurga,14.2306,76.398,23.69,82.7,6.2,3.8784
20220807,Chitradurga,14.2306,76.398,23.25,84.84,5.87,3.7918
20220808,Chitradurga,14.2306,76.398,23.12,84.78,6.61,2.9482
20220809,Chitradurga,14.2306,76.398,23.26,81.12,6.89,3.9451
20220810,Chitradurga,14.2306,76.398,23.18,79.89,6.68,4.5266
20220811,Chitradurga,14.2306,76.398,23.63,80.63,6.49,4.6186
20220812,Chitradurga,14.2306,76.398,23.38,81.35,5.41,4.4794
20220813,Chitradurga,14.2306,76.398,22.89,79.77,4.76,4.6603
20220814,Chitradurga,14.2306,76.398,22.43,81.89,4.54,3.9866
20220815,Chitradurga,14.2306,76.398,23.95,79.2,4.1,4.6654
20220816,Chitradurga,14.2306,76.398,24.05,80.26,3.03,5.1958
20220817,Chitradurga,14.2306,76.398,24.18,80.51,3.5,5.8382
20220818,Chitradurga,14.2306,76.398,23.34,85.39,3.96,5.5195
20220819,Chitradurga,14.2306,76.398,23.29,83.35,4.48,4.4844
20220820,Chitradurga,14.2306,76.398,22.8,83.92,4.39,5.0683
20220821,Chitradurga,14.2306,76.398,23.67,84.08,4.16,4.9582
20220822,Chitradurga,14.2306,76.398,23.69,83.12,5.02,4.5749
20220823,Chitradurga,14.2306,76.398,23.85,83.29,4.08,5.2078
20220824,Chitradurga,14.2306,76.398,23.62,83.41,3.94,4.6834
20220825,Chitradurga,14.2306,76.398,23.53,83.39,3.2,5.069
20220826,Chitradurga,14.2306,76.398,23.25,86.52,2.56,4.8324
20220827,Chitradurga,14.2306,76.398,22.58,86.94,2.85,4.567
20220828,Chitradurga,14.2306,76.398,23.19,85.54,2.76,4.219
20220829,Chitradurga,14.2306,76.398,23.46,89.96,2.33,4.7078
20220830,Chitradurga,14.2306,76.398,23.3,89.8,2.75,5.6974
20220831,Chitradurga,14.2306,76.398,24.26,85.92,2.35,5.2891
20220901,Chitradurga,14.2306,76.398,24.56,81.13,1.29,4.8629
20220902,Chitradurga,14.2306,76.398,24.63,82.11,1.66,5.4828
20220903,Chitradurga,14.2306,76.398,25.6,79.69,0.7,5.5846
20220904,Chitradurga,14.2306,76.398,24.56,88.08,1.27,5.2846
20220905,Chitradurga,14.2306,76.398,24.27,86.65,2.12,4.98
20220906,Chitradurga,14.2306,76.398,23.77,86.94,1.89,6.0048
20220907,Chitradurga,14.2306,76.398,23.76,84.28,2.47,5.3033
20220908,Chitradurga,14.2306,76.398,22.79,87.7,3.25,3.9134
20220909,Chitradurga,14.2306,76.398,23.18,88.54,2.88,4.2036
20220910,Chitradurga,14.2306,76.398,22.97,86.6,3.36,3.7925
20220911,Chitradurga,14.2306,76.398,22.65,85.9,4.51,3.8952
20220912,Chitradurga,14.2306,76.398,23.36,83.12,5.61,3.9223
20220913,Chitradurga,14.2306,76.398,23.4,85.08,3.9,4.2979
20220914,Chitradurga,14.2306,76.398,23.08,85.36,3.26,4.3841
20220915,Chitradurga,14.2306,76.398,22.73,86.63,3.23,4.5353
20220916,Chitradurga,14.2306,76.398,22.97,85.39,3.74,4.3193
20220917,Chitradurga,14.2306,76.398,23.34,85.07,3.0,5.0414
20220918,Chitradurga,14.2306,76.398,23.62,84.76,3.14,4.7678
20220919,Chitradurga,14.2306,76.398,22.94,84.63,3.54,5.4048
20220920,Chitradurga,14.2306,76.398,22.3,83.79,3.05,5.437
20220921,Chitradurga,14.2306,76.398,22.62,84.36,2.94,5.1914
20220922,Chitradurga,14.2306,76.398,22.46,82.44,3.23,5.9455
20220923,Chitradurga,14.2306,76.398,22.27,85.25,3.03,4.9922
20220924,Chitradurga,14.2306,76.398,22.93,84.05,2.89,5.7377
20220925,Chitradurga,14.2306,76.398,23.35,82.73,2.52,5.7655
20220926,Chitradurga,14.2306,76.398,23.51,84.55,2.74,3.4574
20220927,Chitradurga,14.2306,76.398,23.49,82.69,2.51,5.4072
20220928,Chitradurga,14.2306,76.398,22.97,84.1,2.88,5.4895
20220929,Chitradurga,14.2306,76.398,22.89,84.94,2.96,4.0776
20220930,Chitradurga,14.2306,76.398,22.71,87.2,2.85,1.8067
20221001,Chitradurga,14.2306,76.398,21.85,90.93,3.21,2.5025
20221002,Chitradurga,14.2306,76.398,22.54,86.63,3.03,4.2017
20221003,Chitradurga,14.2306,76.398,23.31,84.59,2.63,4.7652
20221004,Chitradurga,14.2306,76.398,23.48,85.38,2.56,4.7016
20221005,Chitradurga,14.2306,76.398,23.1,86.31,2.36,4.7081
20221006,Chitradurga,14.2306,76.398,21.75,89.82,3.18,2.2111
20221007,Chitradurga,14.2306,76.398,22.61,84.91,2.87,3.2664
20221008,Chitradurga,14.2306,76.398,22.93,81.47,1.47,6.2138
20221009,Chitradurga,14.2306,76.398,22.8,87.78,1.46,3.8208
20221010,Chitradurga,14.2306,76.398,23.71,87.55,1.69,4.0858
20221011,Chitradurga,14.2306,76.398,23.86,88.19,1.91,4.1693
20221012,Chitradurga,14.2306,76.398,22.28,90.22,1.41,4.53
20221013,Chitradurga,14.2306,76.398,22.91,90.81,1.29,3.7435
20221014,Chitradurga,14.2306,76.398,24.12,86.39,1.79,4.914
20221015,Chitradurga,14.2306,76.398,23.44,87.99,2.16,5.3386
20221016,Chitradurga,14.2306,76.398,24.12,86.83,1.9,4.2595
20221017,Chitradurga,14.2306,76.398,23.56,89.48,1.29,5.4305
20221018,Chitradurga,14.2306,76.398,24.06,85.46,1.8,4.5746
20221019,Chitradurga,14.2306,76.398,23.79,84.4,0.9,4.9956
20221020,Chitradurga,14.2306,76.398,24.04,82.96,1.51,4.9601
20221021,Chitradurga,14.2306,76.398,23.7,84.02,2.15,5.7422
20221022,Chitradurga,14.2306,76.398,23.3,85.35,2.1,5.4998
20221023,Chitradurga,14.2306,76.398,21.26,78.87,1.64,6.3504
20221024,Chitradurga,14.2306,76.398,20.73,65.19,1.62,6.564
20221025,Chitradurga,14.2306,76.398,21.2,62.94,1.02,6.408
20221026,Chitradurga,14.2306,76.398,20.34,71.67,1.52,6.4279
20221027,Chitradurga,14.2306,76.398,20.17,74.89,1.77,6.3917
20221028,Chitradurga,14.2306,76.398,21.1,83.32,2.16,3.7769
20221029,Chitradurga,14.2306,76.398,22.46,85.75,2.51,4.248
20221030,Chitradurga,14.2306,76.398,22.24,82.73,2.59,5.2157
20221031,Chitradurga,14.2306,76.398,20.84,80.48,1.79,5.8658
20221101,Chitradurga,14.2306,76.398,21.48,85.65,1.93,3.6149
20221102,Chitradurga,14.2306,76.398,21.17,88.58,2.34,2.8207
20221103,Chitradurga,14.2306,76.398,21.19,84.36,2.28,3.5467
20221104,Chitradurga,14.2306,76.398,22.1,83.1,2.54,5.237
20221105,Chitradurga,14.2306,76.398,22.12,80.76,2.4,5.9112
20221106,Chitradurga,14.2306,76.398,22.21,83.64,2.11,5.0208
20221107,Chitradurga,14.2306,76.398,21.83,82.92,2.08,5.6671
20221108,Chitradurga,14.2306,76.398,20.96,79.56,2.05,5.7122
20221109,Chitradurga,14.2306,76.398,21.06,78.36,1.73,5.5145
20221110,Chitradurga,14.2306,76.398,21.01,80.91,2.26,5.0138
20221111,Chitradurga,14.2306,76.398,21.69,84.04,2.76,4.2494
20221112,Chitradurga,14.2306,76.398,20.62,90.5,2.78,2.789
20221113,Chitradurga,14.2306,76.398,22.0,88.3,2.54,3.1723
20221114,Chitradurga,14.2306,76.398,22.21,87.29,1.42,4.0802
20221115,Chitradurga,14.2306,76.398,22.79,86.19,1.82,3.9989
20221116,Chitradurga,14.2306,76.398,21.64,81.52,1.91,4.8007
20221117,Chitradurga,14.2306,76.398,19.53,69.65,1.72,5.7132
20221118,Chitradurga,14.2306,76.398,18.6,68.62,1.78,5.154
20221119,Chitradurga,14.2306,76.398,18.08,72.88,1.98,5.3652
20221120,Chitradurga,14.2306,76.398,18.45,71.04,1.61,5.0618
20221121,Chitradurga,14.2306,76.398,19.47,76.57,1.61,4.3824
20221122,Chitradurga,14.2306,76.398,21.14,87.13,1.58,2.5925
20221123,Chitradurga,14.2306,76.398,22.11,87.95,1.89,2.7787
20221124,Chitradurga,14.2306,76.398,22.9,85.01,2.49,3.1726
20221125,Chitradurga,14.2306,76.398,22.96,80.28,2.15,4.9044
20221126,Chitradurga,14.2306,76.398,23.13,81.32,1.83,4.493
20221127,Chitradurga,14.2306,76.398,23.53,78.56,1.05,4.1935
20221128,Chitradurga,14.2306,76.398,23.2,78.16,0.72,3.5549
20221129,Chitradurga,14.2306,76.398,22.31,79.62,1.48,4.1885
20221130,Chitradurga,14.2306,76.398,19.9,73.25,1.89,5.0683
20221201,Chitradurga,14.2306,76.398,20.92,79.98,2.01,4.4326
20221202,Chitradurga,14.2306,76.398,23.21,82.26,2.15,3.978
20221203,Chitradurga,14.2306,76.398,23.15,80.24,2.32,5.4034
20221204,Chitradurga,14.2306,76.398,22.94,77.19,2.32,5.2522
20221205,Chitradurga,14.2306,76.398,22.14,81.7,2.25,4.5648
20221206,Chitradurga,14.2306,76.398,22.23,78.54,2.16,4.1258
20221207,Chitradurga,14.2306,76.398,20.8,71.59,2.09,4.014
20221208,Chitradurga,14.2306,76.398,19.8,67.38,1.4,4.5614
20221209,Chitradurga,14.2306,76.398,19.86,72.01,1.88,2.6861
20221210,Chitradurga,14.2306,76.398,20.36,88.05,3.7,1.9262
20221211,Chitradurga,14.2306,76.398,21.47,88.2,2.68,1.8166
20221212,Chitradurga,14.2306,76.398,20.68,92.77,3.5,2.4586
20221213,Chitradurga,14.2306,76.398,22.39,86.32,3.01,2.893
20221214,Chitradurga,14.2306,76.398,22.3,81.68,2.38,4.2326
20221215,Chitradurga,14.2306,76.398,21.86,75.85,2.08,5.6306
20221216,Chitradurga,14.2306,76.398,20.73,71.75,2.03,4.956
20221217,Chitradurga,14.2306,76.398,21.4,78.06,2.33,4.9296
20221218,Chitradurga,14.2306,76.398,21.52,82.63,2.52,4.0994
20221219,Chitradurga,14.2306,76.398,20.07,79.89,2.42,4.8739
20221220,Chitradurga,14.2306,76.398,19.46,71.98,2.21,5.4535
20221221,Chitradurga,14.2306,76.398,19.3,71.89,2.09,5.4631
20221222,Chitradurga,14.2306,76.398,19.49,71.53,2.34,5.329
20221223,Chitradurga,14.2306,76.398,20.03,71.19,1.95,5.4672
20221224,Chitradurga,14.2306,76.398,21.0,74.29,2.02,5.4101
20221225,Chitradurga,14.2306,76.398,21.62,81.08,2.6,4.5578
20221226,Chitradurga,14.2306,76.398,23.38,79.01,3.29,3.6269
20221227,Chitradurga,14.2306,76.398,23.35,78.37,2.68,5.2039
20221228,Chitradurga,14.2306,76.398,23.77,76.9,2.15,5.3388
20221229,Chitradurga,14.2306,76.398,23.16,72.73,2.47,5.178
20221230,Chitradurga,14.2306,76.398,21.85,66.62,2.19,5.5466
20221231,Chitradurga,14.2306,76.398,21.39,65.62,1.63,5.3935
20230101,Chitradurga,14.2306,76.398,21.43,63.13,1.31,5.2682
20230102,Chitradurga,14.2306,76.398,20.95,66.63,2.88,5.3683
20230103,Chitradurga,14.2306,76.398,20.91,68.34,2.47,5.4394
20230104,Chitradurga,14.2306,76.398,20.9,68.96,2.63,5.5558
20230105,Chitradurga,14.2306,76.398,20.88,69.39,3.32,5.2164
20230106,Chitradurga,14.2306,76.398,20.95,71.81,3.81,4.6596
20230107,Chitradurga,14.2306,76.398,20.94,74.11,2.95,4.0128
20230108,Chitradurga,14.2306,76.398,20.92,68.66,2.62,4.9591
20230109,Chitradurga,14.2306,76.398,19.22,59.32,2.3,5.7768
20230110,Chitradurga,14.2306,76.398,19.05,60.58,2.78,5.8896
20230111,Chitradurga,14.2306,76.398,19.48,60.05,2.15,5.8694
20230112,Chitradurga,14.2306,76.398,20.44,52.85,1.96,5.9278
20230113,Chitradurga,14.2306,76.398,20.52,51.58,1.69,5.8706
20230114,Chitradurga,14.2306,76.398,20.45,56.15,1.85,5.8346
20230115,Chitradurga,14.2306,76.398,20.39,50.76,1.89,5.9263
20230116,Chitradurga,14.2306,76.398,20.66,50.38,2.02,6.0605
20230117,Chitradurga,14.2306,76.398,20.23,55.5,2.03,6.2489
20230118,Chitradurga,14.2306,76.398,20.19,58.61,2.2,6.0994
20230119,Chitradurga,14.2306,76.398,20.21,57.68,2.37,6.155
20230120,Chitradurga,14.2306,76.398,19.99,60.45,2.52,5.9803
20230121,Chitradurga,14.2306,76.398,20.73,66.21,2.3,5.2056
20230122,Chitradurga,14.2306,76.398,20.64,61.69,2.67,5.7847
20230123,Chitradurga,14.2306,76.398,22.46,64.0,2.47,5.6702
20230124,Chitradurga,14.2306,76.398,23.77,68.66,1.83,3.7162
20230125,Chitradurga,14.2306,76.398,23.31,61.37,2.18,5.226
20230126,Chitradurga,14.2306,76.398,21.98,54.81,2.29,6.0384
20230127,Chitradurga,14.2306,76.398,21.61,53.96,2.97,6.0091
20230128,Chitradurga,14.2306,76.398,21.37,50.64,2.96,6.1109
20230129,Chitradurga,14.2306,76.398,21.88,52.71,3.4,6.0499
20230130,Chitradurga,14.2306,76.398,22.83,65.9,2.67,5.2306
20230131,Chitradurga,14.2306,76.398,23.84,60.35,2.98,4.891
20230201,Chitradurga,14.2306,76.398,23.85,53.94,2.91,4.8523
20230202,Chitradurga,14.2306,76.398,23.57,56.78,3.16,5.4367
20230203,Chitradurga,14.2306,76.398,23.93,59.02,2.98,5.4761
20230204,Chitradurga,14.2306,76.398,25.15,56.6,2.88,6.013
20230205,Chitradurga,14.2306,76.398,24.93,49.41,2.34,6.1834
20230206,Chitradurga,14.2306,76.398,24.56,50.68,2.22,5.8049
20230207,Chitradurga,14.2306,76.398,24.82,49.93,0.86,5.4526
20230208,Chitradurga,14.2306,76.398,25.64,44.28,1.79,5.8488
20230209,Chitradurga,14.2306,76.398,25.08,46.76,2.36,6.0701
20230210,Chitradurga,14.2306,76.398,24.72,44.87,2.2,6.2628
20230211,Chitradurga,14.2306,76.398,25.06,39.09,2.44,6.479
20230212,Chitradurga,14.2306,76.398,25.21,34.09,2.59,6.5659
20230213,Chitradurga,14.2306,76.398,24.43,34.24,2.98,6.7272
20230214,Chitradurga,14.2306,76.398,24.03,34.49,2.58,6.8556
20230215,Chitradurga,14.2306,76.398,23.68,29.36,2.49,6.9151
20230216,Chitradurga,14.2306,76.398,24.27,33.58,3.18,6.8234
20230217,Chitradurga,14.2306,76.398,24.45,38.07,2.86,6.7126
20230218,Chitradurga,14.2306,76.398,24.63,38.93,2.54,6.7027
20230219,Chitradurga,14.2306,76.398,25.11,37.45,2.48,6.6624
20230220,Chitradurga,14.2306,76.398,25.38,37.02,2.19,6.8342
20230221,Chitradurga,14.2306,76.398,25.79,31.64,2.02,6.7733
20230222,Chitradurga,14.2306,76.398,25.48,32.29,2.77,6.6382
20230223,Chitradurga,14.2306,76.398,25.35,31.85,3.72,6.9192
20230224,Chitradurga,14.2306,76.398,24.94,28.51,3.39,7.0548
20230225,Chitradurga,14.2306,76.398,25.14,26.1,3.17,6.9804
20230226,Chitradurga,14.2306,76.398,25.38,30.2,3.63,6.8971
20230227,Chitradurga,14.2306,76.398,25.1,33.87,3.76,6.959
20230228,Chitradurga,14.2306,76.398,24.77,27.14,3.52,7.2254
20230301,Chitradurga,14.2306,76.398,25.91,40.96,3.74,6.9521
20230302,Chitradurga,14.2306,76.398,25.65,31.79,3.96,7.0241
20230303,Chitradurga,14.2306,76.398,25.46,30.63,4.0,6.744
20230304,Chitradurga,14.2306,76.398,25.84,29.53,4.27,6.6506
20230305,Chitradurga,14.2306,76.398,25.87,25.54,3.73,7.093
20230306,Chitradurga,14.2306,76.398,26.41,27.46,3.77,6.9662
20230307,Chitradurga,14.2306,76.398,26.18,27.96,3.8,6.5777
20230308,Chitradurga,14.2306,76.398,25.48,33.02,3.72,6.9334
20230309,Chitradurga,14.2306,76.398,24.9,33.68,3.16,4.9738
20230310,Chitradurga,14.2306,76.398,25.75,33.39,3.46,6.7397
20230311,Chitradurga,14.2306,76.398,26.13,37.19,3.53,6.8028
20230312,Chitradurga,14.2306,76.398,26.66,33.96,3.85,7.2331
20230313,Chitradurga,14.2306,76.398,27.05,35.93,2.5,7.2821
20230314,Chitradurga,14.2306,76.398,28.27,32.5,2.22,6.4138
20230315,Chitradurga,14.2306,76.398,28.3,34.16,1.62,5.4293
20230316,Chitradurga,14.2306,76.398,28.55,43.77,1.06,5.689
20230317,Chitradurga,14.2306,76.398,28.24,47.43,1.33,5.82
20230318,Chitradurga,14.2306,76.398,28.25,48.32,2.07,5.8133
20230319,Chitradurga,14.2306,76.398,26.05,56.26,3.38,6.5203
20230320,Chitradurga,14.2306,76.398,25.4,50.05,3.15,7.5286
20230321,Chitradurga,14.2306,76.398,24.93,47.71,3.04,7.6054
20230322,Chitradurga,14.2306,76.398,26.67,50.42,2.09,6.7505
20230323,Chitradurga,14.2306,76.398,27.69,48.07,2.6,7.1846
20230324,Chitradurga,14.2306,76.398,28.64,44.08,2.05,7.061
20230325,Chitradurga,14.2306,76.398,29.15,45.07,2.16,6.0845
20230326,Chitradurga,14.2306,76.398,29.22,41.19,1.96,6.283
20230327,Chitradurga,14.2306,76.398,28.32,41.06,1.81,7.44
20230328,Chitradurga,14.2306,76.398,28.88,42.74,1.61,7.297
20230329,Chitradurga,14.2306,76.398,29.82,40.61,2.2,6.9989
20230330,Chitradurga,14.2306,76.398,28.2,50.56,1.91,5.9966
20230331,Chitradurga,14.2306,76.398,28.29,49.22,1.74,7.0843
20230401,Chitradurga,14.2306,76.398,28.47,43.9,2.4,7.1364
20230402,Chitradurga,14.2306,76.398,28.32,41.81,2.69,7.589
20230403,Chitradurga,14.2306,76.398,27.74,42.69,2.05,7.6291
20230404,Chitradurga,14.2306,76.398,28.59,46.68,1.51,7.1635
20230405,Chitradurga,14.2306,76.398,29.69,41.38,1.95,7.0457
20230406,Chitradurga,14.2306,76.398,29.52,46.06,1.72,6.042
20230407,Chitradurga,14.2306,76.398,30.41,40.69,2.04,6.3022
20230408,Chitradurga,14.2306,76.398,30.13,34.53,3.58,7.3798
20230409,Chitradurga,14.2306,76.398,29.57,32.48,2.84,7.7712
20230410,Chitradurga,14.2306,76.398,29.99,32.67,2.62,7.7071
20230411,Chitradurga,14.2306,76.398,30.08,27.65,3.04,7.799
20230412,Chitradurga,14.2306,76.398,29.32,22.89,2.53,7.8067
20230413,Chitradurga,14.2306,76.398,30.17,24.63,2.36,7.1746
20230414,Chitradurga,14.2306,76.398,30.33,35.53,1.5,6.5256
20230415,Chitradurga,14.2306,76.398,30.09,34.23,1.54,6.0751
20230416,Chitradurga,14.2306,76.398,29.09,27.57,1.74,7.1227
20230417,Chitradurga,14.2306,76.398,28.86,25.98,2.2,7.2977
20230418,Chitradurga,14.2306,76.398,30.26,24.99,2.47,7.7568
20230419,Chitradurga,14.2306,76.398,30.67,28.28,1.94,7.6723
20230420,Chitradurga,14.2306,76.398,30.05,47.03,1.91,7.0819
20230421,Chitradurga,14.2306,76.398,30.07,50.18,2.2,6.4337
20230422,Chitradurga,14.2306,76.398,31.06,43.77,1.77,6.4973
20230423,Chitradurga,14.2306,76.398,30.51,37.82,2.26,7.2607
20230424,Chitradurga,14.2306,76.398,31.16,39.28,1.53,7.4352
20230425,Chitradurga,14.2306,76.398,29.81,48.49,2.63,6.0962
20230426,Chitradurga,14.2306,76.398,28.19,57.79,1.98,6.4344
20230427,Chitradurga,14.2306,76.398,29.61,53.69,1.6,6.4512
20230428,Chitradurga,14.2306,76.398,30.47,49.37,1.28,6.4541
20230429,Chitradurga,14.2306,76.398,28.91,56.06,1.83,5.683
20230430,Chitradurga,14.2306,76.398,26.48,72.64,1.06,6.8477
20230501,Chitradurga,14.2306,76.398,27.61,63.88,1.6,6.7435
20230502,Chitradurga,14.2306,76.398,27.56,63.47,2.2,6.4334
20230503,Chitradurga,14.2306,76.398,26.72,63.35,2.16,6.1685
20230504,Chitradurga,14.2306,76.398,27.51,62.81,1.26,6.8976
20230505,Chitradurga,14.2306,76.398,25.82,67.59,1.96,5.3378
20230506,Chitradurga,14.2306,76.398,27.08,64.0,1.88,6.6602
20230507,Chitradurga,14.2306,76.398,26.4,69.8,2.59,3.8033
20230508,Chitradurga,14.2306,76.398,26.47,72.86,1.61,5.5975
20230509,Chitradurga,14.2306,76.398,27.84,69.3,1.16,6.3653
20230510,Chitradurga,14.2306,76.398,28.56,66.4,1.75,6.1207
20230511,Chitradurga,14.2306,76.398,29.56,62.39,1.78,5.0738
20230512,Chitradurga,14.2306,76.398,28.48,66.9,2.17,6.2546
20230513,Chitradurga,14.2306,76.398,28.1,69.41,3.75,6.1834
20230514,Chitradurga,14.2306,76.398,28.79,61.98,3.7,7.4078
20230515,Chitradurga,14.2306,76.398,29.16,58.46,3.33,7.5619
20230516,Chitradurga,14.2306,76.398,29.77,55.49,2.52,7.6339
20230517,Chitradurga,14.2306,76.398,30.32,48.24,2.3,7.6747
20230518,Chitradurga,14.2306,76.398,31.1,45.2,2.27,7.494
20230519,Chitradurga,14.2306,76.398,31.81,43.01,2.24,6.745
20230520,Chitradurga,14.2306,76.398,30.93,50.58,2.65,6.7337
20230521,Chitradurga,14.2306,76.398,30.73,54.31,2.15,6.6684
20230522,Chitradurga,14.2306,76.398,30.18,56.14,2.22,6.7318
20230523,Chitradurga,14.2306,76.398,29.26,57.12,1.96,6.6934
20230524,Chitradurga,14.2306,76.398,27.96,64.84,2.75,6.7471
20230525,Chitradurga,14.2306,76.398,27.76,65.37,3.42,6.348
20230526,Chitradurga,14.2306,76.398,27.9,61.07,3.61,7.2454
20230527,Chitradurga,14.2306,76.398,28.11,63.97,3.28,7.0812
20230528,Chitradurga,14.2306,76.398,29.11,57.62,3.25,7.2161
20230529,Chitradurga,14.2306,76.398,29.25,60.06,2.45,5.8411
20230530,Chitradurga,14.2306,76.398,27.12,72.66,2.61,4.655
20230531,Chitradurga,14.2306,76.398,27.36,69.18,1.96,5.7216
20230601,Chitradurga,14.2306,76.398,25.99,74.28,3.35,6.0197
20230602,Chitradurga,14.2306,76.398,27.84,64.68,3.2,5.4379
20230603,Chitradurga,14.2306,76.398,28.91,61.68,3.29,7.0255
20230604,Chitradurga,14.2306,76.398,28.97,61.44,3.03,3.978
20230605,Chitradurga,14.2306,76.398,27.97,65.24,3.97,6.4164
20230606,Chitradurga,14.2306,76.398,28.32,63.84,3.75,6.739
20230607,Chitradurga,14.2306,76.398,27.65,66.89,4.18,6.1025
20230608,Chitradurga,14.2306,76.398,27.49,67.43,3.59,6.5736
20230609,Chitradurga,14.2306,76.398,27.62,64.68,3.88,6.7378
20230610,Chitradurga,14.2306,76.398,26.74,67.29,4.87,5.9647
20230611,Chitradurga,14.2306,76.398,27.2,65.27,4.76,4.9918
20230612,Chitradurga,14.2306,76.398,27.05,68.37,4.18,6.7474
20230613,Chitradurga,14.2306,76.398,27.45,66.69,4.65,6.5686
20230614,Chitradurga,14.2306,76.398,27.65,67.1,5.06,6.2306
20230615,Chitradurga,14.2306,76.398,28.22,64.48,4.61,6.7118
20230616,Chitradurga,14.2306,76.398,28.45,62.53,4.94,7.242
20230617,Chitradurga,14.2306,76.398,27.91,65.51,5.15,5.8416
20230618,Chitradurga,14.2306,76.398,26.84,69.63,4.63,5.0957
20230619,Chitradurga,14.2306,76.398,26.23,69.41,3.87,4.9558
20230620,Chitradurga,14.2306,76.398,26.23,68.47,3.33,5.1458
20230621,Chitradurga,14.2306,76.398,26.76,68.59,3.67,5.1727
20230622,Chitradurga,14.2306,76.398,25.42,72.4,3.77,5.3971
20230623,Chitradurga,14.2306,76.398,25.51,64.74,4.29,4.8382
20230624,Chitradurga,14.2306,76.398,25.02,76.76,4.35,4.1052
20230625,Chitradurga,14.2306,76.398,24.22,76.51,4.25,3.6367
20230626,Chitradurga,14.2306,76.398,24.61,70.15,4.83,5.2135
20230627,Chitradurga,14.2306,76.398,24.78,70.15,4.48,5.6261
20230628,Chitradurga,14.2306,76.398,25.13,67.6,4.93,3.7692
20230629,Chitradurga,14.2306,76.398,23.97,76.58,4.68,4.2698
20230630,Chitradurga,14.2306,76.398,24.82,72.4,4.75,4.9891
20230701,Chitradurga,14.2306,76.398,25.35,72.7,5.09,5.3873
20230702,Chitradurga,14.2306,76.398,24.58,79.67,5.17,4.9308
20230703,Chitradurga,14.2306,76.398,25.07,80.54,5.15,4.2751
20230704,Chitradurga,14.2306,76.398,24.65,82.82,4.81,3.8858
20230705,Chitradurga,14.2306,76.398,24.09,76.82,6.53,3.4954
20230706,Chitradurga,14.2306,76.398,23.9,75.33,6.54,3.979
20230707,Chitradurga,14.2306,76.398,24.88,74.3,5.08,4.1347
20230708,Chitradurga,14.2306,76.398,24.7,75.9,4.88,3.9074
20230709,Chitradurga,14.2306,76.398,24.6,79.41,4.05,3.9703
20230710,Chitradurga,14.2306,76.398,24.44,81.34,3.19,4.159
20230711,Chitradurga,14.2306,76.398,23.97,81.23,4.24,4.2017
20230712,Chitradurga,14.2306,76.398,24.34,72.91,5.11,4.9704
20230713,Chitradurga,14.2306,76.398,24.19,75.46,5.26,5.185
20230714,Chitradurga,14.2306,76.398,24.82,76.2,5.18,5.0777
20230715,Chitradurga,14.2306,76.398,25.11,76.79,4.63,5.0647
20230716,Chitradurga,14.2306,76.398,24.4,81.39,4.15,4.1731
20230717,Chitradurga,14.2306,76.398,25.13,78.08,4.75,3.6758
20230718,Chitradurga,14.2306,76.398,24.68,79.37,6.21,3.2412
20230719,Chitradurga,14.2306,76.398,24.18,80.23,7.11,2.9726
20230720,Chitradurga,14.2306,76.398,25.16,75.42,7.41,3.1315
20230721,Chitradurga,14.2306,76.398,24.96,78.93,7.16,2.569
20230722,Chitradurga,14.2306,76.398,24.26,77.45,6.94,3.1603
20230723,Chitradurga,14.2306,76.398,24.43,77.86,7.2,2.7574
20230724,Chitradurga,14.2306,76.398,23.39,83.45,6.07,2.8594
20230725,Chitradurga,14.2306,76.398,22.93,83.86,5.76,2.6246
20230726,Chitradurga,14.2306,76.398,22.99,85.64,5.74,2.5253
20230727,Chitradurga,14.2306,76.398,22.42,85.68,6.11,2.5966
20230728,Chitradurga,14.2306,76.398,24.07,80.37,6.0,5.0206
20230729,Chitradurga,14.2306,76.398,24.34,79.2,5.73,5.3052
20230730,Chitradurga,14.2306,76.398,24.54,78.74,5.14,4.8557
20230731,Chitradurga,14.2306,76.398,24.9,77.9,5.33,4.8703
20230801,Chitradurga,14.2306,76.398,24.64,78.19,5.57,4.7371
20230802,Chitradurga,14.2306,76.398,24.53,77.46,5.88,4.8235
20230803,Chitradurga,14.2306,76.398,24.74,76.86,5.73,4.5151
20230804,Chitradurga,14.2306,76.398,24.92,76.11,5.28,4.9126
20230805,Chitradurga,14.2306,76.398,24.29,79.08,4.71,5.3014
20230806,Chitradurga,14.2306,76.398,24.55,78.84,4.24,5.2099
20230807,Chitradurga,14.2306,76.398,25.24,75.45,4.33,5.1814
20230808,Chitradurga,14.2306,76.398,25.33,74.72,3.75,4.5024
20230809,Chitradurga,14.2306,76.398,24.99,76.09,3.21,5.4185
20230810,Chitradurga,14.2306,76.398,25.31,75.13,3.14,5.5301
20230811,Chitradurga,14.2306,76.398,25.41,74.97,3.24,5.7334
20230812,Chitradurga,14.2306,76.398,25.18,75.17,3.79,5.6714
20230813,Chitradurga,14.2306,76.398,25.1,73.54,3.82,5.91
20230814,Chitradurga,14.2306,76.398,24.15,74.5,3.65,5.1718
20230815,Chitradurga,14.2306,76.398,25.43,70.33,3.58,5.3654
20230816,Chitradurga,14.2306,76.398,25.7,71.6,3.57,5.8142
20230817,Chitradurga,14.2306,76.398,25.22,73.74,4.33,5.2793
20230818,Chitradurga,14.2306,76.398,23.98,78.21,4.14,4.6061
20230819,Chitradurga,14.2306,76.398,24.78,78.22,4.52,3.4714
20230820,Chitradurga,14.2306,76.398,25.54,74.4,4.07,6.1714
20230821,Chitradurga,14.2306,76.398,25.91,71.93,3.41,6.0922
20230822,Chitradurga,14.2306,76.398,26.28,69.03,3.31,6.6149
20230823,Chitradurga,14.2306,76.398,26.22,69.66,3.68,5.5066
20230824,Chitradurga,14.2306,76.398,25.6,72.07,3.58,6.114
20230825,Chitradurga,14.2306,76.398,26.14,70.88,3.69,5.4977
20230826,Chitradurga,14.2306,76.398,25.55,74.08,3.09,4.7873
20230827,Chitradurga,14.2306,76.398,25.65,72.01,3.54,6.0919
20230828,Chitradurga,14.2306,76.398,26.1,71.37,4.0,5.9374
20230829,Chitradurga,14.2306,76.398,26.13,70.76,4.02,5.9618
20230830,Chitradurga,14.2306,76.398,26.9,65.84,3.99,5.7672
20230831,Chitradurga,14.2306,76.398,25.55,76.25,2.57,5.4866
20230901,Chitradurga,14.2306,76.398,24.99,81.9,2.36,6.0943
20230902,Chitradurga,14.2306,76.398,23.78,84.2,3.01,5.3969
20230903,Chitradurga,14.2306,76.398,23.23,79.69,3.16,4.649
20230904,Chitradurga,14.2306,76.398,22.18,78.52,4.14,2.4847
20230905,Chitradurga,14.2306,76.398,22.95,83.05,3.85,2.5546
20230906,Chitradurga,14.2306,76.398,23.96,80.14,3.7,5.9436
20230907,Chitradurga,14.2306,76.398,24.54,78.76,3.62,5.3878
20230908,Chitradurga,14.2306,76.398,24.44,79.8,4.33,4.5994
20230909,Chitradurga,14.2306,76.398,24.64,78.05,4.23,4.8319
20230910,Chitradurga,14.2306,76.398,25.25,76.52,4.01,4.9745
20230911,Chitradurga,14.2306,76.398,24.34,79.48,3.94,4.3925
20230912,Chitradurga,14.2306,76.398,24.93,76.75,4.19,5.4578
20230913,Chitradurga,14.2306,76.398,25.05,75.04,4.21,5.6854
20230914,Chitradurga,14.2306,76.398,25.09,76.01,3.97,4.8494
20230915,Chitradurga,14.2306,76.398,24.57,76.75,4.16,4.4383
20230916,Chitradurga,14.2306,76.398,24.79,77.5,4.31,4.1014
20230917,Chitradurga,14.2306,76.398,25.24,77.24,3.65,4.5391
20230918,Chitradurga,14.2306,76.398,25.34,76.05,3.65,5.4173
20230919,Chitradurga,14.2306,76.398,25.44,74.39,3.63,5.0018
20230920,Chitradurga,14.2306,76.398,25.12,75.96,3.65,4.7078
20230921,Chitradurga,14.2306,76.398,24.06,81.39,2.34,4.5754
20230922,Chitradurga,14.2306,76.398,25.06,78.28,2.11,4.6488
20230923,Chitradurga,14.2306,76.398,24.73,83.06,2.43,4.8415
20230924,Chitradurga,14.2306,76.398,23.83,83.58,2.87,4.9577
20230925,Chitradurga,14.2306,76.398,22.75,84.58,3.18,5.1377
20230926,Chitradurga,14.2306,76.398,24.1,78.11,3.07,4.799
20230927,Chitradurga,14.2306,76.398,24.3,75.43,3.39,4.1095
20230928,Chitradurga,14.2306,76.398,23.77,83.44,2.46,4.7842
20230929,Chitradurga,14.2306,76.398,24.73,80.38,2.88,4.9207
20230930,Chitradurga,14.2306,76.398,24.09,76.3,4.19,4.765
20231001,Chitradurga,14.2306,76.398,24.84,77.39,4.59,3.7579
20231002,Chitradurga,14.2306,76.398,24.71,76.37,3.72,3.9439
20231003,Chitradurga,14.2306,76.398,24.6,75.6,3.11,5.4941
20231004,Chitradurga,14.2306,76.398,24.74,76.74,2.11,4.5624
20231005,Chitradurga,14.2306,76.398,24.82,76.85,2.37,4.3817
20231006,Chitradurga,14.2306,76.398,25.1,75.49,1.28,4.9087
20231007,Chitradurga,14.2306,76.398,26.13,72.13,1.04,4.8156
20231008,Chitradurga,14.2306,76.398,26.8,71.29,0.88,5.2042
20231009,Chitradurga,14.2306,76.398,25.99,76.9,1.04,4.2626
20231010,Chitradurga,14.2306,76.398,26.71,71.54,1.64,4.1263
20231011,Chitradurga,14.2306,76.398,26.81,73.04,1.7,4.434
20231012,Chitradurga,14.2306,76.398,26.57,71.58,1.68,4.7407
20231013,Chitradurga,14.2306,76.398,26.35,63.45,1.97,5.5536
20231014,Chitradurga,14.2306,76.398,25.7,61.49,1.83,5.9568
20231015,Chitradurga,14.2306,76.398,25.98,68.04,1.18,5.1214
20231016,Chitradurga,14.2306,76.398,26.36,68.74,1.11,4.7438
20231017,Chitradurga,14.2306,76.398,26.43,69.36,1.51,4.7731
20231018,Chitradurga,14.2306,76.398,26.62,64.04,1.89,5.9942
20231019,Chitradurga,14.2306,76.398,26.19,61.4,2.2,5.2877
20231020,Chitradurga,14.2306,76.398,26.4,60.12,2.48,5.123
20231021,Chitradurga,14.2306,76.398,26.71,60.95,2.48,4.9068
20231022,Chitradurga,14.2306,76.398,26.93,58.5,2.14,5.1821
20231023,Chitradurga,14.2306,76.398,25.91,46.62,2.52,5.7247
20231024,Chitradurga,14.2306,76.398,25.24,44.95,2.04,5.981
20231025,Chitradurga,14.2306,76.398,24.95,44.61,2.2,6.3905
20231026,Chitradurga,14.2306,76.398,24.34,44.1,2.09,5.4235
20231027,Chitradurga,14.2306,76.398,24.94,51.3,2.2,5.9707
20231028,Chitradurga,14.2306,76.398,26.46,62.88,1.38,4.783
20231029,Chitradurga,14.2306,76.398,27.0,63.53,1.66,4.7414
20231030,Chitradurga,14.2306,76.398,25.45,70.27,1.94,4.3147
20231031,Chitradurga,14.2306,76.398,23.99,74.76,1.2,3.415
20231101,Chitradurga,14.2306,76.398,26.08,62.64,2.24,4.3786
20231102,Chitradurga,14.2306,76.398,26.82,61.88,2.36,4.771
20231103,Chitradurga,14.2306,76.398,27.91,60.27,2.38,4.4407
20231104,Chitradurga,14.2306,76.398,27.23,64.38,2.73,4.3289
20231105,Chitradurga,14.2306,76.398,25.89,72.87,2.94,3.4754
20231106,Chitradurga,14.2306,76.398,24.37,79.65,1.44,3.4322
20231107,Chitradurga,14.2306,76.398,24.35,82.1,1.45,4.243
20231108,Chitradurga,14.2306,76.398,24.38,81.63,1.7,3.9475
20231109,Chitradurga,14.2306,76.398,24.09,80.16,2.53,4.0937
20231110,Chitradurga,14.2306,76.398,24.44,74.66,1.92,5.1403
20231111,Chitradurga,14.2306,76.398,24.13,67.02,2.68,5.4888
20231112,Chitradurga,14.2306,76.398,22.58,69.39,2.69,4.8523
20231113,Chitradurga,14.2306,76.398,22.85,69.33,2.87,4.2828
20231114,Chitradurga,14.2306,76.398,22.23,72.86,2.52,4.001
20231115,Chitradurga,14.2306,76.398,22.8,68.98,1.88,4.8206
20231116,Chitradurga,14.2306,76.398,23.77,65.62,1.58,4.5353
20231117,Chitradurga,14.2306,76.398,24.55,67.34,1.89,4.8386
20231118,Chitradurga,14.2306,76.398,25.28,66.4,2.63,4.7438
20231119,Chitradurga,14.2306,76.398,25.19,68.55,2.97,5.1778
20231120,Chitradurga,14.2306,76.398,24.45,65.27,2.73,5.5368
20231121,Chitradurga,14.2306,76.398,24.84,73.38,2.73,3.9917
20231122,Chitradurga,14.2306,76.398,25.08,76.1,3.0,3.3866
20231123,Chitradurga,14.2306,76.398,25.22,73.86,2.79,3.9132
20231124,Chitradurga,14.2306,76.398,25.34,72.83,2.5,3.2354
20231125,Chitradurga,14.2306,76.398,24.31,77.02,2.87,3.5383
20231126,Chitradurga,14.2306,76.398,24.29,68.04,3.28,3.9331
20231127,Chitradurga,14.2306,76.398,24.72,70.05,2.39,3.5777
20231128,Chitradurga,14.2306,76.398,25.42,69.39,1.94,4.9039
20231129,Chitradurga,14.2306,76.398,24.91,74.43,2.23,4.302
20231130,Chitradurga,14.2306,76.398,25.17,68.56,2.69,4.4933
20231201,Chitradurga,14.2306,76.398,25.1,68.89,2.48,4.0642
20231202,Chitradurga,14.2306,76.398,24.6,66.91,3.29,5.2224
20231203,Chitradurga,14.2306,76.398,25.06,73.11,3.85,3.4349
20231204,Chitradurga,14.2306,76.398,24.7,70.39,3.11,2.8757
20231205,Chitradurga,14.2306,76.398,23.71,68.24,2.39,3.0418
20231206,Chitradurga,14.2306,76.398,25.28,65.89,1.0,4.555
20231207,Chitradurga,14.2306,76.398,25.16,70.33,0.86,3.6984
20231208,Chitradurga,14.2306,76.398,25.07,75.2,1.76,3.1646
20231209,Chitradurga,14.2306,76.398,22.19,81.21,2.82,3.2102
20231210,Chitradurga,14.2306,76.398,24.22,68.85,2.55,3.9382
20231211,Chitradurga,14.2306,76.398,23.63,65.69,2.14,4.115
20231212,Chitradurga,14.2306,76.398,23.18,63.04,2.29,4.8456
20231213,Chitradurga,14.2306,76.398,21.9,62.32,2.49,5.1785
20231214,Chitradurga,14.2306,76.398,21.44,61.27,2.85,4.8175
20231215,Chitradurga,14.2306,76.398,22.82,66.75,2.47,3.9845
20231216,Chitradurga,14.2306,76.398,24.72,70.3,3.44,2.7425
20231217,Chitradurga,14.2306,76.398,24.98,65.42,3.77,3.1008
20231218,Chitradurga,14.2306,76.398,23.38,68.99,3.68,3.5714
20231219,Chitradurga,14.2306,76.398,23.42,60.78,3.99,4.8079
20231220,Chitradurga,14.2306,76.398,23.19,61.11,3.29,4.2746
20231221,Chitradurga,14.2306,76.398,23.77,59.84,2.37,5.0242
20231222,Chitradurga,14.2306,76.398,22.2,61.27,1.95,4.1462
20231223,Chitradurga,14.2306,76.398,21.19,53.95,2.79,5.022
20231224,Chitradurga,14.2306,76.398,22.09,58.02,2.97,5.4737
20231225,Chitradurga,14.2306,76.398,23.56,59.07,2.94,5.2714
20231226,Chitradurga,14.2306,76.398,22.51,54.45,3.01,5.49
20231227,Chitradurga,14.2306,76.398,22.57,56.43,3.45,5.6273
20231228,Chitradurga,14.2306,76.398,23.17,57.85,3.24,5.6126
20231229,Chitradurga,14.2306,76.398,24.33,57.58,3.32,5.6515
20231230,Chitradurga,14.2306,76.398,24.25,52.82,3.14,5.6268
20231231,Chitradurga,14.2306,76.398,22.54,52.1,2.57,5.5229
20240101,Chitradurga,14.2306,76.398,24.31,52.98,1.32,5.2438
20240102,Chitradurga,14.2306,76.398,24.17,54.33,2.51,4.511
20240103,Chitradurga,14.2306,76.398,23.33,61.22,1.77,3.5042
20240104,Chitradurga,14.2306,76.398,22.3,70.98,2.2,3.0276
20240105,Chitradurga,14.2306,76.398,24.32,66.5,1.66,3.517
20240106,Chitradurga,14.2306,76.398,22.76,65.3,2.83,3.9869
20240107,Chitradurga,14.2306,76.398,22.78,60.96,3.67,4.9507
20240108,Chitradurga,14.2306,76.398,23.31,70.18,3.71,2.6333
20240109,Chitradurga,14.2306,76.398,23.6,69.53,3.33,2.8824
20240110,Chitradurga,14.2306,76.398,23.67,58.94,3.21,4.5365
20240111,Chitradurga,14.2306,76.398,24.0,51.07,3.22,5.4595
20240112,Chitradurga,14.2306,76.398,23.86,54.95,3.59,5.5339
20240113,Chitradurga,14.2306,76.398,24.54,58.12,2.68,4.9162
20240114,Chitradurga,14.2306,76.398,24.18,55.81,2.2,4.7369
20240115,Chitradurga,14.2306,76.398,24.16,49.21,1.81,5.0398
20240116,Chitradurga,14.2306,76.398,23.99,50.95,1.44,4.6694
20240117,Chitradurga,14.2306,76.398,24.69,56.6,1.18,5.3573
20240118,Chitradurga,14.2306,76.398,24.71,62.41,1.08,4.6714
20240119,Chitradurga,14.2306,76.398,25.42,54.81,1.16,4.957
20240120,Chitradurga,14.2306,76.398,25.35,56.25,1.93,5.1038
20240121,Chitradurga,14.2306,76.398,25.52,53.16,1.1,5.544
20240122,Chitradurga,14.2306,76.398,25.84,54.64,1.28,5.5774
20240123,Chitradurga,14.2306,76.398,24.46,57.7,1.85,5.6424
20240124,Chitradurga,14.2306,76.398,24.12,58.54,1.51,5.6201
20240125,Chitradurga,14.2306,76.398,24.96,53.29,1.58,5.4391
20240126,Chitradurga,14.2306,76.398,24.98,47.98,2.93,5.8478
20240127,Chitradurga,14.2306,76.398,24.29,53.25,3.33,5.916
20240128,Chitradurga,14.2306,76.398,24.06,51.86,3.34,5.6292
20240129,Chitradurga,14.2306,76.398,23.81,49.52,3.06,5.8378
20240130,Chitradurga,14.2306,76.398,23.97,44.53,1.95,5.7595
20240131,Chitradurga,14.2306,76.398,24.49,42.23,1.69,6.067
20240201,Chitradurga,14.2306,76.398,24.26,58.62,1.92,6.1704
20240202,Chitradurga,14.2306,76.398,25.17,54.67,1.14,6.0348
20240203,Chitradurga,14.2306,76.398,26.72,51.38,2.26,5.3047
20240204,Chitradurga,14.2306,76.398,26.59,46.15,2.96,5.9124
20240205,Chitradurga,14.2306,76.398,25.85,41.04,2.97,6.2134
20240206,Chitradurga,14.2306,76.398,26.4,36.32,2.84,6.3598
20240207,Chitradurga,14.2306,76.398,26.57,35.8,2.6,6.3658
20240208,Chitradurga,14.2306,76.398,27.01,34.19,2.4,6.1078
20240209,Chitradurga,14.2306,76.398,26.96,35.07,3.09,6.149
20240210,Chitradurga,14.2306,76.398,26.55,39.96,2.93,6.1152
20240211,Chitradurga,14.2306,76.398,26.2,40.11,3.03,6.4346
20240212,Chitradurga,14.2306,76.398,26.19,35.04,3.09,6.7922
20240213,Chitradurga,14.2306,76.398,25.56,35.7,2.89,6.6605
20240214,Chitradurga,14.2306,76.398,26.32,47.12,3.09,6.3074
20240215,Chitradurga,14.2306,76.398,27.03,37.98,3.23,6.151
20240216,Chitradurga,14.2306,76.398,26.33,32.51,3.48,6.8863
20240217,Chitradurga,14.2306,76.398,26.03,33.55,3.05,6.9535
20240218,Chitradurga,14.2306,76.398,26.36,32.88,2.09,6.8431
20240219,Chitradurga,14.2306,76.398,26.89,36.49,2.0,6.3038
20240220,Chitradurga,14.2306,76.398,27.68,40.03,1.26,6.4601
20240221,Chitradurga,14.2306,76.398,26.55,45.59,2.74,6.5208
20240222,Chitradurga,14.2306,76.398,26.07,54.0,2.57,6.7961
20240223,Chitradurga,14.2306,76.398,26.38,49.32,1.82,6.7764
20240224,Chitradurga,14.2306,76.398,26.48,41.75,1.63,6.6523
20240225,Chitradurga,14.2306,76.398,27.55,50.94,1.49,5.909
20240226,Chitradurga,14.2306,76.398,28.48,40.56,3.0,6.6362
20240227,Chitradurga,14.2306,76.398,27.86,41.43,3.29,6.9235
20240228,Chitradurga,14.2306,76.398,27.93,36.74,3.38,6.9427
20240229,Chitradurga,14.2306,76.398,27.59,30.55,3.59,6.9598
20240301,Chitradurga,14.2306,76.398,27.52,32.11,3.37,6.5496
20240302,Chitradurga,14.2306,76.398,28.35,36.12,2.37,6.8902
20240303,Chitradurga,14.2306,76.398,28.25,51.29,1.56,6.4464
20240304,Chitradurga,14.2306,76.398,30.06,40.46,1.5,6.655
20240305,Chitradurga,14.2306,76.398,30.37,36.08,1.24,6.576
20240306,Chitradurga,14.2306,76.398,29.28,38.96,2.38,6.5503
20240307,Chitradurga,14.2306,76.398,28.24,43.36,1.35,6.7421
20240308,Chitradurga,14.2306,76.398,28.55,28.15,1.76,6.6178
20240309,Chitradurga,14.2306,76.398,29.68,32.34,1.02,6.3
20240310,Chitradurga,14.2306,76.398,30.91,37.17,1.23,5.8054
20240311,Chitradurga,14.2306,76.398,30.86,37.26,1.95,5.4353
20240312,Chitradurga,14.2306,76.398,30.68,34.74,2.23,5.7122
20240313,Chitradurga,14.2306,76.398,29.82,42.64,2.07,5.9131
20240314,Chitradurga,14.2306,76.398,28.93,47.55,2.38,6.0996
20240315,Chitradurga,14.2306,76.398,29.11,45.02,1.41,6.3182
20240316,Chitradurga,14.2306,76.398,30.13,40.55,1.33,6.497
20240317,Chitradurga,14.2306,76.398,30.42,37.24,2.14,6.643
20240318,Chitradurga,14.2306,76.398,30.26,39.05,1.65,6.5604
20240319,Chitradurga,14.2306,76.398,31.25,31.6,0.98,6.6542
20240320,Chitradurga,14.2306,76.398,30.77,28.1,2.56,6.7349
20240321,Chitradurga,14.2306,76.398,29.74,37.07,2.97,6.1546
20240322,Chitradurga,14.2306,76.398,30.07,37.65,2.26,6.2335
20240323,Chitradurga,14.2306,76.398,30.43,33.71,2.04,6.6751
20240324,Chitradurga,14.2306,76.398,31.43,30.78,2.03,6.7433
20240325,Chitradurga,14.2306,76.398,30.8,26.8,2.85,6.9276
20240326,Chitradurga,14.2306,76.398,30.97,26.57,3.18,6.6475
20240327,Chitradurga,14.2306,76.398,30.99,23.52,3.42,7.2866
20240328,Chitradurga,14.2306,76.398,30.66,21.34,3.37,7.2031
20240329,Chitradurga,14.2306,76.398,31.32,25.61,3.15,6.9912
20240330,Chitradurga,14.2306,76.398,31.48,32.75,2.93,7.2079
20240331,Chitradurga,14.2306,76.398,30.31,26.74,2.57,7.6294
20240401,Chitradurga,14.2306,76.398,30.25,23.32,2.41,7.541
20240402,Chitradurga,14.2306,76.398,30.75,26.53,2.2,7.0579
20240403,Chitradurga,14.2306,76.398,31.29,29.49,1.9,7.1047
20240404,Chitradurga,14.2306,76.398,31.48,35.72,2.04,7.3543
20240405,Chitradurga,14.2306,76.398,31.85,30.48,2.19,7.1203
20240406,Chitradurga,14.2306,76.398,32.28,26.92,2.42,6.8062
20240407,Chitradurga,14.2306,76.398,32.4,37.41,2.13,6.5969
20240408,Chitradurga,14.2306,76.398,31.95,36.72,1.87,7.0166
20240409,Chitradurga,14.2306,76.398,32.06,31.68,2.61,7.2446
20240410,Chitradurga,14.2306,76.398,31.94,31.33,2.64,7.3097
20240411,Chitradurga,14.2306,76.398,32.21,33.45,1.89,7.2398
20240412,Chitradurga,14.2306,76.398,32.39,35.52,2.01,6.4301
20240413,Chitradurga,14.2306,76.398,31.02,43.47,1.66,5.9592
20240414,Chitradurga,14.2306,76.398,31.25,44.24,2.12,7.2708
20240415,Chitradurga,14.2306,76.398,31.83,31.07,3.27,7.5936
20240416,Chitradurga,14.2306,76.398,32.32,32.42,2.85,7.2276
20240417,Chitradurga,14.2306,76.398,32.01,41.66,1.69,5.8236
20240418,Chitradurga,14.2306,76.398,32.46,42.52,1.57,5.3054
20240419,Chitradurga,14.2306,76.398,30.36,54.59,2.47,5.8018
20240420,Chitradurga,14.2306,76.398,29.02,59.65,1.92,3.2743
20240421,Chitradurga,14.2306,76.398,30.35,50.01,2.08,6.9079
20240422,Chitradurga,14.2306,76.398,30.45,52.07,1.9,6.349
20240423,Chitradurga,14.2306,76.398,31.08,45.41,1.46,7.493
20240424,Chitradurga,14.2306,76.398,31.3,42.69,1.77,7.5857
20240425,Chitradurga,14.2306,76.398,31.78,41.02,2.06,7.223
20240426,Chitradurga,14.2306,76.398,32.29,35.27,2.26,7.4496
20240427,Chitradurga,14.2306,76.398,32.29,31.78,2.49,7.6579
20240428,Chitradurga,14.2306,76.398,32.94,28.67,2.85,7.44
20240429,Chitradurga,14.2306,76.398,32.54,35.34,2.41,7.4167
20240430,Chitradurga,14.2306,76.398,32.86,28.45,2.0,7.4563
20240501,Chitradurga,14.2306,76.398,31.78,51.86,2.91,6.7044
20240502,Chitradurga,14.2306,76.398,33.05,41.51,2.12,6.9365
20240503,Chitradurga,14.2306,76.398,32.38,40.64,3.48,7.307
20240504,Chitradurga,14.2306,76.398,31.59,45.65,3.59,7.5194
20240505,Chitradurga,14.2306,76.398,31.29,46.75,3.74,7.3219
20240506,Chitradurga,14.2306,76.398,31.88,50.35,3.12,7.0159
20240507,Chitradurga,14.2306,76.398,31.42,54.27,1.76,6.5251
20240508,Chitradurga,14.2306,76.398,30.89,54.0,2.1,6.709
20240509,Chitradurga,14.2306,76.398,30.53,51.6,1.98,6.4954
20240510,Chitradurga,14.2306,76.398,30.64,52.59,1.35,6.0994
20240511,Chitradurga,14.2306,76.398,30.04,57.9,1.34,6.7222
20240512,Chitradurga,14.2306,76.398,29.8,60.02,1.62,6.4481
20240513,Chitradurga,14.2306,76.398,28.36,66.99,2.19,4.9817
20240514,Chitradurga,14.2306,76.398,27.72,68.15,1.78,6.228
20240515,Chitradurga,14.2306,76.398,28.67,62.74,1.64,6.1289
20240516,Chitradurga,14.2306,76.398,28.27,63.56,1.99,5.5308
20240517,Chitradurga,14.2306,76.398,28.49,62.79,1.57,4.986
20240518,Chitradurga,14.2306,76.398,27.47,71.03,0.87,5.5123
20240519,Chitradurga,14.2306,76.398,25.82,82.21,1.59,5.1286
20240520,Chitradurga,14.2306,76.398,25.1,82.49,1.55,5.461
20240521,Chitradurga,14.2306,76.398,26.66,73.15,1.67,6.1831
20240522,Chitradurga,14.2306,76.398,28.27,70.87,1.85,6.2431
20240523,Chitradurga,14.2306,76.398,28.66,68.87,1.38,6.2448
20240524,Chitradurga,14.2306,76.398,26.67,79.32,2.82,5.3203
20240525,Chitradurga,14.2306,76.398,24.5,82.2,4.67,2.741
20240526,Chitradurga,14.2306,76.398,25.31,78.96,4.8,2.6002
20240527,Chitradurga,14.2306,76.398,26.47,78.42,4.69,2.808
20240528,Chitradurga,14.2306,76.398,26.42,74.86,4.75,6.0931
20240529,Chitradurga,14.2306,76.398,26.26,76.83,4.62,6.751
20240530,Chitradurga,14.2306,76.398,27.41,74.46,3.93,6.9722
20240531,Chitradurga,14.2306,76.398,27.9,74.11,3.76,7.0519
20240601,Chitradurga,14.2306,76.398,26.89,80.77,3.3,6.3756
20240602,Chitradurga,14.2306,76.398,26.63,79.06,1.82,5.8973
20240603,Chitradurga,14.2306,76.398,26.2,79.56,1.98,3.8813
20240604,Chitradurga,14.2306,76.398,25.19,84.0,1.99,4.675
20240605,Chitradurga,14.2306,76.398,25.59,82.68,2.39,5.8747
20240606,Chitradurga,14.2306,76.398,25.81,78.99,2.74,5.4194
20240607,Chitradurga,14.2306,76.398,24.75,78.22,3.04,3.5266
20240608,Chitradurga,14.2306,76.398,25.25,77.17,4.8,4.5161
20240609,Chitradurga,14.2306,76.398,24.88,80.04,5.69,4.026
20240610,Chitradurga,14.2306,76.398,24.4,76.25,6.25,4.6987
20240611,Chitradurga,14.2306,76.398,23.41,77.89,5.0,5.0434
20240612,Chitradurga,14.2306,76.398,23.44,76.93,4.98,5.0316
20240613,Chitradurga,14.2306,76.398,23.72,73.56,4.73,4.2478
20240614,Chitradurga,14.2306,76.398,24.33,70.73,4.3,5.3887
20240615,Chitradurga,14.2306,76.398,25.3,77.22,3.69,6.5935
20240616,Chitradurga,14.2306,76.398,25.68,71.48,3.97,6.192
20240617,Chitradurga,14.2306,76.398,25.38,73.07,3.63,6.2861
20240618,Chitradurga,14.2306,76.398,24.52,75.56,3.69,5.9518
20240619,Chitradurga,14.2306,76.398,25.01,71.95,4.18,5.3911
20240620,Chitradurga,14.2306,76.398,25.55,74.12,4.65,5.6208
20240621,Chitradurga,14.2306,76.398,24.88,75.2,5.15,5.0167
20240622,Chitradurga,14.2306,76.398,24.66,72.71,4.53,5.5104
20240623,Chitradurga,14.2306,76.398,24.49,76.74,4.5,5.4072
20240624,Chitradurga,14.2306,76.398,24.72,74.51,5.28,4.5614
20240625,Chitradurga,14.2306,76.398,24.18,74.29,5.78,4.7525
20240626,Chitradurga,14.2306,76.398,23.32,74.49,6.64,4.3205
20240627,Chitradurga,14.2306,76.398,22.61,73.23,6.82,4.4117
20240628,Chitradurga,14.2306,76.398,24.7,71.05,5.58,4.9289
20240629,Chitradurga,14.2306,76.398,24.96,76.12,4.67,5.0561
20240630,Chitradurga,14.2306,76.398,24.48,76.25,4.62,4.0498
20240701,Chitradurga,14.2306,76.398,24.2,76.57,5.8,4.4174
20240702,Chitradurga,14.2306,76.398,24.64,76.0,5.54,5.1247
20240703,Chitradurga,14.2306,76.398,25.13,79.82,4.84,4.193
20240704,Chitradurga,14.2306,76.398,24.73,77.1,5.16,4.3123
20240705,Chitradurga,14.2306,76.398,23.46,78.98,4.61,3.4394
20240706,Chitradurga,14.2306,76.398,24.98,79.04,5.68,3.319
20240707,Chitradurga,14.2306,76.398,24.14,77.69,5.38,3.8078
20240708,Chitradurga,14.2306,76.398,23.22,80.51,4.74,3.9067
20240709,Chitradurga,14.2306,76.398,24.32,79.9,4.32,4.5156
20240710,Chitradurga,14.2306,76.398,24.21,78.54,4.01,5.4643
20240711,Chitradurga,14.2306,76.398,24.09,76.48,4.84,5.4576
20240712,Chitradurga,14.2306,76.398,23.23,78.14,5.0,4.6092
20240713,Chitradurga,14.2306,76.398,23.59,82.21,5.69,4.7292
20240714,Chitradurga,14.2306,76.398,23.95,83.37,6.41,3.7567
20240715,Chitradurga,14.2306,76.398,24.17,86.78,6.76,3.635
20240716,Chitradurga,14.2306,76.398,24.31,83.5,6.72,4.0277
20240717,Chitradurga,14.2306,76.398,24.43,84.84,6.46,3.1402
20240718,Chitradurga,14.2306,76.398,24.76,82.67,7.39,3.4814
20240719,Chitradurga,14.2306,76.398,23.62,85.84,6.94,2.8286
20240720,Chitradurga,14.2306,76.398,23.81,83.94,6.43,2.5951
20240721,Chitradurga,14.2306,76.398,24.07,82.52,6.42,3.0562
20240722,Chitradurga,14.2306,76.398,23.91,80.31,6.54,3.971
20240723,Chitradurga,14.2306,76.398,23.6,80.68,6.86,3.0665
20240724,Chitradurga,14.2306,76.398,23.83,79.29,7.03,3.8141
20240725,Chitradurga,14.2306,76.398,23.98,80.02,7.62,2.9105
20240726,Chitradurga,14.2306,76.398,24.27,80.45,7.12,3.3586
20240727,Chitradurga,14.2306,76.398,24.4,79.21,6.84,3.3144
20240728,Chitradurga,14.2306,76.398,24.53,79.8,6.63,3.7901
20240729,Chitradurga,14.2306,76.398,25.45,78.41,6.12,4.5574
20240730,Chitradurga,14.2306,76.398,24.32,84.44,4.86,3.997
20240731,Chitradurga,14.2306,76.398,24.43,84.89,4.78,4.087
20240801,Chitradurga,14.2306,76.398,24.29,84.28,5.48,4.0771
20240802,Chitradurga,14.2306,76.398,23.76,83.41,5.26,3.0425
20240803,Chitradurga,14.2306,76.398,23.09,82.66,5.03,3.2885
20240804,Chitradurga,14.2306,76.398,22.79,83.74,4.86,4.4614
20240805,Chitradurga,14.2306,76.398,24.22,80.67,3.7,4.2626
20240806,Chitradurga,14.2306,76.398,24.05,82.39,4.07,4.4791
20240807,Chitradurga,14.2306,76.398,23.53,84.51,3.62,2.6724
20240808,Chitradurga,14.2306,76.398,24.19,82.01,3.6,4.0094
20240809,Chitradurga,14.2306,76.398,24.8,80.8,3.18,5.3647
20240810,Chitradurga,14.2306,76.398,24.43,82.68,3.09,4.4614
20240811,Chitradurga,14.2306,76.398,24.24,85.32,2.99,6.1363
20240812,Chitradurga,14.2306,76.398,25.0,81.46,2.74,5.2505
20240813,Chitradurga,14.2306,76.398,25.6,81.83,2.04,5.029
20240814,Chitradurga,14.2306,76.398,26.17,80.14,1.01,6.3302
20240815,Chitradurga,14.2306,76.398,26.92,77.09,1.53,6.0994
20240816,Chitradurga,14.2306,76.398,26.1,82.69,1.46,4.1885
20240817,Chitradurga,14.2306,76.398,25.82,83.84,2.49,5.9791
20240818,Chitradurga,14.2306,76.398,26.08,79.46,1.92,6.2465
20240819,Chitradurga,14.2306,76.398,26.23,79.0,1.12,4.4959
20240820,Chitradurga,14.2306,76.398,25.86,80.88,1.74,5.749
20240821,Chitradurga,14.2306,76.398,24.99,83.44,2.14,5.3314
20240822,Chitradurga,14.2306,76.398,24.31,85.14,2.9,5.0575
20240823,Chitradurga,14.2306,76.398,24.04,85.47,2.98,5.3952
20240824,Chitradurga,14.2306,76.398,23.56,84.45,4.17,3.3355
20240825,Chitradurga,14.2306,76.398,23.65,87.13,4.58,4.5427
20240826,Chitradurga,14.2306,76.398,23.89,84.83,5.19,5.1113
20240827,Chitradurga,14.2306,76.398,23.92,84.26,3.99,5.0518
20240828,Chitradurga,14.2306,76.398,23.87,83.07,4.32,4.5454
20240829,Chitradurga,14.2306,76.398,23.98,85.39,4.31,5.2951
20240830,Chitradurga,14.2306,76.398,23.61,88.28,3.71,4.3486
20240831,Chitradurga,14.2306,76.398,23.11,89.6,4.13,2.3796
20240901,Chitradurga,14.2306,76.398,23.41,82.51,5.4,2.317
20240902,Chitradurga,14.2306,76.398,23.29,83.18,5.0,5.2774
20240903,Chitradurga,14.2306,76.398,24.16,84.44,4.14,4.5586
20240904,Chitradurga,14.2306,76.398,23.75,86.96,4.09,4.4892
20240905,Chitradurga,14.2306,76.398,24.23,85.46,4.17,5.3424
20240906,Chitradurga,14.2306,76.398,23.71,86.98,3.7,4.7453
20240907,Chitradurga,14.2306,76.398,23.69,87.05,3.68,4.8538
20240908,Chitradurga,14.2306,76.398,23.7,86.75,3.58,3.8218
20240909,Chitradurga,14.2306,76.398,23.95,86.66,4.29,4.8965
20240910,Chitradurga,14.2306,76.398,23.92,86.5,4.16,4.6524
20240911,Chitradurga,14.2306,76.398,23.91,84.2,3.78,4.8622
20240912,Chitradurga,14.2306,76.398,23.43,85.11,3.6,5.5392
20240913,Chitradurga,14.2306,76.398,23.66,83.21,3.27,5.5375
20240914,Chitradurga,14.2306,76.398,23.9,81.7,3.13,5.9796
20240915,Chitradurga,14.2306,76.398,23.76,82.42,3.6,5.0314
20240916,Chitradurga,14.2306,76.398,23.67,82.7,3.65,5.0834
20240917,Chitradurga,14.2306,76.398,23.93,81.75,3.54,5.2634
20240918,Chitradurga,14.2306,76.398,23.51,79.11,2.95,6.3182
20240919,Chitradurga,14.2306,76.398,23.75,77.91,2.64,6.3826
20240920,Chitradurga,14.2306,76.398,23.92,81.21,2.39,6.1495
20240921,Chitradurga,14.2306,76.398,24.05,83.53,2.76,5.4655
20240922,Chitradurga,14.2306,76.398,22.8,86.95,2.73,4.5766
20240923,Chitradurga,14.2306,76.398,24.05,84.78,3.19,4.5967
20240924,Chitradurga,14.2306,76.398,23.13,91.95,3.89,4.104
20240925,Chitradurga,14.2306,76.398,23.6,87.76,3.47,3.6437
20240926,Chitradurga,14.2306,76.398,23.28,84.32,4.01,4.2614
20240927,Chitradurga,14.2306,76.398,23.37,85.22,2.95,4.0428
20240928,Chitradurga,14.2306,76.398,24.07,83.95,1.59,5.0489
20240929,Chitradurga,14.2306,76.398,24.95,84.46,1.73,3.991
20240930,Chitradurga,14.2306,76.398,25.74,78.66,1.66,5.8985
20241001,Chitradurga,14.2306,76.398,26.45,72.63,1.16,6.3679
20241002,Chitradurga,14.2306,76.398,25.88,82.43,1.39,5.8442
20241003,Chitradurga,14.2306,76.398,24.5,86.62,2.29,4.7767
20241004,Chitradurga,14.2306,76.398,24.48,86.62,1.79,4.7393
20241005,Chitradurga,14.2306,76.398,23.33,89.31,2.31,4.1554
20241006,Chitradurga,14.2306,76.398,23.41,86.81,1.42,4.422
20241007,Chitradurga,14.2306,76.398,23.82,79.49,2.22,5.2682
20241008,Chitradurga,14.2306,76.398,24.37,82.54,2.16,4.9522
20241009,Chitradurga,14.2306,76.398,24.8,83.3,2.31,4.8494
20241010,Chitradurga,14.2306,76.398,25.09,82.85,1.96,4.3966
20241011,Chitradurga,14.2306,76.398,24.85,84.65,2.24,4.1136
20241012,Chitradurga,14.2306,76.398,24.52,85.44,2.0,4.9471
20241013,Chitradurga,14.2306,76.398,24.69,83.93,2.19,5.1605
20241014,Chitradurga,14.2306,76.398,23.52,87.03,2.0,2.9969
20241015,Chitradurga,14.2306,76.398,22.93,90.45,2.37,3.1565
20241016,Chitradurga,14.2306,76.398,22.97,90.35,1.69,2.0386
20241017,Chitradurga,14.2306,76.398,23.63,89.34,1.11,2.9194
20241018,Chitradurga,14.2306,76.398,23.29,87.9,1.61,3.5923
20241019,Chitradurga,14.2306,76.398,23.24,89.44,1.27,3.4795
20241020,Chitradurga,14.2306,76.398,23.86,88.44,2.0,4.278
20241021,Chitradurga,14.2306,76.398,23.95,86.71,1.58,4.2506
20241022,Chitradurga,14.2306,76.398,23.99,86.22,1.21,5.1751
20241023,Chitradurga,14.2306,76.398,23.93,83.25,1.18,5.2961
20241024,Chitradurga,14.2306,76.398,23.77,81.83,1.23,4.8082
20241025,Chitradurga,14.2306,76.398,23.41,79.33,1.17,4.7966
20241026,Chitradurga,14.2306,76.398,22.95,81.32,1.69,5.1451
20241027,Chitradurga,14.2306,76.398,22.95,82.87,1.83,4.8864
20241028,Chitradurga,14.2306,76.398,22.74,83.36,1.72,4.8924
20241029,Chitradurga,14.2306,76.398,23.55,84.06,1.52,4.703
20241030,Chitradurga,14.2306,76.398,23.98,84.1,1.01,3.8998
20241031,Chitradurga,14.2306,76.398,23.85,83.54,1.87,4.4851
20241101,Chitradurga,14.2306,76.398,23.56,85.03,1.74,4.7738
20241102,Chitradurga,14.2306,76.398,23.17,83.49,2.19,5.6014
20241103,Chitradurga,14.2306,76.398,23.48,81.94,2.12,5.8097
20241104,Chitradurga,14.2306,76.398,23.07,84.87,2.21,5.2745
20241105,Chitradurga,14.2306,76.398,22.63,83.2,1.98,5.0299
20241106,Chitradurga,14.2306,76.398,22.45,79.9,1.79,5.508
20241107,Chitradurga,14.2306,76.398,22.69,82.63,1.85,5.4828
20241108,Chitradurga,14.2306,76.398,23.11,83.84,2.29,5.4432
20241109,Chitradurga,14.2306,76.398,22.75,82.57,2.42,5.219
20241110,Chitradurga,14.2306,76.398,22.41,81.72,1.85,5.3892
20241111,Chitradurga,14.2306,76.398,21.63,78.92,1.86,4.8703
20241112,Chitradurga,14.2306,76.398,20.58,83.16,2.01,3.9504
20241113,Chitradurga,14.2306,76.398,23.06,85.16,2.84,3.9766
20241114,Chitradurga,14.2306,76.398,23.85,85.54,2.99,3.6497
20241115,Chitradurga,14.2306,76.398,23.83,86.49,2.56,3.743
20241116,Chitradurga,14.2306,76.398,23.57,86.03,2.9,3.8666
20241117,Chitradurga,14.2306,76.398,23.49,84.66,2.64,3.3638
20241118,Chitradurga,14.2306,76.398,23.45,83.85,2.6,3.2767
20241119,Chitradurga,14.2306,76.398,22.57,81.5,2.48,4.351
20241120,Chitradurga,14.2306,76.398,21.71,82.68,2.28,4.5938
20241121,Chitradurga,14.2306,76.398,21.39,79.36,1.89,4.7458
20241122,Chitradurga,14.2306,76.398,20.79,79.21,1.82,4.6834
20241123,Chitradurga,14.2306,76.398,21.23,79.04,1.64,5.0635
20241124,Chitradurga,14.2306,76.398,20.99,79.02,1.72,5.0326
20241125,Chitradurga,14.2306,76.398,20.97,80.67,2.67,4.139
20241126,Chitradurga,14.2306,76.398,21.51,83.22,2.51,4.0394
20241127,Chitradurga,14.2306,76.398,21.95,81.29,2.88,3.6934
20241128,Chitradurga,14.2306,76.398,20.86,76.59,2.33,5.2495
20241129,Chitradurga,14.2306,76.398,21.29,79.37,2.58,4.1378
20241130,Chitradurga,14.2306,76.398,22.92,83.96,2.88,3.1279
20241201,Chitradurga,14.2306,76.398,22.51,88.74,2.44,2.4974
20241202,Chitradurga,14.2306,76.398,23.04,87.61,2.57,1.6282
20241203,Chitradurga,14.2306,76.398,22.44,93.88,3.5,3.0461
20241204,Chitradurga,14.2306,76.398,23.59,82.54,2.71,5.0208
20241205,Chitradurga,14.2306,76.398,23.79,83.85,2.23,3.7582
20241206,Chitradurga,14.2306,76.398,24.18,79.94,1.47,4.6778
20241207,Chitradurga,14.2306,76.398,23.7,80.96,1.26,4.537
20241208,Chitradurga,14.2306,76.398,24.21,80.78,1.76,4.4436
20241209,Chitradurga,14.2306,76.398,23.31,82.45,0.97,3.4721
20241210,Chitradurga,14.2306,76.398,23.62,81.24,1.73,4.4995
20241211,Chitradurga,14.2306,76.398,22.9,81.68,2.65,3.8734
20241212,Chitradurga,14.2306,76.398,22.02,87.26,3.05,2.2958
20241213,Chitradurga,14.2306,76.398,22.02,83.58,3.21,2.1982
20241214,Chitradurga,14.2306,76.398,22.04,78.83,3.26,4.5749
20241215,Chitradurga,14.2306,76.398,19.75,76.9,2.71,5.0779
20241216,Chitradurga,14.2306,76.398,18.62,74.24,2.4,5.003
20241217,Chitradurga,14.2306,76.398,20.02,72.02,1.5,5.5277
20241218,Chitradurga,14.2306,76.398,20.58,84.98,1.9,4.3481
20241219,Chitradurga,14.2306,76.398,23.44,81.37,1.72,4.1974
20241220,Chitradurga,14.2306,76.398,23.99,78.32,1.47,3.738
20241221,Chitradurga,14.2306,76.398,23.77,78.34,1.14,4.0027
20241222,Chitradurga,14.2306,76.398,23.51,77.11,0.87,3.9931
20241223,Chitradurga,14.2306,76.398,22.96,77.6,1.01,3.5832
20241224,Chitradurga,14.2306,76.398,23.28,73.28,1.6,4.3625
20241225,Chitradurga,14.2306,76.398,22.57,77.6,1.56,3.5714
20241226,Chitradurga,14.2306,76.398,23.51,80.35,2.91,2.1744
20241227,Chitradurga,14.2306,76.398,23.38,79.31,3.79,2.2579
20241228,Chitradurga,14.2306,76.398,22.7,73.92,3.0,5.1852
20241229,Chitradurga,14.2306,76.398,21.97,70.42,2.73,5.611
20241230,Chitradurga,14.2306,76.398,22.13,71.69,3.23,5.5099
20241231,Chitradurga,14.2306,76.398,21.78,68.13,3.23,5.6326
20250101,Chitradurga,14.2306,76.398,20.76,73.31,3.08,5.2289
20250102,Chitradurga,14.2306,76.398,20.79,73.61,2.95,4.2902
20250103,Chitradurga,14.2306,76.398,20.21,74.01,3.0,5.2889
20250104,Chitradurga,14.2306,76.398,19.69,68.27,2.47,5.5349
20250105,Chitradurga,14.2306,76.398,19.71,66.85,2.31,5.4382
20250106,Chitradurga,14.2306,76.398,20.09,64.8,1.83,5.5757
20250107,Chitradurga,14.2306,76.398,19.82,64.65,2.03,5.6314
20250108,Chitradurga,14.2306,76.398,19.43,64.41,2.58,5.2896
20250109,Chitradurga,14.2306,76.398,19.63,66.98,2.9,5.1499
20250110,Chitradurga,14.2306,76.398,21.77,71.38,2.26,4.717
20250111,Chitradurga,14.2306,76.398,22.83,73.05,2.65,3.5172
20250112,Chitradurga,14.2306,76.398,22.61,68.51,2.35,5.135
20250113,Chitradurga,14.2306,76.398,23.54,71.5,2.63,5.1946
20250114,Chitradurga,14.2306,76.398,23.34,73.09,3.25,4.2271
20250115,Chitradurga,14.2306,76.398,22.66,65.29,3.6,4.8158
20250116,Chitradurga,14.2306,76.398,22.34,67.58,3.29,5.2481
20250117,Chitradurga,14.2306,76.398,22.14,70.31,3.41,4.811
20250118,Chitradurga,14.2306,76.398,21.86,65.45,3.6,4.2086
20250119,Chitradurga,14.2306,76.398,22.26,73.62,2.95,4.3721
20250120,Chitradurga,14.2306,76.398,22.44,63.1,2.67,5.4442
20250121,Chitradurga,14.2306,76.398,21.44,60.59,2.5,5.7874
20250122,Chitradurga,14.2306,76.398,22.2,55.8,2.44,5.957
20250123,Chitradurga,14.2306,76.398,23.5,61.12,2.82,5.9117
20250124,Chitradurga,14.2306,76.398,22.48,53.6,2.73,6.0518
20250125,Chitradurga,14.2306,76.398,21.26,51.34,2.91,6.3982
20250126,Chitradurga,14.2306,76.398,21.46,46.23,3.21,6.3506
20250127,Chitradurga,14.2306,76.398,21.8,52.95,2.76,6.1495
20250128,Chitradurga,14.2306,76.398,22.42,52.21,2.31,5.5781
20250129,Chitradurga,14.2306,76.398,22.54,49.92,2.98,6.1668
20250130,Chitradurga,14.2306,76.398,22.87,42.63,1.73,6.2971
20250131,Chitradurga,14.2306,76.398,23.7,42.75,1.78,6.1802
20250201,Chitradurga,14.2306,76.398,24.72,52.5,2.23,6.1994
20250202,Chitradurga,14.2306,76.398,24.37,44.39,2.6,6.2167
20250203,Chitradurga,14.2306,76.398,23.64,37.7,2.6,6.6454
20250204,Chitradurga,14.2306,76.398,24.22,34.94,2.29,6.5148
20250205,Chitradurga,14.2306,76.398,24.53,37.74,2.84,6.2494
20250206,Chitradurga,14.2306,76.398,24.5,40.57,2.89,6.33
20250207,Chitradurga,14.2306,76.398,24.67,42.7,3.14,6.3065
20250208,Chitradurga,14.2306,76.398,24.6,42.83,3.06,5.9381
20250209,Chitradurga,14.2306,76.398,24.87,47.56,3.22,5.532
20250210,Chitradurga,14.2306,76.398,24.54,48.71,2.98,5.8987
20250211,Chitradurga,14.2306,76.398,24.46,42.98,2.77,6.5388
20250212,Chitradurga,14.2306,76.398,24.72,37.25,2.79,6.4824
20250213,Chitradurga,14.2306,76.398,25.3,34.14,2.34,6.4368
20250214,Chitradurga,14.2306,76.398,25.11,33.48,2.02,6.3226
20250215,Chitradurga,14.2306,76.398,25.07,31.64,2.45,6.3845
20250216,Chitradurga,14.2306,76.398,24.91,36.83,2.63,6.7008
20250217,Chitradurga,14.2306,76.398,25.52,39.97,3.05,6.6348
20250218,Chitradurga,14.2306,76.398,26.17,38.8,2.68,6.5844
20250219,Chitradurga,14.2306,76.398,26.86,34.7,2.08,6.3502
20250220,Chitradurga,14.2306,76.398,27.74,36.42,2.52,6.0384
20250221,Chitradurga,14.2306,76.398,27.42,39.07,2.96,6.066
20250222,Chitradurga,14.2306,76.398,27.26,40.98,3.07,6.307
20250223,Chitradurga,14.2306,76.398,26.33,33.19,3.2,6.2431
20250224,Chitradurga,14.2306,76.398,25.78,33.44,3.8,6.8916
20250225,Chitradurga,14.2306,76.398,25.58,34.59,3.87,5.9381
20250226,Chitradurga,14.2306,76.398,26.1,41.31,4.08,6.7706
20250227,Chitradurga,14.2306,76.398,26.12,40.71,3.6,6.1901
20250228,Chitradurga,14.2306,76.398,26.52,37.23,3.34,6.1894
20250301,Chitradurga,14.2306,76.398,27.07,32.72,3.2,6.9526
20250302,Chitradurga,14.2306,76.398,27.02,38.24,3.23,7.0013
20250303,Chitradurga,14.2306,76.398,27.35,34.32,2.79,6.5842
20250304,Chitradurga,14.2306,76.398,27.72,30.19,3.07,5.7065
20250305,Chitradurga,14.2306,76.398,27.63,29.45,2.56,5.4259
20250306,Chitradurga,14.2306,76.398,27.2,23.08,2.19,7.0277
20250307,Chitradurga,14.2306,76.398,26.08,13.08,2.28,7.4354
20250308,Chitradurga,14.2306,76.398,26.68,22.32,1.8,7.0949
20250309,Chitradurga,14.2306,76.398,27.51,25.5,3.04,6.8849
20250310,Chitradurga,14.2306,76.398,27.19,32.27,3.98,7.0378
20250311,Chitradurga,14.2306,76.398,26.72,39.25,4.04,7.069
20250312,Chitradurga,14.2306,76.398,28.33,46.91,2.7,7.099
20250313,Chitradurga,14.2306,76.398,28.97,44.17,2.21,6.7488
20250314,Chitradurga,14.2306,76.398,29.45,31.01,2.86,6.8426
20250315,Chitradurga,14.2306,76.398,28.87,28.7,3.18,7.2077
20250316,Chitradurga,14.2306,76.398,28.12,22.78,2.64,7.5698
20250317,Chitradurga,14.2306,76.398,26.82,43.54,1.47,6.877
20250318,Chitradurga,14.2306,76.398,29.56,35.47,2.15,7.2238
20250319,Chitradurga,14.2306,76.398,30.26,40.11,1.52,6.6902
20250320,Chitradurga,14.2306,76.398,30.53,41.42,1.88,6.9415
20250321,Chitradurga,14.2306,76.398,30.51,47.25,1.42,6.6871
20250322,Chitradurga,14.2306,76.398,30.87,36.86,2.01,6.7351
20250323,Chitradurga,14.2306,76.398,30.13,37.62,1.51,6.3907
20250324,Chitradurga,14.2306,76.398,29.79,42.25,2.44,6.3718
20250325,Chitradurga,14.2306,76.398,30.13,33.2,2.69,5.9758
20250326,Chitradurga,14.2306,76.398,30.01,34.25,1.6,6.6199
20250327,Chitradurga,14.2306,76.398,29.75,42.93,2.04,6.2957
20250328,Chitradurga,14.2306,76.398,29.42,44.05,1.75,6.5033
20250329,Chitradurga,14.2306,76.398,29.52,30.52,2.44,6.115
20250330,Chitradurga,14.2306,76.398,29.25,28.72,2.82,6.4046
20250331,Chitradurga,14.2306,76.398,29.94,34.0,3.09,6.1735
20250401,Chitradurga,14.2306,76.398,28.69,35.84,2.47,6.9646
20250402,Chitradurga,14.2306,76.398,28.27,42.75,2.49,5.1706
20250403,Chitradurga,14.2306,76.398,26.52,67.71,1.13,5.4931
20250404,Chitradurga,14.2306,76.398,26.76,65.23,1.91,6.7303
20250405,Chitradurga,14.2306,76.398,27.19,59.31,2.07,6.4721
20250406,Chitradurga,14.2306,76.398,27.67,61.66,1.9,6.0226
20250407,Chitradurga,14.2306,76.398,27.94,51.25,2.05,7.1455
20250408,Chitradurga,14.2306,76.398,28.03,48.92,2.64,7.1172
20250409,Chitradurga,14.2306,76.398,28.19,48.67,1.85,6.9449
20250410,Chitradurga,14.2306,76.398,28.06,56.08,2.94,6.4934
20250411,Chitradurga,14.2306,76.398,27.79,59.66,2.71,6.9098
20250412,Chitradurga,14.2306,76.398,28.31,57.75,2.43,6.4963
20250413,Chitradurga,14.2306,76.398,28.51,53.58,2.18,6.877
20250414,Chitradurga,14.2306,76.398,28.27,53.06,1.61,6.6295
20250415,Chitradurga,14.2306,76.398,29.04,51.45,1.19,6.6233
20250416,Chitradurga,14.2306,76.398,27.74,63.13,1.88,6.7051
20250417,Chitradurga,14.2306,76.398,28.65,60.41,1.72,6.5342
20250418,Chitradurga,14.2306,76.398,28.78,61.61,2.09,6.3835
20250419,Chitradurga,14.2306,76.398,28.94,62.62,2.54,6.8009
20250420,Chitradurga,14.2306,76.398,28.88,62.33,2.0,6.1411
20250421,Chitradurga,14.2306,76.398,29.12,62.8,1.82,6.781
20250422,Chitradurga,14.2306,76.398,30.02,47.33,1.95,7.0944
20250423,Chitradurga,14.2306,76.398,29.1,49.32,1.68,7.188
20250424,Chitradurga,14.2306,76.398,29.24,55.57,2.06,7.1863
20250425,Chitradurga,14.2306,76.398,30.56,46.3,1.65,6.7654
20250426,Chitradurga,14.2306,76.398,29.82,56.54,1.5,6.9036
20250427,Chitradurga,14.2306,76.398,28.66,65.21,1.29,6.1046
20250428,Chitradurga,14.2306,76.398,28.07,64.66,1.76,7.0234
20250429,Chitradurga,14.2306,76.398,28.65,54.85,1.51,6.6667
20250430,Chitradurga,14.2306,76.398,28.97,57.61,1.63,6.6362
20250501,Chitradurga,14.2306,76.398,29.02,61.81,1.53,6.5954
20250502,Chitradurga,14.2306,76.398,29.17,60.91,2.25,6.6415
20250503,Chitradurga,14.2306,76.398,27.57,68.33,2.24,5.7384
20250504,Chitradurga,14.2306,76.398,27.25,60.12,2.6,7.2864
20250505,Chitradurga,14.2306,76.398,27.48,60.73,2.2,7.5521
20250506,Chitradurga,14.2306,76.398,27.81,62.1,2.8,7.3409
20250507,Chitradurga,14.2306,76.398,27.97,57.96,2.87,7.1616
20250508,Chitradurga,14.2306,76.398,27.16,61.23,3.18,7.111
20250509,Chitradurga,14.2306,76.398,27.0,62.74,1.67,7.517
20250510,Chitradurga,14.2306,76.398,26.38,65.15,1.92,6.1063
20250511,Chitradurga,14.2306,76.398,27.97,63.51,2.02,6.4514
20250512,Chitradurga,14.2306,76.398,27.6,66.71,1.89,6.1226
20250513,Chitradurga,14.2306,76.398,24.4,83.89,1.97,5.9304
20250514,Chitradurga,14.2306,76.398,26.49,73.59,1.97,6.7102
20250515,Chitradurga,14.2306,76.398,24.98,82.33,2.12,5.0297
20250516,Chitradurga,14.2306,76.398,25.24,84.84,1.9,5.3165
20250517,Chitradurga,14.2306,76.398,26.37,76.84,1.47,5.0294
20250518,Chitradurga,14.2306,76.398,25.15,83.66,2.59,5.2486
20250519,Chitradurga,14.2306,76.398,25.25,84.24,2.47,4.3217
20250520,Chitradurga,14.2306,76.398,26.32,77.15,3.45,3.2638
20250521,Chitradurga,14.2306,76.398,23.91,86.82,4.93,3.8923
20250522,Chitradurga,14.2306,76.398,24.74,81.41,4.64,5.3688
20250523,Chitradurga,14.2306,76.398,25.81,78.29,4.7,5.1886
20250524,Chitradurga,14.2306,76.398,25.18,83.54,5.71,4.0466
20250525,Chitradurga,14.2306,76.398,25.43,80.08,5.67,3.6024
20250526,Chitradurga,14.2306,76.398,24.16,83.41,5.84,3.3199
20250527,Chitradurga,14.2306,76.398,24.14,78.85,6.13,3.954
20250528,Chitradurga,14.2306,76.398,24.04,81.48,5.84,3.1829
20250529,Chitradurga,14.2306,76.398,23.16,83.06,5.57,4.1206
20250530,Chitradurga,14.2306,76.398,24.69,80.62,5.34,4.1074
20250531,Chitradurga,14.2306,76.398,24.44,78.26,4.94,6.1949
20250601,Chitradurga,14.2306,76.398,24.13,76.82,3.96,5.3892
20250602,Chitradurga,14.2306,76.398,24.87,77.75,3.77,5.0318
20250603,Chitradurga,14.2306,76.398,24.99,77.2,3.74,4.7489
20250604,Chitradurga,14.2306,76.398,24.53,76.31,3.25,5.707
20250605,Chitradurga,14.2306,76.398,24.56,71.4,3.06,6.4279
20250606,Chitradurga,14.2306,76.398,25.25,76.13,2.75,6.215
20250607,Chitradurga,14.2306,76.398,25.65,76.54,3.63,6.4243
20250608,Chitradurga,14.2306,76.398,25.48,78.18,3.65,5.9498
20250609,Chitradurga,14.2306,76.398,25.52,76.94,4.3,4.8144
20250610,Chitradurga,14.2306,76.398,24.64,82.91,4.2,5.8646
20250611,Chitradurga,14.2306,76.398,24.81,84.39,4.48,3.1322
20250612,Chitradurga,14.2306,76.398,24.0,85.98,2.96,3.013
20250613,Chitradurga,14.2306,76.398,24.64,84.51,3.67,3.5038
20250614,Chitradurga,14.2306,76.398,24.19,82.87,5.8,3.7488
20250615,Chitradurga,14.2306,76.398,23.92,80.51,6.93,3.5938
20250616,Chitradurga,14.2306,76.398,24.02,76.59,7.54,3.9384
20250617,Chitradurga,14.2306,76.398,24.65,81.47,5.06,4.7105
20250618,Chitradurga,14.2306,76.398,24.96,81.16,4.76,5.1665
20250619,Chitradurga,14.2306,76.398,25.26,79.3,4.6,5.5433
20250620,Chitradurga,14.2306,76.398,25.09,79.3,4.5,5.3542
20250621,Chitradurga,14.2306,76.398,24.89,80.45,4.91,5.6455
20250622,Chitradurga,14.2306,76.398,24.76,81.13,5.22,4.4095
20250623,Chitradurga,14.2306,76.398,24.45,78.22,6.28,3.599
20250624,Chitradurga,14.2306,76.398,23.33,75.71,6.2,4.3788
20250625,Chitradurga,14.2306,76.398,24.11,78.48,6.08,3.4975
20250626,Chitradurga,14.2306,76.398,24.53,77.13,6.25,3.5861
20250627,Chitradurga,14.2306,76.398,24.41,81.44,5.08,4.7791
20250628,Chitradurga,14.2306,76.398,24.84,79.02,4.57,5.003
20250629,Chitradurga,14.2306,76.398,24.3,80.95,4.92,5.213
20250630,Chitradurga,14.2306,76.398,24.75,78.39,5.2,5.028
20250701,Chitradurga,14.2306,76.398,24.52,79.95,4.68,3.5578
20250702,Chitradurga,14.2306,76.398,24.49,78.92,4.91,3.5537
20250703,Chitradurga,14.2306,76.398,24.16,75.79,5.66,3.7639
20250704,Chitradurga,14.2306,76.398,23.9,77.05,5.87,4.1328
20250705,Chitradurga,14.2306,76.398,23.84,80.69,6.03,4.4045
20250706,Chitradurga,14.2306,76.398,24.39,80.07,6.27,3.8904
20250707,Chitradurga,14.2306,76.398,24.58,78.82,6.16,4.0402
20250708,Chitradurga,14.2306,76.398,24.36,80.09,5.55,4.4167
20250709,Chitradurga,14.2306,76.398,24.8,78.13,5.3,3.8734
20250710,Chitradurga,14.2306,76.398,24.99,78.08,4.75,5.095
20250711,Chitradurga,14.2306,76.398,25.04,79.31,4.38,4.8221
20250712,Chitradurga,14.2306,76.398,25.09,77.65,4.59,4.5389
20250713,Chitradurga,14.2306,76.398,24.99,77.98,4.95,4.4438
20250714,Chitradurga,14.2306,76.398,24.73,79.03,5.24,4.5307
20250715,Chitradurga,14.2306,76.398,24.98,77.54,5.56,4.4712
20250716,Chitradurga,14.2306,76.398,24.77,80.03,4.61,3.2294
20250717,Chitradurga,14.2306,76.398,24.6,80.21,4.72,4.7126
20250718,Chitradurga,14.2306,76.398,23.79,84.22,3.96,3.6046
20250719,Chitradurga,14.2306,76.398,23.19,83.39,4.51,3.6737
20250720,Chitradurga,14.2306,76.398,24.44,80.57,5.08,4.7518
20250721,Chitradurga,14.2306,76.398,23.08,78.65,5.39,3.0962
20250722,Chitradurga,14.2306,76.398,22.69,77.54,5.26,3.666
20250723,Chitradurga,14.2306,76.398,23.58,80.78,5.89,3.467
20250724,Chitradurga,14.2306,76.398,23.89,81.13,5.75,2.7578
20250725,Chitradurga,14.2306,76.398,24.16,79.36,6.76,3.1786
20250726,Chitradurga,14.2306,76.398,24.15,79.84,7.37,3.4786
20250727,Chitradurga,14.2306,76.398,23.62,78.62,6.71,4.0627
20250728,Chitradurga,14.2306,76.398,23.52,78.93,6.3,4.5295
20250729,Chitradurga,14.2306,76.398,23.73,78.41,6.89,4.1376
20250730,Chitradurga,14.2306,76.398,24.09,78.61,6.18,4.374
20250731,Chitradurga,14.2306,76.398,24.74,77.93,5.03,3.8138
20250801,Chitradurga,14.2306,76.398,24.75,78.38,4.1,4.1522
20250802,Chitradurga,14.2306,76.398,24.79,78.14,4.09,5.0093
20250803,Chitradurga,14.2306,76.398,24.1,81.84,3.05,5.0822
20250804,Chitradurga,14.2306,76.398,24.11,84.81,3.13,4.7894
20250805,Chitradurga,14.2306,76.398,24.32,87.38,3.18,5.011
20250806,Chitradurga,14.2306,76.398,24.58,84.92,3.37,4.9702
20250807,Chitradurga,14.2306,76.398,24.23,86.08,3.57,4.5701
20250808,Chitradurga,14.2306,76.398,23.28,89.81,1.57,4.2506
20250809,Chitradurga,14.2306,76.398,23.37,84.85,1.74,5.1446
20250810,Chitradurga,14.2306,76.398,23.27,83.78,3.09,4.8454
20250811,Chitradurga,14.2306,76.398,22.11,85.05,3.92,4.5893
20250812,Chitradurga,14.2306,76.398,22.29,79.81,3.94,3.9139
20250813,Chitradurga,14.2306,76.398,22.17,83.68,4.18,2.4458
20250814,Chitradurga,14.2306,76.398,23.2,85.22,3.81,3.0998
20250815,Chitradurga,14.2306,76.398,23.55,82.48,4.94,4.3649
20250816,Chitradurga,14.2306,76.398,23.5,83.95,4.98,4.1138
20250817,Chitradurga,14.2306,76.398,23.41,84.97,5.74,2.5702
20250818,Chitradurga,14.2306,76.398,22.83,84.87,6.09,3.0744
20250819,Chitradurga,14.2306,76.398,22.85,82.16,6.62,2.7571
20250820,Chitradurga,14.2306,76.398,22.93,81.24,5.19,3.9046
20250821,Chitradurga,14.2306,76.398,23.61,82.55,3.73,4.6236
20250822,Chitradurga,14.2306,76.398,24.04,81.77,3.49,4.9606
20250823,Chitradurga,14.2306,76.398,23.65,82.82,3.48,4.7261
20250824,Chitradurga,14.2306,76.398,23.87,80.13,3.8,5.6774
20250825,Chitradurga,14.2306,76.398,23.74,79.65,3.73,5.8111
20250826,Chitradurga,14.2306,76.398,23.81,80.15,4.13,4.5379
20250827,Chitradurga,14.2306,76.398,23.09,85.3,4.11,3.5405
20250828,Chitradurga,14.2306,76.398,23.08,82.58,4.48,4.074
20250829,Chitradurga,14.2306,76.398,23.4,85.44,4.14,5.1218
20250830,Chitradurga,14.2306,76.398,23.51,85.12,4.06,4.6217
20250831,Chitradurga,14.2306,76.398,24.04,83.71,4.37,3.9334
20250901,Chitradurga,14.2306,76.398,23.6,83.54,4.46,4.1767
20250902,Chitradurga,14.2306,76.398,23.44,84.54,4.62,2.6666
20250903,Chitradurga,14.2306,76.398,23.76,83.18,4.54,4.8816
20250904,Chitradurga,14.2306,76.398,24.2,81.22,4.2,4.5653
20250905,Chitradurga,14.2306,76.398,23.95,82.46,3.21,5.5126
20250906,Chitradurga,14.2306,76.398,24.14,81.54,3.02,5.2922
20250907,Chitradurga,14.2306,76.398,23.75,81.6,3.4,4.6265
20250908,Chitradurga,14.2306,76.398,23.75,80.09,2.82,5.7336
20250909,Chitradurga,14.2306,76.398,24.77,78.81,1.75,5.9328
20250910,Chitradurga,14.2306,76.398,25.19,78.67,2.58,6.1414
20250911,Chitradurga,14.2306,76.398,23.77,81.98,2.54,2.976
20250912,Chitradurga,14.2306,76.398,23.22,84.07,2.67,4.1851
20250913,Chitradurga,14.2306,76.398,23.66,85.07,2.65,3.0187
20250914,Chitradurga,14.2306,76.398,23.61,83.22,2.77,5.5553
20250915,Chitradurga,14.2306,76.398,22.99,86.75,2.74,4.2274
20250916,Chitradurga,14.2306,76.398,23.47,86.26,2.31,3.8407
20250917,Chitradurga,14.2306,76.398,24.41,83.4,2.71,3.4793
20250918,Chitradurga,14.2306,76.398,23.91,85.66,3.23,3.8134
20250919,Chitradurga,14.2306,76.398,23.8,83.91,3.35,4.482
20250920,Chitradurga,14.2306,76.398,23.51,85.19,3.02,4.1873
20250921,Chitradurga,14.2306,76.398,24.08,83.47,2.63,4.5979
20250922,Chitradurga,14.2306,76.398,23.62,82.63,3.53,4.3051
20250923,Chitradurga,14.2306,76.398,23.1,83.58,3.21,3.455
20250924,Chitradurga,14.2306,76.398,23.33,81.69,3.63,3.6816
20250925,Chitradurga,14.2306,76.398,23.63,80.38,3.6,5.513
20250926,Chitradurga,14.2306,76.398,23.57,81.34,3.93,3.0067
20250927,Chitradurga,14.2306,76.398,20.97,86.97,4.28,3.7366
20250928,Chitradurga,14.2306,76.398,22.93,82.24,4.25,4.0066
20250929,Chitradurga,14.2306,76.398,23.29,82.07,3.7,4.2802
20250930,Chitradurga,14.2306,76.398,23.56,81.27,3.52,5.0059
20251001,Chitradurga,14.2306,76.398,23.92,80.51,3.32,4.399
20251002,Chitradurga,14.2306,76.398,24.21,81.05,3.01,4.6562
20251003,Chitradurga,14.2306,76.398,24.84,77.93,2.67,5.4499
20251004,Chitradurga,14.2306,76.398,24.71,77.51,2.28,5.0299
20251005,Chitradurga,14.2306,76.398,25.0,74.95,2.48,5.8682
20251006,Chitradurga,14.2306,76.398,24.4,74.28,2.5,5.8567
20251007,Chitradurga,14.2306,76.398,24.49,74.86,1.8,5.3741
20251008,Chitradurga,14.2306,76.398,25.43,76.68,1.23,4.9584
20251009,Chitradurga,14.2306,76.398,24.83,80.41,1.93,4.6082
20251010,Chitradurga,14.2306,76.398,24.11,84.49,2.34,2.6854
20251011,Chitradurga,14.2306,76.398,23.82,78.63,2.28,4.4803
20251012,Chitradurga,14.2306,76.398,22.87,75.43,2.15,6.3725
20251013,Chitradurga,14.2306,76.398,23.23,80.6,2.5,5.4578
20251014,Chitradurga,14.2306,76.398,24.73,80.19,2.52,4.3982
20251015,Chitradurga,14.2306,76.398,25.14,77.87,2.93,4.7316
20251016,Chitradurga,14.2306,76.398,24.54,82.76,3.54,3.9449
20251017,Chitradurga,14.2306,76.398,24.66,81.32,3.62,4.4794
20251018,Chitradurga,14.2306,76.398,24.11,82.12,3.34,4.0534
20251019,Chitradurga,14.2306,76.398,24.47,82.31,2.88,4.4364
20251020,Chitradurga,14.2306,76.398,24.11,82.08,2.79,3.619
20251021,Chitradurga,14.2306,76.398,23.76,84.03,3.31,3.6607
20251022,Chitradurga,14.2306,76.398,23.66,84.28,4.21,2.3302
20251023,Chitradurga,14.2306,76.398,23.79,84.89,2.19,3.7493
20251024,Chitradurga,14.2306,76.398,22.79,86.35,1.32,3.2928
20251025,Chitradurga,14.2306,76.398,23.65,80.07,1.26,5.1002
20251026,Chitradurga,14.2306,76.398,24.13,81.32,1.1,4.4455
20251027,Chitradurga,14.2306,76.398,24.01,84.76,1.13,3.6382
20251028,Chitradurga,14.2306,76.398,22.39,86.27,2.44,2.2018
20251029,Chitradurga,14.2306,76.398,22.33,84.71,3.19,4.6963
20251030,Chitradurga,14.2306,76.398,22.6,82.36,2.88,5.8469
20251031,Chitradurga,14.2306,76.398,22.82,81.11,2.43,5.5114
20251101,Chitradurga,14.2306,76.398,22.91,77.71,1.87,5.9664
20251102,Chitradurga,14.2306,76.398,23.35,82.2,1.81,4.6594
20251103,Chitradurga,14.2306,76.398,23.33,81.17,2.18,5.2469
20251104,Chitradurga,14.2306,76.398,23.79,78.22,1.96,3.5273
20251105,Chitradurga,14.2306,76.398,23.72,80.11,2.28,3.3914
20251106,Chitradurga,14.2306,76.398,22.63,78.61,1.72,4.6714
20251107,Chitradurga,14.2306,76.398,23.04,79.43,1.85,4.5194
20251108,Chitradurga,14.2306,76.398,22.12,73.79,1.9,5.2373
20251109,Chitradurga,14.2306,76.398,19.63,63.97,2.0,5.2776
20251110,Chitradurga,14.2306,76.398,20.54,65.57,1.34,5.5416
20251111,Chitradurga,14.2306,76.398,22.14,75.71,1.84,5.3213
20251112,Chitradurga,14.2306,76.398,22.72,71.07,2.57,5.1936
20251113,Chitradurga,14.2306,76.398,22.85,75.05,2.65,4.842
20251114,Chitradurga,14.2306,76.398,21.06,68.56,2.76,5.1454
20251115,Chitradurga,14.2306,76.398,20.17,70.84,2.69,5.7293
20251116,Chitradurga,14.2306,76.398,21.07,74.37,2.87,5.2982
20251117,Chitradurga,14.2306,76.398,20.76,73.41,2.91,5.5008
20251118,Chitradurga,14.2306,76.398,21.67,73.44,2.91,5.0834
20251119,Chitradurga,14.2306,76.398,23.46,76.44,3.02,3.7913
20251120,Chitradurga,14.2306,76.398,22.6,69.26,2.73,5.6052
20251121,Chitradurga,14.2306,76.398,22.74,79.1,2.8,4.4599
20251122,Chitradurga,14.2306,76.398,23.45,81.52,3.31,3.2486
20251123,Chitradurga,14.2306,76.398,23.8,78.1,3.15,4.6788
20251124,Chitradurga,14.2306,76.398,24.27,75.89,3.21,4.7587
20251125,Chitradurga,14.2306,76.398,22.0,75.38,3.41,5.0897
20251126,Chitradurga,14.2306,76.398,21.11,73.51,3.3,3.6166
20251127,Chitradurga,14.2306,76.398,21.33,73.14,3.44,4.2979
20251128,Chitradurga,14.2306,76.398,20.66,74.13,2.57,4.296
20251129,Chitradurga,14.2306,76.398,20.37,76.48,2.34,4.5343
20251130,Chitradurga,14.2306,76.398,22.31,78.69,2.73,3.7114
20251201,Chitradurga,14.2306,76.398,22.71,74.28,2.14,4.8886
20251202,Chitradurga,14.2306,76.398,23.44,73.12,2.44,4.8691
20251203,Chitradurga,14.2306,76.398,23.45,78.45,3.55,2.7761
20251204,Chitradurga,14.2306,76.398,22.82,82.86,3.2,2.8937
20251205,Chitradurga,14.2306,76.398,23.06,77.05,3.97,3.6542
20251206,Chitradurga,14.2306,76.398,21.93,73.66,3.3,4.0176
20251207,Chitradurga,14.2306,76.398,22.19,72.12,3.21,4.805
20251208,Chitradurga,14.2306,76.398,21.28,65.32,2.84,5.0294
20251209,Chitradurga,14.2306,76.398,20.37,67.01,2.99,5.3484
20251210,Chitradurga,14.2306,76.398,20.01,65.52,3.11,5.4792
20251211,Chitradurga,14.2306,76.398,19.59,65.85,3.23,5.2663
20251212,Chitradurga,14.2306,76.398,19.25,63.06,2.59,5.5344
20251213,Chitradurga,14.2306,76.398,18.78,58.91,2.38,5.4732
20251214,Chitradurga,14.2306,76.398,18.94,64.81,2.77,5.3033
20251215,Chitradurga,14.2306,76.398,19.61,64.01,3.31,5.3563
20251216,Chitradurga,14.2306,76.398,21.18,73.17,3.74,4.83
20251217,Chitradurga,14.2306,76.398,22.41,68.79,3.38,5.2284
20251218,Chitradurga,14.2306,76.398,19.99,63.07,3.1,4.765
20251219,Chitradurga,14.2306,76.398,19.27,62.36,2.6,4.8187
20251220,Chitradurga,14.2306,76.398,19.25,60.58,2.2,4.9999
20251221,Chitradurga,14.2306,76.398,19.81,64.51,2.64,4.5002
20251222,Chitradurga,14.2306,76.398,20.5,66.95,2.99,4.944
20251223,Chitradurga,14.2306,76.398,20.55,66.57,2.89,5.0239
20251224,Chitradurga,14.2306,76.398,20.55,66.19,2.73,4.8641
20251225,Chitradurga,14.2306,76.398,20.44,63.37,2.65,5.0942
20251226,Chitradurga,14.2306,76.398,21.31,65.15,2.96,5.2147
20251227,Chitradurga,14.2306,76.398,20.54,62.5,2.87,5.2226
20251228,Chitradurga,14.2306,76.398,20.64,62.7,2.6,4.9846
20251229,Chitradurga,14.2306,76.398,21.54,64.38,2.68,5.0208
20251230,Chitradurga,14.2306,76.398,22.9,64.24,1.44,4.7338
20251231,Chitradurga,14.2306,76.398,23.74,61.49,1.4,4.4741
