Date,District,Latitude,Longitude,Temperature,Humidity,WindSpeed,GHI
20200101,Dakshina Kannada,12.9141,74.856,26.19,76.01,1.11,4.8538
20200102,Dakshina Kannada,12.9141,74.856,26.8,73.18,1.44,4.482
20200103,Dakshina Kannada,12.9141,74.856,26.8,75.41,2.26,5.2183
20200104,Dakshina Kannada,12.9141,74.856,25.75,75.66,2.42,5.4014
20200105,Dakshina Kannada,12.9141,74.856,25.42,73.99,1.82,5.6868
20200106,Dakshina Kannada,12.9141,74.856,26.85,73.17,1.32,5.5781
20200107,Dakshina Kannada,12.9141,74.856,27.36,70.15,1.4,5.6952
20200108,Dakshina Kannada,12.9141,74.856,26.61,75.22,1.42,5.1326
20200109,Dakshina Kannada,12.9141,74.856,26.73,76.11,1.96,5.1427
20200110,Dakshina Kannada,12.9141,74.856,26.87,73.31,1.74,4.4998
20200111,Dakshina Kannada,12.9141,74.856,27.05,67.6,1.36,5.3066
20200112,Dakshina Kannada,12.9141,74.856,26.23,63.27,1.97,5.9098
20200113,Dakshina Kannada,12.9141,74.856,25.97,66.6,1.82,5.3028
20200114,Dakshina Kannada,12.9141,74.856,25.68,73.77,1.94,5.2637
20200115,Dakshina Kannada,12.9141,74.856,25.92,74.15,1.89,5.1581
20200116,Dakshina Kannada,12.9141,74.856,25.62,71.08,2.35,4.6555
20200117,Dakshina Kannada,12.9141,74.856,25.46,70.62,2.54,5.3412
20200118,Dakshina Kannada,12.9141,74.856,26.21,69.98,1.83,5.5901
20200119,Dakshina Kannada,12.9141,74.856,27.25,71.8,1.59,5.4314
20200120,Dakshina Kannada,12.9141,74.856,27.52,71.21,1.58,5.3448
20200121,Dakshina Kannada,12.9141,74.856,27.5,65.53,1.47,5.1274
20200122,Dakshina Kannada,12.9141,74.856,27.2,59.06,1.71,6.0182
20200123,Dakshina Kannada,12.9141,74.856,27.38,61.69,1.74,6.0737
20200124,Dakshina Kannada,12.9141,74.856,27.28,63.01,1.57,6.1186
20200125,Dakshina Kannada,12.9141,74.856,26.85,58.86,1.23,5.5949
20200126,Dakshina Kannada,12.9141,74.856,26.68,60.55,1.4,5.807
20200127,Dakshina Kannada,12.9141,74.856,26.91,70.36,1.63,5.3362
20200128,Dakshina Kannada,12.9141,74.856,26.48,72.3,1.58,5.5423
20200129,Dakshina Kannada,12.9141,74.856,26.48,70.07,1.96,5.9717
20200130,Dakshina Kannada,12.9141,74.856,26.55,68.49,2.39,6.0821
20200131,Dakshina Kannada,12.9141,74.856,25.95,70.89,2.35,6.0197
20200201,Dakshina Kannada,12.9141,74.856,26.08,70.8,1.85,5.6762
20200202,Dakshina Kannada,12.9141,74.856,26.56,69.28,1.79,4.9534
20200203,Dakshina Kannada,12.9141,74.856,26.98,67.13,1.94,5.7862
20200204,Dakshina Kannada,12.9141,74.856,26.87,67.08,1.89,5.4283
20200205,Dakshina Kannada,12.9141,74.856,27.1,67.75,1.86,5.7766
20200206,Dakshina Kannada,12.9141,74.856,27.1,67.94,2.33,5.4446
20200207,Dakshina Kannada,12.9141,74.856,26.25,69.94,2.48,6.0578
20200208,Dakshina Kannada,12.9141,74.856,25.14,66.47,2.19,6.5256
20200209,Dakshina Kannada,12.9141,74.856,25.48,60.81,1.49,6.6053
20200210,Dakshina Kannada,12.9141,74.856,27.42,61.74,1.69,6.3151
20200211,Dakshina Kannada,12.9141,74.856,28.5,60.03,1.77,6.3583
20200212,Dakshina Kannada,12.9141,74.856,28.1,59.08,2.01,6.2302
20200213,Dakshina Kannada,12.9141,74.856,28.13,56.7,1.66,6.4502
20200214,Dakshina Kannada,12.9141,74.856,28.03,58.85,1.31,6.1222
20200215,Dakshina Kannada,12.9141,74.856,28.45,54.74,1.64,6.1536
20200216,Dakshina Kannada,12.9141,74.856,28.02,54.22,1.56,6.1058
20200217,Dakshina Kannada,12.9141,74.856,27.99,52.1,1.88,6.2858
20200218,Dakshina Kannada,12.9141,74.856,27.93,51.76,1.77,6.1363
20200219,Dakshina Kannada,12.9141,74.856,28.4,57.25,1.26,6.1546
20200220,Dakshina Kannada,12.9141,74.856,28.75,58.17,1.43,6.4481
20200221,Dakshina Kannada,12.9141,74.856,28.72,52.06,1.41,6.3768
20200222,Dakshina Kannada,12.9141,74.856,28.81,47.26,1.66,6.7973
20200223,Dakshina Kannada,12.9141,74.856,28.94,52.8,2.03,6.1236
20200224,Dakshina Kannada,12.9141,74.856,28.79,56.27,1.82,5.7458
20200225,Dakshina Kannada,12.9141,74.856,28.86,61.77,1.47,6.3338
20200226,Dakshina Kannada,12.9141,74.856,29.22,60.36,1.77,6.1769
20200227,Dakshina Kannada,12.9141,74.856,29.5,62.99,1.52,4.2982
20200228,Dakshina Kannada,12.9141,74.856,29.68,60.84,1.63,5.3506
20200229,Dakshina Kannada,12.9141,74.856,28.28,68.96,1.35,4.8077
20200301,Dakshina Kannada,12.9141,74.856,28.56,68.33,1.47,5.861
20200302,Dakshina Kannada,12.9141,74.856,28.28,71.32,1.66,5.2188
20200303,Dakshina Kannada,12.9141,74.856,28.43,68.58,2.45,5.9734
20200304,Dakshina Kannada,12.9141,74.856,28.16,64.77,2.99,6.2628
20200305,Dakshina Kannada,12.9141,74.856,27.35,67.16,2.74,6.3569
20200306,Dakshina Kannada,12.9141,74.856,27.09,65.76,1.87,6.655
20200307,Dakshina Kannada,12.9141,74.856,27.51,63.81,1.77,6.7169
20200308,Dakshina Kannada,12.9141,74.856,28.19,65.78,1.84,6.6161
20200309,Dakshina Kannada,12.9141,74.856,28.62,67.1,2.43,6.4507
20200310,Dakshina Kannada,12.9141,74.856,28.86,65.61,2.37,6.6334
20200311,Dakshina Kannada,12.9141,74.856,28.38,68.16,2.26,6.8306
20200312,Dakshina Kannada,12.9141,74.856,28.53,66.45,2.25,6.9379
20200313,Dakshina Kannada,12.9141,74.856,28.79,64.01,3.16,6.8102
20200314,Dakshina Kannada,12.9141,74.856,29.48,58.88,2.71,6.9972
20200315,Dakshina Kannada,12.9141,74.856,29.65,56.92,2.28,6.984
20200316,Dakshina Kannada,12.9141,74.856,29.91,58.67,1.93,6.7104
20200317,Dakshina Kannada,12.9141,74.856,30.37,57.75,1.84,6.9634
20200318,Dakshina Kannada,12.9141,74.856,30.39,58.8,1.83,7.0522
20200319,Dakshina Kannada,12.9141,74.856,30.23,59.6,2.07,6.9161
20200320,Dakshina Kannada,12.9141,74.856,30.11,56.88,2.4,6.7673
20200321,Dakshina Kannada,12.9141,74.856,29.58,51.72,2.68,7.1381
20200322,Dakshina Kannada,12.9141,74.856,28.72,59.93,1.87,7.0229
20200323,Dakshina Kannada,12.9141,74.856,29.76,61.11,2.0,6.9917
20200324,Dakshina Kannada,12.9141,74.856,29.69,63.22,2.0,6.6466
20200325,Dakshina Kannada,12.9141,74.856,29.16,66.43,1.71,5.8061
20200326,Dakshina Kannada,12.9141,74.856,30.42,59.94,2.08,6.8758
20200327,Dakshina Kannada,12.9141,74.856,30.12,65.01,2.04,6.5606
20200328,Dakshina Kannada,12.9141,74.856,30.17,65.82,2.01,6.7757
20200329,Dakshina Kannada,12.9141,74.856,30.16,64.29,1.81,6.5609
20200330,Dakshina Kannada,12.9141,74.856,30.41,63.84,2.07,6.9401
20200331,Dakshina Kannada,12.9141,74.856,30.65,61.3,1.97,7.2146
20200401,Dakshina Kannada,12.9141,74.856,31.03,60.22,1.95,7.146
20200402,Dakshina Kannada,12.9141,74.856,30.27,65.55,2.02,6.9521
20200403,Dakshina Kannada,12.9141,74.856,30.34,62.89,1.92,6.7241
20200404,Dakshina Kannada,12.9141,74.856,30.45,64.5,1.85,6.913
20200405,Dakshina Kannada,12.9141,74.856,30.17,65.78,1.66,6.9192
20200406,Dakshina Kannada,12.9141,74.856,29.52,68.26,1.78,6.2496
20200407,Dakshina Kannada,12.9141,74.856,29.3,68.77,1.8,5.6249
20200408,Dakshina Kannada,12.9141,74.856,30.09,61.93,2.08,6.6557
20200409,Dakshina Kannada,12.9141,74.856,31.11,54.96,2.55,7.2379
20200410,Dakshina Kannada,12.9141,74.856,30.15,60.49,1.94,7.0046
20200411,Dakshina Kannada,12.9141,74.856,30.32,62.37,1.59,7.2262
20200412,Dakshina Kannada,12.9141,74.856,30.45,63.71,1.52,6.8194
20200413,Dakshina Kannada,12.9141,74.856,31.07,60.64,2.16,6.9907
20200414,Dakshina Kannada,12.9141,74.856,31.44,57.03,2.08,7.0939
20200415,Dakshina Kannada,12.9141,74.856,31.03,58.77,1.85,7.015
20200416,Dakshina Kannada,12.9141,74.856,30.09,65.58,1.98,6.6473
20200417,Dakshina Kannada,12.9141,74.856,30.6,63.07,2.08,6.7289
20200418,Dakshina Kannada,12.9141,74.856,30.09,67.8,1.88,6.5162
20200419,Dakshina Kannada,12.9141,74.856,31.17,64.24,1.99,6.7663
20200420,Dakshina Kannada,12.9141,74.856,30.5,68.79,1.71,7.0829
20200421,Dakshina Kannada,12.9141,74.856,30.31,70.26,1.69,6.791
20200422,Dakshina Kannada,12.9141,74.856,29.85,70.62,1.68,6.8119
20200423,Dakshina Kannada,12.9141,74.856,30.07,69.15,1.9,6.5189
20200424,Dakshina Kannada,12.9141,74.856,29.2,73.15,1.93,5.6086
20200425,Dakshina Kannada,12.9141,74.856,29.1,74.93,1.83,6.1793
20200426,Dakshina Kannada,12.9141,74.856,29.71,73.01,1.64,6.2398
20200427,Dakshina Kannada,12.9141,74.856,30.06,68.43,2.25,5.9983
20200428,Dakshina Kannada,12.9141,74.856,30.23,67.43,2.5,6.8057
20200429,Dakshina Kannada,12.9141,74.856,29.28,70.56,1.93,5.3249
20200430,Dakshina Kannada,12.9141,74.856,29.57,69.83,1.63,6.7087
20200501,Dakshina Kannada,12.9141,74.856,29.21,74.05,1.87,6.5669
20200502,Dakshina Kannada,12.9141,74.856,29.72,72.99,2.17,6.198
20200503,Dakshina Kannada,12.9141,74.856,29.64,76.22,2.24,6.5863
20200504,Dakshina Kannada,12.9141,74.856,30.14,74.28,2.01,6.0458
20200505,Dakshina Kannada,12.9141,74.856,30.55,70.36,2.01,6.762
20200506,Dakshina Kannada,12.9141,74.856,29.57,76.07,1.51,6.0826
20200507,Dakshina Kannada,12.9141,74.856,29.27,75.26,1.23,5.6988
20200508,Dakshina Kannada,12.9141,74.856,28.71,79.4,1.45,4.1731
20200509,Dakshina Kannada,12.9141,74.856,29.69,75.35,1.75,6.9247
20200510,Dakshina Kannada,12.9141,74.856,30.05,73.0,1.84,5.9926
20200511,Dakshina Kannada,12.9141,74.856,29.66,73.79,1.45,6.0226
20200512,Dakshina Kannada,12.9141,74.856,29.89,75.17,1.39,6.3739
20200513,Dakshina Kannada,12.9141,74.856,29.56,75.44,1.52,5.8142
20200514,Dakshina Kannada,12.9141,74.856,29.91,74.19,2.01,6.887
20200515,Dakshina Kannada,12.9141,74.856,29.01,80.52,1.86,4.9987
20200516,Dakshina Kannada,12.9141,74.856,28.8,82.2,2.08,5.4518
20200517,Dakshina Kannada,12.9141,74.856,28.27,84.75,2.44,5.9006
20200518,Dakshina Kannada,12.9141,74.856,27.62,86.65,2.95,1.8228
20200519,Dakshina Kannada,12.9141,74.856,28.47,79.96,3.18,5.5622
20200520,Dakshina Kannada,12.9141,74.856,28.96,75.48,1.77,5.9167
20200521,Dakshina Kannada,12.9141,74.856,27.94,80.64,1.61,5.7365
20200522,Dakshina Kannada,12.9141,74.856,28.65,75.11,2.05,6.7255
20200523,Dakshina Kannada,12.9141,74.856,29.03,77.22,2.07,6.3852
20200524,Dakshina Kannada,12.9141,74.856,28.59,79.98,2.07,6.7322
20200525,Dakshina Kannada,12.9141,74.856,28.69,79.0,1.81,6.5899
20200526,Dakshina Kannada,12.9141,74.856,28.72,81.24,1.79,6.395
20200527,Dakshina Kannada,12.9141,74.856,28.49,82.37,2.11,6.2875
20200528,Dakshina Kannada,12.9141,74.856,28.45,75.77,2.45,6.3062
20200529,Dakshina Kannada,12.9141,74.856,26.51,79.03,1.18,5.2409
20200530,Dakshina Kannada,12.9141,74.856,27.76,80.76,1.75,4.5209
20200531,Dakshina Kannada,12.9141,74.856,26.79,88.95,2.37,2.1538
20200601,Dakshina Kannada,12.9141,74.856,26.93,87.33,2.39,3.6862
20200602,Dakshina Kannada,12.9141,74.856,27.27,87.93,3.89,1.3882
20200603,Dakshina Kannada,12.9141,74.856,26.94,88.58,3.34,3.1514
20200604,Dakshina Kannada,12.9141,74.856,27.04,83.0,2.42,3.3763
20200605,Dakshina Kannada,12.9141,74.856,27.46,80.8,2.11,5.2589
20200606,Dakshina Kannada,12.9141,74.856,27.22,81.18,1.99,5.063
20200607,Dakshina Kannada,12.9141,74.856,27.41,82.2,1.87,5.5706
20200608,Dakshina Kannada,12.9141,74.856,27.3,81.88,1.92,5.3743
20200609,Dakshina Kannada,12.9141,74.856,27.07,83.41,1.75,4.4011
20200610,Dakshina Kannada,12.9141,74.856,27.23,86.22,2.22,3.3622
20200611,Dakshina Kannada,12.9141,74.856,26.24,87.94,2.63,4.0334
20200612,Dakshina Kannada,12.9141,74.856,26.33,82.07,3.52,3.2275
20200613,Dakshina Kannada,12.9141,74.856,26.87,81.05,2.8,3.059
20200614,Dakshina Kannada,12.9141,74.856,26.84,86.44,2.54,1.6296
20200615,Dakshina Kannada,12.9141,74.856,27.23,88.57,2.61,3.3312
20200616,Dakshina Kannada,12.9141,74.856,27.4,90.21,2.56,2.8416
20200617,Dakshina Kannada,12.9141,74.856,26.74,92.11,2.38,2.4187
20200618,Dakshina Kannada,12.9141,74.856,26.02,90.4,1.78,3.8047
20200619,Dakshina Kannada,12.9141,74.856,26.62,88.93,1.6,5.1046
20200620,Dakshina Kannada,12.9141,74.856,26.83,80.51,1.36,4.9985
20200621,Dakshina Kannada,12.9141,74.856,26.39,89.15,2.15,4.0819
20200622,Dakshina Kannada,12.9141,74.856,26.51,87.1,2.21,1.8926
20200623,Dakshina Kannada,12.9141,74.856,26.25,83.92,1.39,5.657
20200624,Dakshina Kannada,12.9141,74.856,26.34,85.32,1.63,5.4154
20200625,Dakshina Kannada,12.9141,74.856,26.33,84.36,1.96,5.5716
20200626,Dakshina Kannada,12.9141,74.856,25.67,87.49,1.75,4.5571
20200627,Dakshina Kannada,12.9141,74.856,26.3,88.03,2.3,4.2067
20200628,Dakshina Kannada,12.9141,74.856,26.68,88.15,2.56,3.5791
20200629,Dakshina Kannada,12.9141,74.856,26.69,90.27,2.52,1.895
20200630,Dakshina Kannada,12.9141,74.856,25.67,87.86,2.42,4.326
20200701,Dakshina Kannada,12.9141,74.856,25.98,87.5,1.79,4.1311
20200702,Dakshina Kannada,12.9141,74.856,25.46,89.71,2.56,1.7095
20200703,Dakshina Kannada,12.9141,74.856,26.05,89.26,3.18,2.5459
20200704,Dakshina Kannada,12.9141,74.856,26.28,90.06,3.09,1.2778
20200705,Dakshina Kannada,12.9141,74.856,26.12,89.71,2.36,5.0664
20200706,Dakshina Kannada,12.9141,74.856,26.78,88.5,3.08,5.4422
20200707,Dakshina Kannada,12.9141,74.856,25.93,89.41,2.91,3.9446
20200708,Dakshina Kannada,12.9141,74.856,26.05,88.44,2.25,2.8442
20200709,Dakshina Kannada,12.9141,74.856,25.59,91.51,2.44,2.3726
20200710,Dakshina Kannada,12.9141,74.856,25.22,89.88,1.97,3.4183
20200711,Dakshina Kannada,12.9141,74.856,25.62,87.38,1.77,4.6354
20200712,Dakshina Kannada,12.9141,74.856,24.9,89.49,2.17,5.9508
20200713,Dakshina Kannada,12.9141,74.856,24.94,90.17,2.23,3.6794
20200714,Dakshina Kannada,12.9141,74.856,25.79,90.31,2.71,2.2848
20200715,Dakshina Kannada,12.9141,74.856,25.41,90.08,2.44,1.4107
20200716,Dakshina Kannada,12.9141,74.856,25.93,89.72,2.37,3.4822
20200717,Dakshina Kannada,12.9141,74.856,25.9,89.64,2.43,0.9406
20200718,Dakshina Kannada,12.9141,74.856,25.79,90.71,2.43,2.8841
20200719,Dakshina Kannada,12.9141,74.856,25.35,90.62,1.95,5.8476
20200720,Dakshina Kannada,12.9141,74.856,25.37,91.22,1.85,6.0118
20200721,Dakshina Kannada,12.9141,74.856,25.91,86.32,1.17,5.885
20200722,Dakshina Kannada,12.9141,74.856,26.37,87.59,1.29,6.4087
20200723,Dakshina Kannada,12.9141,74.856,26.14,90.44,1.57,5.1864
20200724,Dakshina Kannada,12.9141,74.856,25.8,89.14,2.02,5.4382
20200725,Dakshina Kannada,12.9141,74.856,25.39,90.23,2.56,4.3673
20200726,Dakshina Kannada,12.9141,74.856,25.26,88.71,1.98,5.5505
20200727,Dakshina Kannada,12.9141,74.856,25.62,87.96,1.42,6.2942
20200728,Dakshina Kannada,12.9141,74.856,25.81,89.64,2.08,5.8236
20200729,Dakshina Kannada,12.9141,74.856,25.52,91.83,2.84,3.1013
20200730,Dakshina Kannada,12.9141,74.856,25.6,92.01,2.67,4.4657
20200731,Dakshina Kannada,12.9141,74.856,25.61,91.57,2.17,4.4998
20200801,Dakshina Kannada,12.9141,74.856,25.35,90.85,2.4,2.167
20200802,Dakshina Kannada,12.9141,74.856,25.57,92.46,3.04,1.4549
20200803,Dakshina Kannada,12.9141,74.856,25.8,91.64,3.35,3.5786
20200804,Dakshina Kannada,12.9141,74.856,25.56,91.7,3.96,3.2506
20200805,Dakshina Kannada,12.9141,74.856,25.67,91.31,4.67,1.9522
20200806,Dakshina Kannada,12.9141,74.856,26.46,91.89,3.93,4.2317
20200807,Dakshina Kannada,12.9141,74.856,26.16,92.61,3.25,3.7135
20200808,Dakshina Kannada,12.9141,74.856,25.3,90.6,3.22,1.1395
20200809,Dakshina Kannada,12.9141,74.856,25.41,93.19,2.59,0.9151
20200810,Dakshina Kannada,12.9141,74.856,25.49,94.38,2.78,1.8163
20200811,Dakshina Kannada,12.9141,74.856,25.5,91.93,2.2,3.6374
20200812,Dakshina Kannada,12.9141,74.856,25.5,91.96,2.21,5.081
20200813,Dakshina Kannada,12.9141,74.856,25.6,91.17,2.15,4.8403
20200814,Dakshina Kannada,12.9141,74.856,25.64,89.74,2.09,4.8679
20200815,Dakshina Kannada,12.9141,74.856,25.88,89.27,2.37,4.0205
20200816,Dakshina Kannada,12.9141,74.856,25.9,89.93,2.15,2.2858
20200817,Dakshina Kannada,12.9141,74.856,25.98,89.73,2.4,4.6075
20200818,Dakshina Kannada,12.9141,74.856,25.96,90.33,2.06,4.6178
20200819,Dakshina Kannada,12.9141,74.856,25.79,90.14,2.13,5.6064
20200820,Dakshina Kannada,12.9141,74.856,26.01,89.68,2.14,5.0443
20200821,Dakshina Kannada,12.9141,74.856,26.09,90.29,1.71,5.4804
20200822,Dakshina Kannada,12.9141,74.856,26.2,90.11,1.56,4.8881
20200823,Dakshina Kannada,12.9141,74.856,26.18,89.28,1.52,6.1246
20200824,Dakshina Kannada,12.9141,74.856,26.2,87.51,1.77,6.1829
20200825,Dakshina Kannada,12.9141,74.856,26.22,85.37,1.88,5.5126
20200826,Dakshina Kannada,12.9141,74.856,25.93,85.03,1.81,5.479
20200827,Dakshina Kannada,12.9141,74.856,25.92,84.73,1.89,5.2622
20200828,Dakshina Kannada,12.9141,74.856,25.68,85.88,1.47,6.2438
20200829,Dakshina Kannada,12.9141,74.856,26.05,87.57,1.67,5.1394
20200830,Dakshina Kannada,12.9141,74.856,26.18,89.06,1.64,6.0636
20200831,Dakshina Kannada,12.9141,74.856,26.07,88.75,1.51,5.3117
20200901,Dakshina Kannada,12.9141,74.856,25.85,92.33,2.07,4.831
20200902,Dakshina Kannada,12.9141,74.856,26.02,91.63,2.38,4.0294
20200903,Dakshina Kannada,12.9141,74.856,25.57,89.27,1.61,6.001
20200904,Dakshina Kannada,12.9141,74.856,26.13,87.85,1.16,6.8431
20200905,Dakshina Kannada,12.9141,74.856,26.18,91.13,1.51,6.0958
20200906,Dakshina Kannada,12.9141,74.856,26.41,88.88,2.1,6.055
20200907,Dakshina Kannada,12.9141,74.856,25.99,89.38,1.87,2.9071
20200908,Dakshina Kannada,12.9141,74.856,26.46,89.01,2.32,5.772
20200909,Dakshina Kannada,12.9141,74.856,26.15,89.97,2.28,4.9874
20200910,Dakshina Kannada,12.9141,74.856,25.8,91.36,2.43,2.3227
20200911,Dakshina Kannada,12.9141,74.856,25.66,89.09,2.85,1.2007
20200912,Dakshina Kannada,12.9141,74.856,24.98,88.86,2.19,1.1729
20200913,Dakshina Kannada,12.9141,74.856,24.69,88.94,1.62,2.2798
20200914,Dakshina Kannada,12.9141,74.856,25.09,88.15,1.57,5.5963
20200915,Dakshina Kannada,12.9141,74.856,25.39,89.88,1.67,4.7381
20200916,Dakshina Kannada,12.9141,74.856,26.04,88.75,2.05,4.0404
20200917,Dakshina Kannada,12.9141,74.856,25.95,90.07,2.02,3.523
20200918,Dakshina Kannada,12.9141,74.856,25.58,89.87,2.67,2.9431
20200919,Dakshina Kannada,12.9141,74.856,25.37,91.8,2.7,1.2454
20200920,Dakshina Kannada,12.9141,74.856,25.25,91.14,3.17,2.106
20200921,Dakshina Kannada,12.9141,74.856,24.61,86.86,3.48,2.6525
20200922,Dakshina Kannada,12.9141,74.856,25.27,85.75,2.62,4.7731
20200923,Dakshina Kannada,12.9141,74.856,25.46,88.61,1.96,6.1222
20200924,Dakshina Kannada,12.9141,74.856,25.26,88.18,1.22,5.1502
20200925,Dakshina Kannada,12.9141,74.856,25.37,89.24,1.59,5.8294
20200926,Dakshina Kannada,12.9141,74.856,24.83,90.69,1.57,3.036
20200927,Dakshina Kannada,12.9141,74.856,25.46,84.24,1.07,4.7297
20200928,Dakshina Kannada,12.9141,74.856,25.47,85.65,1.8,5.8332
20200929,Dakshina Kannada,12.9141,74.856,25.69,87.85,2.44,5.6354
20200930,Dakshina Kannada,12.9141,74.856,25.29,87.86,2.13,5.8366
20201001,Dakshina Kannada,12.9141,74.856,25.25,86.25,1.49,6.0098
20201002,Dakshina Kannada,12.9141,74.856,25.42,84.13,1.6,6.5798
20201003,Dakshina Kannada,12.9141,74.856,25.07,88.98,1.68,5.855
20201004,Dakshina Kannada,12.9141,74.856,25.1,87.7,1.88,5.4991
20201005,Dakshina Kannada,12.9141,74.856,25.24,86.03,1.86,5.412
20201006,Dakshina Kannada,12.9141,74.856,25.83,86.61,2.03,5.7679
20201007,Dakshina Kannada,12.9141,74.856,26.41,88.08,2.18,5.3801
20201008,Dakshina Kannada,12.9141,74.856,26.63,88.15,1.65,5.2886
20201009,Dakshina Kannada,12.9141,74.856,26.27,88.51,1.57,5.1511
20201010,Dakshina Kannada,12.9141,74.856,25.79,87.67,1.38,3.8042
20201011,Dakshina Kannada,12.9141,74.856,25.44,86.45,1.77,3.7356
20201012,Dakshina Kannada,12.9141,74.856,25.37,91.36,2.81,2.2927
20201013,Dakshina Kannada,12.9141,74.856,25.08,88.78,3.06,1.3872
20201014,Dakshina Kannada,12.9141,74.856,25.52,89.5,3.27,2.7086
20201015,Dakshina Kannada,12.9141,74.856,25.68,87.86,2.66,3.4397
20201016,Dakshina Kannada,12.9141,74.856,25.64,86.2,1.98,5.7842
20201017,Dakshina Kannada,12.9141,74.856,25.51,85.79,1.51,5.7468
20201018,Dakshina Kannada,12.9141,74.856,25.59,84.03,1.01,5.8517
20201019,Dakshina Kannada,12.9141,74.856,25.47,85.47,1.36,6.0048
20201020,Dakshina Kannada,12.9141,74.856,25.51,88.7,2.01,4.447
20201021,Dakshina Kannada,12.9141,74.856,25.44,90.12,1.67,4.4664
20201022,Dakshina Kannada,12.9141,74.856,25.21,88.8,1.36,3.9821
20201023,Dakshina Kannada,12.9141,74.856,25.47,89.83,1.93,1.9601
20201024,Dakshina Kannada,12.9141,74.856,25.56,89.03,2.11,4.853
20201025,Dakshina Kannada,12.9141,74.856,25.11,84.01,1.62,5.9342
20201026,Dakshina Kannada,12.9141,74.856,25.92,82.48,1.12,6.0725
20201027,Dakshina Kannada,12.9141,74.856,26.52,83.64,1.37,5.5834
20201028,Dakshina Kannada,12.9141,74.856,26.58,81.03,0.99,5.675
20201029,Dakshina Kannada,12.9141,74.856,26.01,78.64,1.32,5.6782
20201030,Dakshina Kannada,12.9141,74.856,26.42,78.85,1.13,5.5433
20201031,Dakshina Kannada,12.9141,74.856,26.47,79.24,1.02,5.3986
20201101,Dakshina Kannada,12.9141,74.856,26.37,81.91,1.04,4.6898
20201102,Dakshina Kannada,12.9141,74.856,26.67,81.38,0.98,4.6999
20201103,Dakshina Kannada,12.9141,74.856,26.46,84.42,0.98,4.3186
20201104,Dakshina Kannada,12.9141,74.856,26.42,86.17,1.0,3.5472
20201105,Dakshina Kannada,12.9141,74.856,25.65,85.07,0.93,4.8134
20201106,Dakshina Kannada,12.9141,74.856,27.04,81.14,1.23,4.6166
20201107,Dakshina Kannada,12.9141,74.856,27.1,81.41,0.95,5.0969
20201108,Dakshina Kannada,12.9141,74.856,27.27,82.8,1.38,5.1065
20201109,Dakshina Kannada,12.9141,74.856,26.78,80.04,1.49,5.5778
20201110,Dakshina Kannada,12.9141,74.856,25.33,73.01,1.75,5.8536
20201111,Dakshina Kannada,12.9141,74.856,24.68,70.91,1.73,6.2126
20201112,Dakshina Kannada,12.9141,74.856,26.62,81.67,1.05,5.5498
20201113,Dakshina Kannada,12.9141,74.856,27.08,83.24,1.22,5.49
20201114,Dakshina Kannada,12.9141,74.856,26.78,82.71,1.04,5.7082
20201115,Dakshina Kannada,12.9141,74.856,27.41,80.04,1.53,5.653
20201116,Dakshina Kannada,12.9141,74.856,27.17,82.71,1.4,3.625
20201117,Dakshina Kannada,12.9141,74.856,26.5,84.16,1.71,4.4534
20201118,Dakshina Kannada,12.9141,74.856,26.86,79.18,1.04,4.3906
20201119,Dakshina Kannada,12.9141,74.856,26.28,84.26,1.35,4.9723
20201120,Dakshina Kannada,12.9141,74.856,26.93,78.8,0.98,5.1084
20201121,Dakshina Kannada,12.9141,74.856,26.09,73.49,0.85,5.8082
20201122,Dakshina Kannada,12.9141,74.856,25.24,67.39,1.02,5.8954
20201123,Dakshina Kannada,12.9141,74.856,25.13,64.79,0.93,4.567
20201124,Dakshina Kannada,12.9141,74.856,25.91,75.08,1.09,5.1977
20201125,Dakshina Kannada,12.9141,74.856,26.69,76.52,1.48,5.4065
20201126,Dakshina Kannada,12.9141,74.856,26.27,78.59,1.44,4.3423
20201127,Dakshina Kannada,12.9141,74.856,25.55,77.01,1.76,5.5781
20201128,Dakshina Kannada,12.9141,74.856,25.72,79.16,1.75,5.5678
20201129,Dakshina Kannada,12.9141,74.856,26.85,75.49,1.03,5.0909
20201130,Dakshina Kannada,12.9141,74.856,26.89,75.8,1.18,5.3698
20201201,Dakshina Kannada,12.9141,74.856,26.08,73.81,1.4,5.76
20201202,Dakshina Kannada,12.9141,74.856,25.0,72.86,1.52,5.6772
20201203,Dakshina Kannada,12.9141,74.856,26.02,75.55,1.55,3.9898
20201204,Dakshina Kannada,12.9141,74.856,26.85,79.28,1.24,4.9824
20201205,Dakshina Kannada,12.9141,74.856,26.92,77.63,1.26,5.3554
20201206,Dakshina Kannada,12.9141,74.856,27.28,76.47,1.07,5.6232
20201207,Dakshina Kannada,12.9141,74.856,27.16,79.37,1.07,4.8074
20201208,Dakshina Kannada,12.9141,74.856,26.88,81.02,1.65,5.2831
20201209,Dakshina Kannada,12.9141,74.856,26.61,81.7,1.38,5.5332
20201210,Dakshina Kannada,12.9141,74.856,26.17,79.88,1.14,4.499
20201211,Dakshina Kannada,12.9141,74.856,25.5,82.36,0.88,4.8113
20201212,Dakshina Kannada,12.9141,74.856,25.74,76.42,1.16,3.8316
20201213,Dakshina Kannada,12.9141,74.856,25.73,79.15,0.86,4.3241
20201214,Dakshina Kannada,12.9141,74.856,25.86,77.99,0.85,4.835
20201215,Dakshina Kannada,12.9141,74.856,25.84,71.41,0.97,5.0959
20201216,Dakshina Kannada,12.9141,74.856,25.92,72.16,1.38,4.9445
20201217,Dakshina Kannada,12.9141,74.856,26.53,74.18,1.27,4.7268
20201218,Dakshina Kannada,12.9141,74.856,26.45,71.91,1.32,4.5504
20201219,Dakshina Kannada,12.9141,74.856,25.94,73.28,1.55,5.4679
20201220,Dakshina Kannada,12.9141,74.856,25.51,71.12,1.87,5.1338
20201221,Dakshina Kannada,12.9141,74.856,24.37,67.4,1.94,5.153
20201222,Dakshina Kannada,12.9141,74.856,25.16,66.84,1.36,5.1012
20201223,Dakshina Kannada,12.9141,74.856,26.23,70.56,0.93,4.835
20201224,Dakshina Kannada,12.9141,74.856,26.46,77.71,0.95,4.5096
20201225,Dakshina Kannada,12.9141,74.856,26.72,77.35,1.08,4.5427
20201226,Dakshina Kannada,12.9141,74.856,26.54,72.73,1.29,4.7818
20201227,Dakshina Kannada,12.9141,74.856,25.57,68.06,1.37,5.4182
20201228,Dakshina Kannada,12.9141,74.856,25.21,68.6,1.4,5.417
20201229,Dakshina Kannada,12.9141,74.856,25.76,64.71,1.26,4.7453
20201230,Dakshina Kannada,12.9141,74.856,26.77,73.02,1.58,4.9042
20201231,Dakshina Kannada,12.9141,74.856,27.55,73.32,1.03,4.6987
20210101,Dakshina Kannada,12.9141,74.856,25.75,68.35,1.21,5.3098
20210102,Dakshina Kannada,12.9141,74.856,25.7,64.86,1.53,5.4058
20210103,Dakshina Kannada,12.9141,74.856,27.06,69.96,1.4,5.4725
20210104,Dakshina Kannada,12.9141,74.856,26.88,74.36,0.94,3.2095
20210105,Dakshina Kannada,12.9141,74.856,25.67,79.44,1.25,5.101
20210106,Dakshina Kannada,12.9141,74.856,26.02,82.1,1.45,4.1726
20210107,Dakshina Kannada,12.9141,74.856,25.72,86.64,1.13,5.3458
20210108,Dakshina Kannada,12.9141,74.856,25.25,87.86,1.17,1.6908
20210109,Dakshina Kannada,12.9141,74.856,25.75,82.82,0.94,4.3524
20210110,Dakshina Kannada,12.9141,74.856,26.11,84.4,1.05,5.1367
20210111,Dakshina Kannada,12.9141,74.856,26.88,76.54,1.04,3.9197
20210112,Dakshina Kannada,12.9141,74.856,26.4,70.94,0.83,4.0579
20210113,Dakshina Kannada,12.9141,74.856,26.05,67.15,1.29,3.8095
20210114,Dakshina Kannada,12.9141,74.856,26.7,68.27,1.34,5.1264
20210115,Dakshina Kannada,12.9141,74.856,27.28,69.0,1.18,4.4486
20210116,Dakshina Kannada,12.9141,74.856,26.96,73.66,1.09,5.2097
20210117,Dakshina Kannada,12.9141,74.856,26.93,76.34,0.99,5.472
20210118,Dakshina Kannada,12.9141,74.856,27.08,71.26,1.32,5.2982
20210119,Dakshina Kannada,12.9141,74.856,26.48,71.31,1.43,5.5524
20210120,Dakshina Kannada,12.9141,74.856,26.23,66.78,1.15,5.515
20210121,Dakshina Kannada,12.9141,74.856,26.01,63.59,1.52,5.5006
20210122,Dakshina Kannada,12.9141,74.856,26.28,67.45,1.69,5.7694
20210123,Dakshina Kannada,12.9141,74.856,26.66,69.84,1.34,5.0722
20210124,Dakshina Kannada,12.9141,74.856,27.07,67.32,1.15,5.2594
20210125,Dakshina Kannada,12.9141,74.856,26.08,63.06,1.53,5.4797
20210126,Dakshina Kannada,12.9141,74.856,25.99,59.43,1.23,6.204
20210127,Dakshina Kannada,12.9141,74.856,25.98,63.44,1.29,5.9203
20210128,Dakshina Kannada,12.9141,74.856,26.06,61.2,1.37,5.8457
20210129,Dakshina Kannada,12.9141,74.856,26.02,65.88,1.56,5.4782
20210130,Dakshina Kannada,12.9141,74.856,26.6,66.19,1.32,5.5008
20210131,Dakshina Kannada,12.9141,74.856,27.25,65.32,1.09,5.3242
20210201,Dakshina Kannada,12.9141,74.856,26.69,59.05,1.79,5.6323
20210202,Dakshina Kannada,12.9141,74.856,26.04,60.05,1.79,6.2098
20210203,Dakshina Kannada,12.9141,74.856,26.53,64.98,1.95,5.7266
20210204,Dakshina Kannada,12.9141,74.856,27.29,67.58,1.39,5.6683
20210205,Dakshina Kannada,12.9141,74.856,26.79,70.22,1.57,5.6734
20210206,Dakshina Kannada,12.9141,74.856,26.53,64.18,1.54,6.3065
20210207,Dakshina Kannada,12.9141,74.856,26.24,54.24,1.54,6.1711
20210208,Dakshina Kannada,12.9141,74.856,25.64,56.04,1.67,6.5227
20210209,Dakshina Kannada,12.9141,74.856,25.8,56.33,1.62,6.3833
20210210,Dakshina Kannada,12.9141,74.856,25.77,54.8,1.6,6.5686
20210211,Dakshina Kannada,12.9141,74.856,25.77,56.63,1.34,6.181
20210212,Dakshina Kannada,12.9141,74.856,26.45,60.93,1.33,6.3058
20210213,Dakshina Kannada,12.9141,74.856,26.6,66.63,1.49,5.995
20210214,Dakshina Kannada,12.9141,74.856,26.67,65.85,1.3,6.031
20210215,Dakshina Kannada,12.9141,74.856,26.88,69.1,1.49,6.1236
20210216,Dakshina Kannada,12.9141,74.856,26.73,70.66,1.84,5.8435
20210217,Dakshina Kannada,12.9141,74.856,27.05,70.9,2.13,6.0108
20210218,Dakshina Kannada,12.9141,74.856,26.76,72.44,1.6,5.6179
20210219,Dakshina Kannada,12.9141,74.856,25.39,73.89,0.76,5.5253
20210220,Dakshina Kannada,12.9141,74.856,26.5,64.89,2.12,6.1253
20210221,Dakshina Kannada,12.9141,74.856,26.39,65.48,1.69,5.364
20210222,Dakshina Kannada,12.9141,74.856,27.19,59.98,1.55,4.7182
20210223,Dakshina Kannada,12.9141,74.856,27.66,66.15,1.55,6.648
20210224,Dakshina Kannada,12.9141,74.856,27.81,66.29,1.55,6.5513
20210225,Dakshina Kannada,12.9141,74.856,28.22,66.72,1.83,6.2184
20210226,Dakshina Kannada,12.9141,74.856,28.3,66.46,2.43,6.421
20210227,Dakshina Kannada,12.9141,74.856,28.47,63.34,1.99,6.463
20210228,Dakshina Kannada,12.9141,74.856,28.53,64.38,1.65,6.1373
20210301,Dakshina Kannada,12.9141,74.856,28.55,63.62,1.4,6.2234
20210302,Dakshina Kannada,12.9141,74.856,28.7,62.39,1.54,6.3595
20210303,Dakshina Kannada,12.9141,74.856,28.85,59.11,1.24,6.5794
20210304,Dakshina Kannada,12.9141,74.856,28.75,53.02,1.59,6.8374
20210305,Dakshina Kannada,12.9141,74.856,28.68,55.32,1.47,6.8323
20210306,Dakshina Kannada,12.9141,74.856,28.79,64.91,2.03,6.9228
20210307,Dakshina Kannada,12.9141,74.856,28.97,61.09,1.61,6.9074
20210308,Dakshina Kannada,12.9141,74.856,29.07,61.35,1.62,6.6826
20210309,Dakshina Kannada,12.9141,74.856,29.37,58.34,1.51,6.6439
20210310,Dakshina Kannada,12.9141,74.856,28.8,64.59,1.48,6.8177
20210311,Dakshina Kannada,12.9141,74.856,27.51,71.61,1.03,4.7902
20210312,Dakshina Kannada,12.9141,74.856,28.29,66.54,1.08,6.4826
20210313,Dakshina Kannada,12.9141,74.856,28.98,59.51,1.55,6.9
20210314,Dakshina Kannada,12.9141,74.856,29.15,60.7,1.74,7.0622
20210315,Dakshina Kannada,12.9141,74.856,29.46,62.86,1.53,6.8297
20210316,Dakshina Kannada,12.9141,74.856,29.44,60.05,1.74,6.0317
20210317,Dakshina Kannada,12.9141,74.856,29.66,57.92,1.59,6.7193
20210318,Dakshina Kannada,12.9141,74.856,29.8,60.35,1.77,5.9616
20210319,Dakshina Kannada,12.9141,74.856,29.85,60.51,1.92,6.3127
20210320,Dakshina Kannada,12.9141,74.856,29.67,58.47,1.95,6.2825
20210321,Dakshina Kannada,12.9141,74.856,29.5,63.33,1.58,6.4834
20210322,Dakshina Kannada,12.9141,74.856,30.04,60.58,1.85,6.5227
20210323,Dakshina Kannada,12.9141,74.856,30.26,62.99,1.74,6.7262
20210324,Dakshina Kannada,12.9141,74.856,29.91,62.44,1.54,6.2407
20210325,Dakshina Kannada,12.9141,74.856,29.39,67.37,1.34,5.6364
20210326,Dakshina Kannada,12.9141,74.856,30.69,61.48,1.37,6.6737
20210327,Dakshina Kannada,12.9141,74.856,30.79,61.55,1.6,6.6139
20210328,Dakshina Kannada,12.9141,74.856,30.2,65.18,1.56,5.4134
20210329,Dakshina Kannada,12.9141,74.856,30.02,65.13,1.72,5.6875
20210330,Dakshina Kannada,12.9141,74.856,29.13,71.57,1.94,6.2237
20210331,Dakshina Kannada,12.9141,74.856,29.41,70.77,2.1,5.8358
20210401,Dakshina Kannada,12.9141,74.856,29.0,66.94,2.47,6.9562
20210402,Dakshina Kannada,12.9141,74.856,28.74,63.65,2.33,7.1858
20210403,Dakshina Kannada,12.9141,74.856,28.07,66.74,2.26,6.7226
20210404,Dakshina Kannada,12.9141,74.856,28.82,62.43,2.65,6.6787
20210405,Dakshina Kannada,12.9141,74.856,30.04,63.21,2.89,6.7399
20210406,Dakshina Kannada,12.9141,74.856,30.3,64.48,2.1,6.2112
20210407,Dakshina Kannada,12.9141,74.856,30.54,64.58,1.87,6.3941
20210408,Dakshina Kannada,12.9141,74.856,29.96,63.68,2.01,5.0822
20210409,Dakshina Kannada,12.9141,74.856,30.26,60.66,2.01,6.5974
20210410,Dakshina Kannada,12.9141,74.856,30.34,62.56,1.81,6.3984
20210411,Dakshina Kannada,12.9141,74.856,29.62,66.84,1.57,6.5191
20210412,Dakshina Kannada,12.9141,74.856,28.96,74.27,1.42,6.295
20210413,Dakshina Kannada,12.9141,74.856,28.53,75.28,1.19,5.9158
20210414,Dakshina Kannada,12.9141,74.856,28.18,76.0,1.15,6.823
20210415,Dakshina Kannada,12.9141,74.856,28.06,75.79,1.46,5.946
20210416,Dakshina Kannada,12.9141,74.856,28.48,74.74,1.63,7.0598
20210417,Dakshina Kannada,12.9141,74.856,28.63,76.04,1.32,6.5854
20210418,Dakshina Kannada,12.9141,74.856,28.79,74.83,1.39,6.4942
20210419,Dakshina Kannada,12.9141,74.856,28.5,74.74,1.38,6.4793
20210420,Dakshina Kannada,12.9141,74.856,28.6,74.66,1.67,3.1884
20210421,Dakshina Kannada,12.9141,74.856,28.27,76.21,1.49,5.7955
20210422,Dakshina Kannada,12.9141,74.856,28.55,74.27,1.61,5.1576
20210423,Dakshina Kannada,12.9141,74.856,28.09,77.1,1.29,5.8049
20210424,Dakshina Kannada,12.9141,74.856,28.92,73.2,1.69,6.5902
20210425,Dakshina Kannada,12.9141,74.856,29.2,73.36,1.53,6.2681
20210426,Dakshina Kannada,12.9141,74.856,30.14,69.97,1.75,6.5892
20210427,Dakshina Kannada,12.9141,74.856,29.01,74.55,1.45,5.3909
20210428,Dakshina Kannada,12.9141,74.856,28.95,75.83,1.45,6.168
20210429,Dakshina Kannada,12.9141,74.856,29.45,72.33,1.77,6.5275
20210430,Dakshina Kannada,12.9141,74.856,29.96,69.11,1.6,6.5786
20210501,Dakshina Kannada,12.9141,74.856,29.87,72.22,1.45,6.126
20210502,Dakshina Kannada,12.9141,74.856,29.01,76.92,1.04,6.2573
20210503,Dakshina Kannada,12.9141,74.856,29.63,72.48,1.42,5.861
20210504,Dakshina Kannada,12.9141,74.856,28.75,78.55,1.23,3.4147
20210505,Dakshina Kannada,12.9141,74.856,29.04,80.31,1.28,6.4325
20210506,Dakshina Kannada,12.9141,74.856,28.59,82.13,1.55,5.2925
20210507,Dakshina Kannada,12.9141,74.856,29.0,78.66,1.12,3.5897
20210508,Dakshina Kannada,12.9141,74.856,28.98,77.85,1.12,6.4044
20210509,Dakshina Kannada,12.9141,74.856,28.63,79.1,1.2,5.4629
20210510,Dakshina Kannada,12.9141,74.856,28.87,78.55,1.43,4.817
20210511,Dakshina Kannada,12.9141,74.856,28.29,84.7,1.18,3.9521
20210512,Dakshina Kannada,12.9141,74.856,28.04,85.93,1.29,4.7052
20210513,Dakshina Kannada,12.9141,74.856,28.03,84.42,1.7,4.8965
20210514,Dakshina Kannada,12.9141,74.856,27.36,84.65,3.73,2.9695
20210515,Dakshina Kannada,12.9141,74.856,26.57,89.56,5.62,2.351
20210516,Dakshina Kannada,12.9141,74.856,27.45,87.06,4.19,4.0001
20210517,Dakshina Kannada,12.9141,74.856,27.35,87.92,2.87,2.971
20210518,Dakshina Kannada,12.9141,74.856,27.48,88.2,2.68,3.3024
20210519,Dakshina Kannada,12.9141,74.856,27.32,87.47,1.98,3.3005
20210520,Dakshina Kannada,12.9141,74.856,26.88,86.01,1.71,3.749
20210521,Dakshina Kannada,12.9141,74.856,26.62,86.2,1.66,3.7406
20210522,Dakshina Kannada,12.9141,74.856,26.56,86.7,1.13,4.9231
20210523,Dakshina Kannada,12.9141,74.856,27.12,82.12,1.38,5.8651
20210524,Dakshina Kannada,12.9141,74.856,27.32,81.51,1.76,6.791
20210525,Dakshina Kannada,12.9141,74.856,26.97,87.69,2.39,4.944
20210526,Dakshina Kannada,12.9141,74.856,26.4,84.71,2.63,5.7295
20210527,Dakshina Kannada,12.9141,74.856,27.41,80.15,2.56,6.6526
20210528,Dakshina Kannada,12.9141,74.856,27.23,84.95,1.66,5.544
20210529,Dakshina Kannada,12.9141,74.856,27.34,82.59,1.94,3.1862
20210530,Dakshina Kannada,12.9141,74.856,26.32,84.47,1.61,5.807
20210531,Dakshina Kannada,12.9141,74.856,26.72,87.73,2.65,6.2616
20210601,Dakshina Kannada,12.9141,74.856,27.44,89.14,2.3,4.2094
20210602,Dakshina Kannada,12.9141,74.856,27.21,87.33,1.47,6.1531
20210603,Dakshina Kannada,12.9141,74.856,27.87,84.87,1.26,5.243
20210604,Dakshina Kannada,12.9141,74.856,26.97,88.82,1.53,1.908
20210605,Dakshina Kannada,12.9141,74.856,26.56,81.53,1.7,2.7919
20210606,Dakshina Kannada,12.9141,74.856,26.53,79.72,1.14,5.9566
20210607,Dakshina Kannada,12.9141,74.856,26.7,82.51,1.21,6.8167
20210608,Dakshina Kannada,12.9141,74.856,26.91,84.58,1.89,6.2734
20210609,Dakshina Kannada,12.9141,74.856,27.2,85.27,2.55,5.622
20210610,Dakshina Kannada,12.9141,74.856,27.05,84.68,2.72,4.9238
20210611,Dakshina Kannada,12.9141,74.856,27.08,85.41,2.24,4.7717
20210612,Dakshina Kannada,12.9141,74.856,26.18,85.17,1.93,2.1667
20210613,Dakshina Kannada,12.9141,74.856,26.1,83.71,2.14,1.3474
20210614,Dakshina Kannada,12.9141,74.856,26.47,87.34,3.91,1.3058
20210615,Dakshina Kannada,12.9141,74.856,26.5,89.34,3.39,3.7212
20210616,Dakshina Kannada,12.9141,74.856,26.74,90.46,3.18,3.8815
20210617,Dakshina Kannada,12.9141,74.856,27.04,88.3,3.2,5.4091
20210618,Dakshina Kannada,12.9141,74.856,26.64,86.88,3.14,4.7551
20210619,Dakshina Kannada,12.9141,74.856,26.69,87.72,2.97,3.9499
20210620,Dakshina Kannada,12.9141,74.856,26.44,88.69,2.55,3.025
20210621,Dakshina Kannada,12.9141,74.856,26.48,89.2,2.44,3.1243
20210622,Dakshina Kannada,12.9141,74.856,26.59,88.9,2.35,4.4102
20210623,Dakshina Kannada,12.9141,74.856,26.74,86.84,2.29,5.3482
20210624,Dakshina Kannada,12.9141,74.856,26.65,85.44,2.36,6.3427
20210625,Dakshina Kannada,12.9141,74.856,26.33,86.29,2.28,6.2779
20210626,Dakshina Kannada,12.9141,74.856,26.45,86.74,2.62,3.8011
20210627,Dakshina Kannada,12.9141,74.856,25.26,82.16,1.91,3.9938
20210628,Dakshina Kannada,12.9141,74.856,25.09,82.35,1.55,5.9786
20210629,Dakshina Kannada,12.9141,74.856,26.43,82.95,1.53,6.7219
20210630,Dakshina Kannada,12.9141,74.856,26.78,84.64,1.53,6.6254
20210701,Dakshina Kannada,12.9141,74.856,26.79,89.09,2.31,4.3344
20210702,Dakshina Kannada,12.9141,74.856,26.52,88.34,1.72,4.0898
20210703,Dakshina Kannada,12.9141,74.856,26.21,88.91,1.76,2.9158
20210704,Dakshina Kannada,12.9141,74.856,26.13,88.65,1.71,5.2872
20210705,Dakshina Kannada,12.9141,74.856,25.81,83.42,2.17,3.9269
20210706,Dakshina Kannada,12.9141,74.856,26.51,84.36,2.47,5.8414
20210707,Dakshina Kannada,12.9141,74.856,25.74,91.4,2.56,3.8782
20210708,Dakshina Kannada,12.9141,74.856,26.1,88.01,2.12,3.8148
20210709,Dakshina Kannada,12.9141,74.856,25.15,92.47,2.74,2.4468
20210710,Dakshina Kannada,12.9141,74.856,24.87,86.72,2.63,2.2166
20210711,Dakshina Kannada,12.9141,74.856,24.9,89.27,2.72,2.7646
20210712,Dakshina Kannada,12.9141,74.856,25.72,90.48,2.9,2.7902
20210713,Dakshina Kannada,12.9141,74.856,25.9,90.88,3.13,3.7574
20210714,Dakshina Kannada,12.9141,74.856,25.92,90.94,3.01,2.3594
20210715,Dakshina Kannada,12.9141,74.856,25.85,92.2,3.16,1.1309
20210716,Dakshina Kannada,12.9141,74.856,25.86,91.12,3.02,2.2082
20210717,Dakshina Kannada,12.9141,74.856,25.96,89.86,3.0,2.8402
20210718,Dakshina Kannada,12.9141,74.856,25.63,92.8,3.43,0.9451
20210719,Dakshina Kannada,12.9141,74.856,25.85,90.94,3.04,5.2771
20210720,Dakshina Kannada,12.9141,74.856,25.86,89.81,2.89,5.8615
20210721,Dakshina Kannada,12.9141,74.856,25.87,91.72,2.74,3.1505
20210722,Dakshina Kannada,12.9141,74.856,25.2,93.44,3.0,2.4077
20210723,Dakshina Kannada,12.9141,74.856,25.63,92.07,3.01,4.4112
20210724,Dakshina Kannada,12.9141,74.856,25.82,92.89,2.61,5.2582
20210725,Dakshina Kannada,12.9141,74.856,25.74,92.45,2.75,5.7926
20210726,Dakshina Kannada,12.9141,74.856,25.56,91.66,2.16,3.6482
20210727,Dakshina Kannada,12.9141,74.856,25.77,90.61,2.12,5.9784
20210728,Dakshina Kannada,12.9141,74.856,25.8,89.77,2.2,5.9983
20210729,Dakshina Kannada,12.9141,74.856,25.86,88.96,2.6,6.1277
20210730,Dakshina Kannada,12.9141,74.856,25.85,89.55,2.74,6.5642
20210731,Dakshina Kannada,12.9141,74.856,25.91,89.18,2.71,6.4123
20210801,Dakshina Kannada,12.9141,74.856,25.91,87.28,2.64,6.4498
20210802,Dakshina Kannada,12.9141,74.856,25.85,86.42,2.54,6.3091
20210803,Dakshina Kannada,12.9141,74.856,25.89,88.78,2.38,4.1155
20210804,Dakshina Kannada,12.9141,74.856,25.97,89.77,2.56,4.3147
20210805,Dakshina Kannada,12.9141,74.856,26.18,89.32,2.81,4.8317
20210806,Dakshina Kannada,12.9141,74.856,26.18,89.38,2.61,5.2639
20210807,Dakshina Kannada,12.9141,74.856,26.23,90.93,2.75,2.3796
20210808,Dakshina Kannada,12.9141,74.856,25.8,90.84,1.9,4.4995
20210809,Dakshina Kannada,12.9141,74.856,25.67,91.73,1.94,5.1672
20210810,Dakshina Kannada,12.9141,74.856,25.39,92.36,2.09,4.165
20210811,Dakshina Kannada,12.9141,74.856,25.43,91.09,2.12,3.5004
20210812,Dakshina Kannada,12.9141,74.856,25.13,92.45,1.93,4.3495
20210813,Dakshina Kannada,12.9141,74.856,25.67,90.75,2.57,5.0758
20210814,Dakshina Kannada,12.9141,74.856,25.49,89.88,2.37,4.835
20210815,Dakshina Kannada,12.9141,74.856,25.55,89.61,2.21,4.1378
20210816,Dakshina Kannada,12.9141,74.856,25.69,90.37,2.11,4.2802
20210817,Dakshina Kannada,12.9141,74.856,25.93,88.44,1.4,3.5623
20210818,Dakshina Kannada,12.9141,74.856,24.62,89.05,1.8,4.2982
20210819,Dakshina Kannada,12.9141,74.856,24.66,85.69,1.56,4.3522
20210820,Dakshina Kannada,12.9141,74.856,25.39,84.85,1.16,4.967
20210821,Dakshina Kannada,12.9141,74.856,25.4,83.98,1.02,5.2812
20210822,Dakshina Kannada,12.9141,74.856,25.58,82.54,1.17,5.6304
20210823,Dakshina Kannada,12.9141,74.856,25.78,86.27,1.19,6.3994
20210824,Dakshina Kannada,12.9141,74.856,25.67,85.7,1.48,6.523
20210825,Dakshina Kannada,12.9141,74.856,26.01,87.55,1.73,5.9004
20210826,Dakshina Kannada,12.9141,74.856,26.19,86.58,1.51,5.1934
20210827,Dakshina Kannada,12.9141,74.856,26.02,90.66,2.46,4.1378
20210828,Dakshina Kannada,12.9141,74.856,25.53,91.12,2.38,3.3869
20210829,Dakshina Kannada,12.9141,74.856,25.09,92.11,1.93,2.9873
20210830,Dakshina Kannada,12.9141,74.856,25.66,89.12,2.13,5.5949
20210831,Dakshina Kannada,12.9141,74.856,26.0,87.4,1.49,5.6609
20210901,Dakshina Kannada,12.9141,74.856,26.25,87.04,2.14,5.7449
20210902,Dakshina Kannada,12.9141,74.856,25.96,89.57,2.08,4.0634
20210903,Dakshina Kannada,12.9141,74.856,25.41,89.86,1.56,4.2574
20210904,Dakshina Kannada,12.9141,74.856,25.75,89.55,2.31,3.0778
20210905,Dakshina Kannada,12.9141,74.856,25.41,91.37,2.57,3.3118
20210906,Dakshina Kannada,12.9141,74.856,25.01,91.99,1.94,2.8162
20210907,Dakshina Kannada,12.9141,74.856,25.49,91.88,2.34,2.585
20210908,Dakshina Kannada,12.9141,74.856,25.67,90.39,2.51,6.0014
20210909,Dakshina Kannada,12.9141,74.856,25.62,89.7,2.17,6.6422
20210910,Dakshina Kannada,12.9141,74.856,25.63,88.61,2.26,6.463
20210911,Dakshina Kannada,12.9141,74.856,25.79,89.3,2.28,5.2378
20210912,Dakshina Kannada,12.9141,74.856,25.96,90.47,2.88,5.9609
20210913,Dakshina Kannada,12.9141,74.856,25.83,91.72,3.08,4.697
20210914,Dakshina Kannada,12.9141,74.856,25.92,90.54,2.37,4.8631
20210915,Dakshina Kannada,12.9141,74.856,25.9,89.62,1.98,5.7526
20210916,Dakshina Kannada,12.9141,74.856,25.95,88.44,2.09,5.5291
20210917,Dakshina Kannada,12.9141,74.856,25.98,87.15,1.54,6.3098
20210918,Dakshina Kannada,12.9141,74.856,26.17,84.96,1.46,6.2414
20210919,Dakshina Kannada,12.9141,74.856,26.27,85.33,1.68,6.2124
20210920,Dakshina Kannada,12.9141,74.856,26.12,87.75,1.95,6.1236
20210921,Dakshina Kannada,12.9141,74.856,26.04,87.9,2.11,6.27
20210922,Dakshina Kannada,12.9141,74.856,25.88,88.88,2.39,5.3052
20210923,Dakshina Kannada,12.9141,74.856,26.14,88.75,2.04,5.2613
20210924,Dakshina Kannada,12.9141,74.856,26.32,87.46,2.11,5.9551
20210925,Dakshina Kannada,12.9141,74.856,26.18,87.23,1.74,6.3557
20210926,Dakshina Kannada,12.9141,74.856,25.92,86.67,1.79,4.9464
20210927,Dakshina Kannada,12.9141,74.856,25.85,88.19,2.4,4.3658
20210928,Dakshina Kannada,12.9141,74.856,25.93,88.64,2.39,5.4463
20210929,Dakshina Kannada,12.9141,74.856,25.7,88.86,1.54,6.0192
20210930,Dakshina Kannada,12.9141,74.856,26.12,88.51,1.41,5.2944
20211001,Dakshina Kannada,12.9141,74.856,26.4,88.13,1.81,6.2611
20211002,Dakshina Kannada,12.9141,74.856,26.2,91.2,2.3,5.8999
20211003,Dakshina Kannada,12.9141,74.856,26.72,88.77,1.42,5.6431
20211004,Dakshina Kannada,12.9141,74.856,26.99,87.05,1.48,5.5322
20211005,Dakshina Kannada,12.9141,74.856,26.93,86.18,1.21,5.9758
20211006,Dakshina Kannada,12.9141,74.856,25.82,90.88,1.99,3.2153
20211007,Dakshina Kannada,12.9141,74.856,26.1,86.38,1.25,5.556
20211008,Dakshina Kannada,12.9141,74.856,26.61,87.84,1.6,5.0755
20211009,Dakshina Kannada,12.9141,74.856,26.61,87.67,1.45,3.6806
20211010,Dakshina Kannada,12.9141,74.856,25.88,88.84,1.38,4.5739
20211011,Dakshina Kannada,12.9141,74.856,25.96,85.86,1.26,3.9593
20211012,Dakshina Kannada,12.9141,74.856,25.87,89.45,2.21,2.6794
20211013,Dakshina Kannada,12.9141,74.856,26.03,88.78,2.14,2.7835
20211014,Dakshina Kannada,12.9141,74.856,26.37,89.7,1.83,5.2092
20211015,Dakshina Kannada,12.9141,74.856,26.24,90.36,1.14,5.4917
20211016,Dakshina Kannada,12.9141,74.856,26.4,90.88,1.9,4.3382
20211017,Dakshina Kannada,12.9141,74.856,26.13,90.68,1.74,2.8404
20211018,Dakshina Kannada,12.9141,74.856,26.14,87.52,1.86,4.1743
20211019,Dakshina Kannada,12.9141,74.856,26.18,82.62,1.96,5.7792
20211020,Dakshina Kannada,12.9141,74.856,26.24,86.0,2.09,5.2795
20211021,Dakshina Kannada,12.9141,74.856,26.24,86.05,1.12,3.085
20211022,Dakshina Kannada,12.9141,74.856,26.6,86.83,0.98,5.9162
20211023,Dakshina Kannada,12.9141,74.856,25.91,89.2,1.29,1.776
20211024,Dakshina Kannada,12.9141,74.856,25.85,82.98,1.21,5.0635
20211025,Dakshina Kannada,12.9141,74.856,25.93,85.35,1.69,5.8819
20211026,Dakshina Kannada,12.9141,74.856,26.44,86.15,1.04,3.1421
20211027,Dakshina Kannada,12.9141,74.856,26.74,82.49,1.02,4.9051
20211028,Dakshina Kannada,12.9141,74.856,26.74,80.52,0.78,5.1598
20211029,Dakshina Kannada,12.9141,74.856,26.3,83.44,1.04,5.3114
20211030,Dakshina Kannada,12.9141,74.856,27.06,83.14,0.98,4.7417
20211031,Dakshina Kannada,12.9141,74.856,26.63,85.25,0.98,4.7954
20211101,Dakshina Kannada,12.9141,74.856,27.0,83.8,0.99,4.7098
20211102,Dakshina Kannada,12.9141,74.856,26.62,83.53,0.82,5.3882
20211103,Dakshina Kannada,12.9141,74.856,25.92,88.77,1.57,4.7671
20211104,Dakshina Kannada,12.9141,74.856,25.81,89.44,1.16,4.973
20211105,Dakshina Kannada,12.9141,74.856,25.79,90.5,2.19,3.1474
20211106,Dakshina Kannada,12.9141,74.856,25.88,84.62,1.65,4.873
20211107,Dakshina Kannada,12.9141,74.856,25.71,85.72,0.97,5.5738
20211108,Dakshina Kannada,12.9141,74.856,25.32,81.27,0.67,4.1911
20211109,Dakshina Kannada,12.9141,74.856,25.97,82.6,0.91,3.8537
20211110,Dakshina Kannada,12.9141,74.856,25.63,85.28,0.99,3.9139
20211111,Dakshina Kannada,12.9141,74.856,25.63,77.34,0.82,3.9984
20211112,Dakshina Kannada,12.9141,74.856,24.23,85.64,1.39,2.7449
20211113,Dakshina Kannada,12.9141,74.856,25.39,89.28,1.58,3.4262
20211114,Dakshina Kannada,12.9141,74.856,26.18,90.63,1.57,1.4844
20211115,Dakshina Kannada,12.9141,74.856,25.89,94.21,2.83,2.3777
20211116,Dakshina Kannada,12.9141,74.856,25.34,92.14,1.69,2.5018
20211117,Dakshina Kannada,12.9141,74.856,25.94,89.91,2.18,4.6985
20211118,Dakshina Kannada,12.9141,74.856,26.31,85.46,1.04,4.0178
20211119,Dakshina Kannada,12.9141,74.856,25.45,88.72,1.98,3.3437
20211120,Dakshina Kannada,12.9141,74.856,25.71,92.57,2.82,3.5544
20211121,Dakshina Kannada,12.9141,74.856,25.39,90.31,1.58,2.9477
20211122,Dakshina Kannada,12.9141,74.856,25.97,86.98,1.32,4.2996
20211123,Dakshina Kannada,12.9141,74.856,26.61,87.88,1.48,5.3081
20211124,Dakshina Kannada,12.9141,74.856,26.95,85.91,1.06,5.2217
20211125,Dakshina Kannada,12.9141,74.856,26.79,82.76,0.97,4.3754
20211126,Dakshina Kannada,12.9141,74.856,26.78,79.4,0.88,4.6673
20211127,Dakshina Kannada,12.9141,74.856,26.27,80.63,0.99,5.4305
20211128,Dakshina Kannada,12.9141,74.856,26.08,78.77,1.24,4.2794
20211129,Dakshina Kannada,12.9141,74.856,25.88,79.47,1.19,4.5984
20211130,Dakshina Kannada,12.9141,74.856,25.84,82.86,1.52,3.9655
20211201,Dakshina Kannada,12.9141,74.856,26.1,85.34,1.64,5.3729
20211202,Dakshina Kannada,12.9141,74.856,26.34,85.72,1.55,4.7314
20211203,Dakshina Kannada,12.9141,74.856,26.1,83.63,1.04,5.2274
20211204,Dakshina Kannada,12.9141,74.856,26.11,81.4,0.76,5.3438
20211205,Dakshina Kannada,12.9141,74.856,26.1,81.73,1.18,5.6158
20211206,Dakshina Kannada,12.9141,74.856,25.61,81.64,2.16,5.7888
20211207,Dakshina Kannada,12.9141,74.856,25.71,78.08,1.65,5.2205
20211208,Dakshina Kannada,12.9141,74.856,26.47,73.6,1.05,5.0378
20211209,Dakshina Kannada,12.9141,74.856,26.48,77.52,1.08,5.3647
20211210,Dakshina Kannada,12.9141,74.856,26.22,79.29,1.41,4.8005
20211211,Dakshina Kannada,12.9141,74.856,26.22,77.28,1.17,5.7046
20211212,Dakshina Kannada,12.9141,74.856,26.38,77.67,1.17,5.628
20211213,Dakshina Kannada,12.9141,74.856,26.46,77.08,1.39,5.4586
20211214,Dakshina Kannada,12.9141,74.856,26.26,76.29,1.3,5.0359
20211215,Dakshina Kannada,12.9141,74.856,25.19,78.14,1.35,5.0155
20211216,Dakshina Kannada,12.9141,74.856,25.68,75.95,1.43,5.2241
20211217,Dakshina Kannada,12.9141,74.856,25.78,75.25,1.29,4.9891
20211218,Dakshina Kannada,12.9141,74.856,24.69,74.87,1.68,4.8029
20211219,Dakshina Kannada,12.9141,74.856,23.79,74.05,1.86,4.9498
20211220,Dakshina Kannada,12.9141,74.856,23.63,70.81,1.56,5.4
20211221,Dakshina Kannada,12.9141,74.856,24.17,71.44,1.19,5.4672
20211222,Dakshina Kannada,12.9141,74.856,25.0,75.93,1.03,5.0621
20211223,Dakshina Kannada,12.9141,74.856,25.19,76.93,0.99,4.7057
20211224,Dakshina Kannada,12.9141,74.856,25.07,78.26,1.21,4.7023
20211225,Dakshina Kannada,12.9141,74.856,25.6,77.53,1.55,4.9586
20211226,Dakshina Kannada,12.9141,74.856,25.1,76.89,1.17,4.9586
20211227,Dakshina Kannada,12.9141,74.856,25.02,75.44,1.09,4.9562
20211228,Dakshina Kannada,12.9141,74.856,24.95,70.45,1.09,5.2274
20211229,Dakshina Kannada,12.9141,74.856,25.1,70.25,0.97,5.1348
20211230,Dakshina Kannada,12.9141,74.856,25.19,72.65,1.51,5.5003
20211231,Dakshina Kannada,12.9141,74.856,26.03,76.41,1.34,5.5526
20220101,Dakshina Kannada,12.9141,74.856,26.58,75.9,1.54,5.4874
20220102,Dakshina Kannada,12.9141,74.856,26.55,74.09,1.19,5.6983
20220103,Dakshina Kannada,12.9141,74.856,26.16,71.52,1.19,5.6717
20220104,Dakshina Kannada,12.9141,74.856,25.44,70.28,1.26,5.6263
20220105,Dakshina Kannada,12.9141,74.856,25.06,72.7,0.81,5.2226
20220106,Dakshina Kannada,12.9141,74.856,25.37,71.81,1.2,5.1607
20220107,Dakshina Kannada,12.9141,74.856,25.48,75.55,1.09,5.0261
20220108,Dakshina Kannada,12.9141,74.856,25.46,77.94,1.48,5.2318
20220109,Dakshina Kannada,12.9141,74.856,25.08,78.14,1.74,5.3585
20220110,Dakshina Kannada,12.9141,74.856,24.88,78.53,1.69,5.2738
20220111,Dakshina Kannada,12.9141,74.856,24.87,78.28,2.22,5.4566
20220112,Dakshina Kannada,12.9141,74.856,23.91,79.38,2.03,5.6304
20220113,Dakshina Kannada,12.9141,74.856,23.45,76.99,1.41,5.9933
20220114,Dakshina Kannada,12.9141,74.856,24.02,74.18,1.49,5.7958
20220115,Dakshina Kannada,12.9141,74.856,24.71,74.13,1.71,6.0266
20220116,Dakshina Kannada,12.9141,74.856,25.9,72.51,1.45,5.6208
20220117,Dakshina Kannada,12.9141,74.856,26.22,73.46,1.06,5.1754
20220118,Dakshina Kannada,12.9141,74.856,26.31,70.95,1.6,5.7427
20220119,Dakshina Kannada,12.9141,74.856,25.62,70.06,1.45,5.8058
20220120,Dakshina Kannada,12.9141,74.856,24.82,69.61,1.72,5.5661
20220121,Dakshina Kannada,12.9141,74.856,25.14,71.0,1.82,5.8169
20220122,Dakshina Kannada,12.9141,74.856,25.09,76.18,1.83,5.6712
20220123,Dakshina Kannada,12.9141,74.856,24.15,75.64,1.91,5.9086
20220124,Dakshina Kannada,12.9141,74.856,23.99,71.59,2.05,5.6642
20220125,Dakshina Kannada,12.9141,74.856,23.34,66.97,1.69,5.8668
20220126,Dakshina Kannada,12.9141,74.856,24.0,73.02,2.05,5.4554
20220127,Dakshina Kannada,12.9141,74.856,25.78,74.45,1.51,5.652
20220128,Dakshina Kannada,12.9141,74.856,26.91,69.11,1.46,5.6734
20220129,Dakshina Kannada,12.9141,74.856,26.52,66.75,1.71,5.9988
20220130,Dakshina Kannada,12.9141,74.856,26.84,72.34,1.44,5.8682
20220131,Dakshina Kannada,12.9141,74.856,26.94,72.29,1.48,5.826
20220201,Dakshina Kannada,12.9141,74.856,27.05,70.78,1.54,5.8716
20220202,Dakshina Kannada,12.9141,74.856,26.72,71.84,1.68,5.6465
20220203,Dakshina Kannada,12.9141,74.856,26.15,72.44,1.84,5.9033
20220204,Dakshina Kannada,12.9141,74.856,24.93,69.43,1.84,6.2815
20220205,Dakshina Kannada,12.9141,74.856,24.81,66.1,1.6,6.4582
20220206,Dakshina Kannada,12.9141,74.856,25.29,72.79,1.73,5.8044
20220207,Dakshina Kannada,12.9141,74.856,26.21,72.54,2.11,6.1306
20220208,Dakshina Kannada,12.9141,74.856,26.38,72.15,2.27,5.6623
20220209,Dakshina Kannada,12.9141,74.856,26.53,70.95,2.24,5.593
20220210,Dakshina Kannada,12.9141,74.856,26.99,66.34,2.06,5.6798
20220211,Dakshina Kannada,12.9141,74.856,27.3,55.55,1.49,5.9599
20220212,Dakshina Kannada,12.9141,74.856,27.23,60.18,1.33,6.3379
20220213,Dakshina Kannada,12.9141,74.856,27.21,64.51,1.33,6.1603
20220214,Dakshina Kannada,12.9141,74.856,27.15,65.79,1.3,5.8805
20220215,Dakshina Kannada,12.9141,74.856,26.85,66.42,1.46,5.55
20220216,Dakshina Kannada,12.9141,74.856,26.7,65.27,1.78,5.2846
20220217,Dakshina Kannada,12.9141,74.856,26.76,64.31,1.45,5.6527
20220218,Dakshina Kannada,12.9141,74.856,27.65,63.91,1.56,5.7142
20220219,Dakshina Kannada,12.9141,74.856,27.86,61.86,1.48,6.1186
20220220,Dakshina Kannada,12.9141,74.856,27.46,65.7,1.57,6.1562
20220221,Dakshina Kannada,12.9141,74.856,27.46,65.07,1.89,6.5767
20220222,Dakshina Kannada,12.9141,74.856,27.37,65.45,2.1,6.3886
20220223,Dakshina Kannada,12.9141,74.856,28.04,63.11,1.7,5.815
20220224,Dakshina Kannada,12.9141,74.856,27.76,63.64,1.47,6.3648
20220225,Dakshina Kannada,12.9141,74.856,28.34,62.51,1.32,6.7044
20220226,Dakshina Kannada,12.9141,74.856,27.46,50.93,1.66,6.4214
20220227,Dakshina Kannada,12.9141,74.856,27.19,57.63,1.66,6.5803
20220228,Dakshina Kannada,12.9141,74.856,27.79,56.17,1.75,6.5503
20220301,Dakshina Kannada,12.9141,74.856,28.16,58.15,1.48,6.4198
20220302,Dakshina Kannada,12.9141,74.856,28.55,50.99,1.38,6.3895
20220303,Dakshina Kannada,12.9141,74.856,28.5,45.52,1.55,7.2
20220304,Dakshina Kannada,12.9141,74.856,28.66,46.55,1.57,7.0591
20220305,Dakshina Kannada,12.9141,74.856,28.59,48.8,1.55,6.497
20220306,Dakshina Kannada,12.9141,74.856,28.9,53.1,1.37,6.7104
20220307,Dakshina Kannada,12.9141,74.856,29.18,53.77,1.47,6.4699
20220308,Dakshina Kannada,12.9141,74.856,29.09,61.46,1.75,6.132
20220309,Dakshina Kannada,12.9141,74.856,29.13,64.44,1.58,5.9258
20220310,Dakshina Kannada,12.9141,74.856,29.32,60.4,1.72,6.1104
20220311,Dakshina Kannada,12.9141,74.856,29.75,56.29,1.6,6.4373
20220312,Dakshina Kannada,12.9141,74.856,29.1,52.84,1.36,6.157
20220313,Dakshina Kannada,12.9141,74.856,29.67,51.04,1.31,6.492
20220314,Dakshina Kannada,12.9141,74.856,29.43,54.59,1.56,6.0456
20220315,Dakshina Kannada,12.9141,74.856,29.54,61.23,1.56,5.9494
20220316,Dakshina Kannada,12.9141,74.856,29.68,62.29,1.58,6.0091
20220317,Dakshina Kannada,12.9141,74.856,29.45,64.29,1.62,5.8613
20220318,Dakshina Kannada,12.9141,74.856,29.37,66.32,1.61,5.4583
20220319,Dakshina Kannada,12.9141,74.856,28.61,68.38,1.81,5.4761
20220320,Dakshina Kannada,12.9141,74.856,28.05,69.95,1.68,5.196
20220321,Dakshina Kannada,12.9141,74.856,28.23,68.27,1.73,5.9479
20220322,Dakshina Kannada,12.9141,74.856,27.94,75.33,1.88,5.0837
20220323,Dakshina Kannada,12.9141,74.856,28.84,74.48,1.76,5.5987
20220324,Dakshina Kannada,12.9141,74.856,27.33,78.17,1.46,4.5725
20220325,Dakshina Kannada,12.9141,74.856,28.16,74.44,1.67,4.1134
20220326,Dakshina Kannada,12.9141,74.856,28.53,74.65,2.06,5.9681
20220327,Dakshina Kannada,12.9141,74.856,29.07,73.56,2.22,5.6292
20220328,Dakshina Kannada,12.9141,74.856,29.49,71.79,2.27,6.1802
20220329,Dakshina Kannada,12.9141,74.856,29.3,71.78,1.76,6.3408
20220330,Dakshina Kannada,12.9141,74.856,29.26,71.56,1.52,6.3415
20220331,Dakshina Kannada,12.9141,74.856,28.93,73.01,1.56,5.874
20220401,Dakshina Kannada,12.9141,74.856,28.88,73.06,1.54,5.477
20220402,Dakshina Kannada,12.9141,74.856,28.56,72.78,1.26,5.5591
20220403,Dakshina Kannada,12.9141,74.856,29.11,69.95,1.64,5.8658
20220404,Dakshina Kannada,12.9141,74.856,29.83,68.25,1.88,6.4548
20220405,Dakshina Kannada,12.9141,74.856,29.47,69.64,1.85,6.0461
20220406,Dakshina Kannada,12.9141,74.856,29.09,71.01,1.92,5.8234
20220407,Dakshina Kannada,12.9141,74.856,28.65,75.04,1.86,6.113
20220408,Dakshina Kannada,12.9141,74.856,28.79,73.99,1.43,5.9976
20220409,Dakshina Kannada,12.9141,74.856,27.83,81.02,1.44,4.9992
20220410,Dakshina Kannada,12.9141,74.856,27.85,80.05,1.94,5.5622
20220411,Dakshina Kannada,12.9141,74.856,28.49,76.79,1.75,5.8522
20220412,Dakshina Kannada,12.9141,74.856,28.16,80.53,1.46,3.8419
20220413,Dakshina Kannada,12.9141,74.856,27.87,81.54,1.53,3.8882
20220414,Dakshina Kannada,12.9141,74.856,28.03,73.0,1.07,2.5469
20220415,Dakshina Kannada,12.9141,74.856,28.42,70.11,1.18,6.4402
20220416,Dakshina Kannada,12.9141,74.856,28.74,74.07,1.46,7.1515
20220417,Dakshina Kannada,12.9141,74.856,28.8,72.75,1.36,7.2401
20220418,Dakshina Kannada,12.9141,74.856,28.68,74.2,1.53,6.8304
20220419,Dakshina Kannada,12.9141,74.856,27.98,79.28,2.39,5.2558
20220420,Dakshina Kannada,12.9141,74.856,28.88,74.44,1.67,6.9101
20220421,Dakshina Kannada,12.9141,74.856,28.88,76.86,1.2,6.7169
20220422,Dakshina Kannada,12.9141,74.856,29.06,75.23,1.29,6.8431
20220423,Dakshina Kannada,12.9141,74.856,27.94,81.03,1.06,4.5151
20220424,Dakshina Kannada,12.9141,74.856,28.62,78.05,1.5,6.7085
20220425,Dakshina Kannada,12.9141,74.856,28.47,80.22,1.06,6.6792
20220426,Dakshina Kannada,12.9141,74.856,29.11,73.98,1.68,6.5215
20220427,Dakshina Kannada,12.9141,74.856,30.04,71.09,1.38,6.8506
20220428,Dakshina Kannada,12.9141,74.856,28.9,78.67,1.06,6.5011
20220429,Dakshina Kannada,12.9141,74.856,28.8,79.24,1.83,5.3806
20220430,Dakshina Kannada,12.9141,74.856,29.13,75.41,1.85,6.0926
20220501,Dakshina Kannada,12.9141,74.856,29.1,73.64,1.77,5.3318
20220502,Dakshina Kannada,12.9141,74.856,29.24,72.16,2.02,6.4829
20220503,Dakshina Kannada,12.9141,74.856,29.28,74.24,2.25,6.3451
20220504,Dakshina Kannada,12.9141,74.856,28.75,80.49,2.0,4.5403
20220505,Dakshina Kannada,12.9141,74.856,27.76,79.35,2.29,3.2057
20220506,Dakshina Kannada,12.9141,74.856,28.23,79.58,2.33,3.9415
20220507,Dakshina Kannada,12.9141,74.856,28.32,77.71,2.14,5.6246
20220508,Dakshina Kannada,12.9141,74.856,28.95,75.55,2.24,5.8613
20220509,Dakshina Kannada,12.9141,74.856,28.5,80.42,2.61,2.4809
20220510,Dakshina Kannada,12.9141,74.856,28.98,75.23,3.52,4.2348
20220511,Dakshina Kannada,12.9141,74.856,28.11,77.92,2.76,2.0856
20220512,Dakshina Kannada,12.9141,74.856,26.58,82.3,2.81,1.5036
20220513,Dakshina Kannada,12.9141,74.856,26.75,86.58,3.16,4.3805
20220514,Dakshina Kannada,12.9141,74.856,26.82,87.51,3.11,3.1133
20220515,Dakshina Kannada,12.9141,74.856,26.87,88.15,3.37,1.5782
20220516,Dakshina Kannada,12.9141,74.856,26.56,88.05,3.07,2.0894
20220517,Dakshina Kannada,12.9141,74.856,26.61,82.74,2.37,2.3405
20220518,Dakshina Kannada,12.9141,74.856,26.87,88.16,3.27,1.3882
20220519,Dakshina Kannada,12.9141,74.856,26.31,84.42,3.01,1.4719
20220520,Dakshina Kannada,12.9141,74.856,24.94,84.31,1.37,3.0823
20220521,Dakshina Kannada,12.9141,74.856,25.94,80.9,1.3,4.3879
20220522,Dakshina Kannada,12.9141,74.856,26.66,86.9,1.9,3.8112
20220523,Dakshina Kannada,12.9141,74.856,27.55,86.16,2.18,6.3979
20220524,Dakshina Kannada,12.9141,74.856,27.69,87.86,1.98,6.6557
20220525,Dakshina Kannada,12.9141,74.856,27.94,86.43,1.76,6.5902
20220526,Dakshina Kannada,12.9141,74.856,27.54,85.99,1.98,6.3624
20220527,Dakshina Kannada,12.9141,74.856,26.94,86.81,1.74,6.0826
20220528,Dakshina Kannada,12.9141,74.856,27.1,81.88,1.44,6.4567
20220529,Dakshina Kannada,12.9141,74.856,27.1,80.46,1.54,7.0735
20220530,Dakshina Kannada,12.9141,74.856,27.37,79.36,1.91,6.9528
20220531,Dakshina Kannada,12.9141,74.856,27.14,82.68,2.2,5.0398
20220601,Dakshina Kannada,12.9141,74.856,26.73,85.1,1.61,3.8534
20220602,Dakshina Kannada,12.9141,74.856,25.22,89.57,2.06,5.4727
20220603,Dakshina Kannada,12.9141,74.856,26.62,87.0,2.24,5.8747
20220604,Dakshina Kannada,12.9141,74.856,27.65,81.29,2.13,6.4498
20220605,Dakshina Kannada,12.9141,74.856,27.48,84.2,1.43,5.2346
20220606,Dakshina Kannada,12.9141,74.856,27.17,85.83,1.29,4.0399
20220607,Dakshina Kannada,12.9141,74.856,26.71,84.06,0.94,3.6792
20220608,Dakshina Kannada,12.9141,74.856,26.77,84.43,1.84,5.6844
20220609,Dakshina Kannada,12.9141,74.856,27.18,80.71,2.38,6.7114
20220610,Dakshina Kannada,12.9141,74.856,26.92,81.42,2.38,5.4761
20220611,Dakshina Kannada,12.9141,74.856,26.66,81.52,1.43,2.5985
20220612,Dakshina Kannada,12.9141,74.856,25.66,82.38,1.54,2.8385
20220613,Dakshina Kannada,12.9141,74.856,26.08,85.91,1.67,3.9386
20220614,Dakshina Kannada,12.9141,74.856,26.74,81.38,1.81,5.9899
20220615,Dakshina Kannada,12.9141,74.856,26.31,85.36,1.48,3.282
20220616,Dakshina Kannada,12.9141,74.856,26.28,85.03,2.06,6.1726
20220617,Dakshina Kannada,12.9141,74.856,26.31,81.2,1.56,5.305
20220618,Dakshina Kannada,12.9141,74.856,25.76,84.0,1.89,4.2209
20220619,Dakshina Kannada,12.9141,74.856,25.78,81.03,1.61,4.6157
20220620,Dakshina Kannada,12.9141,74.856,26.1,81.88,1.43,3.7999
20220621,Dakshina Kannada,12.9141,74.856,26.08,88.03,2.02,1.3483
20220622,Dakshina Kannada,12.9141,74.856,25.98,88.93,1.97,1.063
20220623,Dakshina Kannada,12.9141,74.856,25.91,86.84,1.85,3.4289
20220624,Dakshina Kannada,12.9141,74.856,25.84,89.31,3.09,4.0327
20220625,Dakshina Kannada,12.9141,74.856,26.12,87.75,2.47,3.4853
20220626,Dakshina Kannada,12.9141,74.856,26.64,87.93,3.06,5.4821
20220627,Dakshina Kannada,12.9141,74.856,26.7,87.66,2.37,5.3669
20220628,Dakshina Kannada,12.9141,74.856,26.56,88.3,2.2,2.8356
20220629,Dakshina Kannada,12.9141,74.856,26.25,90.31,2.43,2.2075
20220630,Dakshina Kannada,12.9141,74.856,26.18,88.64,3.02,0.8378
20220701,Dakshina Kannada,12.9141,74.856,26.1,88.74,2.82,1.847
20220702,Dakshina Kannada,12.9141,74.856,25.95,90.57,2.74,4.1875
20220703,Dakshina Kannada,12.9141,74.856,25.74,89.42,3.02,4.9246
20220704,Dakshina Kannada,12.9141,74.856,25.6,90.57,3.64,1.3956
20220705,Dakshina Kannada,12.9141,74.856,25.72,91.32,3.34,1.1213
20220706,Dakshina Kannada,12.9141,74.856,25.76,90.35,2.61,2.483
20220707,Dakshina Kannada,12.9141,74.856,25.46,89.65,3.07,1.3793
20220708,Dakshina Kannada,12.9141,74.856,25.25,90.08,3.17,1.3894
20220709,Dakshina Kannada,12.9141,74.856,25.55,90.76,3.48,1.8199
20220710,Dakshina Kannada,12.9141,74.856,25.48,89.73,3.39,2.6112
20220711,Dakshina Kannada,12.9141,74.856,25.52,90.8,3.18,3.6569
20220712,Dakshina Kannada,12.9141,74.856,25.34,92.28,2.83,4.9579
20220713,Dakshina Kannada,12.9141,74.856,25.15,92.0,3.38,3.7435
20220714,Dakshina Kannada,12.9141,74.856,25.53,92.01,3.44,5.0978
20220715,Dakshina Kannada,12.9141,74.856,25.84,91.51,2.57,5.6969
20220716,Dakshina Kannada,12.9141,74.856,25.79,91.75,2.32,3.2069
20220717,Dakshina Kannada,12.9141,74.856,25.29,91.69,1.94,3.8443
20220718,Dakshina Kannada,12.9141,74.856,25.14,89.23,2.61,4.1549
20220719,Dakshina Kannada,12.9141,74.856,25.01,89.6,1.6,3.462
20220720,Dakshina Kannada,12.9141,74.856,25.61,91.01,2.29,3.7212
20220721,Dakshina Kannada,12.9141,74.856,25.65,90.29,2.42,6.2472
20220722,Dakshina Kannada,12.9141,74.856,25.1,90.72,2.72,4.2672
20220723,Dakshina Kannada,12.9141,74.856,25.25,88.62,2.07,3.7428
20220724,Dakshina Kannada,12.9141,74.856,25.65,89.33,2.34,5.2414
20220725,Dakshina Kannada,12.9141,74.856,25.71,88.66,1.89,5.9753
20220726,Dakshina Kannada,12.9141,74.856,25.6,88.63,2.07,5.2183
20220727,Dakshina Kannada,12.9141,74.856,25.7,88.63,2.26,6.2686
20220728,Dakshina Kannada,12.9141,74.856,26.28,90.7,2.33,6.3151
20220729,Dakshina Kannada,12.9141,74.856,27.0,89.06,1.77,5.9237
20220730,Dakshina Kannada,12.9141,74.856,26.32,91.33,2.54,5.6866
20220731,Dakshina Kannada,12.9141,74.856,25.6,91.69,2.34,4.1182
20220801,Dakshina Kannada,12.9141,74.856,25.32,94.12,4.16,3.6485
20220802,Dakshina Kannada,12.9141,74.856,24.72,92.43,3.58,2.0542
20220803,Dakshina Kannada,12.9141,74.856,24.73,93.9,3.72,3.5808
20220804,Dakshina Kannada,12.9141,74.856,25.09,94.12,3.9,1.4513
20220805,Dakshina Kannada,12.9141,74.856,25.09,92.87,3.33,2.0045
20220806,Dakshina Kannada,12.9141,74.856,25.2,91.65,3.62,1.9337
20220807,Dakshina Kannada,12.9141,74.856,25.11,92.27,3.43,3.8909
20220808,Dakshina Kannada,12.9141,74.856,25.18,92.51,3.35,3.9526
20220809,Dakshina Kannada,12.9141,74.856,25.19,90.99,3.17,5.6647
20220810,Dakshina Kannada,12.9141,74.856,25.23,89.15,3.02,5.3863
20220811,Dakshina Kannada,12.9141,74.856,25.27,91.14,2.45,5.0681
20220812,Dakshina Kannada,12.9141,74.856,25.38,90.36,1.94,6.1241
20220813,Dakshina Kannada,12.9141,74.856,25.42,88.19,1.21,6.5033
20220814,Dakshina Kannada,12.9141,74.856,25.24,90.99,1.54,5.4288
20220815,Dakshina Kannada,12.9141,74.856,25.5,89.7,1.29,5.239
20220816,Dakshina Kannada,12.9141,74.856,25.75,87.64,1.2,6.2038
20220817,Dakshina Kannada,12.9141,74.856,25.81,89.03,1.72,6.3991
20220818,Dakshina Kannada,12.9141,74.856,25.77,88.77,2.0,6.5338
20220819,Dakshina Kannada,12.9141,74.856,25.41,87.95,2.38,6.1322
20220820,Dakshina Kannada,12.9141,74.856,25.18,87.25,2.13,5.6438
20220821,Dakshina Kannada,12.9141,74.856,25.69,90.36,2.4,4.4702
20220822,Dakshina Kannada,12.9141,74.856,25.75,90.42,2.71,4.7448
20220823,Dakshina Kannada,12.9141,74.856,25.71,90.31,2.45,2.3021
20220824,Dakshina Kannada,12.9141,74.856,25.12,89.46,2.72,1.7254
20220825,Dakshina Kannada,12.9141,74.856,25.54,89.5,2.83,5.0652
20220826,Dakshina Kannada,12.9141,74.856,25.33,90.67,2.77,4.5715
20220827,Dakshina Kannada,12.9141,74.856,25.07,89.95,2.45,3.1315
20220828,Dakshina Kannada,12.9141,74.856,25.23,89.55,2.58,6.0379
20220829,Dakshina Kannada,12.9141,74.856,25.59,90.95,3.14,4.4316
20220830,Dakshina Kannada,12.9141,74.856,25.34,91.19,3.18,5.0294
20220831,Dakshina Kannada,12.9141,74.856,25.85,92.2,2.03,5.449
20220901,Dakshina Kannada,12.9141,74.856,25.97,89.28,1.71,5.6405
20220902,Dakshina Kannada,12.9141,74.856,25.33,89.35,1.96,5.8414
20220903,Dakshina Kannada,12.9141,74.856,25.62,89.81,1.62,6.864
20220904,Dakshina Kannada,12.9141,74.856,25.66,90.33,0.91,6.613
20220905,Dakshina Kannada,12.9141,74.856,25.61,93.45,2.11,5.2013
20220906,Dakshina Kannada,12.9141,74.856,25.3,94.26,3.42,4.2823
20220907,Dakshina Kannada,12.9141,74.856,24.6,92.55,3.17,4.2384
20220908,Dakshina Kannada,12.9141,74.856,24.73,89.96,2.33,3.2201
20220909,Dakshina Kannada,12.9141,74.856,25.2,89.91,2.42,4.7952
20220910,Dakshina Kannada,12.9141,74.856,25.21,90.29,2.16,5.034
20220911,Dakshina Kannada,12.9141,74.856,25.29,90.92,2.55,5.4269
20220912,Dakshina Kannada,12.9141,74.856,25.41,90.04,2.86,4.9354
20220913,Dakshina Kannada,12.9141,74.856,25.37,90.04,2.55,5.6743
20220914,Dakshina Kannada,12.9141,74.856,25.34,89.89,1.6,5.5721
20220915,Dakshina Kannada,12.9141,74.856,25.25,90.19,1.84,5.9369
20220916,Dakshina Kannada,12.9141,74.856,25.46,88.36,2.08,6.3101
20220917,Dakshina Kannada,12.9141,74.856,25.83,85.87,1.72,5.6578
20220918,Dakshina Kannada,12.9141,74.856,25.75,87.62,1.82,6.2047
20220919,Dakshina Kannada,12.9141,74.856,25.72,86.87,2.2,5.2147
20220920,Dakshina Kannada,12.9141,74.856,25.52,83.57,1.76,5.6196
20220921,Dakshina Kannada,12.9141,74.856,25.47,84.58,1.79,6.3792
20220922,Dakshina Kannada,12.9141,74.856,25.17,84.56,1.49,6.2741
20220923,Dakshina Kannada,12.9141,74.856,25.06,85.84,1.26,5.6959
20220924,Dakshina Kannada,12.9141,74.856,25.28,86.93,1.63,6.2921
20220925,Dakshina Kannada,12.9141,74.856,25.56,85.69,2.04,6.671
20220926,Dakshina Kannada,12.9141,74.856,25.86,84.96,2.65,5.7866
20220927,Dakshina Kannada,12.9141,74.856,25.16,86.69,2.24,6.552
20220928,Dakshina Kannada,12.9141,74.856,25.51,84.82,2.18,5.767
20220929,Dakshina Kannada,12.9141,74.856,25.36,86.69,1.8,5.4139
20220930,Dakshina Kannada,12.9141,74.856,25.25,88.68,1.79,4.1395
20221001,Dakshina Kannada,12.9141,74.856,24.98,87.38,2.06,2.9722
20221002,Dakshina Kannada,12.9141,74.856,25.44,86.84,1.89,4.6932
20221003,Dakshina Kannada,12.9141,74.856,25.89,87.57,2.68,4.8386
20221004,Dakshina Kannada,12.9141,74.856,25.98,88.28,2.69,5.3731
20221005,Dakshina Kannada,12.9141,74.856,25.87,87.77,2.42,5.1833
20221006,Dakshina Kannada,12.9141,74.856,25.23,84.9,1.91,4.4422
20221007,Dakshina Kannada,12.9141,74.856,25.26,84.88,1.47,5.8243
20221008,Dakshina Kannada,12.9141,74.856,25.56,81.23,1.34,6.3917
20221009,Dakshina Kannada,12.9141,74.856,26.02,85.39,1.59,5.9004
20221010,Dakshina Kannada,12.9141,74.856,25.08,90.82,1.88,3.9895
20221011,Dakshina Kannada,12.9141,74.856,25.03,90.84,1.53,3.9907
20221012,Dakshina Kannada,12.9141,74.856,26.04,85.76,1.08,5.9158
20221013,Dakshina Kannada,12.9141,74.856,25.79,87.61,1.3,6.1406
20221014,Dakshina Kannada,12.9141,74.856,25.21,88.05,1.03,5.0873
20221015,Dakshina Kannada,12.9141,74.856,25.88,86.19,1.05,6.0319
20221016,Dakshina Kannada,12.9141,74.856,25.2,89.76,1.41,3.9415
20221017,Dakshina Kannada,12.9141,74.856,25.82,89.18,0.96,4.8528
20221018,Dakshina Kannada,12.9141,74.856,25.09,93.44,2.06,4.1714
20221019,Dakshina Kannada,12.9141,74.856,25.2,87.57,1.09,6.1697
20221020,Dakshina Kannada,12.9141,74.856,25.27,87.87,1.28,5.9278
20221021,Dakshina Kannada,12.9141,74.856,25.98,85.86,1.17,5.7485
20221022,Dakshina Kannada,12.9141,74.856,26.71,83.37,0.92,5.7614
20221023,Dakshina Kannada,12.9141,74.856,26.62,81.33,1.0,5.5951
20221024,Dakshina Kannada,12.9141,74.856,25.95,71.75,1.32,6.0725
20221025,Dakshina Kannada,12.9141,74.856,25.47,69.77,1.14,6.3907
20221026,Dakshina Kannada,12.9141,74.856,25.65,66.61,0.91,6.2218
20221027,Dakshina Kannada,12.9141,74.856,25.35,70.24,1.21,6.0278
20221028,Dakshina Kannada,12.9141,74.856,25.99,70.58,1.11,5.8622
20221029,Dakshina Kannada,12.9141,74.856,26.49,79.48,1.31,5.6174
20221030,Dakshina Kannada,12.9141,74.856,26.31,83.34,1.32,3.6919
20221031,Dakshina Kannada,12.9141,74.856,26.74,75.97,0.93,5.4794
20221101,Dakshina Kannada,12.9141,74.856,26.52,79.18,0.96,5.0578
20221102,Dakshina Kannada,12.9141,74.856,26.35,78.82,0.89,5.454
20221103,Dakshina Kannada,12.9141,74.856,26.61,72.25,0.82,5.417
20221104,Dakshina Kannada,12.9141,74.856,26.87,79.16,1.37,5.3702
20221105,Dakshina Kannada,12.9141,74.856,26.59,74.55,1.23,5.1166
20221106,Dakshina Kannada,12.9141,74.856,26.45,77.59,1.01,5.4199
20221107,Dakshina Kannada,12.9141,74.856,26.72,78.04,1.03,4.4558
20221108,Dakshina Kannada,12.9141,74.856,27.08,71.83,0.97,5.479
20221109,Dakshina Kannada,12.9141,74.856,27.21,72.48,1.02,5.0858
20221110,Dakshina Kannada,12.9141,74.856,26.62,72.65,1.25,5.2788
20221111,Dakshina Kannada,12.9141,74.856,26.68,73.77,1.13,4.3294
20221112,Dakshina Kannada,12.9141,74.856,25.9,78.59,0.63,3.0494
20221113,Dakshina Kannada,12.9141,74.856,26.93,77.34,1.11,4.4693
20221114,Dakshina Kannada,12.9141,74.856,26.79,77.56,1.53,4.861
20221115,Dakshina Kannada,12.9141,74.856,26.12,83.1,1.01,4.6733
20221116,Dakshina Kannada,12.9141,74.856,25.9,84.28,1.06,3.2654
20221117,Dakshina Kannada,12.9141,74.856,26.09,69.97,0.76,5.1778
20221118,Dakshina Kannada,12.9141,74.856,25.0,62.16,1.11,5.6297
20221119,Dakshina Kannada,12.9141,74.856,24.48,61.9,1.25,5.4187
20221120,Dakshina Kannada,12.9141,74.856,24.42,62.31,1.03,5.3436
20221121,Dakshina Kannada,12.9141,74.856,24.98,64.2,0.88,5.2517
20221122,Dakshina Kannada,12.9141,74.856,25.13,75.1,1.14,4.9385
20221123,Dakshina Kannada,12.9141,74.856,25.56,85.26,1.25,3.0835
20221124,Dakshina Kannada,12.9141,74.856,26.28,83.92,0.97,3.6708
20221125,Dakshina Kannada,12.9141,74.856,26.33,85.35,1.53,4.8002
20221126,Dakshina Kannada,12.9141,74.856,26.3,81.76,0.95,5.0201
20221127,Dakshina Kannada,12.9141,74.856,25.96,84.96,1.19,4.4962
20221128,Dakshina Kannada,12.9141,74.856,25.55,85.03,0.85,2.2483
20221129,Dakshina Kannada,12.9141,74.856,25.96,82.04,0.81,3.1322
20221130,Dakshina Kannada,12.9141,74.856,26.12,75.5,0.71,4.3526
20221201,Dakshina Kannada,12.9141,74.856,25.46,70.22,1.19,4.9418
20221202,Dakshina Kannada,12.9141,74.856,26.84,76.91,1.0,4.9831
20221203,Dakshina Kannada,12.9141,74.856,26.86,79.68,0.75,5.0868
20221204,Dakshina Kannada,12.9141,74.856,27.01,78.48,0.79,4.3678
20221205,Dakshina Kannada,12.9141,74.856,26.89,76.27,0.95,4.4244
20221206,Dakshina Kannada,12.9141,74.856,27.05,75.46,0.88,4.722
20221207,Dakshina Kannada,12.9141,74.856,26.24,70.19,0.86,3.4094
20221208,Dakshina Kannada,12.9141,74.856,25.04,64.21,1.0,4.1189
20221209,Dakshina Kannada,12.9141,74.856,25.04,63.88,1.22,4.3344
20221210,Dakshina Kannada,12.9141,74.856,25.35,77.99,2.08,4.3171
20221211,Dakshina Kannada,12.9141,74.856,25.13,84.02,2.99,1.7856
20221212,Dakshina Kannada,12.9141,74.856,25.63,83.42,1.27,1.6488
20221213,Dakshina Kannada,12.9141,74.856,25.94,86.08,2.89,2.0076
20221214,Dakshina Kannada,12.9141,74.856,26.0,83.76,1.91,4.7998
20221215,Dakshina Kannada,12.9141,74.856,26.09,79.85,1.16,5.4708
20221216,Dakshina Kannada,12.9141,74.856,25.2,68.62,0.93,5.6779
20221217,Dakshina Kannada,12.9141,74.856,25.73,70.67,0.72,5.58
20221218,Dakshina Kannada,12.9141,74.856,25.95,76.97,1.21,4.8607
20221219,Dakshina Kannada,12.9141,74.856,25.9,73.94,1.05,4.9186
20221220,Dakshina Kannada,12.9141,74.856,25.42,67.22,1.29,4.4359
20221221,Dakshina Kannada,12.9141,74.856,25.62,68.1,0.72,5.239
20221222,Dakshina Kannada,12.9141,74.856,24.79,62.8,1.04,5.8829
20221223,Dakshina Kannada,12.9141,74.856,25.11,65.13,0.94,5.5922
20221224,Dakshina Kannada,12.9141,74.856,25.3,67.32,1.27,5.6594
20221225,Dakshina Kannada,12.9141,74.856,26.11,70.11,1.36,5.255
20221226,Dakshina Kannada,12.9141,74.856,27.53,74.73,1.36,5.455
20221227,Dakshina Kannada,12.9141,74.856,27.29,72.34,1.22,5.6393
20221228,Dakshina Kannada,12.9141,74.856,27.72,73.44,1.05,5.4086
20221229,Dakshina Kannada,12.9141,74.856,27.55,72.31,0.92,5.519
20221230,Dakshina Kannada,12.9141,74.856,26.85,67.09,1.15,5.479
20221231,Dakshina Kannada,12.9141,74.856,25.8,67.96,1.09,5.3242
20230101,Dakshina Kannada,12.9141,74.856,26.4,69.45,1.67,5.3316
20230102,Dakshina Kannada,12.9141,74.856,26.11,64.39,1.55,5.5574
20230103,Dakshina Kannada,12.9141,74.856,26.04,67.11,1.13,5.4343
20230104,Dakshina Kannada,12.9141,74.856,25.7,63.57,1.28,5.4134
20230105,Dakshina Kannada,12.9141,74.856,25.71,62.62,1.38,5.4341
20230106,Dakshina Kannada,12.9141,74.856,25.99,61.02,1.45,5.7804
20230107,Dakshina Kannada,12.9141,74.856,26.48,64.54,1.72,5.597
20230108,Dakshina Kannada,12.9141,74.856,26.34,65.13,1.66,5.1682
20230109,Dakshina Kannada,12.9141,74.856,25.53,65.67,1.52,4.9646
20230110,Dakshina Kannada,12.9141,74.856,24.93,54.07,1.23,5.8193
20230111,Dakshina Kannada,12.9141,74.856,25.0,58.97,1.39,6.0017
20230112,Dakshina Kannada,12.9141,74.856,25.53,54.67,1.44,6.1085
20230113,Dakshina Kannada,12.9141,74.856,26.06,60.77,1.54,5.3381
20230114,Dakshina Kannada,12.9141,74.856,25.59,60.6,1.41,5.3474
20230115,Dakshina Kannada,12.9141,74.856,25.68,60.15,1.48,5.7415
20230116,Dakshina Kannada,12.9141,74.856,26.26,65.28,1.46,5.5526
20230117,Dakshina Kannada,12.9141,74.856,26.13,66.68,1.3,5.453
20230118,Dakshina Kannada,12.9141,74.856,26.7,62.55,1.02,5.7161
20230119,Dakshina Kannada,12.9141,74.856,25.84,59.98,1.14,5.9369
20230120,Dakshina Kannada,12.9141,74.856,25.27,56.14,1.63,5.9275
20230121,Dakshina Kannada,12.9141,74.856,25.94,61.7,1.1,5.4631
20230122,Dakshina Kannada,12.9141,74.856,26.48,60.22,1.2,5.6426
20230123,Dakshina Kannada,12.9141,74.856,26.13,62.06,1.76,5.3904
20230124,Dakshina Kannada,12.9141,74.856,26.43,71.61,1.68,3.0734
20230125,Dakshina Kannada,12.9141,74.856,24.98,84.81,1.23,2.5207
20230126,Dakshina Kannada,12.9141,74.856,26.45,71.24,1.42,5.1077
20230127,Dakshina Kannada,12.9141,74.856,26.39,63.96,1.39,5.6009
20230128,Dakshina Kannada,12.9141,74.856,26.29,56.29,1.07,5.8474
20230129,Dakshina Kannada,12.9141,74.856,26.38,55.7,1.56,5.9616
20230130,Dakshina Kannada,12.9141,74.856,26.46,64.23,1.65,5.0573
20230131,Dakshina Kannada,12.9141,74.856,27.81,65.11,1.4,4.7789
20230201,Dakshina Kannada,12.9141,74.856,27.73,58.65,1.28,5.5313
20230202,Dakshina Kannada,12.9141,74.856,28.12,57.26,1.25,5.6779
20230203,Dakshina Kannada,12.9141,74.856,28.0,60.3,1.18,4.3922
20230204,Dakshina Kannada,12.9141,74.856,28.56,60.85,1.34,6.0502
20230205,Dakshina Kannada,12.9141,74.856,28.52,61.12,1.2,5.9717
20230206,Dakshina Kannada,12.9141,74.856,27.89,66.7,1.77,5.4907
20230207,Dakshina Kannada,12.9141,74.856,27.61,66.35,1.67,5.407
20230208,Dakshina Kannada,12.9141,74.856,28.49,59.82,1.76,5.8994
20230209,Dakshina Kannada,12.9141,74.856,27.7,65.9,1.55,5.424
20230210,Dakshina Kannada,12.9141,74.856,28.41,63.72,1.57,5.8663
20230211,Dakshina Kannada,12.9141,74.856,28.02,59.8,1.48,5.8428
20230212,Dakshina Kannada,12.9141,74.856,28.0,59.89,1.45,6.1032
20230213,Dakshina Kannada,12.9141,74.856,28.38,52.79,1.15,6.5261
20230214,Dakshina Kannada,12.9141,74.856,27.99,57.25,1.43,6.4255
20230215,Dakshina Kannada,12.9141,74.856,27.95,53.96,1.41,6.5352
20230216,Dakshina Kannada,12.9141,74.856,27.82,52.44,1.37,6.5789
20230217,Dakshina Kannada,12.9141,74.856,28.08,52.85,1.38,6.5503
20230218,Dakshina Kannada,12.9141,74.856,27.69,60.38,1.64,6.3002
20230219,Dakshina Kannada,12.9141,74.856,28.01,65.43,1.64,6.2064
20230220,Dakshina Kannada,12.9141,74.856,28.1,63.46,1.74,6.0566
20230221,Dakshina Kannada,12.9141,74.856,28.64,59.57,2.07,6.456
20230222,Dakshina Kannada,12.9141,74.856,28.62,54.99,1.61,6.4536
20230223,Dakshina Kannada,12.9141,74.856,28.56,51.06,1.75,6.619
20230224,Dakshina Kannada,12.9141,74.856,28.5,51.19,1.47,6.9122
20230225,Dakshina Kannada,12.9141,74.856,28.68,50.06,1.41,6.9674
20230226,Dakshina Kannada,12.9141,74.856,29.01,46.36,1.56,6.7968
20230227,Dakshina Kannada,12.9141,74.856,28.87,45.59,1.84,6.887
20230228,Dakshina Kannada,12.9141,74.856,28.48,46.08,1.54,6.9624
20230301,Dakshina Kannada,12.9141,74.856,29.32,56.83,1.58,6.3977
20230302,Dakshina Kannada,12.9141,74.856,29.62,47.87,1.72,6.6497
20230303,Dakshina Kannada,12.9141,74.856,29.26,41.97,1.5,7.1671
20230304,Dakshina Kannada,12.9141,74.856,29.38,40.1,1.66,7.1081
20230305,Dakshina Kannada,12.9141,74.856,29.28,40.75,1.52,6.7742
20230306,Dakshina Kannada,12.9141,74.856,29.22,44.4,1.61,6.8525
20230307,Dakshina Kannada,12.9141,74.856,29.34,44.7,1.4,6.7152
20230308,Dakshina Kannada,12.9141,74.856,28.86,41.92,1.34,7.1251
20230309,Dakshina Kannada,12.9141,74.856,28.8,42.96,1.11,5.076
20230310,Dakshina Kannada,12.9141,74.856,29.06,45.2,1.85,6.9761
20230311,Dakshina Kannada,12.9141,74.856,29.36,49.64,1.41,6.7063
20230312,Dakshina Kannada,12.9141,74.856,29.93,48.37,1.55,6.7507
20230313,Dakshina Kannada,12.9141,74.856,29.72,53.92,1.72,6.6722
20230314,Dakshina Kannada,12.9141,74.856,29.59,60.11,1.74,6.4133
20230315,Dakshina Kannada,12.9141,74.856,29.39,62.16,1.43,6.1418
20230316,Dakshina Kannada,12.9141,74.856,29.19,62.29,1.71,6.559
20230317,Dakshina Kannada,12.9141,74.856,29.23,59.37,1.7,6.521
20230318,Dakshina Kannada,12.9141,74.856,28.81,61.71,1.81,6.589
20230319,Dakshina Kannada,12.9141,74.856,28.12,63.81,2.03,6.3182
20230320,Dakshina Kannada,12.9141,74.856,27.81,56.08,2.21,7.0541
20230321,Dakshina Kannada,12.9141,74.856,27.34,56.72,2.62,7.176
20230322,Dakshina Kannada,12.9141,74.856,28.08,61.02,2.42,6.9214
20230323,Dakshina Kannada,12.9141,74.856,28.72,57.19,2.39,7.0289
20230324,Dakshina Kannada,12.9141,74.856,28.91,58.23,2.48,6.7572
20230325,Dakshina Kannada,12.9141,74.856,29.24,57.4,2.07,5.5466
20230326,Dakshina Kannada,12.9141,74.856,29.3,55.04,2.31,6.3295
20230327,Dakshina Kannada,12.9141,74.856,28.94,57.46,2.52,7.2998
20230328,Dakshina Kannada,12.9141,74.856,29.2,58.06,2.47,7.4434
20230329,Dakshina Kannada,12.9141,74.856,28.84,61.2,1.81,6.2352
20230330,Dakshina Kannada,12.9141,74.856,28.83,61.62,2.29,6.7901
20230331,Dakshina Kannada,12.9141,74.856,29.0,58.21,2.09,7.1774
20230401,Dakshina Kannada,12.9141,74.856,28.58,59.46,2.36,6.9187
20230402,Dakshina Kannada,12.9141,74.856,28.22,61.63,2.63,7.2115
20230403,Dakshina Kannada,12.9141,74.856,28.01,59.72,2.71,7.253
20230404,Dakshina Kannada,12.9141,74.856,28.25,62.67,1.89,6.8938
20230405,Dakshina Kannada,12.9141,74.856,29.45,60.76,2.11,6.6533
20230406,Dakshina Kannada,12.9141,74.856,29.24,64.69,1.84,6.7524
20230407,Dakshina Kannada,12.9141,74.856,29.4,65.97,1.78,6.6626
20230408,Dakshina Kannada,12.9141,74.856,30.27,60.07,1.76,7.2533
20230409,Dakshina Kannada,12.9141,74.856,29.94,61.42,1.52,7.2278
20230410,Dakshina Kannada,12.9141,74.856,29.81,63.82,1.71,7.0574
20230411,Dakshina Kannada,12.9141,74.856,29.91,64.69,1.99,7.2238
20230412,Dakshina Kannada,12.9141,74.856,30.09,63.33,1.56,7.4232
20230413,Dakshina Kannada,12.9141,74.856,30.28,56.6,1.67,6.5837
20230414,Dakshina Kannada,12.9141,74.856,30.05,63.46,1.27,6.4229
20230415,Dakshina Kannada,12.9141,74.856,29.49,67.8,1.43,6.7051
20230416,Dakshina Kannada,12.9141,74.856,29.5,67.3,1.32,6.804
20230417,Dakshina Kannada,12.9141,74.856,29.52,69.38,1.66,6.9617
20230418,Dakshina Kannada,12.9141,74.856,30.3,65.66,1.91,7.2655
20230419,Dakshina Kannada,12.9141,74.856,30.21,65.96,1.83,7.0166
20230420,Dakshina Kannada,12.9141,74.856,29.91,64.3,1.76,6.7944
20230421,Dakshina Kannada,12.9141,74.856,29.87,65.89,1.79,6.8141
20230422,Dakshina Kannada,12.9141,74.856,30.55,61.98,2.44,6.6259
20230423,Dakshina Kannada,12.9141,74.856,30.62,57.7,2.7,7.1119
20230424,Dakshina Kannada,12.9141,74.856,30.28,59.12,2.16,7.1866
20230425,Dakshina Kannada,12.9141,74.856,29.45,66.28,1.83,6.9295
20230426,Dakshina Kannada,12.9141,74.856,29.39,67.17,2.02,6.805
20230427,Dakshina Kannada,12.9141,74.856,29.88,64.77,1.96,7.0186
20230428,Dakshina Kannada,12.9141,74.856,29.92,65.93,2.11,6.431
20230429,Dakshina Kannada,12.9141,74.856,30.24,65.23,2.2,6.3739
20230430,Dakshina Kannada,12.9141,74.856,29.76,65.59,1.89,6.8657
20230501,Dakshina Kannada,12.9141,74.856,29.65,62.25,2.03,6.4822
20230502,Dakshina Kannada,12.9141,74.856,30.22,60.6,2.67,5.4782
20230503,Dakshina Kannada,12.9141,74.856,29.63,63.95,2.58,5.6422
20230504,Dakshina Kannada,12.9141,74.856,29.57,64.28,2.31,7.175
20230505,Dakshina Kannada,12.9141,74.856,28.5,65.66,1.54,6.2525
20230506,Dakshina Kannada,12.9141,74.856,29.37,62.62,2.28,6.954
20230507,Dakshina Kannada,12.9141,74.856,29.34,65.03,2.68,5.6722
20230508,Dakshina Kannada,12.9141,74.856,29.14,69.44,2.52,6.9029
20230509,Dakshina Kannada,12.9141,74.856,28.51,69.34,2.49,6.9089
20230510,Dakshina Kannada,12.9141,74.856,28.86,74.0,1.76,6.7562
20230511,Dakshina Kannada,12.9141,74.856,29.04,77.86,1.71,5.7298
20230512,Dakshina Kannada,12.9141,74.856,28.59,79.14,2.63,5.6026
20230513,Dakshina Kannada,12.9141,74.856,28.32,82.71,2.17,4.1995
20230514,Dakshina Kannada,12.9141,74.856,29.12,76.18,1.5,6.7224
20230515,Dakshina Kannada,12.9141,74.856,29.38,72.25,1.76,6.8863
20230516,Dakshina Kannada,12.9141,74.856,30.27,69.2,2.24,7.0766
20230517,Dakshina Kannada,12.9141,74.856,30.49,68.01,2.27,7.1294
20230518,Dakshina Kannada,12.9141,74.856,30.47,67.99,2.4,6.5071
20230519,Dakshina Kannada,12.9141,74.856,29.53,73.07,1.93,6.781
20230520,Dakshina Kannada,12.9141,74.856,29.44,73.24,2.12,6.4567
20230521,Dakshina Kannada,12.9141,74.856,29.45,73.97,2.1,6.6941
20230522,Dakshina Kannada,12.9141,74.856,29.33,74.2,2.12,6.323
20230523,Dakshina Kannada,12.9141,74.856,29.08,73.81,1.23,6.5628
20230524,Dakshina Kannada,12.9141,74.856,28.39,77.64,1.02,6.6046
20230525,Dakshina Kannada,12.9141,74.856,28.59,76.88,1.51,5.8915
20230526,Dakshina Kannada,12.9141,74.856,29.1,71.74,1.99,5.1144
20230527,Dakshina Kannada,12.9141,74.856,29.38,71.65,2.57,6.9276
20230528,Dakshina Kannada,12.9141,74.856,29.66,68.1,2.83,6.8981
20230529,Dakshina Kannada,12.9141,74.856,29.82,73.34,2.08,6.7786
20230530,Dakshina Kannada,12.9141,74.856,28.59,78.58,0.98,5.3057
20230531,Dakshina Kannada,12.9141,74.856,28.49,78.65,1.08,5.2332
20230601,Dakshina Kannada,12.9141,74.856,27.75,82.91,1.59,2.5099
20230602,Dakshina Kannada,12.9141,74.856,28.69,77.62,1.61,5.7161
20230603,Dakshina Kannada,12.9141,74.856,29.38,74.17,1.72,6.2803
20230604,Dakshina Kannada,12.9141,74.856,28.68,76.62,1.72,5.843
20230605,Dakshina Kannada,12.9141,74.856,28.45,81.59,2.35,6.647
20230606,Dakshina Kannada,12.9141,74.856,28.31,81.8,1.83,6.527
20230607,Dakshina Kannada,12.9141,74.856,28.5,80.5,2.18,5.9779
20230608,Dakshina Kannada,12.9141,74.856,28.6,78.9,2.1,5.9906
20230609,Dakshina Kannada,12.9141,74.856,28.87,77.31,2.13,3.5436
20230610,Dakshina Kannada,12.9141,74.856,27.83,82.09,2.41,3.9377
20230611,Dakshina Kannada,12.9141,74.856,27.72,80.62,1.65,1.4138
20230612,Dakshina Kannada,12.9141,74.856,28.38,78.27,2.25,5.3266
20230613,Dakshina Kannada,12.9141,74.856,28.52,80.14,2.31,5.3995
20230614,Dakshina Kannada,12.9141,74.856,28.52,82.16,2.39,5.0081
20230615,Dakshina Kannada,12.9141,74.856,28.64,80.79,2.52,5.1415
20230616,Dakshina Kannada,12.9141,74.856,28.78,77.68,2.5,6.7075
20230617,Dakshina Kannada,12.9141,74.856,28.38,81.2,2.52,5.6916
20230618,Dakshina Kannada,12.9141,74.856,27.61,86.15,2.32,2.5224
20230619,Dakshina Kannada,12.9141,74.856,27.02,86.44,2.27,5.0662
20230620,Dakshina Kannada,12.9141,74.856,27.26,77.15,1.32,3.3466
20230621,Dakshina Kannada,12.9141,74.856,27.72,81.97,1.7,2.435
20230622,Dakshina Kannada,12.9141,74.856,27.52,79.24,1.96,3.7644
20230623,Dakshina Kannada,12.9141,74.856,26.27,75.75,1.85,2.8721
20230624,Dakshina Kannada,12.9141,74.856,26.39,87.91,2.43,3.9178
20230625,Dakshina Kannada,12.9141,74.856,26.79,85.15,1.97,3.5261
20230626,Dakshina Kannada,12.9141,74.856,26.7,80.04,1.24,2.387
20230627,Dakshina Kannada,12.9141,74.856,26.1,85.33,1.58,3.5597
20230628,Dakshina Kannada,12.9141,74.856,26.32,83.75,1.65,3.995
20230629,Dakshina Kannada,12.9141,74.856,26.28,85.61,1.5,1.8307
20230630,Dakshina Kannada,12.9141,74.856,26.28,84.49,1.52,4.6306
20230701,Dakshina Kannada,12.9141,74.856,26.82,86.64,1.75,5.8346
20230702,Dakshina Kannada,12.9141,74.856,26.62,88.4,2.54,3.5304
20230703,Dakshina Kannada,12.9141,74.856,26.69,90.25,3.34,1.2806
20230704,Dakshina Kannada,12.9141,74.856,26.12,90.77,4.1,1.3973
20230705,Dakshina Kannada,12.9141,74.856,25.97,90.29,4.1,1.038
20230706,Dakshina Kannada,12.9141,74.856,26.05,87.19,3.43,1.4892
20230707,Dakshina Kannada,12.9141,74.856,26.15,87.63,2.59,2.7586
20230708,Dakshina Kannada,12.9141,74.856,26.6,84.03,2.01,2.0734
20230709,Dakshina Kannada,12.9141,74.856,26.27,89.55,1.8,3.5858
20230710,Dakshina Kannada,12.9141,74.856,26.4,88.6,1.39,4.3116
20230711,Dakshina Kannada,12.9141,74.856,26.26,89.51,1.71,2.9818
20230712,Dakshina Kannada,12.9141,74.856,25.84,87.79,1.75,3.661
20230713,Dakshina Kannada,12.9141,74.856,25.57,88.93,2.07,1.5382
20230714,Dakshina Kannada,12.9141,74.856,25.84,89.92,2.24,1.692
20230715,Dakshina Kannada,12.9141,74.856,26.18,90.16,1.86,5.1938
20230716,Dakshina Kannada,12.9141,74.856,26.38,90.88,2.04,5.0786
20230717,Dakshina Kannada,12.9141,74.856,26.38,90.26,2.53,5.6206
20230718,Dakshina Kannada,12.9141,74.856,26.47,88.78,3.37,5.4811
20230719,Dakshina Kannada,12.9141,74.856,26.34,89.44,3.47,5.2574
20230720,Dakshina Kannada,12.9141,74.856,26.38,90.71,3.19,5.1631
20230721,Dakshina Kannada,12.9141,74.856,26.15,91.49,3.4,5.4509
20230722,Dakshina Kannada,12.9141,74.856,26.06,89.42,3.27,1.8758
20230723,Dakshina Kannada,12.9141,74.856,25.82,90.88,3.46,2.1475
20230724,Dakshina Kannada,12.9141,74.856,25.44,91.99,3.13,1.3951
20230725,Dakshina Kannada,12.9141,74.856,24.89,90.02,2.85,1.5996
20230726,Dakshina Kannada,12.9141,74.856,24.92,91.84,2.83,1.4597
20230727,Dakshina Kannada,12.9141,74.856,25.09,92.46,1.89,3.3106
20230728,Dakshina Kannada,12.9141,74.856,25.39,92.72,1.98,5.3705
20230729,Dakshina Kannada,12.9141,74.856,25.66,90.61,2.48,6.4368
20230730,Dakshina Kannada,12.9141,74.856,25.79,89.52,2.3,5.9297
20230731,Dakshina Kannada,12.9141,74.856,25.83,89.13,2.44,5.5109
20230801,Dakshina Kannada,12.9141,74.856,25.74,89.65,2.26,6.3936
20230802,Dakshina Kannada,12.9141,74.856,25.85,88.45,2.29,6.1649
20230803,Dakshina Kannada,12.9141,74.856,26.01,88.09,2.57,5.178
20230804,Dakshina Kannada,12.9141,74.856,26.21,89.03,2.47,6.4726
20230805,Dakshina Kannada,12.9141,74.856,26.29,87.41,2.6,6.0036
20230806,Dakshina Kannada,12.9141,74.856,25.8,89.97,2.18,5.9654
20230807,Dakshina Kannada,12.9141,74.856,26.14,87.95,2.33,5.9789
20230808,Dakshina Kannada,12.9141,74.856,26.18,87.68,1.94,4.849
20230809,Dakshina Kannada,12.9141,74.856,26.16,86.41,1.77,4.8792
20230810,Dakshina Kannada,12.9141,74.856,26.42,87.38,2.2,6.1505
20230811,Dakshina Kannada,12.9141,74.856,26.51,86.14,2.53,6.3278
20230812,Dakshina Kannada,12.9141,74.856,26.22,86.48,2.44,5.8814
20230813,Dakshina Kannada,12.9141,74.856,25.73,87.86,2.08,5.2913
20230814,Dakshina Kannada,12.9141,74.856,25.67,84.7,1.79,5.1828
20230815,Dakshina Kannada,12.9141,74.856,26.04,82.75,1.57,6.5292
20230816,Dakshina Kannada,12.9141,74.856,26.0,85.38,1.69,6.2606
20230817,Dakshina Kannada,12.9141,74.856,26.1,86.75,2.14,6.3079
20230818,Dakshina Kannada,12.9141,74.856,25.81,88.15,2.0,5.4295
20230819,Dakshina Kannada,12.9141,74.856,26.4,88.98,2.67,4.446
20230820,Dakshina Kannada,12.9141,74.856,26.34,87.97,2.42,6.186
20230821,Dakshina Kannada,12.9141,74.856,26.39,86.57,2.28,6.653
20230822,Dakshina Kannada,12.9141,74.856,26.45,85.78,2.23,6.3566
20230823,Dakshina Kannada,12.9141,74.856,26.38,85.84,2.01,6.4495
20230824,Dakshina Kannada,12.9141,74.856,26.29,84.87,1.59,5.8332
20230825,Dakshina Kannada,12.9141,74.856,26.5,83.47,1.42,5.1547
20230826,Dakshina Kannada,12.9141,74.856,26.23,86.83,1.29,4.9781
20230827,Dakshina Kannada,12.9141,74.856,25.98,87.46,1.33,6.4282
20230828,Dakshina Kannada,12.9141,74.856,26.68,84.43,1.8,6.3475
20230829,Dakshina Kannada,12.9141,74.856,26.55,85.36,2.01,5.7926
20230830,Dakshina Kannada,12.9141,74.856,26.86,85.3,2.01,6.4243
20230831,Dakshina Kannada,12.9141,74.856,26.98,83.67,1.65,6.5887
20230901,Dakshina Kannada,12.9141,74.856,26.91,84.98,1.86,6.5227
20230902,Dakshina Kannada,12.9141,74.856,26.42,86.41,1.44,6.095
20230903,Dakshina Kannada,12.9141,74.856,25.81,86.45,1.29,4.981
20230904,Dakshina Kannada,12.9141,74.856,24.94,84.36,1.04,3.8429
20230905,Dakshina Kannada,12.9141,74.856,25.44,88.48,2.39,2.6431
20230906,Dakshina Kannada,12.9141,74.856,26.23,85.84,2.02,4.4378
20230907,Dakshina Kannada,12.9141,74.856,26.08,88.53,2.2,5.1055
20230908,Dakshina Kannada,12.9141,74.856,26.5,89.01,2.72,4.9656
20230909,Dakshina Kannada,12.9141,74.856,26.83,88.08,2.33,3.882
20230910,Dakshina Kannada,12.9141,74.856,26.89,88.11,2.58,4.5046
20230911,Dakshina Kannada,12.9141,74.856,26.18,89.58,2.47,4.8912
20230912,Dakshina Kannada,12.9141,74.856,26.22,88.83,2.36,5.3527
20230913,Dakshina Kannada,12.9141,74.856,26.38,88.88,1.79,5.1614
20230914,Dakshina Kannada,12.9141,74.856,26.1,90.32,1.98,2.7454
20230915,Dakshina Kannada,12.9141,74.856,25.68,89.38,2.31,5.5934
20230916,Dakshina Kannada,12.9141,74.856,26.06,88.54,2.19,3.8246
20230917,Dakshina Kannada,12.9141,74.856,26.35,87.18,1.61,4.5014
20230918,Dakshina Kannada,12.9141,74.856,26.3,88.32,1.69,4.5466
20230919,Dakshina Kannada,12.9141,74.856,26.47,87.01,1.38,5.7302
20230920,Dakshina Kannada,12.9141,74.856,26.04,86.88,1.54,5.2582
20230921,Dakshina Kannada,12.9141,74.856,25.87,88.77,1.63,4.6937
20230922,Dakshina Kannada,12.9141,74.856,25.83,89.79,1.86,5.0669
20230923,Dakshina Kannada,12.9141,74.856,25.52,92.41,2.06,4.2686
20230924,Dakshina Kannada,12.9141,74.856,25.66,89.73,2.47,4.115
20230925,Dakshina Kannada,12.9141,74.856,25.4,86.89,1.58,5.3942
20230926,Dakshina Kannada,12.9141,74.856,26.13,85.64,1.45,5.4492
20230927,Dakshina Kannada,12.9141,74.856,26.12,85.27,1.42,5.557
20230928,Dakshina Kannada,12.9141,74.856,25.91,90.33,2.56,3.198
20230929,Dakshina Kannada,12.9141,74.856,25.96,90.18,2.53,2.9988
20230930,Dakshina Kannada,12.9141,74.856,26.03,88.58,2.57,3.8981
20231001,Dakshina Kannada,12.9141,74.856,26.43,88.72,2.8,5.6306
20231002,Dakshina Kannada,12.9141,74.856,26.1,84.4,1.58,6.1066
20231003,Dakshina Kannada,12.9141,74.856,25.82,85.47,1.52,6.2014
20231004,Dakshina Kannada,12.9141,74.856,25.82,81.38,1.46,6.1445
20231005,Dakshina Kannada,12.9141,74.856,25.54,80.72,1.49,6.5894
20231006,Dakshina Kannada,12.9141,74.856,26.07,82.68,1.8,6.0355
20231007,Dakshina Kannada,12.9141,74.856,26.93,85.08,1.55,5.6909
20231008,Dakshina Kannada,12.9141,74.856,26.97,86.21,1.57,2.9038
20231009,Dakshina Kannada,12.9141,74.856,26.5,84.1,1.16,4.512
20231010,Dakshina Kannada,12.9141,74.856,26.0,87.54,1.89,4.6236
20231011,Dakshina Kannada,12.9141,74.856,25.3,84.1,1.2,3.8585
20231012,Dakshina Kannada,12.9141,74.856,25.64,90.57,2.25,4.5835
20231013,Dakshina Kannada,12.9141,74.856,26.98,84.21,1.3,5.9002
20231014,Dakshina Kannada,12.9141,74.856,26.87,83.85,1.29,5.3578
20231015,Dakshina Kannada,12.9141,74.856,26.15,86.74,1.2,4.6174
20231016,Dakshina Kannada,12.9141,74.856,26.3,84.99,1.14,4.8226
20231017,Dakshina Kannada,12.9141,74.856,25.86,85.52,1.28,4.3934
20231018,Dakshina Kannada,12.9141,74.856,26.87,83.08,1.26,5.177
20231019,Dakshina Kannada,12.9141,74.856,27.16,84.04,1.16,4.5283
20231020,Dakshina Kannada,12.9141,74.856,27.1,81.87,1.0,5.0539
20231021,Dakshina Kannada,12.9141,74.856,27.23,81.71,1.12,4.5722
20231022,Dakshina Kannada,12.9141,74.856,27.3,82.12,1.08,4.0027
20231023,Dakshina Kannada,12.9141,74.856,27.45,77.83,1.13,4.47
20231024,Dakshina Kannada,12.9141,74.856,27.01,77.68,1.0,5.5735
20231025,Dakshina Kannada,12.9141,74.856,27.03,76.97,1.16,5.641
20231026,Dakshina Kannada,12.9141,74.856,26.91,69.91,1.06,5.9378
20231027,Dakshina Kannada,12.9141,74.856,26.68,74.05,1.36,5.6014
20231028,Dakshina Kannada,12.9141,74.856,27.45,78.67,0.97,5.1934
20231029,Dakshina Kannada,12.9141,74.856,27.09,84.14,1.18,5.0738
20231030,Dakshina Kannada,12.9141,74.856,26.21,86.43,1.49,4.8024
20231031,Dakshina Kannada,12.9141,74.856,26.19,85.68,1.1,3.7769
20231101,Dakshina Kannada,12.9141,74.856,25.85,87.39,0.78,3.2626
20231102,Dakshina Kannada,12.9141,74.856,26.95,82.83,1.03,4.9418
20231103,Dakshina Kannada,12.9141,74.856,27.22,84.12,1.01,5.2394
20231104,Dakshina Kannada,12.9141,74.856,26.76,86.53,1.04,1.8346
20231105,Dakshina Kannada,12.9141,74.856,26.46,88.2,1.39,3.7543
20231106,Dakshina Kannada,12.9141,74.856,26.27,85.86,2.11,2.9844
20231107,Dakshina Kannada,12.9141,74.856,26.71,77.96,1.03,5.5128
20231108,Dakshina Kannada,12.9141,74.856,25.8,83.72,1.22,3.5076
20231109,Dakshina Kannada,12.9141,74.856,26.01,87.26,1.63,3.8767
20231110,Dakshina Kannada,12.9141,74.856,26.68,82.16,0.97,5.4641
20231111,Dakshina Kannada,12.9141,74.856,27.47,79.0,0.89,5.5315
20231112,Dakshina Kannada,12.9141,74.856,26.43,74.06,1.09,5.1118
20231113,Dakshina Kannada,12.9141,74.856,26.36,72.2,1.27,4.2408
20231114,Dakshina Kannada,12.9141,74.856,26.57,70.55,0.88,5.383
20231115,Dakshina Kannada,12.9141,74.856,26.01,72.42,1.31,5.0983
20231116,Dakshina Kannada,12.9141,74.856,26.62,75.29,0.95,4.4578
20231117,Dakshina Kannada,12.9141,74.856,27.16,79.37,0.95,4.3786
20231118,Dakshina Kannada,12.9141,74.856,27.31,82.21,0.84,4.2082
20231119,Dakshina Kannada,12.9141,74.856,27.02,81.08,1.17,4.237
20231120,Dakshina Kannada,12.9141,74.856,27.27,77.57,0.91,4.9781
20231121,Dakshina Kannada,12.9141,74.856,27.22,75.88,1.13,5.1427
20231122,Dakshina Kannada,12.9141,74.856,27.83,80.58,1.13,4.0759
20231123,Dakshina Kannada,12.9141,74.856,27.0,85.74,2.29,3.3074
20231124,Dakshina Kannada,12.9141,74.856,26.95,80.21,1.06,1.9306
20231125,Dakshina Kannada,12.9141,74.856,27.31,78.96,0.9,5.2085
20231126,Dakshina Kannada,12.9141,74.856,26.92,75.15,1.16,3.9854
20231127,Dakshina Kannada,12.9141,74.856,27.3,75.32,1.17,5.4012
20231128,Dakshina Kannada,12.9141,74.856,27.35,78.23,0.98,5.2538
20231129,Dakshina Kannada,12.9141,74.856,26.93,80.95,1.23,4.6262
20231130,Dakshina Kannada,12.9141,74.856,27.16,78.02,0.98,5.2464
20231201,Dakshina Kannada,12.9141,74.856,27.12,81.57,1.18,5.2637
20231202,Dakshina Kannada,12.9141,74.856,27.32,76.48,1.36,4.5233
20231203,Dakshina Kannada,12.9141,74.856,27.72,76.91,1.42,5.0028
20231204,Dakshina Kannada,12.9141,74.856,27.49,79.18,1.77,4.0891
20231205,Dakshina Kannada,12.9141,74.856,26.98,76.26,1.36,4.2331
20231206,Dakshina Kannada,12.9141,74.856,26.96,75.14,1.02,4.931
20231207,Dakshina Kannada,12.9141,74.856,26.8,75.56,0.74,5.0316
20231208,Dakshina Kannada,12.9141,74.856,26.68,79.8,0.85,4.621
20231209,Dakshina Kannada,12.9141,74.856,26.74,82.08,1.6,4.4964
20231210,Dakshina Kannada,12.9141,74.856,26.56,84.12,1.54,4.393
20231211,Dakshina Kannada,12.9141,74.856,25.84,88.24,1.13,3.9662
20231212,Dakshina Kannada,12.9141,74.856,26.52,78.52,0.89,4.3836
20231213,Dakshina Kannada,12.9141,74.856,26.59,72.48,0.99,4.3157
20231214,Dakshina Kannada,12.9141,74.856,25.54,68.89,1.52,4.9678
20231215,Dakshina Kannada,12.9141,74.856,25.82,70.84,0.94,4.7803
20231216,Dakshina Kannada,12.9141,74.856,26.87,74.08,0.9,4.6807
20231217,Dakshina Kannada,12.9141,74.856,26.84,79.04,1.19,4.2038
20231218,Dakshina Kannada,12.9141,74.856,26.25,79.27,1.08,3.731
20231219,Dakshina Kannada,12.9141,74.856,25.99,74.13,1.16,3.9612
20231220,Dakshina Kannada,12.9141,74.856,26.08,70.54,1.35,5.0911
20231221,Dakshina Kannada,12.9141,74.856,26.56,72.49,1.12,5.195
20231222,Dakshina Kannada,12.9141,74.856,26.41,76.64,0.84,4.7426
20231223,Dakshina Kannada,12.9141,74.856,25.87,72.33,1.38,4.873
20231224,Dakshina Kannada,12.9141,74.856,25.44,65.83,1.21,4.9224
20231225,Dakshina Kannada,12.9141,74.856,26.5,71.81,1.18,5.3868
20231226,Dakshina Kannada,12.9141,74.856,26.05,63.47,1.16,5.7113
20231227,Dakshina Kannada,12.9141,74.856,25.5,61.59,1.32,5.9429
20231228,Dakshina Kannada,12.9141,74.856,25.86,70.17,1.71,5.5366
20231229,Dakshina Kannada,12.9141,74.856,27.0,69.39,1.53,5.484
20231230,Dakshina Kannada,12.9141,74.856,26.78,68.22,1.13,5.5092
20231231,Dakshina Kannada,12.9141,74.856,26.22,68.64,1.34,5.4142
20240101,Dakshina Kannada,12.9141,74.856,26.31,75.77,1.11,3.6252
20240102,Dakshina Kannada,12.9141,74.856,26.18,79.38,0.9,2.9731
20240103,Dakshina Kannada,12.9141,74.856,25.75,83.38,0.87,2.749
20240104,Dakshina Kannada,12.9141,74.856,25.35,86.38,0.59,2.334
20240105,Dakshina Kannada,12.9141,74.856,25.71,83.02,1.3,4.6661
20240106,Dakshina Kannada,12.9141,74.856,26.05,82.92,1.11,3.9355
20240107,Dakshina Kannada,12.9141,74.856,26.2,73.13,1.29,4.889
20240108,Dakshina Kannada,12.9141,74.856,26.15,79.29,1.55,3.041
20240109,Dakshina Kannada,12.9141,74.856,25.21,88.39,1.56,2.9028
20240110,Dakshina Kannada,12.9141,74.856,25.74,77.15,1.56,5.2183
20240111,Dakshina Kannada,12.9141,74.856,26.05,70.11,1.31,5.6868
20240112,Dakshina Kannada,12.9141,74.856,25.83,66.9,1.56,5.7269
20240113,Dakshina Kannada,12.9141,74.856,26.42,70.29,1.1,5.2066
20240114,Dakshina Kannada,12.9141,74.856,26.17,74.07,1.43,5.1278
20240115,Dakshina Kannada,12.9141,74.856,25.59,77.47,1.54,4.7417
20240116,Dakshina Kannada,12.9141,74.856,25.52,73.69,1.42,5.1442
20240117,Dakshina Kannada,12.9141,74.856,25.68,75.54,1.21,5.2716
20240118,Dakshina Kannada,12.9141,74.856,25.74,79.31,1.86,4.1004
20240119,Dakshina Kannada,12.9141,74.856,25.91,77.44,1.26,3.9302
20240120,Dakshina Kannada,12.9141,74.856,26.24,77.54,1.45,5.2361
20240121,Dakshina Kannada,12.9141,74.856,26.45,75.83,1.55,5.6004
20240122,Dakshina Kannada,12.9141,74.856,26.28,74.52,1.71,5.6789
20240123,Dakshina Kannada,12.9141,74.856,25.53,73.74,1.97,5.7595
20240124,Dakshina Kannada,12.9141,74.856,25.05,73.75,1.76,6.1682
20240125,Dakshina Kannada,12.9141,74.856,25.31,72.31,1.58,5.8318
20240126,Dakshina Kannada,12.9141,74.856,26.09,69.95,1.36,5.6266
20240127,Dakshina Kannada,12.9141,74.856,26.12,65.87,1.76,5.8579
20240128,Dakshina Kannada,12.9141,74.856,26.18,67.45,1.71,5.886
20240129,Dakshina Kannada,12.9141,74.856,26.25,65.71,1.33,5.8073
20240130,Dakshina Kannada,12.9141,74.856,25.84,62.34,1.36,5.7346
20240131,Dakshina Kannada,12.9141,74.856,25.81,67.68,1.42,5.6921
20240201,Dakshina Kannada,12.9141,74.856,25.32,75.31,2.05,5.9803
20240202,Dakshina Kannada,12.9141,74.856,25.24,73.94,1.97,6.1502
20240203,Dakshina Kannada,12.9141,74.856,26.47,70.43,1.44,5.9004
20240204,Dakshina Kannada,12.9141,74.856,27.33,69.93,1.66,5.705
20240205,Dakshina Kannada,12.9141,74.856,27.41,65.7,1.34,5.8538
20240206,Dakshina Kannada,12.9141,74.856,27.55,64.36,1.16,6.2846
20240207,Dakshina Kannada,12.9141,74.856,27.51,65.33,1.3,6.3288
20240208,Dakshina Kannada,12.9141,74.856,27.26,64.08,1.54,6.0106
20240209,Dakshina Kannada,12.9141,74.856,27.54,67.97,1.3,5.9093
20240210,Dakshina Kannada,12.9141,74.856,27.67,69.24,1.52,5.923
20240211,Dakshina Kannada,12.9141,74.856,28.03,67.61,1.64,6.1754
20240212,Dakshina Kannada,12.9141,74.856,28.07,61.51,1.66,6.5606
20240213,Dakshina Kannada,12.9141,74.856,27.49,61.98,1.59,6.4003
20240214,Dakshina Kannada,12.9141,74.856,27.87,63.47,1.5,6.2208
20240215,Dakshina Kannada,12.9141,74.856,28.28,65.68,1.35,6.0317
20240216,Dakshina Kannada,12.9141,74.856,28.45,55.59,1.56,6.5594
20240217,Dakshina Kannada,12.9141,74.856,28.24,58.22,1.63,6.2496
20240218,Dakshina Kannada,12.9141,74.856,27.71,66.6,1.18,6.3218
20240219,Dakshina Kannada,12.9141,74.856,28.18,69.25,1.72,6.2196
20240220,Dakshina Kannada,12.9141,74.856,28.26,67.46,2.17,6.2786
20240221,Dakshina Kannada,12.9141,74.856,27.7,63.61,2.31,6.7315
20240222,Dakshina Kannada,12.9141,74.856,26.91,68.39,2.45,6.5806
20240223,Dakshina Kannada,12.9141,74.856,26.68,65.88,2.28,6.7001
20240224,Dakshina Kannada,12.9141,74.856,26.68,64.56,2.22,6.5666
20240225,Dakshina Kannada,12.9141,74.856,27.55,66.04,1.77,6.1814
20240226,Dakshina Kannada,12.9141,74.856,28.98,61.14,1.79,6.5609
20240227,Dakshina Kannada,12.9141,74.856,29.41,59.48,1.71,6.7678
20240228,Dakshina Kannada,12.9141,74.856,29.52,63.58,1.63,6.4992
20240229,Dakshina Kannada,12.9141,74.856,29.13,61.96,1.7,6.4085
20240301,Dakshina Kannada,12.9141,74.856,29.29,59.3,1.62,6.0314
20240302,Dakshina Kannada,12.9141,74.856,29.04,62.74,1.64,5.927
20240303,Dakshina Kannada,12.9141,74.856,29.15,64.17,2.41,6.3007
20240304,Dakshina Kannada,12.9141,74.856,28.88,63.88,2.75,6.0938
20240305,Dakshina Kannada,12.9141,74.856,29.01,60.46,2.59,6.5218
20240306,Dakshina Kannada,12.9141,74.856,28.69,60.56,2.53,6.3497
20240307,Dakshina Kannada,12.9141,74.856,28.76,59.35,2.54,6.6324
20240308,Dakshina Kannada,12.9141,74.856,29.05,56.54,2.42,6.745
20240309,Dakshina Kannada,12.9141,74.856,28.84,62.46,1.57,6.7862
20240310,Dakshina Kannada,12.9141,74.856,28.78,65.11,1.68,6.2753
20240311,Dakshina Kannada,12.9141,74.856,29.36,63.05,1.73,5.9786
20240312,Dakshina Kannada,12.9141,74.856,29.39,65.11,1.84,6.0367
20240313,Dakshina Kannada,12.9141,74.856,29.05,68.86,1.77,5.7178
20240314,Dakshina Kannada,12.9141,74.856,28.98,65.02,2.08,5.9486
20240315,Dakshina Kannada,12.9141,74.856,29.11,60.73,2.34,6.413
20240316,Dakshina Kannada,12.9141,74.856,29.31,58.23,2.23,6.2009
20240317,Dakshina Kannada,12.9141,74.856,29.42,58.37,2.15,6.4058
20240318,Dakshina Kannada,12.9141,74.856,29.62,56.79,2.46,6.5981
20240319,Dakshina Kannada,12.9141,74.856,29.88,55.14,2.61,6.631
20240320,Dakshina Kannada,12.9141,74.856,29.49,58.76,1.6,6.697
20240321,Dakshina Kannada,12.9141,74.856,29.48,66.16,2.01,6.3245
20240322,Dakshina Kannada,12.9141,74.856,29.27,70.04,1.71,5.1595
20240323,Dakshina Kannada,12.9141,74.856,29.46,69.45,2.16,6.0866
20240324,Dakshina Kannada,12.9141,74.856,30.09,61.91,1.85,6.5206
20240325,Dakshina Kannada,12.9141,74.856,30.2,58.87,1.67,6.8374
20240326,Dakshina Kannada,12.9141,74.856,29.93,65.55,1.7,6.4075
20240327,Dakshina Kannada,12.9141,74.856,30.14,64.69,1.83,6.5935
20240328,Dakshina Kannada,12.9141,74.856,30.15,63.85,1.81,6.7231
20240329,Dakshina Kannada,12.9141,74.856,30.45,66.03,1.97,6.6749
20240330,Dakshina Kannada,12.9141,74.856,30.8,62.21,2.21,6.7207
20240331,Dakshina Kannada,12.9141,74.856,30.47,64.03,2.12,6.713
20240401,Dakshina Kannada,12.9141,74.856,30.21,68.24,1.81,6.7445
20240402,Dakshina Kannada,12.9141,74.856,30.21,67.19,1.9,6.8191
20240403,Dakshina Kannada,12.9141,74.856,30.37,64.92,1.94,6.8254
20240404,Dakshina Kannada,12.9141,74.856,30.9,60.46,2.03,6.9571
20240405,Dakshina Kannada,12.9141,74.856,30.9,62.81,2.16,6.552
20240406,Dakshina Kannada,12.9141,74.856,31.52,61.44,1.91,6.5282
20240407,Dakshina Kannada,12.9141,74.856,30.77,64.92,1.73,6.8117
20240408,Dakshina Kannada,12.9141,74.856,31.45,58.26,1.66,6.9576
20240409,Dakshina Kannada,12.9141,74.856,31.32,60.94,1.79,6.8503
20240410,Dakshina Kannada,12.9141,74.856,31.66,58.4,1.88,7.014
20240411,Dakshina Kannada,12.9141,74.856,31.45,58.88,1.69,6.9847
20240412,Dakshina Kannada,12.9141,74.856,31.53,56.89,1.75,6.5551
20240413,Dakshina Kannada,12.9141,74.856,30.76,61.17,1.85,6.5554
20240414,Dakshina Kannada,12.9141,74.856,31.12,64.02,1.75,6.7025
20240415,Dakshina Kannada,12.9141,74.856,31.82,61.7,2.16,6.8918
20240416,Dakshina Kannada,12.9141,74.856,31.19,64.84,1.88,6.9389
20240417,Dakshina Kannada,12.9141,74.856,30.81,66.52,1.9,5.5078
20240418,Dakshina Kannada,12.9141,74.856,30.38,70.0,2.1,6.0662
20240419,Dakshina Kannada,12.9141,74.856,30.09,72.85,1.87,6.089
20240420,Dakshina Kannada,12.9141,74.856,29.23,76.85,1.08,2.8382
20240421,Dakshina Kannada,12.9141,74.856,29.76,74.05,1.58,6.4714
20240422,Dakshina Kannada,12.9141,74.856,29.79,75.16,1.96,6.3722
20240423,Dakshina Kannada,12.9141,74.856,30.23,70.93,2.08,6.8542
20240424,Dakshina Kannada,12.9141,74.856,30.13,70.1,1.34,7.0418
20240425,Dakshina Kannada,12.9141,74.856,30.91,66.26,1.83,6.6166
20240426,Dakshina Kannada,12.9141,74.856,31.12,65.6,2.08,7.1148
20240427,Dakshina Kannada,12.9141,74.856,31.17,64.53,1.98,7.044
20240428,Dakshina Kannada,12.9141,74.856,31.22,66.97,1.89,7.0625
20240429,Dakshina Kannada,12.9141,74.856,31.47,65.31,1.7,6.9559
20240430,Dakshina Kannada,12.9141,74.856,30.79,69.5,1.82,6.5064
20240501,Dakshina Kannada,12.9141,74.856,30.67,69.39,1.75,6.0569
20240502,Dakshina Kannada,12.9141,74.856,30.95,64.4,1.65,6.4428
20240503,Dakshina Kannada,12.9141,74.856,30.79,64.12,2.15,5.8414
20240504,Dakshina Kannada,12.9141,74.856,30.39,64.71,2.19,6.6833
20240505,Dakshina Kannada,12.9141,74.856,30.21,64.22,2.13,6.8662
20240506,Dakshina Kannada,12.9141,74.856,30.67,66.38,2.08,6.7637
20240507,Dakshina Kannada,12.9141,74.856,30.63,69.13,2.02,5.8435
20240508,Dakshina Kannada,12.9141,74.856,29.73,73.9,1.85,6.305
20240509,Dakshina Kannada,12.9141,74.856,30.63,66.23,2.18,5.9974
20240510,Dakshina Kannada,12.9141,74.856,29.85,70.97,1.71,6.4766
20240511,Dakshina Kannada,12.9141,74.856,29.79,73.39,1.59,6.6492
20240512,Dakshina Kannada,12.9141,74.856,29.89,74.17,1.81,6.3
20240513,Dakshina Kannada,12.9141,74.856,29.16,80.53,1.16,4.8922
20240514,Dakshina Kannada,12.9141,74.856,29.07,79.54,1.03,5.7972
20240515,Dakshina Kannada,12.9141,74.856,29.27,77.31,1.43,6.8326
20240516,Dakshina Kannada,12.9141,74.856,29.22,78.94,1.37,5.0794
20240517,Dakshina Kannada,12.9141,74.856,29.22,80.11,1.27,5.8342
20240518,Dakshina Kannada,12.9141,74.856,28.56,82.19,1.59,2.8279
20240519,Dakshina Kannada,12.9141,74.856,27.85,85.72,2.28,4.0927
20240520,Dakshina Kannada,12.9141,74.856,27.65,88.38,1.95,2.1221
20240521,Dakshina Kannada,12.9141,74.856,28.12,82.42,2.06,5.2166
20240522,Dakshina Kannada,12.9141,74.856,28.75,84.98,2.28,4.1482
20240523,Dakshina Kannada,12.9141,74.856,28.54,88.76,3.07,2.4079
20240524,Dakshina Kannada,12.9141,74.856,27.53,88.19,3.55,2.8937
20240525,Dakshina Kannada,12.9141,74.856,27.65,81.86,2.39,1.9188
20240526,Dakshina Kannada,12.9141,74.856,27.73,84.49,2.24,3.6106
20240527,Dakshina Kannada,12.9141,74.856,27.96,86.21,2.41,5.2068
20240528,Dakshina Kannada,12.9141,74.856,28.03,87.14,2.89,1.8785
20240529,Dakshina Kannada,12.9141,74.856,28.16,84.39,2.64,4.3385
20240530,Dakshina Kannada,12.9141,74.856,28.48,88.14,3.72,3.1058
20240531,Dakshina Kannada,12.9141,74.856,28.58,86.39,3.28,5.6256
20240601,Dakshina Kannada,12.9141,74.856,28.4,88.58,2.22,4.7376
20240602,Dakshina Kannada,12.9141,74.856,28.4,83.86,1.94,4.657
20240603,Dakshina Kannada,12.9141,74.856,28.08,82.32,1.9,2.3376
20240604,Dakshina Kannada,12.9141,74.856,27.92,83.38,1.52,3.8076
20240605,Dakshina Kannada,12.9141,74.856,27.94,86.07,1.52,3.307
20240606,Dakshina Kannada,12.9141,74.856,27.29,87.01,1.58,2.6446
20240607,Dakshina Kannada,12.9141,74.856,26.83,85.11,1.62,2.7144
20240608,Dakshina Kannada,12.9141,74.856,27.56,82.81,2.7,1.5701
20240609,Dakshina Kannada,12.9141,74.856,27.33,82.39,3.35,2.9119
20240610,Dakshina Kannada,12.9141,74.856,27.34,82.58,2.38,2.6131
20240611,Dakshina Kannada,12.9141,74.856,27.37,82.31,2.36,3.3024
20240612,Dakshina Kannada,12.9141,74.856,26.48,79.59,2.26,2.0957
20240613,Dakshina Kannada,12.9141,74.856,27.32,77.66,1.45,2.934
20240614,Dakshina Kannada,12.9141,74.856,27.52,83.9,1.33,5.893
20240615,Dakshina Kannada,12.9141,74.856,27.42,85.7,1.8,5.2034
20240616,Dakshina Kannada,12.9141,74.856,27.44,85.12,1.52,4.1196
20240617,Dakshina Kannada,12.9141,74.856,26.82,84.02,1.32,5.3602
20240618,Dakshina Kannada,12.9141,74.856,27.16,82.61,1.11,3.511
20240619,Dakshina Kannada,12.9141,74.856,27.17,84.48,1.56,3.8342
20240620,Dakshina Kannada,12.9141,74.856,27.48,85.92,2.23,1.9634
20240621,Dakshina Kannada,12.9141,74.856,27.04,85.42,2.36,2.7701
20240622,Dakshina Kannada,12.9141,74.856,26.04,85.62,2.58,3.7982
20240623,Dakshina Kannada,12.9141,74.856,25.89,85.99,3.51,4.5307
20240624,Dakshina Kannada,12.9141,74.856,26.2,85.29,3.36,3.486
20240625,Dakshina Kannada,12.9141,74.856,26.33,83.87,3.42,4.8871
20240626,Dakshina Kannada,12.9141,74.856,26.55,84.76,3.06,1.9078
20240627,Dakshina Kannada,12.9141,74.856,26.13,82.83,2.84,1.6445
20240628,Dakshina Kannada,12.9141,74.856,26.71,84.67,2.35,5.8003
20240629,Dakshina Kannada,12.9141,74.856,26.9,86.97,2.24,4.6627
20240630,Dakshina Kannada,12.9141,74.856,26.15,91.15,1.79,2.2898
20240701,Dakshina Kannada,12.9141,74.856,26.07,89.48,2.35,1.4606
20240702,Dakshina Kannada,12.9141,74.856,26.67,87.76,1.37,3.8033
20240703,Dakshina Kannada,12.9141,74.856,27.25,90.14,1.84,3.9182
20240704,Dakshina Kannada,12.9141,74.856,26.44,87.41,2.81,2.2267
20240705,Dakshina Kannada,12.9141,74.856,26.3,87.26,2.43,2.1653
20240706,Dakshina Kannada,12.9141,74.856,26.53,92.04,2.92,1.1597
20240707,Dakshina Kannada,12.9141,74.856,26.21,88.34,2.63,2.1072
20240708,Dakshina Kannada,12.9141,74.856,25.9,87.9,2.52,0.7111
20240709,Dakshina Kannada,12.9141,74.856,25.69,91.57,2.58,2.6414
20240710,Dakshina Kannada,12.9141,74.856,25.82,90.25,2.01,3.3634
20240711,Dakshina Kannada,12.9141,74.856,25.8,87.01,1.6,4.1645
20240712,Dakshina Kannada,12.9141,74.856,25.6,90.44,1.57,3.3324
20240713,Dakshina Kannada,12.9141,74.856,25.75,91.31,2.33,2.5488
20240714,Dakshina Kannada,12.9141,74.856,25.94,89.93,3.69,1.6332
20240715,Dakshina Kannada,12.9141,74.856,26.15,93.57,4.64,1.2646
20240716,Dakshina Kannada,12.9141,74.856,25.93,92.26,4.23,1.7863
20240717,Dakshina Kannada,12.9141,74.856,26.1,92.54,3.75,1.8341
20240718,Dakshina Kannada,12.9141,74.856,25.75,91.91,4.18,1.1702
20240719,Dakshina Kannada,12.9141,74.856,25.93,93.53,3.28,2.1266
20240720,Dakshina Kannada,12.9141,74.856,26.02,92.31,2.83,4.4678
20240721,Dakshina Kannada,12.9141,74.856,25.9,92.18,2.8,3.3206
20240722,Dakshina Kannada,12.9141,74.856,26.13,90.01,2.53,2.8174
20240723,Dakshina Kannada,12.9141,74.856,25.82,89.48,2.64,2.7139
20240724,Dakshina Kannada,12.9141,74.856,26.08,90.51,2.9,3.9914
20240725,Dakshina Kannada,12.9141,74.856,26.03,90.59,3.75,2.9818
20240726,Dakshina Kannada,12.9141,74.856,25.99,91.43,3.28,2.9412
20240727,Dakshina Kannada,12.9141,74.856,26.18,92.0,2.65,4.5684
20240728,Dakshina Kannada,12.9141,74.856,26.41,89.84,2.89,4.4928
20240729,Dakshina Kannada,12.9141,74.856,26.52,91.52,2.75,3.2554
20240730,Dakshina Kannada,12.9141,74.856,26.05,93.74,2.57,0.857
20240731,Dakshina Kannada,12.9141,74.856,25.8,92.38,2.79,1.7088
20240801,Dakshina Kannada,12.9141,74.856,25.99,92.3,2.23,1.8312
20240802,Dakshina Kannada,12.9141,74.856,25.92,90.01,2.25,2.9714
20240803,Dakshina Kannada,12.9141,74.856,25.33,88.16,2.22,3.6504
20240804,Dakshina Kannada,12.9141,74.856,25.56,89.56,2.01,2.719
20240805,Dakshina Kannada,12.9141,74.856,25.64,89.95,1.54,4.9634
20240806,Dakshina Kannada,12.9141,74.856,25.27,90.97,1.93,1.8194
20240807,Dakshina Kannada,12.9141,74.856,25.01,89.75,2.43,3.4886
20240808,Dakshina Kannada,12.9141,74.856,25.35,89.72,2.38,2.7924
20240809,Dakshina Kannada,12.9141,74.856,25.69,90.38,2.34,4.9978
20240810,Dakshina Kannada,12.9141,74.856,25.87,90.87,2.18,4.8192
20240811,Dakshina Kannada,12.9141,74.856,26.18,91.84,2.55,4.9049
20240812,Dakshina Kannada,12.9141,74.856,26.56,90.79,2.34,6.4126
20240813,Dakshina Kannada,12.9141,74.856,27.21,89.1,2.71,5.719
20240814,Dakshina Kannada,12.9141,74.856,27.3,90.51,3.15,6.1987
20240815,Dakshina Kannada,12.9141,74.856,27.71,88.95,2.12,3.7999
20240816,Dakshina Kannada,12.9141,74.856,26.64,91.7,3.57,3.0139
20240817,Dakshina Kannada,12.9141,74.856,26.17,94.01,4.23,2.5699
20240818,Dakshina Kannada,12.9141,74.856,26.48,90.39,2.11,5.3258
20240819,Dakshina Kannada,12.9141,74.856,26.65,91.26,2.31,3.5215
20240820,Dakshina Kannada,12.9141,74.856,26.24,90.38,2.5,5.0938
20240821,Dakshina Kannada,12.9141,74.856,26.19,91.66,3.95,5.2459
20240822,Dakshina Kannada,12.9141,74.856,26.26,91.01,2.69,5.3683
20240823,Dakshina Kannada,12.9141,74.856,26.25,90.46,2.22,5.4622
20240824,Dakshina Kannada,12.9141,74.856,25.92,90.99,2.52,4.9442
20240825,Dakshina Kannada,12.9141,74.856,25.8,91.27,2.83,3.7982
20240826,Dakshina Kannada,12.9141,74.856,26.21,90.14,2.64,4.5698
20240827,Dakshina Kannada,12.9141,74.856,26.28,89.44,2.23,5.1192
20240828,Dakshina Kannada,12.9141,74.856,26.25,88.83,2.44,3.4402
20240829,Dakshina Kannada,12.9141,74.856,26.37,90.69,2.59,3.156
20240830,Dakshina Kannada,12.9141,74.856,26.37,92.28,2.11,5.0818
20240831,Dakshina Kannada,12.9141,74.856,26.18,90.71,2.82,2.777
20240901,Dakshina Kannada,12.9141,74.856,25.82,91.99,3.34,3.3163
20240902,Dakshina Kannada,12.9141,74.856,26.19,89.12,2.35,5.0249
20240903,Dakshina Kannada,12.9141,74.856,26.38,89.09,2.69,5.7338
20240904,Dakshina Kannada,12.9141,74.856,26.26,88.93,2.72,6.0019
20240905,Dakshina Kannada,12.9141,74.856,26.39,89.16,3.23,5.6806
20240906,Dakshina Kannada,12.9141,74.856,26.25,88.78,2.82,4.999
20240907,Dakshina Kannada,12.9141,74.856,26.11,89.75,2.42,4.5007
20240908,Dakshina Kannada,12.9141,74.856,26.33,88.96,2.29,3.78
20240909,Dakshina Kannada,12.9141,74.856,26.27,90.68,2.6,3.8573
20240910,Dakshina Kannada,12.9141,74.856,26.52,89.44,2.84,5.1336
20240911,Dakshina Kannada,12.9141,74.856,26.52,87.29,2.58,5.4802
20240912,Dakshina Kannada,12.9141,74.856,26.45,86.43,2.06,6.101
20240913,Dakshina Kannada,12.9141,74.856,26.24,86.94,1.89,5.7074
20240914,Dakshina Kannada,12.9141,74.856,26.14,87.46,1.82,5.5862
20240915,Dakshina Kannada,12.9141,74.856,26.45,86.37,2.18,6.0098
20240916,Dakshina Kannada,12.9141,74.856,26.3,86.37,2.48,6.1747
20240917,Dakshina Kannada,12.9141,74.856,26.49,85.64,2.78,6.1886
20240918,Dakshina Kannada,12.9141,74.856,25.78,85.39,1.96,6.3245
20240919,Dakshina Kannada,12.9141,74.856,26.33,83.73,1.45,6.2818
20240920,Dakshina Kannada,12.9141,74.856,26.38,83.67,1.55,5.8805
20240921,Dakshina Kannada,12.9141,74.856,26.14,86.6,1.89,5.5454
20240922,Dakshina Kannada,12.9141,74.856,25.81,86.32,2.12,4.8785
20240923,Dakshina Kannada,12.9141,74.856,25.75,88.19,2.65,3.4502
20240924,Dakshina Kannada,12.9141,74.856,26.11,89.12,2.79,2.6028
20240925,Dakshina Kannada,12.9141,74.856,26.11,87.03,2.86,4.609
20240926,Dakshina Kannada,12.9141,74.856,26.27,86.71,2.28,5.1274
20240927,Dakshina Kannada,12.9141,74.856,26.24,89.36,1.5,4.513
20240928,Dakshina Kannada,12.9141,74.856,26.64,86.74,1.61,6.3852
20240929,Dakshina Kannada,12.9141,74.856,27.0,87.76,2.3,5.1931
20240930,Dakshina Kannada,12.9141,74.856,26.93,90.02,2.22,5.9052
20241001,Dakshina Kannada,12.9141,74.856,27.4,87.78,1.19,6.3737
20241002,Dakshina Kannada,12.9141,74.856,27.14,87.72,1.31,6.2513
20241003,Dakshina Kannada,12.9141,74.856,26.88,86.65,1.06,5.1946
20241004,Dakshina Kannada,12.9141,74.856,26.61,87.0,1.03,5.7835
20241005,Dakshina Kannada,12.9141,74.856,26.6,84.55,0.75,5.003
20241006,Dakshina Kannada,12.9141,74.856,26.12,86.34,1.14,5.1274
20241007,Dakshina Kannada,12.9141,74.856,26.55,84.47,1.66,5.2841
20241008,Dakshina Kannada,12.9141,74.856,25.82,88.87,1.53,4.9258
20241009,Dakshina Kannada,12.9141,74.856,26.25,90.03,3.05,2.2622
20241010,Dakshina Kannada,12.9141,74.856,26.59,87.43,3.07,1.187
20241011,Dakshina Kannada,12.9141,74.856,26.4,89.98,2.66,4.4467
20241012,Dakshina Kannada,12.9141,74.856,26.44,89.07,1.77,1.7801
20241013,Dakshina Kannada,12.9141,74.856,26.47,87.96,1.54,4.2413
20241014,Dakshina Kannada,12.9141,74.856,26.53,87.89,1.55,5.2994
20241015,Dakshina Kannada,12.9141,74.856,26.05,88.71,1.49,2.7492
20241016,Dakshina Kannada,12.9141,74.856,25.44,91.05,2.98,3.2832
20241017,Dakshina Kannada,12.9141,74.856,25.7,87.95,2.18,4.6219
20241018,Dakshina Kannada,12.9141,74.856,25.71,90.63,1.96,4.5002
20241019,Dakshina Kannada,12.9141,74.856,26.37,85.95,1.36,4.3582
20241020,Dakshina Kannada,12.9141,74.856,26.14,89.95,1.25,4.7338
20241021,Dakshina Kannada,12.9141,74.856,26.67,85.6,0.96,5.1449
20241022,Dakshina Kannada,12.9141,74.856,26.98,85.06,1.1,5.8987
20241023,Dakshina Kannada,12.9141,74.856,27.39,85.87,1.12,5.6407
20241024,Dakshina Kannada,12.9141,74.856,26.94,87.28,1.62,4.5982
20241025,Dakshina Kannada,12.9141,74.856,26.48,85.67,1.46,5.4137
20241026,Dakshina Kannada,12.9141,74.856,26.9,81.64,1.16,5.5502
20241027,Dakshina Kannada,12.9141,74.856,26.65,82.67,1.37,5.1286
20241028,Dakshina Kannada,12.9141,74.856,26.87,82.64,1.61,4.2612
20241029,Dakshina Kannada,12.9141,74.856,26.7,83.18,1.52,5.4905
20241030,Dakshina Kannada,12.9141,74.856,26.85,83.43,1.51,5.4888
20241031,Dakshina Kannada,12.9141,74.856,27.19,85.98,1.44,5.5721
20241101,Dakshina Kannada,12.9141,74.856,26.77,91.24,1.54,4.919
20241102,Dakshina Kannada,12.9141,74.856,27.58,81.58,1.05,5.2226
20241103,Dakshina Kannada,12.9141,74.856,26.94,84.33,1.48,5.4329
20241104,Dakshina Kannada,12.9141,74.856,26.51,86.31,1.21,5.1542
20241105,Dakshina Kannada,12.9141,74.856,26.61,84.2,1.32,5.1535
20241106,Dakshina Kannada,12.9141,74.856,27.15,76.51,1.07,5.3287
20241107,Dakshina Kannada,12.9141,74.856,27.43,77.36,1.02,5.1458
20241108,Dakshina Kannada,12.9141,74.856,26.58,83.52,1.28,4.9181
20241109,Dakshina Kannada,12.9141,74.856,27.38,76.36,1.02,5.0748
20241110,Dakshina Kannada,12.9141,74.856,27.23,75.57,1.08,5.6712
20241111,Dakshina Kannada,12.9141,74.856,26.8,75.22,1.04,5.2555
20241112,Dakshina Kannada,12.9141,74.856,26.49,75.32,1.27,4.7587
20241113,Dakshina Kannada,12.9141,74.856,27.33,78.67,1.68,5.4948
20241114,Dakshina Kannada,12.9141,74.856,27.54,82.6,1.53,5.0338
20241115,Dakshina Kannada,12.9141,74.856,27.37,82.9,1.06,5.3638
20241116,Dakshina Kannada,12.9141,74.856,27.67,80.22,1.31,5.209
20241117,Dakshina Kannada,12.9141,74.856,27.98,79.33,1.1,4.7182
20241118,Dakshina Kannada,12.9141,74.856,27.77,77.73,1.57,4.8262
20241119,Dakshina Kannada,12.9141,74.856,27.64,78.58,0.96,4.7537
20241120,Dakshina Kannada,12.9141,74.856,26.99,78.66,1.57,4.4398
20241121,Dakshina Kannada,12.9141,74.856,26.71,78.9,0.97,3.8422
20241122,Dakshina Kannada,12.9141,74.856,26.85,74.0,1.12,5.2337
20241123,Dakshina Kannada,12.9141,74.856,27.01,74.1,0.71,4.6025
20241124,Dakshina Kannada,12.9141,74.856,26.87,74.09,0.89,4.9613
20241125,Dakshina Kannada,12.9141,74.856,26.25,73.5,1.36,5.0633
20241126,Dakshina Kannada,12.9141,74.856,25.97,74.99,1.36,4.7371
20241127,Dakshina Kannada,12.9141,74.856,26.99,77.13,0.96,3.6905
20241128,Dakshina Kannada,12.9141,74.856,26.26,75.11,1.47,4.8118
20241129,Dakshina Kannada,12.9141,74.856,25.51,78.0,1.92,5.3657
20241130,Dakshina Kannada,12.9141,74.856,26.76,82.86,2.08,3.9288
20241201,Dakshina Kannada,12.9141,74.856,26.9,84.14,2.55,4.0781
20241202,Dakshina Kannada,12.9141,74.856,26.18,90.21,2.63,1.1626
20241203,Dakshina Kannada,12.9141,74.856,26.07,92.09,2.47,1.4009
20241204,Dakshina Kannada,12.9141,74.856,26.35,85.38,1.4,2.4593
20241205,Dakshina Kannada,12.9141,74.856,26.29,86.44,0.79,5.2589
20241206,Dakshina Kannada,12.9141,74.856,27.15,82.41,0.82,5.3899
20241207,Dakshina Kannada,12.9141,74.856,26.8,85.13,1.25,4.985
20241208,Dakshina Kannada,12.9141,74.856,26.51,88.57,1.76,3.3178
20241209,Dakshina Kannada,12.9141,74.856,26.6,82.93,1.43,4.5859
20241210,Dakshina Kannada,12.9141,74.856,26.93,80.45,1.19,4.5938
20241211,Dakshina Kannada,12.9141,74.856,27.25,78.0,1.17,5.0275
20241212,Dakshina Kannada,12.9141,74.856,26.97,78.97,1.27,4.0159
20241213,Dakshina Kannada,12.9141,74.856,26.62,78.92,1.15,3.8698
20241214,Dakshina Kannada,12.9141,74.856,26.98,76.2,1.25,4.7258
20241215,Dakshina Kannada,12.9141,74.856,25.74,68.83,1.06,5.2414
20241216,Dakshina Kannada,12.9141,74.856,24.46,66.78,1.24,5.491
20241217,Dakshina Kannada,12.9141,74.856,25.13,64.88,1.0,5.4787
20241218,Dakshina Kannada,12.9141,74.856,25.58,68.63,0.97,5.3587
20241219,Dakshina Kannada,12.9141,74.856,26.51,78.68,1.18,5.0297
20241220,Dakshina Kannada,12.9141,74.856,26.82,82.14,2.29,4.7561
20241221,Dakshina Kannada,12.9141,74.856,26.09,83.09,2.38,4.7587
20241222,Dakshina Kannada,12.9141,74.856,25.62,82.64,2.05,4.9927
20241223,Dakshina Kannada,12.9141,74.856,25.23,82.17,1.89,4.6308
20241224,Dakshina Kannada,12.9141,74.856,25.42,82.68,1.76,3.7255
20241225,Dakshina Kannada,12.9141,74.856,26.01,78.71,1.48,4.8641
20241226,Dakshina Kannada,12.9141,74.856,26.48,77.51,1.27,5.321
20241227,Dakshina Kannada,12.9141,74.856,26.92,79.46,1.76,4.4683
20241228,Dakshina Kannada,12.9141,74.856,26.78,69.71,1.43,5.6062
20241229,Dakshina Kannada,12.9141,74.856,26.37,69.79,1.1,5.581
20241230,Dakshina Kannada,12.9141,74.856,26.66,68.27,1.38,5.3822
20241231,Dakshina Kannada,12.9141,74.856,26.83,67.04,1.75,5.6782
20250101,Dakshina Kannada,12.9141,74.856,25.76,65.31,1.81,5.761
20250102,Dakshina Kannada,12.9141,74.856,25.59,66.79,1.57,5.2044
20250103,Dakshina Kannada,12.9141,74.856,25.71,64.83,0.94,5.4948
20250104,Dakshina Kannada,12.9141,74.856,25.02,60.78,1.23,5.5788
20250105,Dakshina Kannada,12.9141,74.856,24.9,64.44,1.26,5.5114
20250106,Dakshina Kannada,12.9141,74.856,25.36,69.4,1.5,5.2169
20250107,Dakshina Kannada,12.9141,74.856,25.67,63.75,1.29,5.0189
20250108,Dakshina Kannada,12.9141,74.856,25.24,65.27,0.91,5.2536
20250109,Dakshina Kannada,12.9141,74.856,25.09,64.99,1.72,4.9819
20250110,Dakshina Kannada,12.9141,74.856,25.96,67.99,1.28,4.9932
20250111,Dakshina Kannada,12.9141,74.856,26.69,70.13,1.35,5.2255
20250112,Dakshina Kannada,12.9141,74.856,27.27,70.84,1.34,4.849
20250113,Dakshina Kannada,12.9141,74.856,27.49,72.44,1.34,5.2298
20250114,Dakshina Kannada,12.9141,74.856,26.62,78.0,1.13,4.1081
20250115,Dakshina Kannada,12.9141,74.856,26.67,62.02,1.15,4.2439
20250116,Dakshina Kannada,12.9141,74.856,26.72,62.29,1.48,5.7674
20250117,Dakshina Kannada,12.9141,74.856,27.17,63.44,1.43,5.5822
20250118,Dakshina Kannada,12.9141,74.856,26.67,63.17,1.46,4.5886
20250119,Dakshina Kannada,12.9141,74.856,26.71,72.7,1.1,5.1979
20250120,Dakshina Kannada,12.9141,74.856,26.72,70.57,1.02,5.773
20250121,Dakshina Kannada,12.9141,74.856,25.89,63.6,1.41,5.7307
20250122,Dakshina Kannada,12.9141,74.856,25.95,62.68,1.67,5.2469
20250123,Dakshina Kannada,12.9141,74.856,27.47,67.08,1.09,5.1612
20250124,Dakshina Kannada,12.9141,74.856,26.77,63.72,1.02,5.7132
20250125,Dakshina Kannada,12.9141,74.856,26.31,57.41,1.15,6.1502
20250126,Dakshina Kannada,12.9141,74.856,26.11,51.3,1.25,6.3106
20250127,Dakshina Kannada,12.9141,74.856,26.21,58.3,1.18,6.1699
20250128,Dakshina Kannada,12.9141,74.856,25.69,67.71,1.64,4.83
20250129,Dakshina Kannada,12.9141,74.856,27.22,61.27,0.97,5.7118
20250130,Dakshina Kannada,12.9141,74.856,27.13,68.85,1.65,5.5202
20250131,Dakshina Kannada,12.9141,74.856,27.57,68.23,1.45,5.4079
20250201,Dakshina Kannada,12.9141,74.856,28.06,61.74,1.64,5.3443
20250202,Dakshina Kannada,12.9141,74.856,27.91,64.29,1.57,5.6136
20250203,Dakshina Kannada,12.9141,74.856,27.45,63.68,1.53,5.8258
20250204,Dakshina Kannada,12.9141,74.856,27.86,65.8,1.56,5.9179
20250205,Dakshina Kannada,12.9141,74.856,27.71,60.22,1.51,6.0758
20250206,Dakshina Kannada,12.9141,74.856,27.69,59.09,1.48,6.0826
20250207,Dakshina Kannada,12.9141,74.856,27.67,59.74,1.57,6.1711
20250208,Dakshina Kannada,12.9141,74.856,27.85,55.05,1.39,6.277
20250209,Dakshina Kannada,12.9141,74.856,28.23,59.47,1.46,5.7458
20250210,Dakshina Kannada,12.9141,74.856,28.26,60.26,1.34,5.8891
20250211,Dakshina Kannada,12.9141,74.856,27.62,59.7,1.72,5.9974
20250212,Dakshina Kannada,12.9141,74.856,28.13,48.11,1.39,6.6797
20250213,Dakshina Kannada,12.9141,74.856,28.01,55.18,1.49,6.109
20250214,Dakshina Kannada,12.9141,74.856,27.94,61.96,1.44,6.017
20250215,Dakshina Kannada,12.9141,74.856,28.72,55.81,1.49,6.0514
20250216,Dakshina Kannada,12.9141,74.856,28.24,58.03,1.61,5.9198
20250217,Dakshina Kannada,12.9141,74.856,28.12,62.71,1.99,6.0967
20250218,Dakshina Kannada,12.9141,74.856,28.52,65.6,1.55,5.7802
20250219,Dakshina Kannada,12.9141,74.856,28.65,64.9,1.96,6.0151
20250220,Dakshina Kannada,12.9141,74.856,28.93,64.59,1.66,5.9822
20250221,Dakshina Kannada,12.9141,74.856,29.04,66.72,1.41,5.8529
20250222,Dakshina Kannada,12.9141,74.856,29.41,60.04,1.76,5.6923
20250223,Dakshina Kannada,12.9141,74.856,29.44,55.56,1.32,5.809
20250224,Dakshina Kannada,12.9141,74.856,29.55,46.22,1.75,6.683
20250225,Dakshina Kannada,12.9141,74.856,29.01,46.76,1.94,6.733
20250226,Dakshina Kannada,12.9141,74.856,29.59,48.28,1.79,6.7946
20250227,Dakshina Kannada,12.9141,74.856,29.65,44.86,1.89,6.8263
20250228,Dakshina Kannada,12.9141,74.856,29.71,47.19,1.55,6.3202
20250301,Dakshina Kannada,12.9141,74.856,29.95,52.18,1.89,5.6554
20250302,Dakshina Kannada,12.9141,74.856,30.26,57.9,1.57,6.054
20250303,Dakshina Kannada,12.9141,74.856,30.49,62.73,1.53,5.0369
20250304,Dakshina Kannada,12.9141,74.856,30.24,56.8,1.46,4.4549
20250305,Dakshina Kannada,12.9141,74.856,29.54,63.9,2.11,5.9316
20250306,Dakshina Kannada,12.9141,74.856,29.98,62.56,1.73,6.0804
20250307,Dakshina Kannada,12.9141,74.856,28.95,57.13,1.75,6.4032
20250308,Dakshina Kannada,12.9141,74.856,29.25,62.41,1.93,6.701
20250309,Dakshina Kannada,12.9141,74.856,29.38,56.3,1.86,6.5837
20250310,Dakshina Kannada,12.9141,74.856,30.23,56.89,1.65,6.5244
20250311,Dakshina Kannada,12.9141,74.856,30.87,44.49,1.77,7.0152
20250312,Dakshina Kannada,12.9141,74.856,30.13,62.39,1.74,6.6962
20250313,Dakshina Kannada,12.9141,74.856,28.9,73.43,1.57,5.4718
20250314,Dakshina Kannada,12.9141,74.856,28.99,74.55,1.68,6.6365
20250315,Dakshina Kannada,12.9141,74.856,29.12,72.48,1.6,6.6281
20250316,Dakshina Kannada,12.9141,74.856,28.76,74.56,1.54,6.4824
20250317,Dakshina Kannada,12.9141,74.856,28.02,77.39,1.37,4.6783
20250318,Dakshina Kannada,12.9141,74.856,28.6,74.28,1.65,6.5666
20250319,Dakshina Kannada,12.9141,74.856,29.15,72.07,1.37,5.8678
20250320,Dakshina Kannada,12.9141,74.856,29.5,71.59,1.77,6.0343
20250321,Dakshina Kannada,12.9141,74.856,29.95,65.17,2.04,6.6847
20250322,Dakshina Kannada,12.9141,74.856,30.13,56.04,2.4,6.8539
20250323,Dakshina Kannada,12.9141,74.856,29.82,58.55,1.98,6.7361
20250324,Dakshina Kannada,12.9141,74.856,30.06,59.0,2.23,7.051
20250325,Dakshina Kannada,12.9141,74.856,29.73,67.05,2.26,6.2009
20250326,Dakshina Kannada,12.9141,74.856,29.25,70.04,1.94,5.4271
20250327,Dakshina Kannada,12.9141,74.856,29.45,65.88,2.39,6.0271
20250328,Dakshina Kannada,12.9141,74.856,29.8,64.46,2.47,6.407
20250329,Dakshina Kannada,12.9141,74.856,29.74,67.0,2.2,5.8296
20250330,Dakshina Kannada,12.9141,74.856,30.06,66.44,1.92,6.2201
20250331,Dakshina Kannada,12.9141,74.856,29.97,66.51,1.91,5.742
20250401,Dakshina Kannada,12.9141,74.856,29.26,68.19,1.69,6.024
20250402,Dakshina Kannada,12.9141,74.856,29.16,69.89,1.7,5.885
20250403,Dakshina Kannada,12.9141,74.856,28.69,71.29,1.66,5.3112
20250404,Dakshina Kannada,12.9141,74.856,29.35,69.21,2.1,6.792
20250405,Dakshina Kannada,12.9141,74.856,29.27,72.57,1.68,5.6582
20250406,Dakshina Kannada,12.9141,74.856,29.79,69.7,1.84,7.0277
20250407,Dakshina Kannada,12.9141,74.856,30.62,64.38,1.95,6.5734
20250408,Dakshina Kannada,12.9141,74.856,30.32,67.28,1.52,6.5578
20250409,Dakshina Kannada,12.9141,74.856,30.05,66.83,1.67,6.5417
20250410,Dakshina Kannada,12.9141,74.856,29.01,70.42,1.55,6.2069
20250411,Dakshina Kannada,12.9141,74.856,28.72,72.53,1.71,6.0799
20250412,Dakshina Kannada,12.9141,74.856,28.76,71.14,1.68,6.5482
20250413,Dakshina Kannada,12.9141,74.856,29.65,66.75,2.15,6.906
20250414,Dakshina Kannada,12.9141,74.856,29.55,70.69,2.1,6.3605
20250415,Dakshina Kannada,12.9141,74.856,30.01,67.57,1.89,6.6521
20250416,Dakshina Kannada,12.9141,74.856,29.79,66.17,1.5,6.6862
20250417,Dakshina Kannada,12.9141,74.856,29.61,67.44,2.0,6.2208
20250418,Dakshina Kannada,12.9141,74.856,29.22,69.4,1.8,6.3581
20250419,Dakshina Kannada,12.9141,74.856,29.44,70.31,1.86,6.221
20250420,Dakshina Kannada,12.9141,74.856,29.29,72.4,1.82,5.5553
20250421,Dakshina Kannada,12.9141,74.856,30.17,69.79,2.17,6.2606
20250422,Dakshina Kannada,12.9141,74.856,30.61,65.51,2.19,6.7709
20250423,Dakshina Kannada,12.9141,74.856,29.99,70.08,2.25,6.7354
20250424,Dakshina Kannada,12.9141,74.856,30.07,68.7,2.2,6.222
20250425,Dakshina Kannada,12.9141,74.856,29.35,76.12,2.17,6.4226
20250426,Dakshina Kannada,12.9141,74.856,29.83,73.03,2.19,6.522
20250427,Dakshina Kannada,12.9141,74.856,28.84,78.51,1.94,6.3626
20250428,Dakshina Kannada,12.9141,74.856,28.88,78.69,1.53,6.307
20250429,Dakshina Kannada,12.9141,74.856,29.6,75.78,1.93,6.7375
20250430,Dakshina Kannada,12.9141,74.856,29.05,78.08,1.81,6.505
20250501,Dakshina Kannada,12.9141,74.856,29.01,76.95,1.63,6.019
20250502,Dakshina Kannada,12.9141,74.856,29.63,72.56,1.91,6.4195
20250503,Dakshina Kannada,12.9141,74.856,28.44,76.51,1.58,6.0838
20250504,Dakshina Kannada,12.9141,74.856,29.45,70.48,2.15,6.9535
20250505,Dakshina Kannada,12.9141,74.856,29.41,71.54,2.13,6.9672
20250506,Dakshina Kannada,12.9141,74.856,29.38,71.55,2.36,7.1237
20250507,Dakshina Kannada,12.9141,74.856,29.71,68.34,3.01,7.0116
20250508,Dakshina Kannada,12.9141,74.856,29.24,66.67,2.86,7.2254
20250509,Dakshina Kannada,12.9141,74.856,28.89,64.52,2.4,7.3238
20250510,Dakshina Kannada,12.9141,74.856,28.91,69.19,1.83,6.6895
20250511,Dakshina Kannada,12.9141,74.856,29.1,72.92,1.7,6.9682
20250512,Dakshina Kannada,12.9141,74.856,29.07,74.36,1.81,6.6439
20250513,Dakshina Kannada,12.9141,74.856,28.41,80.77,2.07,6.3458
20250514,Dakshina Kannada,12.9141,74.856,28.03,79.39,2.13,6.288
20250515,Dakshina Kannada,12.9141,74.856,28.11,80.9,1.45,4.1278
20250516,Dakshina Kannada,12.9141,74.856,27.94,83.73,1.63,5.2622
20250517,Dakshina Kannada,12.9141,74.856,28.15,79.53,1.89,5.2373
20250518,Dakshina Kannada,12.9141,74.856,27.86,83.94,2.73,4.9591
20250519,Dakshina Kannada,12.9141,74.856,27.51,88.63,4.4,4.7683
20250520,Dakshina Kannada,12.9141,74.856,27.37,90.57,6.41,1.8626
20250521,Dakshina Kannada,12.9141,74.856,27.17,86.09,4.48,2.6306
20250522,Dakshina Kannada,12.9141,74.856,27.91,82.64,3.19,5.1403
20250523,Dakshina Kannada,12.9141,74.856,28.17,83.52,3.4,2.8222
20250524,Dakshina Kannada,12.9141,74.856,27.86,84.46,4.76,3.6082
20250525,Dakshina Kannada,12.9141,74.856,27.76,85.24,4.16,1.7834
20250526,Dakshina Kannada,12.9141,74.856,26.93,86.49,3.77,0.8803
20250527,Dakshina Kannada,12.9141,74.856,26.93,85.43,2.97,3.733
20250528,Dakshina Kannada,12.9141,74.856,27.15,84.34,3.3,1.2948
20250529,Dakshina Kannada,12.9141,74.856,26.89,84.85,3.27,2.4797
20250530,Dakshina Kannada,12.9141,74.856,27.12,88.72,4.02,1.0814
20250531,Dakshina Kannada,12.9141,74.856,27.28,86.76,2.75,5.3935
20250601,Dakshina Kannada,12.9141,74.856,27.32,83.62,2.04,6.1097
20250602,Dakshina Kannada,12.9141,74.856,27.39,87.25,2.22,5.6762
20250603,Dakshina Kannada,12.9141,74.856,27.55,86.82,1.58,5.6618
20250604,Dakshina Kannada,12.9141,74.856,27.05,81.38,1.18,5.6429
20250605,Dakshina Kannada,12.9141,74.856,26.99,83.42,2.08,6.4289
20250606,Dakshina Kannada,12.9141,74.856,27.02,85.07,2.16,6.6811
20250607,Dakshina Kannada,12.9141,74.856,26.96,85.41,2.2,6.4858
20250608,Dakshina Kannada,12.9141,74.856,27.39,84.95,3.06,6.1418
20250609,Dakshina Kannada,12.9141,74.856,27.34,83.23,3.08,4.0046
20250610,Dakshina Kannada,12.9141,74.856,27.27,86.04,3.18,3.7963
20250611,Dakshina Kannada,12.9141,74.856,27.35,88.94,3.44,1.2389
20250612,Dakshina Kannada,12.9141,74.856,26.37,91.1,4.66,2.3095
20250613,Dakshina Kannada,12.9141,74.856,26.47,92.81,3.94,3.1387
20250614,Dakshina Kannada,12.9141,74.856,26.04,88.48,4.43,2.3338
20250615,Dakshina Kannada,12.9141,74.856,26.25,89.41,4.58,1.068
20250616,Dakshina Kannada,12.9141,74.856,26.52,86.58,3.78,1.2142
20250617,Dakshina Kannada,12.9141,74.856,27.06,90.16,2.79,1.5444
20250618,Dakshina Kannada,12.9141,74.856,27.01,90.6,2.31,4.8878
20250619,Dakshina Kannada,12.9141,74.856,27.02,88.99,2.8,5.0004
20250620,Dakshina Kannada,12.9141,74.856,27.03,89.16,2.88,5.9923
20250621,Dakshina Kannada,12.9141,74.856,27.05,87.66,3.17,5.3266
20250622,Dakshina Kannada,12.9141,74.856,27.05,87.63,2.91,3.4066
20250623,Dakshina Kannada,12.9141,74.856,26.65,90.9,2.72,3.9823
20250624,Dakshina Kannada,12.9141,74.856,26.48,89.22,2.55,3.5532
20250625,Dakshina Kannada,12.9141,74.856,26.78,91.69,2.34,3.7457
20250626,Dakshina Kannada,12.9141,74.856,26.73,91.97,2.58,2.999
20250627,Dakshina Kannada,12.9141,74.856,26.5,91.4,2.45,2.2217
20250628,Dakshina Kannada,12.9141,74.856,26.77,87.93,2.76,4.7717
20250629,Dakshina Kannada,12.9141,74.856,26.61,87.47,2.84,4.7378
20250630,Dakshina Kannada,12.9141,74.856,26.67,88.32,2.73,2.8286
20250701,Dakshina Kannada,12.9141,74.856,26.64,87.84,2.52,3.3701
20250702,Dakshina Kannada,12.9141,74.856,26.23,91.33,2.32,2.3206
20250703,Dakshina Kannada,12.9141,74.856,26.1,87.54,2.18,2.7118
20250704,Dakshina Kannada,12.9141,74.856,25.88,88.92,2.15,2.8778
20250705,Dakshina Kannada,12.9141,74.856,26.16,90.91,2.52,3.251
20250706,Dakshina Kannada,12.9141,74.856,26.45,90.32,3.14,3.8189
20250707,Dakshina Kannada,12.9141,74.856,26.33,90.02,2.82,4.0366
20250708,Dakshina Kannada,12.9141,74.856,26.35,89.71,2.88,4.9291
20250709,Dakshina Kannada,12.9141,74.856,26.43,89.09,2.89,6.0434
20250710,Dakshina Kannada,12.9141,74.856,26.41,89.19,2.96,5.0242
20250711,Dakshina Kannada,12.9141,74.856,26.49,90.0,2.86,3.769
20250712,Dakshina Kannada,12.9141,74.856,26.33,90.25,2.53,3.1716
20250713,Dakshina Kannada,12.9141,74.856,26.23,91.59,2.76,4.17
20250714,Dakshina Kannada,12.9141,74.856,25.92,92.18,2.76,2.3443
20250715,Dakshina Kannada,12.9141,74.856,26.02,91.66,2.94,1.6207
20250716,Dakshina Kannada,12.9141,74.856,26.06,92.44,3.44,2.7533
20250717,Dakshina Kannada,12.9141,74.856,25.82,91.07,3.68,3.1915
20250718,Dakshina Kannada,12.9141,74.856,25.73,91.72,3.88,1.6111
20250719,Dakshina Kannada,12.9141,74.856,25.66,93.12,4.03,1.1098
20250720,Dakshina Kannada,12.9141,74.856,25.63,92.98,3.69,1.5209
20250721,Dakshina Kannada,12.9141,74.856,25.49,90.54,2.11,2.0086
20250722,Dakshina Kannada,12.9141,74.856,25.62,90.22,1.86,2.7713
20250723,Dakshina Kannada,12.9141,74.856,25.64,92.35,3.17,1.6994
20250724,Dakshina Kannada,12.9141,74.856,25.45,93.01,2.86,2.1605
20250725,Dakshina Kannada,12.9141,74.856,25.51,91.41,3.07,3.7711
20250726,Dakshina Kannada,12.9141,74.856,25.51,91.14,3.63,3.1692
20250727,Dakshina Kannada,12.9141,74.856,25.51,91.38,2.68,4.7842
20250728,Dakshina Kannada,12.9141,74.856,25.57,89.71,2.95,5.7857
20250729,Dakshina Kannada,12.9141,74.856,25.72,90.32,2.91,5.9702
20250730,Dakshina Kannada,12.9141,74.856,25.91,90.47,2.61,5.2723
20250731,Dakshina Kannada,12.9141,74.856,26.0,89.77,2.66,4.9068
20250801,Dakshina Kannada,12.9141,74.856,25.77,90.32,2.72,3.6074
20250802,Dakshina Kannada,12.9141,74.856,25.75,89.61,3.16,2.5579
20250803,Dakshina Kannada,12.9141,74.856,25.61,90.78,2.94,3.5753
20250804,Dakshina Kannada,12.9141,74.856,25.55,91.89,3.31,5.7655
20250805,Dakshina Kannada,12.9141,74.856,25.46,94.26,4.26,2.1624
20250806,Dakshina Kannada,12.9141,74.856,25.27,93.81,4.76,3.475
20250807,Dakshina Kannada,12.9141,74.856,25.47,91.63,2.79,3.2388
20250808,Dakshina Kannada,12.9141,74.856,25.39,91.8,2.53,3.336
20250809,Dakshina Kannada,12.9141,74.856,25.43,89.98,2.62,3.6384
20250810,Dakshina Kannada,12.9141,74.856,25.05,88.83,1.69,5.0563
20250811,Dakshina Kannada,12.9141,74.856,24.88,87.24,1.54,5.0287
20250812,Dakshina Kannada,12.9141,74.856,24.88,85.85,1.48,4.4347
20250813,Dakshina Kannada,12.9141,74.856,24.74,91.11,2.09,2.3784
20250814,Dakshina Kannada,12.9141,74.856,24.9,92.48,2.5,2.0477
20250815,Dakshina Kannada,12.9141,74.856,24.86,92.73,2.89,2.9556
20250816,Dakshina Kannada,12.9141,74.856,25.16,93.81,2.79,3.1068
20250817,Dakshina Kannada,12.9141,74.856,25.05,93.29,3.33,2.1336
20250818,Dakshina Kannada,12.9141,74.856,24.72,91.48,3.21,3.2911
20250819,Dakshina Kannada,12.9141,74.856,24.95,91.46,2.4,3.3842
20250820,Dakshina Kannada,12.9141,74.856,25.04,88.4,2.2,5.8742
20250821,Dakshina Kannada,12.9141,74.856,25.41,90.17,1.81,5.7
20250822,Dakshina Kannada,12.9141,74.856,25.59,90.45,2.1,5.8433
20250823,Dakshina Kannada,12.9141,74.856,25.4,88.86,2.13,5.1713
20250824,Dakshina Kannada,12.9141,74.856,25.7,86.05,2.15,6.7872
20250825,Dakshina Kannada,12.9141,74.856,25.58,84.99,2.17,4.603
20250826,Dakshina Kannada,12.9141,74.856,25.85,87.51,2.04,3.9022
20250827,Dakshina Kannada,12.9141,74.856,25.59,91.79,2.69,1.5538
20250828,Dakshina Kannada,12.9141,74.856,25.51,92.0,2.68,1.4014
20250829,Dakshina Kannada,12.9141,74.856,25.58,91.41,2.76,1.9742
20250830,Dakshina Kannada,12.9141,74.856,25.68,91.6,2.69,4.2972
20250831,Dakshina Kannada,12.9141,74.856,25.8,91.41,2.74,4.3663
20250901,Dakshina Kannada,12.9141,74.856,25.69,89.85,3.07,5.1617
20250902,Dakshina Kannada,12.9141,74.856,25.56,88.96,3.02,5.3647
20250903,Dakshina Kannada,12.9141,74.856,25.72,89.93,3.04,3.3362
20250904,Dakshina Kannada,12.9141,74.856,25.81,89.52,2.82,5.0873
20250905,Dakshina Kannada,12.9141,74.856,25.72,88.95,2.15,5.1082
20250906,Dakshina Kannada,12.9141,74.856,25.71,89.22,1.9,4.607
20250907,Dakshina Kannada,12.9141,74.856,25.56,88.71,2.13,5.6842
20250908,Dakshina Kannada,12.9141,74.856,25.51,87.8,1.78,6.2323
20250909,Dakshina Kannada,12.9141,74.856,26.08,86.73,2.12,6.1526
20250910,Dakshina Kannada,12.9141,74.856,26.42,85.36,2.38,6.0144
20250911,Dakshina Kannada,12.9141,74.856,25.69,87.09,2.49,4.5564
20250912,Dakshina Kannada,12.9141,74.856,26.07,84.89,2.65,5.6544
20250913,Dakshina Kannada,12.9141,74.856,25.92,86.11,2.42,5.8646
20250914,Dakshina Kannada,12.9141,74.856,25.88,85.63,1.86,5.3748
20250915,Dakshina Kannada,12.9141,74.856,25.52,89.46,2.31,4.9382
20250916,Dakshina Kannada,12.9141,74.856,25.71,90.04,2.59,4.3992
20250917,Dakshina Kannada,12.9141,74.856,25.62,91.04,2.93,2.9522
20250918,Dakshina Kannada,12.9141,74.856,25.63,91.36,2.91,4.2264
20250919,Dakshina Kannada,12.9141,74.856,25.59,89.75,1.82,5.7511
20250920,Dakshina Kannada,12.9141,74.856,25.73,89.07,1.75,5.3143
20250921,Dakshina Kannada,12.9141,74.856,25.91,88.33,2.24,5.4065
20250922,Dakshina Kannada,12.9141,74.856,25.61,88.96,1.94,3.3403
20250923,Dakshina Kannada,12.9141,74.856,25.42,88.55,1.77,3.0137
20250924,Dakshina Kannada,12.9141,74.856,25.44,86.95,1.84,5.549
20250925,Dakshina Kannada,12.9141,74.856,25.56,87.07,1.69,6.0871
20250926,Dakshina Kannada,12.9141,74.856,25.9,87.83,2.57,5.4276
20250927,Dakshina Kannada,12.9141,74.856,24.71,90.47,2.15,3.6586
20250928,Dakshina Kannada,12.9141,74.856,25.64,87.99,2.1,5.3513
20250929,Dakshina Kannada,12.9141,74.856,25.93,86.92,2.73,5.8714
20250930,Dakshina Kannada,12.9141,74.856,25.94,86.41,2.15,5.6213
20251001,Dakshina Kannada,12.9141,74.856,25.99,87.53,1.85,5.9371
20251002,Dakshina Kannada,12.9141,74.856,26.24,88.12,1.68,4.7477
20251003,Dakshina Kannada,12.9141,74.856,26.76,84.2,1.2,5.8104
20251004,Dakshina Kannada,12.9141,74.856,26.4,85.68,1.29,5.9357
20251005,Dakshina Kannada,12.9141,74.856,26.32,85.97,1.99,6.4925
20251006,Dakshina Kannada,12.9141,74.856,25.92,84.06,2.5,6.4538
20251007,Dakshina Kannada,12.9141,74.856,25.88,85.03,2.41,6.4078
20251008,Dakshina Kannada,12.9141,74.856,26.98,84.89,2.04,6.018
20251009,Dakshina Kannada,12.9141,74.856,26.5,90.5,2.06,5.5584
20251010,Dakshina Kannada,12.9141,74.856,26.65,90.54,2.17,5.3738
20251011,Dakshina Kannada,12.9141,74.856,27.1,85.96,1.82,4.5173
20251012,Dakshina Kannada,12.9141,74.856,27.01,84.17,1.31,6.1332
20251013,Dakshina Kannada,12.9141,74.856,25.98,84.82,1.57,5.4228
20251014,Dakshina Kannada,12.9141,74.856,27.47,83.36,1.35,5.3422
20251015,Dakshina Kannada,12.9141,74.856,27.58,84.28,1.71,3.954
20251016,Dakshina Kannada,12.9141,74.856,27.47,84.18,1.07,5.5704
20251017,Dakshina Kannada,12.9141,74.856,28.13,82.08,0.54,5.436
20251018,Dakshina Kannada,12.9141,74.856,27.09,89.14,1.45,5.2332
20251019,Dakshina Kannada,12.9141,74.856,27.09,87.75,1.68,5.5788
20251020,Dakshina Kannada,12.9141,74.856,26.56,87.83,1.58,5.2594
20251021,Dakshina Kannada,12.9141,74.856,27.01,85.29,1.49,5.1122
20251022,Dakshina Kannada,12.9141,74.856,26.03,87.84,1.56,2.1713
20251023,Dakshina Kannada,12.9141,74.856,26.27,88.3,3.14,3.8683
20251024,Dakshina Kannada,12.9141,74.856,26.41,86.5,2.88,3.163
20251025,Dakshina Kannada,12.9141,74.856,26.75,86.08,2.37,3.9389
20251026,Dakshina Kannada,12.9141,74.856,27.05,87.1,2.17,4.2458
20251027,Dakshina Kannada,12.9141,74.856,26.15,91.65,2.67,1.4777
20251028,Dakshina Kannada,12.9141,74.856,26.19,86.58,2.07,4.7734
20251029,Dakshina Kannada,12.9141,74.856,26.26,82.32,2.46,5.3119
20251030,Dakshina Kannada,12.9141,74.856,26.27,82.83,2.21,5.6885
20251031,Dakshina Kannada,12.9141,74.856,26.42,80.09,2.0,5.8846
20251101,Dakshina Kannada,12.9141,74.856,25.84,78.7,1.57,5.9462
20251102,Dakshina Kannada,12.9141,74.856,25.89,82.71,1.85,6.1606
20251103,Dakshina Kannada,12.9141,74.856,25.99,85.52,2.35,5.683
20251104,Dakshina Kannada,12.9141,74.856,25.81,87.08,2.66,4.0051
20251105,Dakshina Kannada,12.9141,74.856,25.71,84.75,2.92,5.9556
20251106,Dakshina Kannada,12.9141,74.856,24.53,79.1,2.11,6.1574
20251107,Dakshina Kannada,12.9141,74.856,24.8,81.01,2.36,5.9234
20251108,Dakshina Kannada,12.9141,74.856,26.13,81.86,1.79,3.3754
20251109,Dakshina Kannada,12.9141,74.856,24.48,73.52,2.05,5.5306
20251110,Dakshina Kannada,12.9141,74.856,24.03,75.3,1.81,5.6712
20251111,Dakshina Kannada,12.9141,74.856,25.26,76.04,1.72,5.521
20251112,Dakshina Kannada,12.9141,74.856,26.28,78.95,1.15,5.059
20251113,Dakshina Kannada,12.9141,74.856,26.56,80.45,1.44,4.5845
20251114,Dakshina Kannada,12.9141,74.856,25.7,79.64,1.74,2.7014
20251115,Dakshina Kannada,12.9141,74.856,24.95,75.89,1.63,4.8348
20251116,Dakshina Kannada,12.9141,74.856,25.54,76.2,1.58,4.9922
20251117,Dakshina Kannada,12.9141,74.856,25.77,76.51,1.74,5.0712
20251118,Dakshina Kannada,12.9141,74.856,26.02,76.11,1.19,4.2338
20251119,Dakshina Kannada,12.9141,74.856,26.47,80.14,1.42,5.473
20251120,Dakshina Kannada,12.9141,74.856,26.34,79.19,1.45,5.441
20251121,Dakshina Kannada,12.9141,74.856,27.02,76.65,1.23,5.0246
20251122,Dakshina Kannada,12.9141,74.856,27.07,80.28,0.8,3.3989
20251123,Dakshina Kannada,12.9141,74.856,26.62,82.49,1.32,4.019
20251124,Dakshina Kannada,12.9141,74.856,26.54,84.3,1.28,5.4007
20251125,Dakshina Kannada,12.9141,74.856,26.58,75.74,1.24,4.7885
20251126,Dakshina Kannada,12.9141,74.856,25.84,73.1,1.71,5.023
20251127,Dakshina Kannada,12.9141,74.856,25.59,71.47,1.75,5.2565
20251128,Dakshina Kannada,12.9141,74.856,25.08,71.78,1.53,4.7249
20251129,Dakshina Kannada,12.9141,74.856,24.93,69.82,1.41,4.4796
20251130,Dakshina Kannada,12.9141,74.856,25.66,75.12,1.3,4.8607
20251201,Dakshina Kannada,12.9141,74.856,26.21,77.68,1.27,5.437
20251202,Dakshina Kannada,12.9141,74.856,26.2,79.79,1.25,5.1845
20251203,Dakshina Kannada,12.9141,74.856,26.48,79.77,1.5,4.8017
20251204,Dakshina Kannada,12.9141,74.856,25.78,88.83,1.52,4.212
20251205,Dakshina Kannada,12.9141,74.856,26.73,79.35,1.23,4.9008
20251206,Dakshina Kannada,12.9141,74.856,25.68,77.18,1.53,3.7668
20251207,Dakshina Kannada,12.9141,74.856,25.76,76.56,1.57,5.1314
20251208,Dakshina Kannada,12.9141,74.856,25.57,75.57,1.22,4.9973
20251209,Dakshina Kannada,12.9141,74.856,24.14,67.43,1.62,5.6311
20251210,Dakshina Kannada,12.9141,74.856,24.8,70.61,1.8,5.3386
20251211,Dakshina Kannada,12.9141,74.856,24.17,67.44,1.87,5.472
20251212,Dakshina Kannada,12.9141,74.856,24.11,67.63,1.79,5.6215
20251213,Dakshina Kannada,12.9141,74.856,23.61,67.94,1.59,5.7622
20251214,Dakshina Kannada,12.9141,74.856,23.13,66.42,1.87,5.849
20251215,Dakshina Kannada,12.9141,74.856,23.41,65.99,1.48,5.5493
20251216,Dakshina Kannada,12.9141,74.856,24.15,69.13,1.79,5.4852
20251217,Dakshina Kannada,12.9141,74.856,26.33,74.11,1.29,5.5498
20251218,Dakshina Kannada,12.9141,74.856,23.77,67.86,1.96,5.4984
20251219,Dakshina Kannada,12.9141,74.856,23.36,64.82,1.57,4.1868
20251220,Dakshina Kannada,12.9141,74.856,23.4,65.89,1.35,5.2222
20251221,Dakshina Kannada,12.9141,74.856,23.7,67.02,1.4,4.4196
20251222,Dakshina Kannada,12.9141,74.856,24.11,65.15,1.28,5.1276
20251223,Dakshina Kannada,12.9141,74.856,23.95,69.51,1.57,5.1679
20251224,Dakshina Kannada,12.9141,74.856,23.79,70.8,1.48,5.1017
20251225,Dakshina Kannada,12.9141,74.856,23.92,70.88,1.28,5.0023
20251226,Dakshina Kannada,12.9141,74.856,24.59,68.74,1.28,4.7791
20251227,Dakshina Kannada,12.9141,74.856,25.22,66.94,1.15,5.124
20251228,Dakshina Kannada,12.9141,74.856,24.67,67.87,1.43,5.2229
20251229,Dakshina Kannada,12.9141,74.856,25.04,70.65,1.45,4.9692
20251230,Dakshina Kannada,12.9141,74.856,25.19,72.6,1.13,4.8139
20251231,Dakshina Kannada,12.9141,74.856,25.25,75.8,1.98,4.1714
