Date,District,Latitude,Longitude,Temperature,Humidity,WindSpeed,GHI
20200101,Davanagere,14.4644,75.9218,23.76,74.42,1.72,4.6236
20200102,Davanagere,14.4644,75.9218,24.46,71.75,0.89,4.8485
20200103,Davanagere,14.4644,75.9218,23.85,72.5,1.57,4.8658
20200104,Davanagere,14.4644,75.9218,22.45,72.85,2.0,5.611
20200105,Davanagere,14.4644,75.9218,22.85,67.84,1.72,5.3674
20200106,Davanagere,14.4644,75.9218,23.93,73.49,3.82,4.2058
20200107,Davanagere,14.4644,75.9218,25.03,66.6,2.77,4.643
20200108,Davanagere,14.4644,75.9218,24.11,71.09,2.01,4.9409
20200109,Davanagere,14.4644,75.9218,24.5,72.5,1.02,4.9915
20200110,Davanagere,14.4644,75.9218,24.28,68.4,2.76,4.8914
20200111,Davanagere,14.4644,75.9218,23.51,66.56,2.98,5.5296
20200112,Davanagere,14.4644,75.9218,22.83,63.52,2.71,5.5003
20200113,Davanagere,14.4644,75.9218,22.77,65.19,1.48,5.6088
20200114,Davanagere,14.4644,75.9218,23.08,65.04,0.47,5.5723
20200115,Davanagere,14.4644,75.9218,22.49,62.02,1.81,5.6844
20200116,Davanagere,14.4644,75.9218,21.65,62.64,1.43,5.1638
20200117,Davanagere,14.4644,75.9218,22.19,65.79,1.19,5.3143
20200118,Davanagere,14.4644,75.9218,23.5,66.22,1.58,5.7857
20200119,Davanagere,14.4644,75.9218,24.71,63.53,1.48,5.3222
20200120,Davanagere,14.4644,75.9218,25.2,55.64,2.33,5.2409
20200121,Davanagere,14.4644,75.9218,24.13,52.44,3.01,5.6434
20200122,Davanagere,14.4644,75.9218,23.34,53.9,3.68,6.0163
20200123,Davanagere,14.4644,75.9218,24.17,54.03,3.3,6.0965
20200124,Davanagere,14.4644,75.9218,23.79,48.76,2.96,6.1332
20200125,Davanagere,14.4644,75.9218,24.05,43.48,2.34,6.0298
20200126,Davanagere,14.4644,75.9218,24.66,43.47,1.61,6.0667
20200127,Davanagere,14.4644,75.9218,24.2,60.15,2.32,5.9153
20200128,Davanagere,14.4644,75.9218,23.32,75.41,2.57,4.771
20200129,Davanagere,14.4644,75.9218,22.85,69.13,1.95,6.1373
20200130,Davanagere,14.4644,75.9218,23.36,66.9,1.72,6.2078
20200131,Davanagere,14.4644,75.9218,23.16,66.86,1.98,6.1327
20200201,Davanagere,14.4644,75.9218,23.56,70.01,2.27,5.7403
20200202,Davanagere,14.4644,75.9218,24.68,62.55,1.63,4.6702
20200203,Davanagere,14.4644,75.9218,25.29,55.17,1.3,5.7266
20200204,Davanagere,14.4644,75.9218,24.67,55.28,1.6,6.0888
20200205,Davanagere,14.4644,75.9218,24.88,57.94,1.86,5.8894
20200206,Davanagere,14.4644,75.9218,24.26,66.71,2.29,5.789
20200207,Davanagere,14.4644,75.9218,23.13,70.95,2.49,5.2265
20200208,Davanagere,14.4644,75.9218,21.48,67.64,2.42,6.2239
20200209,Davanagere,14.4644,75.9218,23.39,59.6,1.29,6.4817
20200210,Davanagere,14.4644,75.9218,25.53,55.43,3.02,5.5339
20200211,Davanagere,14.4644,75.9218,25.5,50.91,3.73,6.2556
20200212,Davanagere,14.4644,75.9218,25.22,48.21,3.65,6.2688
20200213,Davanagere,14.4644,75.9218,25.21,46.06,2.8,6.5006
20200214,Davanagere,14.4644,75.9218,25.74,40.47,1.17,6.3449
20200215,Davanagere,14.4644,75.9218,26.18,32.43,0.65,6.4855
20200216,Davanagere,14.4644,75.9218,25.62,32.2,2.23,6.5962
20200217,Davanagere,14.4644,75.9218,25.62,31.65,2.87,6.5472
20200218,Davanagere,14.4644,75.9218,25.64,34.44,2.89,6.3362
20200219,Davanagere,14.4644,75.9218,26.28,35.48,2.04,6.6007
20200220,Davanagere,14.4644,75.9218,26.47,38.99,2.62,6.6091
20200221,Davanagere,14.4644,75.9218,25.69,33.49,3.36,6.8462
20200222,Davanagere,14.4644,75.9218,25.53,35.98,3.57,6.9535
20200223,Davanagere,14.4644,75.9218,25.95,40.89,3.56,6.3924
20200224,Davanagere,14.4644,75.9218,26.92,39.48,2.51,6.6578
20200225,Davanagere,14.4644,75.9218,27.19,36.87,1.42,5.9599
20200226,Davanagere,14.4644,75.9218,28.32,41.44,2.64,6.1469
20200227,Davanagere,14.4644,75.9218,28.39,44.59,2.29,5.598
20200228,Davanagere,14.4644,75.9218,28.4,43.29,1.63,5.5735
20200229,Davanagere,14.4644,75.9218,28.41,46.04,1.73,5.1727
20200301,Davanagere,14.4644,75.9218,28.11,53.1,1.51,5.7142
20200302,Davanagere,14.4644,75.9218,28.22,53.3,1.72,5.8486
20200303,Davanagere,14.4644,75.9218,27.42,54.37,3.07,6.0766
20200304,Davanagere,14.4644,75.9218,26.01,55.01,2.9,6.4032
20200305,Davanagere,14.4644,75.9218,24.99,61.87,2.99,6.3595
20200306,Davanagere,14.4644,75.9218,24.64,63.63,3.22,6.6991
20200307,Davanagere,14.4644,75.9218,25.34,59.35,2.47,6.4298
20200308,Davanagere,14.4644,75.9218,27.16,57.55,2.1,6.353
20200309,Davanagere,14.4644,75.9218,27.65,56.58,2.27,6.3026
20200310,Davanagere,14.4644,75.9218,27.84,54.84,2.39,6.7598
20200311,Davanagere,14.4644,75.9218,27.22,59.84,2.81,6.0718
20200312,Davanagere,14.4644,75.9218,27.24,58.41,2.5,7.1119
20200313,Davanagere,14.4644,75.9218,28.31,50.12,1.79,7.0092
20200314,Davanagere,14.4644,75.9218,29.0,44.58,1.43,7.1762
20200315,Davanagere,14.4644,75.9218,30.26,35.73,1.15,7.1537
20200316,Davanagere,14.4644,75.9218,30.69,35.73,1.54,6.9708
20200317,Davanagere,14.4644,75.9218,30.64,34.02,2.35,6.6682
20200318,Davanagere,14.4644,75.9218,29.94,45.05,1.68,6.9259
20200319,Davanagere,14.4644,75.9218,30.3,45.02,2.35,6.4366
20200320,Davanagere,14.4644,75.9218,29.55,38.03,2.83,7.1105
20200321,Davanagere,14.4644,75.9218,28.22,36.05,1.99,7.385
20200322,Davanagere,14.4644,75.9218,28.41,46.78,1.58,7.427
20200323,Davanagere,14.4644,75.9218,29.45,46.92,1.17,7.2958
20200324,Davanagere,14.4644,75.9218,30.57,42.78,1.36,6.8258
20200325,Davanagere,14.4644,75.9218,30.16,45.72,1.55,6.4147
20200326,Davanagere,14.4644,75.9218,30.61,40.28,2.35,6.961
20200327,Davanagere,14.4644,75.9218,30.34,32.42,1.86,7.0018
20200328,Davanagere,14.4644,75.9218,29.99,24.45,2.91,7.4302
20200329,Davanagere,14.4644,75.9218,29.6,23.86,2.38,7.4376
20200330,Davanagere,14.4644,75.9218,29.92,40.31,2.1,7.2638
20200331,Davanagere,14.4644,75.9218,30.18,26.12,2.15,7.3418
20200401,Davanagere,14.4644,75.9218,30.52,29.93,1.79,7.5168
20200402,Davanagere,14.4644,75.9218,30.73,45.47,2.17,7.0649
20200403,Davanagere,14.4644,75.9218,31.51,45.1,1.87,6.743
20200404,Davanagere,14.4644,75.9218,31.29,45.45,1.66,6.9175
20200405,Davanagere,14.4644,75.9218,30.11,53.44,2.6,6.9691
20200406,Davanagere,14.4644,75.9218,30.37,52.35,1.83,6.3485
20200407,Davanagere,14.4644,75.9218,28.46,61.03,2.11,5.2668
20200408,Davanagere,14.4644,75.9218,27.35,67.44,1.57,7.0982
20200409,Davanagere,14.4644,75.9218,27.48,54.96,2.04,7.4479
20200410,Davanagere,14.4644,75.9218,28.99,54.9,1.55,6.0576
20200411,Davanagere,14.4644,75.9218,28.2,51.62,2.19,7.1942
20200412,Davanagere,14.4644,75.9218,29.18,45.5,2.34,7.2358
20200413,Davanagere,14.4644,75.9218,29.38,43.25,2.5,7.349
20200414,Davanagere,14.4644,75.9218,29.57,33.43,3.17,7.5278
20200415,Davanagere,14.4644,75.9218,29.74,35.24,2.52,7.2838
20200416,Davanagere,14.4644,75.9218,29.97,45.15,1.9,6.6559
20200417,Davanagere,14.4644,75.9218,30.83,49.38,1.5,6.9058
20200418,Davanagere,14.4644,75.9218,30.3,53.75,1.79,6.6259
20200419,Davanagere,14.4644,75.9218,30.53,52.83,2.51,7.0793
20200420,Davanagere,14.4644,75.9218,30.8,43.88,1.9,7.1947
20200421,Davanagere,14.4644,75.9218,30.33,53.32,1.92,6.6972
20200422,Davanagere,14.4644,75.9218,30.73,51.68,2.3,6.9607
20200423,Davanagere,14.4644,75.9218,30.58,54.25,3.22,7.1858
20200424,Davanagere,14.4644,75.9218,29.34,59.39,3.05,7.0872
20200425,Davanagere,14.4644,75.9218,29.64,59.64,3.15,6.8815
20200426,Davanagere,14.4644,75.9218,30.81,50.72,2.28,7.2878
20200427,Davanagere,14.4644,75.9218,30.84,45.13,3.39,7.5454
20200428,Davanagere,14.4644,75.9218,31.35,49.88,2.27,7.3838
20200429,Davanagere,14.4644,75.9218,29.4,55.46,2.36,3.7771
20200430,Davanagere,14.4644,75.9218,30.07,55.74,2.14,6.7181
20200501,Davanagere,14.4644,75.9218,29.45,61.29,2.0,5.6578
20200502,Davanagere,14.4644,75.9218,29.74,61.56,1.81,6.1764
20200503,Davanagere,14.4644,75.9218,29.9,62.39,1.59,5.7098
20200504,Davanagere,14.4644,75.9218,30.15,61.71,1.3,5.8853
20200505,Davanagere,14.4644,75.9218,30.46,56.43,1.68,5.3011
20200506,Davanagere,14.4644,75.9218,30.56,58.5,2.17,6.8815
20200507,Davanagere,14.4644,75.9218,27.65,69.44,1.75,6.2626
20200508,Davanagere,14.4644,75.9218,28.75,66.28,1.45,5.9194
20200509,Davanagere,14.4644,75.9218,29.78,62.04,1.5,6.7632
20200510,Davanagere,14.4644,75.9218,30.16,56.76,1.35,6.6451
20200511,Davanagere,14.4644,75.9218,30.29,51.28,2.06,6.9523
20200512,Davanagere,14.4644,75.9218,30.67,56.16,1.92,6.8402
20200513,Davanagere,14.4644,75.9218,30.52,56.21,2.37,6.6852
20200514,Davanagere,14.4644,75.9218,30.98,56.68,2.27,7.159
20200515,Davanagere,14.4644,75.9218,28.81,67.16,2.08,6.1906
20200516,Davanagere,14.4644,75.9218,28.87,63.66,2.31,5.2898
20200517,Davanagere,14.4644,75.9218,28.0,69.61,3.24,5.1223
20200518,Davanagere,14.4644,75.9218,26.32,76.26,4.06,4.9488
20200519,Davanagere,14.4644,75.9218,27.44,72.12,4.61,5.7038
20200520,Davanagere,14.4644,75.9218,28.48,66.25,3.91,6.2525
20200521,Davanagere,14.4644,75.9218,28.73,63.32,4.01,6.7111
20200522,Davanagere,14.4644,75.9218,29.72,59.45,3.45,7.3092
20200523,Davanagere,14.4644,75.9218,30.41,59.25,3.59,7.2322
20200524,Davanagere,14.4644,75.9218,30.71,57.24,3.28,7.3289
20200525,Davanagere,14.4644,75.9218,29.88,61.02,3.4,6.7085
20200526,Davanagere,14.4644,75.9218,28.43,71.05,3.19,6.93
20200527,Davanagere,14.4644,75.9218,28.2,69.46,3.65,6.2669
20200528,Davanagere,14.4644,75.9218,27.63,68.73,4.07,7.1719
20200529,Davanagere,14.4644,75.9218,28.22,68.83,4.15,7.1976
20200530,Davanagere,14.4644,75.9218,27.45,75.79,2.17,5.8812
20200531,Davanagere,14.4644,75.9218,26.22,80.64,2.51,4.8286
20200601,Davanagere,14.4644,75.9218,25.54,81.67,1.95,3.5047
20200602,Davanagere,14.4644,75.9218,25.51,81.08,3.61,4.5259
20200603,Davanagere,14.4644,75.9218,25.05,82.66,4.98,3.3386
20200604,Davanagere,14.4644,75.9218,25.45,77.97,4.39,4.1597
20200605,Davanagere,14.4644,75.9218,25.73,75.09,4.17,5.4346
20200606,Davanagere,14.4644,75.9218,25.23,73.44,4.03,6.5573
20200607,Davanagere,14.4644,75.9218,26.02,74.4,4.16,5.9801
20200608,Davanagere,14.4644,75.9218,25.66,72.39,4.34,6.6406
20200609,Davanagere,14.4644,75.9218,26.13,65.75,4.14,5.8522
20200610,Davanagere,14.4644,75.9218,26.32,74.84,4.57,5.3705
20200611,Davanagere,14.4644,75.9218,24.25,83.02,4.31,4.3303
20200612,Davanagere,14.4644,75.9218,23.74,83.07,4.87,3.8306
20200613,Davanagere,14.4644,75.9218,24.78,76.89,5.62,4.583
20200614,Davanagere,14.4644,75.9218,25.2,77.72,6.61,4.2792
20200615,Davanagere,14.4644,75.9218,26.13,78.75,5.78,4.5199
20200616,Davanagere,14.4644,75.9218,25.81,82.86,5.35,3.6718
20200617,Davanagere,14.4644,75.9218,25.02,84.5,5.1,3.3377
20200618,Davanagere,14.4644,75.9218,24.41,83.97,4.66,4.5494
20200619,Davanagere,14.4644,75.9218,25.38,80.04,4.68,4.8175
20200620,Davanagere,14.4644,75.9218,25.38,74.5,4.39,5.6184
20200621,Davanagere,14.4644,75.9218,24.78,81.06,4.04,5.2555
20200622,Davanagere,14.4644,75.9218,24.38,83.8,4.28,5.0045
20200623,Davanagere,14.4644,75.9218,24.79,75.87,4.0,6.3286
20200624,Davanagere,14.4644,75.9218,25.13,76.43,3.46,6.7226
20200625,Davanagere,14.4644,75.9218,25.46,77.53,2.35,6.5532
20200626,Davanagere,14.4644,75.9218,24.56,83.34,2.75,5.8867
20200627,Davanagere,14.4644,75.9218,25.26,82.61,3.25,5.1204
20200628,Davanagere,14.4644,75.9218,25.22,84.19,3.65,4.986
20200629,Davanagere,14.4644,75.9218,24.79,86.55,3.31,4.841
20200630,Davanagere,14.4644,75.9218,23.82,87.76,3.35,4.7177
20200701,Davanagere,14.4644,75.9218,24.42,81.13,4.41,5.1391
20200702,Davanagere,14.4644,75.9218,23.36,86.29,5.07,4.4935
20200703,Davanagere,14.4644,75.9218,24.74,83.15,6.03,4.5146
20200704,Davanagere,14.4644,75.9218,24.67,82.67,5.97,3.5686
20200705,Davanagere,14.4644,75.9218,24.0,84.13,5.72,3.6271
20200706,Davanagere,14.4644,75.9218,24.7,81.45,5.34,4.6058
20200707,Davanagere,14.4644,75.9218,24.45,82.92,5.77,3.6638
20200708,Davanagere,14.4644,75.9218,23.93,84.86,4.21,3.5143
20200709,Davanagere,14.4644,75.9218,23.91,87.27,3.87,2.483
20200710,Davanagere,14.4644,75.9218,23.61,86.24,4.04,4.2672
20200711,Davanagere,14.4644,75.9218,23.84,82.2,3.88,5.3633
20200712,Davanagere,14.4644,75.9218,23.45,84.78,3.58,4.8612
20200713,Davanagere,14.4644,75.9218,23.29,86.28,3.45,4.3704
20200714,Davanagere,14.4644,75.9218,23.32,89.66,4.03,3.8287
20200715,Davanagere,14.4644,75.9218,22.78,88.36,4.88,3.5501
20200716,Davanagere,14.4644,75.9218,23.57,87.49,4.77,2.4701
20200717,Davanagere,14.4644,75.9218,23.57,87.36,4.51,3.6802
20200718,Davanagere,14.4644,75.9218,23.82,87.3,3.89,4.7957
20200719,Davanagere,14.4644,75.9218,24.05,86.13,2.66,4.9788
20200720,Davanagere,14.4644,75.9218,24.22,88.06,1.93,5.2034
20200721,Davanagere,14.4644,75.9218,24.99,83.82,1.77,5.4034
20200722,Davanagere,14.4644,75.9218,24.73,86.87,1.01,5.6009
20200723,Davanagere,14.4644,75.9218,24.34,88.81,1.09,4.2293
20200724,Davanagere,14.4644,75.9218,24.36,84.46,1.85,5.2442
20200725,Davanagere,14.4644,75.9218,22.78,89.76,3.03,4.2322
20200726,Davanagere,14.4644,75.9218,23.07,88.32,3.33,4.6452
20200727,Davanagere,14.4644,75.9218,23.74,86.71,3.24,4.8958
20200728,Davanagere,14.4644,75.9218,23.58,89.66,3.37,5.5658
20200729,Davanagere,14.4644,75.9218,23.94,90.14,3.07,4.9553
20200730,Davanagere,14.4644,75.9218,24.16,88.65,3.05,4.7546
20200731,Davanagere,14.4644,75.9218,24.26,88.42,3.11,4.7273
20200801,Davanagere,14.4644,75.9218,23.3,89.76,3.33,5.0278
20200802,Davanagere,14.4644,75.9218,23.31,87.68,4.83,4.2295
20200803,Davanagere,14.4644,75.9218,23.41,89.42,5.73,3.8249
20200804,Davanagere,14.4644,75.9218,23.0,90.49,7.13,3.0559
20200805,Davanagere,14.4644,75.9218,23.56,89.8,7.77,1.4863
20200806,Davanagere,14.4644,75.9218,24.75,87.67,7.27,3.4416
20200807,Davanagere,14.4644,75.9218,24.62,88.47,6.55,4.3193
20200808,Davanagere,14.4644,75.9218,23.48,90.46,5.11,3.0732
20200809,Davanagere,14.4644,75.9218,23.42,91.26,4.59,3.6528
20200810,Davanagere,14.4644,75.9218,23.51,92.1,4.07,3.0029
20200811,Davanagere,14.4644,75.9218,23.48,90.05,4.51,4.3152
20200812,Davanagere,14.4644,75.9218,23.41,89.92,4.52,4.4962
20200813,Davanagere,14.4644,75.9218,22.95,91.67,4.21,3.4277
20200814,Davanagere,14.4644,75.9218,23.18,90.23,4.71,4.3951
20200815,Davanagere,14.4644,75.9218,23.39,90.21,4.95,3.4843
20200816,Davanagere,14.4644,75.9218,23.58,90.98,4.67,1.6726
20200817,Davanagere,14.4644,75.9218,23.9,89.25,4.66,2.2901
20200818,Davanagere,14.4644,75.9218,23.78,89.17,4.22,4.5826
20200819,Davanagere,14.4644,75.9218,23.99,88.46,4.14,4.4518
20200820,Davanagere,14.4644,75.9218,23.54,89.86,4.58,3.3934
20200821,Davanagere,14.4644,75.9218,23.77,89.27,4.53,3.5916
20200822,Davanagere,14.4644,75.9218,23.59,89.68,4.09,4.649
20200823,Davanagere,14.4644,75.9218,23.98,88.99,3.5,4.9764
20200824,Davanagere,14.4644,75.9218,24.3,88.12,3.28,4.5283
20200825,Davanagere,14.4644,75.9218,24.13,87.33,3.05,4.9728
20200826,Davanagere,14.4644,75.9218,24.0,86.73,2.6,5.0388
20200827,Davanagere,14.4644,75.9218,23.83,87.08,3.21,4.6159
20200828,Davanagere,14.4644,75.9218,23.48,88.34,3.1,5.0964
20200829,Davanagere,14.4644,75.9218,24.01,88.33,3.17,4.4705
20200830,Davanagere,14.4644,75.9218,23.99,88.95,2.62,4.656
20200831,Davanagere,14.4644,75.9218,23.56,90.23,2.07,5.695
20200901,Davanagere,14.4644,75.9218,24.08,88.53,2.28,5.2346
20200902,Davanagere,14.4644,75.9218,23.54,90.51,1.75,4.1602
20200903,Davanagere,14.4644,75.9218,24.74,86.42,1.8,5.8327
20200904,Davanagere,14.4644,75.9218,25.35,85.6,1.49,4.9406
20200905,Davanagere,14.4644,75.9218,25.9,83.3,1.83,5.3129
20200906,Davanagere,14.4644,75.9218,25.81,84.99,1.67,5.4828
20200907,Davanagere,14.4644,75.9218,24.76,87.35,1.36,5.4461
20200908,Davanagere,14.4644,75.9218,24.77,86.47,0.89,5.1401
20200909,Davanagere,14.4644,75.9218,24.74,87.12,1.42,5.413
20200910,Davanagere,14.4644,75.9218,23.85,91.17,1.65,4.7278
20200911,Davanagere,14.4644,75.9218,23.42,90.39,3.46,4.2732
20200912,Davanagere,14.4644,75.9218,22.76,90.74,3.92,3.4471
20200913,Davanagere,14.4644,75.9218,22.27,91.29,3.46,3.1392
20200914,Davanagere,14.4644,75.9218,22.07,89.99,3.51,2.8488
20200915,Davanagere,14.4644,75.9218,22.62,90.02,3.44,4.6214
20200916,Davanagere,14.4644,75.9218,23.32,89.72,3.47,4.7088
20200917,Davanagere,14.4644,75.9218,23.54,90.25,3.37,4.8161
20200918,Davanagere,14.4644,75.9218,23.6,91.11,3.97,4.3824
20200919,Davanagere,14.4644,75.9218,22.8,91.1,3.82,3.2683
20200920,Davanagere,14.4644,75.9218,22.26,92.06,4.51,3.3929
20200921,Davanagere,14.4644,75.9218,21.89,90.04,6.06,3.3362
20200922,Davanagere,14.4644,75.9218,21.83,89.96,5.21,3.2498
20200923,Davanagere,14.4644,75.9218,22.39,89.67,4.25,4.3606
20200924,Davanagere,14.4644,75.9218,22.51,91.14,3.25,4.2713
20200925,Davanagere,14.4644,75.9218,23.41,90.63,3.02,4.2953
20200926,Davanagere,14.4644,75.9218,22.2,93.59,3.26,1.8713
20200927,Davanagere,14.4644,75.9218,22.91,88.38,2.4,5.1804
20200928,Davanagere,14.4644,75.9218,23.44,88.01,2.06,4.968
20200929,Davanagere,14.4644,75.9218,23.71,89.44,2.83,4.8343
20200930,Davanagere,14.4644,75.9218,23.39,88.9,2.76,5.3148
20201001,Davanagere,14.4644,75.9218,22.46,90.57,2.33,5.6935
20201002,Davanagere,14.4644,75.9218,23.64,87.93,1.99,5.3174
20201003,Davanagere,14.4644,75.9218,23.06,91.27,2.62,4.9778
20201004,Davanagere,14.4644,75.9218,23.01,89.07,2.76,4.1438
20201005,Davanagere,14.4644,75.9218,21.96,89.43,2.39,4.4014
20201006,Davanagere,14.4644,75.9218,23.87,87.9,1.92,5.2486
20201007,Davanagere,14.4644,75.9218,24.5,86.51,2.02,5.0249
20201008,Davanagere,14.4644,75.9218,24.48,80.1,1.08,5.4624
20201009,Davanagere,14.4644,75.9218,24.23,88.3,1.65,5.0352
20201010,Davanagere,14.4644,75.9218,22.5,92.8,2.45,4.8358
20201011,Davanagere,14.4644,75.9218,22.27,91.79,3.16,3.0802
20201012,Davanagere,14.4644,75.9218,22.42,94.57,3.23,3.7502
20201013,Davanagere,14.4644,75.9218,22.76,93.09,2.01,3.7826
20201014,Davanagere,14.4644,75.9218,23.06,93.99,4.23,3.5364
20201015,Davanagere,14.4644,75.9218,22.84,90.79,4.16,3.4711
20201016,Davanagere,14.4644,75.9218,22.82,90.48,2.47,3.1392
20201017,Davanagere,14.4644,75.9218,23.04,89.23,1.92,5.3321
20201018,Davanagere,14.4644,75.9218,23.15,88.29,1.76,5.118
20201019,Davanagere,14.4644,75.9218,23.54,88.12,1.62,5.0911
20201020,Davanagere,14.4644,75.9218,23.45,91.1,1.67,4.1736
20201021,Davanagere,14.4644,75.9218,22.84,92.93,1.0,3.6703
20201022,Davanagere,14.4644,75.9218,23.14,92.88,1.43,3.3636
20201023,Davanagere,14.4644,75.9218,23.63,89.87,1.51,4.2314
20201024,Davanagere,14.4644,75.9218,22.95,93.33,1.05,4.9582
20201025,Davanagere,14.4644,75.9218,24.05,84.67,0.81,4.4618
20201026,Davanagere,14.4644,75.9218,23.88,87.08,1.24,5.4161
20201027,Davanagere,14.4644,75.9218,23.27,85.42,1.71,5.2526
20201028,Davanagere,14.4644,75.9218,22.31,84.89,1.94,5.4619
20201029,Davanagere,14.4644,75.9218,21.69,85.57,1.91,5.1317
20201030,Davanagere,14.4644,75.9218,22.43,84.45,1.54,4.3313
20201031,Davanagere,14.4644,75.9218,22.95,82.78,1.3,4.8554
20201101,Davanagere,14.4644,75.9218,22.94,83.63,1.37,4.9939
20201102,Davanagere,14.4644,75.9218,22.39,81.56,1.5,5.1485
20201103,Davanagere,14.4644,75.9218,23.59,85.61,1.91,5.2498
20201104,Davanagere,14.4644,75.9218,22.81,86.08,2.16,4.5763
20201105,Davanagere,14.4644,75.9218,22.12,81.8,2.31,5.4403
20201106,Davanagere,14.4644,75.9218,23.09,85.59,2.34,5.0314
20201107,Davanagere,14.4644,75.9218,23.5,88.55,2.49,5.106
20201108,Davanagere,14.4644,75.9218,23.53,87.33,2.73,5.2601
20201109,Davanagere,14.4644,75.9218,21.62,86.05,1.99,5.6105
20201110,Davanagere,14.4644,75.9218,18.69,80.44,2.36,6.2614
20201111,Davanagere,14.4644,75.9218,19.21,82.45,2.4,6.2417
20201112,Davanagere,14.4644,75.9218,22.08,89.75,2.79,5.0201
20201113,Davanagere,14.4644,75.9218,23.62,87.0,3.12,3.6622
20201114,Davanagere,14.4644,75.9218,23.2,84.65,3.18,5.3213
20201115,Davanagere,14.4644,75.9218,22.98,86.83,3.42,5.2435
20201116,Davanagere,14.4644,75.9218,23.68,87.8,3.19,3.6096
20201117,Davanagere,14.4644,75.9218,23.41,86.91,3.15,4.0903
20201118,Davanagere,14.4644,75.9218,23.82,84.22,2.51,5.159
20201119,Davanagere,14.4644,75.9218,23.94,82.62,2.86,5.4422
20201120,Davanagere,14.4644,75.9218,23.07,79.04,2.62,5.7559
20201121,Davanagere,14.4644,75.9218,21.78,76.7,2.04,6.0449
20201122,Davanagere,14.4644,75.9218,22.26,75.97,1.92,5.6767
20201123,Davanagere,14.4644,75.9218,21.48,78.58,1.8,4.7633
20201124,Davanagere,14.4644,75.9218,22.42,83.12,2.25,4.9678
20201125,Davanagere,14.4644,75.9218,22.84,82.87,2.85,5.3698
20201126,Davanagere,14.4644,75.9218,21.49,86.95,2.93,2.9244
20201127,Davanagere,14.4644,75.9218,20.71,86.36,3.13,4.3006
20201128,Davanagere,14.4644,75.9218,22.25,85.52,2.62,3.468
20201129,Davanagere,14.4644,75.9218,22.93,81.88,2.96,3.2729
20201130,Davanagere,14.4644,75.9218,23.02,79.49,3.2,5.4194
20201201,Davanagere,14.4644,75.9218,21.63,77.86,2.86,5.5159
20201202,Davanagere,14.4644,75.9218,20.5,76.57,2.48,5.5469
20201203,Davanagere,14.4644,75.9218,21.39,80.17,2.39,4.633
20201204,Davanagere,14.4644,75.9218,22.81,82.27,2.96,3.8846
20201205,Davanagere,14.4644,75.9218,22.85,81.2,2.95,4.985
20201206,Davanagere,14.4644,75.9218,23.08,81.31,3.76,5.2853
20201207,Davanagere,14.4644,75.9218,22.85,83.25,4.08,2.838
20201208,Davanagere,14.4644,75.9218,23.4,83.2,3.62,3.1282
20201209,Davanagere,14.4644,75.9218,23.38,81.94,3.13,3.2222
20201210,Davanagere,14.4644,75.9218,21.95,72.0,2.36,5.0513
20201211,Davanagere,14.4644,75.9218,21.62,69.7,1.95,5.3021
20201212,Davanagere,14.4644,75.9218,20.66,68.64,2.11,5.5174
20201213,Davanagere,14.4644,75.9218,21.17,71.17,1.67,5.4413
20201214,Davanagere,14.4644,75.9218,21.8,71.23,1.77,5.3486
20201215,Davanagere,14.4644,75.9218,21.03,72.59,2.73,5.5438
20201216,Davanagere,14.4644,75.9218,21.74,77.06,3.03,5.2879
20201217,Davanagere,14.4644,75.9218,22.68,76.95,2.93,4.1738
20201218,Davanagere,14.4644,75.9218,22.24,74.7,2.99,4.9174
20201219,Davanagere,14.4644,75.9218,21.81,77.41,3.42,5.1096
20201220,Davanagere,14.4644,75.9218,21.26,75.87,3.72,4.4748
20201221,Davanagere,14.4644,75.9218,19.71,70.8,3.18,5.3894
20201222,Davanagere,14.4644,75.9218,19.29,68.29,2.55,5.4847
20201223,Davanagere,14.4644,75.9218,21.08,72.43,2.39,5.3316
20201224,Davanagere,14.4644,75.9218,23.18,72.53,1.79,4.991
20201225,Davanagere,14.4644,75.9218,22.76,71.95,2.96,5.2788
20201226,Davanagere,14.4644,75.9218,21.32,69.32,2.89,5.3251
20201227,Davanagere,14.4644,75.9218,20.81,67.94,2.49,5.4329
20201228,Davanagere,14.4644,75.9218,21.27,64.72,1.99,5.3717
20201229,Davanagere,14.4644,75.9218,21.15,62.47,2.55,5.4466
20201230,Davanagere,14.4644,75.9218,22.98,71.65,3.04,5.0508
20201231,Davanagere,14.4644,75.9218,23.33,73.68,3.77,4.7263
20210101,Davanagere,14.4644,75.9218,21.54,69.3,3.62,5.2003
20210102,Davanagere,14.4644,75.9218,21.35,68.59,3.3,5.2457
20210103,Davanagere,14.4644,75.9218,23.33,68.44,3.06,4.176
20210104,Davanagere,14.4644,75.9218,23.68,70.19,2.98,3.6338
20210105,Davanagere,14.4644,75.9218,22.69,73.06,2.12,4.5319
20210106,Davanagere,14.4644,75.9218,24.44,76.92,2.06,3.3914
20210107,Davanagere,14.4644,75.9218,22.7,87.93,2.49,3.2306
20210108,Davanagere,14.4644,75.9218,21.51,91.24,1.78,3.3972
20210109,Davanagere,14.4644,75.9218,22.86,85.2,2.61,3.8753
20210110,Davanagere,14.4644,75.9218,22.73,79.3,2.64,5.0448
20210111,Davanagere,14.4644,75.9218,22.52,74.92,2.89,3.7906
20210112,Davanagere,14.4644,75.9218,23.0,73.03,3.43,5.556
20210113,Davanagere,14.4644,75.9218,22.17,74.58,3.13,5.3566
20210114,Davanagere,14.4644,75.9218,21.72,73.37,2.79,5.3386
20210115,Davanagere,14.4644,75.9218,23.15,71.64,2.38,4.2259
20210116,Davanagere,14.4644,75.9218,23.36,72.51,2.05,4.812
20210117,Davanagere,14.4644,75.9218,23.61,70.75,2.54,5.1802
20210118,Davanagere,14.4644,75.9218,22.93,68.34,2.94,5.5685
20210119,Davanagere,14.4644,75.9218,22.38,70.13,2.38,5.6942
20210120,Davanagere,14.4644,75.9218,22.59,63.52,1.79,5.909
20210121,Davanagere,14.4644,75.9218,22.93,54.81,1.1,5.959
20210122,Davanagere,14.4644,75.9218,22.68,66.98,1.11,5.6578
20210123,Davanagere,14.4644,75.9218,23.13,66.86,1.8,5.5913
20210124,Davanagere,14.4644,75.9218,23.07,60.69,1.71,5.6326
20210125,Davanagere,14.4644,75.9218,22.51,54.97,2.02,6.1049
20210126,Davanagere,14.4644,75.9218,22.46,49.27,1.91,6.317
20210127,Davanagere,14.4644,75.9218,21.86,53.43,1.92,5.9186
20210128,Davanagere,14.4644,75.9218,21.52,60.02,2.47,6.0137
20210129,Davanagere,14.4644,75.9218,22.33,55.84,2.5,5.7734
20210130,Davanagere,14.4644,75.9218,22.68,53.24,1.8,6.0163
20210131,Davanagere,14.4644,75.9218,22.85,53.26,2.51,5.3911
20210201,Davanagere,14.4644,75.9218,22.2,53.28,3.56,6.0626
20210202,Davanagere,14.4644,75.9218,22.48,56.72,3.32,6.1498
20210203,Davanagere,14.4644,75.9218,22.81,60.24,2.67,5.6258
20210204,Davanagere,14.4644,75.9218,23.26,56.41,2.27,6.0658
20210205,Davanagere,14.4644,75.9218,22.76,56.97,1.67,5.9957
20210206,Davanagere,14.4644,75.9218,23.29,51.41,2.04,6.3245
20210207,Davanagere,14.4644,75.9218,22.52,47.26,3.59,6.4162
20210208,Davanagere,14.4644,75.9218,21.73,46.83,3.64,6.5278
20210209,Davanagere,14.4644,75.9218,22.15,49.82,3.05,6.2762
20210210,Davanagere,14.4644,75.9218,22.54,44.36,2.44,6.5633
20210211,Davanagere,14.4644,75.9218,22.75,43.56,2.49,6.6365
20210212,Davanagere,14.4644,75.9218,23.32,45.59,2.36,6.5347
20210213,Davanagere,14.4644,75.9218,22.74,45.14,2.18,6.4848
20210214,Davanagere,14.4644,75.9218,22.99,43.95,1.48,6.6571
20210215,Davanagere,14.4644,75.9218,23.55,47.61,1.37,6.655
20210216,Davanagere,14.4644,75.9218,23.96,56.78,1.96,6.191
20210217,Davanagere,14.4644,75.9218,25.24,61.99,1.24,5.681
20210218,Davanagere,14.4644,75.9218,24.85,58.18,1.88,5.2181
20210219,Davanagere,14.4644,75.9218,20.77,67.12,3.47,4.2106
20210220,Davanagere,14.4644,75.9218,21.19,67.96,4.21,5.1401
20210221,Davanagere,14.4644,75.9218,21.96,71.33,3.24,3.9442
20210222,Davanagere,14.4644,75.9218,22.91,65.58,2.46,5.4034
20210223,Davanagere,14.4644,75.9218,24.15,61.2,2.53,6.1723
20210224,Davanagere,14.4644,75.9218,24.96,55.97,1.76,6.6967
20210225,Davanagere,14.4644,75.9218,25.74,55.17,1.15,6.6552
20210226,Davanagere,14.4644,75.9218,25.63,64.19,1.65,6.4178
20210227,Davanagere,14.4644,75.9218,26.32,59.71,1.23,6.1354
20210228,Davanagere,14.4644,75.9218,26.82,52.01,1.74,6.4234
20210301,Davanagere,14.4644,75.9218,25.76,42.9,2.19,6.4752
20210302,Davanagere,14.4644,75.9218,26.02,41.61,2.15,6.1008
20210303,Davanagere,14.4644,75.9218,25.91,41.21,3.19,6.8333
20210304,Davanagere,14.4644,75.9218,25.57,36.28,3.78,7.1285
20210305,Davanagere,14.4644,75.9218,25.56,30.67,2.72,7.3063
20210306,Davanagere,14.4644,75.9218,25.94,32.85,1.29,7.146
20210307,Davanagere,14.4644,75.9218,26.66,43.36,1.68,7.0373
20210308,Davanagere,14.4644,75.9218,26.5,31.03,2.79,7.1323
20210309,Davanagere,14.4644,75.9218,25.83,32.81,3.25,7.0642
20210310,Davanagere,14.4644,75.9218,26.56,32.07,2.74,7.2031
20210311,Davanagere,14.4644,75.9218,26.39,45.13,1.92,6.2942
20210312,Davanagere,14.4644,75.9218,27.42,47.68,1.36,6.4414
20210313,Davanagere,14.4644,75.9218,26.55,26.02,2.62,7.2041
20210314,Davanagere,14.4644,75.9218,26.75,33.36,3.11,7.3898
20210315,Davanagere,14.4644,75.9218,27.5,30.19,2.43,7.2782
20210316,Davanagere,14.4644,75.9218,27.67,33.49,2.24,6.7704
20210317,Davanagere,14.4644,75.9218,28.15,30.07,2.34,5.9942
20210318,Davanagere,14.4644,75.9218,28.19,37.9,1.9,6.0185
20210319,Davanagere,14.4644,75.9218,28.11,44.18,1.13,6.4351
20210320,Davanagere,14.4644,75.9218,28.37,40.82,1.85,6.3679
20210321,Davanagere,14.4644,75.9218,28.04,39.07,1.42,6.4834
20210322,Davanagere,14.4644,75.9218,29.36,31.45,2.07,6.8465
20210323,Davanagere,14.4644,75.9218,30.11,29.45,2.24,7.0322
20210324,Davanagere,14.4644,75.9218,29.6,32.67,2.2,6.9888
20210325,Davanagere,14.4644,75.9218,29.21,35.21,1.23,6.6446
20210326,Davanagere,14.4644,75.9218,30.0,30.96,2.4,6.6598
20210327,Davanagere,14.4644,75.9218,30.45,33.19,2.36,6.6636
20210328,Davanagere,14.4644,75.9218,30.76,44.47,1.6,5.8966
20210329,Davanagere,14.4644,75.9218,30.71,41.13,1.64,5.9218
20210330,Davanagere,14.4644,75.9218,29.49,53.43,2.99,5.8939
20210331,Davanagere,14.4644,75.9218,29.95,51.91,2.61,6.9576
20210401,Davanagere,14.4644,75.9218,29.09,49.22,3.26,7.5173
20210402,Davanagere,14.4644,75.9218,28.79,49.7,3.19,7.4268
20210403,Davanagere,14.4644,75.9218,28.08,52.73,3.55,7.211
20210404,Davanagere,14.4644,75.9218,29.03,48.59,2.63,7.1976
20210405,Davanagere,14.4644,75.9218,30.14,43.81,2.61,7.1434
20210406,Davanagere,14.4644,75.9218,30.94,30.11,2.2,6.6547
20210407,Davanagere,14.4644,75.9218,31.51,32.09,1.64,6.739
20210408,Davanagere,14.4644,75.9218,30.51,41.79,1.47,6.377
20210409,Davanagere,14.4644,75.9218,30.62,40.39,1.23,6.7682
20210410,Davanagere,14.4644,75.9218,31.58,35.24,1.63,6.3127
20210411,Davanagere,14.4644,75.9218,30.71,34.01,2.29,6.24
20210412,Davanagere,14.4644,75.9218,31.12,34.53,2.0,6.9554
20210413,Davanagere,14.4644,75.9218,30.43,44.86,1.76,5.465
20210414,Davanagere,14.4644,75.9218,30.33,46.71,1.42,6.5938
20210415,Davanagere,14.4644,75.9218,29.46,52.01,1.54,6.5822
20210416,Davanagere,14.4644,75.9218,29.29,55.22,1.96,6.8561
20210417,Davanagere,14.4644,75.9218,30.62,51.91,1.94,6.3871
20210418,Davanagere,14.4644,75.9218,30.09,53.14,2.12,5.8759
20210419,Davanagere,14.4644,75.9218,28.17,63.35,3.02,6.8122
20210420,Davanagere,14.4644,75.9218,28.64,56.05,2.52,6.6269
20210421,Davanagere,14.4644,75.9218,29.29,54.76,2.31,6.2878
20210422,Davanagere,14.4644,75.9218,28.99,59.25,2.69,6.6214
20210423,Davanagere,14.4644,75.9218,26.49,71.52,2.03,6.4546
20210424,Davanagere,14.4644,75.9218,28.74,63.1,1.1,6.4282
20210425,Davanagere,14.4644,75.9218,29.33,58.99,1.54,6.8599
20210426,Davanagere,14.4644,75.9218,29.5,57.05,1.63,6.6295
20210427,Davanagere,14.4644,75.9218,29.39,56.99,1.35,6.9372
20210428,Davanagere,14.4644,75.9218,29.75,55.88,1.52,7.135
20210429,Davanagere,14.4644,75.9218,30.27,53.93,1.8,6.8316
20210430,Davanagere,14.4644,75.9218,29.75,57.33,1.6,7.2324
20210501,Davanagere,14.4644,75.9218,30.07,58.45,1.23,6.1411
20210502,Davanagere,14.4644,75.9218,28.15,68.51,1.26,6.8124
20210503,Davanagere,14.4644,75.9218,29.07,63.81,1.64,6.3794
20210504,Davanagere,14.4644,75.9218,28.64,67.52,1.47,6.1553
20210505,Davanagere,14.4644,75.9218,29.27,66.91,1.43,6.8834
20210506,Davanagere,14.4644,75.9218,29.18,67.07,1.34,6.4339
20210507,Davanagere,14.4644,75.9218,29.52,64.84,0.93,3.9989
20210508,Davanagere,14.4644,75.9218,29.59,64.1,1.58,6.6763
20210509,Davanagere,14.4644,75.9218,27.85,71.13,1.77,5.3431
20210510,Davanagere,14.4644,75.9218,27.9,72.66,1.7,5.9611
20210511,Davanagere,14.4644,75.9218,26.57,80.2,2.04,5.8632
20210512,Davanagere,14.4644,75.9218,27.59,75.13,2.12,5.7888
20210513,Davanagere,14.4644,75.9218,27.06,76.29,2.2,5.1024
20210514,Davanagere,14.4644,75.9218,27.72,72.19,2.41,6.3005
20210515,Davanagere,14.4644,75.9218,25.42,79.84,4.72,4.7837
20210516,Davanagere,14.4644,75.9218,26.31,77.9,5.57,3.2362
20210517,Davanagere,14.4644,75.9218,25.62,82.68,3.95,5.3748
20210518,Davanagere,14.4644,75.9218,25.87,82.24,3.39,5.6489
20210519,Davanagere,14.4644,75.9218,25.93,81.92,3.56,5.2152
20210520,Davanagere,14.4644,75.9218,25.5,79.9,3.52,5.7456
20210521,Davanagere,14.4644,75.9218,25.31,79.26,3.31,5.8894
20210522,Davanagere,14.4644,75.9218,25.25,80.69,3.44,5.3342
20210523,Davanagere,14.4644,75.9218,25.61,78.36,3.6,6.9912
20210524,Davanagere,14.4644,75.9218,25.66,78.15,3.19,5.6945
20210525,Davanagere,14.4644,75.9218,24.41,87.71,3.69,4.8749
20210526,Davanagere,14.4644,75.9218,25.1,83.02,4.28,6.3094
20210527,Davanagere,14.4644,75.9218,25.23,79.38,4.19,6.9588
20210528,Davanagere,14.4644,75.9218,25.77,79.17,4.05,6.9826
20210529,Davanagere,14.4644,75.9218,26.08,78.16,3.48,6.8815
20210530,Davanagere,14.4644,75.9218,25.81,77.28,3.85,6.3101
20210531,Davanagere,14.4644,75.9218,26.44,76.51,3.28,6.2743
20210601,Davanagere,14.4644,75.9218,25.49,82.78,2.63,5.6678
20210602,Davanagere,14.4644,75.9218,26.12,77.0,1.61,5.6746
20210603,Davanagere,14.4644,75.9218,26.41,80.46,1.56,5.3064
20210604,Davanagere,14.4644,75.9218,25.83,81.77,1.99,4.9267
20210605,Davanagere,14.4644,75.9218,25.14,78.46,3.03,5.4288
20210606,Davanagere,14.4644,75.9218,24.95,77.59,3.12,5.2702
20210607,Davanagere,14.4644,75.9218,25.16,77.95,3.68,6.9161
20210608,Davanagere,14.4644,75.9218,25.45,78.88,3.78,5.79
20210609,Davanagere,14.4644,75.9218,25.71,80.07,4.5,5.2402
20210610,Davanagere,14.4644,75.9218,25.23,80.17,4.56,5.5051
20210611,Davanagere,14.4644,75.9218,24.76,82.54,4.58,5.4422
20210612,Davanagere,14.4644,75.9218,23.05,82.47,6.41,4.1186
20210613,Davanagere,14.4644,75.9218,23.36,82.61,5.8,4.2482
20210614,Davanagere,14.4644,75.9218,24.14,83.25,6.02,3.8287
20210615,Davanagere,14.4644,75.9218,23.7,80.86,5.6,2.886
20210616,Davanagere,14.4644,75.9218,24.66,85.73,5.94,3.8765
20210617,Davanagere,14.4644,75.9218,25.07,83.65,6.38,3.6137
20210618,Davanagere,14.4644,75.9218,24.61,84.04,5.94,3.8162
20210619,Davanagere,14.4644,75.9218,24.45,85.36,5.18,3.185
20210620,Davanagere,14.4644,75.9218,24.2,86.65,4.12,4.9512
20210621,Davanagere,14.4644,75.9218,24.45,85.6,3.63,5.4142
20210622,Davanagere,14.4644,75.9218,24.85,83.08,3.38,5.7938
20210623,Davanagere,14.4644,75.9218,24.71,82.99,3.5,5.6818
20210624,Davanagere,14.4644,75.9218,24.1,84.96,3.58,5.6599
20210625,Davanagere,14.4644,75.9218,24.75,80.98,4.09,4.5634
20210626,Davanagere,14.4644,75.9218,24.38,82.53,4.21,4.5281
20210627,Davanagere,14.4644,75.9218,22.99,80.51,3.46,3.4733
20210628,Davanagere,14.4644,75.9218,24.11,77.95,2.7,5.1547
20210629,Davanagere,14.4644,75.9218,25.3,78.81,2.89,6.1663
20210630,Davanagere,14.4644,75.9218,26.0,77.71,3.39,6.205
20210701,Davanagere,14.4644,75.9218,25.55,82.13,3.51,4.4851
20210702,Davanagere,14.4644,75.9218,24.66,84.13,2.93,4.7738
20210703,Davanagere,14.4644,75.9218,24.83,82.74,3.3,5.5322
20210704,Davanagere,14.4644,75.9218,24.09,86.33,2.63,5.831
20210705,Davanagere,14.4644,75.9218,25.17,80.14,2.64,4.3308
20210706,Davanagere,14.4644,75.9218,24.92,83.12,2.43,5.3638
20210707,Davanagere,14.4644,75.9218,25.2,84.14,3.02,5.9482
20210708,Davanagere,14.4644,75.9218,24.09,86.6,3.09,4.7928
20210709,Davanagere,14.4644,75.9218,23.78,83.76,3.81,4.9397
20210710,Davanagere,14.4644,75.9218,21.72,86.69,4.55,4.235
20210711,Davanagere,14.4644,75.9218,22.87,85.04,5.0,3.8981
20210712,Davanagere,14.4644,75.9218,23.61,83.14,5.66,3.6228
20210713,Davanagere,14.4644,75.9218,23.8,84.55,4.77,2.5226
20210714,Davanagere,14.4644,75.9218,24.0,86.74,5.87,3.3917
20210715,Davanagere,14.4644,75.9218,23.8,89.33,6.1,3.9682
20210716,Davanagere,14.4644,75.9218,24.11,86.1,5.09,3.588
20210717,Davanagere,14.4644,75.9218,24.43,87.09,4.83,4.255
20210718,Davanagere,14.4644,75.9218,23.55,92.74,5.5,2.5145
20210719,Davanagere,14.4644,75.9218,23.53,89.75,5.1,3.9766
20210720,Davanagere,14.4644,75.9218,23.96,86.72,5.95,3.5093
20210721,Davanagere,14.4644,75.9218,23.76,88.14,5.68,3.1982
20210722,Davanagere,14.4644,75.9218,22.58,91.75,6.83,1.5485
20210723,Davanagere,14.4644,75.9218,23.69,88.64,6.15,1.7086
20210724,Davanagere,14.4644,75.9218,24.48,86.47,5.14,4.4162
20210725,Davanagere,14.4644,75.9218,24.26,88.41,5.16,5.4806
20210726,Davanagere,14.4644,75.9218,23.83,87.41,5.17,5.3042
20210727,Davanagere,14.4644,75.9218,23.91,86.16,5.4,5.1847
20210728,Davanagere,14.4644,75.9218,24.04,85.13,5.21,5.4185
20210729,Davanagere,14.4644,75.9218,24.08,84.46,5.52,4.4887
20210730,Davanagere,14.4644,75.9218,23.62,87.36,5.12,4.8646
20210731,Davanagere,14.4644,75.9218,23.55,87.74,4.62,3.8239
20210801,Davanagere,14.4644,75.9218,23.72,85.7,5.04,4.6003
20210802,Davanagere,14.4644,75.9218,23.72,84.18,5.0,4.4962
20210803,Davanagere,14.4644,75.9218,24.14,84.51,4.93,4.5005
20210804,Davanagere,14.4644,75.9218,23.9,86.74,5.18,4.4688
20210805,Davanagere,14.4644,75.9218,24.32,84.97,5.51,4.4638
20210806,Davanagere,14.4644,75.9218,24.33,85.31,4.92,4.3018
20210807,Davanagere,14.4644,75.9218,24.75,84.81,4.24,4.6442
20210808,Davanagere,14.4644,75.9218,24.83,83.75,3.32,5.5642
20210809,Davanagere,14.4644,75.9218,24.8,84.26,2.8,5.4242
20210810,Davanagere,14.4644,75.9218,23.85,86.5,3.32,5.2586
20210811,Davanagere,14.4644,75.9218,24.74,83.5,3.27,4.8636
20210812,Davanagere,14.4644,75.9218,24.08,85.63,3.42,3.667
20210813,Davanagere,14.4644,75.9218,24.27,84.81,3.73,4.1486
20210814,Davanagere,14.4644,75.9218,23.93,84.85,3.83,5.1271
20210815,Davanagere,14.4644,75.9218,23.85,85.12,4.06,5.1998
20210816,Davanagere,14.4644,75.9218,23.66,85.49,3.17,4.2353
20210817,Davanagere,14.4644,75.9218,24.04,82.71,3.26,4.0104
20210818,Davanagere,14.4644,75.9218,22.86,81.86,3.78,4.5934
20210819,Davanagere,14.4644,75.9218,23.03,83.22,3.99,4.4335
20210820,Davanagere,14.4644,75.9218,23.0,82.15,3.35,4.7107
20210821,Davanagere,14.4644,75.9218,21.97,85.6,3.03,6.0281
20210822,Davanagere,14.4644,75.9218,24.2,79.91,1.81,5.7718
20210823,Davanagere,14.4644,75.9218,24.52,81.39,2.39,6.2153
20210824,Davanagere,14.4644,75.9218,24.4,81.32,2.74,5.7259
20210825,Davanagere,14.4644,75.9218,24.68,83.08,2.62,5.339
20210826,Davanagere,14.4644,75.9218,24.53,84.49,2.68,4.129
20210827,Davanagere,14.4644,75.9218,24.53,84.82,3.09,4.2422
20210828,Davanagere,14.4644,75.9218,23.33,87.2,3.58,3.7102
20210829,Davanagere,14.4644,75.9218,23.12,81.3,4.17,4.7064
20210830,Davanagere,14.4644,75.9218,22.9,82.31,3.8,4.7947
20210831,Davanagere,14.4644,75.9218,23.35,82.39,3.5,5.1518
20210901,Davanagere,14.4644,75.9218,24.38,82.97,3.44,4.6238
20210902,Davanagere,14.4644,75.9218,23.99,85.38,2.95,4.6829
20210903,Davanagere,14.4644,75.9218,24.08,86.26,3.17,4.8523
20210904,Davanagere,14.4644,75.9218,23.67,88.29,3.56,4.0322
20210905,Davanagere,14.4644,75.9218,23.32,88.39,3.72,4.4614
20210906,Davanagere,14.4644,75.9218,23.01,85.84,4.38,3.787
20210907,Davanagere,14.4644,75.9218,23.04,85.83,4.74,3.6737
20210908,Davanagere,14.4644,75.9218,24.01,84.67,5.14,4.1693
20210909,Davanagere,14.4644,75.9218,23.91,85.74,4.37,4.7273
20210910,Davanagere,14.4644,75.9218,24.01,84.65,4.31,5.2982
20210911,Davanagere,14.4644,75.9218,24.16,84.78,4.42,4.2427
20210912,Davanagere,14.4644,75.9218,23.86,87.26,4.94,4.1179
20210913,Davanagere,14.4644,75.9218,24.06,87.94,5.02,3.5405
20210914,Davanagere,14.4644,75.9218,24.15,86.76,4.12,4.3162
20210915,Davanagere,14.4644,75.9218,24.41,84.91,3.48,3.8998
20210916,Davanagere,14.4644,75.9218,23.81,86.11,3.16,5.2056
20210917,Davanagere,14.4644,75.9218,24.47,82.46,2.68,5.6575
20210918,Davanagere,14.4644,75.9218,24.66,80.29,2.41,6.2647
20210919,Davanagere,14.4644,75.9218,25.07,78.59,2.23,6.2366
20210920,Davanagere,14.4644,75.9218,25.17,80.51,2.45,5.6261
20210921,Davanagere,14.4644,75.9218,24.31,84.14,3.07,4.3334
20210922,Davanagere,14.4644,75.9218,24.47,83.94,2.92,4.4594
20210923,Davanagere,14.4644,75.9218,24.08,85.9,3.01,4.2504
20210924,Davanagere,14.4644,75.9218,24.73,83.21,2.67,4.4388
20210925,Davanagere,14.4644,75.9218,24.59,82.47,2.97,5.1338
20210926,Davanagere,14.4644,75.9218,23.8,84.85,2.73,5.2099
20210927,Davanagere,14.4644,75.9218,22.88,87.96,3.47,3.9091
20210928,Davanagere,14.4644,75.9218,23.02,84.61,3.75,3.7406
20210929,Davanagere,14.4644,75.9218,23.55,80.35,3.3,4.789
20210930,Davanagere,14.4644,75.9218,24.89,80.19,2.18,5.5841
20211001,Davanagere,14.4644,75.9218,24.9,84.43,1.11,5.5411
20211002,Davanagere,14.4644,75.9218,25.14,82.2,1.79,5.9333
20211003,Davanagere,14.4644,75.9218,25.44,81.31,1.76,6.1174
20211004,Davanagere,14.4644,75.9218,26.03,79.8,1.09,4.9939
20211005,Davanagere,14.4644,75.9218,25.73,81.35,1.26,5.7022
20211006,Davanagere,14.4644,75.9218,25.09,85.39,1.0,3.2539
20211007,Davanagere,14.4644,75.9218,24.67,88.02,1.2,4.075
20211008,Davanagere,14.4644,75.9218,24.02,89.53,2.11,5.2874
20211009,Davanagere,14.4644,75.9218,24.31,89.39,2.16,4.7321
20211010,Davanagere,14.4644,75.9218,23.83,90.56,2.04,4.7131
20211011,Davanagere,14.4644,75.9218,24.07,87.89,1.96,4.777
20211012,Davanagere,14.4644,75.9218,23.07,88.6,1.95,4.271
20211013,Davanagere,14.4644,75.9218,24.23,86.78,1.53,3.8827
20211014,Davanagere,14.4644,75.9218,24.95,83.61,0.94,3.2438
20211015,Davanagere,14.4644,75.9218,25.24,82.61,1.57,4.2158
20211016,Davanagere,14.4644,75.9218,25.07,78.23,0.96,5.7384
20211017,Davanagere,14.4644,75.9218,23.83,88.53,2.24,4.4873
20211018,Davanagere,14.4644,75.9218,24.25,84.73,2.66,4.3176
20211019,Davanagere,14.4644,75.9218,23.7,81.83,1.87,5.9866
20211020,Davanagere,14.4644,75.9218,24.55,82.69,0.94,5.0657
20211021,Davanagere,14.4644,75.9218,24.49,85.32,1.72,4.1585
20211022,Davanagere,14.4644,75.9218,24.72,81.49,1.82,4.877
20211023,Davanagere,14.4644,75.9218,22.88,91.29,1.4,4.2518
20211024,Davanagere,14.4644,75.9218,23.1,89.98,1.49,4.2379
20211025,Davanagere,14.4644,75.9218,23.76,84.04,1.55,4.1671
20211026,Davanagere,14.4644,75.9218,23.43,82.16,1.8,4.841
20211027,Davanagere,14.4644,75.9218,22.75,79.6,2.44,5.7288
20211028,Davanagere,14.4644,75.9218,22.6,75.76,1.84,5.7814
20211029,Davanagere,14.4644,75.9218,23.2,84.54,2.42,4.8528
20211030,Davanagere,14.4644,75.9218,24.07,84.33,2.36,3.263
20211031,Davanagere,14.4644,75.9218,24.87,80.89,2.01,5.1235
20211101,Davanagere,14.4644,75.9218,24.61,82.82,2.48,4.8953
20211102,Davanagere,14.4644,75.9218,24.22,82.08,3.08,4.3313
20211103,Davanagere,14.4644,75.9218,23.5,83.2,2.66,4.6114
20211104,Davanagere,14.4644,75.9218,23.68,85.67,1.98,4.5415
20211105,Davanagere,14.4644,75.9218,23.77,84.51,1.63,3.5417
20211106,Davanagere,14.4644,75.9218,24.12,82.65,1.7,5.0918
20211107,Davanagere,14.4644,75.9218,22.59,85.54,1.46,4.2562
20211108,Davanagere,14.4644,75.9218,22.45,84.39,0.97,3.9022
20211109,Davanagere,14.4644,75.9218,23.59,79.68,1.57,5.2301
20211110,Davanagere,14.4644,75.9218,22.55,76.73,1.87,4.1842
20211111,Davanagere,14.4644,75.9218,20.22,84.85,1.34,2.5325
20211112,Davanagere,14.4644,75.9218,20.56,93.02,2.6,2.8267
20211113,Davanagere,14.4644,75.9218,23.95,86.01,2.38,3.0833
20211114,Davanagere,14.4644,75.9218,24.05,87.79,1.55,2.9162
20211115,Davanagere,14.4644,75.9218,24.29,86.18,2.87,3.8009
20211116,Davanagere,14.4644,75.9218,24.27,87.48,2.31,3.7898
20211117,Davanagere,14.4644,75.9218,24.08,88.43,1.9,4.3884
20211118,Davanagere,14.4644,75.9218,22.64,88.57,1.59,3.4058
20211119,Davanagere,14.4644,75.9218,22.08,94.22,2.0,1.2922
20211120,Davanagere,14.4644,75.9218,23.84,90.37,2.4,2.5812
20211121,Davanagere,14.4644,75.9218,23.1,91.37,1.51,3.823
20211122,Davanagere,14.4644,75.9218,23.39,88.27,1.53,3.601
20211123,Davanagere,14.4644,75.9218,23.88,87.16,1.44,4.8094
20211124,Davanagere,14.4644,75.9218,23.82,86.02,1.86,4.2506
20211125,Davanagere,14.4644,75.9218,23.49,85.95,2.53,5.0822
20211126,Davanagere,14.4644,75.9218,22.99,84.98,2.11,5.2243
20211127,Davanagere,14.4644,75.9218,21.8,84.74,2.49,3.96
20211128,Davanagere,14.4644,75.9218,19.42,88.75,2.91,3.6079
20211129,Davanagere,14.4644,75.9218,22.06,86.66,3.22,2.9359
20211130,Davanagere,14.4644,75.9218,22.83,85.74,3.47,3.8258
20211201,Davanagere,14.4644,75.9218,22.97,86.08,2.74,4.4124
20211202,Davanagere,14.4644,75.9218,23.46,85.16,1.0,3.4037
20211203,Davanagere,14.4644,75.9218,23.82,82.74,0.81,4.3704
20211204,Davanagere,14.4644,75.9218,23.85,85.07,0.73,4.3361
20211205,Davanagere,14.4644,75.9218,23.23,84.09,1.2,4.6222
20211206,Davanagere,14.4644,75.9218,22.35,79.15,1.17,5.2315
20211207,Davanagere,14.4644,75.9218,22.11,77.74,1.45,5.3098
20211208,Davanagere,14.4644,75.9218,21.76,75.72,2.07,5.3837
20211209,Davanagere,14.4644,75.9218,22.41,79.17,1.83,4.3644
20211210,Davanagere,14.4644,75.9218,22.64,80.68,2.9,3.2628
20211211,Davanagere,14.4644,75.9218,22.31,83.04,3.14,4.7892
20211212,Davanagere,14.4644,75.9218,22.44,80.95,3.21,4.5334
20211213,Davanagere,14.4644,75.9218,21.63,83.22,2.78,5.0976
20211214,Davanagere,14.4644,75.9218,22.24,82.69,2.96,4.0728
20211215,Davanagere,14.4644,75.9218,20.72,86.2,2.62,3.9492
20211216,Davanagere,14.4644,75.9218,21.34,80.11,2.59,4.7563
20211217,Davanagere,14.4644,75.9218,21.1,75.73,2.07,5.0566
20211218,Davanagere,14.4644,75.9218,19.58,74.7,2.52,5.0993
20211219,Davanagere,14.4644,75.9218,18.75,69.82,2.73,5.5342
20211220,Davanagere,14.4644,75.9218,18.47,73.04,2.64,5.4574
20211221,Davanagere,14.4644,75.9218,19.8,68.13,1.25,5.4677
20211222,Davanagere,14.4644,75.9218,20.43,63.97,1.37,5.4065
20211223,Davanagere,14.4644,75.9218,21.0,67.55,0.94,5.2668
20211224,Davanagere,14.4644,75.9218,21.53,65.72,0.91,5.3189
20211225,Davanagere,14.4644,75.9218,22.37,62.56,0.75,5.2992
20211226,Davanagere,14.4644,75.9218,21.56,63.21,1.27,5.4898
20211227,Davanagere,14.4644,75.9218,21.09,69.52,2.18,5.1072
20211228,Davanagere,14.4644,75.9218,20.69,68.93,2.22,5.5241
20211229,Davanagere,14.4644,75.9218,20.96,72.32,2.41,5.4552
20211230,Davanagere,14.4644,75.9218,21.46,71.06,3.39,5.592
20211231,Davanagere,14.4644,75.9218,22.36,77.77,3.94,3.8117
20220101,Davanagere,14.4644,75.9218,22.56,76.69,3.25,4.1198
20220102,Davanagere,14.4644,75.9218,22.36,71.82,3.2,5.5078
20220103,Davanagere,14.4644,75.9218,21.75,70.27,2.46,5.4317
20220104,Davanagere,14.4644,75.9218,21.29,70.08,2.65,5.4079
20220105,Davanagere,14.4644,75.9218,21.13,67.73,1.39,5.2812
20220106,Davanagere,14.4644,75.9218,21.51,65.55,1.58,5.4746
20220107,Davanagere,14.4644,75.9218,21.97,73.75,1.58,5.0352
20220108,Davanagere,14.4644,75.9218,22.79,75.52,1.12,4.9999
20220109,Davanagere,14.4644,75.9218,22.55,75.91,1.39,5.0681
20220110,Davanagere,14.4644,75.9218,22.44,74.51,1.35,5.0856
20220111,Davanagere,14.4644,75.9218,22.57,74.88,1.89,5.5752
20220112,Davanagere,14.4644,75.9218,21.18,75.79,1.93,5.5793
20220113,Davanagere,14.4644,75.9218,20.33,77.33,2.4,5.5178
20220114,Davanagere,14.4644,75.9218,20.3,78.25,2.14,5.8183
20220115,Davanagere,14.4644,75.9218,21.44,71.98,1.3,5.8534
20220116,Davanagere,14.4644,75.9218,23.43,69.33,2.11,5.034
20220117,Davanagere,14.4644,75.9218,23.63,68.24,3.02,4.7597
20220118,Davanagere,14.4644,75.9218,22.83,66.31,2.62,5.6023
20220119,Davanagere,14.4644,75.9218,22.6,59.24,2.03,5.7012
20220120,Davanagere,14.4644,75.9218,22.48,57.87,1.67,5.927
20220121,Davanagere,14.4644,75.9218,22.65,65.39,2.07,5.9556
20220122,Davanagere,14.4644,75.9218,22.18,75.22,2.69,5.8342
20220123,Davanagere,14.4644,75.9218,21.33,75.76,2.78,6.0463
20220124,Davanagere,14.4644,75.9218,20.44,71.78,2.39,5.6542
20220125,Davanagere,14.4644,75.9218,20.09,70.16,2.04,5.9921
20220126,Davanagere,14.4644,75.9218,21.66,66.99,0.9,5.557
20220127,Davanagere,14.4644,75.9218,22.44,65.77,2.81,4.6094
20220128,Davanagere,14.4644,75.9218,22.17,61.46,3.83,5.4394
20220129,Davanagere,14.4644,75.9218,22.67,59.42,3.07,6.0067
20220130,Davanagere,14.4644,75.9218,24.18,65.15,1.67,5.8637
20220131,Davanagere,14.4644,75.9218,24.78,64.87,1.26,6.2002
20220201,Davanagere,14.4644,75.9218,24.87,59.34,0.87,6.0898
20220202,Davanagere,14.4644,75.9218,24.65,64.25,1.48,6.0641
20220203,Davanagere,14.4644,75.9218,23.7,67.72,2.37,6.0202
20220204,Davanagere,14.4644,75.9218,21.85,69.4,2.57,6.4327
20220205,Davanagere,14.4644,75.9218,22.57,67.49,1.65,6.4186
20220206,Davanagere,14.4644,75.9218,23.88,68.42,2.14,5.6842
20220207,Davanagere,14.4644,75.9218,24.88,65.24,1.58,6.0948
20220208,Davanagere,14.4644,75.9218,24.58,67.0,1.85,5.8822
20220209,Davanagere,14.4644,75.9218,25.11,61.96,1.09,5.6758
20220210,Davanagere,14.4644,75.9218,25.62,53.04,1.19,5.9772
20220211,Davanagere,14.4644,75.9218,24.62,45.09,3.51,6.186
20220212,Davanagere,14.4644,75.9218,24.41,48.14,2.86,6.5491
20220213,Davanagere,14.4644,75.9218,24.19,48.41,2.1,6.317
20220214,Davanagere,14.4644,75.9218,23.83,48.74,1.56,6.2263
20220215,Davanagere,14.4644,75.9218,23.99,56.79,2.01,5.2927
20220216,Davanagere,14.4644,75.9218,23.89,59.95,1.95,5.0359
20220217,Davanagere,14.4644,75.9218,24.03,59.17,1.13,5.3191
20220218,Davanagere,14.4644,75.9218,25.6,54.83,1.4,5.8315
20220219,Davanagere,14.4644,75.9218,25.74,49.08,1.72,6.3461
20220220,Davanagere,14.4644,75.9218,25.4,54.98,2.57,6.5302
20220221,Davanagere,14.4644,75.9218,25.5,61.63,2.21,6.6226
20220222,Davanagere,14.4644,75.9218,26.09,52.21,0.9,6.4872
20220223,Davanagere,14.4644,75.9218,26.94,43.04,2.7,6.3228
20220224,Davanagere,14.4644,75.9218,26.08,39.04,2.31,6.7586
20220225,Davanagere,14.4644,75.9218,25.1,31.51,3.0,7.037
20220226,Davanagere,14.4644,75.9218,24.52,29.24,3.29,7.2734
20220227,Davanagere,14.4644,75.9218,24.5,39.99,2.68,7.1045
20220228,Davanagere,14.4644,75.9218,24.84,39.42,2.42,7.1462
20220301,Davanagere,14.4644,75.9218,25.42,34.42,2.75,7.1424
20220302,Davanagere,14.4644,75.9218,25.69,29.42,3.59,7.0963
20220303,Davanagere,14.4644,75.9218,25.83,29.84,4.02,7.3418
20220304,Davanagere,14.4644,75.9218,26.18,32.86,3.32,7.1942
20220305,Davanagere,14.4644,75.9218,26.64,30.74,3.18,6.9173
20220306,Davanagere,14.4644,75.9218,26.8,39.65,3.39,6.5642
20220307,Davanagere,14.4644,75.9218,27.46,39.35,4.28,6.9953
20220308,Davanagere,14.4644,75.9218,28.32,41.79,1.77,6.347
20220309,Davanagere,14.4644,75.9218,28.59,41.16,1.84,6.5222
20220310,Davanagere,14.4644,75.9218,28.5,36.87,1.71,6.342
20220311,Davanagere,14.4644,75.9218,28.53,36.61,1.81,6.5815
20220312,Davanagere,14.4644,75.9218,26.93,33.87,2.27,6.366
20220313,Davanagere,14.4644,75.9218,27.89,33.88,3.16,6.4918
20220314,Davanagere,14.4644,75.9218,27.69,33.47,2.59,6.2338
20220315,Davanagere,14.4644,75.9218,28.57,27.17,1.89,6.911
20220316,Davanagere,14.4644,75.9218,28.19,41.8,1.65,6.7514
20220317,Davanagere,14.4644,75.9218,28.89,38.46,1.26,6.132
20220318,Davanagere,14.4644,75.9218,28.55,57.32,2.8,6.1913
20220319,Davanagere,14.4644,75.9218,27.39,61.68,3.7,5.3311
20220320,Davanagere,14.4644,75.9218,26.53,63.96,3.32,4.9824
20220321,Davanagere,14.4644,75.9218,27.84,59.39,2.5,5.9808
20220322,Davanagere,14.4644,75.9218,28.29,58.34,2.04,4.8629
20220323,Davanagere,14.4644,75.9218,29.5,56.06,1.71,5.777
20220324,Davanagere,14.4644,75.9218,28.4,60.42,2.35,3.8107
20220325,Davanagere,14.4644,75.9218,29.3,56.6,2.1,5.1502
20220326,Davanagere,14.4644,75.9218,29.75,54.76,1.69,5.8622
20220327,Davanagere,14.4644,75.9218,30.53,50.23,1.59,6.1176
20220328,Davanagere,14.4644,75.9218,30.63,49.32,1.55,5.9458
20220329,Davanagere,14.4644,75.9218,30.92,53.31,2.23,6.3394
20220330,Davanagere,14.4644,75.9218,30.86,52.58,2.23,6.6254
20220331,Davanagere,14.4644,75.9218,30.83,49.82,2.02,6.8532
20220401,Davanagere,14.4644,75.9218,30.72,50.67,2.06,6.557
20220402,Davanagere,14.4644,75.9218,30.55,48.16,1.66,6.4253
20220403,Davanagere,14.4644,75.9218,30.91,38.42,2.22,6.4111
20220404,Davanagere,14.4644,75.9218,30.98,38.87,1.93,6.8227
20220405,Davanagere,14.4644,75.9218,30.94,40.73,2.16,6.6542
20220406,Davanagere,14.4644,75.9218,31.52,30.34,2.69,6.0626
20220407,Davanagere,14.4644,75.9218,31.82,33.58,2.41,6.4855
20220408,Davanagere,14.4644,75.9218,31.32,33.45,1.96,6.2621
20220409,Davanagere,14.4644,75.9218,30.45,46.93,1.34,5.4492
20220410,Davanagere,14.4644,75.9218,29.57,48.42,1.22,5.5265
20220411,Davanagere,14.4644,75.9218,31.15,41.81,1.97,6.1214
20220412,Davanagere,14.4644,75.9218,31.32,33.88,2.45,5.1842
20220413,Davanagere,14.4644,75.9218,30.35,46.09,2.16,5.0388
20220414,Davanagere,14.4644,75.9218,28.68,57.18,2.36,3.7126
20220415,Davanagere,14.4644,75.9218,28.38,57.3,1.91,3.1298
20220416,Davanagere,14.4644,75.9218,29.32,57.7,2.5,5.7341
20220417,Davanagere,14.4644,75.9218,28.21,64.8,2.62,7.1446
20220418,Davanagere,14.4644,75.9218,27.39,70.87,1.48,6.7171
20220419,Davanagere,14.4644,75.9218,26.06,74.35,1.9,5.5514
20220420,Davanagere,14.4644,75.9218,28.47,63.11,0.93,7.0174
20220421,Davanagere,14.4644,75.9218,28.25,65.68,1.12,6.8515
20220422,Davanagere,14.4644,75.9218,27.16,71.42,1.42,7.0291
20220423,Davanagere,14.4644,75.9218,27.15,67.39,1.37,5.8709
20220424,Davanagere,14.4644,75.9218,27.41,64.28,2.07,6.7918
20220425,Davanagere,14.4644,75.9218,28.3,61.75,1.24,6.5237
20220426,Davanagere,14.4644,75.9218,28.18,67.37,1.62,5.6203
20220427,Davanagere,14.4644,75.9218,29.8,59.13,0.93,6.9526
20220428,Davanagere,14.4644,75.9218,27.69,72.28,1.82,6.786
20220429,Davanagere,14.4644,75.9218,29.06,65.79,1.41,6.8042
20220430,Davanagere,14.4644,75.9218,29.24,64.21,3.04,6.6338
20220501,Davanagere,14.4644,75.9218,29.24,60.56,2.71,6.9583
20220502,Davanagere,14.4644,75.9218,29.0,61.93,3.0,7.0512
20220503,Davanagere,14.4644,75.9218,29.22,61.95,2.65,7.2845
20220504,Davanagere,14.4644,75.9218,27.55,73.52,1.79,6.1238
20220505,Davanagere,14.4644,75.9218,25.78,80.31,1.98,5.5373
20220506,Davanagere,14.4644,75.9218,27.29,73.63,1.9,6.2892
20220507,Davanagere,14.4644,75.9218,28.15,68.25,2.83,6.8813
20220508,Davanagere,14.4644,75.9218,28.5,69.93,2.18,6.013
20220509,Davanagere,14.4644,75.9218,27.84,73.78,3.57,5.0527
20220510,Davanagere,14.4644,75.9218,28.08,69.71,4.9,3.791
20220511,Davanagere,14.4644,75.9218,25.96,78.4,4.97,2.4586
20220512,Davanagere,14.4644,75.9218,25.17,80.57,4.44,2.8133
20220513,Davanagere,14.4644,75.9218,26.37,78.11,3.4,4.6812
20220514,Davanagere,14.4644,75.9218,27.37,72.7,2.92,6.1781
20220515,Davanagere,14.4644,75.9218,26.03,80.32,3.02,5.1833
20220516,Davanagere,14.4644,75.9218,26.32,82.18,2.88,5.911
20220517,Davanagere,14.4644,75.9218,25.25,78.47,3.58,2.4523
20220518,Davanagere,14.4644,75.9218,26.36,77.05,1.76,2.2975
20220519,Davanagere,14.4644,75.9218,24.16,89.3,3.91,0.9686
20220520,Davanagere,14.4644,75.9218,23.24,86.37,4.15,1.7486
20220521,Davanagere,14.4644,75.9218,24.06,83.57,3.74,2.189
20220522,Davanagere,14.4644,75.9218,25.28,84.56,4.34,6.1966
20220523,Davanagere,14.4644,75.9218,25.81,83.37,3.69,6.8818
20220524,Davanagere,14.4644,75.9218,26.13,83.14,3.14,6.9902
20220525,Davanagere,14.4644,75.9218,27.01,77.22,2.29,6.805
20220526,Davanagere,14.4644,75.9218,26.04,80.13,3.33,7.1398
20220527,Davanagere,14.4644,75.9218,25.67,78.26,3.77,7.2062
20220528,Davanagere,14.4644,75.9218,25.66,75.8,3.86,7.4431
20220529,Davanagere,14.4644,75.9218,25.85,74.99,3.66,7.1849
20220530,Davanagere,14.4644,75.9218,26.37,75.08,3.25,7.3723
20220531,Davanagere,14.4644,75.9218,25.99,78.55,2.58,5.9542
20220601,Davanagere,14.4644,75.9218,24.89,83.81,3.08,6.1068
20220602,Davanagere,14.4644,75.9218,25.18,80.64,2.67,6.2659
20220603,Davanagere,14.4644,75.9218,25.34,81.92,2.92,6.9533
20220604,Davanagere,14.4644,75.9218,26.88,72.07,2.79,6.9389
20220605,Davanagere,14.4644,75.9218,25.17,83.24,2.71,6.4946
20220606,Davanagere,14.4644,75.9218,25.54,81.08,2.22,5.7226
20220607,Davanagere,14.4644,75.9218,25.25,80.47,2.82,4.6051
20220608,Davanagere,14.4644,75.9218,24.86,79.92,3.76,5.1149
20220609,Davanagere,14.4644,75.9218,25.34,79.06,4.22,5.7967
20220610,Davanagere,14.4644,75.9218,25.05,80.22,4.19,4.7522
20220611,Davanagere,14.4644,75.9218,25.09,76.61,4.33,5.3671
20220612,Davanagere,14.4644,75.9218,24.43,75.31,3.83,5.0563
20220613,Davanagere,14.4644,75.9218,25.13,78.39,3.42,5.8577
20220614,Davanagere,14.4644,75.9218,25.07,77.1,3.76,6.3706
20220615,Davanagere,14.4644,75.9218,25.19,79.78,3.42,4.71
20220616,Davanagere,14.4644,75.9218,24.81,78.5,3.22,5.563
20220617,Davanagere,14.4644,75.9218,24.75,80.0,3.06,5.2294
20220618,Davanagere,14.4644,75.9218,24.32,81.43,3.01,5.2219
20220619,Davanagere,14.4644,75.9218,24.3,80.74,3.66,5.1326
20220620,Davanagere,14.4644,75.9218,23.7,79.86,4.18,4.6123
20220621,Davanagere,14.4644,75.9218,23.87,83.86,3.98,3.7042
20220622,Davanagere,14.4644,75.9218,24.07,85.19,3.41,3.5726
20220623,Davanagere,14.4644,75.9218,24.56,80.02,3.88,4.8955
20220624,Davanagere,14.4644,75.9218,24.4,85.66,4.35,4.2698
20220625,Davanagere,14.4644,75.9218,23.96,82.75,4.99,4.397
20220626,Davanagere,14.4644,75.9218,24.61,81.25,5.17,4.9061
20220627,Davanagere,14.4644,75.9218,24.24,85.0,4.64,5.4485
20220628,Davanagere,14.4644,75.9218,24.6,83.55,3.57,5.1262
20220629,Davanagere,14.4644,75.9218,24.61,84.54,4.22,5.2627
20220630,Davanagere,14.4644,75.9218,25.06,82.91,4.44,4.0586
20220701,Davanagere,14.4644,75.9218,24.63,84.86,4.21,3.7207
20220702,Davanagere,14.4644,75.9218,24.64,84.11,4.3,4.6034
20220703,Davanagere,14.4644,75.9218,24.86,82.32,5.07,4.6442
20220704,Davanagere,14.4644,75.9218,23.91,87.58,5.67,2.2687
20220705,Davanagere,14.4644,75.9218,24.16,86.26,5.63,2.3635
20220706,Davanagere,14.4644,75.9218,24.44,83.81,5.18,2.995
20220707,Davanagere,14.4644,75.9218,23.91,85.01,5.25,2.9597
20220708,Davanagere,14.4644,75.9218,23.09,88.51,5.36,3.1334
20220709,Davanagere,14.4644,75.9218,23.29,89.67,5.27,2.9285
20220710,Davanagere,14.4644,75.9218,23.44,86.9,5.62,2.8423
20220711,Davanagere,14.4644,75.9218,23.34,87.71,5.66,2.1108
20220712,Davanagere,14.4644,75.9218,23.79,85.66,6.37,2.993
20220713,Davanagere,14.4644,75.9218,22.84,87.48,7.13,2.0976
20220714,Davanagere,14.4644,75.9218,23.19,86.15,7.88,3.2582
20220715,Davanagere,14.4644,75.9218,24.03,83.15,7.24,4.2058
20220716,Davanagere,14.4644,75.9218,24.17,85.63,6.37,2.2714
20220717,Davanagere,14.4644,75.9218,23.99,86.84,5.19,3.9262
20220718,Davanagere,14.4644,75.9218,23.02,87.13,4.86,3.7212
20220719,Davanagere,14.4644,75.9218,23.48,84.83,3.84,4.7813
20220720,Davanagere,14.4644,75.9218,24.48,83.42,3.55,4.697
20220721,Davanagere,14.4644,75.9218,24.3,84.37,3.42,4.949
20220722,Davanagere,14.4644,75.9218,23.26,87.14,3.61,3.3955
20220723,Davanagere,14.4644,75.9218,23.66,84.14,4.16,3.1783
20220724,Davanagere,14.4644,75.9218,23.99,83.27,4.22,3.7853
20220725,Davanagere,14.4644,75.9218,23.86,84.41,3.56,4.2379
20220726,Davanagere,14.4644,75.9218,23.71,84.69,3.05,4.8122
20220727,Davanagere,14.4644,75.9218,24.85,82.33,1.45,5.3947
20220728,Davanagere,14.4644,75.9218,25.55,80.61,1.17,5.5207
20220729,Davanagere,14.4644,75.9218,26.59,77.68,1.02,5.4751
20220730,Davanagere,14.4644,75.9218,25.19,86.6,1.44,6.1354
20220731,Davanagere,14.4644,75.9218,24.56,86.71,2.71,5.5666
20220801,Davanagere,14.4644,75.9218,23.88,91.74,3.86,4.1213
20220802,Davanagere,14.4644,75.9218,23.59,93.06,2.44,3.9403
20220803,Davanagere,14.4644,75.9218,23.89,90.51,1.69,2.4266
20220804,Davanagere,14.4644,75.9218,23.96,89.56,3.11,4.5185
20220805,Davanagere,14.4644,75.9218,23.35,91.65,4.31,3.8935
20220806,Davanagere,14.4644,75.9218,23.59,88.23,6.22,3.3581
20220807,Davanagere,14.4644,75.9218,23.33,90.64,5.53,3.7418
20220808,Davanagere,14.4644,75.9218,23.01,91.81,6.04,2.1847
20220809,Davanagere,14.4644,75.9218,23.04,88.88,6.89,3.4176
20220810,Davanagere,14.4644,75.9218,22.88,87.09,6.85,3.5018
20220811,Davanagere,14.4644,75.9218,23.51,86.73,6.58,4.1758
20220812,Davanagere,14.4644,75.9218,23.24,87.08,5.47,4.271
20220813,Davanagere,14.4644,75.9218,22.88,86.41,4.48,3.9898
20220814,Davanagere,14.4644,75.9218,22.43,89.09,4.05,4.3284
20220815,Davanagere,14.4644,75.9218,23.55,86.31,3.79,4.6349
20220816,Davanagere,14.4644,75.9218,23.97,84.95,3.2,4.4194
20220817,Davanagere,14.4644,75.9218,23.97,85.19,3.29,5.0592
20220818,Davanagere,14.4644,75.9218,23.69,85.0,3.75,4.6186
20220819,Davanagere,14.4644,75.9218,23.5,84.47,4.22,4.1578
20220820,Davanagere,14.4644,75.9218,23.24,85.61,4.12,4.595
20220821,Davanagere,14.4644,75.9218,24.09,85.35,4.09,4.3046
20220822,Davanagere,14.4644,75.9218,24.0,85.2,4.83,4.0118
20220823,Davanagere,14.4644,75.9218,24.11,84.91,4.1,4.5293
20220824,Davanagere,14.4644,75.9218,23.8,84.97,3.69,4.0949
20220825,Davanagere,14.4644,75.9218,23.97,85.1,2.9,5.1065
20220826,Davanagere,14.4644,75.9218,23.73,86.77,2.38,4.8226
20220827,Davanagere,14.4644,75.9218,23.15,86.53,2.59,4.1345
20220828,Davanagere,14.4644,75.9218,23.65,86.6,2.35,4.7174
20220829,Davanagere,14.4644,75.9218,23.93,89.52,2.12,4.2785
20220830,Davanagere,14.4644,75.9218,23.33,90.24,2.1,4.4162
20220831,Davanagere,14.4644,75.9218,24.57,86.97,2.33,5.7989
20220901,Davanagere,14.4644,75.9218,25.24,81.89,1.01,4.7105
20220902,Davanagere,14.4644,75.9218,24.89,85.26,1.75,5.1542
20220903,Davanagere,14.4644,75.9218,25.58,83.12,1.04,5.4221
20220904,Davanagere,14.4644,75.9218,25.12,87.92,1.84,5.1828
20220905,Davanagere,14.4644,75.9218,24.3,87.77,1.83,3.8892
20220906,Davanagere,14.4644,75.9218,24.48,85.81,1.17,5.0436
20220907,Davanagere,14.4644,75.9218,24.53,84.98,1.67,4.9903
20220908,Davanagere,14.4644,75.9218,23.27,90.77,3.19,4.0106
20220909,Davanagere,14.4644,75.9218,23.62,90.13,3.17,3.7728
20220910,Davanagere,14.4644,75.9218,23.3,89.53,3.56,3.7337
20220911,Davanagere,14.4644,75.9218,22.77,90.64,4.89,3.1332
20220912,Davanagere,14.4644,75.9218,23.68,88.18,5.99,3.5786
20220913,Davanagere,14.4644,75.9218,23.51,89.07,4.33,4.1592
20220914,Davanagere,14.4644,75.9218,23.27,88.83,3.7,4.5192
20220915,Davanagere,14.4644,75.9218,22.94,89.79,3.75,4.373
20220916,Davanagere,14.4644,75.9218,23.17,89.18,3.95,4.2499
20220917,Davanagere,14.4644,75.9218,23.61,88.48,3.2,4.925
20220918,Davanagere,14.4644,75.9218,23.84,87.12,3.09,4.8866
20220919,Davanagere,14.4644,75.9218,23.16,86.45,3.14,5.9688
20220920,Davanagere,14.4644,75.9218,22.72,85.86,2.69,5.0388
20220921,Davanagere,14.4644,75.9218,22.94,85.63,2.74,5.3306
20220922,Davanagere,14.4644,75.9218,22.79,84.32,3.02,5.3681
20220923,Davanagere,14.4644,75.9218,22.67,86.72,2.88,3.9151
20220924,Davanagere,14.4644,75.9218,23.26,85.45,2.7,5.5541
20220925,Davanagere,14.4644,75.9218,23.84,83.6,2.36,5.6129
20220926,Davanagere,14.4644,75.9218,23.82,83.08,2.5,5.1893
20220927,Davanagere,14.4644,75.9218,23.7,82.54,2.32,6.2179
20220928,Davanagere,14.4644,75.9218,23.76,83.47,2.76,5.6131
20220929,Davanagere,14.4644,75.9218,22.89,88.33,2.81,5.7077
20220930,Davanagere,14.4644,75.9218,23.3,89.28,2.52,1.9058
20221001,Davanagere,14.4644,75.9218,22.65,91.76,3.15,3.3082
20221002,Davanagere,14.4644,75.9218,23.14,88.36,2.49,4.2206
20221003,Davanagere,14.4644,75.9218,24.2,84.23,2.39,4.4486
20221004,Davanagere,14.4644,75.9218,23.93,85.78,2.08,4.8828
20221005,Davanagere,14.4644,75.9218,23.82,85.54,2.2,4.3193
20221006,Davanagere,14.4644,75.9218,22.46,91.8,3.08,2.376
20221007,Davanagere,14.4644,75.9218,22.95,85.78,2.95,3.3122
20221008,Davanagere,14.4644,75.9218,23.51,82.3,1.73,6.3869
20221009,Davanagere,14.4644,75.9218,23.78,85.46,1.07,5.5414
20221010,Davanagere,14.4644,75.9218,24.22,87.38,1.24,3.0439
20221011,Davanagere,14.4644,75.9218,23.77,90.25,2.67,3.9017
20221012,Davanagere,14.4644,75.9218,22.74,90.9,1.61,3.9667
20221013,Davanagere,14.4644,75.9218,23.36,90.17,0.69,3.6744
20221014,Davanagere,14.4644,75.9218,24.19,88.88,1.08,4.734
20221015,Davanagere,14.4644,75.9218,24.04,87.64,1.8,5.0472
20221016,Davanagere,14.4644,75.9218,24.05,89.65,1.67,4.1294
20221017,Davanagere,14.4644,75.9218,23.63,91.86,1.05,4.3522
20221018,Davanagere,14.4644,75.9218,24.35,87.1,1.82,4.8972
20221019,Davanagere,14.4644,75.9218,24.24,85.1,0.89,4.5514
20221020,Davanagere,14.4644,75.9218,24.51,84.86,0.91,5.1518
20221021,Davanagere,14.4644,75.9218,24.35,83.09,2.15,5.5992
20221022,Davanagere,14.4644,75.9218,23.82,85.24,2.17,4.5384
20221023,Davanagere,14.4644,75.9218,21.46,76.81,1.9,6.2222
20221024,Davanagere,14.4644,75.9218,21.37,65.65,1.45,6.5911
20221025,Davanagere,14.4644,75.9218,22.23,61.93,0.94,6.4327
20221026,Davanagere,14.4644,75.9218,21.19,71.07,1.69,6.3962
20221027,Davanagere,14.4644,75.9218,21.17,71.84,1.88,6.4454
20221028,Davanagere,14.4644,75.9218,21.93,78.63,2.21,4.4626
20221029,Davanagere,14.4644,75.9218,23.03,81.25,2.78,4.5919
20221030,Davanagere,14.4644,75.9218,22.97,77.0,2.69,5.1665
20221031,Davanagere,14.4644,75.9218,21.61,74.38,2.07,5.9023
20221101,Davanagere,14.4644,75.9218,22.41,78.92,1.83,5.2109
20221102,Davanagere,14.4644,75.9218,22.35,84.71,2.42,3.8443
20221103,Davanagere,14.4644,75.9218,22.43,79.44,2.32,4.2029
20221104,Davanagere,14.4644,75.9218,23.33,78.24,2.85,5.4552
20221105,Davanagere,14.4644,75.9218,23.68,77.47,2.63,5.7571
20221106,Davanagere,14.4644,75.9218,23.81,77.67,2.34,5.0626
20221107,Davanagere,14.4644,75.9218,23.52,76.99,2.33,5.5558
20221108,Davanagere,14.4644,75.9218,22.27,72.72,2.38,5.8714
20221109,Davanagere,14.4644,75.9218,22.0,71.82,1.93,5.7074
20221110,Davanagere,14.4644,75.9218,21.83,75.15,2.55,4.7064
20221111,Davanagere,14.4644,75.9218,22.62,77.2,3.02,4.5955
20221112,Davanagere,14.4644,75.9218,22.16,83.19,3.18,3.3173
20221113,Davanagere,14.4644,75.9218,22.21,86.89,3.17,3.5124
20221114,Davanagere,14.4644,75.9218,23.0,85.3,2.12,4.951
20221115,Davanagere,14.4644,75.9218,23.48,83.27,1.98,4.6037
20221116,Davanagere,14.4644,75.9218,22.69,74.82,1.98,5.2265
20221117,Davanagere,14.4644,75.9218,20.46,66.06,1.9,5.6921
20221118,Davanagere,14.4644,75.9218,19.83,65.6,1.88,5.5486
20221119,Davanagere,14.4644,75.9218,19.34,67.73,2.18,5.8142
20221120,Davanagere,14.4644,75.9218,19.25,69.23,1.84,5.3628
20221121,Davanagere,14.4644,75.9218,20.53,71.74,1.67,5.2853
20221122,Davanagere,14.4644,75.9218,21.89,84.36,1.49,2.2908
20221123,Davanagere,14.4644,75.9218,23.35,83.37,1.68,3.2635
20221124,Davanagere,14.4644,75.9218,24.33,78.08,2.49,3.6017
20221125,Davanagere,14.4644,75.9218,24.52,74.21,2.24,4.692
20221126,Davanagere,14.4644,75.9218,24.86,74.46,1.61,4.7443
20221127,Davanagere,14.4644,75.9218,25.01,76.02,0.79,4.6138
20221128,Davanagere,14.4644,75.9218,25.07,77.98,0.59,3.4469
20221129,Davanagere,14.4644,75.9218,24.6,72.71,1.35,3.8707
20221130,Davanagere,14.4644,75.9218,21.82,65.35,2.03,5.2274
20221201,Davanagere,14.4644,75.9218,22.52,66.37,1.93,5.3215
20221202,Davanagere,14.4644,75.9218,24.68,74.44,2.13,4.4549
20221203,Davanagere,14.4644,75.9218,25.1,71.05,2.42,5.1898
20221204,Davanagere,14.4644,75.9218,25.06,66.89,2.48,4.9066
20221205,Davanagere,14.4644,75.9218,24.51,70.19,2.58,4.2838
20221206,Davanagere,14.4644,75.9218,23.9,68.9,2.37,4.9562
20221207,Davanagere,14.4644,75.9218,22.52,63.17,2.3,3.8801
20221208,Davanagere,14.4644,75.9218,21.56,59.84,1.69,4.062
20221209,Davanagere,14.4644,75.9218,21.44,60.16,2.12,4.6222
20221210,Davanagere,14.4644,75.9218,21.63,80.57,2.96,2.7674
20221211,Davanagere,14.4644,75.9218,22.55,82.79,2.12,1.7434
20221212,Davanagere,14.4644,75.9218,21.08,91.26,3.26,2.388
20221213,Davanagere,14.4644,75.9218,23.32,83.08,3.28,3.1865
20221214,Davanagere,14.4644,75.9218,23.82,76.92,2.48,3.9458
20221215,Davanagere,14.4644,75.9218,23.37,71.94,2.27,5.5104
20221216,Davanagere,14.4644,75.9218,22.34,65.39,2.16,5.6966
20221217,Davanagere,14.4644,75.9218,23.18,70.18,2.39,5.2426
20221218,Davanagere,14.4644,75.9218,23.0,76.28,2.64,4.2218
20221219,Davanagere,14.4644,75.9218,22.04,72.62,2.7,5.1494
20221220,Davanagere,14.4644,75.9218,20.97,63.5,2.51,5.4334
20221221,Davanagere,14.4644,75.9218,20.72,66.32,2.41,5.58
20221222,Davanagere,14.4644,75.9218,21.44,63.03,2.43,5.5939
20221223,Davanagere,14.4644,75.9218,21.71,63.29,2.26,5.5766
20221224,Davanagere,14.4644,75.9218,22.2,64.02,2.25,5.695
20221225,Davanagere,14.4644,75.9218,22.97,71.11,2.63,5.352
20221226,Davanagere,14.4644,75.9218,24.89,72.31,3.29,4.205
20221227,Davanagere,14.4644,75.9218,25.19,70.84,2.95,5.2219
20221228,Davanagere,14.4644,75.9218,25.5,68.47,2.33,5.2754
20221229,Davanagere,14.4644,75.9218,24.97,64.92,2.24,5.1972
20221230,Davanagere,14.4644,75.9218,24.22,57.9,2.02,5.6011
20221231,Davanagere,14.4644,75.9218,23.29,56.21,1.18,5.5349
20230101,Davanagere,14.4644,75.9218,23.38,61.11,0.48,5.2546
20230102,Davanagere,14.4644,75.9218,22.86,58.26,2.74,5.3318
20230103,Davanagere,14.4644,75.9218,22.9,60.07,2.32,5.503
20230104,Davanagere,14.4644,75.9218,22.6,59.75,2.61,5.5337
20230105,Davanagere,14.4644,75.9218,22.35,61.5,3.57,5.5399
20230106,Davanagere,14.4644,75.9218,22.74,63.57,4.14,5.3038
20230107,Davanagere,14.4644,75.9218,22.49,66.43,3.22,4.5098
20230108,Davanagere,14.4644,75.9218,22.31,60.58,2.79,4.8648
20230109,Davanagere,14.4644,75.9218,20.71,48.68,2.52,5.7986
20230110,Davanagere,14.4644,75.9218,21.03,49.36,3.1,5.9945
20230111,Davanagere,14.4644,75.9218,21.59,50.46,2.2,5.9582
20230112,Davanagere,14.4644,75.9218,22.58,41.11,1.72,6.0144
20230113,Davanagere,14.4644,75.9218,22.62,40.47,0.97,5.9018
20230114,Davanagere,14.4644,75.9218,22.49,46.25,1.37,5.635
20230115,Davanagere,14.4644,75.9218,22.82,40.78,1.67,5.8682
20230116,Davanagere,14.4644,75.9218,22.97,38.83,1.64,5.8805
20230117,Davanagere,14.4644,75.9218,22.09,44.27,1.84,6.1061
20230118,Davanagere,14.4644,75.9218,22.09,45.41,2.37,6.0994
20230119,Davanagere,14.4644,75.9218,22.25,47.18,2.73,6.1958
20230120,Davanagere,14.4644,75.9218,21.87,45.71,2.68,6.1951
20230121,Davanagere,14.4644,75.9218,22.41,57.45,2.4,5.6534
20230122,Davanagere,14.4644,75.9218,22.42,51.92,2.84,5.9369
20230123,Davanagere,14.4644,75.9218,23.41,55.71,2.2,5.8414
20230124,Davanagere,14.4644,75.9218,24.96,62.92,1.13,4.1609
20230125,Davanagere,14.4644,75.9218,24.13,62.15,1.27,4.7184
20230126,Davanagere,14.4644,75.9218,23.99,45.47,1.95,5.9388
20230127,Davanagere,14.4644,75.9218,22.99,46.69,3.16,6.0929
20230128,Davanagere,14.4644,75.9218,22.85,43.14,3.06,6.2964
20230129,Davanagere,14.4644,75.9218,23.25,46.84,3.44,6.2134
20230130,Davanagere,14.4644,75.9218,24.3,58.83,2.45,5.6748
20230131,Davanagere,14.4644,75.9218,25.35,56.64,2.99,4.8379
20230201,Davanagere,14.4644,75.9218,25.63,47.46,3.09,5.0796
20230202,Davanagere,14.4644,75.9218,25.75,46.04,3.52,5.3122
20230203,Davanagere,14.4644,75.9218,25.15,54.47,2.88,5.4962
20230204,Davanagere,14.4644,75.9218,26.82,51.03,2.6,6.0024
20230205,Davanagere,14.4644,75.9218,26.77,44.11,1.92,6.0605
20230206,Davanagere,14.4644,75.9218,25.69,45.5,1.7,5.8956
20230207,Davanagere,14.4644,75.9218,26.07,50.85,0.73,5.6203
20230208,Davanagere,14.4644,75.9218,26.59,46.9,1.96,5.863
20230209,Davanagere,14.4644,75.9218,26.59,41.81,2.13,5.9611
20230210,Davanagere,14.4644,75.9218,25.9,40.79,1.73,6.1555
20230211,Davanagere,14.4644,75.9218,26.12,33.75,2.37,6.4526
20230212,Davanagere,14.4644,75.9218,26.19,30.25,2.29,6.5503
20230213,Davanagere,14.4644,75.9218,25.41,28.88,3.07,6.7092
20230214,Davanagere,14.4644,75.9218,24.83,28.6,2.75,6.8052
20230215,Davanagere,14.4644,75.9218,24.4,20.71,2.63,6.9365
20230216,Davanagere,14.4644,75.9218,25.13,26.03,3.34,6.8546
20230217,Davanagere,14.4644,75.9218,25.45,32.96,3.07,6.798
20230218,Davanagere,14.4644,75.9218,25.61,33.14,2.37,6.7378
20230219,Davanagere,14.4644,75.9218,26.07,33.15,2.25,6.5513
20230220,Davanagere,14.4644,75.9218,26.73,32.37,1.92,6.7145
20230221,Davanagere,14.4644,75.9218,27.19,29.63,1.66,6.809
20230222,Davanagere,14.4644,75.9218,26.82,25.46,2.36,6.6886
20230223,Davanagere,14.4644,75.9218,26.47,27.67,3.28,6.8366
20230224,Davanagere,14.4644,75.9218,26.18,24.94,3.29,7.0423
20230225,Davanagere,14.4644,75.9218,26.21,22.45,2.8,6.7726
20230226,Davanagere,14.4644,75.9218,26.56,25.5,3.49,6.8988
20230227,Davanagere,14.4644,75.9218,26.33,28.59,3.65,6.8578
20230228,Davanagere,14.4644,75.9218,26.01,25.13,4.17,7.2218
20230301,Davanagere,14.4644,75.9218,26.78,33.51,4.12,6.7793
20230302,Davanagere,14.4644,75.9218,26.92,29.44,4.15,6.7272
20230303,Davanagere,14.4644,75.9218,27.04,27.33,4.37,6.8203
20230304,Davanagere,14.4644,75.9218,27.31,27.22,4.38,6.6142
20230305,Davanagere,14.4644,75.9218,27.19,23.24,3.82,7.0363
20230306,Davanagere,14.4644,75.9218,27.43,25.51,3.67,7.0459
20230307,Davanagere,14.4644,75.9218,27.19,25.46,3.8,6.9967
20230308,Davanagere,14.4644,75.9218,27.16,29.8,3.95,6.9958
20230309,Davanagere,14.4644,75.9218,26.43,30.37,3.45,6.0742
20230310,Davanagere,14.4644,75.9218,26.99,30.12,3.54,6.8597
20230311,Davanagere,14.4644,75.9218,27.3,32.68,3.44,6.9324
20230312,Davanagere,14.4644,75.9218,27.76,30.46,3.86,7.1844
20230313,Davanagere,14.4644,75.9218,27.85,29.7,2.87,6.9463
20230314,Davanagere,14.4644,75.9218,28.23,32.79,1.58,5.4271
20230315,Davanagere,14.4644,75.9218,28.17,43.81,1.54,5.2001
20230316,Davanagere,14.4644,75.9218,28.75,49.23,2.08,6.0331
20230317,Davanagere,14.4644,75.9218,28.01,49.84,1.85,6.6797
20230318,Davanagere,14.4644,75.9218,27.73,48.23,2.72,6.6881
20230319,Davanagere,14.4644,75.9218,25.94,57.13,3.32,7.1666
20230320,Davanagere,14.4644,75.9218,25.07,51.05,3.02,7.5468
20230321,Davanagere,14.4644,75.9218,25.1,50.13,2.71,7.5622
20230322,Davanagere,14.4644,75.9218,27.13,51.94,2.3,6.8892
20230323,Davanagere,14.4644,75.9218,27.81,46.89,2.56,7.1798
20230324,Davanagere,14.4644,75.9218,28.36,45.79,2.25,7.1208
20230325,Davanagere,14.4644,75.9218,29.21,43.54,2.12,6.4649
20230326,Davanagere,14.4644,75.9218,28.53,43.79,2.86,7.0639
20230327,Davanagere,14.4644,75.9218,28.29,44.13,2.06,7.5475
20230328,Davanagere,14.4644,75.9218,29.24,42.79,1.44,7.5665
20230329,Davanagere,14.4644,75.9218,29.0,47.65,2.91,7.3934
20230330,Davanagere,14.4644,75.9218,28.56,49.5,2.37,7.1779
20230331,Davanagere,14.4644,75.9218,28.66,45.75,2.85,7.4585
20230401,Davanagere,14.4644,75.9218,27.68,47.14,2.73,7.5898
20230402,Davanagere,14.4644,75.9218,27.73,45.75,2.52,7.6788
20230403,Davanagere,14.4644,75.9218,27.68,45.47,2.12,7.7314
20230404,Davanagere,14.4644,75.9218,28.25,48.02,1.52,7.5686
20230405,Davanagere,14.4644,75.9218,29.64,47.04,2.23,7.3644
20230406,Davanagere,14.4644,75.9218,29.7,48.93,1.95,6.3857
20230407,Davanagere,14.4644,75.9218,30.23,47.4,1.61,5.5104
20230408,Davanagere,14.4644,75.9218,31.4,31.5,2.9,7.0308
20230409,Davanagere,14.4644,75.9218,30.07,30.78,2.24,7.6303
20230410,Davanagere,14.4644,75.9218,30.25,37.7,2.05,7.1986
20230411,Davanagere,14.4644,75.9218,30.95,26.11,2.44,7.6222
20230412,Davanagere,14.4644,75.9218,29.72,26.56,2.04,7.698
20230413,Davanagere,14.4644,75.9218,30.35,28.68,1.74,7.2233
20230414,Davanagere,14.4644,75.9218,29.79,45.3,1.41,6.4555
20230415,Davanagere,14.4644,75.9218,29.39,39.92,1.63,6.0372
20230416,Davanagere,14.4644,75.9218,29.57,31.41,1.6,7.093
20230417,Davanagere,14.4644,75.9218,29.52,38.09,1.78,7.0565
20230418,Davanagere,14.4644,75.9218,30.83,28.29,1.72,7.6462
20230419,Davanagere,14.4644,75.9218,30.71,41.48,1.83,7.4813
20230420,Davanagere,14.4644,75.9218,30.03,52.78,2.49,7.1681
20230421,Davanagere,14.4644,75.9218,30.05,52.86,2.43,6.6602
20230422,Davanagere,14.4644,75.9218,30.55,46.6,2.36,7.1899
20230423,Davanagere,14.4644,75.9218,30.05,41.68,2.08,7.6776
20230424,Davanagere,14.4644,75.9218,30.09,45.09,1.76,7.7366
20230425,Davanagere,14.4644,75.9218,29.86,51.92,2.4,7.4326
20230426,Davanagere,14.4644,75.9218,29.25,52.22,1.76,6.2734
20230427,Davanagere,14.4644,75.9218,30.07,50.65,2.13,6.7013
20230428,Davanagere,14.4644,75.9218,30.0,51.07,1.71,6.1001
20230429,Davanagere,14.4644,75.9218,29.85,52.66,1.61,5.7989
20230430,Davanagere,14.4644,75.9218,28.1,66.06,1.57,6.4018
20230501,Davanagere,14.4644,75.9218,28.79,55.01,2.34,7.3879
20230502,Davanagere,14.4644,75.9218,28.92,51.67,1.79,7.1177
20230503,Davanagere,14.4644,75.9218,27.75,57.32,2.74,6.348
20230504,Davanagere,14.4644,75.9218,28.8,56.67,1.96,6.9749
20230505,Davanagere,14.4644,75.9218,27.77,55.45,2.45,6.1901
20230506,Davanagere,14.4644,75.9218,28.72,55.31,2.36,5.8867
20230507,Davanagere,14.4644,75.9218,27.37,64.22,2.56,5.7953
20230508,Davanagere,14.4644,75.9218,27.12,71.26,1.23,5.7458
20230509,Davanagere,14.4644,75.9218,27.44,73.69,1.62,5.9218
20230510,Davanagere,14.4644,75.9218,28.3,71.06,1.65,5.9071
20230511,Davanagere,14.4644,75.9218,29.07,69.2,1.61,5.0993
20230512,Davanagere,14.4644,75.9218,28.06,72.34,2.74,5.6578
20230513,Davanagere,14.4644,75.9218,27.33,76.64,3.71,6.1469
20230514,Davanagere,14.4644,75.9218,28.76,64.27,3.63,7.3392
20230515,Davanagere,14.4644,75.9218,29.08,61.9,3.56,7.6884
20230516,Davanagere,14.4644,75.9218,29.57,57.31,2.52,7.7556
20230517,Davanagere,14.4644,75.9218,29.79,51.2,2.27,7.4678
20230518,Davanagere,14.4644,75.9218,30.78,50.38,2.35,7.5259
20230519,Davanagere,14.4644,75.9218,31.28,48.58,3.27,6.8894
20230520,Davanagere,14.4644,75.9218,30.91,54.47,2.89,7.105
20230521,Davanagere,14.4644,75.9218,30.9,54.72,2.39,7.0411
20230522,Davanagere,14.4644,75.9218,30.04,57.8,2.6,6.5851
20230523,Davanagere,14.4644,75.9218,29.87,56.91,2.31,6.769
20230524,Davanagere,14.4644,75.9218,28.54,63.47,2.95,6.6211
20230525,Davanagere,14.4644,75.9218,28.33,64.21,3.72,7.0656
20230526,Davanagere,14.4644,75.9218,28.4,60.3,3.72,7.5074
20230527,Davanagere,14.4644,75.9218,28.85,63.21,3.58,7.145
20230528,Davanagere,14.4644,75.9218,29.6,57.41,3.16,7.357
20230529,Davanagere,14.4644,75.9218,30.19,58.4,2.44,6.7987
20230530,Davanagere,14.4644,75.9218,27.66,71.97,2.6,3.9055
20230531,Davanagere,14.4644,75.9218,27.29,72.28,2.07,6.2023
20230601,Davanagere,14.4644,75.9218,26.31,76.72,3.03,3.6161
20230602,Davanagere,14.4644,75.9218,28.08,65.57,3.26,5.5421
20230603,Davanagere,14.4644,75.9218,29.33,62.6,3.06,7.1957
20230604,Davanagere,14.4644,75.9218,29.03,63.89,3.16,5.7684
20230605,Davanagere,14.4644,75.9218,27.55,71.61,3.83,6.4843
20230606,Davanagere,14.4644,75.9218,27.71,70.23,3.5,6.552
20230607,Davanagere,14.4644,75.9218,27.67,70.26,4.22,6.451
20230608,Davanagere,14.4644,75.9218,28.21,68.87,3.96,6.9902
20230609,Davanagere,14.4644,75.9218,28.21,67.59,4.42,6.6206
20230610,Davanagere,14.4644,75.9218,26.51,73.82,4.93,5.2992
20230611,Davanagere,14.4644,75.9218,26.75,72.73,4.63,4.3682
20230612,Davanagere,14.4644,75.9218,27.07,72.17,4.4,6.2604
20230613,Davanagere,14.4644,75.9218,27.46,71.29,4.95,6.3062
20230614,Davanagere,14.4644,75.9218,27.57,71.62,4.93,6.2945
20230615,Davanagere,14.4644,75.9218,28.1,69.13,4.27,6.5232
20230616,Davanagere,14.4644,75.9218,28.11,68.4,4.79,6.9098
20230617,Davanagere,14.4644,75.9218,27.68,71.44,4.82,5.7722
20230618,Davanagere,14.4644,75.9218,27.09,73.1,4.31,4.9286
20230619,Davanagere,14.4644,75.9218,26.09,76.5,3.27,5.3558
20230620,Davanagere,14.4644,75.9218,27.42,69.15,3.75,5.7221
20230621,Davanagere,14.4644,75.9218,26.52,74.64,3.55,5.4629
20230622,Davanagere,14.4644,75.9218,25.52,76.19,3.58,5.3578
20230623,Davanagere,14.4644,75.9218,25.86,68.89,4.38,4.5199
20230624,Davanagere,14.4644,75.9218,24.66,81.18,4.28,3.4505
20230625,Davanagere,14.4644,75.9218,24.89,77.9,4.31,3.6002
20230626,Davanagere,14.4644,75.9218,24.83,76.18,4.88,5.197
20230627,Davanagere,14.4644,75.9218,25.14,76.18,4.65,5.4646
20230628,Davanagere,14.4644,75.9218,24.78,75.56,4.72,3.9559
20230629,Davanagere,14.4644,75.9218,24.04,80.05,4.57,3.8971
20230630,Davanagere,14.4644,75.9218,24.74,79.93,4.71,4.7638
20230701,Davanagere,14.4644,75.9218,24.98,81.98,4.51,4.5698
20230702,Davanagere,14.4644,75.9218,25.05,82.83,4.92,3.5362
20230703,Davanagere,14.4644,75.9218,25.15,85.36,5.34,4.1362
20230704,Davanagere,14.4644,75.9218,24.91,87.19,4.85,3.6648
20230705,Davanagere,14.4644,75.9218,24.27,83.69,6.03,2.9422
20230706,Davanagere,14.4644,75.9218,23.73,80.96,6.2,2.8692
20230707,Davanagere,14.4644,75.9218,24.72,79.97,5.07,3.8863
20230708,Davanagere,14.4644,75.9218,24.61,81.36,4.97,3.3463
20230709,Davanagere,14.4644,75.9218,24.91,82.7,4.2,3.7558
20230710,Davanagere,14.4644,75.9218,24.53,85.43,3.3,4.3392
20230711,Davanagere,14.4644,75.9218,24.39,85.07,3.89,4.0778
20230712,Davanagere,14.4644,75.9218,24.19,80.77,4.75,5.0352
20230713,Davanagere,14.4644,75.9218,24.58,81.17,5.03,4.5782
20230714,Davanagere,14.4644,75.9218,24.77,81.14,5.06,4.7107
20230715,Davanagere,14.4644,75.9218,24.91,82.36,4.13,4.7323
20230716,Davanagere,14.4644,75.9218,24.35,85.95,3.8,4.2998
20230717,Davanagere,14.4644,75.9218,25.22,82.36,4.68,3.5232
20230718,Davanagere,14.4644,75.9218,24.34,86.38,6.03,3.1913
20230719,Davanagere,14.4644,75.9218,24.0,86.79,6.47,2.3887
20230720,Davanagere,14.4644,75.9218,24.8,83.06,6.79,2.579
20230721,Davanagere,14.4644,75.9218,24.4,87.1,6.24,2.1518
20230722,Davanagere,14.4644,75.9218,23.78,85.3,6.34,2.6618
20230723,Davanagere,14.4644,75.9218,24.31,84.63,6.7,1.7076
20230724,Davanagere,14.4644,75.9218,23.43,88.05,5.74,2.6021
20230725,Davanagere,14.4644,75.9218,23.0,89.12,5.41,2.2015
20230726,Davanagere,14.4644,75.9218,23.39,89.55,5.5,2.3753
20230727,Davanagere,14.4644,75.9218,22.76,89.82,5.54,2.4634
20230728,Davanagere,14.4644,75.9218,24.05,85.67,5.36,4.3574
20230729,Davanagere,14.4644,75.9218,24.17,84.35,5.1,4.8022
20230730,Davanagere,14.4644,75.9218,24.26,84.5,4.64,4.4602
20230731,Davanagere,14.4644,75.9218,24.52,83.99,4.92,4.8751
20230801,Davanagere,14.4644,75.9218,24.34,84.4,5.14,4.7578
20230802,Davanagere,14.4644,75.9218,24.17,84.01,5.45,4.7938
20230803,Davanagere,14.4644,75.9218,24.31,83.29,5.25,4.4462
20230804,Davanagere,14.4644,75.9218,24.57,83.03,4.96,4.6248
20230805,Davanagere,14.4644,75.9218,24.43,83.86,4.41,4.8094
20230806,Davanagere,14.4644,75.9218,24.74,82.75,4.14,5.0875
20230807,Davanagere,14.4644,75.9218,24.8,81.85,4.18,4.7803
20230808,Davanagere,14.4644,75.9218,24.95,81.12,3.57,4.435
20230809,Davanagere,14.4644,75.9218,24.53,82.61,2.84,5.3897
20230810,Davanagere,14.4644,75.9218,25.0,80.73,2.85,5.5618
20230811,Davanagere,14.4644,75.9218,24.85,81.21,2.88,5.7967
20230812,Davanagere,14.4644,75.9218,24.92,80.75,3.41,5.3882
20230813,Davanagere,14.4644,75.9218,24.47,81.25,3.43,5.6669
20230814,Davanagere,14.4644,75.9218,23.82,81.9,3.4,5.0563
20230815,Davanagere,14.4644,75.9218,24.76,79.02,3.26,5.2531
20230816,Davanagere,14.4644,75.9218,25.18,78.23,3.17,5.8008
20230817,Davanagere,14.4644,75.9218,24.59,80.44,3.68,5.6431
20230818,Davanagere,14.4644,75.9218,24.12,82.97,3.63,4.7016
20230819,Davanagere,14.4644,75.9218,24.42,83.95,4.07,3.5453
20230820,Davanagere,14.4644,75.9218,25.19,80.52,3.66,5.8224
20230821,Davanagere,14.4644,75.9218,25.39,78.51,2.92,6.0749
20230822,Davanagere,14.4644,75.9218,25.64,75.12,2.93,6.7207
20230823,Davanagere,14.4644,75.9218,25.44,76.76,3.19,5.2608
20230824,Davanagere,14.4644,75.9218,25.32,77.72,3.41,5.7372
20230825,Davanagere,14.4644,75.9218,25.58,78.08,3.49,4.7813
20230826,Davanagere,14.4644,75.9218,25.07,80.34,3.07,4.7297
20230827,Davanagere,14.4644,75.9218,24.69,80.31,3.09,6.5417
20230828,Davanagere,14.4644,75.9218,25.16,79.74,3.47,5.323
20230829,Davanagere,14.4644,75.9218,25.37,79.78,3.37,5.8145
20230830,Davanagere,14.4644,75.9218,25.83,75.54,3.19,6.2911
20230831,Davanagere,14.4644,75.9218,25.34,81.17,2.36,6.1541
20230901,Davanagere,14.4644,75.9218,25.22,84.01,2.36,6.3245
20230902,Davanagere,14.4644,75.9218,23.87,87.4,2.67,4.9742
20230903,Davanagere,14.4644,75.9218,22.87,86.23,2.5,4.9315
20230904,Davanagere,14.4644,75.9218,22.49,83.8,3.2,2.863
20230905,Davanagere,14.4644,75.9218,23.53,86.43,3.24,3.551
20230906,Davanagere,14.4644,75.9218,24.56,83.35,3.41,5.9198
20230907,Davanagere,14.4644,75.9218,24.38,83.97,3.57,5.1766
20230908,Davanagere,14.4644,75.9218,24.08,85.33,4.14,4.5247
20230909,Davanagere,14.4644,75.9218,24.79,83.83,3.93,4.9301
20230910,Davanagere,14.4644,75.9218,25.09,82.61,3.75,5.6674
20230911,Davanagere,14.4644,75.9218,24.54,84.65,3.54,4.9464
20230912,Davanagere,14.4644,75.9218,24.69,82.61,3.71,5.5478
20230913,Davanagere,14.4644,75.9218,24.62,82.35,3.48,5.7127
20230914,Davanagere,14.4644,75.9218,25.02,82.34,3.58,4.2209
20230915,Davanagere,14.4644,75.9218,24.44,83.24,3.77,4.5098
20230916,Davanagere,14.4644,75.9218,24.73,83.76,4.13,4.4688
20230917,Davanagere,14.4644,75.9218,25.05,83.02,3.71,4.5646
20230918,Davanagere,14.4644,75.9218,24.94,82.39,3.44,5.1869
20230919,Davanagere,14.4644,75.9218,24.86,82.1,3.47,4.841
20230920,Davanagere,14.4644,75.9218,24.57,82.78,3.48,4.4446
20230921,Davanagere,14.4644,75.9218,24.65,84.62,3.17,4.4486
20230922,Davanagere,14.4644,75.9218,24.92,82.91,2.19,4.6478
20230923,Davanagere,14.4644,75.9218,24.89,84.49,2.58,4.5305
20230924,Davanagere,14.4644,75.9218,24.04,85.17,2.69,4.7227
20230925,Davanagere,14.4644,75.9218,23.84,83.58,3.11,5.2894
20230926,Davanagere,14.4644,75.9218,23.88,83.06,2.95,4.7088
20230927,Davanagere,14.4644,75.9218,23.96,82.93,3.19,4.308
20230928,Davanagere,14.4644,75.9218,24.56,84.6,3.06,4.1273
20230929,Davanagere,14.4644,75.9218,24.25,84.46,3.59,4.5727
20230930,Davanagere,14.4644,75.9218,23.89,84.87,4.64,4.1323
20231001,Davanagere,14.4644,75.9218,24.67,83.06,5.02,3.1574
20231002,Davanagere,14.4644,75.9218,24.32,81.73,3.36,4.7112
20231003,Davanagere,14.4644,75.9218,24.24,82.15,2.81,5.7965
20231004,Davanagere,14.4644,75.9218,24.7,80.98,2.18,3.4994
20231005,Davanagere,14.4644,75.9218,24.73,81.4,2.43,4.9606
20231006,Davanagere,14.4644,75.9218,25.51,77.7,1.61,4.7827
20231007,Davanagere,14.4644,75.9218,26.37,73.96,1.41,5.1746
20231008,Davanagere,14.4644,75.9218,26.89,74.37,1.15,5.6729
20231009,Davanagere,14.4644,75.9218,26.87,73.98,1.36,4.9591
20231010,Davanagere,14.4644,75.9218,26.68,74.91,1.95,4.6058
20231011,Davanagere,14.4644,75.9218,26.7,75.31,1.52,4.6226
20231012,Davanagere,14.4644,75.9218,26.91,75.18,1.62,4.5869
20231013,Davanagere,14.4644,75.9218,27.16,69.93,1.22,4.9514
20231014,Davanagere,14.4644,75.9218,26.71,66.32,1.47,5.7612
20231015,Davanagere,14.4644,75.9218,26.67,69.67,1.29,4.9258
20231016,Davanagere,14.4644,75.9218,26.3,71.45,1.0,4.8559
20231017,Davanagere,14.4644,75.9218,26.87,69.22,1.52,4.5235
20231018,Davanagere,14.4644,75.9218,27.48,62.14,1.41,5.6736
20231019,Davanagere,14.4644,75.9218,27.03,60.3,1.39,5.466
20231020,Davanagere,14.4644,75.9218,27.27,56.22,1.86,5.1413
20231021,Davanagere,14.4644,75.9218,27.55,58.71,1.84,4.9579
20231022,Davanagere,14.4644,75.9218,27.29,58.81,1.97,4.9018
20231023,Davanagere,14.4644,75.9218,26.3,49.69,2.29,5.7737
20231024,Davanagere,14.4644,75.9218,25.61,51.81,1.66,5.7103
20231025,Davanagere,14.4644,75.9218,25.21,47.41,2.21,6.1598
20231026,Davanagere,14.4644,75.9218,24.79,45.14,2.42,6.2146
20231027,Davanagere,14.4644,75.9218,24.91,43.36,2.42,6.0283
20231028,Davanagere,14.4644,75.9218,26.18,59.43,1.13,5.2992
20231029,Davanagere,14.4644,75.9218,27.17,67.12,1.21,5.029
20231030,Davanagere,14.4644,75.9218,25.97,72.33,2.48,4.146
20231031,Davanagere,14.4644,75.9218,23.95,80.58,1.22,3.8426
20231101,Davanagere,14.4644,75.9218,25.79,70.33,1.48,4.8151
20231102,Davanagere,14.4644,75.9218,27.28,61.54,1.74,4.5053
20231103,Davanagere,14.4644,75.9218,27.56,62.8,1.77,4.8283
20231104,Davanagere,14.4644,75.9218,27.94,61.11,2.26,4.2425
20231105,Davanagere,14.4644,75.9218,26.37,72.13,2.64,3.4841
20231106,Davanagere,14.4644,75.9218,24.5,83.43,1.44,3.6809
20231107,Davanagere,14.4644,75.9218,24.74,84.37,0.78,4.7287
20231108,Davanagere,14.4644,75.9218,24.73,83.24,1.54,3.4366
20231109,Davanagere,14.4644,75.9218,24.04,84.1,2.49,3.9607
20231110,Davanagere,14.4644,75.9218,24.59,77.8,2.1,4.7635
20231111,Davanagere,14.4644,75.9218,24.3,72.92,2.74,5.3846
20231112,Davanagere,14.4644,75.9218,23.11,70.67,2.66,5.5858
20231113,Davanagere,14.4644,75.9218,23.17,72.09,2.66,4.6387
20231114,Davanagere,14.4644,75.9218,23.01,73.52,2.57,4.5948
20231115,Davanagere,14.4644,75.9218,23.17,73.64,1.73,4.6524
20231116,Davanagere,14.4644,75.9218,23.83,69.6,1.48,4.4518
20231117,Davanagere,14.4644,75.9218,24.61,70.06,1.95,4.6562
20231118,Davanagere,14.4644,75.9218,25.01,70.67,2.24,4.477
20231119,Davanagere,14.4644,75.9218,25.38,70.94,2.75,4.735
20231120,Davanagere,14.4644,75.9218,24.32,67.86,2.61,4.6812
20231121,Davanagere,14.4644,75.9218,24.61,74.81,2.63,4.5194
20231122,Davanagere,14.4644,75.9218,25.15,75.31,2.6,4.7095
20231123,Davanagere,14.4644,75.9218,25.69,74.63,2.56,4.4698
20231124,Davanagere,14.4644,75.9218,25.3,75.51,2.24,3.2563
20231125,Davanagere,14.4644,75.9218,24.71,76.45,3.01,3.715
20231126,Davanagere,14.4644,75.9218,24.16,72.09,3.12,4.0003
20231127,Davanagere,14.4644,75.9218,25.16,69.23,2.24,4.5499
20231128,Davanagere,14.4644,75.9218,25.67,72.36,1.49,4.9584
20231129,Davanagere,14.4644,75.9218,25.2,74.48,2.1,4.6644
20231130,Davanagere,14.4644,75.9218,25.5,69.91,2.54,4.6694
20231201,Davanagere,14.4644,75.9218,25.34,70.12,2.32,4.5442
20231202,Davanagere,14.4644,75.9218,25.03,65.07,3.2,5.5222
20231203,Davanagere,14.4644,75.9218,25.61,70.25,3.67,4.4772
20231204,Davanagere,14.4644,75.9218,25.47,68.84,2.94,3.4582
20231205,Davanagere,14.4644,75.9218,24.51,68.55,2.27,3.467
20231206,Davanagere,14.4644,75.9218,24.77,71.1,1.25,4.963
20231207,Davanagere,14.4644,75.9218,25.25,72.89,1.19,4.53
20231208,Davanagere,14.4644,75.9218,25.56,74.77,1.04,4.1424
20231209,Davanagere,14.4644,75.9218,23.86,75.55,2.89,3.8585
20231210,Davanagere,14.4644,75.9218,24.95,67.49,2.47,3.6149
20231211,Davanagere,14.4644,75.9218,24.62,62.66,1.9,4.0658
20231212,Davanagere,14.4644,75.9218,24.27,59.77,2.1,4.9368
20231213,Davanagere,14.4644,75.9218,22.86,59.39,2.65,5.2877
20231214,Davanagere,14.4644,75.9218,22.28,56.91,3.13,5.3474
20231215,Davanagere,14.4644,75.9218,23.17,63.86,2.63,4.614
20231216,Davanagere,14.4644,75.9218,25.12,67.83,2.9,2.9798
20231217,Davanagere,14.4644,75.9218,25.7,63.94,3.79,3.9506
20231218,Davanagere,14.4644,75.9218,24.76,64.49,3.86,4.4482
20231219,Davanagere,14.4644,75.9218,24.06,57.83,3.99,4.8883
20231220,Davanagere,14.4644,75.9218,23.96,58.13,3.41,4.7777
20231221,Davanagere,14.4644,75.9218,24.2,58.96,2.34,5.2298
20231222,Davanagere,14.4644,75.9218,22.96,58.59,2.01,4.0399
20231223,Davanagere,14.4644,75.9218,22.71,47.49,2.87,5.153
20231224,Davanagere,14.4644,75.9218,22.51,54.82,3.17,5.4557
20231225,Davanagere,14.4644,75.9218,24.13,53.75,3.12,5.4775
20231226,Davanagere,14.4644,75.9218,23.43,50.99,3.17,5.5666
20231227,Davanagere,14.4644,75.9218,23.49,53.11,3.69,5.6959
20231228,Davanagere,14.4644,75.9218,23.69,54.7,3.36,5.6388
20231229,Davanagere,14.4644,75.9218,24.39,55.71,3.59,5.6971
20231230,Davanagere,14.4644,75.9218,24.61,50.52,3.21,5.6902
20231231,Davanagere,14.4644,75.9218,22.92,51.23,2.82,5.6414
20240101,Davanagere,14.4644,75.9218,24.4,55.26,1.15,5.015
20240102,Davanagere,14.4644,75.9218,24.89,53.92,2.38,4.0814
20240103,Davanagere,14.4644,75.9218,23.95,62.51,1.93,3.7138
20240104,Davanagere,14.4644,75.9218,22.91,70.41,2.15,3.305
20240105,Davanagere,14.4644,75.9218,24.19,69.13,1.74,4.2708
20240106,Davanagere,14.4644,75.9218,23.12,69.51,2.64,3.3922
20240107,Davanagere,14.4644,75.9218,22.46,62.33,3.67,4.6702
20240108,Davanagere,14.4644,75.9218,22.74,72.17,3.62,3.7586
20240109,Davanagere,14.4644,75.9218,22.69,77.11,3.11,2.6748
20240110,Davanagere,14.4644,75.9218,23.28,63.78,3.48,4.8814
20240111,Davanagere,14.4644,75.9218,23.57,56.72,3.31,5.7113
20240112,Davanagere,14.4644,75.9218,23.68,56.47,3.75,5.7384
20240113,Davanagere,14.4644,75.9218,24.32,61.93,2.4,4.8593
20240114,Davanagere,14.4644,75.9218,24.17,57.33,2.13,5.1365
20240115,Davanagere,14.4644,75.9218,24.17,54.38,1.48,5.1456
20240116,Davanagere,14.4644,75.9218,23.91,58.43,0.88,5.0338
20240117,Davanagere,14.4644,75.9218,23.79,67.1,1.59,5.4499
20240118,Davanagere,14.4644,75.9218,23.68,70.56,1.53,4.6454
20240119,Davanagere,14.4644,75.9218,24.84,64.18,1.16,5.3436
20240120,Davanagere,14.4644,75.9218,25.15,62.15,2.2,5.1665
20240121,Davanagere,14.4644,75.9218,25.08,63.35,1.49,5.6513
20240122,Davanagere,14.4644,75.9218,24.84,63.63,1.64,5.8666
20240123,Davanagere,14.4644,75.9218,23.46,64.19,1.87,5.9102
20240124,Davanagere,14.4644,75.9218,22.85,62.66,1.96,6.085
20240125,Davanagere,14.4644,75.9218,23.76,55.77,1.02,5.9724
20240126,Davanagere,14.4644,75.9218,25.17,49.09,2.54,5.8483
20240127,Davanagere,14.4644,75.9218,24.75,51.86,3.15,6.0533
20240128,Davanagere,14.4644,75.9218,24.57,50.88,3.25,5.8675
20240129,Davanagere,14.4644,75.9218,24.23,49.06,3.01,5.9664
20240130,Davanagere,14.4644,75.9218,24.09,47.57,1.73,5.929
20240131,Davanagere,14.4644,75.9218,24.16,52.5,1.85,6.1519
20240201,Davanagere,14.4644,75.9218,23.02,66.69,2.08,6.2923
20240202,Davanagere,14.4644,75.9218,23.82,62.19,1.6,6.3372
20240203,Davanagere,14.4644,75.9218,26.31,55.34,1.54,5.8661
20240204,Davanagere,14.4644,75.9218,27.24,46.64,2.5,5.8366
20240205,Davanagere,14.4644,75.9218,26.49,40.03,2.65,6.1778
20240206,Davanagere,14.4644,75.9218,27.03,36.09,2.58,6.3924
20240207,Davanagere,14.4644,75.9218,27.1,36.14,2.3,6.3682
20240208,Davanagere,14.4644,75.9218,27.53,33.8,2.43,6.1577
20240209,Davanagere,14.4644,75.9218,27.36,34.06,2.51,6.2172
20240210,Davanagere,14.4644,75.9218,27.35,36.57,2.28,5.8728
20240211,Davanagere,14.4644,75.9218,27.06,36.45,2.67,6.336
20240212,Davanagere,14.4644,75.9218,26.76,33.62,3.16,6.6672
20240213,Davanagere,14.4644,75.9218,26.35,32.21,2.8,6.6511
20240214,Davanagere,14.4644,75.9218,26.64,43.78,3.21,6.2201
20240215,Davanagere,14.4644,75.9218,27.73,38.21,3.26,6.0782
20240216,Davanagere,14.4644,75.9218,26.95,29.6,3.65,6.8947
20240217,Davanagere,14.4644,75.9218,26.64,31.08,3.07,6.8578
20240218,Davanagere,14.4644,75.9218,26.55,33.66,1.46,6.6007
20240219,Davanagere,14.4644,75.9218,27.31,38.05,1.29,6.3617
20240220,Davanagere,14.4644,75.9218,27.32,50.17,1.91,6.265
20240221,Davanagere,14.4644,75.9218,26.52,44.48,2.55,6.8623
20240222,Davanagere,14.4644,75.9218,25.81,54.7,2.76,6.9485
20240223,Davanagere,14.4644,75.9218,25.88,51.3,2.24,6.7937
20240224,Davanagere,14.4644,75.9218,26.22,42.75,1.97,6.8489
20240225,Davanagere,14.4644,75.9218,27.9,42.12,0.9,6.4178
20240226,Davanagere,14.4644,75.9218,29.38,39.2,2.75,6.4003
20240227,Davanagere,14.4644,75.9218,28.54,39.67,3.37,6.798
20240228,Davanagere,14.4644,75.9218,28.68,35.28,3.35,6.8114
20240229,Davanagere,14.4644,75.9218,28.67,28.38,3.63,6.8592
20240301,Davanagere,14.4644,75.9218,28.51,28.24,2.94,6.6878
20240302,Davanagere,14.4644,75.9218,28.32,40.81,2.96,6.7402
20240303,Davanagere,14.4644,75.9218,28.06,53.58,1.79,6.5722
20240304,Davanagere,14.4644,75.9218,29.03,44.65,2.18,6.7486
20240305,Davanagere,14.4644,75.9218,29.23,41.72,1.84,6.7889
20240306,Davanagere,14.4644,75.9218,28.46,44.35,3.11,6.5894
20240307,Davanagere,14.4644,75.9218,28.38,41.12,1.17,6.9053
20240308,Davanagere,14.4644,75.9218,28.78,28.31,1.95,7.0126
20240309,Davanagere,14.4644,75.9218,29.47,33.01,1.43,6.7625
20240310,Davanagere,14.4644,75.9218,30.28,43.85,1.6,6.4478
20240311,Davanagere,14.4644,75.9218,30.86,39.9,1.07,6.0919
20240312,Davanagere,14.4644,75.9218,30.91,40.8,1.63,5.8483
20240313,Davanagere,14.4644,75.9218,29.02,56.38,3.03,5.9494
20240314,Davanagere,14.4644,75.9218,28.85,47.78,2.47,6.7966
20240315,Davanagere,14.4644,75.9218,28.68,45.29,1.99,6.9686
20240316,Davanagere,14.4644,75.9218,29.3,42.45,1.66,6.504
20240317,Davanagere,14.4644,75.9218,29.55,42.33,2.25,6.6547
20240318,Davanagere,14.4644,75.9218,29.29,39.58,2.68,6.8254
20240319,Davanagere,14.4644,75.9218,29.84,34.76,2.08,7.0229
20240320,Davanagere,14.4644,75.9218,30.84,29.11,1.45,7.0769
20240321,Davanagere,14.4644,75.9218,30.44,37.07,2.28,6.3602
20240322,Davanagere,14.4644,75.9218,30.71,41.56,1.21,5.6938
20240323,Davanagere,14.4644,75.9218,31.15,40.4,1.39,6.1769
20240324,Davanagere,14.4644,75.9218,31.64,37.6,1.33,6.5863
20240325,Davanagere,14.4644,75.9218,31.57,31.0,1.62,6.8904
20240326,Davanagere,14.4644,75.9218,31.53,31.52,1.44,6.4308
20240327,Davanagere,14.4644,75.9218,31.67,32.0,2.26,6.8753
20240328,Davanagere,14.4644,75.9218,31.32,27.92,1.98,7.0846
20240329,Davanagere,14.4644,75.9218,31.42,34.05,1.97,6.8477
20240330,Davanagere,14.4644,75.9218,31.62,41.37,2.07,6.9598
20240331,Davanagere,14.4644,75.9218,31.12,38.65,2.05,7.212
20240401,Davanagere,14.4644,75.9218,30.84,29.6,1.32,7.0937
20240402,Davanagere,14.4644,75.9218,31.23,38.29,1.53,7.0752
20240403,Davanagere,14.4644,75.9218,31.6,43.49,1.7,7.0368
20240404,Davanagere,14.4644,75.9218,32.07,40.97,1.78,7.2019
20240405,Davanagere,14.4644,75.9218,32.14,39.82,1.48,6.8753
20240406,Davanagere,14.4644,75.9218,32.42,40.22,2.17,6.5162
20240407,Davanagere,14.4644,75.9218,31.81,47.14,3.13,6.6401
20240408,Davanagere,14.4644,75.9218,32.02,38.7,1.54,7.0236
20240409,Davanagere,14.4644,75.9218,32.24,39.21,1.79,7.1246
20240410,Davanagere,14.4644,75.9218,32.76,35.54,1.83,6.8498
20240411,Davanagere,14.4644,75.9218,32.41,41.21,1.76,6.8875
20240412,Davanagere,14.4644,75.9218,32.24,41.15,1.87,6.1512
20240413,Davanagere,14.4644,75.9218,29.8,54.09,2.01,6.2518
20240414,Davanagere,14.4644,75.9218,30.41,55.76,1.13,7.1398
20240415,Davanagere,14.4644,75.9218,31.3,41.0,2.27,7.4789
20240416,Davanagere,14.4644,75.9218,31.8,41.68,1.82,7.121
20240417,Davanagere,14.4644,75.9218,31.43,51.51,2.25,5.5838
20240418,Davanagere,14.4644,75.9218,31.31,54.04,2.36,5.9208
20240419,Davanagere,14.4644,75.9218,29.43,60.43,2.22,5.8294
20240420,Davanagere,14.4644,75.9218,27.39,73.65,1.47,2.1782
20240421,Davanagere,14.4644,75.9218,28.62,65.36,1.38,6.8263
20240422,Davanagere,14.4644,75.9218,28.68,66.94,1.63,6.5695
20240423,Davanagere,14.4644,75.9218,29.76,60.68,1.83,7.1448
20240424,Davanagere,14.4644,75.9218,29.83,60.73,2.03,7.2713
20240425,Davanagere,14.4644,75.9218,30.9,53.15,1.63,7.1906
20240426,Davanagere,14.4644,75.9218,31.28,50.78,2.13,7.2425
20240427,Davanagere,14.4644,75.9218,31.63,44.65,1.99,7.501
20240428,Davanagere,14.4644,75.9218,32.31,44.6,2.01,7.3992
20240429,Davanagere,14.4644,75.9218,31.7,48.5,1.85,7.0927
20240430,Davanagere,14.4644,75.9218,32.33,43.98,1.75,7.2194
20240501,Davanagere,14.4644,75.9218,31.47,56.27,3.44,6.8359
20240502,Davanagere,14.4644,75.9218,32.09,44.65,2.77,7.1021
20240503,Davanagere,14.4644,75.9218,31.43,47.19,3.77,7.4141
20240504,Davanagere,14.4644,75.9218,31.17,51.09,3.8,7.6277
20240505,Davanagere,14.4644,75.9218,30.95,52.4,3.68,7.3462
20240506,Davanagere,14.4644,75.9218,31.85,54.62,3.36,7.224
20240507,Davanagere,14.4644,75.9218,31.62,52.95,2.71,6.7562
20240508,Davanagere,14.4644,75.9218,31.66,47.82,2.3,7.2286
20240509,Davanagere,14.4644,75.9218,31.28,49.74,2.01,6.9914
20240510,Davanagere,14.4644,75.9218,31.78,48.28,1.74,6.4162
20240511,Davanagere,14.4644,75.9218,31.21,53.25,2.2,6.6521
20240512,Davanagere,14.4644,75.9218,30.79,57.07,1.86,6.5866
20240513,Davanagere,14.4644,75.9218,29.26,62.97,2.06,5.6098
20240514,Davanagere,14.4644,75.9218,28.44,66.08,1.5,4.973
20240515,Davanagere,14.4644,75.9218,28.87,67.0,1.62,6.2006
20240516,Davanagere,14.4644,75.9218,28.99,66.7,1.83,5.2956
20240517,Davanagere,14.4644,75.9218,29.31,63.61,1.71,5.4967
20240518,Davanagere,14.4644,75.9218,27.79,74.97,1.1,5.8147
20240519,Davanagere,14.4644,75.9218,26.6,80.39,1.71,4.723
20240520,Davanagere,14.4644,75.9218,26.52,81.5,1.87,4.1566
20240521,Davanagere,14.4644,75.9218,27.4,76.24,1.37,6.1178
20240522,Davanagere,14.4644,75.9218,29.12,72.0,1.87,6.0062
20240523,Davanagere,14.4644,75.9218,29.32,70.97,1.48,5.4881
20240524,Davanagere,14.4644,75.9218,27.48,78.16,3.09,4.7309
20240525,Davanagere,14.4644,75.9218,25.95,80.86,4.64,2.0198
20240526,Davanagere,14.4644,75.9218,26.06,81.56,4.41,2.6616
20240527,Davanagere,14.4644,75.9218,26.79,80.47,4.39,2.5692
20240528,Davanagere,14.4644,75.9218,27.18,76.66,4.65,5.707
20240529,Davanagere,14.4644,75.9218,26.85,78.56,4.81,6.5467
20240530,Davanagere,14.4644,75.9218,28.24,74.22,3.84,6.72
20240531,Davanagere,14.4644,75.9218,28.61,73.91,3.58,6.9314
20240601,Davanagere,14.4644,75.9218,27.49,79.06,2.82,5.2829
20240602,Davanagere,14.4644,75.9218,27.22,77.71,2.58,5.8702
20240603,Davanagere,14.4644,75.9218,26.34,79.89,2.37,3.7546
20240604,Davanagere,14.4644,75.9218,25.92,82.53,2.35,4.1278
20240605,Davanagere,14.4644,75.9218,26.21,81.33,2.36,4.8972
20240606,Davanagere,14.4644,75.9218,26.26,79.67,3.12,5.1058
20240607,Davanagere,14.4644,75.9218,24.97,81.32,4.0,3.7999
20240608,Davanagere,14.4644,75.9218,25.07,82.18,5.12,2.9957
20240609,Davanagere,14.4644,75.9218,24.49,86.69,5.61,3.5575
20240610,Davanagere,14.4644,75.9218,24.29,81.3,6.04,4.0577
20240611,Davanagere,14.4644,75.9218,23.84,82.64,4.73,5.0513
20240612,Davanagere,14.4644,75.9218,23.38,82.78,4.59,4.7659
20240613,Davanagere,14.4644,75.9218,23.82,80.68,4.31,4.2024
20240614,Davanagere,14.4644,75.9218,24.74,78.36,4.16,4.9925
20240615,Davanagere,14.4644,75.9218,25.53,80.42,4.05,6.4692
20240616,Davanagere,14.4644,75.9218,25.6,78.35,4.19,4.7515
20240617,Davanagere,14.4644,75.9218,25.42,78.45,3.66,6.0326
20240618,Davanagere,14.4644,75.9218,24.99,77.6,3.88,5.5262
20240619,Davanagere,14.4644,75.9218,25.39,78.83,4.31,5.3309
20240620,Davanagere,14.4644,75.9218,25.72,79.6,4.76,5.4247
20240621,Davanagere,14.4644,75.9218,25.35,80.6,5.07,4.4323
20240622,Davanagere,14.4644,75.9218,24.74,79.57,4.33,5.1026
20240623,Davanagere,14.4644,75.9218,24.46,81.59,3.98,5.1826
20240624,Davanagere,14.4644,75.9218,24.45,79.71,5.32,4.254
20240625,Davanagere,14.4644,75.9218,24.35,78.31,6.27,3.906
20240626,Davanagere,14.4644,75.9218,23.48,81.99,6.78,4.1578
20240627,Davanagere,14.4644,75.9218,22.44,81.54,6.4,3.9871
20240628,Davanagere,14.4644,75.9218,24.72,79.49,5.31,4.77
20240629,Davanagere,14.4644,75.9218,25.11,81.17,4.89,4.9399
20240630,Davanagere,14.4644,75.9218,24.58,83.85,4.93,3.8023
20240701,Davanagere,14.4644,75.9218,24.25,83.55,6.24,4.5158
20240702,Davanagere,14.4644,75.9218,24.63,83.8,5.47,5.1338
20240703,Davanagere,14.4644,75.9218,25.14,85.23,4.86,2.9986
20240704,Davanagere,14.4644,75.9218,24.62,83.45,5.23,3.9197
20240705,Davanagere,14.4644,75.9218,24.12,84.07,4.97,2.6534
20240706,Davanagere,14.4644,75.9218,24.9,85.52,5.79,3.0355
20240707,Davanagere,14.4644,75.9218,24.06,83.72,5.52,2.9275
20240708,Davanagere,14.4644,75.9218,23.5,85.88,4.69,3.023
20240709,Davanagere,14.4644,75.9218,23.86,84.72,4.47,4.1928
20240710,Davanagere,14.4644,75.9218,24.24,83.96,4.08,4.3642
20240711,Davanagere,14.4644,75.9218,24.11,82.01,4.57,4.8007
20240712,Davanagere,14.4644,75.9218,23.48,85.38,5.15,3.7937
20240713,Davanagere,14.4644,75.9218,24.13,88.03,5.79,3.8722
20240714,Davanagere,14.4644,75.9218,24.22,87.42,6.28,3.6434
20240715,Davanagere,14.4644,75.9218,24.57,90.28,6.57,3.0667
20240716,Davanagere,14.4644,75.9218,24.4,89.27,6.11,3.1757
20240717,Davanagere,14.4644,75.9218,24.54,89.41,6.43,2.8747
20240718,Davanagere,14.4644,75.9218,24.93,86.6,7.2,2.1142
20240719,Davanagere,14.4644,75.9218,23.75,90.32,6.57,1.9987
20240720,Davanagere,14.4644,75.9218,23.7,90.16,6.25,2.6854
20240721,Davanagere,14.4644,75.9218,24.15,88.56,6.22,2.1206
20240722,Davanagere,14.4644,75.9218,23.84,86.97,6.2,3.5297
20240723,Davanagere,14.4644,75.9218,23.61,87.16,6.71,2.6657
20240724,Davanagere,14.4644,75.9218,23.85,86.83,6.7,3.5906
20240725,Davanagere,14.4644,75.9218,24.05,86.24,7.4,2.7763
20240726,Davanagere,14.4644,75.9218,24.27,86.73,6.88,3.107
20240727,Davanagere,14.4644,75.9218,24.29,86.68,6.4,2.9503
20240728,Davanagere,14.4644,75.9218,24.27,86.62,6.37,3.1075
20240729,Davanagere,14.4644,75.9218,25.07,85.63,6.25,3.7462
20240730,Davanagere,14.4644,75.9218,24.44,89.57,4.96,3.2772
20240731,Davanagere,14.4644,75.9218,24.59,89.57,4.77,3.6979
20240801,Davanagere,14.4644,75.9218,24.14,89.52,5.26,3.6
20240802,Davanagere,14.4644,75.9218,23.85,87.86,5.23,2.7509
20240803,Davanagere,14.4644,75.9218,23.29,88.11,5.06,2.5908
20240804,Davanagere,14.4644,75.9218,22.98,88.62,4.77,4.0282
20240805,Davanagere,14.4644,75.9218,24.12,86.57,3.76,4.4856
20240806,Davanagere,14.4644,75.9218,23.81,87.23,3.77,4.1942
20240807,Davanagere,14.4644,75.9218,23.83,88.08,3.48,2.5898
20240808,Davanagere,14.4644,75.9218,24.33,85.97,3.46,3.7613
20240809,Davanagere,14.4644,75.9218,24.77,85.09,3.08,4.8038
20240810,Davanagere,14.4644,75.9218,24.43,86.78,2.84,4.9586
20240811,Davanagere,14.4644,75.9218,24.53,88.24,2.77,5.6369
20240812,Davanagere,14.4644,75.9218,25.35,83.69,2.54,5.5486
20240813,Davanagere,14.4644,75.9218,25.54,84.17,2.03,5.2517
20240814,Davanagere,14.4644,75.9218,25.96,84.96,1.25,5.9477
20240815,Davanagere,14.4644,75.9218,26.56,84.23,1.24,5.3376
20240816,Davanagere,14.4644,75.9218,25.99,87.09,1.8,2.7936
20240817,Davanagere,14.4644,75.9218,25.94,86.06,2.13,5.3748
20240818,Davanagere,14.4644,75.9218,25.4,89.04,3.01,5.3942
20240819,Davanagere,14.4644,75.9218,25.79,86.81,0.99,3.2206
20240820,Davanagere,14.4644,75.9218,25.64,85.74,1.42,5.4396
20240821,Davanagere,14.4644,75.9218,25.47,85.37,1.91,4.8473
20240822,Davanagere,14.4644,75.9218,24.1,89.17,3.71,4.6982
20240823,Davanagere,14.4644,75.9218,23.95,89.35,3.66,4.2614
20240824,Davanagere,14.4644,75.9218,23.77,90.09,4.28,2.3849
20240825,Davanagere,14.4644,75.9218,23.64,92.92,4.49,4.585
20240826,Davanagere,14.4644,75.9218,24.04,89.8,5.29,4.3728
20240827,Davanagere,14.4644,75.9218,24.06,88.59,4.55,4.0874
20240828,Davanagere,14.4644,75.9218,23.98,88.62,4.61,4.1357
20240829,Davanagere,14.4644,75.9218,24.01,90.37,4.04,5.4881
20240830,Davanagere,14.4644,75.9218,23.9,91.07,3.52,3.6288
20240831,Davanagere,14.4644,75.9218,23.65,91.76,3.9,3.1452
20240901,Davanagere,14.4644,75.9218,23.48,88.07,4.61,2.0105
20240902,Davanagere,14.4644,75.9218,23.85,88.55,4.49,5.0558
20240903,Davanagere,14.4644,75.9218,24.26,88.94,4.13,4.2912
20240904,Davanagere,14.4644,75.9218,23.92,89.99,4.09,4.9243
20240905,Davanagere,14.4644,75.9218,24.38,88.54,3.95,5.0969
20240906,Davanagere,14.4644,75.9218,24.08,89.1,3.54,4.9824
20240907,Davanagere,14.4644,75.9218,24.13,89.23,3.39,4.3596
20240908,Davanagere,14.4644,75.9218,24.21,88.91,3.61,3.7039
20240909,Davanagere,14.4644,75.9218,24.09,90.18,4.13,4.9234
20240910,Davanagere,14.4644,75.9218,23.79,91.35,3.87,4.5715
20240911,Davanagere,14.4644,75.9218,23.99,88.01,3.87,4.7621
20240912,Davanagere,14.4644,75.9218,23.91,87.39,3.53,5.7701
20240913,Davanagere,14.4644,75.9218,23.93,86.19,3.01,5.1439
20240914,Davanagere,14.4644,75.9218,23.96,85.31,2.83,5.7799
20240915,Davanagere,14.4644,75.9218,23.89,85.29,3.11,4.8324
20240916,Davanagere,14.4644,75.9218,24.03,84.86,3.2,5.0827
20240917,Davanagere,14.4644,75.9218,24.16,84.01,3.04,5.4427
20240918,Davanagere,14.4644,75.9218,23.65,81.74,2.64,6.5362
20240919,Davanagere,14.4644,75.9218,23.97,79.53,2.36,5.6143
20240920,Davanagere,14.4644,75.9218,24.33,82.77,2.28,5.8368
20240921,Davanagere,14.4644,75.9218,24.4,84.81,2.5,5.9537
20240922,Davanagere,14.4644,75.9218,23.29,90.51,2.33,4.1645
20240923,Davanagere,14.4644,75.9218,24.64,87.12,3.04,4.434
20240924,Davanagere,14.4644,75.9218,23.59,93.84,3.69,3.6948
20240925,Davanagere,14.4644,75.9218,23.73,90.55,3.31,3.4279
20240926,Davanagere,14.4644,75.9218,23.5,88.31,4.05,4.501
20240927,Davanagere,14.4644,75.9218,23.64,88.26,2.99,4.1326
20240928,Davanagere,14.4644,75.9218,24.7,84.72,1.82,5.1005
20240929,Davanagere,14.4644,75.9218,25.32,85.22,1.48,4.6694
20240930,Davanagere,14.4644,75.9218,26.43,80.01,1.16,5.8392
20241001,Davanagere,14.4644,75.9218,26.69,76.22,1.03,5.7706
20241002,Davanagere,14.4644,75.9218,26.01,84.91,1.8,5.4242
20241003,Davanagere,14.4644,75.9218,24.64,87.3,2.01,4.7249
20241004,Davanagere,14.4644,75.9218,24.95,86.64,1.94,5.4554
20241005,Davanagere,14.4644,75.9218,24.31,88.64,1.75,4.1566
20241006,Davanagere,14.4644,75.9218,23.91,89.46,1.56,4.9949
20241007,Davanagere,14.4644,75.9218,24.23,81.06,2.12,5.1302
20241008,Davanagere,14.4644,75.9218,24.51,84.24,2.02,4.6308
20241009,Davanagere,14.4644,75.9218,25.04,86.25,1.85,4.6706
20241010,Davanagere,14.4644,75.9218,25.37,85.24,1.41,4.8866
20241011,Davanagere,14.4644,75.9218,25.0,87.93,1.54,4.1856
20241012,Davanagere,14.4644,75.9218,24.9,88.19,1.59,4.5487
20241013,Davanagere,14.4644,75.9218,25.16,84.97,2.0,4.5312
20241014,Davanagere,14.4644,75.9218,24.15,88.05,2.01,3.9274
20241015,Davanagere,14.4644,75.9218,23.38,91.12,2.26,2.7341
20241016,Davanagere,14.4644,75.9218,23.53,90.81,2.07,2.9594
20241017,Davanagere,14.4644,75.9218,24.03,89.94,1.22,2.8315
20241018,Davanagere,14.4644,75.9218,23.58,91.29,2.11,3.8338
20241019,Davanagere,14.4644,75.9218,24.09,87.5,0.8,3.9096
20241020,Davanagere,14.4644,75.9218,23.88,90.87,2.32,3.2671
20241021,Davanagere,14.4644,75.9218,24.54,87.04,1.81,3.7039
20241022,Davanagere,14.4644,75.9218,24.53,85.92,1.34,4.5698
20241023,Davanagere,14.4644,75.9218,24.57,86.24,1.14,5.3657
20241024,Davanagere,14.4644,75.9218,24.53,83.49,1.19,4.7616
20241025,Davanagere,14.4644,75.9218,24.09,81.43,0.93,5.0602
20241026,Davanagere,14.4644,75.9218,23.48,83.34,1.43,5.3558
20241027,Davanagere,14.4644,75.9218,23.37,82.78,1.63,5.1307
20241028,Davanagere,14.4644,75.9218,22.93,87.11,1.46,4.6798
20241029,Davanagere,14.4644,75.9218,23.86,86.9,1.36,4.6802
20241030,Davanagere,14.4644,75.9218,24.47,84.35,0.8,5.0981
20241031,Davanagere,14.4644,75.9218,24.44,84.95,1.62,5.0616
20241101,Davanagere,14.4644,75.9218,24.09,85.81,1.82,4.9356
20241102,Davanagere,14.4644,75.9218,23.73,84.53,2.17,5.5406
20241103,Davanagere,14.4644,75.9218,23.95,82.19,2.14,5.7977
20241104,Davanagere,14.4644,75.9218,23.39,84.74,2.13,5.2771
20241105,Davanagere,14.4644,75.9218,23.28,84.07,2.08,5.2512
20241106,Davanagere,14.4644,75.9218,23.27,77.15,1.98,5.5241
20241107,Davanagere,14.4644,75.9218,22.99,79.36,2.0,5.5126
20241108,Davanagere,14.4644,75.9218,23.51,82.06,2.23,5.5954
20241109,Davanagere,14.4644,75.9218,23.41,81.83,2.33,5.1566
20241110,Davanagere,14.4644,75.9218,23.35,80.11,1.86,5.4682
20241111,Davanagere,14.4644,75.9218,22.39,77.95,2.06,4.8876
20241112,Davanagere,14.4644,75.9218,21.19,82.2,2.49,4.4844
20241113,Davanagere,14.4644,75.9218,24.03,81.28,3.07,4.476
20241114,Davanagere,14.4644,75.9218,24.62,83.45,3.08,4.1894
20241115,Davanagere,14.4644,75.9218,24.53,84.61,2.59,4.0469
20241116,Davanagere,14.4644,75.9218,24.61,83.53,2.95,4.3164
20241117,Davanagere,14.4644,75.9218,23.96,80.65,2.77,4.0133
20241118,Davanagere,14.4644,75.9218,23.35,79.66,2.69,3.8417
20241119,Davanagere,14.4644,75.9218,22.95,77.64,2.65,4.7023
20241120,Davanagere,14.4644,75.9218,21.96,77.16,2.4,5.0208
20241121,Davanagere,14.4644,75.9218,21.93,75.64,2.2,4.991
20241122,Davanagere,14.4644,75.9218,21.53,74.75,1.91,4.9764
20241123,Davanagere,14.4644,75.9218,22.03,75.05,1.77,5.1936
20241124,Davanagere,14.4644,75.9218,21.69,75.33,1.98,5.3546
20241125,Davanagere,14.4644,75.9218,21.31,78.52,2.78,4.7316
20241126,Davanagere,14.4644,75.9218,22.21,78.11,2.53,4.7316
20241127,Davanagere,14.4644,75.9218,22.66,78.6,2.86,3.8803
20241128,Davanagere,14.4644,75.9218,21.57,72.61,2.8,5.2622
20241129,Davanagere,14.4644,75.9218,21.76,73.72,2.72,5.3484
20241130,Davanagere,14.4644,75.9218,23.74,79.44,2.84,3.5143
20241201,Davanagere,14.4644,75.9218,23.62,83.13,2.28,3.3514
20241202,Davanagere,14.4644,75.9218,24.18,83.76,2.16,2.5726
20241203,Davanagere,14.4644,75.9218,22.97,93.35,3.86,2.5862
20241204,Davanagere,14.4644,75.9218,24.45,79.92,2.93,4.56
20241205,Davanagere,14.4644,75.9218,24.69,81.06,2.32,3.7642
20241206,Davanagere,14.4644,75.9218,25.33,76.9,1.24,4.6205
20241207,Davanagere,14.4644,75.9218,24.69,78.89,0.79,4.0082
20241208,Davanagere,14.4644,75.9218,24.6,83.59,1.53,4.0723
20241209,Davanagere,14.4644,75.9218,24.68,82.35,1.09,3.3197
20241210,Davanagere,14.4644,75.9218,24.9,77.45,1.38,4.4808
20241211,Davanagere,14.4644,75.9218,24.07,76.89,2.93,3.8486
20241212,Davanagere,14.4644,75.9218,23.38,80.54,3.12,3.5981
20241213,Davanagere,14.4644,75.9218,23.39,77.24,3.48,2.8214
20241214,Davanagere,14.4644,75.9218,23.22,75.74,3.41,4.6178
20241215,Davanagere,14.4644,75.9218,21.11,73.38,2.99,5.2654
20241216,Davanagere,14.4644,75.9218,19.87,70.02,2.6,5.2358
20241217,Davanagere,14.4644,75.9218,20.81,64.16,1.73,5.688
20241218,Davanagere,14.4644,75.9218,21.68,80.15,1.95,5.2956
20241219,Davanagere,14.4644,75.9218,24.45,78.53,1.55,4.4138
20241220,Davanagere,14.4644,75.9218,24.7,77.85,1.41,4.3025
20241221,Davanagere,14.4644,75.9218,24.14,77.84,1.52,4.3874
20241222,Davanagere,14.4644,75.9218,24.07,76.31,1.09,4.4952
20241223,Davanagere,14.4644,75.9218,24.03,75.48,0.83,3.8359
20241224,Davanagere,14.4644,75.9218,24.22,73.14,1.81,4.589
20241225,Davanagere,14.4644,75.9218,24.29,71.69,1.14,3.9653
20241226,Davanagere,14.4644,75.9218,24.76,74.45,2.9,2.6066
20241227,Davanagere,14.4644,75.9218,24.7,74.51,4.12,3.5458
20241228,Davanagere,14.4644,75.9218,23.91,69.75,3.13,5.5838
20241229,Davanagere,14.4644,75.9218,23.17,63.71,2.92,5.6666
20241230,Davanagere,14.4644,75.9218,23.12,65.25,3.37,5.2805
20241231,Davanagere,14.4644,75.9218,22.93,63.9,3.49,5.5486
20250101,Davanagere,14.4644,75.9218,22.0,67.55,3.42,5.3741
20250102,Davanagere,14.4644,75.9218,21.58,67.63,3.41,3.8237
20250103,Davanagere,14.4644,75.9218,21.65,68.15,3.39,5.4226
20250104,Davanagere,14.4644,75.9218,21.02,62.63,2.65,5.7842
20250105,Davanagere,14.4644,75.9218,21.25,60.21,2.35,5.6006
20250106,Davanagere,14.4644,75.9218,21.46,56.66,1.83,5.7266
20250107,Davanagere,14.4644,75.9218,21.28,57.83,2.44,5.6882
20250108,Davanagere,14.4644,75.9218,20.7,55.7,2.74,5.4331
20250109,Davanagere,14.4644,75.9218,20.58,60.32,3.15,5.3815
20250110,Davanagere,14.4644,75.9218,22.36,67.07,2.51,4.7957
20250111,Davanagere,14.4644,75.9218,23.7,69.36,2.44,4.938
20250112,Davanagere,14.4644,75.9218,24.1,64.43,2.51,4.6402
20250113,Davanagere,14.4644,75.9218,24.56,64.39,2.85,5.503
20250114,Davanagere,14.4644,75.9218,24.64,67.38,3.38,4.619
20250115,Davanagere,14.4644,75.9218,24.04,61.77,3.81,5.2728
20250116,Davanagere,14.4644,75.9218,24.0,63.66,3.55,5.3239
20250117,Davanagere,14.4644,75.9218,23.72,63.01,3.86,5.2224
20250118,Davanagere,14.4644,75.9218,23.05,61.65,3.79,4.1813
20250119,Davanagere,14.4644,75.9218,23.49,62.9,3.12,5.1617
20250120,Davanagere,14.4644,75.9218,23.74,56.84,2.88,5.5459
20250121,Davanagere,14.4644,75.9218,22.77,52.93,2.59,5.8618
20250122,Davanagere,14.4644,75.9218,23.6,49.25,2.62,6.0281
20250123,Davanagere,14.4644,75.9218,24.85,54.62,2.87,5.7828
20250124,Davanagere,14.4644,75.9218,23.73,48.44,3.02,6.1726
20250125,Davanagere,14.4644,75.9218,22.76,46.26,3.28,6.33
20250126,Davanagere,14.4644,75.9218,22.83,42.31,3.36,6.3497
20250127,Davanagere,14.4644,75.9218,22.91,46.66,2.8,6.1234
20250128,Davanagere,14.4644,75.9218,23.64,45.29,2.16,5.417
20250129,Davanagere,14.4644,75.9218,23.46,44.95,3.17,6.0854
20250130,Davanagere,14.4644,75.9218,23.68,40.26,2.01,6.1318
20250131,Davanagere,14.4644,75.9218,23.95,32.4,1.23,6.0955
20250201,Davanagere,14.4644,75.9218,25.21,43.22,1.7,6.035
20250202,Davanagere,14.4644,75.9218,25.41,39.38,2.53,5.9018
20250203,Davanagere,14.4644,75.9218,24.56,33.73,2.65,6.4054
20250204,Davanagere,14.4644,75.9218,24.7,36.56,1.94,6.4486
20250205,Davanagere,14.4644,75.9218,25.27,37.12,2.17,6.2352
20250206,Davanagere,14.4644,75.9218,25.31,36.48,2.66,6.384
20250207,Davanagere,14.4644,75.9218,25.38,39.73,3.08,6.3686
20250208,Davanagere,14.4644,75.9218,25.36,39.55,2.83,6.185
20250209,Davanagere,14.4644,75.9218,25.52,44.4,3.06,5.6957
20250210,Davanagere,14.4644,75.9218,25.55,43.77,2.79,6.0418
20250211,Davanagere,14.4644,75.9218,25.68,42.32,2.6,6.3216
20250212,Davanagere,14.4644,75.9218,25.59,33.66,2.55,6.4639
20250213,Davanagere,14.4644,75.9218,26.29,32.13,2.24,6.419
20250214,Davanagere,14.4644,75.9218,25.74,31.23,2.23,6.2813
20250215,Davanagere,14.4644,75.9218,25.59,26.89,2.67,6.3941
20250216,Davanagere,14.4644,75.9218,25.68,31.23,2.53,6.6331
20250217,Davanagere,14.4644,75.9218,26.41,34.2,2.27,6.5357
20250218,Davanagere,14.4644,75.9218,27.09,35.54,1.73,6.426
20250219,Davanagere,14.4644,75.9218,27.48,36.47,1.01,6.1421
20250220,Davanagere,14.4644,75.9218,28.21,46.35,1.13,5.808
20250221,Davanagere,14.4644,75.9218,28.4,37.87,2.56,6.0526
20250222,Davanagere,14.4644,75.9218,28.27,38.98,3.02,5.9479
20250223,Davanagere,14.4644,75.9218,27.22,31.3,3.1,5.8514
20250224,Davanagere,14.4644,75.9218,26.56,30.82,3.95,6.8573
20250225,Davanagere,14.4644,75.9218,26.15,32.56,3.9,6.079
20250226,Davanagere,14.4644,75.9218,26.95,37.48,4.25,6.8618
20250227,Davanagere,14.4644,75.9218,27.11,39.02,3.73,6.4846
20250228,Davanagere,14.4644,75.9218,27.43,37.04,3.45,6.2585
20250301,Davanagere,14.4644,75.9218,27.62,32.2,3.3,6.7116
20250302,Davanagere,14.4644,75.9218,27.77,35.06,3.14,6.877
20250303,Davanagere,14.4644,75.9218,27.99,31.87,2.66,6.3878
20250304,Davanagere,14.4644,75.9218,28.99,27.72,3.24,5.1869
20250305,Davanagere,14.4644,75.9218,28.45,28.01,2.15,5.713
20250306,Davanagere,14.4644,75.9218,27.51,22.98,2.55,6.9218
20250307,Davanagere,14.4644,75.9218,26.7,12.29,2.28,7.4158
20250308,Davanagere,14.4644,75.9218,27.34,26.03,1.53,7.2314
20250309,Davanagere,14.4644,75.9218,28.61,21.93,2.18,6.8532
20250310,Davanagere,14.4644,75.9218,28.2,29.37,3.93,7.0061
20250311,Davanagere,14.4644,75.9218,27.84,36.36,4.51,6.9427
20250312,Davanagere,14.4644,75.9218,28.56,40.67,2.87,7.1261
20250313,Davanagere,14.4644,75.9218,28.79,46.04,1.53,6.4284
20250314,Davanagere,14.4644,75.9218,29.85,31.65,1.36,6.6557
20250315,Davanagere,14.4644,75.9218,29.23,37.08,1.87,6.8143
20250316,Davanagere,14.4644,75.9218,28.87,24.45,2.14,7.1806
20250317,Davanagere,14.4644,75.9218,27.94,51.61,1.61,6.0907
20250318,Davanagere,14.4644,75.9218,29.8,44.7,1.74,6.7541
20250319,Davanagere,14.4644,75.9218,30.23,48.13,1.3,6.5213
20250320,Davanagere,14.4644,75.9218,30.11,52.61,2.65,6.413
20250321,Davanagere,14.4644,75.9218,30.33,45.49,2.54,6.7834
20250322,Davanagere,14.4644,75.9218,30.47,37.52,2.33,7.0591
20250323,Davanagere,14.4644,75.9218,30.34,38.43,2.03,7.0507
20250324,Davanagere,14.4644,75.9218,30.42,43.75,2.21,6.5933
20250325,Davanagere,14.4644,75.9218,31.28,32.21,1.7,5.1302
20250326,Davanagere,14.4644,75.9218,30.54,45.87,1.78,6.2143
20250327,Davanagere,14.4644,75.9218,30.33,42.23,2.23,6.541
20250328,Davanagere,14.4644,75.9218,30.29,44.85,1.57,6.6701
20250329,Davanagere,14.4644,75.9218,30.42,38.79,1.35,6.4078
20250330,Davanagere,14.4644,75.9218,29.97,40.38,1.56,6.4411
20250331,Davanagere,14.4644,75.9218,30.49,42.55,1.91,5.909
20250401,Davanagere,14.4644,75.9218,30.02,43.32,2.06,6.4435
20250402,Davanagere,14.4644,75.9218,29.91,35.55,1.66,6.3211
20250403,Davanagere,14.4644,75.9218,26.47,72.03,1.79,4.5115
20250404,Davanagere,14.4644,75.9218,27.7,63.84,1.8,6.9348
20250405,Davanagere,14.4644,75.9218,28.31,57.71,1.84,6.2844
20250406,Davanagere,14.4644,75.9218,28.8,59.47,2.04,6.0456
20250407,Davanagere,14.4644,75.9218,29.25,50.24,1.53,6.7766
20250408,Davanagere,14.4644,75.9218,28.9,49.16,1.88,6.8314
20250409,Davanagere,14.4644,75.9218,28.89,50.23,1.75,6.5971
20250410,Davanagere,14.4644,75.9218,28.5,56.78,3.35,6.421
20250411,Davanagere,14.4644,75.9218,28.24,60.78,3.01,6.6538
20250412,Davanagere,14.4644,75.9218,29.16,55.72,2.37,6.4027
20250413,Davanagere,14.4644,75.9218,29.32,51.84,2.1,7.0306
20250414,Davanagere,14.4644,75.9218,29.28,52.94,1.67,7.025
20250415,Davanagere,14.4644,75.9218,29.84,53.12,1.45,6.8522
20250416,Davanagere,14.4644,75.9218,28.62,61.19,2.98,7.013
20250417,Davanagere,14.4644,75.9218,29.32,57.62,1.97,6.3398
20250418,Davanagere,14.4644,75.9218,29.32,61.52,2.6,6.7483
20250419,Davanagere,14.4644,75.9218,29.72,60.14,2.66,6.24
20250420,Davanagere,14.4644,75.9218,29.87,58.92,2.19,6.0084
20250421,Davanagere,14.4644,75.9218,29.63,61.5,1.85,6.6235
20250422,Davanagere,14.4644,75.9218,30.69,50.46,1.61,7.0349
20250423,Davanagere,14.4644,75.9218,30.01,57.67,1.63,6.9466
20250424,Davanagere,14.4644,75.9218,29.09,62.66,1.71,6.9415
20250425,Davanagere,14.4644,75.9218,29.68,61.64,1.6,6.0269
20250426,Davanagere,14.4644,75.9218,29.89,61.14,1.99,6.3787
20250427,Davanagere,14.4644,75.9218,29.34,64.99,1.53,6.2614
20250428,Davanagere,14.4644,75.9218,28.98,63.45,2.31,6.9595
20250429,Davanagere,14.4644,75.9218,29.65,57.51,1.52,6.6768
20250430,Davanagere,14.4644,75.9218,29.63,59.51,1.99,6.9202
20250501,Davanagere,14.4644,75.9218,29.44,60.02,2.07,7.1352
20250502,Davanagere,14.4644,75.9218,29.75,58.14,2.64,7.1594
20250503,Davanagere,14.4644,75.9218,28.45,65.28,2.58,6.2928
20250504,Davanagere,14.4644,75.9218,27.97,59.3,2.6,7.3949
20250505,Davanagere,14.4644,75.9218,28.4,58.31,1.99,7.627
20250506,Davanagere,14.4644,75.9218,28.79,58.22,2.6,7.2341
20250507,Davanagere,14.4644,75.9218,28.9,54.21,2.66,7.405
20250508,Davanagere,14.4644,75.9218,27.89,56.98,3.34,6.6406
20250509,Davanagere,14.4644,75.9218,27.49,59.24,2.19,7.3428
20250510,Davanagere,14.4644,75.9218,27.49,61.69,2.35,6.9703
20250511,Davanagere,14.4644,75.9218,29.01,58.16,2.82,6.3252
20250512,Davanagere,14.4644,75.9218,29.14,58.66,2.07,6.0322
20250513,Davanagere,14.4644,75.9218,25.93,77.86,1.69,5.7058
20250514,Davanagere,14.4644,75.9218,27.4,70.6,2.1,6.6754
20250515,Davanagere,14.4644,75.9218,26.57,76.33,2.31,5.0662
20250516,Davanagere,14.4644,75.9218,26.56,80.45,1.85,4.8799
20250517,Davanagere,14.4644,75.9218,27.23,74.81,1.61,5.6426
20250518,Davanagere,14.4644,75.9218,25.96,82.82,2.25,5.0198
20250519,Davanagere,14.4644,75.9218,25.79,84.36,2.3,4.1945
20250520,Davanagere,14.4644,75.9218,26.97,77.54,2.79,2.3237
20250521,Davanagere,14.4644,75.9218,24.73,87.12,3.43,2.8675
20250522,Davanagere,14.4644,75.9218,24.72,88.37,5.03,4.6416
20250523,Davanagere,14.4644,75.9218,25.7,82.52,5.45,4.2125
20250524,Davanagere,14.4644,75.9218,25.67,85.27,6.28,3.912
20250525,Davanagere,14.4644,75.9218,25.43,83.4,5.9,2.9542
20250526,Davanagere,14.4644,75.9218,23.91,85.44,5.61,3.4694
20250527,Davanagere,14.4644,75.9218,23.99,84.96,5.77,3.7498
20250528,Davanagere,14.4644,75.9218,23.97,85.67,5.15,2.6126
20250529,Davanagere,14.4644,75.9218,23.63,87.89,5.22,3.5222
20250530,Davanagere,14.4644,75.9218,25.18,85.06,4.98,4.4506
20250531,Davanagere,14.4644,75.9218,24.7,81.98,4.47,5.9405
20250601,Davanagere,14.4644,75.9218,24.51,80.82,3.86,4.8466
20250602,Davanagere,14.4644,75.9218,25.32,82.05,3.94,4.873
20250603,Davanagere,14.4644,75.9218,25.45,81.17,3.66,4.4054
20250604,Davanagere,14.4644,75.9218,25.0,80.42,3.44,4.9313
20250605,Davanagere,14.4644,75.9218,25.16,75.97,2.83,6.2854
20250606,Davanagere,14.4644,75.9218,25.22,79.39,2.61,6.6943
20250607,Davanagere,14.4644,75.9218,25.56,81.16,3.29,6.3648
20250608,Davanagere,14.4644,75.9218,25.44,81.82,3.21,6.1836
20250609,Davanagere,14.4644,75.9218,25.74,79.64,3.76,4.9042
20250610,Davanagere,14.4644,75.9218,25.03,83.93,3.67,5.8757
20250611,Davanagere,14.4644,75.9218,25.14,86.67,3.97,3.0542
20250612,Davanagere,14.4644,75.9218,24.45,88.69,3.11,2.303
20250613,Davanagere,14.4644,75.9218,24.31,89.35,4.88,2.9354
20250614,Davanagere,14.4644,75.9218,23.98,90.08,5.56,3.5326
20250615,Davanagere,14.4644,75.9218,23.86,88.55,6.61,2.9825
20250616,Davanagere,14.4644,75.9218,24.23,85.73,7.52,2.5663
20250617,Davanagere,14.4644,75.9218,24.71,87.61,5.26,4.483
20250618,Davanagere,14.4644,75.9218,25.16,85.43,5.05,4.9711
20250619,Davanagere,14.4644,75.9218,25.23,84.29,5.07,5.0959
20250620,Davanagere,14.4644,75.9218,25.19,84.09,4.76,5.015
20250621,Davanagere,14.4644,75.9218,25.08,84.3,4.89,5.2586
20250622,Davanagere,14.4644,75.9218,25.03,84.47,5.28,4.0022
20250623,Davanagere,14.4644,75.9218,24.75,83.73,6.2,2.9033
20250624,Davanagere,14.4644,75.9218,23.49,86.82,6.07,3.8734
20250625,Davanagere,14.4644,75.9218,24.31,85.34,5.88,3.4001
20250626,Davanagere,14.4644,75.9218,24.68,85.03,6.19,3.6053
20250627,Davanagere,14.4644,75.9218,24.43,86.08,5.45,4.6267
20250628,Davanagere,14.4644,75.9218,24.78,84.08,4.82,4.8466
20250629,Davanagere,14.4644,75.9218,24.53,84.48,4.97,4.8197
20250630,Davanagere,14.4644,75.9218,24.33,84.93,4.96,5.118
20250701,Davanagere,14.4644,75.9218,24.41,84.65,4.62,3.739
20250702,Davanagere,14.4644,75.9218,24.74,83.96,5.01,3.4126
20250703,Davanagere,14.4644,75.9218,23.86,84.06,5.69,3.2726
20250704,Davanagere,14.4644,75.9218,23.73,85.69,5.69,3.894
20250705,Davanagere,14.4644,75.9218,23.94,85.98,6.0,4.002
20250706,Davanagere,14.4644,75.9218,24.3,85.27,6.19,3.7109
20250707,Davanagere,14.4644,75.9218,24.38,84.33,6.01,3.5726
20250708,Davanagere,14.4644,75.9218,24.36,84.5,5.59,3.9293
20250709,Davanagere,14.4644,75.9218,24.61,83.69,5.25,3.6528
20250710,Davanagere,14.4644,75.9218,24.98,82.13,4.57,4.9217
20250711,Davanagere,14.4644,75.9218,25.01,83.28,4.17,4.2406
20250712,Davanagere,14.4644,75.9218,24.87,82.76,4.26,3.7373
20250713,Davanagere,14.4644,75.9218,24.9,82.65,4.69,4.3966
20250714,Davanagere,14.4644,75.9218,24.87,84.08,5.26,3.5981
20250715,Davanagere,14.4644,75.9218,24.79,83.86,5.28,3.4826
20250716,Davanagere,14.4644,75.9218,24.81,84.48,4.59,3.4505
20250717,Davanagere,14.4644,75.9218,24.46,84.64,4.54,3.5249
20250718,Davanagere,14.4644,75.9218,23.99,88.01,3.87,3.3622
20250719,Davanagere,14.4644,75.9218,23.31,89.5,3.66,3.6257
20250720,Davanagere,14.4644,75.9218,24.49,85.51,4.62,3.7166
20250721,Davanagere,14.4644,75.9218,23.7,85.47,5.2,2.7588
20250722,Davanagere,14.4644,75.9218,23.23,85.97,5.32,2.9232
20250723,Davanagere,14.4644,75.9218,23.79,87.11,5.77,3.245
20250724,Davanagere,14.4644,75.9218,23.92,87.31,5.71,2.339
20250725,Davanagere,14.4644,75.9218,24.02,88.06,6.54,2.3498
20250726,Davanagere,14.4644,75.9218,23.83,86.61,7.14,2.8721
20250727,Davanagere,14.4644,75.9218,23.41,85.79,6.4,3.8546
20250728,Davanagere,14.4644,75.9218,23.33,85.33,6.05,4.1309
20250729,Davanagere,14.4644,75.9218,23.62,84.52,6.44,4.2226
20250730,Davanagere,14.4644,75.9218,23.74,85.26,5.76,3.7596
20250731,Davanagere,14.4644,75.9218,24.29,84.27,4.62,4.0848
20250801,Davanagere,14.4644,75.9218,24.4,83.86,3.75,4.3174
20250802,Davanagere,14.4644,75.9218,24.58,83.0,3.57,4.3289
20250803,Davanagere,14.4644,75.9218,24.38,84.4,2.87,4.7642
20250804,Davanagere,14.4644,75.9218,24.19,87.13,2.83,4.4892
20250805,Davanagere,14.4644,75.9218,24.57,88.01,2.85,4.5914
20250806,Davanagere,14.4644,75.9218,24.58,88.44,3.42,3.816
20250807,Davanagere,14.4644,75.9218,24.07,89.87,3.23,3.9958
20250808,Davanagere,14.4644,75.9218,23.79,91.65,1.62,3.9209
20250809,Davanagere,14.4644,75.9218,23.66,87.34,1.51,4.7316
20250810,Davanagere,14.4644,75.9218,23.15,87.73,2.88,4.1546
20250811,Davanagere,14.4644,75.9218,22.55,88.63,3.59,4.0882
20250812,Davanagere,14.4644,75.9218,22.13,86.5,3.4,3.486
20250813,Davanagere,14.4644,75.9218,22.5,89.2,3.88,2.6978
20250814,Davanagere,14.4644,75.9218,23.12,90.47,3.87,2.9491
20250815,Davanagere,14.4644,75.9218,23.47,89.4,4.9,3.4954
20250816,Davanagere,14.4644,75.9218,23.42,89.86,4.66,3.8033
20250817,Davanagere,14.4644,75.9218,23.16,90.67,5.36,2.3779
20250818,Davanagere,14.4644,75.9218,22.52,91.03,5.72,2.7744
20250819,Davanagere,14.4644,75.9218,22.36,91.56,5.76,2.7074
20250820,Davanagere,14.4644,75.9218,22.59,89.18,4.85,3.659
20250821,Davanagere,14.4644,75.9218,23.57,88.06,3.67,4.5919
20250822,Davanagere,14.4644,75.9218,23.76,87.13,3.15,4.4923
20250823,Davanagere,14.4644,75.9218,23.39,87.27,3.3,4.8091
20250824,Davanagere,14.4644,75.9218,23.48,85.66,3.6,5.5966
20250825,Davanagere,14.4644,75.9218,23.31,85.47,3.5,5.4379
20250826,Davanagere,14.4644,75.9218,23.73,86.37,4.03,3.4555
20250827,Davanagere,14.4644,75.9218,23.17,90.22,3.93,2.6023
20250828,Davanagere,14.4644,75.9218,23.0,90.34,3.84,3.15
20250829,Davanagere,14.4644,75.9218,23.7,90.04,4.15,3.66
20250830,Davanagere,14.4644,75.9218,23.86,88.96,4.16,4.344
20250831,Davanagere,14.4644,75.9218,23.91,88.38,4.08,3.5635
20250901,Davanagere,14.4644,75.9218,23.55,87.8,4.05,4.1765
20250902,Davanagere,14.4644,75.9218,23.28,89.37,4.04,2.7137
20250903,Davanagere,14.4644,75.9218,23.55,88.34,3.99,4.7035
20250904,Davanagere,14.4644,75.9218,23.86,86.83,4.05,4.4522
20250905,Davanagere,14.4644,75.9218,23.82,86.57,3.13,5.2438
20250906,Davanagere,14.4644,75.9218,24.05,85.19,2.83,4.6584
20250907,Davanagere,14.4644,75.9218,23.63,85.23,3.04,4.6778
20250908,Davanagere,14.4644,75.9218,23.78,83.86,2.47,4.777
20250909,Davanagere,14.4644,75.9218,24.75,81.68,1.76,5.0186
20250910,Davanagere,14.4644,75.9218,25.09,81.43,2.19,6.0442
20250911,Davanagere,14.4644,75.9218,23.68,84.51,2.35,3.3905
20250912,Davanagere,14.4644,75.9218,23.12,87.59,2.18,4.6349
20250913,Davanagere,14.4644,75.9218,24.11,85.4,2.55,3.1594
20250914,Davanagere,14.4644,75.9218,23.82,85.18,2.75,4.7064
20250915,Davanagere,14.4644,75.9218,23.07,89.44,2.62,4.0966
20250916,Davanagere,14.4644,75.9218,23.55,88.92,2.09,3.3636
20250917,Davanagere,14.4644,75.9218,24.67,84.35,2.6,3.7008
20250918,Davanagere,14.4644,75.9218,24.13,87.2,3.1,4.4954
20250919,Davanagere,14.4644,75.9218,24.25,86.49,3.26,3.9938
20250920,Davanagere,14.4644,75.9218,24.05,86.19,2.79,4.1033
20250921,Davanagere,14.4644,75.9218,24.44,84.46,2.73,4.7698
20250922,Davanagere,14.4644,75.9218,23.52,86.46,3.04,4.0046
20250923,Davanagere,14.4644,75.9218,23.42,85.62,2.73,3.7946
20250924,Davanagere,14.4644,75.9218,23.27,85.52,3.1,3.7906
20250925,Davanagere,14.4644,75.9218,23.85,84.44,3.07,5.2495
20250926,Davanagere,14.4644,75.9218,23.67,84.71,3.38,3.127
20250927,Davanagere,14.4644,75.9218,21.16,90.99,3.67,3.2779
20250928,Davanagere,14.4644,75.9218,23.13,86.99,4.21,3.6684
20250929,Davanagere,14.4644,75.9218,23.35,86.47,3.68,4.0049
20250930,Davanagere,14.4644,75.9218,23.51,85.77,3.3,4.5266
20251001,Davanagere,14.4644,75.9218,23.73,86.25,3.18,4.4136
20251002,Davanagere,14.4644,75.9218,24.09,86.46,2.84,4.4539
20251003,Davanagere,14.4644,75.9218,24.58,83.02,2.47,5.0434
20251004,Davanagere,14.4644,75.9218,24.58,81.91,2.1,5.2903
20251005,Davanagere,14.4644,75.9218,24.69,79.45,2.21,6.0761
20251006,Davanagere,14.4644,75.9218,24.01,78.56,2.31,6.1946
20251007,Davanagere,14.4644,75.9218,24.62,77.69,1.83,5.825
20251008,Davanagere,14.4644,75.9218,25.38,80.47,1.17,5.6263
20251009,Davanagere,14.4644,75.9218,24.99,83.23,1.88,4.9534
20251010,Davanagere,14.4644,75.9218,24.46,85.34,2.31,3.191
20251011,Davanagere,14.4644,75.9218,23.78,77.98,2.61,4.2768
20251012,Davanagere,14.4644,75.9218,22.76,76.33,2.38,6.301
20251013,Davanagere,14.4644,75.9218,23.23,81.7,2.4,5.6136
20251014,Davanagere,14.4644,75.9218,24.84,80.16,2.58,4.8406
20251015,Davanagere,14.4644,75.9218,25.2,79.67,3.02,4.7784
20251016,Davanagere,14.4644,75.9218,24.78,83.89,3.52,4.3625
20251017,Davanagere,14.4644,75.9218,24.2,84.31,3.67,4.6649
20251018,Davanagere,14.4644,75.9218,24.14,83.5,3.03,4.8137
20251019,Davanagere,14.4644,75.9218,24.5,84.45,3.23,4.4237
20251020,Davanagere,14.4644,75.9218,24.59,82.99,2.88,4.2247
20251021,Davanagere,14.4644,75.9218,24.5,83.38,3.4,4.4107
20251022,Davanagere,14.4644,75.9218,24.24,84.13,4.19,3.1699
20251023,Davanagere,14.4644,75.9218,24.06,86.58,2.75,3.6223
20251024,Davanagere,14.4644,75.9218,22.93,90.16,1.67,3.2527
20251025,Davanagere,14.4644,75.9218,23.47,85.21,1.62,4.9042
20251026,Davanagere,14.4644,75.9218,23.93,86.2,1.64,3.3797
20251027,Davanagere,14.4644,75.9218,23.62,90.38,1.8,3.1625
20251028,Davanagere,14.4644,75.9218,23.01,88.05,2.28,3.6523
20251029,Davanagere,14.4644,75.9218,22.62,88.9,3.23,4.7602
20251030,Davanagere,14.4644,75.9218,22.74,86.36,3.13,5.1266
20251031,Davanagere,14.4644,75.9218,23.03,85.99,2.58,4.3337
20251101,Davanagere,14.4644,75.9218,23.05,82.59,2.12,5.9508
20251102,Davanagere,14.4644,75.9218,23.72,85.64,1.78,4.9939
20251103,Davanagere,14.4644,75.9218,23.63,81.32,2.01,5.5154
20251104,Davanagere,14.4644,75.9218,24.03,81.74,1.86,4.5725
20251105,Davanagere,14.4644,75.9218,23.26,83.0,2.23,5.6191
20251106,Davanagere,14.4644,75.9218,22.09,81.16,1.54,5.7461
20251107,Davanagere,14.4644,75.9218,22.93,81.6,1.38,4.5629
20251108,Davanagere,14.4644,75.9218,22.21,75.84,1.82,4.8298
20251109,Davanagere,14.4644,75.9218,19.35,67.28,2.08,6.1987
20251110,Davanagere,14.4644,75.9218,20.17,68.46,1.4,5.8824
20251111,Davanagere,14.4644,75.9218,21.6,75.67,1.68,5.6678
20251112,Davanagere,14.4644,75.9218,22.32,74.12,2.42,4.9582
20251113,Davanagere,14.4644,75.9218,22.4,76.16,2.81,4.8938
20251114,Davanagere,14.4644,75.9218,20.2,70.48,2.91,4.9555
20251115,Davanagere,14.4644,75.9218,19.56,71.55,2.74,5.8723
20251116,Davanagere,14.4644,75.9218,20.62,75.48,3.0,5.597
20251117,Davanagere,14.4644,75.9218,20.09,73.99,3.06,5.6849
20251118,Davanagere,14.4644,75.9218,21.36,73.41,3.11,5.4955
20251119,Davanagere,14.4644,75.9218,23.36,78.61,3.03,4.3872
20251120,Davanagere,14.4644,75.9218,22.41,70.68,2.87,5.6803
20251121,Davanagere,14.4644,75.9218,23.06,77.63,2.81,5.0554
20251122,Davanagere,14.4644,75.9218,24.06,80.69,3.35,3.6005
20251123,Davanagere,14.4644,75.9218,24.22,78.29,3.17,4.2977
20251124,Davanagere,14.4644,75.9218,24.54,76.53,3.11,4.7506
20251125,Davanagere,14.4644,75.9218,22.63,73.93,3.45,5.4571
20251126,Davanagere,14.4644,75.9218,21.52,72.62,3.51,4.7815
20251127,Davanagere,14.4644,75.9218,21.65,72.26,3.61,5.125
20251128,Davanagere,14.4644,75.9218,20.95,74.14,2.85,4.5413
20251129,Davanagere,14.4644,75.9218,21.17,72.31,2.62,4.4525
20251130,Davanagere,14.4644,75.9218,22.52,77.06,2.59,4.5605
20251201,Davanagere,14.4644,75.9218,22.71,73.46,2.09,5.0292
20251202,Davanagere,14.4644,75.9218,23.54,73.17,2.18,5.1766
20251203,Davanagere,14.4644,75.9218,23.74,76.55,3.26,3.8796
20251204,Davanagere,14.4644,75.9218,23.19,81.49,3.37,3.2474
20251205,Davanagere,14.4644,75.9218,23.84,74.84,3.99,3.8789
20251206,Davanagere,14.4644,75.9218,21.56,73.87,3.34,4.1645
20251207,Davanagere,14.4644,75.9218,22.57,69.98,3.24,5.184
20251208,Davanagere,14.4644,75.9218,21.89,64.06,2.86,4.9764
20251209,Davanagere,14.4644,75.9218,20.93,62.46,3.29,5.3827
20251210,Davanagere,14.4644,75.9218,20.53,61.6,3.55,5.5709
20251211,Davanagere,14.4644,75.9218,20.18,62.67,3.51,5.4905
20251212,Davanagere,14.4644,75.9218,19.63,59.38,2.77,5.6366
20251213,Davanagere,14.4644,75.9218,19.47,56.16,2.52,5.6786
20251214,Davanagere,14.4644,75.9218,19.71,61.43,2.91,5.6282
20251215,Davanagere,14.4644,75.9218,20.12,62.21,3.36,5.435
20251216,Davanagere,14.4644,75.9218,21.5,70.44,3.64,5.1
20251217,Davanagere,14.4644,75.9218,23.0,66.96,3.63,5.3834
20251218,Davanagere,14.4644,75.9218,20.46,59.91,3.32,5.0587
20251219,Davanagere,14.4644,75.9218,19.55,58.4,2.95,4.8214
20251220,Davanagere,14.4644,75.9218,19.52,56.84,2.41,4.8835
20251221,Davanagere,14.4644,75.9218,20.08,63.0,2.76,4.5456
20251222,Davanagere,14.4644,75.9218,20.69,65.85,3.11,5.0434
20251223,Davanagere,14.4644,75.9218,20.84,65.87,2.87,5.2368
20251224,Davanagere,14.4644,75.9218,20.99,65.36,2.82,5.1377
20251225,Davanagere,14.4644,75.9218,20.76,62.95,2.6,5.2344
20251226,Davanagere,14.4644,75.9218,21.48,64.85,3.0,5.3302
20251227,Davanagere,14.4644,75.9218,20.91,60.29,2.99,5.3246
20251228,Davanagere,14.4644,75.9218,20.7,61.02,2.78,5.2867
20251229,Davanagere,14.4644,75.9218,21.63,63.18,2.66,5.2126
20251230,Davanagere,14.4644,75.9218,22.44,65.94,1.41,4.9997
20251231,Davanagere,14.4644,75.9218,22.93,65.08,1.47,4.3937
