Date,District,Latitude,Longitude,Temperature,Humidity,WindSpeed,GHI
20200101,Dharwad,15.4589,75.0078,21.77,80.11,1.58,4.4359
20200102,Dharwad,15.4589,75.0078,22.15,78.23,1.03,4.5022
20200103,Dharwad,15.4589,75.0078,20.83,75.68,1.51,4.8859
20200104,Dharwad,15.4589,75.0078,19.58,73.84,1.6,5.4007
20200105,Dharwad,15.4589,75.0078,20.32,67.96,1.61,4.5554
20200106,Dharwad,15.4589,75.0078,22.23,76.91,2.77,3.4363
20200107,Dharwad,15.4589,75.0078,23.63,75.59,1.96,4.0937
20200108,Dharwad,15.4589,75.0078,22.88,79.03,1.34,4.0229
20200109,Dharwad,15.4589,75.0078,22.46,78.56,1.3,4.656
20200110,Dharwad,15.4589,75.0078,22.67,72.9,2.24,4.2734
20200111,Dharwad,15.4589,75.0078,22.56,71.38,2.22,4.3925
20200112,Dharwad,15.4589,75.0078,22.19,67.02,1.95,4.4306
20200113,Dharwad,15.4589,75.0078,21.64,66.37,0.92,5.3218
20200114,Dharwad,15.4589,75.0078,21.61,72.85,1.02,5.268
20200115,Dharwad,15.4589,75.0078,21.21,73.42,1.56,5.4072
20200116,Dharwad,15.4589,75.0078,20.68,73.43,1.08,5.1007
20200117,Dharwad,15.4589,75.0078,20.03,71.84,1.51,5.5277
20200118,Dharwad,15.4589,75.0078,21.27,73.36,1.68,5.3546
20200119,Dharwad,15.4589,75.0078,23.05,66.53,0.99,5.0573
20200120,Dharwad,15.4589,75.0078,24.03,61.77,1.16,5.077
20200121,Dharwad,15.4589,75.0078,23.89,60.26,1.45,5.2634
20200122,Dharwad,15.4589,75.0078,22.11,55.73,2.61,5.7228
20200123,Dharwad,15.4589,75.0078,22.34,58.6,2.66,5.7626
20200124,Dharwad,15.4589,75.0078,22.44,53.56,2.15,5.8322
20200125,Dharwad,15.4589,75.0078,23.33,49.33,1.42,5.6616
20200126,Dharwad,15.4589,75.0078,23.63,50.73,0.98,5.6676
20200127,Dharwad,15.4589,75.0078,23.93,58.95,1.94,5.5908
20200128,Dharwad,15.4589,75.0078,22.16,73.63,2.22,4.9207
20200129,Dharwad,15.4589,75.0078,21.79,67.37,1.65,6.091
20200130,Dharwad,15.4589,75.0078,22.31,60.96,1.75,6.0485
20200131,Dharwad,15.4589,75.0078,21.91,56.86,1.94,5.9614
20200201,Dharwad,15.4589,75.0078,21.54,60.73,1.94,5.7096
20200202,Dharwad,15.4589,75.0078,23.13,61.77,1.76,4.6805
20200203,Dharwad,15.4589,75.0078,24.26,59.19,1.52,5.304
20200204,Dharwad,15.4589,75.0078,23.85,61.61,1.31,5.8265
20200205,Dharwad,15.4589,75.0078,23.72,61.71,1.9,5.6081
20200206,Dharwad,15.4589,75.0078,23.24,61.39,2.16,5.7965
20200207,Dharwad,15.4589,75.0078,21.86,64.52,2.23,5.863
20200208,Dharwad,15.4589,75.0078,20.64,58.96,2.0,6.1774
20200209,Dharwad,15.4589,75.0078,22.6,55.32,1.68,5.5255
20200210,Dharwad,15.4589,75.0078,24.27,60.05,2.48,4.9099
20200211,Dharwad,15.4589,75.0078,24.53,55.46,2.99,5.3122
20200212,Dharwad,15.4589,75.0078,24.69,53.02,2.81,5.7715
20200213,Dharwad,15.4589,75.0078,24.82,47.31,2.31,5.8675
20200214,Dharwad,15.4589,75.0078,25.47,39.27,1.19,6.12
20200215,Dharwad,15.4589,75.0078,25.71,42.57,1.07,6.2621
20200216,Dharwad,15.4589,75.0078,25.33,39.97,1.91,6.2981
20200217,Dharwad,15.4589,75.0078,25.43,34.17,2.16,6.2758
20200218,Dharwad,15.4589,75.0078,25.06,35.46,2.24,6.1464
20200219,Dharwad,15.4589,75.0078,25.81,31.7,1.16,6.4085
20200220,Dharwad,15.4589,75.0078,25.97,39.3,1.53,6.2813
20200221,Dharwad,15.4589,75.0078,25.48,35.55,2.24,6.6106
20200222,Dharwad,15.4589,75.0078,25.5,33.84,3.07,6.6269
20200223,Dharwad,15.4589,75.0078,25.58,38.75,2.72,6.5887
20200224,Dharwad,15.4589,75.0078,26.86,38.45,1.81,6.5796
20200225,Dharwad,15.4589,75.0078,26.9,35.66,1.17,5.8248
20200226,Dharwad,15.4589,75.0078,26.12,31.96,2.61,5.9556
20200227,Dharwad,15.4589,75.0078,26.83,33.28,2.22,5.0345
20200228,Dharwad,15.4589,75.0078,27.86,37.44,1.49,5.2764
20200229,Dharwad,15.4589,75.0078,27.87,46.62,1.33,5.0662
20200301,Dharwad,15.4589,75.0078,27.67,51.72,1.51,5.322
20200302,Dharwad,15.4589,75.0078,27.37,50.76,1.14,5.4636
20200303,Dharwad,15.4589,75.0078,27.19,45.72,2.55,5.8942
20200304,Dharwad,15.4589,75.0078,25.42,50.23,2.83,6.6257
20200305,Dharwad,15.4589,75.0078,24.19,56.14,2.52,5.9803
20200306,Dharwad,15.4589,75.0078,23.88,57.93,2.78,6.7622
20200307,Dharwad,15.4589,75.0078,24.61,57.9,2.38,5.5483
20200308,Dharwad,15.4589,75.0078,26.45,51.77,2.14,5.8757
20200309,Dharwad,15.4589,75.0078,26.85,52.88,2.03,5.8205
20200310,Dharwad,15.4589,75.0078,27.26,50.35,2.32,6.5765
20200311,Dharwad,15.4589,75.0078,26.27,58.7,2.47,6.132
20200312,Dharwad,15.4589,75.0078,26.0,56.33,2.43,6.5662
20200313,Dharwad,15.4589,75.0078,26.68,53.82,2.25,6.7735
20200314,Dharwad,15.4589,75.0078,27.99,38.33,2.01,6.8016
20200315,Dharwad,15.4589,75.0078,29.29,29.09,1.25,6.8342
20200316,Dharwad,15.4589,75.0078,30.28,34.71,1.75,6.666
20200317,Dharwad,15.4589,75.0078,30.67,35.38,2.06,6.0403
20200318,Dharwad,15.4589,75.0078,30.25,42.95,1.52,6.049
20200319,Dharwad,15.4589,75.0078,29.4,38.64,2.0,6.413
20200320,Dharwad,15.4589,75.0078,28.99,31.42,2.85,7.0807
20200321,Dharwad,15.4589,75.0078,27.68,37.28,2.01,7.4165
20200322,Dharwad,15.4589,75.0078,28.07,38.56,2.07,7.4186
20200323,Dharwad,15.4589,75.0078,29.12,45.84,1.37,7.0646
20200324,Dharwad,15.4589,75.0078,30.07,45.07,1.41,6.0893
20200325,Dharwad,15.4589,75.0078,29.07,54.05,1.48,5.8361
20200326,Dharwad,15.4589,75.0078,30.15,45.4,1.74,6.7771
20200327,Dharwad,15.4589,75.0078,29.8,38.68,1.36,7.1268
20200328,Dharwad,15.4589,75.0078,29.55,34.03,1.95,7.3658
20200329,Dharwad,15.4589,75.0078,29.43,34.0,1.76,7.0212
20200330,Dharwad,15.4589,75.0078,29.96,42.18,1.34,6.6346
20200331,Dharwad,15.4589,75.0078,30.22,34.66,1.47,7.2679
20200401,Dharwad,15.4589,75.0078,30.72,36.1,1.23,7.1702
20200402,Dharwad,15.4589,75.0078,30.7,43.98,2.23,6.8436
20200403,Dharwad,15.4589,75.0078,31.4,45.03,2.2,6.5854
20200404,Dharwad,15.4589,75.0078,31.17,43.65,1.58,5.8882
20200405,Dharwad,15.4589,75.0078,30.64,48.8,1.93,5.8709
20200406,Dharwad,15.4589,75.0078,29.93,49.58,1.38,5.5776
20200407,Dharwad,15.4589,75.0078,28.71,53.06,1.38,6.491
20200408,Dharwad,15.4589,75.0078,26.56,62.11,1.11,7.4297
20200409,Dharwad,15.4589,75.0078,26.8,52.89,1.55,7.4251
20200410,Dharwad,15.4589,75.0078,27.65,55.62,1.46,5.9755
20200411,Dharwad,15.4589,75.0078,28.15,53.19,2.48,7.2209
20200412,Dharwad,15.4589,75.0078,28.91,47.54,1.96,6.5472
20200413,Dharwad,15.4589,75.0078,29.31,51.04,1.69,6.6809
20200414,Dharwad,15.4589,75.0078,29.32,45.31,2.05,7.062
20200415,Dharwad,15.4589,75.0078,28.86,44.57,1.86,6.9086
20200416,Dharwad,15.4589,75.0078,29.05,55.0,1.22,6.1241
20200417,Dharwad,15.4589,75.0078,29.2,61.23,1.17,6.2597
20200418,Dharwad,15.4589,75.0078,28.35,66.51,1.27,6.5285
20200419,Dharwad,15.4589,75.0078,29.58,58.75,2.47,6.7846
20200420,Dharwad,15.4589,75.0078,29.86,52.13,1.44,6.8057
20200421,Dharwad,15.4589,75.0078,29.42,60.53,0.99,6.1994
20200422,Dharwad,15.4589,75.0078,29.33,51.98,1.73,7.3651
20200423,Dharwad,15.4589,75.0078,29.58,57.18,2.78,7.266
20200424,Dharwad,15.4589,75.0078,29.31,58.34,2.9,7.1479
20200425,Dharwad,15.4589,75.0078,29.46,55.73,2.6,7.2905
20200426,Dharwad,15.4589,75.0078,29.78,47.86,2.16,7.6087
20200427,Dharwad,15.4589,75.0078,30.05,46.91,2.64,7.6493
20200428,Dharwad,15.4589,75.0078,30.74,50.2,2.12,6.8237
20200429,Dharwad,15.4589,75.0078,29.51,56.17,1.88,5.6969
20200430,Dharwad,15.4589,75.0078,29.61,57.78,1.83,6.1721
20200501,Dharwad,15.4589,75.0078,29.51,59.41,1.83,6.5458
20200502,Dharwad,15.4589,75.0078,30.24,57.42,1.97,6.169
20200503,Dharwad,15.4589,75.0078,30.56,58.39,2.14,6.4411
20200504,Dharwad,15.4589,75.0078,31.03,54.48,1.99,6.1831
20200505,Dharwad,15.4589,75.0078,30.83,52.68,2.28,6.5374
20200506,Dharwad,15.4589,75.0078,31.3,53.25,2.22,6.6706
20200507,Dharwad,15.4589,75.0078,29.96,60.14,1.8,7.0522
20200508,Dharwad,15.4589,75.0078,30.29,54.62,1.85,6.1411
20200509,Dharwad,15.4589,75.0078,31.39,48.72,1.95,6.4918
20200510,Dharwad,15.4589,75.0078,28.5,53.8,1.98,4.7383
20200511,Dharwad,15.4589,75.0078,29.98,51.79,2.47,6.8273
20200512,Dharwad,15.4589,75.0078,31.13,50.73,1.86,6.4733
20200513,Dharwad,15.4589,75.0078,30.91,51.79,1.36,6.2755
20200514,Dharwad,15.4589,75.0078,31.36,53.23,2.12,6.6264
20200515,Dharwad,15.4589,75.0078,28.87,67.83,2.01,6.2234
20200516,Dharwad,15.4589,75.0078,29.04,64.83,1.91,5.4696
20200517,Dharwad,15.4589,75.0078,26.96,72.79,2.7,5.5507
20200518,Dharwad,15.4589,75.0078,27.25,68.62,3.39,5.5937
20200519,Dharwad,15.4589,75.0078,27.55,68.63,3.86,6.0108
20200520,Dharwad,15.4589,75.0078,28.64,64.93,3.19,7.0661
20200521,Dharwad,15.4589,75.0078,28.89,62.68,3.31,6.8462
20200522,Dharwad,15.4589,75.0078,29.8,59.34,2.86,7.014
20200523,Dharwad,15.4589,75.0078,30.51,56.48,2.84,7.3594
20200524,Dharwad,15.4589,75.0078,30.86,56.31,2.73,7.2701
20200525,Dharwad,15.4589,75.0078,30.44,60.05,2.92,7.0536
20200526,Dharwad,15.4589,75.0078,28.47,69.59,3.07,6.8719
20200527,Dharwad,15.4589,75.0078,29.52,62.02,3.3,6.3494
20200528,Dharwad,15.4589,75.0078,29.4,61.98,3.99,7.4491
20200529,Dharwad,15.4589,75.0078,29.23,62.91,3.91,7.0774
20200530,Dharwad,15.4589,75.0078,28.72,64.76,1.83,5.6266
20200531,Dharwad,15.4589,75.0078,26.22,81.09,2.13,3.5974
20200601,Dharwad,15.4589,75.0078,25.72,79.05,1.76,3.6007
20200602,Dharwad,15.4589,75.0078,25.18,84.47,3.64,4.9416
20200603,Dharwad,15.4589,75.0078,24.72,83.03,5.28,2.8006
20200604,Dharwad,15.4589,75.0078,25.22,78.57,4.48,4.0685
20200605,Dharwad,15.4589,75.0078,25.55,75.95,3.8,6.169
20200606,Dharwad,15.4589,75.0078,25.26,76.23,3.92,6.689
20200607,Dharwad,15.4589,75.0078,25.83,76.26,3.68,6.0902
20200608,Dharwad,15.4589,75.0078,25.51,76.27,3.99,6.4697
20200609,Dharwad,15.4589,75.0078,25.31,69.18,3.78,6.229
20200610,Dharwad,15.4589,75.0078,25.91,75.63,4.18,5.7626
20200611,Dharwad,15.4589,75.0078,24.4,82.86,3.68,3.8966
20200612,Dharwad,15.4589,75.0078,23.9,84.26,4.05,3.7642
20200613,Dharwad,15.4589,75.0078,23.96,82.16,4.85,4.6241
20200614,Dharwad,15.4589,75.0078,24.89,81.02,5.28,5.2862
20200615,Dharwad,15.4589,75.0078,25.89,80.28,5.11,4.9582
20200616,Dharwad,15.4589,75.0078,25.29,88.12,4.97,3.4908
20200617,Dharwad,15.4589,75.0078,24.49,88.1,4.52,3.3247
20200618,Dharwad,15.4589,75.0078,24.59,85.4,4.38,3.5887
20200619,Dharwad,15.4589,75.0078,24.96,85.56,4.04,5.1394
20200620,Dharwad,15.4589,75.0078,25.11,81.94,3.9,5.5637
20200621,Dharwad,15.4589,75.0078,24.98,83.28,3.71,6.5335
20200622,Dharwad,15.4589,75.0078,24.88,83.69,3.93,5.5409
20200623,Dharwad,15.4589,75.0078,24.29,80.64,3.38,6.6014
20200624,Dharwad,15.4589,75.0078,24.82,80.57,2.96,6.7608
20200625,Dharwad,15.4589,75.0078,25.14,81.05,2.31,6.5686
20200626,Dharwad,15.4589,75.0078,25.02,82.13,2.53,5.7703
20200627,Dharwad,15.4589,75.0078,25.21,84.89,3.05,5.6467
20200628,Dharwad,15.4589,75.0078,24.89,87.09,2.58,4.7638
20200629,Dharwad,15.4589,75.0078,24.95,87.36,2.86,4.5605
20200630,Dharwad,15.4589,75.0078,24.11,87.18,3.21,4.5706
20200701,Dharwad,15.4589,75.0078,24.22,83.27,4.19,5.2126
20200702,Dharwad,15.4589,75.0078,23.57,87.53,4.49,5.0503
20200703,Dharwad,15.4589,75.0078,24.33,84.68,5.58,4.5547
20200704,Dharwad,15.4589,75.0078,24.39,86.2,5.25,3.9122
20200705,Dharwad,15.4589,75.0078,23.92,85.74,5.26,3.4044
20200706,Dharwad,15.4589,75.0078,23.74,88.08,4.87,4.4738
20200707,Dharwad,15.4589,75.0078,24.41,86.32,5.26,4.1753
20200708,Dharwad,15.4589,75.0078,23.59,87.31,4.23,3.7531
20200709,Dharwad,15.4589,75.0078,23.74,89.24,3.6,2.4288
20200710,Dharwad,15.4589,75.0078,23.39,88.62,3.79,4.3526
20200711,Dharwad,15.4589,75.0078,23.67,84.89,3.6,5.4218
20200712,Dharwad,15.4589,75.0078,23.22,86.95,3.28,4.9272
20200713,Dharwad,15.4589,75.0078,23.35,89.19,3.3,4.7162
20200714,Dharwad,15.4589,75.0078,23.4,91.87,3.64,4.1921
20200715,Dharwad,15.4589,75.0078,22.78,89.74,4.68,3.1277
20200716,Dharwad,15.4589,75.0078,23.07,89.07,4.61,1.877
20200717,Dharwad,15.4589,75.0078,23.58,88.17,4.46,4.0934
20200718,Dharwad,15.4589,75.0078,23.41,90.23,3.49,4.7518
20200719,Dharwad,15.4589,75.0078,23.81,88.24,2.48,5.1922
20200720,Dharwad,15.4589,75.0078,24.41,88.09,2.51,4.8629
20200721,Dharwad,15.4589,75.0078,24.49,85.93,1.36,5.197
20200722,Dharwad,15.4589,75.0078,24.09,88.79,1.57,5.4898
20200723,Dharwad,15.4589,75.0078,24.54,86.79,1.28,3.4543
20200724,Dharwad,15.4589,75.0078,24.05,86.12,1.72,4.3615
20200725,Dharwad,15.4589,75.0078,23.24,88.18,2.1,3.5042
20200726,Dharwad,15.4589,75.0078,23.21,88.79,3.34,5.0789
20200727,Dharwad,15.4589,75.0078,23.7,86.9,3.22,4.788
20200728,Dharwad,15.4589,75.0078,23.5,90.69,2.89,5.0618
20200729,Dharwad,15.4589,75.0078,24.01,89.78,2.81,4.8221
20200730,Dharwad,15.4589,75.0078,24.19,88.46,2.75,5.0942
20200731,Dharwad,15.4589,75.0078,24.18,88.17,2.58,5.1012
20200801,Dharwad,15.4589,75.0078,23.43,89.98,2.79,5.0837
20200802,Dharwad,15.4589,75.0078,23.18,89.08,4.81,4.5077
20200803,Dharwad,15.4589,75.0078,23.19,90.82,5.57,3.9034
20200804,Dharwad,15.4589,75.0078,23.19,91.65,6.86,3.5009
20200805,Dharwad,15.4589,75.0078,23.47,92.32,6.98,1.938
20200806,Dharwad,15.4589,75.0078,24.36,89.92,6.61,4.2758
20200807,Dharwad,15.4589,75.0078,24.54,89.18,5.98,4.3284
20200808,Dharwad,15.4589,75.0078,23.66,90.6,4.9,3.312
20200809,Dharwad,15.4589,75.0078,23.52,91.36,4.67,4.7479
20200810,Dharwad,15.4589,75.0078,23.49,92.11,4.1,2.9405
20200811,Dharwad,15.4589,75.0078,23.71,89.73,4.58,4.7062
20200812,Dharwad,15.4589,75.0078,23.55,89.99,4.5,3.8758
20200813,Dharwad,15.4589,75.0078,22.88,92.33,4.31,2.6395
20200814,Dharwad,15.4589,75.0078,22.94,92.21,4.65,3.4282
20200815,Dharwad,15.4589,75.0078,23.07,92.77,4.88,2.2658
20200816,Dharwad,15.4589,75.0078,23.26,93.31,4.52,2.0458
20200817,Dharwad,15.4589,75.0078,23.38,92.94,4.21,3.2172
20200818,Dharwad,15.4589,75.0078,23.56,90.75,4.11,4.6999
20200819,Dharwad,15.4589,75.0078,23.62,90.15,3.88,4.518
20200820,Dharwad,15.4589,75.0078,23.13,91.81,4.54,4.2595
20200821,Dharwad,15.4589,75.0078,23.34,91.49,4.33,3.8306
20200822,Dharwad,15.4589,75.0078,23.85,90.25,3.98,4.7369
20200823,Dharwad,15.4589,75.0078,23.91,90.0,3.47,4.5979
20200824,Dharwad,15.4589,75.0078,24.08,89.28,3.14,4.1705
20200825,Dharwad,15.4589,75.0078,23.76,89.27,2.81,5.1619
20200826,Dharwad,15.4589,75.0078,23.68,88.32,2.54,5.1749
20200827,Dharwad,15.4589,75.0078,23.53,88.08,3.34,4.6608
20200828,Dharwad,15.4589,75.0078,23.55,88.35,2.96,4.4897
20200829,Dharwad,15.4589,75.0078,23.31,90.84,2.93,4.3788
20200830,Dharwad,15.4589,75.0078,23.46,90.89,2.55,4.3037
20200831,Dharwad,15.4589,75.0078,23.69,89.81,2.3,5.3585
20200901,Dharwad,15.4589,75.0078,23.88,88.92,2.25,5.7118
20200902,Dharwad,15.4589,75.0078,23.06,91.69,1.95,3.8366
20200903,Dharwad,15.4589,75.0078,24.31,85.49,1.41,5.5906
20200904,Dharwad,15.4589,75.0078,25.03,87.22,1.54,5.4468
20200905,Dharwad,15.4589,75.0078,25.69,82.9,1.82,5.8512
20200906,Dharwad,15.4589,75.0078,25.28,84.47,2.01,5.6186
20200907,Dharwad,15.4589,75.0078,25.12,85.29,0.97,5.9746
20200908,Dharwad,15.4589,75.0078,24.33,89.64,1.11,4.1849
20200909,Dharwad,15.4589,75.0078,25.05,87.16,1.16,5.7739
20200910,Dharwad,15.4589,75.0078,24.29,89.78,1.78,5.5757
20200911,Dharwad,15.4589,75.0078,23.34,91.61,3.04,4.0046
20200912,Dharwad,15.4589,75.0078,23.03,90.67,3.6,3.5004
20200913,Dharwad,15.4589,75.0078,22.58,90.63,3.34,3.0374
20200914,Dharwad,15.4589,75.0078,21.49,92.32,2.98,3.3854
20200915,Dharwad,15.4589,75.0078,22.16,92.5,2.74,4.6157
20200916,Dharwad,15.4589,75.0078,22.91,91.39,2.86,4.0534
20200917,Dharwad,15.4589,75.0078,23.4,90.96,2.91,4.5823
20200918,Dharwad,15.4589,75.0078,23.46,92.38,2.76,3.9391
20200919,Dharwad,15.4589,75.0078,22.28,92.2,3.42,2.9822
20200920,Dharwad,15.4589,75.0078,22.52,94.0,2.83,4.2077
20200921,Dharwad,15.4589,75.0078,22.41,92.57,4.68,3.1831
20200922,Dharwad,15.4589,75.0078,22.01,91.5,4.74,3.6139
20200923,Dharwad,15.4589,75.0078,22.06,90.49,4.35,4.5641
20200924,Dharwad,15.4589,75.0078,22.79,92.07,3.24,4.1534
20200925,Dharwad,15.4589,75.0078,23.5,92.91,2.66,4.0073
20200926,Dharwad,15.4589,75.0078,22.23,95.22,2.61,2.1794
20200927,Dharwad,15.4589,75.0078,22.85,89.35,2.01,3.9235
20200928,Dharwad,15.4589,75.0078,23.35,88.56,1.72,5.6333
20200929,Dharwad,15.4589,75.0078,23.61,89.34,2.3,5.197
20200930,Dharwad,15.4589,75.0078,23.34,89.03,2.39,5.2205
20201001,Dharwad,15.4589,75.0078,23.2,89.44,2.07,4.8058
20201002,Dharwad,15.4589,75.0078,23.75,88.56,1.7,5.1199
20201003,Dharwad,15.4589,75.0078,23.46,89.31,1.86,4.7899
20201004,Dharwad,15.4589,75.0078,22.46,88.61,2.95,4.4333
20201005,Dharwad,15.4589,75.0078,22.9,88.71,2.27,5.0976
20201006,Dharwad,15.4589,75.0078,23.72,89.21,1.58,5.7588
20201007,Dharwad,15.4589,75.0078,24.38,85.63,1.59,4.8943
20201008,Dharwad,15.4589,75.0078,23.8,78.89,1.17,5.4792
20201009,Dharwad,15.4589,75.0078,24.45,86.9,1.31,4.8355
20201010,Dharwad,15.4589,75.0078,23.65,94.69,1.25,4.6498
20201011,Dharwad,15.4589,75.0078,22.7,95.13,1.68,3.3816
20201012,Dharwad,15.4589,75.0078,22.36,94.34,1.72,3.1049
20201013,Dharwad,15.4589,75.0078,23.38,88.41,0.81,4.0337
20201014,Dharwad,15.4589,75.0078,23.06,96.1,3.15,2.6335
20201015,Dharwad,15.4589,75.0078,23.32,91.57,4.28,3.3612
20201016,Dharwad,15.4589,75.0078,22.61,90.98,2.33,3.611
20201017,Dharwad,15.4589,75.0078,22.65,89.72,1.8,5.3566
20201018,Dharwad,15.4589,75.0078,22.46,87.86,1.38,5.6698
20201019,Dharwad,15.4589,75.0078,23.29,88.72,1.46,4.8593
20201020,Dharwad,15.4589,75.0078,23.31,91.87,1.47,3.5311
20201021,Dharwad,15.4589,75.0078,23.27,89.98,1.0,3.359
20201022,Dharwad,15.4589,75.0078,24.05,88.22,1.1,4.3255
20201023,Dharwad,15.4589,75.0078,24.13,88.28,1.11,4.8036
20201024,Dharwad,15.4589,75.0078,23.58,88.95,1.2,4.7398
20201025,Dharwad,15.4589,75.0078,23.95,86.49,0.93,4.9102
20201026,Dharwad,15.4589,75.0078,24.02,86.51,0.97,5.0926
20201027,Dharwad,15.4589,75.0078,22.99,85.26,1.94,4.8463
20201028,Dharwad,15.4589,75.0078,22.0,85.28,1.7,4.848
20201029,Dharwad,15.4589,75.0078,21.61,82.42,1.65,5.2673
20201030,Dharwad,15.4589,75.0078,22.28,84.76,1.34,4.2031
20201031,Dharwad,15.4589,75.0078,23.21,82.15,1.12,4.1777
20201101,Dharwad,15.4589,75.0078,22.72,81.34,1.32,4.957
20201102,Dharwad,15.4589,75.0078,21.72,79.41,1.67,5.485
20201103,Dharwad,15.4589,75.0078,22.68,85.39,2.02,5.1552
20201104,Dharwad,15.4589,75.0078,21.91,83.27,2.28,5.033
20201105,Dharwad,15.4589,75.0078,20.65,77.44,2.09,5.1938
20201106,Dharwad,15.4589,75.0078,21.15,80.7,1.98,5.1581
20201107,Dharwad,15.4589,75.0078,22.73,89.16,2.24,4.3217
20201108,Dharwad,15.4589,75.0078,23.16,87.67,2.28,4.3562
20201109,Dharwad,15.4589,75.0078,21.27,83.13,1.91,5.5416
20201110,Dharwad,15.4589,75.0078,17.89,78.87,2.13,5.9669
20201111,Dharwad,15.4589,75.0078,18.22,81.43,2.29,5.9839
20201112,Dharwad,15.4589,75.0078,21.13,88.38,2.74,5.083
20201113,Dharwad,15.4589,75.0078,23.1,88.39,2.72,3.1613
20201114,Dharwad,15.4589,75.0078,22.6,86.64,2.58,5.7902
20201115,Dharwad,15.4589,75.0078,22.08,85.36,2.76,5.809
20201116,Dharwad,15.4589,75.0078,23.46,88.6,2.86,2.7499
20201117,Dharwad,15.4589,75.0078,23.56,87.27,2.84,3.5695
20201118,Dharwad,15.4589,75.0078,23.55,87.33,2.37,4.8593
20201119,Dharwad,15.4589,75.0078,23.14,87.53,2.33,5.2414
20201120,Dharwad,15.4589,75.0078,22.99,83.78,2.17,5.7434
20201121,Dharwad,15.4589,75.0078,22.07,81.53,1.51,5.7574
20201122,Dharwad,15.4589,75.0078,22.17,82.85,1.25,4.986
20201123,Dharwad,15.4589,75.0078,22.15,87.39,1.56,3.9996
20201124,Dharwad,15.4589,75.0078,20.73,85.07,1.96,4.6306
20201125,Dharwad,15.4589,75.0078,21.57,84.94,2.47,5.3815
20201126,Dharwad,15.4589,75.0078,21.52,86.89,2.69,2.9285
20201127,Dharwad,15.4589,75.0078,20.83,85.52,2.95,3.2582
20201128,Dharwad,15.4589,75.0078,21.31,87.23,3.36,1.8854
20201129,Dharwad,15.4589,75.0078,22.04,86.61,2.55,2.3436
20201130,Dharwad,15.4589,75.0078,22.37,84.85,2.4,4.9572
20201201,Dharwad,15.4589,75.0078,20.93,83.64,2.26,4.5372
20201202,Dharwad,15.4589,75.0078,19.48,81.62,2.07,5.4734
20201203,Dharwad,15.4589,75.0078,19.92,80.96,1.79,4.5994
20201204,Dharwad,15.4589,75.0078,20.98,84.21,2.16,4.9421
20201205,Dharwad,15.4589,75.0078,21.46,83.42,2.21,5.1984
20201206,Dharwad,15.4589,75.0078,21.28,83.62,2.77,5.4962
20201207,Dharwad,15.4589,75.0078,21.98,83.79,3.06,4.2468
20201208,Dharwad,15.4589,75.0078,22.11,84.98,3.0,2.945
20201209,Dharwad,15.4589,75.0078,22.23,84.03,2.56,2.8759
20201210,Dharwad,15.4589,75.0078,21.72,78.58,1.79,4.7858
20201211,Dharwad,15.4589,75.0078,21.51,75.25,1.27,5.2027
20201212,Dharwad,15.4589,75.0078,20.55,74.87,1.66,5.2939
20201213,Dharwad,15.4589,75.0078,20.88,73.38,1.19,5.3136
20201214,Dharwad,15.4589,75.0078,21.05,74.36,1.27,5.0981
20201215,Dharwad,15.4589,75.0078,20.56,76.43,2.13,5.2802
20201216,Dharwad,15.4589,75.0078,20.66,79.68,2.42,5.087
20201217,Dharwad,15.4589,75.0078,21.18,77.3,2.26,4.2204
20201218,Dharwad,15.4589,75.0078,21.09,78.9,2.23,4.5794
20201219,Dharwad,15.4589,75.0078,20.73,76.34,2.89,4.4542
20201220,Dharwad,15.4589,75.0078,19.35,73.6,2.99,4.6332
20201221,Dharwad,15.4589,75.0078,18.7,74.83,2.59,5.2742
20201222,Dharwad,15.4589,75.0078,18.41,70.58,2.01,5.2918
20201223,Dharwad,15.4589,75.0078,19.7,70.72,1.77,5.2296
20201224,Dharwad,15.4589,75.0078,21.26,73.06,1.46,5.0282
20201225,Dharwad,15.4589,75.0078,21.19,73.41,2.21,5.0527
20201226,Dharwad,15.4589,75.0078,20.17,73.41,2.32,4.7477
20201227,Dharwad,15.4589,75.0078,20.14,72.46,1.78,4.89
20201228,Dharwad,15.4589,75.0078,21.01,66.51,1.38,4.8514
20201229,Dharwad,15.4589,75.0078,20.19,67.91,1.71,4.8586
20201230,Dharwad,15.4589,75.0078,21.39,72.32,2.31,4.7966
20201231,Dharwad,15.4589,75.0078,22.36,75.13,2.92,4.5278
20210101,Dharwad,15.4589,75.0078,22.08,73.76,2.73,4.4309
20210102,Dharwad,15.4589,75.0078,20.1,70.52,2.45,4.9877
20210103,Dharwad,15.4589,75.0078,21.86,72.98,2.2,4.1462
20210104,Dharwad,15.4589,75.0078,21.33,79.84,1.6,3.3144
20210105,Dharwad,15.4589,75.0078,22.04,78.22,1.83,4.2926
20210106,Dharwad,15.4589,75.0078,22.99,78.73,1.66,3.0758
20210107,Dharwad,15.4589,75.0078,22.55,84.61,1.95,2.7924
20210108,Dharwad,15.4589,75.0078,22.02,87.59,1.83,3.5297
20210109,Dharwad,15.4589,75.0078,23.43,79.78,1.93,3.4798
20210110,Dharwad,15.4589,75.0078,23.71,71.79,2.39,5.1074
20210111,Dharwad,15.4589,75.0078,23.42,71.13,2.23,4.8641
20210112,Dharwad,15.4589,75.0078,23.31,69.56,2.55,5.2034
20210113,Dharwad,15.4589,75.0078,22.89,70.14,2.51,4.7664
20210114,Dharwad,15.4589,75.0078,22.14,68.66,1.94,4.9913
20210115,Dharwad,15.4589,75.0078,23.19,68.23,1.71,4.6394
20210116,Dharwad,15.4589,75.0078,24.22,67.93,1.35,5.0165
20210117,Dharwad,15.4589,75.0078,24.47,69.33,1.79,5.0964
20210118,Dharwad,15.4589,75.0078,23.72,67.32,2.2,5.0806
20210119,Dharwad,15.4589,75.0078,23.45,66.06,1.66,5.2104
20210120,Dharwad,15.4589,75.0078,23.02,63.29,1.17,5.3134
20210121,Dharwad,15.4589,75.0078,23.51,65.31,0.86,5.3002
20210122,Dharwad,15.4589,75.0078,23.13,64.11,1.43,5.063
20210123,Dharwad,15.4589,75.0078,23.54,65.13,0.92,5.245
20210124,Dharwad,15.4589,75.0078,23.79,61.6,0.67,5.4552
20210125,Dharwad,15.4589,75.0078,23.38,56.5,1.06,5.6201
20210126,Dharwad,15.4589,75.0078,23.12,54.73,0.81,5.7062
20210127,Dharwad,15.4589,75.0078,22.26,56.56,1.08,5.6314
20210128,Dharwad,15.4589,75.0078,22.61,59.01,1.27,5.477
20210129,Dharwad,15.4589,75.0078,22.56,58.73,1.67,5.4523
20210130,Dharwad,15.4589,75.0078,23.09,50.72,0.96,5.8217
20210131,Dharwad,15.4589,75.0078,23.58,49.16,1.26,5.4871
20210201,Dharwad,15.4589,75.0078,22.72,52.45,2.78,5.4595
20210202,Dharwad,15.4589,75.0078,23.05,52.76,2.63,5.5798
20210203,Dharwad,15.4589,75.0078,23.06,52.8,1.91,5.647
20210204,Dharwad,15.4589,75.0078,22.96,54.47,1.58,5.9587
20210205,Dharwad,15.4589,75.0078,23.09,52.69,1.26,5.897
20210206,Dharwad,15.4589,75.0078,23.42,45.53,1.43,6.048
20210207,Dharwad,15.4589,75.0078,22.58,44.31,2.78,6.071
20210208,Dharwad,15.4589,75.0078,21.66,34.65,3.14,6.2455
20210209,Dharwad,15.4589,75.0078,22.16,44.81,2.42,5.9753
20210210,Dharwad,15.4589,75.0078,23.32,39.62,1.68,6.2566
20210211,Dharwad,15.4589,75.0078,23.61,35.56,1.52,6.2986
20210212,Dharwad,15.4589,75.0078,23.74,41.79,1.34,6.0756
20210213,Dharwad,15.4589,75.0078,23.33,41.3,1.47,6.2218
20210214,Dharwad,15.4589,75.0078,23.53,46.52,1.09,6.2633
20210215,Dharwad,15.4589,75.0078,23.98,51.4,1.17,6.205
20210216,Dharwad,15.4589,75.0078,24.27,55.96,1.75,5.9098
20210217,Dharwad,15.4589,75.0078,24.83,61.01,1.4,5.0894
20210218,Dharwad,15.4589,75.0078,24.61,57.62,1.75,5.207
20210219,Dharwad,15.4589,75.0078,23.05,55.37,3.24,4.8809
20210220,Dharwad,15.4589,75.0078,22.37,57.81,3.51,4.7606
20210221,Dharwad,15.4589,75.0078,22.12,64.77,2.96,3.2479
20210222,Dharwad,15.4589,75.0078,23.44,64.29,1.99,4.8384
20210223,Dharwad,15.4589,75.0078,25.16,55.24,1.88,5.7574
20210224,Dharwad,15.4589,75.0078,25.96,51.52,1.6,6.3662
20210225,Dharwad,15.4589,75.0078,26.74,52.14,1.26,6.3991
20210226,Dharwad,15.4589,75.0078,26.79,49.41,1.83,6.0014
20210227,Dharwad,15.4589,75.0078,27.07,43.98,1.29,5.477
20210228,Dharwad,15.4589,75.0078,27.67,40.04,1.47,6.2282
20210301,Dharwad,15.4589,75.0078,26.92,38.41,1.26,6.367
20210302,Dharwad,15.4589,75.0078,27.66,36.87,1.29,5.1893
20210303,Dharwad,15.4589,75.0078,27.23,31.31,2.75,6.5909
20210304,Dharwad,15.4589,75.0078,26.61,29.03,2.96,6.9238
20210305,Dharwad,15.4589,75.0078,26.1,28.46,1.91,7.0294
20210306,Dharwad,15.4589,75.0078,26.82,40.65,0.88,6.9209
20210307,Dharwad,15.4589,75.0078,27.46,44.5,1.1,6.8021
20210308,Dharwad,15.4589,75.0078,27.25,30.23,1.85,6.7678
20210309,Dharwad,15.4589,75.0078,26.83,31.63,1.74,6.6487
20210310,Dharwad,15.4589,75.0078,26.49,30.41,1.83,6.9312
20210311,Dharwad,15.4589,75.0078,26.65,35.39,1.55,6.906
20210312,Dharwad,15.4589,75.0078,27.15,42.78,1.64,6.029
20210313,Dharwad,15.4589,75.0078,27.19,24.14,2.28,7.176
20210314,Dharwad,15.4589,75.0078,27.1,23.76,2.47,7.2679
20210315,Dharwad,15.4589,75.0078,27.18,28.14,2.0,7.2665
20210316,Dharwad,15.4589,75.0078,27.83,37.16,1.07,6.5376
20210317,Dharwad,15.4589,75.0078,28.22,34.02,1.31,5.6525
20210318,Dharwad,15.4589,75.0078,29.09,38.7,1.49,5.5862
20210319,Dharwad,15.4589,75.0078,29.78,37.32,1.31,5.7242
20210320,Dharwad,15.4589,75.0078,29.05,41.66,2.34,6.48
20210321,Dharwad,15.4589,75.0078,29.02,44.36,1.4,6.2606
20210322,Dharwad,15.4589,75.0078,29.56,34.49,1.6,6.0408
20210323,Dharwad,15.4589,75.0078,30.0,29.71,2.06,6.7534
20210324,Dharwad,15.4589,75.0078,29.41,31.82,2.1,6.197
20210325,Dharwad,15.4589,75.0078,29.14,35.94,1.36,5.7259
20210326,Dharwad,15.4589,75.0078,30.68,30.56,2.11,6.1224
20210327,Dharwad,15.4589,75.0078,30.61,31.23,1.77,6.1368
20210328,Dharwad,15.4589,75.0078,30.64,40.46,1.3,5.9239
20210329,Dharwad,15.4589,75.0078,30.01,44.26,1.79,6.3763
20210330,Dharwad,15.4589,75.0078,29.51,49.67,2.53,6.4106
20210331,Dharwad,15.4589,75.0078,29.75,38.59,2.48,7.4285
20210401,Dharwad,15.4589,75.0078,29.0,42.54,2.85,7.7026
20210402,Dharwad,15.4589,75.0078,28.72,46.89,2.84,7.5619
20210403,Dharwad,15.4589,75.0078,27.76,51.25,2.91,7.5646
20210404,Dharwad,15.4589,75.0078,28.87,47.66,2.68,7.1798
20210405,Dharwad,15.4589,75.0078,29.95,39.81,2.58,7.194
20210406,Dharwad,15.4589,75.0078,30.54,36.13,1.75,6.361
20210407,Dharwad,15.4589,75.0078,31.1,36.84,1.12,5.4972
20210408,Dharwad,15.4589,75.0078,30.06,47.9,1.68,5.7204
20210409,Dharwad,15.4589,75.0078,30.98,41.36,1.35,5.6599
20210410,Dharwad,15.4589,75.0078,31.16,40.46,1.51,5.6938
20210411,Dharwad,15.4589,75.0078,30.53,42.72,1.4,5.0074
20210412,Dharwad,15.4589,75.0078,30.35,44.42,1.73,5.8589
20210413,Dharwad,15.4589,75.0078,29.93,44.7,1.95,5.071
20210414,Dharwad,15.4589,75.0078,29.11,52.3,1.4,5.9904
20210415,Dharwad,15.4589,75.0078,29.58,49.53,1.6,6.6557
20210416,Dharwad,15.4589,75.0078,29.75,50.2,2.04,6.582
20210417,Dharwad,15.4589,75.0078,30.9,44.69,1.43,6.2765
20210418,Dharwad,15.4589,75.0078,30.92,46.08,1.79,5.7254
20210419,Dharwad,15.4589,75.0078,29.52,55.42,2.87,6.7154
20210420,Dharwad,15.4589,75.0078,29.67,50.59,2.86,6.9852
20210421,Dharwad,15.4589,75.0078,29.64,49.94,2.48,6.4942
20210422,Dharwad,15.4589,75.0078,30.4,45.48,2.13,6.4104
20210423,Dharwad,15.4589,75.0078,27.9,61.83,1.87,5.7818
20210424,Dharwad,15.4589,75.0078,29.38,54.65,1.21,6.2064
20210425,Dharwad,15.4589,75.0078,29.25,55.94,1.6,6.1529
20210426,Dharwad,15.4589,75.0078,29.29,59.15,1.44,6.1399
20210427,Dharwad,15.4589,75.0078,28.41,60.03,1.12,6.383
20210428,Dharwad,15.4589,75.0078,28.75,58.71,1.38,7.0358
20210429,Dharwad,15.4589,75.0078,29.2,56.99,1.33,6.2674
20210430,Dharwad,15.4589,75.0078,28.8,59.05,1.31,7.1165
20210501,Dharwad,15.4589,75.0078,29.29,59.87,1.25,5.513
20210502,Dharwad,15.4589,75.0078,29.03,62.81,1.45,6.0509
20210503,Dharwad,15.4589,75.0078,28.95,62.88,1.92,6.1303
20210504,Dharwad,15.4589,75.0078,28.78,63.64,1.34,5.635
20210505,Dharwad,15.4589,75.0078,29.08,65.27,1.33,6.2362
20210506,Dharwad,15.4589,75.0078,28.84,66.06,1.28,6.1716
20210507,Dharwad,15.4589,75.0078,28.1,68.08,0.94,4.0982
20210508,Dharwad,15.4589,75.0078,29.45,62.77,1.62,6.5611
20210509,Dharwad,15.4589,75.0078,28.27,68.63,1.26,4.8062
20210510,Dharwad,15.4589,75.0078,28.13,69.65,1.29,5.549
20210511,Dharwad,15.4589,75.0078,27.97,70.8,1.54,6.1961
20210512,Dharwad,15.4589,75.0078,28.96,65.15,1.68,5.6354
20210513,Dharwad,15.4589,75.0078,28.17,68.21,1.99,5.1362
20210514,Dharwad,15.4589,75.0078,27.36,73.68,1.83,6.2616
20210515,Dharwad,15.4589,75.0078,25.93,78.77,5.03,4.5931
20210516,Dharwad,15.4589,75.0078,25.42,81.97,6.28,3.257
20210517,Dharwad,15.4589,75.0078,25.37,83.32,4.58,5.28
20210518,Dharwad,15.4589,75.0078,24.94,88.18,3.38,6.115
20210519,Dharwad,15.4589,75.0078,25.11,85.76,3.31,5.4372
20210520,Dharwad,15.4589,75.0078,25.1,83.0,3.18,5.5747
20210521,Dharwad,15.4589,75.0078,25.11,83.52,2.76,5.7331
20210522,Dharwad,15.4589,75.0078,25.6,80.82,2.99,5.988
20210523,Dharwad,15.4589,75.0078,25.44,81.31,3.14,6.4716
20210524,Dharwad,15.4589,75.0078,25.4,80.54,2.79,5.1098
20210525,Dharwad,15.4589,75.0078,25.17,87.08,3.31,5.6177
20210526,Dharwad,15.4589,75.0078,25.46,82.51,3.88,6.5846
20210527,Dharwad,15.4589,75.0078,24.85,81.94,4.07,6.671
20210528,Dharwad,15.4589,75.0078,25.54,81.97,3.54,6.2294
20210529,Dharwad,15.4589,75.0078,25.12,82.66,2.76,6.0835
20210530,Dharwad,15.4589,75.0078,25.09,81.44,2.94,6.445
20210531,Dharwad,15.4589,75.0078,25.56,82.97,2.93,5.9479
20210601,Dharwad,15.4589,75.0078,25.55,82.53,2.46,5.6842
20210602,Dharwad,15.4589,75.0078,26.35,78.36,1.12,5.4298
20210603,Dharwad,15.4589,75.0078,26.16,81.96,1.8,5.9712
20210604,Dharwad,15.4589,75.0078,25.56,83.51,1.55,4.7606
20210605,Dharwad,15.4589,75.0078,24.9,80.57,2.61,5.1674
20210606,Dharwad,15.4589,75.0078,24.67,80.09,2.88,4.7777
20210607,Dharwad,15.4589,75.0078,24.62,81.75,3.26,6.9163
20210608,Dharwad,15.4589,75.0078,25.21,81.09,3.42,6.0098
20210609,Dharwad,15.4589,75.0078,24.91,84.24,4.03,4.9766
20210610,Dharwad,15.4589,75.0078,24.75,82.74,4.13,5.4396
20210611,Dharwad,15.4589,75.0078,24.38,85.22,4.14,5.9174
20210612,Dharwad,15.4589,75.0078,23.18,83.92,5.98,4.6934
20210613,Dharwad,15.4589,75.0078,23.32,85.52,5.45,3.9984
20210614,Dharwad,15.4589,75.0078,22.76,84.88,4.38,4.2852
20210615,Dharwad,15.4589,75.0078,23.24,83.46,4.8,4.2341
20210616,Dharwad,15.4589,75.0078,23.92,91.73,4.7,3.5465
20210617,Dharwad,15.4589,75.0078,24.39,89.06,5.45,4.6418
20210618,Dharwad,15.4589,75.0078,24.53,86.8,5.76,4.2677
20210619,Dharwad,15.4589,75.0078,24.13,88.89,5.01,2.5205
20210620,Dharwad,15.4589,75.0078,23.8,90.49,3.82,5.6906
20210621,Dharwad,15.4589,75.0078,24.03,88.53,3.08,5.6738
20210622,Dharwad,15.4589,75.0078,24.38,86.35,3.3,5.9407
20210623,Dharwad,15.4589,75.0078,23.97,88.01,3.19,5.2015
20210624,Dharwad,15.4589,75.0078,23.76,88.24,3.29,5.1449
20210625,Dharwad,15.4589,75.0078,24.03,86.15,3.5,4.6032
20210626,Dharwad,15.4589,75.0078,23.87,85.57,3.65,4.9519
20210627,Dharwad,15.4589,75.0078,22.39,86.84,2.87,2.7281
20210628,Dharwad,15.4589,75.0078,23.76,84.06,1.95,5.0549
20210629,Dharwad,15.4589,75.0078,24.49,85.01,2.46,5.9822
20210630,Dharwad,15.4589,75.0078,24.86,84.7,2.94,6.1118
20210701,Dharwad,15.4589,75.0078,24.59,87.34,3.03,4.4093
20210702,Dharwad,15.4589,75.0078,23.74,89.11,2.56,4.5866
20210703,Dharwad,15.4589,75.0078,24.04,89.14,2.85,5.5584
20210704,Dharwad,15.4589,75.0078,24.12,88.08,2.44,5.4538
20210705,Dharwad,15.4589,75.0078,24.14,85.37,2.52,3.8587
20210706,Dharwad,15.4589,75.0078,24.43,87.19,1.87,5.2934
20210707,Dharwad,15.4589,75.0078,24.27,89.49,2.46,5.7058
20210708,Dharwad,15.4589,75.0078,23.8,89.92,2.7,3.9576
20210709,Dharwad,15.4589,75.0078,23.18,87.09,3.13,4.3692
20210710,Dharwad,15.4589,75.0078,21.66,90.53,4.18,3.9406
20210711,Dharwad,15.4589,75.0078,22.45,91.15,4.16,3.6763
20210712,Dharwad,15.4589,75.0078,23.17,87.9,4.93,4.0092
20210713,Dharwad,15.4589,75.0078,22.87,88.19,4.11,3.6864
20210714,Dharwad,15.4589,75.0078,23.59,89.95,5.19,3.5686
20210715,Dharwad,15.4589,75.0078,24.23,90.45,4.83,4.1558
20210716,Dharwad,15.4589,75.0078,23.75,89.97,4.53,4.1926
20210717,Dharwad,15.4589,75.0078,24.2,89.65,4.33,4.447
20210718,Dharwad,15.4589,75.0078,23.63,93.82,5.1,2.7156
20210719,Dharwad,15.4589,75.0078,23.49,90.84,4.95,4.374
20210720,Dharwad,15.4589,75.0078,23.55,90.27,5.41,3.8321
20210721,Dharwad,15.4589,75.0078,23.38,89.79,5.48,2.7974
20210722,Dharwad,15.4589,75.0078,22.69,93.46,6.64,2.1026
20210723,Dharwad,15.4589,75.0078,23.24,91.98,5.59,3.0485
20210724,Dharwad,15.4589,75.0078,24.26,88.97,4.91,5.1778
20210725,Dharwad,15.4589,75.0078,24.23,90.15,4.99,5.2356
20210726,Dharwad,15.4589,75.0078,23.64,89.24,4.99,5.5378
20210727,Dharwad,15.4589,75.0078,23.46,88.83,5.17,5.448
20210728,Dharwad,15.4589,75.0078,23.53,87.52,5.27,5.1758
20210729,Dharwad,15.4589,75.0078,23.12,89.46,5.26,4.655
20210730,Dharwad,15.4589,75.0078,23.47,89.09,5.11,4.0651
20210731,Dharwad,15.4589,75.0078,23.12,90.12,4.63,2.9573
20210801,Dharwad,15.4589,75.0078,23.38,87.23,5.04,4.2766
20210802,Dharwad,15.4589,75.0078,23.34,86.83,4.82,4.6747
20210803,Dharwad,15.4589,75.0078,23.57,88.39,4.71,4.7126
20210804,Dharwad,15.4589,75.0078,23.84,87.77,5.12,4.3709
20210805,Dharwad,15.4589,75.0078,23.79,87.4,5.38,3.9502
20210806,Dharwad,15.4589,75.0078,23.97,87.36,4.73,4.3894
20210807,Dharwad,15.4589,75.0078,24.3,87.16,3.7,5.0731
20210808,Dharwad,15.4589,75.0078,24.45,86.67,2.87,5.1391
20210809,Dharwad,15.4589,75.0078,24.35,87.14,2.46,5.5594
20210810,Dharwad,15.4589,75.0078,24.25,86.71,2.96,4.8914
20210811,Dharwad,15.4589,75.0078,24.02,87.46,2.73,5.1192
20210812,Dharwad,15.4589,75.0078,23.72,88.42,3.0,4.301
20210813,Dharwad,15.4589,75.0078,23.5,88.6,3.28,4.4861
20210814,Dharwad,15.4589,75.0078,23.48,87.51,3.62,5.1415
20210815,Dharwad,15.4589,75.0078,23.02,89.78,3.67,4.6764
20210816,Dharwad,15.4589,75.0078,23.52,88.47,2.82,3.7903
20210817,Dharwad,15.4589,75.0078,22.82,86.33,2.82,2.8627
20210818,Dharwad,15.4589,75.0078,22.43,85.66,3.51,4.3754
20210819,Dharwad,15.4589,75.0078,22.67,84.15,3.29,4.6543
20210820,Dharwad,15.4589,75.0078,22.1,87.51,2.93,4.3718
20210821,Dharwad,15.4589,75.0078,22.41,89.24,3.42,5.4648
20210822,Dharwad,15.4589,75.0078,23.7,82.54,1.74,5.4398
20210823,Dharwad,15.4589,75.0078,23.9,84.97,2.02,6.0382
20210824,Dharwad,15.4589,75.0078,23.88,84.64,2.22,5.9069
20210825,Dharwad,15.4589,75.0078,24.13,87.21,2.17,5.0122
20210826,Dharwad,15.4589,75.0078,23.97,88.78,2.34,4.1182
20210827,Dharwad,15.4589,75.0078,24.07,87.91,2.58,3.9298
20210828,Dharwad,15.4589,75.0078,23.76,87.63,3.28,3.7596
20210829,Dharwad,15.4589,75.0078,23.22,83.56,3.59,4.2533
20210830,Dharwad,15.4589,75.0078,22.07,86.31,3.14,4.1393
20210831,Dharwad,15.4589,75.0078,22.73,87.29,3.0,4.303
20210901,Dharwad,15.4589,75.0078,23.89,85.49,3.02,4.7844
20210902,Dharwad,15.4589,75.0078,23.58,87.67,2.88,4.6126
20210903,Dharwad,15.4589,75.0078,23.6,89.33,2.86,4.9378
20210904,Dharwad,15.4589,75.0078,23.53,89.43,2.9,3.8045
20210905,Dharwad,15.4589,75.0078,23.19,90.3,3.1,4.2542
20210906,Dharwad,15.4589,75.0078,22.96,88.05,4.12,3.8866
20210907,Dharwad,15.4589,75.0078,22.69,89.58,4.71,3.1752
20210908,Dharwad,15.4589,75.0078,23.65,86.81,5.29,4.3759
20210909,Dharwad,15.4589,75.0078,23.55,88.14,4.28,4.8588
20210910,Dharwad,15.4589,75.0078,23.79,87.44,4.17,5.0362
20210911,Dharwad,15.4589,75.0078,23.7,88.22,4.08,3.858
20210912,Dharwad,15.4589,75.0078,23.61,89.62,4.44,4.513
20210913,Dharwad,15.4589,75.0078,23.72,90.68,4.42,3.5714
20210914,Dharwad,15.4589,75.0078,24.18,87.67,4.12,4.3488
20210915,Dharwad,15.4589,75.0078,23.79,87.94,3.14,4.3154
20210916,Dharwad,15.4589,75.0078,23.55,88.36,2.94,5.2102
20210917,Dharwad,15.4589,75.0078,23.63,86.86,2.46,5.4101
20210918,Dharwad,15.4589,75.0078,23.62,85.02,2.2,6.0948
20210919,Dharwad,15.4589,75.0078,24.13,84.59,1.86,5.8061
20210920,Dharwad,15.4589,75.0078,24.07,86.95,2.19,5.1756
20210921,Dharwad,15.4589,75.0078,23.76,88.93,2.74,3.6341
20210922,Dharwad,15.4589,75.0078,23.9,87.44,2.77,4.0126
20210923,Dharwad,15.4589,75.0078,23.73,89.18,2.86,3.575
20210924,Dharwad,15.4589,75.0078,23.98,87.75,2.21,4.451
20210925,Dharwad,15.4589,75.0078,24.14,86.02,2.49,4.6478
20210926,Dharwad,15.4589,75.0078,23.72,87.04,2.21,4.4938
20210927,Dharwad,15.4589,75.0078,22.46,90.81,3.04,2.9148
20210928,Dharwad,15.4589,75.0078,21.16,88.85,3.68,3.4891
20210929,Dharwad,15.4589,75.0078,22.34,88.02,3.03,4.0087
20210930,Dharwad,15.4589,75.0078,24.32,86.6,1.85,4.7906
20211001,Dharwad,15.4589,75.0078,24.37,87.5,0.99,5.2366
20211002,Dharwad,15.4589,75.0078,25.05,86.82,0.95,5.3974
20211003,Dharwad,15.4589,75.0078,25.2,83.53,1.55,5.8099
20211004,Dharwad,15.4589,75.0078,25.54,84.7,1.03,5.5615
20211005,Dharwad,15.4589,75.0078,25.04,86.7,1.4,5.5901
20211006,Dharwad,15.4589,75.0078,24.68,88.47,1.27,4.2696
20211007,Dharwad,15.4589,75.0078,24.54,89.23,2.11,4.4306
20211008,Dharwad,15.4589,75.0078,23.23,91.19,1.82,5.0342
20211009,Dharwad,15.4589,75.0078,24.2,89.35,1.77,5.1806
20211010,Dharwad,15.4589,75.0078,23.92,89.12,1.61,4.4755
20211011,Dharwad,15.4589,75.0078,24.22,87.94,1.46,3.8002
20211012,Dharwad,15.4589,75.0078,23.98,87.85,1.01,4.9745
20211013,Dharwad,15.4589,75.0078,24.65,79.54,0.54,4.8682
20211014,Dharwad,15.4589,75.0078,24.87,83.06,1.0,4.2958
20211015,Dharwad,15.4589,75.0078,24.82,80.56,1.54,4.8396
20211016,Dharwad,15.4589,75.0078,24.23,80.73,1.06,5.8349
20211017,Dharwad,15.4589,75.0078,23.49,87.07,2.09,5.2898
20211018,Dharwad,15.4589,75.0078,23.56,87.19,2.34,5.286
20211019,Dharwad,15.4589,75.0078,23.14,85.49,1.63,5.8742
20211020,Dharwad,15.4589,75.0078,24.11,83.2,1.08,5.1317
20211021,Dharwad,15.4589,75.0078,22.96,88.77,1.77,4.039
20211022,Dharwad,15.4589,75.0078,23.93,77.6,1.36,5.0866
20211023,Dharwad,15.4589,75.0078,22.76,85.95,1.5,4.3735
20211024,Dharwad,15.4589,75.0078,23.2,87.78,1.2,4.1014
20211025,Dharwad,15.4589,75.0078,23.28,85.47,0.96,3.2078
20211026,Dharwad,15.4589,75.0078,23.11,77.74,1.73,5.6633
20211027,Dharwad,15.4589,75.0078,21.83,78.74,2.35,5.6942
20211028,Dharwad,15.4589,75.0078,21.41,75.51,1.98,5.8051
20211029,Dharwad,15.4589,75.0078,23.32,85.71,2.43,4.4861
20211030,Dharwad,15.4589,75.0078,24.21,85.02,2.26,2.7607
20211031,Dharwad,15.4589,75.0078,24.37,86.19,1.68,3.6917
20211101,Dharwad,15.4589,75.0078,24.16,85.43,2.2,4.2084
20211102,Dharwad,15.4589,75.0078,23.18,85.4,2.67,4.3829
20211103,Dharwad,15.4589,75.0078,22.99,84.76,2.32,4.074
20211104,Dharwad,15.4589,75.0078,23.31,87.39,1.78,4.3982
20211105,Dharwad,15.4589,75.0078,23.39,85.71,1.79,4.4969
20211106,Dharwad,15.4589,75.0078,23.51,84.35,1.86,4.9003
20211107,Dharwad,15.4589,75.0078,23.25,81.75,1.51,4.3932
20211108,Dharwad,15.4589,75.0078,22.41,78.22,1.23,4.2072
20211109,Dharwad,15.4589,75.0078,21.93,76.2,1.9,5.4398
20211110,Dharwad,15.4589,75.0078,21.49,72.95,1.72,4.7683
20211111,Dharwad,15.4589,75.0078,20.65,76.34,1.57,3.2434
20211112,Dharwad,15.4589,75.0078,21.33,86.14,2.17,2.8061
20211113,Dharwad,15.4589,75.0078,23.7,85.31,2.32,2.4139
20211114,Dharwad,15.4589,75.0078,24.06,86.5,1.47,2.9544
20211115,Dharwad,15.4589,75.0078,24.42,86.17,2.05,4.0445
20211116,Dharwad,15.4589,75.0078,24.19,88.11,2.35,3.0048
20211117,Dharwad,15.4589,75.0078,24.06,89.27,2.04,3.8345
20211118,Dharwad,15.4589,75.0078,23.05,86.46,1.57,3.3785
20211119,Dharwad,15.4589,75.0078,22.6,89.74,1.81,1.0046
20211120,Dharwad,15.4589,75.0078,23.9,88.66,2.25,1.7407
20211121,Dharwad,15.4589,75.0078,23.47,90.43,2.05,3.0154
20211122,Dharwad,15.4589,75.0078,23.84,84.04,0.92,3.5093
20211123,Dharwad,15.4589,75.0078,24.47,84.57,0.87,4.579
20211124,Dharwad,15.4589,75.0078,24.12,86.52,1.47,3.1572
20211125,Dharwad,15.4589,75.0078,23.76,85.16,2.32,5.1355
20211126,Dharwad,15.4589,75.0078,22.78,82.56,1.87,4.3865
20211127,Dharwad,15.4589,75.0078,20.59,79.61,2.1,3.5846
20211128,Dharwad,15.4589,75.0078,19.34,82.65,2.39,4.4004
20211129,Dharwad,15.4589,75.0078,21.9,85.74,3.04,2.3849
20211130,Dharwad,15.4589,75.0078,22.23,86.63,2.75,3.5609
20211201,Dharwad,15.4589,75.0078,21.96,89.1,2.19,3.8726
20211202,Dharwad,15.4589,75.0078,22.81,87.99,1.37,2.6902
20211203,Dharwad,15.4589,75.0078,22.83,88.01,0.97,3.8976
20211204,Dharwad,15.4589,75.0078,22.51,89.05,0.91,3.7507
20211205,Dharwad,15.4589,75.0078,22.22,85.89,1.16,4.0277
20211206,Dharwad,15.4589,75.0078,21.05,81.8,1.18,4.7585
20211207,Dharwad,15.4589,75.0078,21.47,75.8,1.35,4.9562
20211208,Dharwad,15.4589,75.0078,21.01,75.62,1.95,4.8857
20211209,Dharwad,15.4589,75.0078,21.78,78.42,1.46,3.883
20211210,Dharwad,15.4589,75.0078,22.63,83.91,2.17,2.3976
20211211,Dharwad,15.4589,75.0078,22.06,82.38,2.32,5.0078
20211212,Dharwad,15.4589,75.0078,22.23,81.69,2.28,3.6216
20211213,Dharwad,15.4589,75.0078,21.08,83.69,1.91,4.2247
20211214,Dharwad,15.4589,75.0078,21.25,84.86,1.91,3.9103
20211215,Dharwad,15.4589,75.0078,21.36,84.87,1.84,3.5405
20211216,Dharwad,15.4589,75.0078,20.96,81.72,1.77,4.2874
20211217,Dharwad,15.4589,75.0078,20.8,74.08,1.49,4.9421
20211218,Dharwad,15.4589,75.0078,19.28,73.56,2.04,5.1871
20211219,Dharwad,15.4589,75.0078,17.71,69.58,2.3,5.275
20211220,Dharwad,15.4589,75.0078,17.8,73.97,2.21,4.9274
20211221,Dharwad,15.4589,75.0078,18.97,66.37,1.16,4.8619
20211222,Dharwad,15.4589,75.0078,20.22,63.39,0.9,4.969
20211223,Dharwad,15.4589,75.0078,19.69,75.43,0.94,4.9474
20211224,Dharwad,15.4589,75.0078,20.1,81.17,1.1,5.0172
20211225,Dharwad,15.4589,75.0078,21.17,75.79,0.82,4.945
20211226,Dharwad,15.4589,75.0078,21.33,71.36,0.91,5.089
20211227,Dharwad,15.4589,75.0078,20.75,74.23,1.17,4.7136
20211228,Dharwad,15.4589,75.0078,20.2,75.75,1.55,5.0446
20211229,Dharwad,15.4589,75.0078,20.45,73.26,1.32,4.8394
20211230,Dharwad,15.4589,75.0078,20.08,73.0,2.43,5.2169
20211231,Dharwad,15.4589,75.0078,21.21,79.43,2.92,3.6655
20220101,Dharwad,15.4589,75.0078,21.84,79.13,2.23,3.8993
20220102,Dharwad,15.4589,75.0078,21.88,74.95,2.17,4.9243
20220103,Dharwad,15.4589,75.0078,21.41,74.51,1.85,4.6044
20220104,Dharwad,15.4589,75.0078,21.05,72.37,2.03,5.0446
20220105,Dharwad,15.4589,75.0078,20.39,69.29,1.33,5.0484
20220106,Dharwad,15.4589,75.0078,19.96,70.22,1.49,5.2963
20220107,Dharwad,15.4589,75.0078,20.33,77.89,1.62,4.7592
20220108,Dharwad,15.4589,75.0078,20.68,77.55,1.38,4.8031
20220109,Dharwad,15.4589,75.0078,20.17,76.07,1.53,5.1679
20220110,Dharwad,15.4589,75.0078,20.1,77.86,1.59,4.7878
20220111,Dharwad,15.4589,75.0078,19.97,77.93,1.89,5.351
20220112,Dharwad,15.4589,75.0078,18.47,78.39,1.71,5.6405
20220113,Dharwad,15.4589,75.0078,18.04,80.89,2.0,5.2166
20220114,Dharwad,15.4589,75.0078,18.45,80.0,1.81,5.3304
20220115,Dharwad,15.4589,75.0078,19.59,74.83,1.32,5.2339
20220116,Dharwad,15.4589,75.0078,22.07,68.93,1.83,4.2382
20220117,Dharwad,15.4589,75.0078,22.91,69.99,2.11,3.942
20220118,Dharwad,15.4589,75.0078,22.16,65.34,2.06,5.3107
20220119,Dharwad,15.4589,75.0078,21.49,60.21,1.49,5.5584
20220120,Dharwad,15.4589,75.0078,21.98,54.19,1.38,5.6623
20220121,Dharwad,15.4589,75.0078,22.34,55.26,1.79,5.819
20220122,Dharwad,15.4589,75.0078,20.99,73.35,2.14,5.8342
20220123,Dharwad,15.4589,75.0078,20.42,75.61,2.53,5.4022
20220124,Dharwad,15.4589,75.0078,18.33,71.4,1.84,5.069
20220125,Dharwad,15.4589,75.0078,18.56,69.13,1.99,5.4785
20220126,Dharwad,15.4589,75.0078,20.23,66.08,1.12,5.2562
20220127,Dharwad,15.4589,75.0078,21.3,59.27,1.98,4.182
20220128,Dharwad,15.4589,75.0078,21.43,50.62,3.33,5.537
20220129,Dharwad,15.4589,75.0078,21.19,47.38,2.65,6.0384
20220130,Dharwad,15.4589,75.0078,22.44,51.73,1.38,5.9206
20220131,Dharwad,15.4589,75.0078,23.47,48.1,1.11,5.9378
20220201,Dharwad,15.4589,75.0078,23.75,44.56,1.32,5.9321
20220202,Dharwad,15.4589,75.0078,23.99,45.08,1.5,5.8692
20220203,Dharwad,15.4589,75.0078,22.65,59.64,2.21,5.9767
20220204,Dharwad,15.4589,75.0078,21.55,64.08,2.16,6.2501
20220205,Dharwad,15.4589,75.0078,21.9,62.44,1.56,6.2645
20220206,Dharwad,15.4589,75.0078,22.78,59.73,2.12,5.6066
20220207,Dharwad,15.4589,75.0078,23.6,63.47,1.77,5.7689
20220208,Dharwad,15.4589,75.0078,23.46,64.46,2.05,5.9258
20220209,Dharwad,15.4589,75.0078,23.82,61.31,1.55,5.6765
20220210,Dharwad,15.4589,75.0078,24.57,53.36,0.9,5.4586
20220211,Dharwad,15.4589,75.0078,24.97,42.14,2.53,5.525
20220212,Dharwad,15.4589,75.0078,24.3,46.81,2.43,5.7624
20220213,Dharwad,15.4589,75.0078,23.71,41.38,1.49,5.893
20220214,Dharwad,15.4589,75.0078,24.01,44.69,1.13,6.0026
20220215,Dharwad,15.4589,75.0078,23.93,49.57,1.81,4.6421
20220216,Dharwad,15.4589,75.0078,23.75,49.58,1.77,5.5361
20220217,Dharwad,15.4589,75.0078,24.27,48.12,1.65,5.1302
20220218,Dharwad,15.4589,75.0078,24.88,48.1,1.23,4.9858
20220219,Dharwad,15.4589,75.0078,25.83,48.93,1.79,6.0996
20220220,Dharwad,15.4589,75.0078,26.08,48.84,1.9,6.228
20220221,Dharwad,15.4589,75.0078,26.37,46.06,1.6,6.3506
20220222,Dharwad,15.4589,75.0078,26.54,42.38,1.45,6.2532
20220223,Dharwad,15.4589,75.0078,27.28,40.94,2.32,6.1829
20220224,Dharwad,15.4589,75.0078,26.31,39.14,1.79,6.3821
20220225,Dharwad,15.4589,75.0078,25.81,34.55,1.87,6.7798
20220226,Dharwad,15.4589,75.0078,25.11,24.27,2.44,7.079
20220227,Dharwad,15.4589,75.0078,24.96,32.83,2.28,6.9031
20220228,Dharwad,15.4589,75.0078,25.39,31.66,2.0,6.9634
20220301,Dharwad,15.4589,75.0078,26.09,26.5,1.92,6.9866
20220302,Dharwad,15.4589,75.0078,25.8,27.99,2.58,6.929
20220303,Dharwad,15.4589,75.0078,25.94,26.4,2.77,6.7728
20220304,Dharwad,15.4589,75.0078,26.43,31.36,2.46,6.8774
20220305,Dharwad,15.4589,75.0078,27.03,29.31,2.44,6.5318
20220306,Dharwad,15.4589,75.0078,27.16,32.84,2.4,5.8097
20220307,Dharwad,15.4589,75.0078,27.08,36.61,3.17,6.612
20220308,Dharwad,15.4589,75.0078,28.63,39.4,1.95,6.0
20220309,Dharwad,15.4589,75.0078,29.19,41.04,1.32,6.3062
20220310,Dharwad,15.4589,75.0078,29.08,33.62,1.47,5.3945
20220311,Dharwad,15.4589,75.0078,29.25,32.78,1.39,5.2802
20220312,Dharwad,15.4589,75.0078,28.44,29.54,1.75,4.8314
20220313,Dharwad,15.4589,75.0078,29.18,31.23,2.21,5.8128
20220314,Dharwad,15.4589,75.0078,29.38,29.26,1.94,5.959
20220315,Dharwad,15.4589,75.0078,28.86,22.9,2.13,7.1038
20220316,Dharwad,15.4589,75.0078,28.54,39.64,1.69,6.9578
20220317,Dharwad,15.4589,75.0078,29.4,47.87,1.94,6.2954
20220318,Dharwad,15.4589,75.0078,29.24,53.36,2.39,6.0197
20220319,Dharwad,15.4589,75.0078,27.67,60.4,3.17,5.7031
20220320,Dharwad,15.4589,75.0078,27.5,57.5,2.59,5.2018
20220321,Dharwad,15.4589,75.0078,27.92,54.68,2.03,6.0734
20220322,Dharwad,15.4589,75.0078,28.1,58.45,1.52,5.1917
20220323,Dharwad,15.4589,75.0078,28.71,58.93,1.68,5.3834
20220324,Dharwad,15.4589,75.0078,27.93,62.71,2.16,4.7609
20220325,Dharwad,15.4589,75.0078,29.04,58.01,1.98,4.7412
20220326,Dharwad,15.4589,75.0078,29.68,55.01,1.85,5.3995
20220327,Dharwad,15.4589,75.0078,29.98,52.5,1.52,5.3616
20220328,Dharwad,15.4589,75.0078,30.06,51.11,1.5,4.5763
20220329,Dharwad,15.4589,75.0078,30.63,51.04,1.91,6.4217
20220330,Dharwad,15.4589,75.0078,30.34,47.0,1.69,6.9487
20220331,Dharwad,15.4589,75.0078,30.19,47.75,1.97,7.1599
20220401,Dharwad,15.4589,75.0078,30.06,43.69,1.99,7.2154
20220402,Dharwad,15.4589,75.0078,30.52,45.64,1.78,6.6029
20220403,Dharwad,15.4589,75.0078,31.03,40.22,1.47,6.3775
20220404,Dharwad,15.4589,75.0078,30.59,47.3,1.61,6.2213
20220405,Dharwad,15.4589,75.0078,30.71,45.03,1.48,5.9242
20220406,Dharwad,15.4589,75.0078,30.58,42.85,1.35,5.4727
20220407,Dharwad,15.4589,75.0078,30.74,43.8,1.17,5.9664
20220408,Dharwad,15.4589,75.0078,31.34,38.63,1.45,5.8802
20220409,Dharwad,15.4589,75.0078,30.48,44.4,1.5,5.2306
20220410,Dharwad,15.4589,75.0078,29.34,52.24,1.5,5.1902
20220411,Dharwad,15.4589,75.0078,29.39,50.45,0.76,6.2234
20220412,Dharwad,15.4589,75.0078,29.95,44.45,1.04,5.3976
20220413,Dharwad,15.4589,75.0078,30.93,39.2,2.41,5.6246
20220414,Dharwad,15.4589,75.0078,28.89,57.15,1.95,4.379
20220415,Dharwad,15.4589,75.0078,28.04,60.08,1.77,2.9616
20220416,Dharwad,15.4589,75.0078,28.82,57.34,1.78,4.9699
20220417,Dharwad,15.4589,75.0078,27.73,65.32,1.86,6.7618
20220418,Dharwad,15.4589,75.0078,27.74,64.57,1.46,6.3396
20220419,Dharwad,15.4589,75.0078,26.07,67.21,2.18,6.3382
20220420,Dharwad,15.4589,75.0078,29.09,56.18,1.26,6.6636
20220421,Dharwad,15.4589,75.0078,30.12,51.24,1.88,6.4469
20220422,Dharwad,15.4589,75.0078,29.25,58.33,1.6,6.1325
20220423,Dharwad,15.4589,75.0078,28.44,58.48,1.38,5.4756
20220424,Dharwad,15.4589,75.0078,26.34,65.93,1.48,6.2616
20220425,Dharwad,15.4589,75.0078,28.59,58.78,1.19,6.3341
20220426,Dharwad,15.4589,75.0078,27.96,64.83,1.65,4.7846
20220427,Dharwad,15.4589,75.0078,29.81,56.43,2.14,6.5165
20220428,Dharwad,15.4589,75.0078,29.1,61.91,0.83,6.389
20220429,Dharwad,15.4589,75.0078,29.32,62.68,1.33,6.865
20220430,Dharwad,15.4589,75.0078,29.27,58.89,2.37,6.9007
20220501,Dharwad,15.4589,75.0078,29.43,54.46,2.65,6.9348
20220502,Dharwad,15.4589,75.0078,29.12,56.45,2.98,7.2734
20220503,Dharwad,15.4589,75.0078,29.34,56.78,2.63,7.2996
20220504,Dharwad,15.4589,75.0078,29.75,59.33,1.72,5.6254
20220505,Dharwad,15.4589,75.0078,27.42,69.57,2.04,6.0094
20220506,Dharwad,15.4589,75.0078,28.28,62.81,1.74,6.109
20220507,Dharwad,15.4589,75.0078,29.09,60.09,2.61,6.883
20220508,Dharwad,15.4589,75.0078,29.62,59.9,1.88,5.5877
20220509,Dharwad,15.4589,75.0078,29.67,60.13,3.52,5.5495
20220510,Dharwad,15.4589,75.0078,29.6,57.54,4.43,4.6939
20220511,Dharwad,15.4589,75.0078,27.2,70.17,4.14,2.2894
20220512,Dharwad,15.4589,75.0078,26.95,73.57,3.92,3.7224
20220513,Dharwad,15.4589,75.0078,26.56,74.46,3.56,4.4878
20220514,Dharwad,15.4589,75.0078,28.04,64.58,3.3,6.2894
20220515,Dharwad,15.4589,75.0078,27.85,66.9,3.23,5.8786
20220516,Dharwad,15.4589,75.0078,28.35,69.18,2.61,6.2539
20220517,Dharwad,15.4589,75.0078,27.12,74.34,1.85,3.121
20220518,Dharwad,15.4589,75.0078,27.08,73.47,2.1,2.2637
20220519,Dharwad,15.4589,75.0078,25.28,84.58,2.65,1.8859
20220520,Dharwad,15.4589,75.0078,24.28,85.15,3.16,1.0519
20220521,Dharwad,15.4589,75.0078,25.17,78.16,3.54,2.5392
20220522,Dharwad,15.4589,75.0078,26.21,77.85,3.97,6.03
20220523,Dharwad,15.4589,75.0078,26.84,77.5,3.35,6.8554
20220524,Dharwad,15.4589,75.0078,26.97,76.75,3.06,6.925
20220525,Dharwad,15.4589,75.0078,28.06,67.5,2.44,6.7855
20220526,Dharwad,15.4589,75.0078,27.56,67.38,3.46,7.3423
20220527,Dharwad,15.4589,75.0078,27.03,67.39,3.87,7.3202
20220528,Dharwad,15.4589,75.0078,26.85,65.45,3.38,7.3745
20220529,Dharwad,15.4589,75.0078,27.16,67.59,3.35,7.3205
20220530,Dharwad,15.4589,75.0078,27.64,66.21,3.06,7.1676
20220531,Dharwad,15.4589,75.0078,27.32,68.85,2.75,6.5904
20220601,Dharwad,15.4589,75.0078,26.33,73.6,2.42,5.4917
20220602,Dharwad,15.4589,75.0078,26.55,75.57,2.4,5.869
20220603,Dharwad,15.4589,75.0078,26.82,73.36,2.9,5.8327
20220604,Dharwad,15.4589,75.0078,27.93,65.85,2.12,6.7841
20220605,Dharwad,15.4589,75.0078,26.23,75.48,2.63,6.2954
20220606,Dharwad,15.4589,75.0078,25.25,79.8,2.18,4.403
20220607,Dharwad,15.4589,75.0078,25.66,77.75,2.68,4.0594
20220608,Dharwad,15.4589,75.0078,25.08,79.21,3.13,5.5099
20220609,Dharwad,15.4589,75.0078,25.77,79.22,3.38,6.2933
20220610,Dharwad,15.4589,75.0078,25.69,78.8,3.71,5.1696
20220611,Dharwad,15.4589,75.0078,25.22,76.14,3.93,5.7048
20220612,Dharwad,15.4589,75.0078,24.72,77.42,3.57,4.7419
20220613,Dharwad,15.4589,75.0078,25.1,78.72,3.1,5.345
20220614,Dharwad,15.4589,75.0078,25.5,74.02,3.29,5.9575
20220615,Dharwad,15.4589,75.0078,24.91,79.42,2.89,4.8151
20220616,Dharwad,15.4589,75.0078,24.93,78.49,3.17,5.1871
20220617,Dharwad,15.4589,75.0078,25.04,78.67,2.91,5.3592
20220618,Dharwad,15.4589,75.0078,24.87,74.3,3.15,5.3772
20220619,Dharwad,15.4589,75.0078,24.31,78.09,3.5,5.4727
20220620,Dharwad,15.4589,75.0078,24.15,80.0,4.18,4.9586
20220621,Dharwad,15.4589,75.0078,23.79,85.81,3.86,3.456
20220622,Dharwad,15.4589,75.0078,24.1,86.49,3.05,4.1136
20220623,Dharwad,15.4589,75.0078,24.05,83.74,3.24,4.811
20220624,Dharwad,15.4589,75.0078,24.37,81.48,3.91,4.7839
20220625,Dharwad,15.4589,75.0078,23.9,84.04,4.94,4.4402
20220626,Dharwad,15.4589,75.0078,24.25,83.11,4.94,4.4455
20220627,Dharwad,15.4589,75.0078,24.29,85.55,4.51,5.1185
20220628,Dharwad,15.4589,75.0078,24.22,86.42,3.35,5.2102
20220629,Dharwad,15.4589,75.0078,24.28,87.01,3.85,5.1403
20220630,Dharwad,15.4589,75.0078,24.4,86.74,3.69,4.3567
20220701,Dharwad,15.4589,75.0078,24.76,85.19,3.92,4.5725
20220702,Dharwad,15.4589,75.0078,24.68,83.87,4.17,4.867
20220703,Dharwad,15.4589,75.0078,24.76,83.36,4.58,4.7107
20220704,Dharwad,15.4589,75.0078,24.05,88.4,4.78,3.1351
20220705,Dharwad,15.4589,75.0078,24.08,86.55,5.37,3.1961
20220706,Dharwad,15.4589,75.0078,24.26,85.02,4.9,3.6317
20220707,Dharwad,15.4589,75.0078,23.99,85.56,4.92,3.3355
20220708,Dharwad,15.4589,75.0078,23.71,86.22,5.47,2.6318
20220709,Dharwad,15.4589,75.0078,23.23,90.29,5.13,2.437
20220710,Dharwad,15.4589,75.0078,23.29,87.42,5.35,3.0605
20220711,Dharwad,15.4589,75.0078,23.18,88.73,5.56,2.4187
20220712,Dharwad,15.4589,75.0078,23.19,88.34,5.77,2.6755
20220713,Dharwad,15.4589,75.0078,22.52,89.59,6.59,1.8679
20220714,Dharwad,15.4589,75.0078,22.82,88.66,7.28,3.4615
20220715,Dharwad,15.4589,75.0078,23.62,85.24,6.81,4.5173
20220716,Dharwad,15.4589,75.0078,23.92,87.1,5.94,3.6602
20220717,Dharwad,15.4589,75.0078,23.64,88.88,4.76,3.8318
20220718,Dharwad,15.4589,75.0078,22.9,88.66,4.55,3.4049
20220719,Dharwad,15.4589,75.0078,23.53,86.92,3.84,4.8722
20220720,Dharwad,15.4589,75.0078,24.02,86.0,3.55,5.448
20220721,Dharwad,15.4589,75.0078,23.65,87.06,3.21,5.1919
20220722,Dharwad,15.4589,75.0078,23.62,87.44,3.43,3.7939
20220723,Dharwad,15.4589,75.0078,22.83,89.33,3.8,3.7198
20220724,Dharwad,15.4589,75.0078,23.35,87.2,4.03,3.4097
20220725,Dharwad,15.4589,75.0078,23.62,86.11,3.48,4.9174
20220726,Dharwad,15.4589,75.0078,23.89,84.95,2.95,3.6358
20220727,Dharwad,15.4589,75.0078,23.49,88.03,1.65,5.0988
20220728,Dharwad,15.4589,75.0078,25.12,85.02,1.21,5.4492
20220729,Dharwad,15.4589,75.0078,26.16,81.54,1.16,5.8188
20220730,Dharwad,15.4589,75.0078,25.46,84.55,1.66,6.6451
20220731,Dharwad,15.4589,75.0078,24.31,88.6,2.5,5.4605
20220801,Dharwad,15.4589,75.0078,24.08,88.96,3.3,3.9468
20220802,Dharwad,15.4589,75.0078,24.05,88.77,2.92,2.519
20220803,Dharwad,15.4589,75.0078,23.87,91.3,1.92,2.3592
20220804,Dharwad,15.4589,75.0078,23.87,90.56,2.37,4.3606
20220805,Dharwad,15.4589,75.0078,23.38,90.68,3.69,4.4102
20220806,Dharwad,15.4589,75.0078,23.22,90.84,5.3,3.2794
20220807,Dharwad,15.4589,75.0078,23.09,92.27,4.66,3.523
20220808,Dharwad,15.4589,75.0078,22.63,93.2,5.42,2.5255
20220809,Dharwad,15.4589,75.0078,22.79,89.82,6.63,2.8546
20220810,Dharwad,15.4589,75.0078,22.74,88.41,6.73,4.1009
20220811,Dharwad,15.4589,75.0078,23.19,88.05,6.49,4.2684
20220812,Dharwad,15.4589,75.0078,23.08,87.93,5.84,4.7506
20220813,Dharwad,15.4589,75.0078,22.62,87.59,4.79,4.4215
20220814,Dharwad,15.4589,75.0078,22.14,90.57,3.99,3.4793
20220815,Dharwad,15.4589,75.0078,22.65,89.45,3.61,4.1813
20220816,Dharwad,15.4589,75.0078,23.22,87.87,3.56,4.1938
20220817,Dharwad,15.4589,75.0078,23.42,87.99,3.52,4.9872
20220818,Dharwad,15.4589,75.0078,23.25,87.2,3.83,4.9462
20220819,Dharwad,15.4589,75.0078,22.82,87.39,4.19,4.4508
20220820,Dharwad,15.4589,75.0078,23.24,87.47,4.15,4.6589
20220821,Dharwad,15.4589,75.0078,23.59,87.2,4.13,4.416
20220822,Dharwad,15.4589,75.0078,23.66,87.01,4.54,4.3567
20220823,Dharwad,15.4589,75.0078,23.44,87.93,3.85,4.6121
20220824,Dharwad,15.4589,75.0078,23.19,87.95,3.45,4.6716
20220825,Dharwad,15.4589,75.0078,23.5,87.84,2.73,4.8158
20220826,Dharwad,15.4589,75.0078,23.57,87.47,2.28,5.0587
20220827,Dharwad,15.4589,75.0078,22.8,88.87,2.22,4.1834
20220828,Dharwad,15.4589,75.0078,23.61,86.35,2.26,4.4424
20220829,Dharwad,15.4589,75.0078,23.97,86.86,2.27,4.3416
20220830,Dharwad,15.4589,75.0078,24.34,87.5,1.6,3.5822
20220831,Dharwad,15.4589,75.0078,24.8,86.87,1.51,5.4358
20220901,Dharwad,15.4589,75.0078,24.98,83.82,1.4,5.0489
20220902,Dharwad,15.4589,75.0078,24.73,86.51,2.04,5.2776
20220903,Dharwad,15.4589,75.0078,25.24,84.66,1.13,5.375
20220904,Dharwad,15.4589,75.0078,24.97,87.58,1.84,4.368
20220905,Dharwad,15.4589,75.0078,24.16,88.63,1.73,4.9334
20220906,Dharwad,15.4589,75.0078,24.41,87.17,1.29,4.7438
20220907,Dharwad,15.4589,75.0078,24.63,85.72,0.84,5.5673
20220908,Dharwad,15.4589,75.0078,23.53,90.76,2.59,4.236
20220909,Dharwad,15.4589,75.0078,23.61,91.03,2.35,3.9175
20220910,Dharwad,15.4589,75.0078,23.22,91.2,2.95,3.3418
20220911,Dharwad,15.4589,75.0078,23.01,91.86,4.78,3.1687
20220912,Dharwad,15.4589,75.0078,23.33,92.69,5.05,3.0727
20220913,Dharwad,15.4589,75.0078,23.1,91.03,3.99,4.1525
20220914,Dharwad,15.4589,75.0078,23.13,90.1,3.61,4.5053
20220915,Dharwad,15.4589,75.0078,23.04,90.61,3.8,4.5454
20220916,Dharwad,15.4589,75.0078,23.26,89.92,3.97,4.1359
20220917,Dharwad,15.4589,75.0078,23.36,89.9,2.94,5.327
20220918,Dharwad,15.4589,75.0078,23.34,89.08,2.77,4.5912
20220919,Dharwad,15.4589,75.0078,22.42,88.78,2.71,5.8092
20220920,Dharwad,15.4589,75.0078,21.67,90.14,2.36,5.7264
20220921,Dharwad,15.4589,75.0078,22.09,88.03,2.29,5.9374
20220922,Dharwad,15.4589,75.0078,22.04,86.73,2.57,5.5819
20220923,Dharwad,15.4589,75.0078,22.23,88.47,2.6,5.077
20220924,Dharwad,15.4589,75.0078,22.61,88.44,2.49,5.7
20220925,Dharwad,15.4589,75.0078,23.23,86.88,2.16,5.3616
20220926,Dharwad,15.4589,75.0078,22.38,87.11,2.21,4.314
20220927,Dharwad,15.4589,75.0078,22.36,87.23,1.89,5.7708
20220928,Dharwad,15.4589,75.0078,23.21,87.32,2.55,5.2925
20220929,Dharwad,15.4589,75.0078,22.61,91.36,2.51,4.8902
20220930,Dharwad,15.4589,75.0078,23.35,90.67,1.68,3.0175
20221001,Dharwad,15.4589,75.0078,23.4,91.25,2.67,3.4956
20221002,Dharwad,15.4589,75.0078,23.39,88.05,2.23,4.607
20221003,Dharwad,15.4589,75.0078,23.75,86.07,2.11,5.2126
20221004,Dharwad,15.4589,75.0078,23.74,85.72,2.1,5.0693
20221005,Dharwad,15.4589,75.0078,23.37,86.63,2.07,5.2536
20221006,Dharwad,15.4589,75.0078,22.82,90.95,2.39,2.0935
20221007,Dharwad,15.4589,75.0078,22.72,88.37,2.59,2.8541
20221008,Dharwad,15.4589,75.0078,23.0,86.44,1.61,6.0389
20221009,Dharwad,15.4589,75.0078,23.73,84.42,0.73,5.1982
20221010,Dharwad,15.4589,75.0078,24.31,87.09,1.07,3.5813
20221011,Dharwad,15.4589,75.0078,23.45,94.31,1.99,3.654
20221012,Dharwad,15.4589,75.0078,22.58,92.45,2.04,3.3341
20221013,Dharwad,15.4589,75.0078,22.99,91.82,0.97,3.8762
20221014,Dharwad,15.4589,75.0078,24.08,88.04,1.21,3.3343
20221015,Dharwad,15.4589,75.0078,24.11,86.03,1.59,4.5082
20221016,Dharwad,15.4589,75.0078,24.14,88.78,2.03,4.2768
20221017,Dharwad,15.4589,75.0078,24.11,88.91,1.4,4.3138
20221018,Dharwad,15.4589,75.0078,24.04,88.05,1.66,4.8991
20221019,Dharwad,15.4589,75.0078,24.0,86.6,1.05,5.1655
20221020,Dharwad,15.4589,75.0078,23.59,91.61,0.74,4.3142
20221021,Dharwad,15.4589,75.0078,23.85,86.08,1.91,4.9908
20221022,Dharwad,15.4589,75.0078,22.88,86.63,2.03,4.5329
20221023,Dharwad,15.4589,75.0078,20.24,75.73,2.09,6.2796
20221024,Dharwad,15.4589,75.0078,20.58,70.0,1.37,6.3103
20221025,Dharwad,15.4589,75.0078,21.5,67.9,0.95,6.1654
20221026,Dharwad,15.4589,75.0078,20.37,74.25,1.57,6.1622
20221027,Dharwad,15.4589,75.0078,19.86,74.71,1.76,6.1723
20221028,Dharwad,15.4589,75.0078,20.58,82.57,1.69,4.7419
20221029,Dharwad,15.4589,75.0078,21.01,82.6,2.19,4.2266
20221030,Dharwad,15.4589,75.0078,20.63,79.53,2.27,6.0389
20221031,Dharwad,15.4589,75.0078,19.67,79.22,1.9,5.8493
20221101,Dharwad,15.4589,75.0078,20.52,81.09,1.61,4.9258
20221102,Dharwad,15.4589,75.0078,21.95,87.11,2.01,4.5545
20221103,Dharwad,15.4589,75.0078,22.07,82.88,1.76,4.637
20221104,Dharwad,15.4589,75.0078,22.35,84.42,2.32,4.7873
20221105,Dharwad,15.4589,75.0078,22.76,85.58,2.35,4.9894
20221106,Dharwad,15.4589,75.0078,22.65,85.63,1.96,4.9056
20221107,Dharwad,15.4589,75.0078,22.04,81.8,1.91,5.5922
20221108,Dharwad,15.4589,75.0078,19.96,80.14,1.97,5.5421
20221109,Dharwad,15.4589,75.0078,20.4,77.44,1.89,5.4281
20221110,Dharwad,15.4589,75.0078,19.56,80.06,2.3,5.0069
20221111,Dharwad,15.4589,75.0078,20.4,80.34,2.77,5.1382
20221112,Dharwad,15.4589,75.0078,21.16,80.62,2.98,4.0272
20221113,Dharwad,15.4589,75.0078,22.03,84.66,2.74,3.8957
20221114,Dharwad,15.4589,75.0078,22.64,86.59,2.22,4.1563
20221115,Dharwad,15.4589,75.0078,22.6,82.93,1.78,4.4652
20221116,Dharwad,15.4589,75.0078,20.46,75.38,1.82,5.2368
20221117,Dharwad,15.4589,75.0078,18.95,71.48,1.87,5.5274
20221118,Dharwad,15.4589,75.0078,18.39,74.7,1.81,5.1454
20221119,Dharwad,15.4589,75.0078,18.04,75.56,2.03,5.3558
20221120,Dharwad,15.4589,75.0078,17.89,76.49,1.92,5.2044
20221121,Dharwad,15.4589,75.0078,19.0,77.27,1.46,4.6159
20221122,Dharwad,15.4589,75.0078,21.43,85.84,1.44,3.6034
20221123,Dharwad,15.4589,75.0078,22.23,86.25,1.69,2.731
20221124,Dharwad,15.4589,75.0078,23.24,83.71,1.81,3.7903
20221125,Dharwad,15.4589,75.0078,23.69,80.62,1.83,4.5658
20221126,Dharwad,15.4589,75.0078,23.86,82.3,1.37,3.9158
20221127,Dharwad,15.4589,75.0078,23.93,82.68,1.06,3.7646
20221128,Dharwad,15.4589,75.0078,24.16,80.04,0.72,3.233
20221129,Dharwad,15.4589,75.0078,23.47,76.23,1.29,3.9811
20221130,Dharwad,15.4589,75.0078,20.51,70.19,1.7,5.1739
20221201,Dharwad,15.4589,75.0078,20.6,71.13,1.57,4.9872
20221202,Dharwad,15.4589,75.0078,23.16,80.99,1.41,4.098
20221203,Dharwad,15.4589,75.0078,23.59,80.23,1.84,4.4736
20221204,Dharwad,15.4589,75.0078,23.93,76.56,1.87,4.7597
20221205,Dharwad,15.4589,75.0078,23.43,77.64,1.97,3.9991
20221206,Dharwad,15.4589,75.0078,21.78,72.86,2.13,5.0042
20221207,Dharwad,15.4589,75.0078,20.77,70.29,1.96,3.9422
20221208,Dharwad,15.4589,75.0078,20.96,67.14,2.08,4.254
20221209,Dharwad,15.4589,75.0078,20.09,60.11,1.9,5.0842
20221210,Dharwad,15.4589,75.0078,21.46,73.74,2.54,2.922
20221211,Dharwad,15.4589,75.0078,22.19,83.24,2.08,2.1089
20221212,Dharwad,15.4589,75.0078,21.34,88.08,2.78,2.6326
20221213,Dharwad,15.4589,75.0078,21.89,86.94,3.0,2.3352
20221214,Dharwad,15.4589,75.0078,23.38,77.87,2.41,3.611
20221215,Dharwad,15.4589,75.0078,23.13,75.92,1.75,5.2694
20221216,Dharwad,15.4589,75.0078,22.75,67.44,1.7,5.3225
20221217,Dharwad,15.4589,75.0078,23.03,72.66,1.72,4.5835
20221218,Dharwad,15.4589,75.0078,22.89,73.09,2.26,4.4486
20221219,Dharwad,15.4589,75.0078,21.27,70.19,2.17,5.2584
20221220,Dharwad,15.4589,75.0078,21.0,65.09,2.02,5.1845
20221221,Dharwad,15.4589,75.0078,21.28,64.07,1.92,5.2889
20221222,Dharwad,15.4589,75.0078,21.6,63.53,1.64,5.2908
20221223,Dharwad,15.4589,75.0078,21.74,66.76,1.64,5.3028
20221224,Dharwad,15.4589,75.0078,21.3,63.27,1.76,5.3743
20221225,Dharwad,15.4589,75.0078,21.75,65.52,1.77,5.3405
20221226,Dharwad,15.4589,75.0078,24.09,74.96,2.42,4.2446
20221227,Dharwad,15.4589,75.0078,24.52,74.97,2.19,5.1065
20221228,Dharwad,15.4589,75.0078,24.87,68.71,1.6,5.1372
20221229,Dharwad,15.4589,75.0078,24.31,68.0,1.42,4.4506
20221230,Dharwad,15.4589,75.0078,24.03,64.58,1.18,4.9147
20221231,Dharwad,15.4589,75.0078,23.62,58.56,0.73,5.0827
20230101,Dharwad,15.4589,75.0078,22.81,57.23,1.05,4.8566
20230102,Dharwad,15.4589,75.0078,22.43,62.55,1.71,5.0196
20230103,Dharwad,15.4589,75.0078,22.66,65.59,1.39,4.7431
20230104,Dharwad,15.4589,75.0078,22.35,64.52,1.42,4.6531
20230105,Dharwad,15.4589,75.0078,21.74,63.73,2.77,4.9798
20230106,Dharwad,15.4589,75.0078,22.38,65.81,3.12,4.6594
20230107,Dharwad,15.4589,75.0078,21.85,68.67,2.57,3.3264
20230108,Dharwad,15.4589,75.0078,20.87,55.34,2.29,5.208
20230109,Dharwad,15.4589,75.0078,19.44,42.32,2.09,5.8198
20230110,Dharwad,15.4589,75.0078,20.13,48.67,2.14,5.7593
20230111,Dharwad,15.4589,75.0078,21.54,49.35,1.25,5.5846
20230112,Dharwad,15.4589,75.0078,22.35,40.09,1.06,5.5795
20230113,Dharwad,15.4589,75.0078,22.2,38.91,1.15,5.4718
20230114,Dharwad,15.4589,75.0078,22.61,45.16,0.78,5.4588
20230115,Dharwad,15.4589,75.0078,22.8,42.3,1.23,5.6549
20230116,Dharwad,15.4589,75.0078,22.68,42.98,0.92,5.9141
20230117,Dharwad,15.4589,75.0078,21.59,42.37,1.37,5.9748
20230118,Dharwad,15.4589,75.0078,21.73,43.07,1.67,5.9585
20230119,Dharwad,15.4589,75.0078,21.93,46.35,2.07,5.6251
20230120,Dharwad,15.4589,75.0078,21.98,41.73,2.01,5.8202
20230121,Dharwad,15.4589,75.0078,22.02,52.14,1.68,5.2118
20230122,Dharwad,15.4589,75.0078,22.28,47.99,1.84,5.6592
20230123,Dharwad,15.4589,75.0078,22.83,53.52,1.86,5.5834
20230124,Dharwad,15.4589,75.0078,23.88,60.37,1.1,4.541
20230125,Dharwad,15.4589,75.0078,24.12,61.5,1.74,4.7297
20230126,Dharwad,15.4589,75.0078,24.37,50.38,1.48,5.5682
20230127,Dharwad,15.4589,75.0078,22.91,40.46,2.56,6.023
20230128,Dharwad,15.4589,75.0078,23.23,38.08,2.18,6.0989
20230129,Dharwad,15.4589,75.0078,23.26,40.49,2.21,5.8961
20230130,Dharwad,15.4589,75.0078,24.23,51.17,1.67,5.2764
20230131,Dharwad,15.4589,75.0078,25.14,54.46,2.33,4.3572
20230201,Dharwad,15.4589,75.0078,25.69,43.32,2.53,4.2682
20230202,Dharwad,15.4589,75.0078,25.02,37.28,3.17,4.956
20230203,Dharwad,15.4589,75.0078,24.93,42.82,2.36,5.6134
20230204,Dharwad,15.4589,75.0078,26.67,42.84,1.6,5.8315
20230205,Dharwad,15.4589,75.0078,27.07,39.03,1.43,5.8354
20230206,Dharwad,15.4589,75.0078,25.96,37.05,1.4,5.6743
20230207,Dharwad,15.4589,75.0078,25.56,36.4,1.17,5.1204
20230208,Dharwad,15.4589,75.0078,26.06,34.23,2.07,5.4984
20230209,Dharwad,15.4589,75.0078,26.37,30.09,2.18,5.7588
20230210,Dharwad,15.4589,75.0078,25.96,25.78,1.76,6.078
20230211,Dharwad,15.4589,75.0078,25.94,25.28,1.93,6.4102
20230212,Dharwad,15.4589,75.0078,25.95,21.36,2.06,6.4706
20230213,Dharwad,15.4589,75.0078,25.13,18.75,2.88,6.6667
20230214,Dharwad,15.4589,75.0078,24.59,16.81,2.63,6.8273
20230215,Dharwad,15.4589,75.0078,24.34,14.18,2.5,6.8839
20230216,Dharwad,15.4589,75.0078,25.0,17.05,2.9,6.8518
20230217,Dharwad,15.4589,75.0078,25.11,21.86,2.6,6.7529
20230218,Dharwad,15.4589,75.0078,25.53,23.43,2.27,6.6828
20230219,Dharwad,15.4589,75.0078,25.72,27.54,2.29,6.4646
20230220,Dharwad,15.4589,75.0078,26.6,31.25,1.64,6.5465
20230221,Dharwad,15.4589,75.0078,27.68,27.23,1.21,6.6132
20230222,Dharwad,15.4589,75.0078,27.33,24.68,1.76,6.5618
20230223,Dharwad,15.4589,75.0078,26.28,25.22,2.23,6.5606
20230224,Dharwad,15.4589,75.0078,26.22,24.04,2.45,6.6559
20230225,Dharwad,15.4589,75.0078,26.09,22.88,1.93,6.5808
20230226,Dharwad,15.4589,75.0078,26.29,23.74,2.45,6.6223
20230227,Dharwad,15.4589,75.0078,26.12,26.79,2.54,6.5208
20230228,Dharwad,15.4589,75.0078,25.77,28.22,2.95,6.6245
20230301,Dharwad,15.4589,75.0078,26.29,28.09,3.33,6.4454
20230302,Dharwad,15.4589,75.0078,26.37,29.68,3.21,6.5203
20230303,Dharwad,15.4589,75.0078,26.41,28.37,3.09,6.1334
20230304,Dharwad,15.4589,75.0078,27.01,27.13,3.21,5.9818
20230305,Dharwad,15.4589,75.0078,27.23,24.92,3.1,6.3886
20230306,Dharwad,15.4589,75.0078,27.15,26.29,2.77,6.4627
20230307,Dharwad,15.4589,75.0078,26.84,25.13,3.08,6.57
20230308,Dharwad,15.4589,75.0078,27.22,29.49,2.92,6.33
20230309,Dharwad,15.4589,75.0078,26.86,29.18,2.63,6.3866
20230310,Dharwad,15.4589,75.0078,26.85,30.77,2.55,6.5232
20230311,Dharwad,15.4589,75.0078,27.22,31.03,2.64,6.2909
20230312,Dharwad,15.4589,75.0078,27.43,29.67,3.07,6.6146
20230313,Dharwad,15.4589,75.0078,27.9,27.72,2.46,6.5338
20230314,Dharwad,15.4589,75.0078,27.65,29.56,1.52,5.7451
20230315,Dharwad,15.4589,75.0078,28.75,37.93,1.27,4.405
20230316,Dharwad,15.4589,75.0078,28.81,36.98,0.92,5.2224
20230317,Dharwad,15.4589,75.0078,27.89,43.71,1.55,5.6686
20230318,Dharwad,15.4589,75.0078,27.33,45.7,2.28,6.294
20230319,Dharwad,15.4589,75.0078,25.53,50.6,2.75,6.8606
20230320,Dharwad,15.4589,75.0078,24.28,48.17,2.52,7.5072
20230321,Dharwad,15.4589,75.0078,24.89,49.81,2.39,7.4263
20230322,Dharwad,15.4589,75.0078,26.79,49.9,2.08,6.9958
20230323,Dharwad,15.4589,75.0078,27.31,43.21,2.49,6.9554
20230324,Dharwad,15.4589,75.0078,27.86,42.81,2.21,7.0289
20230325,Dharwad,15.4589,75.0078,28.2,44.38,2.15,6.5184
20230326,Dharwad,15.4589,75.0078,27.68,37.73,2.46,7.0663
20230327,Dharwad,15.4589,75.0078,27.32,43.54,2.26,7.5132
20230328,Dharwad,15.4589,75.0078,28.49,42.0,1.54,7.309
20230329,Dharwad,15.4589,75.0078,28.46,40.49,2.27,7.4902
20230330,Dharwad,15.4589,75.0078,27.51,46.58,2.37,7.4611
20230331,Dharwad,15.4589,75.0078,27.01,47.67,2.55,7.363
20230401,Dharwad,15.4589,75.0078,26.96,48.52,2.56,7.5641
20230402,Dharwad,15.4589,75.0078,26.87,42.56,2.46,7.6783
20230403,Dharwad,15.4589,75.0078,26.99,48.26,2.28,7.6334
20230404,Dharwad,15.4589,75.0078,27.9,45.48,1.5,7.506
20230405,Dharwad,15.4589,75.0078,29.73,42.96,2.15,7.0238
20230406,Dharwad,15.4589,75.0078,30.34,44.55,2.03,5.9482
20230407,Dharwad,15.4589,75.0078,30.04,45.22,1.94,4.2173
20230408,Dharwad,15.4589,75.0078,30.54,39.29,2.37,6.3526
20230409,Dharwad,15.4589,75.0078,30.06,30.25,2.19,7.5778
20230410,Dharwad,15.4589,75.0078,30.63,33.13,1.64,7.1388
20230411,Dharwad,15.4589,75.0078,29.73,28.45,2.15,7.5319
20230412,Dharwad,15.4589,75.0078,29.9,25.11,1.96,7.441
20230413,Dharwad,15.4589,75.0078,29.36,28.64,1.05,6.2076
20230414,Dharwad,15.4589,75.0078,29.74,39.76,1.72,5.7168
20230415,Dharwad,15.4589,75.0078,28.23,45.28,2.27,5.5039
20230416,Dharwad,15.4589,75.0078,30.1,36.69,1.91,6.684
20230417,Dharwad,15.4589,75.0078,30.67,40.11,1.56,6.385
20230418,Dharwad,15.4589,75.0078,31.5,29.25,1.73,7.2408
20230419,Dharwad,15.4589,75.0078,31.04,37.12,1.83,6.7718
20230420,Dharwad,15.4589,75.0078,30.13,52.71,2.01,6.4236
20230421,Dharwad,15.4589,75.0078,29.39,53.19,1.99,6.1466
20230422,Dharwad,15.4589,75.0078,29.2,44.11,1.76,7.4309
20230423,Dharwad,15.4589,75.0078,28.71,43.64,2.03,7.8444
20230424,Dharwad,15.4589,75.0078,29.37,45.66,1.94,7.481
20230425,Dharwad,15.4589,75.0078,29.3,51.28,2.37,6.9991
20230426,Dharwad,15.4589,75.0078,29.75,47.75,1.41,6.833
20230427,Dharwad,15.4589,75.0078,30.4,43.5,1.87,6.3432
20230428,Dharwad,15.4589,75.0078,29.17,50.99,1.54,5.382
20230429,Dharwad,15.4589,75.0078,29.8,49.8,0.94,5.2327
20230430,Dharwad,15.4589,75.0078,28.97,53.94,1.26,6.2894
20230501,Dharwad,15.4589,75.0078,28.91,43.8,2.4,7.2499
20230502,Dharwad,15.4589,75.0078,29.35,42.38,1.75,7.3159
20230503,Dharwad,15.4589,75.0078,28.79,49.51,2.85,6.4075
20230504,Dharwad,15.4589,75.0078,28.94,51.37,2.32,6.1058
20230505,Dharwad,15.4589,75.0078,28.65,48.7,2.47,6.3101
20230506,Dharwad,15.4589,75.0078,29.52,49.02,2.16,6.4644
20230507,Dharwad,15.4589,75.0078,28.53,55.68,2.7,6.011
20230508,Dharwad,15.4589,75.0078,27.86,64.21,1.23,4.6894
20230509,Dharwad,15.4589,75.0078,28.24,70.29,1.57,4.7714
20230510,Dharwad,15.4589,75.0078,28.62,70.36,1.29,5.6314
20230511,Dharwad,15.4589,75.0078,29.3,63.73,1.01,5.1482
20230512,Dharwad,15.4589,75.0078,29.34,64.57,2.32,5.8906
20230513,Dharwad,15.4589,75.0078,28.9,63.69,3.06,6.8285
20230514,Dharwad,15.4589,75.0078,29.14,59.5,3.0,7.4347
20230515,Dharwad,15.4589,75.0078,28.74,57.21,3.06,7.6812
20230516,Dharwad,15.4589,75.0078,29.16,51.28,2.36,7.8317
20230517,Dharwad,15.4589,75.0078,30.28,47.52,2.12,7.7899
20230518,Dharwad,15.4589,75.0078,30.99,45.47,2.14,7.3286
20230519,Dharwad,15.4589,75.0078,31.36,43.04,2.7,6.1891
20230520,Dharwad,15.4589,75.0078,31.28,46.83,2.48,7.0519
20230521,Dharwad,15.4589,75.0078,31.23,49.95,2.2,6.5333
20230522,Dharwad,15.4589,75.0078,30.62,53.78,2.47,6.48
20230523,Dharwad,15.4589,75.0078,29.56,60.89,1.93,6.6149
20230524,Dharwad,15.4589,75.0078,29.32,59.47,2.52,6.6838
20230525,Dharwad,15.4589,75.0078,28.87,59.58,3.43,7.0082
20230526,Dharwad,15.4589,75.0078,28.81,58.14,3.66,7.2857
20230527,Dharwad,15.4589,75.0078,28.82,58.37,3.65,7.3603
20230528,Dharwad,15.4589,75.0078,29.56,54.68,2.83,6.869
20230529,Dharwad,15.4589,75.0078,30.32,55.48,2.12,6.4939
20230530,Dharwad,15.4589,75.0078,29.46,56.56,1.81,4.8269
20230531,Dharwad,15.4589,75.0078,28.45,63.39,2.15,6.3718
20230601,Dharwad,15.4589,75.0078,26.95,71.49,2.66,2.5675
20230602,Dharwad,15.4589,75.0078,28.18,61.41,2.84,6.8198
20230603,Dharwad,15.4589,75.0078,29.86,56.94,2.86,7.3577
20230604,Dharwad,15.4589,75.0078,29.64,59.37,3.26,6.7601
20230605,Dharwad,15.4589,75.0078,28.68,64.03,3.24,6.9115
20230606,Dharwad,15.4589,75.0078,29.37,61.26,3.09,7.2336
20230607,Dharwad,15.4589,75.0078,28.49,65.28,3.61,6.5981
20230608,Dharwad,15.4589,75.0078,28.75,64.41,3.29,6.6816
20230609,Dharwad,15.4589,75.0078,28.08,68.18,4.03,6.6672
20230610,Dharwad,15.4589,75.0078,26.18,76.82,4.28,5.6263
20230611,Dharwad,15.4589,75.0078,26.72,73.15,4.28,5.4938
20230612,Dharwad,15.4589,75.0078,27.2,71.4,4.16,6.9912
20230613,Dharwad,15.4589,75.0078,27.28,72.66,4.56,6.7654
20230614,Dharwad,15.4589,75.0078,27.37,72.44,4.71,6.3941
20230615,Dharwad,15.4589,75.0078,27.55,70.6,3.88,6.5438
20230616,Dharwad,15.4589,75.0078,27.6,71.05,4.21,6.9218
20230617,Dharwad,15.4589,75.0078,27.17,74.33,4.32,5.8956
20230618,Dharwad,15.4589,75.0078,27.0,73.37,3.99,5.2486
20230619,Dharwad,15.4589,75.0078,26.41,74.49,2.94,5.688
20230620,Dharwad,15.4589,75.0078,27.85,67.36,3.66,6.4774
20230621,Dharwad,15.4589,75.0078,27.55,69.69,3.69,5.6945
20230622,Dharwad,15.4589,75.0078,25.47,76.49,3.27,5.3218
20230623,Dharwad,15.4589,75.0078,25.81,71.13,3.83,4.8775
20230624,Dharwad,15.4589,75.0078,25.32,76.14,4.03,4.571
20230625,Dharwad,15.4589,75.0078,25.66,75.48,4.12,3.6168
20230626,Dharwad,15.4589,75.0078,25.58,75.88,4.43,5.3875
20230627,Dharwad,15.4589,75.0078,24.96,77.45,4.4,4.6423
20230628,Dharwad,15.4589,75.0078,23.56,83.07,4.32,4.4506
20230629,Dharwad,15.4589,75.0078,23.87,79.48,4.87,4.5996
20230630,Dharwad,15.4589,75.0078,24.89,79.83,4.85,4.757
20230701,Dharwad,15.4589,75.0078,24.65,82.65,4.2,4.926
20230702,Dharwad,15.4589,75.0078,24.97,83.48,4.58,4.6824
20230703,Dharwad,15.4589,75.0078,25.22,86.24,4.91,4.2965
20230704,Dharwad,15.4589,75.0078,24.62,88.53,5.25,4.3202
20230705,Dharwad,15.4589,75.0078,23.21,85.35,5.81,3.6019
20230706,Dharwad,15.4589,75.0078,22.64,84.91,6.0,3.5626
20230707,Dharwad,15.4589,75.0078,23.82,85.0,5.13,3.781
20230708,Dharwad,15.4589,75.0078,24.27,83.35,5.03,3.377
20230709,Dharwad,15.4589,75.0078,24.9,83.54,4.34,3.8839
20230710,Dharwad,15.4589,75.0078,24.91,84.0,3.56,4.3553
20230711,Dharwad,15.4589,75.0078,24.73,82.67,3.87,4.303
20230712,Dharwad,15.4589,75.0078,24.61,82.45,4.1,5.4955
20230713,Dharwad,15.4589,75.0078,24.65,83.3,4.53,5.2735
20230714,Dharwad,15.4589,75.0078,24.37,83.24,4.95,4.9094
20230715,Dharwad,15.4589,75.0078,24.56,83.35,3.91,4.4546
20230716,Dharwad,15.4589,75.0078,24.1,87.68,3.7,3.8534
20230717,Dharwad,15.4589,75.0078,24.6,85.72,4.53,3.6377
20230718,Dharwad,15.4589,75.0078,24.37,86.54,5.89,2.1014
20230719,Dharwad,15.4589,75.0078,23.54,89.72,6.08,2.1552
20230720,Dharwad,15.4589,75.0078,23.72,87.82,5.55,2.371
20230721,Dharwad,15.4589,75.0078,23.61,88.47,5.02,2.7019
20230722,Dharwad,15.4589,75.0078,23.71,87.49,5.68,3.1474
20230723,Dharwad,15.4589,75.0078,23.99,86.49,6.41,1.8859
20230724,Dharwad,15.4589,75.0078,23.51,88.56,5.57,3.2974
20230725,Dharwad,15.4589,75.0078,23.33,89.42,5.21,1.9476
20230726,Dharwad,15.4589,75.0078,23.29,91.28,5.37,2.7799
20230727,Dharwad,15.4589,75.0078,22.73,92.0,5.32,2.123
20230728,Dharwad,15.4589,75.0078,23.91,87.34,5.3,4.103
20230729,Dharwad,15.4589,75.0078,23.85,86.89,4.96,5.0366
20230730,Dharwad,15.4589,75.0078,23.92,86.95,4.48,4.7806
20230731,Dharwad,15.4589,75.0078,24.11,86.85,4.82,4.5019
20230801,Dharwad,15.4589,75.0078,24.06,86.73,5.08,3.7018
20230802,Dharwad,15.4589,75.0078,23.64,87.37,5.26,3.5388
20230803,Dharwad,15.4589,75.0078,23.78,86.39,5.12,3.6487
20230804,Dharwad,15.4589,75.0078,24.07,86.25,4.85,4.8348
20230805,Dharwad,15.4589,75.0078,24.01,86.12,4.23,4.4954
20230806,Dharwad,15.4589,75.0078,24.07,86.0,3.93,5.1703
20230807,Dharwad,15.4589,75.0078,23.99,86.2,4.0,4.3282
20230808,Dharwad,15.4589,75.0078,24.07,85.66,3.4,3.9965
20230809,Dharwad,15.4589,75.0078,24.28,85.78,2.85,5.2764
20230810,Dharwad,15.4589,75.0078,24.5,84.87,2.91,5.5783
20230811,Dharwad,15.4589,75.0078,24.16,85.32,2.78,5.7146
20230812,Dharwad,15.4589,75.0078,24.12,84.7,3.28,5.5562
20230813,Dharwad,15.4589,75.0078,23.73,84.84,3.27,4.9601
20230814,Dharwad,15.4589,75.0078,22.93,86.61,3.09,5.6354
20230815,Dharwad,15.4589,75.0078,23.28,86.37,2.76,5.4326
20230816,Dharwad,15.4589,75.0078,24.14,84.03,2.78,6.2659
20230817,Dharwad,15.4589,75.0078,23.86,84.53,3.42,5.0878
20230818,Dharwad,15.4589,75.0078,23.69,85.51,3.44,4.554
20230819,Dharwad,15.4589,75.0078,23.97,86.67,3.67,3.535
20230820,Dharwad,15.4589,75.0078,24.52,84.19,3.56,5.497
20230821,Dharwad,15.4589,75.0078,24.28,83.38,2.71,6.1044
20230822,Dharwad,15.4589,75.0078,24.26,81.55,2.5,6.2851
20230823,Dharwad,15.4589,75.0078,24.19,82.6,2.84,5.5022
20230824,Dharwad,15.4589,75.0078,24.23,84.03,2.99,5.4103
20230825,Dharwad,15.4589,75.0078,24.39,84.87,3.16,4.812
20230826,Dharwad,15.4589,75.0078,24.23,85.77,2.9,4.5643
20230827,Dharwad,15.4589,75.0078,24.47,83.19,3.19,6.2705
20230828,Dharwad,15.4589,75.0078,24.1,84.61,3.37,5.5625
20230829,Dharwad,15.4589,75.0078,24.54,83.61,3.0,5.1206
20230830,Dharwad,15.4589,75.0078,24.78,80.51,2.54,5.7648
20230831,Dharwad,15.4589,75.0078,24.79,84.26,1.93,5.3215
20230901,Dharwad,15.4589,75.0078,24.93,85.75,2.07,6.0605
20230902,Dharwad,15.4589,75.0078,23.64,88.3,2.54,5.0671
20230903,Dharwad,15.4589,75.0078,22.02,89.94,2.56,4.5638
20230904,Dharwad,15.4589,75.0078,22.48,86.36,2.82,1.9428
20230905,Dharwad,15.4589,75.0078,23.64,85.97,2.75,3.0696
20230906,Dharwad,15.4589,75.0078,23.86,85.21,2.94,6.157
20230907,Dharwad,15.4589,75.0078,23.29,87.79,3.19,5.6902
20230908,Dharwad,15.4589,75.0078,23.67,86.86,3.78,3.7349
20230909,Dharwad,15.4589,75.0078,24.49,86.94,3.6,4.3663
20230910,Dharwad,15.4589,75.0078,24.09,88.25,3.32,5.0242
20230911,Dharwad,15.4589,75.0078,24.23,86.15,3.32,4.3253
20230912,Dharwad,15.4589,75.0078,24.06,85.94,3.23,5.6592
20230913,Dharwad,15.4589,75.0078,23.7,86.34,2.9,5.2814
20230914,Dharwad,15.4589,75.0078,24.03,86.58,2.74,4.9966
20230915,Dharwad,15.4589,75.0078,23.79,86.93,3.04,4.3608
20230916,Dharwad,15.4589,75.0078,24.34,86.5,3.83,4.7642
20230917,Dharwad,15.4589,75.0078,24.51,86.67,3.48,4.6483
20230918,Dharwad,15.4589,75.0078,24.15,87.27,3.08,5.2615
20230919,Dharwad,15.4589,75.0078,24.12,86.84,3.1,4.6512
20230920,Dharwad,15.4589,75.0078,24.21,86.73,3.19,4.7688
20230921,Dharwad,15.4589,75.0078,24.14,88.6,2.83,4.2847
20230922,Dharwad,15.4589,75.0078,24.05,88.5,1.62,3.857
20230923,Dharwad,15.4589,75.0078,24.59,85.75,1.97,4.6754
20230924,Dharwad,15.4589,75.0078,23.66,87.29,2.56,4.0558
20230925,Dharwad,15.4589,75.0078,23.42,86.08,2.65,5.2834
20230926,Dharwad,15.4589,75.0078,22.73,90.11,2.38,4.3476
20230927,Dharwad,15.4589,75.0078,23.52,88.16,2.65,4.3466
20230928,Dharwad,15.4589,75.0078,24.59,86.66,2.23,3.9943
20230929,Dharwad,15.4589,75.0078,23.65,90.01,3.73,4.5014
20230930,Dharwad,15.4589,75.0078,23.63,89.78,4.32,3.4486
20231001,Dharwad,15.4589,75.0078,23.93,89.06,4.68,2.9635
20231002,Dharwad,15.4589,75.0078,23.08,87.63,2.81,3.8882
20231003,Dharwad,15.4589,75.0078,23.84,85.79,2.12,5.2382
20231004,Dharwad,15.4589,75.0078,24.29,85.0,1.65,3.3043
20231005,Dharwad,15.4589,75.0078,24.33,85.31,1.71,4.2302
20231006,Dharwad,15.4589,75.0078,24.66,81.8,1.7,5.557
20231007,Dharwad,15.4589,75.0078,25.04,79.88,1.21,5.7245
20231008,Dharwad,15.4589,75.0078,25.68,77.04,1.15,5.6976
20231009,Dharwad,15.4589,75.0078,25.74,76.52,1.12,5.34
20231010,Dharwad,15.4589,75.0078,25.58,78.87,1.27,4.6591
20231011,Dharwad,15.4589,75.0078,25.65,78.54,1.38,4.4786
20231012,Dharwad,15.4589,75.0078,26.16,75.24,1.57,5.118
20231013,Dharwad,15.4589,75.0078,25.8,71.5,1.7,5.2574
20231014,Dharwad,15.4589,75.0078,24.98,74.98,1.61,5.2637
20231015,Dharwad,15.4589,75.0078,25.42,76.58,1.08,4.5965
20231016,Dharwad,15.4589,75.0078,24.66,78.75,1.13,4.5065
20231017,Dharwad,15.4589,75.0078,25.35,74.25,1.21,4.5571
20231018,Dharwad,15.4589,75.0078,25.04,69.19,1.76,5.784
20231019,Dharwad,15.4589,75.0078,25.39,66.18,1.78,5.4214
20231020,Dharwad,15.4589,75.0078,25.41,66.84,1.91,5.1322
20231021,Dharwad,15.4589,75.0078,25.69,66.08,2.01,5.0215
20231022,Dharwad,15.4589,75.0078,25.19,67.75,1.92,4.6733
20231023,Dharwad,15.4589,75.0078,24.29,63.92,1.99,5.7341
20231024,Dharwad,15.4589,75.0078,24.07,67.28,1.23,5.7322
20231025,Dharwad,15.4589,75.0078,23.95,60.98,2.0,6.0031
20231026,Dharwad,15.4589,75.0078,23.04,58.51,2.15,6.0353
20231027,Dharwad,15.4589,75.0078,22.83,56.31,2.07,6.0319
20231028,Dharwad,15.4589,75.0078,23.3,68.17,1.76,4.9663
20231029,Dharwad,15.4589,75.0078,25.56,72.8,1.44,4.4774
20231030,Dharwad,15.4589,75.0078,25.09,79.1,2.08,3.9295
20231031,Dharwad,15.4589,75.0078,24.22,82.43,1.49,3.7075
20231101,Dharwad,15.4589,75.0078,24.89,78.66,0.87,4.5199
20231102,Dharwad,15.4589,75.0078,25.17,71.91,1.24,4.3279
20231103,Dharwad,15.4589,75.0078,25.62,74.34,1.75,4.3805
20231104,Dharwad,15.4589,75.0078,24.24,78.27,2.11,3.9221
20231105,Dharwad,15.4589,75.0078,25.12,75.89,2.37,3.6182
20231106,Dharwad,15.4589,75.0078,22.76,84.97,2.13,2.8423
20231107,Dharwad,15.4589,75.0078,24.23,84.52,1.41,3.9408
20231108,Dharwad,15.4589,75.0078,23.67,85.55,1.59,2.309
20231109,Dharwad,15.4589,75.0078,23.63,84.88,2.02,4.1657
20231110,Dharwad,15.4589,75.0078,23.76,80.53,1.89,4.2845
20231111,Dharwad,15.4589,75.0078,23.65,76.84,2.2,5.2752
20231112,Dharwad,15.4589,75.0078,23.31,69.55,2.23,5.2678
20231113,Dharwad,15.4589,75.0078,22.79,72.27,1.97,4.9577
20231114,Dharwad,15.4589,75.0078,23.4,72.89,2.16,4.2538
20231115,Dharwad,15.4589,75.0078,23.11,73.12,1.49,4.1758
20231116,Dharwad,15.4589,75.0078,23.17,67.97,1.57,4.1959
20231117,Dharwad,15.4589,75.0078,23.52,65.9,1.82,4.7184
20231118,Dharwad,15.4589,75.0078,24.72,70.31,1.49,4.2982
20231119,Dharwad,15.4589,75.0078,24.34,73.85,2.11,4.4194
20231120,Dharwad,15.4589,75.0078,23.62,70.37,2.22,4.2161
20231121,Dharwad,15.4589,75.0078,23.66,70.29,2.07,4.1561
20231122,Dharwad,15.4589,75.0078,24.49,72.5,2.04,4.5948
20231123,Dharwad,15.4589,75.0078,24.89,76.09,1.74,4.1642
20231124,Dharwad,15.4589,75.0078,25.21,76.29,1.92,3.33
20231125,Dharwad,15.4589,75.0078,24.95,75.11,2.6,3.4094
20231126,Dharwad,15.4589,75.0078,24.1,73.64,2.59,3.9696
20231127,Dharwad,15.4589,75.0078,24.7,68.56,1.98,4.2101
20231128,Dharwad,15.4589,75.0078,24.84,73.66,1.3,4.5499
20231129,Dharwad,15.4589,75.0078,25.21,71.41,1.63,4.4928
20231130,Dharwad,15.4589,75.0078,25.15,70.32,2.17,4.7582
20231201,Dharwad,15.4589,75.0078,24.87,68.93,1.91,4.5187
20231202,Dharwad,15.4589,75.0078,24.84,62.69,2.5,5.2488
20231203,Dharwad,15.4589,75.0078,25.47,66.45,3.03,4.5886
20231204,Dharwad,15.4589,75.0078,25.58,66.67,2.65,3.6689
20231205,Dharwad,15.4589,75.0078,24.82,63.29,1.95,3.5815
20231206,Dharwad,15.4589,75.0078,23.83,66.55,1.11,4.1081
20231207,Dharwad,15.4589,75.0078,23.68,68.43,1.47,3.3197
20231208,Dharwad,15.4589,75.0078,24.65,70.7,0.9,4.3308
20231209,Dharwad,15.4589,75.0078,24.99,68.85,1.93,3.6838
20231210,Dharwad,15.4589,75.0078,24.68,65.35,1.89,3.9509
20231211,Dharwad,15.4589,75.0078,24.29,61.13,1.22,4.3212
20231212,Dharwad,15.4589,75.0078,24.14,53.97,1.42,4.9728
20231213,Dharwad,15.4589,75.0078,22.77,58.08,1.98,4.9795
20231214,Dharwad,15.4589,75.0078,21.79,55.62,2.48,5.1389
20231215,Dharwad,15.4589,75.0078,21.7,59.59,2.08,4.9116
20231216,Dharwad,15.4589,75.0078,23.74,65.98,1.98,2.6278
20231217,Dharwad,15.4589,75.0078,25.0,65.78,2.91,3.168
20231218,Dharwad,15.4589,75.0078,23.93,64.68,3.31,3.185
20231219,Dharwad,15.4589,75.0078,22.94,54.99,3.24,4.2449
20231220,Dharwad,15.4589,75.0078,23.15,55.68,2.92,4.2506
20231221,Dharwad,15.4589,75.0078,23.47,54.56,2.1,4.7083
20231222,Dharwad,15.4589,75.0078,23.09,46.83,1.72,4.1839
20231223,Dharwad,15.4589,75.0078,22.22,47.72,2.19,4.83
20231224,Dharwad,15.4589,75.0078,21.99,52.84,2.78,5.0894
20231225,Dharwad,15.4589,75.0078,23.5,45.9,2.53,5.1331
20231226,Dharwad,15.4589,75.0078,23.44,47.21,2.55,5.1535
20231227,Dharwad,15.4589,75.0078,23.06,52.18,2.96,5.1514
20231228,Dharwad,15.4589,75.0078,23.11,51.04,2.72,5.4132
20231229,Dharwad,15.4589,75.0078,22.73,51.31,2.82,5.4574
20231230,Dharwad,15.4589,75.0078,23.35,51.48,2.39,5.4893
20231231,Dharwad,15.4589,75.0078,22.98,50.16,2.37,5.299
20240101,Dharwad,15.4589,75.0078,23.56,51.66,1.63,4.8221
20240102,Dharwad,15.4589,75.0078,23.54,52.48,2.09,4.6337
20240103,Dharwad,15.4589,75.0078,23.82,58.32,1.97,4.0471
20240104,Dharwad,15.4589,75.0078,22.84,68.09,1.47,3.3166
20240105,Dharwad,15.4589,75.0078,23.55,62.43,1.43,3.8479
20240106,Dharwad,15.4589,75.0078,23.0,64.75,1.98,3.6079
20240107,Dharwad,15.4589,75.0078,22.65,59.39,2.92,4.735
20240108,Dharwad,15.4589,75.0078,23.03,62.02,3.05,4.2367
20240109,Dharwad,15.4589,75.0078,23.27,67.27,2.92,2.1017
20240110,Dharwad,15.4589,75.0078,23.56,55.99,2.89,3.7476
20240111,Dharwad,15.4589,75.0078,24.23,50.58,2.64,5.5373
20240112,Dharwad,15.4589,75.0078,24.15,46.05,2.93,5.4468
20240113,Dharwad,15.4589,75.0078,24.49,54.63,2.03,4.7666
20240114,Dharwad,15.4589,75.0078,24.47,44.22,1.68,4.931
20240115,Dharwad,15.4589,75.0078,24.06,41.51,1.23,5.1031
20240116,Dharwad,15.4589,75.0078,23.44,45.54,1.22,5.0842
20240117,Dharwad,15.4589,75.0078,23.46,58.61,1.62,5.1737
20240118,Dharwad,15.4589,75.0078,23.23,62.65,1.46,4.7604
20240119,Dharwad,15.4589,75.0078,23.68,57.61,1.49,4.8461
20240120,Dharwad,15.4589,75.0078,24.77,56.06,1.79,4.6056
20240121,Dharwad,15.4589,75.0078,24.67,53.39,1.65,5.3196
20240122,Dharwad,15.4589,75.0078,24.82,51.76,1.95,5.7209
20240123,Dharwad,15.4589,75.0078,23.01,52.33,2.01,5.5987
20240124,Dharwad,15.4589,75.0078,22.57,41.31,1.47,5.7394
20240125,Dharwad,15.4589,75.0078,23.47,47.16,1.96,5.4821
20240126,Dharwad,15.4589,75.0078,25.14,47.52,2.27,5.5819
20240127,Dharwad,15.4589,75.0078,24.82,46.78,2.25,5.4934
20240128,Dharwad,15.4589,75.0078,24.45,46.87,2.69,5.3066
20240129,Dharwad,15.4589,75.0078,24.27,43.68,2.11,5.5462
20240130,Dharwad,15.4589,75.0078,24.4,41.34,1.43,5.496
20240131,Dharwad,15.4589,75.0078,24.44,46.14,1.73,5.7574
20240201,Dharwad,15.4589,75.0078,22.87,58.13,2.01,6.155
20240202,Dharwad,15.4589,75.0078,23.6,52.41,1.48,6.1034
20240203,Dharwad,15.4589,75.0078,25.43,44.16,1.92,5.5992
20240204,Dharwad,15.4589,75.0078,27.27,44.33,1.92,5.6854
20240205,Dharwad,15.4589,75.0078,26.64,39.47,1.83,5.7797
20240206,Dharwad,15.4589,75.0078,27.23,34.91,1.71,5.9568
20240207,Dharwad,15.4589,75.0078,27.1,33.89,1.69,5.9587
20240208,Dharwad,15.4589,75.0078,26.87,29.31,2.32,5.9448
20240209,Dharwad,15.4589,75.0078,27.06,31.69,2.37,6.0
20240210,Dharwad,15.4589,75.0078,26.94,38.64,1.85,5.827
20240211,Dharwad,15.4589,75.0078,26.85,37.2,1.33,5.7569
20240212,Dharwad,15.4589,75.0078,26.75,33.52,1.77,6.2933
20240213,Dharwad,15.4589,75.0078,26.02,33.33,1.72,6.3826
20240214,Dharwad,15.4589,75.0078,26.09,38.97,2.23,6.0341
20240215,Dharwad,15.4589,75.0078,27.02,38.6,2.73,6.0674
20240216,Dharwad,15.4589,75.0078,26.16,28.6,2.89,6.5832
20240217,Dharwad,15.4589,75.0078,25.81,28.46,2.53,6.8045
20240218,Dharwad,15.4589,75.0078,25.54,28.63,1.2,6.6444
20240219,Dharwad,15.4589,75.0078,26.46,39.43,1.01,5.9424
20240220,Dharwad,15.4589,75.0078,26.56,37.33,1.91,6.1908
20240221,Dharwad,15.4589,75.0078,25.83,40.14,2.32,6.8328
20240222,Dharwad,15.4589,75.0078,25.48,50.76,2.24,6.8129
20240223,Dharwad,15.4589,75.0078,24.84,45.76,2.13,6.8179
20240224,Dharwad,15.4589,75.0078,25.18,42.82,2.16,6.7411
20240225,Dharwad,15.4589,75.0078,26.46,30.57,0.97,6.5105
20240226,Dharwad,15.4589,75.0078,28.42,40.27,2.59,5.747
20240227,Dharwad,15.4589,75.0078,28.15,42.09,2.59,6.2155
20240228,Dharwad,15.4589,75.0078,28.56,33.26,2.55,6.3758
20240229,Dharwad,15.4589,75.0078,28.76,31.07,2.72,6.355
20240301,Dharwad,15.4589,75.0078,28.7,30.71,2.21,6.3782
20240302,Dharwad,15.4589,75.0078,27.61,43.87,2.89,6.5136
20240303,Dharwad,15.4589,75.0078,27.12,52.11,2.06,6.2971
20240304,Dharwad,15.4589,75.0078,27.17,47.43,2.0,6.5563
20240305,Dharwad,15.4589,75.0078,27.98,33.39,1.9,6.6144
20240306,Dharwad,15.4589,75.0078,27.44,41.93,2.53,6.5522
20240307,Dharwad,15.4589,75.0078,27.36,36.6,1.81,6.8765
20240308,Dharwad,15.4589,75.0078,27.76,29.57,2.11,6.9566
20240309,Dharwad,15.4589,75.0078,28.37,24.78,1.75,6.4714
20240310,Dharwad,15.4589,75.0078,29.51,34.45,1.43,5.2073
20240311,Dharwad,15.4589,75.0078,30.31,33.75,1.93,5.5361
20240312,Dharwad,15.4589,75.0078,30.46,38.89,1.72,5.6712
20240313,Dharwad,15.4589,75.0078,29.23,41.1,2.69,5.8416
20240314,Dharwad,15.4589,75.0078,28.3,43.08,2.02,6.8568
20240315,Dharwad,15.4589,75.0078,28.36,39.48,2.22,6.6638
20240316,Dharwad,15.4589,75.0078,28.36,36.42,1.89,6.6955
20240317,Dharwad,15.4589,75.0078,28.98,35.87,2.3,6.0425
20240318,Dharwad,15.4589,75.0078,28.92,33.72,2.88,6.5429
20240319,Dharwad,15.4589,75.0078,29.14,31.36,2.91,6.7536
20240320,Dharwad,15.4589,75.0078,29.39,27.46,2.64,6.9271
20240321,Dharwad,15.4589,75.0078,29.91,38.35,2.59,5.9376
20240322,Dharwad,15.4589,75.0078,30.53,43.75,1.11,5.5606
20240323,Dharwad,15.4589,75.0078,30.71,40.4,1.87,5.8908
20240324,Dharwad,15.4589,75.0078,31.43,28.5,1.98,5.9693
20240325,Dharwad,15.4589,75.0078,31.73,30.73,1.62,6.3257
20240326,Dharwad,15.4589,75.0078,31.08,37.95,1.77,6.0948
20240327,Dharwad,15.4589,75.0078,31.91,33.34,1.38,6.3665
20240328,Dharwad,15.4589,75.0078,31.38,34.36,1.24,6.3802
20240329,Dharwad,15.4589,75.0078,31.38,43.01,1.81,6.3264
20240330,Dharwad,15.4589,75.0078,31.41,46.77,1.41,6.469
20240331,Dharwad,15.4589,75.0078,31.33,40.55,1.32,6.6852
20240401,Dharwad,15.4589,75.0078,31.18,36.61,1.15,6.7349
20240402,Dharwad,15.4589,75.0078,31.16,41.8,1.56,5.9683
20240403,Dharwad,15.4589,75.0078,31.4,35.57,1.55,6.5767
20240404,Dharwad,15.4589,75.0078,32.79,30.11,2.21,6.5683
20240405,Dharwad,15.4589,75.0078,32.87,30.22,2.02,6.6946
20240406,Dharwad,15.4589,75.0078,32.44,37.09,2.23,6.1284
20240407,Dharwad,15.4589,75.0078,30.95,42.44,3.14,6.5957
20240408,Dharwad,15.4589,75.0078,31.46,30.11,1.11,7.0493
20240409,Dharwad,15.4589,75.0078,31.7,34.78,1.82,6.8042
20240410,Dharwad,15.4589,75.0078,32.56,35.84,2.03,6.3782
20240411,Dharwad,15.4589,75.0078,32.49,36.74,1.85,5.9676
20240412,Dharwad,15.4589,75.0078,32.08,36.4,1.82,5.2166
20240413,Dharwad,15.4589,75.0078,29.67,52.37,1.83,5.5219
20240414,Dharwad,15.4589,75.0078,31.44,44.74,1.64,6.7022
20240415,Dharwad,15.4589,75.0078,32.3,38.53,1.78,7.1566
20240416,Dharwad,15.4589,75.0078,32.19,39.83,1.62,6.9626
20240417,Dharwad,15.4589,75.0078,31.73,50.98,2.08,5.1434
20240418,Dharwad,15.4589,75.0078,31.69,49.17,2.0,4.4081
20240419,Dharwad,15.4589,75.0078,29.12,56.2,1.75,5.4744
20240420,Dharwad,15.4589,75.0078,27.4,71.14,1.17,1.5778
20240421,Dharwad,15.4589,75.0078,28.28,69.41,1.53,5.9842
20240422,Dharwad,15.4589,75.0078,29.04,65.07,1.53,5.2817
20240423,Dharwad,15.4589,75.0078,29.72,59.54,1.88,6.8119
20240424,Dharwad,15.4589,75.0078,29.3,62.27,1.81,6.7394
20240425,Dharwad,15.4589,75.0078,30.0,59.05,1.54,7.0464
20240426,Dharwad,15.4589,75.0078,29.94,60.29,1.7,6.9677
20240427,Dharwad,15.4589,75.0078,30.29,56.53,1.56,7.1407
20240428,Dharwad,15.4589,75.0078,30.4,57.2,1.53,6.8928
20240429,Dharwad,15.4589,75.0078,30.55,59.63,1.68,6.6557
20240430,Dharwad,15.4589,75.0078,31.51,51.03,1.51,6.4783
20240501,Dharwad,15.4589,75.0078,30.29,54.47,2.9,6.8995
20240502,Dharwad,15.4589,75.0078,30.29,48.77,2.51,7.5161
20240503,Dharwad,15.4589,75.0078,29.84,47.0,2.99,7.7016
20240504,Dharwad,15.4589,75.0078,29.57,51.97,3.16,7.7083
20240505,Dharwad,15.4589,75.0078,30.4,54.2,2.97,7.3858
20240506,Dharwad,15.4589,75.0078,31.34,53.56,3.07,7.2658
20240507,Dharwad,15.4589,75.0078,31.05,50.49,2.66,6.9005
20240508,Dharwad,15.4589,75.0078,30.7,47.92,2.21,7.3152
20240509,Dharwad,15.4589,75.0078,31.1,49.63,1.86,7.3219
20240510,Dharwad,15.4589,75.0078,30.52,53.38,1.43,5.7744
20240511,Dharwad,15.4589,75.0078,31.14,52.12,2.03,5.4214
20240512,Dharwad,15.4589,75.0078,29.21,67.47,1.72,5.3606
20240513,Dharwad,15.4589,75.0078,29.13,63.46,2.33,5.8886
20240514,Dharwad,15.4589,75.0078,28.8,63.38,1.32,5.6179
20240515,Dharwad,15.4589,75.0078,27.62,71.33,1.54,6.6374
20240516,Dharwad,15.4589,75.0078,28.23,66.83,1.93,4.788
20240517,Dharwad,15.4589,75.0078,28.42,67.83,1.51,5.8632
20240518,Dharwad,15.4589,75.0078,28.36,69.12,1.31,5.0904
20240519,Dharwad,15.4589,75.0078,27.66,71.82,1.93,5.2421
20240520,Dharwad,15.4589,75.0078,28.18,72.64,1.53,5.1377
20240521,Dharwad,15.4589,75.0078,29.2,69.71,1.71,5.7185
20240522,Dharwad,15.4589,75.0078,30.17,66.43,1.99,5.9069
20240523,Dharwad,15.4589,75.0078,29.89,66.73,1.86,4.6416
20240524,Dharwad,15.4589,75.0078,27.71,74.57,2.88,4.9831
20240525,Dharwad,15.4589,75.0078,26.96,73.69,4.11,1.9958
20240526,Dharwad,15.4589,75.0078,27.48,74.88,4.14,4.7136
20240527,Dharwad,15.4589,75.0078,28.03,73.08,4.11,3.9614
20240528,Dharwad,15.4589,75.0078,27.45,72.06,4.2,5.7994
20240529,Dharwad,15.4589,75.0078,27.93,72.9,4.26,6.8124
20240530,Dharwad,15.4589,75.0078,29.04,68.79,3.64,7.1388
20240531,Dharwad,15.4589,75.0078,29.47,66.76,3.46,6.8806
20240601,Dharwad,15.4589,75.0078,27.33,75.22,2.26,6.0346
20240602,Dharwad,15.4589,75.0078,28.55,66.2,2.78,5.8706
20240603,Dharwad,15.4589,75.0078,25.8,78.44,1.94,3.9566
20240604,Dharwad,15.4589,75.0078,26.73,78.9,2.44,4.1232
20240605,Dharwad,15.4589,75.0078,27.27,73.52,2.25,5.1209
20240606,Dharwad,15.4589,75.0078,26.95,76.19,1.99,5.1715
20240607,Dharwad,15.4589,75.0078,25.32,84.72,2.28,3.5052
20240608,Dharwad,15.4589,75.0078,24.32,86.69,4.76,3.4409
20240609,Dharwad,15.4589,75.0078,23.97,88.42,3.49,2.6753
20240610,Dharwad,15.4589,75.0078,24.08,85.47,5.36,4.3037
20240611,Dharwad,15.4589,75.0078,24.29,80.48,4.48,3.8743
20240612,Dharwad,15.4589,75.0078,23.78,84.49,3.96,4.0512
20240613,Dharwad,15.4589,75.0078,23.58,85.08,3.67,4.327
20240614,Dharwad,15.4589,75.0078,24.79,79.89,3.84,5.4622
20240615,Dharwad,15.4589,75.0078,24.99,83.82,3.37,5.9338
20240616,Dharwad,15.4589,75.0078,25.11,83.42,3.53,4.4921
20240617,Dharwad,15.4589,75.0078,25.14,81.8,3.21,5.4982
20240618,Dharwad,15.4589,75.0078,25.08,79.8,3.57,6.1548
20240619,Dharwad,15.4589,75.0078,24.98,81.87,3.87,5.0345
20240620,Dharwad,15.4589,75.0078,25.11,84.78,3.93,5.3858
20240621,Dharwad,15.4589,75.0078,25.45,84.86,4.38,4.4954
20240622,Dharwad,15.4589,75.0078,24.48,83.16,3.45,4.7808
20240623,Dharwad,15.4589,75.0078,24.41,83.09,3.19,5.0962
20240624,Dharwad,15.4589,75.0078,24.55,82.75,4.77,4.3644
20240625,Dharwad,15.4589,75.0078,23.92,81.86,5.64,4.212
20240626,Dharwad,15.4589,75.0078,22.96,86.55,6.65,4.4126
20240627,Dharwad,15.4589,75.0078,22.08,85.41,6.43,4.0634
20240628,Dharwad,15.4589,75.0078,23.82,83.79,4.93,4.7587
20240629,Dharwad,15.4589,75.0078,24.85,84.01,4.4,4.9488
20240630,Dharwad,15.4589,75.0078,24.87,85.9,4.72,4.0094
20240701,Dharwad,15.4589,75.0078,24.54,85.76,6.48,5.1931
20240702,Dharwad,15.4589,75.0078,24.48,87.01,5.31,5.2296
20240703,Dharwad,15.4589,75.0078,25.06,86.41,4.66,3.294
20240704,Dharwad,15.4589,75.0078,24.8,85.65,4.98,3.5263
20240705,Dharwad,15.4589,75.0078,24.53,85.56,4.97,3.7229
20240706,Dharwad,15.4589,75.0078,24.43,87.37,5.41,3.8818
20240707,Dharwad,15.4589,75.0078,23.51,87.42,4.9,3.1044
20240708,Dharwad,15.4589,75.0078,23.17,90.32,4.28,3.5856
20240709,Dharwad,15.4589,75.0078,23.42,87.43,3.89,4.2876
20240710,Dharwad,15.4589,75.0078,23.73,86.37,3.39,4.7023
20240711,Dharwad,15.4589,75.0078,23.9,84.71,4.47,5.4684
20240712,Dharwad,15.4589,75.0078,23.95,89.62,4.13,4.1882
20240713,Dharwad,15.4589,75.0078,24.15,90.06,5.26,4.0829
20240714,Dharwad,15.4589,75.0078,23.83,91.28,5.89,3.1872
20240715,Dharwad,15.4589,75.0078,24.88,88.1,4.93,4.3836
20240716,Dharwad,15.4589,75.0078,24.41,89.44,5.4,4.3658
20240717,Dharwad,15.4589,75.0078,24.47,90.38,5.55,3.6624
20240718,Dharwad,15.4589,75.0078,24.66,87.39,6.95,3.9876
20240719,Dharwad,15.4589,75.0078,23.55,91.86,6.11,3.1754
20240720,Dharwad,15.4589,75.0078,23.46,91.48,6.01,2.6201
20240721,Dharwad,15.4589,75.0078,24.0,90.15,5.81,2.5764
20240722,Dharwad,15.4589,75.0078,23.47,89.68,5.97,4.0356
20240723,Dharwad,15.4589,75.0078,23.72,89.88,6.29,2.7437
20240724,Dharwad,15.4589,75.0078,24.16,88.73,6.43,3.4042
20240725,Dharwad,15.4589,75.0078,23.58,90.0,6.5,3.0199
20240726,Dharwad,15.4589,75.0078,24.11,89.04,6.21,3.1819
20240727,Dharwad,15.4589,75.0078,23.88,89.43,5.97,2.6611
20240728,Dharwad,15.4589,75.0078,23.85,89.11,5.9,3.3929
20240729,Dharwad,15.4589,75.0078,24.56,88.52,5.9,3.5981
20240730,Dharwad,15.4589,75.0078,24.57,89.34,4.69,4.7246
20240731,Dharwad,15.4589,75.0078,24.56,90.81,4.44,3.7831
20240801,Dharwad,15.4589,75.0078,23.59,92.29,4.72,3.5902
20240802,Dharwad,15.4589,75.0078,23.42,91.32,4.82,2.9256
20240803,Dharwad,15.4589,75.0078,23.63,90.11,4.99,3.4879
20240804,Dharwad,15.4589,75.0078,23.56,89.79,4.87,4.4779
20240805,Dharwad,15.4589,75.0078,23.91,89.29,3.84,4.651
20240806,Dharwad,15.4589,75.0078,23.5,90.65,3.28,3.9101
20240807,Dharwad,15.4589,75.0078,23.67,90.71,3.15,2.3263
20240808,Dharwad,15.4589,75.0078,24.01,89.16,3.06,3.2772
20240809,Dharwad,15.4589,75.0078,24.11,88.89,3.04,5.479
20240810,Dharwad,15.4589,75.0078,24.43,87.77,2.78,5.1883
20240811,Dharwad,15.4589,75.0078,24.3,89.32,2.72,5.3762
20240812,Dharwad,15.4589,75.0078,24.62,87.03,2.33,6.0485
20240813,Dharwad,15.4589,75.0078,24.98,86.81,1.6,5.8642
20240814,Dharwad,15.4589,75.0078,25.69,86.46,1.72,5.2351
20240815,Dharwad,15.4589,75.0078,25.42,88.78,1.68,4.9037
20240816,Dharwad,15.4589,75.0078,25.04,88.86,2.32,2.8562
20240817,Dharwad,15.4589,75.0078,25.81,85.36,1.94,4.8161
20240818,Dharwad,15.4589,75.0078,25.74,90.08,2.56,5.1955
20240819,Dharwad,15.4589,75.0078,25.74,87.72,1.17,3.1798
20240820,Dharwad,15.4589,75.0078,25.51,86.16,1.49,4.4914
20240821,Dharwad,15.4589,75.0078,25.76,84.34,2.16,4.9442
20240822,Dharwad,15.4589,75.0078,24.03,89.76,3.85,4.0325
20240823,Dharwad,15.4589,75.0078,24.5,88.9,4.07,3.7975
20240824,Dharwad,15.4589,75.0078,23.59,91.65,4.37,2.0074
20240825,Dharwad,15.4589,75.0078,23.68,92.29,4.16,4.1945
20240826,Dharwad,15.4589,75.0078,24.03,89.33,4.97,4.631
20240827,Dharwad,15.4589,75.0078,23.95,88.99,4.76,4.3224
20240828,Dharwad,15.4589,75.0078,23.81,89.53,4.55,4.6279
20240829,Dharwad,15.4589,75.0078,23.66,90.26,3.96,5.4624
20240830,Dharwad,15.4589,75.0078,23.67,91.02,3.24,4.525
20240831,Dharwad,15.4589,75.0078,23.44,91.51,3.64,2.1403
20240901,Dharwad,15.4589,75.0078,23.37,90.43,4.13,1.8053
20240902,Dharwad,15.4589,75.0078,23.51,89.38,3.99,4.699
20240903,Dharwad,15.4589,75.0078,23.96,89.66,3.93,4.1093
20240904,Dharwad,15.4589,75.0078,23.94,89.07,4.14,4.0954
20240905,Dharwad,15.4589,75.0078,24.09,88.87,3.87,5.0042
20240906,Dharwad,15.4589,75.0078,23.92,89.13,3.53,4.8754
20240907,Dharwad,15.4589,75.0078,23.91,89.45,3.24,4.872
20240908,Dharwad,15.4589,75.0078,23.89,90.01,3.27,3.4342
20240909,Dharwad,15.4589,75.0078,23.93,90.96,3.66,4.9387
20240910,Dharwad,15.4589,75.0078,23.53,90.63,3.57,4.7534
20240911,Dharwad,15.4589,75.0078,23.64,88.25,3.64,4.4803
20240912,Dharwad,15.4589,75.0078,23.59,87.88,3.4,5.8507
20240913,Dharwad,15.4589,75.0078,23.24,87.67,2.92,5.6921
20240914,Dharwad,15.4589,75.0078,23.38,87.36,2.85,5.7763
20240915,Dharwad,15.4589,75.0078,23.32,87.51,2.98,5.5378
20240916,Dharwad,15.4589,75.0078,23.62,87.77,2.82,4.4635
20240917,Dharwad,15.4589,75.0078,23.57,85.9,2.61,4.5979
20240918,Dharwad,15.4589,75.0078,22.87,85.24,2.37,6.2966
20240919,Dharwad,15.4589,75.0078,23.35,84.16,1.81,5.8879
20240920,Dharwad,15.4589,75.0078,24.02,84.54,1.77,5.7996
20240921,Dharwad,15.4589,75.0078,24.06,86.9,1.82,4.3454
20240922,Dharwad,15.4589,75.0078,23.7,90.99,1.59,3.8904
20240923,Dharwad,15.4589,75.0078,24.59,89.44,2.28,4.1422
20240924,Dharwad,15.4589,75.0078,23.84,93.27,2.92,3.3331
20240925,Dharwad,15.4589,75.0078,22.69,93.26,2.87,3.2066
20240926,Dharwad,15.4589,75.0078,23.04,90.12,3.78,3.865
20240927,Dharwad,15.4589,75.0078,23.21,89.33,3.2,3.9864
20240928,Dharwad,15.4589,75.0078,23.9,88.83,2.05,4.8626
20240929,Dharwad,15.4589,75.0078,24.92,84.67,1.26,5.411
20240930,Dharwad,15.4589,75.0078,25.43,85.07,1.34,5.2046
20241001,Dharwad,15.4589,75.0078,25.94,80.53,1.19,5.4434
20241002,Dharwad,15.4589,75.0078,25.62,85.6,1.43,5.3885
20241003,Dharwad,15.4589,75.0078,24.78,89.14,1.8,4.7863
20241004,Dharwad,15.4589,75.0078,24.52,88.38,1.78,5.3796
20241005,Dharwad,15.4589,75.0078,24.77,86.65,1.47,4.9769
20241006,Dharwad,15.4589,75.0078,23.95,84.11,2.0,4.7035
20241007,Dharwad,15.4589,75.0078,23.63,84.8,1.97,5.1547
20241008,Dharwad,15.4589,75.0078,23.61,87.32,1.94,4.7597
20241009,Dharwad,15.4589,75.0078,24.34,88.48,2.13,4.152
20241010,Dharwad,15.4589,75.0078,24.41,89.16,2.07,4.1933
20241011,Dharwad,15.4589,75.0078,24.38,90.88,2.09,3.9763
20241012,Dharwad,15.4589,75.0078,24.57,89.26,1.85,4.7431
20241013,Dharwad,15.4589,75.0078,24.89,86.97,2.12,4.7326
20241014,Dharwad,15.4589,75.0078,24.11,88.63,1.94,4.4414
20241015,Dharwad,15.4589,75.0078,23.39,90.37,2.07,3.2522
20241016,Dharwad,15.4589,75.0078,23.69,91.09,2.44,2.5222
20241017,Dharwad,15.4589,75.0078,24.25,89.72,1.51,3.1142
20241018,Dharwad,15.4589,75.0078,23.23,93.67,1.66,2.4377
20241019,Dharwad,15.4589,75.0078,24.03,84.82,0.55,3.9554
20241020,Dharwad,15.4589,75.0078,23.45,88.69,2.34,4.3238
20241021,Dharwad,15.4589,75.0078,23.76,88.8,2.14,3.7694
20241022,Dharwad,15.4589,75.0078,24.02,87.36,1.48,4.8466
20241023,Dharwad,15.4589,75.0078,24.3,87.92,1.42,5.0693
20241024,Dharwad,15.4589,75.0078,24.79,80.78,1.45,4.4417
20241025,Dharwad,15.4589,75.0078,23.54,79.64,1.41,5.3806
20241026,Dharwad,15.4589,75.0078,22.94,81.65,1.44,5.4319
20241027,Dharwad,15.4589,75.0078,22.82,81.64,1.53,5.4559
20241028,Dharwad,15.4589,75.0078,22.61,83.9,1.28,4.8509
20241029,Dharwad,15.4589,75.0078,23.5,85.51,1.16,4.2622
20241030,Dharwad,15.4589,75.0078,23.78,83.58,0.94,4.0858
20241031,Dharwad,15.4589,75.0078,24.42,85.61,1.44,4.2142
20241101,Dharwad,15.4589,75.0078,24.01,86.98,1.51,4.5338
20241102,Dharwad,15.4589,75.0078,23.47,86.0,1.91,4.7762
20241103,Dharwad,15.4589,75.0078,23.65,86.5,1.85,4.7969
20241104,Dharwad,15.4589,75.0078,23.33,86.98,2.09,4.5806
20241105,Dharwad,15.4589,75.0078,22.88,87.06,2.26,4.9092
20241106,Dharwad,15.4589,75.0078,21.71,75.01,1.92,5.4919
20241107,Dharwad,15.4589,75.0078,21.35,80.72,1.78,5.375
20241108,Dharwad,15.4589,75.0078,21.72,82.25,2.04,5.3426
20241109,Dharwad,15.4589,75.0078,22.49,84.67,2.0,4.4818
20241110,Dharwad,15.4589,75.0078,22.34,83.72,1.85,4.9644
20241111,Dharwad,15.4589,75.0078,20.95,80.01,1.92,4.9277
20241112,Dharwad,15.4589,75.0078,20.24,84.37,2.06,4.7762
20241113,Dharwad,15.4589,75.0078,23.0,85.97,2.61,3.7301
20241114,Dharwad,15.4589,75.0078,23.91,87.09,2.4,3.9576
20241115,Dharwad,15.4589,75.0078,23.65,88.61,1.97,3.2162
20241116,Dharwad,15.4589,75.0078,24.01,85.81,2.55,4.5322
20241117,Dharwad,15.4589,75.0078,21.98,80.95,2.61,4.2598
20241118,Dharwad,15.4589,75.0078,19.62,74.44,2.27,4.7213
20241119,Dharwad,15.4589,75.0078,19.38,81.41,2.15,4.415
20241120,Dharwad,15.4589,75.0078,19.27,80.74,2.06,5.071
20241121,Dharwad,15.4589,75.0078,19.63,80.38,1.96,5.0292
20241122,Dharwad,15.4589,75.0078,19.6,80.6,1.8,4.6692
20241123,Dharwad,15.4589,75.0078,19.74,81.75,1.67,4.6831
20241124,Dharwad,15.4589,75.0078,19.39,79.76,1.85,4.7638
20241125,Dharwad,15.4589,75.0078,19.3,81.35,2.33,4.4784
20241126,Dharwad,15.4589,75.0078,19.97,79.64,2.2,4.8504
20241127,Dharwad,15.4589,75.0078,20.33,82.66,2.4,4.1256
20241128,Dharwad,15.4589,75.0078,18.94,75.98,2.76,5.2423
20241129,Dharwad,15.4589,75.0078,19.33,76.76,2.52,5.2481
20241130,Dharwad,15.4589,75.0078,21.73,84.74,2.42,3.5177
20241201,Dharwad,15.4589,75.0078,22.91,86.11,1.95,3.6845
20241202,Dharwad,15.4589,75.0078,23.08,88.12,2.17,2.3734
20241203,Dharwad,15.4589,75.0078,23.19,89.28,3.57,2.5654
20241204,Dharwad,15.4589,75.0078,23.91,84.85,2.5,4.5286
20241205,Dharwad,15.4589,75.0078,24.05,85.02,1.96,3.6521
20241206,Dharwad,15.4589,75.0078,24.37,83.14,1.33,3.9583
20241207,Dharwad,15.4589,75.0078,23.33,87.81,0.72,3.6948
20241208,Dharwad,15.4589,75.0078,24.12,86.31,0.87,3.5743
20241209,Dharwad,15.4589,75.0078,23.92,86.95,0.92,3.8791
20241210,Dharwad,15.4589,75.0078,23.74,84.77,1.54,3.8035
20241211,Dharwad,15.4589,75.0078,21.9,77.19,2.48,3.9154
20241212,Dharwad,15.4589,75.0078,22.29,82.16,2.16,4.7069
20241213,Dharwad,15.4589,75.0078,22.13,82.49,2.44,3.8026
20241214,Dharwad,15.4589,75.0078,21.2,77.53,2.65,4.3054
20241215,Dharwad,15.4589,75.0078,19.93,78.31,2.39,4.7825
20241216,Dharwad,15.4589,75.0078,18.48,73.75,2.06,5.0278
20241217,Dharwad,15.4589,75.0078,18.7,69.66,1.52,5.1919
20241218,Dharwad,15.4589,75.0078,20.81,72.48,1.4,5.0203
20241219,Dharwad,15.4589,75.0078,23.33,77.75,1.33,4.303
20241220,Dharwad,15.4589,75.0078,22.57,79.42,1.16,4.013
20241221,Dharwad,15.4589,75.0078,21.94,81.64,1.12,3.8594
20241222,Dharwad,15.4589,75.0078,21.83,83.7,1.18,4.0373
20241223,Dharwad,15.4589,75.0078,21.91,80.62,0.94,3.571
20241224,Dharwad,15.4589,75.0078,22.26,80.35,1.45,4.3106
20241225,Dharwad,15.4589,75.0078,22.48,78.58,1.21,3.8652
20241226,Dharwad,15.4589,75.0078,23.21,78.63,2.25,2.5409
20241227,Dharwad,15.4589,75.0078,23.82,79.11,3.34,2.3599
20241228,Dharwad,15.4589,75.0078,23.26,74.46,2.19,5.3434
20241229,Dharwad,15.4589,75.0078,22.57,71.38,2.19,5.2517
20241230,Dharwad,15.4589,75.0078,21.42,66.94,2.33,5.2543
20241231,Dharwad,15.4589,75.0078,21.47,67.84,2.72,5.0081
20250101,Dharwad,15.4589,75.0078,21.15,70.52,2.67,4.6418
20250102,Dharwad,15.4589,75.0078,20.22,61.9,2.89,3.8882
20250103,Dharwad,15.4589,75.0078,19.44,57.43,2.66,5.0722
20250104,Dharwad,15.4589,75.0078,20.5,63.55,2.21,5.4221
20250105,Dharwad,15.4589,75.0078,20.36,63.38,1.63,5.286
20250106,Dharwad,15.4589,75.0078,20.67,59.67,1.33,5.3962
20250107,Dharwad,15.4589,75.0078,20.34,60.67,1.79,5.219
20250108,Dharwad,15.4589,75.0078,19.52,57.58,2.24,4.9121
20250109,Dharwad,15.4589,75.0078,19.51,60.84,2.42,4.8161
20250110,Dharwad,15.4589,75.0078,21.15,68.58,2.17,4.1532
20250111,Dharwad,15.4589,75.0078,22.48,73.73,1.64,4.103
20250112,Dharwad,15.4589,75.0078,23.19,70.78,1.73,4.1165
20250113,Dharwad,15.4589,75.0078,23.39,66.76,2.15,4.8689
20250114,Dharwad,15.4589,75.0078,23.67,68.1,2.4,4.4993
20250115,Dharwad,15.4589,75.0078,23.0,71.07,2.55,5.0359
20250116,Dharwad,15.4589,75.0078,22.95,67.93,2.6,4.4806
20250117,Dharwad,15.4589,75.0078,22.72,63.38,3.1,4.6922
20250118,Dharwad,15.4589,75.0078,22.03,63.89,2.89,3.6262
20250119,Dharwad,15.4589,75.0078,22.24,58.18,2.56,5.0755
20250120,Dharwad,15.4589,75.0078,22.2,48.56,2.53,5.3954
20250121,Dharwad,15.4589,75.0078,21.76,44.59,2.04,5.6993
20250122,Dharwad,15.4589,75.0078,23.19,48.25,1.94,5.8426
20250123,Dharwad,15.4589,75.0078,24.03,52.42,1.93,5.5555
20250124,Dharwad,15.4589,75.0078,23.6,51.64,2.44,5.8891
20250125,Dharwad,15.4589,75.0078,22.75,44.92,2.6,6.2851
20250126,Dharwad,15.4589,75.0078,22.75,42.51,2.55,6.1092
20250127,Dharwad,15.4589,75.0078,22.94,44.4,2.26,5.6566
20250128,Dharwad,15.4589,75.0078,23.58,42.66,1.84,5.3954
20250129,Dharwad,15.4589,75.0078,23.1,45.39,2.37,5.4862
20250130,Dharwad,15.4589,75.0078,23.23,44.93,2.07,5.8834
20250131,Dharwad,15.4589,75.0078,24.09,36.36,1.06,6.1066
20250201,Dharwad,15.4589,75.0078,23.96,49.0,1.16,5.9246
20250202,Dharwad,15.4589,75.0078,25.41,37.62,1.68,5.4
20250203,Dharwad,15.4589,75.0078,24.56,36.05,2.04,6.2489
20250204,Dharwad,15.4589,75.0078,24.53,36.39,1.92,6.3343
20250205,Dharwad,15.4589,75.0078,25.03,38.67,1.65,6.1615
20250206,Dharwad,15.4589,75.0078,25.22,37.84,2.16,6.0782
20250207,Dharwad,15.4589,75.0078,25.06,42.03,2.51,5.7953
20250208,Dharwad,15.4589,75.0078,25.22,38.56,2.24,5.6669
20250209,Dharwad,15.4589,75.0078,25.24,40.08,2.23,5.453
20250210,Dharwad,15.4589,75.0078,25.49,44.9,2.07,5.3688
20250211,Dharwad,15.4589,75.0078,25.68,43.59,1.7,5.5562
20250212,Dharwad,15.4589,75.0078,25.97,35.4,1.92,5.8195
20250213,Dharwad,15.4589,75.0078,25.98,28.46,2.04,6.1027
20250214,Dharwad,15.4589,75.0078,25.1,22.85,2.29,6.2323
20250215,Dharwad,15.4589,75.0078,25.32,23.32,2.45,6.5453
20250216,Dharwad,15.4589,75.0078,25.64,22.24,2.06,6.5683
20250217,Dharwad,15.4589,75.0078,26.39,25.93,1.61,6.3852
20250218,Dharwad,15.4589,75.0078,27.16,32.1,0.9,6.2338
20250219,Dharwad,15.4589,75.0078,27.74,39.27,0.84,5.7742
20250220,Dharwad,15.4589,75.0078,27.54,37.76,1.67,5.5174
20250221,Dharwad,15.4589,75.0078,27.98,36.4,2.22,5.4281
20250222,Dharwad,15.4589,75.0078,28.02,31.65,2.44,5.4554
20250223,Dharwad,15.4589,75.0078,26.93,25.56,2.53,5.7106
20250224,Dharwad,15.4589,75.0078,26.06,23.14,3.19,6.7476
20250225,Dharwad,15.4589,75.0078,25.91,31.9,3.11,5.0585
20250226,Dharwad,15.4589,75.0078,26.63,34.26,3.35,6.468
20250227,Dharwad,15.4589,75.0078,27.08,38.06,3.07,6.3007
20250228,Dharwad,15.4589,75.0078,27.4,36.13,2.56,5.9446
20250301,Dharwad,15.4589,75.0078,27.58,34.05,2.84,6.7145
20250302,Dharwad,15.4589,75.0078,27.79,30.01,2.25,6.6389
20250303,Dharwad,15.4589,75.0078,28.54,26.18,2.11,6.4963
20250304,Dharwad,15.4589,75.0078,28.44,22.92,2.93,5.7638
20250305,Dharwad,15.4589,75.0078,28.61,20.41,2.58,5.8214
20250306,Dharwad,15.4589,75.0078,27.47,12.7,2.46,7.1794
20250307,Dharwad,15.4589,75.0078,26.72,9.26,2.08,7.4323
20250308,Dharwad,15.4589,75.0078,27.69,16.8,1.68,7.1923
20250309,Dharwad,15.4589,75.0078,28.2,24.11,1.95,6.8575
20250310,Dharwad,15.4589,75.0078,28.32,32.25,3.51,6.6226
20250311,Dharwad,15.4589,75.0078,27.87,33.1,3.54,6.7601
20250312,Dharwad,15.4589,75.0078,28.29,33.36,2.84,6.8717
20250313,Dharwad,15.4589,75.0078,27.97,41.6,1.25,6.3245
20250314,Dharwad,15.4589,75.0078,28.86,45.87,1.25,6.4351
20250315,Dharwad,15.4589,75.0078,29.38,37.81,1.24,6.559
20250316,Dharwad,15.4589,75.0078,29.44,32.46,1.54,6.9463
20250317,Dharwad,15.4589,75.0078,28.31,49.58,1.39,5.8097
20250318,Dharwad,15.4589,75.0078,29.94,45.99,1.35,6.5748
20250319,Dharwad,15.4589,75.0078,30.52,37.79,1.41,6.4092
20250320,Dharwad,15.4589,75.0078,30.09,42.74,2.34,6.078
20250321,Dharwad,15.4589,75.0078,30.49,34.66,2.07,6.4954
20250322,Dharwad,15.4589,75.0078,29.27,31.66,2.01,7.1105
20250323,Dharwad,15.4589,75.0078,29.54,35.02,1.59,6.7733
20250324,Dharwad,15.4589,75.0078,30.77,37.94,2.21,5.537
20250325,Dharwad,15.4589,75.0078,30.89,36.82,1.24,5.0266
20250326,Dharwad,15.4589,75.0078,29.75,48.65,1.73,6.0132
20250327,Dharwad,15.4589,75.0078,30.0,40.01,1.96,6.2705
20250328,Dharwad,15.4589,75.0078,30.84,33.07,1.52,6.5635
20250329,Dharwad,15.4589,75.0078,30.78,37.03,1.53,5.7106
20250330,Dharwad,15.4589,75.0078,30.56,43.2,1.55,5.7746
20250331,Dharwad,15.4589,75.0078,30.68,44.28,1.39,5.3654
20250401,Dharwad,15.4589,75.0078,30.09,45.16,1.31,5.7941
20250402,Dharwad,15.4589,75.0078,29.71,35.23,1.88,6.6355
20250403,Dharwad,15.4589,75.0078,28.82,51.27,1.16,3.9742
20250404,Dharwad,15.4589,75.0078,29.83,50.0,1.77,6.403
20250405,Dharwad,15.4589,75.0078,30.0,48.49,1.99,5.357
20250406,Dharwad,15.4589,75.0078,30.01,49.55,1.84,5.5385
20250407,Dharwad,15.4589,75.0078,30.76,41.76,1.62,6.0878
20250408,Dharwad,15.4589,75.0078,29.64,49.91,1.24,6.1555
20250409,Dharwad,15.4589,75.0078,29.86,49.91,1.38,6.4078
20250410,Dharwad,15.4589,75.0078,27.98,53.62,2.81,6.4992
20250411,Dharwad,15.4589,75.0078,28.43,56.53,2.45,6.2554
20250412,Dharwad,15.4589,75.0078,29.33,49.42,2.21,6.6298
20250413,Dharwad,15.4589,75.0078,29.66,42.0,2.01,7.1196
20250414,Dharwad,15.4589,75.0078,30.41,32.22,1.92,6.8599
20250415,Dharwad,15.4589,75.0078,30.94,36.58,1.55,6.6314
20250416,Dharwad,15.4589,75.0078,30.25,48.16,2.57,6.7452
20250417,Dharwad,15.4589,75.0078,30.54,50.27,2.23,7.0126
20250418,Dharwad,15.4589,75.0078,30.07,56.7,2.35,6.7946
20250419,Dharwad,15.4589,75.0078,30.04,54.37,2.53,5.9983
20250420,Dharwad,15.4589,75.0078,30.64,50.22,2.2,5.9191
20250421,Dharwad,15.4589,75.0078,31.82,40.74,2.22,6.319
20250422,Dharwad,15.4589,75.0078,32.21,40.79,1.8,5.8267
20250423,Dharwad,15.4589,75.0078,30.9,54.58,1.96,6.4589
20250424,Dharwad,15.4589,75.0078,30.19,57.1,1.69,6.24
20250425,Dharwad,15.4589,75.0078,29.54,61.15,1.63,6.0365
20250426,Dharwad,15.4589,75.0078,29.67,57.77,1.75,6.2422
20250427,Dharwad,15.4589,75.0078,29.14,59.5,1.44,5.9784
20250428,Dharwad,15.4589,75.0078,29.35,58.29,2.24,6.9002
20250429,Dharwad,15.4589,75.0078,29.74,56.9,1.63,6.6662
20250430,Dharwad,15.4589,75.0078,30.23,51.25,2.28,7.0102
20250501,Dharwad,15.4589,75.0078,30.51,46.04,2.55,7.3106
20250502,Dharwad,15.4589,75.0078,30.66,48.91,2.41,7.2564
20250503,Dharwad,15.4589,75.0078,30.19,51.06,2.65,7.1376
20250504,Dharwad,15.4589,75.0078,29.82,46.65,3.24,7.4388
20250505,Dharwad,15.4589,75.0078,29.33,47.95,2.13,7.6586
20250506,Dharwad,15.4589,75.0078,29.01,48.74,2.68,7.2648
20250507,Dharwad,15.4589,75.0078,29.25,46.61,3.08,6.8347
20250508,Dharwad,15.4589,75.0078,27.75,54.13,3.42,6.8618
20250509,Dharwad,15.4589,75.0078,28.13,54.2,2.81,7.0411
20250510,Dharwad,15.4589,75.0078,28.5,57.24,2.63,6.6598
20250511,Dharwad,15.4589,75.0078,29.34,55.1,2.82,6.0319
20250512,Dharwad,15.4589,75.0078,29.72,53.56,1.93,5.743
20250513,Dharwad,15.4589,75.0078,28.15,66.22,2.1,5.0575
20250514,Dharwad,15.4589,75.0078,28.19,66.0,1.71,7.0315
20250515,Dharwad,15.4589,75.0078,27.29,69.46,1.95,4.3272
20250516,Dharwad,15.4589,75.0078,27.28,73.66,1.43,5.5044
20250517,Dharwad,15.4589,75.0078,27.87,70.7,1.64,5.6916
20250518,Dharwad,15.4589,75.0078,26.39,79.39,1.85,5.1799
20250519,Dharwad,15.4589,75.0078,26.36,81.16,2.24,4.1328
20250520,Dharwad,15.4589,75.0078,26.93,78.76,2.19,3.2268
20250521,Dharwad,15.4589,75.0078,26.95,78.37,1.82,2.5975
20250522,Dharwad,15.4589,75.0078,25.02,88.52,3.47,4.6075
20250523,Dharwad,15.4589,75.0078,25.52,84.93,5.15,3.8023
20250524,Dharwad,15.4589,75.0078,24.82,87.39,5.07,3.7416
20250525,Dharwad,15.4589,75.0078,24.34,85.83,5.09,3.1622
20250526,Dharwad,15.4589,75.0078,23.09,86.62,5.55,2.3774
20250527,Dharwad,15.4589,75.0078,23.46,88.5,5.3,3.8141
20250528,Dharwad,15.4589,75.0078,23.43,88.22,4.48,2.4962
20250529,Dharwad,15.4589,75.0078,23.89,91.85,4.06,3.9881
20250530,Dharwad,15.4589,75.0078,25.07,85.57,4.39,4.2456
20250531,Dharwad,15.4589,75.0078,24.78,81.82,4.12,6.0065
20250601,Dharwad,15.4589,75.0078,24.64,83.81,3.66,5.3009
20250602,Dharwad,15.4589,75.0078,25.11,84.32,3.52,5.3669
20250603,Dharwad,15.4589,75.0078,25.05,83.1,3.33,5.7185
20250604,Dharwad,15.4589,75.0078,24.75,83.74,3.12,5.4977
20250605,Dharwad,15.4589,75.0078,24.61,79.39,2.75,5.9462
20250606,Dharwad,15.4589,75.0078,25.23,81.1,2.75,6.2069
20250607,Dharwad,15.4589,75.0078,25.04,84.7,2.69,5.5978
20250608,Dharwad,15.4589,75.0078,24.83,85.0,3.03,5.7602
20250609,Dharwad,15.4589,75.0078,25.08,83.27,3.48,4.8614
20250610,Dharwad,15.4589,75.0078,25.12,83.14,3.49,5.1096
20250611,Dharwad,15.4589,75.0078,25.21,86.2,3.77,3.155
20250612,Dharwad,15.4589,75.0078,24.67,87.37,3.39,2.717
20250613,Dharwad,15.4589,75.0078,25.07,90.27,1.91,3.3691
20250614,Dharwad,15.4589,75.0078,24.41,91.32,4.08,4.2389
20250615,Dharwad,15.4589,75.0078,23.99,87.3,4.92,3.4603
20250616,Dharwad,15.4589,75.0078,24.76,86.99,6.26,3.6994
20250617,Dharwad,15.4589,75.0078,24.85,86.66,5.3,5.2421
20250618,Dharwad,15.4589,75.0078,25.06,85.82,5.21,5.3107
20250619,Dharwad,15.4589,75.0078,24.59,86.77,5.08,4.8977
20250620,Dharwad,15.4589,75.0078,24.34,88.59,4.49,4.9834
20250621,Dharwad,15.4589,75.0078,24.59,86.69,4.6,5.1965
20250622,Dharwad,15.4589,75.0078,24.49,86.84,4.73,4.8084
20250623,Dharwad,15.4589,75.0078,24.34,86.83,5.72,3.5885
20250624,Dharwad,15.4589,75.0078,24.02,86.04,6.17,3.5906
20250625,Dharwad,15.4589,75.0078,23.97,88.36,5.94,2.8994
20250626,Dharwad,15.4589,75.0078,23.92,89.77,5.53,3.9386
20250627,Dharwad,15.4589,75.0078,24.15,87.97,5.16,4.2576
20250628,Dharwad,15.4589,75.0078,24.28,86.83,4.67,4.7246
20250629,Dharwad,15.4589,75.0078,24.13,87.19,4.9,4.5182
20250630,Dharwad,15.4589,75.0078,23.92,88.09,4.73,4.3975
20250701,Dharwad,15.4589,75.0078,23.42,90.95,4.22,4.3838
20250702,Dharwad,15.4589,75.0078,24.44,87.24,4.73,4.1882
20250703,Dharwad,15.4589,75.0078,23.42,90.64,5.03,3.5258
20250704,Dharwad,15.4589,75.0078,23.83,88.19,5.69,4.1124
20250705,Dharwad,15.4589,75.0078,23.98,88.69,5.81,4.764
20250706,Dharwad,15.4589,75.0078,23.71,88.21,5.94,3.463
20250707,Dharwad,15.4589,75.0078,23.68,88.18,5.48,4.4052
20250708,Dharwad,15.4589,75.0078,23.93,87.63,5.27,3.4344
20250709,Dharwad,15.4589,75.0078,24.11,86.88,5.0,4.1503
20250710,Dharwad,15.4589,75.0078,24.23,86.4,3.93,4.9766
20250711,Dharwad,15.4589,75.0078,24.32,86.25,3.71,5.1804
20250712,Dharwad,15.4589,75.0078,24.15,86.67,3.8,4.0846
20250713,Dharwad,15.4589,75.0078,24.26,86.48,4.27,4.655
20250714,Dharwad,15.4589,75.0078,24.23,86.68,5.0,4.7794
20250715,Dharwad,15.4589,75.0078,24.31,87.28,4.75,3.8496
20250716,Dharwad,15.4589,75.0078,24.33,88.13,4.28,4.165
20250717,Dharwad,15.4589,75.0078,23.72,89.18,3.95,4.1186
20250718,Dharwad,15.4589,75.0078,23.22,92.49,3.33,3.5592
20250719,Dharwad,15.4589,75.0078,23.58,89.54,3.45,4.2523
20250720,Dharwad,15.4589,75.0078,23.96,89.18,3.82,4.1626
20250721,Dharwad,15.4589,75.0078,23.76,89.94,4.15,3.7582
20250722,Dharwad,15.4589,75.0078,23.71,90.4,4.38,3.1824
20250723,Dharwad,15.4589,75.0078,23.57,89.92,5.32,3.3538
20250724,Dharwad,15.4589,75.0078,23.65,90.44,5.05,3.0062
20250725,Dharwad,15.4589,75.0078,23.72,91.18,5.76,3.137
20250726,Dharwad,15.4589,75.0078,22.98,90.17,6.63,2.7278
20250727,Dharwad,15.4589,75.0078,22.68,89.65,6.19,4.356
20250728,Dharwad,15.4589,75.0078,22.72,88.23,6.07,4.7815
20250729,Dharwad,15.4589,75.0078,23.06,87.72,6.39,4.2811
20250730,Dharwad,15.4589,75.0078,23.2,88.15,5.55,4.1789
20250731,Dharwad,15.4589,75.0078,23.55,88.09,4.51,3.6626
20250801,Dharwad,15.4589,75.0078,23.77,87.29,3.61,4.2722
20250802,Dharwad,15.4589,75.0078,23.71,87.68,3.21,4.8641
20250803,Dharwad,15.4589,75.0078,24.2,86.23,2.65,4.5475
20250804,Dharwad,15.4589,75.0078,24.17,87.17,2.7,4.7597
20250805,Dharwad,15.4589,75.0078,24.34,88.14,2.36,3.8568
20250806,Dharwad,15.4589,75.0078,23.81,90.02,3.27,4.8648
20250807,Dharwad,15.4589,75.0078,23.76,91.46,2.41,3.9166
20250808,Dharwad,15.4589,75.0078,23.74,92.23,2.11,3.8777
20250809,Dharwad,15.4589,75.0078,23.88,87.53,1.85,4.0529
20250810,Dharwad,15.4589,75.0078,22.88,89.1,2.44,4.049
20250811,Dharwad,15.4589,75.0078,22.89,88.74,3.07,4.5746
20250812,Dharwad,15.4589,75.0078,22.0,90.11,3.08,3.395
20250813,Dharwad,15.4589,75.0078,22.67,90.33,3.33,2.8082
20250814,Dharwad,15.4589,75.0078,22.51,92.47,3.34,3.0451
20250815,Dharwad,15.4589,75.0078,23.15,90.69,4.32,3.0038
20250816,Dharwad,15.4589,75.0078,22.81,92.18,4.3,3.4282
20250817,Dharwad,15.4589,75.0078,22.99,92.29,5.09,2.6933
20250818,Dharwad,15.4589,75.0078,22.2,93.27,5.34,2.9335
20250819,Dharwad,15.4589,75.0078,21.95,93.51,5.77,2.6664
20250820,Dharwad,15.4589,75.0078,22.2,91.73,4.84,3.6566
20250821,Dharwad,15.4589,75.0078,23.04,90.14,3.9,4.8427
20250822,Dharwad,15.4589,75.0078,22.89,90.57,3.32,4.7242
20250823,Dharwad,15.4589,75.0078,22.35,91.7,3.35,4.9901
20250824,Dharwad,15.4589,75.0078,22.77,89.33,3.75,5.6021
20250825,Dharwad,15.4589,75.0078,22.41,89.66,3.41,5.6304
20250826,Dharwad,15.4589,75.0078,23.1,91.28,3.62,3.8078
20250827,Dharwad,15.4589,75.0078,23.19,91.54,3.82,3.564
20250828,Dharwad,15.4589,75.0078,22.96,91.64,3.76,3.3547
20250829,Dharwad,15.4589,75.0078,23.29,92.95,3.42,4.1172
20250830,Dharwad,15.4589,75.0078,23.57,90.36,3.81,4.6034
20250831,Dharwad,15.4589,75.0078,23.49,90.37,3.89,3.7968
20250901,Dharwad,15.4589,75.0078,23.12,89.97,3.96,3.7848
20250902,Dharwad,15.4589,75.0078,22.62,92.34,3.77,2.6023
20250903,Dharwad,15.4589,75.0078,23.34,89.71,3.79,4.5086
20250904,Dharwad,15.4589,75.0078,23.45,88.88,3.99,4.343
20250905,Dharwad,15.4589,75.0078,23.21,88.62,3.1,5.2802
20250906,Dharwad,15.4589,75.0078,23.15,88.5,2.73,5.7691
20250907,Dharwad,15.4589,75.0078,22.72,88.76,2.81,3.9775
20250908,Dharwad,15.4589,75.0078,22.92,88.33,2.15,5.1074
20250909,Dharwad,15.4589,75.0078,23.95,85.97,1.63,5.7828
20250910,Dharwad,15.4589,75.0078,24.0,86.11,1.87,5.6484
20250911,Dharwad,15.4589,75.0078,23.16,87.11,2.35,3.295
20250912,Dharwad,15.4589,75.0078,22.82,89.66,1.94,3.1553
20250913,Dharwad,15.4589,75.0078,23.59,87.42,2.17,3.1219
20250914,Dharwad,15.4589,75.0078,23.48,89.01,2.29,4.5389
20250915,Dharwad,15.4589,75.0078,22.92,90.67,2.77,3.6473
20250916,Dharwad,15.4589,75.0078,23.26,90.4,1.88,3.2683
20250917,Dharwad,15.4589,75.0078,24.18,87.48,1.93,3.6031
20250918,Dharwad,15.4589,75.0078,23.53,91.4,2.56,3.6864
20250919,Dharwad,15.4589,75.0078,23.28,90.09,2.64,4.3231
20250920,Dharwad,15.4589,75.0078,23.71,88.47,2.48,4.0793
20250921,Dharwad,15.4589,75.0078,23.65,89.34,2.37,5.1115
20250922,Dharwad,15.4589,75.0078,23.38,88.96,2.71,4.6517
20250923,Dharwad,15.4589,75.0078,22.84,88.67,2.56,2.7994
20250924,Dharwad,15.4589,75.0078,22.73,88.69,2.77,4.5127
20250925,Dharwad,15.4589,75.0078,23.11,88.04,2.64,5.3798
20250926,Dharwad,15.4589,75.0078,22.45,90.48,2.84,1.7179
20250927,Dharwad,15.4589,75.0078,21.45,92.0,3.6,2.1288
20250928,Dharwad,15.4589,75.0078,22.49,90.18,3.88,3.743
20250929,Dharwad,15.4589,75.0078,22.78,89.7,3.39,4.1887
20250930,Dharwad,15.4589,75.0078,22.78,89.56,2.94,4.9361
20251001,Dharwad,15.4589,75.0078,23.04,89.8,2.94,4.4642
20251002,Dharwad,15.4589,75.0078,23.09,91.2,2.35,4.7453
20251003,Dharwad,15.4589,75.0078,23.59,88.61,2.08,4.9106
20251004,Dharwad,15.4589,75.0078,23.6,86.71,1.81,5.9544
20251005,Dharwad,15.4589,75.0078,23.57,86.09,2.01,5.1667
20251006,Dharwad,15.4589,75.0078,22.76,85.59,2.07,5.1053
20251007,Dharwad,15.4589,75.0078,23.41,85.41,1.56,5.9417
20251008,Dharwad,15.4589,75.0078,24.43,82.78,1.2,5.6114
20251009,Dharwad,15.4589,75.0078,24.01,86.5,1.52,4.1856
20251010,Dharwad,15.4589,75.0078,23.68,84.75,2.0,4.6118
20251011,Dharwad,15.4589,75.0078,22.92,80.49,2.09,5.1365
20251012,Dharwad,15.4589,75.0078,22.04,79.26,2.23,6.3295
20251013,Dharwad,15.4589,75.0078,22.0,82.32,2.28,5.4816
20251014,Dharwad,15.4589,75.0078,23.11,85.51,2.42,4.5946
20251015,Dharwad,15.4589,75.0078,23.51,88.45,2.49,4.3236
20251016,Dharwad,15.4589,75.0078,23.86,85.7,3.06,5.6856
20251017,Dharwad,15.4589,75.0078,23.33,86.05,3.33,4.6886
20251018,Dharwad,15.4589,75.0078,22.86,88.11,2.43,5.5267
20251019,Dharwad,15.4589,75.0078,23.21,86.27,2.65,4.5406
20251020,Dharwad,15.4589,75.0078,23.64,86.78,2.62,4.1292
20251021,Dharwad,15.4589,75.0078,23.71,87.05,3.22,4.7914
20251022,Dharwad,15.4589,75.0078,23.57,87.55,3.55,3.5887
20251023,Dharwad,15.4589,75.0078,23.37,90.62,2.89,2.8627
20251024,Dharwad,15.4589,75.0078,22.81,92.15,1.89,2.8272
20251025,Dharwad,15.4589,75.0078,22.92,86.45,1.93,4.7758
20251026,Dharwad,15.4589,75.0078,23.36,87.79,1.83,3.5054
20251027,Dharwad,15.4589,75.0078,23.09,93.41,1.98,3.7435
20251028,Dharwad,15.4589,75.0078,22.7,89.85,1.87,3.5052
20251029,Dharwad,15.4589,75.0078,22.06,92.97,2.49,4.2274
20251030,Dharwad,15.4589,75.0078,21.88,90.13,2.85,4.7916
20251031,Dharwad,15.4589,75.0078,21.81,91.61,2.42,3.2242
20251101,Dharwad,15.4589,75.0078,22.74,90.15,1.91,4.6318
20251102,Dharwad,15.4589,75.0078,22.98,89.42,1.74,4.6788
20251103,Dharwad,15.4589,75.0078,22.91,85.66,1.76,4.9958
20251104,Dharwad,15.4589,75.0078,22.99,87.03,1.68,3.9847
20251105,Dharwad,15.4589,75.0078,21.83,86.7,1.76,4.6147
20251106,Dharwad,15.4589,75.0078,21.21,89.33,1.11,4.3584
20251107,Dharwad,15.4589,75.0078,22.04,85.97,1.68,3.8827
20251108,Dharwad,15.4589,75.0078,20.86,78.34,1.71,5.861
20251109,Dharwad,15.4589,75.0078,18.02,72.7,1.83,5.8267
20251110,Dharwad,15.4589,75.0078,18.69,71.98,1.46,5.6054
20251111,Dharwad,15.4589,75.0078,19.41,77.56,1.42,5.2908
20251112,Dharwad,15.4589,75.0078,19.7,80.36,2.04,5.1353
20251113,Dharwad,15.4589,75.0078,19.74,80.96,2.23,5.3448
20251114,Dharwad,15.4589,75.0078,17.55,76.1,2.33,5.6033
20251115,Dharwad,15.4589,75.0078,16.78,79.27,2.28,5.6652
20251116,Dharwad,15.4589,75.0078,17.67,80.28,2.64,5.5874
20251117,Dharwad,15.4589,75.0078,16.84,78.25,2.65,5.7091
20251118,Dharwad,15.4589,75.0078,17.66,78.08,2.53,5.5541
20251119,Dharwad,15.4589,75.0078,19.8,82.89,2.29,4.3514
20251120,Dharwad,15.4589,75.0078,18.44,79.11,2.48,5.4372
20251121,Dharwad,15.4589,75.0078,20.35,83.83,2.32,5.334
20251122,Dharwad,15.4589,75.0078,22.44,87.99,2.54,4.0675
20251123,Dharwad,15.4589,75.0078,22.61,86.29,2.07,4.4801
20251124,Dharwad,15.4589,75.0078,22.67,86.02,2.12,3.9535
20251125,Dharwad,15.4589,75.0078,21.37,82.12,2.64,5.1406
20251126,Dharwad,15.4589,75.0078,19.5,81.71,2.64,3.9523
20251127,Dharwad,15.4589,75.0078,19.75,81.21,2.86,4.8816
20251128,Dharwad,15.4589,75.0078,19.7,80.45,2.53,4.5542
20251129,Dharwad,15.4589,75.0078,18.21,78.96,2.2,4.4438
20251130,Dharwad,15.4589,75.0078,20.5,84.14,2.1,4.7748
20251201,Dharwad,15.4589,75.0078,20.56,79.49,1.86,4.9126
20251202,Dharwad,15.4589,75.0078,20.59,83.75,1.79,4.2547
20251203,Dharwad,15.4589,75.0078,21.83,83.67,2.53,4.3649
20251204,Dharwad,15.4589,75.0078,22.19,85.31,2.89,3.125
20251205,Dharwad,15.4589,75.0078,21.94,85.08,2.95,2.7838
20251206,Dharwad,15.4589,75.0078,20.37,82.81,2.65,4.325
20251207,Dharwad,15.4589,75.0078,20.3,79.16,2.74,4.5888
20251208,Dharwad,15.4589,75.0078,19.3,74.39,2.34,4.6697
20251209,Dharwad,15.4589,75.0078,17.97,68.77,2.76,5.4622
20251210,Dharwad,15.4589,75.0078,17.42,66.75,2.91,5.5255
20251211,Dharwad,15.4589,75.0078,16.85,67.27,2.65,5.605
20251212,Dharwad,15.4589,75.0078,16.68,64.74,2.22,5.5414
20251213,Dharwad,15.4589,75.0078,17.1,64.26,1.96,5.4746
20251214,Dharwad,15.4589,75.0078,17.67,70.11,2.23,5.1581
20251215,Dharwad,15.4589,75.0078,18.11,72.26,2.65,5.0045
20251216,Dharwad,15.4589,75.0078,19.07,74.5,2.52,5.0182
20251217,Dharwad,15.4589,75.0078,20.67,73.85,2.74,5.0242
20251218,Dharwad,15.4589,75.0078,18.35,65.91,2.67,5.3227
20251219,Dharwad,15.4589,75.0078,17.12,62.77,2.64,4.9306
20251220,Dharwad,15.4589,75.0078,17.17,60.27,2.18,5.2409
20251221,Dharwad,15.4589,75.0078,17.74,68.79,2.22,4.8175
20251222,Dharwad,15.4589,75.0078,18.94,73.24,2.29,4.7347
20251223,Dharwad,15.4589,75.0078,18.88,71.4,2.38,4.6531
20251224,Dharwad,15.4589,75.0078,18.26,70.82,2.19,4.9342
20251225,Dharwad,15.4589,75.0078,18.51,71.59,2.14,4.704
20251226,Dharwad,15.4589,75.0078,18.98,71.54,2.11,4.9222
20251227,Dharwad,15.4589,75.0078,18.85,69.74,2.37,4.8946
20251228,Dharwad,15.4589,75.0078,18.57,68.92,2.21,4.9178
20251229,Dharwad,15.4589,75.0078,19.63,67.92,2.04,4.8766
20251230,Dharwad,15.4589,75.0078,20.51,66.56,1.21,4.787
20251231,Dharwad,15.4589,75.0078,20.21,67.47,1.3,4.7434
