Date,District,Latitude,Longitude,Temperature,Humidity,WindSpeed,GHI
20200101,Gadag,15.4315,75.635,23.45,74.32,1.94,4.4359
20200102,Gadag,15.4315,75.635,24.03,72.2,1.05,4.5022
20200103,Gadag,15.4315,75.635,22.82,67.6,1.64,4.8859
20200104,Gadag,15.4315,75.635,21.58,65.11,1.96,5.4007
20200105,Gadag,15.4315,75.635,22.02,62.92,1.9,4.5554
20200106,Gadag,15.4315,75.635,23.18,72.04,3.26,3.4363
20200107,Gadag,15.4315,75.635,24.5,69.99,2.52,4.0937
20200108,Gadag,15.4315,75.635,24.26,70.85,1.91,4.0229
20200109,Gadag,15.4315,75.635,24.16,69.6,1.3,4.656
20200110,Gadag,15.4315,75.635,23.92,64.54,2.83,4.2734
20200111,Gadag,15.4315,75.635,23.58,65.23,2.53,4.3925
20200112,Gadag,15.4315,75.635,22.96,62.55,2.38,4.4306
20200113,Gadag,15.4315,75.635,22.89,56.48,0.88,5.3218
20200114,Gadag,15.4315,75.635,22.86,61.64,0.71,5.268
20200115,Gadag,15.4315,75.635,22.18,59.14,1.89,5.4072
20200116,Gadag,15.4315,75.635,21.92,59.51,1.25,5.1007
20200117,Gadag,15.4315,75.635,22.43,57.67,1.3,5.5277
20200118,Gadag,15.4315,75.635,23.38,64.51,1.65,5.3546
20200119,Gadag,15.4315,75.635,24.41,61.7,1.16,5.0573
20200120,Gadag,15.4315,75.635,25.18,54.79,1.76,5.077
20200121,Gadag,15.4315,75.635,24.43,52.35,2.48,5.2634
20200122,Gadag,15.4315,75.635,23.17,51.79,3.11,5.7228
20200123,Gadag,15.4315,75.635,23.45,52.56,2.94,5.7626
20200124,Gadag,15.4315,75.635,23.3,49.8,2.43,5.8322
20200125,Gadag,15.4315,75.635,23.78,44.52,1.87,5.6616
20200126,Gadag,15.4315,75.635,24.59,43.74,1.45,5.6676
20200127,Gadag,15.4315,75.635,25.07,50.4,2.62,5.5908
20200128,Gadag,15.4315,75.635,23.75,66.17,2.89,4.9207
20200129,Gadag,15.4315,75.635,23.11,59.5,2.21,6.091
20200130,Gadag,15.4315,75.635,23.98,52.4,1.88,6.0485
20200131,Gadag,15.4315,75.635,23.97,46.81,2.19,5.9614
20200201,Gadag,15.4315,75.635,24.1,53.52,2.19,5.7096
20200202,Gadag,15.4315,75.635,25.26,53.12,1.83,4.6805
20200203,Gadag,15.4315,75.635,25.96,48.92,1.29,5.304
20200204,Gadag,15.4315,75.635,25.51,46.23,1.32,5.8265
20200205,Gadag,15.4315,75.635,25.64,48.48,1.91,5.6081
20200206,Gadag,15.4315,75.635,25.39,52.74,2.45,5.7965
20200207,Gadag,15.4315,75.635,24.02,55.59,2.65,5.863
20200208,Gadag,15.4315,75.635,22.81,47.98,2.52,6.1774
20200209,Gadag,15.4315,75.635,23.6,52.78,2.33,5.5255
20200210,Gadag,15.4315,75.635,24.92,55.5,3.37,4.9099
20200211,Gadag,15.4315,75.635,25.29,53.3,3.82,5.3122
20200212,Gadag,15.4315,75.635,25.15,50.59,3.24,5.7715
20200213,Gadag,15.4315,75.635,25.31,44.63,2.61,5.8675
20200214,Gadag,15.4315,75.635,25.63,32.21,1.63,6.12
20200215,Gadag,15.4315,75.635,26.63,26.22,1.08,6.2621
20200216,Gadag,15.4315,75.635,25.81,30.34,2.16,6.2981
20200217,Gadag,15.4315,75.635,25.77,31.79,2.56,6.2758
20200218,Gadag,15.4315,75.635,25.4,32.44,2.48,6.1464
20200219,Gadag,15.4315,75.635,26.03,30.08,1.93,6.4085
20200220,Gadag,15.4315,75.635,26.2,39.9,2.66,6.2813
20200221,Gadag,15.4315,75.635,25.76,35.27,3.23,6.6106
20200222,Gadag,15.4315,75.635,25.63,36.7,3.52,6.6269
20200223,Gadag,15.4315,75.635,25.78,41.37,3.27,6.5887
20200224,Gadag,15.4315,75.635,26.99,39.2,2.39,6.5796
20200225,Gadag,15.4315,75.635,27.21,30.86,0.93,5.8248
20200226,Gadag,15.4315,75.635,26.68,30.39,3.1,5.9556
20200227,Gadag,15.4315,75.635,26.99,35.38,2.58,5.0345
20200228,Gadag,15.4315,75.635,28.02,38.71,2.43,5.2764
20200229,Gadag,15.4315,75.635,28.13,42.71,2.17,5.0662
20200301,Gadag,15.4315,75.635,28.59,43.07,1.69,5.322
20200302,Gadag,15.4315,75.635,28.35,44.26,1.12,5.4636
20200303,Gadag,15.4315,75.635,28.53,40.43,2.42,5.8942
20200304,Gadag,15.4315,75.635,27.01,42.59,3.12,6.6257
20200305,Gadag,15.4315,75.635,25.81,49.07,3.07,5.9803
20200306,Gadag,15.4315,75.635,25.19,53.27,3.47,6.7622
20200307,Gadag,15.4315,75.635,26.23,49.93,2.76,5.5483
20200308,Gadag,15.4315,75.635,28.07,45.06,2.01,5.8757
20200309,Gadag,15.4315,75.635,28.56,45.81,2.09,5.8205
20200310,Gadag,15.4315,75.635,28.66,44.43,2.38,6.5765
20200311,Gadag,15.4315,75.635,27.84,51.46,2.74,6.132
20200312,Gadag,15.4315,75.635,27.76,48.7,2.63,6.5662
20200313,Gadag,15.4315,75.635,28.47,45.26,1.97,6.7735
20200314,Gadag,15.4315,75.635,29.85,33.25,1.77,6.8016
20200315,Gadag,15.4315,75.635,30.73,29.99,1.99,6.8342
20200316,Gadag,15.4315,75.635,31.02,33.31,2.48,6.666
20200317,Gadag,15.4315,75.635,30.84,33.33,2.86,6.0403
20200318,Gadag,15.4315,75.635,30.81,35.82,1.85,6.049
20200319,Gadag,15.4315,75.635,30.88,35.77,1.9,6.413
20200320,Gadag,15.4315,75.635,30.14,25.04,3.1,7.0807
20200321,Gadag,15.4315,75.635,28.52,28.19,1.9,7.4165
20200322,Gadag,15.4315,75.635,28.75,25.19,1.78,7.4186
20200323,Gadag,15.4315,75.635,29.67,38.38,1.24,7.0646
20200324,Gadag,15.4315,75.635,31.25,35.06,2.01,6.0893
20200325,Gadag,15.4315,75.635,30.84,39.5,1.94,5.8361
20200326,Gadag,15.4315,75.635,30.88,34.55,2.57,6.7771
20200327,Gadag,15.4315,75.635,30.29,30.18,2.59,7.1268
20200328,Gadag,15.4315,75.635,29.79,25.47,2.9,7.3658
20200329,Gadag,15.4315,75.635,29.88,23.64,2.45,7.0212
20200330,Gadag,15.4315,75.635,30.09,32.94,2.12,6.6346
20200331,Gadag,15.4315,75.635,30.3,25.46,2.31,7.2679
20200401,Gadag,15.4315,75.635,30.89,27.22,1.73,7.1702
20200402,Gadag,15.4315,75.635,32.21,31.86,1.93,6.8436
20200403,Gadag,15.4315,75.635,32.54,38.27,2.11,6.5854
20200404,Gadag,15.4315,75.635,32.29,36.53,1.6,5.8882
20200405,Gadag,15.4315,75.635,31.48,40.88,2.23,5.8709
20200406,Gadag,15.4315,75.635,30.92,43.75,1.48,5.5776
20200407,Gadag,15.4315,75.635,29.7,50.6,1.72,6.491
20200408,Gadag,15.4315,75.635,26.46,66.82,1.62,7.4297
20200409,Gadag,15.4315,75.635,26.75,51.59,2.07,7.4251
20200410,Gadag,15.4315,75.635,27.45,57.33,2.07,5.9755
20200411,Gadag,15.4315,75.635,27.82,53.18,2.85,7.2209
20200412,Gadag,15.4315,75.635,28.71,49.88,2.33,6.5472
20200413,Gadag,15.4315,75.635,29.03,51.72,2.04,6.6809
20200414,Gadag,15.4315,75.635,28.88,43.97,2.71,7.062
20200415,Gadag,15.4315,75.635,28.74,41.42,2.26,6.9086
20200416,Gadag,15.4315,75.635,28.99,49.03,1.5,6.1241
20200417,Gadag,15.4315,75.635,29.8,57.23,1.12,6.2597
20200418,Gadag,15.4315,75.635,29.36,59.57,1.11,6.5285
20200419,Gadag,15.4315,75.635,29.49,58.75,2.85,6.7846
20200420,Gadag,15.4315,75.635,29.66,50.87,2.04,6.8057
20200421,Gadag,15.4315,75.635,29.71,54.61,1.53,6.1994
20200422,Gadag,15.4315,75.635,29.75,49.41,1.96,7.3651
20200423,Gadag,15.4315,75.635,29.93,55.92,3.18,7.266
20200424,Gadag,15.4315,75.635,29.84,55.61,3.36,7.1479
20200425,Gadag,15.4315,75.635,29.71,56.74,2.84,7.2905
20200426,Gadag,15.4315,75.635,30.14,47.07,2.58,7.6087
20200427,Gadag,15.4315,75.635,30.36,46.38,3.23,7.6493
20200428,Gadag,15.4315,75.635,31.04,49.35,2.3,6.8237
20200429,Gadag,15.4315,75.635,29.65,55.18,2.08,5.6969
20200430,Gadag,15.4315,75.635,30.28,53.96,1.56,6.1721
20200501,Gadag,15.4315,75.635,30.14,56.76,1.93,6.5458
20200502,Gadag,15.4315,75.635,30.93,54.71,1.96,6.169
20200503,Gadag,15.4315,75.635,31.31,55.25,2.3,6.4411
20200504,Gadag,15.4315,75.635,31.3,53.9,1.99,6.1831
20200505,Gadag,15.4315,75.635,31.26,51.24,2.06,6.5374
20200506,Gadag,15.4315,75.635,31.58,52.93,2.19,6.6706
20200507,Gadag,15.4315,75.635,29.71,61.94,1.95,7.0522
20200508,Gadag,15.4315,75.635,30.58,56.56,2.0,6.1411
20200509,Gadag,15.4315,75.635,31.53,50.76,2.06,6.4918
20200510,Gadag,15.4315,75.635,28.17,58.35,1.25,4.7383
20200511,Gadag,15.4315,75.635,30.06,51.03,2.45,6.8273
20200512,Gadag,15.4315,75.635,31.41,50.35,2.04,6.4733
20200513,Gadag,15.4315,75.635,31.73,49.06,1.62,6.2755
20200514,Gadag,15.4315,75.635,32.17,51.15,2.38,6.6264
20200515,Gadag,15.4315,75.635,30.38,57.93,2.02,6.2234
20200516,Gadag,15.4315,75.635,29.42,62.53,2.36,5.4696
20200517,Gadag,15.4315,75.635,27.41,68.93,3.41,5.5507
20200518,Gadag,15.4315,75.635,27.61,64.67,4.11,5.5937
20200519,Gadag,15.4315,75.635,28.08,66.24,4.82,6.0108
20200520,Gadag,15.4315,75.635,29.29,61.75,3.95,7.0661
20200521,Gadag,15.4315,75.635,29.63,60.26,3.91,6.8462
20200522,Gadag,15.4315,75.635,30.56,56.1,3.2,7.014
20200523,Gadag,15.4315,75.635,31.36,52.58,3.01,7.3594
20200524,Gadag,15.4315,75.635,31.65,52.6,2.81,7.2701
20200525,Gadag,15.4315,75.635,31.38,55.87,3.31,7.0536
20200526,Gadag,15.4315,75.635,28.81,68.83,3.5,6.8719
20200527,Gadag,15.4315,75.635,30.02,61.33,3.6,6.3494
20200528,Gadag,15.4315,75.635,29.77,60.14,4.37,7.4491
20200529,Gadag,15.4315,75.635,29.82,60.31,4.27,7.0774
20200530,Gadag,15.4315,75.635,27.43,73.78,2.23,5.6266
20200531,Gadag,15.4315,75.635,26.7,78.65,1.99,3.5974
20200601,Gadag,15.4315,75.635,25.81,77.41,2.3,3.6007
20200602,Gadag,15.4315,75.635,25.49,81.69,3.85,4.9416
20200603,Gadag,15.4315,75.635,25.28,78.77,5.92,2.8006
20200604,Gadag,15.4315,75.635,26.36,72.53,5.29,4.0685
20200605,Gadag,15.4315,75.635,26.83,68.09,4.82,6.169
20200606,Gadag,15.4315,75.635,26.13,69.26,4.94,6.689
20200607,Gadag,15.4315,75.635,27.05,68.6,4.72,6.0902
20200608,Gadag,15.4315,75.635,26.76,68.21,5.01,6.4697
20200609,Gadag,15.4315,75.635,26.65,60.66,4.74,6.229
20200610,Gadag,15.4315,75.635,27.04,68.59,4.94,5.7626
20200611,Gadag,15.4315,75.635,25.25,76.5,4.51,3.8966
20200612,Gadag,15.4315,75.635,24.93,77.22,4.93,3.7642
20200613,Gadag,15.4315,75.635,25.23,73.86,6.03,4.6241
20200614,Gadag,15.4315,75.635,26.03,73.84,6.42,5.2862
20200615,Gadag,15.4315,75.635,27.06,72.36,6.24,4.9582
20200616,Gadag,15.4315,75.635,26.12,82.2,6.14,3.4908
20200617,Gadag,15.4315,75.635,25.33,81.84,5.48,3.3247
20200618,Gadag,15.4315,75.635,25.49,78.36,5.44,3.5887
20200619,Gadag,15.4315,75.635,26.0,77.94,5.02,5.1394
20200620,Gadag,15.4315,75.635,26.55,72.68,4.96,5.5637
20200621,Gadag,15.4315,75.635,26.26,74.22,4.75,6.5335
20200622,Gadag,15.4315,75.635,25.77,76.29,4.62,5.5409
20200623,Gadag,15.4315,75.635,25.89,70.7,4.32,6.6014
20200624,Gadag,15.4315,75.635,26.35,71.38,3.7,6.7608
20200625,Gadag,15.4315,75.635,26.72,71.68,2.73,6.5686
20200626,Gadag,15.4315,75.635,26.31,75.16,3.18,5.7703
20200627,Gadag,15.4315,75.635,26.41,77.06,3.3,5.6467
20200628,Gadag,15.4315,75.635,25.84,79.34,3.5,4.7638
20200629,Gadag,15.4315,75.635,26.1,79.5,3.06,4.5605
20200630,Gadag,15.4315,75.635,24.92,81.44,3.68,4.5706
20200701,Gadag,15.4315,75.635,25.45,75.48,5.03,5.2126
20200702,Gadag,15.4315,75.635,24.53,79.7,5.56,5.0503
20200703,Gadag,15.4315,75.635,25.39,76.7,6.7,4.5547
20200704,Gadag,15.4315,75.635,25.34,78.94,6.26,3.9122
20200705,Gadag,15.4315,75.635,24.87,78.74,6.38,3.4044
20200706,Gadag,15.4315,75.635,24.56,81.04,5.54,4.4738
20200707,Gadag,15.4315,75.635,25.38,79.57,5.92,4.1753
20200708,Gadag,15.4315,75.635,24.66,80.11,5.1,3.7531
20200709,Gadag,15.4315,75.635,24.32,84.9,4.15,2.4288
20200710,Gadag,15.4315,75.635,24.19,83.1,4.56,4.3526
20200711,Gadag,15.4315,75.635,24.8,78.63,4.45,5.4218
20200712,Gadag,15.4315,75.635,24.18,81.89,4.05,4.9272
20200713,Gadag,15.4315,75.635,24.03,84.04,3.79,4.7162
20200714,Gadag,15.4315,75.635,24.07,87.54,4.45,4.1921
20200715,Gadag,15.4315,75.635,23.35,85.47,5.44,3.1277
20200716,Gadag,15.4315,75.635,23.9,82.42,5.68,1.877
20200717,Gadag,15.4315,75.635,24.33,82.83,5.06,4.0934
20200718,Gadag,15.4315,75.635,24.15,85.14,3.98,4.7518
20200719,Gadag,15.4315,75.635,24.7,82.08,2.88,5.1922
20200720,Gadag,15.4315,75.635,25.21,83.24,2.66,4.8629
20200721,Gadag,15.4315,75.635,25.48,80.89,1.63,5.197
20200722,Gadag,15.4315,75.635,24.63,85.83,1.83,5.4898
20200723,Gadag,15.4315,75.635,24.94,83.57,1.25,3.4543
20200724,Gadag,15.4315,75.635,24.43,82.92,1.93,4.3615
20200725,Gadag,15.4315,75.635,23.83,84.1,3.17,3.5042
20200726,Gadag,15.4315,75.635,23.82,84.05,3.97,5.0789
20200727,Gadag,15.4315,75.635,24.67,80.85,3.94,4.788
20200728,Gadag,15.4315,75.635,23.74,89.39,3.36,5.0618
20200729,Gadag,15.4315,75.635,24.64,85.39,3.06,4.8221
20200730,Gadag,15.4315,75.635,25.14,83.2,3.14,5.0942
20200731,Gadag,15.4315,75.635,25.21,82.64,2.78,5.1012
20200801,Gadag,15.4315,75.635,24.23,85.11,3.44,5.0837
20200802,Gadag,15.4315,75.635,24.0,83.75,5.35,4.5077
20200803,Gadag,15.4315,75.635,23.76,85.31,6.5,3.9034
20200804,Gadag,15.4315,75.635,23.65,87.49,7.59,3.5009
20200805,Gadag,15.4315,75.635,24.01,87.55,7.82,1.938
20200806,Gadag,15.4315,75.635,25.14,84.02,7.24,4.2758
20200807,Gadag,15.4315,75.635,25.23,83.95,6.43,4.3284
20200808,Gadag,15.4315,75.635,24.27,85.58,5.41,3.312
20200809,Gadag,15.4315,75.635,24.04,86.91,5.22,4.7479
20200810,Gadag,15.4315,75.635,23.87,88.12,4.51,2.9405
20200811,Gadag,15.4315,75.635,24.43,84.46,5.11,4.7062
20200812,Gadag,15.4315,75.635,24.25,85.1,5.07,3.8758
20200813,Gadag,15.4315,75.635,23.42,88.2,4.89,2.6395
20200814,Gadag,15.4315,75.635,23.49,87.66,5.43,3.4282
20200815,Gadag,15.4315,75.635,23.51,88.88,5.42,2.2658
20200816,Gadag,15.4315,75.635,23.73,89.21,4.97,2.0458
20200817,Gadag,15.4315,75.635,24.04,88.72,4.58,3.2172
20200818,Gadag,15.4315,75.635,24.42,85.45,4.74,4.6999
20200819,Gadag,15.4315,75.635,24.57,84.66,4.57,4.518
20200820,Gadag,15.4315,75.635,23.65,88.15,5.15,4.2595
20200821,Gadag,15.4315,75.635,23.91,87.23,5.0,3.8306
20200822,Gadag,15.4315,75.635,24.46,86.07,4.38,4.7369
20200823,Gadag,15.4315,75.635,24.65,85.39,3.98,4.5979
20200824,Gadag,15.4315,75.635,24.85,84.9,3.62,4.1705
20200825,Gadag,15.4315,75.635,24.61,84.77,3.28,5.1619
20200826,Gadag,15.4315,75.635,24.44,83.99,2.92,5.1749
20200827,Gadag,15.4315,75.635,24.54,82.4,3.94,4.6608
20200828,Gadag,15.4315,75.635,24.39,83.33,3.5,4.4897
20200829,Gadag,15.4315,75.635,24.3,85.21,3.58,4.3788
20200830,Gadag,15.4315,75.635,24.32,85.55,3.07,4.3037
20200831,Gadag,15.4315,75.635,24.42,85.09,2.63,5.3585
20200901,Gadag,15.4315,75.635,24.61,84.7,2.57,5.7118
20200902,Gadag,15.4315,75.635,23.7,88.49,1.95,3.8366
20200903,Gadag,15.4315,75.635,24.83,83.36,1.74,5.5906
20200904,Gadag,15.4315,75.635,25.48,83.86,2.08,5.4468
20200905,Gadag,15.4315,75.635,26.01,79.37,2.39,5.8512
20200906,Gadag,15.4315,75.635,25.82,81.09,2.15,5.6186
20200907,Gadag,15.4315,75.635,25.86,81.43,0.95,5.9746
20200908,Gadag,15.4315,75.635,24.92,84.78,1.16,4.1849
20200909,Gadag,15.4315,75.635,25.53,83.38,1.21,5.7739
20200910,Gadag,15.4315,75.635,24.76,86.42,1.9,5.5757
20200911,Gadag,15.4315,75.635,23.99,88.46,3.43,4.0046
20200912,Gadag,15.4315,75.635,23.53,87.83,4.21,3.5004
20200913,Gadag,15.4315,75.635,23.01,87.61,3.89,3.0374
20200914,Gadag,15.4315,75.635,21.92,89.04,3.79,3.3854
20200915,Gadag,15.4315,75.635,22.53,89.94,3.28,4.6157
20200916,Gadag,15.4315,75.635,23.64,87.83,3.53,4.0534
20200917,Gadag,15.4315,75.635,23.86,87.91,3.41,4.5823
20200918,Gadag,15.4315,75.635,24.2,88.03,3.47,3.9391
20200919,Gadag,15.4315,75.635,22.78,89.37,3.93,2.9822
20200920,Gadag,15.4315,75.635,22.96,90.45,3.51,4.2077
20200921,Gadag,15.4315,75.635,22.94,88.45,5.51,3.1831
20200922,Gadag,15.4315,75.635,22.76,86.97,5.52,3.6139
20200923,Gadag,15.4315,75.635,22.6,86.36,4.89,4.5641
20200924,Gadag,15.4315,75.635,23.46,87.7,3.85,4.1534
20200925,Gadag,15.4315,75.635,23.98,89.56,3.36,4.0073
20200926,Gadag,15.4315,75.635,22.54,93.25,3.32,2.1794
20200927,Gadag,15.4315,75.635,23.45,85.73,2.52,3.9235
20200928,Gadag,15.4315,75.635,24.02,85.1,2.17,5.6333
20200929,Gadag,15.4315,75.635,24.2,86.91,2.61,5.197
20200930,Gadag,15.4315,75.635,23.41,88.24,2.86,5.2205
20201001,Gadag,15.4315,75.635,23.25,87.67,2.58,4.8058
20201002,Gadag,15.4315,75.635,24.24,86.17,1.83,5.1199
20201003,Gadag,15.4315,75.635,24.43,84.8,2.17,4.7899
20201004,Gadag,15.4315,75.635,23.08,85.66,3.25,4.4333
20201005,Gadag,15.4315,75.635,23.42,85.28,2.76,5.0976
20201006,Gadag,15.4315,75.635,24.34,85.31,2.09,5.7588
20201007,Gadag,15.4315,75.635,24.81,81.85,2.12,4.8943
20201008,Gadag,15.4315,75.635,24.72,72.22,1.14,5.4792
20201009,Gadag,15.4315,75.635,25.01,81.59,1.03,4.8355
20201010,Gadag,15.4315,75.635,23.89,91.76,1.56,4.6498
20201011,Gadag,15.4315,75.635,22.62,93.09,1.98,3.3816
20201012,Gadag,15.4315,75.635,22.88,92.64,1.93,3.1049
20201013,Gadag,15.4315,75.635,23.35,88.38,1.39,4.0337
20201014,Gadag,15.4315,75.635,23.17,94.65,3.69,2.6335
20201015,Gadag,15.4315,75.635,23.69,88.98,4.86,3.3612
20201016,Gadag,15.4315,75.635,23.29,88.12,2.76,3.611
20201017,Gadag,15.4315,75.635,23.43,86.74,2.0,5.3566
20201018,Gadag,15.4315,75.635,22.81,86.34,1.93,5.6698
20201019,Gadag,15.4315,75.635,23.84,86.38,1.67,4.8593
20201020,Gadag,15.4315,75.635,23.35,91.08,1.75,3.5311
20201021,Gadag,15.4315,75.635,23.09,89.29,1.1,3.359
20201022,Gadag,15.4315,75.635,24.17,86.19,1.36,4.3255
20201023,Gadag,15.4315,75.635,24.65,85.04,1.09,4.8036
20201024,Gadag,15.4315,75.635,23.89,86.05,1.37,4.7398
20201025,Gadag,15.4315,75.635,24.32,82.69,0.89,4.9102
20201026,Gadag,15.4315,75.635,24.13,84.95,1.38,5.0926
20201027,Gadag,15.4315,75.635,22.93,83.41,2.0,4.8463
20201028,Gadag,15.4315,75.635,22.21,83.6,1.84,4.848
20201029,Gadag,15.4315,75.635,21.85,82.36,1.74,5.2673
20201030,Gadag,15.4315,75.635,22.75,83.07,1.48,4.2031
20201031,Gadag,15.4315,75.635,23.09,82.24,1.33,4.1777
20201101,Gadag,15.4315,75.635,22.43,80.51,1.51,4.957
20201102,Gadag,15.4315,75.635,21.9,79.36,1.72,5.485
20201103,Gadag,15.4315,75.635,23.21,84.11,2.14,5.1552
20201104,Gadag,15.4315,75.635,22.26,80.34,2.39,5.033
20201105,Gadag,15.4315,75.635,20.92,74.62,2.13,5.1938
20201106,Gadag,15.4315,75.635,21.38,79.16,2.06,5.1581
20201107,Gadag,15.4315,75.635,23.02,88.65,2.45,4.3217
20201108,Gadag,15.4315,75.635,23.19,86.82,2.37,4.3562
20201109,Gadag,15.4315,75.635,21.22,81.14,2.02,5.5416
20201110,Gadag,15.4315,75.635,18.15,77.22,2.24,5.9669
20201111,Gadag,15.4315,75.635,18.83,80.62,2.34,5.9839
20201112,Gadag,15.4315,75.635,21.84,87.88,3.15,5.083
20201113,Gadag,15.4315,75.635,23.46,86.91,2.96,3.1613
20201114,Gadag,15.4315,75.635,22.86,84.83,2.76,5.7902
20201115,Gadag,15.4315,75.635,22.56,84.25,3.03,5.809
20201116,Gadag,15.4315,75.635,23.87,87.58,3.27,2.7499
20201117,Gadag,15.4315,75.635,23.84,85.91,3.12,3.5695
20201118,Gadag,15.4315,75.635,23.83,85.52,2.77,4.8593
20201119,Gadag,15.4315,75.635,23.52,85.03,2.7,5.2414
20201120,Gadag,15.4315,75.635,22.98,82.41,2.36,5.7434
20201121,Gadag,15.4315,75.635,22.23,79.56,1.66,5.7574
20201122,Gadag,15.4315,75.635,22.2,82.93,1.4,4.986
20201123,Gadag,15.4315,75.635,21.69,86.7,1.44,3.9996
20201124,Gadag,15.4315,75.635,20.67,85.6,2.13,4.6306
20201125,Gadag,15.4315,75.635,22.09,84.12,2.86,5.3815
20201126,Gadag,15.4315,75.635,21.52,85.65,3.19,2.9285
20201127,Gadag,15.4315,75.635,20.71,85.16,3.49,3.2582
20201128,Gadag,15.4315,75.635,21.51,86.24,3.78,1.8854
20201129,Gadag,15.4315,75.635,22.42,85.19,2.8,2.3436
20201130,Gadag,15.4315,75.635,22.52,82.02,2.58,4.9572
20201201,Gadag,15.4315,75.635,21.07,81.32,2.37,4.5372
20201202,Gadag,15.4315,75.635,19.7,79.71,2.17,5.4734
20201203,Gadag,15.4315,75.635,20.35,79.86,1.9,4.5994
20201204,Gadag,15.4315,75.635,21.69,82.47,2.49,4.9421
20201205,Gadag,15.4315,75.635,21.96,81.18,2.55,5.1984
20201206,Gadag,15.4315,75.635,21.99,81.24,3.26,5.4962
20201207,Gadag,15.4315,75.635,22.36,81.0,3.49,4.2468
20201208,Gadag,15.4315,75.635,22.33,82.26,3.32,2.945
20201209,Gadag,15.4315,75.635,22.41,80.27,2.91,2.8759
20201210,Gadag,15.4315,75.635,21.66,76.68,2.01,4.7858
20201211,Gadag,15.4315,75.635,21.26,74.09,1.72,5.2027
20201212,Gadag,15.4315,75.635,20.32,71.13,2.04,5.2939
20201213,Gadag,15.4315,75.635,20.85,71.24,1.62,5.3136
20201214,Gadag,15.4315,75.635,20.96,73.5,1.77,5.0981
20201215,Gadag,15.4315,75.635,20.65,71.75,2.61,5.2802
20201216,Gadag,15.4315,75.635,21.51,77.04,2.83,5.087
20201217,Gadag,15.4315,75.635,21.88,73.19,2.52,4.2204
20201218,Gadag,15.4315,75.635,21.7,75.68,2.48,4.5794
20201219,Gadag,15.4315,75.635,21.02,74.48,3.15,4.4542
20201220,Gadag,15.4315,75.635,20.02,71.34,3.28,4.6332
20201221,Gadag,15.4315,75.635,19.15,72.15,2.71,5.2742
20201222,Gadag,15.4315,75.635,18.74,68.69,2.18,5.2918
20201223,Gadag,15.4315,75.635,19.76,70.15,2.04,5.2296
20201224,Gadag,15.4315,75.635,21.26,71.48,2.0,5.0282
20201225,Gadag,15.4315,75.635,21.34,70.92,2.49,5.0527
20201226,Gadag,15.4315,75.635,20.44,71.93,2.51,4.7477
20201227,Gadag,15.4315,75.635,20.48,71.09,2.03,4.89
20201228,Gadag,15.4315,75.635,20.6,69.11,1.74,4.8514
20201229,Gadag,15.4315,75.635,20.4,67.22,2.14,4.8586
20201230,Gadag,15.4315,75.635,21.94,71.3,2.84,4.7966
20201231,Gadag,15.4315,75.635,22.19,74.15,3.27,4.5278
20210101,Gadag,15.4315,75.635,22.08,72.4,3.15,4.4309
20210102,Gadag,15.4315,75.635,20.86,67.64,2.84,4.9877
20210103,Gadag,15.4315,75.635,21.85,69.43,2.78,4.1462
20210104,Gadag,15.4315,75.635,22.54,72.61,2.54,3.3144
20210105,Gadag,15.4315,75.635,22.23,76.31,2.0,4.2926
20210106,Gadag,15.4315,75.635,23.36,79.48,2.1,3.0758
20210107,Gadag,15.4315,75.635,23.03,82.28,2.6,2.7924
20210108,Gadag,15.4315,75.635,22.17,84.05,2.04,3.5297
20210109,Gadag,15.4315,75.635,23.7,77.65,2.37,3.4798
20210110,Gadag,15.4315,75.635,23.48,72.36,2.58,5.1074
20210111,Gadag,15.4315,75.635,23.41,71.31,2.55,4.8641
20210112,Gadag,15.4315,75.635,23.75,68.53,3.0,5.2034
20210113,Gadag,15.4315,75.635,22.87,71.18,2.63,4.7664
20210114,Gadag,15.4315,75.635,22.07,70.33,2.18,4.9913
20210115,Gadag,15.4315,75.635,23.04,69.53,2.22,4.6394
20210116,Gadag,15.4315,75.635,23.77,69.33,2.03,5.0165
20210117,Gadag,15.4315,75.635,24.07,68.09,2.49,5.0964
20210118,Gadag,15.4315,75.635,23.42,67.11,2.69,5.0806
20210119,Gadag,15.4315,75.635,23.05,68.02,2.12,5.2104
20210120,Gadag,15.4315,75.635,22.89,64.19,1.55,5.3134
20210121,Gadag,15.4315,75.635,23.74,55.69,0.87,5.3002
20210122,Gadag,15.4315,75.635,23.42,60.33,1.71,5.063
20210123,Gadag,15.4315,75.635,23.45,65.44,1.51,5.245
20210124,Gadag,15.4315,75.635,23.4,59.54,1.28,5.4552
20210125,Gadag,15.4315,75.635,22.98,56.4,1.46,5.6201
20210126,Gadag,15.4315,75.635,22.78,50.39,1.31,5.7062
20210127,Gadag,15.4315,75.635,22.03,52.51,1.51,5.6314
20210128,Gadag,15.4315,75.635,22.19,58.81,1.85,5.477
20210129,Gadag,15.4315,75.635,22.97,54.44,2.55,5.4523
20210130,Gadag,15.4315,75.635,22.97,48.64,1.62,5.8217
20210131,Gadag,15.4315,75.635,23.16,49.65,2.02,5.4871
20210201,Gadag,15.4315,75.635,23.36,51.58,3.31,5.4595
20210202,Gadag,15.4315,75.635,23.4,51.59,2.94,5.5798
20210203,Gadag,15.4315,75.635,23.1,52.88,2.38,5.647
20210204,Gadag,15.4315,75.635,23.16,50.22,2.32,5.9587
20210205,Gadag,15.4315,75.635,23.47,48.2,1.51,5.897
20210206,Gadag,15.4315,75.635,23.73,42.53,1.74,6.048
20210207,Gadag,15.4315,75.635,22.86,43.37,3.2,6.071
20210208,Gadag,15.4315,75.635,21.99,33.33,3.43,6.2455
20210209,Gadag,15.4315,75.635,22.5,45.88,2.66,5.9753
20210210,Gadag,15.4315,75.635,23.06,41.8,2.22,6.2566
20210211,Gadag,15.4315,75.635,23.34,39.09,2.17,6.2986
20210212,Gadag,15.4315,75.635,23.77,42.1,2.31,6.0756
20210213,Gadag,15.4315,75.635,23.38,39.11,2.27,6.2218
20210214,Gadag,15.4315,75.635,23.48,36.35,1.44,6.2633
20210215,Gadag,15.4315,75.635,24.0,38.51,1.32,6.205
20210216,Gadag,15.4315,75.635,24.48,43.44,1.73,5.9098
20210217,Gadag,15.4315,75.635,25.64,53.15,0.92,5.0894
20210218,Gadag,15.4315,75.635,25.34,45.34,2.66,5.207
20210219,Gadag,15.4315,75.635,23.16,55.49,3.64,4.8809
20210220,Gadag,15.4315,75.635,22.35,58.62,4.01,4.7606
20210221,Gadag,15.4315,75.635,22.25,64.94,3.11,3.2479
20210222,Gadag,15.4315,75.635,23.42,63.51,2.15,4.8384
20210223,Gadag,15.4315,75.635,24.86,57.69,2.1,5.7574
20210224,Gadag,15.4315,75.635,25.45,51.54,1.97,6.3662
20210225,Gadag,15.4315,75.635,26.43,47.1,1.01,6.3991
20210226,Gadag,15.4315,75.635,27.28,46.02,1.85,6.0014
20210227,Gadag,15.4315,75.635,27.63,41.75,1.52,5.477
20210228,Gadag,15.4315,75.635,27.9,36.28,2.25,6.2282
20210301,Gadag,15.4315,75.635,26.63,33.48,2.09,6.367
20210302,Gadag,15.4315,75.635,27.33,30.85,2.23,5.1893
20210303,Gadag,15.4315,75.635,27.25,31.32,3.34,6.5909
20210304,Gadag,15.4315,75.635,26.77,30.0,3.27,6.9238
20210305,Gadag,15.4315,75.635,26.34,25.57,2.72,7.0294
20210306,Gadag,15.4315,75.635,26.68,24.95,1.29,6.9209
20210307,Gadag,15.4315,75.635,27.42,34.93,1.68,6.8021
20210308,Gadag,15.4315,75.635,27.28,25.17,2.77,6.7678
20210309,Gadag,15.4315,75.635,26.66,28.37,2.79,6.6487
20210310,Gadag,15.4315,75.635,26.86,27.51,2.8,6.9312
20210311,Gadag,15.4315,75.635,26.77,29.36,2.46,6.906
20210312,Gadag,15.4315,75.635,27.24,30.53,2.26,6.029
20210313,Gadag,15.4315,75.635,26.96,22.33,2.87,7.176
20210314,Gadag,15.4315,75.635,27.15,27.1,3.18,7.2679
20210315,Gadag,15.4315,75.635,27.48,26.82,2.78,7.2665
20210316,Gadag,15.4315,75.635,27.64,27.82,2.04,6.5376
20210317,Gadag,15.4315,75.635,28.3,26.78,2.26,5.6525
20210318,Gadag,15.4315,75.635,29.29,31.3,1.85,5.5862
20210319,Gadag,15.4315,75.635,29.88,31.02,1.29,5.7242
20210320,Gadag,15.4315,75.635,29.52,31.32,2.34,6.48
20210321,Gadag,15.4315,75.635,29.31,32.78,2.09,6.2606
20210322,Gadag,15.4315,75.635,29.79,28.97,2.63,6.0408
20210323,Gadag,15.4315,75.635,29.8,26.38,3.07,6.7534
20210324,Gadag,15.4315,75.635,29.53,29.36,2.81,6.197
20210325,Gadag,15.4315,75.635,29.37,31.45,1.91,5.7259
20210326,Gadag,15.4315,75.635,30.5,28.6,2.7,6.1224
20210327,Gadag,15.4315,75.635,30.7,29.33,2.37,6.1368
20210328,Gadag,15.4315,75.635,31.07,31.66,1.5,5.9239
20210329,Gadag,15.4315,75.635,30.57,34.14,1.75,6.3763
20210330,Gadag,15.4315,75.635,30.05,41.16,2.95,6.4106
20210331,Gadag,15.4315,75.635,30.57,32.45,2.65,7.4285
20210401,Gadag,15.4315,75.635,29.88,33.39,3.21,7.7026
20210402,Gadag,15.4315,75.635,29.59,41.75,3.14,7.5619
20210403,Gadag,15.4315,75.635,29.3,42.93,3.22,7.5646
20210404,Gadag,15.4315,75.635,29.69,39.86,3.05,7.1798
20210405,Gadag,15.4315,75.635,30.46,34.24,3.1,7.194
20210406,Gadag,15.4315,75.635,30.95,28.56,2.52,6.361
20210407,Gadag,15.4315,75.635,31.46,27.68,1.73,5.4972
20210408,Gadag,15.4315,75.635,30.74,39.15,1.7,5.7204
20210409,Gadag,15.4315,75.635,31.77,30.0,1.16,5.6599
20210410,Gadag,15.4315,75.635,31.85,33.11,1.98,5.6938
20210411,Gadag,15.4315,75.635,31.04,33.57,2.67,5.0074
20210412,Gadag,15.4315,75.635,30.96,36.79,2.78,5.8589
20210413,Gadag,15.4315,75.635,30.75,39.9,2.5,5.071
20210414,Gadag,15.4315,75.635,30.35,45.47,1.29,5.9904
20210415,Gadag,15.4315,75.635,30.64,41.65,1.46,6.6557
20210416,Gadag,15.4315,75.635,30.63,43.47,2.17,6.582
20210417,Gadag,15.4315,75.635,31.86,39.02,1.56,6.2765
20210418,Gadag,15.4315,75.635,31.93,40.05,1.95,5.7254
20210419,Gadag,15.4315,75.635,30.71,49.78,3.12,6.7154
20210420,Gadag,15.4315,75.635,31.02,44.06,3.1,6.9852
20210421,Gadag,15.4315,75.635,30.62,45.0,2.82,6.4942
20210422,Gadag,15.4315,75.635,31.73,38.72,2.32,6.4104
20210423,Gadag,15.4315,75.635,28.43,60.22,1.59,5.7818
20210424,Gadag,15.4315,75.635,29.32,57.55,1.36,6.2064
20210425,Gadag,15.4315,75.635,29.64,58.5,1.78,6.1529
20210426,Gadag,15.4315,75.635,29.84,56.36,1.79,6.1399
20210427,Gadag,15.4315,75.635,29.78,54.56,1.17,6.383
20210428,Gadag,15.4315,75.635,29.43,55.68,1.64,7.0358
20210429,Gadag,15.4315,75.635,30.63,51.2,1.31,6.2674
20210430,Gadag,15.4315,75.635,29.56,54.98,1.35,7.1165
20210501,Gadag,15.4315,75.635,30.26,54.37,1.15,5.513
20210502,Gadag,15.4315,75.635,29.86,58.26,1.55,6.0509
20210503,Gadag,15.4315,75.635,30.16,57.19,1.9,6.1303
20210504,Gadag,15.4315,75.635,29.84,59.02,1.66,5.635
20210505,Gadag,15.4315,75.635,30.1,60.35,1.43,6.2362
20210506,Gadag,15.4315,75.635,29.58,64.42,1.29,6.1716
20210507,Gadag,15.4315,75.635,29.4,61.54,1.25,4.0982
20210508,Gadag,15.4315,75.635,30.22,57.94,1.86,6.5611
20210509,Gadag,15.4315,75.635,29.28,63.29,1.41,4.8062
20210510,Gadag,15.4315,75.635,29.14,65.0,1.6,5.549
20210511,Gadag,15.4315,75.635,28.65,69.98,1.58,6.1961
20210512,Gadag,15.4315,75.635,29.57,63.56,1.96,5.6354
20210513,Gadag,15.4315,75.635,28.58,67.03,2.01,5.1362
20210514,Gadag,15.4315,75.635,27.74,71.26,2.15,6.2616
20210515,Gadag,15.4315,75.635,26.74,74.45,5.15,4.5931
20210516,Gadag,15.4315,75.635,26.75,73.86,7.0,3.257
20210517,Gadag,15.4315,75.635,26.27,77.79,5.28,5.28
20210518,Gadag,15.4315,75.635,25.9,80.19,4.2,6.115
20210519,Gadag,15.4315,75.635,26.42,78.08,4.19,5.4372
20210520,Gadag,15.4315,75.635,26.46,74.43,4.07,5.5747
20210521,Gadag,15.4315,75.635,26.07,77.13,3.63,5.7331
20210522,Gadag,15.4315,75.635,26.77,72.98,3.8,5.988
20210523,Gadag,15.4315,75.635,26.54,75.51,3.92,6.4716
20210524,Gadag,15.4315,75.635,26.08,77.19,3.42,5.1098
20210525,Gadag,15.4315,75.635,26.02,82.15,4.12,5.6177
20210526,Gadag,15.4315,75.635,26.66,75.7,5.03,6.5846
20210527,Gadag,15.4315,75.635,25.86,76.03,5.1,6.671
20210528,Gadag,15.4315,75.635,26.61,74.89,4.43,6.2294
20210529,Gadag,15.4315,75.635,26.65,74.23,3.64,6.0835
20210530,Gadag,15.4315,75.635,26.55,73.04,3.79,6.445
20210531,Gadag,15.4315,75.635,27.01,74.6,3.59,5.9479
20210601,Gadag,15.4315,75.635,26.44,76.54,3.07,5.6842
20210602,Gadag,15.4315,75.635,26.67,75.79,1.33,5.4298
20210603,Gadag,15.4315,75.635,26.73,78.28,1.8,5.9712
20210604,Gadag,15.4315,75.635,26.18,78.56,1.85,4.7606
20210605,Gadag,15.4315,75.635,26.08,73.53,3.3,5.1674
20210606,Gadag,15.4315,75.635,25.97,72.68,3.58,4.7777
20210607,Gadag,15.4315,75.635,25.95,73.5,4.3,6.9163
20210608,Gadag,15.4315,75.635,26.55,72.7,4.42,6.0098
20210609,Gadag,15.4315,75.635,26.04,76.68,5.08,4.9766
20210610,Gadag,15.4315,75.635,25.85,74.98,5.32,5.4396
20210611,Gadag,15.4315,75.635,25.44,77.12,5.36,5.9174
20210612,Gadag,15.4315,75.635,24.04,76.9,7.18,4.6934
20210613,Gadag,15.4315,75.635,24.07,78.94,6.41,3.9984
20210614,Gadag,15.4315,75.635,23.6,77.81,5.47,4.2852
20210615,Gadag,15.4315,75.635,24.12,76.54,5.96,4.2341
20210616,Gadag,15.4315,75.635,24.35,86.87,5.51,3.5465
20210617,Gadag,15.4315,75.635,24.85,85.06,6.32,4.6418
20210618,Gadag,15.4315,75.635,25.16,81.45,6.62,4.2677
20210619,Gadag,15.4315,75.635,24.54,84.45,5.68,2.5205
20210620,Gadag,15.4315,75.635,24.41,84.32,4.76,5.6906
20210621,Gadag,15.4315,75.635,25.01,81.96,3.93,5.6738
20210622,Gadag,15.4315,75.635,25.47,79.11,4.15,5.9407
20210623,Gadag,15.4315,75.635,24.87,81.96,3.93,5.2015
20210624,Gadag,15.4315,75.635,24.27,82.95,4.12,5.1449
20210625,Gadag,15.4315,75.635,24.97,79.47,4.39,4.6032
20210626,Gadag,15.4315,75.635,24.88,78.59,4.66,4.9519
20210627,Gadag,15.4315,75.635,23.12,82.46,3.89,2.7281
20210628,Gadag,15.4315,75.635,24.36,78.48,2.71,5.0549
20210629,Gadag,15.4315,75.635,25.6,79.24,3.07,5.9822
20210630,Gadag,15.4315,75.635,26.26,76.81,3.76,6.1118
20210701,Gadag,15.4315,75.635,25.74,80.84,3.75,4.4093
20210702,Gadag,15.4315,75.635,24.3,84.76,3.01,4.5866
20210703,Gadag,15.4315,75.635,24.87,83.42,3.53,5.5584
20210704,Gadag,15.4315,75.635,24.91,82.47,3.21,5.4538
20210705,Gadag,15.4315,75.635,25.02,79.09,3.03,3.8587
20210706,Gadag,15.4315,75.635,25.3,81.78,2.23,5.2934
20210707,Gadag,15.4315,75.635,25.27,84.85,2.75,5.7058
20210708,Gadag,15.4315,75.635,24.51,85.56,3.19,3.9576
20210709,Gadag,15.4315,75.635,24.2,82.48,3.7,4.3692
20210710,Gadag,15.4315,75.635,22.22,85.64,4.95,3.9406
20210711,Gadag,15.4315,75.635,23.01,85.77,5.25,3.6763
20210712,Gadag,15.4315,75.635,24.05,82.16,5.76,4.0092
20210713,Gadag,15.4315,75.635,23.61,82.71,5.07,3.6864
20210714,Gadag,15.4315,75.635,24.25,84.56,5.94,3.5686
20210715,Gadag,15.4315,75.635,25.05,84.67,5.68,4.1558
20210716,Gadag,15.4315,75.635,24.51,84.0,5.27,4.1926
20210717,Gadag,15.4315,75.635,24.96,84.8,4.92,4.447
20210718,Gadag,15.4315,75.635,23.99,91.31,5.75,2.7156
20210719,Gadag,15.4315,75.635,24.16,85.4,5.95,4.374
20210720,Gadag,15.4315,75.635,24.48,83.51,6.34,3.8321
20210721,Gadag,15.4315,75.635,24.08,83.76,6.44,2.7974
20210722,Gadag,15.4315,75.635,23.08,89.51,7.62,2.1026
20210723,Gadag,15.4315,75.635,23.81,87.51,6.16,3.0485
20210724,Gadag,15.4315,75.635,25.23,82.46,5.55,5.1778
20210725,Gadag,15.4315,75.635,25.21,83.26,5.72,5.2356
20210726,Gadag,15.4315,75.635,24.43,83.77,5.63,5.5378
20210727,Gadag,15.4315,75.635,24.31,82.63,5.98,5.448
20210728,Gadag,15.4315,75.635,24.56,80.59,5.99,5.1758
20210729,Gadag,15.4315,75.635,23.89,83.69,6.03,4.655
20210730,Gadag,15.4315,75.635,24.07,84.43,5.6,4.0651
20210731,Gadag,15.4315,75.635,23.54,86.41,5.06,2.9573
20210801,Gadag,15.4315,75.635,24.44,80.8,5.85,4.2766
20210802,Gadag,15.4315,75.635,24.29,80.68,5.56,4.6747
20210803,Gadag,15.4315,75.635,24.31,82.56,5.31,4.7126
20210804,Gadag,15.4315,75.635,24.65,82.21,5.7,4.3709
20210805,Gadag,15.4315,75.635,24.8,81.1,6.14,3.9502
20210806,Gadag,15.4315,75.635,24.94,81.45,5.36,4.3894
20210807,Gadag,15.4315,75.635,25.24,81.83,4.18,5.0731
20210808,Gadag,15.4315,75.635,25.39,81.1,3.26,5.1391
20210809,Gadag,15.4315,75.635,25.4,80.95,2.9,5.5594
20210810,Gadag,15.4315,75.635,25.33,80.72,3.54,4.8914
20210811,Gadag,15.4315,75.635,24.78,82.13,3.25,5.1192
20210812,Gadag,15.4315,75.635,24.56,83.46,3.56,4.301
20210813,Gadag,15.4315,75.635,24.28,83.52,3.95,4.4861
20210814,Gadag,15.4315,75.635,24.34,82.14,4.33,5.1415
20210815,Gadag,15.4315,75.635,23.77,84.3,4.44,4.6764
20210816,Gadag,15.4315,75.635,23.84,84.52,3.05,3.7903
20210817,Gadag,15.4315,75.635,23.84,80.54,3.56,2.8627
20210818,Gadag,15.4315,75.635,23.48,79.29,4.31,4.3754
20210819,Gadag,15.4315,75.635,23.79,77.9,4.23,4.6543
20210820,Gadag,15.4315,75.635,22.97,82.37,3.57,4.3718
20210821,Gadag,15.4315,75.635,22.55,86.85,3.8,5.4648
20210822,Gadag,15.4315,75.635,24.64,77.83,2.09,5.4398
20210823,Gadag,15.4315,75.635,24.82,80.25,2.4,6.0382
20210824,Gadag,15.4315,75.635,24.92,79.02,2.68,5.9069
20210825,Gadag,15.4315,75.635,24.97,81.25,2.79,5.0122
20210826,Gadag,15.4315,75.635,24.78,83.65,2.9,4.1182
20210827,Gadag,15.4315,75.635,24.98,82.58,3.02,3.9298
20210828,Gadag,15.4315,75.635,24.21,83.5,3.78,3.7596
20210829,Gadag,15.4315,75.635,24.13,77.25,4.46,4.2533
20210830,Gadag,15.4315,75.635,23.03,80.59,4.0,4.1393
20210831,Gadag,15.4315,75.635,23.54,81.52,3.71,4.303
20210901,Gadag,15.4315,75.635,24.88,79.15,3.62,4.7844
20210902,Gadag,15.4315,75.635,24.49,82.07,3.46,4.6126
20210903,Gadag,15.4315,75.635,24.31,84.74,3.18,4.9378
20210904,Gadag,15.4315,75.635,24.29,84.58,3.4,3.8045
20210905,Gadag,15.4315,75.635,23.5,87.28,3.33,4.2542
20210906,Gadag,15.4315,75.635,23.53,84.34,4.63,3.8866
20210907,Gadag,15.4315,75.635,23.23,85.04,5.38,3.1752
20210908,Gadag,15.4315,75.635,24.3,81.99,5.93,4.3759
20210909,Gadag,15.4315,75.635,24.26,83.39,4.73,4.8588
20210910,Gadag,15.4315,75.635,24.67,82.01,4.7,5.0362
20210911,Gadag,15.4315,75.635,24.57,82.83,4.59,3.858
20210912,Gadag,15.4315,75.635,24.06,85.95,4.73,4.513
20210913,Gadag,15.4315,75.635,24.31,86.43,4.84,3.5714
20210914,Gadag,15.4315,75.635,24.94,82.78,4.59,4.3488
20210915,Gadag,15.4315,75.635,24.64,83.18,3.58,4.3154
20210916,Gadag,15.4315,75.635,24.21,83.62,3.38,5.2102
20210917,Gadag,15.4315,75.635,24.78,80.13,2.97,5.4101
20210918,Gadag,15.4315,75.635,24.86,76.86,2.83,6.0948
20210919,Gadag,15.4315,75.635,25.34,77.04,2.32,5.8061
20210920,Gadag,15.4315,75.635,25.01,80.57,2.62,5.1756
20210921,Gadag,15.4315,75.635,24.3,85.33,3.13,3.6341
20210922,Gadag,15.4315,75.635,24.75,82.05,3.26,4.0126
20210923,Gadag,15.4315,75.635,24.36,85.13,3.35,3.575
20210924,Gadag,15.4315,75.635,24.56,83.61,2.41,4.451
20210925,Gadag,15.4315,75.635,25.11,80.83,2.92,4.6478
20210926,Gadag,15.4315,75.635,24.4,82.45,2.78,4.4938
20210927,Gadag,15.4315,75.635,23.16,85.67,3.89,2.9148
20210928,Gadag,15.4315,75.635,22.34,81.76,4.63,3.4891
20210929,Gadag,15.4315,75.635,23.46,79.71,3.77,4.0087
20210930,Gadag,15.4315,75.635,25.37,79.12,2.23,4.7906
20211001,Gadag,15.4315,75.635,25.09,84.13,0.94,5.2366
20211002,Gadag,15.4315,75.635,25.36,83.25,1.35,5.3974
20211003,Gadag,15.4315,75.635,25.41,80.72,1.92,5.8099
20211004,Gadag,15.4315,75.635,25.73,81.56,1.46,5.5615
20211005,Gadag,15.4315,75.635,25.16,84.78,1.59,5.5901
20211006,Gadag,15.4315,75.635,25.2,86.35,1.56,4.2696
20211007,Gadag,15.4315,75.635,25.48,85.19,1.88,4.4306
20211008,Gadag,15.4315,75.635,23.87,88.46,2.26,5.0342
20211009,Gadag,15.4315,75.635,24.26,88.17,1.81,5.1806
20211010,Gadag,15.4315,75.635,24.56,85.41,1.94,4.4755
20211011,Gadag,15.4315,75.635,24.77,85.52,1.69,3.8002
20211012,Gadag,15.4315,75.635,24.37,85.36,1.31,4.9745
20211013,Gadag,15.4315,75.635,24.94,76.46,0.83,4.8682
20211014,Gadag,15.4315,75.635,25.1,79.96,1.25,4.2958
20211015,Gadag,15.4315,75.635,25.08,77.46,1.72,4.8396
20211016,Gadag,15.4315,75.635,25.08,76.2,0.95,5.8349
20211017,Gadag,15.4315,75.635,24.46,81.96,2.48,5.2898
20211018,Gadag,15.4315,75.635,24.55,80.84,2.95,5.286
20211019,Gadag,15.4315,75.635,24.2,80.03,1.88,5.8742
20211020,Gadag,15.4315,75.635,24.66,81.48,1.4,5.1317
20211021,Gadag,15.4315,75.635,23.67,84.52,1.95,4.039
20211022,Gadag,15.4315,75.635,24.31,73.93,1.71,5.0866
20211023,Gadag,15.4315,75.635,23.23,82.73,1.69,4.3735
20211024,Gadag,15.4315,75.635,23.56,84.69,1.13,4.1014
20211025,Gadag,15.4315,75.635,23.58,83.06,1.24,3.2078
20211026,Gadag,15.4315,75.635,23.18,74.27,2.01,5.6633
20211027,Gadag,15.4315,75.635,22.5,74.68,2.61,5.6942
20211028,Gadag,15.4315,75.635,22.27,72.14,2.15,5.8051
20211029,Gadag,15.4315,75.635,23.96,82.54,2.8,4.4861
20211030,Gadag,15.4315,75.635,24.62,82.0,2.42,2.7607
20211031,Gadag,15.4315,75.635,24.71,82.78,1.99,3.6917
20211101,Gadag,15.4315,75.635,24.73,80.31,2.65,4.2084
20211102,Gadag,15.4315,75.635,23.57,82.05,3.05,4.3829
20211103,Gadag,15.4315,75.635,23.41,81.38,2.48,4.074
20211104,Gadag,15.4315,75.635,24.06,82.56,2.19,4.3982
20211105,Gadag,15.4315,75.635,24.23,80.52,2.23,4.4969
20211106,Gadag,15.4315,75.635,24.44,77.79,1.99,4.9003
20211107,Gadag,15.4315,75.635,23.41,77.39,1.73,4.3932
20211108,Gadag,15.4315,75.635,23.14,72.55,1.33,4.2072
20211109,Gadag,15.4315,75.635,22.37,71.75,2.22,5.4398
20211110,Gadag,15.4315,75.635,21.91,69.0,2.02,4.7683
20211111,Gadag,15.4315,75.635,21.16,73.66,1.57,3.2434
20211112,Gadag,15.4315,75.635,21.33,86.17,2.93,2.8061
20211113,Gadag,15.4315,75.635,24.11,82.78,2.65,2.4139
20211114,Gadag,15.4315,75.635,24.74,83.41,1.85,2.9544
20211115,Gadag,15.4315,75.635,25.14,81.68,2.51,4.0445
20211116,Gadag,15.4315,75.635,24.75,84.82,2.87,3.0048
20211117,Gadag,15.4315,75.635,24.32,87.25,2.81,3.8345
20211118,Gadag,15.4315,75.635,23.02,85.76,1.65,3.3785
20211119,Gadag,15.4315,75.635,22.92,88.57,2.39,1.0046
20211120,Gadag,15.4315,75.635,24.07,86.98,2.76,1.7407
20211121,Gadag,15.4315,75.635,23.99,88.27,1.33,3.0154
20211122,Gadag,15.4315,75.635,24.03,84.6,1.31,3.5093
20211123,Gadag,15.4315,75.635,24.49,83.98,1.31,4.579
20211124,Gadag,15.4315,75.635,24.39,84.13,1.73,3.1572
20211125,Gadag,15.4315,75.635,24.22,82.28,2.53,5.1355
20211126,Gadag,15.4315,75.635,23.29,79.51,1.94,4.3865
20211127,Gadag,15.4315,75.635,21.04,76.61,2.17,3.5846
20211128,Gadag,15.4315,75.635,19.34,81.18,2.55,4.4004
20211129,Gadag,15.4315,75.635,22.41,84.64,3.3,2.3849
20211130,Gadag,15.4315,75.635,22.48,84.45,3.04,3.5609
20211201,Gadag,15.4315,75.635,22.55,84.3,2.69,3.8726
20211202,Gadag,15.4315,75.635,22.95,84.71,1.98,2.6902
20211203,Gadag,15.4315,75.635,23.55,81.12,1.02,3.8976
20211204,Gadag,15.4315,75.635,22.98,83.14,0.82,3.7507
20211205,Gadag,15.4315,75.635,22.99,81.33,1.23,4.0277
20211206,Gadag,15.4315,75.635,22.34,75.1,1.31,4.7585
20211207,Gadag,15.4315,75.635,22.27,73.54,1.6,4.9562
20211208,Gadag,15.4315,75.635,21.86,72.09,2.15,4.8857
20211209,Gadag,15.4315,75.635,22.73,77.18,1.59,3.883
20211210,Gadag,15.4315,75.635,23.17,79.51,2.43,2.3976
20211211,Gadag,15.4315,75.635,22.54,78.55,2.49,5.0078
20211212,Gadag,15.4315,75.635,23.01,76.53,2.67,3.6216
20211213,Gadag,15.4315,75.635,21.72,79.95,2.17,4.2247
20211214,Gadag,15.4315,75.635,22.12,80.06,2.44,3.9103
20211215,Gadag,15.4315,75.635,21.58,82.32,2.19,3.5405
20211216,Gadag,15.4315,75.635,21.24,78.65,2.06,4.2874
20211217,Gadag,15.4315,75.635,21.28,70.8,1.71,4.9421
20211218,Gadag,15.4315,75.635,19.74,68.95,2.3,5.1871
20211219,Gadag,15.4315,75.635,18.45,65.36,2.37,5.275
20211220,Gadag,15.4315,75.635,18.57,69.66,2.29,4.9274
20211221,Gadag,15.4315,75.635,19.8,61.94,1.04,4.8619
20211222,Gadag,15.4315,75.635,20.85,57.93,1.17,4.969
20211223,Gadag,15.4315,75.635,20.94,64.24,0.71,4.9474
20211224,Gadag,15.4315,75.635,21.72,66.49,1.03,5.0172
20211225,Gadag,15.4315,75.635,22.57,66.62,0.75,4.945
20211226,Gadag,15.4315,75.635,22.06,61.43,0.98,5.089
20211227,Gadag,15.4315,75.635,21.26,69.09,1.84,4.7136
20211228,Gadag,15.4315,75.635,21.3,67.83,2.2,5.0446
20211229,Gadag,15.4315,75.635,21.16,69.01,2.13,4.8394
20211230,Gadag,15.4315,75.635,21.13,67.08,3.11,5.2169
20211231,Gadag,15.4315,75.635,22.13,75.68,3.57,3.6655
20220101,Gadag,15.4315,75.635,22.62,73.79,2.74,3.8993
20220102,Gadag,15.4315,75.635,22.65,69.56,2.66,4.9243
20220103,Gadag,15.4315,75.635,22.09,71.24,2.2,4.6044
20220104,Gadag,15.4315,75.635,21.66,68.19,2.41,5.0446
20220105,Gadag,15.4315,75.635,20.94,66.29,1.82,5.0484
20220106,Gadag,15.4315,75.635,21.08,65.99,1.68,5.2963
20220107,Gadag,15.4315,75.635,21.73,72.44,1.98,4.7592
20220108,Gadag,15.4315,75.635,22.39,72.01,1.27,4.8031
20220109,Gadag,15.4315,75.635,22.12,68.05,1.61,5.1679
20220110,Gadag,15.4315,75.635,22.08,70.27,1.75,4.7878
20220111,Gadag,15.4315,75.635,22.42,68.45,2.31,5.351
20220112,Gadag,15.4315,75.635,20.68,69.49,2.17,5.6405
20220113,Gadag,15.4315,75.635,19.98,72.7,2.71,5.2166
20220114,Gadag,15.4315,75.635,19.96,73.21,2.44,5.3304
20220115,Gadag,15.4315,75.635,21.5,66.14,1.41,5.2339
20220116,Gadag,15.4315,75.635,23.39,64.26,2.36,4.2382
20220117,Gadag,15.4315,75.635,23.63,65.0,2.68,3.942
20220118,Gadag,15.4315,75.635,22.93,61.54,2.22,5.3107
20220119,Gadag,15.4315,75.635,22.44,55.84,1.79,5.5584
20220120,Gadag,15.4315,75.635,23.41,43.97,1.3,5.6623
20220121,Gadag,15.4315,75.635,23.56,45.09,2.11,5.819
20220122,Gadag,15.4315,75.635,22.8,61.5,2.75,5.8342
20220123,Gadag,15.4315,75.635,22.01,66.53,3.26,5.4022
20220124,Gadag,15.4315,75.635,20.1,61.77,2.49,5.069
20220125,Gadag,15.4315,75.635,20.61,59.91,2.16,5.4785
20220126,Gadag,15.4315,75.635,21.7,53.56,0.89,5.2562
20220127,Gadag,15.4315,75.635,22.35,54.21,2.52,4.182
20220128,Gadag,15.4315,75.635,22.09,45.03,3.65,5.537
20220129,Gadag,15.4315,75.635,21.8,43.15,2.86,6.0384
20220130,Gadag,15.4315,75.635,23.72,45.93,1.01,5.9206
20220131,Gadag,15.4315,75.635,25.15,34.47,0.81,5.9378
20220201,Gadag,15.4315,75.635,25.06,35.33,1.53,5.9321
20220202,Gadag,15.4315,75.635,25.67,40.58,1.14,5.8692
20220203,Gadag,15.4315,75.635,24.32,53.26,2.63,5.9767
20220204,Gadag,15.4315,75.635,22.9,56.38,2.64,6.2501
20220205,Gadag,15.4315,75.635,23.82,49.98,1.06,6.2645
20220206,Gadag,15.4315,75.635,24.47,48.91,1.82,5.6066
20220207,Gadag,15.4315,75.635,25.7,52.61,1.25,5.7689
20220208,Gadag,15.4315,75.635,25.4,57.53,2.25,5.9258
20220209,Gadag,15.4315,75.635,25.48,53.57,1.32,5.6765
20220210,Gadag,15.4315,75.635,26.25,45.39,1.63,5.4586
20220211,Gadag,15.4315,75.635,25.57,37.42,3.16,5.525
20220212,Gadag,15.4315,75.635,24.8,44.24,2.9,5.7624
20220213,Gadag,15.4315,75.635,24.26,41.07,2.29,5.893
20220214,Gadag,15.4315,75.635,24.55,42.38,1.82,6.0026
20220215,Gadag,15.4315,75.635,25.23,43.62,1.97,4.6421
20220216,Gadag,15.4315,75.635,25.22,41.92,1.77,5.5361
20220217,Gadag,15.4315,75.635,25.7,41.91,1.57,5.1302
20220218,Gadag,15.4315,75.635,26.39,43.83,1.82,4.9858
20220219,Gadag,15.4315,75.635,26.55,40.43,2.19,6.0996
20220220,Gadag,15.4315,75.635,26.97,41.97,2.06,6.228
20220221,Gadag,15.4315,75.635,27.39,39.28,1.8,6.3506
20220222,Gadag,15.4315,75.635,27.17,38.98,2.31,6.2532
20220223,Gadag,15.4315,75.635,27.33,41.07,3.16,6.1829
20220224,Gadag,15.4315,75.635,26.64,36.82,2.79,6.3821
20220225,Gadag,15.4315,75.635,25.74,28.18,2.94,6.7798
20220226,Gadag,15.4315,75.635,25.25,25.26,3.41,7.079
20220227,Gadag,15.4315,75.635,25.03,36.34,3.12,6.9031
20220228,Gadag,15.4315,75.635,25.35,34.44,2.69,6.9634
20220301,Gadag,15.4315,75.635,25.84,29.38,2.78,6.9866
20220302,Gadag,15.4315,75.635,26.37,27.65,3.38,6.929
20220303,Gadag,15.4315,75.635,26.58,27.47,3.5,6.7728
20220304,Gadag,15.4315,75.635,26.68,31.41,2.95,6.8774
20220305,Gadag,15.4315,75.635,27.13,28.74,2.99,6.5318
20220306,Gadag,15.4315,75.635,27.16,34.47,3.15,5.8097
20220307,Gadag,15.4315,75.635,27.79,36.7,4.11,6.612
20220308,Gadag,15.4315,75.635,28.97,36.79,2.59,6.0
20220309,Gadag,15.4315,75.635,29.7,31.53,2.26,6.3062
20220310,Gadag,15.4315,75.635,29.11,30.05,2.13,5.3945
20220311,Gadag,15.4315,75.635,29.41,29.07,2.25,5.2802
20220312,Gadag,15.4315,75.635,28.3,28.74,1.88,4.8314
20220313,Gadag,15.4315,75.635,28.96,31.58,2.69,5.8128
20220314,Gadag,15.4315,75.635,29.16,28.16,2.45,5.959
20220315,Gadag,15.4315,75.635,29.07,18.49,2.17,7.1038
20220316,Gadag,15.4315,75.635,28.73,28.46,1.89,6.9578
20220317,Gadag,15.4315,75.635,29.65,35.42,1.88,6.2954
20220318,Gadag,15.4315,75.635,30.28,46.46,2.27,6.0197
20220319,Gadag,15.4315,75.635,29.23,52.0,3.55,5.7031
20220320,Gadag,15.4315,75.635,28.61,51.97,2.97,5.2018
20220321,Gadag,15.4315,75.635,29.25,47.91,2.26,6.0734
20220322,Gadag,15.4315,75.635,29.79,48.16,2.07,5.1917
20220323,Gadag,15.4315,75.635,30.63,45.93,1.8,5.3834
20220324,Gadag,15.4315,75.635,29.85,50.77,2.33,4.7609
20220325,Gadag,15.4315,75.635,30.74,47.18,2.21,4.7412
20220326,Gadag,15.4315,75.635,31.26,44.25,1.52,5.3995
20220327,Gadag,15.4315,75.635,31.29,42.01,1.62,5.3616
20220328,Gadag,15.4315,75.635,31.74,41.28,1.27,4.5763
20220329,Gadag,15.4315,75.635,32.01,40.07,1.73,6.4217
20220330,Gadag,15.4315,75.635,31.38,39.34,1.91,6.9487
20220331,Gadag,15.4315,75.635,31.1,39.39,1.87,7.1599
20220401,Gadag,15.4315,75.635,31.16,36.13,1.96,7.2154
20220402,Gadag,15.4315,75.635,31.83,36.64,1.72,6.6029
20220403,Gadag,15.4315,75.635,31.84,31.25,2.22,6.3775
20220404,Gadag,15.4315,75.635,31.81,33.66,1.98,6.2213
20220405,Gadag,15.4315,75.635,31.97,31.66,2.49,5.9242
20220406,Gadag,15.4315,75.635,32.02,28.66,2.59,5.4727
20220407,Gadag,15.4315,75.635,32.29,29.85,2.59,5.9664
20220408,Gadag,15.4315,75.635,32.0,30.15,2.35,5.8802
20220409,Gadag,15.4315,75.635,32.02,34.73,1.78,5.2306
20220410,Gadag,15.4315,75.635,31.41,37.99,1.71,5.1902
20220411,Gadag,15.4315,75.635,31.34,35.03,1.79,6.2234
20220412,Gadag,15.4315,75.635,31.71,32.39,1.98,5.3976
20220413,Gadag,15.4315,75.635,31.8,31.41,2.78,5.6246
20220414,Gadag,15.4315,75.635,30.51,47.58,2.61,4.379
20220415,Gadag,15.4315,75.635,29.41,51.57,2.18,2.9616
20220416,Gadag,15.4315,75.635,30.58,45.8,2.0,4.9699
20220417,Gadag,15.4315,75.635,28.77,60.3,2.29,6.7618
20220418,Gadag,15.4315,75.635,28.08,64.17,1.67,6.3396
20220419,Gadag,15.4315,75.635,26.81,64.55,2.63,6.3382
20220420,Gadag,15.4315,75.635,29.61,54.21,1.63,6.6636
20220421,Gadag,15.4315,75.635,30.31,51.08,2.12,6.4469
20220422,Gadag,15.4315,75.635,29.13,59.27,1.69,6.1325
20220423,Gadag,15.4315,75.635,28.06,59.84,1.73,5.4756
20220424,Gadag,15.4315,75.635,26.88,61.91,1.77,6.2616
20220425,Gadag,15.4315,75.635,28.98,58.31,1.26,6.3341
20220426,Gadag,15.4315,75.635,28.82,61.94,1.96,4.7846
20220427,Gadag,15.4315,75.635,31.13,51.8,1.89,6.5165
20220428,Gadag,15.4315,75.635,30.35,54.81,1.03,6.389
20220429,Gadag,15.4315,75.635,30.38,57.95,1.49,6.865
20220430,Gadag,15.4315,75.635,30.05,54.66,2.89,6.9007
20220501,Gadag,15.4315,75.635,29.88,50.37,3.18,6.9348
20220502,Gadag,15.4315,75.635,29.98,52.06,3.4,7.2734
20220503,Gadag,15.4315,75.635,30.57,49.73,3.08,7.2996
20220504,Gadag,15.4315,75.635,30.68,53.72,2.14,5.6254
20220505,Gadag,15.4315,75.635,27.09,71.43,2.22,6.0094
20220506,Gadag,15.4315,75.635,29.02,60.72,2.06,6.109
20220507,Gadag,15.4315,75.635,29.92,57.66,2.67,6.883
20220508,Gadag,15.4315,75.635,30.19,58.68,1.9,5.5877
20220509,Gadag,15.4315,75.635,30.4,57.48,3.96,5.5495
20220510,Gadag,15.4315,75.635,29.53,55.41,4.81,4.6939
20220511,Gadag,15.4315,75.635,28.26,64.59,5.03,2.2894
20220512,Gadag,15.4315,75.635,28.13,68.32,4.55,3.7224
20220513,Gadag,15.4315,75.635,28.23,67.04,4.0,4.4878
20220514,Gadag,15.4315,75.635,29.74,57.7,3.54,6.2894
20220515,Gadag,15.4315,75.635,28.99,60.97,3.82,5.8786
20220516,Gadag,15.4315,75.635,29.7,62.82,3.19,6.2539
20220517,Gadag,15.4315,75.635,28.22,67.53,3.13,3.121
20220518,Gadag,15.4315,75.635,28.04,67.53,2.42,2.2637
20220519,Gadag,15.4315,75.635,26.03,82.33,2.75,1.8859
20220520,Gadag,15.4315,75.635,25.07,81.93,4.19,1.0519
20220521,Gadag,15.4315,75.635,25.68,75.71,4.36,2.5392
20220522,Gadag,15.4315,75.635,26.9,74.16,4.93,6.03
20220523,Gadag,15.4315,75.635,27.42,73.98,4.15,6.8554
20220524,Gadag,15.4315,75.635,27.8,72.16,3.87,6.925
20220525,Gadag,15.4315,75.635,28.53,65.7,2.85,6.7855
20220526,Gadag,15.4315,75.635,28.12,64.81,3.94,7.3423
20220527,Gadag,15.4315,75.635,27.65,64.38,4.72,7.3202
20220528,Gadag,15.4315,75.635,27.6,61.82,3.94,7.3745
20220529,Gadag,15.4315,75.635,27.95,63.27,3.94,7.3205
20220530,Gadag,15.4315,75.635,28.23,64.28,3.51,7.1676
20220531,Gadag,15.4315,75.635,27.69,67.13,3.09,6.5904
20220601,Gadag,15.4315,75.635,26.66,71.03,2.82,5.4917
20220602,Gadag,15.4315,75.635,27.14,72.21,2.96,5.869
20220603,Gadag,15.4315,75.635,27.26,71.04,3.47,5.8327
20220604,Gadag,15.4315,75.635,27.92,65.63,2.39,6.7841
20220605,Gadag,15.4315,75.635,26.65,72.88,3.08,6.2954
20220606,Gadag,15.4315,75.635,25.43,79.53,2.53,4.403
20220607,Gadag,15.4315,75.635,26.01,75.34,3.2,4.0594
20220608,Gadag,15.4315,75.635,25.81,75.34,3.96,5.5099
20220609,Gadag,15.4315,75.635,26.58,74.07,4.13,6.2933
20220610,Gadag,15.4315,75.635,26.69,73.22,4.54,5.1696
20220611,Gadag,15.4315,75.635,26.17,70.38,4.74,5.7048
20220612,Gadag,15.4315,75.635,25.75,69.95,4.49,4.7419
20220613,Gadag,15.4315,75.635,26.12,71.79,3.8,5.345
20220614,Gadag,15.4315,75.635,26.67,68.21,4.05,5.9575
20220615,Gadag,15.4315,75.635,25.89,72.02,3.68,4.8151
20220616,Gadag,15.4315,75.635,25.81,73.1,3.65,5.1871
20220617,Gadag,15.4315,75.635,25.42,76.73,3.03,5.3592
20220618,Gadag,15.4315,75.635,25.32,72.12,3.35,5.3772
20220619,Gadag,15.4315,75.635,25.37,73.54,4.03,5.4727
20220620,Gadag,15.4315,75.635,25.11,73.86,4.98,4.9586
20220621,Gadag,15.4315,75.635,24.44,80.56,4.71,3.456
20220622,Gadag,15.4315,75.635,24.7,81.29,3.6,4.1136
20220623,Gadag,15.4315,75.635,25.63,75.32,4.19,4.811
20220624,Gadag,15.4315,75.635,25.7,74.07,4.82,4.7839
20220625,Gadag,15.4315,75.635,24.82,77.87,5.62,4.4402
20220626,Gadag,15.4315,75.635,25.23,75.24,5.84,4.4455
20220627,Gadag,15.4315,75.635,25.29,77.69,5.6,5.1185
20220628,Gadag,15.4315,75.635,24.87,80.51,3.89,5.2102
20220629,Gadag,15.4315,75.635,25.35,79.53,4.63,5.1403
20220630,Gadag,15.4315,75.635,25.58,79.05,4.32,4.3567
20220701,Gadag,15.4315,75.635,25.77,78.74,4.44,4.5725
20220702,Gadag,15.4315,75.635,25.57,77.72,4.79,4.867
20220703,Gadag,15.4315,75.635,25.79,76.94,5.22,4.7107
20220704,Gadag,15.4315,75.635,24.81,82.57,5.39,3.1351
20220705,Gadag,15.4315,75.635,24.94,80.52,6.07,3.1961
20220706,Gadag,15.4315,75.635,25.24,78.3,5.54,3.6317
20220707,Gadag,15.4315,75.635,24.9,79.43,5.68,3.3355
20220708,Gadag,15.4315,75.635,24.51,80.18,6.1,2.6318
20220709,Gadag,15.4315,75.635,23.81,85.36,5.74,2.437
20220710,Gadag,15.4315,75.635,23.92,82.41,6.08,3.0605
20220711,Gadag,15.4315,75.635,23.88,83.41,6.59,2.4187
20220712,Gadag,15.4315,75.635,23.85,82.96,6.7,2.6755
20220713,Gadag,15.4315,75.635,23.13,84.06,7.75,1.8679
20220714,Gadag,15.4315,75.635,23.68,81.01,8.75,3.4615
20220715,Gadag,15.4315,75.635,24.71,77.64,7.83,4.5173
20220716,Gadag,15.4315,75.635,25.0,80.15,6.59,3.6602
20220717,Gadag,15.4315,75.635,24.57,82.96,5.39,3.8318
20220718,Gadag,15.4315,75.635,23.79,82.33,5.38,3.4049
20220719,Gadag,15.4315,75.635,24.61,79.21,4.5,4.8722
20220720,Gadag,15.4315,75.635,25.47,77.61,4.31,5.448
20220721,Gadag,15.4315,75.635,24.86,79.83,3.8,5.1919
20220722,Gadag,15.4315,75.635,24.62,80.95,3.99,3.7939
20220723,Gadag,15.4315,75.635,23.8,82.76,4.54,3.7198
20220724,Gadag,15.4315,75.635,24.29,80.17,4.66,3.4097
20220725,Gadag,15.4315,75.635,24.63,79.18,4.05,4.9174
20220726,Gadag,15.4315,75.635,25.02,77.76,3.23,3.6358
20220727,Gadag,15.4315,75.635,24.69,83.86,1.72,5.0988
20220728,Gadag,15.4315,75.635,26.08,77.29,1.26,5.4492
20220729,Gadag,15.4315,75.635,27.02,75.58,1.19,5.8188
20220730,Gadag,15.4315,75.635,26.45,78.66,1.6,6.6451
20220731,Gadag,15.4315,75.635,25.13,84.78,2.45,5.4605
20220801,Gadag,15.4315,75.635,24.48,86.26,4.06,3.9468
20220802,Gadag,15.4315,75.635,24.4,86.14,3.61,2.519
20220803,Gadag,15.4315,75.635,23.89,89.48,1.94,2.3592
20220804,Gadag,15.4315,75.635,24.91,84.39,1.99,4.3606
20220805,Gadag,15.4315,75.635,24.0,86.86,3.97,4.4102
20220806,Gadag,15.4315,75.635,23.81,86.62,5.75,3.2794
20220807,Gadag,15.4315,75.635,23.74,87.94,5.25,3.523
20220808,Gadag,15.4315,75.635,23.09,89.26,6.28,2.5255
20220809,Gadag,15.4315,75.635,23.55,84.2,7.42,2.8546
20220810,Gadag,15.4315,75.635,23.52,82.24,7.54,4.1009
20220811,Gadag,15.4315,75.635,24.11,81.82,7.21,4.2684
20220812,Gadag,15.4315,75.635,23.96,81.87,6.36,4.7506
20220813,Gadag,15.4315,75.635,23.56,81.52,5.47,4.4215
20220814,Gadag,15.4315,75.635,22.8,85.96,4.52,3.4793
20220815,Gadag,15.4315,75.635,23.38,84.75,4.29,4.1813
20220816,Gadag,15.4315,75.635,24.15,82.06,4.04,4.1938
20220817,Gadag,15.4315,75.635,24.27,82.55,4.01,4.9872
20220818,Gadag,15.4315,75.635,24.28,81.31,4.41,4.9462
20220819,Gadag,15.4315,75.635,24.01,81.14,4.96,4.4508
20220820,Gadag,15.4315,75.635,24.22,81.88,4.75,4.6589
20220821,Gadag,15.4315,75.635,24.48,81.97,4.68,4.416
20220822,Gadag,15.4315,75.635,24.65,81.41,5.2,4.3567
20220823,Gadag,15.4315,75.635,24.35,82.51,4.23,4.6121
20220824,Gadag,15.4315,75.635,24.17,82.96,3.87,4.6716
20220825,Gadag,15.4315,75.635,23.82,85.07,2.87,4.8158
20220826,Gadag,15.4315,75.635,23.96,84.79,2.52,5.0587
20220827,Gadag,15.4315,75.635,23.19,85.84,2.69,4.1834
20220828,Gadag,15.4315,75.635,24.19,83.51,2.64,4.4424
20220829,Gadag,15.4315,75.635,24.6,83.81,2.48,4.3416
20220830,Gadag,15.4315,75.635,24.76,84.43,2.19,3.5822
20220831,Gadag,15.4315,75.635,24.75,85.6,2.15,5.4358
20220901,Gadag,15.4315,75.635,25.29,80.33,1.62,5.0489
20220902,Gadag,15.4315,75.635,24.72,85.21,2.34,5.2776
20220903,Gadag,15.4315,75.635,26.05,79.55,0.94,5.375
20220904,Gadag,15.4315,75.635,25.72,84.49,1.76,4.368
20220905,Gadag,15.4315,75.635,24.6,83.23,2.17,4.9334
20220906,Gadag,15.4315,75.635,24.7,84.73,1.34,4.7438
20220907,Gadag,15.4315,75.635,25.48,78.98,0.57,5.5673
20220908,Gadag,15.4315,75.635,24.25,87.67,2.39,4.236
20220909,Gadag,15.4315,75.635,23.94,89.38,2.6,3.9175
20220910,Gadag,15.4315,75.635,23.58,89.32,3.22,3.3418
20220911,Gadag,15.4315,75.635,23.4,88.78,5.2,3.1687
20220912,Gadag,15.4315,75.635,24.05,88.15,5.83,3.0727
20220913,Gadag,15.4315,75.635,23.65,87.61,4.49,4.1525
20220914,Gadag,15.4315,75.635,23.78,86.37,4.06,4.5053
20220915,Gadag,15.4315,75.635,23.64,86.79,4.34,4.5454
20220916,Gadag,15.4315,75.635,23.86,86.33,4.41,4.1359
20220917,Gadag,15.4315,75.635,24.1,86.04,3.45,5.327
20220918,Gadag,15.4315,75.635,24.12,84.63,3.32,4.5912
20220919,Gadag,15.4315,75.635,23.01,84.87,3.41,5.8092
20220920,Gadag,15.4315,75.635,22.13,86.37,3.04,5.7264
20220921,Gadag,15.4315,75.635,22.65,84.58,2.84,5.9374
20220922,Gadag,15.4315,75.635,22.83,81.58,3.33,5.5819
20220923,Gadag,15.4315,75.635,22.99,84.12,3.17,5.077
20220924,Gadag,15.4315,75.635,23.38,83.76,3.05,5.7
20220925,Gadag,15.4315,75.635,23.9,83.38,2.56,5.3616
20220926,Gadag,15.4315,75.635,23.29,82.91,2.89,4.314
20220927,Gadag,15.4315,75.635,22.97,84.62,2.46,5.7708
20220928,Gadag,15.4315,75.635,24.02,84.31,2.99,5.2925
20220929,Gadag,15.4315,75.635,23.28,88.83,3.14,4.8902
20220930,Gadag,15.4315,75.635,23.49,88.08,1.8,3.0175
20221001,Gadag,15.4315,75.635,23.7,89.54,2.95,3.4956
20221002,Gadag,15.4315,75.635,23.93,84.52,2.79,4.607
20221003,Gadag,15.4315,75.635,24.33,81.87,2.69,5.2126
20221004,Gadag,15.4315,75.635,24.08,83.49,2.55,5.0693
20221005,Gadag,15.4315,75.635,23.76,84.63,2.31,5.2536
20221006,Gadag,15.4315,75.635,22.97,90.31,2.74,2.0935
20221007,Gadag,15.4315,75.635,23.38,85.67,3.16,2.8541
20221008,Gadag,15.4315,75.635,23.88,82.4,1.57,6.0389
20221009,Gadag,15.4315,75.635,23.73,85.98,1.23,5.1982
20221010,Gadag,15.4315,75.635,24.34,87.03,1.53,3.5813
20221011,Gadag,15.4315,75.635,24.09,90.91,2.55,3.654
20221012,Gadag,15.4315,75.635,23.39,88.88,1.73,3.3341
20221013,Gadag,15.4315,75.635,23.38,90.67,1.38,3.8762
20221014,Gadag,15.4315,75.635,24.23,87.36,1.54,3.3343
20221015,Gadag,15.4315,75.635,24.23,85.79,1.96,4.5082
20221016,Gadag,15.4315,75.635,24.4,87.55,2.37,4.2768
20221017,Gadag,15.4315,75.635,24.19,88.11,1.95,4.3138
20221018,Gadag,15.4315,75.635,24.34,85.45,1.76,4.8991
20221019,Gadag,15.4315,75.635,24.53,83.42,0.75,5.1655
20221020,Gadag,15.4315,75.635,23.55,90.31,0.67,4.3142
20221021,Gadag,15.4315,75.635,23.93,84.48,2.13,4.9908
20221022,Gadag,15.4315,75.635,22.95,84.46,2.2,4.5329
20221023,Gadag,15.4315,75.635,20.27,74.74,2.13,6.2796
20221024,Gadag,15.4315,75.635,21.18,67.34,1.39,6.3103
20221025,Gadag,15.4315,75.635,22.17,63.13,0.87,6.1654
20221026,Gadag,15.4315,75.635,20.61,71.64,1.64,6.1622
20221027,Gadag,15.4315,75.635,20.31,73.15,1.78,6.1723
20221028,Gadag,15.4315,75.635,20.81,81.74,1.79,4.7419
20221029,Gadag,15.4315,75.635,21.26,80.48,2.42,4.2266
20221030,Gadag,15.4315,75.635,20.77,76.96,2.42,6.0389
20221031,Gadag,15.4315,75.635,19.88,77.55,1.96,5.8493
20221101,Gadag,15.4315,75.635,21.08,81.76,1.83,4.9258
20221102,Gadag,15.4315,75.635,22.05,86.78,2.21,4.5545
20221103,Gadag,15.4315,75.635,22.29,80.55,1.95,4.637
20221104,Gadag,15.4315,75.635,22.63,83.03,2.44,4.7873
20221105,Gadag,15.4315,75.635,23.06,84.21,2.45,4.9894
20221106,Gadag,15.4315,75.635,22.95,84.32,2.16,4.9056
20221107,Gadag,15.4315,75.635,22.27,79.33,1.98,5.5922
20221108,Gadag,15.4315,75.635,20.39,78.77,1.91,5.5421
20221109,Gadag,15.4315,75.635,20.79,76.06,1.86,5.4281
20221110,Gadag,15.4315,75.635,20.18,78.93,2.38,5.0069
20221111,Gadag,15.4315,75.635,20.99,78.39,2.92,5.1382
20221112,Gadag,15.4315,75.635,21.6,78.5,3.22,4.0272
20221113,Gadag,15.4315,75.635,21.91,84.7,2.94,3.8957
20221114,Gadag,15.4315,75.635,22.66,85.2,2.25,4.1563
20221115,Gadag,15.4315,75.635,22.65,81.97,1.98,4.4652
20221116,Gadag,15.4315,75.635,20.63,73.35,1.76,5.2368
20221117,Gadag,15.4315,75.635,19.25,69.09,1.92,5.5274
20221118,Gadag,15.4315,75.635,18.66,72.57,1.78,5.1454
20221119,Gadag,15.4315,75.635,18.49,73.06,2.05,5.3558
20221120,Gadag,15.4315,75.635,18.35,73.46,1.93,5.2044
20221121,Gadag,15.4315,75.635,19.61,75.56,1.54,4.6159
20221122,Gadag,15.4315,75.635,21.81,84.32,1.54,3.6034
20221123,Gadag,15.4315,75.635,22.76,84.31,1.84,2.731
20221124,Gadag,15.4315,75.635,23.87,79.9,2.17,3.7903
20221125,Gadag,15.4315,75.635,24.19,77.74,1.97,4.5658
20221126,Gadag,15.4315,75.635,24.26,80.1,1.53,3.9158
20221127,Gadag,15.4315,75.635,24.58,76.65,1.08,3.7646
20221128,Gadag,15.4315,75.635,24.84,74.14,0.78,3.233
20221129,Gadag,15.4315,75.635,23.5,72.4,1.6,3.9811
20221130,Gadag,15.4315,75.635,20.54,67.47,1.71,5.1739
20221201,Gadag,15.4315,75.635,21.35,71.91,1.72,4.9872
20221202,Gadag,15.4315,75.635,23.81,78.86,1.75,4.098
20221203,Gadag,15.4315,75.635,24.24,76.74,2.24,4.4736
20221204,Gadag,15.4315,75.635,24.56,72.58,2.28,4.7597
20221205,Gadag,15.4315,75.635,24.07,74.4,2.25,3.9991
20221206,Gadag,15.4315,75.635,22.3,70.92,2.13,5.0042
20221207,Gadag,15.4315,75.635,21.36,66.98,2.17,3.9422
20221208,Gadag,15.4315,75.635,21.52,62.51,2.22,4.254
20221209,Gadag,15.4315,75.635,20.66,60.35,2.12,5.0842
20221210,Gadag,15.4315,75.635,21.79,74.82,2.98,2.922
20221211,Gadag,15.4315,75.635,22.67,81.06,2.47,2.1089
20221212,Gadag,15.4315,75.635,21.02,89.71,2.93,2.6326
20221213,Gadag,15.4315,75.635,22.46,84.44,3.35,2.3352
20221214,Gadag,15.4315,75.635,23.81,75.16,2.73,3.611
20221215,Gadag,15.4315,75.635,23.52,72.43,2.17,5.2694
20221216,Gadag,15.4315,75.635,23.01,68.57,1.91,5.3225
20221217,Gadag,15.4315,75.635,23.48,71.49,1.93,4.5835
20221218,Gadag,15.4315,75.635,23.15,72.59,2.36,4.4486
20221219,Gadag,15.4315,75.635,21.88,71.89,2.17,5.2584
20221220,Gadag,15.4315,75.635,21.27,63.95,2.27,5.1845
20221221,Gadag,15.4315,75.635,21.27,65.95,2.06,5.2889
20221222,Gadag,15.4315,75.635,21.55,66.07,1.92,5.2908
20221223,Gadag,15.4315,75.635,21.95,65.53,1.95,5.3028
20221224,Gadag,15.4315,75.635,21.57,63.78,2.08,5.3743
20221225,Gadag,15.4315,75.635,22.34,68.83,2.21,5.3405
20221226,Gadag,15.4315,75.635,24.46,74.6,2.95,4.2446
20221227,Gadag,15.4315,75.635,24.72,74.07,2.61,5.1065
20221228,Gadag,15.4315,75.635,24.95,70.09,1.83,5.1372
20221229,Gadag,15.4315,75.635,24.36,69.19,1.62,4.4506
20221230,Gadag,15.4315,75.635,23.77,67.49,1.48,4.9147
20221231,Gadag,15.4315,75.635,23.43,59.67,1.0,5.0827
20230101,Gadag,15.4315,75.635,23.57,56.13,0.8,4.8566
20230102,Gadag,15.4315,75.635,22.43,65.09,2.01,5.0196
20230103,Gadag,15.4315,75.635,22.62,66.53,2.02,4.7431
20230104,Gadag,15.4315,75.635,22.33,64.4,2.16,4.6531
20230105,Gadag,15.4315,75.635,22.47,63.28,3.31,4.9798
20230106,Gadag,15.4315,75.635,22.72,65.73,3.58,4.6594
20230107,Gadag,15.4315,75.635,21.99,68.33,2.58,3.3264
20230108,Gadag,15.4315,75.635,21.01,54.27,2.37,5.208
20230109,Gadag,15.4315,75.635,19.61,42.31,2.16,5.8198
20230110,Gadag,15.4315,75.635,20.54,49.72,2.29,5.7593
20230111,Gadag,15.4315,75.635,21.26,51.29,1.66,5.5846
20230112,Gadag,15.4315,75.635,22.39,41.35,1.37,5.5795
20230113,Gadag,15.4315,75.635,22.87,36.36,1.12,5.4718
20230114,Gadag,15.4315,75.635,22.49,44.79,1.28,5.4588
20230115,Gadag,15.4315,75.635,22.82,39.2,1.77,5.6549
20230116,Gadag,15.4315,75.635,22.29,35.11,1.64,5.9141
20230117,Gadag,15.4315,75.635,21.73,40.66,1.99,5.9748
20230118,Gadag,15.4315,75.635,21.95,45.38,2.21,5.9585
20230119,Gadag,15.4315,75.635,22.27,46.84,2.44,5.6251
20230120,Gadag,15.4315,75.635,22.09,44.26,2.69,5.8202
20230121,Gadag,15.4315,75.635,22.49,53.24,2.23,5.2118
20230122,Gadag,15.4315,75.635,22.52,50.69,2.42,5.6592
20230123,Gadag,15.4315,75.635,23.57,52.25,2.55,5.5834
20230124,Gadag,15.4315,75.635,25.02,58.15,1.76,4.541
20230125,Gadag,15.4315,75.635,24.83,53.98,2.25,4.7297
20230126,Gadag,15.4315,75.635,23.95,44.9,2.18,5.5682
20230127,Gadag,15.4315,75.635,23.33,43.73,3.15,6.023
20230128,Gadag,15.4315,75.635,23.29,39.71,2.59,6.0989
20230129,Gadag,15.4315,75.635,23.58,44.04,3.2,5.8961
20230130,Gadag,15.4315,75.635,24.61,55.32,2.71,5.2764
20230131,Gadag,15.4315,75.635,25.23,55.51,2.74,4.3572
20230201,Gadag,15.4315,75.635,25.72,43.42,2.89,4.2682
20230202,Gadag,15.4315,75.635,25.09,38.31,3.34,4.956
20230203,Gadag,15.4315,75.635,24.85,45.46,2.53,5.6134
20230204,Gadag,15.4315,75.635,26.46,47.22,1.9,5.8315
20230205,Gadag,15.4315,75.635,26.65,41.33,1.8,5.8354
20230206,Gadag,15.4315,75.635,25.98,38.84,1.62,5.6743
20230207,Gadag,15.4315,75.635,26.25,35.95,1.34,5.1204
20230208,Gadag,15.4315,75.635,26.81,34.43,2.04,5.4984
20230209,Gadag,15.4315,75.635,26.32,32.69,2.32,5.7588
20230210,Gadag,15.4315,75.635,25.93,28.98,1.76,6.078
20230211,Gadag,15.4315,75.635,26.05,26.65,2.06,6.4102
20230212,Gadag,15.4315,75.635,26.45,21.31,2.02,6.4706
20230213,Gadag,15.4315,75.635,25.12,19.96,2.92,6.6667
20230214,Gadag,15.4315,75.635,24.47,18.18,2.63,6.8273
20230215,Gadag,15.4315,75.635,24.26,15.29,2.54,6.8839
20230216,Gadag,15.4315,75.635,25.01,19.45,3.06,6.8518
20230217,Gadag,15.4315,75.635,25.14,25.25,2.58,6.7529
20230218,Gadag,15.4315,75.635,25.43,28.02,2.28,6.6828
20230219,Gadag,15.4315,75.635,25.7,31.47,2.3,6.4646
20230220,Gadag,15.4315,75.635,26.23,32.32,1.9,6.5465
20230221,Gadag,15.4315,75.635,27.57,25.76,1.69,6.6132
20230222,Gadag,15.4315,75.635,27.12,23.5,2.07,6.5618
20230223,Gadag,15.4315,75.635,26.38,27.96,2.58,6.5606
20230224,Gadag,15.4315,75.635,26.37,25.46,2.69,6.6559
20230225,Gadag,15.4315,75.635,26.11,24.09,2.21,6.5808
20230226,Gadag,15.4315,75.635,26.47,25.7,2.86,6.6223
20230227,Gadag,15.4315,75.635,26.27,29.05,3.09,6.5208
20230228,Gadag,15.4315,75.635,26.03,29.2,3.56,6.6245
20230301,Gadag,15.4315,75.635,26.23,29.87,3.66,6.4454
20230302,Gadag,15.4315,75.635,26.33,30.71,3.55,6.5203
20230303,Gadag,15.4315,75.635,26.56,29.33,3.42,6.1334
20230304,Gadag,15.4315,75.635,27.05,28.58,3.56,5.9818
20230305,Gadag,15.4315,75.635,27.09,25.96,3.33,6.3886
20230306,Gadag,15.4315,75.635,27.24,27.28,3.21,6.4627
20230307,Gadag,15.4315,75.635,26.93,26.1,3.45,6.57
20230308,Gadag,15.4315,75.635,27.23,31.12,3.26,6.33
20230309,Gadag,15.4315,75.635,26.78,31.42,2.91,6.3866
20230310,Gadag,15.4315,75.635,26.93,31.46,2.79,6.5232
20230311,Gadag,15.4315,75.635,27.12,33.81,3.06,6.2909
20230312,Gadag,15.4315,75.635,27.37,31.27,3.39,6.6146
20230313,Gadag,15.4315,75.635,27.82,27.74,2.96,6.5338
20230314,Gadag,15.4315,75.635,27.58,30.84,1.98,5.7451
20230315,Gadag,15.4315,75.635,28.94,29.45,1.84,4.405
20230316,Gadag,15.4315,75.635,28.78,37.53,1.67,5.2224
20230317,Gadag,15.4315,75.635,28.59,39.97,1.33,5.6686
20230318,Gadag,15.4315,75.635,28.7,40.48,2.85,6.294
20230319,Gadag,15.4315,75.635,26.63,44.04,3.4,6.8606
20230320,Gadag,15.4315,75.635,25.41,40.27,3.0,7.5072
20230321,Gadag,15.4315,75.635,25.71,41.71,2.5,7.4263
20230322,Gadag,15.4315,75.635,27.79,43.78,2.33,6.9958
20230323,Gadag,15.4315,75.635,28.4,36.13,2.72,6.9554
20230324,Gadag,15.4315,75.635,29.1,35.56,2.1,7.0289
20230325,Gadag,15.4315,75.635,29.88,37.51,1.93,6.5184
20230326,Gadag,15.4315,75.635,29.19,31.35,3.02,7.0663
20230327,Gadag,15.4315,75.635,28.74,34.28,2.1,7.5132
20230328,Gadag,15.4315,75.635,29.58,34.62,1.56,7.309
20230329,Gadag,15.4315,75.635,29.83,31.86,2.27,7.4902
20230330,Gadag,15.4315,75.635,29.13,38.22,2.29,7.4611
20230331,Gadag,15.4315,75.635,28.45,40.53,2.95,7.363
20230401,Gadag,15.4315,75.635,28.25,40.79,2.72,7.5641
20230402,Gadag,15.4315,75.635,28.38,35.74,2.59,7.6783
20230403,Gadag,15.4315,75.635,28.24,41.15,2.37,7.6334
20230404,Gadag,15.4315,75.635,29.09,38.15,1.36,7.506
20230405,Gadag,15.4315,75.635,30.62,34.88,2.46,7.0238
20230406,Gadag,15.4315,75.635,31.12,37.18,2.78,5.9482
20230407,Gadag,15.4315,75.635,31.03,38.46,2.7,4.2173
20230408,Gadag,15.4315,75.635,31.16,33.95,3.13,6.3526
20230409,Gadag,15.4315,75.635,30.05,30.09,2.86,7.5778
20230410,Gadag,15.4315,75.635,30.73,31.24,2.73,7.1388
20230411,Gadag,15.4315,75.635,30.41,26.55,2.81,7.5319
20230412,Gadag,15.4315,75.635,30.12,22.7,2.53,7.441
20230413,Gadag,15.4315,75.635,29.92,25.43,1.71,6.2076
20230414,Gadag,15.4315,75.635,30.81,32.91,1.78,5.7168
20230415,Gadag,15.4315,75.635,28.76,43.07,2.74,5.5039
20230416,Gadag,15.4315,75.635,30.26,33.9,2.06,6.684
20230417,Gadag,15.4315,75.635,30.68,33.9,2.06,6.385
20230418,Gadag,15.4315,75.635,31.69,21.11,2.35,7.2408
20230419,Gadag,15.4315,75.635,31.45,24.3,2.08,6.7718
20230420,Gadag,15.4315,75.635,30.99,44.7,2.15,6.4236
20230421,Gadag,15.4315,75.635,30.22,50.43,2.08,6.1466
20230422,Gadag,15.4315,75.635,29.85,40.54,2.21,7.4309
20230423,Gadag,15.4315,75.635,29.37,38.27,2.25,7.8444
20230424,Gadag,15.4315,75.635,30.15,40.41,1.72,7.481
20230425,Gadag,15.4315,75.635,30.75,43.56,2.37,6.9991
20230426,Gadag,15.4315,75.635,30.17,47.08,1.72,6.833
20230427,Gadag,15.4315,75.635,31.38,40.68,2.1,6.3432
20230428,Gadag,15.4315,75.635,29.46,53.18,1.65,5.382
20230429,Gadag,15.4315,75.635,29.37,57.34,1.55,5.2327
20230430,Gadag,15.4315,75.635,28.32,63.8,0.67,6.2894
20230501,Gadag,15.4315,75.635,29.1,55.16,1.52,7.2499
20230502,Gadag,15.4315,75.635,28.92,48.84,2.08,7.3159
20230503,Gadag,15.4315,75.635,29.16,53.22,1.79,6.4075
20230504,Gadag,15.4315,75.635,29.04,53.3,1.87,6.1058
20230505,Gadag,15.4315,75.635,28.17,53.77,1.89,6.3101
20230506,Gadag,15.4315,75.635,29.37,52.67,2.33,6.4644
20230507,Gadag,15.4315,75.635,28.75,58.46,2.33,6.011
20230508,Gadag,15.4315,75.635,28.42,63.9,1.65,4.6894
20230509,Gadag,15.4315,75.635,29.01,67.23,1.29,4.7714
20230510,Gadag,15.4315,75.635,29.13,67.95,1.57,5.6314
20230511,Gadag,15.4315,75.635,29.85,62.48,1.37,5.1482
20230512,Gadag,15.4315,75.635,29.93,62.53,2.43,5.8906
20230513,Gadag,15.4315,75.635,29.6,61.67,3.83,6.8285
20230514,Gadag,15.4315,75.635,29.61,58.14,3.58,7.4347
20230515,Gadag,15.4315,75.635,29.19,55.06,3.58,7.6812
20230516,Gadag,15.4315,75.635,29.57,48.78,2.58,7.8317
20230517,Gadag,15.4315,75.635,30.83,44.54,2.37,7.7899
20230518,Gadag,15.4315,75.635,31.98,42.26,2.28,7.3286
20230519,Gadag,15.4315,75.635,32.67,36.56,2.84,6.1891
20230520,Gadag,15.4315,75.635,32.86,39.07,2.68,7.0519
20230521,Gadag,15.4315,75.635,32.62,43.24,2.43,6.5333
20230522,Gadag,15.4315,75.635,31.65,48.99,2.91,6.48
20230523,Gadag,15.4315,75.635,30.91,54.28,2.32,6.6149
20230524,Gadag,15.4315,75.635,30.36,54.17,3.15,6.6838
20230525,Gadag,15.4315,75.635,29.98,54.88,3.73,7.0082
20230526,Gadag,15.4315,75.635,29.97,52.05,4.19,7.2857
20230527,Gadag,15.4315,75.635,30.26,51.24,4.04,7.3603
20230528,Gadag,15.4315,75.635,30.77,48.33,3.25,6.869
20230529,Gadag,15.4315,75.635,31.78,48.2,2.61,6.4939
20230530,Gadag,15.4315,75.635,30.37,52.26,2.29,4.8269
20230531,Gadag,15.4315,75.635,29.5,58.37,2.49,6.3718
20230601,Gadag,15.4315,75.635,27.33,69.19,3.59,2.5675
20230602,Gadag,15.4315,75.635,29.2,56.76,3.65,6.8198
20230603,Gadag,15.4315,75.635,30.46,52.99,3.26,7.3577
20230604,Gadag,15.4315,75.635,30.53,54.48,3.59,6.7601
20230605,Gadag,15.4315,75.635,29.88,56.94,3.84,6.9115
20230606,Gadag,15.4315,75.635,30.33,55.79,3.75,7.2336
20230607,Gadag,15.4315,75.635,29.05,62.71,3.95,6.5981
20230608,Gadag,15.4315,75.635,29.78,57.51,3.95,6.6816
20230609,Gadag,15.4315,75.635,29.39,60.04,4.97,6.6672
20230610,Gadag,15.4315,75.635,27.82,66.14,5.3,5.6263
20230611,Gadag,15.4315,75.635,28.21,64.69,5.42,5.4938
20230612,Gadag,15.4315,75.635,28.58,64.09,5.05,6.9912
20230613,Gadag,15.4315,75.635,28.77,64.2,5.73,6.7654
20230614,Gadag,15.4315,75.635,28.88,63.85,5.83,6.3941
20230615,Gadag,15.4315,75.635,29.19,60.98,4.96,6.5438
20230616,Gadag,15.4315,75.635,29.36,60.99,5.4,6.9218
20230617,Gadag,15.4315,75.635,29.03,63.35,5.54,5.8956
20230618,Gadag,15.4315,75.635,28.49,63.93,5.03,5.2486
20230619,Gadag,15.4315,75.635,27.17,68.58,3.83,5.688
20230620,Gadag,15.4315,75.635,29.13,59.97,4.26,6.4774
20230621,Gadag,15.4315,75.635,28.37,63.74,4.25,5.6945
20230622,Gadag,15.4315,75.635,26.67,68.19,4.09,5.3218
20230623,Gadag,15.4315,75.635,27.31,62.71,4.72,4.8775
20230624,Gadag,15.4315,75.635,26.35,67.94,4.98,4.571
20230625,Gadag,15.4315,75.635,26.78,67.73,5.25,3.6168
20230626,Gadag,15.4315,75.635,26.79,68.32,5.49,5.3875
20230627,Gadag,15.4315,75.635,26.22,68.98,5.46,4.6423
20230628,Gadag,15.4315,75.635,24.98,72.57,5.65,4.4506
20230629,Gadag,15.4315,75.635,24.92,71.27,5.92,4.5996
20230630,Gadag,15.4315,75.635,25.87,72.32,5.78,4.757
20230701,Gadag,15.4315,75.635,25.73,74.36,5.26,4.926
20230702,Gadag,15.4315,75.635,26.03,76.48,5.38,4.6824
20230703,Gadag,15.4315,75.635,25.97,80.42,5.63,4.2965
20230704,Gadag,15.4315,75.635,25.44,82.07,6.11,4.3202
20230705,Gadag,15.4315,75.635,24.05,77.95,6.71,3.6019
20230706,Gadag,15.4315,75.635,23.57,77.0,7.06,3.5626
20230707,Gadag,15.4315,75.635,25.0,76.95,5.95,3.781
20230708,Gadag,15.4315,75.635,25.35,75.49,5.9,3.377
20230709,Gadag,15.4315,75.635,26.06,75.77,4.94,3.8839
20230710,Gadag,15.4315,75.635,26.34,75.24,4.44,4.3553
20230711,Gadag,15.4315,75.635,26.02,74.04,4.78,4.303
20230712,Gadag,15.4315,75.635,25.52,74.75,4.93,5.4955
20230713,Gadag,15.4315,75.635,25.89,74.79,5.42,5.2735
20230714,Gadag,15.4315,75.635,25.96,72.94,5.93,4.9094
20230715,Gadag,15.4315,75.635,25.88,74.74,4.85,4.4546
20230716,Gadag,15.4315,75.635,25.03,80.77,4.46,3.8534
20230717,Gadag,15.4315,75.635,25.78,77.66,5.31,3.6377
20230718,Gadag,15.4315,75.635,25.07,80.79,6.7,2.1014
20230719,Gadag,15.4315,75.635,24.19,84.25,7.2,2.1552
20230720,Gadag,15.4315,75.635,24.53,81.61,6.51,2.371
20230721,Gadag,15.4315,75.635,24.35,82.73,5.96,2.7019
20230722,Gadag,15.4315,75.635,24.92,79.97,6.59,3.1474
20230723,Gadag,15.4315,75.635,25.07,79.18,7.34,1.8859
20230724,Gadag,15.4315,75.635,24.22,83.13,6.29,3.2974
20230725,Gadag,15.4315,75.635,24.08,83.8,6.17,1.9476
20230726,Gadag,15.4315,75.635,23.69,87.76,6.01,2.7799
20230727,Gadag,15.4315,75.635,23.31,87.5,6.25,2.123
20230728,Gadag,15.4315,75.635,24.98,80.16,6.29,4.103
20230729,Gadag,15.4315,75.635,25.1,79.34,5.91,5.0366
20230730,Gadag,15.4315,75.635,25.13,79.36,5.38,4.7806
20230731,Gadag,15.4315,75.635,25.33,79.35,5.73,4.5019
20230801,Gadag,15.4315,75.635,25.25,79.39,6.09,3.7018
20230802,Gadag,15.4315,75.635,24.66,80.69,6.19,3.5388
20230803,Gadag,15.4315,75.635,24.99,78.93,5.98,3.6487
20230804,Gadag,15.4315,75.635,25.32,78.43,5.65,4.8348
20230805,Gadag,15.4315,75.635,25.41,77.71,5.1,4.4954
20230806,Gadag,15.4315,75.635,25.41,78.01,4.81,5.1703
20230807,Gadag,15.4315,75.635,25.44,77.64,4.9,4.3282
20230808,Gadag,15.4315,75.635,25.56,76.69,4.18,3.9965
20230809,Gadag,15.4315,75.635,25.63,77.97,3.49,5.2764
20230810,Gadag,15.4315,75.635,25.85,76.56,3.5,5.5783
20230811,Gadag,15.4315,75.635,25.44,77.16,3.42,5.7146
20230812,Gadag,15.4315,75.635,25.56,76.44,3.99,5.5562
20230813,Gadag,15.4315,75.635,25.12,76.26,3.97,4.9601
20230814,Gadag,15.4315,75.635,24.27,78.37,3.91,5.6354
20230815,Gadag,15.4315,75.635,24.89,76.85,3.56,5.4326
20230816,Gadag,15.4315,75.635,25.78,74.3,3.48,6.2659
20230817,Gadag,15.4315,75.635,25.37,75.73,4.28,5.0878
20230818,Gadag,15.4315,75.635,25.01,77.06,4.4,4.554
20230819,Gadag,15.4315,75.635,24.91,79.79,4.4,3.535
20230820,Gadag,15.4315,75.635,25.89,75.64,4.28,5.497
20230821,Gadag,15.4315,75.635,26.02,73.14,3.53,6.1044
20230822,Gadag,15.4315,75.635,25.97,71.15,3.3,6.2851
20230823,Gadag,15.4315,75.635,25.77,72.76,3.59,5.5022
20230824,Gadag,15.4315,75.635,25.9,73.98,3.78,5.4103
20230825,Gadag,15.4315,75.635,25.97,75.38,3.95,4.812
20230826,Gadag,15.4315,75.635,25.58,77.96,3.56,4.5643
20230827,Gadag,15.4315,75.635,26.14,73.39,3.95,6.2705
20230828,Gadag,15.4315,75.635,25.63,76.06,4.26,5.5625
20230829,Gadag,15.4315,75.635,25.91,75.09,3.84,5.1206
20230830,Gadag,15.4315,75.635,26.37,71.43,3.23,5.7648
20230831,Gadag,15.4315,75.635,25.94,78.72,2.33,5.3215
20230901,Gadag,15.4315,75.635,25.94,80.85,2.23,6.0605
20230902,Gadag,15.4315,75.635,24.05,86.37,3.07,5.0671
20230903,Gadag,15.4315,75.635,22.18,87.09,3.39,4.5638
20230904,Gadag,15.4315,75.635,22.91,82.81,3.7,1.9428
20230905,Gadag,15.4315,75.635,24.5,78.34,3.64,3.0696
20230906,Gadag,15.4315,75.635,24.64,80.06,3.64,6.157
20230907,Gadag,15.4315,75.635,23.84,83.44,3.9,5.6902
20230908,Gadag,15.4315,75.635,24.52,81.14,4.64,3.7349
20230909,Gadag,15.4315,75.635,25.14,82.72,4.27,4.3663
20230910,Gadag,15.4315,75.635,24.74,83.87,3.88,5.0242
20230911,Gadag,15.4315,75.635,25.13,80.64,4.06,4.3253
20230912,Gadag,15.4315,75.635,24.92,80.67,3.94,5.6592
20230913,Gadag,15.4315,75.635,24.37,80.97,3.67,5.2814
20230914,Gadag,15.4315,75.635,24.95,80.94,3.46,4.9966
20230915,Gadag,15.4315,75.635,24.76,81.16,3.81,4.3608
20230916,Gadag,15.4315,75.635,25.17,80.39,4.49,4.7642
20230917,Gadag,15.4315,75.635,25.47,80.67,4.06,4.6483
20230918,Gadag,15.4315,75.635,25.1,81.24,3.68,5.2615
20230919,Gadag,15.4315,75.635,25.11,80.67,3.74,4.6512
20230920,Gadag,15.4315,75.635,25.13,80.89,3.87,4.7688
20230921,Gadag,15.4315,75.635,25.11,82.51,3.35,4.2847
20230922,Gadag,15.4315,75.635,24.89,83.04,1.94,3.857
20230923,Gadag,15.4315,75.635,25.65,79.62,2.42,4.6754
20230924,Gadag,15.4315,75.635,24.82,81.4,3.0,4.0558
20230925,Gadag,15.4315,75.635,24.69,79.26,3.25,5.2834
20230926,Gadag,15.4315,75.635,23.69,84.61,3.05,4.3476
20230927,Gadag,15.4315,75.635,24.56,81.72,3.11,4.3466
20230928,Gadag,15.4315,75.635,25.44,79.94,2.67,3.9943
20230929,Gadag,15.4315,75.635,24.87,82.06,4.24,4.5014
20230930,Gadag,15.4315,75.635,23.96,84.84,4.88,3.4486
20231001,Gadag,15.4315,75.635,25.0,82.52,5.25,2.9635
20231002,Gadag,15.4315,75.635,24.43,80.28,3.9,3.8882
20231003,Gadag,15.4315,75.635,25.24,77.25,2.79,5.2382
20231004,Gadag,15.4315,75.635,25.77,76.33,2.22,3.3043
20231005,Gadag,15.4315,75.635,25.78,76.07,2.1,4.2302
20231006,Gadag,15.4315,75.635,26.11,70.83,1.92,5.557
20231007,Gadag,15.4315,75.635,26.19,69.0,1.28,5.7245
20231008,Gadag,15.4315,75.635,27.05,65.54,1.35,5.6976
20231009,Gadag,15.4315,75.635,26.97,66.12,1.36,5.34
20231010,Gadag,15.4315,75.635,27.03,67.98,1.37,4.6591
20231011,Gadag,15.4315,75.635,27.14,69.07,1.63,4.4786
20231012,Gadag,15.4315,75.635,27.4,67.4,2.04,5.118
20231013,Gadag,15.4315,75.635,27.06,60.35,2.26,5.2574
20231014,Gadag,15.4315,75.635,26.72,65.56,1.9,5.2637
20231015,Gadag,15.4315,75.635,27.02,66.5,1.28,4.5965
20231016,Gadag,15.4315,75.635,25.72,71.34,1.41,4.5065
20231017,Gadag,15.4315,75.635,26.72,63.95,1.9,4.5571
20231018,Gadag,15.4315,75.635,26.53,58.03,2.3,5.784
20231019,Gadag,15.4315,75.635,26.93,55.18,2.22,5.4214
20231020,Gadag,15.4315,75.635,26.98,55.61,2.44,5.1322
20231021,Gadag,15.4315,75.635,27.56,53.67,2.65,5.0215
20231022,Gadag,15.4315,75.635,26.85,54.69,2.52,4.6733
20231023,Gadag,15.4315,75.635,25.83,50.73,2.64,5.7341
20231024,Gadag,15.4315,75.635,26.02,51.37,2.24,5.7322
20231025,Gadag,15.4315,75.635,25.78,45.7,2.81,6.0031
20231026,Gadag,15.4315,75.635,25.15,43.05,2.86,6.0353
20231027,Gadag,15.4315,75.635,24.6,43.35,2.53,6.0319
20231028,Gadag,15.4315,75.635,25.87,52.14,1.92,4.9663
20231029,Gadag,15.4315,75.635,27.4,61.67,2.28,4.4774
20231030,Gadag,15.4315,75.635,27.06,66.02,2.33,3.9295
20231031,Gadag,15.4315,75.635,25.57,71.71,2.13,3.7075
20231101,Gadag,15.4315,75.635,26.54,65.58,1.61,4.5199
20231102,Gadag,15.4315,75.635,27.25,56.28,1.9,4.3279
20231103,Gadag,15.4315,75.635,27.3,63.58,2.27,4.3805
20231104,Gadag,15.4315,75.635,26.14,65.74,2.71,3.9221
20231105,Gadag,15.4315,75.635,26.12,69.19,3.21,3.6182
20231106,Gadag,15.4315,75.635,23.77,80.86,2.12,2.8423
20231107,Gadag,15.4315,75.635,25.14,79.09,1.91,3.9408
20231108,Gadag,15.4315,75.635,24.97,79.25,2.14,2.309
20231109,Gadag,15.4315,75.635,24.44,80.57,2.48,4.1657
20231110,Gadag,15.4315,75.635,24.55,76.01,2.14,4.2845
20231111,Gadag,15.4315,75.635,24.56,70.06,2.55,5.2752
20231112,Gadag,15.4315,75.635,24.11,63.98,2.53,5.2678
20231113,Gadag,15.4315,75.635,23.68,67.69,2.29,4.9577
20231114,Gadag,15.4315,75.635,23.85,70.11,2.5,4.2538
20231115,Gadag,15.4315,75.635,23.58,69.48,1.7,4.1758
20231116,Gadag,15.4315,75.635,24.0,64.58,1.71,4.1959
20231117,Gadag,15.4315,75.635,24.17,63.47,2.1,4.7184
20231118,Gadag,15.4315,75.635,25.24,67.48,1.97,4.2982
20231119,Gadag,15.4315,75.635,25.13,69.2,2.64,4.4194
20231120,Gadag,15.4315,75.635,24.4,65.59,2.54,4.2161
20231121,Gadag,15.4315,75.635,24.51,68.8,2.47,4.1561
20231122,Gadag,15.4315,75.635,25.33,70.12,2.38,4.5948
20231123,Gadag,15.4315,75.635,25.72,71.8,2.38,4.1642
20231124,Gadag,15.4315,75.635,26.0,71.54,2.56,3.33
20231125,Gadag,15.4315,75.635,25.68,68.45,3.13,3.4094
20231126,Gadag,15.4315,75.635,24.73,69.36,3.16,3.9696
20231127,Gadag,15.4315,75.635,25.61,63.08,2.71,4.2101
20231128,Gadag,15.4315,75.635,25.97,67.77,1.94,4.5499
20231129,Gadag,15.4315,75.635,25.77,66.5,2.5,4.4928
20231130,Gadag,15.4315,75.635,25.91,65.8,3.0,4.7582
20231201,Gadag,15.4315,75.635,25.75,63.63,2.39,4.5187
20231202,Gadag,15.4315,75.635,25.62,56.77,3.12,5.2488
20231203,Gadag,15.4315,75.635,26.38,63.06,3.88,4.5886
20231204,Gadag,15.4315,75.635,26.13,62.23,3.34,3.6689
20231205,Gadag,15.4315,75.635,25.66,56.91,2.68,3.5815
20231206,Gadag,15.4315,75.635,24.99,58.97,1.21,4.1081
20231207,Gadag,15.4315,75.635,25.19,62.13,1.31,3.3197
20231208,Gadag,15.4315,75.635,25.8,67.51,1.22,4.3308
20231209,Gadag,15.4315,75.635,25.12,65.64,2.6,3.6838
20231210,Gadag,15.4315,75.635,24.87,60.92,2.4,3.9509
20231211,Gadag,15.4315,75.635,24.71,56.0,1.83,4.3212
20231212,Gadag,15.4315,75.635,23.89,52.58,1.9,4.9728
20231213,Gadag,15.4315,75.635,23.27,55.19,2.51,4.9795
20231214,Gadag,15.4315,75.635,22.33,52.79,2.85,5.1389
20231215,Gadag,15.4315,75.635,22.4,57.91,2.4,4.9116
20231216,Gadag,15.4315,75.635,24.5,64.69,2.55,2.6278
20231217,Gadag,15.4315,75.635,25.34,63.14,3.56,3.168
20231218,Gadag,15.4315,75.635,24.22,63.02,3.76,3.185
20231219,Gadag,15.4315,75.635,23.57,51.57,3.59,4.2449
20231220,Gadag,15.4315,75.635,23.58,54.27,3.11,4.2506
20231221,Gadag,15.4315,75.635,23.72,53.48,2.35,4.7083
20231222,Gadag,15.4315,75.635,23.24,46.4,1.94,4.1839
20231223,Gadag,15.4315,75.635,22.93,45.05,2.5,4.83
20231224,Gadag,15.4315,75.635,22.63,51.45,3.07,5.0894
20231225,Gadag,15.4315,75.635,24.17,44.93,2.85,5.1331
20231226,Gadag,15.4315,75.635,23.81,48.0,2.79,5.1535
20231227,Gadag,15.4315,75.635,23.63,52.48,3.33,5.1514
20231228,Gadag,15.4315,75.635,23.64,50.42,3.1,5.4132
20231229,Gadag,15.4315,75.635,23.26,51.8,3.13,5.4574
20231230,Gadag,15.4315,75.635,23.7,49.81,2.8,5.4893
20231231,Gadag,15.4315,75.635,22.95,51.67,2.78,5.299
20240101,Gadag,15.4315,75.635,23.57,53.5,2.3,4.8221
20240102,Gadag,15.4315,75.635,23.81,52.5,2.67,4.6337
20240103,Gadag,15.4315,75.635,23.85,56.42,2.68,4.0471
20240104,Gadag,15.4315,75.635,23.59,58.66,2.07,3.3166
20240105,Gadag,15.4315,75.635,24.47,52.05,1.89,3.8479
20240106,Gadag,15.4315,75.635,23.44,54.33,2.87,3.6079
20240107,Gadag,15.4315,75.635,23.53,55.51,3.79,4.735
20240108,Gadag,15.4315,75.635,23.54,60.45,3.7,4.2367
20240109,Gadag,15.4315,75.635,24.0,61.44,3.53,2.1017
20240110,Gadag,15.4315,75.635,23.94,53.76,3.32,3.7476
20240111,Gadag,15.4315,75.635,24.49,50.07,2.94,5.5373
20240112,Gadag,15.4315,75.635,24.54,47.27,3.25,5.4468
20240113,Gadag,15.4315,75.635,24.93,54.63,2.25,4.7666
20240114,Gadag,15.4315,75.635,24.73,44.87,1.86,4.931
20240115,Gadag,15.4315,75.635,24.75,41.01,1.12,5.1031
20240116,Gadag,15.4315,75.635,24.31,42.25,1.21,5.0842
20240117,Gadag,15.4315,75.635,24.59,51.83,1.43,5.1737
20240118,Gadag,15.4315,75.635,24.35,56.56,1.1,4.7604
20240119,Gadag,15.4315,75.635,24.97,49.35,1.09,4.8461
20240120,Gadag,15.4315,75.635,25.94,49.54,1.62,4.6056
20240121,Gadag,15.4315,75.635,25.78,45.75,1.29,5.3196
20240122,Gadag,15.4315,75.635,25.89,43.78,1.8,5.7209
20240123,Gadag,15.4315,75.635,24.46,46.96,2.23,5.5987
20240124,Gadag,15.4315,75.635,23.79,35.36,1.48,5.7394
20240125,Gadag,15.4315,75.635,24.04,43.28,2.23,5.4821
20240126,Gadag,15.4315,75.635,25.15,49.37,2.71,5.5819
20240127,Gadag,15.4315,75.635,25.0,49.83,2.79,5.4934
20240128,Gadag,15.4315,75.635,24.49,49.26,3.12,5.3066
20240129,Gadag,15.4315,75.635,24.34,47.79,2.58,5.5462
20240130,Gadag,15.4315,75.635,24.46,42.8,2.11,5.496
20240131,Gadag,15.4315,75.635,24.85,39.74,1.66,5.7574
20240201,Gadag,15.4315,75.635,24.05,51.72,2.24,6.155
20240202,Gadag,15.4315,75.635,24.66,44.75,1.35,6.1034
20240203,Gadag,15.4315,75.635,26.12,41.36,2.27,5.5992
20240204,Gadag,15.4315,75.635,27.06,46.19,2.53,5.6854
20240205,Gadag,15.4315,75.635,26.73,40.31,2.31,5.7797
20240206,Gadag,15.4315,75.635,27.24,37.35,2.1,5.9568
20240207,Gadag,15.4315,75.635,27.27,35.57,1.97,5.9587
20240208,Gadag,15.4315,75.635,27.34,30.26,2.33,5.9448
20240209,Gadag,15.4315,75.635,27.14,34.09,2.67,6.0
20240210,Gadag,15.4315,75.635,27.2,40.47,2.51,5.827
20240211,Gadag,15.4315,75.635,26.79,40.3,2.51,5.7569
20240212,Gadag,15.4315,75.635,26.46,36.93,2.92,6.2933
20240213,Gadag,15.4315,75.635,25.85,35.29,2.71,6.3826
20240214,Gadag,15.4315,75.635,26.19,44.38,3.16,6.0341
20240215,Gadag,15.4315,75.635,27.19,38.64,3.45,6.0674
20240216,Gadag,15.4315,75.635,26.07,31.29,3.43,6.5832
20240217,Gadag,15.4315,75.635,25.64,29.42,2.78,6.8045
20240218,Gadag,15.4315,75.635,25.89,29.78,1.54,6.6444
20240219,Gadag,15.4315,75.635,26.6,28.44,0.82,5.9424
20240220,Gadag,15.4315,75.635,27.26,31.83,1.21,6.1908
20240221,Gadag,15.4315,75.635,26.81,32.09,2.45,6.8328
20240222,Gadag,15.4315,75.635,26.51,44.35,2.66,6.8129
20240223,Gadag,15.4315,75.635,26.07,40.94,2.16,6.8179
20240224,Gadag,15.4315,75.635,26.58,31.35,2.05,6.7411
20240225,Gadag,15.4315,75.635,27.52,30.42,1.62,6.5105
20240226,Gadag,15.4315,75.635,28.65,42.85,3.7,5.747
20240227,Gadag,15.4315,75.635,27.92,43.48,3.28,6.2155
20240228,Gadag,15.4315,75.635,28.26,36.24,3.05,6.3758
20240229,Gadag,15.4315,75.635,28.71,31.59,3.39,6.355
20240301,Gadag,15.4315,75.635,28.8,30.69,2.91,6.3782
20240302,Gadag,15.4315,75.635,28.7,36.53,3.12,6.5136
20240303,Gadag,15.4315,75.635,28.43,44.96,1.77,6.2971
20240304,Gadag,15.4315,75.635,28.79,40.0,2.16,6.5563
20240305,Gadag,15.4315,75.635,29.9,29.71,1.69,6.6144
20240306,Gadag,15.4315,75.635,29.48,32.23,2.57,6.5522
20240307,Gadag,15.4315,75.635,28.38,31.02,1.63,6.8765
20240308,Gadag,15.4315,75.635,28.4,23.89,2.61,6.9566
20240309,Gadag,15.4315,75.635,29.14,24.22,2.19,6.4714
20240310,Gadag,15.4315,75.635,31.38,29.66,1.26,5.2073
20240311,Gadag,15.4315,75.635,30.86,35.88,2.34,5.5361
20240312,Gadag,15.4315,75.635,31.65,33.63,1.83,5.6712
20240313,Gadag,15.4315,75.635,30.98,33.06,2.85,5.8416
20240314,Gadag,15.4315,75.635,29.34,34.68,2.44,6.8568
20240315,Gadag,15.4315,75.635,29.6,32.3,2.27,6.6638
20240316,Gadag,15.4315,75.635,29.6,30.16,1.59,6.6955
20240317,Gadag,15.4315,75.635,30.46,30.64,2.3,6.0425
20240318,Gadag,15.4315,75.635,30.56,29.87,2.97,6.5429
20240319,Gadag,15.4315,75.635,30.18,28.22,3.37,6.7536
20240320,Gadag,15.4315,75.635,30.46,27.3,2.83,6.9271
20240321,Gadag,15.4315,75.635,29.89,40.26,3.34,5.9376
20240322,Gadag,15.4315,75.635,30.81,37.18,1.49,5.5606
20240323,Gadag,15.4315,75.635,31.88,32.8,1.22,5.8908
20240324,Gadag,15.4315,75.635,32.61,27.45,1.16,5.9693
20240325,Gadag,15.4315,75.635,32.51,25.56,2.38,6.3257
20240326,Gadag,15.4315,75.635,32.15,28.06,2.3,6.0948
20240327,Gadag,15.4315,75.635,32.39,25.15,2.51,6.3665
20240328,Gadag,15.4315,75.635,31.88,23.29,2.35,6.3802
20240329,Gadag,15.4315,75.635,32.13,28.31,2.22,6.3264
20240330,Gadag,15.4315,75.635,32.05,37.64,2.09,6.469
20240331,Gadag,15.4315,75.635,31.38,31.21,2.25,6.6852
20240401,Gadag,15.4315,75.635,31.31,25.3,1.72,6.7349
20240402,Gadag,15.4315,75.635,32.0,32.56,1.36,5.9683
20240403,Gadag,15.4315,75.635,32.6,32.14,1.57,6.5767
20240404,Gadag,15.4315,75.635,34.16,25.21,1.97,6.5683
20240405,Gadag,15.4315,75.635,33.79,26.73,1.61,6.6946
20240406,Gadag,15.4315,75.635,33.31,31.0,1.93,6.1284
20240407,Gadag,15.4315,75.635,32.62,36.63,3.64,6.5957
20240408,Gadag,15.4315,75.635,32.62,26.99,1.41,7.0493
20240409,Gadag,15.4315,75.635,32.89,31.4,2.23,6.8042
20240410,Gadag,15.4315,75.635,33.08,32.41,2.82,6.3782
20240411,Gadag,15.4315,75.635,33.63,33.37,1.82,5.9676
20240412,Gadag,15.4315,75.635,32.99,36.26,2.52,5.2166
20240413,Gadag,15.4315,75.635,30.56,48.97,1.81,5.5219
20240414,Gadag,15.4315,75.635,32.0,44.31,1.9,6.7022
20240415,Gadag,15.4315,75.635,32.43,34.12,2.74,7.1566
20240416,Gadag,15.4315,75.635,33.01,31.92,2.29,6.9626
20240417,Gadag,15.4315,75.635,33.02,42.22,1.6,5.1434
20240418,Gadag,15.4315,75.635,33.24,39.17,1.72,4.4081
20240419,Gadag,15.4315,75.635,30.22,51.96,2.21,5.4744
20240420,Gadag,15.4315,75.635,28.39,63.66,1.35,1.5778
20240421,Gadag,15.4315,75.635,29.08,64.99,1.59,5.9842
20240422,Gadag,15.4315,75.635,29.69,62.87,1.81,5.2817
20240423,Gadag,15.4315,75.635,30.55,53.57,2.11,6.8119
20240424,Gadag,15.4315,75.635,29.89,59.06,2.01,6.7394
20240425,Gadag,15.4315,75.635,30.38,56.92,1.7,7.0464
20240426,Gadag,15.4315,75.635,30.69,53.68,1.94,6.9677
20240427,Gadag,15.4315,75.635,30.56,52.32,2.11,7.1407
20240428,Gadag,15.4315,75.635,31.58,46.46,1.76,6.8928
20240429,Gadag,15.4315,75.635,31.81,50.97,1.99,6.6557
20240430,Gadag,15.4315,75.635,33.14,37.85,1.22,6.4783
20240501,Gadag,15.4315,75.635,31.97,47.52,3.51,6.8995
20240502,Gadag,15.4315,75.635,32.16,40.35,2.76,7.5161
20240503,Gadag,15.4315,75.635,31.96,38.0,3.69,7.7016
20240504,Gadag,15.4315,75.635,31.49,40.96,3.74,7.7083
20240505,Gadag,15.4315,75.635,31.92,45.03,3.41,7.3858
20240506,Gadag,15.4315,75.635,33.14,45.91,3.44,7.2658
20240507,Gadag,15.4315,75.635,32.73,43.56,2.81,6.9005
20240508,Gadag,15.4315,75.635,32.25,42.72,1.84,7.3152
20240509,Gadag,15.4315,75.635,32.61,42.5,1.64,7.3219
20240510,Gadag,15.4315,75.635,32.19,46.53,1.54,5.7744
20240511,Gadag,15.4315,75.635,32.75,44.17,2.17,5.4214
20240512,Gadag,15.4315,75.635,30.16,59.84,2.27,5.3606
20240513,Gadag,15.4315,75.635,28.85,64.15,2.55,5.8886
20240514,Gadag,15.4315,75.635,28.76,64.92,1.51,5.6179
20240515,Gadag,15.4315,75.635,28.25,67.88,1.86,6.6374
20240516,Gadag,15.4315,75.635,27.81,68.52,2.19,4.788
20240517,Gadag,15.4315,75.635,29.15,64.4,1.82,5.8632
20240518,Gadag,15.4315,75.635,29.23,63.97,0.89,5.0904
20240519,Gadag,15.4315,75.635,28.3,69.34,1.63,5.2421
20240520,Gadag,15.4315,75.635,28.21,72.0,1.99,5.1377
20240521,Gadag,15.4315,75.635,29.47,67.56,2.31,5.7185
20240522,Gadag,15.4315,75.635,30.36,64.71,2.27,5.9069
20240523,Gadag,15.4315,75.635,30.67,63.2,1.95,4.6416
20240524,Gadag,15.4315,75.635,28.6,70.57,2.99,4.9831
20240525,Gadag,15.4315,75.635,27.53,69.83,5.07,1.9958
20240526,Gadag,15.4315,75.635,28.36,70.26,5.22,4.7136
20240527,Gadag,15.4315,75.635,29.19,67.37,5.04,3.9614
20240528,Gadag,15.4315,75.635,28.34,67.58,5.16,5.7994
20240529,Gadag,15.4315,75.635,28.71,68.42,5.09,6.8124
20240530,Gadag,15.4315,75.635,29.97,63.66,4.29,7.1388
20240531,Gadag,15.4315,75.635,30.29,61.85,3.86,6.8806
20240601,Gadag,15.4315,75.635,27.14,75.0,2.94,6.0346
20240602,Gadag,15.4315,75.635,28.93,64.61,2.99,5.8706
20240603,Gadag,15.4315,75.635,26.1,76.81,2.5,3.9566
20240604,Gadag,15.4315,75.635,27.47,74.09,2.94,4.1232
20240605,Gadag,15.4315,75.635,27.79,70.55,2.67,5.1209
20240606,Gadag,15.4315,75.635,27.39,72.97,2.12,5.1715
20240607,Gadag,15.4315,75.635,26.29,76.62,3.33,3.5052
20240608,Gadag,15.4315,75.635,25.04,81.68,6.27,3.4409
20240609,Gadag,15.4315,75.635,24.68,83.21,4.33,2.6753
20240610,Gadag,15.4315,75.635,24.62,81.58,6.09,4.3037
20240611,Gadag,15.4315,75.635,24.78,75.43,5.63,3.8743
20240612,Gadag,15.4315,75.635,24.24,80.8,4.86,4.0512
20240613,Gadag,15.4315,75.635,24.22,80.02,4.55,4.327
20240614,Gadag,15.4315,75.635,25.39,72.24,4.73,5.4622
20240615,Gadag,15.4315,75.635,26.32,74.96,4.2,5.9338
20240616,Gadag,15.4315,75.635,26.02,78.21,4.41,4.4921
20240617,Gadag,15.4315,75.635,26.06,75.85,3.92,5.4982
20240618,Gadag,15.4315,75.635,26.08,73.08,4.43,6.1548
20240619,Gadag,15.4315,75.635,26.02,75.07,4.84,5.0345
20240620,Gadag,15.4315,75.635,26.21,77.33,5.01,5.3858
20240621,Gadag,15.4315,75.635,26.47,77.23,5.3,4.4954
20240622,Gadag,15.4315,75.635,25.31,76.95,4.12,4.7808
20240623,Gadag,15.4315,75.635,25.54,76.88,3.9,5.0962
20240624,Gadag,15.4315,75.635,25.65,75.57,5.64,4.3644
20240625,Gadag,15.4315,75.635,25.11,74.45,6.63,4.212
20240626,Gadag,15.4315,75.635,23.92,79.05,7.86,4.4126
20240627,Gadag,15.4315,75.635,22.45,79.22,7.43,4.0634
20240628,Gadag,15.4315,75.635,24.77,77.13,5.91,4.7587
20240629,Gadag,15.4315,75.635,25.73,78.04,5.2,4.9488
20240630,Gadag,15.4315,75.635,25.47,80.4,5.58,4.0094
20240701,Gadag,15.4315,75.635,25.06,79.64,7.6,5.1931
20240702,Gadag,15.4315,75.635,25.1,80.47,6.67,5.2296
20240703,Gadag,15.4315,75.635,25.86,81.03,5.34,3.294
20240704,Gadag,15.4315,75.635,25.67,78.74,5.85,3.5263
20240705,Gadag,15.4315,75.635,25.09,79.17,5.68,3.7229
20240706,Gadag,15.4315,75.635,25.3,81.14,6.14,3.8818
20240707,Gadag,15.4315,75.635,24.47,80.55,5.85,3.1044
20240708,Gadag,15.4315,75.635,23.82,84.75,5.2,3.5856
20240709,Gadag,15.4315,75.635,24.31,81.61,4.63,4.2876
20240710,Gadag,15.4315,75.635,24.68,79.99,4.14,4.7023
20240711,Gadag,15.4315,75.635,25.06,77.68,5.48,5.4684
20240712,Gadag,15.4315,75.635,24.33,83.97,5.09,4.1882
20240713,Gadag,15.4315,75.635,24.87,85.06,5.9,4.0829
20240714,Gadag,15.4315,75.635,24.54,86.1,6.87,3.1872
20240715,Gadag,15.4315,75.635,25.57,81.08,5.67,4.3836
20240716,Gadag,15.4315,75.635,25.38,80.87,6.2,4.3658
20240717,Gadag,15.4315,75.635,25.27,84.0,6.32,3.6624
20240718,Gadag,15.4315,75.635,25.62,79.53,8.05,3.9876
20240719,Gadag,15.4315,75.635,24.14,86.44,7.04,3.1754
20240720,Gadag,15.4315,75.635,24.11,85.6,7.0,2.6201
20240721,Gadag,15.4315,75.635,24.92,83.39,6.7,2.5764
20240722,Gadag,15.4315,75.635,24.45,82.56,6.97,4.0356
20240723,Gadag,15.4315,75.635,24.6,82.06,7.48,2.7437
20240724,Gadag,15.4315,75.635,25.11,80.41,7.48,3.4042
20240725,Gadag,15.4315,75.635,24.67,81.2,7.65,3.0199
20240726,Gadag,15.4315,75.635,24.93,81.85,7.05,3.1819
20240727,Gadag,15.4315,75.635,24.86,82.11,7.09,2.6611
20240728,Gadag,15.4315,75.635,24.94,81.68,7.01,3.3929
20240729,Gadag,15.4315,75.635,25.72,80.44,6.74,3.5981
20240730,Gadag,15.4315,75.635,25.42,82.98,5.29,4.7246
20240731,Gadag,15.4315,75.635,25.43,84.6,5.11,3.7831
20240801,Gadag,15.4315,75.635,24.52,86.48,5.64,3.5902
20240802,Gadag,15.4315,75.635,24.21,85.61,5.64,2.9256
20240803,Gadag,15.4315,75.635,24.58,82.98,5.82,3.4879
20240804,Gadag,15.4315,75.635,24.36,83.05,5.56,4.4779
20240805,Gadag,15.4315,75.635,25.15,81.44,4.49,4.651
20240806,Gadag,15.4315,75.635,24.43,84.88,3.84,3.9101
20240807,Gadag,15.4315,75.635,24.46,85.24,3.7,2.3263
20240808,Gadag,15.4315,75.635,25.02,82.52,3.64,3.2772
20240809,Gadag,15.4315,75.635,25.31,81.62,3.56,5.479
20240810,Gadag,15.4315,75.635,25.71,79.94,3.35,5.1883
20240811,Gadag,15.4315,75.635,25.24,83.0,3.43,5.3762
20240812,Gadag,15.4315,75.635,25.67,79.89,2.86,6.0485
20240813,Gadag,15.4315,75.635,25.11,83.69,2.14,5.8642
20240814,Gadag,15.4315,75.635,26.63,80.81,1.61,5.2351
20240815,Gadag,15.4315,75.635,26.5,83.2,1.68,4.9037
20240816,Gadag,15.4315,75.635,26.11,84.16,2.35,2.8562
20240817,Gadag,15.4315,75.635,26.96,79.77,1.86,4.8161
20240818,Gadag,15.4315,75.635,26.32,84.86,2.68,5.1955
20240819,Gadag,15.4315,75.635,26.5,81.35,1.07,3.1798
20240820,Gadag,15.4315,75.635,26.25,79.82,1.43,4.4914
20240821,Gadag,15.4315,75.635,26.26,80.06,2.16,4.9442
20240822,Gadag,15.4315,75.635,24.85,84.07,4.21,4.0325
20240823,Gadag,15.4315,75.635,24.99,83.76,4.61,3.7975
20240824,Gadag,15.4315,75.635,24.25,86.43,5.18,2.0074
20240825,Gadag,15.4315,75.635,24.35,87.56,4.87,4.1945
20240826,Gadag,15.4315,75.635,24.84,83.25,5.68,4.631
20240827,Gadag,15.4315,75.635,24.74,83.03,5.13,4.3224
20240828,Gadag,15.4315,75.635,24.46,84.19,4.95,4.6279
20240829,Gadag,15.4315,75.635,24.46,84.8,4.54,5.4624
20240830,Gadag,15.4315,75.635,24.45,85.81,3.78,4.525
20240831,Gadag,15.4315,75.635,24.07,86.91,4.32,2.1403
20240901,Gadag,15.4315,75.635,23.86,85.61,5.08,1.8053
20240902,Gadag,15.4315,75.635,24.29,83.14,4.93,4.699
20240903,Gadag,15.4315,75.635,24.72,84.24,4.49,4.1093
20240904,Gadag,15.4315,75.635,24.78,83.55,4.77,4.0954
20240905,Gadag,15.4315,75.635,25.03,83.54,4.51,5.0042
20240906,Gadag,15.4315,75.635,24.45,85.28,3.93,4.8754
20240907,Gadag,15.4315,75.635,24.68,84.58,3.8,4.872
20240908,Gadag,15.4315,75.635,24.57,85.45,3.65,3.4342
20240909,Gadag,15.4315,75.635,24.63,85.92,4.15,4.9387
20240910,Gadag,15.4315,75.635,24.06,86.27,4.26,4.7534
20240911,Gadag,15.4315,75.635,24.61,81.95,4.4,4.4803
20240912,Gadag,15.4315,75.635,24.68,80.94,4.04,5.8507
20240913,Gadag,15.4315,75.635,24.41,80.17,3.51,5.6921
20240914,Gadag,15.4315,75.635,24.46,80.08,3.46,5.7763
20240915,Gadag,15.4315,75.635,24.54,79.65,3.78,5.5378
20240916,Gadag,15.4315,75.635,24.55,80.34,3.61,4.4635
20240917,Gadag,15.4315,75.635,24.83,77.7,3.42,4.5979
20240918,Gadag,15.4315,75.635,24.15,76.62,3.1,6.2966
20240919,Gadag,15.4315,75.635,24.57,75.91,2.5,5.8879
20240920,Gadag,15.4315,75.635,25.35,76.53,2.36,5.7996
20240921,Gadag,15.4315,75.635,24.67,82.6,2.32,4.3454
20240922,Gadag,15.4315,75.635,24.5,85.02,1.67,3.8904
20240923,Gadag,15.4315,75.635,25.08,86.2,2.53,4.1422
20240924,Gadag,15.4315,75.635,24.28,90.67,3.09,3.3331
20240925,Gadag,15.4315,75.635,22.99,91.28,3.26,3.2066
20240926,Gadag,15.4315,75.635,23.91,85.3,4.36,3.865
20240927,Gadag,15.4315,75.635,23.99,84.07,3.65,3.9864
20240928,Gadag,15.4315,75.635,24.69,83.47,2.33,4.8626
20240929,Gadag,15.4315,75.635,25.75,80.59,1.28,5.411
20240930,Gadag,15.4315,75.635,25.97,82.01,1.33,5.2046
20241001,Gadag,15.4315,75.635,26.78,75.16,1.34,5.4434
20241002,Gadag,15.4315,75.635,26.69,77.73,1.35,5.3885
20241003,Gadag,15.4315,75.635,25.22,86.23,2.17,4.7863
20241004,Gadag,15.4315,75.635,25.17,85.28,2.04,5.3796
20241005,Gadag,15.4315,75.635,25.3,82.86,2.04,4.9769
20241006,Gadag,15.4315,75.635,24.43,78.81,2.27,4.7035
20241007,Gadag,15.4315,75.635,24.28,80.13,2.19,5.1547
20241008,Gadag,15.4315,75.635,24.29,83.41,2.05,4.7597
20241009,Gadag,15.4315,75.635,24.67,86.13,2.46,4.152
20241010,Gadag,15.4315,75.635,24.78,85.98,2.59,4.1933
20241011,Gadag,15.4315,75.635,24.58,88.24,2.79,3.9763
20241012,Gadag,15.4315,75.635,24.74,87.09,2.52,4.7431
20241013,Gadag,15.4315,75.635,25.15,84.61,2.55,4.7326
20241014,Gadag,15.4315,75.635,24.13,87.13,2.13,4.4414
20241015,Gadag,15.4315,75.635,23.52,89.16,2.35,3.2522
20241016,Gadag,15.4315,75.635,23.87,89.88,2.5,2.5222
20241017,Gadag,15.4315,75.635,24.61,88.45,1.68,3.1142
20241018,Gadag,15.4315,75.635,23.74,92.47,1.88,2.4377
20241019,Gadag,15.4315,75.635,24.57,83.43,0.77,3.9554
20241020,Gadag,15.4315,75.635,24.13,86.55,2.52,4.3238
20241021,Gadag,15.4315,75.635,24.34,86.4,2.17,3.7694
20241022,Gadag,15.4315,75.635,24.34,86.79,1.6,4.8466
20241023,Gadag,15.4315,75.635,24.57,86.43,1.47,5.0693
20241024,Gadag,15.4315,75.635,24.82,78.85,1.54,4.4417
20241025,Gadag,15.4315,75.635,23.9,74.73,1.53,5.3806
20241026,Gadag,15.4315,75.635,23.47,80.07,1.65,5.4319
20241027,Gadag,15.4315,75.635,23.46,78.13,1.72,5.4559
20241028,Gadag,15.4315,75.635,23.08,78.99,1.28,4.8509
20241029,Gadag,15.4315,75.635,23.94,80.48,1.3,4.2622
20241030,Gadag,15.4315,75.635,24.03,81.25,1.2,4.0858
20241031,Gadag,15.4315,75.635,24.58,84.94,1.55,4.2142
20241101,Gadag,15.4315,75.635,24.18,84.46,1.77,4.5338
20241102,Gadag,15.4315,75.635,23.88,83.37,2.08,4.7762
20241103,Gadag,15.4315,75.635,23.94,83.59,2.01,4.7969
20241104,Gadag,15.4315,75.635,23.62,85.07,2.27,4.5806
20241105,Gadag,15.4315,75.635,22.91,84.58,2.32,4.9092
20241106,Gadag,15.4315,75.635,22.07,72.63,1.91,5.4919
20241107,Gadag,15.4315,75.635,22.02,77.99,1.87,5.375
20241108,Gadag,15.4315,75.635,22.56,80.6,2.07,5.3426
20241109,Gadag,15.4315,75.635,23.21,82.29,2.13,4.4818
20241110,Gadag,15.4315,75.635,22.93,80.69,1.92,4.9644
20241111,Gadag,15.4315,75.635,21.55,76.73,2.04,4.9277
20241112,Gadag,15.4315,75.635,20.48,82.53,2.07,4.7762
20241113,Gadag,15.4315,75.635,23.85,82.27,2.93,3.7301
20241114,Gadag,15.4315,75.635,24.22,84.98,2.49,3.9576
20241115,Gadag,15.4315,75.635,24.07,86.11,2.29,3.2162
20241116,Gadag,15.4315,75.635,24.48,82.33,2.76,4.5322
20241117,Gadag,15.4315,75.635,22.49,75.52,2.69,4.2598
20241118,Gadag,15.4315,75.635,20.3,70.24,2.17,4.7213
20241119,Gadag,15.4315,75.635,20.31,76.89,2.21,4.415
20241120,Gadag,15.4315,75.635,20.15,76.38,2.15,5.071
20241121,Gadag,15.4315,75.635,20.5,76.64,2.04,5.0292
20241122,Gadag,15.4315,75.635,20.35,77.13,1.92,4.6692
20241123,Gadag,15.4315,75.635,20.63,77.03,1.82,4.6831
20241124,Gadag,15.4315,75.635,20.22,75.91,1.94,4.7638
20241125,Gadag,15.4315,75.635,20.22,75.72,2.63,4.4784
20241126,Gadag,15.4315,75.635,21.32,75.14,2.27,4.8504
20241127,Gadag,15.4315,75.635,21.45,77.93,2.53,4.1256
20241128,Gadag,15.4315,75.635,20.22,68.88,2.94,5.2423
20241129,Gadag,15.4315,75.635,21.0,70.2,2.88,5.2481
20241130,Gadag,15.4315,75.635,22.97,78.33,2.97,3.5177
20241201,Gadag,15.4315,75.635,23.63,80.76,2.61,3.6845
20241202,Gadag,15.4315,75.635,23.92,83.9,2.67,2.3734
20241203,Gadag,15.4315,75.635,23.8,85.03,4.01,2.5654
20241204,Gadag,15.4315,75.635,24.75,79.57,2.91,4.5286
20241205,Gadag,15.4315,75.635,24.86,80.05,2.28,3.6521
20241206,Gadag,15.4315,75.635,25.22,79.03,1.39,3.9583
20241207,Gadag,15.4315,75.635,24.36,80.86,0.84,3.6948
20241208,Gadag,15.4315,75.635,24.83,82.0,0.91,3.5743
20241209,Gadag,15.4315,75.635,24.65,83.3,1.17,3.8791
20241210,Gadag,15.4315,75.635,24.68,78.48,1.97,3.8035
20241211,Gadag,15.4315,75.635,23.15,68.87,2.78,3.9154
20241212,Gadag,15.4315,75.635,23.17,77.73,2.47,4.7069
20241213,Gadag,15.4315,75.635,22.96,76.81,2.72,3.8026
20241214,Gadag,15.4315,75.635,22.32,71.74,2.89,4.3054
20241215,Gadag,15.4315,75.635,20.66,72.9,2.46,4.7825
20241216,Gadag,15.4315,75.635,19.52,68.97,2.1,5.0278
20241217,Gadag,15.4315,75.635,20.02,64.57,1.62,5.1919
20241218,Gadag,15.4315,75.635,21.96,72.08,1.64,5.0203
20241219,Gadag,15.4315,75.635,24.25,73.96,1.66,4.303
20241220,Gadag,15.4315,75.635,24.45,73.32,1.36,4.013
20241221,Gadag,15.4315,75.635,24.28,72.88,0.8,3.8594
20241222,Gadag,15.4315,75.635,24.17,72.55,1.1,4.0373
20241223,Gadag,15.4315,75.635,23.37,74.11,1.06,3.571
20241224,Gadag,15.4315,75.635,23.68,70.48,1.69,4.3106
20241225,Gadag,15.4315,75.635,23.62,73.03,1.54,3.8652
20241226,Gadag,15.4315,75.635,24.27,74.15,2.98,2.5409
20241227,Gadag,15.4315,75.635,24.31,74.83,4.0,2.3599
20241228,Gadag,15.4315,75.635,23.81,71.56,2.75,5.3434
20241229,Gadag,15.4315,75.635,23.31,66.2,2.62,5.2517
20241230,Gadag,15.4315,75.635,22.59,62.31,2.7,5.2543
20241231,Gadag,15.4315,75.635,22.53,63.21,2.88,5.0081
20250101,Gadag,15.4315,75.635,22.27,65.18,3.0,4.6418
20250102,Gadag,15.4315,75.635,20.99,55.83,3.04,3.8882
20250103,Gadag,15.4315,75.635,20.58,52.82,2.82,5.0722
20250104,Gadag,15.4315,75.635,21.04,61.7,2.25,5.4221
20250105,Gadag,15.4315,75.635,21.05,60.94,2.04,5.286
20250106,Gadag,15.4315,75.635,21.28,57.46,1.97,5.3962
20250107,Gadag,15.4315,75.635,21.39,56.79,2.11,5.219
20250108,Gadag,15.4315,75.635,20.59,50.25,2.51,4.9121
20250109,Gadag,15.4315,75.635,20.5,58.23,2.84,4.8161
20250110,Gadag,15.4315,75.635,21.82,64.63,2.61,4.1532
20250111,Gadag,15.4315,75.635,23.45,68.14,2.47,4.103
20250112,Gadag,15.4315,75.635,23.68,63.74,2.41,4.1165
20250113,Gadag,15.4315,75.635,24.5,60.44,2.72,4.8689
20250114,Gadag,15.4315,75.635,24.85,62.12,3.13,4.4993
20250115,Gadag,15.4315,75.635,23.96,64.42,3.33,5.0359
20250116,Gadag,15.4315,75.635,23.88,61.52,3.27,4.4806
20250117,Gadag,15.4315,75.635,23.52,59.56,3.49,4.6922
20250118,Gadag,15.4315,75.635,22.89,59.25,3.32,3.6262
20250119,Gadag,15.4315,75.635,23.2,53.66,2.67,5.0755
20250120,Gadag,15.4315,75.635,23.14,44.67,2.66,5.3954
20250121,Gadag,15.4315,75.635,22.67,41.86,2.22,5.6993
20250122,Gadag,15.4315,75.635,23.62,46.48,2.33,5.8426
20250123,Gadag,15.4315,75.635,24.6,50.16,2.72,5.5555
20250124,Gadag,15.4315,75.635,24.38,48.18,2.97,5.8891
20250125,Gadag,15.4315,75.635,23.39,42.52,2.87,6.2851
20250126,Gadag,15.4315,75.635,23.55,39.01,2.87,6.1092
20250127,Gadag,15.4315,75.635,23.69,40.86,2.54,5.6566
20250128,Gadag,15.4315,75.635,24.07,40.5,2.24,5.3954
20250129,Gadag,15.4315,75.635,23.71,43.16,2.86,5.4862
20250130,Gadag,15.4315,75.635,23.69,42.88,2.46,5.8834
20250131,Gadag,15.4315,75.635,25.01,26.47,1.45,6.1066
20250201,Gadag,15.4315,75.635,25.24,36.39,1.21,5.9246
20250202,Gadag,15.4315,75.635,25.6,33.96,2.4,5.4
20250203,Gadag,15.4315,75.635,24.91,32.53,2.73,6.2489
20250204,Gadag,15.4315,75.635,25.6,29.53,2.56,6.3343
20250205,Gadag,15.4315,75.635,25.48,31.37,2.47,6.1615
20250206,Gadag,15.4315,75.635,25.73,35.75,2.88,6.0782
20250207,Gadag,15.4315,75.635,26.07,39.11,3.02,5.7953
20250208,Gadag,15.4315,75.635,25.9,35.15,2.6,5.6669
20250209,Gadag,15.4315,75.635,25.72,38.39,2.73,5.453
20250210,Gadag,15.4315,75.635,26.15,44.13,2.56,5.3688
20250211,Gadag,15.4315,75.635,26.0,41.57,2.27,5.5562
20250212,Gadag,15.4315,75.635,26.29,30.24,2.04,5.8195
20250213,Gadag,15.4315,75.635,26.5,26.91,2.03,6.1027
20250214,Gadag,15.4315,75.635,25.45,20.27,2.4,6.2323
20250215,Gadag,15.4315,75.635,25.68,20.14,2.66,6.5453
20250216,Gadag,15.4315,75.635,25.75,21.67,2.28,6.5683
20250217,Gadag,15.4315,75.635,26.66,24.62,1.89,6.3852
20250218,Gadag,15.4315,75.635,27.22,30.73,1.68,6.2338
20250219,Gadag,15.4315,75.635,28.07,28.56,0.73,5.7742
20250220,Gadag,15.4315,75.635,28.34,31.38,1.79,5.5174
20250221,Gadag,15.4315,75.635,28.3,37.15,2.43,5.4281
20250222,Gadag,15.4315,75.635,28.17,33.73,2.6,5.4554
20250223,Gadag,15.4315,75.635,27.05,25.59,2.75,5.7106
20250224,Gadag,15.4315,75.635,26.22,23.79,3.56,6.7476
20250225,Gadag,15.4315,75.635,26.08,34.19,3.33,5.0585
20250226,Gadag,15.4315,75.635,26.77,37.3,3.71,6.468
20250227,Gadag,15.4315,75.635,26.99,40.16,3.26,6.3007
20250228,Gadag,15.4315,75.635,27.54,38.29,3.13,5.9446
20250301,Gadag,15.4315,75.635,27.69,34.2,3.27,6.7145
20250302,Gadag,15.4315,75.635,27.69,32.45,2.62,6.6389
20250303,Gadag,15.4315,75.635,28.26,28.04,2.13,6.4963
20250304,Gadag,15.4315,75.635,29.08,22.61,3.27,5.7638
20250305,Gadag,15.4315,75.635,29.17,19.52,2.82,5.8214
20250306,Gadag,15.4315,75.635,27.51,10.71,2.66,7.1794
20250307,Gadag,15.4315,75.635,26.72,8.14,2.25,7.4323
20250308,Gadag,15.4315,75.635,27.96,11.82,1.87,7.1923
20250309,Gadag,15.4315,75.635,28.42,18.42,2.47,6.8575
20250310,Gadag,15.4315,75.635,28.01,36.03,3.79,6.6226
20250311,Gadag,15.4315,75.635,27.74,35.41,3.9,6.7601
20250312,Gadag,15.4315,75.635,28.31,35.69,3.05,6.8717
20250313,Gadag,15.4315,75.635,28.28,34.44,1.52,6.3245
20250314,Gadag,15.4315,75.635,29.62,34.18,1.38,6.4351
20250315,Gadag,15.4315,75.635,29.72,27.45,2.34,6.559
20250316,Gadag,15.4315,75.635,29.61,22.56,2.47,6.9463
20250317,Gadag,15.4315,75.635,28.74,34.62,1.49,5.8097
20250318,Gadag,15.4315,75.635,30.33,35.38,1.7,6.5748
20250319,Gadag,15.4315,75.635,30.95,28.17,1.86,6.4092
20250320,Gadag,15.4315,75.635,31.09,37.07,2.24,6.078
20250321,Gadag,15.4315,75.635,31.68,32.66,1.85,6.4954
20250322,Gadag,15.4315,75.635,30.76,27.47,2.48,7.1105
20250323,Gadag,15.4315,75.635,31.19,30.48,1.66,6.7733
20250324,Gadag,15.4315,75.635,31.21,35.35,2.44,5.537
20250325,Gadag,15.4315,75.635,31.06,30.79,2.15,5.0266
20250326,Gadag,15.4315,75.635,31.28,34.23,1.44,6.0132
20250327,Gadag,15.4315,75.635,31.04,34.13,1.87,6.2705
20250328,Gadag,15.4315,75.635,31.43,29.19,1.59,6.5635
20250329,Gadag,15.4315,75.635,31.55,28.36,1.63,5.7106
20250330,Gadag,15.4315,75.635,31.27,31.59,1.78,5.7746
20250331,Gadag,15.4315,75.635,31.65,33.29,2.0,5.3654
20250401,Gadag,15.4315,75.635,30.86,35.62,2.21,5.7941
20250402,Gadag,15.4315,75.635,29.56,31.43,2.47,6.6355
20250403,Gadag,15.4315,75.635,28.99,45.49,1.55,3.9742
20250404,Gadag,15.4315,75.635,29.51,50.32,2.3,6.403
20250405,Gadag,15.4315,75.635,30.01,47.12,2.2,5.357
20250406,Gadag,15.4315,75.635,30.45,45.92,2.4,5.5385
20250407,Gadag,15.4315,75.635,30.73,39.05,1.85,6.0878
20250408,Gadag,15.4315,75.635,29.68,44.74,1.9,6.1555
20250409,Gadag,15.4315,75.635,29.84,46.24,2.02,6.4078
20250410,Gadag,15.4315,75.635,29.42,47.25,3.34,6.4992
20250411,Gadag,15.4315,75.635,29.53,49.27,2.65,6.2554
20250412,Gadag,15.4315,75.635,30.09,46.01,2.59,6.6298
20250413,Gadag,15.4315,75.635,30.68,33.75,2.6,7.1196
20250414,Gadag,15.4315,75.635,31.25,27.25,1.7,6.8599
20250415,Gadag,15.4315,75.635,31.56,33.28,1.34,6.6314
20250416,Gadag,15.4315,75.635,31.36,42.24,2.35,6.7452
20250417,Gadag,15.4315,75.635,31.48,44.76,2.29,7.0126
20250418,Gadag,15.4315,75.635,31.62,48.91,2.5,6.7946
20250419,Gadag,15.4315,75.635,31.03,50.97,2.83,5.9983
20250420,Gadag,15.4315,75.635,31.52,45.6,2.74,5.9191
20250421,Gadag,15.4315,75.635,31.56,45.19,2.45,6.319
20250422,Gadag,15.4315,75.635,31.83,42.16,1.88,5.8267
20250423,Gadag,15.4315,75.635,31.65,47.22,1.97,6.4589
20250424,Gadag,15.4315,75.635,31.28,52.51,1.99,6.24
20250425,Gadag,15.4315,75.635,31.27,52.49,1.66,6.0365
20250426,Gadag,15.4315,75.635,30.85,52.43,2.22,6.2422
20250427,Gadag,15.4315,75.635,29.91,57.22,1.61,5.9784
20250428,Gadag,15.4315,75.635,29.45,58.78,2.41,6.9002
20250429,Gadag,15.4315,75.635,29.85,56.56,1.6,6.6662
20250430,Gadag,15.4315,75.635,30.67,50.7,2.45,7.0102
20250501,Gadag,15.4315,75.635,30.85,45.31,2.74,7.3106
20250502,Gadag,15.4315,75.635,30.98,47.53,2.72,7.2564
20250503,Gadag,15.4315,75.635,30.68,48.84,2.79,7.1376
20250504,Gadag,15.4315,75.635,30.43,43.15,3.47,7.4388
20250505,Gadag,15.4315,75.635,29.67,42.66,2.17,7.6586
20250506,Gadag,15.4315,75.635,30.04,43.86,3.48,7.2648
20250507,Gadag,15.4315,75.635,30.44,38.38,3.11,6.8347
20250508,Gadag,15.4315,75.635,29.14,46.28,3.57,6.8618
20250509,Gadag,15.4315,75.635,29.24,47.76,2.57,7.0411
20250510,Gadag,15.4315,75.635,29.49,51.29,2.83,6.6598
20250511,Gadag,15.4315,75.635,30.84,47.91,2.86,6.0319
20250512,Gadag,15.4315,75.635,30.93,48.16,2.06,5.743
20250513,Gadag,15.4315,75.635,29.22,58.75,2.53,5.0575
20250514,Gadag,15.4315,75.635,29.18,61.75,1.86,7.0315
20250515,Gadag,15.4315,75.635,27.75,67.79,2.39,4.3272
20250516,Gadag,15.4315,75.635,27.64,72.28,1.85,5.5044
20250517,Gadag,15.4315,75.635,28.41,67.84,1.73,5.6916
20250518,Gadag,15.4315,75.635,26.44,80.27,2.32,5.1799
20250519,Gadag,15.4315,75.635,26.69,79.84,2.53,4.1328
20250520,Gadag,15.4315,75.635,27.56,74.49,2.37,3.2268
20250521,Gadag,15.4315,75.635,26.72,78.02,2.38,2.5975
20250522,Gadag,15.4315,75.635,25.62,83.24,3.85,4.6075
20250523,Gadag,15.4315,75.635,26.32,78.59,6.05,3.8023
20250524,Gadag,15.4315,75.635,25.87,80.9,6.42,3.7416
20250525,Gadag,15.4315,75.635,25.39,80.3,6.2,3.1622
20250526,Gadag,15.4315,75.635,23.93,81.44,6.69,2.3774
20250527,Gadag,15.4315,75.635,23.92,85.12,6.31,3.8141
20250528,Gadag,15.4315,75.635,24.15,84.08,5.65,2.4962
20250529,Gadag,15.4315,75.635,23.98,89.66,4.78,3.9881
20250530,Gadag,15.4315,75.635,25.68,81.08,5.06,4.2456
20250531,Gadag,15.4315,75.635,25.61,74.06,5.03,6.0065
20250601,Gadag,15.4315,75.635,25.43,76.86,4.51,5.3009
20250602,Gadag,15.4315,75.635,26.05,77.6,4.47,5.3669
20250603,Gadag,15.4315,75.635,25.96,76.94,4.12,5.7185
20250604,Gadag,15.4315,75.635,25.67,76.9,3.86,5.4977
20250605,Gadag,15.4315,75.635,25.71,72.82,3.38,5.9462
20250606,Gadag,15.4315,75.635,26.32,75.83,3.29,6.2069
20250607,Gadag,15.4315,75.635,25.87,81.11,3.23,5.5978
20250608,Gadag,15.4315,75.635,25.63,80.49,3.74,5.7602
20250609,Gadag,15.4315,75.635,25.92,78.48,4.3,4.8614
20250610,Gadag,15.4315,75.635,26.08,77.71,4.24,5.1096
20250611,Gadag,15.4315,75.635,25.8,82.03,4.43,3.155
20250612,Gadag,15.4315,75.635,25.03,84.62,4.11,2.717
20250613,Gadag,15.4315,75.635,26.03,85.62,1.53,3.3691
20250614,Gadag,15.4315,75.635,25.1,87.16,4.63,4.2389
20250615,Gadag,15.4315,75.635,24.71,82.44,5.45,3.4603
20250616,Gadag,15.4315,75.635,25.2,81.73,7.22,3.6994
20250617,Gadag,15.4315,75.635,25.52,81.52,5.83,5.2421
20250618,Gadag,15.4315,75.635,25.72,80.83,5.86,5.3107
20250619,Gadag,15.4315,75.635,25.48,80.93,5.79,4.8977
20250620,Gadag,15.4315,75.635,25.14,82.81,5.18,4.9834
20250621,Gadag,15.4315,75.635,25.31,81.44,5.28,5.1965
20250622,Gadag,15.4315,75.635,25.34,80.87,5.46,4.8084
20250623,Gadag,15.4315,75.635,24.78,82.03,6.45,3.5885
20250624,Gadag,15.4315,75.635,24.53,80.12,7.06,3.5906
20250625,Gadag,15.4315,75.635,24.51,82.94,6.78,2.8994
20250626,Gadag,15.4315,75.635,24.54,84.71,6.34,3.9386
20250627,Gadag,15.4315,75.635,24.89,82.64,5.88,4.2576
20250628,Gadag,15.4315,75.635,25.16,81.07,5.23,4.7246
20250629,Gadag,15.4315,75.635,25.02,81.41,5.52,4.5182
20250630,Gadag,15.4315,75.635,24.54,82.68,5.51,4.3975
20250701,Gadag,15.4315,75.635,24.2,85.23,5.09,4.3838
20250702,Gadag,15.4315,75.635,25.03,82.16,5.35,4.1882
20250703,Gadag,15.4315,75.635,24.23,83.96,6.14,3.5258
20250704,Gadag,15.4315,75.635,24.44,82.35,6.71,4.1124
20250705,Gadag,15.4315,75.635,24.63,82.6,6.77,4.764
20250706,Gadag,15.4315,75.635,24.6,82.24,6.76,3.463
20250707,Gadag,15.4315,75.635,24.56,82.0,6.4,4.4052
20250708,Gadag,15.4315,75.635,24.71,82.08,6.03,3.4344
20250709,Gadag,15.4315,75.635,25.03,80.64,5.73,4.1503
20250710,Gadag,15.4315,75.635,25.4,79.41,4.63,4.9766
20250711,Gadag,15.4315,75.635,25.29,79.96,4.44,5.1804
20250712,Gadag,15.4315,75.635,25.08,80.61,4.5,4.0846
20250713,Gadag,15.4315,75.635,25.32,79.55,5.08,4.655
20250714,Gadag,15.4315,75.635,25.22,80.11,5.66,4.7794
20250715,Gadag,15.4315,75.635,25.23,80.86,5.26,3.8496
20250716,Gadag,15.4315,75.635,25.38,82.08,4.78,4.165
20250717,Gadag,15.4315,75.635,24.4,84.11,4.65,4.1186
20250718,Gadag,15.4315,75.635,23.52,91.18,3.63,3.5592
20250719,Gadag,15.4315,75.635,24.2,85.21,3.89,4.2523
20250720,Gadag,15.4315,75.635,24.52,84.8,4.16,4.1626
20250721,Gadag,15.4315,75.635,24.25,86.55,4.43,3.7582
20250722,Gadag,15.4315,75.635,24.19,86.75,4.96,3.1824
20250723,Gadag,15.4315,75.635,24.19,84.99,5.97,3.3538
20250724,Gadag,15.4315,75.635,24.18,85.89,5.49,3.0062
20250725,Gadag,15.4315,75.635,24.4,86.32,6.47,3.137
20250726,Gadag,15.4315,75.635,23.68,84.32,7.51,2.7278
20250727,Gadag,15.4315,75.635,23.6,82.81,6.99,4.356
20250728,Gadag,15.4315,75.635,23.61,81.95,6.79,4.7815
20250729,Gadag,15.4315,75.635,23.94,81.18,7.25,4.2811
20250730,Gadag,15.4315,75.635,24.11,82.23,6.3,4.1789
20250731,Gadag,15.4315,75.635,24.42,82.55,5.08,3.6626
20250801,Gadag,15.4315,75.635,24.76,81.54,4.03,4.2722
20250802,Gadag,15.4315,75.635,24.93,80.8,3.84,4.8641
20250803,Gadag,15.4315,75.635,25.3,80.33,2.86,4.5475
20250804,Gadag,15.4315,75.635,24.98,82.59,2.91,4.7597
20250805,Gadag,15.4315,75.635,24.83,85.96,2.55,3.8568
20250806,Gadag,15.4315,75.635,24.76,86.74,3.35,4.8648
20250807,Gadag,15.4315,75.635,24.6,88.61,2.28,3.9166
20250808,Gadag,15.4315,75.635,24.39,89.83,2.06,3.8777
20250809,Gadag,15.4315,75.635,24.62,83.06,1.75,4.0529
20250810,Gadag,15.4315,75.635,23.45,86.49,2.92,4.049
20250811,Gadag,15.4315,75.635,23.47,85.19,3.65,4.5746
20250812,Gadag,15.4315,75.635,22.65,86.31,3.79,3.395
20250813,Gadag,15.4315,75.635,23.26,86.45,3.85,2.8082
20250814,Gadag,15.4315,75.635,23.05,89.12,3.84,3.0451
20250815,Gadag,15.4315,75.635,23.67,87.07,4.75,3.0038
20250816,Gadag,15.4315,75.635,23.2,89.45,4.67,3.4282
20250817,Gadag,15.4315,75.635,23.45,88.85,5.53,2.6933
20250818,Gadag,15.4315,75.635,22.73,89.76,6.12,2.9335
20250819,Gadag,15.4315,75.635,22.54,89.58,6.68,2.6664
20250820,Gadag,15.4315,75.635,22.8,87.63,5.31,3.6566
20250821,Gadag,15.4315,75.635,23.86,85.5,4.32,4.8427
20250822,Gadag,15.4315,75.635,23.57,86.37,3.72,4.7242
20250823,Gadag,15.4315,75.635,23.0,87.67,3.92,4.9901
20250824,Gadag,15.4315,75.635,23.64,84.13,4.39,5.6021
20250825,Gadag,15.4315,75.635,23.29,84.59,4.19,5.6304
20250826,Gadag,15.4315,75.635,23.71,87.12,4.2,3.8078
20250827,Gadag,15.4315,75.635,23.48,89.24,4.21,3.564
20250828,Gadag,15.4315,75.635,23.09,89.97,4.32,3.3547
20250829,Gadag,15.4315,75.635,23.83,89.26,3.72,4.1172
20250830,Gadag,15.4315,75.635,24.29,86.42,4.23,4.6034
20250831,Gadag,15.4315,75.635,24.13,86.73,4.33,3.7968
20250901,Gadag,15.4315,75.635,23.84,86.06,4.46,3.7848
20250902,Gadag,15.4315,75.635,23.26,88.91,4.41,2.6023
20250903,Gadag,15.4315,75.635,24.09,85.38,4.44,4.5086
20250904,Gadag,15.4315,75.635,24.19,84.6,4.41,4.343
20250905,Gadag,15.4315,75.635,23.91,84.6,3.56,5.2802
20250906,Gadag,15.4315,75.635,24.01,83.67,3.14,5.7691
20250907,Gadag,15.4315,75.635,23.6,83.83,3.35,3.9775
20250908,Gadag,15.4315,75.635,23.68,83.8,2.48,5.1074
20250909,Gadag,15.4315,75.635,24.88,81.76,1.75,5.7828
20250910,Gadag,15.4315,75.635,24.89,82.48,2.11,5.6484
20250911,Gadag,15.4315,75.635,23.68,84.81,2.87,3.295
20250912,Gadag,15.4315,75.635,23.18,87.29,2.48,3.1553
20250913,Gadag,15.4315,75.635,24.09,84.85,2.45,3.1219
20250914,Gadag,15.4315,75.635,24.35,85.67,2.46,4.5389
20250915,Gadag,15.4315,75.635,23.39,88.07,3.29,3.6473
20250916,Gadag,15.4315,75.635,23.45,89.09,2.21,3.2683
20250917,Gadag,15.4315,75.635,24.79,84.62,2.19,3.6031
20250918,Gadag,15.4315,75.635,24.21,88.63,2.92,3.6864
20250919,Gadag,15.4315,75.635,23.95,87.22,3.11,4.3231
20250920,Gadag,15.4315,75.635,24.41,85.67,2.94,4.0793
20250921,Gadag,15.4315,75.635,24.22,87.31,2.69,5.1115
20250922,Gadag,15.4315,75.635,23.92,86.76,3.14,4.6517
20250923,Gadag,15.4315,75.635,22.89,88.43,3.0,2.7994
20250924,Gadag,15.4315,75.635,23.19,86.17,3.41,4.5127
20250925,Gadag,15.4315,75.635,23.68,84.75,3.16,5.3798
20250926,Gadag,15.4315,75.635,22.64,88.75,3.5,1.7179
20250927,Gadag,15.4315,75.635,21.82,90.47,4.2,2.1288
20250928,Gadag,15.4315,75.635,23.02,86.68,4.53,3.743
20250929,Gadag,15.4315,75.635,23.3,86.43,3.86,4.1887
20250930,Gadag,15.4315,75.635,23.4,86.03,3.36,4.9361
20251001,Gadag,15.4315,75.635,23.58,86.77,3.28,4.4642
20251002,Gadag,15.4315,75.635,23.68,88.05,2.76,4.7453
20251003,Gadag,15.4315,75.635,24.33,84.86,2.5,4.9106
20251004,Gadag,15.4315,75.635,24.27,82.47,2.17,5.9544
20251005,Gadag,15.4315,75.635,24.28,83.09,2.36,5.1667
20251006,Gadag,15.4315,75.635,23.24,81.27,2.47,5.1053
20251007,Gadag,15.4315,75.635,24.06,81.08,1.86,5.9417
20251008,Gadag,15.4315,75.635,25.09,79.19,1.29,5.6114
20251009,Gadag,15.4315,75.635,24.08,86.0,1.65,4.1856
20251010,Gadag,15.4315,75.635,23.84,83.75,2.21,4.6118
20251011,Gadag,15.4315,75.635,22.8,77.52,2.37,5.1365
20251012,Gadag,15.4315,75.635,22.14,78.02,2.37,6.3295
20251013,Gadag,15.4315,75.635,22.65,82.4,2.55,5.4816
20251014,Gadag,15.4315,75.635,23.61,84.38,2.59,4.5946
20251015,Gadag,15.4315,75.635,24.03,86.15,2.89,4.3236
20251016,Gadag,15.4315,75.635,24.18,84.26,3.37,5.6856
20251017,Gadag,15.4315,75.635,23.56,84.61,3.6,4.6886
20251018,Gadag,15.4315,75.635,23.28,86.56,2.57,5.5267
20251019,Gadag,15.4315,75.635,23.64,85.09,3.01,4.5406
20251020,Gadag,15.4315,75.635,23.94,84.92,2.72,4.1292
20251021,Gadag,15.4315,75.635,23.87,86.21,3.37,4.7914
20251022,Gadag,15.4315,75.635,23.96,85.94,4.02,3.5887
20251023,Gadag,15.4315,75.635,23.5,90.24,3.19,2.8627
20251024,Gadag,15.4315,75.635,22.96,89.16,1.92,2.8272
20251025,Gadag,15.4315,75.635,23.5,83.16,1.92,4.7758
20251026,Gadag,15.4315,75.635,23.87,84.25,1.79,3.5054
20251027,Gadag,15.4315,75.635,24.03,87.8,1.95,3.7435
20251028,Gadag,15.4315,75.635,23.29,86.74,2.06,3.5052
20251029,Gadag,15.4315,75.635,22.36,90.74,3.02,4.2274
20251030,Gadag,15.4315,75.635,22.41,86.35,3.23,4.7916
20251031,Gadag,15.4315,75.635,22.79,87.56,2.89,3.2242
20251101,Gadag,15.4315,75.635,23.59,84.7,2.2,4.6318
20251102,Gadag,15.4315,75.635,23.49,87.02,2.04,4.6788
20251103,Gadag,15.4315,75.635,23.44,82.17,2.15,4.9958
20251104,Gadag,15.4315,75.635,23.5,83.69,1.96,3.9847
20251105,Gadag,15.4315,75.635,22.88,83.93,2.12,4.6147
20251106,Gadag,15.4315,75.635,21.86,88.04,1.48,4.3584
20251107,Gadag,15.4315,75.635,22.44,83.65,1.79,3.8827
20251108,Gadag,15.4315,75.635,20.85,76.35,1.88,5.861
20251109,Gadag,15.4315,75.635,18.25,70.64,1.94,5.8267
20251110,Gadag,15.4315,75.635,19.14,70.34,1.47,5.6054
20251111,Gadag,15.4315,75.635,19.68,77.52,1.52,5.2908
20251112,Gadag,15.4315,75.635,20.09,77.56,2.18,5.1353
20251113,Gadag,15.4315,75.635,19.92,78.39,2.24,5.3448
20251114,Gadag,15.4315,75.635,17.71,73.9,2.32,5.6033
20251115,Gadag,15.4315,75.635,17.31,77.3,2.38,5.6652
20251116,Gadag,15.4315,75.635,18.07,78.3,2.67,5.5874
20251117,Gadag,15.4315,75.635,17.32,75.64,2.63,5.7091
20251118,Gadag,15.4315,75.635,18.16,75.14,2.5,5.5541
20251119,Gadag,15.4315,75.635,20.14,81.84,2.34,4.3514
20251120,Gadag,15.4315,75.635,18.88,76.33,2.52,5.4372
20251121,Gadag,15.4315,75.635,20.92,83.21,2.46,5.334
20251122,Gadag,15.4315,75.635,22.87,85.52,2.96,4.0675
20251123,Gadag,15.4315,75.635,23.02,83.97,2.39,4.4801
20251124,Gadag,15.4315,75.635,23.11,83.21,2.57,3.9535
20251125,Gadag,15.4315,75.635,21.84,79.07,2.91,5.1406
20251126,Gadag,15.4315,75.635,20.17,78.28,2.83,3.9523
20251127,Gadag,15.4315,75.635,20.44,78.46,3.03,4.8816
20251128,Gadag,15.4315,75.635,20.15,76.66,2.62,4.5542
20251129,Gadag,15.4315,75.635,19.0,76.66,2.23,4.4438
20251130,Gadag,15.4315,75.635,21.12,81.16,2.4,4.7748
20251201,Gadag,15.4315,75.635,21.0,78.02,1.89,4.9126
20251202,Gadag,15.4315,75.635,21.54,81.35,2.04,4.2547
20251203,Gadag,15.4315,75.635,22.44,80.59,2.95,4.3649
20251204,Gadag,15.4315,75.635,22.46,83.42,3.25,3.125
20251205,Gadag,15.4315,75.635,22.5,81.17,3.24,2.7838
20251206,Gadag,15.4315,75.635,20.58,80.03,2.78,4.325
20251207,Gadag,15.4315,75.635,20.81,75.25,2.95,4.5888
20251208,Gadag,15.4315,75.635,19.99,69.83,2.46,4.6697
20251209,Gadag,15.4315,75.635,19.01,64.07,2.88,5.4622
20251210,Gadag,15.4315,75.635,18.19,62.72,2.93,5.5255
20251211,Gadag,15.4315,75.635,17.62,63.76,2.6,5.605
20251212,Gadag,15.4315,75.635,17.37,60.82,2.19,5.5414
20251213,Gadag,15.4315,75.635,17.72,62.23,2.1,5.4746
20251214,Gadag,15.4315,75.635,18.48,67.72,2.39,5.1581
20251215,Gadag,15.4315,75.635,19.02,68.88,2.85,5.0045
20251216,Gadag,15.4315,75.635,19.96,71.11,2.8,5.0182
20251217,Gadag,15.4315,75.635,21.21,68.88,2.95,5.0242
20251218,Gadag,15.4315,75.635,19.1,62.59,2.7,5.3227
20251219,Gadag,15.4315,75.635,17.91,59.6,2.71,4.9306
20251220,Gadag,15.4315,75.635,17.82,57.11,2.25,5.2409
20251221,Gadag,15.4315,75.635,18.42,68.53,2.41,4.8175
20251222,Gadag,15.4315,75.635,19.62,71.54,2.44,4.7347
20251223,Gadag,15.4315,75.635,19.65,68.67,2.51,4.6531
20251224,Gadag,15.4315,75.635,19.01,69.45,2.33,4.9342
20251225,Gadag,15.4315,75.635,18.92,69.77,2.36,4.704
20251226,Gadag,15.4315,75.635,19.72,69.13,2.5,4.9222
20251227,Gadag,15.4315,75.635,19.36,67.17,2.53,4.8946
20251228,Gadag,15.4315,75.635,19.23,67.33,2.36,4.9178
20251229,Gadag,15.4315,75.635,19.9,67.8,2.12,4.8766
20251230,Gadag,15.4315,75.635,21.03,67.22,1.47,4.787
20251231,Gadag,15.4315,75.635,21.54,67.33,1.23,4.7434
