Date,District,Latitude,Longitude,Temperature,Humidity,WindSpeed,GHI
20200101,Hassan,13.0072,76.0999,21.63,78.01,1.57,4.3423
20200102,Hassan,13.0072,76.0999,22.99,77.07,1.02,4.3325
20200103,Hassan,13.0072,76.0999,23.05,77.23,1.13,4.673
20200104,Hassan,13.0072,76.0999,22.94,74.93,1.0,5.0959
20200105,Hassan,13.0072,76.0999,22.7,74.57,1.37,4.9548
20200106,Hassan,13.0072,76.0999,23.24,74.18,2.43,3.7598
20200107,Hassan,13.0072,76.0999,22.29,70.87,2.26,4.5086
20200108,Hassan,13.0072,76.0999,22.31,67.04,1.14,5.5258
20200109,Hassan,13.0072,76.0999,22.35,68.68,0.76,4.9805
20200110,Hassan,13.0072,76.0999,21.99,71.38,2.1,5.0172
20200111,Hassan,13.0072,76.0999,21.22,68.14,2.06,5.5843
20200112,Hassan,13.0072,76.0999,20.86,67.54,1.8,5.177
20200113,Hassan,13.0072,76.0999,21.16,69.25,1.01,5.4334
20200114,Hassan,13.0072,76.0999,21.69,68.63,0.83,5.8536
20200115,Hassan,13.0072,76.0999,21.0,66.05,1.39,5.9292
20200116,Hassan,13.0072,76.0999,20.16,65.85,1.34,5.8534
20200117,Hassan,13.0072,76.0999,21.03,67.96,1.36,5.2846
20200118,Hassan,13.0072,76.0999,22.44,70.94,2.06,5.508
20200119,Hassan,13.0072,76.0999,23.62,71.55,1.68,5.1715
20200120,Hassan,13.0072,76.0999,23.42,63.75,1.81,5.5814
20200121,Hassan,13.0072,76.0999,22.06,58.57,2.02,6.0667
20200122,Hassan,13.0072,76.0999,22.2,59.58,2.3,6.1001
20200123,Hassan,13.0072,76.0999,22.93,59.22,2.22,6.1558
20200124,Hassan,13.0072,76.0999,22.51,56.09,2.02,6.03
20200125,Hassan,13.0072,76.0999,21.76,49.82,1.68,6.1834
20200126,Hassan,13.0072,76.0999,22.22,46.21,1.41,6.1123
20200127,Hassan,13.0072,76.0999,23.25,53.22,1.44,6.0163
20200128,Hassan,13.0072,76.0999,23.51,68.99,1.72,5.1876
20200129,Hassan,13.0072,76.0999,23.88,63.73,0.91,5.6904
20200130,Hassan,13.0072,76.0999,24.55,58.23,1.12,6.1826
20200131,Hassan,13.0072,76.0999,24.07,57.48,0.73,6.1925
20200201,Hassan,13.0072,76.0999,23.89,58.27,1.72,5.6136
20200202,Hassan,13.0072,76.0999,23.54,57.68,1.83,5.1451
20200203,Hassan,13.0072,76.0999,23.5,53.63,1.64,6.1339
20200204,Hassan,13.0072,76.0999,23.33,54.92,1.63,6.3826
20200205,Hassan,13.0072,76.0999,23.8,58.53,1.59,6.0442
20200206,Hassan,13.0072,76.0999,24.49,60.41,0.96,5.6357
20200207,Hassan,13.0072,76.0999,24.22,61.23,1.92,4.9219
20200208,Hassan,13.0072,76.0999,22.82,62.0,1.78,6.2772
20200209,Hassan,13.0072,76.0999,23.31,57.97,1.49,5.393
20200210,Hassan,13.0072,76.0999,24.34,57.87,2.34,5.9782
20200211,Hassan,13.0072,76.0999,24.5,52.65,2.95,6.5681
20200212,Hassan,13.0072,76.0999,23.49,51.59,2.52,6.4255
20200213,Hassan,13.0072,76.0999,23.56,48.13,2.11,6.3739
20200214,Hassan,13.0072,76.0999,23.88,46.73,1.06,6.4094
20200215,Hassan,13.0072,76.0999,24.55,36.89,1.15,6.6782
20200216,Hassan,13.0072,76.0999,23.97,34.71,2.0,6.6511
20200217,Hassan,13.0072,76.0999,23.41,34.88,1.91,6.5782
20200218,Hassan,13.0072,76.0999,23.47,38.99,2.42,6.7195
20200219,Hassan,13.0072,76.0999,24.36,42.84,1.74,6.5314
20200220,Hassan,13.0072,76.0999,24.2,43.99,2.17,6.7104
20200221,Hassan,13.0072,76.0999,23.48,39.7,2.19,6.9084
20200222,Hassan,13.0072,76.0999,23.81,44.46,2.21,6.9293
20200223,Hassan,13.0072,76.0999,24.9,45.17,2.07,6.4073
20200224,Hassan,13.0072,76.0999,25.07,48.86,1.94,6.1819
20200225,Hassan,13.0072,76.0999,25.57,44.57,1.33,6.2734
20200226,Hassan,13.0072,76.0999,26.31,46.12,1.72,5.8894
20200227,Hassan,13.0072,76.0999,26.33,49.71,1.97,5.3107
20200228,Hassan,13.0072,76.0999,26.49,50.71,1.78,5.9402
20200229,Hassan,13.0072,76.0999,26.34,50.3,1.81,5.2766
20200301,Hassan,13.0072,76.0999,26.78,51.72,1.41,6.1666
20200302,Hassan,13.0072,76.0999,26.19,57.64,1.03,4.3042
20200303,Hassan,13.0072,76.0999,25.99,61.36,1.88,5.5843
20200304,Hassan,13.0072,76.0999,25.26,59.76,1.64,5.6897
20200305,Hassan,13.0072,76.0999,25.71,57.98,1.71,6.3629
20200306,Hassan,13.0072,76.0999,25.41,58.35,2.19,6.2393
20200307,Hassan,13.0072,76.0999,25.95,55.78,1.83,5.5692
20200308,Hassan,13.0072,76.0999,27.06,53.17,1.05,5.8291
20200309,Hassan,13.0072,76.0999,27.82,53.17,0.93,6.0787
20200310,Hassan,13.0072,76.0999,28.33,51.46,1.48,6.1978
20200311,Hassan,13.0072,76.0999,27.79,53.51,1.74,6.1495
20200312,Hassan,13.0072,76.0999,27.73,52.2,1.14,6.5354
20200313,Hassan,13.0072,76.0999,27.26,43.3,1.45,7.0474
20200314,Hassan,13.0072,76.0999,27.2,39.78,1.5,7.2878
20200315,Hassan,13.0072,76.0999,28.0,39.99,1.53,7.051
20200316,Hassan,13.0072,76.0999,28.23,41.5,1.91,7.2137
20200317,Hassan,13.0072,76.0999,27.73,38.99,2.74,7.4066
20200318,Hassan,13.0072,76.0999,27.22,35.76,1.88,7.5698
20200319,Hassan,13.0072,76.0999,28.13,43.28,1.12,6.9595
20200320,Hassan,13.0072,76.0999,27.95,47.29,1.61,6.4039
20200321,Hassan,13.0072,76.0999,27.13,37.89,1.33,7.3186
20200322,Hassan,13.0072,76.0999,27.8,43.22,1.39,6.9358
20200323,Hassan,13.0072,76.0999,28.53,47.16,1.39,6.9362
20200324,Hassan,13.0072,76.0999,28.84,47.44,1.39,6.4241
20200325,Hassan,13.0072,76.0999,28.08,47.94,1.43,6.2513
20200326,Hassan,13.0072,76.0999,28.55,40.73,2.21,7.3214
20200327,Hassan,13.0072,76.0999,27.65,39.76,1.77,7.3368
20200328,Hassan,13.0072,76.0999,27.62,33.4,2.1,7.4794
20200329,Hassan,13.0072,76.0999,27.02,31.7,1.86,7.5259
20200330,Hassan,13.0072,76.0999,27.57,34.4,1.94,7.529
20200331,Hassan,13.0072,76.0999,27.8,30.12,1.95,7.6025
20200401,Hassan,13.0072,76.0999,28.2,32.5,1.87,7.3481
20200402,Hassan,13.0072,76.0999,29.17,41.62,1.5,6.9427
20200403,Hassan,13.0072,76.0999,29.98,36.43,1.63,6.7224
20200404,Hassan,13.0072,76.0999,29.05,37.17,1.3,7.4011
20200405,Hassan,13.0072,76.0999,29.2,44.88,1.43,6.7308
20200406,Hassan,13.0072,76.0999,27.51,57.9,0.69,6.1562
20200407,Hassan,13.0072,76.0999,24.41,67.75,1.58,5.299
20200408,Hassan,13.0072,76.0999,27.03,55.3,0.97,5.7106
20200409,Hassan,13.0072,76.0999,26.87,59.46,1.6,7.1004
20200410,Hassan,13.0072,76.0999,26.5,60.31,1.97,6.5066
20200411,Hassan,13.0072,76.0999,26.47,55.98,1.86,7.1261
20200412,Hassan,13.0072,76.0999,26.48,53.53,1.72,7.2413
20200413,Hassan,13.0072,76.0999,27.15,43.48,2.45,7.6241
20200414,Hassan,13.0072,76.0999,27.15,36.38,2.84,7.4947
20200415,Hassan,13.0072,76.0999,27.24,37.35,2.07,7.4952
20200416,Hassan,13.0072,76.0999,28.54,42.0,1.49,6.865
20200417,Hassan,13.0072,76.0999,29.94,41.6,1.32,7.247
20200418,Hassan,13.0072,76.0999,30.07,41.34,1.65,6.5186
20200419,Hassan,13.0072,76.0999,30.38,39.09,2.08,6.9696
20200420,Hassan,13.0072,76.0999,29.6,39.67,2.25,7.4278
20200421,Hassan,13.0072,76.0999,29.79,37.67,1.44,7.0478
20200422,Hassan,13.0072,76.0999,28.93,51.87,1.12,6.7022
20200423,Hassan,13.0072,76.0999,28.04,63.0,1.53,6.3269
20200424,Hassan,13.0072,76.0999,25.73,74.65,2.0,5.9746
20200425,Hassan,13.0072,76.0999,25.0,77.34,1.65,6.0646
20200426,Hassan,13.0072,76.0999,26.06,69.21,2.05,6.5834
20200427,Hassan,13.0072,76.0999,26.54,70.31,1.5,6.8155
20200428,Hassan,13.0072,76.0999,27.75,62.52,1.16,6.671
20200429,Hassan,13.0072,76.0999,23.79,81.07,1.41,3.277
20200430,Hassan,13.0072,76.0999,26.78,64.22,1.31,6.7714
20200501,Hassan,13.0072,76.0999,26.1,70.3,1.15,6.3461
20200502,Hassan,13.0072,76.0999,26.8,68.58,1.17,5.9971
20200503,Hassan,13.0072,76.0999,27.52,66.69,1.22,6.5494
20200504,Hassan,13.0072,76.0999,28.29,61.96,1.42,6.4087
20200505,Hassan,13.0072,76.0999,27.84,62.25,1.03,6.3108
20200506,Hassan,13.0072,76.0999,27.14,68.33,1.05,6.2942
20200507,Hassan,13.0072,76.0999,26.07,77.09,1.14,5.5471
20200508,Hassan,13.0072,76.0999,26.28,73.71,0.82,5.7737
20200509,Hassan,13.0072,76.0999,26.96,70.12,1.15,6.8798
20200510,Hassan,13.0072,76.0999,27.27,63.53,1.23,6.2362
20200511,Hassan,13.0072,76.0999,27.13,59.94,1.55,6.2527
20200512,Hassan,13.0072,76.0999,26.49,67.38,1.22,6.4313
20200513,Hassan,13.0072,76.0999,27.14,65.05,1.17,6.4862
20200514,Hassan,13.0072,76.0999,27.23,69.73,1.39,7.0222
20200515,Hassan,13.0072,76.0999,27.69,66.48,0.93,6.4226
20200516,Hassan,13.0072,76.0999,27.04,66.26,1.69,5.6954
20200517,Hassan,13.0072,76.0999,26.04,74.56,2.62,5.2702
20200518,Hassan,13.0072,76.0999,23.7,81.95,3.82,3.6914
20200519,Hassan,13.0072,76.0999,25.42,75.26,3.79,5.5092
20200520,Hassan,13.0072,76.0999,26.33,69.79,3.16,6.1358
20200521,Hassan,13.0072,76.0999,25.76,68.14,2.94,6.5686
20200522,Hassan,13.0072,76.0999,26.76,65.36,2.6,7.2703
20200523,Hassan,13.0072,76.0999,27.31,67.17,2.26,7.0241
20200524,Hassan,13.0072,76.0999,27.47,69.14,2.16,6.913
20200525,Hassan,13.0072,76.0999,25.87,77.84,1.99,6.5472
20200526,Hassan,13.0072,76.0999,25.62,78.99,1.87,6.6514
20200527,Hassan,13.0072,76.0999,26.1,78.17,2.33,6.7322
20200528,Hassan,13.0072,76.0999,26.22,71.73,2.19,7.0397
20200529,Hassan,13.0072,76.0999,22.88,83.55,2.08,7.0529
20200530,Hassan,13.0072,76.0999,24.07,80.12,1.29,5.9189
20200531,Hassan,13.0072,76.0999,24.29,85.55,1.73,5.645
20200601,Hassan,13.0072,76.0999,23.69,86.31,2.38,5.4053
20200602,Hassan,13.0072,76.0999,23.57,82.48,3.41,5.8697
20200603,Hassan,13.0072,76.0999,23.88,83.27,3.45,4.0018
20200604,Hassan,13.0072,76.0999,23.29,83.11,2.55,5.2375
20200605,Hassan,13.0072,76.0999,23.95,77.52,2.99,6.0149
20200606,Hassan,13.0072,76.0999,23.56,78.79,3.14,5.9009
20200607,Hassan,13.0072,76.0999,24.14,76.8,3.01,6.1351
20200608,Hassan,13.0072,76.0999,23.43,74.26,3.33,6.7934
20200609,Hassan,13.0072,76.0999,23.46,74.27,3.11,5.8258
20200610,Hassan,13.0072,76.0999,23.74,79.68,3.46,5.0388
20200611,Hassan,13.0072,76.0999,22.69,82.61,3.63,4.5624
20200612,Hassan,13.0072,76.0999,22.09,80.96,4.51,4.4477
20200613,Hassan,13.0072,76.0999,22.77,76.81,4.57,4.661
20200614,Hassan,13.0072,76.0999,22.6,77.66,5.15,4.6992
20200615,Hassan,13.0072,76.0999,23.85,80.04,4.23,5.0762
20200616,Hassan,13.0072,76.0999,24.11,80.87,3.87,4.805
20200617,Hassan,13.0072,76.0999,23.13,83.26,3.82,3.1738
20200618,Hassan,13.0072,76.0999,22.34,82.68,3.54,4.3711
20200619,Hassan,13.0072,76.0999,22.81,81.57,3.14,4.7916
20200620,Hassan,13.0072,76.0999,22.74,77.19,3.35,5.7358
20200621,Hassan,13.0072,76.0999,23.37,79.81,3.23,5.0405
20200622,Hassan,13.0072,76.0999,22.52,80.53,3.58,5.4046
20200623,Hassan,13.0072,76.0999,22.24,76.11,2.98,6.5047
20200624,Hassan,13.0072,76.0999,23.14,78.48,2.65,5.9604
20200625,Hassan,13.0072,76.0999,22.81,84.14,1.18,6.173
20200626,Hassan,13.0072,76.0999,23.11,84.08,1.84,5.7146
20200627,Hassan,13.0072,76.0999,23.21,86.28,2.04,5.2762
20200628,Hassan,13.0072,76.0999,23.57,86.04,2.55,5.2942
20200629,Hassan,13.0072,76.0999,23.17,88.27,2.57,4.9212
20200630,Hassan,13.0072,76.0999,23.06,84.36,2.71,5.7835
20200701,Hassan,13.0072,76.0999,22.65,80.0,3.37,5.4266
20200702,Hassan,13.0072,76.0999,21.61,85.41,3.85,3.9005
20200703,Hassan,13.0072,76.0999,22.92,83.74,4.34,5.3628
20200704,Hassan,13.0072,76.0999,22.54,82.35,4.7,4.4153
20200705,Hassan,13.0072,76.0999,21.61,83.58,4.27,4.6711
20200706,Hassan,13.0072,76.0999,22.84,83.15,3.86,4.2624
20200707,Hassan,13.0072,76.0999,22.42,84.21,3.97,4.6003
20200708,Hassan,13.0072,76.0999,22.37,87.15,2.66,5.0124
20200709,Hassan,13.0072,76.0999,21.9,88.79,2.63,4.4369
20200710,Hassan,13.0072,76.0999,22.47,83.59,2.43,4.5586
20200711,Hassan,13.0072,76.0999,22.61,83.14,2.49,5.4374
20200712,Hassan,13.0072,76.0999,22.81,83.96,2.68,5.0227
20200713,Hassan,13.0072,76.0999,22.05,84.7,2.45,5.2421
20200714,Hassan,13.0072,76.0999,22.96,84.01,2.99,3.3792
20200715,Hassan,13.0072,76.0999,22.18,83.75,3.9,3.7483
20200716,Hassan,13.0072,76.0999,22.57,83.45,3.83,4.2046
20200717,Hassan,13.0072,76.0999,22.43,84.03,3.25,3.6778
20200718,Hassan,13.0072,76.0999,22.65,85.74,2.7,4.6061
20200719,Hassan,13.0072,76.0999,22.52,84.86,1.53,4.9922
20200720,Hassan,13.0072,76.0999,22.91,89.11,1.54,4.8038
20200721,Hassan,13.0072,76.0999,23.79,82.03,1.37,6.4056
20200722,Hassan,13.0072,76.0999,24.03,83.83,1.17,6.1284
20200723,Hassan,13.0072,76.0999,23.78,84.98,1.09,5.0354
20200724,Hassan,13.0072,76.0999,23.21,82.56,2.01,4.95
20200725,Hassan,13.0072,76.0999,22.27,86.66,2.16,4.3606
20200726,Hassan,13.0072,76.0999,21.71,84.61,2.55,5.1581
20200727,Hassan,13.0072,76.0999,22.79,82.88,2.59,5.5109
20200728,Hassan,13.0072,76.0999,22.85,85.11,2.63,5.6374
20200729,Hassan,13.0072,76.0999,22.31,87.38,2.38,4.1251
20200730,Hassan,13.0072,76.0999,22.42,89.51,2.33,4.6574
20200731,Hassan,13.0072,76.0999,22.8,85.29,2.32,4.8674
20200801,Hassan,13.0072,76.0999,22.12,85.52,2.87,5.393
20200802,Hassan,13.0072,76.0999,22.42,86.74,3.83,4.849
20200803,Hassan,13.0072,76.0999,22.6,85.08,4.75,3.3293
20200804,Hassan,13.0072,76.0999,21.87,86.8,5.61,2.7686
20200805,Hassan,13.0072,76.0999,22.18,86.33,6.2,2.6153
20200806,Hassan,13.0072,76.0999,23.56,84.62,5.83,4.1354
20200807,Hassan,13.0072,76.0999,23.07,85.98,5.19,3.9691
20200808,Hassan,13.0072,76.0999,21.71,87.75,4.3,3.9218
20200809,Hassan,13.0072,76.0999,21.95,85.35,3.87,3.2945
20200810,Hassan,13.0072,76.0999,22.37,88.54,2.95,3.8292
20200811,Hassan,13.0072,76.0999,22.13,87.01,3.54,4.7806
20200812,Hassan,13.0072,76.0999,22.01,87.8,3.48,4.4251
20200813,Hassan,13.0072,76.0999,22.11,86.96,3.39,4.1638
20200814,Hassan,13.0072,76.0999,21.69,87.48,3.56,3.9034
20200815,Hassan,13.0072,76.0999,22.35,85.19,4.07,3.7253
20200816,Hassan,13.0072,76.0999,22.57,85.7,3.67,2.3892
20200817,Hassan,13.0072,76.0999,22.46,86.55,3.36,2.9748
20200818,Hassan,13.0072,76.0999,22.58,85.81,3.18,4.4822
20200819,Hassan,13.0072,76.0999,22.52,85.9,3.17,3.804
20200820,Hassan,13.0072,76.0999,22.39,86.39,3.4,3.5794
20200821,Hassan,13.0072,76.0999,22.74,85.94,3.09,4.3886
20200822,Hassan,13.0072,76.0999,22.73,85.84,2.9,4.5312
20200823,Hassan,13.0072,76.0999,22.77,85.63,2.46,5.1182
20200824,Hassan,13.0072,76.0999,23.25,84.33,2.11,4.512
20200825,Hassan,13.0072,76.0999,23.55,81.38,2.06,6.5743
20200826,Hassan,13.0072,76.0999,22.61,84.27,1.72,5.9268
20200827,Hassan,13.0072,76.0999,22.78,83.2,2.2,5.1926
20200828,Hassan,13.0072,76.0999,22.89,81.68,2.44,6.1104
20200829,Hassan,13.0072,76.0999,23.27,82.45,2.44,5.6772
20200830,Hassan,13.0072,76.0999,23.05,86.26,1.74,5.7401
20200831,Hassan,13.0072,76.0999,22.87,85.93,1.54,5.4919
20200901,Hassan,13.0072,76.0999,22.16,91.1,1.85,4.9267
20200902,Hassan,13.0072,76.0999,22.32,92.14,2.56,4.0447
20200903,Hassan,13.0072,76.0999,22.93,86.76,1.76,5.3954
20200904,Hassan,13.0072,76.0999,23.91,84.45,1.45,5.0906
20200905,Hassan,13.0072,76.0999,24.2,84.07,1.26,4.9207
20200906,Hassan,13.0072,76.0999,23.37,87.77,1.75,5.9568
20200907,Hassan,13.0072,76.0999,22.42,88.39,1.69,5.3165
20200908,Hassan,13.0072,76.0999,23.46,82.99,1.05,5.6194
20200909,Hassan,13.0072,76.0999,23.11,87.35,1.64,5.3112
20200910,Hassan,13.0072,76.0999,22.14,89.46,1.32,5.2094
20200911,Hassan,13.0072,76.0999,21.88,88.5,3.39,4.5389
20200912,Hassan,13.0072,76.0999,20.64,89.21,3.21,3.7966
20200913,Hassan,13.0072,76.0999,19.96,88.47,3.02,3.0737
20200914,Hassan,13.0072,76.0999,21.02,84.89,3.46,3.1013
20200915,Hassan,13.0072,76.0999,21.84,86.12,3.17,4.5662
20200916,Hassan,13.0072,76.0999,22.5,86.2,2.91,4.5122
20200917,Hassan,13.0072,76.0999,22.33,87.31,2.91,4.9999
20200918,Hassan,13.0072,76.0999,21.76,87.23,3.64,4.7544
20200919,Hassan,13.0072,76.0999,21.41,89.6,3.69,3.9828
20200920,Hassan,13.0072,76.0999,20.89,88.44,4.66,3.161
20200921,Hassan,13.0072,76.0999,20.17,87.81,5.09,3.8556
20200922,Hassan,13.0072,76.0999,20.25,84.69,4.6,4.0298
20200923,Hassan,13.0072,76.0999,20.91,85.47,3.4,5.1331
20200924,Hassan,13.0072,76.0999,20.93,86.09,2.35,4.494
20200925,Hassan,13.0072,76.0999,21.61,87.99,1.87,5.3316
20200926,Hassan,13.0072,76.0999,20.61,90.25,2.3,2.4266
20200927,Hassan,13.0072,76.0999,21.35,86.05,1.82,4.5101
20200928,Hassan,13.0072,76.0999,22.43,84.27,1.75,5.4514
20200929,Hassan,13.0072,76.0999,22.38,88.35,2.49,4.7383
20200930,Hassan,13.0072,76.0999,21.57,87.82,2.32,4.7887
20201001,Hassan,13.0072,76.0999,21.23,86.22,2.0,5.7082
20201002,Hassan,13.0072,76.0999,21.91,86.3,1.59,5.653
20201003,Hassan,13.0072,76.0999,21.3,89.55,2.13,5.0942
20201004,Hassan,13.0072,76.0999,21.05,89.38,1.87,4.5845
20201005,Hassan,13.0072,76.0999,21.5,85.81,1.91,5.2476
20201006,Hassan,13.0072,76.0999,22.67,85.68,1.32,6.066
20201007,Hassan,13.0072,76.0999,23.23,87.05,1.67,5.0899
20201008,Hassan,13.0072,76.0999,22.9,85.58,1.11,5.6866
20201009,Hassan,13.0072,76.0999,22.89,87.98,0.78,4.6591
20201010,Hassan,13.0072,76.0999,21.82,92.64,1.64,5.4122
20201011,Hassan,13.0072,76.0999,21.25,89.14,2.5,3.8318
20201012,Hassan,13.0072,76.0999,21.47,91.52,2.79,3.5078
20201013,Hassan,13.0072,76.0999,20.76,92.87,2.86,3.3521
20201014,Hassan,13.0072,76.0999,20.85,90.87,3.76,4.8038
20201015,Hassan,13.0072,76.0999,21.53,89.64,3.03,3.2494
20201016,Hassan,13.0072,76.0999,21.38,88.62,1.97,5.6861
20201017,Hassan,13.0072,76.0999,21.79,85.73,1.17,5.5022
20201018,Hassan,13.0072,76.0999,22.13,86.7,1.21,4.7868
20201019,Hassan,13.0072,76.0999,22.19,88.21,0.93,5.0851
20201020,Hassan,13.0072,76.0999,22.29,90.2,1.32,3.7992
20201021,Hassan,13.0072,76.0999,22.08,91.79,1.55,3.3382
20201022,Hassan,13.0072,76.0999,22.1,89.65,1.13,3.5282
20201023,Hassan,13.0072,76.0999,21.84,91.56,1.32,3.6816
20201024,Hassan,13.0072,76.0999,22.22,89.72,1.23,4.6274
20201025,Hassan,13.0072,76.0999,22.28,86.64,0.58,4.2403
20201026,Hassan,13.0072,76.0999,22.35,86.52,1.24,5.7046
20201027,Hassan,13.0072,76.0999,21.77,84.34,1.25,5.827
20201028,Hassan,13.0072,76.0999,21.21,84.33,1.5,5.7098
20201029,Hassan,13.0072,76.0999,20.89,86.02,1.46,4.7662
20201030,Hassan,13.0072,76.0999,21.29,84.17,1.31,4.4218
20201031,Hassan,13.0072,76.0999,21.66,81.94,1.19,5.2114
20201101,Hassan,13.0072,76.0999,22.13,82.22,0.81,5.317
20201102,Hassan,13.0072,76.0999,22.04,85.61,1.17,5.411
20201103,Hassan,13.0072,76.0999,22.39,85.93,1.38,4.781
20201104,Hassan,13.0072,76.0999,22.64,86.89,1.43,4.4971
20201105,Hassan,13.0072,76.0999,21.7,86.75,1.66,4.5643
20201106,Hassan,13.0072,76.0999,22.25,85.68,1.63,4.7182
20201107,Hassan,13.0072,76.0999,22.01,88.87,1.45,5.4127
20201108,Hassan,13.0072,76.0999,22.49,87.53,2.1,4.6265
20201109,Hassan,13.0072,76.0999,21.34,85.6,1.59,5.5738
20201110,Hassan,13.0072,76.0999,18.7,80.68,1.67,6.2518
20201111,Hassan,13.0072,76.0999,18.82,85.06,1.74,6.2777
20201112,Hassan,13.0072,76.0999,21.74,89.83,1.97,3.8131
20201113,Hassan,13.0072,76.0999,21.98,89.63,2.09,3.4579
20201114,Hassan,13.0072,76.0999,21.81,87.28,2.31,4.4556
20201115,Hassan,13.0072,76.0999,22.23,88.84,2.46,3.2309
20201116,Hassan,13.0072,76.0999,21.88,90.18,2.34,3.5474
20201117,Hassan,13.0072,76.0999,21.51,88.76,2.53,3.8611
20201118,Hassan,13.0072,76.0999,21.6,87.59,1.87,4.6697
20201119,Hassan,13.0072,76.0999,21.73,85.27,2.07,5.5087
20201120,Hassan,13.0072,76.0999,21.27,83.2,1.84,5.7528
20201121,Hassan,13.0072,76.0999,19.43,78.18,1.43,6.1656
20201122,Hassan,13.0072,76.0999,18.18,74.73,1.44,5.9743
20201123,Hassan,13.0072,76.0999,18.54,75.34,1.38,4.6594
20201124,Hassan,13.0072,76.0999,20.86,85.72,1.41,4.8259
20201125,Hassan,13.0072,76.0999,20.85,87.41,2.24,4.6361
20201126,Hassan,13.0072,76.0999,19.38,92.59,2.81,1.5559
20201127,Hassan,13.0072,76.0999,19.29,89.55,2.4,3.504
20201128,Hassan,13.0072,76.0999,20.38,87.45,1.49,4.1014
20201129,Hassan,13.0072,76.0999,21.03,85.93,1.93,3.3101
20201130,Hassan,13.0072,76.0999,20.93,85.95,2.13,4.8312
20201201,Hassan,13.0072,76.0999,19.49,81.5,1.91,5.6542
20201202,Hassan,13.0072,76.0999,19.28,83.22,1.79,5.1113
20201203,Hassan,13.0072,76.0999,19.96,88.08,2.2,2.9712
20201204,Hassan,13.0072,76.0999,20.71,91.6,2.18,2.173
20201205,Hassan,13.0072,76.0999,21.03,86.5,2.17,2.7295
20201206,Hassan,13.0072,76.0999,21.87,87.16,2.69,3.0826
20201207,Hassan,13.0072,76.0999,21.83,88.57,2.5,2.2301
20201208,Hassan,13.0072,76.0999,21.6,88.35,2.51,2.766
20201209,Hassan,13.0072,76.0999,21.65,85.97,2.02,3.2808
20201210,Hassan,13.0072,76.0999,20.55,80.18,1.59,5.3652
20201211,Hassan,13.0072,76.0999,19.43,78.71,1.24,5.6628
20201212,Hassan,13.0072,76.0999,19.08,77.39,1.15,5.6028
20201213,Hassan,13.0072,76.0999,19.45,79.65,0.89,5.5248
20201214,Hassan,13.0072,76.0999,19.49,80.92,1.2,5.4838
20201215,Hassan,13.0072,76.0999,18.77,79.34,1.85,5.5193
20201216,Hassan,13.0072,76.0999,20.31,83.32,1.94,4.3214
20201217,Hassan,13.0072,76.0999,20.76,86.12,2.02,2.9038
20201218,Hassan,13.0072,76.0999,20.29,81.6,2.07,5.3604
20201219,Hassan,13.0072,76.0999,19.92,83.28,2.21,4.5125
20201220,Hassan,13.0072,76.0999,19.13,82.09,2.33,3.7966
20201221,Hassan,13.0072,76.0999,17.58,79.51,1.96,5.3688
20201222,Hassan,13.0072,76.0999,18.67,77.66,1.41,5.6138
20201223,Hassan,13.0072,76.0999,20.06,81.11,1.25,5.1146
20201224,Hassan,13.0072,76.0999,20.99,82.01,1.28,4.8127
20201225,Hassan,13.0072,76.0999,20.98,82.99,1.8,5.376
20201226,Hassan,13.0072,76.0999,19.76,80.8,1.55,5.1854
20201227,Hassan,13.0072,76.0999,18.45,77.65,1.35,5.4216
20201228,Hassan,13.0072,76.0999,18.82,75.0,1.05,5.2954
20201229,Hassan,13.0072,76.0999,19.53,75.36,1.5,5.3146
20201230,Hassan,13.0072,76.0999,21.43,83.16,1.96,4.9157
20201231,Hassan,13.0072,76.0999,21.68,82.64,2.72,2.7566
20210101,Hassan,13.0072,76.0999,19.18,79.11,2.18,4.7861
20210102,Hassan,13.0072,76.0999,19.88,80.56,2.29,4.3687
20210103,Hassan,13.0072,76.0999,21.36,82.34,2.08,4.2276
20210104,Hassan,13.0072,76.0999,21.49,81.29,2.27,2.5553
20210105,Hassan,13.0072,76.0999,21.32,83.42,1.89,4.5773
20210106,Hassan,13.0072,76.0999,21.67,86.1,1.45,2.437
20210107,Hassan,13.0072,76.0999,21.56,87.53,1.84,2.7802
20210108,Hassan,13.0072,76.0999,21.28,89.68,1.88,3.2882
20210109,Hassan,13.0072,76.0999,22.48,84.73,1.92,3.161
20210110,Hassan,13.0072,76.0999,21.9,82.7,1.8,4.6157
20210111,Hassan,13.0072,76.0999,21.43,80.34,1.85,3.1423
20210112,Hassan,13.0072,76.0999,20.29,77.78,2.25,4.0488
20210113,Hassan,13.0072,76.0999,20.3,76.78,2.29,5.363
20210114,Hassan,13.0072,76.0999,20.78,78.27,2.07,5.2361
20210115,Hassan,13.0072,76.0999,21.26,78.05,1.69,4.6106
20210116,Hassan,13.0072,76.0999,21.69,76.14,1.56,5.2176
20210117,Hassan,13.0072,76.0999,21.48,77.08,1.69,5.0374
20210118,Hassan,13.0072,76.0999,20.61,73.26,1.87,5.5082
20210119,Hassan,13.0072,76.0999,20.04,74.88,1.67,5.7113
20210120,Hassan,13.0072,76.0999,20.24,69.06,1.11,5.8706
20210121,Hassan,13.0072,76.0999,21.56,70.42,0.91,6.0461
20210122,Hassan,13.0072,76.0999,21.6,70.09,1.26,5.4262
20210123,Hassan,13.0072,76.0999,21.69,74.55,1.33,5.6446
20210124,Hassan,13.0072,76.0999,20.76,70.88,1.43,5.939
20210125,Hassan,13.0072,76.0999,19.81,66.76,1.63,6.2011
20210126,Hassan,13.0072,76.0999,19.99,62.04,1.52,6.1481
20210127,Hassan,13.0072,76.0999,19.34,64.06,1.51,6.0463
20210128,Hassan,13.0072,76.0999,19.55,65.58,1.85,5.7444
20210129,Hassan,13.0072,76.0999,20.67,66.12,1.64,5.8891
20210130,Hassan,13.0072,76.0999,22.12,69.42,1.35,5.8699
20210131,Hassan,13.0072,76.0999,21.58,66.68,1.97,5.8294
20210201,Hassan,13.0072,76.0999,20.08,62.51,1.99,6.1126
20210202,Hassan,13.0072,76.0999,20.1,66.0,2.02,6.1416
20210203,Hassan,13.0072,76.0999,21.39,69.48,1.85,5.7355
20210204,Hassan,13.0072,76.0999,21.71,66.03,1.65,6.1562
20210205,Hassan,13.0072,76.0999,21.16,66.64,1.27,6.2124
20210206,Hassan,13.0072,76.0999,20.47,62.84,1.97,6.3182
20210207,Hassan,13.0072,76.0999,19.58,57.08,2.16,6.3679
20210208,Hassan,13.0072,76.0999,19.11,59.51,2.11,6.4582
20210209,Hassan,13.0072,76.0999,19.36,59.93,1.95,6.4123
20210210,Hassan,13.0072,76.0999,19.26,56.4,1.55,6.4517
20210211,Hassan,13.0072,76.0999,19.57,57.74,1.63,6.5942
20210212,Hassan,13.0072,76.0999,20.28,58.23,1.38,6.6986
20210213,Hassan,13.0072,76.0999,20.54,57.79,1.38,6.6571
20210214,Hassan,13.0072,76.0999,20.95,55.89,1.1,6.7884
20210215,Hassan,13.0072,76.0999,21.81,61.43,1.1,6.7834
20210216,Hassan,13.0072,76.0999,22.68,64.81,1.49,6.2023
20210217,Hassan,13.0072,76.0999,23.8,65.43,0.79,5.8426
20210218,Hassan,13.0072,76.0999,23.44,63.44,1.96,4.3625
20210219,Hassan,13.0072,76.0999,22.01,62.47,2.07,2.6107
20210220,Hassan,13.0072,76.0999,21.45,70.77,2.36,4.7798
20210221,Hassan,13.0072,76.0999,20.05,78.74,2.66,3.9257
20210222,Hassan,13.0072,76.0999,22.02,66.75,1.39,5.735
20210223,Hassan,13.0072,76.0999,22.95,66.63,1.78,6.51
20210224,Hassan,13.0072,76.0999,23.69,62.34,1.23,6.7877
20210225,Hassan,13.0072,76.0999,23.86,58.51,1.35,6.8762
20210226,Hassan,13.0072,76.0999,24.27,54.81,1.2,6.7615
20210227,Hassan,13.0072,76.0999,24.59,55.35,1.22,6.413
20210228,Hassan,13.0072,76.0999,24.59,47.01,1.77,6.6516
20210301,Hassan,13.0072,76.0999,23.83,44.28,1.89,6.8784
20210302,Hassan,13.0072,76.0999,24.02,46.72,2.43,6.6211
20210303,Hassan,13.0072,76.0999,24.16,42.8,2.66,6.9936
20210304,Hassan,13.0072,76.0999,23.23,43.47,2.66,7.163
20210305,Hassan,13.0072,76.0999,23.91,40.22,1.19,7.4959
20210306,Hassan,13.0072,76.0999,24.76,44.5,1.12,7.296
20210307,Hassan,13.0072,76.0999,24.75,39.61,1.65,7.3214
20210308,Hassan,13.0072,76.0999,24.66,40.03,1.83,6.9353
20210309,Hassan,13.0072,76.0999,24.59,39.61,2.15,7.4801
20210310,Hassan,13.0072,76.0999,25.36,44.87,1.8,7.2926
20210311,Hassan,13.0072,76.0999,24.96,59.37,1.96,6.4714
20210312,Hassan,13.0072,76.0999,24.84,54.47,1.28,7.1143
20210313,Hassan,13.0072,76.0999,24.69,38.34,1.64,7.6046
20210314,Hassan,13.0072,76.0999,25.21,45.95,1.88,7.4546
20210315,Hassan,13.0072,76.0999,25.4,42.17,1.5,7.309
20210316,Hassan,13.0072,76.0999,25.93,41.52,1.74,7.1736
20210317,Hassan,13.0072,76.0999,25.98,36.79,1.97,6.5578
20210318,Hassan,13.0072,76.0999,25.63,41.6,2.22,5.7636
20210319,Hassan,13.0072,76.0999,25.97,39.05,1.85,6.7766
20210320,Hassan,13.0072,76.0999,25.4,36.21,1.67,6.9787
20210321,Hassan,13.0072,76.0999,26.05,40.89,1.61,6.953
20210322,Hassan,13.0072,76.0999,26.83,35.31,1.67,6.6768
20210323,Hassan,13.0072,76.0999,27.56,38.6,1.78,7.2192
20210324,Hassan,13.0072,76.0999,27.92,38.68,1.62,7.1947
20210325,Hassan,13.0072,76.0999,27.85,40.18,1.5,6.269
20210326,Hassan,13.0072,76.0999,28.39,35.65,2.02,6.8153
20210327,Hassan,13.0072,76.0999,27.93,41.78,1.99,6.6122
20210328,Hassan,13.0072,76.0999,28.4,39.81,1.33,5.6126
20210329,Hassan,13.0072,76.0999,28.38,40.46,1.49,6.0242
20210330,Hassan,13.0072,76.0999,28.55,50.1,1.97,6.228
20210331,Hassan,13.0072,76.0999,30.0,42.48,1.87,6.7538
20210401,Hassan,13.0072,76.0999,27.56,47.94,2.8,7.4213
20210402,Hassan,13.0072,76.0999,27.52,46.62,2.36,7.3438
20210403,Hassan,13.0072,76.0999,27.55,49.79,1.8,6.948
20210404,Hassan,13.0072,76.0999,28.23,44.02,2.06,7.2672
20210405,Hassan,13.0072,76.0999,28.65,38.93,2.07,6.6794
20210406,Hassan,13.0072,76.0999,29.24,37.62,2.18,6.7529
20210407,Hassan,13.0072,76.0999,29.3,35.12,1.69,6.9514
20210408,Hassan,13.0072,76.0999,28.59,37.86,1.69,5.7722
20210409,Hassan,13.0072,76.0999,28.69,39.21,1.69,6.7805
20210410,Hassan,13.0072,76.0999,28.79,36.64,2.02,6.6605
20210411,Hassan,13.0072,76.0999,28.75,40.64,1.82,6.9007
20210412,Hassan,13.0072,76.0999,28.98,45.88,1.71,6.1435
20210413,Hassan,13.0072,76.0999,28.13,50.82,1.67,5.8541
20210414,Hassan,13.0072,76.0999,26.23,60.44,0.76,5.2884
20210415,Hassan,13.0072,76.0999,25.54,69.34,1.03,6.3055
20210416,Hassan,13.0072,76.0999,26.18,66.38,1.04,6.4704
20210417,Hassan,13.0072,76.0999,26.58,66.19,0.92,6.133
20210418,Hassan,13.0072,76.0999,26.64,65.44,0.98,5.6995
20210419,Hassan,13.0072,76.0999,25.99,70.2,1.39,6.2179
20210420,Hassan,13.0072,76.0999,25.37,71.37,1.7,4.9447
20210421,Hassan,13.0072,76.0999,25.3,71.5,1.1,5.5802
20210422,Hassan,13.0072,76.0999,25.62,70.08,1.0,5.484
20210423,Hassan,13.0072,76.0999,25.6,72.22,0.94,5.1151
20210424,Hassan,13.0072,76.0999,25.93,70.11,0.92,6.583
20210425,Hassan,13.0072,76.0999,25.99,68.31,1.34,6.5076
20210426,Hassan,13.0072,76.0999,25.43,69.31,0.81,6.7793
20210427,Hassan,13.0072,76.0999,26.2,62.4,0.81,6.137
20210428,Hassan,13.0072,76.0999,26.49,62.82,0.75,5.5471
20210429,Hassan,13.0072,76.0999,27.45,59.22,0.82,6.2318
20210430,Hassan,13.0072,76.0999,26.75,65.95,1.11,6.4553
20210501,Hassan,13.0072,76.0999,26.76,65.58,1.34,6.2856
20210502,Hassan,13.0072,76.0999,25.51,70.3,0.97,5.4677
20210503,Hassan,13.0072,76.0999,25.79,69.81,1.11,6.4118
20210504,Hassan,13.0072,76.0999,26.38,68.66,0.66,4.6346
20210505,Hassan,13.0072,76.0999,26.5,70.68,0.88,6.6302
20210506,Hassan,13.0072,76.0999,26.65,68.86,1.23,6.0005
20210507,Hassan,13.0072,76.0999,26.97,68.79,1.28,5.3004
20210508,Hassan,13.0072,76.0999,27.07,66.96,1.45,6.8666
20210509,Hassan,13.0072,76.0999,26.71,70.0,1.06,6.3262
20210510,Hassan,13.0072,76.0999,26.29,75.53,0.91,5.4559
20210511,Hassan,13.0072,76.0999,25.15,82.81,1.21,5.267
20210512,Hassan,13.0072,76.0999,24.85,83.46,0.94,4.7885
20210513,Hassan,13.0072,76.0999,25.43,80.07,1.14,5.8781
20210514,Hassan,13.0072,76.0999,24.95,76.32,3.01,6.3821
20210515,Hassan,13.0072,76.0999,22.98,87.74,4.21,3.7894
20210516,Hassan,13.0072,76.0999,23.99,83.33,4.06,4.3942
20210517,Hassan,13.0072,76.0999,24.12,83.45,2.83,4.9807
20210518,Hassan,13.0072,76.0999,24.75,82.6,2.6,6.5878
20210519,Hassan,13.0072,76.0999,24.24,84.6,2.53,6.3888
20210520,Hassan,13.0072,76.0999,23.79,79.79,2.4,5.4324
20210521,Hassan,13.0072,76.0999,23.34,81.18,2.05,5.0844
20210522,Hassan,13.0072,76.0999,23.09,82.45,2.19,5.7528
20210523,Hassan,13.0072,76.0999,24.0,80.59,2.8,6.2774
20210524,Hassan,13.0072,76.0999,23.27,79.21,2.39,6.2578
20210525,Hassan,13.0072,76.0999,22.8,86.53,2.85,4.859
20210526,Hassan,13.0072,76.0999,22.28,82.69,3.58,6.349
20210527,Hassan,13.0072,76.0999,23.64,79.21,2.94,7.1654
20210528,Hassan,13.0072,76.0999,23.81,78.08,3.0,7.0579
20210529,Hassan,13.0072,76.0999,23.98,77.61,2.67,6.9902
20210530,Hassan,13.0072,76.0999,23.83,77.85,2.82,6.4193
20210531,Hassan,13.0072,76.0999,24.43,78.58,2.69,6.7358
20210601,Hassan,13.0072,76.0999,24.82,80.29,2.02,6.6814
20210602,Hassan,13.0072,76.0999,24.1,82.92,2.04,6.4066
20210603,Hassan,13.0072,76.0999,24.21,83.69,0.91,5.7413
20210604,Hassan,13.0072,76.0999,23.44,87.25,1.49,5.1374
20210605,Hassan,13.0072,76.0999,22.23,82.99,1.91,5.7965
20210606,Hassan,13.0072,76.0999,22.88,76.49,1.96,5.6525
20210607,Hassan,13.0072,76.0999,23.07,79.59,2.36,7.1381
20210608,Hassan,13.0072,76.0999,23.73,77.98,2.7,7.1251
20210609,Hassan,13.0072,76.0999,23.7,80.39,3.11,6.181
20210610,Hassan,13.0072,76.0999,23.22,80.93,3.32,5.0383
20210611,Hassan,13.0072,76.0999,22.95,81.17,3.32,5.5805
20210612,Hassan,13.0072,76.0999,21.44,77.7,4.83,4.783
20210613,Hassan,13.0072,76.0999,21.69,78.19,5.04,4.1678
20210614,Hassan,13.0072,76.0999,22.28,82.5,5.14,4.1683
20210615,Hassan,13.0072,76.0999,22.33,83.51,4.42,4.1522
20210616,Hassan,13.0072,76.0999,23.33,79.72,5.05,4.835
20210617,Hassan,13.0072,76.0999,23.36,82.01,4.78,4.7266
20210618,Hassan,13.0072,76.0999,22.27,85.22,4.27,4.4376
20210619,Hassan,13.0072,76.0999,22.81,84.42,3.97,4.7914
20210620,Hassan,13.0072,76.0999,22.62,85.21,2.74,5.0784
20210621,Hassan,13.0072,76.0999,23.12,82.57,2.64,5.519
20210622,Hassan,13.0072,76.0999,23.08,83.06,2.23,4.8821
20210623,Hassan,13.0072,76.0999,23.35,81.74,2.4,6.1394
20210624,Hassan,13.0072,76.0999,22.94,81.73,2.81,5.8409
20210625,Hassan,13.0072,76.0999,22.02,83.84,2.67,6.4706
20210626,Hassan,13.0072,76.0999,22.26,84.04,2.88,3.857
20210627,Hassan,13.0072,76.0999,20.98,78.88,2.64,3.7716
20210628,Hassan,13.0072,76.0999,22.67,77.2,1.6,5.4667
20210629,Hassan,13.0072,76.0999,24.23,78.16,1.73,6.462
20210630,Hassan,13.0072,76.0999,24.36,79.91,2.05,6.6192
20210701,Hassan,13.0072,76.0999,23.8,84.25,2.07,5.0386
20210702,Hassan,13.0072,76.0999,22.73,85.13,2.28,5.3194
20210703,Hassan,13.0072,76.0999,23.19,82.79,2.11,5.7026
20210704,Hassan,13.0072,76.0999,23.06,81.16,1.71,5.6278
20210705,Hassan,13.0072,76.0999,22.87,81.74,1.83,5.0407
20210706,Hassan,13.0072,76.0999,23.19,85.95,1.36,5.0698
20210707,Hassan,13.0072,76.0999,22.73,89.25,2.21,5.6273
20210708,Hassan,13.0072,76.0999,23.02,85.09,2.71,5.466
20210709,Hassan,13.0072,76.0999,22.22,87.65,2.89,4.5847
20210710,Hassan,13.0072,76.0999,20.78,84.35,3.62,5.0712
20210711,Hassan,13.0072,76.0999,20.96,83.85,4.09,4.3181
20210712,Hassan,13.0072,76.0999,21.98,83.59,4.3,3.8479
20210713,Hassan,13.0072,76.0999,22.8,83.13,4.54,3.3998
20210714,Hassan,13.0072,76.0999,22.61,85.14,4.41,3.4932
20210715,Hassan,13.0072,76.0999,22.4,85.48,4.6,4.2854
20210716,Hassan,13.0072,76.0999,23.14,82.27,3.99,4.4268
20210717,Hassan,13.0072,76.0999,22.64,85.85,3.58,4.8948
20210718,Hassan,13.0072,76.0999,22.23,89.77,3.73,3.2062
20210719,Hassan,13.0072,76.0999,22.71,85.32,4.19,4.5533
20210720,Hassan,13.0072,76.0999,22.45,83.62,4.92,4.6135
20210721,Hassan,13.0072,76.0999,22.65,83.75,5.03,3.0523
20210722,Hassan,13.0072,76.0999,21.83,86.12,5.74,2.1665
20210723,Hassan,13.0072,76.0999,22.69,83.89,5.21,2.2634
20210724,Hassan,13.0072,76.0999,23.14,84.09,3.93,4.6706
20210725,Hassan,13.0072,76.0999,22.4,86.83,3.87,5.2162
20210726,Hassan,13.0072,76.0999,22.23,85.55,3.96,4.883
20210727,Hassan,13.0072,76.0999,22.58,83.93,3.96,5.4658
20210728,Hassan,13.0072,76.0999,22.56,82.61,3.93,5.7487
20210729,Hassan,13.0072,76.0999,22.51,82.96,4.07,4.8672
20210730,Hassan,13.0072,76.0999,22.24,85.3,3.87,4.7309
20210731,Hassan,13.0072,76.0999,22.2,85.32,3.62,4.65
20210801,Hassan,13.0072,76.0999,22.22,84.28,3.77,4.6454
20210802,Hassan,13.0072,76.0999,22.23,82.12,4.02,5.0201
20210803,Hassan,13.0072,76.0999,22.53,82.9,3.67,4.44
20210804,Hassan,13.0072,76.0999,22.8,82.04,4.29,3.8645
20210805,Hassan,13.0072,76.0999,23.07,81.43,4.4,4.2041
20210806,Hassan,13.0072,76.0999,23.29,82.17,4.05,4.2101
20210807,Hassan,13.0072,76.0999,23.51,83.59,3.51,4.4647
20210808,Hassan,13.0072,76.0999,23.48,83.08,2.33,5.5174
20210809,Hassan,13.0072,76.0999,23.2,83.86,2.28,5.4082
20210810,Hassan,13.0072,76.0999,22.48,85.06,2.65,3.8414
20210811,Hassan,13.0072,76.0999,23.03,82.45,2.73,5.4156
20210812,Hassan,13.0072,76.0999,22.01,86.57,2.73,3.3382
20210813,Hassan,13.0072,76.0999,22.74,82.87,3.16,4.303
20210814,Hassan,13.0072,76.0999,22.26,84.18,3.08,4.7405
20210815,Hassan,13.0072,76.0999,21.94,84.53,3.33,4.1604
20210816,Hassan,13.0072,76.0999,22.66,81.81,2.96,4.255
20210817,Hassan,13.0072,76.0999,22.75,81.19,2.61,4.0853
20210818,Hassan,13.0072,76.0999,21.63,80.99,3.02,4.7201
20210819,Hassan,13.0072,76.0999,21.04,80.42,3.49,4.4782
20210820,Hassan,13.0072,76.0999,21.49,81.06,2.57,4.9968
20210821,Hassan,13.0072,76.0999,22.36,77.04,2.12,5.221
20210822,Hassan,13.0072,76.0999,22.82,77.2,0.95,5.3669
20210823,Hassan,13.0072,76.0999,22.56,84.03,1.37,5.9705
20210824,Hassan,13.0072,76.0999,23.21,80.42,1.79,5.8716
20210825,Hassan,13.0072,76.0999,23.01,83.19,1.72,4.7441
20210826,Hassan,13.0072,76.0999,23.62,82.18,1.69,5.4518
20210827,Hassan,13.0072,76.0999,22.73,87.16,2.38,4.4246
20210828,Hassan,13.0072,76.0999,22.2,85.31,2.81,4.1782
20210829,Hassan,13.0072,76.0999,21.6,81.97,3.38,4.1491
20210830,Hassan,13.0072,76.0999,21.61,81.98,3.13,4.1311
20210831,Hassan,13.0072,76.0999,22.5,80.19,2.78,5.4768
20210901,Hassan,13.0072,76.0999,23.07,80.83,2.42,5.8498
20210902,Hassan,13.0072,76.0999,22.58,86.17,2.09,4.471
20210903,Hassan,13.0072,76.0999,21.92,83.04,2.54,3.9974
20210904,Hassan,13.0072,76.0999,22.29,85.42,3.06,4.8662
20210905,Hassan,13.0072,76.0999,22.08,84.79,3.44,4.7906
20210906,Hassan,13.0072,76.0999,21.16,84.19,4.11,4.8878
20210907,Hassan,13.0072,76.0999,21.78,84.57,3.68,4.0781
20210908,Hassan,13.0072,76.0999,22.17,85.36,3.62,4.6022
20210909,Hassan,13.0072,76.0999,22.32,84.61,3.0,5.2214
20210910,Hassan,13.0072,76.0999,22.31,84.38,2.97,5.16
20210911,Hassan,13.0072,76.0999,22.36,85.22,3.34,4.5523
20210912,Hassan,13.0072,76.0999,22.58,85.4,3.98,4.7362
20210913,Hassan,13.0072,76.0999,22.56,86.6,4.35,4.1976
20210914,Hassan,13.0072,76.0999,22.79,85.72,3.15,4.6193
20210915,Hassan,13.0072,76.0999,22.74,85.33,2.52,4.2914
20210916,Hassan,13.0072,76.0999,22.82,84.07,2.53,5.1624
20210917,Hassan,13.0072,76.0999,22.99,82.47,1.97,5.9374
20210918,Hassan,13.0072,76.0999,23.15,81.12,1.68,5.9842
20210919,Hassan,13.0072,76.0999,23.86,78.67,1.15,5.8375
20210920,Hassan,13.0072,76.0999,23.23,84.35,1.47,5.8219
20210921,Hassan,13.0072,76.0999,22.6,84.76,2.24,5.045
20210922,Hassan,13.0072,76.0999,22.74,83.65,2.24,4.9056
20210923,Hassan,13.0072,76.0999,22.68,84.92,2.13,4.8718
20210924,Hassan,13.0072,76.0999,23.15,82.81,1.88,4.0702
20210925,Hassan,13.0072,76.0999,22.96,84.32,2.08,4.6478
20210926,Hassan,13.0072,76.0999,22.02,86.65,1.89,5.1598
20210927,Hassan,13.0072,76.0999,22.31,83.58,3.26,4.5871
20210928,Hassan,13.0072,76.0999,21.52,83.78,3.24,4.4887
20210929,Hassan,13.0072,76.0999,21.88,81.85,2.59,4.8317
20210930,Hassan,13.0072,76.0999,23.18,80.76,1.17,5.6002
20211001,Hassan,13.0072,76.0999,23.81,84.51,1.09,5.0614
20211002,Hassan,13.0072,76.0999,23.92,85.58,1.67,5.2745
20211003,Hassan,13.0072,76.0999,23.68,83.64,1.59,5.6321
20211004,Hassan,13.0072,76.0999,23.51,83.79,1.17,5.7202
20211005,Hassan,13.0072,76.0999,23.48,85.71,1.04,5.2363
20211006,Hassan,13.0072,76.0999,22.74,88.02,1.09,2.5572
20211007,Hassan,13.0072,76.0999,23.3,87.23,1.57,5.1526
20211008,Hassan,13.0072,76.0999,23.01,88.68,1.67,4.8828
20211009,Hassan,13.0072,76.0999,22.68,89.54,1.89,3.2746
20211010,Hassan,13.0072,76.0999,22.73,86.72,1.65,4.4342
20211011,Hassan,13.0072,76.0999,22.74,86.85,1.28,4.5876
20211012,Hassan,13.0072,76.0999,22.51,87.61,1.66,4.0858
20211013,Hassan,13.0072,76.0999,22.12,88.14,2.02,3.4709
20211014,Hassan,13.0072,76.0999,22.88,87.44,1.3,3.5933
20211015,Hassan,13.0072,76.0999,23.01,89.01,0.87,3.6029
20211016,Hassan,13.0072,76.0999,22.85,89.59,1.24,5.0472
20211017,Hassan,13.0072,76.0999,22.04,91.74,1.63,3.893
20211018,Hassan,13.0072,76.0999,22.28,89.06,1.87,4.6001
20211019,Hassan,13.0072,76.0999,22.15,83.49,1.15,5.5354
20211020,Hassan,13.0072,76.0999,22.77,86.73,1.11,4.3399
20211021,Hassan,13.0072,76.0999,23.21,86.64,1.17,4.9745
20211022,Hassan,13.0072,76.0999,23.15,87.21,1.12,4.7582
20211023,Hassan,13.0072,76.0999,21.96,90.46,1.16,3.739
20211024,Hassan,13.0072,76.0999,22.45,85.03,0.64,4.3174
20211025,Hassan,13.0072,76.0999,22.17,88.37,1.26,3.7392
20211026,Hassan,13.0072,76.0999,21.78,89.53,1.32,3.4181
20211027,Hassan,13.0072,76.0999,21.8,86.52,1.53,4.1839
20211028,Hassan,13.0072,76.0999,21.52,85.08,1.29,5.2706
20211029,Hassan,13.0072,76.0999,20.74,87.01,1.45,3.7922
20211030,Hassan,13.0072,76.0999,21.92,90.21,1.83,3.7937
20211031,Hassan,13.0072,76.0999,21.99,88.27,1.32,5.0714
20211101,Hassan,13.0072,76.0999,21.69,89.3,1.59,3.9163
20211102,Hassan,13.0072,76.0999,21.63,89.6,2.28,3.6228
20211103,Hassan,13.0072,76.0999,21.7,89.95,1.94,3.8124
20211104,Hassan,13.0072,76.0999,21.89,90.08,1.52,4.2655
20211105,Hassan,13.0072,76.0999,21.86,90.56,1.27,3.275
20211106,Hassan,13.0072,76.0999,22.24,88.15,0.74,4.9183
20211107,Hassan,13.0072,76.0999,20.13,92.78,1.32,3.9026
20211108,Hassan,13.0072,76.0999,19.78,93.55,1.52,2.8366
20211109,Hassan,13.0072,76.0999,20.6,90.75,1.03,3.875
20211110,Hassan,13.0072,76.0999,20.19,87.89,1.19,3.6778
20211111,Hassan,13.0072,76.0999,19.6,89.01,1.94,1.3606
20211112,Hassan,13.0072,76.0999,19.13,95.48,2.31,1.6015
20211113,Hassan,13.0072,76.0999,21.8,88.64,0.74,3.5004
20211114,Hassan,13.0072,76.0999,22.65,89.88,0.95,3.295
20211115,Hassan,13.0072,76.0999,22.6,90.63,1.7,3.1776
20211116,Hassan,13.0072,76.0999,21.87,92.78,1.76,3.8333
20211117,Hassan,13.0072,76.0999,21.97,92.69,1.29,4.2478
20211118,Hassan,13.0072,76.0999,20.28,92.86,1.54,2.3916
20211119,Hassan,13.0072,76.0999,20.37,96.27,2.39,1.7318
20211120,Hassan,13.0072,76.0999,21.57,93.44,1.48,3.1577
20211121,Hassan,13.0072,76.0999,21.7,86.44,1.21,4.1275
20211122,Hassan,13.0072,76.0999,21.78,88.04,1.09,3.6622
20211123,Hassan,13.0072,76.0999,22.28,89.77,1.15,5.1146
20211124,Hassan,13.0072,76.0999,22.12,86.96,1.34,4.2602
20211125,Hassan,13.0072,76.0999,21.35,89.03,1.79,4.7314
20211126,Hassan,13.0072,76.0999,20.95,87.64,1.81,4.8298
20211127,Hassan,13.0072,76.0999,20.53,91.38,1.95,4.2163
20211128,Hassan,13.0072,76.0999,19.98,89.96,2.33,1.6865
20211129,Hassan,13.0072,76.0999,20.23,90.05,2.59,3.5599
20211130,Hassan,13.0072,76.0999,20.56,89.99,2.37,3.6288
20211201,Hassan,13.0072,76.0999,21.58,90.01,2.32,3.4495
20211202,Hassan,13.0072,76.0999,21.97,88.45,1.41,3.6756
20211203,Hassan,13.0072,76.0999,21.57,90.48,0.93,3.8825
20211204,Hassan,13.0072,76.0999,21.57,88.65,0.67,4.2682
20211205,Hassan,13.0072,76.0999,21.76,89.02,1.03,4.049
20211206,Hassan,13.0072,76.0999,21.33,84.62,1.04,4.5811
20211207,Hassan,13.0072,76.0999,20.53,86.57,1.47,4.8715
20211208,Hassan,13.0072,76.0999,20.84,83.33,1.44,5.4218
20211209,Hassan,13.0072,76.0999,21.33,85.52,1.42,3.8443
20211210,Hassan,13.0072,76.0999,20.29,85.76,2.17,4.4206
20211211,Hassan,13.0072,76.0999,20.17,89.33,2.14,3.9108
20211212,Hassan,13.0072,76.0999,20.41,88.3,2.35,4.1004
20211213,Hassan,13.0072,76.0999,20.77,88.31,2.03,3.5474
20211214,Hassan,13.0072,76.0999,19.62,89.69,2.07,3.1416
20211215,Hassan,13.0072,76.0999,19.62,87.73,1.84,2.8814
20211216,Hassan,13.0072,76.0999,19.85,84.78,1.73,4.771
20211217,Hassan,13.0072,76.0999,19.92,83.76,1.36,4.7702
20211218,Hassan,13.0072,76.0999,17.92,83.22,1.53,5.0652
20211219,Hassan,13.0072,76.0999,16.6,79.87,1.53,5.3256
20211220,Hassan,13.0072,76.0999,16.66,80.6,1.49,5.245
20211221,Hassan,13.0072,76.0999,18.7,76.51,0.72,5.2829
20211222,Hassan,13.0072,76.0999,18.23,79.66,1.26,5.1358
20211223,Hassan,13.0072,76.0999,18.77,76.41,1.01,5.2416
20211224,Hassan,13.0072,76.0999,18.76,71.9,1.05,5.3587
20211225,Hassan,13.0072,76.0999,19.09,70.56,1.16,5.3628
20211226,Hassan,13.0072,76.0999,18.58,79.19,1.3,5.3518
20211227,Hassan,13.0072,76.0999,18.55,80.33,1.59,5.3285
20211228,Hassan,13.0072,76.0999,18.03,80.95,1.63,5.585
20211229,Hassan,13.0072,76.0999,18.29,83.08,1.63,5.4708
20211230,Hassan,13.0072,76.0999,19.03,83.43,1.85,5.639
20211231,Hassan,13.0072,76.0999,20.27,86.79,2.68,2.466
20220101,Hassan,13.0072,76.0999,20.57,86.63,2.36,2.8846
20220102,Hassan,13.0072,76.0999,20.43,84.1,2.13,5.3916
20220103,Hassan,13.0072,76.0999,19.54,79.4,1.45,5.2306
20220104,Hassan,13.0072,76.0999,19.01,81.05,1.53,5.268
20220105,Hassan,13.0072,76.0999,19.47,78.3,0.73,5.2714
20220106,Hassan,13.0072,76.0999,19.67,78.3,1.21,5.4134
20220107,Hassan,13.0072,76.0999,19.99,84.33,1.52,4.7196
20220108,Hassan,13.0072,76.0999,20.7,83.15,1.41,4.2482
20220109,Hassan,13.0072,76.0999,20.69,84.33,1.27,4.7371
20220110,Hassan,13.0072,76.0999,20.71,82.57,1.25,4.9082
20220111,Hassan,13.0072,76.0999,20.47,79.8,1.23,4.8202
20220112,Hassan,13.0072,76.0999,20.36,83.21,1.15,5.1346
20220113,Hassan,13.0072,76.0999,19.41,82.83,1.49,5.5541
20220114,Hassan,13.0072,76.0999,19.2,82.29,1.32,5.7389
20220115,Hassan,13.0072,76.0999,20.76,74.7,0.71,5.3866
20220116,Hassan,13.0072,76.0999,20.85,79.99,1.46,4.8367
20220117,Hassan,13.0072,76.0999,20.52,82.4,1.88,4.8473
20220118,Hassan,13.0072,76.0999,20.2,77.79,1.5,5.1766
20220119,Hassan,13.0072,76.0999,19.45,76.56,1.46,5.5711
20220120,Hassan,13.0072,76.0999,19.73,65.4,1.21,6.0314
20220121,Hassan,13.0072,76.0999,19.99,72.92,1.27,6.0852
20220122,Hassan,13.0072,76.0999,19.79,80.06,1.58,6.1555
20220123,Hassan,13.0072,76.0999,18.51,77.9,1.81,6.265
20220124,Hassan,13.0072,76.0999,17.71,76.29,1.48,6.1469
20220125,Hassan,13.0072,76.0999,18.44,78.01,1.12,5.9263
20220126,Hassan,13.0072,76.0999,20.4,78.73,0.71,4.9562
20220127,Hassan,13.0072,76.0999,21.03,81.44,2.0,4.4894
20220128,Hassan,13.0072,76.0999,20.49,77.08,2.52,4.7738
20220129,Hassan,13.0072,76.0999,20.82,77.86,1.82,5.5174
20220130,Hassan,13.0072,76.0999,22.13,76.78,1.03,5.5627
20220131,Hassan,13.0072,76.0999,22.57,71.31,0.69,5.9177
20220201,Hassan,13.0072,76.0999,22.56,70.14,0.91,5.964
20220202,Hassan,13.0072,76.0999,22.13,75.46,1.11,6.0278
20220203,Hassan,13.0072,76.0999,21.53,79.7,1.44,5.6105
20220204,Hassan,13.0072,76.0999,20.07,73.32,1.82,6.5234
20220205,Hassan,13.0072,76.0999,20.62,68.51,1.22,6.3838
20220206,Hassan,13.0072,76.0999,21.63,75.07,1.42,5.0342
20220207,Hassan,13.0072,76.0999,22.11,73.2,0.79,5.3484
20220208,Hassan,13.0072,76.0999,22.29,71.79,0.82,5.699
20220209,Hassan,13.0072,76.0999,21.92,69.6,1.24,5.4216
20220210,Hassan,13.0072,76.0999,21.22,65.03,1.4,6.0962
20220211,Hassan,13.0072,76.0999,20.76,60.77,2.1,6.4128
20220212,Hassan,13.0072,76.0999,21.26,65.51,1.53,6.4464
20220213,Hassan,13.0072,76.0999,21.26,67.22,1.41,6.0384
20220214,Hassan,13.0072,76.0999,21.35,65.28,1.22,5.8286
20220215,Hassan,13.0072,76.0999,21.29,72.48,1.31,4.9411
20220216,Hassan,13.0072,76.0999,22.24,73.52,0.94,4.3402
20220217,Hassan,13.0072,76.0999,22.2,70.0,1.09,5.1847
20220218,Hassan,13.0072,76.0999,22.6,65.13,1.63,6.1908
20220219,Hassan,13.0072,76.0999,22.68,60.23,1.9,6.491
20220220,Hassan,13.0072,76.0999,22.58,66.97,1.41,6.551
20220221,Hassan,13.0072,76.0999,23.1,67.79,1.08,6.5964
20220222,Hassan,13.0072,76.0999,23.91,62.29,1.11,6.071
20220223,Hassan,13.0072,76.0999,23.09,60.24,2.2,6.5906
20220224,Hassan,13.0072,76.0999,22.3,58.27,1.22,7.031
20220225,Hassan,13.0072,76.0999,21.87,51.98,1.81,7.1004
20220226,Hassan,13.0072,76.0999,21.53,46.22,1.22,7.2257
20220227,Hassan,13.0072,76.0999,21.99,61.53,1.53,7.2115
20220228,Hassan,13.0072,76.0999,22.58,56.6,1.43,7.2098
20220301,Hassan,13.0072,76.0999,22.51,54.05,1.71,7.0349
20220302,Hassan,13.0072,76.0999,22.23,43.59,2.12,7.0188
20220303,Hassan,13.0072,76.0999,22.04,44.94,2.35,7.1501
20220304,Hassan,13.0072,76.0999,23.14,42.47,2.46,7.2079
20220305,Hassan,13.0072,76.0999,23.7,44.08,2.43,7.0037
20220306,Hassan,13.0072,76.0999,24.39,50.94,3.06,6.6305
20220307,Hassan,13.0072,76.0999,23.84,54.18,2.51,6.2455
20220308,Hassan,13.0072,76.0999,24.98,52.99,1.4,6.6852
20220309,Hassan,13.0072,76.0999,25.75,49.23,1.65,6.8978
20220310,Hassan,13.0072,76.0999,25.72,43.01,1.93,6.5256
20220311,Hassan,13.0072,76.0999,25.38,38.19,2.25,6.6005
20220312,Hassan,13.0072,76.0999,24.97,37.41,2.32,6.6278
20220313,Hassan,13.0072,76.0999,23.78,41.81,2.42,6.5825
20220314,Hassan,13.0072,76.0999,24.65,43.07,1.79,6.2525
20220315,Hassan,13.0072,76.0999,25.55,38.49,1.63,6.7783
20220316,Hassan,13.0072,76.0999,25.71,36.59,1.57,6.7385
20220317,Hassan,13.0072,76.0999,26.31,33.75,1.76,6.1555
20220318,Hassan,13.0072,76.0999,26.57,47.52,1.48,6.3984
20220319,Hassan,13.0072,76.0999,26.08,62.54,2.44,5.3479
20220320,Hassan,13.0072,76.0999,25.06,66.59,2.0,5.1274
20220321,Hassan,13.0072,76.0999,25.36,66.16,1.53,5.5687
20220322,Hassan,13.0072,76.0999,25.29,69.32,1.2,4.1448
20220323,Hassan,13.0072,76.0999,26.22,66.14,1.17,5.2639
20220324,Hassan,13.0072,76.0999,25.16,72.11,1.03,4.3987
20220325,Hassan,13.0072,76.0999,25.96,67.15,1.28,4.986
20220326,Hassan,13.0072,76.0999,27.23,61.73,0.99,5.8018
20220327,Hassan,13.0072,76.0999,27.74,58.22,1.26,6.125
20220328,Hassan,13.0072,76.0999,28.09,56.54,1.19,6.3072
20220329,Hassan,13.0072,76.0999,28.15,59.02,1.18,6.1742
20220330,Hassan,13.0072,76.0999,28.31,57.99,1.11,6.012
20220331,Hassan,13.0072,76.0999,28.66,54.81,0.92,6.2376
20220401,Hassan,13.0072,76.0999,28.8,53.43,1.14,5.934
20220402,Hassan,13.0072,76.0999,28.03,53.4,1.06,5.9371
20220403,Hassan,13.0072,76.0999,27.76,44.24,2.01,6.5976
20220404,Hassan,13.0072,76.0999,28.05,44.13,2.2,6.5484
20220405,Hassan,13.0072,76.0999,27.95,42.07,2.16,6.7452
20220406,Hassan,13.0072,76.0999,27.94,35.63,2.24,6.8494
20220407,Hassan,13.0072,76.0999,28.12,40.45,2.73,6.7459
20220408,Hassan,13.0072,76.0999,28.38,46.01,2.24,6.8501
20220409,Hassan,13.0072,76.0999,28.06,53.77,1.79,5.9561
20220410,Hassan,13.0072,76.0999,27.91,49.41,1.94,5.1077
20220411,Hassan,13.0072,76.0999,28.17,44.66,2.07,5.9868
20220412,Hassan,13.0072,76.0999,28.77,47.7,1.99,6.331
20220413,Hassan,13.0072,76.0999,26.14,62.7,1.43,4.8336
20220414,Hassan,13.0072,76.0999,24.19,66.38,1.39,4.0334
20220415,Hassan,13.0072,76.0999,25.99,60.6,0.75,5.7936
20220416,Hassan,13.0072,76.0999,26.42,68.06,1.56,5.8558
20220417,Hassan,13.0072,76.0999,25.85,74.41,1.05,6.1574
20220418,Hassan,13.0072,76.0999,25.59,73.96,0.94,6.3766
20220419,Hassan,13.0072,76.0999,24.02,77.99,1.35,4.9738
20220420,Hassan,13.0072,76.0999,27.07,62.74,1.11,7.0166
20220421,Hassan,13.0072,76.0999,26.53,67.95,1.01,6.9977
20220422,Hassan,13.0072,76.0999,25.95,66.45,1.44,7.2348
20220423,Hassan,13.0072,76.0999,24.55,74.1,1.44,5.2867
20220424,Hassan,13.0072,76.0999,26.9,59.89,1.29,6.4966
20220425,Hassan,13.0072,76.0999,27.14,62.95,1.22,6.3655
20220426,Hassan,13.0072,76.0999,27.36,63.06,1.25,7.1054
20220427,Hassan,13.0072,76.0999,28.17,60.0,1.27,7.1594
20220428,Hassan,13.0072,76.0999,27.69,63.29,1.34,6.8246
20220429,Hassan,13.0072,76.0999,28.39,61.99,1.53,6.8273
20220430,Hassan,13.0072,76.0999,27.69,64.57,1.78,6.7073
20220501,Hassan,13.0072,76.0999,26.86,68.73,1.83,6.6154
20220502,Hassan,13.0072,76.0999,26.59,68.62,2.15,6.4898
20220503,Hassan,13.0072,76.0999,26.95,67.89,1.58,6.9482
20220504,Hassan,13.0072,76.0999,26.87,71.37,1.23,5.7226
20220505,Hassan,13.0072,76.0999,23.49,83.57,1.9,5.1317
20220506,Hassan,13.0072,76.0999,25.91,69.91,1.14,6.5755
20220507,Hassan,13.0072,76.0999,26.28,70.13,1.54,6.6989
20220508,Hassan,13.0072,76.0999,26.88,69.0,1.38,5.8716
20220509,Hassan,13.0072,76.0999,26.42,72.97,2.3,4.8773
20220510,Hassan,13.0072,76.0999,25.72,72.05,3.97,2.9246
20220511,Hassan,13.0072,76.0999,24.19,77.38,4.35,1.9303
20220512,Hassan,13.0072,76.0999,23.68,78.4,3.67,2.4482
20220513,Hassan,13.0072,76.0999,23.8,79.92,2.55,4.3265
20220514,Hassan,13.0072,76.0999,24.67,79.59,2.14,6.0082
20220515,Hassan,13.0072,76.0999,23.52,87.18,2.01,5.3568
20220516,Hassan,13.0072,76.0999,23.9,86.22,2.11,4.8698
20220517,Hassan,13.0072,76.0999,24.75,74.01,1.25,3.7459
20220518,Hassan,13.0072,76.0999,23.63,82.95,1.78,1.5146
20220519,Hassan,13.0072,76.0999,21.9,88.07,3.77,2.5558
20220520,Hassan,13.0072,76.0999,21.25,84.75,3.55,2.729
20220521,Hassan,13.0072,76.0999,22.06,79.91,3.31,3.0804
20220522,Hassan,13.0072,76.0999,23.33,82.38,3.53,6.0958
20220523,Hassan,13.0072,76.0999,24.4,82.12,2.55,6.5347
20220524,Hassan,13.0072,76.0999,24.93,80.26,2.14,6.8964
20220525,Hassan,13.0072,76.0999,25.29,78.24,1.23,6.24
20220526,Hassan,13.0072,76.0999,24.13,82.36,2.09,6.8933
20220527,Hassan,13.0072,76.0999,23.74,81.15,2.38,7.1306
20220528,Hassan,13.0072,76.0999,23.72,77.7,2.79,7.1443
20220529,Hassan,13.0072,76.0999,23.7,75.09,2.55,7.2214
20220530,Hassan,13.0072,76.0999,24.2,76.05,2.43,6.9794
20220531,Hassan,13.0072,76.0999,23.7,82.06,1.83,5.5906
20220601,Hassan,13.0072,76.0999,23.03,83.08,2.42,5.9765
20220602,Hassan,13.0072,76.0999,23.29,83.23,1.31,6.3036
20220603,Hassan,13.0072,76.0999,23.8,81.3,1.78,6.9698
20220604,Hassan,13.0072,76.0999,24.32,77.64,1.67,6.7658
20220605,Hassan,13.0072,76.0999,24.1,82.78,1.72,6.6146
20220606,Hassan,13.0072,76.0999,23.74,82.57,1.11,5.047
20220607,Hassan,13.0072,76.0999,24.09,80.21,1.83,5.004
20220608,Hassan,13.0072,76.0999,23.56,79.74,3.11,6.3482
20220609,Hassan,13.0072,76.0999,23.49,78.87,3.37,6.6185
20220610,Hassan,13.0072,76.0999,23.33,79.8,3.39,5.9011
20220611,Hassan,13.0072,76.0999,23.13,76.53,3.39,6.3526
20220612,Hassan,13.0072,76.0999,22.32,76.53,2.94,5.6018
20220613,Hassan,13.0072,76.0999,23.01,79.17,2.41,6.6096
20220614,Hassan,13.0072,76.0999,23.08,81.19,2.56,6.5897
20220615,Hassan,13.0072,76.0999,22.43,84.28,2.23,5.1518
20220616,Hassan,13.0072,76.0999,22.96,83.54,1.29,5.7458
20220617,Hassan,13.0072,76.0999,20.92,85.37,1.56,5.591
20220618,Hassan,13.0072,76.0999,22.19,85.5,1.58,5.327
20220619,Hassan,13.0072,76.0999,22.68,84.09,2.15,5.345
20220620,Hassan,13.0072,76.0999,22.41,80.56,2.9,5.3592
20220621,Hassan,13.0072,76.0999,22.32,84.41,2.82,4.6589
20220622,Hassan,13.0072,76.0999,22.15,85.49,2.46,4.4635
20220623,Hassan,13.0072,76.0999,22.39,81.44,2.81,4.4047
20220624,Hassan,13.0072,76.0999,22.21,85.67,3.63,5.2812
20220625,Hassan,13.0072,76.0999,22.39,82.68,4.01,4.3207
20220626,Hassan,13.0072,76.0999,23.08,81.09,4.49,5.0789
20220627,Hassan,13.0072,76.0999,23.03,81.04,3.88,4.908
20220628,Hassan,13.0072,76.0999,23.19,81.15,3.01,4.5718
20220629,Hassan,13.0072,76.0999,23.42,81.73,3.01,5.2958
20220630,Hassan,13.0072,76.0999,22.99,83.86,3.43,4.7213
20220701,Hassan,13.0072,76.0999,22.53,85.37,3.22,4.5043
20220702,Hassan,13.0072,76.0999,22.55,85.21,3.27,4.5293
20220703,Hassan,13.0072,76.0999,22.79,82.55,3.89,4.8254
20220704,Hassan,13.0072,76.0999,22.14,85.32,4.55,3.3521
20220705,Hassan,13.0072,76.0999,22.24,84.96,4.57,3.5455
20220706,Hassan,13.0072,76.0999,22.09,84.45,3.97,3.3746
20220707,Hassan,13.0072,76.0999,22.03,84.65,4.19,2.6724
20220708,Hassan,13.0072,76.0999,21.65,84.47,4.49,3.2278
20220709,Hassan,13.0072,76.0999,21.96,87.55,4.29,2.9472
20220710,Hassan,13.0072,76.0999,22.39,83.06,4.74,3.0276
20220711,Hassan,13.0072,76.0999,22.69,82.86,4.53,3.1814
20220712,Hassan,13.0072,76.0999,21.89,84.63,5.26,4.5823
20220713,Hassan,13.0072,76.0999,21.94,83.14,6.02,3.1836
20220714,Hassan,13.0072,76.0999,21.86,83.75,6.37,3.9725
20220715,Hassan,13.0072,76.0999,22.55,81.62,5.53,4.8139
20220716,Hassan,13.0072,76.0999,23.04,82.51,5.1,3.6485
20220717,Hassan,13.0072,76.0999,21.81,86.33,4.37,3.9046
20220718,Hassan,13.0072,76.0999,21.92,84.18,3.77,2.5982
20220719,Hassan,13.0072,76.0999,21.93,86.48,2.35,4.9476
20220720,Hassan,13.0072,76.0999,23.06,85.23,2.27,5.8284
20220721,Hassan,13.0072,76.0999,22.98,85.35,2.47,3.7224
20220722,Hassan,13.0072,76.0999,21.82,87.88,2.59,3.5234
20220723,Hassan,13.0072,76.0999,22.0,84.92,2.95,3.4526
20220724,Hassan,13.0072,76.0999,22.39,83.63,2.99,4.5348
20220725,Hassan,13.0072,76.0999,22.47,82.73,2.52,4.4282
20220726,Hassan,13.0072,76.0999,22.14,83.34,2.33,4.471
20220727,Hassan,13.0072,76.0999,22.78,85.25,1.04,4.9678
20220728,Hassan,13.0072,76.0999,24.05,80.9,1.53,5.7211
20220729,Hassan,13.0072,76.0999,24.12,78.67,1.11,6.1373
20220730,Hassan,13.0072,76.0999,24.08,82.71,0.84,6.3029
20220731,Hassan,13.0072,76.0999,22.13,89.14,1.47,4.9337
20220801,Hassan,13.0072,76.0999,22.67,92.68,1.4,4.8002
20220802,Hassan,13.0072,76.0999,21.96,90.47,2.94,5.0398
20220803,Hassan,13.0072,76.0999,21.38,88.89,1.61,3.8234
20220804,Hassan,13.0072,76.0999,22.09,88.66,1.71,3.5885
20220805,Hassan,13.0072,76.0999,21.5,89.87,4.82,3.4735
20220806,Hassan,13.0072,76.0999,21.93,87.81,5.04,3.9602
20220807,Hassan,13.0072,76.0999,21.6,89.24,4.79,3.03
20220808,Hassan,13.0072,76.0999,21.87,88.69,5.3,3.0749
20220809,Hassan,13.0072,76.0999,21.42,86.3,5.7,4.7215
20220810,Hassan,13.0072,76.0999,21.23,85.89,5.47,5.0119
20220811,Hassan,13.0072,76.0999,21.96,85.36,5.25,4.6517
20220812,Hassan,13.0072,76.0999,21.89,85.56,4.25,4.7446
20220813,Hassan,13.0072,76.0999,21.25,85.19,3.36,4.53
20220814,Hassan,13.0072,76.0999,21.67,84.39,3.41,4.2288
20220815,Hassan,13.0072,76.0999,22.47,83.64,2.65,4.6306
20220816,Hassan,13.0072,76.0999,23.03,81.95,1.81,6.1858
20220817,Hassan,13.0072,76.0999,22.87,83.1,2.37,6.763
20220818,Hassan,13.0072,76.0999,22.13,88.42,2.7,5.7406
20220819,Hassan,13.0072,76.0999,22.05,86.93,3.07,4.8655
20220820,Hassan,13.0072,76.0999,21.74,86.42,3.06,5.0014
20220821,Hassan,13.0072,76.0999,22.08,87.8,3.0,4.2386
20220822,Hassan,13.0072,76.0999,22.14,87.05,3.75,4.2019
20220823,Hassan,13.0072,76.0999,22.44,86.71,3.15,5.3309
20220824,Hassan,13.0072,76.0999,22.06,87.27,2.96,4.5919
20220825,Hassan,13.0072,76.0999,22.0,88.19,2.4,4.6903
20220826,Hassan,13.0072,76.0999,21.66,90.89,2.03,4.0164
20220827,Hassan,13.0072,76.0999,21.83,89.1,2.3,4.116
20220828,Hassan,13.0072,76.0999,22.18,87.67,2.01,4.4323
20220829,Hassan,13.0072,76.0999,22.36,91.81,2.04,3.5527
20220830,Hassan,13.0072,76.0999,22.81,91.0,1.38,6.013
20220831,Hassan,13.0072,76.0999,22.61,90.32,1.66,5.3678
20220901,Hassan,13.0072,76.0999,22.89,84.66,0.84,4.7009
20220902,Hassan,13.0072,76.0999,23.12,86.7,1.27,5.3134
20220903,Hassan,13.0072,76.0999,23.85,85.8,0.91,5.6412
20220904,Hassan,13.0072,76.0999,22.32,91.89,1.56,6.1435
20220905,Hassan,13.0072,76.0999,23.21,88.99,0.95,5.4451
20220906,Hassan,13.0072,76.0999,22.24,91.85,2.02,5.4821
20220907,Hassan,13.0072,76.0999,21.55,90.91,2.02,4.0939
20220908,Hassan,13.0072,76.0999,21.55,90.45,2.51,3.3626
20220909,Hassan,13.0072,76.0999,21.63,91.62,2.58,4.6627
20220910,Hassan,13.0072,76.0999,21.66,89.7,3.18,3.7174
20220911,Hassan,13.0072,76.0999,21.43,89.38,3.97,3.9732
20220912,Hassan,13.0072,76.0999,21.52,88.27,4.41,4.7767
20220913,Hassan,13.0072,76.0999,21.87,88.77,3.11,4.4791
20220914,Hassan,13.0072,76.0999,21.42,89.72,2.52,4.2091
20220915,Hassan,13.0072,76.0999,21.27,89.63,2.5,4.921
20220916,Hassan,13.0072,76.0999,21.79,88.04,2.64,4.3327
20220917,Hassan,13.0072,76.0999,21.86,88.46,2.28,4.9644
20220918,Hassan,13.0072,76.0999,22.07,88.66,2.18,5.1002
20220919,Hassan,13.0072,76.0999,21.89,87.77,2.5,4.6555
20220920,Hassan,13.0072,76.0999,21.16,85.19,2.21,4.9253
20220921,Hassan,13.0072,76.0999,21.6,86.68,2.21,5.2363
20220922,Hassan,13.0072,76.0999,21.2,85.25,2.36,6.0569
20220923,Hassan,13.0072,76.0999,20.56,88.52,2.14,5.195
20220924,Hassan,13.0072,76.0999,21.68,86.53,2.06,4.9946
20220925,Hassan,13.0072,76.0999,22.1,84.84,1.85,6.1685
20220926,Hassan,13.0072,76.0999,22.69,86.1,1.83,4.2415
20220927,Hassan,13.0072,76.0999,21.45,86.91,1.72,5.5802
20220928,Hassan,13.0072,76.0999,21.93,84.92,2.05,4.951
20220929,Hassan,13.0072,76.0999,21.58,87.38,1.9,4.6164
20220930,Hassan,13.0072,76.0999,21.21,88.61,2.27,2.5159
20221001,Hassan,13.0072,76.0999,21.18,88.16,2.38,2.9578
20221002,Hassan,13.0072,76.0999,21.44,86.21,2.32,3.8894
20221003,Hassan,13.0072,76.0999,21.82,88.38,2.18,4.9781
20221004,Hassan,13.0072,76.0999,22.16,88.25,1.92,4.1083
20221005,Hassan,13.0072,76.0999,22.07,88.83,1.73,4.4117
20221006,Hassan,13.0072,76.0999,21.06,87.62,2.34,3.145
20221007,Hassan,13.0072,76.0999,21.52,85.84,1.86,4.4578
20221008,Hassan,13.0072,76.0999,21.72,81.58,1.28,5.982
20221009,Hassan,13.0072,76.0999,22.01,88.98,1.23,3.69
20221010,Hassan,13.0072,76.0999,22.03,91.6,1.16,3.5006
20221011,Hassan,13.0072,76.0999,22.38,88.55,1.01,3.361
20221012,Hassan,13.0072,76.0999,21.96,87.73,0.96,4.0452
20221013,Hassan,13.0072,76.0999,22.01,91.86,0.95,4.7513
20221014,Hassan,13.0072,76.0999,22.69,88.14,1.44,5.1545
20221015,Hassan,13.0072,76.0999,22.6,89.53,1.42,4.0774
20221016,Hassan,13.0072,76.0999,22.99,87.08,1.23,4.7323
20221017,Hassan,13.0072,76.0999,22.86,89.16,0.76,5.0642
20221018,Hassan,13.0072,76.0999,21.86,91.33,1.67,4.6966
20221019,Hassan,13.0072,76.0999,22.34,86.0,0.4,4.9342
20221020,Hassan,13.0072,76.0999,22.78,86.97,1.18,4.8559
20221021,Hassan,13.0072,76.0999,22.83,85.48,1.62,5.4242
20221022,Hassan,13.0072,76.0999,22.28,86.18,1.48,5.3275
20221023,Hassan,13.0072,76.0999,21.47,83.81,1.19,6.3754
20221024,Hassan,13.0072,76.0999,19.72,77.09,1.49,6.4495
20221025,Hassan,13.0072,76.0999,20.1,70.1,0.87,6.5186
20221026,Hassan,13.0072,76.0999,19.43,72.31,1.11,6.5453
20221027,Hassan,13.0072,76.0999,19.34,76.15,1.27,6.5388
20221028,Hassan,13.0072,76.0999,20.35,84.62,1.47,3.5714
20221029,Hassan,13.0072,76.0999,21.76,85.93,1.87,4.2221
20221030,Hassan,13.0072,76.0999,21.9,86.15,1.86,3.3847
20221031,Hassan,13.0072,76.0999,20.37,84.67,1.43,5.9376
20221101,Hassan,13.0072,76.0999,20.58,88.61,1.62,4.0349
20221102,Hassan,13.0072,76.0999,20.31,89.46,1.8,2.9832
20221103,Hassan,13.0072,76.0999,20.4,84.63,1.81,3.0389
20221104,Hassan,13.0072,76.0999,21.33,86.13,2.0,4.073
20221105,Hassan,13.0072,76.0999,20.54,81.86,1.88,5.5385
20221106,Hassan,13.0072,76.0999,21.22,86.02,1.51,4.6207
20221107,Hassan,13.0072,76.0999,20.76,81.19,1.46,5.7247
20221108,Hassan,13.0072,76.0999,20.38,85.63,1.5,5.6611
20221109,Hassan,13.0072,76.0999,20.9,82.39,1.32,5.5178
20221110,Hassan,13.0072,76.0999,20.72,83.39,1.53,5.1382
20221111,Hassan,13.0072,76.0999,20.57,86.69,2.08,3.414
20221112,Hassan,13.0072,76.0999,19.71,93.38,2.09,2.082
20221113,Hassan,13.0072,76.0999,20.86,88.77,1.92,2.953
20221114,Hassan,13.0072,76.0999,21.04,85.8,1.37,4.267
20221115,Hassan,13.0072,76.0999,21.44,87.35,1.18,3.6672
20221116,Hassan,13.0072,76.0999,21.26,86.8,1.29,4.835
20221117,Hassan,13.0072,76.0999,18.93,76.57,1.36,5.8205
20221118,Hassan,13.0072,76.0999,18.29,67.36,1.26,5.1545
20221119,Hassan,13.0072,76.0999,17.03,77.69,1.45,5.4451
20221120,Hassan,13.0072,76.0999,18.1,72.57,1.11,5.1367
20221121,Hassan,13.0072,76.0999,18.79,74.13,0.96,5.1833
20221122,Hassan,13.0072,76.0999,20.53,87.9,0.96,1.9018
20221123,Hassan,13.0072,76.0999,21.18,89.66,1.5,2.5488
20221124,Hassan,13.0072,76.0999,21.69,87.78,1.89,2.4137
20221125,Hassan,13.0072,76.0999,21.77,84.73,1.71,5.0863
20221126,Hassan,13.0072,76.0999,21.81,84.03,1.39,4.8502
20221127,Hassan,13.0072,76.0999,21.86,82.49,0.91,4.5077
20221128,Hassan,13.0072,76.0999,21.45,85.81,0.9,3.6828
20221129,Hassan,13.0072,76.0999,21.24,85.25,1.21,3.4877
20221130,Hassan,13.0072,76.0999,19.3,79.04,1.28,4.8377
20221201,Hassan,13.0072,76.0999,19.88,84.14,1.45,4.5132
20221202,Hassan,13.0072,76.0999,21.82,86.19,1.53,3.7409
20221203,Hassan,13.0072,76.0999,21.85,84.34,1.7,5.3354
20221204,Hassan,13.0072,76.0999,21.86,83.62,1.69,5.1888
20221205,Hassan,13.0072,76.0999,21.04,85.76,1.66,4.4362
20221206,Hassan,13.0072,76.0999,21.04,83.84,1.46,4.0534
20221207,Hassan,13.0072,76.0999,19.31,78.95,1.51,3.8196
20221208,Hassan,13.0072,76.0999,18.13,73.1,1.26,4.5041
20221209,Hassan,13.0072,76.0999,18.26,77.13,1.63,2.6566
20221210,Hassan,13.0072,76.0999,19.0,92.22,3.35,1.537
20221211,Hassan,13.0072,76.0999,20.68,91.49,2.27,1.637
20221212,Hassan,13.0072,76.0999,20.31,94.5,2.19,2.1938
20221213,Hassan,13.0072,76.0999,21.36,90.31,2.49,3.6475
20221214,Hassan,13.0072,76.0999,20.81,86.71,2.06,3.732
20221215,Hassan,13.0072,76.0999,20.27,78.46,1.59,5.7602
20221216,Hassan,13.0072,76.0999,19.43,72.22,1.46,5.7432
20221217,Hassan,13.0072,76.0999,19.76,81.25,1.62,5.088
20221218,Hassan,13.0072,76.0999,20.34,85.52,1.89,4.0805
20221219,Hassan,13.0072,76.0999,18.91,82.1,1.73,5.1079
20221220,Hassan,13.0072,76.0999,18.71,78.81,1.38,5.4727
20221221,Hassan,13.0072,76.0999,18.69,74.47,1.32,5.6167
20221222,Hassan,13.0072,76.0999,18.06,70.83,1.53,5.3599
20221223,Hassan,13.0072,76.0999,18.63,76.41,1.38,5.5478
20221224,Hassan,13.0072,76.0999,19.52,80.12,1.2,5.5409
20221225,Hassan,13.0072,76.0999,20.38,86.13,1.8,3.3007
20221226,Hassan,13.0072,76.0999,21.58,85.31,2.46,3.5837
20221227,Hassan,13.0072,76.0999,21.44,84.89,2.02,4.3673
20221228,Hassan,13.0072,76.0999,21.93,83.93,1.67,5.3635
20221229,Hassan,13.0072,76.0999,21.26,80.43,1.67,5.461
20221230,Hassan,13.0072,76.0999,19.64,74.61,1.53,5.785
20221231,Hassan,13.0072,76.0999,19.16,71.94,1.09,5.5733
20230101,Hassan,13.0072,76.0999,19.46,68.31,1.14,5.3654
20230102,Hassan,13.0072,76.0999,18.57,76.88,1.87,5.5426
20230103,Hassan,13.0072,76.0999,18.67,75.83,1.6,5.6242
20230104,Hassan,13.0072,76.0999,18.86,77.96,1.7,5.7041
20230105,Hassan,13.0072,76.0999,18.68,77.51,2.22,5.1334
20230106,Hassan,13.0072,76.0999,19.05,78.45,2.42,4.949
20230107,Hassan,13.0072,76.0999,19.76,78.77,2.06,4.4222
20230108,Hassan,13.0072,76.0999,19.48,76.82,1.7,4.8785
20230109,Hassan,13.0072,76.0999,18.26,68.71,1.45,5.9184
20230110,Hassan,13.0072,76.0999,17.11,67.8,1.78,5.9314
20230111,Hassan,13.0072,76.0999,17.78,65.48,1.34,5.9333
20230112,Hassan,13.0072,76.0999,18.8,59.04,1.36,5.9729
20230113,Hassan,13.0072,76.0999,19.15,55.65,1.2,5.8462
20230114,Hassan,13.0072,76.0999,18.74,62.91,1.19,5.5704
20230115,Hassan,13.0072,76.0999,18.84,57.23,1.33,6.161
20230116,Hassan,13.0072,76.0999,19.56,57.27,1.43,6.0859
20230117,Hassan,13.0072,76.0999,19.04,65.49,1.26,6.2491
20230118,Hassan,13.0072,76.0999,18.74,66.23,1.51,6.0931
20230119,Hassan,13.0072,76.0999,18.65,65.33,1.6,6.2136
20230120,Hassan,13.0072,76.0999,18.25,69.47,1.81,6.0713
20230121,Hassan,13.0072,76.0999,19.34,72.3,1.6,5.6328
20230122,Hassan,13.0072,76.0999,19.05,67.19,1.88,5.886
20230123,Hassan,13.0072,76.0999,20.68,71.5,1.93,5.6364
20230124,Hassan,13.0072,76.0999,21.59,78.42,1.58,3.1277
20230125,Hassan,13.0072,76.0999,21.24,72.75,1.67,5.5723
20230126,Hassan,13.0072,76.0999,20.17,63.97,1.51,6.1591
20230127,Hassan,13.0072,76.0999,19.49,63.18,1.69,6.1075
20230128,Hassan,13.0072,76.0999,19.18,59.32,1.89,6.1723
20230129,Hassan,13.0072,76.0999,19.54,62.17,2.07,6.113
20230130,Hassan,13.0072,76.0999,21.21,73.64,1.47,5.1346
20230131,Hassan,13.0072,76.0999,21.63,68.66,1.86,4.7059
20230201,Hassan,13.0072,76.0999,21.56,60.86,2.13,5.2008
20230202,Hassan,13.0072,76.0999,21.48,66.3,2.16,5.717
20230203,Hassan,13.0072,76.0999,22.33,66.85,2.07,5.2174
20230204,Hassan,13.0072,76.0999,23.06,65.26,2.13,6.1058
20230205,Hassan,13.0072,76.0999,22.86,60.56,1.25,6.2522
20230206,Hassan,13.0072,76.0999,22.45,61.69,1.32,5.7065
20230207,Hassan,13.0072,76.0999,22.04,60.28,0.9,5.5807
20230208,Hassan,13.0072,76.0999,22.93,55.56,1.44,5.9424
20230209,Hassan,13.0072,76.0999,22.29,60.94,1.67,6.181
20230210,Hassan,13.0072,76.0999,22.14,58.3,1.8,6.3487
20230211,Hassan,13.0072,76.0999,22.41,53.35,1.92,6.4267
20230212,Hassan,13.0072,76.0999,22.53,46.71,2.02,6.6499
20230213,Hassan,13.0072,76.0999,22.4,45.22,2.33,6.8052
20230214,Hassan,13.0072,76.0999,22.26,45.85,1.95,6.8988
20230215,Hassan,13.0072,76.0999,22.14,41.28,1.94,6.9288
20230216,Hassan,13.0072,76.0999,22.41,44.18,2.39,6.8803
20230217,Hassan,13.0072,76.0999,22.29,47.67,2.18,6.8294
20230218,Hassan,13.0072,76.0999,22.49,49.34,1.74,6.7661
20230219,Hassan,13.0072,76.0999,23.06,44.91,1.68,6.7534
20230220,Hassan,13.0072,76.0999,23.33,45.48,1.29,6.864
20230221,Hassan,13.0072,76.0999,23.63,40.25,1.7,6.883
20230222,Hassan,13.0072,76.0999,23.26,41.3,2.18,6.7426
20230223,Hassan,13.0072,76.0999,22.95,39.49,2.65,7.05
20230224,Hassan,13.0072,76.0999,22.7,35.66,2.14,7.2101
20230225,Hassan,13.0072,76.0999,22.86,33.41,2.38,7.0464
20230226,Hassan,13.0072,76.0999,23.4,37.58,2.61,6.9862
20230227,Hassan,13.0072,76.0999,22.78,41.09,2.57,7.0814
20230228,Hassan,13.0072,76.0999,23.24,40.22,2.32,7.3138
20230301,Hassan,13.0072,76.0999,24.9,53.21,2.58,6.4042
20230302,Hassan,13.0072,76.0999,23.68,37.83,2.83,7.1479
20230303,Hassan,13.0072,76.0999,23.27,36.57,3.14,6.8695
20230304,Hassan,13.0072,76.0999,23.76,32.41,3.07,6.5222
20230305,Hassan,13.0072,76.0999,23.86,32.45,2.74,7.1753
20230306,Hassan,13.0072,76.0999,24.19,33.71,2.93,7.0524
20230307,Hassan,13.0072,76.0999,24.04,32.86,2.7,6.1298
20230308,Hassan,13.0072,76.0999,23.65,37.5,2.69,7.0601
20230309,Hassan,13.0072,76.0999,22.8,36.94,2.17,4.7746
20230310,Hassan,13.0072,76.0999,24.02,37.95,2.42,6.3542
20230311,Hassan,13.0072,76.0999,24.67,41.21,2.57,6.9048
20230312,Hassan,13.0072,76.0999,24.87,40.93,2.75,7.3106
20230313,Hassan,13.0072,76.0999,25.67,45.32,2.12,7.2274
20230314,Hassan,13.0072,76.0999,26.76,38.62,1.23,6.2554
20230315,Hassan,13.0072,76.0999,27.46,41.33,1.46,5.1754
20230316,Hassan,13.0072,76.0999,27.22,49.8,0.84,5.635
20230317,Hassan,13.0072,76.0999,27.02,51.38,0.76,6.0557
20230318,Hassan,13.0072,76.0999,26.5,55.55,2.02,5.5536
20230319,Hassan,13.0072,76.0999,24.84,60.93,2.57,5.555
20230320,Hassan,13.0072,76.0999,24.4,52.59,2.5,7.4066
20230321,Hassan,13.0072,76.0999,24.04,47.41,2.61,7.5936
20230322,Hassan,13.0072,76.0999,25.24,49.26,1.24,6.9242
20230323,Hassan,13.0072,76.0999,26.66,50.78,1.56,6.9924
20230324,Hassan,13.0072,76.0999,27.18,46.05,1.28,6.6924
20230325,Hassan,13.0072,76.0999,25.56,56.87,1.22,5.8322
20230326,Hassan,13.0072,76.0999,26.35,53.2,1.1,5.9162
20230327,Hassan,13.0072,76.0999,27.39,44.17,1.36,7.3502
20230328,Hassan,13.0072,76.0999,28.09,41.77,1.18,7.518
20230329,Hassan,13.0072,76.0999,27.31,53.7,1.95,6.4121
20230330,Hassan,13.0072,76.0999,26.34,59.71,1.13,4.4189
20230331,Hassan,13.0072,76.0999,27.03,54.11,1.06,6.9029
20230401,Hassan,13.0072,76.0999,26.77,49.15,1.38,6.9763
20230402,Hassan,13.0072,76.0999,27.41,46.17,1.55,7.5074
20230403,Hassan,13.0072,76.0999,27.12,45.19,1.25,7.6298
20230404,Hassan,13.0072,76.0999,26.45,55.56,1.29,5.4667
20230405,Hassan,13.0072,76.0999,27.67,53.23,1.32,6.792
20230406,Hassan,13.0072,76.0999,27.68,54.53,0.89,6.03
20230407,Hassan,13.0072,76.0999,27.73,48.45,2.09,6.6785
20230408,Hassan,13.0072,76.0999,27.55,44.45,2.84,7.5408
20230409,Hassan,13.0072,76.0999,27.46,39.98,1.86,7.7597
20230410,Hassan,13.0072,76.0999,28.31,39.65,2.14,7.4282
20230411,Hassan,13.0072,76.0999,28.18,36.54,1.67,7.8314
20230412,Hassan,13.0072,76.0999,27.4,33.98,1.77,7.7314
20230413,Hassan,13.0072,76.0999,27.97,27.79,1.6,7.2526
20230414,Hassan,13.0072,76.0999,28.29,37.62,1.3,6.5446
20230415,Hassan,13.0072,76.0999,28.14,40.53,1.31,6.695
20230416,Hassan,13.0072,76.0999,26.84,33.97,1.66,7.2242
20230417,Hassan,13.0072,76.0999,26.77,35.22,1.78,7.3416
20230418,Hassan,13.0072,76.0999,28.08,33.28,1.78,7.7578
20230419,Hassan,13.0072,76.0999,28.97,35.73,1.39,7.6214
20230420,Hassan,13.0072,76.0999,28.74,51.95,1.64,6.8201
20230421,Hassan,13.0072,76.0999,28.49,53.63,1.66,6.241
20230422,Hassan,13.0072,76.0999,29.28,49.23,1.04,6.163
20230423,Hassan,13.0072,76.0999,29.08,49.95,1.23,7.1789
20230424,Hassan,13.0072,76.0999,28.43,53.47,2.31,6.936
20230425,Hassan,13.0072,76.0999,27.05,56.44,2.19,4.9637
20230426,Hassan,13.0072,76.0999,25.86,64.93,1.48,5.309
20230427,Hassan,13.0072,76.0999,27.51,59.08,1.49,5.8565
20230428,Hassan,13.0072,76.0999,28.67,52.29,1.88,6.2174
20230429,Hassan,13.0072,76.0999,27.5,60.37,1.2,6.2215
20230430,Hassan,13.0072,76.0999,24.72,77.3,1.04,6.511
20230501,Hassan,13.0072,76.0999,24.77,73.09,1.63,5.8018
20230502,Hassan,13.0072,76.0999,25.81,67.94,1.76,6.5717
20230503,Hassan,13.0072,76.0999,24.64,68.96,2.09,5.952
20230504,Hassan,13.0072,76.0999,25.84,66.51,1.01,6.6134
20230505,Hassan,13.0072,76.0999,23.9,75.44,1.39,5.3194
20230506,Hassan,13.0072,76.0999,24.83,71.64,1.15,5.9611
20230507,Hassan,13.0072,76.0999,24.97,71.29,2.03,3.8494
20230508,Hassan,13.0072,76.0999,24.24,78.77,1.33,5.7713
20230509,Hassan,13.0072,76.0999,26.35,68.23,1.31,6.2554
20230510,Hassan,13.0072,76.0999,27.27,66.01,1.22,6.6636
20230511,Hassan,13.0072,76.0999,27.69,65.61,1.32,5.1197
20230512,Hassan,13.0072,76.0999,27.26,68.36,1.38,6.0586
20230513,Hassan,13.0072,76.0999,26.53,71.79,2.44,5.6309
20230514,Hassan,13.0072,76.0999,27.03,67.57,2.72,7.361
20230515,Hassan,13.0072,76.0999,26.95,65.51,2.29,7.4988
20230516,Hassan,13.0072,76.0999,28.26,60.24,1.41,7.542
20230517,Hassan,13.0072,76.0999,28.73,57.43,1.5,7.5425
20230518,Hassan,13.0072,76.0999,29.27,55.23,1.41,7.3104
20230519,Hassan,13.0072,76.0999,28.47,57.86,1.54,6.8534
20230520,Hassan,13.0072,76.0999,27.5,63.6,1.94,6.708
20230521,Hassan,13.0072,76.0999,27.08,67.66,1.49,6.2743
20230522,Hassan,13.0072,76.0999,27.29,66.82,1.88,7.008
20230523,Hassan,13.0072,76.0999,26.35,67.99,1.29,6.312
20230524,Hassan,13.0072,76.0999,26.25,70.1,1.6,6.4591
20230525,Hassan,13.0072,76.0999,26.35,70.34,2.34,6.0893
20230526,Hassan,13.0072,76.0999,26.37,67.82,2.38,7.0205
20230527,Hassan,13.0072,76.0999,26.85,66.05,1.99,6.9643
20230528,Hassan,13.0072,76.0999,26.86,64.98,2.0,7.2094
20230529,Hassan,13.0072,76.0999,26.78,66.57,1.74,6.0838
20230530,Hassan,13.0072,76.0999,25.78,73.49,1.53,5.3678
20230531,Hassan,13.0072,76.0999,25.91,71.66,1.17,5.8402
20230601,Hassan,13.0072,76.0999,25.32,73.66,2.08,6.139
20230602,Hassan,13.0072,76.0999,25.9,68.38,1.75,4.1942
20230603,Hassan,13.0072,76.0999,27.37,66.53,2.25,6.69
20230604,Hassan,13.0072,76.0999,26.19,70.75,1.94,5.3851
20230605,Hassan,13.0072,76.0999,24.83,78.71,2.07,6.2246
20230606,Hassan,13.0072,76.0999,26.42,71.71,2.52,6.1598
20230607,Hassan,13.0072,76.0999,26.0,71.77,3.34,6.3466
20230608,Hassan,13.0072,76.0999,25.53,73.8,2.91,6.5609
20230609,Hassan,13.0072,76.0999,26.03,69.88,3.31,6.6722
20230610,Hassan,13.0072,76.0999,24.66,74.1,4.25,5.814
20230611,Hassan,13.0072,76.0999,24.73,74.24,3.56,4.4117
20230612,Hassan,13.0072,76.0999,25.03,75.4,3.21,6.1289
20230613,Hassan,13.0072,76.0999,25.69,72.59,3.56,6.3492
20230614,Hassan,13.0072,76.0999,25.4,74.09,3.64,6.3278
20230615,Hassan,13.0072,76.0999,26.03,71.43,3.38,6.6343
20230616,Hassan,13.0072,76.0999,26.27,69.18,3.37,7.0958
20230617,Hassan,13.0072,76.0999,25.68,73.73,3.46,5.9045
20230618,Hassan,13.0072,76.0999,24.93,75.79,3.3,4.7494
20230619,Hassan,13.0072,76.0999,24.25,75.15,2.81,4.8245
20230620,Hassan,13.0072,76.0999,24.9,70.95,1.92,3.7318
20230621,Hassan,13.0072,76.0999,24.52,77.65,1.92,3.6643
20230622,Hassan,13.0072,76.0999,24.57,73.45,2.55,5.2284
20230623,Hassan,13.0072,76.0999,23.07,71.71,3.25,5.3983
20230624,Hassan,13.0072,76.0999,23.48,81.64,3.31,4.2014
20230625,Hassan,13.0072,76.0999,23.4,79.64,3.01,3.9775
20230626,Hassan,13.0072,76.0999,23.16,73.7,3.44,4.6855
20230627,Hassan,13.0072,76.0999,23.21,74.66,3.47,5.2565
20230628,Hassan,13.0072,76.0999,23.13,74.37,3.59,4.9298
20230629,Hassan,13.0072,76.0999,23.13,77.66,3.59,4.4873
20230630,Hassan,13.0072,76.0999,23.42,72.93,3.8,5.1137
20230701,Hassan,13.0072,76.0999,23.82,73.7,3.9,5.879
20230702,Hassan,13.0072,76.0999,23.18,79.48,4.16,4.5643
20230703,Hassan,13.0072,76.0999,23.57,80.92,4.4,4.5432
20230704,Hassan,13.0072,76.0999,23.23,82.03,5.11,4.3524
20230705,Hassan,13.0072,76.0999,22.43,81.64,5.35,3.659
20230706,Hassan,13.0072,76.0999,22.31,80.54,5.22,3.421
20230707,Hassan,13.0072,76.0999,23.27,78.45,4.24,4.4338
20230708,Hassan,13.0072,76.0999,23.08,79.51,3.72,3.8479
20230709,Hassan,13.0072,76.0999,22.96,83.16,2.96,4.5622
20230710,Hassan,13.0072,76.0999,23.2,83.46,2.07,4.1594
20230711,Hassan,13.0072,76.0999,23.29,78.15,3.46,3.5309
20230712,Hassan,13.0072,76.0999,22.6,75.89,3.99,5.5279
20230713,Hassan,13.0072,76.0999,22.89,77.18,3.85,5.2082
20230714,Hassan,13.0072,76.0999,22.99,79.71,3.71,4.9802
20230715,Hassan,13.0072,76.0999,23.54,79.17,3.29,4.8694
20230716,Hassan,13.0072,76.0999,23.85,80.06,3.15,4.8367
20230717,Hassan,13.0072,76.0999,23.71,80.38,3.71,4.1818
20230718,Hassan,13.0072,76.0999,23.98,78.52,4.94,4.9694
20230719,Hassan,13.0072,76.0999,23.48,79.39,5.74,3.6641
20230720,Hassan,13.0072,76.0999,23.88,78.08,5.95,3.5136
20230721,Hassan,13.0072,76.0999,23.44,81.25,5.73,3.3125
20230722,Hassan,13.0072,76.0999,23.02,78.98,5.45,3.2328
20230723,Hassan,13.0072,76.0999,23.24,80.19,5.53,2.5025
20230724,Hassan,13.0072,76.0999,22.47,84.93,4.81,2.6318
20230725,Hassan,13.0072,76.0999,21.54,85.38,4.19,2.4401
20230726,Hassan,13.0072,76.0999,21.66,86.12,4.59,2.6863
20230727,Hassan,13.0072,76.0999,21.33,85.49,4.78,3.3242
20230728,Hassan,13.0072,76.0999,22.68,81.5,4.55,4.5173
20230729,Hassan,13.0072,76.0999,22.99,80.58,4.35,4.4304
20230730,Hassan,13.0072,76.0999,23.36,79.76,3.99,5.016
20230731,Hassan,13.0072,76.0999,23.55,79.5,4.13,5.106
20230801,Hassan,13.0072,76.0999,23.22,80.13,4.26,4.9322
20230802,Hassan,13.0072,76.0999,23.2,79.33,4.48,5.3606
20230803,Hassan,13.0072,76.0999,23.51,78.13,4.45,4.8079
20230804,Hassan,13.0072,76.0999,23.61,78.52,4.12,4.6658
20230805,Hassan,13.0072,76.0999,23.32,80.14,3.75,4.5346
20230806,Hassan,13.0072,76.0999,23.49,80.24,3.18,5.0707
20230807,Hassan,13.0072,76.0999,23.79,78.18,3.13,4.9805
20230808,Hassan,13.0072,76.0999,23.86,77.57,2.73,4.5674
20230809,Hassan,13.0072,76.0999,24.44,75.25,2.35,5.5987
20230810,Hassan,13.0072,76.0999,24.0,78.41,2.17,5.3162
20230811,Hassan,13.0072,76.0999,24.19,78.86,1.88,5.2939
20230812,Hassan,13.0072,76.0999,23.86,78.07,2.59,5.4451
20230813,Hassan,13.0072,76.0999,23.6,77.56,2.66,5.7329
20230814,Hassan,13.0072,76.0999,23.22,76.49,2.54,5.5531
20230815,Hassan,13.0072,76.0999,23.84,73.61,2.69,5.7922
20230816,Hassan,13.0072,76.0999,24.37,74.38,2.63,5.7658
20230817,Hassan,13.0072,76.0999,24.14,75.29,3.27,5.2133
20230818,Hassan,13.0072,76.0999,22.98,79.31,3.25,4.8475
20230819,Hassan,13.0072,76.0999,23.63,79.37,3.65,3.8765
20230820,Hassan,13.0072,76.0999,24.1,77.47,3.13,5.2764
20230821,Hassan,13.0072,76.0999,24.44,75.64,2.52,5.7989
20230822,Hassan,13.0072,76.0999,24.68,74.87,2.08,6.0079
20230823,Hassan,13.0072,76.0999,24.78,73.7,2.52,5.6866
20230824,Hassan,13.0072,76.0999,24.27,74.72,2.64,5.3822
20230825,Hassan,13.0072,76.0999,24.75,72.2,2.59,6.0391
20230826,Hassan,13.0072,76.0999,23.88,79.29,1.99,4.9807
20230827,Hassan,13.0072,76.0999,24.38,75.14,2.28,5.5951
20230828,Hassan,13.0072,76.0999,24.49,74.02,2.67,6.4178
20230829,Hassan,13.0072,76.0999,24.45,72.86,2.91,5.9522
20230830,Hassan,13.0072,76.0999,24.82,73.2,3.16,6.0588
20230831,Hassan,13.0072,76.0999,24.79,74.82,1.81,5.4509
20230901,Hassan,13.0072,76.0999,22.78,87.61,1.55,5.351
20230902,Hassan,13.0072,76.0999,22.74,83.58,2.34,4.8458
20230903,Hassan,13.0072,76.0999,22.56,80.94,2.3,4.5437
20230904,Hassan,13.0072,76.0999,21.78,78.12,3.42,2.3009
20230905,Hassan,13.0072,76.0999,22.37,82.26,3.19,3.5129
20230906,Hassan,13.0072,76.0999,22.79,81.05,3.14,5.003
20230907,Hassan,13.0072,76.0999,22.81,81.24,3.25,5.0887
20230908,Hassan,13.0072,76.0999,22.99,81.03,3.69,5.1389
20230909,Hassan,13.0072,76.0999,23.31,80.5,3.17,5.1886
20230910,Hassan,13.0072,76.0999,23.31,81.71,2.91,5.5282
20230911,Hassan,13.0072,76.0999,22.58,83.91,3.04,4.6666
20230912,Hassan,13.0072,76.0999,23.27,79.32,3.33,5.7862
20230913,Hassan,13.0072,76.0999,23.48,77.79,3.32,4.6985
20230914,Hassan,13.0072,76.0999,23.11,79.57,3.22,4.9351
20230915,Hassan,13.0072,76.0999,22.4,81.49,3.45,4.9654
20230916,Hassan,13.0072,76.0999,23.15,81.49,3.31,4.685
20230917,Hassan,13.0072,76.0999,23.6,80.44,2.86,4.553
20230918,Hassan,13.0072,76.0999,23.74,80.15,2.76,4.5365
20230919,Hassan,13.0072,76.0999,23.86,78.83,2.79,5.4936
20230920,Hassan,13.0072,76.0999,23.46,80.37,2.47,4.901
20230921,Hassan,13.0072,76.0999,22.99,82.99,1.77,4.0678
20230922,Hassan,13.0072,76.0999,23.42,83.83,1.5,5.4578
20230923,Hassan,13.0072,76.0999,22.74,87.65,1.94,4.9039
20230924,Hassan,13.0072,76.0999,22.27,88.5,2.17,5.1384
20230925,Hassan,13.0072,76.0999,21.38,88.47,1.97,5.2073
20230926,Hassan,13.0072,76.0999,23.05,81.28,2.22,5.2968
20230927,Hassan,13.0072,76.0999,22.87,78.79,2.89,4.6339
20230928,Hassan,13.0072,76.0999,21.92,87.16,2.3,4.5118
20230929,Hassan,13.0072,76.0999,22.77,85.88,2.93,4.3661
20230930,Hassan,13.0072,76.0999,22.03,80.92,3.67,4.2554
20231001,Hassan,13.0072,76.0999,23.14,82.68,3.76,4.5206
20231002,Hassan,13.0072,76.0999,23.01,80.43,2.85,4.9721
20231003,Hassan,13.0072,76.0999,23.13,77.14,2.38,5.6198
20231004,Hassan,13.0072,76.0999,23.61,74.85,1.62,4.8706
20231005,Hassan,13.0072,76.0999,22.57,80.16,1.61,4.9637
20231006,Hassan,13.0072,76.0999,23.13,79.61,1.02,4.9891
20231007,Hassan,13.0072,76.0999,24.76,75.46,1.26,4.0894
20231008,Hassan,13.0072,76.0999,24.74,79.96,0.69,4.9961
20231009,Hassan,13.0072,76.0999,23.62,84.8,1.15,3.702
20231010,Hassan,13.0072,76.0999,23.63,84.34,1.12,4.337
20231011,Hassan,13.0072,76.0999,23.79,83.17,1.27,4.3183
20231012,Hassan,13.0072,76.0999,23.99,80.54,1.39,4.6531
20231013,Hassan,13.0072,76.0999,24.01,73.43,1.26,6.006
20231014,Hassan,13.0072,76.0999,23.33,70.82,1.14,6.1255
20231015,Hassan,13.0072,76.0999,24.06,74.94,0.88,4.8679
20231016,Hassan,13.0072,76.0999,23.64,80.12,0.82,4.4158
20231017,Hassan,13.0072,76.0999,23.71,81.6,0.86,4.7635
20231018,Hassan,13.0072,76.0999,24.2,74.75,1.16,6.0818
20231019,Hassan,13.0072,76.0999,24.21,70.34,1.39,5.4862
20231020,Hassan,13.0072,76.0999,24.15,70.48,1.44,5.1694
20231021,Hassan,13.0072,76.0999,24.43,71.89,1.63,4.9313
20231022,Hassan,13.0072,76.0999,24.48,71.96,1.31,5.2781
20231023,Hassan,13.0072,76.0999,23.81,65.2,1.61,5.8241
20231024,Hassan,13.0072,76.0999,23.14,60.48,1.31,6.0482
20231025,Hassan,13.0072,76.0999,22.87,61.55,1.27,6.4567
20231026,Hassan,13.0072,76.0999,22.63,62.38,1.3,6.2594
20231027,Hassan,13.0072,76.0999,23.5,68.71,1.1,5.8447
20231028,Hassan,13.0072,76.0999,24.28,76.25,1.06,4.8
20231029,Hassan,13.0072,76.0999,24.06,78.33,1.28,4.5007
20231030,Hassan,13.0072,76.0999,22.78,81.32,1.76,4.4256
20231031,Hassan,13.0072,76.0999,22.82,78.53,1.01,3.408
20231101,Hassan,13.0072,76.0999,23.88,74.1,1.17,4.1537
20231102,Hassan,13.0072,76.0999,24.25,75.04,1.31,4.9572
20231103,Hassan,13.0072,76.0999,25.08,74.47,1.29,4.4597
20231104,Hassan,13.0072,76.0999,24.01,79.44,1.43,4.4126
20231105,Hassan,13.0072,76.0999,23.47,82.32,2.21,3.2585
20231106,Hassan,13.0072,76.0999,22.76,83.33,1.27,4.4081
20231107,Hassan,13.0072,76.0999,22.94,85.12,0.95,4.6229
20231108,Hassan,13.0072,76.0999,23.2,83.6,0.96,3.905
20231109,Hassan,13.0072,76.0999,22.48,83.49,2.13,3.8515
20231110,Hassan,13.0072,76.0999,22.41,79.58,1.59,4.3286
20231111,Hassan,13.0072,76.0999,22.99,70.92,1.85,5.4857
20231112,Hassan,13.0072,76.0999,21.99,71.04,1.85,4.5199
20231113,Hassan,13.0072,76.0999,21.65,72.35,1.89,4.7525
20231114,Hassan,13.0072,76.0999,20.9,73.46,1.74,4.2511
20231115,Hassan,13.0072,76.0999,21.92,69.43,1.3,4.9613
20231116,Hassan,13.0072,76.0999,23.54,68.73,0.8,4.7441
20231117,Hassan,13.0072,76.0999,24.25,73.04,1.03,4.319
20231118,Hassan,13.0072,76.0999,24.47,71.04,1.75,4.3092
20231119,Hassan,13.0072,76.0999,24.02,72.84,2.06,5.3815
20231120,Hassan,13.0072,76.0999,23.57,68.4,1.74,5.6794
20231121,Hassan,13.0072,76.0999,23.31,77.76,1.81,4.1033
20231122,Hassan,13.0072,76.0999,23.58,82.94,1.87,2.8728
20231123,Hassan,13.0072,76.0999,23.29,77.93,2.44,3.5004
20231124,Hassan,13.0072,76.0999,23.82,75.45,1.85,3.7426
20231125,Hassan,13.0072,76.0999,23.26,79.36,2.1,3.347
20231126,Hassan,13.0072,76.0999,23.08,72.52,2.66,4.039
20231127,Hassan,13.0072,76.0999,23.4,76.12,1.77,3.0989
20231128,Hassan,13.0072,76.0999,23.97,74.5,1.23,4.8564
20231129,Hassan,13.0072,76.0999,22.98,79.35,1.71,4.4686
20231130,Hassan,13.0072,76.0999,23.62,73.52,1.72,4.5031
20231201,Hassan,13.0072,76.0999,23.96,74.65,1.57,4.3562
20231202,Hassan,13.0072,76.0999,23.66,69.93,2.38,5.149
20231203,Hassan,13.0072,76.0999,23.88,76.48,2.82,2.441
20231204,Hassan,13.0072,76.0999,23.44,74.86,2.52,2.6419
20231205,Hassan,13.0072,76.0999,22.8,72.36,1.92,3.6811
20231206,Hassan,13.0072,76.0999,23.5,72.5,1.23,4.969
20231207,Hassan,13.0072,76.0999,23.69,72.14,0.91,3.9646
20231208,Hassan,13.0072,76.0999,23.58,78.41,0.95,3.1836
20231209,Hassan,13.0072,76.0999,21.52,85.24,1.95,2.9558
20231210,Hassan,13.0072,76.0999,23.77,74.69,1.36,3.8148
20231211,Hassan,13.0072,76.0999,21.41,82.41,1.32,3.5023
20231212,Hassan,13.0072,76.0999,22.35,75.11,1.32,4.6289
20231213,Hassan,13.0072,76.0999,21.06,70.06,1.62,5.0592
20231214,Hassan,13.0072,76.0999,20.5,69.55,1.59,4.2811
20231215,Hassan,13.0072,76.0999,21.91,71.35,1.18,4.5871
20231216,Hassan,13.0072,76.0999,23.81,74.43,2.02,2.8534
20231217,Hassan,13.0072,76.0999,23.34,71.92,2.66,3.7205
20231218,Hassan,13.0072,76.0999,21.27,78.38,2.18,3.0096
20231219,Hassan,13.0072,76.0999,21.75,67.86,2.45,4.9706
20231220,Hassan,13.0072,76.0999,22.09,64.05,2.02,4.1422
20231221,Hassan,13.0072,76.0999,22.77,69.72,1.21,4.9817
20231222,Hassan,13.0072,76.0999,22.99,64.87,1.37,4.1465
20231223,Hassan,13.0072,76.0999,22.01,51.56,1.49,5.1146
20231224,Hassan,13.0072,76.0999,21.53,59.69,1.86,5.5464
20231225,Hassan,13.0072,76.0999,23.17,63.31,2.13,5.2121
20231226,Hassan,13.0072,76.0999,22.08,54.79,2.12,5.533
20231227,Hassan,13.0072,76.0999,21.79,55.56,2.3,5.7739
20231228,Hassan,13.0072,76.0999,22.31,64.45,2.25,5.6333
20231229,Hassan,13.0072,76.0999,23.17,64.6,2.4,5.2745
20231230,Hassan,13.0072,76.0999,23.25,58.25,2.06,5.7166
20231231,Hassan,13.0072,76.0999,22.17,56.09,1.88,5.6974
20240101,Hassan,13.0072,76.0999,22.93,61.47,0.77,5.2498
20240102,Hassan,13.0072,76.0999,23.02,66.89,0.98,4.2806
20240103,Hassan,13.0072,76.0999,21.54,77.2,1.16,2.8646
20240104,Hassan,13.0072,76.0999,21.26,82.75,1.64,1.9078
20240105,Hassan,13.0072,76.0999,22.46,80.95,1.55,2.4562
20240106,Hassan,13.0072,76.0999,21.93,77.26,1.74,4.3994
20240107,Hassan,13.0072,76.0999,22.05,68.64,1.9,4.0762
20240108,Hassan,13.0072,76.0999,22.11,76.5,2.73,1.9536
20240109,Hassan,13.0072,76.0999,22.19,75.42,2.7,2.9357
20240110,Hassan,13.0072,76.0999,22.3,64.57,2.49,4.8367
20240111,Hassan,13.0072,76.0999,22.21,60.33,2.16,5.3606
20240112,Hassan,13.0072,76.0999,21.72,63.53,2.52,5.5627
20240113,Hassan,13.0072,76.0999,23.04,63.69,2.04,5.1223
20240114,Hassan,13.0072,76.0999,22.94,61.69,1.94,5.0141
20240115,Hassan,13.0072,76.0999,22.39,59.27,1.17,5.1694
20240116,Hassan,13.0072,76.0999,22.14,62.01,1.0,4.7378
20240117,Hassan,13.0072,76.0999,22.89,71.66,1.26,5.4336
20240118,Hassan,13.0072,76.0999,23.52,70.43,1.2,4.5545
20240119,Hassan,13.0072,76.0999,24.02,64.73,0.9,5.2327
20240120,Hassan,13.0072,76.0999,23.91,63.47,1.29,5.2306
20240121,Hassan,13.0072,76.0999,24.3,61.3,1.32,5.6098
20240122,Hassan,13.0072,76.0999,24.57,61.62,0.94,5.5459
20240123,Hassan,13.0072,76.0999,23.65,60.06,1.02,5.8291
20240124,Hassan,13.0072,76.0999,23.51,60.03,1.05,5.6174
20240125,Hassan,13.0072,76.0999,23.86,59.11,0.91,5.4228
20240126,Hassan,13.0072,76.0999,23.45,51.23,2.03,5.9849
20240127,Hassan,13.0072,76.0999,23.08,52.73,2.46,5.9676
20240128,Hassan,13.0072,76.0999,23.18,52.34,2.13,5.8363
20240129,Hassan,13.0072,76.0999,23.01,52.58,1.85,5.9371
20240130,Hassan,13.0072,76.0999,22.59,50.81,1.16,5.8891
20240131,Hassan,13.0072,76.0999,23.22,49.28,1.62,6.097
20240201,Hassan,13.0072,76.0999,23.16,58.87,1.3,6.264
20240202,Hassan,13.0072,76.0999,24.26,58.5,0.93,6.0646
20240203,Hassan,13.0072,76.0999,25.71,54.82,1.73,5.2658
20240204,Hassan,13.0072,76.0999,25.11,51.57,1.96,6.0221
20240205,Hassan,13.0072,76.0999,24.43,45.17,2.18,6.2798
20240206,Hassan,13.0072,76.0999,24.76,42.45,1.96,6.4817
20240207,Hassan,13.0072,76.0999,24.82,40.51,1.73,6.5426
20240208,Hassan,13.0072,76.0999,25.34,37.49,1.72,6.1483
20240209,Hassan,13.0072,76.0999,25.15,38.37,1.86,6.293
20240210,Hassan,13.0072,76.0999,24.74,44.71,2.13,6.2102
20240211,Hassan,13.0072,76.0999,24.69,45.74,2.28,6.5527
20240212,Hassan,13.0072,76.0999,24.43,42.22,2.14,6.919
20240213,Hassan,13.0072,76.0999,23.92,42.63,1.83,6.9245
20240214,Hassan,13.0072,76.0999,25.13,51.26,2.1,6.5462
20240215,Hassan,13.0072,76.0999,25.14,42.89,2.05,6.3787
20240216,Hassan,13.0072,76.0999,24.76,41.25,2.31,6.9245
20240217,Hassan,13.0072,76.0999,24.97,38.89,1.6,6.9593
20240218,Hassan,13.0072,76.0999,25.24,39.95,1.13,6.69
20240219,Hassan,13.0072,76.0999,25.27,48.69,1.59,6.3898
20240220,Hassan,13.0072,76.0999,26.87,48.81,1.18,6.2974
20240221,Hassan,13.0072,76.0999,26.3,47.64,1.65,6.5772
20240222,Hassan,13.0072,76.0999,25.3,52.75,1.55,6.8614
20240223,Hassan,13.0072,76.0999,25.8,48.91,1.17,6.9223
20240224,Hassan,13.0072,76.0999,25.79,43.98,1.49,6.601
20240225,Hassan,13.0072,76.0999,26.62,51.39,1.34,5.6434
20240226,Hassan,13.0072,76.0999,26.49,45.99,2.68,6.7654
20240227,Hassan,13.0072,76.0999,26.74,46.12,2.15,7.0195
20240228,Hassan,13.0072,76.0999,26.88,40.07,2.56,7.0608
20240229,Hassan,13.0072,76.0999,25.85,33.61,2.45,7.1887
20240301,Hassan,13.0072,76.0999,25.67,36.54,2.38,6.319
20240302,Hassan,13.0072,76.0999,26.14,40.83,1.7,6.7716
20240303,Hassan,13.0072,76.0999,27.16,51.99,0.79,6.4349
20240304,Hassan,13.0072,76.0999,28.28,45.74,1.01,6.7282
20240305,Hassan,13.0072,76.0999,28.95,38.52,1.29,6.7162
20240306,Hassan,13.0072,76.0999,28.12,45.7,1.34,6.2957
20240307,Hassan,13.0072,76.0999,28.42,37.1,1.0,6.3336
20240308,Hassan,13.0072,76.0999,28.03,35.72,1.05,6.6226
20240309,Hassan,13.0072,76.0999,28.16,42.71,1.01,6.3166
20240310,Hassan,13.0072,76.0999,28.7,45.24,1.5,6.1212
20240311,Hassan,13.0072,76.0999,28.94,42.52,1.53,5.5159
20240312,Hassan,13.0072,76.0999,28.86,38.98,1.55,5.8231
20240313,Hassan,13.0072,76.0999,28.05,48.11,1.66,5.6861
20240314,Hassan,13.0072,76.0999,27.3,57.78,1.63,5.743
20240315,Hassan,13.0072,76.0999,28.2,50.46,1.18,6.271
20240316,Hassan,13.0072,76.0999,28.79,43.02,1.27,6.1714
20240317,Hassan,13.0072,76.0999,28.29,39.72,1.87,6.6878
20240318,Hassan,13.0072,76.0999,28.35,44.09,0.85,6.4243
20240319,Hassan,13.0072,76.0999,28.77,37.91,1.13,6.6002
20240320,Hassan,13.0072,76.0999,28.59,33.68,1.39,6.6914
20240321,Hassan,13.0072,76.0999,28.04,40.69,1.88,6.1985
20240322,Hassan,13.0072,76.0999,28.31,43.59,1.43,5.9993
20240323,Hassan,13.0072,76.0999,29.11,40.65,1.59,6.7114
20240324,Hassan,13.0072,76.0999,29.31,35.35,1.67,6.9804
20240325,Hassan,13.0072,76.0999,28.97,31.5,2.0,7.0087
20240326,Hassan,13.0072,76.0999,29.24,29.46,2.0,6.8335
20240327,Hassan,13.0072,76.0999,28.71,28.58,2.23,7.368
20240328,Hassan,13.0072,76.0999,28.48,26.01,1.89,7.2998
20240329,Hassan,13.0072,76.0999,29.43,39.21,1.92,6.9746
20240330,Hassan,13.0072,76.0999,29.61,37.08,2.23,7.2314
20240331,Hassan,13.0072,76.0999,28.58,31.14,1.45,7.6824
20240401,Hassan,13.0072,76.0999,28.98,38.81,1.17,7.5754
20240402,Hassan,13.0072,76.0999,29.92,40.59,1.03,7.1717
20240403,Hassan,13.0072,76.0999,30.1,39.71,1.5,6.9864
20240404,Hassan,13.0072,76.0999,29.8,43.5,1.53,7.4347
20240405,Hassan,13.0072,76.0999,30.14,37.86,1.49,6.9811
20240406,Hassan,13.0072,76.0999,30.45,32.38,2.01,7.2014
20240407,Hassan,13.0072,76.0999,30.07,39.94,2.0,6.7538
20240408,Hassan,13.0072,76.0999,30.05,43.82,1.55,7.0913
20240409,Hassan,13.0072,76.0999,29.87,38.42,2.15,7.3774
20240410,Hassan,13.0072,76.0999,29.83,35.98,1.94,7.3855
20240411,Hassan,13.0072,76.0999,29.97,38.31,1.67,7.4117
20240412,Hassan,13.0072,76.0999,30.32,43.99,1.88,6.5146
20240413,Hassan,13.0072,76.0999,30.01,43.86,1.95,5.7187
20240414,Hassan,13.0072,76.0999,30.22,44.46,1.69,7.1659
20240415,Hassan,13.0072,76.0999,30.38,34.61,2.22,7.6094
20240416,Hassan,13.0072,76.0999,30.35,38.1,1.85,7.2348
20240417,Hassan,13.0072,76.0999,30.5,47.52,1.13,5.5963
20240418,Hassan,13.0072,76.0999,30.77,44.22,1.06,5.8954
20240419,Hassan,13.0072,76.0999,29.79,54.32,1.26,5.4629
20240420,Hassan,13.0072,76.0999,28.9,55.49,1.13,3.9386
20240421,Hassan,13.0072,76.0999,30.35,44.82,1.72,6.7699
20240422,Hassan,13.0072,76.0999,29.92,50.1,0.93,6.4075
20240423,Hassan,13.0072,76.0999,30.2,45.52,1.32,7.3294
20240424,Hassan,13.0072,76.0999,29.14,46.36,1.51,7.6999
20240425,Hassan,13.0072,76.0999,29.77,42.14,1.75,7.1683
20240426,Hassan,13.0072,76.0999,30.02,40.74,1.81,7.4518
20240427,Hassan,13.0072,76.0999,30.46,37.15,1.74,7.7028
20240428,Hassan,13.0072,76.0999,30.89,33.75,1.93,7.4856
20240429,Hassan,13.0072,76.0999,31.0,38.19,1.55,7.4155
20240430,Hassan,13.0072,76.0999,30.86,42.88,1.53,7.2245
20240501,Hassan,13.0072,76.0999,30.37,54.92,1.77,6.679
20240502,Hassan,13.0072,76.0999,29.78,54.04,0.9,6.8882
20240503,Hassan,13.0072,76.0999,30.42,51.63,2.07,6.804
20240504,Hassan,13.0072,76.0999,29.25,55.35,2.16,7.4762
20240505,Hassan,13.0072,76.0999,29.37,54.58,2.11,7.2612
20240506,Hassan,13.0072,76.0999,29.33,57.09,2.0,6.9115
20240507,Hassan,13.0072,76.0999,28.29,66.61,1.06,5.892
20240508,Hassan,13.0072,76.0999,27.19,71.55,1.37,6.3168
20240509,Hassan,13.0072,76.0999,27.87,65.56,1.17,6.1034
20240510,Hassan,13.0072,76.0999,26.8,69.3,1.1,5.3825
20240511,Hassan,13.0072,76.0999,27.02,69.23,1.07,6.2184
20240512,Hassan,13.0072,76.0999,26.9,72.06,0.97,5.7756
20240513,Hassan,13.0072,76.0999,25.56,79.27,1.09,5.0102
20240514,Hassan,13.0072,76.0999,25.38,75.86,1.14,6.3432
20240515,Hassan,13.0072,76.0999,26.91,68.01,0.95,6.2573
20240516,Hassan,13.0072,76.0999,26.29,72.6,0.98,5.3136
20240517,Hassan,13.0072,76.0999,26.03,73.96,0.74,5.1991
20240518,Hassan,13.0072,76.0999,25.69,75.61,0.65,5.5711
20240519,Hassan,13.0072,76.0999,24.53,84.89,1.93,5.1578
20240520,Hassan,13.0072,76.0999,23.93,83.79,1.36,5.4655
20240521,Hassan,13.0072,76.0999,24.6,78.52,1.13,6.102
20240522,Hassan,13.0072,76.0999,26.2,75.21,1.52,6.4452
20240523,Hassan,13.0072,76.0999,26.47,76.42,1.11,6.0761
20240524,Hassan,13.0072,76.0999,25.13,83.12,1.69,5.0177
20240525,Hassan,13.0072,76.0999,23.07,82.97,3.3,3.072
20240526,Hassan,13.0072,76.0999,23.63,83.52,3.41,2.0683
20240527,Hassan,13.0072,76.0999,24.45,81.34,3.39,3.9626
20240528,Hassan,13.0072,76.0999,24.63,80.03,3.65,5.6338
20240529,Hassan,13.0072,76.0999,24.37,82.72,3.3,6.4286
20240530,Hassan,13.0072,76.0999,25.58,81.14,1.97,6.737
20240531,Hassan,13.0072,76.0999,25.9,81.85,2.31,6.9504
20240601,Hassan,13.0072,76.0999,24.98,87.24,2.32,5.7631
20240602,Hassan,13.0072,76.0999,25.01,80.66,1.49,6.1378
20240603,Hassan,13.0072,76.0999,24.69,84.37,1.47,4.6296
20240604,Hassan,13.0072,76.0999,24.88,83.18,1.33,5.0299
20240605,Hassan,13.0072,76.0999,24.82,84.57,1.64,5.178
20240606,Hassan,13.0072,76.0999,23.79,83.61,2.38,5.3213
20240607,Hassan,13.0072,76.0999,23.31,83.44,2.39,4.4489
20240608,Hassan,13.0072,76.0999,23.65,81.35,3.82,5.479
20240609,Hassan,13.0072,76.0999,23.28,82.07,4.56,4.6138
20240610,Hassan,13.0072,76.0999,23.02,81.28,4.65,4.7477
20240611,Hassan,13.0072,76.0999,22.13,82.25,3.89,4.529
20240612,Hassan,13.0072,76.0999,22.17,80.25,3.93,4.9474
20240613,Hassan,13.0072,76.0999,22.7,76.39,3.84,4.859
20240614,Hassan,13.0072,76.0999,23.39,75.84,2.98,5.2159
20240615,Hassan,13.0072,76.0999,23.72,81.26,2.86,6.4632
20240616,Hassan,13.0072,76.0999,24.0,76.9,3.14,5.8181
20240617,Hassan,13.0072,76.0999,23.58,77.07,2.65,5.9489
20240618,Hassan,13.0072,76.0999,23.51,77.43,3.04,5.6837
20240619,Hassan,13.0072,76.0999,23.29,79.44,3.32,5.2351
20240620,Hassan,13.0072,76.0999,23.56,80.17,3.69,5.256
20240621,Hassan,13.0072,76.0999,22.74,80.76,3.87,4.903
20240622,Hassan,13.0072,76.0999,22.58,80.93,3.33,5.1636
20240623,Hassan,13.0072,76.0999,22.18,83.83,3.82,4.9337
20240624,Hassan,13.0072,76.0999,22.54,81.57,4.51,4.6138
20240625,Hassan,13.0072,76.0999,22.06,80.57,5.27,4.7671
20240626,Hassan,13.0072,76.0999,21.68,79.57,5.64,4.3126
20240627,Hassan,13.0072,76.0999,20.94,82.07,5.44,4.2967
20240628,Hassan,13.0072,76.0999,22.12,78.69,4.1,5.1041
20240629,Hassan,13.0072,76.0999,23.05,82.51,3.61,4.818
20240630,Hassan,13.0072,76.0999,22.49,82.23,3.46,3.755
20240701,Hassan,13.0072,76.0999,21.65,84.92,3.83,4.055
20240702,Hassan,13.0072,76.0999,22.98,78.58,3.86,5.1079
20240703,Hassan,13.0072,76.0999,23.41,84.6,3.8,4.259
20240704,Hassan,13.0072,76.0999,23.22,80.66,3.86,4.043
20240705,Hassan,13.0072,76.0999,21.91,82.89,3.64,4.0128
20240706,Hassan,13.0072,76.0999,22.85,84.85,4.33,3.2383
20240707,Hassan,13.0072,76.0999,22.39,82.07,3.92,3.6634
20240708,Hassan,13.0072,76.0999,22.4,81.64,3.71,3.6024
20240709,Hassan,13.0072,76.0999,22.51,84.08,3.27,4.3867
20240710,Hassan,13.0072,76.0999,22.66,81.91,3.19,5.4341
20240711,Hassan,13.0072,76.0999,22.67,79.62,3.4,4.8406
20240712,Hassan,13.0072,76.0999,21.89,82.24,3.6,4.8005
20240713,Hassan,13.0072,76.0999,22.01,83.04,4.71,4.3606
20240714,Hassan,13.0072,76.0999,22.53,84.44,5.02,3.3442
20240715,Hassan,13.0072,76.0999,23.32,85.79,5.77,2.9066
20240716,Hassan,13.0072,76.0999,22.88,85.91,5.58,3.132
20240717,Hassan,13.0072,76.0999,22.76,85.75,5.34,3.3382
20240718,Hassan,13.0072,76.0999,22.17,87.98,5.49,2.7833
20240719,Hassan,13.0072,76.0999,22.62,87.16,5.56,2.3868
20240720,Hassan,13.0072,76.0999,22.55,85.74,5.15,3.2765
20240721,Hassan,13.0072,76.0999,22.79,84.14,5.43,3.385
20240722,Hassan,13.0072,76.0999,22.41,82.48,5.37,3.959
20240723,Hassan,13.0072,76.0999,22.14,83.3,5.36,3.5299
20240724,Hassan,13.0072,76.0999,21.9,84.84,5.45,3.8374
20240725,Hassan,13.0072,76.0999,22.48,83.91,6.2,2.9873
20240726,Hassan,13.0072,76.0999,22.63,84.04,5.74,3.0998
20240727,Hassan,13.0072,76.0999,22.53,82.77,5.4,4.175
20240728,Hassan,13.0072,76.0999,23.01,82.87,5.24,3.8333
20240729,Hassan,13.0072,76.0999,23.68,83.35,4.9,5.0016
20240730,Hassan,13.0072,76.0999,22.78,87.99,3.62,3.2938
20240731,Hassan,13.0072,76.0999,23.11,86.34,3.58,4.3646
20240801,Hassan,13.0072,76.0999,22.88,87.07,4.05,3.87
20240802,Hassan,13.0072,76.0999,22.42,84.9,4.24,3.2054
20240803,Hassan,13.0072,76.0999,21.39,87.69,3.68,3.5851
20240804,Hassan,13.0072,76.0999,21.63,87.43,3.24,4.5463
20240805,Hassan,13.0072,76.0999,22.66,85.33,2.49,4.9841
20240806,Hassan,13.0072,76.0999,22.67,86.4,2.67,3.7025
20240807,Hassan,13.0072,76.0999,22.28,88.16,2.37,2.9784
20240808,Hassan,13.0072,76.0999,22.74,84.96,2.35,3.5093
20240809,Hassan,13.0072,76.0999,23.34,85.34,2.14,5.3731
20240810,Hassan,13.0072,76.0999,23.19,85.47,2.26,4.5005
20240811,Hassan,13.0072,76.0999,22.81,88.48,1.93,5.8658
20240812,Hassan,13.0072,76.0999,22.94,89.15,1.86,5.185
20240813,Hassan,13.0072,76.0999,24.8,81.9,1.45,5.1432
20240814,Hassan,13.0072,76.0999,24.88,82.43,1.14,5.8493
20240815,Hassan,13.0072,76.0999,25.37,79.36,1.58,5.5709
20240816,Hassan,13.0072,76.0999,25.07,83.6,0.88,4.2888
20240817,Hassan,13.0072,76.0999,23.82,89.0,2.0,5.4502
20240818,Hassan,13.0072,76.0999,24.46,81.76,1.44,5.8594
20240819,Hassan,13.0072,76.0999,24.4,83.5,1.82,4.7995
20240820,Hassan,13.0072,76.0999,24.06,83.94,1.69,5.7799
20240821,Hassan,13.0072,76.0999,23.19,86.83,2.34,5.418
20240822,Hassan,13.0072,76.0999,22.94,87.49,2.91,5.4298
20240823,Hassan,13.0072,76.0999,23.13,85.73,2.85,5.6126
20240824,Hassan,13.0072,76.0999,21.97,86.91,3.51,4.4112
20240825,Hassan,13.0072,76.0999,22.2,88.58,3.67,4.0183
20240826,Hassan,13.0072,76.0999,22.79,85.6,4.13,5.5046
20240827,Hassan,13.0072,76.0999,22.38,87.65,3.07,5.2166
20240828,Hassan,13.0072,76.0999,22.0,87.13,3.23,4.2127
20240829,Hassan,13.0072,76.0999,22.92,86.14,3.57,3.8942
20240830,Hassan,13.0072,76.0999,22.34,90.62,2.78,3.9485
20240831,Hassan,13.0072,76.0999,22.36,88.02,3.35,3.1454
20240901,Hassan,13.0072,76.0999,22.03,85.49,3.99,3.9115
20240902,Hassan,13.0072,76.0999,22.12,84.34,3.56,5.1842
20240903,Hassan,13.0072,76.0999,22.92,85.86,3.22,5.089
20240904,Hassan,13.0072,76.0999,22.45,88.09,3.17,4.4525
20240905,Hassan,13.0072,76.0999,23.04,86.83,3.07,5.3719
20240906,Hassan,13.0072,76.0999,22.95,86.39,2.97,4.3399
20240907,Hassan,13.0072,76.0999,22.34,89.28,2.69,4.6423
20240908,Hassan,13.0072,76.0999,22.78,86.42,2.99,4.2595
20240909,Hassan,13.0072,76.0999,22.88,87.55,3.44,4.8389
20240910,Hassan,13.0072,76.0999,23.13,85.93,3.7,4.5902
20240911,Hassan,13.0072,76.0999,22.74,85.38,3.29,5.1617
20240912,Hassan,13.0072,76.0999,22.32,86.24,2.76,4.9337
20240913,Hassan,13.0072,76.0999,22.57,84.34,2.45,5.7845
20240914,Hassan,13.0072,76.0999,22.65,83.6,2.39,5.4754
20240915,Hassan,13.0072,76.0999,22.63,83.9,2.61,4.9238
20240916,Hassan,13.0072,76.0999,22.39,83.91,2.64,5.2426
20240917,Hassan,13.0072,76.0999,22.77,83.53,2.68,5.4847
20240918,Hassan,13.0072,76.0999,22.12,80.94,2.25,6.7133
20240919,Hassan,13.0072,76.0999,22.7,80.86,2.05,5.5824
20240920,Hassan,13.0072,76.0999,23.09,81.27,1.83,5.8438
20240921,Hassan,13.0072,76.0999,23.31,83.78,2.3,5.5807
20240922,Hassan,13.0072,76.0999,22.47,84.89,2.29,4.4251
20240923,Hassan,13.0072,76.0999,22.76,84.57,2.5,4.4412
20240924,Hassan,13.0072,76.0999,22.79,87.87,3.03,4.1462
20240925,Hassan,13.0072,76.0999,22.5,87.48,3.03,3.5664
20240926,Hassan,13.0072,76.0999,22.32,84.63,3.08,4.3656
20240927,Hassan,13.0072,76.0999,22.59,85.62,2.02,4.4551
20240928,Hassan,13.0072,76.0999,23.53,82.54,1.22,4.9164
20240929,Hassan,13.0072,76.0999,23.82,86.06,1.38,3.7037
20240930,Hassan,13.0072,76.0999,24.44,80.19,1.04,5.9899
20241001,Hassan,13.0072,76.0999,24.87,79.31,1.01,6.0785
20241002,Hassan,13.0072,76.0999,24.89,82.81,0.98,5.9246
20241003,Hassan,13.0072,76.0999,24.02,87.63,1.26,4.4599
20241004,Hassan,13.0072,76.0999,23.69,87.04,1.09,4.7755
20241005,Hassan,13.0072,76.0999,23.29,86.06,1.69,4.3918
20241006,Hassan,13.0072,76.0999,22.43,89.6,1.31,3.9034
20241007,Hassan,13.0072,76.0999,22.6,81.61,1.77,5.1706
20241008,Hassan,13.0072,76.0999,23.1,86.68,2.07,4.8127
20241009,Hassan,13.0072,76.0999,23.08,89.15,2.12,5.0052
20241010,Hassan,13.0072,76.0999,23.47,85.71,1.78,4.3646
20241011,Hassan,13.0072,76.0999,23.33,87.34,1.86,4.4333
20241012,Hassan,13.0072,76.0999,23.12,87.63,1.57,4.4666
20241013,Hassan,13.0072,76.0999,23.49,85.51,1.67,4.968
20241014,Hassan,13.0072,76.0999,22.56,87.54,1.28,2.6532
20241015,Hassan,13.0072,76.0999,22.26,89.62,1.31,1.6927
20241016,Hassan,13.0072,76.0999,21.99,91.52,0.86,2.4538
20241017,Hassan,13.0072,76.0999,22.45,89.22,1.33,4.0284
20241018,Hassan,13.0072,76.0999,21.34,89.27,1.68,3.6852
20241019,Hassan,13.0072,76.0999,22.57,89.49,1.17,3.019
20241020,Hassan,13.0072,76.0999,23.16,84.4,1.37,4.2206
20241021,Hassan,13.0072,76.0999,23.06,85.85,1.0,4.5514
20241022,Hassan,13.0072,76.0999,23.39,82.41,0.78,5.0249
20241023,Hassan,13.0072,76.0999,22.78,83.59,1.02,5.2584
20241024,Hassan,13.0072,76.0999,22.87,83.88,0.74,4.8492
20241025,Hassan,13.0072,76.0999,22.48,83.42,0.79,5.0268
20241026,Hassan,13.0072,76.0999,22.33,83.44,1.39,5.1734
20241027,Hassan,13.0072,76.0999,22.6,84.79,0.93,4.6524
20241028,Hassan,13.0072,76.0999,22.86,84.01,0.96,4.86
20241029,Hassan,13.0072,76.0999,22.88,84.07,1.07,5.0971
20241030,Hassan,13.0072,76.0999,23.41,84.38,0.69,4.1014
20241031,Hassan,13.0072,76.0999,23.14,88.08,1.43,4.4568
20241101,Hassan,13.0072,76.0999,23.37,86.6,1.15,4.7527
20241102,Hassan,13.0072,76.0999,23.03,84.44,1.81,5.61
20241103,Hassan,13.0072,76.0999,22.92,83.78,1.46,5.3731
20241104,Hassan,13.0072,76.0999,22.75,85.89,1.79,4.5012
20241105,Hassan,13.0072,76.0999,22.17,81.91,1.41,5.1437
20241106,Hassan,13.0072,76.0999,21.65,81.54,1.37,5.6366
20241107,Hassan,13.0072,76.0999,22.33,84.43,1.5,4.5989
20241108,Hassan,13.0072,76.0999,22.7,82.72,1.78,5.5651
20241109,Hassan,13.0072,76.0999,21.81,82.44,1.83,5.2018
20241110,Hassan,13.0072,76.0999,21.52,80.99,1.48,5.5786
20241111,Hassan,13.0072,76.0999,20.81,79.91,1.53,4.9142
20241112,Hassan,13.0072,76.0999,20.95,81.18,1.72,3.119
20241113,Hassan,13.0072,76.0999,22.49,84.86,2.18,3.8093
20241114,Hassan,13.0072,76.0999,22.8,84.67,2.1,3.2131
20241115,Hassan,13.0072,76.0999,22.56,87.37,1.74,3.3494
20241116,Hassan,13.0072,76.0999,22.63,85.28,1.99,3.6194
20241117,Hassan,13.0072,76.0999,22.68,84.08,1.94,3.3478
20241118,Hassan,13.0072,76.0999,22.45,83.01,1.98,3.6998
20241119,Hassan,13.0072,76.0999,22.24,82.68,1.79,3.8311
20241120,Hassan,13.0072,76.0999,21.76,81.97,1.48,4.1534
20241121,Hassan,13.0072,76.0999,21.36,78.56,1.13,3.8748
20241122,Hassan,13.0072,76.0999,20.98,78.99,1.28,5.0191
20241123,Hassan,13.0072,76.0999,21.07,78.9,1.24,4.9222
20241124,Hassan,13.0072,76.0999,21.0,78.6,1.35,4.8984
20241125,Hassan,13.0072,76.0999,20.72,77.7,1.81,3.9418
20241126,Hassan,13.0072,76.0999,21.22,83.32,1.78,3.4634
20241127,Hassan,13.0072,76.0999,22.17,78.42,2.4,3.5357
20241128,Hassan,13.0072,76.0999,20.89,75.75,2.0,5.1079
20241129,Hassan,13.0072,76.0999,20.61,82.16,2.25,4.3992
20241130,Hassan,13.0072,76.0999,22.35,84.18,2.62,2.3556
20241201,Hassan,13.0072,76.0999,21.7,90.36,2.48,1.6762
20241202,Hassan,13.0072,76.0999,21.23,94.18,2.15,1.008
20241203,Hassan,13.0072,76.0999,21.49,94.78,2.22,3.0538
20241204,Hassan,13.0072,76.0999,22.33,84.2,2.0,4.6723
20241205,Hassan,13.0072,76.0999,22.54,87.32,1.63,3.4466
20241206,Hassan,13.0072,76.0999,22.51,81.48,1.09,5.1564
20241207,Hassan,13.0072,76.0999,22.31,83.84,0.93,4.8348
20241208,Hassan,13.0072,76.0999,22.52,84.24,1.25,4.6769
20241209,Hassan,13.0072,76.0999,22.29,84.67,0.96,3.6823
20241210,Hassan,13.0072,76.0999,22.43,82.7,1.16,4.4635
20241211,Hassan,13.0072,76.0999,22.09,82.62,1.83,4.1767
20241212,Hassan,13.0072,76.0999,20.95,90.49,2.06,1.3632
20241213,Hassan,13.0072,76.0999,20.79,88.43,2.36,2.3006
20241214,Hassan,13.0072,76.0999,21.2,82.8,2.15,4.6459
20241215,Hassan,13.0072,76.0999,19.04,78.38,1.78,5.2253
20241216,Hassan,13.0072,76.0999,18.05,73.23,1.49,5.2747
20241217,Hassan,13.0072,76.0999,20.1,71.66,0.77,5.6362
20241218,Hassan,13.0072,76.0999,20.78,81.5,1.33,4.4566
20241219,Hassan,13.0072,76.0999,22.82,83.52,1.25,4.1882
20241220,Hassan,13.0072,76.0999,23.06,82.2,1.24,4.2391
20241221,Hassan,13.0072,76.0999,23.13,81.53,1.03,4.0382
20241222,Hassan,13.0072,76.0999,22.77,79.2,0.91,4.0181
20241223,Hassan,13.0072,76.0999,22.33,80.22,0.76,3.9098
20241224,Hassan,13.0072,76.0999,22.47,76.96,1.24,4.2962
20241225,Hassan,13.0072,76.0999,21.64,77.35,1.05,3.5189
20241226,Hassan,13.0072,76.0999,22.36,81.71,1.88,2.1091
20241227,Hassan,13.0072,76.0999,22.44,80.9,2.91,3.3962
20241228,Hassan,13.0072,76.0999,21.49,73.55,2.37,5.2382
20241229,Hassan,13.0072,76.0999,21.12,73.7,1.92,5.7648
20241230,Hassan,13.0072,76.0999,21.5,73.32,2.28,5.2135
20241231,Hassan,13.0072,76.0999,21.32,71.1,2.33,5.7679
20250101,Hassan,13.0072,76.0999,19.95,71.72,2.24,5.3914
20250102,Hassan,13.0072,76.0999,20.03,71.95,2.18,4.9723
20250103,Hassan,13.0072,76.0999,19.56,73.86,2.13,5.5356
20250104,Hassan,13.0072,76.0999,18.92,67.36,1.61,5.7161
20250105,Hassan,13.0072,76.0999,19.19,68.76,1.52,5.5613
20250106,Hassan,13.0072,76.0999,19.58,66.81,1.06,5.6731
20250107,Hassan,13.0072,76.0999,19.37,68.92,1.35,5.6657
20250108,Hassan,13.0072,76.0999,19.14,68.93,1.71,5.4127
20250109,Hassan,13.0072,76.0999,19.28,67.49,1.87,5.2822
20250110,Hassan,13.0072,76.0999,21.01,74.0,1.68,4.7851
20250111,Hassan,13.0072,76.0999,22.46,74.24,1.66,3.0024
20250112,Hassan,13.0072,76.0999,22.5,70.06,1.61,5.3282
20250113,Hassan,13.0072,76.0999,23.04,75.8,1.71,5.1391
20250114,Hassan,13.0072,76.0999,22.79,74.66,2.55,3.1968
20250115,Hassan,13.0072,76.0999,21.12,65.82,2.42,4.049
20250116,Hassan,13.0072,76.0999,21.13,68.14,2.41,5.3914
20250117,Hassan,13.0072,76.0999,21.32,70.79,2.37,5.017
20250118,Hassan,13.0072,76.0999,21.31,68.57,2.38,5.1259
20250119,Hassan,13.0072,76.0999,21.11,81.64,2.09,2.4641
20250120,Hassan,13.0072,76.0999,21.79,65.58,2.01,5.5802
20250121,Hassan,13.0072,76.0999,20.54,63.35,1.65,5.915
20250122,Hassan,13.0072,76.0999,21.55,64.87,1.6,6.0142
20250123,Hassan,13.0072,76.0999,21.93,66.94,1.97,5.7382
20250124,Hassan,13.0072,76.0999,20.92,61.21,1.85,6.2191
20250125,Hassan,13.0072,76.0999,20.58,57.91,1.9,6.1927
20250126,Hassan,13.0072,76.0999,19.84,53.65,2.23,6.4548
20250127,Hassan,13.0072,76.0999,20.44,58.08,1.87,6.3463
20250128,Hassan,13.0072,76.0999,21.09,58.59,1.27,5.5493
20250129,Hassan,13.0072,76.0999,21.33,54.3,1.86,6.2311
20250130,Hassan,13.0072,76.0999,21.96,52.46,0.96,6.1637
20250131,Hassan,13.0072,76.0999,23.25,56.79,1.18,6.2786
20250201,Hassan,13.0072,76.0999,23.89,60.92,1.49,6.1404
20250202,Hassan,13.0072,76.0999,23.41,53.1,1.77,6.3523
20250203,Hassan,13.0072,76.0999,22.54,48.51,1.62,6.7087
20250204,Hassan,13.0072,76.0999,22.85,42.15,1.71,6.5882
20250205,Hassan,13.0072,76.0999,22.78,43.93,2.11,6.3218
20250206,Hassan,13.0072,76.0999,22.65,47.68,2.19,6.4404
20250207,Hassan,13.0072,76.0999,22.69,47.83,2.13,6.48
20250208,Hassan,13.0072,76.0999,23.0,49.15,2.15,6.0288
20250209,Hassan,13.0072,76.0999,23.42,52.18,2.31,5.7938
20250210,Hassan,13.0072,76.0999,22.9,51.48,2.04,6.0346
20250211,Hassan,13.0072,76.0999,22.76,46.64,1.73,6.7416
20250212,Hassan,13.0072,76.0999,23.3,41.86,2.0,6.6638
20250213,Hassan,13.0072,76.0999,23.79,39.87,1.94,6.558
20250214,Hassan,13.0072,76.0999,24.01,35.79,1.32,6.4018
20250215,Hassan,13.0072,76.0999,24.07,37.71,1.97,6.4229
20250216,Hassan,13.0072,76.0999,23.78,42.5,2.11,6.7582
20250217,Hassan,13.0072,76.0999,24.0,47.08,2.01,6.7514
20250218,Hassan,13.0072,76.0999,24.47,43.92,1.78,6.7078
20250219,Hassan,13.0072,76.0999,24.99,39.28,1.32,6.5652
20250220,Hassan,13.0072,76.0999,25.94,43.02,1.56,6.2218
20250221,Hassan,13.0072,76.0999,25.85,43.34,1.97,6.204
20250222,Hassan,13.0072,76.0999,25.47,45.85,2.43,6.432
20250223,Hassan,13.0072,76.0999,24.85,38.01,2.59,6.1994
20250224,Hassan,13.0072,76.0999,24.38,38.15,2.72,7.0102
20250225,Hassan,13.0072,76.0999,23.95,41.87,2.49,6.702
20250226,Hassan,13.0072,76.0999,25.1,45.44,2.83,6.828
20250227,Hassan,13.0072,76.0999,24.59,40.94,2.34,6.4951
20250228,Hassan,13.0072,76.0999,24.83,39.4,2.25,6.2611
20250301,Hassan,13.0072,76.0999,26.17,44.89,1.96,6.5136
20250302,Hassan,13.0072,76.0999,26.52,45.44,2.28,6.9941
20250303,Hassan,13.0072,76.0999,26.86,39.88,2.15,6.2482
20250304,Hassan,13.0072,76.0999,26.33,35.02,2.71,5.7509
20250305,Hassan,13.0072,76.0999,26.29,35.28,2.06,5.3249
20250306,Hassan,13.0072,76.0999,26.58,32.04,1.64,6.955
20250307,Hassan,13.0072,76.0999,25.43,25.02,1.41,7.4119
20250308,Hassan,13.0072,76.0999,25.82,27.35,1.61,7.1988
20250309,Hassan,13.0072,76.0999,26.08,32.92,2.17,6.9677
20250310,Hassan,13.0072,76.0999,25.69,35.12,2.7,7.0966
20250311,Hassan,13.0072,76.0999,25.87,47.83,3.19,7.1628
20250312,Hassan,13.0072,76.0999,26.96,59.86,2.46,6.7116
20250313,Hassan,13.0072,76.0999,27.58,49.13,1.42,6.7382
20250314,Hassan,13.0072,76.0999,27.43,45.7,1.64,7.0171
20250315,Hassan,13.0072,76.0999,26.85,37.33,2.1,7.3241
20250316,Hassan,13.0072,76.0999,26.58,39.44,1.53,7.627
20250317,Hassan,13.0072,76.0999,25.39,62.66,1.65,6.8381
20250318,Hassan,13.0072,76.0999,27.66,53.91,1.24,7.1429
20250319,Hassan,13.0072,76.0999,27.9,53.57,1.59,6.4781
20250320,Hassan,13.0072,76.0999,27.91,49.13,1.76,7.1234
20250321,Hassan,13.0072,76.0999,28.32,51.4,0.91,6.5897
20250322,Hassan,13.0072,76.0999,28.23,51.79,1.44,6.0917
20250323,Hassan,13.0072,76.0999,27.05,56.55,0.97,5.9153
20250324,Hassan,13.0072,76.0999,27.84,53.59,1.11,6.3182
20250325,Hassan,13.0072,76.0999,28.43,45.76,1.22,6.1932
20250326,Hassan,13.0072,76.0999,27.73,50.74,1.22,6.2482
20250327,Hassan,13.0072,76.0999,27.79,52.13,1.78,6.2717
20250328,Hassan,13.0072,76.0999,28.41,44.82,1.29,6.2894
20250329,Hassan,13.0072,76.0999,28.09,39.5,1.71,6.3024
20250330,Hassan,13.0072,76.0999,27.46,35.59,1.91,6.5287
20250331,Hassan,13.0072,76.0999,28.47,43.52,2.13,6.2215
20250401,Hassan,13.0072,76.0999,27.03,40.02,1.7,6.917
20250402,Hassan,13.0072,76.0999,25.49,54.84,1.7,4.5079
20250403,Hassan,13.0072,76.0999,25.57,67.55,0.86,4.9397
20250404,Hassan,13.0072,76.0999,26.31,65.8,1.71,6.6758
20250405,Hassan,13.0072,76.0999,25.95,66.0,1.21,5.885
20250406,Hassan,13.0072,76.0999,26.41,61.86,1.6,6.2729
20250407,Hassan,13.0072,76.0999,27.58,50.84,1.88,7.1974
20250408,Hassan,13.0072,76.0999,27.98,46.25,2.07,6.9629
20250409,Hassan,13.0072,76.0999,27.7,45.4,1.57,6.6898
20250410,Hassan,13.0072,76.0999,26.64,59.18,2.08,6.5158
20250411,Hassan,13.0072,76.0999,27.08,59.62,2.29,5.9626
20250412,Hassan,13.0072,76.0999,26.83,60.61,1.91,6.5417
20250413,Hassan,13.0072,76.0999,27.28,59.41,1.64,6.779
20250414,Hassan,13.0072,76.0999,27.57,55.08,1.26,6.395
20250415,Hassan,13.0072,76.0999,28.06,55.65,1.02,6.696
20250416,Hassan,13.0072,76.0999,26.98,64.01,1.36,6.51
20250417,Hassan,13.0072,76.0999,27.48,62.32,1.31,6.3648
20250418,Hassan,13.0072,76.0999,27.52,63.09,1.48,6.0583
20250419,Hassan,13.0072,76.0999,27.19,64.57,2.0,6.7001
20250420,Hassan,13.0072,76.0999,27.31,65.85,1.6,5.8469
20250421,Hassan,13.0072,76.0999,28.78,54.85,1.86,6.7802
20250422,Hassan,13.0072,76.0999,29.08,45.67,1.55,7.2866
20250423,Hassan,13.0072,76.0999,29.04,48.04,1.48,7.1498
20250424,Hassan,13.0072,76.0999,29.41,50.5,1.86,7.1878
20250425,Hassan,13.0072,76.0999,29.65,51.69,1.26,6.4404
20250426,Hassan,13.0072,76.0999,28.59,56.32,1.34,6.7675
20250427,Hassan,13.0072,76.0999,27.15,66.23,0.78,6.1898
20250428,Hassan,13.0072,76.0999,26.19,67.03,1.07,6.5909
20250429,Hassan,13.0072,76.0999,28.16,56.14,1.05,6.6802
20250430,Hassan,13.0072,76.0999,27.2,65.75,1.42,6.6857
20250501,Hassan,13.0072,76.0999,26.78,70.64,1.03,5.9074
20250502,Hassan,13.0072,76.0999,26.9,68.26,1.35,5.8666
20250503,Hassan,13.0072,76.0999,24.89,77.85,1.12,5.9227
20250504,Hassan,13.0072,76.0999,25.53,67.1,1.96,7.4153
20250505,Hassan,13.0072,76.0999,26.21,66.12,1.43,6.9319
20250506,Hassan,13.0072,76.0999,26.53,65.72,1.79,7.3303
20250507,Hassan,13.0072,76.0999,26.35,63.99,2.1,6.941
20250508,Hassan,13.0072,76.0999,25.77,66.66,1.79,6.8465
20250509,Hassan,13.0072,76.0999,26.02,64.06,1.08,7.2965
20250510,Hassan,13.0072,76.0999,24.82,68.15,1.08,6.3379
20250511,Hassan,13.0072,76.0999,25.89,70.04,1.71,5.9246
20250512,Hassan,13.0072,76.0999,25.83,71.85,1.18,5.7835
20250513,Hassan,13.0072,76.0999,25.48,77.53,1.13,6.1632
20250514,Hassan,13.0072,76.0999,25.35,75.67,1.3,6.4099
20250515,Hassan,13.0072,76.0999,23.23,87.36,1.56,5.7029
20250516,Hassan,13.0072,76.0999,23.52,91.32,0.94,5.6712
20250517,Hassan,13.0072,76.0999,25.0,79.89,1.29,4.2156
20250518,Hassan,13.0072,76.0999,24.1,86.72,1.66,4.7966
20250519,Hassan,13.0072,76.0999,23.59,88.06,2.38,3.4774
20250520,Hassan,13.0072,76.0999,23.8,86.98,4.33,3.6259
20250521,Hassan,13.0072,76.0999,23.3,84.52,5.22,3.8722
20250522,Hassan,13.0072,76.0999,23.41,82.08,4.01,4.8605
20250523,Hassan,13.0072,76.0999,24.39,81.93,4.12,5.1588
20250524,Hassan,13.0072,76.0999,24.03,82.31,5.57,4.055
20250525,Hassan,13.0072,76.0999,23.93,82.55,5.33,3.257
20250526,Hassan,13.0072,76.0999,22.91,84.49,5.23,3.3468
20250527,Hassan,13.0072,76.0999,23.34,81.31,4.98,3.6967
20250528,Hassan,13.0072,76.0999,23.18,81.99,4.55,3.5978
20250529,Hassan,13.0072,76.0999,22.4,83.33,4.45,4.6848
20250530,Hassan,13.0072,76.0999,22.74,84.72,4.61,3.6818
20250531,Hassan,13.0072,76.0999,22.75,83.41,3.91,6.0754
20250601,Hassan,13.0072,76.0999,22.78,81.24,3.04,6.109
20250602,Hassan,13.0072,76.0999,23.33,82.93,2.94,5.232
20250603,Hassan,13.0072,76.0999,23.44,80.01,3.19,5.0311
20250604,Hassan,13.0072,76.0999,22.82,80.17,2.7,5.9254
20250605,Hassan,13.0072,76.0999,23.07,74.81,2.22,6.3187
20250606,Hassan,13.0072,76.0999,24.13,77.07,1.75,6.689
20250607,Hassan,13.0072,76.0999,24.55,76.59,2.35,6.2594
20250608,Hassan,13.0072,76.0999,24.47,80.07,2.52,6.2837
20250609,Hassan,13.0072,76.0999,24.35,79.42,3.08,5.0064
20250610,Hassan,13.0072,76.0999,23.87,84.2,3.11,5.743
20250611,Hassan,13.0072,76.0999,23.83,85.97,3.27,4.0546
20250612,Hassan,13.0072,76.0999,22.87,87.62,3.51,3.2928
20250613,Hassan,13.0072,76.0999,23.27,89.49,3.3,3.7512
20250614,Hassan,13.0072,76.0999,23.08,84.62,4.69,3.8448
20250615,Hassan,13.0072,76.0999,21.98,85.01,6.08,3.8131
20250616,Hassan,13.0072,76.0999,21.72,82.56,5.75,4.3915
20250617,Hassan,13.0072,76.0999,23.35,82.49,4.07,3.559
20250618,Hassan,13.0072,76.0999,23.41,84.31,3.96,4.8818
20250619,Hassan,13.0072,76.0999,23.4,84.58,3.43,5.7708
20250620,Hassan,13.0072,76.0999,23.61,82.86,3.4,5.58
20250621,Hassan,13.0072,76.0999,23.61,82.39,3.81,5.5135
20250622,Hassan,13.0072,76.0999,23.48,83.27,4.14,4.3692
20250623,Hassan,13.0072,76.0999,22.98,81.36,4.77,4.7506
20250624,Hassan,13.0072,76.0999,21.55,82.13,4.61,3.8738
20250625,Hassan,13.0072,76.0999,22.76,81.83,4.66,3.8839
20250626,Hassan,13.0072,76.0999,22.81,81.48,4.64,3.8143
20250627,Hassan,13.0072,76.0999,22.69,85.05,4.32,4.4842
20250628,Hassan,13.0072,76.0999,23.49,82.09,3.67,4.8233
20250629,Hassan,13.0072,76.0999,23.25,82.01,3.71,5.315
20250630,Hassan,13.0072,76.0999,23.28,81.77,3.91,5.0822
20250701,Hassan,13.0072,76.0999,23.21,82.93,3.69,3.4858
20250702,Hassan,13.0072,76.0999,22.94,82.07,4.18,3.4836
20250703,Hassan,13.0072,76.0999,22.41,81.13,4.44,3.9226
20250704,Hassan,13.0072,76.0999,22.39,82.03,4.45,4.1232
20250705,Hassan,13.0072,76.0999,22.85,82.9,4.78,3.6504
20250706,Hassan,13.0072,76.0999,23.44,81.24,5.09,3.8926
20250707,Hassan,13.0072,76.0999,23.02,82.85,4.91,4.3334
20250708,Hassan,13.0072,76.0999,23.27,81.88,4.25,4.9877
20250709,Hassan,13.0072,76.0999,23.49,80.65,4.1,3.8875
20250710,Hassan,13.0072,76.0999,23.53,81.67,3.44,4.6308
20250711,Hassan,13.0072,76.0999,23.73,83.14,3.22,4.231
20250712,Hassan,13.0072,76.0999,23.81,80.61,3.41,4.3642
20250713,Hassan,13.0072,76.0999,23.44,82.32,3.92,4.4628
20250714,Hassan,13.0072,76.0999,22.9,83.03,4.14,4.5425
20250715,Hassan,13.0072,76.0999,23.36,81.6,4.31,4.1678
20250716,Hassan,13.0072,76.0999,23.25,84.56,3.65,3.7822
20250717,Hassan,13.0072,76.0999,23.07,84.98,3.53,4.9085
20250718,Hassan,13.0072,76.0999,22.88,85.68,3.06,3.8861
20250719,Hassan,13.0072,76.0999,22.86,85.52,3.32,2.7814
20250720,Hassan,13.0072,76.0999,22.52,83.87,4.18,4.5466
20250721,Hassan,13.0072,76.0999,21.16,83.14,3.63,3.4608
20250722,Hassan,13.0072,76.0999,21.6,81.26,3.59,3.5844
20250723,Hassan,13.0072,76.0999,22.66,82.29,4.63,3.4778
20250724,Hassan,13.0072,76.0999,22.31,83.21,5.07,3.3326
20250725,Hassan,13.0072,76.0999,22.27,81.19,5.74,3.1049
20250726,Hassan,13.0072,76.0999,22.35,82.81,5.71,3.4608
20250727,Hassan,13.0072,76.0999,22.17,81.04,5.3,3.4171
20250728,Hassan,13.0072,76.0999,22.04,81.7,4.82,3.6528
20250729,Hassan,13.0072,76.0999,22.5,79.86,5.29,3.5712
20250730,Hassan,13.0072,76.0999,23.15,79.66,4.74,3.7541
20250731,Hassan,13.0072,76.0999,23.63,79.7,3.82,3.7726
20250801,Hassan,13.0072,76.0999,23.56,80.09,3.18,4.0356
20250802,Hassan,13.0072,76.0999,23.64,80.67,3.27,4.9788
20250803,Hassan,13.0072,76.0999,22.93,85.36,2.39,4.6694
20250804,Hassan,13.0072,76.0999,22.48,89.8,1.85,4.7117
20250805,Hassan,13.0072,76.0999,23.26,87.74,1.26,4.8286
20250806,Hassan,13.0072,76.0999,22.55,91.37,1.82,4.7088
20250807,Hassan,13.0072,76.0999,22.88,87.01,2.68,4.7822
20250808,Hassan,13.0072,76.0999,22.91,85.58,1.7,4.1251
20250809,Hassan,13.0072,76.0999,22.8,84.7,1.76,4.7098
20250810,Hassan,13.0072,76.0999,22.04,85.7,2.23,4.0776
20250811,Hassan,13.0072,76.0999,21.05,84.31,2.72,4.2118
20250812,Hassan,13.0072,76.0999,21.07,81.5,3.01,3.965
20250813,Hassan,13.0072,76.0999,21.03,86.04,3.19,2.6741
20250814,Hassan,13.0072,76.0999,21.86,85.5,3.54,3.5652
20250815,Hassan,13.0072,76.0999,21.85,85.04,4.03,4.1424
20250816,Hassan,13.0072,76.0999,22.26,85.25,3.92,4.4345
20250817,Hassan,13.0072,76.0999,22.4,85.19,4.33,3.2426
20250818,Hassan,13.0072,76.0999,21.57,85.47,4.83,2.917
20250819,Hassan,13.0072,76.0999,21.91,82.26,5.29,2.7065
20250820,Hassan,13.0072,76.0999,21.75,82.59,4.04,4.0663
20250821,Hassan,13.0072,76.0999,22.76,83.66,2.53,4.3925
20250822,Hassan,13.0072,76.0999,22.99,83.23,2.21,5.5034
20250823,Hassan,13.0072,76.0999,22.47,84.82,2.09,5.0546
20250824,Hassan,13.0072,76.0999,22.88,79.8,2.66,5.5855
20250825,Hassan,13.0072,76.0999,22.24,82.38,2.49,5.7022
20250826,Hassan,13.0072,76.0999,22.69,80.77,3.21,4.2545
20250827,Hassan,13.0072,76.0999,22.3,84.89,3.35,3.816
20250828,Hassan,13.0072,76.0999,22.09,82.45,3.81,4.3488
20250829,Hassan,13.0072,76.0999,21.74,85.71,3.75,4.7827
20250830,Hassan,13.0072,76.0999,22.59,85.44,3.2,4.6915
20250831,Hassan,13.0072,76.0999,23.01,84.67,3.18,4.0205
20250901,Hassan,13.0072,76.0999,22.63,84.12,3.45,3.7858
20250902,Hassan,13.0072,76.0999,22.54,83.83,3.66,3.8405
20250903,Hassan,13.0072,76.0999,22.62,84.91,3.44,3.8186
20250904,Hassan,13.0072,76.0999,23.07,82.83,3.06,4.6385
20250905,Hassan,13.0072,76.0999,22.81,84.45,2.26,4.8319
20250906,Hassan,13.0072,76.0999,23.03,83.55,2.15,5.1535
20250907,Hassan,13.0072,76.0999,22.84,82.89,2.46,4.4333
20250908,Hassan,13.0072,76.0999,22.74,81.07,2.04,5.485
20250909,Hassan,13.0072,76.0999,23.89,79.59,1.03,5.809
20250910,Hassan,13.0072,76.0999,23.89,79.05,1.83,5.5346
20250911,Hassan,13.0072,76.0999,22.81,83.69,1.49,4.1266
20250912,Hassan,13.0072,76.0999,22.99,81.26,1.92,5.4132
20250913,Hassan,13.0072,76.0999,22.93,84.15,2.2,4.6514
20250914,Hassan,13.0072,76.0999,22.69,83.52,1.74,5.7026
20250915,Hassan,13.0072,76.0999,22.6,85.8,2.18,5.118
20250916,Hassan,13.0072,76.0999,22.88,86.17,1.41,4.3493
20250917,Hassan,13.0072,76.0999,23.03,87.35,1.9,4.285
20250918,Hassan,13.0072,76.0999,22.99,85.92,2.45,4.7268
20250919,Hassan,13.0072,76.0999,21.69,87.11,2.36,4.6426
20250920,Hassan,13.0072,76.0999,22.36,84.25,2.46,4.4527
20250921,Hassan,13.0072,76.0999,23.11,84.04,2.18,4.8811
20250922,Hassan,13.0072,76.0999,22.59,83.62,2.48,5.3002
20250923,Hassan,13.0072,76.0999,22.49,83.53,2.46,4.157
20250924,Hassan,13.0072,76.0999,22.44,82.52,2.62,3.9166
20250925,Hassan,13.0072,76.0999,22.26,82.09,2.76,5.1451
20250926,Hassan,13.0072,76.0999,22.59,81.96,3.11,4.1717
20250927,Hassan,13.0072,76.0999,20.68,86.77,3.2,3.8057
20250928,Hassan,13.0072,76.0999,22.13,83.07,3.48,4.626
20250929,Hassan,13.0072,76.0999,22.47,81.99,3.3,5.2474
20250930,Hassan,13.0072,76.0999,22.35,81.58,2.82,5.4454
20251001,Hassan,13.0072,76.0999,22.56,82.79,2.42,4.9099
20251002,Hassan,13.0072,76.0999,23.22,82.19,2.31,4.3198
20251003,Hassan,13.0072,76.0999,23.26,81.77,1.93,5.7571
20251004,Hassan,13.0072,76.0999,23.31,81.36,1.51,4.3267
20251005,Hassan,13.0072,76.0999,23.53,79.6,1.45,6.1726
20251006,Hassan,13.0072,76.0999,23.42,78.08,1.41,5.4866
20251007,Hassan,13.0072,76.0999,23.93,73.87,0.95,6.1267
20251008,Hassan,13.0072,76.0999,23.9,79.69,1.28,5.137
20251009,Hassan,13.0072,76.0999,23.81,82.78,1.33,5.1466
20251010,Hassan,13.0072,76.0999,23.06,86.9,2.3,3.0022
20251011,Hassan,13.0072,76.0999,23.08,85.03,1.8,4.1554
20251012,Hassan,13.0072,76.0999,22.96,84.14,1.58,6.3317
20251013,Hassan,13.0072,76.0999,22.18,85.43,2.06,5.7442
20251014,Hassan,13.0072,76.0999,23.69,82.76,1.92,4.6226
20251015,Hassan,13.0072,76.0999,23.64,81.59,2.21,4.5163
20251016,Hassan,13.0072,76.0999,23.73,82.82,2.6,3.1786
20251017,Hassan,13.0072,76.0999,23.86,81.51,2.39,4.4854
20251018,Hassan,13.0072,76.0999,23.62,83.84,2.47,4.0572
20251019,Hassan,13.0072,76.0999,23.61,81.88,2.17,4.9546
20251020,Hassan,13.0072,76.0999,23.12,82.79,2.35,4.3747
20251021,Hassan,13.0072,76.0999,22.74,85.46,2.04,3.5338
20251022,Hassan,13.0072,76.0999,21.62,91.68,2.39,2.6306
20251023,Hassan,13.0072,76.0999,22.14,85.26,1.91,3.7399
20251024,Hassan,13.0072,76.0999,21.88,85.96,2.1,3.3276
20251025,Hassan,13.0072,76.0999,22.49,81.34,1.55,5.5795
20251026,Hassan,13.0072,76.0999,23.09,83.97,1.4,4.2715
20251027,Hassan,13.0072,76.0999,22.07,89.8,1.63,3.1663
20251028,Hassan,13.0072,76.0999,21.32,86.88,2.38,2.7799
20251029,Hassan,13.0072,76.0999,21.76,83.86,2.97,5.0486
20251030,Hassan,13.0072,76.0999,22.23,83.01,2.51,5.6357
20251031,Hassan,13.0072,76.0999,22.5,79.91,2.22,5.9062
20251101,Hassan,13.0072,76.0999,22.65,75.88,1.34,6.3598
20251102,Hassan,13.0072,76.0999,23.15,78.36,1.23,4.7647
20251103,Hassan,13.0072,76.0999,23.37,78.9,1.61,4.764
20251104,Hassan,13.0072,76.0999,23.35,74.19,1.63,4.0848
20251105,Hassan,13.0072,76.0999,23.21,79.04,1.57,4.3164
20251106,Hassan,13.0072,76.0999,21.18,76.04,1.34,5.2282
20251107,Hassan,13.0072,76.0999,22.03,80.66,1.88,4.3459
20251108,Hassan,13.0072,76.0999,22.06,75.98,1.63,4.4911
20251109,Hassan,13.0072,76.0999,19.42,66.01,1.68,6.0538
20251110,Hassan,13.0072,76.0999,20.73,73.25,0.81,5.489
20251111,Hassan,13.0072,76.0999,22.26,79.1,1.0,4.745
20251112,Hassan,13.0072,76.0999,23.03,74.42,1.77,4.3949
20251113,Hassan,13.0072,76.0999,23.15,76.77,1.81,4.2994
20251114,Hassan,13.0072,76.0999,22.08,71.53,2.24,4.7851
20251115,Hassan,13.0072,76.0999,20.63,70.94,1.61,5.6098
20251116,Hassan,13.0072,76.0999,21.77,74.19,1.89,4.8442
20251117,Hassan,13.0072,76.0999,21.61,72.92,2.16,5.3772
20251118,Hassan,13.0072,76.0999,20.91,79.19,2.06,4.098
20251119,Hassan,13.0072,76.0999,22.85,77.06,2.08,3.6842
20251120,Hassan,13.0072,76.0999,22.56,70.23,1.67,5.3215
20251121,Hassan,13.0072,76.0999,22.55,79.09,1.97,4.093
20251122,Hassan,13.0072,76.0999,22.61,82.14,2.44,3.0941
20251123,Hassan,13.0072,76.0999,22.87,77.85,2.34,4.4902
20251124,Hassan,13.0072,76.0999,22.93,76.5,2.39,4.5744
20251125,Hassan,13.0072,76.0999,22.08,71.06,2.53,5.1557
20251126,Hassan,13.0072,76.0999,21.21,71.19,2.31,3.881
20251127,Hassan,13.0072,76.0999,20.82,71.23,2.41,4.2775
20251128,Hassan,13.0072,76.0999,19.93,72.6,1.95,4.3282
20251129,Hassan,13.0072,76.0999,19.56,76.8,1.72,4.3522
20251130,Hassan,13.0072,76.0999,21.4,80.14,1.93,3.121
20251201,Hassan,13.0072,76.0999,22.28,75.56,1.65,4.057
20251202,Hassan,13.0072,76.0999,22.89,74.14,1.42,4.7539
20251203,Hassan,13.0072,76.0999,22.97,79.44,2.85,2.2742
20251204,Hassan,13.0072,76.0999,21.57,85.67,2.07,3.7286
20251205,Hassan,13.0072,76.0999,22.32,77.61,2.82,3.0415
20251206,Hassan,13.0072,76.0999,22.18,71.12,2.43,4.3193
20251207,Hassan,13.0072,76.0999,21.88,69.17,1.97,4.7746
20251208,Hassan,13.0072,76.0999,20.88,64.17,1.9,5.2978
20251209,Hassan,13.0072,76.0999,20.13,63.76,1.84,5.4348
20251210,Hassan,13.0072,76.0999,20.18,64.68,2.28,5.5147
20251211,Hassan,13.0072,76.0999,19.66,62.99,2.44,5.3753
20251212,Hassan,13.0072,76.0999,19.43,63.27,1.89,5.5853
20251213,Hassan,13.0072,76.0999,19.09,57.28,1.55,5.7828
20251214,Hassan,13.0072,76.0999,18.58,59.28,1.72,5.617
20251215,Hassan,13.0072,76.0999,18.98,57.93,2.08,5.5243
20251216,Hassan,13.0072,76.0999,20.91,73.49,2.65,3.6118
20251217,Hassan,13.0072,76.0999,22.68,64.88,2.75,5.2368
20251218,Hassan,13.0072,76.0999,19.35,60.57,2.4,4.9471
20251219,Hassan,13.0072,76.0999,19.16,58.52,1.8,5.0642
20251220,Hassan,13.0072,76.0999,19.32,60.58,1.21,5.0014
20251221,Hassan,13.0072,76.0999,19.63,57.49,1.61,4.7054
20251222,Hassan,13.0072,76.0999,19.7,63.91,1.8,4.8955
20251223,Hassan,13.0072,76.0999,20.01,64.7,1.73,5.2514
20251224,Hassan,13.0072,76.0999,19.79,63.89,1.54,5.0136
20251225,Hassan,13.0072,76.0999,19.87,62.19,1.26,5.1799
20251226,Hassan,13.0072,76.0999,20.7,61.0,1.61,5.1804
20251227,Hassan,13.0072,76.0999,20.55,58.58,1.9,5.3129
20251228,Hassan,13.0072,76.0999,20.3,61.9,1.62,5.106
20251229,Hassan,13.0072,76.0999,21.72,63.96,1.35,4.9922
20251230,Hassan,13.0072,76.0999,22.55,66.39,0.95,4.7196
20251231,Hassan,13.0072,76.0999,23.0,66.04,1.31,4.2218
