Date,District,Latitude,Longitude,Temperature,Humidity,WindSpeed,GHI
20200101,Kalaburagi,17.3297,76.8343,24.58,61.04,3.07,3.4006
20200102,Kalaburagi,17.3297,76.8343,24.43,70.15,2.15,3.2143
20200103,Kalaburagi,17.3297,76.8343,23.73,67.38,1.37,4.879
20200104,Kalaburagi,17.3297,76.8343,22.69,64.9,1.81,4.1412
20200105,Kalaburagi,17.3297,76.8343,21.34,66.46,3.31,4.321
20200106,Kalaburagi,17.3297,76.8343,22.48,61.4,3.05,4.3853
20200107,Kalaburagi,17.3297,76.8343,24.47,65.76,2.2,4.2158
20200108,Kalaburagi,17.3297,76.8343,24.98,66.68,2.57,3.0338
20200109,Kalaburagi,17.3297,76.8343,24.55,62.21,1.62,3.6252
20200110,Kalaburagi,17.3297,76.8343,22.7,59.47,3.22,4.039
20200111,Kalaburagi,17.3297,76.8343,21.95,54.96,2.7,4.0613
20200112,Kalaburagi,17.3297,76.8343,21.69,47.86,2.15,5.1931
20200113,Kalaburagi,17.3297,76.8343,22.34,39.08,1.31,5.2219
20200114,Kalaburagi,17.3297,76.8343,22.28,44.25,1.87,4.9577
20200115,Kalaburagi,17.3297,76.8343,22.39,50.59,2.99,5.1233
20200116,Kalaburagi,17.3297,76.8343,22.12,54.65,2.29,4.771
20200117,Kalaburagi,17.3297,76.8343,22.66,51.32,1.58,4.739
20200118,Kalaburagi,17.3297,76.8343,24.1,56.48,1.77,4.6224
20200119,Kalaburagi,17.3297,76.8343,24.69,56.9,1.62,4.681
20200120,Kalaburagi,17.3297,76.8343,25.03,52.37,1.99,4.3474
20200121,Kalaburagi,17.3297,76.8343,24.92,48.97,2.86,5.1494
20200122,Kalaburagi,17.3297,76.8343,24.22,47.7,3.04,5.2375
20200123,Kalaburagi,17.3297,76.8343,24.03,46.81,2.44,5.3242
20200124,Kalaburagi,17.3297,76.8343,24.43,43.92,2.46,5.3141
20200125,Kalaburagi,17.3297,76.8343,24.88,42.34,1.62,5.057
20200126,Kalaburagi,17.3297,76.8343,25.54,38.5,1.78,5.2692
20200127,Kalaburagi,17.3297,76.8343,26.0,38.82,2.35,5.0129
20200128,Kalaburagi,17.3297,76.8343,25.5,45.49,2.21,4.9174
20200129,Kalaburagi,17.3297,76.8343,24.28,46.65,2.64,5.4708
20200130,Kalaburagi,17.3297,76.8343,24.39,40.09,2.33,5.4475
20200131,Kalaburagi,17.3297,76.8343,24.73,40.49,2.37,5.2896
20200201,Kalaburagi,17.3297,76.8343,26.0,45.14,2.72,5.233
20200202,Kalaburagi,17.3297,76.8343,26.32,50.14,2.78,3.9238
20200203,Kalaburagi,17.3297,76.8343,26.17,47.62,2.64,4.7119
20200204,Kalaburagi,17.3297,76.8343,25.94,46.93,2.51,5.4206
20200205,Kalaburagi,17.3297,76.8343,26.87,39.48,1.61,5.1041
20200206,Kalaburagi,17.3297,76.8343,27.11,38.56,2.55,5.0412
20200207,Kalaburagi,17.3297,76.8343,25.92,37.3,2.12,5.1878
20200208,Kalaburagi,17.3297,76.8343,25.42,43.72,2.94,4.4189
20200209,Kalaburagi,17.3297,76.8343,23.41,56.79,4.14,4.0085
20200210,Kalaburagi,17.3297,76.8343,24.91,55.78,3.44,4.3968
20200211,Kalaburagi,17.3297,76.8343,25.23,56.6,3.21,4.4746
20200212,Kalaburagi,17.3297,76.8343,25.58,49.05,2.48,4.2449
20200213,Kalaburagi,17.3297,76.8343,25.12,36.16,2.64,5.8303
20200214,Kalaburagi,17.3297,76.8343,25.45,26.63,1.71,6.2146
20200215,Kalaburagi,17.3297,76.8343,26.53,24.99,1.24,6.1865
20200216,Kalaburagi,17.3297,76.8343,26.27,28.37,2.11,5.8318
20200217,Kalaburagi,17.3297,76.8343,26.56,25.55,2.88,6.0739
20200218,Kalaburagi,17.3297,76.8343,25.98,20.79,2.77,6.4342
20200219,Kalaburagi,17.3297,76.8343,26.01,21.71,1.56,6.2935
20200220,Kalaburagi,17.3297,76.8343,25.95,43.71,2.78,5.9791
20200221,Kalaburagi,17.3297,76.8343,25.98,38.83,3.04,5.9702
20200222,Kalaburagi,17.3297,76.8343,26.27,36.12,2.99,6.2292
20200223,Kalaburagi,17.3297,76.8343,26.33,36.81,2.52,6.2892
20200224,Kalaburagi,17.3297,76.8343,27.48,39.7,2.08,6.1726
20200225,Kalaburagi,17.3297,76.8343,27.25,25.3,2.25,6.0341
20200226,Kalaburagi,17.3297,76.8343,25.53,20.38,3.4,6.1694
20200227,Kalaburagi,17.3297,76.8343,25.89,21.58,2.79,6.4723
20200228,Kalaburagi,17.3297,76.8343,26.36,28.59,2.18,6.2069
20200229,Kalaburagi,17.3297,76.8343,27.3,42.87,1.93,5.6148
20200301,Kalaburagi,17.3297,76.8343,28.5,42.12,1.77,5.5874
20200302,Kalaburagi,17.3297,76.8343,27.55,49.64,1.53,5.8368
20200303,Kalaburagi,17.3297,76.8343,27.49,43.66,1.71,6.1262
20200304,Kalaburagi,17.3297,76.8343,26.68,34.06,2.41,6.5436
20200305,Kalaburagi,17.3297,76.8343,26.56,28.24,1.69,6.012
20200306,Kalaburagi,17.3297,76.8343,25.66,34.24,3.01,6.6168
20200307,Kalaburagi,17.3297,76.8343,27.04,40.12,2.04,5.4362
20200308,Kalaburagi,17.3297,76.8343,29.43,42.79,1.94,5.2685
20200309,Kalaburagi,17.3297,76.8343,30.18,41.43,1.98,5.6585
20200310,Kalaburagi,17.3297,76.8343,30.57,35.78,2.13,6.3454
20200311,Kalaburagi,17.3297,76.8343,29.16,42.25,2.18,5.7708
20200312,Kalaburagi,17.3297,76.8343,28.8,36.21,1.81,6.2311
20200313,Kalaburagi,17.3297,76.8343,30.75,33.91,2.76,6.3343
20200314,Kalaburagi,17.3297,76.8343,30.87,30.25,1.76,6.0082
20200315,Kalaburagi,17.3297,76.8343,30.47,35.18,1.96,6.2266
20200316,Kalaburagi,17.3297,76.8343,30.5,35.05,1.82,6.461
20200317,Kalaburagi,17.3297,76.8343,30.59,33.52,2.27,6.4073
20200318,Kalaburagi,17.3297,76.8343,30.88,31.92,2.1,5.9326
20200319,Kalaburagi,17.3297,76.8343,30.0,38.87,1.09,5.7394
20200320,Kalaburagi,17.3297,76.8343,29.55,31.24,1.39,6.7646
20200321,Kalaburagi,17.3297,76.8343,28.58,22.15,3.17,7.1201
20200322,Kalaburagi,17.3297,76.8343,28.83,21.52,2.55,7.1599
20200323,Kalaburagi,17.3297,76.8343,30.01,27.53,1.57,6.4224
20200324,Kalaburagi,17.3297,76.8343,30.96,36.69,1.87,5.9902
20200325,Kalaburagi,17.3297,76.8343,31.64,33.27,2.49,4.757
20200326,Kalaburagi,17.3297,76.8343,31.54,32.91,2.58,6.4663
20200327,Kalaburagi,17.3297,76.8343,30.84,29.55,2.57,7.026
20200328,Kalaburagi,17.3297,76.8343,31.04,28.3,1.09,6.9422
20200329,Kalaburagi,17.3297,76.8343,32.18,27.75,1.54,6.7078
20200330,Kalaburagi,17.3297,76.8343,31.97,30.55,2.21,6.5746
20200331,Kalaburagi,17.3297,76.8343,31.94,30.25,1.77,6.5254
20200401,Kalaburagi,17.3297,76.8343,32.32,29.86,1.62,6.1709
20200402,Kalaburagi,17.3297,76.8343,33.55,26.76,1.64,6.0562
20200403,Kalaburagi,17.3297,76.8343,33.59,27.86,2.65,5.3357
20200404,Kalaburagi,17.3297,76.8343,31.71,32.45,3.05,5.6638
20200405,Kalaburagi,17.3297,76.8343,32.56,28.92,2.59,6.3362
20200406,Kalaburagi,17.3297,76.8343,33.13,34.11,2.19,5.9966
20200407,Kalaburagi,17.3297,76.8343,32.52,34.09,2.41,6.3192
20200408,Kalaburagi,17.3297,76.8343,31.29,26.73,2.68,7.3618
20200409,Kalaburagi,17.3297,76.8343,30.77,22.21,2.62,7.1947
20200410,Kalaburagi,17.3297,76.8343,31.1,38.85,2.98,6.1954
20200411,Kalaburagi,17.3297,76.8343,32.19,29.73,2.87,7.201
20200412,Kalaburagi,17.3297,76.8343,32.7,28.84,1.93,6.5659
20200413,Kalaburagi,17.3297,76.8343,33.04,29.44,1.96,6.2093
20200414,Kalaburagi,17.3297,76.8343,33.46,25.15,2.51,6.7174
20200415,Kalaburagi,17.3297,76.8343,33.24,24.48,2.32,6.7253
20200416,Kalaburagi,17.3297,76.8343,33.61,24.78,2.21,6.5114
20200417,Kalaburagi,17.3297,76.8343,34.18,27.46,1.97,6.3482
20200418,Kalaburagi,17.3297,76.8343,34.64,29.52,2.5,5.7569
20200419,Kalaburagi,17.3297,76.8343,34.0,33.51,1.89,6.0302
20200420,Kalaburagi,17.3297,76.8343,33.83,32.13,2.14,6.1116
20200421,Kalaburagi,17.3297,76.8343,34.03,31.36,2.52,6.7464
20200422,Kalaburagi,17.3297,76.8343,34.35,25.02,1.05,7.1558
20200423,Kalaburagi,17.3297,76.8343,35.24,23.72,1.62,7.0022
20200424,Kalaburagi,17.3297,76.8343,35.57,24.95,1.62,6.901
20200425,Kalaburagi,17.3297,76.8343,34.65,26.02,3.35,7.5343
20200426,Kalaburagi,17.3297,76.8343,33.74,23.53,2.45,7.7494
20200427,Kalaburagi,17.3297,76.8343,33.9,22.43,3.05,6.9254
20200428,Kalaburagi,17.3297,76.8343,33.42,38.69,3.31,6.1308
20200429,Kalaburagi,17.3297,76.8343,33.95,32.73,2.28,6.546
20200430,Kalaburagi,17.3297,76.8343,34.16,32.69,1.94,6.2414
20200501,Kalaburagi,17.3297,76.8343,35.48,28.76,1.64,6.641
20200502,Kalaburagi,17.3297,76.8343,35.21,29.29,1.96,6.5201
20200503,Kalaburagi,17.3297,76.8343,35.08,27.91,1.94,7.075
20200504,Kalaburagi,17.3297,76.8343,35.62,26.9,1.4,7.2847
20200505,Kalaburagi,17.3297,76.8343,35.82,25.96,1.55,7.1568
20200506,Kalaburagi,17.3297,76.8343,36.41,25.92,1.73,6.6746
20200507,Kalaburagi,17.3297,76.8343,35.28,34.78,3.51,6.7728
20200508,Kalaburagi,17.3297,76.8343,33.01,48.51,2.64,6.2918
20200509,Kalaburagi,17.3297,76.8343,31.97,54.73,1.79,6.0245
20200510,Kalaburagi,17.3297,76.8343,30.66,54.51,2.11,5.9131
20200511,Kalaburagi,17.3297,76.8343,31.92,49.96,2.34,6.4416
20200512,Kalaburagi,17.3297,76.8343,31.88,51.31,1.45,6.942
20200513,Kalaburagi,17.3297,76.8343,31.71,51.98,2.52,5.6114
20200514,Kalaburagi,17.3297,76.8343,32.53,48.29,2.23,6.6379
20200515,Kalaburagi,17.3297,76.8343,33.16,44.08,1.21,6.1937
20200516,Kalaburagi,17.3297,76.8343,33.2,43.05,1.97,5.3335
20200517,Kalaburagi,17.3297,76.8343,33.04,43.29,1.97,5.7065
20200518,Kalaburagi,17.3297,76.8343,33.35,36.58,3.8,6.037
20200519,Kalaburagi,17.3297,76.8343,33.45,29.76,4.87,5.6839
20200520,Kalaburagi,17.3297,76.8343,34.0,27.22,4.09,6.953
20200521,Kalaburagi,17.3297,76.8343,34.23,22.78,4.39,7.2924
20200522,Kalaburagi,17.3297,76.8343,35.0,21.33,2.74,7.1995
20200523,Kalaburagi,17.3297,76.8343,36.08,19.71,3.2,7.2377
20200524,Kalaburagi,17.3297,76.8343,35.98,25.06,1.87,7.1083
20200525,Kalaburagi,17.3297,76.8343,36.56,27.11,1.92,6.9857
20200526,Kalaburagi,17.3297,76.8343,36.73,31.63,2.72,7.0562
20200527,Kalaburagi,17.3297,76.8343,37.35,26.28,2.74,7.5031
20200528,Kalaburagi,17.3297,76.8343,36.41,24.55,3.69,7.6457
20200529,Kalaburagi,17.3297,76.8343,35.54,32.62,3.22,7.3603
20200530,Kalaburagi,17.3297,76.8343,31.09,48.29,2.42,6.6288
20200531,Kalaburagi,17.3297,76.8343,29.86,60.1,3.25,4.9464
20200601,Kalaburagi,17.3297,76.8343,27.93,71.58,1.16,6.0437
20200602,Kalaburagi,17.3297,76.8343,26.45,80.09,2.54,5.7166
20200603,Kalaburagi,17.3297,76.8343,26.97,72.68,5.19,4.4914
20200604,Kalaburagi,17.3297,76.8343,27.81,66.94,5.46,6.0821
20200605,Kalaburagi,17.3297,76.8343,29.03,57.68,3.97,6.8707
20200606,Kalaburagi,17.3297,76.8343,28.83,56.7,3.97,6.678
20200607,Kalaburagi,17.3297,76.8343,29.48,58.92,3.84,6.2491
20200608,Kalaburagi,17.3297,76.8343,29.88,54.64,4.32,6.551
20200609,Kalaburagi,17.3297,76.8343,30.03,51.28,3.22,6.9202
20200610,Kalaburagi,17.3297,76.8343,29.4,62.46,3.78,5.8358
20200611,Kalaburagi,17.3297,76.8343,26.64,74.02,3.87,3.2719
20200612,Kalaburagi,17.3297,76.8343,25.83,76.5,2.65,3.7346
20200613,Kalaburagi,17.3297,76.8343,27.36,69.82,4.92,3.9355
20200614,Kalaburagi,17.3297,76.8343,28.54,65.42,4.9,4.4314
20200615,Kalaburagi,17.3297,76.8343,28.67,66.48,5.2,4.2929
20200616,Kalaburagi,17.3297,76.8343,27.45,77.1,4.81,2.885
20200617,Kalaburagi,17.3297,76.8343,26.72,78.81,4.89,3.7814
20200618,Kalaburagi,17.3297,76.8343,27.03,75.46,5.0,4.3217
20200619,Kalaburagi,17.3297,76.8343,27.67,73.34,4.47,5.2963
20200620,Kalaburagi,17.3297,76.8343,27.1,74.08,3.97,4.8893
20200621,Kalaburagi,17.3297,76.8343,27.55,71.77,4.09,5.4101
20200622,Kalaburagi,17.3297,76.8343,27.04,72.09,4.15,5.8162
20200623,Kalaburagi,17.3297,76.8343,27.55,68.06,3.35,6.215
20200624,Kalaburagi,17.3297,76.8343,28.83,64.55,2.64,6.8582
20200625,Kalaburagi,17.3297,76.8343,29.09,67.47,2.36,6.4596
20200626,Kalaburagi,17.3297,76.8343,28.61,71.11,2.19,5.4413
20200627,Kalaburagi,17.3297,76.8343,26.65,84.47,2.31,5.245
20200628,Kalaburagi,17.3297,76.8343,25.47,86.84,2.66,4.9039
20200629,Kalaburagi,17.3297,76.8343,26.46,81.25,1.6,4.5194
20200630,Kalaburagi,17.3297,76.8343,26.44,80.02,2.12,5.5006
20200701,Kalaburagi,17.3297,76.8343,26.3,79.36,3.48,6.0835
20200702,Kalaburagi,17.3297,76.8343,25.42,81.87,4.32,6.2117
20200703,Kalaburagi,17.3297,76.8343,24.84,80.75,5.37,4.6903
20200704,Kalaburagi,17.3297,76.8343,25.02,81.36,4.51,3.4673
20200705,Kalaburagi,17.3297,76.8343,25.92,77.7,5.44,3.8688
20200706,Kalaburagi,17.3297,76.8343,25.72,78.33,4.52,4.0596
20200707,Kalaburagi,17.3297,76.8343,25.88,78.83,4.55,4.3402
20200708,Kalaburagi,17.3297,76.8343,26.33,77.96,3.85,5.0546
20200709,Kalaburagi,17.3297,76.8343,25.52,81.23,2.82,4.7489
20200710,Kalaburagi,17.3297,76.8343,25.92,81.89,3.44,3.6226
20200711,Kalaburagi,17.3297,76.8343,26.15,78.12,3.83,5.8786
20200712,Kalaburagi,17.3297,76.8343,26.02,76.69,3.36,4.7093
20200713,Kalaburagi,17.3297,76.8343,26.12,78.26,2.51,4.8394
20200714,Kalaburagi,17.3297,76.8343,25.73,83.68,2.1,4.3966
20200715,Kalaburagi,17.3297,76.8343,24.65,87.3,5.35,2.7415
20200716,Kalaburagi,17.3297,76.8343,24.75,82.43,5.27,3.1548
20200717,Kalaburagi,17.3297,76.8343,25.79,78.36,4.16,4.692
20200718,Kalaburagi,17.3297,76.8343,26.39,80.4,2.79,5.8495
20200719,Kalaburagi,17.3297,76.8343,25.6,84.58,2.18,5.7689
20200720,Kalaburagi,17.3297,76.8343,26.22,82.93,2.6,4.6903
20200721,Kalaburagi,17.3297,76.8343,26.04,84.13,2.39,5.647
20200722,Kalaburagi,17.3297,76.8343,25.98,84.74,2.34,5.1031
20200723,Kalaburagi,17.3297,76.8343,25.08,85.94,1.12,2.1336
20200724,Kalaburagi,17.3297,76.8343,25.28,82.2,1.7,2.0201
20200725,Kalaburagi,17.3297,76.8343,24.83,85.02,2.06,4.4642
20200726,Kalaburagi,17.3297,76.8343,25.65,80.71,3.27,5.8442
20200727,Kalaburagi,17.3297,76.8343,26.2,80.47,3.09,5.5315
20200728,Kalaburagi,17.3297,76.8343,25.42,86.76,2.59,5.5682
20200729,Kalaburagi,17.3297,76.8343,24.78,91.48,1.65,4.8998
20200730,Kalaburagi,17.3297,76.8343,26.75,82.39,1.25,5.4482
20200731,Kalaburagi,17.3297,76.8343,25.98,84.71,1.74,5.2138
20200801,Kalaburagi,17.3297,76.8343,26.0,85.58,2.13,4.9135
20200802,Kalaburagi,17.3297,76.8343,26.16,84.54,3.08,5.7485
20200803,Kalaburagi,17.3297,76.8343,25.09,85.58,4.47,4.5382
20200804,Kalaburagi,17.3297,76.8343,24.86,86.68,5.95,4.2139
20200805,Kalaburagi,17.3297,76.8343,25.08,87.9,5.48,3.5974
20200806,Kalaburagi,17.3297,76.8343,26.31,81.0,5.13,5.4067
20200807,Kalaburagi,17.3297,76.8343,26.19,81.95,4.2,4.8943
20200808,Kalaburagi,17.3297,76.8343,25.97,81.79,3.95,4.4465
20200809,Kalaburagi,17.3297,76.8343,25.52,83.72,3.95,4.0202
20200810,Kalaburagi,17.3297,76.8343,25.65,82.98,3.79,1.8497
20200811,Kalaburagi,17.3297,76.8343,25.51,83.14,4.24,4.9872
20200812,Kalaburagi,17.3297,76.8343,24.68,85.85,4.26,4.0037
20200813,Kalaburagi,17.3297,76.8343,24.38,88.19,4.79,1.8955
20200814,Kalaburagi,17.3297,76.8343,24.41,86.46,5.49,3.5285
20200815,Kalaburagi,17.3297,76.8343,24.17,89.83,4.75,2.5435
20200816,Kalaburagi,17.3297,76.8343,24.19,88.12,4.43,1.6942
20200817,Kalaburagi,17.3297,76.8343,24.84,84.78,4.08,3.2316
20200818,Kalaburagi,17.3297,76.8343,25.43,84.38,3.84,3.9619
20200819,Kalaburagi,17.3297,76.8343,25.29,85.59,3.32,4.079
20200820,Kalaburagi,17.3297,76.8343,24.4,90.15,3.96,2.5526
20200821,Kalaburagi,17.3297,76.8343,24.74,87.01,4.29,3.6312
20200822,Kalaburagi,17.3297,76.8343,25.27,84.66,3.82,4.7566
20200823,Kalaburagi,17.3297,76.8343,25.89,82.97,3.4,5.0758
20200824,Kalaburagi,17.3297,76.8343,25.77,83.68,3.04,5.6981
20200825,Kalaburagi,17.3297,76.8343,25.76,83.45,2.21,5.8236
20200826,Kalaburagi,17.3297,76.8343,26.11,81.66,1.85,6.1207
20200827,Kalaburagi,17.3297,76.8343,25.09,84.61,3.11,4.8307
20200828,Kalaburagi,17.3297,76.8343,25.26,83.65,2.85,4.5012
20200829,Kalaburagi,17.3297,76.8343,24.86,86.28,2.85,4.3608
20200830,Kalaburagi,17.3297,76.8343,25.46,83.0,2.88,5.7775
20200831,Kalaburagi,17.3297,76.8343,25.8,81.84,2.37,6.6847
20200901,Kalaburagi,17.3297,76.8343,25.48,84.46,2.08,6.1488
20200902,Kalaburagi,17.3297,76.8343,24.36,89.5,2.2,4.3932
20200903,Kalaburagi,17.3297,76.8343,25.73,82.59,1.37,5.8426
20200904,Kalaburagi,17.3297,76.8343,25.98,83.12,2.2,5.759
20200905,Kalaburagi,17.3297,76.8343,26.5,79.82,1.89,5.9686
20200906,Kalaburagi,17.3297,76.8343,26.24,74.95,1.22,6.0821
20200907,Kalaburagi,17.3297,76.8343,26.59,77.29,0.99,5.8778
20200908,Kalaburagi,17.3297,76.8343,26.8,78.83,0.64,5.6527
20200909,Kalaburagi,17.3297,76.8343,26.09,84.41,1.4,6.114
20200910,Kalaburagi,17.3297,76.8343,25.96,84.46,1.15,4.9366
20200911,Kalaburagi,17.3297,76.8343,25.7,85.19,2.19,4.1849
20200912,Kalaburagi,17.3297,76.8343,24.96,87.09,2.27,5.1418
20200913,Kalaburagi,17.3297,76.8343,24.33,88.37,2.85,3.2822
20200914,Kalaburagi,17.3297,76.8343,24.5,87.03,3.71,2.9863
20200915,Kalaburagi,17.3297,76.8343,24.72,87.98,2.85,3.3048
20200916,Kalaburagi,17.3297,76.8343,25.12,90.92,2.81,3.0792
20200917,Kalaburagi,17.3297,76.8343,25.36,89.81,2.09,2.724
20200918,Kalaburagi,17.3297,76.8343,25.3,90.36,1.95,2.6652
20200919,Kalaburagi,17.3297,76.8343,25.05,89.81,1.61,2.389
20200920,Kalaburagi,17.3297,76.8343,23.76,92.17,2.9,4.3289
20200921,Kalaburagi,17.3297,76.8343,24.81,88.79,3.49,4.2151
20200922,Kalaburagi,17.3297,76.8343,24.04,89.54,4.85,4.139
20200923,Kalaburagi,17.3297,76.8343,24.42,86.1,4.27,3.7135
20200924,Kalaburagi,17.3297,76.8343,25.16,86.68,2.65,4.6702
20200925,Kalaburagi,17.3297,76.8343,25.19,90.03,2.4,4.5516
20200926,Kalaburagi,17.3297,76.8343,24.11,93.37,2.13,2.4526
20200927,Kalaburagi,17.3297,76.8343,23.98,83.24,1.65,4.8341
20200928,Kalaburagi,17.3297,76.8343,24.8,85.76,1.47,4.7693
20200929,Kalaburagi,17.3297,76.8343,24.81,86.15,1.94,5.2891
20200930,Kalaburagi,17.3297,76.8343,24.39,89.37,1.87,4.9274
20201001,Kalaburagi,17.3297,76.8343,24.06,83.24,1.57,3.8626
20201002,Kalaburagi,17.3297,76.8343,24.61,84.86,1.97,5.8601
20201003,Kalaburagi,17.3297,76.8343,25.26,83.61,2.39,5.4206
20201004,Kalaburagi,17.3297,76.8343,24.4,87.92,2.33,5.0837
20201005,Kalaburagi,17.3297,76.8343,24.76,83.79,1.86,5.3609
20201006,Kalaburagi,17.3297,76.8343,24.97,81.99,2.0,5.8162
20201007,Kalaburagi,17.3297,76.8343,23.84,81.61,1.99,4.4354
20201008,Kalaburagi,17.3297,76.8343,24.29,83.26,1.72,4.7261
20201009,Kalaburagi,17.3297,76.8343,25.54,85.27,1.0,4.7045
20201010,Kalaburagi,17.3297,76.8343,24.7,89.55,1.12,4.8098
20201011,Kalaburagi,17.3297,76.8343,23.99,90.89,0.99,2.5454
20201012,Kalaburagi,17.3297,76.8343,24.2,90.7,1.52,4.003
20201013,Kalaburagi,17.3297,76.8343,24.23,88.74,2.41,3.4042
20201014,Kalaburagi,17.3297,76.8343,24.27,94.36,3.45,1.5991
20201015,Kalaburagi,17.3297,76.8343,24.81,90.78,2.77,2.4252
20201016,Kalaburagi,17.3297,76.8343,24.48,87.05,1.68,4.0505
20201017,Kalaburagi,17.3297,76.8343,25.18,83.13,1.25,5.5241
20201018,Kalaburagi,17.3297,76.8343,24.63,89.87,1.24,4.8446
20201019,Kalaburagi,17.3297,76.8343,24.2,90.49,0.81,4.5619
20201020,Kalaburagi,17.3297,76.8343,24.81,88.38,1.22,3.4157
20201021,Kalaburagi,17.3297,76.8343,24.52,87.73,1.54,4.2353
20201022,Kalaburagi,17.3297,76.8343,24.55,81.46,1.22,5.0376
20201023,Kalaburagi,17.3297,76.8343,25.04,75.48,0.65,5.203
20201024,Kalaburagi,17.3297,76.8343,24.88,78.06,0.69,4.2343
20201025,Kalaburagi,17.3297,76.8343,24.42,84.69,0.86,4.0464
20201026,Kalaburagi,17.3297,76.8343,23.56,85.32,1.81,4.542
20201027,Kalaburagi,17.3297,76.8343,22.93,82.78,1.85,4.627
20201028,Kalaburagi,17.3297,76.8343,22.38,78.77,1.45,5.2476
20201029,Kalaburagi,17.3297,76.8343,21.76,77.1,1.5,5.5291
20201030,Kalaburagi,17.3297,76.8343,23.09,81.73,1.74,4.7522
20201031,Kalaburagi,17.3297,76.8343,22.69,81.69,1.84,4.7638
20201101,Kalaburagi,17.3297,76.8343,21.48,77.84,1.98,5.3909
20201102,Kalaburagi,17.3297,76.8343,21.58,81.87,2.24,5.447
20201103,Kalaburagi,17.3297,76.8343,21.82,81.27,2.61,5.2514
20201104,Kalaburagi,17.3297,76.8343,20.71,74.59,2.18,5.3902
20201105,Kalaburagi,17.3297,76.8343,20.03,67.67,1.9,5.3537
20201106,Kalaburagi,17.3297,76.8343,20.38,71.97,1.92,5.2222
20201107,Kalaburagi,17.3297,76.8343,22.69,85.54,2.75,4.6817
20201108,Kalaburagi,17.3297,76.8343,22.08,81.68,2.3,5.2519
20201109,Kalaburagi,17.3297,76.8343,19.0,75.63,2.16,5.3165
20201110,Kalaburagi,17.3297,76.8343,18.08,78.42,2.1,5.1842
20201111,Kalaburagi,17.3297,76.8343,19.15,79.49,2.15,5.5022
20201112,Kalaburagi,17.3297,76.8343,21.92,86.12,2.77,5.3414
20201113,Kalaburagi,17.3297,76.8343,23.39,86.26,2.1,4.4909
20201114,Kalaburagi,17.3297,76.8343,22.5,83.86,1.78,5.4264
20201115,Kalaburagi,17.3297,76.8343,22.44,83.79,1.87,5.604
20201116,Kalaburagi,17.3297,76.8343,23.06,85.84,2.45,4.4035
20201117,Kalaburagi,17.3297,76.8343,22.51,84.24,2.25,5.1902
20201118,Kalaburagi,17.3297,76.8343,22.3,84.61,1.82,4.8974
20201119,Kalaburagi,17.3297,76.8343,22.36,82.43,1.8,5.0434
20201120,Kalaburagi,17.3297,76.8343,23.52,82.37,1.33,5.2097
20201121,Kalaburagi,17.3297,76.8343,23.6,82.24,1.24,4.9464
20201122,Kalaburagi,17.3297,76.8343,22.19,82.47,2.44,4.499
20201123,Kalaburagi,17.3297,76.8343,21.29,78.01,1.82,3.9367
20201124,Kalaburagi,17.3297,76.8343,20.41,70.97,2.24,4.9457
20201125,Kalaburagi,17.3297,76.8343,20.86,78.22,2.5,4.9594
20201126,Kalaburagi,17.3297,76.8343,21.08,85.0,2.99,3.1752
20201127,Kalaburagi,17.3297,76.8343,20.26,85.54,3.59,2.9988
20201128,Kalaburagi,17.3297,76.8343,21.41,86.04,3.4,1.8444
20201129,Kalaburagi,17.3297,76.8343,22.7,85.17,2.22,3.529
20201130,Kalaburagi,17.3297,76.8343,22.34,82.99,1.46,3.7066
20201201,Kalaburagi,17.3297,76.8343,21.95,81.32,1.62,4.9178
20201202,Kalaburagi,17.3297,76.8343,20.47,80.89,1.62,5.063
20201203,Kalaburagi,17.3297,76.8343,20.55,77.35,1.46,4.8626
20201204,Kalaburagi,17.3297,76.8343,20.25,77.41,1.62,4.7026
20201205,Kalaburagi,17.3297,76.8343,20.58,77.77,1.79,5.1636
20201206,Kalaburagi,17.3297,76.8343,19.74,72.42,1.95,4.9723
20201207,Kalaburagi,17.3297,76.8343,19.64,70.23,1.94,5.2104
20201208,Kalaburagi,17.3297,76.8343,20.22,74.71,1.78,5.2922
20201209,Kalaburagi,17.3297,76.8343,20.65,74.17,1.4,5.0014
20201210,Kalaburagi,17.3297,76.8343,20.64,74.1,1.47,4.9601
20201211,Kalaburagi,17.3297,76.8343,20.8,75.66,1.59,4.5763
20201212,Kalaburagi,17.3297,76.8343,20.02,74.58,1.79,4.7378
20201213,Kalaburagi,17.3297,76.8343,20.28,77.46,1.59,4.3961
20201214,Kalaburagi,17.3297,76.8343,20.9,77.12,1.72,4.2098
20201215,Kalaburagi,17.3297,76.8343,20.75,75.92,2.27,4.8542
20201216,Kalaburagi,17.3297,76.8343,21.04,80.14,1.9,4.6063
20201217,Kalaburagi,17.3297,76.8343,21.25,76.6,1.47,4.6922
20201218,Kalaburagi,17.3297,76.8343,20.72,75.81,2.0,4.2379
20201219,Kalaburagi,17.3297,76.8343,19.63,70.69,2.39,4.2806
20201220,Kalaburagi,17.3297,76.8343,18.5,67.74,2.41,5.1619
20201221,Kalaburagi,17.3297,76.8343,16.8,57.41,1.89,5.4698
20201222,Kalaburagi,17.3297,76.8343,16.8,63.14,1.65,5.1468
20201223,Kalaburagi,17.3297,76.8343,17.88,68.85,1.65,5.1142
20201224,Kalaburagi,17.3297,76.8343,18.66,70.27,1.62,4.7798
20201225,Kalaburagi,17.3297,76.8343,18.9,72.04,2.0,4.6706
20201226,Kalaburagi,17.3297,76.8343,19.43,73.52,1.81,4.6867
20201227,Kalaburagi,17.3297,76.8343,19.86,68.63,1.4,4.7614
20201228,Kalaburagi,17.3297,76.8343,19.85,72.21,1.46,4.5233
20201229,Kalaburagi,17.3297,76.8343,20.18,70.91,1.44,4.4472
20201230,Kalaburagi,17.3297,76.8343,20.45,72.11,2.03,4.3848
20201231,Kalaburagi,17.3297,76.8343,20.95,73.83,2.0,4.0195
20210101,Kalaburagi,17.3297,76.8343,21.33,76.73,2.22,3.8621
20210102,Kalaburagi,17.3297,76.8343,20.46,78.5,1.93,4.3512
20210103,Kalaburagi,17.3297,76.8343,20.35,69.08,2.34,4.5382
20210104,Kalaburagi,17.3297,76.8343,20.89,68.12,2.6,4.0606
20210105,Kalaburagi,17.3297,76.8343,21.73,72.04,2.07,4.5682
20210106,Kalaburagi,17.3297,76.8343,23.25,78.57,1.82,3.4066
20210107,Kalaburagi,17.3297,76.8343,23.04,81.49,1.97,2.851
20210108,Kalaburagi,17.3297,76.8343,23.66,72.33,2.45,3.6295
20210109,Kalaburagi,17.3297,76.8343,23.49,65.86,2.65,3.8297
20210110,Kalaburagi,17.3297,76.8343,23.42,62.09,1.98,5.1521
20210111,Kalaburagi,17.3297,76.8343,23.46,62.83,1.88,5.07
20210112,Kalaburagi,17.3297,76.8343,24.04,66.02,2.13,4.3966
20210113,Kalaburagi,17.3297,76.8343,22.63,69.77,1.83,4.6032
20210114,Kalaburagi,17.3297,76.8343,22.82,66.51,1.56,4.8811
20210115,Kalaburagi,17.3297,76.8343,23.25,66.81,1.52,4.6138
20210116,Kalaburagi,17.3297,76.8343,23.57,66.12,1.84,4.4633
20210117,Kalaburagi,17.3297,76.8343,23.94,62.16,2.56,4.657
20210118,Kalaburagi,17.3297,76.8343,23.5,65.65,2.06,4.6649
20210119,Kalaburagi,17.3297,76.8343,23.9,64.99,1.45,4.7935
20210120,Kalaburagi,17.3297,76.8343,24.4,58.28,0.8,4.8974
20210121,Kalaburagi,17.3297,76.8343,24.07,51.8,1.1,4.674
20210122,Kalaburagi,17.3297,76.8343,23.49,57.95,1.97,4.7688
20210123,Kalaburagi,17.3297,76.8343,24.09,58.74,1.21,4.9272
20210124,Kalaburagi,17.3297,76.8343,24.46,50.9,1.15,4.8578
20210125,Kalaburagi,17.3297,76.8343,24.34,41.9,0.92,5.1262
20210126,Kalaburagi,17.3297,76.8343,24.1,47.69,1.13,5.1254
20210127,Kalaburagi,17.3297,76.8343,23.59,51.16,1.54,4.9582
20210128,Kalaburagi,17.3297,76.8343,23.52,58.44,2.06,4.6603
20210129,Kalaburagi,17.3297,76.8343,24.8,56.78,1.74,4.494
20210130,Kalaburagi,17.3297,76.8343,25.31,51.15,1.48,4.507
20210131,Kalaburagi,17.3297,76.8343,24.81,51.72,2.13,4.2127
20210201,Kalaburagi,17.3297,76.8343,23.64,49.51,2.56,3.9473
20210202,Kalaburagi,17.3297,76.8343,22.33,35.69,2.42,5.8663
20210203,Kalaburagi,17.3297,76.8343,22.05,33.86,2.17,5.5841
20210204,Kalaburagi,17.3297,76.8343,22.84,43.18,2.0,5.6844
20210205,Kalaburagi,17.3297,76.8343,23.72,44.77,2.07,5.4998
20210206,Kalaburagi,17.3297,76.8343,24.22,37.22,1.56,5.6976
20210207,Kalaburagi,17.3297,76.8343,22.65,35.29,2.95,5.5973
20210208,Kalaburagi,17.3297,76.8343,22.07,27.83,2.96,6.252
20210209,Kalaburagi,17.3297,76.8343,22.9,35.52,1.99,5.8145
20210210,Kalaburagi,17.3297,76.8343,23.14,36.57,1.36,6.1193
20210211,Kalaburagi,17.3297,76.8343,23.57,37.96,1.81,6.0149
20210212,Kalaburagi,17.3297,76.8343,24.34,44.66,1.83,5.5262
20210213,Kalaburagi,17.3297,76.8343,24.22,40.48,1.93,5.8078
20210214,Kalaburagi,17.3297,76.8343,24.19,38.95,1.71,5.9638
20210215,Kalaburagi,17.3297,76.8343,24.65,37.07,1.72,5.8066
20210216,Kalaburagi,17.3297,76.8343,24.88,35.86,2.28,5.7286
20210217,Kalaburagi,17.3297,76.8343,25.05,36.32,3.22,5.3501
20210218,Kalaburagi,17.3297,76.8343,25.11,44.74,2.92,4.673
20210219,Kalaburagi,17.3297,76.8343,23.85,49.91,2.56,3.6542
20210220,Kalaburagi,17.3297,76.8343,24.01,48.52,3.48,4.6591
20210221,Kalaburagi,17.3297,76.8343,24.32,52.03,2.85,4.7556
20210222,Kalaburagi,17.3297,76.8343,25.85,44.61,1.22,5.2903
20210223,Kalaburagi,17.3297,76.8343,26.25,35.86,1.92,6.0036
20210224,Kalaburagi,17.3297,76.8343,26.32,27.25,1.63,6.2897
20210225,Kalaburagi,17.3297,76.8343,27.19,28.39,0.88,6.3794
20210226,Kalaburagi,17.3297,76.8343,27.72,23.77,1.24,5.8615
20210227,Kalaburagi,17.3297,76.8343,27.8,24.06,1.9,6.1051
20210228,Kalaburagi,17.3297,76.8343,27.9,20.24,1.62,6.5993
20210301,Kalaburagi,17.3297,76.8343,28.14,24.18,1.12,5.3081
20210302,Kalaburagi,17.3297,76.8343,28.39,25.61,2.31,6.3854
20210303,Kalaburagi,17.3297,76.8343,27.82,20.1,2.82,6.7152
20210304,Kalaburagi,17.3297,76.8343,27.32,18.55,2.33,6.425
20210305,Kalaburagi,17.3297,76.8343,27.72,25.26,1.61,6.7051
20210306,Kalaburagi,17.3297,76.8343,28.12,18.25,0.81,6.5311
20210307,Kalaburagi,17.3297,76.8343,28.2,21.73,1.87,6.5808
20210308,Kalaburagi,17.3297,76.8343,28.31,25.31,2.65,6.427
20210309,Kalaburagi,17.3297,76.8343,27.98,31.02,2.62,6.4776
20210310,Kalaburagi,17.3297,76.8343,28.24,29.28,2.33,6.6091
20210311,Kalaburagi,17.3297,76.8343,27.7,25.94,3.06,6.853
20210312,Kalaburagi,17.3297,76.8343,27.52,22.28,3.36,6.8278
20210313,Kalaburagi,17.3297,76.8343,27.51,24.71,2.25,6.8472
20210314,Kalaburagi,17.3297,76.8343,27.96,21.23,2.37,7.1414
20210315,Kalaburagi,17.3297,76.8343,28.45,25.12,2.12,6.8386
20210316,Kalaburagi,17.3297,76.8343,29.06,25.88,1.97,6.4354
20210317,Kalaburagi,17.3297,76.8343,30.11,27.72,2.09,5.7125
20210318,Kalaburagi,17.3297,76.8343,30.52,28.12,2.26,5.4154
20210319,Kalaburagi,17.3297,76.8343,30.39,26.3,1.98,5.6474
20210320,Kalaburagi,17.3297,76.8343,30.23,28.34,3.04,5.9875
20210321,Kalaburagi,17.3297,76.8343,29.61,26.29,2.86,6.4939
20210322,Kalaburagi,17.3297,76.8343,30.31,26.38,2.07,5.3791
20210323,Kalaburagi,17.3297,76.8343,31.49,26.61,2.98,5.959
20210324,Kalaburagi,17.3297,76.8343,31.36,26.09,2.17,6.1301
20210325,Kalaburagi,17.3297,76.8343,31.48,24.16,2.33,5.3006
20210326,Kalaburagi,17.3297,76.8343,31.86,21.62,2.85,6.2323
20210327,Kalaburagi,17.3297,76.8343,31.51,19.4,1.92,6.3655
20210328,Kalaburagi,17.3297,76.8343,31.24,16.2,2.0,6.8796
20210329,Kalaburagi,17.3297,76.8343,31.27,17.72,2.12,7.0898
20210330,Kalaburagi,17.3297,76.8343,31.38,17.09,1.65,6.9756
20210331,Kalaburagi,17.3297,76.8343,31.44,13.05,2.95,7.7004
20210401,Kalaburagi,17.3297,76.8343,31.61,18.14,2.79,7.1191
20210402,Kalaburagi,17.3297,76.8343,31.38,18.22,2.64,7.2792
20210403,Kalaburagi,17.3297,76.8343,31.66,14.65,1.43,7.3102
20210404,Kalaburagi,17.3297,76.8343,31.44,16.1,2.96,6.9257
20210405,Kalaburagi,17.3297,76.8343,31.66,14.07,2.87,6.6252
20210406,Kalaburagi,17.3297,76.8343,31.81,27.84,1.96,6.0055
20210407,Kalaburagi,17.3297,76.8343,32.64,27.14,2.38,5.4377
20210408,Kalaburagi,17.3297,76.8343,32.87,26.22,2.5,3.577
20210409,Kalaburagi,17.3297,76.8343,32.19,28.85,2.29,5.2476
20210410,Kalaburagi,17.3297,76.8343,31.98,30.44,2.26,5.6222
20210411,Kalaburagi,17.3297,76.8343,31.91,32.73,1.99,5.7214
20210412,Kalaburagi,17.3297,76.8343,30.52,43.58,1.52,4.3063
20210413,Kalaburagi,17.3297,76.8343,29.91,51.09,1.79,5.7245
20210414,Kalaburagi,17.3297,76.8343,28.18,60.81,1.33,6.7836
20210415,Kalaburagi,17.3297,76.8343,28.73,52.04,1.06,6.9022
20210416,Kalaburagi,17.3297,76.8343,29.69,45.96,1.12,6.7051
20210417,Kalaburagi,17.3297,76.8343,29.94,48.66,1.18,6.594
20210418,Kalaburagi,17.3297,76.8343,30.99,47.01,1.4,6.3893
20210419,Kalaburagi,17.3297,76.8343,31.93,43.08,1.32,6.6086
20210420,Kalaburagi,17.3297,76.8343,32.41,32.86,1.93,6.7222
20210421,Kalaburagi,17.3297,76.8343,32.37,31.81,2.9,6.0427
20210422,Kalaburagi,17.3297,76.8343,31.38,34.49,2.62,6.0226
20210423,Kalaburagi,17.3297,76.8343,31.25,42.91,2.34,5.4847
20210424,Kalaburagi,17.3297,76.8343,32.79,36.64,1.63,6.2366
20210425,Kalaburagi,17.3297,76.8343,33.41,36.66,1.48,6.0818
20210426,Kalaburagi,17.3297,76.8343,32.7,39.5,1.79,6.0175
20210427,Kalaburagi,17.3297,76.8343,32.46,38.95,1.28,6.8405
20210428,Kalaburagi,17.3297,76.8343,32.32,38.73,1.19,5.9916
20210429,Kalaburagi,17.3297,76.8343,33.2,32.94,2.04,5.0369
20210430,Kalaburagi,17.3297,76.8343,33.62,30.0,1.89,6.803
20210501,Kalaburagi,17.3297,76.8343,32.14,35.11,2.86,6.1558
20210502,Kalaburagi,17.3297,76.8343,32.04,39.92,1.76,6.3684
20210503,Kalaburagi,17.3297,76.8343,32.52,39.34,1.76,5.981
20210504,Kalaburagi,17.3297,76.8343,31.8,42.3,1.5,6.1418
20210505,Kalaburagi,17.3297,76.8343,31.83,43.65,2.02,5.3191
20210506,Kalaburagi,17.3297,76.8343,32.33,44.29,2.52,6.8246
20210507,Kalaburagi,17.3297,76.8343,31.38,45.01,2.81,4.4057
20210508,Kalaburagi,17.3297,76.8343,32.34,45.75,2.13,6.6497
20210509,Kalaburagi,17.3297,76.8343,31.69,46.94,1.72,6.1342
20210510,Kalaburagi,17.3297,76.8343,31.91,55.33,1.26,5.7031
20210511,Kalaburagi,17.3297,76.8343,31.5,50.89,2.13,6.27
20210512,Kalaburagi,17.3297,76.8343,32.42,43.46,2.48,7.2233
20210513,Kalaburagi,17.3297,76.8343,29.82,57.35,2.41,6.2335
20210514,Kalaburagi,17.3297,76.8343,28.67,65.66,2.17,5.6105
20210515,Kalaburagi,17.3297,76.8343,30.93,53.95,5.63,6.3391
20210516,Kalaburagi,17.3297,76.8343,28.26,67.39,6.31,5.0894
20210517,Kalaburagi,17.3297,76.8343,29.32,63.47,5.32,5.8543
20210518,Kalaburagi,17.3297,76.8343,27.72,69.56,4.17,5.7768
20210519,Kalaburagi,17.3297,76.8343,28.71,66.47,3.49,5.803
20210520,Kalaburagi,17.3297,76.8343,29.16,64.78,3.12,6.5609
20210521,Kalaburagi,17.3297,76.8343,31.39,51.34,2.36,6.535
20210522,Kalaburagi,17.3297,76.8343,31.35,47.57,3.39,6.5947
20210523,Kalaburagi,17.3297,76.8343,31.39,47.7,3.39,6.0118
20210524,Kalaburagi,17.3297,76.8343,30.95,51.78,3.3,4.3363
20210525,Kalaburagi,17.3297,76.8343,32.11,46.05,4.88,5.4689
20210526,Kalaburagi,17.3297,76.8343,32.25,46.95,5.56,6.6089
20210527,Kalaburagi,17.3297,76.8343,32.1,45.68,5.56,6.6749
20210528,Kalaburagi,17.3297,76.8343,30.96,52.98,4.6,5.549
20210529,Kalaburagi,17.3297,76.8343,30.27,62.16,2.9,5.5848
20210530,Kalaburagi,17.3297,76.8343,29.65,65.31,2.7,5.8735
20210531,Kalaburagi,17.3297,76.8343,30.35,60.25,2.71,5.7965
20210601,Kalaburagi,17.3297,76.8343,30.04,63.17,2.41,6.4495
20210602,Kalaburagi,17.3297,76.8343,28.31,72.53,1.92,5.129
20210603,Kalaburagi,17.3297,76.8343,28.3,69.77,1.31,5.7912
20210604,Kalaburagi,17.3297,76.8343,27.49,73.37,1.57,5.3587
20210605,Kalaburagi,17.3297,76.8343,28.07,68.77,1.52,5.7545
20210606,Kalaburagi,17.3297,76.8343,28.65,66.2,2.16,6.0226
20210607,Kalaburagi,17.3297,76.8343,28.16,66.91,3.84,6.7428
20210608,Kalaburagi,17.3297,76.8343,29.19,62.39,4.13,6.8366
20210609,Kalaburagi,17.3297,76.8343,27.6,70.82,4.82,4.5197
20210610,Kalaburagi,17.3297,76.8343,25.63,76.85,5.99,4.7851
20210611,Kalaburagi,17.3297,76.8343,27.81,59.34,5.97,4.3646
20210612,Kalaburagi,17.3297,76.8343,27.14,74.46,4.57,5.3909
20210613,Kalaburagi,17.3297,76.8343,26.37,79.99,4.53,4.9392
20210614,Kalaburagi,17.3297,76.8343,25.63,75.98,4.03,4.6118
20210615,Kalaburagi,17.3297,76.8343,26.93,68.49,5.29,5.1113
20210616,Kalaburagi,17.3297,76.8343,26.51,71.19,5.51,4.8715
20210617,Kalaburagi,17.3297,76.8343,26.76,73.48,5.58,5.0683
20210618,Kalaburagi,17.3297,76.8343,27.03,72.94,5.86,4.6706
20210619,Kalaburagi,17.3297,76.8343,26.95,72.65,5.29,4.9728
20210620,Kalaburagi,17.3297,76.8343,26.79,71.78,4.77,6.443
20210621,Kalaburagi,17.3297,76.8343,27.2,69.96,3.82,5.9842
20210622,Kalaburagi,17.3297,76.8343,27.91,66.16,4.13,6.2693
20210623,Kalaburagi,17.3297,76.8343,26.69,70.92,3.55,4.8
20210624,Kalaburagi,17.3297,76.8343,26.8,68.54,4.4,3.2602
20210625,Kalaburagi,17.3297,76.8343,26.86,66.58,4.58,4.0673
20210626,Kalaburagi,17.3297,76.8343,25.82,75.82,3.68,4.4177
20210627,Kalaburagi,17.3297,76.8343,25.05,82.9,4.22,1.4455
20210628,Kalaburagi,17.3297,76.8343,27.02,74.32,1.59,4.8542
20210629,Kalaburagi,17.3297,76.8343,28.03,71.76,2.17,6.0703
20210630,Kalaburagi,17.3297,76.8343,28.44,68.28,3.55,6.6994
20210701,Kalaburagi,17.3297,76.8343,26.24,77.92,3.22,5.1113
20210702,Kalaburagi,17.3297,76.8343,26.51,73.48,3.67,4.698
20210703,Kalaburagi,17.3297,76.8343,27.93,68.91,3.41,5.9503
20210704,Kalaburagi,17.3297,76.8343,28.25,68.39,2.73,6.0725
20210705,Kalaburagi,17.3297,76.8343,27.73,72.81,2.67,3.8117
20210706,Kalaburagi,17.3297,76.8343,26.3,82.06,2.13,5.5378
20210707,Kalaburagi,17.3297,76.8343,27.85,73.84,1.62,5.1655
20210708,Kalaburagi,17.3297,76.8343,25.59,85.93,1.29,3.5062
20210709,Kalaburagi,17.3297,76.8343,25.05,85.8,2.74,4.6279
20210710,Kalaburagi,17.3297,76.8343,25.92,80.23,2.39,3.3331
20210711,Kalaburagi,17.3297,76.8343,24.56,86.88,4.43,3.0504
20210712,Kalaburagi,17.3297,76.8343,25.88,82.46,3.84,4.7057
20210713,Kalaburagi,17.3297,76.8343,24.43,85.79,4.12,3.4946
20210714,Kalaburagi,17.3297,76.8343,24.62,82.79,4.55,3.5491
20210715,Kalaburagi,17.3297,76.8343,26.18,82.59,3.54,3.5712
20210716,Kalaburagi,17.3297,76.8343,26.77,78.76,2.51,4.8744
20210717,Kalaburagi,17.3297,76.8343,26.63,82.23,3.12,5.4079
20210718,Kalaburagi,17.3297,76.8343,25.93,86.88,3.98,4.1846
20210719,Kalaburagi,17.3297,76.8343,26.0,80.91,5.81,4.1122
20210720,Kalaburagi,17.3297,76.8343,25.07,83.71,5.09,3.961
20210721,Kalaburagi,17.3297,76.8343,24.46,85.01,6.76,1.6243
20210722,Kalaburagi,17.3297,76.8343,24.66,85.32,7.04,1.2773
20210723,Kalaburagi,17.3297,76.8343,25.19,82.08,4.89,3.2186
20210724,Kalaburagi,17.3297,76.8343,26.42,76.96,4.65,5.0114
20210725,Kalaburagi,17.3297,76.8343,26.55,79.74,4.57,5.3498
20210726,Kalaburagi,17.3297,76.8343,26.41,78.41,5.29,5.2702
20210727,Kalaburagi,17.3297,76.8343,25.8,78.28,4.94,5.6628
20210728,Kalaburagi,17.3297,76.8343,25.92,76.25,5.13,4.7976
20210729,Kalaburagi,17.3297,76.8343,24.79,81.52,5.4,3.1594
20210730,Kalaburagi,17.3297,76.8343,24.15,84.8,4.32,3.3473
20210731,Kalaburagi,17.3297,76.8343,24.72,81.93,4.59,3.6252
20210801,Kalaburagi,17.3297,76.8343,25.79,76.68,5.22,3.6348
20210802,Kalaburagi,17.3297,76.8343,25.68,76.97,4.85,4.1078
20210803,Kalaburagi,17.3297,76.8343,26.2,76.6,4.57,4.7388
20210804,Kalaburagi,17.3297,76.8343,26.2,78.5,4.6,4.3063
20210805,Kalaburagi,17.3297,76.8343,26.21,77.68,4.49,3.954
20210806,Kalaburagi,17.3297,76.8343,26.54,76.38,4.27,5.1955
20210807,Kalaburagi,17.3297,76.8343,26.89,76.03,2.87,5.773
20210808,Kalaburagi,17.3297,76.8343,27.01,76.43,2.23,5.934
20210809,Kalaburagi,17.3297,76.8343,26.48,80.34,2.02,5.833
20210810,Kalaburagi,17.3297,76.8343,26.15,79.98,2.53,5.3285
20210811,Kalaburagi,17.3297,76.8343,25.9,80.37,2.69,6.2594
20210812,Kalaburagi,17.3297,76.8343,26.31,77.19,2.14,5.8411
20210813,Kalaburagi,17.3297,76.8343,26.12,77.41,2.61,5.2901
20210814,Kalaburagi,17.3297,76.8343,26.19,78.33,3.24,5.6767
20210815,Kalaburagi,17.3297,76.8343,26.04,77.96,3.12,4.8794
20210816,Kalaburagi,17.3297,76.8343,24.42,83.11,2.88,2.8678
20210817,Kalaburagi,17.3297,76.8343,23.79,86.25,2.7,2.5529
20210818,Kalaburagi,17.3297,76.8343,25.14,80.13,3.16,3.5381
20210819,Kalaburagi,17.3297,76.8343,23.81,86.16,3.33,3.8278
20210820,Kalaburagi,17.3297,76.8343,24.11,84.85,2.36,4.4033
20210821,Kalaburagi,17.3297,76.8343,24.44,84.27,2.41,4.0562
20210822,Kalaburagi,17.3297,76.8343,25.05,81.49,2.02,5.8392
20210823,Kalaburagi,17.3297,76.8343,25.71,80.82,1.14,6.1411
20210824,Kalaburagi,17.3297,76.8343,26.01,84.22,1.78,5.9014
20210825,Kalaburagi,17.3297,76.8343,24.97,88.14,2.3,5.2939
20210826,Kalaburagi,17.3297,76.8343,24.81,86.6,1.92,5.3167
20210827,Kalaburagi,17.3297,76.8343,25.97,80.54,1.82,5.3614
20210828,Kalaburagi,17.3297,76.8343,25.57,83.28,1.85,3.1834
20210829,Kalaburagi,17.3297,76.8343,24.22,87.45,3.59,4.0999
20210830,Kalaburagi,17.3297,76.8343,23.06,86.27,4.04,1.9241
20210831,Kalaburagi,17.3297,76.8343,23.46,86.18,3.39,2.7677
20210901,Kalaburagi,17.3297,76.8343,24.65,82.56,2.28,4.8434
20210902,Kalaburagi,17.3297,76.8343,26.17,79.99,1.67,4.8461
20210903,Kalaburagi,17.3297,76.8343,24.58,86.91,2.64,5.2531
20210904,Kalaburagi,17.3297,76.8343,24.42,87.83,2.11,5.0678
20210905,Kalaburagi,17.3297,76.8343,24.36,88.08,2.34,4.0519
20210906,Kalaburagi,17.3297,76.8343,23.55,90.14,2.7,2.653
20210907,Kalaburagi,17.3297,76.8343,23.72,89.15,3.81,1.3178
20210908,Kalaburagi,17.3297,76.8343,24.97,83.76,5.39,4.4458
20210909,Kalaburagi,17.3297,76.8343,25.31,82.75,3.84,4.5103
20210910,Kalaburagi,17.3297,76.8343,25.68,81.43,3.73,4.7918
20210911,Kalaburagi,17.3297,76.8343,25.84,82.92,3.57,4.1234
20210912,Kalaburagi,17.3297,76.8343,25.22,85.99,3.58,3.9886
20210913,Kalaburagi,17.3297,76.8343,24.63,91.79,3.23,4.0433
20210914,Kalaburagi,17.3297,76.8343,25.31,83.92,3.64,4.7923
20210915,Kalaburagi,17.3297,76.8343,25.51,81.78,3.27,5.7161
20210916,Kalaburagi,17.3297,76.8343,25.6,80.89,3.02,5.8145
20210917,Kalaburagi,17.3297,76.8343,25.17,81.53,2.41,5.6194
20210918,Kalaburagi,17.3297,76.8343,26.03,74.3,1.87,5.6018
20210919,Kalaburagi,17.3297,76.8343,26.21,76.86,1.53,5.5289
20210920,Kalaburagi,17.3297,76.8343,25.93,83.25,1.92,4.728
20210921,Kalaburagi,17.3297,76.8343,24.3,90.5,1.79,4.0586
20210922,Kalaburagi,17.3297,76.8343,24.51,89.11,2.53,4.3927
20210923,Kalaburagi,17.3297,76.8343,24.33,90.13,1.84,4.0774
20210924,Kalaburagi,17.3297,76.8343,24.93,85.11,1.95,4.656
20210925,Kalaburagi,17.3297,76.8343,24.42,89.43,1.82,4.6848
20210926,Kalaburagi,17.3297,76.8343,24.74,87.05,2.34,3.9586
20210927,Kalaburagi,17.3297,76.8343,24.15,92.48,2.46,2.8644
20210928,Kalaburagi,17.3297,76.8343,23.04,89.69,4.61,3.0355
20210929,Kalaburagi,17.3297,76.8343,23.83,82.38,2.26,5.0609
20210930,Kalaburagi,17.3297,76.8343,25.8,79.34,1.31,5.7576
20211001,Kalaburagi,17.3297,76.8343,26.16,82.79,1.0,5.4559
20211002,Kalaburagi,17.3297,76.8343,25.99,85.58,1.55,5.4468
20211003,Kalaburagi,17.3297,76.8343,25.53,84.09,1.24,5.4391
20211004,Kalaburagi,17.3297,76.8343,25.72,84.47,1.13,5.6021
20211005,Kalaburagi,17.3297,76.8343,25.4,89.1,1.36,5.0866
20211006,Kalaburagi,17.3297,76.8343,25.26,87.2,1.46,4.813
20211007,Kalaburagi,17.3297,76.8343,25.58,86.73,1.69,5.1845
20211008,Kalaburagi,17.3297,76.8343,25.59,87.35,0.91,5.095
20211009,Kalaburagi,17.3297,76.8343,24.41,91.11,1.85,4.249
20211010,Kalaburagi,17.3297,76.8343,24.27,91.06,1.27,4.0375
20211011,Kalaburagi,17.3297,76.8343,23.93,87.81,1.61,5.7907
20211012,Kalaburagi,17.3297,76.8343,23.67,81.69,1.56,5.9633
20211013,Kalaburagi,17.3297,76.8343,24.05,81.75,1.59,5.9611
20211014,Kalaburagi,17.3297,76.8343,24.31,82.44,1.74,4.5552
20211015,Kalaburagi,17.3297,76.8343,24.4,82.72,2.21,5.4821
20211016,Kalaburagi,17.3297,76.8343,23.53,93.38,2.18,3.3595
20211017,Kalaburagi,17.3297,76.8343,25.24,86.64,1.68,4.3649
20211018,Kalaburagi,17.3297,76.8343,25.38,83.25,2.53,5.537
20211019,Kalaburagi,17.3297,76.8343,24.5,82.84,1.69,5.2298
20211020,Kalaburagi,17.3297,76.8343,23.21,76.61,1.72,5.7785
20211021,Kalaburagi,17.3297,76.8343,22.66,78.5,1.94,5.9746
20211022,Kalaburagi,17.3297,76.8343,22.04,75.03,1.7,5.8219
20211023,Kalaburagi,17.3297,76.8343,22.97,73.47,1.12,5.7672
20211024,Kalaburagi,17.3297,76.8343,22.9,83.86,1.36,5.1509
20211025,Kalaburagi,17.3297,76.8343,22.09,78.44,2.04,5.3611
20211026,Kalaburagi,17.3297,76.8343,21.65,81.59,2.1,5.6093
20211027,Kalaburagi,17.3297,76.8343,21.19,80.91,2.48,5.5632
20211028,Kalaburagi,17.3297,76.8343,21.65,83.38,2.76,5.0052
20211029,Kalaburagi,17.3297,76.8343,23.0,84.95,3.09,4.9318
20211030,Kalaburagi,17.3297,76.8343,23.18,84.54,2.68,4.5919
20211031,Kalaburagi,17.3297,76.8343,23.01,84.6,2.44,4.3032
20211101,Kalaburagi,17.3297,76.8343,22.84,81.39,1.86,5.1425
20211102,Kalaburagi,17.3297,76.8343,22.66,90.79,1.54,4.4662
20211103,Kalaburagi,17.3297,76.8343,22.57,88.84,1.68,3.6931
20211104,Kalaburagi,17.3297,76.8343,23.33,87.52,2.02,3.9211
20211105,Kalaburagi,17.3297,76.8343,23.54,85.91,1.87,4.687
20211106,Kalaburagi,17.3297,76.8343,23.08,84.19,1.77,5.0112
20211107,Kalaburagi,17.3297,76.8343,21.36,82.73,2.07,4.914
20211108,Kalaburagi,17.3297,76.8343,20.12,78.13,2.14,5.0995
20211109,Kalaburagi,17.3297,76.8343,19.54,77.2,2.52,5.0532
20211110,Kalaburagi,17.3297,76.8343,19.37,77.23,2.27,4.5756
20211111,Kalaburagi,17.3297,76.8343,19.61,81.09,2.53,3.4344
20211112,Kalaburagi,17.3297,76.8343,21.66,85.58,2.88,3.4812
20211113,Kalaburagi,17.3297,76.8343,23.98,86.68,1.51,3.1721
20211114,Kalaburagi,17.3297,76.8343,24.54,86.76,1.53,3.7565
20211115,Kalaburagi,17.3297,76.8343,24.64,87.96,1.67,3.595
20211116,Kalaburagi,17.3297,76.8343,24.82,85.78,2.38,3.798
20211117,Kalaburagi,17.3297,76.8343,24.5,86.3,2.54,3.1483
20211118,Kalaburagi,17.3297,76.8343,24.08,86.37,1.33,3.5182
20211119,Kalaburagi,17.3297,76.8343,23.29,90.83,2.19,2.5193
20211120,Kalaburagi,17.3297,76.8343,24.1,87.5,2.5,3.1025
20211121,Kalaburagi,17.3297,76.8343,24.44,86.8,2.56,2.6962
20211122,Kalaburagi,17.3297,76.8343,24.83,84.67,1.19,4.2965
20211123,Kalaburagi,17.3297,76.8343,24.93,85.23,1.12,4.5794
20211124,Kalaburagi,17.3297,76.8343,24.44,85.6,2.14,4.3219
20211125,Kalaburagi,17.3297,76.8343,22.89,82.13,1.77,4.8518
20211126,Kalaburagi,17.3297,76.8343,21.45,80.88,1.54,4.6728
20211127,Kalaburagi,17.3297,76.8343,20.51,79.4,1.92,4.1357
20211128,Kalaburagi,17.3297,76.8343,19.97,75.5,2.24,4.638
20211129,Kalaburagi,17.3297,76.8343,21.66,84.18,2.4,2.5327
20211130,Kalaburagi,17.3297,76.8343,21.12,84.98,2.31,2.982
20211201,Kalaburagi,17.3297,76.8343,21.49,80.14,1.97,4.3286
20211202,Kalaburagi,17.3297,76.8343,20.83,87.47,1.61,2.4312
20211203,Kalaburagi,17.3297,76.8343,22.12,83.08,1.71,2.6402
20211204,Kalaburagi,17.3297,76.8343,21.96,79.63,1.79,4.001
20211205,Kalaburagi,17.3297,76.8343,22.45,77.85,1.48,4.2314
20211206,Kalaburagi,17.3297,76.8343,22.18,75.25,1.63,4.956
20211207,Kalaburagi,17.3297,76.8343,21.25,72.39,2.27,4.5026
20211208,Kalaburagi,17.3297,76.8343,21.42,77.87,1.96,4.505
20211209,Kalaburagi,17.3297,76.8343,21.78,84.07,2.1,3.6362
20211210,Kalaburagi,17.3297,76.8343,22.32,82.47,2.43,3.2501
20211211,Kalaburagi,17.3297,76.8343,22.23,80.91,2.27,4.11
20211212,Kalaburagi,17.3297,76.8343,21.64,80.61,2.03,4.2298
20211213,Kalaburagi,17.3297,76.8343,21.8,81.63,1.71,3.7414
20211214,Kalaburagi,17.3297,76.8343,21.51,81.51,1.95,3.2352
20211215,Kalaburagi,17.3297,76.8343,20.87,83.12,1.88,3.8294
20211216,Kalaburagi,17.3297,76.8343,20.29,73.88,1.63,4.3001
20211217,Kalaburagi,17.3297,76.8343,19.4,70.97,1.36,4.7988
20211218,Kalaburagi,17.3297,76.8343,19.18,66.41,2.03,4.6968
20211219,Kalaburagi,17.3297,76.8343,18.08,71.19,2.07,4.3531
20211220,Kalaburagi,17.3297,76.8343,17.17,65.7,1.86,4.5238
20211221,Kalaburagi,17.3297,76.8343,17.34,57.54,1.2,4.8218
20211222,Kalaburagi,17.3297,76.8343,18.89,54.13,0.93,4.8962
20211223,Kalaburagi,17.3297,76.8343,19.32,61.36,1.13,4.8211
20211224,Kalaburagi,17.3297,76.8343,20.19,62.14,1.48,4.6325
20211225,Kalaburagi,17.3297,76.8343,20.4,65.74,1.05,4.367
20211226,Kalaburagi,17.3297,76.8343,21.06,68.27,1.03,4.3013
20211227,Kalaburagi,17.3297,76.8343,21.31,72.38,1.31,3.6749
20211228,Kalaburagi,17.3297,76.8343,21.67,73.67,2.04,4.2041
20211229,Kalaburagi,17.3297,76.8343,21.13,71.68,1.66,4.2058
20211230,Kalaburagi,17.3297,76.8343,20.64,73.18,2.9,4.4671
20211231,Kalaburagi,17.3297,76.8343,21.02,74.42,2.38,4.3378
20220101,Kalaburagi,17.3297,76.8343,21.39,74.34,1.74,4.2166
20220102,Kalaburagi,17.3297,76.8343,21.71,74.23,1.94,4.1842
20220103,Kalaburagi,17.3297,76.8343,21.13,69.77,1.84,4.429
20220104,Kalaburagi,17.3297,76.8343,20.3,62.53,1.89,4.9114
20220105,Kalaburagi,17.3297,76.8343,20.26,69.13,1.6,4.5958
20220106,Kalaburagi,17.3297,76.8343,20.46,65.73,2.28,4.9867
20220107,Kalaburagi,17.3297,76.8343,21.85,70.22,2.76,4.7398
20220108,Kalaburagi,17.3297,76.8343,22.59,72.2,2.52,3.8246
20220109,Kalaburagi,17.3297,76.8343,22.85,68.13,2.38,4.518
20220110,Kalaburagi,17.3297,76.8343,23.24,69.84,2.28,4.0476
20220111,Kalaburagi,17.3297,76.8343,23.4,69.88,2.22,4.1803
20220112,Kalaburagi,17.3297,76.8343,22.43,65.08,1.34,4.757
20220113,Kalaburagi,17.3297,76.8343,22.57,66.84,1.81,4.0457
20220114,Kalaburagi,17.3297,76.8343,20.7,65.57,2.04,4.4686
20220115,Kalaburagi,17.3297,76.8343,21.71,66.93,2.42,4.1515
20220116,Kalaburagi,17.3297,76.8343,22.3,67.98,3.0,3.7159
20220117,Kalaburagi,17.3297,76.8343,21.7,69.93,1.97,3.9974
20220118,Kalaburagi,17.3297,76.8343,21.63,64.27,1.76,4.9874
20220119,Kalaburagi,17.3297,76.8343,21.04,58.35,1.66,5.3714
20220120,Kalaburagi,17.3297,76.8343,21.82,51.13,1.39,5.4701
20220121,Kalaburagi,17.3297,76.8343,22.61,49.67,1.64,5.5303
20220122,Kalaburagi,17.3297,76.8343,22.96,48.61,1.76,5.5903
20220123,Kalaburagi,17.3297,76.8343,21.25,63.94,3.19,5.3347
20220124,Kalaburagi,17.3297,76.8343,18.87,53.21,2.02,4.501
20220125,Kalaburagi,17.3297,76.8343,18.58,50.14,2.07,4.9013
20220126,Kalaburagi,17.3297,76.8343,19.41,48.83,2.29,4.9656
20220127,Kalaburagi,17.3297,76.8343,19.56,47.98,2.68,4.956
20220128,Kalaburagi,17.3297,76.8343,19.22,41.19,2.87,5.7994
20220129,Kalaburagi,17.3297,76.8343,19.13,35.74,2.22,6.096
20220130,Kalaburagi,17.3297,76.8343,21.28,32.5,1.33,5.964
20220131,Kalaburagi,17.3297,76.8343,23.4,28.31,1.12,5.8843
20220201,Kalaburagi,17.3297,76.8343,23.26,29.49,1.1,5.8258
20220202,Kalaburagi,17.3297,76.8343,24.05,41.29,1.05,5.6311
20220203,Kalaburagi,17.3297,76.8343,23.81,38.08,2.35,5.4132
20220204,Kalaburagi,17.3297,76.8343,21.61,40.53,2.12,6.192
20220205,Kalaburagi,17.3297,76.8343,22.48,29.05,1.44,6.1423
20220206,Kalaburagi,17.3297,76.8343,22.65,32.13,2.15,5.821
20220207,Kalaburagi,17.3297,76.8343,24.43,50.78,1.51,5.7074
20220208,Kalaburagi,17.3297,76.8343,25.27,49.38,2.12,5.045
20220209,Kalaburagi,17.3297,76.8343,25.83,44.86,1.99,5.0405
20220210,Kalaburagi,17.3297,76.8343,24.74,49.85,1.65,4.2262
20220211,Kalaburagi,17.3297,76.8343,24.39,45.1,3.56,4.788
20220212,Kalaburagi,17.3297,76.8343,23.57,33.39,2.34,5.6628
20220213,Kalaburagi,17.3297,76.8343,23.45,27.94,1.86,6.0091
20220214,Kalaburagi,17.3297,76.8343,23.89,39.17,1.93,5.7773
20220215,Kalaburagi,17.3297,76.8343,25.02,47.33,2.02,4.8182
20220216,Kalaburagi,17.3297,76.8343,26.17,39.19,1.86,4.3798
20220217,Kalaburagi,17.3297,76.8343,26.26,41.93,1.79,4.6243
20220218,Kalaburagi,17.3297,76.8343,26.25,44.3,3.08,4.5744
20220219,Kalaburagi,17.3297,76.8343,27.06,41.06,2.21,5.8128
20220220,Kalaburagi,17.3297,76.8343,27.19,34.79,1.49,5.8217
20220221,Kalaburagi,17.3297,76.8343,26.43,22.15,2.31,6.1805
20220222,Kalaburagi,17.3297,76.8343,26.1,22.48,1.79,6.2491
20220223,Kalaburagi,17.3297,76.8343,26.4,36.83,2.4,6.2441
20220224,Kalaburagi,17.3297,76.8343,26.9,41.13,2.92,6.2107
20220225,Kalaburagi,17.3297,76.8343,26.96,34.37,2.44,6.1958
20220226,Kalaburagi,17.3297,76.8343,26.17,31.85,3.08,6.4735
20220227,Kalaburagi,17.3297,76.8343,25.97,34.64,2.63,6.5786
20220228,Kalaburagi,17.3297,76.8343,25.96,32.55,2.3,6.5357
20220301,Kalaburagi,17.3297,76.8343,26.56,28.28,2.2,6.6314
20220302,Kalaburagi,17.3297,76.8343,26.8,27.19,2.22,6.4596
20220303,Kalaburagi,17.3297,76.8343,27.3,26.92,2.67,6.4152
20220304,Kalaburagi,17.3297,76.8343,27.99,32.7,2.21,6.1169
20220305,Kalaburagi,17.3297,76.8343,28.65,28.17,2.23,5.8008
20220306,Kalaburagi,17.3297,76.8343,28.41,29.77,2.87,5.5634
20220307,Kalaburagi,17.3297,76.8343,27.94,32.08,2.77,6.2208
20220308,Kalaburagi,17.3297,76.8343,28.54,34.01,1.72,6.2774
20220309,Kalaburagi,17.3297,76.8343,29.28,26.63,2.75,5.7917
20220310,Kalaburagi,17.3297,76.8343,28.81,25.91,2.12,3.913
20220311,Kalaburagi,17.3297,76.8343,29.42,31.64,1.41,3.3814
20220312,Kalaburagi,17.3297,76.8343,28.98,30.4,1.41,4.5823
20220313,Kalaburagi,17.3297,76.8343,29.78,29.01,2.3,5.7499
20220314,Kalaburagi,17.3297,76.8343,29.28,19.42,2.53,7.0507
20220315,Kalaburagi,17.3297,76.8343,29.38,15.4,2.6,6.8558
20220316,Kalaburagi,17.3297,76.8343,30.4,16.94,2.09,7.0087
20220317,Kalaburagi,17.3297,76.8343,31.06,15.69,2.05,7.1472
20220318,Kalaburagi,17.3297,76.8343,31.38,16.76,1.44,6.8285
20220319,Kalaburagi,17.3297,76.8343,31.47,24.96,1.58,6.2004
20220320,Kalaburagi,17.3297,76.8343,31.21,33.25,1.54,5.1367
20220321,Kalaburagi,17.3297,76.8343,31.81,24.18,1.97,5.3899
20220322,Kalaburagi,17.3297,76.8343,31.35,21.58,1.99,4.9087
20220323,Kalaburagi,17.3297,76.8343,31.86,22.54,1.75,5.2361
20220324,Kalaburagi,17.3297,76.8343,32.23,29.42,1.8,4.975
20220325,Kalaburagi,17.3297,76.8343,32.61,31.34,1.54,5.0777
20220326,Kalaburagi,17.3297,76.8343,33.53,29.56,1.76,5.1511
20220327,Kalaburagi,17.3297,76.8343,33.31,26.3,1.3,5.5246
20220328,Kalaburagi,17.3297,76.8343,33.52,20.43,1.27,6.4793
20220329,Kalaburagi,17.3297,76.8343,32.64,20.42,1.55,6.9758
20220330,Kalaburagi,17.3297,76.8343,32.46,14.24,1.8,7.3186
20220331,Kalaburagi,17.3297,76.8343,32.93,14.49,1.12,7.3865
20220401,Kalaburagi,17.3297,76.8343,32.95,18.67,0.79,7.4122
20220402,Kalaburagi,17.3297,76.8343,33.05,30.63,1.87,6.5266
20220403,Kalaburagi,17.3297,76.8343,33.67,25.6,2.0,6.1582
20220404,Kalaburagi,17.3297,76.8343,33.84,25.15,2.04,5.6419
20220405,Kalaburagi,17.3297,76.8343,33.76,27.67,2.25,6.2597
20220406,Kalaburagi,17.3297,76.8343,33.85,24.25,2.14,5.7902
20220407,Kalaburagi,17.3297,76.8343,33.96,23.64,2.39,5.8742
20220408,Kalaburagi,17.3297,76.8343,33.56,26.65,2.4,6.0662
20220409,Kalaburagi,17.3297,76.8343,33.1,33.88,1.92,5.617
20220410,Kalaburagi,17.3297,76.8343,34.15,29.53,1.73,5.8716
20220411,Kalaburagi,17.3297,76.8343,34.0,27.9,2.18,5.7605
20220412,Kalaburagi,17.3297,76.8343,34.36,28.86,1.44,5.7266
20220413,Kalaburagi,17.3297,76.8343,33.75,25.73,1.9,5.9518
20220414,Kalaburagi,17.3297,76.8343,33.5,31.04,2.08,5.9467
20220415,Kalaburagi,17.3297,76.8343,33.9,30.06,1.79,4.4875
20220416,Kalaburagi,17.3297,76.8343,34.27,23.65,1.63,6.4222
20220417,Kalaburagi,17.3297,76.8343,33.75,26.66,2.04,6.8815
20220418,Kalaburagi,17.3297,76.8343,33.59,31.38,2.6,6.7418
20220419,Kalaburagi,17.3297,76.8343,34.22,30.86,2.32,6.4267
20220420,Kalaburagi,17.3297,76.8343,34.39,29.25,2.33,6.9703
20220421,Kalaburagi,17.3297,76.8343,35.41,23.41,1.48,6.0557
20220422,Kalaburagi,17.3297,76.8343,30.89,45.49,2.27,5.3201
20220423,Kalaburagi,17.3297,76.8343,29.11,52.7,1.06,5.2301
20220424,Kalaburagi,17.3297,76.8343,28.39,56.78,1.93,3.9758
20220425,Kalaburagi,17.3297,76.8343,31.47,45.64,1.29,6.6386
20220426,Kalaburagi,17.3297,76.8343,32.2,45.89,1.11,6.2201
20220427,Kalaburagi,17.3297,76.8343,33.83,35.06,1.75,6.6372
20220428,Kalaburagi,17.3297,76.8343,34.26,33.26,1.99,5.4674
20220429,Kalaburagi,17.3297,76.8343,33.68,33.59,2.82,6.8222
20220430,Kalaburagi,17.3297,76.8343,34.96,23.9,2.23,7.1522
20220501,Kalaburagi,17.3297,76.8343,34.72,22.71,2.81,7.1213
20220502,Kalaburagi,17.3297,76.8343,34.16,26.93,2.66,6.797
20220503,Kalaburagi,17.3297,76.8343,34.95,27.07,3.19,6.624
20220504,Kalaburagi,17.3297,76.8343,33.76,38.95,1.68,5.7338
20220505,Kalaburagi,17.3297,76.8343,32.43,48.15,2.21,6.829
20220506,Kalaburagi,17.3297,76.8343,33.95,36.22,1.95,6.8266
20220507,Kalaburagi,17.3297,76.8343,34.34,30.79,2.69,5.8942
20220508,Kalaburagi,17.3297,76.8343,34.56,30.78,2.53,5.0441
20220509,Kalaburagi,17.3297,76.8343,35.28,26.05,3.03,5.922
20220510,Kalaburagi,17.3297,76.8343,33.93,25.35,2.89,5.166
20220511,Kalaburagi,17.3297,76.8343,32.72,39.14,2.93,2.6537
20220512,Kalaburagi,17.3297,76.8343,33.0,40.85,3.22,4.7393
20220513,Kalaburagi,17.3297,76.8343,33.71,40.55,2.98,4.5509
20220514,Kalaburagi,17.3297,76.8343,34.29,39.07,2.87,5.8882
20220515,Kalaburagi,17.3297,76.8343,34.8,37.94,2.79,6.2669
20220516,Kalaburagi,17.3297,76.8343,32.19,52.49,3.32,5.1994
20220517,Kalaburagi,17.3297,76.8343,29.44,65.99,2.24,4.5694
20220518,Kalaburagi,17.3297,76.8343,30.25,60.44,1.66,4.0087
20220519,Kalaburagi,17.3297,76.8343,29.88,63.75,2.44,3.7582
20220520,Kalaburagi,17.3297,76.8343,29.49,64.73,3.04,3.1522
20220521,Kalaburagi,17.3297,76.8343,29.08,59.05,4.75,4.6723
20220522,Kalaburagi,17.3297,76.8343,29.39,57.89,5.72,7.29
20220523,Kalaburagi,17.3297,76.8343,29.88,58.73,4.65,7.2886
20220524,Kalaburagi,17.3297,76.8343,30.52,55.34,3.76,7.093
20220525,Kalaburagi,17.3297,76.8343,31.24,49.63,3.62,6.5554
20220526,Kalaburagi,17.3297,76.8343,31.33,45.83,4.24,6.6125
20220527,Kalaburagi,17.3297,76.8343,30.62,49.65,4.41,7.3183
20220528,Kalaburagi,17.3297,76.8343,31.01,43.25,4.4,7.4969
20220529,Kalaburagi,17.3297,76.8343,32.23,43.11,4.28,7.3694
20220530,Kalaburagi,17.3297,76.8343,33.27,41.19,3.64,7.199
20220531,Kalaburagi,17.3297,76.8343,32.17,44.42,3.82,3.7198
20220601,Kalaburagi,17.3297,76.8343,30.39,53.94,3.46,5.821
20220602,Kalaburagi,17.3297,76.8343,31.98,49.03,3.39,6.2789
20220603,Kalaburagi,17.3297,76.8343,32.81,41.46,3.98,4.6582
20220604,Kalaburagi,17.3297,76.8343,31.08,43.9,3.8,6.2155
20220605,Kalaburagi,17.3297,76.8343,32.18,46.6,3.33,6.3362
20220606,Kalaburagi,17.3297,76.8343,30.67,53.09,3.66,5.4996
20220607,Kalaburagi,17.3297,76.8343,31.68,47.92,4.37,6.6226
20220608,Kalaburagi,17.3297,76.8343,31.0,52.04,4.25,6.0461
20220609,Kalaburagi,17.3297,76.8343,29.62,60.93,4.11,6.2746
20220610,Kalaburagi,17.3297,76.8343,28.98,64.09,3.09,6.1795
20220611,Kalaburagi,17.3297,76.8343,29.06,61.74,4.54,6.2407
20220612,Kalaburagi,17.3297,76.8343,29.01,58.54,3.64,5.771
20220613,Kalaburagi,17.3297,76.8343,29.7,54.01,3.04,6.6115
20220614,Kalaburagi,17.3297,76.8343,28.99,61.27,2.58,5.9971
20220615,Kalaburagi,17.3297,76.8343,25.39,71.97,3.22,5.1144
20220616,Kalaburagi,17.3297,76.8343,28.41,65.21,2.82,5.5267
20220617,Kalaburagi,17.3297,76.8343,27.8,67.61,2.07,6.2342
20220618,Kalaburagi,17.3297,76.8343,28.1,69.03,2.24,4.613
20220619,Kalaburagi,17.3297,76.8343,28.27,64.92,3.34,5.7146
20220620,Kalaburagi,17.3297,76.8343,27.32,70.69,2.92,5.6652
20220621,Kalaburagi,17.3297,76.8343,26.63,73.09,4.05,4.3517
20220622,Kalaburagi,17.3297,76.8343,26.8,74.28,3.31,4.9248
20220623,Kalaburagi,17.3297,76.8343,27.37,71.13,1.69,5.0983
20220624,Kalaburagi,17.3297,76.8343,26.62,73.91,2.65,4.849
20220625,Kalaburagi,17.3297,76.8343,26.02,77.65,3.64,4.2389
20220626,Kalaburagi,17.3297,76.8343,25.76,77.7,3.79,3.9674
20220627,Kalaburagi,17.3297,76.8343,26.08,75.07,4.1,3.5234
20220628,Kalaburagi,17.3297,76.8343,26.7,72.75,3.5,5.0906
20220629,Kalaburagi,17.3297,76.8343,27.16,73.57,3.52,5.8217
20220630,Kalaburagi,17.3297,76.8343,27.86,65.4,4.63,5.7694
20220701,Kalaburagi,17.3297,76.8343,28.16,65.82,3.96,5.3585
20220702,Kalaburagi,17.3297,76.8343,27.54,70.7,4.22,4.9702
20220703,Kalaburagi,17.3297,76.8343,27.21,73.19,3.96,5.2877
20220704,Kalaburagi,17.3297,76.8343,26.2,75.2,4.39,4.4671
20220705,Kalaburagi,17.3297,76.8343,26.81,73.87,5.14,4.103
20220706,Kalaburagi,17.3297,76.8343,26.38,76.08,4.3,3.1294
20220707,Kalaburagi,17.3297,76.8343,26.07,77.15,4.64,3.2455
20220708,Kalaburagi,17.3297,76.8343,25.55,80.27,5.27,2.0078
20220709,Kalaburagi,17.3297,76.8343,24.28,87.46,5.32,1.2667
20220710,Kalaburagi,17.3297,76.8343,24.72,83.11,6.51,2.2428
20220711,Kalaburagi,17.3297,76.8343,24.64,83.72,6.1,2.736
20220712,Kalaburagi,17.3297,76.8343,23.51,86.52,6.88,1.3855
20220713,Kalaburagi,17.3297,76.8343,23.11,89.06,8.15,1.1165
20220714,Kalaburagi,17.3297,76.8343,23.37,85.32,7.63,2.7151
20220715,Kalaburagi,17.3297,76.8343,24.88,78.95,6.22,4.0975
20220716,Kalaburagi,17.3297,76.8343,25.82,79.61,4.58,4.5634
20220717,Kalaburagi,17.3297,76.8343,25.04,86.23,4.13,4.4042
20220718,Kalaburagi,17.3297,76.8343,25.39,80.81,4.77,3.265
20220719,Kalaburagi,17.3297,76.8343,26.19,78.53,4.13,5.3498
20220720,Kalaburagi,17.3297,76.8343,26.56,77.78,3.84,6.5702
20220721,Kalaburagi,17.3297,76.8343,25.68,80.42,3.56,4.8444
20220722,Kalaburagi,17.3297,76.8343,24.22,87.06,3.69,4.056
20220723,Kalaburagi,17.3297,76.8343,24.47,85.65,3.98,3.114
20220724,Kalaburagi,17.3297,76.8343,25.29,81.27,4.05,3.3898
20220725,Kalaburagi,17.3297,76.8343,25.81,79.23,2.85,5.5445
20220726,Kalaburagi,17.3297,76.8343,25.15,82.9,2.57,2.7377
20220727,Kalaburagi,17.3297,76.8343,26.26,78.24,0.67,5.1809
20220728,Kalaburagi,17.3297,76.8343,26.7,80.54,0.76,5.6705
20220729,Kalaburagi,17.3297,76.8343,26.2,84.11,2.11,5.863
20220730,Kalaburagi,17.3297,76.8343,26.02,85.59,2.05,5.5138
20220731,Kalaburagi,17.3297,76.8343,25.89,83.49,1.77,5.2399
20220801,Kalaburagi,17.3297,76.8343,26.11,83.11,2.59,4.0392
20220802,Kalaburagi,17.3297,76.8343,25.12,87.18,2.42,3.0785
20220803,Kalaburagi,17.3297,76.8343,25.64,85.87,2.01,2.6789
20220804,Kalaburagi,17.3297,76.8343,25.35,88.87,2.67,4.2785
20220805,Kalaburagi,17.3297,76.8343,25.18,86.54,2.49,4.7695
20220806,Kalaburagi,17.3297,76.8343,25.4,82.46,3.2,4.6051
20220807,Kalaburagi,17.3297,76.8343,23.99,89.57,3.96,3.5431
20220808,Kalaburagi,17.3297,76.8343,23.56,89.52,5.34,2.0854
20220809,Kalaburagi,17.3297,76.8343,23.64,88.35,5.8,2.9599
20220810,Kalaburagi,17.3297,76.8343,24.34,82.66,6.24,3.8093
20220811,Kalaburagi,17.3297,76.8343,24.92,82.82,5.17,4.5338
20220812,Kalaburagi,17.3297,76.8343,25.11,81.23,5.1,3.8635
20220813,Kalaburagi,17.3297,76.8343,24.75,82.73,4.34,3.8208
20220814,Kalaburagi,17.3297,76.8343,24.21,85.56,3.9,2.4648
20220815,Kalaburagi,17.3297,76.8343,23.63,87.32,4.26,2.3635
20220816,Kalaburagi,17.3297,76.8343,24.83,82.78,3.82,5.0959
20220817,Kalaburagi,17.3297,76.8343,25.5,80.82,3.69,5.6604
20220818,Kalaburagi,17.3297,76.8343,25.46,82.61,3.36,5.8891
20220819,Kalaburagi,17.3297,76.8343,25.44,81.7,4.14,4.9942
20220820,Kalaburagi,17.3297,76.8343,25.49,82.92,4.14,4.7122
20220821,Kalaburagi,17.3297,76.8343,25.46,81.12,4.24,4.8871
20220822,Kalaburagi,17.3297,76.8343,25.58,80.66,4.49,4.5434
20220823,Kalaburagi,17.3297,76.8343,25.64,82.55,3.38,4.5982
20220824,Kalaburagi,17.3297,76.8343,25.87,81.88,2.42,5.9273
20220825,Kalaburagi,17.3297,76.8343,25.43,80.72,2.27,5.9198
20220826,Kalaburagi,17.3297,76.8343,25.54,82.83,2.02,5.5205
20220827,Kalaburagi,17.3297,76.8343,24.84,81.87,2.35,5.2685
20220828,Kalaburagi,17.3297,76.8343,24.66,82.87,2.06,5.5903
20220829,Kalaburagi,17.3297,76.8343,25.72,77.85,1.6,3.2542
20220830,Kalaburagi,17.3297,76.8343,25.65,84.6,1.91,4.8228
20220831,Kalaburagi,17.3297,76.8343,25.99,83.94,1.52,5.5553
20220901,Kalaburagi,17.3297,76.8343,25.64,85.04,1.44,6.1656
20220902,Kalaburagi,17.3297,76.8343,25.78,83.95,1.86,5.8706
20220903,Kalaburagi,17.3297,76.8343,26.89,78.81,0.8,6.3362
20220904,Kalaburagi,17.3297,76.8343,26.22,84.11,1.41,4.1918
20220905,Kalaburagi,17.3297,76.8343,25.7,79.77,1.53,5.8644
20220906,Kalaburagi,17.3297,76.8343,26.25,79.46,1.19,5.123
20220907,Kalaburagi,17.3297,76.8343,25.28,86.81,0.82,5.7283
20220908,Kalaburagi,17.3297,76.8343,24.7,86.42,0.87,4.1935
20220909,Kalaburagi,17.3297,76.8343,25.0,90.09,1.12,4.3572
20220910,Kalaburagi,17.3297,76.8343,24.16,93.24,1.91,2.6868
20220911,Kalaburagi,17.3297,76.8343,24.33,90.67,2.69,2.4842
20220912,Kalaburagi,17.3297,76.8343,24.54,88.24,3.61,2.9438
20220913,Kalaburagi,17.3297,76.8343,24.82,84.59,3.93,3.7162
20220914,Kalaburagi,17.3297,76.8343,25.17,83.4,3.52,4.3774
20220915,Kalaburagi,17.3297,76.8343,24.86,85.14,3.75,4.428
20220916,Kalaburagi,17.3297,76.8343,25.23,83.36,4.09,4.1122
20220917,Kalaburagi,17.3297,76.8343,25.26,83.11,2.92,5.0434
20220918,Kalaburagi,17.3297,76.8343,25.22,81.62,2.93,5.8039
20220919,Kalaburagi,17.3297,76.8343,23.41,86.24,3.75,2.9736
20220920,Kalaburagi,17.3297,76.8343,23.04,86.21,3.58,2.5032
20220921,Kalaburagi,17.3297,76.8343,23.46,86.57,2.96,4.3994
20220922,Kalaburagi,17.3297,76.8343,24.3,81.74,3.2,3.7949
20220923,Kalaburagi,17.3297,76.8343,23.85,80.23,2.64,4.9577
20220924,Kalaburagi,17.3297,76.8343,24.64,79.89,2.26,5.7038
20220925,Kalaburagi,17.3297,76.8343,25.28,81.72,1.88,5.4055
20220926,Kalaburagi,17.3297,76.8343,25.35,84.54,1.27,3.9444
20220927,Kalaburagi,17.3297,76.8343,25.39,83.93,1.38,4.3999
20220928,Kalaburagi,17.3297,76.8343,25.48,84.95,1.28,3.5182
20220929,Kalaburagi,17.3297,76.8343,25.29,84.46,1.19,5.2061
20220930,Kalaburagi,17.3297,76.8343,25.1,83.86,1.44,5.1545
20221001,Kalaburagi,17.3297,76.8343,25.4,82.41,2.17,5.0474
20221002,Kalaburagi,17.3297,76.8343,24.88,81.26,2.95,5.8634
20221003,Kalaburagi,17.3297,76.8343,24.69,82.41,3.01,5.2913
20221004,Kalaburagi,17.3297,76.8343,24.72,83.49,2.93,5.0201
20221005,Kalaburagi,17.3297,76.8343,24.23,88.38,1.62,3.93
20221006,Kalaburagi,17.3297,76.8343,23.77,89.68,2.27,2.1715
20221007,Kalaburagi,17.3297,76.8343,23.86,89.22,1.69,3.5899
20221008,Kalaburagi,17.3297,76.8343,24.76,82.72,1.35,5.7773
20221009,Kalaburagi,17.3297,76.8343,24.95,85.36,1.15,4.1878
20221010,Kalaburagi,17.3297,76.8343,24.36,88.74,1.48,4.5746
20221011,Kalaburagi,17.3297,76.8343,24.74,88.93,2.04,4.1407
20221012,Kalaburagi,17.3297,76.8343,24.73,87.66,1.74,3.9197
20221013,Kalaburagi,17.3297,76.8343,24.98,85.93,1.02,4.5494
20221014,Kalaburagi,17.3297,76.8343,24.0,90.43,1.18,3.4517
20221015,Kalaburagi,17.3297,76.8343,24.18,88.57,2.47,4.1189
20221016,Kalaburagi,17.3297,76.8343,25.08,85.95,2.34,3.943
20221017,Kalaburagi,17.3297,76.8343,25.14,85.0,1.67,4.7561
20221018,Kalaburagi,17.3297,76.8343,25.13,83.64,1.09,5.1058
20221019,Kalaburagi,17.3297,76.8343,25.08,83.86,0.9,5.0854
20221020,Kalaburagi,17.3297,76.8343,24.45,87.84,1.37,4.079
20221021,Kalaburagi,17.3297,76.8343,24.42,82.72,1.83,3.6902
20221022,Kalaburagi,17.3297,76.8343,21.96,76.74,2.76,5.9508
20221023,Kalaburagi,17.3297,76.8343,19.86,80.1,2.41,6.192
20221024,Kalaburagi,17.3297,76.8343,20.54,76.86,1.83,6.007
20221025,Kalaburagi,17.3297,76.8343,20.84,71.28,1.5,6.0612
20221026,Kalaburagi,17.3297,76.8343,20.52,73.04,1.65,5.6484
20221027,Kalaburagi,17.3297,76.8343,20.5,69.84,1.34,5.9801
20221028,Kalaburagi,17.3297,76.8343,20.36,73.95,1.74,6.0583
20221029,Kalaburagi,17.3297,76.8343,20.1,72.33,2.24,6.066
20221030,Kalaburagi,17.3297,76.8343,19.73,75.93,2.39,5.9494
20221031,Kalaburagi,17.3297,76.8343,19.76,78.08,2.08,5.6789
20221101,Kalaburagi,17.3297,76.8343,20.63,78.27,1.77,4.7275
20221102,Kalaburagi,17.3297,76.8343,22.58,83.99,2.15,4.6637
20221103,Kalaburagi,17.3297,76.8343,22.87,81.17,1.67,5.3626
20221104,Kalaburagi,17.3297,76.8343,22.91,80.65,1.81,5.0246
20221105,Kalaburagi,17.3297,76.8343,22.82,80.24,1.7,4.9939
20221106,Kalaburagi,17.3297,76.8343,21.6,73.55,1.82,5.6534
20221107,Kalaburagi,17.3297,76.8343,21.07,73.59,1.55,5.4562
20221108,Kalaburagi,17.3297,76.8343,21.37,77.4,1.52,5.3998
20221109,Kalaburagi,17.3297,76.8343,20.59,73.1,1.98,5.5051
20221110,Kalaburagi,17.3297,76.8343,19.97,75.93,2.35,5.2723
20221111,Kalaburagi,17.3297,76.8343,19.83,76.76,2.82,5.1463
20221112,Kalaburagi,17.3297,76.8343,20.38,76.3,2.74,4.8425
20221113,Kalaburagi,17.3297,76.8343,21.14,77.27,2.6,5.1583
20221114,Kalaburagi,17.3297,76.8343,21.86,77.92,1.83,4.7981
20221115,Kalaburagi,17.3297,76.8343,20.89,73.99,1.78,4.7851
20221116,Kalaburagi,17.3297,76.8343,19.47,69.46,1.58,5.3832
20221117,Kalaburagi,17.3297,76.8343,19.02,67.99,1.99,5.2752
20221118,Kalaburagi,17.3297,76.8343,18.89,70.49,2.04,4.8888
20221119,Kalaburagi,17.3297,76.8343,18.71,73.5,2.39,5.0791
20221120,Kalaburagi,17.3297,76.8343,18.01,72.01,2.15,5.0866
20221121,Kalaburagi,17.3297,76.8343,19.8,68.7,2.01,4.3078
20221122,Kalaburagi,17.3297,76.8343,21.76,75.38,2.26,4.229
20221123,Kalaburagi,17.3297,76.8343,23.09,77.04,2.27,3.4034
20221124,Kalaburagi,17.3297,76.8343,23.41,80.38,1.92,3.5748
20221125,Kalaburagi,17.3297,76.8343,23.74,79.15,2.04,3.6127
20221126,Kalaburagi,17.3297,76.8343,22.31,71.72,1.98,3.8873
20221127,Kalaburagi,17.3297,76.8343,21.75,68.07,1.42,4.4695
20221128,Kalaburagi,17.3297,76.8343,21.76,66.31,1.44,4.4138
20221129,Kalaburagi,17.3297,76.8343,21.3,64.64,1.64,5.0966
20221130,Kalaburagi,17.3297,76.8343,19.9,60.59,1.5,5.0621
20221201,Kalaburagi,17.3297,76.8343,20.48,62.81,1.08,4.6817
20221202,Kalaburagi,17.3297,76.8343,22.77,74.85,1.16,3.6389
20221203,Kalaburagi,17.3297,76.8343,23.75,76.71,1.73,3.7925
20221204,Kalaburagi,17.3297,76.8343,23.86,74.82,1.76,3.8426
20221205,Kalaburagi,17.3297,76.8343,22.58,68.01,2.02,4.2314
20221206,Kalaburagi,17.3297,76.8343,21.02,64.64,1.98,4.8086
20221207,Kalaburagi,17.3297,76.8343,20.83,69.56,2.32,3.7572
20221208,Kalaburagi,17.3297,76.8343,20.08,62.49,2.66,4.6747
20221209,Kalaburagi,17.3297,76.8343,19.67,58.66,2.78,4.9099
20221210,Kalaburagi,17.3297,76.8343,21.28,69.07,2.88,3.0019
20221211,Kalaburagi,17.3297,76.8343,23.05,76.37,3.19,3.0871
20221212,Kalaburagi,17.3297,76.8343,23.34,78.09,2.09,3.3338
20221213,Kalaburagi,17.3297,76.8343,23.2,79.58,1.89,3.3538
20221214,Kalaburagi,17.3297,76.8343,24.65,74.14,1.86,4.5122
20221215,Kalaburagi,17.3297,76.8343,25.13,69.41,1.57,4.2204
20221216,Kalaburagi,17.3297,76.8343,25.04,66.82,1.36,4.2458
20221217,Kalaburagi,17.3297,76.8343,24.63,66.46,1.98,3.8875
20221218,Kalaburagi,17.3297,76.8343,22.97,58.59,2.79,5.0592
20221219,Kalaburagi,17.3297,76.8343,21.38,51.8,1.72,5.1979
20221220,Kalaburagi,17.3297,76.8343,21.96,58.17,1.48,5.0066
20221221,Kalaburagi,17.3297,76.8343,22.24,57.01,1.46,4.8734
20221222,Kalaburagi,17.3297,76.8343,22.34,59.24,1.6,4.9723
20221223,Kalaburagi,17.3297,76.8343,22.72,59.84,1.29,5.1374
20221224,Kalaburagi,17.3297,76.8343,22.1,54.51,1.37,4.6025
20221225,Kalaburagi,17.3297,76.8343,22.15,56.13,1.66,4.9879
20221226,Kalaburagi,17.3297,76.8343,24.62,69.48,2.17,4.1702
20221227,Kalaburagi,17.3297,76.8343,25.48,66.74,1.59,4.7731
20221228,Kalaburagi,17.3297,76.8343,25.15,62.18,1.34,4.8401
20221229,Kalaburagi,17.3297,76.8343,23.97,58.91,1.51,4.6704
20221230,Kalaburagi,17.3297,76.8343,24.05,58.23,1.06,4.284
20221231,Kalaburagi,17.3297,76.8343,23.54,52.91,1.22,4.7074
20230101,Kalaburagi,17.3297,76.8343,23.02,51.38,1.37,4.7086
20230102,Kalaburagi,17.3297,76.8343,23.29,59.06,1.65,4.4542
20230103,Kalaburagi,17.3297,76.8343,23.78,61.16,1.13,3.9842
20230104,Kalaburagi,17.3297,76.8343,23.65,60.72,2.01,4.2538
20230105,Kalaburagi,17.3297,76.8343,23.58,61.52,2.63,3.9542
20230106,Kalaburagi,17.3297,76.8343,22.72,66.96,2.63,2.8507
20230107,Kalaburagi,17.3297,76.8343,22.52,55.66,2.73,3.8683
20230108,Kalaburagi,17.3297,76.8343,20.65,35.73,2.45,5.5824
20230109,Kalaburagi,17.3297,76.8343,19.85,26.64,2.03,5.7005
20230110,Kalaburagi,17.3297,76.8343,20.8,31.25,1.71,5.5296
20230111,Kalaburagi,17.3297,76.8343,21.8,34.04,0.94,5.1898
20230112,Kalaburagi,17.3297,76.8343,22.12,35.84,1.29,5.1583
20230113,Kalaburagi,17.3297,76.8343,22.25,32.55,1.06,5.1672
20230114,Kalaburagi,17.3297,76.8343,21.94,38.39,1.14,5.2152
20230115,Kalaburagi,17.3297,76.8343,23.06,41.59,1.44,5.1026
20230116,Kalaburagi,17.3297,76.8343,22.44,40.54,1.7,5.4305
20230117,Kalaburagi,17.3297,76.8343,22.56,43.52,1.68,5.5433
20230118,Kalaburagi,17.3297,76.8343,22.27,47.04,1.1,5.4698
20230119,Kalaburagi,17.3297,76.8343,22.58,49.52,1.74,5.3642
20230120,Kalaburagi,17.3297,76.8343,22.79,49.88,2.53,5.1182
20230121,Kalaburagi,17.3297,76.8343,22.84,52.57,1.91,5.1816
20230122,Kalaburagi,17.3297,76.8343,22.93,48.78,2.01,5.2488
20230123,Kalaburagi,17.3297,76.8343,23.4,54.67,2.61,4.999
20230124,Kalaburagi,17.3297,76.8343,24.17,52.73,2.71,5.2622
20230125,Kalaburagi,17.3297,76.8343,24.31,44.97,2.82,5.2394
20230126,Kalaburagi,17.3297,76.8343,23.41,41.46,2.42,5.6165
20230127,Kalaburagi,17.3297,76.8343,23.51,40.51,2.41,5.6218
20230128,Kalaburagi,17.3297,76.8343,23.84,38.4,1.57,5.5546
20230129,Kalaburagi,17.3297,76.8343,24.12,41.97,2.96,5.3249
20230130,Kalaburagi,17.3297,76.8343,25.05,52.28,2.84,4.7902
20230131,Kalaburagi,17.3297,76.8343,25.34,46.04,2.02,4.1179
20230201,Kalaburagi,17.3297,76.8343,24.75,40.85,3.16,4.0606
20230202,Kalaburagi,17.3297,76.8343,24.0,32.41,3.47,5.5044
20230203,Kalaburagi,17.3297,76.8343,23.54,21.42,2.31,5.8711
20230204,Kalaburagi,17.3297,76.8343,24.55,26.78,1.46,5.9681
20230205,Kalaburagi,17.3297,76.8343,24.66,26.83,1.6,5.9006
20230206,Kalaburagi,17.3297,76.8343,25.34,31.89,1.34,5.5322
20230207,Kalaburagi,17.3297,76.8343,25.92,25.52,1.24,5.1607
20230208,Kalaburagi,17.3297,76.8343,26.14,28.17,2.68,5.4475
20230209,Kalaburagi,17.3297,76.8343,25.76,19.64,2.0,5.8246
20230210,Kalaburagi,17.3297,76.8343,25.65,20.13,1.74,6.3127
20230211,Kalaburagi,17.3297,76.8343,25.89,19.41,1.53,6.3749
20230212,Kalaburagi,17.3297,76.8343,26.13,17.12,2.74,6.3756
20230213,Kalaburagi,17.3297,76.8343,25.25,19.51,3.22,6.6209
20230214,Kalaburagi,17.3297,76.8343,25.03,13.32,2.6,6.7049
20230215,Kalaburagi,17.3297,76.8343,25.17,13.06,2.51,6.709
20230216,Kalaburagi,17.3297,76.8343,26.02,15.77,2.57,6.6794
20230217,Kalaburagi,17.3297,76.8343,25.98,18.37,2.56,6.5803
20230218,Kalaburagi,17.3297,76.8343,25.99,20.58,2.18,6.4351
20230219,Kalaburagi,17.3297,76.8343,26.03,29.55,2.28,6.1783
20230220,Kalaburagi,17.3297,76.8343,26.49,29.42,1.63,6.3389
20230221,Kalaburagi,17.3297,76.8343,27.25,20.72,1.4,6.5006
20230222,Kalaburagi,17.3297,76.8343,27.14,17.38,1.19,6.2832
20230223,Kalaburagi,17.3297,76.8343,26.73,20.48,1.21,6.4601
20230224,Kalaburagi,17.3297,76.8343,26.73,19.91,2.32,6.599
20230225,Kalaburagi,17.3297,76.8343,26.67,15.72,1.92,6.6029
20230226,Kalaburagi,17.3297,76.8343,26.66,19.07,1.57,6.5539
20230227,Kalaburagi,17.3297,76.8343,26.32,31.11,2.14,6.3295
20230228,Kalaburagi,17.3297,76.8343,26.62,30.97,2.58,6.3113
20230301,Kalaburagi,17.3297,76.8343,26.59,29.62,2.52,6.0427
20230302,Kalaburagi,17.3297,76.8343,26.82,29.78,2.52,6.0955
20230303,Kalaburagi,17.3297,76.8343,27.43,28.37,2.4,5.5294
20230304,Kalaburagi,17.3297,76.8343,27.83,28.54,1.97,5.7211
20230305,Kalaburagi,17.3297,76.8343,27.63,27.78,2.01,5.9328
20230306,Kalaburagi,17.3297,76.8343,27.83,26.16,1.88,5.7665
20230307,Kalaburagi,17.3297,76.8343,27.41,25.63,2.44,5.8934
20230308,Kalaburagi,17.3297,76.8343,27.69,23.57,2.15,6.0293
20230309,Kalaburagi,17.3297,76.8343,27.42,28.63,1.47,5.5286
20230310,Kalaburagi,17.3297,76.8343,28.06,29.5,1.38,5.8385
20230311,Kalaburagi,17.3297,76.8343,28.89,30.2,2.41,5.311
20230312,Kalaburagi,17.3297,76.8343,28.61,28.52,2.59,5.6292
20230313,Kalaburagi,17.3297,76.8343,28.42,26.01,2.18,5.466
20230314,Kalaburagi,17.3297,76.8343,28.79,21.44,1.59,5.6779
20230315,Kalaburagi,17.3297,76.8343,28.42,26.69,2.0,5.219
20230316,Kalaburagi,17.3297,76.8343,27.33,37.12,1.95,3.8791
20230317,Kalaburagi,17.3297,76.8343,24.73,58.85,2.16,4.8629
20230318,Kalaburagi,17.3297,76.8343,25.34,66.32,1.71,5.1701
20230319,Kalaburagi,17.3297,76.8343,26.03,56.98,1.35,6.3254
20230320,Kalaburagi,17.3297,76.8343,25.26,47.39,2.28,6.7704
20230321,Kalaburagi,17.3297,76.8343,25.53,45.88,2.08,7.0154
20230322,Kalaburagi,17.3297,76.8343,26.59,46.34,1.67,6.8026
20230323,Kalaburagi,17.3297,76.8343,27.24,41.81,2.46,7.0776
20230324,Kalaburagi,17.3297,76.8343,28.05,40.97,1.61,6.9962
20230325,Kalaburagi,17.3297,76.8343,29.23,49.18,1.91,6.1939
20230326,Kalaburagi,17.3297,76.8343,29.9,45.83,1.05,6.2213
20230327,Kalaburagi,17.3297,76.8343,29.24,27.11,1.98,7.3423
20230328,Kalaburagi,17.3297,76.8343,29.41,22.6,1.42,7.387
20230329,Kalaburagi,17.3297,76.8343,30.13,34.89,2.19,7.2242
20230330,Kalaburagi,17.3297,76.8343,29.88,23.43,2.52,7.5403
20230331,Kalaburagi,17.3297,76.8343,28.69,31.8,2.55,6.9175
20230401,Kalaburagi,17.3297,76.8343,29.27,28.0,2.38,7.512
20230402,Kalaburagi,17.3297,76.8343,29.65,19.56,2.19,7.5619
20230403,Kalaburagi,17.3297,76.8343,30.57,23.09,1.08,7.2554
20230404,Kalaburagi,17.3297,76.8343,30.7,23.52,1.78,6.8575
20230405,Kalaburagi,17.3297,76.8343,31.52,23.79,2.53,6.462
20230406,Kalaburagi,17.3297,76.8343,31.25,35.21,1.91,5.5092
20230407,Kalaburagi,17.3297,76.8343,30.33,44.08,2.48,3.0658
20230408,Kalaburagi,17.3297,76.8343,30.34,43.58,2.37,5.9755
20230409,Kalaburagi,17.3297,76.8343,31.05,33.9,2.33,7.0901
20230410,Kalaburagi,17.3297,76.8343,31.19,30.66,1.87,7.397
20230411,Kalaburagi,17.3297,76.8343,31.62,27.26,2.01,7.0428
20230412,Kalaburagi,17.3297,76.8343,33.03,25.54,1.53,6.6038
20230413,Kalaburagi,17.3297,76.8343,32.27,28.77,1.3,5.5183
20230414,Kalaburagi,17.3297,76.8343,31.76,35.26,2.29,5.4636
20230415,Kalaburagi,17.3297,76.8343,30.07,40.71,2.12,4.518
20230416,Kalaburagi,17.3297,76.8343,32.38,38.14,1.38,6.2328
20230417,Kalaburagi,17.3297,76.8343,32.04,45.7,0.84,6.2966
20230418,Kalaburagi,17.3297,76.8343,32.18,40.16,1.19,6.6302
20230419,Kalaburagi,17.3297,76.8343,31.33,35.93,1.27,6.4675
20230420,Kalaburagi,17.3297,76.8343,32.33,30.87,1.43,6.2882
20230421,Kalaburagi,17.3297,76.8343,32.11,33.27,1.48,6.1426
20230422,Kalaburagi,17.3297,76.8343,31.87,30.4,1.67,6.9691
20230423,Kalaburagi,17.3297,76.8343,31.66,27.5,2.86,7.1978
20230424,Kalaburagi,17.3297,76.8343,31.71,34.98,2.1,6.455
20230425,Kalaburagi,17.3297,76.8343,32.06,44.01,4.13,6.5208
20230426,Kalaburagi,17.3297,76.8343,30.21,50.84,2.8,6.8767
20230427,Kalaburagi,17.3297,76.8343,29.36,56.69,2.37,5.8752
20230428,Kalaburagi,17.3297,76.8343,25.92,76.63,2.15,5.1593
20230429,Kalaburagi,17.3297,76.8343,27.55,67.2,2.14,6.4385
20230430,Kalaburagi,17.3297,76.8343,26.77,73.57,2.44,6.1529
20230501,Kalaburagi,17.3297,76.8343,27.61,65.26,1.33,6.4102
20230502,Kalaburagi,17.3297,76.8343,26.6,73.62,2.92,6.2429
20230503,Kalaburagi,17.3297,76.8343,27.37,68.45,1.06,6.1366
20230504,Kalaburagi,17.3297,76.8343,25.77,75.77,1.96,5.8668
20230505,Kalaburagi,17.3297,76.8343,25.62,76.48,2.79,6.437
20230506,Kalaburagi,17.3297,76.8343,28.28,67.69,1.51,5.4754
20230507,Kalaburagi,17.3297,76.8343,29.02,66.61,1.5,5.814
20230508,Kalaburagi,17.3297,76.8343,29.81,62.62,1.61,5.1163
20230509,Kalaburagi,17.3297,76.8343,30.07,64.79,1.71,4.7148
20230510,Kalaburagi,17.3297,76.8343,30.71,60.04,2.36,6.5839
20230511,Kalaburagi,17.3297,76.8343,30.88,55.51,1.97,6.1716
20230512,Kalaburagi,17.3297,76.8343,31.14,50.64,1.72,6.2906
20230513,Kalaburagi,17.3297,76.8343,31.42,45.38,2.82,7.4234
20230514,Kalaburagi,17.3297,76.8343,31.45,44.71,3.65,7.4335
20230515,Kalaburagi,17.3297,76.8343,30.95,44.54,3.71,7.6471
20230516,Kalaburagi,17.3297,76.8343,31.16,41.45,3.03,7.8319
20230517,Kalaburagi,17.3297,76.8343,30.92,43.52,2.26,7.5912
20230518,Kalaburagi,17.3297,76.8343,32.71,41.66,1.96,6.2335
20230519,Kalaburagi,17.3297,76.8343,33.12,41.83,2.2,6.4759
20230520,Kalaburagi,17.3297,76.8343,33.3,40.97,1.48,6.3408
20230521,Kalaburagi,17.3297,76.8343,33.19,44.32,1.79,6.619
20230522,Kalaburagi,17.3297,76.8343,31.96,49.12,2.12,6.9775
20230523,Kalaburagi,17.3297,76.8343,31.75,51.41,1.56,6.276
20230524,Kalaburagi,17.3297,76.8343,32.68,44.77,2.12,5.796
20230525,Kalaburagi,17.3297,76.8343,32.56,41.33,3.18,6.3254
20230526,Kalaburagi,17.3297,76.8343,32.12,41.91,3.37,7.1314
20230527,Kalaburagi,17.3297,76.8343,32.32,41.18,2.69,7.2866
20230528,Kalaburagi,17.3297,76.8343,33.63,37.93,2.33,6.6624
20230529,Kalaburagi,17.3297,76.8343,34.18,36.14,2.6,6.4409
20230530,Kalaburagi,17.3297,76.8343,31.72,45.63,2.7,6.2974
20230531,Kalaburagi,17.3297,76.8343,34.01,39.62,2.15,5.9794
20230601,Kalaburagi,17.3297,76.8343,34.89,36.78,1.76,6.4157
20230602,Kalaburagi,17.3297,76.8343,34.68,26.54,3.86,7.4388
20230603,Kalaburagi,17.3297,76.8343,34.28,30.48,3.23,6.9821
20230604,Kalaburagi,17.3297,76.8343,33.62,39.31,3.91,6.6886
20230605,Kalaburagi,17.3297,76.8343,33.43,38.35,3.22,6.7517
20230606,Kalaburagi,17.3297,76.8343,34.28,37.64,3.47,6.577
20230607,Kalaburagi,17.3297,76.8343,33.57,42.44,3.94,6.6348
20230608,Kalaburagi,17.3297,76.8343,33.96,41.31,4.27,6.8537
20230609,Kalaburagi,17.3297,76.8343,33.43,43.68,4.22,6.6526
20230610,Kalaburagi,17.3297,76.8343,30.21,56.02,4.25,6.5614
20230611,Kalaburagi,17.3297,76.8343,31.59,49.97,4.19,6.6626
20230612,Kalaburagi,17.3297,76.8343,32.07,46.93,4.9,7.3658
20230613,Kalaburagi,17.3297,76.8343,32.4,46.48,5.69,7.1935
20230614,Kalaburagi,17.3297,76.8343,32.14,47.79,5.95,7.0301
20230615,Kalaburagi,17.3297,76.8343,32.67,43.84,5.67,7.3272
20230616,Kalaburagi,17.3297,76.8343,32.82,44.43,5.75,7.3027
20230617,Kalaburagi,17.3297,76.8343,31.62,49.99,5.27,6.0192
20230618,Kalaburagi,17.3297,76.8343,30.87,49.93,3.88,6.7222
20230619,Kalaburagi,17.3297,76.8343,33.2,39.51,3.58,6.5549
20230620,Kalaburagi,17.3297,76.8343,33.31,41.44,4.17,6.6821
20230621,Kalaburagi,17.3297,76.8343,31.09,51.71,3.67,6.1462
20230622,Kalaburagi,17.3297,76.8343,28.16,59.07,3.98,5.6472
20230623,Kalaburagi,17.3297,76.8343,30.89,48.94,4.25,5.6016
20230624,Kalaburagi,17.3297,76.8343,27.49,67.87,4.44,4.4002
20230625,Kalaburagi,17.3297,76.8343,27.28,65.99,4.62,4.4602
20230626,Kalaburagi,17.3297,76.8343,26.63,68.07,5.27,4.2888
20230627,Kalaburagi,17.3297,76.8343,26.51,64.61,5.65,4.2346
20230628,Kalaburagi,17.3297,76.8343,25.85,68.08,4.99,4.8024
20230629,Kalaburagi,17.3297,76.8343,28.28,59.75,5.52,5.1533
20230630,Kalaburagi,17.3297,76.8343,27.97,62.11,6.01,4.6687
20230701,Kalaburagi,17.3297,76.8343,27.88,62.36,5.37,5.6674
20230702,Kalaburagi,17.3297,76.8343,27.66,70.47,4.67,4.781
20230703,Kalaburagi,17.3297,76.8343,27.66,74.82,3.5,5.4156
20230704,Kalaburagi,17.3297,76.8343,27.32,78.46,2.99,4.9603
20230705,Kalaburagi,17.3297,76.8343,26.28,78.75,4.01,4.2322
20230706,Kalaburagi,17.3297,76.8343,25.67,75.57,6.11,3.967
20230707,Kalaburagi,17.3297,76.8343,26.62,70.02,6.21,4.6558
20230708,Kalaburagi,17.3297,76.8343,27.05,69.31,5.34,4.2432
20230709,Kalaburagi,17.3297,76.8343,27.31,70.42,4.42,4.3344
20230710,Kalaburagi,17.3297,76.8343,28.39,66.34,4.45,5.1149
20230711,Kalaburagi,17.3297,76.8343,27.01,69.48,4.6,2.8102
20230712,Kalaburagi,17.3297,76.8343,26.44,71.4,3.93,3.8503
20230713,Kalaburagi,17.3297,76.8343,26.62,70.64,3.88,5.4936
20230714,Kalaburagi,17.3297,76.8343,27.65,69.02,3.93,5.1396
20230715,Kalaburagi,17.3297,76.8343,27.65,68.57,4.6,4.4014
20230716,Kalaburagi,17.3297,76.8343,26.71,72.93,4.55,3.967
20230717,Kalaburagi,17.3297,76.8343,26.04,75.64,4.74,2.947
20230718,Kalaburagi,17.3297,76.8343,24.74,85.34,5.5,1.3639
20230719,Kalaburagi,17.3297,76.8343,24.44,87.8,5.93,2.7343
20230720,Kalaburagi,17.3297,76.8343,23.43,88.08,6.55,1.519
20230721,Kalaburagi,17.3297,76.8343,23.87,84.68,5.89,1.758
20230722,Kalaburagi,17.3297,76.8343,25.57,79.57,5.87,3.5729
20230723,Kalaburagi,17.3297,76.8343,25.74,79.32,5.28,3.529
20230724,Kalaburagi,17.3297,76.8343,25.91,82.06,5.32,3.9365
20230725,Kalaburagi,17.3297,76.8343,24.98,84.95,5.45,2.2046
20230726,Kalaburagi,17.3297,76.8343,24.85,86.47,5.25,1.9099
20230727,Kalaburagi,17.3297,76.8343,24.11,90.95,6.31,0.9595
20230728,Kalaburagi,17.3297,76.8343,25.1,83.29,5.67,2.8915
20230729,Kalaburagi,17.3297,76.8343,25.97,79.76,5.11,3.3252
20230730,Kalaburagi,17.3297,76.8343,25.8,81.01,4.61,4.4098
20230731,Kalaburagi,17.3297,76.8343,25.6,83.58,4.48,4.6459
20230801,Kalaburagi,17.3297,76.8343,25.71,82.21,4.85,3.7488
20230802,Kalaburagi,17.3297,76.8343,25.77,79.59,5.24,3.1008
20230803,Kalaburagi,17.3297,76.8343,25.87,77.79,5.35,3.8522
20230804,Kalaburagi,17.3297,76.8343,26.3,77.15,4.67,5.0827
20230805,Kalaburagi,17.3297,76.8343,26.0,77.82,4.56,5.2553
20230806,Kalaburagi,17.3297,76.8343,26.25,76.97,4.41,5.1955
20230807,Kalaburagi,17.3297,76.8343,26.46,75.05,4.45,3.8354
20230808,Kalaburagi,17.3297,76.8343,25.66,77.96,3.66,4.2785
20230809,Kalaburagi,17.3297,76.8343,26.03,78.79,2.88,4.7486
20230810,Kalaburagi,17.3297,76.8343,26.58,76.56,2.69,6.065
20230811,Kalaburagi,17.3297,76.8343,26.75,75.14,2.74,6.131
20230812,Kalaburagi,17.3297,76.8343,26.77,74.79,3.35,5.6873
20230813,Kalaburagi,17.3297,76.8343,25.97,76.58,3.34,5.3107
20230814,Kalaburagi,17.3297,76.8343,25.9,77.31,2.89,5.4941
20230815,Kalaburagi,17.3297,76.8343,25.93,73.86,3.18,5.2214
20230816,Kalaburagi,17.3297,76.8343,26.17,74.95,2.83,5.7694
20230817,Kalaburagi,17.3297,76.8343,26.38,74.63,3.38,5.0698
20230818,Kalaburagi,17.3297,76.8343,24.81,80.76,3.85,2.994
20230819,Kalaburagi,17.3297,76.8343,24.26,83.54,3.6,1.8355
20230820,Kalaburagi,17.3297,76.8343,26.5,74.64,3.51,4.974
20230821,Kalaburagi,17.3297,76.8343,26.74,72.23,2.85,5.9294
20230822,Kalaburagi,17.3297,76.8343,26.69,72.45,2.99,6.2597
20230823,Kalaburagi,17.3297,76.8343,26.18,75.44,2.74,5.6712
20230824,Kalaburagi,17.3297,76.8343,26.82,72.4,3.14,5.5034
20230825,Kalaburagi,17.3297,76.8343,26.67,74.24,3.27,4.7846
20230826,Kalaburagi,17.3297,76.8343,25.85,79.52,3.06,5.5862
20230827,Kalaburagi,17.3297,76.8343,26.87,73.36,3.69,5.7818
20230828,Kalaburagi,17.3297,76.8343,26.7,74.59,3.62,4.511
20230829,Kalaburagi,17.3297,76.8343,26.66,74.36,2.65,5.759
20230830,Kalaburagi,17.3297,76.8343,26.98,72.44,1.8,6.1682
20230831,Kalaburagi,17.3297,76.8343,26.1,75.16,1.91,6.3281
20230901,Kalaburagi,17.3297,76.8343,27.43,73.17,1.5,6.2906
20230902,Kalaburagi,17.3297,76.8343,26.53,81.03,1.1,4.4702
20230903,Kalaburagi,17.3297,76.8343,26.02,84.11,1.68,2.5296
20230904,Kalaburagi,17.3297,76.8343,25.57,86.09,2.43,1.411
20230905,Kalaburagi,17.3297,76.8343,25.27,84.4,3.31,4.009
20230906,Kalaburagi,17.3297,76.8343,25.4,82.55,2.9,5.5373
20230907,Kalaburagi,17.3297,76.8343,23.72,86.86,3.91,2.5102
20230908,Kalaburagi,17.3297,76.8343,24.74,84.89,4.26,3.1462
20230909,Kalaburagi,17.3297,76.8343,26.12,82.13,3.87,3.3998
20230910,Kalaburagi,17.3297,76.8343,25.73,83.62,3.51,4.1518
20230911,Kalaburagi,17.3297,76.8343,26.59,78.33,3.18,5.4113
20230912,Kalaburagi,17.3297,76.8343,26.65,75.76,3.36,5.97
20230913,Kalaburagi,17.3297,76.8343,25.96,76.01,3.3,5.6347
20230914,Kalaburagi,17.3297,76.8343,25.4,78.08,3.08,5.6892
20230915,Kalaburagi,17.3297,76.8343,25.53,75.46,3.22,5.6695
20230916,Kalaburagi,17.3297,76.8343,26.22,74.12,3.77,4.4412
20230917,Kalaburagi,17.3297,76.8343,26.74,73.84,3.33,5.7785
20230918,Kalaburagi,17.3297,76.8343,26.63,75.79,2.87,5.371
20230919,Kalaburagi,17.3297,76.8343,26.88,74.93,2.94,5.6616
20230920,Kalaburagi,17.3297,76.8343,27.07,75.66,2.46,5.473
20230921,Kalaburagi,17.3297,76.8343,25.56,83.2,1.95,3.863
20230922,Kalaburagi,17.3297,76.8343,25.32,83.62,2.18,4.0668
20230923,Kalaburagi,17.3297,76.8343,25.75,82.58,1.78,4.3774
20230924,Kalaburagi,17.3297,76.8343,24.49,87.98,3.04,4.0102
20230925,Kalaburagi,17.3297,76.8343,24.3,87.83,2.12,3.4908
20230926,Kalaburagi,17.3297,76.8343,25.49,83.66,0.72,3.8424
20230927,Kalaburagi,17.3297,76.8343,25.68,86.68,0.58,4.3711
20230928,Kalaburagi,17.3297,76.8343,25.98,84.89,1.36,5.3282
20230929,Kalaburagi,17.3297,76.8343,26.36,82.1,1.01,5.1269
20230930,Kalaburagi,17.3297,76.8343,24.86,85.7,2.34,4.807
20231001,Kalaburagi,17.3297,76.8343,25.37,86.14,2.66,3.6233
20231002,Kalaburagi,17.3297,76.8343,24.52,84.67,3.04,4.3001
20231003,Kalaburagi,17.3297,76.8343,25.38,78.79,2.89,5.874
20231004,Kalaburagi,17.3297,76.8343,25.36,74.87,2.1,5.7708
20231005,Kalaburagi,17.3297,76.8343,24.38,72.68,1.92,6.3617
20231006,Kalaburagi,17.3297,76.8343,24.12,72.46,1.85,6.4058
20231007,Kalaburagi,17.3297,76.8343,24.57,75.49,1.75,6.181
20231008,Kalaburagi,17.3297,76.8343,25.08,75.39,1.62,6.1673
20231009,Kalaburagi,17.3297,76.8343,25.4,74.59,1.55,5.6978
20231010,Kalaburagi,17.3297,76.8343,25.58,76.42,2.0,5.2104
20231011,Kalaburagi,17.3297,76.8343,25.21,76.04,2.03,5.3366
20231012,Kalaburagi,17.3297,76.8343,25.06,72.78,2.27,5.9172
20231013,Kalaburagi,17.3297,76.8343,24.74,71.11,2.12,6.007
20231014,Kalaburagi,17.3297,76.8343,24.79,70.07,1.8,5.0038
20231015,Kalaburagi,17.3297,76.8343,24.77,72.83,1.74,4.9531
20231016,Kalaburagi,17.3297,76.8343,24.87,71.94,1.87,4.7482
20231017,Kalaburagi,17.3297,76.8343,24.84,72.62,2.07,5.2032
20231018,Kalaburagi,17.3297,76.8343,24.45,70.05,1.91,5.395
20231019,Kalaburagi,17.3297,76.8343,24.73,71.94,1.8,4.8142
20231020,Kalaburagi,17.3297,76.8343,24.81,73.0,2.18,5.1948
20231021,Kalaburagi,17.3297,76.8343,24.57,74.59,2.31,5.1871
20231022,Kalaburagi,17.3297,76.8343,23.62,70.86,2.61,5.7238
20231023,Kalaburagi,17.3297,76.8343,23.37,70.72,2.32,5.7014
20231024,Kalaburagi,17.3297,76.8343,23.26,68.34,2.33,5.8968
20231025,Kalaburagi,17.3297,76.8343,22.54,62.91,2.35,5.8906
20231026,Kalaburagi,17.3297,76.8343,22.24,62.95,2.24,5.7677
20231027,Kalaburagi,17.3297,76.8343,21.91,59.79,2.27,5.8826
20231028,Kalaburagi,17.3297,76.8343,22.48,55.91,1.92,5.8685
20231029,Kalaburagi,17.3297,76.8343,23.37,56.16,2.36,5.2241
20231030,Kalaburagi,17.3297,76.8343,23.44,63.31,2.15,4.5782
20231031,Kalaburagi,17.3297,76.8343,23.44,66.65,2.26,4.721
20231101,Kalaburagi,17.3297,76.8343,24.17,68.46,2.03,4.1705
20231102,Kalaburagi,17.3297,76.8343,24.39,64.54,1.81,4.3042
20231103,Kalaburagi,17.3297,76.8343,25.56,64.29,1.85,4.3166
20231104,Kalaburagi,17.3297,76.8343,25.4,67.75,2.27,3.6288
20231105,Kalaburagi,17.3297,76.8343,24.89,66.68,2.3,4.2809
20231106,Kalaburagi,17.3297,76.8343,24.16,76.77,2.01,3.4207
20231107,Kalaburagi,17.3297,76.8343,24.62,79.25,2.25,2.9897
20231108,Kalaburagi,17.3297,76.8343,24.76,80.13,1.69,2.4144
20231109,Kalaburagi,17.3297,76.8343,23.62,84.66,1.8,3.4157
20231110,Kalaburagi,17.3297,76.8343,24.5,77.72,1.77,3.6922
20231111,Kalaburagi,17.3297,76.8343,24.88,61.91,2.04,4.8204
20231112,Kalaburagi,17.3297,76.8343,24.26,59.55,2.2,4.9745
20231113,Kalaburagi,17.3297,76.8343,24.29,64.24,1.82,4.6834
20231114,Kalaburagi,17.3297,76.8343,23.53,66.57,1.87,3.7505
20231115,Kalaburagi,17.3297,76.8343,23.13,57.97,2.22,4.71
20231116,Kalaburagi,17.3297,76.8343,22.92,56.58,2.53,4.6932
20231117,Kalaburagi,17.3297,76.8343,23.65,60.16,2.04,4.9613
20231118,Kalaburagi,17.3297,76.8343,25.04,59.25,1.81,4.6754
20231119,Kalaburagi,17.3297,76.8343,25.28,57.8,2.35,4.5653
20231120,Kalaburagi,17.3297,76.8343,24.39,60.73,2.42,4.8737
20231121,Kalaburagi,17.3297,76.8343,24.57,61.64,2.33,4.9742
20231122,Kalaburagi,17.3297,76.8343,25.09,64.91,1.78,4.6927
20231123,Kalaburagi,17.3297,76.8343,25.68,68.27,2.11,4.0762
20231124,Kalaburagi,17.3297,76.8343,24.92,75.09,2.72,3.2052
20231125,Kalaburagi,17.3297,76.8343,25.56,68.43,2.7,3.8738
20231126,Kalaburagi,17.3297,76.8343,25.26,67.4,2.68,3.858
20231127,Kalaburagi,17.3297,76.8343,25.61,65.49,2.58,3.6456
20231128,Kalaburagi,17.3297,76.8343,25.4,69.51,2.1,3.5052
20231129,Kalaburagi,17.3297,76.8343,24.2,69.46,2.47,4.1611
20231130,Kalaburagi,17.3297,76.8343,24.59,68.01,2.59,3.4841
20231201,Kalaburagi,17.3297,76.8343,23.87,67.58,1.61,4.0042
20231202,Kalaburagi,17.3297,76.8343,24.18,57.5,2.8,4.8235
20231203,Kalaburagi,17.3297,76.8343,24.79,66.23,3.0,4.8487
20231204,Kalaburagi,17.3297,76.8343,24.36,69.62,3.0,3.7008
20231205,Kalaburagi,17.3297,76.8343,23.35,69.72,3.85,3.5362
20231206,Kalaburagi,17.3297,76.8343,22.14,76.53,3.18,1.811
20231207,Kalaburagi,17.3297,76.8343,23.18,67.13,1.74,2.1043
20231208,Kalaburagi,17.3297,76.8343,23.09,64.82,2.0,4.6668
20231209,Kalaburagi,17.3297,76.8343,22.84,60.72,2.15,4.8492
20231210,Kalaburagi,17.3297,76.8343,22.14,57.45,1.92,4.841
20231211,Kalaburagi,17.3297,76.8343,22.13,53.78,1.69,4.7952
20231212,Kalaburagi,17.3297,76.8343,22.27,55.21,1.81,4.7522
20231213,Kalaburagi,17.3297,76.8343,22.17,58.83,2.15,4.6464
20231214,Kalaburagi,17.3297,76.8343,21.48,58.44,2.22,4.8466
20231215,Kalaburagi,17.3297,76.8343,21.1,58.8,1.9,4.5396
20231216,Kalaburagi,17.3297,76.8343,21.8,59.67,2.1,3.2501
20231217,Kalaburagi,17.3297,76.8343,22.69,56.92,2.81,2.658
20231218,Kalaburagi,17.3297,76.8343,21.52,53.44,3.15,3.4118
20231219,Kalaburagi,17.3297,76.8343,20.58,51.48,3.38,4.0886
20231220,Kalaburagi,17.3297,76.8343,20.52,40.61,2.67,4.4489
20231221,Kalaburagi,17.3297,76.8343,20.66,35.9,2.06,5.0546
20231222,Kalaburagi,17.3297,76.8343,21.81,33.18,1.96,4.9279
20231223,Kalaburagi,17.3297,76.8343,21.63,48.59,1.93,4.6927
20231224,Kalaburagi,17.3297,76.8343,21.88,54.92,1.97,4.3915
20231225,Kalaburagi,17.3297,76.8343,21.5,49.62,1.86,4.7033
20231226,Kalaburagi,17.3297,76.8343,22.69,47.46,1.88,4.5514
20231227,Kalaburagi,17.3297,76.8343,22.33,56.78,2.08,4.5936
20231228,Kalaburagi,17.3297,76.8343,22.36,56.19,2.01,4.615
20231229,Kalaburagi,17.3297,76.8343,22.67,56.72,2.13,4.5881
20231230,Kalaburagi,17.3297,76.8343,22.84,53.57,1.65,4.7052
20231231,Kalaburagi,17.3297,76.8343,22.82,50.97,1.97,4.7971
20240101,Kalaburagi,17.3297,76.8343,22.49,57.01,1.61,4.4465
20240102,Kalaburagi,17.3297,76.8343,22.95,56.1,1.99,4.3606
20240103,Kalaburagi,17.3297,76.8343,23.14,57.57,2.24,4.1969
20240104,Kalaburagi,17.3297,76.8343,24.31,54.45,2.4,4.0258
20240105,Kalaburagi,17.3297,76.8343,23.88,52.24,2.72,4.2343
20240106,Kalaburagi,17.3297,76.8343,23.58,49.42,2.44,4.7887
20240107,Kalaburagi,17.3297,76.8343,23.92,49.23,3.21,4.8636
20240108,Kalaburagi,17.3297,76.8343,24.08,44.19,3.34,4.5955
20240109,Kalaburagi,17.3297,76.8343,24.84,42.52,2.94,2.3402
20240110,Kalaburagi,17.3297,76.8343,24.79,47.84,1.96,2.658
20240111,Kalaburagi,17.3297,76.8343,24.95,39.8,1.75,4.7489
20240112,Kalaburagi,17.3297,76.8343,24.61,45.48,1.79,4.6973
20240113,Kalaburagi,17.3297,76.8343,24.76,49.61,1.42,4.1527
20240114,Kalaburagi,17.3297,76.8343,24.85,41.24,1.44,4.9906
20240115,Kalaburagi,17.3297,76.8343,24.43,38.09,1.58,5.3518
20240116,Kalaburagi,17.3297,76.8343,23.99,40.9,1.53,4.9138
20240117,Kalaburagi,17.3297,76.8343,24.1,52.33,2.01,4.6505
20240118,Kalaburagi,17.3297,76.8343,23.98,51.36,1.81,4.4362
20240119,Kalaburagi,17.3297,76.8343,24.82,45.44,1.53,4.3572
20240120,Kalaburagi,17.3297,76.8343,25.64,45.96,2.04,4.182
20240121,Kalaburagi,17.3297,76.8343,25.48,42.37,0.99,4.3999
20240122,Kalaburagi,17.3297,76.8343,25.73,45.4,1.78,4.8878
20240123,Kalaburagi,17.3297,76.8343,25.36,34.83,1.6,5.2476
20240124,Kalaburagi,17.3297,76.8343,23.11,35.42,2.37,4.3687
20240125,Kalaburagi,17.3297,76.8343,22.71,30.9,3.0,4.356
20240126,Kalaburagi,17.3297,76.8343,23.49,39.63,2.45,4.4405
20240127,Kalaburagi,17.3297,76.8343,24.11,35.69,2.62,4.0394
20240128,Kalaburagi,17.3297,76.8343,23.29,26.15,1.99,5.1329
20240129,Kalaburagi,17.3297,76.8343,23.87,48.67,1.69,4.5199
20240130,Kalaburagi,17.3297,76.8343,24.57,40.77,1.45,4.8624
20240131,Kalaburagi,17.3297,76.8343,24.27,39.16,1.61,5.0599
20240201,Kalaburagi,17.3297,76.8343,24.6,33.73,1.66,5.4833
20240202,Kalaburagi,17.3297,76.8343,24.38,33.6,1.74,5.5006
20240203,Kalaburagi,17.3297,76.8343,25.46,39.38,2.58,4.9188
20240204,Kalaburagi,17.3297,76.8343,26.23,38.29,1.98,5.0724
20240205,Kalaburagi,17.3297,76.8343,26.85,41.21,1.26,5.2138
20240206,Kalaburagi,17.3297,76.8343,27.57,40.55,1.18,5.3839
20240207,Kalaburagi,17.3297,76.8343,27.75,33.08,0.97,5.4578
20240208,Kalaburagi,17.3297,76.8343,27.03,30.2,2.66,5.4816
20240209,Kalaburagi,17.3297,76.8343,26.62,30.38,1.69,5.7228
20240210,Kalaburagi,17.3297,76.8343,26.48,45.32,2.66,5.3033
20240211,Kalaburagi,17.3297,76.8343,27.19,47.61,2.92,5.2085
20240212,Kalaburagi,17.3297,76.8343,26.79,41.66,2.89,5.5344
20240213,Kalaburagi,17.3297,76.8343,26.15,37.25,2.7,5.8008
20240214,Kalaburagi,17.3297,76.8343,26.88,38.2,2.44,5.4094
20240215,Kalaburagi,17.3297,76.8343,27.37,35.91,2.49,5.6945
20240216,Kalaburagi,17.3297,76.8343,26.21,27.73,2.81,6.451
20240217,Kalaburagi,17.3297,76.8343,26.14,25.81,1.47,6.3686
20240218,Kalaburagi,17.3297,76.8343,25.66,27.87,1.53,6.3646
20240219,Kalaburagi,17.3297,76.8343,26.28,27.99,1.41,6.1846
20240220,Kalaburagi,17.3297,76.8343,27.25,27.4,1.3,6.0305
20240221,Kalaburagi,17.3297,76.8343,26.84,24.48,2.14,6.457
20240222,Kalaburagi,17.3297,76.8343,26.39,28.34,2.51,6.5849
20240223,Kalaburagi,17.3297,76.8343,25.91,22.89,2.13,6.6142
20240224,Kalaburagi,17.3297,76.8343,26.61,27.44,1.83,6.0022
20240225,Kalaburagi,17.3297,76.8343,27.38,43.0,2.05,5.4631
20240226,Kalaburagi,17.3297,76.8343,28.55,45.06,3.25,5.5918
20240227,Kalaburagi,17.3297,76.8343,28.45,39.74,2.46,6.127
20240228,Kalaburagi,17.3297,76.8343,29.15,33.49,2.22,5.9789
20240229,Kalaburagi,17.3297,76.8343,29.69,30.28,2.25,5.3734
20240301,Kalaburagi,17.3297,76.8343,30.72,29.68,2.26,5.6868
20240302,Kalaburagi,17.3297,76.8343,30.0,33.05,2.91,5.5531
20240303,Kalaburagi,17.3297,76.8343,29.61,32.94,2.1,6.3694
20240304,Kalaburagi,17.3297,76.8343,29.26,29.23,2.14,5.7406
20240305,Kalaburagi,17.3297,76.8343,30.05,30.77,1.74,5.9359
20240306,Kalaburagi,17.3297,76.8343,30.57,25.87,1.92,5.9779
20240307,Kalaburagi,17.3297,76.8343,28.75,18.03,2.07,6.5129
20240308,Kalaburagi,17.3297,76.8343,28.68,16.3,2.8,6.811
20240309,Kalaburagi,17.3297,76.8343,28.95,19.2,2.36,5.9374
20240310,Kalaburagi,17.3297,76.8343,30.36,33.08,2.17,5.0138
20240311,Kalaburagi,17.3297,76.8343,30.88,35.94,1.52,5.4994
20240312,Kalaburagi,17.3297,76.8343,31.45,29.27,1.73,5.8085
20240313,Kalaburagi,17.3297,76.8343,30.79,21.73,2.27,6.2179
20240314,Kalaburagi,17.3297,76.8343,29.91,18.99,2.24,6.7682
20240315,Kalaburagi,17.3297,76.8343,30.79,25.47,1.55,6.1418
20240316,Kalaburagi,17.3297,76.8343,32.12,32.65,2.27,5.3906
20240317,Kalaburagi,17.3297,76.8343,30.98,40.8,2.29,5.3347
20240318,Kalaburagi,17.3297,76.8343,30.63,40.53,1.24,5.3633
20240319,Kalaburagi,17.3297,76.8343,30.22,35.55,1.07,6.2789
20240320,Kalaburagi,17.3297,76.8343,29.25,31.92,2.79,6.4865
20240321,Kalaburagi,17.3297,76.8343,28.88,38.93,2.34,6.5551
20240322,Kalaburagi,17.3297,76.8343,30.06,35.27,1.29,6.6374
20240323,Kalaburagi,17.3297,76.8343,31.59,30.15,1.07,6.2522
20240324,Kalaburagi,17.3297,76.8343,32.59,29.6,2.57,5.6676
20240325,Kalaburagi,17.3297,76.8343,32.28,29.54,2.09,5.9239
20240326,Kalaburagi,17.3297,76.8343,32.56,28.87,2.68,6.2422
20240327,Kalaburagi,17.3297,76.8343,32.1,26.86,2.2,6.3905
20240328,Kalaburagi,17.3297,76.8343,32.78,25.97,2.54,6.3151
20240329,Kalaburagi,17.3297,76.8343,33.82,25.63,2.39,5.9666
20240330,Kalaburagi,17.3297,76.8343,33.82,27.72,3.24,6.2102
20240331,Kalaburagi,17.3297,76.8343,32.34,25.21,1.98,6.4841
20240401,Kalaburagi,17.3297,76.8343,32.77,25.37,1.62,6.5602
20240402,Kalaburagi,17.3297,76.8343,33.55,23.04,1.33,5.9676
20240403,Kalaburagi,17.3297,76.8343,33.3,26.04,1.79,5.3546
20240404,Kalaburagi,17.3297,76.8343,34.8,25.86,1.08,5.8387
20240405,Kalaburagi,17.3297,76.8343,35.0,20.36,1.42,6.1402
20240406,Kalaburagi,17.3297,76.8343,35.07,19.97,0.87,6.2794
20240407,Kalaburagi,17.3297,76.8343,35.12,20.72,1.73,5.7314
20240408,Kalaburagi,17.3297,76.8343,35.35,21.45,3.48,6.0108
20240409,Kalaburagi,17.3297,76.8343,32.52,36.87,4.12,6.4644
20240410,Kalaburagi,17.3297,76.8343,33.2,33.03,3.28,6.3372
20240411,Kalaburagi,17.3297,76.8343,32.23,33.78,2.53,4.8691
20240412,Kalaburagi,17.3297,76.8343,32.33,35.8,2.22,5.8351
20240413,Kalaburagi,17.3297,76.8343,31.75,41.34,1.84,5.6772
20240414,Kalaburagi,17.3297,76.8343,33.56,33.64,2.53,6.5453
20240415,Kalaburagi,17.3297,76.8343,34.26,30.08,2.05,6.9259
20240416,Kalaburagi,17.3297,76.8343,35.23,27.88,2.4,6.6864
20240417,Kalaburagi,17.3297,76.8343,33.5,33.62,1.53,4.8986
20240418,Kalaburagi,17.3297,76.8343,34.72,33.35,1.79,5.3294
20240419,Kalaburagi,17.3297,76.8343,33.97,36.95,2.74,3.7114
20240420,Kalaburagi,17.3297,76.8343,31.37,49.7,2.44,3.4618
20240421,Kalaburagi,17.3297,76.8343,31.31,56.23,1.62,5.8697
20240422,Kalaburagi,17.3297,76.8343,31.79,54.3,1.58,5.5421
20240423,Kalaburagi,17.3297,76.8343,32.08,44.61,2.36,6.9041
20240424,Kalaburagi,17.3297,76.8343,31.86,37.63,2.26,6.7493
20240425,Kalaburagi,17.3297,76.8343,32.85,34.35,2.01,6.995
20240426,Kalaburagi,17.3297,76.8343,33.71,28.46,2.66,7.0243
20240427,Kalaburagi,17.3297,76.8343,34.3,29.03,2.5,6.6545
20240428,Kalaburagi,17.3297,76.8343,35.3,27.06,1.91,6.336
20240429,Kalaburagi,17.3297,76.8343,35.73,26.46,2.66,6.211
20240430,Kalaburagi,17.3297,76.8343,36.21,25.0,1.39,6.666
20240501,Kalaburagi,17.3297,76.8343,36.2,20.83,2.96,7.1462
20240502,Kalaburagi,17.3297,76.8343,34.93,16.58,2.86,7.7326
20240503,Kalaburagi,17.3297,76.8343,34.58,13.23,2.56,7.9555
20240504,Kalaburagi,17.3297,76.8343,34.65,12.0,2.17,7.7297
20240505,Kalaburagi,17.3297,76.8343,35.09,17.07,2.66,7.4434
20240506,Kalaburagi,17.3297,76.8343,36.43,20.69,2.23,7.4014
20240507,Kalaburagi,17.3297,76.8343,36.19,28.68,2.08,7.1486
20240508,Kalaburagi,17.3297,76.8343,32.64,48.43,2.79,7.2146
20240509,Kalaburagi,17.3297,76.8343,31.9,52.27,2.7,5.7859
20240510,Kalaburagi,17.3297,76.8343,31.45,52.1,1.71,4.7815
20240511,Kalaburagi,17.3297,76.8343,32.47,49.07,2.07,6.1039
20240512,Kalaburagi,17.3297,76.8343,31.77,53.43,1.77,5.123
20240513,Kalaburagi,17.3297,76.8343,31.04,52.61,2.58,6.7416
20240514,Kalaburagi,17.3297,76.8343,30.69,55.43,2.16,5.7617
20240515,Kalaburagi,17.3297,76.8343,29.26,64.01,1.35,5.2126
20240516,Kalaburagi,17.3297,76.8343,29.52,64.89,2.06,5.1
20240517,Kalaburagi,17.3297,76.8343,29.47,62.98,1.93,4.5919
20240518,Kalaburagi,17.3297,76.8343,30.49,57.63,1.73,5.5519
20240519,Kalaburagi,17.3297,76.8343,31.07,57.47,2.73,5.8392
20240520,Kalaburagi,17.3297,76.8343,31.63,55.31,2.23,6.3727
20240521,Kalaburagi,17.3297,76.8343,33.61,48.35,2.9,6.629
20240522,Kalaburagi,17.3297,76.8343,34.0,45.96,2.9,6.258
20240523,Kalaburagi,17.3297,76.8343,34.13,45.09,1.66,5.6597
20240524,Kalaburagi,17.3297,76.8343,34.03,45.48,2.3,4.231
20240525,Kalaburagi,17.3297,76.8343,32.96,46.25,5.09,6.12
20240526,Kalaburagi,17.3297,76.8343,33.59,48.27,4.8,6.3605
20240527,Kalaburagi,17.3297,76.8343,33.47,45.65,5.76,5.3414
20240528,Kalaburagi,17.3297,76.8343,32.99,46.4,5.63,7.109
20240529,Kalaburagi,17.3297,76.8343,33.22,45.81,4.74,7.2511
20240530,Kalaburagi,17.3297,76.8343,34.59,41.22,3.5,7.2674
20240531,Kalaburagi,17.3297,76.8343,35.41,35.65,3.56,7.092
20240601,Kalaburagi,17.3297,76.8343,34.63,37.34,4.24,5.4408
20240602,Kalaburagi,17.3297,76.8343,33.13,46.28,3.33,5.9374
20240603,Kalaburagi,17.3297,76.8343,29.17,67.74,2.52,4.3495
20240604,Kalaburagi,17.3297,76.8343,30.33,63.53,1.9,5.3849
20240605,Kalaburagi,17.3297,76.8343,27.25,80.87,2.32,4.7412
20240606,Kalaburagi,17.3297,76.8343,27.12,81.5,2.13,5.0136
20240607,Kalaburagi,17.3297,76.8343,27.6,77.57,1.82,4.494
20240608,Kalaburagi,17.3297,76.8343,27.23,75.41,2.76,4.0565
20240609,Kalaburagi,17.3297,76.8343,26.52,79.43,2.53,3.6293
20240610,Kalaburagi,17.3297,76.8343,26.2,82.43,3.68,3.5542
20240611,Kalaburagi,17.3297,76.8343,26.87,77.52,4.58,2.525
20240612,Kalaburagi,17.3297,76.8343,26.15,76.43,4.76,3.1147
20240613,Kalaburagi,17.3297,76.8343,25.09,84.13,3.25,6.0094
20240614,Kalaburagi,17.3297,76.8343,25.69,78.7,4.11,4.4851
20240615,Kalaburagi,17.3297,76.8343,26.64,76.91,3.33,6.157
20240616,Kalaburagi,17.3297,76.8343,27.83,74.77,3.08,6.3276
20240617,Kalaburagi,17.3297,76.8343,27.3,78.99,2.52,5.0431
20240618,Kalaburagi,17.3297,76.8343,27.45,73.93,3.75,6.253
20240619,Kalaburagi,17.3297,76.8343,25.92,76.36,3.79,5.0914
20240620,Kalaburagi,17.3297,76.8343,26.44,78.36,4.01,4.6994
20240621,Kalaburagi,17.3297,76.8343,26.62,78.4,3.93,5.4986
20240622,Kalaburagi,17.3297,76.8343,27.09,73.68,3.12,5.0057
20240623,Kalaburagi,17.3297,76.8343,25.33,82.06,2.59,4.7527
20240624,Kalaburagi,17.3297,76.8343,27.28,75.47,2.92,5.1019
20240625,Kalaburagi,17.3297,76.8343,27.5,73.95,4.19,4.4458
20240626,Kalaburagi,17.3297,76.8343,26.16,76.56,5.24,4.5031
20240627,Kalaburagi,17.3297,76.8343,24.62,77.25,5.65,4.0925
20240628,Kalaburagi,17.3297,76.8343,25.02,75.91,5.61,3.5237
20240629,Kalaburagi,17.3297,76.8343,26.49,76.65,4.07,4.8252
20240630,Kalaburagi,17.3297,76.8343,27.06,75.73,4.55,2.8812
20240701,Kalaburagi,17.3297,76.8343,27.39,74.51,5.98,4.284
20240702,Kalaburagi,17.3297,76.8343,26.46,78.3,5.92,4.5499
20240703,Kalaburagi,17.3297,76.8343,27.18,76.17,4.64,4.4686
20240704,Kalaburagi,17.3297,76.8343,26.87,77.88,4.52,4.968
20240705,Kalaburagi,17.3297,76.8343,27.11,73.48,5.2,4.9248
20240706,Kalaburagi,17.3297,76.8343,25.99,80.42,5.05,4.0704
20240707,Kalaburagi,17.3297,76.8343,25.69,82.64,4.31,4.3056
20240708,Kalaburagi,17.3297,76.8343,25.46,84.41,3.52,4.3169
20240709,Kalaburagi,17.3297,76.8343,24.98,81.26,3.73,3.8398
20240710,Kalaburagi,17.3297,76.8343,26.0,74.82,3.86,5.8354
20240711,Kalaburagi,17.3297,76.8343,26.73,74.64,4.38,5.9035
20240712,Kalaburagi,17.3297,76.8343,24.65,80.86,4.73,4.2643
20240713,Kalaburagi,17.3297,76.8343,25.7,79.54,5.03,4.374
20240714,Kalaburagi,17.3297,76.8343,25.5,82.74,5.17,3.4548
20240715,Kalaburagi,17.3297,76.8343,25.09,82.58,4.8,2.3767
20240716,Kalaburagi,17.3297,76.8343,25.17,78.05,4.33,4.3934
20240717,Kalaburagi,17.3297,76.8343,25.56,80.22,4.58,3.4464
20240718,Kalaburagi,17.3297,76.8343,25.4,82.79,5.66,4.1863
20240719,Kalaburagi,17.3297,76.8343,24.6,85.42,5.09,3.0218
20240720,Kalaburagi,17.3297,76.8343,24.36,87.22,5.53,1.6272
20240721,Kalaburagi,17.3297,76.8343,25.5,83.74,5.58,2.8507
20240722,Kalaburagi,17.3297,76.8343,25.42,81.85,6.14,3.1982
20240723,Kalaburagi,17.3297,76.8343,24.94,84.14,5.79,3.0629
20240724,Kalaburagi,17.3297,76.8343,25.48,81.96,5.92,1.8365
20240725,Kalaburagi,17.3297,76.8343,24.82,84.3,5.78,1.6246
20240726,Kalaburagi,17.3297,76.8343,25.01,80.37,5.89,3.1594
20240727,Kalaburagi,17.3297,76.8343,24.53,86.53,5.36,3.4051
20240728,Kalaburagi,17.3297,76.8343,25.0,83.2,5.33,3.031
20240729,Kalaburagi,17.3297,76.8343,26.48,78.46,5.14,3.7538
20240730,Kalaburagi,17.3297,76.8343,27.05,77.22,3.91,5.2548
20240731,Kalaburagi,17.3297,76.8343,26.92,79.74,4.06,4.9632
20240801,Kalaburagi,17.3297,76.8343,25.7,84.88,4.31,3.6806
20240802,Kalaburagi,17.3297,76.8343,25.58,82.62,4.94,4.1114
20240803,Kalaburagi,17.3297,76.8343,26.06,79.4,5.24,4.067
20240804,Kalaburagi,17.3297,76.8343,25.45,81.36,4.4,3.6967
20240805,Kalaburagi,17.3297,76.8343,25.69,82.02,3.74,5.1079
20240806,Kalaburagi,17.3297,76.8343,25.46,83.81,3.38,3.3708
20240807,Kalaburagi,17.3297,76.8343,25.15,84.67,3.49,2.4511
20240808,Kalaburagi,17.3297,76.8343,26.13,80.44,3.09,4.0063
20240809,Kalaburagi,17.3297,76.8343,26.54,79.11,3.2,6.1174
20240810,Kalaburagi,17.3297,76.8343,26.94,76.55,3.16,6.4553
20240811,Kalaburagi,17.3297,76.8343,27.03,77.17,3.26,5.809
20240812,Kalaburagi,17.3297,76.8343,26.92,78.08,2.79,6.5141
20240813,Kalaburagi,17.3297,76.8343,27.36,77.46,2.04,6.0377
20240814,Kalaburagi,17.3297,76.8343,28.0,76.52,0.73,4.3555
20240815,Kalaburagi,17.3297,76.8343,27.05,82.86,1.19,4.7501
20240816,Kalaburagi,17.3297,76.8343,26.58,83.68,0.71,4.8888
20240817,Kalaburagi,17.3297,76.8343,26.43,83.17,1.65,4.2852
20240818,Kalaburagi,17.3297,76.8343,26.13,86.7,1.41,5.437
20240819,Kalaburagi,17.3297,76.8343,27.57,72.67,0.68,4.3553
20240820,Kalaburagi,17.3297,76.8343,26.98,80.39,0.8,4.8581
20240821,Kalaburagi,17.3297,76.8343,27.12,80.65,2.1,5.3513
20240822,Kalaburagi,17.3297,76.8343,26.31,83.53,1.91,4.506
20240823,Kalaburagi,17.3297,76.8343,25.95,83.68,4.13,4.6133
20240824,Kalaburagi,17.3297,76.8343,25.21,87.56,3.6,3.3206
20240825,Kalaburagi,17.3297,76.8343,25.35,82.69,4.66,4.4782
20240826,Kalaburagi,17.3297,76.8343,25.59,80.54,4.74,4.9027
20240827,Kalaburagi,17.3297,76.8343,25.77,80.34,4.01,4.5552
20240828,Kalaburagi,17.3297,76.8343,25.9,79.66,4.06,4.7887
20240829,Kalaburagi,17.3297,76.8343,25.56,82.44,3.24,5.773
20240830,Kalaburagi,17.3297,76.8343,25.06,85.2,3.13,5.3626
20240831,Kalaburagi,17.3297,76.8343,24.32,88.5,3.63,2.0993
20240901,Kalaburagi,17.3297,76.8343,23.89,91.67,5.66,1.0387
20240902,Kalaburagi,17.3297,76.8343,23.15,87.09,5.87,1.0666
20240903,Kalaburagi,17.3297,76.8343,24.13,83.42,4.4,3.8952
20240904,Kalaburagi,17.3297,76.8343,25.51,85.08,3.96,4.5089
20240905,Kalaburagi,17.3297,76.8343,25.66,85.08,3.82,4.9471
20240906,Kalaburagi,17.3297,76.8343,25.43,84.87,3.51,4.8566
20240907,Kalaburagi,17.3297,76.8343,24.93,87.21,3.56,4.9318
20240908,Kalaburagi,17.3297,76.8343,24.39,88.91,3.07,4.8977
20240909,Kalaburagi,17.3297,76.8343,24.31,88.57,2.92,3.8477
20240910,Kalaburagi,17.3297,76.8343,25.21,83.61,3.72,4.373
20240911,Kalaburagi,17.3297,76.8343,25.4,80.24,3.84,4.7712
20240912,Kalaburagi,17.3297,76.8343,25.27,79.84,3.45,5.5987
20240913,Kalaburagi,17.3297,76.8343,24.65,81.1,3.33,5.6381
20240914,Kalaburagi,17.3297,76.8343,24.89,79.68,3.29,6.2846
20240915,Kalaburagi,17.3297,76.8343,24.71,80.46,3.33,4.6423
20240916,Kalaburagi,17.3297,76.8343,24.09,81.35,2.91,5.4151
20240917,Kalaburagi,17.3297,76.8343,24.71,78.48,2.86,5.1206
20240918,Kalaburagi,17.3297,76.8343,24.94,74.45,2.1,6.5664
20240919,Kalaburagi,17.3297,76.8343,25.19,74.34,1.47,5.8214
20240920,Kalaburagi,17.3297,76.8343,25.4,79.3,1.7,4.5725
20240921,Kalaburagi,17.3297,76.8343,25.61,84.15,1.34,3.0967
20240922,Kalaburagi,17.3297,76.8343,25.72,82.81,1.54,4.2756
20240923,Kalaburagi,17.3297,76.8343,25.92,86.53,1.53,4.9118
20240924,Kalaburagi,17.3297,76.8343,26.51,85.69,0.69,3.4541
20240925,Kalaburagi,17.3297,76.8343,25.02,89.19,2.1,3.817
20240926,Kalaburagi,17.3297,76.8343,24.66,89.01,3.41,3.8119
20240927,Kalaburagi,17.3297,76.8343,25.11,85.25,3.09,4.6253
20240928,Kalaburagi,17.3297,76.8343,24.86,82.89,1.93,5.0705
20240929,Kalaburagi,17.3297,76.8343,26.27,79.55,1.1,6.0115
20240930,Kalaburagi,17.3297,76.8343,26.32,81.87,0.81,5.5718
20241001,Kalaburagi,17.3297,76.8343,27.19,79.02,0.53,5.7175
20241002,Kalaburagi,17.3297,76.8343,27.04,82.19,1.23,5.9614
20241003,Kalaburagi,17.3297,76.8343,25.29,88.5,1.87,5.0057
20241004,Kalaburagi,17.3297,76.8343,25.96,82.87,1.57,4.9126
20241005,Kalaburagi,17.3297,76.8343,25.89,83.69,1.81,4.535
20241006,Kalaburagi,17.3297,76.8343,25.58,84.39,1.75,4.3884
20241007,Kalaburagi,17.3297,76.8343,25.03,84.13,1.71,4.8991
20241008,Kalaburagi,17.3297,76.8343,24.88,84.08,1.55,5.3131
20241009,Kalaburagi,17.3297,76.8343,25.05,85.46,1.84,5.1326
20241010,Kalaburagi,17.3297,76.8343,25.31,85.16,2.58,4.7362
20241011,Kalaburagi,17.3297,76.8343,25.17,86.78,2.46,3.833
20241012,Kalaburagi,17.3297,76.8343,25.38,86.45,2.26,4.5727
20241013,Kalaburagi,17.3297,76.8343,25.57,84.97,1.98,5.3813
20241014,Kalaburagi,17.3297,76.8343,25.25,86.19,1.33,5.087
20241015,Kalaburagi,17.3297,76.8343,25.15,86.53,1.38,4.2456
20241016,Kalaburagi,17.3297,76.8343,25.16,87.92,1.74,4.0982
20241017,Kalaburagi,17.3297,76.8343,25.46,86.83,2.42,4.4429
20241018,Kalaburagi,17.3297,76.8343,25.28,89.42,2.25,4.7854
20241019,Kalaburagi,17.3297,76.8343,25.22,88.02,1.65,5.2776
20241020,Kalaburagi,17.3297,76.8343,24.4,84.87,1.62,5.0162
20241021,Kalaburagi,17.3297,76.8343,24.73,84.39,1.77,5.3942
20241022,Kalaburagi,17.3297,76.8343,25.16,85.0,1.49,4.7515
20241023,Kalaburagi,17.3297,76.8343,24.57,83.44,1.88,4.9507
20241024,Kalaburagi,17.3297,76.8343,23.68,80.51,1.79,4.8509
20241025,Kalaburagi,17.3297,76.8343,23.31,79.54,2.34,5.0561
20241026,Kalaburagi,17.3297,76.8343,23.37,82.1,2.7,5.5771
20241027,Kalaburagi,17.3297,76.8343,23.04,80.6,1.94,5.7766
20241028,Kalaburagi,17.3297,76.8343,23.67,77.88,0.98,5.652
20241029,Kalaburagi,17.3297,76.8343,24.85,74.72,0.75,5.4538
20241030,Kalaburagi,17.3297,76.8343,24.36,81.56,1.37,4.759
20241031,Kalaburagi,17.3297,76.8343,24.63,87.43,2.19,3.9588
20241101,Kalaburagi,17.3297,76.8343,24.94,85.57,1.3,3.707
20241102,Kalaburagi,17.3297,76.8343,24.63,82.82,2.02,4.3778
20241103,Kalaburagi,17.3297,76.8343,23.37,78.6,2.31,5.1238
20241104,Kalaburagi,17.3297,76.8343,22.69,76.99,1.93,4.8461
20241105,Kalaburagi,17.3297,76.8343,21.96,73.43,1.83,4.9733
20241106,Kalaburagi,17.3297,76.8343,22.11,75.76,1.76,5.1816
20241107,Kalaburagi,17.3297,76.8343,21.71,77.14,1.7,5.1552
20241108,Kalaburagi,17.3297,76.8343,21.68,74.57,1.56,5.2812
20241109,Kalaburagi,17.3297,76.8343,22.35,74.83,1.69,4.8792
20241110,Kalaburagi,17.3297,76.8343,21.88,75.91,1.89,4.8403
20241111,Kalaburagi,17.3297,76.8343,21.25,75.59,2.18,4.6951
20241112,Kalaburagi,17.3297,76.8343,21.66,77.94,2.49,5.0371
20241113,Kalaburagi,17.3297,76.8343,22.91,79.9,2.63,4.4981
20241114,Kalaburagi,17.3297,76.8343,22.77,82.27,2.47,3.1253
20241115,Kalaburagi,17.3297,76.8343,23.71,78.71,2.31,4.0056
20241116,Kalaburagi,17.3297,76.8343,22.39,72.2,2.36,4.7621
20241117,Kalaburagi,17.3297,76.8343,20.54,69.49,2.58,4.9046
20241118,Kalaburagi,17.3297,76.8343,19.49,72.03,2.21,4.9591
20241119,Kalaburagi,17.3297,76.8343,19.3,71.41,1.91,5.0062
20241120,Kalaburagi,17.3297,76.8343,19.54,72.79,1.88,4.9805
20241121,Kalaburagi,17.3297,76.8343,19.61,73.25,1.76,4.5146
20241122,Kalaburagi,17.3297,76.8343,19.46,73.47,1.68,4.4693
20241123,Kalaburagi,17.3297,76.8343,19.74,74.6,1.24,4.1551
20241124,Kalaburagi,17.3297,76.8343,19.47,72.26,1.72,4.2802
20241125,Kalaburagi,17.3297,76.8343,19.35,73.84,2.44,4.6819
20241126,Kalaburagi,17.3297,76.8343,19.88,70.94,2.25,4.6368
20241127,Kalaburagi,17.3297,76.8343,19.65,68.11,2.91,4.3877
20241128,Kalaburagi,17.3297,76.8343,18.86,66.13,3.4,4.8509
20241129,Kalaburagi,17.3297,76.8343,20.31,72.06,3.27,4.9075
20241130,Kalaburagi,17.3297,76.8343,22.29,78.51,3.46,3.4879
20241201,Kalaburagi,17.3297,76.8343,23.32,80.31,2.97,2.7326
20241202,Kalaburagi,17.3297,76.8343,23.77,82.65,3.24,2.4096
20241203,Kalaburagi,17.3297,76.8343,24.66,79.51,3.14,2.6062
20241204,Kalaburagi,17.3297,76.8343,24.79,79.79,2.07,4.0226
20241205,Kalaburagi,17.3297,76.8343,25.26,78.52,1.61,4.0997
20241206,Kalaburagi,17.3297,76.8343,25.36,76.31,1.64,3.593
20241207,Kalaburagi,17.3297,76.8343,25.07,79.16,0.96,3.593
20241208,Kalaburagi,17.3297,76.8343,24.62,81.91,1.29,3.3485
20241209,Kalaburagi,17.3297,76.8343,23.84,78.16,1.79,4.0344
20241210,Kalaburagi,17.3297,76.8343,21.35,64.31,2.72,3.637
20241211,Kalaburagi,17.3297,76.8343,20.32,57.14,2.57,5.0561
20241212,Kalaburagi,17.3297,76.8343,21.04,55.57,1.57,5.0981
20241213,Kalaburagi,17.3297,76.8343,20.18,54.2,2.59,4.446
20241214,Kalaburagi,17.3297,76.8343,19.71,56.09,2.96,4.6886
20241215,Kalaburagi,17.3297,76.8343,18.52,51.59,2.43,5.195
20241216,Kalaburagi,17.3297,76.8343,17.84,48.04,2.05,5.3095
20241217,Kalaburagi,17.3297,76.8343,18.71,50.53,1.68,5.1972
20241218,Kalaburagi,17.3297,76.8343,20.23,51.3,2.0,4.787
20241219,Kalaburagi,17.3297,76.8343,22.36,56.29,2.12,4.7616
20241220,Kalaburagi,17.3297,76.8343,23.88,72.86,2.23,3.8285
20241221,Kalaburagi,17.3297,76.8343,23.8,69.33,1.75,3.2918
20241222,Kalaburagi,17.3297,76.8343,22.84,58.4,1.95,4.2358
20241223,Kalaburagi,17.3297,76.8343,22.5,57.32,2.15,3.3084
20241224,Kalaburagi,17.3297,76.8343,23.09,59.88,1.87,4.1856
20241225,Kalaburagi,17.3297,76.8343,23.27,69.82,2.52,4.1266
20241226,Kalaburagi,17.3297,76.8343,22.87,73.94,2.65,3.2702
20241227,Kalaburagi,17.3297,76.8343,24.24,68.32,3.57,3.0962
20241228,Kalaburagi,17.3297,76.8343,23.92,66.3,2.26,4.9433
20241229,Kalaburagi,17.3297,76.8343,23.67,62.7,2.0,4.9387
20241230,Kalaburagi,17.3297,76.8343,23.14,56.01,2.01,4.872
20241231,Kalaburagi,17.3297,76.8343,22.83,56.42,2.17,4.5811
20250101,Kalaburagi,17.3297,76.8343,21.95,60.0,2.36,3.7745
20250102,Kalaburagi,17.3297,76.8343,21.28,45.09,2.85,5.0309
20250103,Kalaburagi,17.3297,76.8343,20.63,36.56,2.64,5.3532
20250104,Kalaburagi,17.3297,76.8343,20.6,38.68,2.37,5.4478
20250105,Kalaburagi,17.3297,76.8343,20.84,51.84,1.63,5.2745
20250106,Kalaburagi,17.3297,76.8343,21.48,55.32,1.66,4.9718
20250107,Kalaburagi,17.3297,76.8343,21.66,49.47,1.96,4.739
20250108,Kalaburagi,17.3297,76.8343,20.54,43.53,2.48,4.9404
20250109,Kalaburagi,17.3297,76.8343,20.24,40.06,2.54,5.0196
20250110,Kalaburagi,17.3297,76.8343,21.2,59.14,2.52,4.3142
20250111,Kalaburagi,17.3297,76.8343,23.15,60.61,2.23,3.6218
20250112,Kalaburagi,17.3297,76.8343,23.71,57.97,1.98,4.1599
20250113,Kalaburagi,17.3297,76.8343,23.73,50.14,2.12,4.5646
20250114,Kalaburagi,17.3297,76.8343,23.7,53.06,2.52,4.4825
20250115,Kalaburagi,17.3297,76.8343,23.43,58.19,2.73,3.9943
20250116,Kalaburagi,17.3297,76.8343,23.66,57.69,2.66,3.9533
20250117,Kalaburagi,17.3297,76.8343,23.24,45.81,3.19,4.4419
20250118,Kalaburagi,17.3297,76.8343,22.05,46.13,2.69,4.284
20250119,Kalaburagi,17.3297,76.8343,22.83,37.69,2.54,5.1814
20250120,Kalaburagi,17.3297,76.8343,22.66,30.04,2.64,5.6285
20250121,Kalaburagi,17.3297,76.8343,22.89,26.97,2.02,5.7662
20250122,Kalaburagi,17.3297,76.8343,23.58,33.14,1.88,5.6594
20250123,Kalaburagi,17.3297,76.8343,24.14,46.01,1.92,5.5646
20250124,Kalaburagi,17.3297,76.8343,24.96,49.03,2.13,5.3868
20250125,Kalaburagi,17.3297,76.8343,24.6,41.38,1.8,5.7732
20250126,Kalaburagi,17.3297,76.8343,24.59,37.28,2.16,5.5234
20250127,Kalaburagi,17.3297,76.8343,24.79,34.51,1.65,5.5498
20250128,Kalaburagi,17.3297,76.8343,24.84,35.52,1.48,5.3635
20250129,Kalaburagi,17.3297,76.8343,24.8,43.51,2.1,5.1809
20250130,Kalaburagi,17.3297,76.8343,24.83,41.24,1.43,5.2937
20250131,Kalaburagi,17.3297,76.8343,25.17,34.82,1.33,5.484
20250201,Kalaburagi,17.3297,76.8343,25.82,32.5,1.14,5.7276
20250202,Kalaburagi,17.3297,76.8343,25.71,34.76,1.76,5.5841
20250203,Kalaburagi,17.3297,76.8343,25.64,34.11,2.11,5.9386
20250204,Kalaburagi,17.3297,76.8343,26.31,31.72,1.87,5.8706
20250205,Kalaburagi,17.3297,76.8343,26.41,35.0,1.24,5.6302
20250206,Kalaburagi,17.3297,76.8343,26.38,36.59,1.84,5.4451
20250207,Kalaburagi,17.3297,76.8343,26.59,36.89,2.62,4.9798
20250208,Kalaburagi,17.3297,76.8343,26.75,32.38,2.3,4.9116
20250209,Kalaburagi,17.3297,76.8343,26.76,31.19,2.38,5.1648
20250210,Kalaburagi,17.3297,76.8343,26.54,39.96,1.52,4.8533
20250211,Kalaburagi,17.3297,76.8343,27.08,38.21,1.11,5.0508
20250212,Kalaburagi,17.3297,76.8343,27.16,27.79,1.36,5.4413
20250213,Kalaburagi,17.3297,76.8343,26.49,18.92,2.27,6.1522
20250214,Kalaburagi,17.3297,76.8343,25.55,19.29,2.63,6.3922
20250215,Kalaburagi,17.3297,76.8343,26.24,18.05,2.57,6.4992
20250216,Kalaburagi,17.3297,76.8343,26.75,17.95,1.3,6.4529
20250217,Kalaburagi,17.3297,76.8343,27.07,22.46,1.13,6.2201
20250218,Kalaburagi,17.3297,76.8343,27.37,26.52,1.5,6.0826
20250219,Kalaburagi,17.3297,76.8343,27.94,21.85,1.01,6.0797
20250220,Kalaburagi,17.3297,76.8343,27.71,25.08,1.93,5.7365
20250221,Kalaburagi,17.3297,76.8343,27.39,26.68,2.34,5.6263
20250222,Kalaburagi,17.3297,76.8343,27.48,23.59,2.19,6.0756
20250223,Kalaburagi,17.3297,76.8343,27.41,23.24,2.9,6.1351
20250224,Kalaburagi,17.3297,76.8343,26.86,19.29,2.73,6.6065
20250225,Kalaburagi,17.3297,76.8343,26.56,27.38,2.56,6.0398
20250226,Kalaburagi,17.3297,76.8343,27.33,30.78,3.14,6.0458
20250227,Kalaburagi,17.3297,76.8343,27.28,30.45,2.68,6.2995
20250228,Kalaburagi,17.3297,76.8343,27.72,34.78,2.06,6.0878
20250301,Kalaburagi,17.3297,76.8343,28.32,34.97,2.32,6.1975
20250302,Kalaburagi,17.3297,76.8343,29.29,28.93,1.39,6.1942
20250303,Kalaburagi,17.3297,76.8343,29.61,22.82,2.23,6.3655
20250304,Kalaburagi,17.3297,76.8343,29.79,20.06,3.12,5.9846
20250305,Kalaburagi,17.3297,76.8343,27.96,16.58,3.79,6.4788
20250306,Kalaburagi,17.3297,76.8343,26.01,6.36,3.27,7.4506
20250307,Kalaburagi,17.3297,76.8343,26.73,8.56,2.36,7.3162
20250308,Kalaburagi,17.3297,76.8343,28.02,11.1,1.73,7.0757
20250309,Kalaburagi,17.3297,76.8343,28.43,18.1,1.99,6.653
20250310,Kalaburagi,17.3297,76.8343,28.74,35.52,3.04,6.3418
20250311,Kalaburagi,17.3297,76.8343,28.74,34.61,2.57,6.3499
20250312,Kalaburagi,17.3297,76.8343,29.34,28.37,1.76,6.6996
20250313,Kalaburagi,17.3297,76.8343,30.64,26.14,0.96,6.3823
20250314,Kalaburagi,17.3297,76.8343,31.47,22.29,1.42,6.3175
20250315,Kalaburagi,17.3297,76.8343,31.22,24.33,1.86,6.3038
20250316,Kalaburagi,17.3297,76.8343,30.94,23.8,2.63,6.6494
20250317,Kalaburagi,17.3297,76.8343,30.62,21.39,0.99,5.9299
20250318,Kalaburagi,17.3297,76.8343,31.74,19.62,1.35,6.6737
20250319,Kalaburagi,17.3297,76.8343,30.93,25.8,2.83,6.751
20250320,Kalaburagi,17.3297,76.8343,30.82,35.4,2.51,6.2772
20250321,Kalaburagi,17.3297,76.8343,30.59,35.46,1.35,5.934
20250322,Kalaburagi,17.3297,76.8343,31.5,38.06,1.74,6.4106
20250323,Kalaburagi,17.3297,76.8343,30.73,44.07,2.56,6.1342
20250324,Kalaburagi,17.3297,76.8343,30.54,39.0,2.1,5.5613
20250325,Kalaburagi,17.3297,76.8343,30.27,29.8,2.01,6.2114
20250326,Kalaburagi,17.3297,76.8343,30.55,25.97,1.74,6.1166
20250327,Kalaburagi,17.3297,76.8343,30.9,25.34,1.47,6.1999
20250328,Kalaburagi,17.3297,76.8343,31.83,22.75,1.42,5.9522
20250329,Kalaburagi,17.3297,76.8343,31.98,21.93,1.77,5.8901
20250330,Kalaburagi,17.3297,76.8343,32.59,22.03,2.45,5.6412
20250331,Kalaburagi,17.3297,76.8343,32.69,24.22,2.64,5.6429
20250401,Kalaburagi,17.3297,76.8343,31.73,31.97,3.15,6.0754
20250402,Kalaburagi,17.3297,76.8343,29.89,34.21,2.74,6.474
20250403,Kalaburagi,17.3297,76.8343,29.46,43.38,1.58,5.0009
20250404,Kalaburagi,17.3297,76.8343,30.88,41.63,1.98,6.5657
20250405,Kalaburagi,17.3297,76.8343,31.68,35.26,2.28,5.7636
20250406,Kalaburagi,17.3297,76.8343,31.72,33.41,1.9,6.623
20250407,Kalaburagi,17.3297,76.8343,31.56,28.58,1.87,6.7181
20250408,Kalaburagi,17.3297,76.8343,31.9,33.39,1.88,5.9954
20250409,Kalaburagi,17.3297,76.8343,31.68,35.23,2.4,6.5098
20250410,Kalaburagi,17.3297,76.8343,31.0,39.76,1.78,6.5297
20250411,Kalaburagi,17.3297,76.8343,30.43,40.18,2.84,6.6653
20250412,Kalaburagi,17.3297,76.8343,31.04,31.74,2.81,7.223
20250413,Kalaburagi,17.3297,76.8343,31.29,25.64,3.32,6.8645
20250414,Kalaburagi,17.3297,76.8343,31.88,25.42,2.13,6.9468
20250415,Kalaburagi,17.3297,76.8343,32.4,25.65,1.28,6.9103
20250416,Kalaburagi,17.3297,76.8343,32.71,29.48,1.34,6.3751
20250417,Kalaburagi,17.3297,76.8343,33.95,27.67,1.65,6.2933
20250418,Kalaburagi,17.3297,76.8343,33.36,34.1,2.13,5.9628
20250419,Kalaburagi,17.3297,76.8343,34.22,33.32,2.25,6.5002
20250420,Kalaburagi,17.3297,76.8343,34.75,26.78,2.22,6.5558
20250421,Kalaburagi,17.3297,76.8343,34.83,31.01,2.29,6.702
20250422,Kalaburagi,17.3297,76.8343,34.42,32.89,1.74,6.4814
20250423,Kalaburagi,17.3297,76.8343,34.99,26.57,1.6,6.3514
20250424,Kalaburagi,17.3297,76.8343,34.33,31.12,1.53,6.1428
20250425,Kalaburagi,17.3297,76.8343,34.8,33.77,1.56,5.6347
20250426,Kalaburagi,17.3297,76.8343,34.02,35.1,1.59,5.9582
20250427,Kalaburagi,17.3297,76.8343,33.74,32.88,1.61,5.8716
20250428,Kalaburagi,17.3297,76.8343,33.55,31.34,1.75,6.6463
20250429,Kalaburagi,17.3297,76.8343,33.56,33.23,2.05,6.1474
20250430,Kalaburagi,17.3297,76.8343,34.87,26.01,2.88,6.475
20250501,Kalaburagi,17.3297,76.8343,34.28,22.1,2.29,6.9487
20250502,Kalaburagi,17.3297,76.8343,34.34,25.51,1.82,6.943
20250503,Kalaburagi,17.3297,76.8343,34.1,23.44,1.8,7.1232
20250504,Kalaburagi,17.3297,76.8343,33.71,18.58,3.55,7.3687
20250505,Kalaburagi,17.3297,76.8343,33.06,24.74,2.32,7.183
20250506,Kalaburagi,17.3297,76.8343,31.97,26.66,2.83,7.1047
20250507,Kalaburagi,17.3297,76.8343,31.6,28.22,3.35,7.3349
20250508,Kalaburagi,17.3297,76.8343,31.37,29.79,2.37,6.8129
20250509,Kalaburagi,17.3297,76.8343,32.15,32.2,1.93,7.2365
20250510,Kalaburagi,17.3297,76.8343,33.38,30.6,2.01,6.5148
20250511,Kalaburagi,17.3297,76.8343,34.46,30.02,1.65,5.6501
20250512,Kalaburagi,17.3297,76.8343,34.67,32.76,2.61,5.5925
20250513,Kalaburagi,17.3297,76.8343,34.13,38.5,2.03,5.6614
20250514,Kalaburagi,17.3297,76.8343,32.43,47.07,1.72,4.6687
20250515,Kalaburagi,17.3297,76.8343,31.68,53.33,1.25,5.892
20250516,Kalaburagi,17.3297,76.8343,29.29,67.5,1.55,5.6033
20250517,Kalaburagi,17.3297,76.8343,30.57,62.4,1.49,5.7036
20250518,Kalaburagi,17.3297,76.8343,28.82,71.59,1.62,4.7186
20250519,Kalaburagi,17.3297,76.8343,29.45,68.17,1.28,4.4671
20250520,Kalaburagi,17.3297,76.8343,29.61,68.64,2.17,4.3541
20250521,Kalaburagi,17.3297,76.8343,28.15,76.43,2.02,4.5422
20250522,Kalaburagi,17.3297,76.8343,26.72,79.56,2.39,4.8912
20250523,Kalaburagi,17.3297,76.8343,27.5,76.95,3.78,4.0423
20250524,Kalaburagi,17.3297,76.8343,27.01,79.79,3.48,3.5455
20250525,Kalaburagi,17.3297,76.8343,26.58,79.04,5.68,2.6664
20250526,Kalaburagi,17.3297,76.8343,26.96,78.44,3.01,2.7614
20250527,Kalaburagi,17.3297,76.8343,27.19,79.63,1.99,3.7402
20250528,Kalaburagi,17.3297,76.8343,26.12,82.51,4.45,3.4154
20250529,Kalaburagi,17.3297,76.8343,26.95,80.93,4.1,3.451
20250530,Kalaburagi,17.3297,76.8343,27.49,75.26,4.5,4.5432
20250531,Kalaburagi,17.3297,76.8343,27.95,68.91,5.78,6.7039
20250601,Kalaburagi,17.3297,76.8343,27.59,69.75,4.64,6.0458
20250602,Kalaburagi,17.3297,76.8343,27.57,71.16,4.43,5.3479
20250603,Kalaburagi,17.3297,76.8343,27.49,71.0,3.98,5.9827
20250604,Kalaburagi,17.3297,76.8343,27.41,69.41,3.72,5.8056
20250605,Kalaburagi,17.3297,76.8343,27.26,71.57,1.88,3.6077
20250606,Kalaburagi,17.3297,76.8343,29.22,66.57,1.37,6.1013
20250607,Kalaburagi,17.3297,76.8343,28.86,66.57,2.71,5.1034
20250608,Kalaburagi,17.3297,76.8343,28.91,69.38,2.91,6.0607
20250609,Kalaburagi,17.3297,76.8343,28.36,71.12,4.34,3.7298
20250610,Kalaburagi,17.3297,76.8343,28.57,70.53,4.5,1.6613
20250611,Kalaburagi,17.3297,76.8343,26.28,79.41,4.25,2.9386
20250612,Kalaburagi,17.3297,76.8343,25.81,85.72,3.35,3.7742
20250613,Kalaburagi,17.3297,76.8343,28.18,76.09,1.99,4.3802
20250614,Kalaburagi,17.3297,76.8343,27.68,77.12,2.34,4.1582
20250615,Kalaburagi,17.3297,76.8343,27.54,76.03,3.9,3.5839
20250616,Kalaburagi,17.3297,76.8343,26.56,76.16,6.17,4.439
20250617,Kalaburagi,17.3297,76.8343,27.58,71.32,5.43,5.759
20250618,Kalaburagi,17.3297,76.8343,27.98,70.78,5.97,5.2202
20250619,Kalaburagi,17.3297,76.8343,27.26,73.06,6.3,4.7093
20250620,Kalaburagi,17.3297,76.8343,27.42,72.4,5.59,5.1202
20250621,Kalaburagi,17.3297,76.8343,27.7,71.39,5.39,5.7007
20250622,Kalaburagi,17.3297,76.8343,27.04,71.76,5.35,5.6928
20250623,Kalaburagi,17.3297,76.8343,26.8,72.33,6.32,5.2327
20250624,Kalaburagi,17.3297,76.8343,26.61,72.96,6.18,3.8345
20250625,Kalaburagi,17.3297,76.8343,26.14,78.01,5.21,4.1856
20250626,Kalaburagi,17.3297,76.8343,25.94,78.05,5.07,3.163
20250627,Kalaburagi,17.3297,76.8343,26.89,73.41,5.14,4.9358
20250628,Kalaburagi,17.3297,76.8343,27.25,71.11,5.29,4.9013
20250629,Kalaburagi,17.3297,76.8343,26.97,71.83,5.61,3.8669
20250630,Kalaburagi,17.3297,76.8343,25.1,81.37,5.13,3.8954
20250701,Kalaburagi,17.3297,76.8343,25.09,82.53,5.58,3.2422
20250702,Kalaburagi,17.3297,76.8343,25.32,80.73,5.16,2.6275
20250703,Kalaburagi,17.3297,76.8343,26.07,76.75,5.15,3.4906
20250704,Kalaburagi,17.3297,76.8343,26.51,74.99,5.72,3.7435
20250705,Kalaburagi,17.3297,76.8343,26.28,76.28,5.77,4.0606
20250706,Kalaburagi,17.3297,76.8343,26.19,75.38,5.84,5.095
20250707,Kalaburagi,17.3297,76.8343,25.39,77.86,5.38,3.2189
20250708,Kalaburagi,17.3297,76.8343,25.51,78.76,5.24,2.7312
20250709,Kalaburagi,17.3297,76.8343,26.47,74.66,4.91,4.0507
20250710,Kalaburagi,17.3297,76.8343,27.03,71.66,3.87,5.3856
20250711,Kalaburagi,17.3297,76.8343,27.1,72.04,3.77,6.1526
20250712,Kalaburagi,17.3297,76.8343,27.28,71.34,4.2,5.6486
20250713,Kalaburagi,17.3297,76.8343,27.14,71.0,4.51,4.9464
20250714,Kalaburagi,17.3297,76.8343,27.41,70.24,5.09,4.9942
20250715,Kalaburagi,17.3297,76.8343,27.22,72.3,4.51,4.5211
20250716,Kalaburagi,17.3297,76.8343,27.5,73.35,3.24,5.1348
20250717,Kalaburagi,17.3297,76.8343,27.67,74.42,2.72,4.4714
20250718,Kalaburagi,17.3297,76.8343,26.32,81.26,1.74,4.0831
20250719,Kalaburagi,17.3297,76.8343,25.64,77.59,3.11,4.717
20250720,Kalaburagi,17.3297,76.8343,26.74,74.09,3.03,4.7218
20250721,Kalaburagi,17.3297,76.8343,25.78,82.65,3.41,5.0071
20250722,Kalaburagi,17.3297,76.8343,25.72,83.28,4.22,5.1173
20250723,Kalaburagi,17.3297,76.8343,25.09,84.4,4.54,3.0634
20250724,Kalaburagi,17.3297,76.8343,24.59,85.78,4.09,2.8704
20250725,Kalaburagi,17.3297,76.8343,24.54,88.35,4.64,3.2945
20250726,Kalaburagi,17.3297,76.8343,24.3,85.47,5.92,1.8545
20250727,Kalaburagi,17.3297,76.8343,25.61,76.61,6.16,4.2058
20250728,Kalaburagi,17.3297,76.8343,25.66,75.12,6.13,4.2744
20250729,Kalaburagi,17.3297,76.8343,25.14,75.81,6.44,4.1035
20250730,Kalaburagi,17.3297,76.8343,25.4,77.79,5.19,2.3434
20250731,Kalaburagi,17.3297,76.8343,26.58,74.47,4.53,3.3358
20250801,Kalaburagi,17.3297,76.8343,26.51,74.28,3.8,4.6692
20250802,Kalaburagi,17.3297,76.8343,26.78,74.89,2.88,5.1698
20250803,Kalaburagi,17.3297,76.8343,26.69,75.8,2.06,4.4323
20250804,Kalaburagi,17.3297,76.8343,26.56,80.51,1.64,5.411
20250805,Kalaburagi,17.3297,76.8343,25.76,85.79,2.56,4.3598
20250806,Kalaburagi,17.3297,76.8343,26.09,82.94,2.08,5.3729
20250807,Kalaburagi,17.3297,76.8343,26.08,82.78,0.66,2.9083
20250808,Kalaburagi,17.3297,76.8343,26.08,79.79,1.0,3.1783
20250809,Kalaburagi,17.3297,76.8343,25.74,80.51,1.62,3.7848
20250810,Kalaburagi,17.3297,76.8343,24.93,84.97,1.61,4.4028
20250811,Kalaburagi,17.3297,76.8343,25.33,81.53,3.17,3.913
20250812,Kalaburagi,17.3297,76.8343,24.44,83.59,3.22,4.1558
20250813,Kalaburagi,17.3297,76.8343,24.39,86.24,2.82,3.2902
20250814,Kalaburagi,17.3297,76.8343,24.64,86.7,3.15,2.8922
20250815,Kalaburagi,17.3297,76.8343,23.28,91.56,3.45,3.9444
20250816,Kalaburagi,17.3297,76.8343,24.23,87.83,3.97,2.065
20250817,Kalaburagi,17.3297,76.8343,24.56,87.64,3.88,3.5894
20250818,Kalaburagi,17.3297,76.8343,23.5,91.3,4.43,2.0688
20250819,Kalaburagi,17.3297,76.8343,23.91,89.81,4.77,2.3614
20250820,Kalaburagi,17.3297,76.8343,24.3,85.18,4.68,3.5698
20250821,Kalaburagi,17.3297,76.8343,24.99,83.17,3.86,5.0522
20250822,Kalaburagi,17.3297,76.8343,24.84,82.64,3.84,5.5294
20250823,Kalaburagi,17.3297,76.8343,24.65,82.09,4.34,5.0038
20250824,Kalaburagi,17.3297,76.8343,24.67,80.41,4.45,5.0506
20250825,Kalaburagi,17.3297,76.8343,24.9,79.98,4.2,4.8905
20250826,Kalaburagi,17.3297,76.8343,24.22,88.59,3.22,3.4229
20250827,Kalaburagi,17.3297,76.8343,24.01,89.48,3.62,2.4502
20250828,Kalaburagi,17.3297,76.8343,23.9,91.12,3.23,1.6373
20250829,Kalaburagi,17.3297,76.8343,24.72,86.29,3.17,3.4049
20250830,Kalaburagi,17.3297,76.8343,25.55,85.29,2.94,4.9495
20250831,Kalaburagi,17.3297,76.8343,25.09,86.12,3.29,4.3726
20250901,Kalaburagi,17.3297,76.8343,24.76,85.81,3.83,3.7956
20250902,Kalaburagi,17.3297,76.8343,24.24,88.91,3.49,3.9026
20250903,Kalaburagi,17.3297,76.8343,24.42,85.76,3.53,5.063
20250904,Kalaburagi,17.3297,76.8343,24.99,82.19,3.65,5.4941
20250905,Kalaburagi,17.3297,76.8343,24.53,83.61,3.37,4.6166
20250906,Kalaburagi,17.3297,76.8343,24.91,82.41,2.84,4.7621
20250907,Kalaburagi,17.3297,76.8343,24.8,81.68,2.86,5.6566
20250908,Kalaburagi,17.3297,76.8343,24.9,79.97,1.73,6.1298
20250909,Kalaburagi,17.3297,76.8343,26.11,81.05,0.93,5.4965
20250910,Kalaburagi,17.3297,76.8343,25.36,85.47,1.61,4.6824
20250911,Kalaburagi,17.3297,76.8343,24.49,88.57,2.08,2.4329
20250912,Kalaburagi,17.3297,76.8343,23.51,90.47,2.63,3.1918
20250913,Kalaburagi,17.3297,76.8343,24.15,89.56,2.44,2.2421
20250914,Kalaburagi,17.3297,76.8343,24.67,91.65,2.12,3.3588
20250915,Kalaburagi,17.3297,76.8343,25.0,90.36,2.75,4.5578
20250916,Kalaburagi,17.3297,76.8343,24.72,90.09,2.5,2.7475
20250917,Kalaburagi,17.3297,76.8343,25.8,84.36,0.95,4.3267
20250918,Kalaburagi,17.3297,76.8343,25.24,86.17,1.24,5.1379
20250919,Kalaburagi,17.3297,76.8343,25.41,88.51,1.93,4.3164
20250920,Kalaburagi,17.3297,76.8343,25.58,87.88,1.9,4.6752
20250921,Kalaburagi,17.3297,76.8343,25.14,91.39,1.71,4.3157
20250922,Kalaburagi,17.3297,76.8343,24.98,89.34,1.82,3.0499
20250923,Kalaburagi,17.3297,76.8343,23.94,88.77,3.25,2.4319
20250924,Kalaburagi,17.3297,76.8343,23.28,88.21,3.09,4.5461
20250925,Kalaburagi,17.3297,76.8343,23.12,89.23,2.91,5.0256
20250926,Kalaburagi,17.3297,76.8343,22.95,94.6,3.58,1.0346
20250927,Kalaburagi,17.3297,76.8343,23.43,93.99,3.61,1.4734
20250928,Kalaburagi,17.3297,76.8343,23.66,89.63,4.14,2.7965
20250929,Kalaburagi,17.3297,76.8343,23.72,87.08,2.77,5.4319
20250930,Kalaburagi,17.3297,76.8343,23.9,87.18,2.58,5.0179
20251001,Kalaburagi,17.3297,76.8343,24.21,86.91,2.45,4.6404
20251002,Kalaburagi,17.3297,76.8343,24.15,86.79,2.31,5.4847
20251003,Kalaburagi,17.3297,76.8343,24.77,83.85,2.21,5.1912
20251004,Kalaburagi,17.3297,76.8343,23.96,88.34,1.82,4.6056
20251005,Kalaburagi,17.3297,76.8343,24.54,87.67,1.66,3.9094
20251006,Kalaburagi,17.3297,76.8343,23.93,88.47,2.17,4.0073
20251007,Kalaburagi,17.3297,76.8343,24.39,84.08,1.8,5.3474
20251008,Kalaburagi,17.3297,76.8343,24.52,83.84,1.34,5.5277
20251009,Kalaburagi,17.3297,76.8343,23.73,84.48,2.33,5.3458
20251010,Kalaburagi,17.3297,76.8343,22.56,77.3,2.22,6.0521
20251011,Kalaburagi,17.3297,76.8343,21.93,77.56,2.6,5.3938
20251012,Kalaburagi,17.3297,76.8343,21.81,82.16,2.49,6.2054
20251013,Kalaburagi,17.3297,76.8343,22.61,84.11,2.71,5.6774
20251014,Kalaburagi,17.3297,76.8343,23.99,87.38,2.04,4.0397
20251015,Kalaburagi,17.3297,76.8343,24.11,86.61,2.15,4.595
20251016,Kalaburagi,17.3297,76.8343,23.89,84.09,2.08,5.8241
20251017,Kalaburagi,17.3297,76.8343,23.54,84.42,2.33,5.6105
20251018,Kalaburagi,17.3297,76.8343,22.9,83.33,1.87,5.2982
20251019,Kalaburagi,17.3297,76.8343,22.84,83.17,2.49,5.3647
20251020,Kalaburagi,17.3297,76.8343,23.23,86.63,2.18,4.3054
20251021,Kalaburagi,17.3297,76.8343,23.83,86.47,2.26,4.7244
20251022,Kalaburagi,17.3297,76.8343,24.37,85.76,2.74,4.6877
20251023,Kalaburagi,17.3297,76.8343,23.79,84.56,2.69,4.057
20251024,Kalaburagi,17.3297,76.8343,23.61,90.21,1.93,3.8386
20251025,Kalaburagi,17.3297,76.8343,23.62,84.08,1.62,4.0908
20251026,Kalaburagi,17.3297,76.8343,24.05,85.6,1.85,4.1366
20251027,Kalaburagi,17.3297,76.8343,24.61,86.14,2.07,3.7594
20251028,Kalaburagi,17.3297,76.8343,23.67,88.66,1.53,3.1344
20251029,Kalaburagi,17.3297,76.8343,23.93,90.11,2.51,2.6666
20251030,Kalaburagi,17.3297,76.8343,24.02,85.83,2.96,4.4722
20251031,Kalaburagi,17.3297,76.8343,23.42,84.87,2.08,4.781
20251101,Kalaburagi,17.3297,76.8343,24.43,83.72,1.53,4.3241
20251102,Kalaburagi,17.3297,76.8343,23.8,87.88,2.79,3.012
20251103,Kalaburagi,17.3297,76.8343,24.2,86.28,2.09,3.9674
20251104,Kalaburagi,17.3297,76.8343,23.87,84.79,2.01,3.871
20251105,Kalaburagi,17.3297,76.8343,23.03,84.93,1.5,4.3694
20251106,Kalaburagi,17.3297,76.8343,22.4,81.78,2.17,3.5059
20251107,Kalaburagi,17.3297,76.8343,21.42,75.8,2.18,5.4216
20251108,Kalaburagi,17.3297,76.8343,19.42,69.72,2.05,5.7058
20251109,Kalaburagi,17.3297,76.8343,18.29,75.5,1.91,5.544
20251110,Kalaburagi,17.3297,76.8343,18.67,72.43,1.41,5.4514
20251111,Kalaburagi,17.3297,76.8343,19.02,73.27,1.63,5.1852
20251112,Kalaburagi,17.3297,76.8343,19.18,71.94,2.17,5.113
20251113,Kalaburagi,17.3297,76.8343,18.09,70.85,2.2,5.1912
20251114,Kalaburagi,17.3297,76.8343,17.12,77.5,2.15,5.5829
20251115,Kalaburagi,17.3297,76.8343,17.04,77.15,1.94,5.4288
20251116,Kalaburagi,17.3297,76.8343,17.0,76.64,2.28,5.4206
20251117,Kalaburagi,17.3297,76.8343,15.97,76.82,2.32,5.5188
20251118,Kalaburagi,17.3297,76.8343,16.22,74.61,2.16,5.5351
20251119,Kalaburagi,17.3297,76.8343,16.86,75.12,1.66,5.2973
20251120,Kalaburagi,17.3297,76.8343,16.93,77.97,1.99,5.4314
20251121,Kalaburagi,17.3297,76.8343,19.28,83.37,1.81,5.3846
20251122,Kalaburagi,17.3297,76.8343,21.42,82.35,1.78,4.9118
20251123,Kalaburagi,17.3297,76.8343,21.59,79.62,1.71,4.4791
20251124,Kalaburagi,17.3297,76.8343,21.02,78.13,2.02,3.7858
20251125,Kalaburagi,17.3297,76.8343,20.33,81.5,1.97,4.9906
20251126,Kalaburagi,17.3297,76.8343,20.23,81.88,1.98,4.5914
20251127,Kalaburagi,17.3297,76.8343,20.29,82.54,2.11,4.3879
20251128,Kalaburagi,17.3297,76.8343,18.8,77.98,2.64,4.8432
20251129,Kalaburagi,17.3297,76.8343,18.1,75.78,2.18,4.6908
20251130,Kalaburagi,17.3297,76.8343,19.98,80.62,2.5,4.7014
20251201,Kalaburagi,17.3297,76.8343,19.69,78.21,1.85,4.9678
20251202,Kalaburagi,17.3297,76.8343,19.62,80.71,2.06,3.8738
20251203,Kalaburagi,17.3297,76.8343,20.32,78.76,2.5,4.2322
20251204,Kalaburagi,17.3297,76.8343,21.61,79.91,2.74,3.7594
20251205,Kalaburagi,17.3297,76.8343,20.17,70.64,2.85,3.5362
20251206,Kalaburagi,17.3297,76.8343,19.14,72.78,2.42,4.1388
20251207,Kalaburagi,17.3297,76.8343,18.42,70.47,2.38,4.855
20251208,Kalaburagi,17.3297,76.8343,17.28,67.68,2.24,4.7892
20251209,Kalaburagi,17.3297,76.8343,17.26,63.79,2.62,5.4247
20251210,Kalaburagi,17.3297,76.8343,16.93,62.75,2.6,5.4818
20251211,Kalaburagi,17.3297,76.8343,16.37,58.6,2.19,5.633
20251212,Kalaburagi,17.3297,76.8343,16.88,61.65,1.94,5.442
20251213,Kalaburagi,17.3297,76.8343,17.71,63.83,1.68,5.2531
20251214,Kalaburagi,17.3297,76.8343,17.99,67.58,1.86,5.0582
20251215,Kalaburagi,17.3297,76.8343,17.93,68.94,1.95,4.9145
20251216,Kalaburagi,17.3297,76.8343,18.37,70.23,1.83,4.9296
20251217,Kalaburagi,17.3297,76.8343,19.2,66.85,2.07,4.7897
20251218,Kalaburagi,17.3297,76.8343,17.94,64.25,2.22,5.3054
20251219,Kalaburagi,17.3297,76.8343,16.98,59.94,2.37,5.448
20251220,Kalaburagi,17.3297,76.8343,16.82,60.83,2.21,5.3062
20251221,Kalaburagi,17.3297,76.8343,17.98,68.11,2.16,4.795
20251222,Kalaburagi,17.3297,76.8343,18.27,70.1,1.95,4.805
20251223,Kalaburagi,17.3297,76.8343,18.02,63.86,2.2,4.9337
20251224,Kalaburagi,17.3297,76.8343,17.66,65.54,2.36,4.7791
20251225,Kalaburagi,17.3297,76.8343,17.79,63.48,1.88,4.8514
20251226,Kalaburagi,17.3297,76.8343,18.3,64.6,1.9,4.8139
20251227,Kalaburagi,17.3297,76.8343,18.32,65.75,1.79,4.8432
20251228,Kalaburagi,17.3297,76.8343,17.97,63.66,1.83,4.8334
20251229,Kalaburagi,17.3297,76.8343,18.37,62.36,1.79,4.9992
20251230,Kalaburagi,17.3297,76.8343,19.2,59.61,1.1,4.9651
20251231,Kalaburagi,17.3297,76.8343,20.09,58.88,1.3,4.7021
