Date,District,Latitude,Longitude,Temperature,Humidity,WindSpeed,GHI
20200101,Kodagu,12.3375,75.8069,22.64,81.78,0.44,4.2658
20200102,Kodagu,12.3375,75.8069,23.28,82.05,0.49,4.602
20200103,Kodagu,12.3375,75.8069,23.43,83.54,0.49,4.8684
20200104,Kodagu,12.3375,75.8069,22.52,82.32,0.54,5.3045
20200105,Kodagu,12.3375,75.8069,22.64,79.14,0.39,5.5399
20200106,Kodagu,12.3375,75.8069,23.77,78.4,0.44,5.1811
20200107,Kodagu,12.3375,75.8069,23.49,75.29,0.53,5.3604
20200108,Kodagu,12.3375,75.8069,22.94,78.33,0.44,5.5015
20200109,Kodagu,12.3375,75.8069,23.14,79.45,0.47,4.7765
20200110,Kodagu,12.3375,75.8069,23.17,76.7,0.49,5.0902
20200111,Kodagu,12.3375,75.8069,22.84,71.11,0.46,6.0103
20200112,Kodagu,12.3375,75.8069,22.3,66.29,0.61,6.0144
20200113,Kodagu,12.3375,75.8069,22.4,72.76,0.53,5.6102
20200114,Kodagu,12.3375,75.8069,22.5,76.9,0.43,5.717
20200115,Kodagu,12.3375,75.8069,22.88,75.97,0.46,5.5682
20200116,Kodagu,12.3375,75.8069,22.16,75.84,0.42,5.226
20200117,Kodagu,12.3375,75.8069,22.61,75.12,0.46,5.1187
20200118,Kodagu,12.3375,75.8069,23.38,72.47,0.43,5.6088
20200119,Kodagu,12.3375,75.8069,24.6,75.5,0.37,5.4194
20200120,Kodagu,12.3375,75.8069,24.77,70.83,0.5,5.6458
20200121,Kodagu,12.3375,75.8069,24.04,64.98,0.43,5.9098
20200122,Kodagu,12.3375,75.8069,23.93,61.1,0.59,6.1985
20200123,Kodagu,12.3375,75.8069,24.33,63.41,0.61,6.1795
20200124,Kodagu,12.3375,75.8069,24.31,62.86,0.57,6.2222
20200125,Kodagu,12.3375,75.8069,23.5,57.79,0.45,6.1651
20200126,Kodagu,12.3375,75.8069,23.22,59.37,0.47,6.2196
20200127,Kodagu,12.3375,75.8069,24.28,72.01,0.58,5.4799
20200128,Kodagu,12.3375,75.8069,23.92,76.14,0.54,5.1425
20200129,Kodagu,12.3375,75.8069,23.91,73.37,0.52,6.1291
20200130,Kodagu,12.3375,75.8069,24.19,70.15,0.57,6.3725
20200131,Kodagu,12.3375,75.8069,24.0,69.82,0.49,6.2986
20200201,Kodagu,12.3375,75.8069,23.99,72.03,0.47,5.3412
20200202,Kodagu,12.3375,75.8069,24.05,68.81,0.5,5.3376
20200203,Kodagu,12.3375,75.8069,24.14,67.92,0.49,6.1718
20200204,Kodagu,12.3375,75.8069,24.32,69.15,0.55,5.8903
20200205,Kodagu,12.3375,75.8069,24.62,69.56,0.43,5.7067
20200206,Kodagu,12.3375,75.8069,24.78,70.37,0.52,5.4502
20200207,Kodagu,12.3375,75.8069,24.06,72.3,0.54,5.4338
20200208,Kodagu,12.3375,75.8069,22.6,69.69,0.61,6.4963
20200209,Kodagu,12.3375,75.8069,23.13,63.62,0.59,6.563
20200210,Kodagu,12.3375,75.8069,25.35,61.86,0.47,6.179
20200211,Kodagu,12.3375,75.8069,25.9,59.53,0.47,6.4963
20200212,Kodagu,12.3375,75.8069,25.24,57.94,0.53,6.3451
20200213,Kodagu,12.3375,75.8069,25.32,54.6,0.49,6.3811
20200214,Kodagu,12.3375,75.8069,24.81,58.75,0.5,6.2393
20200215,Kodagu,12.3375,75.8069,25.55,55.14,0.49,6.2654
20200216,Kodagu,12.3375,75.8069,25.47,56.08,0.51,6.2498
20200217,Kodagu,12.3375,75.8069,25.13,46.19,0.58,6.751
20200218,Kodagu,12.3375,75.8069,24.96,45.2,0.56,6.6487
20200219,Kodagu,12.3375,75.8069,25.34,52.58,0.54,6.5254
20200220,Kodagu,12.3375,75.8069,25.79,53.81,0.54,6.7774
20200221,Kodagu,12.3375,75.8069,25.33,46.95,0.44,6.9514
20200222,Kodagu,12.3375,75.8069,26.03,47.27,0.54,6.9257
20200223,Kodagu,12.3375,75.8069,26.59,51.95,0.53,6.2762
20200224,Kodagu,12.3375,75.8069,26.34,55.51,0.53,5.6417
20200225,Kodagu,12.3375,75.8069,26.56,60.36,0.53,6.2986
20200226,Kodagu,12.3375,75.8069,27.02,59.55,0.53,6.1243
20200227,Kodagu,12.3375,75.8069,27.33,60.84,0.35,4.8662
20200228,Kodagu,12.3375,75.8069,27.09,58.76,0.5,5.4941
20200229,Kodagu,12.3375,75.8069,26.55,63.71,0.51,4.745
20200301,Kodagu,12.3375,75.8069,26.45,68.38,0.54,5.407
20200302,Kodagu,12.3375,75.8069,25.43,75.67,0.46,4.1201
20200303,Kodagu,12.3375,75.8069,25.96,71.84,0.67,5.7802
20200304,Kodagu,12.3375,75.8069,25.86,64.38,0.69,6.107
20200305,Kodagu,12.3375,75.8069,25.56,65.56,0.71,6.2549
20200306,Kodagu,12.3375,75.8069,25.23,66.3,0.62,6.2441
20200307,Kodagu,12.3375,75.8069,25.3,65.93,0.62,6.3667
20200308,Kodagu,12.3375,75.8069,26.06,67.19,0.64,6.0209
20200309,Kodagu,12.3375,75.8069,26.84,66.78,0.64,5.9518
20200310,Kodagu,12.3375,75.8069,27.33,64.93,0.62,6.5501
20200311,Kodagu,12.3375,75.8069,26.85,66.49,0.72,6.5774
20200312,Kodagu,12.3375,75.8069,27.28,63.84,0.63,7.025
20200313,Kodagu,12.3375,75.8069,27.59,58.79,0.58,7.1414
20200314,Kodagu,12.3375,75.8069,27.9,54.99,0.44,7.0663
20200315,Kodagu,12.3375,75.8069,28.3,52.64,0.47,7.0658
20200316,Kodagu,12.3375,75.8069,28.7,52.47,0.48,6.8436
20200317,Kodagu,12.3375,75.8069,28.65,48.56,0.59,7.0471
20200318,Kodagu,12.3375,75.8069,28.58,48.98,0.52,7.2962
20200319,Kodagu,12.3375,75.8069,28.13,59.94,0.66,6.943
20200320,Kodagu,12.3375,75.8069,27.83,56.7,0.6,6.4318
20200321,Kodagu,12.3375,75.8069,28.0,43.73,0.69,7.4378
20200322,Kodagu,12.3375,75.8069,27.23,53.48,0.65,7.2367
20200323,Kodagu,12.3375,75.8069,28.11,59.25,0.56,7.0303
20200324,Kodagu,12.3375,75.8069,28.16,60.99,0.51,6.4159
20200325,Kodagu,12.3375,75.8069,26.97,67.25,0.43,5.79
20200326,Kodagu,12.3375,75.8069,28.85,55.2,0.43,6.9859
20200327,Kodagu,12.3375,75.8069,28.53,55.83,0.48,6.3766
20200328,Kodagu,12.3375,75.8069,28.58,55.28,0.5,7.0138
20200329,Kodagu,12.3375,75.8069,28.46,54.0,0.58,6.9427
20200330,Kodagu,12.3375,75.8069,28.9,55.61,0.45,6.9595
20200331,Kodagu,12.3375,75.8069,29.06,48.26,0.56,7.3418
20200401,Kodagu,12.3375,75.8069,29.39,49.45,0.51,7.525
20200402,Kodagu,12.3375,75.8069,29.09,58.35,0.65,7.0447
20200403,Kodagu,12.3375,75.8069,29.39,55.41,0.61,6.7118
20200404,Kodagu,12.3375,75.8069,29.16,58.64,0.56,6.9271
20200405,Kodagu,12.3375,75.8069,28.73,62.69,0.68,6.5069
20200406,Kodagu,12.3375,75.8069,27.26,69.29,0.49,6.1613
20200407,Kodagu,12.3375,75.8069,26.35,69.64,0.38,5.173
20200408,Kodagu,12.3375,75.8069,27.95,61.54,0.58,6.1075
20200409,Kodagu,12.3375,75.8069,28.03,61.48,0.46,7.2866
20200410,Kodagu,12.3375,75.8069,27.5,61.48,0.62,7.0262
20200411,Kodagu,12.3375,75.8069,28.17,57.56,0.47,7.0154
20200412,Kodagu,12.3375,75.8069,28.17,58.82,0.35,6.5282
20200413,Kodagu,12.3375,75.8069,28.88,53.8,0.37,7.3114
20200414,Kodagu,12.3375,75.8069,29.28,46.84,0.5,7.3514
20200415,Kodagu,12.3375,75.8069,29.04,49.77,0.38,7.1546
20200416,Kodagu,12.3375,75.8069,28.55,59.76,0.56,6.383
20200417,Kodagu,12.3375,75.8069,29.29,58.92,0.5,6.8254
20200418,Kodagu,12.3375,75.8069,28.95,60.92,0.51,6.4277
20200419,Kodagu,12.3375,75.8069,30.03,56.53,0.41,6.7236
20200420,Kodagu,12.3375,75.8069,29.6,57.28,0.43,6.8522
20200421,Kodagu,12.3375,75.8069,29.55,60.25,0.56,6.1349
20200422,Kodagu,12.3375,75.8069,27.94,70.28,0.61,6.2335
20200423,Kodagu,12.3375,75.8069,27.37,75.0,0.61,6.155
20200424,Kodagu,12.3375,75.8069,25.06,84.54,0.53,5.1677
20200425,Kodagu,12.3375,75.8069,25.42,80.89,0.47,5.101
20200426,Kodagu,12.3375,75.8069,26.43,75.31,0.53,5.5735
20200427,Kodagu,12.3375,75.8069,27.24,73.84,0.56,5.8111
20200428,Kodagu,12.3375,75.8069,28.32,66.36,0.67,6.6974
20200429,Kodagu,12.3375,75.8069,25.91,75.56,0.59,4.8098
20200430,Kodagu,12.3375,75.8069,27.02,71.49,0.43,6.3977
20200501,Kodagu,12.3375,75.8069,26.53,76.85,0.43,6.5933
20200502,Kodagu,12.3375,75.8069,26.58,78.84,0.45,5.7862
20200503,Kodagu,12.3375,75.8069,27.33,76.64,0.37,6.419
20200504,Kodagu,12.3375,75.8069,27.9,73.5,0.33,6.3998
20200505,Kodagu,12.3375,75.8069,27.81,72.11,0.33,5.9602
20200506,Kodagu,12.3375,75.8069,27.36,76.3,0.39,6.276
20200507,Kodagu,12.3375,75.8069,26.42,82.71,0.37,5.4134
20200508,Kodagu,12.3375,75.8069,25.88,85.7,0.41,4.7542
20200509,Kodagu,12.3375,75.8069,27.59,75.05,0.36,6.6106
20200510,Kodagu,12.3375,75.8069,27.39,75.89,0.33,5.2248
20200511,Kodagu,12.3375,75.8069,27.26,72.33,0.34,5.8442
20200512,Kodagu,12.3375,75.8069,27.02,76.58,0.33,5.9858
20200513,Kodagu,12.3375,75.8069,27.15,76.2,0.47,5.1922
20200514,Kodagu,12.3375,75.8069,27.34,76.73,0.49,6.5326
20200515,Kodagu,12.3375,75.8069,26.89,80.63,0.52,4.9656
20200516,Kodagu,12.3375,75.8069,26.49,81.12,0.58,4.6433
20200517,Kodagu,12.3375,75.8069,25.64,86.24,0.69,5.6074
20200518,Kodagu,12.3375,75.8069,24.33,89.54,0.92,2.2543
20200519,Kodagu,12.3375,75.8069,25.05,86.61,0.93,4.8223
20200520,Kodagu,12.3375,75.8069,26.42,78.36,0.72,5.544
20200521,Kodagu,12.3375,75.8069,25.07,81.58,0.68,5.8759
20200522,Kodagu,12.3375,75.8069,26.19,75.01,0.73,6.3768
20200523,Kodagu,12.3375,75.8069,27.1,76.95,0.67,6.4481
20200524,Kodagu,12.3375,75.8069,26.01,84.34,0.69,6.8016
20200525,Kodagu,12.3375,75.8069,25.63,86.26,0.57,6.5465
20200526,Kodagu,12.3375,75.8069,25.8,86.49,0.56,6.3062
20200527,Kodagu,12.3375,75.8069,25.78,88.29,0.69,5.6021
20200528,Kodagu,12.3375,75.8069,25.84,80.01,0.71,6.4764
20200529,Kodagu,12.3375,75.8069,22.81,87.69,0.37,5.8255
20200530,Kodagu,12.3375,75.8069,24.54,85.16,0.35,5.3071
20200531,Kodagu,12.3375,75.8069,24.72,91.11,0.61,5.3143
20200601,Kodagu,12.3375,75.8069,24.3,92.52,0.79,3.5962
20200602,Kodagu,12.3375,75.8069,24.23,90.18,1.15,3.1286
20200603,Kodagu,12.3375,75.8069,24.16,92.71,1.04,3.1793
20200604,Kodagu,12.3375,75.8069,23.73,90.36,0.86,3.5837
20200605,Kodagu,12.3375,75.8069,24.14,87.01,0.77,5.0791
20200606,Kodagu,12.3375,75.8069,23.78,87.68,0.8,5.0741
20200607,Kodagu,12.3375,75.8069,24.28,86.95,0.75,4.9898
20200608,Kodagu,12.3375,75.8069,23.9,83.77,0.73,5.1662
20200609,Kodagu,12.3375,75.8069,23.72,86.06,0.67,4.4398
20200610,Kodagu,12.3375,75.8069,24.11,88.98,0.81,3.6197
20200611,Kodagu,12.3375,75.8069,22.67,89.68,0.84,4.2953
20200612,Kodagu,12.3375,75.8069,22.74,88.59,1.12,3.9859
20200613,Kodagu,12.3375,75.8069,23.37,86.16,1.03,3.2107
20200614,Kodagu,12.3375,75.8069,23.32,89.58,0.94,2.4919
20200615,Kodagu,12.3375,75.8069,24.1,90.95,0.93,3.8196
20200616,Kodagu,12.3375,75.8069,24.5,91.53,0.95,3.8393
20200617,Kodagu,12.3375,75.8069,23.75,93.38,0.88,2.1442
20200618,Kodagu,12.3375,75.8069,22.8,91.65,0.64,3.2422
20200619,Kodagu,12.3375,75.8069,23.57,90.51,0.69,4.789
20200620,Kodagu,12.3375,75.8069,23.36,85.43,0.61,4.795
20200621,Kodagu,12.3375,75.8069,23.18,90.62,0.81,3.7889
20200622,Kodagu,12.3375,75.8069,23.23,90.02,0.8,4.1338
20200623,Kodagu,12.3375,75.8069,22.99,87.36,0.49,4.7846
20200624,Kodagu,12.3375,75.8069,23.36,87.34,0.63,4.7986
20200625,Kodagu,12.3375,75.8069,23.38,88.76,0.68,5.5721
20200626,Kodagu,12.3375,75.8069,23.15,90.53,0.65,4.6342
20200627,Kodagu,12.3375,75.8069,23.59,91.85,0.75,4.5214
20200628,Kodagu,12.3375,75.8069,23.84,92.64,0.82,3.2782
20200629,Kodagu,12.3375,75.8069,23.95,93.83,0.81,3.757
20200630,Kodagu,12.3375,75.8069,23.12,91.25,0.77,5.1115
20200701,Kodagu,12.3375,75.8069,23.16,89.39,0.7,3.7627
20200702,Kodagu,12.3375,75.8069,22.24,93.24,0.8,2.0107
20200703,Kodagu,12.3375,75.8069,22.84,93.43,1.06,3.3391
20200704,Kodagu,12.3375,75.8069,22.8,92.77,1.11,1.7371
20200705,Kodagu,12.3375,75.8069,22.49,93.33,0.85,3.8825
20200706,Kodagu,12.3375,75.8069,23.54,92.9,1.05,3.7183
20200707,Kodagu,12.3375,75.8069,22.69,93.17,0.9,2.1353
20200708,Kodagu,12.3375,75.8069,22.9,93.41,0.8,2.8889
20200709,Kodagu,12.3375,75.8069,22.55,94.87,0.85,2.9633
20200710,Kodagu,12.3375,75.8069,22.78,91.28,0.71,4.111
20200711,Kodagu,12.3375,75.8069,22.99,90.22,0.73,4.5667
20200712,Kodagu,12.3375,75.8069,22.74,92.62,0.9,4.7503
20200713,Kodagu,12.3375,75.8069,22.21,92.65,0.74,4.3099
20200714,Kodagu,12.3375,75.8069,23.28,92.08,0.89,2.8519
20200715,Kodagu,12.3375,75.8069,22.51,93.98,0.86,2.2241
20200716,Kodagu,12.3375,75.8069,23.08,92.81,0.99,1.944
20200717,Kodagu,12.3375,75.8069,22.81,92.66,0.89,1.5881
20200718,Kodagu,12.3375,75.8069,23.02,93.53,0.93,3.2162
20200719,Kodagu,12.3375,75.8069,22.88,92.45,0.58,4.8581
20200720,Kodagu,12.3375,75.8069,23.16,94.5,0.56,4.8518
20200721,Kodagu,12.3375,75.8069,23.89,89.14,0.48,5.6945
20200722,Kodagu,12.3375,75.8069,24.16,89.7,0.46,5.621
20200723,Kodagu,12.3375,75.8069,24.23,91.6,0.35,5.0549
20200724,Kodagu,12.3375,75.8069,23.16,91.73,0.71,4.9291
20200725,Kodagu,12.3375,75.8069,22.95,93.63,1.13,4.1484
20200726,Kodagu,12.3375,75.8069,22.15,92.98,0.61,4.8715
20200727,Kodagu,12.3375,75.8069,22.99,90.78,0.63,4.4981
20200728,Kodagu,12.3375,75.8069,23.15,92.23,0.8,5.5286
20200729,Kodagu,12.3375,75.8069,22.71,94.56,0.91,2.753
20200730,Kodagu,12.3375,75.8069,22.82,95.96,0.97,4.0615
20200731,Kodagu,12.3375,75.8069,22.92,95.42,0.75,3.156
20200801,Kodagu,12.3375,75.8069,22.51,92.73,0.82,3.5126
20200802,Kodagu,12.3375,75.8069,22.77,95.93,1.21,2.5296
20200803,Kodagu,12.3375,75.8069,22.92,95.34,1.3,2.052
20200804,Kodagu,12.3375,75.8069,22.68,94.89,1.47,2.4434
20200805,Kodagu,12.3375,75.8069,22.65,96.01,1.78,1.7364
20200806,Kodagu,12.3375,75.8069,23.78,95.05,1.62,2.7396
20200807,Kodagu,12.3375,75.8069,23.35,94.64,1.36,2.0506
20200808,Kodagu,12.3375,75.8069,22.28,94.89,1.17,1.8809
20200809,Kodagu,12.3375,75.8069,22.29,95.19,0.91,1.824
20200810,Kodagu,12.3375,75.8069,22.74,96.85,0.98,2.6659
20200811,Kodagu,12.3375,75.8069,22.73,94.01,0.81,2.7422
20200812,Kodagu,12.3375,75.8069,22.76,94.59,0.81,3.8369
20200813,Kodagu,12.3375,75.8069,22.62,94.51,0.75,4.463
20200814,Kodagu,12.3375,75.8069,22.54,93.39,0.81,3.9048
20200815,Kodagu,12.3375,75.8069,22.95,92.5,0.99,4.019
20200816,Kodagu,12.3375,75.8069,23.1,92.29,0.93,2.0731
20200817,Kodagu,12.3375,75.8069,22.92,93.27,0.89,3.3451
20200818,Kodagu,12.3375,75.8069,23.18,92.3,0.84,3.0914
20200819,Kodagu,12.3375,75.8069,22.96,92.72,0.76,4.2554
20200820,Kodagu,12.3375,75.8069,22.95,93.22,0.82,3.1834
20200821,Kodagu,12.3375,75.8069,23.26,92.42,0.7,4.0824
20200822,Kodagu,12.3375,75.8069,23.42,91.54,0.7,3.7658
20200823,Kodagu,12.3375,75.8069,23.35,90.67,0.63,4.7878
20200824,Kodagu,12.3375,75.8069,23.49,90.36,0.61,4.6457
20200825,Kodagu,12.3375,75.8069,23.55,89.36,0.64,5.9021
20200826,Kodagu,12.3375,75.8069,22.99,90.44,0.6,5.7917
20200827,Kodagu,12.3375,75.8069,22.87,90.46,0.61,5.5862
20200828,Kodagu,12.3375,75.8069,22.98,89.53,0.58,6.1985
20200829,Kodagu,12.3375,75.8069,23.4,89.43,0.64,5.0362
20200830,Kodagu,12.3375,75.8069,23.54,91.86,0.62,5.3006
20200831,Kodagu,12.3375,75.8069,23.43,91.8,0.55,4.9586
20200901,Kodagu,12.3375,75.8069,23.02,95.2,0.68,4.5607
20200902,Kodagu,12.3375,75.8069,23.37,94.61,0.76,4.2314
20200903,Kodagu,12.3375,75.8069,23.56,91.62,0.56,5.3666
20200904,Kodagu,12.3375,75.8069,24.26,89.67,0.44,5.6443
20200905,Kodagu,12.3375,75.8069,24.59,89.78,0.35,5.052
20200906,Kodagu,12.3375,75.8069,23.61,92.68,0.69,4.302
20200907,Kodagu,12.3375,75.8069,22.63,94.54,0.64,4.1722
20200908,Kodagu,12.3375,75.8069,23.71,91.05,0.55,4.5679
20200909,Kodagu,12.3375,75.8069,23.58,91.01,0.68,4.7393
20200910,Kodagu,12.3375,75.8069,22.99,93.14,0.54,3.1735
20200911,Kodagu,12.3375,75.8069,22.59,93.71,0.99,2.0304
20200912,Kodagu,12.3375,75.8069,21.36,94.66,0.72,1.8958
20200913,Kodagu,12.3375,75.8069,20.95,93.06,0.51,2.4881
20200914,Kodagu,12.3375,75.8069,21.88,90.79,0.68,4.5605
20200915,Kodagu,12.3375,75.8069,22.65,92.4,0.78,4.0858
20200916,Kodagu,12.3375,75.8069,23.06,92.75,0.74,3.9602
20200917,Kodagu,12.3375,75.8069,23.16,92.79,0.7,4.0397
20200918,Kodagu,12.3375,75.8069,22.6,92.4,0.85,3.6516
20200919,Kodagu,12.3375,75.8069,21.99,95.02,0.92,1.8113
20200920,Kodagu,12.3375,75.8069,21.91,95.32,1.07,2.0654
20200921,Kodagu,12.3375,75.8069,21.26,94.07,1.02,2.6453
20200922,Kodagu,12.3375,75.8069,21.47,91.99,0.9,3.2052
20200923,Kodagu,12.3375,75.8069,22.22,91.31,0.8,4.7285
20200924,Kodagu,12.3375,75.8069,22.08,90.05,0.42,3.6991
20200925,Kodagu,12.3375,75.8069,22.12,91.14,0.49,4.5958
20200926,Kodagu,12.3375,75.8069,21.69,92.37,0.54,2.7254
20200927,Kodagu,12.3375,75.8069,22.47,87.85,0.45,4.2218
20200928,Kodagu,12.3375,75.8069,22.73,88.95,0.59,5.4288
20200929,Kodagu,12.3375,75.8069,22.89,91.76,0.77,4.6378
20200930,Kodagu,12.3375,75.8069,22.46,90.91,0.67,4.9246
20201001,Kodagu,12.3375,75.8069,22.71,88.84,0.56,5.9467
20201002,Kodagu,12.3375,75.8069,22.51,89.11,0.55,5.8613
20201003,Kodagu,12.3375,75.8069,22.18,92.56,0.58,5.3282
20201004,Kodagu,12.3375,75.8069,22.07,92.03,0.57,4.1369
20201005,Kodagu,12.3375,75.8069,22.39,89.96,0.6,5.2162
20201006,Kodagu,12.3375,75.8069,23.23,90.0,0.6,5.435
20201007,Kodagu,12.3375,75.8069,23.78,91.9,0.65,4.9802
20201008,Kodagu,12.3375,75.8069,23.86,92.0,0.44,4.9058
20201009,Kodagu,12.3375,75.8069,23.56,92.8,0.52,3.7534
20201010,Kodagu,12.3375,75.8069,22.59,94.14,0.5,3.6581
20201011,Kodagu,12.3375,75.8069,22.0,92.6,0.62,3.7733
20201012,Kodagu,12.3375,75.8069,22.41,93.69,0.89,2.3854
20201013,Kodagu,12.3375,75.8069,21.94,94.51,0.83,1.5413
20201014,Kodagu,12.3375,75.8069,21.89,93.92,0.89,2.087
20201015,Kodagu,12.3375,75.8069,22.5,92.37,0.9,2.5618
20201016,Kodagu,12.3375,75.8069,22.52,90.77,0.59,5.2776
20201017,Kodagu,12.3375,75.8069,22.66,89.72,0.52,5.9784
20201018,Kodagu,12.3375,75.8069,22.75,89.36,0.43,5.203
20201019,Kodagu,12.3375,75.8069,22.93,90.35,0.47,5.0983
20201020,Kodagu,12.3375,75.8069,22.91,92.65,0.59,3.9187
20201021,Kodagu,12.3375,75.8069,22.87,93.38,0.61,3.5791
20201022,Kodagu,12.3375,75.8069,23.05,91.54,0.51,3.1738
20201023,Kodagu,12.3375,75.8069,22.78,93.1,0.6,2.1521
20201024,Kodagu,12.3375,75.8069,22.66,91.21,0.57,5.1766
20201025,Kodagu,12.3375,75.8069,22.08,87.36,0.39,5.651
20201026,Kodagu,12.3375,75.8069,23.53,87.23,0.3,5.7161
20201027,Kodagu,12.3375,75.8069,23.68,86.26,0.35,5.5987
20201028,Kodagu,12.3375,75.8069,23.32,84.37,0.44,5.8848
20201029,Kodagu,12.3375,75.8069,22.86,83.36,0.45,5.5224
20201030,Kodagu,12.3375,75.8069,23.15,83.94,0.39,5.4365
20201031,Kodagu,12.3375,75.8069,23.12,84.94,0.33,5.4389
20201101,Kodagu,12.3375,75.8069,23.5,86.21,0.39,4.6915
20201102,Kodagu,12.3375,75.8069,23.68,88.02,0.33,4.2367
20201103,Kodagu,12.3375,75.8069,23.9,88.94,0.25,3.4853
20201104,Kodagu,12.3375,75.8069,23.88,89.18,0.22,4.2734
20201105,Kodagu,12.3375,75.8069,22.9,93.03,0.31,4.445
20201106,Kodagu,12.3375,75.8069,23.61,86.36,0.48,4.5511
20201107,Kodagu,12.3375,75.8069,23.64,86.38,0.42,5.4811
20201108,Kodagu,12.3375,75.8069,24.25,86.51,0.43,4.9978
20201109,Kodagu,12.3375,75.8069,23.62,85.04,0.43,5.5498
20201110,Kodagu,12.3375,75.8069,21.4,78.92,0.63,6.3758
20201111,Kodagu,12.3375,75.8069,20.9,81.05,0.64,6.2681
20201112,Kodagu,12.3375,75.8069,23.42,87.82,0.53,5.5008
20201113,Kodagu,12.3375,75.8069,23.84,89.39,0.41,4.9505
20201114,Kodagu,12.3375,75.8069,23.53,87.05,0.54,5.5963
20201115,Kodagu,12.3375,75.8069,24.24,86.0,0.55,4.6123
20201116,Kodagu,12.3375,75.8069,23.36,91.11,0.62,2.7074
20201117,Kodagu,12.3375,75.8069,22.93,90.68,0.66,4.0061
20201118,Kodagu,12.3375,75.8069,23.2,88.05,0.49,4.8175
20201119,Kodagu,12.3375,75.8069,23.24,88.12,0.52,5.2579
20201120,Kodagu,12.3375,75.8069,23.36,84.18,0.46,5.419
20201121,Kodagu,12.3375,75.8069,21.82,79.95,0.52,6.1025
20201122,Kodagu,12.3375,75.8069,20.19,74.68,0.56,6.162
20201123,Kodagu,12.3375,75.8069,19.91,75.96,0.62,5.0921
20201124,Kodagu,12.3375,75.8069,21.97,83.98,0.42,5.3966
20201125,Kodagu,12.3375,75.8069,22.92,85.35,0.52,5.2639
20201126,Kodagu,12.3375,75.8069,22.01,88.29,0.42,3.4574
20201127,Kodagu,12.3375,75.8069,21.87,86.67,0.45,5.4372
20201128,Kodagu,12.3375,75.8069,22.55,86.07,0.49,5.0863
20201129,Kodagu,12.3375,75.8069,23.02,83.37,0.5,4.679
20201130,Kodagu,12.3375,75.8069,23.01,82.67,0.6,5.1058
20201201,Kodagu,12.3375,75.8069,21.77,80.21,0.64,5.8704
20201202,Kodagu,12.3375,75.8069,21.47,80.16,0.51,5.5889
20201203,Kodagu,12.3375,75.8069,22.25,84.52,0.53,3.5969
20201204,Kodagu,12.3375,75.8069,22.57,88.71,0.54,3.5933
20201205,Kodagu,12.3375,75.8069,23.17,83.08,0.57,4.1827
20201206,Kodagu,12.3375,75.8069,23.64,84.63,0.6,4.8919
20201207,Kodagu,12.3375,75.8069,23.44,87.78,0.57,4.1671
20201208,Kodagu,12.3375,75.8069,23.37,88.36,0.6,4.1938
20201209,Kodagu,12.3375,75.8069,23.33,86.07,0.48,5.245
20201210,Kodagu,12.3375,75.8069,22.65,87.25,0.37,4.8252
20201211,Kodagu,12.3375,75.8069,21.93,83.67,0.35,5.4046
20201212,Kodagu,12.3375,75.8069,21.42,82.33,0.44,5.0645
20201213,Kodagu,12.3375,75.8069,21.81,82.96,0.4,5.022
20201214,Kodagu,12.3375,75.8069,21.9,82.16,0.32,4.981
20201215,Kodagu,12.3375,75.8069,21.08,77.75,0.55,5.603
20201216,Kodagu,12.3375,75.8069,22.17,79.52,0.52,4.8814
20201217,Kodagu,12.3375,75.8069,22.85,83.52,0.49,3.7915
20201218,Kodagu,12.3375,75.8069,22.61,79.13,0.59,5.3033
20201219,Kodagu,12.3375,75.8069,22.06,79.08,0.67,5.4756
20201220,Kodagu,12.3375,75.8069,21.55,77.58,0.72,5.1854
20201221,Kodagu,12.3375,75.8069,20.28,75.28,0.64,5.3422
20201222,Kodagu,12.3375,75.8069,21.33,76.01,0.55,5.2308
20201223,Kodagu,12.3375,75.8069,22.35,81.13,0.37,4.9231
20201224,Kodagu,12.3375,75.8069,23.13,84.39,0.3,4.4952
20201225,Kodagu,12.3375,75.8069,23.47,81.15,0.31,4.7198
20201226,Kodagu,12.3375,75.8069,22.64,78.34,0.41,5.411
20201227,Kodagu,12.3375,75.8069,21.42,72.76,0.49,5.7953
20201228,Kodagu,12.3375,75.8069,21.48,73.44,0.39,5.4043
20201229,Kodagu,12.3375,75.8069,22.07,69.79,0.41,5.5442
20201230,Kodagu,12.3375,75.8069,23.62,79.11,0.47,5.2198
20201231,Kodagu,12.3375,75.8069,24.04,79.94,0.59,4.2125
20210101,Kodagu,12.3375,75.8069,22.26,71.82,0.58,5.2884
20210102,Kodagu,12.3375,75.8069,22.21,71.79,0.58,5.4146
20210103,Kodagu,12.3375,75.8069,23.48,79.06,0.57,4.9349
20210104,Kodagu,12.3375,75.8069,23.45,82.15,0.47,3.5724
20210105,Kodagu,12.3375,75.8069,23.21,83.03,0.4,5.1408
20210106,Kodagu,12.3375,75.8069,23.14,86.4,0.47,3.7944
20210107,Kodagu,12.3375,75.8069,23.13,90.18,0.36,4.6685
20210108,Kodagu,12.3375,75.8069,22.3,94.49,0.34,2.9933
20210109,Kodagu,12.3375,75.8069,23.33,88.5,0.4,3.8006
20210110,Kodagu,12.3375,75.8069,23.59,85.18,0.31,4.7695
20210111,Kodagu,12.3375,75.8069,23.6,80.61,0.37,3.1322
20210112,Kodagu,12.3375,75.8069,22.25,78.29,0.6,3.0079
20210113,Kodagu,12.3375,75.8069,22.27,76.09,0.64,3.3338
20210114,Kodagu,12.3375,75.8069,22.9,77.55,0.59,4.733
20210115,Kodagu,12.3375,75.8069,23.27,77.43,0.5,4.211
20210116,Kodagu,12.3375,75.8069,23.7,76.88,0.43,5.0299
20210117,Kodagu,12.3375,75.8069,24.09,77.41,0.31,5.335
20210118,Kodagu,12.3375,75.8069,23.43,71.89,0.43,5.8322
20210119,Kodagu,12.3375,75.8069,22.64,73.74,0.4,5.801
20210120,Kodagu,12.3375,75.8069,22.49,70.89,0.49,6.0218
20210121,Kodagu,12.3375,75.8069,22.87,70.51,0.51,5.819
20210122,Kodagu,12.3375,75.8069,23.7,70.16,0.42,5.7382
20210123,Kodagu,12.3375,75.8069,23.91,74.13,0.44,4.9358
20210124,Kodagu,12.3375,75.8069,23.98,70.89,0.39,5.5188
20210125,Kodagu,12.3375,75.8069,22.78,64.96,0.43,6.1584
20210126,Kodagu,12.3375,75.8069,22.75,63.37,0.53,6.0473
20210127,Kodagu,12.3375,75.8069,22.42,64.46,0.44,6.1205
20210128,Kodagu,12.3375,75.8069,22.33,61.93,0.47,6.2167
20210129,Kodagu,12.3375,75.8069,22.82,66.48,0.5,5.982
20210130,Kodagu,12.3375,75.8069,24.01,70.89,0.45,5.3002
20210131,Kodagu,12.3375,75.8069,24.25,67.56,0.4,5.5507
20210201,Kodagu,12.3375,75.8069,23.55,58.81,0.52,6.0614
20210202,Kodagu,12.3375,75.8069,23.11,59.74,0.6,6.307
20210203,Kodagu,12.3375,75.8069,23.85,64.85,0.5,5.7101
20210204,Kodagu,12.3375,75.8069,24.44,66.44,0.49,5.9098
20210205,Kodagu,12.3375,75.8069,24.15,69.01,0.45,5.9568
20210206,Kodagu,12.3375,75.8069,23.79,63.24,0.45,6.2837
20210207,Kodagu,12.3375,75.8069,22.81,52.82,0.51,6.5688
20210208,Kodagu,12.3375,75.8069,22.39,52.42,0.59,6.7138
20210209,Kodagu,12.3375,75.8069,22.59,55.3,0.53,6.5119
20210210,Kodagu,12.3375,75.8069,22.67,53.3,0.44,6.7498
20210211,Kodagu,12.3375,75.8069,22.65,52.44,0.41,6.5803
20210212,Kodagu,12.3375,75.8069,23.04,59.38,0.51,6.5897
20210213,Kodagu,12.3375,75.8069,23.79,62.75,0.51,6.3806
20210214,Kodagu,12.3375,75.8069,23.98,63.49,0.5,6.305
20210215,Kodagu,12.3375,75.8069,24.53,70.85,0.5,6.3163
20210216,Kodagu,12.3375,75.8069,24.36,73.39,0.55,5.7967
20210217,Kodagu,12.3375,75.8069,24.79,72.2,0.53,5.7372
20210218,Kodagu,12.3375,75.8069,24.32,72.98,0.47,5.7449
20210219,Kodagu,12.3375,75.8069,23.37,74.48,0.53,4.5118
20210220,Kodagu,12.3375,75.8069,23.52,71.74,0.6,5.5464
20210221,Kodagu,12.3375,75.8069,21.57,79.61,0.63,4.7578
20210222,Kodagu,12.3375,75.8069,23.97,62.32,0.51,5.1706
20210223,Kodagu,12.3375,75.8069,24.78,69.3,0.47,6.3737
20210224,Kodagu,12.3375,75.8069,25.29,65.29,0.52,6.2616
20210225,Kodagu,12.3375,75.8069,25.55,65.47,0.5,6.4932
20210226,Kodagu,12.3375,75.8069,25.86,62.84,0.56,6.5299
20210227,Kodagu,12.3375,75.8069,25.99,62.68,0.47,6.2292
20210228,Kodagu,12.3375,75.8069,26.17,59.42,0.58,6.4908
20210301,Kodagu,12.3375,75.8069,25.72,58.92,0.5,6.4296
20210302,Kodagu,12.3375,75.8069,25.94,58.5,0.45,6.6502
20210303,Kodagu,12.3375,75.8069,26.03,53.55,0.51,6.8885
20210304,Kodagu,12.3375,75.8069,25.19,49.91,0.6,7.0721
20210305,Kodagu,12.3375,75.8069,25.51,53.47,0.51,7.23
20210306,Kodagu,12.3375,75.8069,26.5,62.4,0.48,7.1162
20210307,Kodagu,12.3375,75.8069,26.63,59.59,0.42,7.051
20210308,Kodagu,12.3375,75.8069,26.64,56.89,0.53,6.9322
20210309,Kodagu,12.3375,75.8069,26.64,53.65,0.52,7.0135
20210310,Kodagu,12.3375,75.8069,26.79,61.66,0.42,6.7078
20210311,Kodagu,12.3375,75.8069,24.49,77.94,0.41,4.8576
20210312,Kodagu,12.3375,75.8069,25.36,69.15,0.28,6.3982
20210313,Kodagu,12.3375,75.8069,26.08,55.33,0.45,6.9722
20210314,Kodagu,12.3375,75.8069,26.52,59.71,0.55,7.218
20210315,Kodagu,12.3375,75.8069,26.7,60.27,0.44,6.6454
20210316,Kodagu,12.3375,75.8069,26.9,58.4,0.54,6.5261
20210317,Kodagu,12.3375,75.8069,27.25,54.7,0.47,6.6756
20210318,Kodagu,12.3375,75.8069,26.89,54.01,0.53,5.9962
20210319,Kodagu,12.3375,75.8069,27.09,55.77,0.36,6.4445
20210320,Kodagu,12.3375,75.8069,26.71,52.11,0.55,5.735
20210321,Kodagu,12.3375,75.8069,27.43,59.95,0.51,6.5933
20210322,Kodagu,12.3375,75.8069,27.77,53.89,0.5,6.4615
20210323,Kodagu,12.3375,75.8069,28.24,57.4,0.45,6.7908
20210324,Kodagu,12.3375,75.8069,28.04,54.82,0.47,6.311
20210325,Kodagu,12.3375,75.8069,27.21,63.7,0.32,5.4641
20210326,Kodagu,12.3375,75.8069,28.78,53.02,0.43,6.6907
20210327,Kodagu,12.3375,75.8069,28.58,52.97,0.55,6.7721
20210328,Kodagu,12.3375,75.8069,28.13,61.33,0.38,4.8754
20210329,Kodagu,12.3375,75.8069,28.05,62.12,0.44,5.449
20210330,Kodagu,12.3375,75.8069,27.43,69.57,0.61,6.1226
20210331,Kodagu,12.3375,75.8069,27.74,69.71,0.67,5.3914
20210401,Kodagu,12.3375,75.8069,27.24,63.57,0.72,7.4688
20210402,Kodagu,12.3375,75.8069,27.13,57.91,0.7,7.4983
20210403,Kodagu,12.3375,75.8069,26.53,63.84,0.76,6.4814
20210404,Kodagu,12.3375,75.8069,27.76,56.48,0.72,6.8318
20210405,Kodagu,12.3375,75.8069,28.8,56.34,0.59,7.003
20210406,Kodagu,12.3375,75.8069,29.4,53.69,0.49,6.2407
20210407,Kodagu,12.3375,75.8069,29.37,56.21,0.52,6.2158
20210408,Kodagu,12.3375,75.8069,28.52,58.64,0.43,5.0304
20210409,Kodagu,12.3375,75.8069,28.97,54.77,0.48,6.3425
20210410,Kodagu,12.3375,75.8069,29.02,52.59,0.51,6.3307
20210411,Kodagu,12.3375,75.8069,27.99,62.24,0.43,6.1762
20210412,Kodagu,12.3375,75.8069,27.23,70.18,0.41,5.1314
20210413,Kodagu,12.3375,75.8069,26.58,72.65,0.43,5.4778
20210414,Kodagu,12.3375,75.8069,25.58,78.85,0.33,5.9304
20210415,Kodagu,12.3375,75.8069,25.63,77.18,0.44,5.0878
20210416,Kodagu,12.3375,75.8069,26.08,75.67,0.46,6.3898
20210417,Kodagu,12.3375,75.8069,26.02,77.7,0.4,6.353
20210418,Kodagu,12.3375,75.8069,26.32,77.09,0.42,5.3856
20210419,Kodagu,12.3375,75.8069,26.29,77.45,0.51,6.1116
20210420,Kodagu,12.3375,75.8069,25.98,77.07,0.41,3.1296
20210421,Kodagu,12.3375,75.8069,25.5,81.41,0.38,5.5114
20210422,Kodagu,12.3375,75.8069,26.03,76.29,0.43,5.0642
20210423,Kodagu,12.3375,75.8069,26.31,76.44,0.41,4.7539
20210424,Kodagu,12.3375,75.8069,26.93,73.3,0.37,6.7308
20210425,Kodagu,12.3375,75.8069,26.28,75.96,0.36,5.4413
20210426,Kodagu,12.3375,75.8069,27.26,72.73,0.33,6.1356
20210427,Kodagu,12.3375,75.8069,26.23,75.83,0.33,4.7657
20210428,Kodagu,12.3375,75.8069,26.57,74.74,0.35,5.4806
20210429,Kodagu,12.3375,75.8069,26.87,73.75,0.4,5.9573
20210430,Kodagu,12.3375,75.8069,27.47,70.82,0.36,6.3017
20210501,Kodagu,12.3375,75.8069,27.32,72.09,0.4,5.7348
20210502,Kodagu,12.3375,75.8069,26.25,78.28,0.27,5.8961
20210503,Kodagu,12.3375,75.8069,26.68,75.75,0.33,5.7557
20210504,Kodagu,12.3375,75.8069,26.44,80.64,0.32,4.7414
20210505,Kodagu,12.3375,75.8069,26.55,82.42,0.35,5.8301
20210506,Kodagu,12.3375,75.8069,26.75,78.45,0.38,5.4026
20210507,Kodagu,12.3375,75.8069,26.8,80.49,0.38,5.0537
20210508,Kodagu,12.3375,75.8069,27.15,75.98,0.33,5.9518
20210509,Kodagu,12.3375,75.8069,26.74,77.52,0.42,5.3237
20210510,Kodagu,12.3375,75.8069,26.27,82.89,0.4,4.8773
20210511,Kodagu,12.3375,75.8069,25.25,91.91,0.33,4.5674
20210512,Kodagu,12.3375,75.8069,25.13,93.1,0.34,4.8953
20210513,Kodagu,12.3375,75.8069,25.38,87.73,0.53,5.5706
20210514,Kodagu,12.3375,75.8069,24.42,86.2,1.08,4.0116
20210515,Kodagu,12.3375,75.8069,23.88,93.07,1.42,1.8619
20210516,Kodagu,12.3375,75.8069,24.46,90.75,1.26,2.5891
20210517,Kodagu,12.3375,75.8069,24.47,90.2,0.85,3.0238
20210518,Kodagu,12.3375,75.8069,24.77,90.46,0.81,3.8297
20210519,Kodagu,12.3375,75.8069,24.42,91.83,0.68,4.5492
20210520,Kodagu,12.3375,75.8069,23.91,89.36,0.56,4.3421
20210521,Kodagu,12.3375,75.8069,23.69,89.8,0.54,4.3222
20210522,Kodagu,12.3375,75.8069,23.65,90.26,0.48,5.0717
20210523,Kodagu,12.3375,75.8069,24.27,88.91,0.53,5.7449
20210524,Kodagu,12.3375,75.8069,23.88,86.85,0.56,6.2345
20210525,Kodagu,12.3375,75.8069,23.7,90.93,0.81,4.037
20210526,Kodagu,12.3375,75.8069,22.31,88.66,0.68,4.957
20210527,Kodagu,12.3375,75.8069,23.94,87.13,0.82,5.6873
20210528,Kodagu,12.3375,75.8069,24.23,87.43,0.65,5.9148
20210529,Kodagu,12.3375,75.8069,23.93,86.76,0.67,4.1333
20210530,Kodagu,12.3375,75.8069,23.38,88.33,0.68,4.693
20210531,Kodagu,12.3375,75.8069,23.98,88.41,0.78,5.0282
20210601,Kodagu,12.3375,75.8069,24.76,89.75,0.77,5.2505
20210602,Kodagu,12.3375,75.8069,24.95,89.43,0.56,6.1243
20210603,Kodagu,12.3375,75.8069,25.17,89.21,0.36,5.3076
20210604,Kodagu,12.3375,75.8069,24.26,92.78,0.56,4.2434
20210605,Kodagu,12.3375,75.8069,23.4,85.99,0.59,4.2804
20210606,Kodagu,12.3375,75.8069,23.33,83.31,0.44,5.3112
20210607,Kodagu,12.3375,75.8069,23.73,85.89,0.55,6.4166
20210608,Kodagu,12.3375,75.8069,23.93,87.31,0.67,5.6518
20210609,Kodagu,12.3375,75.8069,24.1,88.85,0.8,5.2829
20210610,Kodagu,12.3375,75.8069,23.79,89.41,0.86,4.2026
20210611,Kodagu,12.3375,75.8069,23.46,91.5,0.71,4.554
20210612,Kodagu,12.3375,75.8069,22.66,90.85,0.68,2.3273
20210613,Kodagu,12.3375,75.8069,22.4,89.46,0.79,2.2586
20210614,Kodagu,12.3375,75.8069,23.04,89.34,1.23,1.5492
20210615,Kodagu,12.3375,75.8069,23.19,91.82,1.19,2.9352
20210616,Kodagu,12.3375,75.8069,23.96,90.81,1.17,3.1663
20210617,Kodagu,12.3375,75.8069,24.0,90.94,1.17,3.8575
20210618,Kodagu,12.3375,75.8069,23.29,92.04,1.07,3.8503
20210619,Kodagu,12.3375,75.8069,23.62,91.05,1.09,3.5419
20210620,Kodagu,12.3375,75.8069,23.32,93.29,0.81,3.7531
20210621,Kodagu,12.3375,75.8069,23.68,91.92,0.74,4.1983
20210622,Kodagu,12.3375,75.8069,23.64,91.88,0.66,4.7498
20210623,Kodagu,12.3375,75.8069,23.8,90.47,0.68,5.1893
20210624,Kodagu,12.3375,75.8069,23.26,91.2,0.7,5.4818
20210625,Kodagu,12.3375,75.8069,22.81,92.38,0.63,5.6503
20210626,Kodagu,12.3375,75.8069,23.11,91.58,0.81,3.1529
20210627,Kodagu,12.3375,75.8069,22.2,85.05,0.67,4.6512
20210628,Kodagu,12.3375,75.8069,21.78,88.08,0.49,4.5446
20210629,Kodagu,12.3375,75.8069,23.66,87.74,0.59,5.9878
20210630,Kodagu,12.3375,75.8069,24.04,88.83,0.58,5.8231
20210701,Kodagu,12.3375,75.8069,24.01,92.62,0.71,4.0224
20210702,Kodagu,12.3375,75.8069,23.29,93.22,0.54,4.2062
20210703,Kodagu,12.3375,75.8069,23.35,91.26,0.64,4.0255
20210704,Kodagu,12.3375,75.8069,23.37,89.52,0.61,5.8382
20210705,Kodagu,12.3375,75.8069,22.89,88.27,0.66,4.9272
20210706,Kodagu,12.3375,75.8069,23.29,91.31,0.67,5.3942
20210707,Kodagu,12.3375,75.8069,22.72,95.19,0.68,4.6176
20210708,Kodagu,12.3375,75.8069,23.35,92.42,0.71,4.9505
20210709,Kodagu,12.3375,75.8069,22.58,94.65,0.91,2.7804
20210710,Kodagu,12.3375,75.8069,21.95,91.17,1.03,2.9542
20210711,Kodagu,12.3375,75.8069,21.73,91.75,0.94,3.0276
20210712,Kodagu,12.3375,75.8069,22.81,92.84,1.09,2.863
20210713,Kodagu,12.3375,75.8069,23.1,93.02,1.21,2.6078
20210714,Kodagu,12.3375,75.8069,23.02,93.14,1.22,1.6262
20210715,Kodagu,12.3375,75.8069,22.92,94.92,1.1,1.2744
20210716,Kodagu,12.3375,75.8069,23.14,93.1,1.07,3.0554
20210717,Kodagu,12.3375,75.8069,23.08,92.79,1.03,3.0377
20210718,Kodagu,12.3375,75.8069,22.83,96.24,1.09,1.3646
20210719,Kodagu,12.3375,75.8069,23.05,93.82,1.05,3.5909
20210720,Kodagu,12.3375,75.8069,22.91,92.67,1.16,4.2043
20210721,Kodagu,12.3375,75.8069,23.03,93.45,1.16,2.4437
20210722,Kodagu,12.3375,75.8069,22.45,95.57,1.25,2.0501
20210723,Kodagu,12.3375,75.8069,22.87,93.73,1.23,2.6196
20210724,Kodagu,12.3375,75.8069,23.23,93.96,1.08,3.3545
20210725,Kodagu,12.3375,75.8069,22.86,93.42,0.94,4.1131
20210726,Kodagu,12.3375,75.8069,22.67,94.22,0.85,3.618
20210727,Kodagu,12.3375,75.8069,22.99,92.65,0.93,4.8648
20210728,Kodagu,12.3375,75.8069,22.89,92.52,0.84,4.9901
20210729,Kodagu,12.3375,75.8069,22.91,91.88,0.96,4.6778
20210730,Kodagu,12.3375,75.8069,22.72,93.11,0.97,4.6594
20210731,Kodagu,12.3375,75.8069,22.84,92.96,0.91,4.7138
20210801,Kodagu,12.3375,75.8069,22.8,91.98,0.92,4.6831
20210802,Kodagu,12.3375,75.8069,22.63,90.75,0.94,4.4573
20210803,Kodagu,12.3375,75.8069,23.04,91.22,0.95,3.4582
20210804,Kodagu,12.3375,75.8069,23.17,91.5,1.05,3.3857
20210805,Kodagu,12.3375,75.8069,23.25,91.22,1.13,3.199
20210806,Kodagu,12.3375,75.8069,23.55,91.45,1.08,3.7807
20210807,Kodagu,12.3375,75.8069,23.54,93.08,1.02,2.6719
20210808,Kodagu,12.3375,75.8069,23.24,92.11,0.73,4.89
20210809,Kodagu,12.3375,75.8069,22.94,92.02,0.74,4.2007
20210810,Kodagu,12.3375,75.8069,22.29,95.59,0.75,3.3809
20210811,Kodagu,12.3375,75.8069,22.75,91.98,0.79,4.0788
20210812,Kodagu,12.3375,75.8069,22.24,93.66,0.68,3.8093
20210813,Kodagu,12.3375,75.8069,23.05,91.61,0.85,3.1541
20210814,Kodagu,12.3375,75.8069,22.64,92.36,0.82,2.9263
20210815,Kodagu,12.3375,75.8069,22.43,93.09,0.78,3.9144
20210816,Kodagu,12.3375,75.8069,22.88,90.73,0.78,4.1323
20210817,Kodagu,12.3375,75.8069,23.04,89.85,0.68,3.6746
20210818,Kodagu,12.3375,75.8069,21.81,90.01,0.73,4.3762
20210819,Kodagu,12.3375,75.8069,21.45,88.95,0.6,3.8093
20210820,Kodagu,12.3375,75.8069,21.88,89.16,0.41,4.3502
20210821,Kodagu,12.3375,75.8069,22.66,86.12,0.46,5.0962
20210822,Kodagu,12.3375,75.8069,23.03,84.89,0.48,5.1547
20210823,Kodagu,12.3375,75.8069,23.15,88.06,0.47,5.118
20210824,Kodagu,12.3375,75.8069,23.16,88.15,0.59,5.0498
20210825,Kodagu,12.3375,75.8069,23.63,89.09,0.54,5.6513
20210826,Kodagu,12.3375,75.8069,23.58,90.04,0.56,4.5538
20210827,Kodagu,12.3375,75.8069,23.22,94.0,0.79,3.3439
20210828,Kodagu,12.3375,75.8069,22.77,93.32,0.8,3.2191
20210829,Kodagu,12.3375,75.8069,22.23,94.28,0.78,3.115
20210830,Kodagu,12.3375,75.8069,22.69,91.23,0.83,3.7078
20210831,Kodagu,12.3375,75.8069,23.16,89.87,0.62,4.5864
20210901,Kodagu,12.3375,75.8069,23.22,90.4,0.68,4.7866
20210902,Kodagu,12.3375,75.8069,22.87,93.55,0.73,3.6797
20210903,Kodagu,12.3375,75.8069,22.28,91.28,0.5,4.031
20210904,Kodagu,12.3375,75.8069,22.78,92.84,0.73,3.5198
20210905,Kodagu,12.3375,75.8069,22.62,92.39,0.79,3.277
20210906,Kodagu,12.3375,75.8069,21.89,93.34,0.7,3.1982
20210907,Kodagu,12.3375,75.8069,22.52,93.12,0.81,2.5819
20210908,Kodagu,12.3375,75.8069,22.84,92.46,0.94,4.3642
20210909,Kodagu,12.3375,75.8069,22.71,92.44,0.78,4.651
20210910,Kodagu,12.3375,75.8069,22.69,91.98,0.76,4.8319
20210911,Kodagu,12.3375,75.8069,22.59,93.48,0.82,3.3955
20210912,Kodagu,12.3375,75.8069,23.16,92.58,1.05,3.8765
20210913,Kodagu,12.3375,75.8069,23.11,93.38,1.1,3.2213
20210914,Kodagu,12.3375,75.8069,23.27,92.35,0.8,4.3946
20210915,Kodagu,12.3375,75.8069,23.21,92.07,0.72,4.488
20210916,Kodagu,12.3375,75.8069,23.31,91.22,0.74,4.2742
20210917,Kodagu,12.3375,75.8069,23.38,89.41,0.58,5.5126
20210918,Kodagu,12.3375,75.8069,23.59,88.16,0.54,5.7802
20210919,Kodagu,12.3375,75.8069,23.88,87.0,0.5,6.3617
20210920,Kodagu,12.3375,75.8069,23.49,89.9,0.5,5.9203
20210921,Kodagu,12.3375,75.8069,23.43,89.9,0.64,5.7506
20210922,Kodagu,12.3375,75.8069,23.21,90.79,0.66,4.6555
20210923,Kodagu,12.3375,75.8069,23.36,90.25,0.64,4.7599
20210924,Kodagu,12.3375,75.8069,23.58,90.11,0.62,4.5418
20210925,Kodagu,12.3375,75.8069,23.44,90.24,0.6,4.9814
20210926,Kodagu,12.3375,75.8069,22.75,91.43,0.52,5.045
20210927,Kodagu,12.3375,75.8069,22.93,91.25,0.85,3.33
20210928,Kodagu,12.3375,75.8069,22.81,91.31,0.86,4.5161
20210929,Kodagu,12.3375,75.8069,22.71,88.96,0.54,4.5094
20210930,Kodagu,12.3375,75.8069,23.36,89.78,0.53,5.376
20211001,Kodagu,12.3375,75.8069,24.26,89.77,0.46,5.4259
20211002,Kodagu,12.3375,75.8069,23.97,93.84,0.4,5.6057
20211003,Kodagu,12.3375,75.8069,24.32,89.36,0.4,5.0256
20211004,Kodagu,12.3375,75.8069,24.67,88.52,0.32,4.6759
20211005,Kodagu,12.3375,75.8069,24.68,89.2,0.34,5.771
20211006,Kodagu,12.3375,75.8069,23.41,93.21,0.47,3.3902
20211007,Kodagu,12.3375,75.8069,23.82,90.55,0.5,5.3587
20211008,Kodagu,12.3375,75.8069,23.74,92.5,0.55,4.8492
20211009,Kodagu,12.3375,75.8069,23.69,92.63,0.53,4.4822
20211010,Kodagu,12.3375,75.8069,23.23,92.41,0.47,5.1238
20211011,Kodagu,12.3375,75.8069,23.08,91.72,0.52,4.3783
20211012,Kodagu,12.3375,75.8069,22.53,93.73,0.64,3.1298
20211013,Kodagu,12.3375,75.8069,22.94,91.45,0.53,3.4514
20211014,Kodagu,12.3375,75.8069,23.6,92.03,0.58,5.0503
20211015,Kodagu,12.3375,75.8069,23.83,92.94,0.37,4.1789
20211016,Kodagu,12.3375,75.8069,23.86,95.09,0.56,4.2708
20211017,Kodagu,12.3375,75.8069,23.06,96.23,0.6,3.1445
20211018,Kodagu,12.3375,75.8069,23.1,93.13,0.63,3.6238
20211019,Kodagu,12.3375,75.8069,22.86,89.5,0.47,5.7427
20211020,Kodagu,12.3375,75.8069,23.75,90.33,0.49,4.7261
20211021,Kodagu,12.3375,75.8069,23.5,90.08,0.31,4.8802
20211022,Kodagu,12.3375,75.8069,24.17,90.1,0.32,5.3239
20211023,Kodagu,12.3375,75.8069,23.15,94.31,0.42,2.718
20211024,Kodagu,12.3375,75.8069,23.12,89.86,0.45,5.1281
20211025,Kodagu,12.3375,75.8069,23.2,90.81,0.42,5.0364
20211026,Kodagu,12.3375,75.8069,23.67,90.27,0.31,2.191
20211027,Kodagu,12.3375,75.8069,23.38,90.26,0.36,4.2986
20211028,Kodagu,12.3375,75.8069,23.56,88.25,0.25,5.0004
20211029,Kodagu,12.3375,75.8069,22.74,88.34,0.42,4.9961
20211030,Kodagu,12.3375,75.8069,23.52,90.94,0.43,4.608
20211031,Kodagu,12.3375,75.8069,23.54,88.7,0.28,4.6637
20211101,Kodagu,12.3375,75.8069,23.38,89.63,0.39,3.4498
20211102,Kodagu,12.3375,75.8069,22.92,91.88,0.57,3.84
20211103,Kodagu,12.3375,75.8069,22.89,94.34,0.44,3.8878
20211104,Kodagu,12.3375,75.8069,23.26,92.9,0.38,3.6799
20211105,Kodagu,12.3375,75.8069,22.99,94.64,0.54,3.9223
20211106,Kodagu,12.3375,75.8069,22.85,89.37,0.44,4.2362
20211107,Kodagu,12.3375,75.8069,22.29,90.44,0.25,4.4174
20211108,Kodagu,12.3375,75.8069,21.33,93.34,0.27,3.4694
20211109,Kodagu,12.3375,75.8069,22.57,89.98,0.25,3.7464
20211110,Kodagu,12.3375,75.8069,22.52,88.62,0.27,4.2
20211111,Kodagu,12.3375,75.8069,21.84,89.05,0.34,2.7643
20211112,Kodagu,12.3375,75.8069,20.97,94.6,0.42,2.3527
20211113,Kodagu,12.3375,75.8069,22.48,93.08,0.39,2.7713
20211114,Kodagu,12.3375,75.8069,23.21,95.73,0.52,2.5613
20211115,Kodagu,12.3375,75.8069,22.94,96.67,0.69,3.3482
20211116,Kodagu,12.3375,75.8069,22.77,95.98,0.44,3.2762
20211117,Kodagu,12.3375,75.8069,23.12,93.79,0.57,4.5377
20211118,Kodagu,12.3375,75.8069,23.1,91.16,0.35,3.4022
20211119,Kodagu,12.3375,75.8069,21.78,97.13,0.54,3.0869
20211120,Kodagu,12.3375,75.8069,22.59,96.87,0.68,2.2186
20211121,Kodagu,12.3375,75.8069,22.83,92.12,0.48,3.4543
20211122,Kodagu,12.3375,75.8069,23.31,91.09,0.33,3.667
20211123,Kodagu,12.3375,75.8069,23.82,90.86,0.3,4.7316
20211124,Kodagu,12.3375,75.8069,23.81,88.51,0.31,4.751
20211125,Kodagu,12.3375,75.8069,23.31,87.1,0.5,4.3224
20211126,Kodagu,12.3375,75.8069,22.8,86.68,0.48,4.303
20211127,Kodagu,12.3375,75.8069,22.59,88.02,0.48,4.6682
20211128,Kodagu,12.3375,75.8069,22.37,88.73,0.57,3.4538
20211129,Kodagu,12.3375,75.8069,21.95,89.46,0.77,4.0531
20211130,Kodagu,12.3375,75.8069,22.28,90.21,0.66,4.1935
20211201,Kodagu,12.3375,75.8069,23.13,90.29,0.56,5.1972
20211202,Kodagu,12.3375,75.8069,23.47,90.85,0.38,4.5535
20211203,Kodagu,12.3375,75.8069,23.15,91.64,0.33,4.8173
20211204,Kodagu,12.3375,75.8069,23.29,87.93,0.32,4.6718
20211205,Kodagu,12.3375,75.8069,23.09,87.99,0.46,5.0297
20211206,Kodagu,12.3375,75.8069,22.55,89.32,0.47,5.2414
20211207,Kodagu,12.3375,75.8069,22.67,86.54,0.4,5.0657
20211208,Kodagu,12.3375,75.8069,23.06,83.54,0.41,4.9627
20211209,Kodagu,12.3375,75.8069,22.82,86.32,0.48,4.8247
20211210,Kodagu,12.3375,75.8069,22.17,85.55,0.69,4.3922
20211211,Kodagu,12.3375,75.8069,22.19,86.2,0.63,4.9812
20211212,Kodagu,12.3375,75.8069,22.55,85.48,0.68,5.2534
20211213,Kodagu,12.3375,75.8069,22.94,83.81,0.5,5.0801
20211214,Kodagu,12.3375,75.8069,21.71,86.4,0.69,4.3445
20211215,Kodagu,12.3375,75.8069,21.36,86.56,0.55,4.3399
20211216,Kodagu,12.3375,75.8069,21.86,83.6,0.59,4.9466
20211217,Kodagu,12.3375,75.8069,22.25,81.98,0.45,5.1271
20211218,Kodagu,12.3375,75.8069,20.51,83.17,0.59,5.2169
20211219,Kodagu,12.3375,75.8069,19.57,79.09,0.65,5.2399
20211220,Kodagu,12.3375,75.8069,19.23,78.34,0.63,5.627
20211221,Kodagu,12.3375,75.8069,20.21,82.03,0.57,5.581
20211222,Kodagu,12.3375,75.8069,20.78,82.69,0.4,5.1506
20211223,Kodagu,12.3375,75.8069,21.01,81.32,0.31,4.9774
20211224,Kodagu,12.3375,75.8069,21.06,79.22,0.32,4.9678
20211225,Kodagu,12.3375,75.8069,21.33,78.54,0.4,5.3098
20211226,Kodagu,12.3375,75.8069,21.12,80.81,0.37,5.4108
20211227,Kodagu,12.3375,75.8069,20.82,80.52,0.43,5.3822
20211228,Kodagu,12.3375,75.8069,20.24,79.97,0.54,5.7372
20211229,Kodagu,12.3375,75.8069,20.46,80.22,0.47,5.6462
20211230,Kodagu,12.3375,75.8069,21.09,81.08,0.59,5.8404
20211231,Kodagu,12.3375,75.8069,22.29,84.3,0.73,4.7664
20220101,Kodagu,12.3375,75.8069,22.88,83.16,0.61,4.8086
20220102,Kodagu,12.3375,75.8069,22.58,81.62,0.66,5.7336
20220103,Kodagu,12.3375,75.8069,21.94,79.25,0.55,5.6462
20220104,Kodagu,12.3375,75.8069,21.38,78.92,0.57,5.6357
20220105,Kodagu,12.3375,75.8069,21.49,80.79,0.44,5.3717
20220106,Kodagu,12.3375,75.8069,21.71,79.2,0.43,5.5627
20220107,Kodagu,12.3375,75.8069,21.99,85.03,0.37,4.6058
20220108,Kodagu,12.3375,75.8069,22.37,84.94,0.36,4.9562
20220109,Kodagu,12.3375,75.8069,21.99,85.66,0.48,5.2747
20220110,Kodagu,12.3375,75.8069,21.95,84.96,0.49,5.3196
20220111,Kodagu,12.3375,75.8069,21.69,84.74,0.42,5.6162
20220112,Kodagu,12.3375,75.8069,21.28,85.37,0.54,5.4175
20220113,Kodagu,12.3375,75.8069,20.25,84.81,0.54,5.7689
20220114,Kodagu,12.3375,75.8069,20.05,83.74,0.58,5.9743
20220115,Kodagu,12.3375,75.8069,21.45,80.33,0.55,5.9753
20220116,Kodagu,12.3375,75.8069,22.39,78.5,0.37,5.4482
20220117,Kodagu,12.3375,75.8069,22.67,80.23,0.46,4.6186
20220118,Kodagu,12.3375,75.8069,22.51,76.69,0.47,5.6489
20220119,Kodagu,12.3375,75.8069,21.79,75.25,0.49,5.6537
20220120,Kodagu,12.3375,75.8069,21.05,71.67,0.52,5.9964
20220121,Kodagu,12.3375,75.8069,21.42,78.03,0.53,6.0842
20220122,Kodagu,12.3375,75.8069,21.56,82.71,0.54,5.9779
20220123,Kodagu,12.3375,75.8069,20.19,80.56,0.65,6.0662
20220124,Kodagu,12.3375,75.8069,19.51,79.16,0.58,6.2866
20220125,Kodagu,12.3375,75.8069,19.62,77.03,0.54,6.0456
20220126,Kodagu,12.3375,75.8069,20.57,79.59,0.56,5.6431
20220127,Kodagu,12.3375,75.8069,22.39,80.67,0.23,5.6501
20220128,Kodagu,12.3375,75.8069,22.95,74.17,0.61,5.501
20220129,Kodagu,12.3375,75.8069,23.06,73.86,0.55,5.6112
20220130,Kodagu,12.3375,75.8069,23.89,76.14,0.47,5.803
20220131,Kodagu,12.3375,75.8069,23.83,76.63,0.47,5.8404
20220201,Kodagu,12.3375,75.8069,23.95,75.92,0.44,5.879
20220202,Kodagu,12.3375,75.8069,24.1,77.15,0.5,5.4091
20220203,Kodagu,12.3375,75.8069,23.53,77.62,0.47,5.5812
20220204,Kodagu,12.3375,75.8069,21.79,73.44,0.63,6.5429
20220205,Kodagu,12.3375,75.8069,21.52,71.11,0.68,6.6871
20220206,Kodagu,12.3375,75.8069,22.31,77.62,0.56,5.3191
20220207,Kodagu,12.3375,75.8069,23.43,75.34,0.46,5.9664
20220208,Kodagu,12.3375,75.8069,23.8,74.69,0.47,5.6124
20220209,Kodagu,12.3375,75.8069,23.81,72.98,0.43,5.5003
20220210,Kodagu,12.3375,75.8069,23.84,66.89,0.36,5.7845
20220211,Kodagu,12.3375,75.8069,23.54,56.72,0.53,6.3065
20220212,Kodagu,12.3375,75.8069,24.06,63.3,0.5,6.3372
20220213,Kodagu,12.3375,75.8069,24.1,68.36,0.47,6.2261
20220214,Kodagu,12.3375,75.8069,24.13,69.63,0.48,5.8632
20220215,Kodagu,12.3375,75.8069,23.66,72.83,0.48,4.7318
20220216,Kodagu,12.3375,75.8069,23.99,73.42,0.49,4.6068
20220217,Kodagu,12.3375,75.8069,23.42,75.49,0.32,5.3376
20220218,Kodagu,12.3375,75.8069,24.58,68.75,0.42,5.6407
20220219,Kodagu,12.3375,75.8069,25.03,60.81,0.52,6.439
20220220,Kodagu,12.3375,75.8069,24.83,66.12,0.52,6.4118
20220221,Kodagu,12.3375,75.8069,25.14,67.48,0.53,6.5832
20220222,Kodagu,12.3375,75.8069,25.28,65.04,0.44,6.2748
20220223,Kodagu,12.3375,75.8069,25.28,61.0,0.5,5.9746
20220224,Kodagu,12.3375,75.8069,24.55,61.5,0.52,6.7056
20220225,Kodagu,12.3375,75.8069,24.84,60.59,0.39,6.9494
20220226,Kodagu,12.3375,75.8069,24.15,48.77,0.6,6.9398
20220227,Kodagu,12.3375,75.8069,24.48,59.58,0.58,6.8813
20220228,Kodagu,12.3375,75.8069,24.87,60.17,0.54,6.793
20220301,Kodagu,12.3375,75.8069,25.19,59.38,0.48,6.4015
20220302,Kodagu,12.3375,75.8069,25.19,46.98,0.5,6.6089
20220303,Kodagu,12.3375,75.8069,24.83,43.05,0.52,7.3248
20220304,Kodagu,12.3375,75.8069,25.62,41.41,0.54,7.2223
20220305,Kodagu,12.3375,75.8069,25.68,46.06,0.57,7.1743
20220306,Kodagu,12.3375,75.8069,26.34,52.13,0.56,6.966
20220307,Kodagu,12.3375,75.8069,26.34,52.34,0.53,6.5626
20220308,Kodagu,12.3375,75.8069,26.48,59.43,0.56,6.1812
20220309,Kodagu,12.3375,75.8069,27.05,61.18,0.5,6.4982
20220310,Kodagu,12.3375,75.8069,26.95,54.16,0.54,6.3936
20220311,Kodagu,12.3375,75.8069,26.78,50.46,0.53,6.8834
20220312,Kodagu,12.3375,75.8069,26.32,47.46,0.49,6.7678
20220313,Kodagu,12.3375,75.8069,26.14,46.39,0.61,6.9264
20220314,Kodagu,12.3375,75.8069,26.11,49.67,0.51,6.5266
20220315,Kodagu,12.3375,75.8069,27.19,56.64,0.53,6.3396
20220316,Kodagu,12.3375,75.8069,27.49,58.53,0.46,6.0794
20220317,Kodagu,12.3375,75.8069,27.51,56.59,0.47,5.8058
20220318,Kodagu,12.3375,75.8069,26.96,65.44,0.59,5.6244
20220319,Kodagu,12.3375,75.8069,26.12,70.03,0.66,4.638
20220320,Kodagu,12.3375,75.8069,25.4,73.34,0.65,4.9762
20220321,Kodagu,12.3375,75.8069,25.8,71.08,0.62,6.1524
20220322,Kodagu,12.3375,75.8069,25.38,78.67,0.5,4.409
20220323,Kodagu,12.3375,75.8069,26.19,77.69,0.52,4.807
20220324,Kodagu,12.3375,75.8069,25.38,79.17,0.4,4.1088
20220325,Kodagu,12.3375,75.8069,26.01,75.0,0.49,4.4443
20220326,Kodagu,12.3375,75.8069,26.53,74.81,0.56,5.4206
20220327,Kodagu,12.3375,75.8069,27.47,70.68,0.54,5.5805
20220328,Kodagu,12.3375,75.8069,28.06,68.22,0.51,6.2076
20220329,Kodagu,12.3375,75.8069,27.59,70.34,0.5,5.4216
20220330,Kodagu,12.3375,75.8069,27.53,70.14,0.48,6.2266
20220331,Kodagu,12.3375,75.8069,27.4,70.29,0.49,5.5526
20220401,Kodagu,12.3375,75.8069,26.97,73.06,0.53,5.0878
20220402,Kodagu,12.3375,75.8069,26.83,71.87,0.44,5.2882
20220403,Kodagu,12.3375,75.8069,27.59,65.59,0.43,6.059
20220404,Kodagu,12.3375,75.8069,28.1,62.92,0.42,6.4435
20220405,Kodagu,12.3375,75.8069,27.51,63.69,0.36,6.2299
20220406,Kodagu,12.3375,75.8069,26.79,66.37,0.38,5.9381
20220407,Kodagu,12.3375,75.8069,27.38,65.74,0.34,5.9602
20220408,Kodagu,12.3375,75.8069,27.1,67.86,0.36,5.5154
20220409,Kodagu,12.3375,75.8069,26.25,78.04,0.43,5.0542
20220410,Kodagu,12.3375,75.8069,25.45,80.75,0.47,5.4473
20220411,Kodagu,12.3375,75.8069,27.23,69.96,0.42,5.233
20220412,Kodagu,12.3375,75.8069,26.45,74.77,0.41,3.5561
20220413,Kodagu,12.3375,75.8069,25.27,82.5,0.29,2.7319
20220414,Kodagu,12.3375,75.8069,24.44,75.32,0.43,3.7426
20220415,Kodagu,12.3375,75.8069,25.98,68.67,0.46,5.7972
20220416,Kodagu,12.3375,75.8069,26.52,75.27,0.54,6.4366
20220417,Kodagu,12.3375,75.8069,26.25,77.45,0.56,6.5508
20220418,Kodagu,12.3375,75.8069,25.98,78.16,0.41,6.4363
20220419,Kodagu,12.3375,75.8069,24.98,83.8,0.43,5.5913
20220420,Kodagu,12.3375,75.8069,27.06,70.76,0.47,6.9394
20220421,Kodagu,12.3375,75.8069,26.91,73.92,0.28,6.9386
20220422,Kodagu,12.3375,75.8069,26.99,72.3,0.25,6.6058
20220423,Kodagu,12.3375,75.8069,25.6,78.85,0.36,4.9478
20220424,Kodagu,12.3375,75.8069,27.18,69.82,0.45,5.6628
20220425,Kodagu,12.3375,75.8069,26.9,74.96,0.41,6.1994
20220426,Kodagu,12.3375,75.8069,27.6,71.25,0.44,6.7922
20220427,Kodagu,12.3375,75.8069,28.63,66.78,0.39,6.8585
20220428,Kodagu,12.3375,75.8069,27.24,75.0,0.47,6.0658
20220429,Kodagu,12.3375,75.8069,27.52,73.11,0.52,6.0715
20220430,Kodagu,12.3375,75.8069,26.91,76.74,0.58,5.9345
20220501,Kodagu,12.3375,75.8069,26.29,78.85,0.56,4.4647
20220502,Kodagu,12.3375,75.8069,26.68,75.2,0.63,6.239
20220503,Kodagu,12.3375,75.8069,27.09,75.51,0.54,6.0617
20220504,Kodagu,12.3375,75.8069,26.57,79.99,0.47,4.374
20220505,Kodagu,12.3375,75.8069,24.46,85.91,0.54,4.6992
20220506,Kodagu,12.3375,75.8069,26.0,78.79,0.51,4.9862
20220507,Kodagu,12.3375,75.8069,25.75,80.93,0.54,5.6093
20220508,Kodagu,12.3375,75.8069,26.85,75.5,0.63,5.3297
20220509,Kodagu,12.3375,75.8069,26.11,83.0,0.79,3.083
20220510,Kodagu,12.3375,75.8069,25.74,80.17,1.05,3.7368
20220511,Kodagu,12.3375,75.8069,24.52,84.26,0.87,1.8451
20220512,Kodagu,12.3375,75.8069,23.41,87.43,0.87,1.8806
20220513,Kodagu,12.3375,75.8069,22.72,89.72,0.67,3.4522
20220514,Kodagu,12.3375,75.8069,23.48,92.15,0.74,3.834
20220515,Kodagu,12.3375,75.8069,23.56,93.67,0.72,3.905
20220516,Kodagu,12.3375,75.8069,23.91,90.42,0.74,2.6256
20220517,Kodagu,12.3375,75.8069,24.22,85.65,0.63,2.3748
20220518,Kodagu,12.3375,75.8069,23.76,91.0,0.55,1.6831
20220519,Kodagu,12.3375,75.8069,22.74,92.49,0.86,1.6735
20220520,Kodagu,12.3375,75.8069,21.76,89.48,0.6,3.425
20220521,Kodagu,12.3375,75.8069,22.69,86.03,0.56,4.9831
20220522,Kodagu,12.3375,75.8069,23.76,89.01,0.7,2.1367
20220523,Kodagu,12.3375,75.8069,24.67,89.67,0.72,5.7586
20220524,Kodagu,12.3375,75.8069,25.17,88.75,0.65,6.185
20220525,Kodagu,12.3375,75.8069,25.55,86.8,0.52,6.3941
20220526,Kodagu,12.3375,75.8069,24.49,90.23,0.59,5.8414
20220527,Kodagu,12.3375,75.8069,23.98,90.22,0.61,5.9652
20220528,Kodagu,12.3375,75.8069,23.92,87.59,0.62,5.557
20220529,Kodagu,12.3375,75.8069,23.93,85.06,0.57,6.739
20220530,Kodagu,12.3375,75.8069,24.15,85.62,0.66,5.8541
20220531,Kodagu,12.3375,75.8069,24.23,87.22,0.72,5.1473
20220601,Kodagu,12.3375,75.8069,23.81,87.83,0.57,4.8778
20220602,Kodagu,12.3375,75.8069,22.96,92.35,0.72,5.0688
20220603,Kodagu,12.3375,75.8069,23.71,89.53,0.65,6.0314
20220604,Kodagu,12.3375,75.8069,24.9,84.25,0.53,6.4171
20220605,Kodagu,12.3375,75.8069,24.49,89.21,0.51,5.2966
20220606,Kodagu,12.3375,75.8069,24.65,86.94,0.48,4.9375
20220607,Kodagu,12.3375,75.8069,24.35,85.16,0.5,3.959
20220608,Kodagu,12.3375,75.8069,23.88,88.58,0.66,4.7189
20220609,Kodagu,12.3375,75.8069,23.75,87.35,0.73,6.5902
20220610,Kodagu,12.3375,75.8069,23.63,87.18,0.83,5.238
20220611,Kodagu,12.3375,75.8069,23.44,85.09,0.64,4.4851
20220612,Kodagu,12.3375,75.8069,22.56,84.75,0.52,3.0593
20220613,Kodagu,12.3375,75.8069,22.97,89.12,0.57,5.1809
20220614,Kodagu,12.3375,75.8069,23.44,87.36,0.66,5.9657
20220615,Kodagu,12.3375,75.8069,23.01,89.93,0.51,4.0459
20220616,Kodagu,12.3375,75.8069,23.42,89.22,0.66,5.207
20220617,Kodagu,12.3375,75.8069,22.77,86.69,0.49,5.2922
20220618,Kodagu,12.3375,75.8069,22.7,89.23,0.59,4.5708
20220619,Kodagu,12.3375,75.8069,22.85,88.11,0.62,4.355
20220620,Kodagu,12.3375,75.8069,22.87,87.23,0.58,4.5031
20220621,Kodagu,12.3375,75.8069,23.15,90.44,0.7,3.1466
20220622,Kodagu,12.3375,75.8069,23.02,89.65,0.72,2.8231
20220623,Kodagu,12.3375,75.8069,22.94,88.49,0.66,3.3293
20220624,Kodagu,12.3375,75.8069,22.8,91.91,0.94,4.333
20220625,Kodagu,12.3375,75.8069,23.06,90.28,0.94,3.211
20220626,Kodagu,12.3375,75.8069,23.55,90.9,1.06,4.7842
20220627,Kodagu,12.3375,75.8069,23.69,89.95,0.89,4.4674
20220628,Kodagu,12.3375,75.8069,23.57,90.37,0.78,3.4714
20220629,Kodagu,12.3375,75.8069,23.61,90.9,0.86,2.9297
20220630,Kodagu,12.3375,75.8069,23.21,91.28,1.03,1.5655
20220701,Kodagu,12.3375,75.8069,23.01,91.69,0.93,2.3854
20220702,Kodagu,12.3375,75.8069,23.03,92.28,0.98,3.372
20220703,Kodagu,12.3375,75.8069,22.88,92.41,1.09,3.3094
20220704,Kodagu,12.3375,75.8069,22.64,93.14,1.33,1.5
20220705,Kodagu,12.3375,75.8069,22.67,94.1,1.21,1.2694
20220706,Kodagu,12.3375,75.8069,22.78,92.7,0.96,1.985
20220707,Kodagu,12.3375,75.8069,22.17,93.05,1.1,1.4964
20220708,Kodagu,12.3375,75.8069,22.21,93.09,1.12,2.1413
20220709,Kodagu,12.3375,75.8069,22.4,95.48,1.16,1.4513
20220710,Kodagu,12.3375,75.8069,22.62,93.22,1.25,1.7621
20220711,Kodagu,12.3375,75.8069,22.75,93.64,1.21,1.9853
20220712,Kodagu,12.3375,75.8069,22.27,94.58,1.07,3.643
20220713,Kodagu,12.3375,75.8069,22.21,94.1,1.4,2.7482
20220714,Kodagu,12.3375,75.8069,22.41,94.79,1.44,3.5155
20220715,Kodagu,12.3375,75.8069,23.02,92.31,1.21,3.4154
20220716,Kodagu,12.3375,75.8069,23.09,93.04,1.15,2.1206
20220717,Kodagu,12.3375,75.8069,22.33,94.02,0.88,2.3551
20220718,Kodagu,12.3375,75.8069,21.98,92.8,0.99,2.2315
20220719,Kodagu,12.3375,75.8069,22.15,93.02,0.62,4.0882
20220720,Kodagu,12.3375,75.8069,23.15,92.7,0.85,4.7633
20220721,Kodagu,12.3375,75.8069,22.98,93.31,0.76,4.6682
20220722,Kodagu,12.3375,75.8069,22.18,94.54,0.79,2.9762
20220723,Kodagu,12.3375,75.8069,22.3,92.61,0.76,3.7541
20220724,Kodagu,12.3375,75.8069,22.6,92.88,0.78,4.0502
20220725,Kodagu,12.3375,75.8069,22.86,91.47,0.65,4.4126
20220726,Kodagu,12.3375,75.8069,22.85,90.02,0.72,4.8562
20220727,Kodagu,12.3375,75.8069,23.25,90.81,0.57,5.2646
20220728,Kodagu,12.3375,75.8069,23.79,93.39,0.49,5.7754
20220729,Kodagu,12.3375,75.8069,24.84,88.3,0.39,5.4686
20220730,Kodagu,12.3375,75.8069,24.37,90.78,0.7,5.743
20220731,Kodagu,12.3375,75.8069,22.73,92.66,0.71,4.555
20220801,Kodagu,12.3375,75.8069,22.78,96.3,1.1,3.8868
20220802,Kodagu,12.3375,75.8069,21.77,95.57,1.01,2.7715
20220803,Kodagu,12.3375,75.8069,22.05,94.84,0.7,3.6936
20220804,Kodagu,12.3375,75.8069,22.64,96.0,1.15,2.2154
20220805,Kodagu,12.3375,75.8069,22.19,95.96,1.2,1.6706
20220806,Kodagu,12.3375,75.8069,22.24,94.95,1.31,2.1214
20220807,Kodagu,12.3375,75.8069,22.28,95.32,1.25,2.3731
20220808,Kodagu,12.3375,75.8069,22.44,95.33,1.31,2.6021
20220809,Kodagu,12.3375,75.8069,22.08,94.08,1.27,3.3444
20220810,Kodagu,12.3375,75.8069,21.96,92.98,1.26,3.571
20220811,Kodagu,12.3375,75.8069,22.58,92.43,1.19,3.7716
20220812,Kodagu,12.3375,75.8069,22.7,91.24,1.0,4.1837
20220813,Kodagu,12.3375,75.8069,22.5,89.83,0.77,4.2617
20220814,Kodagu,12.3375,75.8069,22.65,90.47,0.81,4.3982
20220815,Kodagu,12.3375,75.8069,23.05,89.66,0.66,4.6752
20220816,Kodagu,12.3375,75.8069,23.43,87.49,0.58,5.5025
20220817,Kodagu,12.3375,75.8069,23.36,89.27,0.66,6.1284
20220818,Kodagu,12.3375,75.8069,22.96,91.05,0.74,5.3299
20220819,Kodagu,12.3375,75.8069,22.62,91.05,0.83,5.0604
20220820,Kodagu,12.3375,75.8069,22.23,91.17,0.79,4.907
20220821,Kodagu,12.3375,75.8069,22.92,92.18,0.85,3.7764
20220822,Kodagu,12.3375,75.8069,23.0,92.26,1.03,3.869
20220823,Kodagu,12.3375,75.8069,22.86,92.72,0.93,2.6666
20220824,Kodagu,12.3375,75.8069,22.13,92.98,0.85,3.3612
20220825,Kodagu,12.3375,75.8069,22.8,92.48,0.86,4.1861
20220826,Kodagu,12.3375,75.8069,22.69,93.43,0.83,4.283
20220827,Kodagu,12.3375,75.8069,22.28,92.55,0.77,3.4992
20220828,Kodagu,12.3375,75.8069,22.72,91.44,0.75,5.1422
20220829,Kodagu,12.3375,75.8069,23.16,93.2,0.93,3.6163
20220830,Kodagu,12.3375,75.8069,23.03,93.87,0.73,5.2049
20220831,Kodagu,12.3375,75.8069,23.57,92.06,0.4,5.0803
20220901,Kodagu,12.3375,75.8069,23.57,90.43,0.39,4.5866
20220902,Kodagu,12.3375,75.8069,23.74,89.56,0.38,4.7609
20220903,Kodagu,12.3375,75.8069,23.83,89.44,0.59,5.6026
20220904,Kodagu,12.3375,75.8069,23.48,91.11,0.45,5.9808
20220905,Kodagu,12.3375,75.8069,23.24,95.28,0.6,4.6898
20220906,Kodagu,12.3375,75.8069,22.52,96.47,0.65,4.1436
20220907,Kodagu,12.3375,75.8069,22.1,93.99,0.69,3.527
20220908,Kodagu,12.3375,75.8069,22.22,92.52,0.77,3.0554
20220909,Kodagu,12.3375,75.8069,22.61,92.83,0.82,3.8227
20220910,Kodagu,12.3375,75.8069,22.64,92.41,0.84,3.9274
20220911,Kodagu,12.3375,75.8069,22.52,92.46,0.99,3.7776
20220912,Kodagu,12.3375,75.8069,22.47,91.61,1.02,4.0481
20220913,Kodagu,12.3375,75.8069,22.65,91.83,0.91,3.8582
20220914,Kodagu,12.3375,75.8069,22.69,90.76,0.66,4.049
20220915,Kodagu,12.3375,75.8069,22.29,91.81,0.63,4.2492
20220916,Kodagu,12.3375,75.8069,22.58,91.17,0.69,4.4489
20220917,Kodagu,12.3375,75.8069,22.65,91.3,0.6,4.8694
20220918,Kodagu,12.3375,75.8069,22.85,90.85,0.59,4.9812
20220919,Kodagu,12.3375,75.8069,22.88,90.75,0.74,4.2737
20220920,Kodagu,12.3375,75.8069,22.5,88.07,0.59,4.9406
20220921,Kodagu,12.3375,75.8069,22.62,89.03,0.63,5.369
20220922,Kodagu,12.3375,75.8069,22.34,87.89,0.6,5.298
20220923,Kodagu,12.3375,75.8069,21.84,90.64,0.49,5.2582
20220924,Kodagu,12.3375,75.8069,22.57,90.07,0.58,5.2932
20220925,Kodagu,12.3375,75.8069,23.07,88.02,0.6,6.1642
20220926,Kodagu,12.3375,75.8069,23.32,87.62,0.67,5.1946
20220927,Kodagu,12.3375,75.8069,22.21,90.94,0.57,6.1099
20220928,Kodagu,12.3375,75.8069,22.59,88.48,0.65,5.6714
20220929,Kodagu,12.3375,75.8069,22.38,90.66,0.53,5.0866
20220930,Kodagu,12.3375,75.8069,22.2,92.35,0.52,3.5942
20221001,Kodagu,12.3375,75.8069,21.91,90.9,0.61,2.8538
20221002,Kodagu,12.3375,75.8069,22.51,89.88,0.59,4.1378
20221003,Kodagu,12.3375,75.8069,23.17,90.39,0.68,4.1894
20221004,Kodagu,12.3375,75.8069,23.12,91.98,0.59,4.7822
20221005,Kodagu,12.3375,75.8069,23.09,90.96,0.63,3.9982
20221006,Kodagu,12.3375,75.8069,22.23,88.0,0.59,3.2729
20221007,Kodagu,12.3375,75.8069,22.36,87.32,0.56,5.4557
20221008,Kodagu,12.3375,75.8069,22.53,85.9,0.48,6.0838
20221009,Kodagu,12.3375,75.8069,23.48,89.87,0.46,4.7688
20221010,Kodagu,12.3375,75.8069,22.04,93.46,0.42,3.0775
20221011,Kodagu,12.3375,75.8069,22.43,90.95,0.35,3.3756
20221012,Kodagu,12.3375,75.8069,23.45,88.23,0.38,5.2822
20221013,Kodagu,12.3375,75.8069,23.25,92.69,0.42,5.136
20221014,Kodagu,12.3375,75.8069,22.93,90.18,0.42,4.4734
20221015,Kodagu,12.3375,75.8069,23.26,90.68,0.31,5.1506
20221016,Kodagu,12.3375,75.8069,22.97,91.87,0.38,4.3075
20221017,Kodagu,12.3375,75.8069,23.19,94.51,0.36,4.3577
20221018,Kodagu,12.3375,75.8069,22.41,95.62,0.5,3.9492
20221019,Kodagu,12.3375,75.8069,22.58,92.59,0.35,5.0491
20221020,Kodagu,12.3375,75.8069,23.19,92.02,0.4,4.8504
20221021,Kodagu,12.3375,75.8069,23.77,88.96,0.34,5.1293
20221022,Kodagu,12.3375,75.8069,23.96,86.36,0.3,5.5135
20221023,Kodagu,12.3375,75.8069,23.72,86.03,0.39,5.5042
20221024,Kodagu,12.3375,75.8069,22.53,82.15,0.49,6.223
20221025,Kodagu,12.3375,75.8069,21.63,82.68,0.53,6.4846
20221026,Kodagu,12.3375,75.8069,21.29,76.28,0.46,6.503
20221027,Kodagu,12.3375,75.8069,21.45,75.63,0.42,6.2474
20221028,Kodagu,12.3375,75.8069,22.08,80.29,0.42,5.359
20221029,Kodagu,12.3375,75.8069,23.31,85.89,0.44,4.7136
20221030,Kodagu,12.3375,75.8069,23.49,87.05,0.38,3.4819
20221031,Kodagu,12.3375,75.8069,23.31,85.3,0.28,5.3482
20221101,Kodagu,12.3375,75.8069,22.7,87.3,0.38,5.0554
20221102,Kodagu,12.3375,75.8069,22.61,87.18,0.4,4.3246
20221103,Kodagu,12.3375,75.8069,22.43,84.39,0.51,4.2689
20221104,Kodagu,12.3375,75.8069,23.35,86.01,0.45,4.6195
20221105,Kodagu,12.3375,75.8069,22.52,81.85,0.54,4.9973
20221106,Kodagu,12.3375,75.8069,22.46,87.54,0.35,5.327
20221107,Kodagu,12.3375,75.8069,22.83,82.03,0.41,4.5019
20221108,Kodagu,12.3375,75.8069,22.84,82.53,0.41,5.3688
20221109,Kodagu,12.3375,75.8069,23.46,81.98,0.39,5.2601
20221110,Kodagu,12.3375,75.8069,23.04,81.72,0.37,5.3789
20221111,Kodagu,12.3375,75.8069,22.69,85.02,0.45,3.5431
20221112,Kodagu,12.3375,75.8069,21.84,91.71,0.43,2.5956
20221113,Kodagu,12.3375,75.8069,22.56,88.75,0.57,3.5899
20221114,Kodagu,12.3375,75.8069,22.77,85.67,0.58,5.2654
20221115,Kodagu,12.3375,75.8069,22.38,89.8,0.44,4.3829
20221116,Kodagu,12.3375,75.8069,22.35,91.2,0.26,4.2854
20221117,Kodagu,12.3375,75.8069,22.02,80.07,0.4,5.2692
20221118,Kodagu,12.3375,75.8069,20.49,69.4,0.5,5.2646
20221119,Kodagu,12.3375,75.8069,19.44,76.76,0.6,5.8666
20221120,Kodagu,12.3375,75.8069,19.9,74.94,0.54,5.4223
20221121,Kodagu,12.3375,75.8069,20.57,76.5,0.44,5.767
20221122,Kodagu,12.3375,75.8069,21.13,87.08,0.41,4.0238
20221123,Kodagu,12.3375,75.8069,22.31,91.67,0.36,2.5898
20221124,Kodagu,12.3375,75.8069,22.67,93.38,0.33,2.4902
20221125,Kodagu,12.3375,75.8069,23.43,87.98,0.36,4.3714
20221126,Kodagu,12.3375,75.8069,23.12,86.86,0.45,4.8804
20221127,Kodagu,12.3375,75.8069,22.93,89.09,0.44,4.543
20221128,Kodagu,12.3375,75.8069,22.18,92.87,0.24,3.2222
20221129,Kodagu,12.3375,75.8069,22.87,88.6,0.33,3.4805
20221130,Kodagu,12.3375,75.8069,22.25,81.87,0.34,3.9703
20221201,Kodagu,12.3375,75.8069,21.76,79.56,0.42,5.3297
20221202,Kodagu,12.3375,75.8069,23.51,85.52,0.37,4.4441
20221203,Kodagu,12.3375,75.8069,23.56,84.09,0.38,5.1499
20221204,Kodagu,12.3375,75.8069,23.69,83.66,0.42,4.9908
20221205,Kodagu,12.3375,75.8069,22.9,84.67,0.53,4.7393
20221206,Kodagu,12.3375,75.8069,23.29,81.95,0.33,4.5806
20221207,Kodagu,12.3375,75.8069,21.84,77.68,0.48,3.4565
20221208,Kodagu,12.3375,75.8069,20.55,71.24,0.46,4.3872
20221209,Kodagu,12.3375,75.8069,20.61,74.56,0.49,3.1774
20221210,Kodagu,12.3375,75.8069,21.07,90.27,0.56,2.9926
20221211,Kodagu,12.3375,75.8069,21.55,94.63,0.61,1.6673
20221212,Kodagu,12.3375,75.8069,22.07,95.7,0.38,1.8922
20221213,Kodagu,12.3375,75.8069,22.39,92.85,0.65,3.5681
20221214,Kodagu,12.3375,75.8069,22.54,89.54,0.56,3.5412
20221215,Kodagu,12.3375,75.8069,22.12,83.93,0.43,5.5495
20221216,Kodagu,12.3375,75.8069,20.83,73.94,0.48,5.8133
20221217,Kodagu,12.3375,75.8069,21.47,77.23,0.53,5.5265
20221218,Kodagu,12.3375,75.8069,22.43,81.74,0.52,4.3188
20221219,Kodagu,12.3375,75.8069,21.66,78.67,0.62,5.0947
20221220,Kodagu,12.3375,75.8069,21.2,77.09,0.5,4.9682
20221221,Kodagu,12.3375,75.8069,21.6,73.68,0.52,5.6316
20221222,Kodagu,12.3375,75.8069,20.36,66.31,0.64,5.9184
20221223,Kodagu,12.3375,75.8069,20.84,70.75,0.5,5.8008
20221224,Kodagu,12.3375,75.8069,21.74,74.94,0.41,5.7379
20221225,Kodagu,12.3375,75.8069,22.48,78.59,0.41,4.859
20221226,Kodagu,12.3375,75.8069,23.8,82.07,0.6,4.8053
20221227,Kodagu,12.3375,75.8069,23.55,80.0,0.58,4.5173
20221228,Kodagu,12.3375,75.8069,24.2,79.83,0.44,5.1197
20221229,Kodagu,12.3375,75.8069,23.71,76.15,0.41,5.6054
20221230,Kodagu,12.3375,75.8069,22.38,71.55,0.45,5.7504
20221231,Kodagu,12.3375,75.8069,21.6,70.11,0.34,5.8577
20230101,Kodagu,12.3375,75.8069,21.82,70.77,0.32,5.3813
20230102,Kodagu,12.3375,75.8069,21.52,69.85,0.5,5.7014
20230103,Kodagu,12.3375,75.8069,21.38,71.62,0.41,5.7082
20230104,Kodagu,12.3375,75.8069,21.49,70.62,0.44,5.5882
20230105,Kodagu,12.3375,75.8069,21.48,69.61,0.6,5.4252
20230106,Kodagu,12.3375,75.8069,21.99,68.89,0.67,5.7286
20230107,Kodagu,12.3375,75.8069,22.66,69.08,0.55,5.4614
20230108,Kodagu,12.3375,75.8069,22.51,69.6,0.53,5.3018
20230109,Kodagu,12.3375,75.8069,21.78,66.99,0.39,5.4295
20230110,Kodagu,12.3375,75.8069,20.69,56.48,0.6,6.0475
20230111,Kodagu,12.3375,75.8069,20.94,61.56,0.41,6.0895
20230112,Kodagu,12.3375,75.8069,21.71,53.82,0.5,6.131
20230113,Kodagu,12.3375,75.8069,22.39,58.29,0.45,5.3614
20230114,Kodagu,12.3375,75.8069,22.02,58.48,0.4,4.9865
20230115,Kodagu,12.3375,75.8069,22.2,58.61,0.48,5.9822
20230116,Kodagu,12.3375,75.8069,23.04,62.96,0.42,5.8018
20230117,Kodagu,12.3375,75.8069,22.61,63.24,0.44,5.916
20230118,Kodagu,12.3375,75.8069,22.56,61.99,0.33,6.025
20230119,Kodagu,12.3375,75.8069,21.98,59.17,0.44,6.2208
20230120,Kodagu,12.3375,75.8069,21.36,59.29,0.44,6.2186
20230121,Kodagu,12.3375,75.8069,22.17,67.43,0.39,5.7353
20230122,Kodagu,12.3375,75.8069,22.24,63.27,0.44,5.8466
20230123,Kodagu,12.3375,75.8069,22.99,64.46,0.56,5.6398
20230124,Kodagu,12.3375,75.8069,23.02,79.66,0.37,3.2285
20230125,Kodagu,12.3375,75.8069,23.02,82.06,0.44,4.4647
20230126,Kodagu,12.3375,75.8069,23.36,66.9,0.49,5.8771
20230127,Kodagu,12.3375,75.8069,22.5,61.64,0.41,6.0199
20230128,Kodagu,12.3375,75.8069,22.06,54.12,0.43,6.2383
20230129,Kodagu,12.3375,75.8069,22.41,55.26,0.5,6.305
20230130,Kodagu,12.3375,75.8069,23.37,67.9,0.38,5.3938
20230131,Kodagu,12.3375,75.8069,24.4,67.45,0.35,4.6932
20230201,Kodagu,12.3375,75.8069,24.24,57.81,0.48,5.8392
20230202,Kodagu,12.3375,75.8069,24.41,60.41,0.48,5.6834
20230203,Kodagu,12.3375,75.8069,24.84,62.59,0.44,4.2266
20230204,Kodagu,12.3375,75.8069,25.52,63.11,0.5,5.9755
20230205,Kodagu,12.3375,75.8069,25.51,59.6,0.49,6.1454
20230206,Kodagu,12.3375,75.8069,25.04,65.82,0.55,5.6815
20230207,Kodagu,12.3375,75.8069,24.74,66.28,0.49,5.5889
20230208,Kodagu,12.3375,75.8069,25.42,57.76,0.44,5.983
20230209,Kodagu,12.3375,75.8069,24.99,60.21,0.46,5.7485
20230210,Kodagu,12.3375,75.8069,24.98,58.4,0.36,6.2208
20230211,Kodagu,12.3375,75.8069,24.91,53.66,0.41,6.0643
20230212,Kodagu,12.3375,75.8069,24.68,49.34,0.33,6.4716
20230213,Kodagu,12.3375,75.8069,24.89,46.39,0.48,6.5458
20230214,Kodagu,12.3375,75.8069,24.89,47.95,0.45,6.6535
20230215,Kodagu,12.3375,75.8069,24.63,46.53,0.41,6.7567
20230216,Kodagu,12.3375,75.8069,24.74,44.08,0.5,6.7493
20230217,Kodagu,12.3375,75.8069,24.72,45.35,0.49,6.6101
20230218,Kodagu,12.3375,75.8069,24.9,49.54,0.5,6.4726
20230219,Kodagu,12.3375,75.8069,25.61,58.94,0.4,6.4008
20230220,Kodagu,12.3375,75.8069,25.56,57.15,0.49,6.2628
20230221,Kodagu,12.3375,75.8069,26.02,52.44,0.44,6.5743
20230222,Kodagu,12.3375,75.8069,25.68,44.3,0.35,6.6876
20230223,Kodagu,12.3375,75.8069,25.41,39.02,0.52,6.9547
20230224,Kodagu,12.3375,75.8069,25.56,39.96,0.5,7.1009
20230225,Kodagu,12.3375,75.8069,25.43,37.0,0.42,7.1352
20230226,Kodagu,12.3375,75.8069,25.92,35.19,0.49,6.9893
20230227,Kodagu,12.3375,75.8069,25.42,35.22,0.49,7.1126
20230228,Kodagu,12.3375,75.8069,25.42,38.03,0.55,7.0332
20230301,Kodagu,12.3375,75.8069,26.79,54.21,0.49,5.3076
20230302,Kodagu,12.3375,75.8069,26.99,39.18,0.5,6.9958
20230303,Kodagu,12.3375,75.8069,26.15,32.47,0.73,7.3039
20230304,Kodagu,12.3375,75.8069,26.68,30.52,0.65,7.2574
20230305,Kodagu,12.3375,75.8069,26.46,34.81,0.54,7.1347
20230306,Kodagu,12.3375,75.8069,26.42,33.29,0.59,7.2194
20230307,Kodagu,12.3375,75.8069,26.49,31.81,0.49,6.408
20230308,Kodagu,12.3375,75.8069,25.94,35.97,0.49,7.1875
20230309,Kodagu,12.3375,75.8069,25.68,35.09,0.41,4.7126
20230310,Kodagu,12.3375,75.8069,26.56,38.24,0.63,6.1939
20230311,Kodagu,12.3375,75.8069,26.69,40.91,0.48,7.0289
20230312,Kodagu,12.3375,75.8069,27.13,39.81,0.53,7.1758
20230313,Kodagu,12.3375,75.8069,27.36,46.63,0.55,6.9545
20230314,Kodagu,12.3375,75.8069,27.47,52.73,0.61,6.0622
20230315,Kodagu,12.3375,75.8069,27.35,60.29,0.58,5.7422
20230316,Kodagu,12.3375,75.8069,27.21,61.41,0.61,6.3634
20230317,Kodagu,12.3375,75.8069,27.3,57.69,0.58,6.5914
20230318,Kodagu,12.3375,75.8069,26.79,61.6,0.67,6.3689
20230319,Kodagu,12.3375,75.8069,25.52,66.06,0.72,5.3947
20230320,Kodagu,12.3375,75.8069,25.18,57.85,0.73,7.1822
20230321,Kodagu,12.3375,75.8069,24.69,55.13,0.72,7.3399
20230322,Kodagu,12.3375,75.8069,25.62,59.57,0.67,6.9566
20230323,Kodagu,12.3375,75.8069,26.76,57.94,0.67,7.1417
20230324,Kodagu,12.3375,75.8069,26.94,55.28,0.67,6.8326
20230325,Kodagu,12.3375,75.8069,26.15,60.69,0.48,5.7557
20230326,Kodagu,12.3375,75.8069,27.37,57.14,0.59,6.275
20230327,Kodagu,12.3375,75.8069,27.75,51.99,0.64,7.2101
20230328,Kodagu,12.3375,75.8069,28.11,53.98,0.62,7.4527
20230329,Kodagu,12.3375,75.8069,26.74,62.85,0.64,6.396
20230330,Kodagu,12.3375,75.8069,26.62,66.19,0.6,6.0194
20230331,Kodagu,12.3375,75.8069,27.6,55.94,0.61,7.3001
20230401,Kodagu,12.3375,75.8069,26.52,57.58,0.69,7.0596
20230402,Kodagu,12.3375,75.8069,26.4,59.93,0.8,7.3766
20230403,Kodagu,12.3375,75.8069,26.36,57.81,0.73,7.5206
20230404,Kodagu,12.3375,75.8069,26.12,64.2,0.52,5.341
20230405,Kodagu,12.3375,75.8069,27.38,60.36,0.54,6.3269
20230406,Kodagu,12.3375,75.8069,27.25,65.07,0.45,6.4068
20230407,Kodagu,12.3375,75.8069,27.76,61.34,0.39,6.0823
20230408,Kodagu,12.3375,75.8069,28.38,52.15,0.48,7.1712
20230409,Kodagu,12.3375,75.8069,28.39,51.87,0.45,7.1945
20230410,Kodagu,12.3375,75.8069,28.7,52.37,0.47,7.0894
20230411,Kodagu,12.3375,75.8069,28.79,51.85,0.49,7.0942
20230412,Kodagu,12.3375,75.8069,28.41,54.49,0.48,7.1366
20230413,Kodagu,12.3375,75.8069,28.45,40.53,0.42,7.2898
20230414,Kodagu,12.3375,75.8069,28.58,54.7,0.41,6.7589
20230415,Kodagu,12.3375,75.8069,28.23,57.7,0.39,6.3828
20230416,Kodagu,12.3375,75.8069,27.5,58.37,0.27,6.9528
20230417,Kodagu,12.3375,75.8069,27.47,62.0,0.39,6.9566
20230418,Kodagu,12.3375,75.8069,28.53,56.11,0.47,7.2871
20230419,Kodagu,12.3375,75.8069,28.76,59.22,0.61,7.2283
20230420,Kodagu,12.3375,75.8069,28.14,62.0,0.7,7.1131
20230421,Kodagu,12.3375,75.8069,27.86,65.7,0.66,6.5474
20230422,Kodagu,12.3375,75.8069,28.65,62.45,0.62,6.5678
20230423,Kodagu,12.3375,75.8069,28.92,57.96,0.66,7.2166
20230424,Kodagu,12.3375,75.8069,28.77,57.97,0.51,7.0399
20230425,Kodagu,12.3375,75.8069,27.72,63.69,0.52,6.0542
20230426,Kodagu,12.3375,75.8069,26.61,73.32,0.52,5.5279
20230427,Kodagu,12.3375,75.8069,27.67,68.56,0.57,6.4356
20230428,Kodagu,12.3375,75.8069,28.05,66.12,0.62,5.485
20230429,Kodagu,12.3375,75.8069,27.76,67.93,0.53,5.3155
20230430,Kodagu,12.3375,75.8069,26.15,77.9,0.54,5.977
20230501,Kodagu,12.3375,75.8069,25.17,77.74,0.42,6.067
20230502,Kodagu,12.3375,75.8069,27.1,68.0,0.68,5.9275
20230503,Kodagu,12.3375,75.8069,26.44,68.9,0.77,6.24
20230504,Kodagu,12.3375,75.8069,26.86,67.74,0.74,6.961
20230505,Kodagu,12.3375,75.8069,25.37,73.71,0.58,5.5085
20230506,Kodagu,12.3375,75.8069,25.94,70.98,0.68,6.5359
20230507,Kodagu,12.3375,75.8069,25.49,74.15,0.76,5.0947
20230508,Kodagu,12.3375,75.8069,25.84,76.52,0.65,5.8195
20230509,Kodagu,12.3375,75.8069,26.7,67.68,0.65,6.2618
20230510,Kodagu,12.3375,75.8069,27.36,69.38,0.48,6.3787
20230511,Kodagu,12.3375,75.8069,27.14,76.08,0.49,4.7575
20230512,Kodagu,12.3375,75.8069,26.46,76.67,0.56,5.2817
20230513,Kodagu,12.3375,75.8069,26.12,80.92,0.71,3.2688
20230514,Kodagu,12.3375,75.8069,26.59,79.18,0.65,6.2206
20230515,Kodagu,12.3375,75.8069,26.87,72.99,0.56,6.5316
20230516,Kodagu,12.3375,75.8069,28.33,67.18,0.62,7.0495
20230517,Kodagu,12.3375,75.8069,28.86,65.52,0.64,6.8527
20230518,Kodagu,12.3375,75.8069,28.62,66.04,0.62,5.8337
20230519,Kodagu,12.3375,75.8069,27.53,71.43,0.65,6.3209
20230520,Kodagu,12.3375,75.8069,27.68,70.17,0.71,6.3696
20230521,Kodagu,12.3375,75.8069,27.12,74.9,0.51,5.8834
20230522,Kodagu,12.3375,75.8069,27.19,75.01,0.59,6.2678
20230523,Kodagu,12.3375,75.8069,27.07,72.3,0.44,5.7204
20230524,Kodagu,12.3375,75.8069,26.16,79.1,0.51,6.2189
20230525,Kodagu,12.3375,75.8069,25.92,81.12,0.66,5.0674
20230526,Kodagu,12.3375,75.8069,26.22,76.84,0.7,5.1348
20230527,Kodagu,12.3375,75.8069,27.07,71.67,0.82,6.5839
20230528,Kodagu,12.3375,75.8069,26.39,72.82,0.7,6.8676
20230529,Kodagu,12.3375,75.8069,27.04,74.25,0.44,6.1704
20230530,Kodagu,12.3375,75.8069,26.19,78.1,0.42,5.052
20230531,Kodagu,12.3375,75.8069,26.06,78.77,0.46,5.0911
20230601,Kodagu,12.3375,75.8069,25.48,82.13,0.64,4.5286
20230602,Kodagu,12.3375,75.8069,26.09,77.74,0.57,5.4444
20230603,Kodagu,12.3375,75.8069,27.07,75.47,0.65,5.513
20230604,Kodagu,12.3375,75.8069,25.62,80.28,0.53,5.4948
20230605,Kodagu,12.3375,75.8069,25.52,83.78,0.86,6.1284
20230606,Kodagu,12.3375,75.8069,25.9,80.79,0.66,6.1406
20230607,Kodagu,12.3375,75.8069,25.75,81.26,0.81,5.6354
20230608,Kodagu,12.3375,75.8069,25.43,83.57,0.83,5.8637
20230609,Kodagu,12.3375,75.8069,25.91,80.38,0.85,4.8773
20230610,Kodagu,12.3375,75.8069,24.48,85.74,0.8,3.1546
20230611,Kodagu,12.3375,75.8069,24.39,85.92,0.59,3.0547
20230612,Kodagu,12.3375,75.8069,25.13,83.13,0.8,4.6891
20230613,Kodagu,12.3375,75.8069,25.49,83.5,0.89,4.2437
20230614,Kodagu,12.3375,75.8069,25.33,86.22,0.83,4.6723
20230615,Kodagu,12.3375,75.8069,25.47,85.3,0.86,4.9186
20230616,Kodagu,12.3375,75.8069,25.82,80.72,0.94,5.502
20230617,Kodagu,12.3375,75.8069,25.28,85.62,0.92,4.8079
20230618,Kodagu,12.3375,75.8069,24.78,87.39,0.83,3.9972
20230619,Kodagu,12.3375,75.8069,23.99,87.31,0.62,4.9968
20230620,Kodagu,12.3375,75.8069,24.55,78.0,0.56,3.3163
20230621,Kodagu,12.3375,75.8069,24.83,84.83,0.62,3.3804
20230622,Kodagu,12.3375,75.8069,24.45,84.08,0.68,4.7244
20230623,Kodagu,12.3375,75.8069,22.75,82.2,0.61,3.6456
20230624,Kodagu,12.3375,75.8069,23.44,90.58,0.79,3.9113
20230625,Kodagu,12.3375,75.8069,23.76,88.33,0.78,3.756
20230626,Kodagu,12.3375,75.8069,23.39,83.38,0.6,3.6401
20230627,Kodagu,12.3375,75.8069,23.22,86.02,0.61,3.4733
20230628,Kodagu,12.3375,75.8069,23.05,87.13,0.61,4.3027
20230629,Kodagu,12.3375,75.8069,23.42,88.12,0.68,2.6921
20230630,Kodagu,12.3375,75.8069,23.17,86.29,0.66,4.3318
20230701,Kodagu,12.3375,75.8069,23.91,88.17,0.73,4.6037
20230702,Kodagu,12.3375,75.8069,23.15,90.19,0.83,3.4409
20230703,Kodagu,12.3375,75.8069,23.83,91.56,1.13,3.151
20230704,Kodagu,12.3375,75.8069,23.13,92.85,1.37,1.9433
20230705,Kodagu,12.3375,75.8069,22.79,93.46,1.39,1.8504
20230706,Kodagu,12.3375,75.8069,22.46,92.57,1.16,0.9588
20230707,Kodagu,12.3375,75.8069,23.05,91.58,1.02,2.119
20230708,Kodagu,12.3375,75.8069,23.2,89.4,0.76,1.9608
20230709,Kodagu,12.3375,75.8069,23.36,91.94,0.64,3.8011
20230710,Kodagu,12.3375,75.8069,23.6,91.99,0.53,4.2516
20230711,Kodagu,12.3375,75.8069,23.3,92.11,0.53,2.856
20230712,Kodagu,12.3375,75.8069,22.66,90.0,0.64,4.1918
20230713,Kodagu,12.3375,75.8069,22.82,90.19,0.75,2.7986
20230714,Kodagu,12.3375,75.8069,22.86,91.45,0.79,3.1697
20230715,Kodagu,12.3375,75.8069,23.41,90.94,0.72,3.9857
20230716,Kodagu,12.3375,75.8069,23.75,91.96,0.76,3.9528
20230717,Kodagu,12.3375,75.8069,23.5,92.71,0.88,4.613
20230718,Kodagu,12.3375,75.8069,23.82,90.63,1.29,4.1986
20230719,Kodagu,12.3375,75.8069,23.54,91.47,1.39,3.8477
20230720,Kodagu,12.3375,75.8069,23.75,91.44,1.36,4.1765
20230721,Kodagu,12.3375,75.8069,23.36,93.87,1.38,3.6715
20230722,Kodagu,12.3375,75.8069,23.05,91.61,1.36,1.8552
20230723,Kodagu,12.3375,75.8069,23.07,92.93,1.39,1.3092
20230724,Kodagu,12.3375,75.8069,22.26,95.24,1.13,1.1249
20230725,Kodagu,12.3375,75.8069,21.77,94.25,0.96,1.4071
20230726,Kodagu,12.3375,75.8069,21.86,94.33,1.05,1.565
20230727,Kodagu,12.3375,75.8069,21.99,94.69,0.82,2.9719
20230728,Kodagu,12.3375,75.8069,22.56,93.3,0.85,3.4018
20230729,Kodagu,12.3375,75.8069,22.92,92.08,0.98,4.4138
20230730,Kodagu,12.3375,75.8069,23.07,91.66,0.93,4.0901
20230731,Kodagu,12.3375,75.8069,23.14,91.43,0.99,4.0925
20230801,Kodagu,12.3375,75.8069,23.1,91.46,0.93,5.1797
20230802,Kodagu,12.3375,75.8069,23.04,90.89,0.95,4.9082
20230803,Kodagu,12.3375,75.8069,23.16,90.71,0.98,4.3471
20230804,Kodagu,12.3375,75.8069,23.42,90.77,0.99,4.5331
20230805,Kodagu,12.3375,75.8069,23.37,90.47,0.99,3.8652
20230806,Kodagu,12.3375,75.8069,23.34,91.15,0.77,4.4568
20230807,Kodagu,12.3375,75.8069,23.51,90.52,0.79,4.7354
20230808,Kodagu,12.3375,75.8069,23.4,90.41,0.72,4.1786
20230809,Kodagu,12.3375,75.8069,23.81,88.35,0.64,4.9164
20230810,Kodagu,12.3375,75.8069,23.87,89.84,0.65,5.3789
20230811,Kodagu,12.3375,75.8069,24.07,89.05,0.73,5.5865
20230812,Kodagu,12.3375,75.8069,23.75,88.93,0.8,5.023
20230813,Kodagu,12.3375,75.8069,23.23,90.14,0.72,4.5732
20230814,Kodagu,12.3375,75.8069,22.95,88.64,0.69,5.4377
20230815,Kodagu,12.3375,75.8069,23.2,87.13,0.66,6.4334
20230816,Kodagu,12.3375,75.8069,23.45,88.6,0.68,5.5279
20230817,Kodagu,12.3375,75.8069,23.52,88.98,0.79,4.4342
20230818,Kodagu,12.3375,75.8069,22.74,91.55,0.69,4.9402
20230819,Kodagu,12.3375,75.8069,23.55,90.27,0.96,3.0804
20230820,Kodagu,12.3375,75.8069,23.73,89.51,0.83,4.6968
20230821,Kodagu,12.3375,75.8069,23.93,88.55,0.7,5.8603
20230822,Kodagu,12.3375,75.8069,24.07,87.79,0.65,6.0446
20230823,Kodagu,12.3375,75.8069,23.94,88.25,0.64,5.8994
20230824,Kodagu,12.3375,75.8069,23.65,88.75,0.63,5.3119
20230825,Kodagu,12.3375,75.8069,23.74,86.79,0.51,5.9369
20230826,Kodagu,12.3375,75.8069,23.61,90.45,0.51,4.5922
20230827,Kodagu,12.3375,75.8069,23.84,87.96,0.55,5.7931
20230828,Kodagu,12.3375,75.8069,23.77,87.82,0.6,6.2078
20230829,Kodagu,12.3375,75.8069,23.8,87.64,0.63,5.5181
20230830,Kodagu,12.3375,75.8069,24.2,87.84,0.73,5.9273
20230831,Kodagu,12.3375,75.8069,24.37,86.54,0.56,5.7451
20230901,Kodagu,12.3375,75.8069,24.21,89.28,0.54,5.9486
20230902,Kodagu,12.3375,75.8069,23.58,89.77,0.56,5.3926
20230903,Kodagu,12.3375,75.8069,22.93,90.74,0.65,5.1084
20230904,Kodagu,12.3375,75.8069,22.11,87.76,0.67,3.4968
20230905,Kodagu,12.3375,75.8069,22.38,91.73,0.83,2.9254
20230906,Kodagu,12.3375,75.8069,23.06,89.3,0.75,3.9974
20230907,Kodagu,12.3375,75.8069,23.04,89.92,0.82,4.0505
20230908,Kodagu,12.3375,75.8069,23.35,90.61,0.9,4.14
20230909,Kodagu,12.3375,75.8069,23.68,90.92,0.81,3.5933
20230910,Kodagu,12.3375,75.8069,23.74,91.52,0.96,3.9684
20230911,Kodagu,12.3375,75.8069,23.0,92.33,0.81,4.0589
20230912,Kodagu,12.3375,75.8069,23.24,90.44,0.77,4.6558
20230913,Kodagu,12.3375,75.8069,23.47,90.8,0.66,4.3802
20230914,Kodagu,12.3375,75.8069,23.08,91.73,0.69,2.8039
20230915,Kodagu,12.3375,75.8069,22.45,91.75,0.8,3.9631
20230916,Kodagu,12.3375,75.8069,23.05,92.37,0.73,3.3888
20230917,Kodagu,12.3375,75.8069,23.52,90.33,0.61,3.6883
20230918,Kodagu,12.3375,75.8069,23.44,91.11,0.65,3.9638
20230919,Kodagu,12.3375,75.8069,23.66,90.3,0.59,5.1917
20230920,Kodagu,12.3375,75.8069,23.29,89.98,0.59,4.7882
20230921,Kodagu,12.3375,75.8069,22.96,90.41,0.5,4.68
20230922,Kodagu,12.3375,75.8069,23.45,90.81,0.56,5.3983
20230923,Kodagu,12.3375,75.8069,22.73,94.82,0.62,4.3937
20230924,Kodagu,12.3375,75.8069,22.82,93.98,0.68,4.1801
20230925,Kodagu,12.3375,75.8069,22.12,93.63,0.51,4.8595
20230926,Kodagu,12.3375,75.8069,23.17,89.75,0.6,4.4832
20230927,Kodagu,12.3375,75.8069,22.95,88.95,0.59,4.7352
20230928,Kodagu,12.3375,75.8069,22.62,93.57,0.78,2.8704
20230929,Kodagu,12.3375,75.8069,22.94,93.03,0.9,2.7322
20230930,Kodagu,12.3375,75.8069,22.72,90.86,0.81,3.1128
20231001,Kodagu,12.3375,75.8069,23.55,92.08,0.94,3.9823
20231002,Kodagu,12.3375,75.8069,23.21,89.97,0.59,5.087
20231003,Kodagu,12.3375,75.8069,22.86,89.85,0.53,6.0434
20231004,Kodagu,12.3375,75.8069,22.83,88.35,0.49,6.1505
20231005,Kodagu,12.3375,75.8069,22.5,86.59,0.48,6.6096
20231006,Kodagu,12.3375,75.8069,23.0,84.56,0.41,5.8711
20231007,Kodagu,12.3375,75.8069,23.86,86.84,0.43,5.0016
20231008,Kodagu,12.3375,75.8069,24.13,90.87,0.51,3.7008
20231009,Kodagu,12.3375,75.8069,23.96,88.36,0.38,3.3943
20231010,Kodagu,12.3375,75.8069,23.2,91.86,0.36,4.1873
20231011,Kodagu,12.3375,75.8069,22.61,90.51,0.34,3.5076
20231012,Kodagu,12.3375,75.8069,23.47,90.56,0.28,4.199
20231013,Kodagu,12.3375,75.8069,24.37,85.95,0.45,5.719
20231014,Kodagu,12.3375,75.8069,24.13,85.71,0.42,5.2325
20231015,Kodagu,12.3375,75.8069,23.46,91.88,0.33,4.6982
20231016,Kodagu,12.3375,75.8069,23.02,92.33,0.34,3.8916
20231017,Kodagu,12.3375,75.8069,23.13,89.59,0.32,4.1926
20231018,Kodagu,12.3375,75.8069,24.12,87.92,0.4,5.244
20231019,Kodagu,12.3375,75.8069,24.47,85.23,0.36,4.7482
20231020,Kodagu,12.3375,75.8069,24.11,85.01,0.41,4.9334
20231021,Kodagu,12.3375,75.8069,24.19,85.64,0.41,4.7563
20231022,Kodagu,12.3375,75.8069,24.23,85.94,0.41,4.3747
20231023,Kodagu,12.3375,75.8069,24.06,85.06,0.37,5.261
20231024,Kodagu,12.3375,75.8069,23.6,82.9,0.37,5.9201
20231025,Kodagu,12.3375,75.8069,23.6,83.85,0.38,5.9146
20231026,Kodagu,12.3375,75.8069,23.32,79.94,0.42,6.1171
20231027,Kodagu,12.3375,75.8069,23.53,83.32,0.47,5.4094
20231028,Kodagu,12.3375,75.8069,24.21,88.24,0.39,4.4918
20231029,Kodagu,12.3375,75.8069,24.15,89.96,0.42,4.6109
20231030,Kodagu,12.3375,75.8069,23.23,91.63,0.35,4.7054
20231031,Kodagu,12.3375,75.8069,23.1,90.01,0.36,3.9895
20231101,Kodagu,12.3375,75.8069,23.11,91.17,0.43,3.9554
20231102,Kodagu,12.3375,75.8069,23.53,91.01,0.46,5.3076
20231103,Kodagu,12.3375,75.8069,24.52,89.43,0.38,4.8708
20231104,Kodagu,12.3375,75.8069,23.94,91.65,0.31,3.2717
20231105,Kodagu,12.3375,75.8069,23.69,91.81,0.47,3.4104
20231106,Kodagu,12.3375,75.8069,23.0,90.49,0.48,4.4976
20231107,Kodagu,12.3375,75.8069,23.62,88.82,0.45,5.2865
20231108,Kodagu,12.3375,75.8069,23.02,88.87,0.4,3.3852
20231109,Kodagu,12.3375,75.8069,23.34,89.41,0.45,3.6965
20231110,Kodagu,12.3375,75.8069,23.47,86.87,0.42,4.703
20231111,Kodagu,12.3375,75.8069,23.97,84.32,0.41,5.8075
20231112,Kodagu,12.3375,75.8069,22.73,82.76,0.48,5.4758
20231113,Kodagu,12.3375,75.8069,22.62,80.34,0.5,4.5048
20231114,Kodagu,12.3375,75.8069,22.3,80.17,0.56,5.2162
20231115,Kodagu,12.3375,75.8069,22.2,79.26,0.44,5.033
20231116,Kodagu,12.3375,75.8069,22.99,84.81,0.42,4.6133
20231117,Kodagu,12.3375,75.8069,24.19,87.14,0.45,4.2756
20231118,Kodagu,12.3375,75.8069,24.36,88.01,0.43,4.3154
20231119,Kodagu,12.3375,75.8069,24.0,86.53,0.46,5.2344
20231120,Kodagu,12.3375,75.8069,24.0,81.21,0.37,5.6791
20231121,Kodagu,12.3375,75.8069,23.64,85.17,0.41,5.2519
20231122,Kodagu,12.3375,75.8069,24.19,89.39,0.35,4.0212
20231123,Kodagu,12.3375,75.8069,23.64,90.53,0.59,3.4795
20231124,Kodagu,12.3375,75.8069,23.7,86.28,0.51,2.538
20231125,Kodagu,12.3375,75.8069,24.11,84.98,0.37,4.5504
20231126,Kodagu,12.3375,75.8069,23.66,82.25,0.52,4.2982
20231127,Kodagu,12.3375,75.8069,23.76,86.01,0.55,5.0822
20231128,Kodagu,12.3375,75.8069,23.88,86.03,0.46,5.3755
20231129,Kodagu,12.3375,75.8069,23.0,89.96,0.47,4.7155
20231130,Kodagu,12.3375,75.8069,23.76,84.63,0.49,4.8564
20231201,Kodagu,12.3375,75.8069,24.01,86.71,0.38,4.8614
20231202,Kodagu,12.3375,75.8069,24.01,81.6,0.44,5.3988
20231203,Kodagu,12.3375,75.8069,24.3,83.74,0.48,4.404
20231204,Kodagu,12.3375,75.8069,24.08,84.93,0.52,3.1668
20231205,Kodagu,12.3375,75.8069,23.43,84.81,0.43,4.0536
20231206,Kodagu,12.3375,75.8069,23.28,83.74,0.45,5.1912
20231207,Kodagu,12.3375,75.8069,23.19,81.43,0.32,4.775
20231208,Kodagu,12.3375,75.8069,23.32,86.59,0.41,4.0536
20231209,Kodagu,12.3375,75.8069,22.79,93.07,0.47,4.0596
20231210,Kodagu,12.3375,75.8069,23.61,89.72,0.5,4.171
20231211,Kodagu,12.3375,75.8069,22.05,95.4,0.41,3.7054
20231212,Kodagu,12.3375,75.8069,22.79,88.98,0.4,4.2082
20231213,Kodagu,12.3375,75.8069,22.99,80.26,0.43,4.5485
20231214,Kodagu,12.3375,75.8069,21.98,75.74,0.52,4.716
20231215,Kodagu,12.3375,75.8069,22.16,80.98,0.49,4.7182
20231216,Kodagu,12.3375,75.8069,23.8,84.22,0.42,4.062
20231217,Kodagu,12.3375,75.8069,23.67,84.9,0.52,4.0877
20231218,Kodagu,12.3375,75.8069,21.88,87.46,0.62,2.8366
20231219,Kodagu,12.3375,75.8069,22.3,80.47,0.54,4.7383
20231220,Kodagu,12.3375,75.8069,22.64,74.96,0.57,4.9121
20231221,Kodagu,12.3375,75.8069,23.04,81.49,0.56,5.2541
20231222,Kodagu,12.3375,75.8069,23.44,84.87,0.42,4.0138
20231223,Kodagu,12.3375,75.8069,22.83,77.09,0.5,5.087
20231224,Kodagu,12.3375,75.8069,21.95,69.7,0.5,5.5164
20231225,Kodagu,12.3375,75.8069,23.49,77.51,0.45,5.131
20231226,Kodagu,12.3375,75.8069,22.36,68.06,0.51,5.8435
20231227,Kodagu,12.3375,75.8069,21.83,67.38,0.55,6.0226
20231228,Kodagu,12.3375,75.8069,22.68,74.52,0.58,5.4526
20231229,Kodagu,12.3375,75.8069,23.43,75.39,0.55,4.9426
20231230,Kodagu,12.3375,75.8069,23.24,73.32,0.51,5.5757
20231231,Kodagu,12.3375,75.8069,22.48,70.86,0.59,5.6074
20240101,Kodagu,12.3375,75.8069,22.59,79.62,0.47,4.0831
20240102,Kodagu,12.3375,75.8069,23.06,84.66,0.4,3.523
20240103,Kodagu,12.3375,75.8069,22.42,90.36,0.35,2.2642
20240104,Kodagu,12.3375,75.8069,22.45,93.95,0.35,1.5511
20240105,Kodagu,12.3375,75.8069,23.04,88.54,0.49,3.7378
20240106,Kodagu,12.3375,75.8069,22.87,88.24,0.44,4.2821
20240107,Kodagu,12.3375,75.8069,22.7,81.26,0.52,4.1153
20240108,Kodagu,12.3375,75.8069,22.83,86.65,0.56,3.4507
20240109,Kodagu,12.3375,75.8069,22.65,88.4,0.48,3.4783
20240110,Kodagu,12.3375,75.8069,22.44,79.57,0.59,4.9042
20240111,Kodagu,12.3375,75.8069,22.79,73.16,0.55,5.5589
20240112,Kodagu,12.3375,75.8069,22.2,72.66,0.64,5.8694
20240113,Kodagu,12.3375,75.8069,23.13,74.82,0.52,5.4365
20240114,Kodagu,12.3375,75.8069,23.0,76.23,0.56,5.5051
20240115,Kodagu,12.3375,75.8069,22.47,78.76,0.47,5.3244
20240116,Kodagu,12.3375,75.8069,22.42,81.6,0.46,5.0453
20240117,Kodagu,12.3375,75.8069,23.02,82.8,0.46,5.1578
20240118,Kodagu,12.3375,75.8069,23.11,84.14,0.58,4.4628
20240119,Kodagu,12.3375,75.8069,23.29,80.51,0.49,5.1307
20240120,Kodagu,12.3375,75.8069,23.47,80.22,0.51,4.9783
20240121,Kodagu,12.3375,75.8069,23.85,78.58,0.48,5.5913
20240122,Kodagu,12.3375,75.8069,23.99,76.53,0.46,5.4869
20240123,Kodagu,12.3375,75.8069,23.21,74.32,0.51,5.6981
20240124,Kodagu,12.3375,75.8069,22.6,75.57,0.59,5.9642
20240125,Kodagu,12.3375,75.8069,22.91,76.2,0.44,5.7782
20240126,Kodagu,12.3375,75.8069,23.31,70.39,0.56,5.7653
20240127,Kodagu,12.3375,75.8069,23.25,62.33,0.45,6.1318
20240128,Kodagu,12.3375,75.8069,23.6,64.64,0.59,6.1027
20240129,Kodagu,12.3375,75.8069,23.27,68.06,0.53,5.701
20240130,Kodagu,12.3375,75.8069,23.02,64.8,0.56,5.8526
20240131,Kodagu,12.3375,75.8069,22.86,69.78,0.6,6.24
20240201,Kodagu,12.3375,75.8069,22.59,73.99,0.61,6.3175
20240202,Kodagu,12.3375,75.8069,23.55,73.09,0.53,6.4133
20240203,Kodagu,12.3375,75.8069,24.74,71.68,0.47,5.6297
20240204,Kodagu,12.3375,75.8069,25.17,67.1,0.43,5.3066
20240205,Kodagu,12.3375,75.8069,24.83,60.37,0.42,6.2674
20240206,Kodagu,12.3375,75.8069,24.95,57.94,0.46,6.5009
20240207,Kodagu,12.3375,75.8069,25.17,55.23,0.51,6.5388
20240208,Kodagu,12.3375,75.8069,25.22,54.06,0.54,5.9484
20240209,Kodagu,12.3375,75.8069,25.32,59.78,0.47,6.3257
20240210,Kodagu,12.3375,75.8069,25.27,57.84,0.47,6.3293
20240211,Kodagu,12.3375,75.8069,25.35,58.38,0.46,6.4428
20240212,Kodagu,12.3375,75.8069,25.38,54.52,0.62,6.721
20240213,Kodagu,12.3375,75.8069,25.06,51.89,0.54,6.7202
20240214,Kodagu,12.3375,75.8069,25.53,61.38,0.54,6.3996
20240215,Kodagu,12.3375,75.8069,25.94,57.87,0.51,6.3271
20240216,Kodagu,12.3375,75.8069,25.83,52.1,0.56,6.6941
20240217,Kodagu,12.3375,75.8069,25.98,53.21,0.6,6.4567
20240218,Kodagu,12.3375,75.8069,25.85,60.26,0.49,6.4265
20240219,Kodagu,12.3375,75.8069,25.92,66.85,0.53,6.0322
20240220,Kodagu,12.3375,75.8069,26.56,64.38,0.51,6.0403
20240221,Kodagu,12.3375,75.8069,25.87,61.6,0.65,6.6362
20240222,Kodagu,12.3375,75.8069,24.68,65.05,0.68,6.8633
20240223,Kodagu,12.3375,75.8069,24.83,63.09,0.68,6.8568
20240224,Kodagu,12.3375,75.8069,24.87,63.32,0.71,6.6984
20240225,Kodagu,12.3375,75.8069,25.88,66.66,0.49,5.9047
20240226,Kodagu,12.3375,75.8069,26.97,56.21,0.54,6.654
20240227,Kodagu,12.3375,75.8069,27.45,53.64,0.51,6.8261
20240228,Kodagu,12.3375,75.8069,27.7,56.09,0.44,6.7274
20240229,Kodagu,12.3375,75.8069,26.99,48.74,0.55,6.6547
20240301,Kodagu,12.3375,75.8069,26.79,46.82,0.52,6.145
20240302,Kodagu,12.3375,75.8069,26.86,53.26,0.66,6.155
20240303,Kodagu,12.3375,75.8069,27.28,63.19,0.6,6.3031
20240304,Kodagu,12.3375,75.8069,27.36,62.13,0.66,6.4586
20240305,Kodagu,12.3375,75.8069,27.63,58.11,0.6,6.5897
20240306,Kodagu,12.3375,75.8069,27.1,58.31,0.71,6.3144
20240307,Kodagu,12.3375,75.8069,27.4,54.66,0.53,6.5659
20240308,Kodagu,12.3375,75.8069,27.3,53.19,0.68,6.8294
20240309,Kodagu,12.3375,75.8069,27.24,58.32,0.61,6.8095
20240310,Kodagu,12.3375,75.8069,27.32,60.7,0.65,6.6355
20240311,Kodagu,12.3375,75.8069,28.19,57.26,0.62,6.2407
20240312,Kodagu,12.3375,75.8069,28.35,58.36,0.63,6.1118
20240313,Kodagu,12.3375,75.8069,27.25,67.53,0.7,5.7835
20240314,Kodagu,12.3375,75.8069,27.05,66.11,0.65,5.8409
20240315,Kodagu,12.3375,75.8069,27.79,59.12,0.56,6.3648
20240316,Kodagu,12.3375,75.8069,27.82,56.9,0.56,6.2695
20240317,Kodagu,12.3375,75.8069,27.83,55.46,0.73,6.5616
20240318,Kodagu,12.3375,75.8069,28.11,56.01,0.59,6.6322
20240319,Kodagu,12.3375,75.8069,28.15,52.98,0.51,6.7044
20240320,Kodagu,12.3375,75.8069,28.22,54.26,0.62,6.7858
20240321,Kodagu,12.3375,75.8069,28.19,59.25,0.75,5.9446
20240322,Kodagu,12.3375,75.8069,28.19,61.91,0.47,5.1053
20240323,Kodagu,12.3375,75.8069,28.2,62.47,0.51,5.7859
20240324,Kodagu,12.3375,75.8069,29.02,55.81,0.49,6.6154
20240325,Kodagu,12.3375,75.8069,29.17,48.55,0.52,7.0306
20240326,Kodagu,12.3375,75.8069,29.22,49.8,0.52,6.6221
20240327,Kodagu,12.3375,75.8069,29.09,52.94,0.48,6.9125
20240328,Kodagu,12.3375,75.8069,29.01,49.96,0.54,7.0822
20240329,Kodagu,12.3375,75.8069,29.7,56.73,0.49,6.5712
20240330,Kodagu,12.3375,75.8069,29.76,55.15,0.44,7.0512
20240331,Kodagu,12.3375,75.8069,29.26,54.69,0.5,7.1662
20240401,Kodagu,12.3375,75.8069,29.23,61.55,0.62,6.5842
20240402,Kodagu,12.3375,75.8069,29.2,63.86,0.67,6.5688
20240403,Kodagu,12.3375,75.8069,29.45,61.57,0.66,6.551
20240404,Kodagu,12.3375,75.8069,29.89,56.69,0.55,7.1407
20240405,Kodagu,12.3375,75.8069,29.63,57.93,0.51,6.6972
20240406,Kodagu,12.3375,75.8069,30.4,54.64,0.58,6.8023
20240407,Kodagu,12.3375,75.8069,29.93,58.92,0.59,6.5441
20240408,Kodagu,12.3375,75.8069,30.25,55.3,0.53,7.1414
20240409,Kodagu,12.3375,75.8069,30.28,53.16,0.6,7.0015
20240410,Kodagu,12.3375,75.8069,30.39,49.6,0.57,7.127
20240411,Kodagu,12.3375,75.8069,30.2,54.26,0.53,7.044
20240412,Kodagu,12.3375,75.8069,29.92,56.45,0.6,6.1474
20240413,Kodagu,12.3375,75.8069,29.73,55.02,0.57,6.3826
20240414,Kodagu,12.3375,75.8069,29.71,59.54,0.49,6.7421
20240415,Kodagu,12.3375,75.8069,30.69,51.61,0.4,6.9566
20240416,Kodagu,12.3375,75.8069,29.96,57.28,0.51,6.9058
20240417,Kodagu,12.3375,75.8069,29.55,62.15,0.64,5.5721
20240418,Kodagu,12.3375,75.8069,28.82,67.0,0.74,6.2515
20240419,Kodagu,12.3375,75.8069,28.31,72.24,0.67,5.5164
20240420,Kodagu,12.3375,75.8069,27.45,75.67,0.42,3.1982
20240421,Kodagu,12.3375,75.8069,28.54,67.3,0.46,6.4838
20240422,Kodagu,12.3375,75.8069,28.13,71.63,0.55,5.9662
20240423,Kodagu,12.3375,75.8069,28.47,68.06,0.59,6.8863
20240424,Kodagu,12.3375,75.8069,28.57,64.91,0.48,7.0814
20240425,Kodagu,12.3375,75.8069,29.46,59.22,0.45,6.9002
20240426,Kodagu,12.3375,75.8069,29.55,61.17,0.51,7.0627
20240427,Kodagu,12.3375,75.8069,29.99,57.68,0.46,7.3442
20240428,Kodagu,12.3375,75.8069,30.41,56.32,0.48,7.0558
20240429,Kodagu,12.3375,75.8069,30.72,56.71,0.48,7.1018
20240430,Kodagu,12.3375,75.8069,29.61,63.85,0.71,6.175
20240501,Kodagu,12.3375,75.8069,29.2,67.23,0.75,5.545
20240502,Kodagu,12.3375,75.8069,29.58,64.21,0.49,6.3482
20240503,Kodagu,12.3375,75.8069,28.89,64.25,0.77,5.2063
20240504,Kodagu,12.3375,75.8069,27.95,64.89,0.75,6.7682
20240505,Kodagu,12.3375,75.8069,28.72,62.62,0.77,7.1501
20240506,Kodagu,12.3375,75.8069,29.12,62.6,0.78,6.2138
20240507,Kodagu,12.3375,75.8069,28.61,71.02,0.61,5.1434
20240508,Kodagu,12.3375,75.8069,27.37,77.62,0.4,5.6878
20240509,Kodagu,12.3375,75.8069,27.92,72.12,0.59,5.4962
20240510,Kodagu,12.3375,75.8069,26.99,73.5,0.33,6.0005
20240511,Kodagu,12.3375,75.8069,27.06,77.84,0.39,5.6302
20240512,Kodagu,12.3375,75.8069,27.09,79.48,0.39,5.2385
20240513,Kodagu,12.3375,75.8069,26.29,85.42,0.33,3.7421
20240514,Kodagu,12.3375,75.8069,26.26,81.54,0.31,5.6275
20240515,Kodagu,12.3375,75.8069,27.31,75.27,0.36,6.0854
20240516,Kodagu,12.3375,75.8069,26.72,80.87,0.37,5.2037
20240517,Kodagu,12.3375,75.8069,26.42,84.24,0.39,4.9572
20240518,Kodagu,12.3375,75.8069,25.87,85.68,0.47,4.3306
20240519,Kodagu,12.3375,75.8069,25.15,91.19,0.71,4.4827
20240520,Kodagu,12.3375,75.8069,24.5,94.02,0.43,2.9899
20240521,Kodagu,12.3375,75.8069,24.98,87.74,0.45,5.4473
20240522,Kodagu,12.3375,75.8069,26.28,84.58,0.5,4.92
20240523,Kodagu,12.3375,75.8069,25.69,92.55,0.71,3.4538
20240524,Kodagu,12.3375,75.8069,24.88,93.37,0.81,3.2052
20240525,Kodagu,12.3375,75.8069,23.8,87.24,0.64,2.5344
20240526,Kodagu,12.3375,75.8069,24.2,88.74,0.78,2.6258
20240527,Kodagu,12.3375,75.8069,24.44,87.92,0.8,4.7666
20240528,Kodagu,12.3375,75.8069,24.74,90.81,0.83,2.9506
20240529,Kodagu,12.3375,75.8069,24.6,90.64,0.79,3.4913
20240530,Kodagu,12.3375,75.8069,25.56,91.26,1.05,4.5506
20240531,Kodagu,12.3375,75.8069,25.61,90.88,0.81,5.5757
20240601,Kodagu,12.3375,75.8069,25.32,93.4,0.66,3.7363
20240602,Kodagu,12.3375,75.8069,25.52,87.11,0.5,5.3172
20240603,Kodagu,12.3375,75.8069,25.1,89.26,0.63,3.2371
20240604,Kodagu,12.3375,75.8069,25.25,87.86,0.58,5.4662
20240605,Kodagu,12.3375,75.8069,25.17,90.33,0.6,4.2965
20240606,Kodagu,12.3375,75.8069,23.96,90.33,0.67,4.3687
20240607,Kodagu,12.3375,75.8069,23.96,89.48,0.59,3.8522
20240608,Kodagu,12.3375,75.8069,24.23,88.22,0.89,3.4939
20240609,Kodagu,12.3375,75.8069,23.98,87.91,1.06,3.3154
20240610,Kodagu,12.3375,75.8069,23.81,88.69,0.88,3.2897
20240611,Kodagu,12.3375,75.8069,23.56,88.08,0.75,3.4342
20240612,Kodagu,12.3375,75.8069,23.14,85.39,0.78,2.8217
20240613,Kodagu,12.3375,75.8069,23.71,85.55,0.6,3.1037
20240614,Kodagu,12.3375,75.8069,24.43,86.49,0.56,5.3251
20240615,Kodagu,12.3375,75.8069,24.37,89.09,0.68,5.1682
20240616,Kodagu,12.3375,75.8069,24.57,87.48,0.63,4.422
20240617,Kodagu,12.3375,75.8069,23.78,86.1,0.57,4.517
20240618,Kodagu,12.3375,75.8069,24.05,85.91,0.54,4.3783
20240619,Kodagu,12.3375,75.8069,23.99,88.5,0.7,4.6068
20240620,Kodagu,12.3375,75.8069,24.28,88.66,0.85,3.4872
20240621,Kodagu,12.3375,75.8069,23.67,88.26,0.89,3.1778
20240622,Kodagu,12.3375,75.8069,22.8,89.58,0.91,3.773
20240623,Kodagu,12.3375,75.8069,22.43,91.1,1.07,3.4824
20240624,Kodagu,12.3375,75.8069,22.7,90.74,1.18,3.9691
20240625,Kodagu,12.3375,75.8069,22.88,88.56,1.31,3.5076
20240626,Kodagu,12.3375,75.8069,22.92,90.09,1.17,2.0364
20240627,Kodagu,12.3375,75.8069,22.19,91.04,0.95,1.8629
20240628,Kodagu,12.3375,75.8069,22.99,89.17,0.84,4.3032
20240629,Kodagu,12.3375,75.8069,23.59,90.56,0.87,4.0603
20240630,Kodagu,12.3375,75.8069,23.08,91.94,0.62,2.3705
20240701,Kodagu,12.3375,75.8069,22.68,92.52,0.71,1.7477
20240702,Kodagu,12.3375,75.8069,23.41,89.03,0.58,3.4054
20240703,Kodagu,12.3375,75.8069,24.3,92.05,0.77,3.222
20240704,Kodagu,12.3375,75.8069,23.33,90.85,0.89,3.4975
20240705,Kodagu,12.3375,75.8069,22.84,90.96,0.8,3.3941
20240706,Kodagu,12.3375,75.8069,23.3,94.18,1.13,2.1826
20240707,Kodagu,12.3375,75.8069,22.89,91.43,0.97,2.9736
20240708,Kodagu,12.3375,75.8069,22.91,91.49,0.97,1.9018
20240709,Kodagu,12.3375,75.8069,22.87,93.03,0.94,3.1282
20240710,Kodagu,12.3375,75.8069,22.71,91.73,0.76,4.2398
20240711,Kodagu,12.3375,75.8069,22.53,89.19,0.71,4.6068
20240712,Kodagu,12.3375,75.8069,22.57,92.0,0.73,2.7396
20240713,Kodagu,12.3375,75.8069,22.23,93.49,0.92,2.6532
20240714,Kodagu,12.3375,75.8069,23.03,93.37,1.26,1.8521
20240715,Kodagu,12.3375,75.8069,23.53,95.35,1.91,1.481
20240716,Kodagu,12.3375,75.8069,23.0,95.68,1.52,1.5564
20240717,Kodagu,12.3375,75.8069,23.01,94.88,1.45,1.7556
20240718,Kodagu,12.3375,75.8069,22.65,95.82,1.49,1.2221
20240719,Kodagu,12.3375,75.8069,23.12,96.45,1.26,1.6018
20240720,Kodagu,12.3375,75.8069,23.1,94.77,1.16,3.3365
20240721,Kodagu,12.3375,75.8069,23.05,94.47,1.17,2.743
20240722,Kodagu,12.3375,75.8069,22.9,92.05,1.07,3.251
20240723,Kodagu,12.3375,75.8069,22.6,92.69,1.06,2.712
20240724,Kodagu,12.3375,75.8069,22.62,93.82,1.18,3.2328
20240725,Kodagu,12.3375,75.8069,22.6,94.16,1.36,2.5018
20240726,Kodagu,12.3375,75.8069,23.06,93.4,1.4,2.245
20240727,Kodagu,12.3375,75.8069,23.12,92.94,1.18,4.2026
20240728,Kodagu,12.3375,75.8069,23.28,92.97,1.13,2.9911
20240729,Kodagu,12.3375,75.8069,23.79,93.91,1.2,2.9515
20240730,Kodagu,12.3375,75.8069,23.2,95.49,0.93,1.0056
20240731,Kodagu,12.3375,75.8069,23.21,94.92,0.96,2.297
20240801,Kodagu,12.3375,75.8069,23.22,94.92,0.86,1.795
20240802,Kodagu,12.3375,75.8069,22.79,92.87,0.91,1.872
20240803,Kodagu,12.3375,75.8069,22.2,93.65,0.75,2.7984
20240804,Kodagu,12.3375,75.8069,22.36,94.21,0.72,3.5746
20240805,Kodagu,12.3375,75.8069,23.05,92.01,0.63,4.302
20240806,Kodagu,12.3375,75.8069,22.88,92.23,0.73,2.639
20240807,Kodagu,12.3375,75.8069,22.54,93.57,0.8,3.3444
20240808,Kodagu,12.3375,75.8069,22.85,92.72,0.81,2.9326
20240809,Kodagu,12.3375,75.8069,23.49,92.21,0.77,4.1038
20240810,Kodagu,12.3375,75.8069,23.46,92.18,0.75,4.1621
20240811,Kodagu,12.3375,75.8069,23.69,93.81,0.68,4.4378
20240812,Kodagu,12.3375,75.8069,23.95,93.58,0.69,5.4924
20240813,Kodagu,12.3375,75.8069,25.48,87.11,0.61,5.2224
20240814,Kodagu,12.3375,75.8069,25.32,89.75,0.46,5.3198
20240815,Kodagu,12.3375,75.8069,25.54,89.26,0.62,4.0886
20240816,Kodagu,12.3375,75.8069,25.07,90.67,0.68,3.809
20240817,Kodagu,12.3375,75.8069,23.56,95.87,0.9,3.7344
20240818,Kodagu,12.3375,75.8069,24.45,90.11,0.49,4.8146
20240819,Kodagu,12.3375,75.8069,24.13,93.71,0.43,4.2703
20240820,Kodagu,12.3375,75.8069,23.62,92.31,0.64,4.8629
20240821,Kodagu,12.3375,75.8069,23.63,92.47,0.83,4.7213
20240822,Kodagu,12.3375,75.8069,23.55,93.67,0.95,4.4042
20240823,Kodagu,12.3375,75.8069,23.63,91.86,0.83,4.4136
20240824,Kodagu,12.3375,75.8069,22.86,93.01,0.84,4.1899
20240825,Kodagu,12.3375,75.8069,22.79,94.84,0.99,3.4709
20240826,Kodagu,12.3375,75.8069,23.44,92.19,1.08,3.8004
20240827,Kodagu,12.3375,75.8069,23.38,92.44,0.89,4.1419
20240828,Kodagu,12.3375,75.8069,22.9,93.2,0.84,3.3067
20240829,Kodagu,12.3375,75.8069,23.53,92.97,0.96,2.1684
20240830,Kodagu,12.3375,75.8069,23.39,96.11,0.73,3.5011
20240831,Kodagu,12.3375,75.8069,23.29,93.78,0.88,2.873
20240901,Kodagu,12.3375,75.8069,22.8,94.6,1.02,3.8206
20240902,Kodagu,12.3375,75.8069,23.21,91.51,0.83,3.7308
20240903,Kodagu,12.3375,75.8069,23.57,92.01,0.89,4.8422
20240904,Kodagu,12.3375,75.8069,23.29,92.55,0.91,4.7412
20240905,Kodagu,12.3375,75.8069,23.59,92.59,1.0,4.0985
20240906,Kodagu,12.3375,75.8069,23.32,92.79,0.87,4.2065
20240907,Kodagu,12.3375,75.8069,23.08,94.5,0.73,3.5918
20240908,Kodagu,12.3375,75.8069,23.5,91.61,0.8,3.7099
20240909,Kodagu,12.3375,75.8069,23.46,93.61,0.83,3.3271
20240910,Kodagu,12.3375,75.8069,23.76,92.35,0.99,4.0594
20240911,Kodagu,12.3375,75.8069,23.51,91.86,0.83,4.3853
20240912,Kodagu,12.3375,75.8069,23.2,91.38,0.7,4.752
20240913,Kodagu,12.3375,75.8069,23.35,90.26,0.68,5.3443
20240914,Kodagu,12.3375,75.8069,23.39,90.01,0.6,4.5756
20240915,Kodagu,12.3375,75.8069,23.48,89.72,0.67,5.003
20240916,Kodagu,12.3375,75.8069,23.29,90.02,0.72,4.8778
20240917,Kodagu,12.3375,75.8069,23.62,89.1,0.82,5.5608
20240918,Kodagu,12.3375,75.8069,22.91,87.46,0.63,6.4246
20240919,Kodagu,12.3375,75.8069,23.4,87.38,0.57,4.5425
20240920,Kodagu,12.3375,75.8069,23.57,88.24,0.59,5.7818
20240921,Kodagu,12.3375,75.8069,23.32,90.52,0.66,5.2682
20240922,Kodagu,12.3375,75.8069,23.11,90.21,0.69,4.7023
20240923,Kodagu,12.3375,75.8069,22.77,91.62,0.74,3.5306
20240924,Kodagu,12.3375,75.8069,23.28,92.41,0.84,2.3546
20240925,Kodagu,12.3375,75.8069,22.95,91.21,0.85,3.7099
20240926,Kodagu,12.3375,75.8069,23.06,91.07,0.71,3.8964
20240927,Kodagu,12.3375,75.8069,23.36,91.3,0.52,3.9259
20240928,Kodagu,12.3375,75.8069,24.31,87.56,0.51,5.767
20240929,Kodagu,12.3375,75.8069,24.52,91.11,0.43,4.6404
20240930,Kodagu,12.3375,75.8069,24.95,88.17,0.32,5.3306
20241001,Kodagu,12.3375,75.8069,25.39,87.54,0.42,5.3926
20241002,Kodagu,12.3375,75.8069,25.06,89.31,0.47,5.4382
20241003,Kodagu,12.3375,75.8069,24.51,90.67,0.4,4.0637
20241004,Kodagu,12.3375,75.8069,24.13,92.06,0.46,4.4974
20241005,Kodagu,12.3375,75.8069,23.92,88.04,0.41,3.8602
20241006,Kodagu,12.3375,75.8069,23.48,90.22,0.41,4.0334
20241007,Kodagu,12.3375,75.8069,23.53,87.16,0.51,4.7825
20241008,Kodagu,12.3375,75.8069,23.35,92.48,0.44,4.8372
20241009,Kodagu,12.3375,75.8069,23.58,93.42,0.81,4.939
20241010,Kodagu,12.3375,75.8069,23.51,91.45,0.76,3.3646
20241011,Kodagu,12.3375,75.8069,23.57,94.63,0.74,4.5346
20241012,Kodagu,12.3375,75.8069,23.7,93.03,0.36,2.1785
20241013,Kodagu,12.3375,75.8069,24.07,91.19,0.4,3.7073
20241014,Kodagu,12.3375,75.8069,23.82,91.06,0.26,4.1129
20241015,Kodagu,12.3375,75.8069,23.03,92.63,0.5,2.5495
20241016,Kodagu,12.3375,75.8069,22.25,94.76,0.48,3.1838
20241017,Kodagu,12.3375,75.8069,22.67,92.07,0.47,3.9211
20241018,Kodagu,12.3375,75.8069,22.58,94.46,0.44,4.2679
20241019,Kodagu,12.3375,75.8069,23.82,90.68,0.4,3.6744
20241020,Kodagu,12.3375,75.8069,23.66,88.32,0.37,4.0265
20241021,Kodagu,12.3375,75.8069,23.86,90.33,0.45,4.2708
20241022,Kodagu,12.3375,75.8069,24.22,89.58,0.41,4.8732
20241023,Kodagu,12.3375,75.8069,24.47,89.39,0.4,4.6776
20241024,Kodagu,12.3375,75.8069,23.73,91.84,0.41,4.3452
20241025,Kodagu,12.3375,75.8069,23.31,89.26,0.35,4.807
20241026,Kodagu,12.3375,75.8069,23.75,88.03,0.48,5.513
20241027,Kodagu,12.3375,75.8069,23.58,87.32,0.42,4.9586
20241028,Kodagu,12.3375,75.8069,23.39,90.25,0.54,4.8271
20241029,Kodagu,12.3375,75.8069,23.52,89.71,0.49,5.3424
20241030,Kodagu,12.3375,75.8069,24.17,88.97,0.47,5.2224
20241031,Kodagu,12.3375,75.8069,24.28,91.97,0.33,5.2891
20241101,Kodagu,12.3375,75.8069,24.05,92.95,0.45,4.3308
20241102,Kodagu,12.3375,75.8069,24.23,91.09,0.41,4.7465
20241103,Kodagu,12.3375,75.8069,24.11,88.98,0.48,5.0693
20241104,Kodagu,12.3375,75.8069,23.74,91.25,0.27,4.379
20241105,Kodagu,12.3375,75.8069,23.69,86.93,0.37,5.1341
20241106,Kodagu,12.3375,75.8069,23.32,83.34,0.38,5.3801
20241107,Kodagu,12.3375,75.8069,23.89,84.86,0.31,4.4998
20241108,Kodagu,12.3375,75.8069,23.78,87.1,0.43,4.841
20241109,Kodagu,12.3375,75.8069,23.42,83.78,0.51,5.2805
20241110,Kodagu,12.3375,75.8069,23.34,82.68,0.45,5.7358
20241111,Kodagu,12.3375,75.8069,22.85,80.62,0.48,5.1346
20241112,Kodagu,12.3375,75.8069,22.99,81.34,0.39,3.9914
20241113,Kodagu,12.3375,75.8069,24.11,85.97,0.5,4.2737
20241114,Kodagu,12.3375,75.8069,24.33,87.34,0.51,4.2122
20241115,Kodagu,12.3375,75.8069,24.07,88.69,0.42,4.1647
20241116,Kodagu,12.3375,75.8069,24.0,86.77,0.52,4.7911
20241117,Kodagu,12.3375,75.8069,24.24,85.6,0.5,4.1866
20241118,Kodagu,12.3375,75.8069,23.92,82.79,0.55,4.7424
20241119,Kodagu,12.3375,75.8069,24.15,83.05,0.44,4.8458
20241120,Kodagu,12.3375,75.8069,23.6,83.71,0.37,4.7268
20241121,Kodagu,12.3375,75.8069,23.1,83.05,0.46,4.5734
20241122,Kodagu,12.3375,75.8069,23.22,83.0,0.43,5.4792
20241123,Kodagu,12.3375,75.8069,22.92,83.81,0.29,4.7335
20241124,Kodagu,12.3375,75.8069,22.86,79.83,0.4,5.2925
20241125,Kodagu,12.3375,75.8069,22.36,80.45,0.48,4.5708
20241126,Kodagu,12.3375,75.8069,22.13,85.52,0.42,4.3447
20241127,Kodagu,12.3375,75.8069,23.69,83.82,0.42,3.8921
20241128,Kodagu,12.3375,75.8069,22.62,82.2,0.54,4.7054
20241129,Kodagu,12.3375,75.8069,22.33,82.81,0.6,5.0374
20241130,Kodagu,12.3375,75.8069,23.37,88.36,0.49,3.0449
20241201,Kodagu,12.3375,75.8069,23.42,92.38,0.54,2.9059
20241202,Kodagu,12.3375,75.8069,22.87,97.46,0.58,1.1028
20241203,Kodagu,12.3375,75.8069,22.76,97.78,0.77,1.7227
20241204,Kodagu,12.3375,75.8069,23.37,87.73,0.53,2.946
20241205,Kodagu,12.3375,75.8069,23.55,89.64,0.35,4.6474
20241206,Kodagu,12.3375,75.8069,23.75,85.18,0.34,5.2997
20241207,Kodagu,12.3375,75.8069,23.64,86.35,0.28,4.871
20241208,Kodagu,12.3375,75.8069,23.61,89.64,0.37,4.333
20241209,Kodagu,12.3375,75.8069,23.84,88.94,0.4,4.2559
20241210,Kodagu,12.3375,75.8069,23.76,85.69,0.25,4.1273
20241211,Kodagu,12.3375,75.8069,23.69,83.2,0.43,4.7794
20241212,Kodagu,12.3375,75.8069,22.86,88.08,0.64,2.8073
20241213,Kodagu,12.3375,75.8069,22.53,90.43,0.61,2.9134
20241214,Kodagu,12.3375,75.8069,23.37,82.52,0.58,4.0018
20241215,Kodagu,12.3375,75.8069,21.35,79.02,0.61,5.5397
20241216,Kodagu,12.3375,75.8069,20.32,77.27,0.57,5.5495
20241217,Kodagu,12.3375,75.8069,21.02,76.48,0.51,5.6863
20241218,Kodagu,12.3375,75.8069,21.31,83.28,0.51,5.5579
20241219,Kodagu,12.3375,75.8069,23.08,88.49,0.45,4.8098
20241220,Kodagu,12.3375,75.8069,23.99,88.62,0.49,4.715
20241221,Kodagu,12.3375,75.8069,23.42,89.36,0.55,4.29
20241222,Kodagu,12.3375,75.8069,22.87,87.74,0.49,4.7455
20241223,Kodagu,12.3375,75.8069,22.25,87.72,0.49,4.8564
20241224,Kodagu,12.3375,75.8069,22.57,87.82,0.43,4.8175
20241225,Kodagu,12.3375,75.8069,22.55,85.9,0.39,4.6896
20241226,Kodagu,12.3375,75.8069,23.02,84.89,0.36,4.105
20241227,Kodagu,12.3375,75.8069,23.56,84.57,0.58,4.6639
20241228,Kodagu,12.3375,75.8069,22.99,74.77,0.54,5.6563
20241229,Kodagu,12.3375,75.8069,22.58,75.38,0.46,5.7331
20241230,Kodagu,12.3375,75.8069,23.01,75.02,0.55,5.0633
20241231,Kodagu,12.3375,75.8069,23.36,72.23,0.62,5.6774
20250101,Kodagu,12.3375,75.8069,21.72,71.38,0.7,5.7823
20250102,Kodagu,12.3375,75.8069,21.59,71.46,0.61,5.5114
20250103,Kodagu,12.3375,75.8069,21.31,73.23,0.63,5.7086
20250104,Kodagu,12.3375,75.8069,20.92,66.54,0.53,5.862
20250105,Kodagu,12.3375,75.8069,21.09,67.98,0.47,5.8186
20250106,Kodagu,12.3375,75.8069,21.74,70.48,0.52,5.8174
20250107,Kodagu,12.3375,75.8069,21.9,70.34,0.48,5.7331
20250108,Kodagu,12.3375,75.8069,21.59,71.31,0.38,5.4343
20250109,Kodagu,12.3375,75.8069,21.59,66.75,0.5,5.2882
20250110,Kodagu,12.3375,75.8069,22.75,71.94,0.46,5.0758
20250111,Kodagu,12.3375,75.8069,23.88,73.72,0.45,4.8821
20250112,Kodagu,12.3375,75.8069,24.43,71.52,0.37,4.9212
20250113,Kodagu,12.3375,75.8069,24.66,75.55,0.36,5.4002
20250114,Kodagu,12.3375,75.8069,24.31,78.87,0.38,4.404
20250115,Kodagu,12.3375,75.8069,22.8,66.91,0.59,4.4623
20250116,Kodagu,12.3375,75.8069,23.24,64.79,0.51,5.831
20250117,Kodagu,12.3375,75.8069,23.57,66.01,0.54,5.7034
20250118,Kodagu,12.3375,75.8069,23.25,66.32,0.58,5.1444
20250119,Kodagu,12.3375,75.8069,23.09,81.48,0.57,3.5112
20250120,Kodagu,12.3375,75.8069,23.83,70.82,0.42,5.8034
20250121,Kodagu,12.3375,75.8069,22.95,61.03,0.46,5.9174
20250122,Kodagu,12.3375,75.8069,23.49,62.01,0.49,6.0154
20250123,Kodagu,12.3375,75.8069,24.22,65.47,0.42,5.5385
20250124,Kodagu,12.3375,75.8069,23.22,59.58,0.45,6.1034
20250125,Kodagu,12.3375,75.8069,23.17,56.63,0.5,6.2666
20250126,Kodagu,12.3375,75.8069,22.44,51.58,0.64,6.3324
20250127,Kodagu,12.3375,75.8069,22.59,57.2,0.49,6.3377
20250128,Kodagu,12.3375,75.8069,22.6,64.37,0.5,5.4422
20250129,Kodagu,12.3375,75.8069,23.72,61.59,0.49,6.0866
20250130,Kodagu,12.3375,75.8069,24.56,64.28,0.53,5.58
20250131,Kodagu,12.3375,75.8069,25.28,65.73,0.49,5.8394
20250201,Kodagu,12.3375,75.8069,25.72,67.43,0.39,5.7451
20250202,Kodagu,12.3375,75.8069,25.28,65.02,0.49,5.741
20250203,Kodagu,12.3375,75.8069,24.84,65.42,0.49,6.0307
20250204,Kodagu,12.3375,75.8069,25.3,62.36,0.56,6.245
20250205,Kodagu,12.3375,75.8069,24.78,55.4,0.47,6.252
20250206,Kodagu,12.3375,75.8069,24.52,55.09,0.49,6.3156
20250207,Kodagu,12.3375,75.8069,24.53,53.31,0.46,6.5054
20250208,Kodagu,12.3375,75.8069,24.42,52.97,0.46,6.3514
20250209,Kodagu,12.3375,75.8069,24.99,57.42,0.54,5.9018
20250210,Kodagu,12.3375,75.8069,24.77,54.95,0.44,6.0967
20250211,Kodagu,12.3375,75.8069,24.48,55.31,0.55,6.3418
20250212,Kodagu,12.3375,75.8069,24.97,47.63,0.55,6.7848
20250213,Kodagu,12.3375,75.8069,25.2,47.94,0.5,6.6266
20250214,Kodagu,12.3375,75.8069,25.05,51.38,0.53,6.3223
20250215,Kodagu,12.3375,75.8069,25.53,54.36,0.32,6.2813
20250216,Kodagu,12.3375,75.8069,25.58,50.21,0.51,6.3432
20250217,Kodagu,12.3375,75.8069,25.69,53.37,0.56,6.4536
20250218,Kodagu,12.3375,75.8069,26.0,58.15,0.52,6.24
20250219,Kodagu,12.3375,75.8069,26.3,56.57,0.53,6.2278
20250220,Kodagu,12.3375,75.8069,27.11,62.25,0.44,5.9726
20250221,Kodagu,12.3375,75.8069,27.06,56.99,0.5,6.1282
20250222,Kodagu,12.3375,75.8069,27.12,50.13,0.45,5.9302
20250223,Kodagu,12.3375,75.8069,27.03,42.99,0.39,5.6885
20250224,Kodagu,12.3375,75.8069,26.8,41.64,0.63,6.8086
20250225,Kodagu,12.3375,75.8069,26.09,41.39,0.51,6.8839
20250226,Kodagu,12.3375,75.8069,27.21,46.1,0.63,6.744
20250227,Kodagu,12.3375,75.8069,26.84,40.48,0.58,6.9115
20250228,Kodagu,12.3375,75.8069,26.73,40.27,0.48,6.5446
20250301,Kodagu,12.3375,75.8069,27.58,50.24,0.56,5.9945
20250302,Kodagu,12.3375,75.8069,28.15,57.41,0.51,6.4387
20250303,Kodagu,12.3375,75.8069,28.18,59.87,0.42,4.9733
20250304,Kodagu,12.3375,75.8069,27.96,46.43,0.43,5.6294
20250305,Kodagu,12.3375,75.8069,27.38,49.29,0.54,5.9239
20250306,Kodagu,12.3375,75.8069,27.72,55.82,0.52,6.4637
20250307,Kodagu,12.3375,75.8069,27.0,49.25,0.57,6.7219
20250308,Kodagu,12.3375,75.8069,27.6,55.96,0.55,6.7639
20250309,Kodagu,12.3375,75.8069,27.63,47.06,0.53,6.7718
20250310,Kodagu,12.3375,75.8069,27.86,42.51,0.42,6.9746
20250311,Kodagu,12.3375,75.8069,28.19,42.77,0.62,7.0476
20250312,Kodagu,12.3375,75.8069,27.43,66.77,0.55,6.0926
20250313,Kodagu,12.3375,75.8069,27.17,69.35,0.45,6.3514
20250314,Kodagu,12.3375,75.8069,27.22,68.03,0.37,6.7313
20250315,Kodagu,12.3375,75.8069,27.23,62.7,0.39,6.7099
20250316,Kodagu,12.3375,75.8069,26.58,70.12,0.4,6.4702
20250317,Kodagu,12.3375,75.8069,24.84,83.08,0.39,5.1506
20250318,Kodagu,12.3375,75.8069,26.42,74.16,0.5,6.5064
20250319,Kodagu,12.3375,75.8069,27.22,70.72,0.44,5.8243
20250320,Kodagu,12.3375,75.8069,27.91,67.12,0.61,6.1982
20250321,Kodagu,12.3375,75.8069,27.57,68.93,0.57,5.952
20250322,Kodagu,12.3375,75.8069,27.77,62.2,0.56,6.7399
20250323,Kodagu,12.3375,75.8069,26.74,67.42,0.47,6.1474
20250324,Kodagu,12.3375,75.8069,27.48,63.63,0.47,6.6084
20250325,Kodagu,12.3375,75.8069,27.43,65.77,0.54,6.1541
20250326,Kodagu,12.3375,75.8069,26.72,73.02,0.47,5.5142
20250327,Kodagu,12.3375,75.8069,26.85,69.59,0.6,5.6429
20250328,Kodagu,12.3375,75.8069,27.64,64.15,0.53,6.1872
20250329,Kodagu,12.3375,75.8069,28.08,61.92,0.37,5.9434
20250330,Kodagu,12.3375,75.8069,27.85,60.61,0.35,6.125
20250331,Kodagu,12.3375,75.8069,28.44,60.68,0.44,6.0922
20250401,Kodagu,12.3375,75.8069,26.91,65.22,0.44,5.7302
20250402,Kodagu,12.3375,75.8069,26.01,73.3,0.5,3.9175
20250403,Kodagu,12.3375,75.8069,25.83,76.39,0.38,4.9901
20250404,Kodagu,12.3375,75.8069,26.54,73.81,0.47,6.5309
20250405,Kodagu,12.3375,75.8069,26.48,75.07,0.33,4.9747
20250406,Kodagu,12.3375,75.8069,27.13,71.54,0.43,6.6708
20250407,Kodagu,12.3375,75.8069,28.48,61.63,0.4,6.9125
20250408,Kodagu,12.3375,75.8069,28.33,62.3,0.38,6.0538
20250409,Kodagu,12.3375,75.8069,27.92,64.18,0.43,6.0857
20250410,Kodagu,12.3375,75.8069,25.98,75.29,0.61,6.3151
20250411,Kodagu,12.3375,75.8069,26.16,73.92,0.62,4.8934
20250412,Kodagu,12.3375,75.8069,26.2,73.58,0.52,6.1709
20250413,Kodagu,12.3375,75.8069,27.46,67.63,0.5,6.6996
20250414,Kodagu,12.3375,75.8069,27.6,67.59,0.46,6.1812
20250415,Kodagu,12.3375,75.8069,27.87,67.13,0.44,6.7819
20250416,Kodagu,12.3375,75.8069,27.4,67.12,0.56,6.4255
20250417,Kodagu,12.3375,75.8069,27.37,68.42,0.57,6.2976
20250418,Kodagu,12.3375,75.8069,27.06,71.73,0.66,5.9318
20250419,Kodagu,12.3375,75.8069,27.05,72.5,0.59,6.5282
20250420,Kodagu,12.3375,75.8069,27.19,73.87,0.5,4.8761
20250421,Kodagu,12.3375,75.8069,28.77,66.22,0.45,6.7966
20250422,Kodagu,12.3375,75.8069,28.96,61.87,0.5,6.5832
20250423,Kodagu,12.3375,75.8069,28.15,67.06,0.66,6.6163
20250424,Kodagu,12.3375,75.8069,28.24,69.39,0.62,6.4603
20250425,Kodagu,12.3375,75.8069,27.64,74.06,0.58,5.7888
20250426,Kodagu,12.3375,75.8069,27.83,73.63,0.42,5.863
20250427,Kodagu,12.3375,75.8069,26.53,79.99,0.43,5.5987
20250428,Kodagu,12.3375,75.8069,26.11,81.29,0.32,5.8248
20250429,Kodagu,12.3375,75.8069,27.06,75.91,0.4,6.0566
20250430,Kodagu,12.3375,75.8069,26.16,83.36,0.47,5.9938
20250501,Kodagu,12.3375,75.8069,26.59,79.98,0.36,5.1941
20250502,Kodagu,12.3375,75.8069,27.02,76.14,0.51,5.693
20250503,Kodagu,12.3375,75.8069,25.5,82.71,0.4,5.9074
20250504,Kodagu,12.3375,75.8069,26.56,73.8,0.49,6.7188
20250505,Kodagu,12.3375,75.8069,26.92,73.05,0.5,6.4855
20250506,Kodagu,12.3375,75.8069,27.1,71.27,0.59,7.1666
20250507,Kodagu,12.3375,75.8069,26.77,72.06,0.73,6.6814
20250508,Kodagu,12.3375,75.8069,26.5,69.96,0.84,6.9024
20250509,Kodagu,12.3375,75.8069,26.45,66.2,0.67,7.3589
20250510,Kodagu,12.3375,75.8069,26.16,70.02,0.51,6.9586
20250511,Kodagu,12.3375,75.8069,26.25,77.97,0.61,6.8359
20250512,Kodagu,12.3375,75.8069,26.7,77.62,0.56,6.2352
20250513,Kodagu,12.3375,75.8069,25.98,84.17,0.58,5.6755
20250514,Kodagu,12.3375,75.8069,25.26,83.76,0.55,5.9074
20250515,Kodagu,12.3375,75.8069,24.96,86.99,0.47,5.2946
20250516,Kodagu,12.3375,75.8069,25.44,85.76,0.57,5.0354
20250517,Kodagu,12.3375,75.8069,25.15,82.79,0.63,4.4899
20250518,Kodagu,12.3375,75.8069,24.95,86.91,0.77,4.8737
20250519,Kodagu,12.3375,75.8069,24.53,91.18,0.77,4.1268
20250520,Kodagu,12.3375,75.8069,24.28,93.8,1.21,1.92
20250521,Kodagu,12.3375,75.8069,23.95,88.38,1.36,2.6873
20250522,Kodagu,12.3375,75.8069,24.4,86.88,0.94,4.938
20250523,Kodagu,12.3375,75.8069,25.08,88.03,1.11,2.9753
20250524,Kodagu,12.3375,75.8069,24.74,89.02,1.46,2.6962
20250525,Kodagu,12.3375,75.8069,24.5,89.82,1.41,1.7412
20250526,Kodagu,12.3375,75.8069,23.57,90.31,1.23,1.2077
20250527,Kodagu,12.3375,75.8069,24.19,89.94,1.04,2.7835
20250528,Kodagu,12.3375,75.8069,24.06,90.62,1.07,1.5742
20250529,Kodagu,12.3375,75.8069,23.55,89.98,1.05,2.7787
20250530,Kodagu,12.3375,75.8069,23.22,92.58,1.23,1.3843
20250531,Kodagu,12.3375,75.8069,23.64,91.91,0.88,4.0889
20250601,Kodagu,12.3375,75.8069,23.85,88.69,0.73,4.877
20250602,Kodagu,12.3375,75.8069,24.19,91.26,0.76,4.8854
20250603,Kodagu,12.3375,75.8069,24.5,88.91,0.65,4.4477
20250604,Kodagu,12.3375,75.8069,23.54,86.64,0.57,5.2356
20250605,Kodagu,12.3375,75.8069,23.67,84.86,0.59,6.1308
20250606,Kodagu,12.3375,75.8069,24.3,86.9,0.69,6.4051
20250607,Kodagu,12.3375,75.8069,24.23,87.5,0.69,5.9126
20250608,Kodagu,12.3375,75.8069,24.58,88.9,0.87,6.1699
20250609,Kodagu,12.3375,75.8069,24.24,88.65,0.92,4.9968
20250610,Kodagu,12.3375,75.8069,24.21,90.55,0.93,3.9564
20250611,Kodagu,12.3375,75.8069,24.28,92.65,0.98,2.7228
20250612,Kodagu,12.3375,75.8069,23.4,93.95,1.24,2.5618
20250613,Kodagu,12.3375,75.8069,23.8,95.48,1.2,2.6837
20250614,Kodagu,12.3375,75.8069,23.08,93.58,1.26,2.5637
20250615,Kodagu,12.3375,75.8069,22.68,94.01,1.52,1.1635
20250616,Kodagu,12.3375,75.8069,22.82,92.35,1.22,1.7906
20250617,Kodagu,12.3375,75.8069,23.96,93.0,0.99,1.2612
20250618,Kodagu,12.3375,75.8069,23.84,94.35,0.79,3.5165
20250619,Kodagu,12.3375,75.8069,24.0,93.44,0.9,4.1952
20250620,Kodagu,12.3375,75.8069,24.06,92.56,0.94,4.212
20250621,Kodagu,12.3375,75.8069,23.97,92.15,1.03,4.4225
20250622,Kodagu,12.3375,75.8069,23.96,91.64,1.04,2.7842
20250623,Kodagu,12.3375,75.8069,23.65,93.38,0.99,3.187
20250624,Kodagu,12.3375,75.8069,22.96,93.58,0.86,2.9674
20250625,Kodagu,12.3375,75.8069,23.47,94.05,0.95,1.9243
20250626,Kodagu,12.3375,75.8069,23.47,93.32,0.96,1.811
20250627,Kodagu,12.3375,75.8069,23.21,95.29,0.85,2.7168
20250628,Kodagu,12.3375,75.8069,23.78,92.4,0.96,3.6902
20250629,Kodagu,12.3375,75.8069,23.69,92.46,0.95,4.4436
20250630,Kodagu,12.3375,75.8069,23.43,93.41,0.86,2.9345
20250701,Kodagu,12.3375,75.8069,23.42,93.26,0.84,3.049
20250702,Kodagu,12.3375,75.8069,23.08,93.6,0.89,1.9908
20250703,Kodagu,12.3375,75.8069,22.78,91.48,0.87,2.7046
20250704,Kodagu,12.3375,75.8069,22.64,91.99,0.92,2.3866
20250705,Kodagu,12.3375,75.8069,23.26,93.43,0.98,2.3182
20250706,Kodagu,12.3375,75.8069,23.73,93.01,1.19,2.6076
20250707,Kodagu,12.3375,75.8069,23.42,93.04,1.12,3.5174
20250708,Kodagu,12.3375,75.8069,23.37,92.92,1.03,4.026
20250709,Kodagu,12.3375,75.8069,23.5,92.55,1.03,3.9194
20250710,Kodagu,12.3375,75.8069,23.52,92.65,1.01,3.2657
20250711,Kodagu,12.3375,75.8069,23.77,93.11,1.0,3.3058
20250712,Kodagu,12.3375,75.8069,23.68,93.12,0.94,3.9173
20250713,Kodagu,12.3375,75.8069,23.52,93.71,1.07,3.2352
20250714,Kodagu,12.3375,75.8069,23.07,93.16,1.03,2.6002
20250715,Kodagu,12.3375,75.8069,23.27,93.57,1.12,2.3119
20250716,Kodagu,12.3375,75.8069,23.28,95.22,1.23,2.611
20250717,Kodagu,12.3375,75.8069,23.11,94.34,1.25,3.0994
20250718,Kodagu,12.3375,75.8069,23.03,94.64,1.26,2.7722
20250719,Kodagu,12.3375,75.8069,23.06,95.3,1.44,2.4
20250720,Kodagu,12.3375,75.8069,22.68,95.13,1.31,2.6645
20250721,Kodagu,12.3375,75.8069,22.25,92.65,0.76,2.8306
20250722,Kodagu,12.3375,75.8069,22.67,92.19,0.71,2.4012
20250723,Kodagu,12.3375,75.8069,23.03,94.06,1.16,2.0863
20250724,Kodagu,12.3375,75.8069,22.33,94.86,1.17,2.0386
20250725,Kodagu,12.3375,75.8069,22.26,93.85,1.33,2.9268
20250726,Kodagu,12.3375,75.8069,22.28,94.46,1.42,2.2946
20250727,Kodagu,12.3375,75.8069,22.46,93.33,1.14,3.125
20250728,Kodagu,12.3375,75.8069,22.5,93.12,1.11,4.0409
20250729,Kodagu,12.3375,75.8069,22.78,92.24,1.21,3.5402
20250730,Kodagu,12.3375,75.8069,23.22,92.14,1.08,3.708
20250731,Kodagu,12.3375,75.8069,23.41,91.92,1.03,3.9101
20250801,Kodagu,12.3375,75.8069,23.27,91.91,0.96,3.6238
20250802,Kodagu,12.3375,75.8069,23.23,92.18,1.06,3.6866
20250803,Kodagu,12.3375,75.8069,23.19,93.31,0.97,5.135
20250804,Kodagu,12.3375,75.8069,23.02,95.27,0.9,4.5029
20250805,Kodagu,12.3375,75.8069,23.19,96.55,1.07,3.2446
20250806,Kodagu,12.3375,75.8069,22.79,94.41,1.38,4.404
20250807,Kodagu,12.3375,75.8069,22.95,94.19,0.91,3.3101
20250808,Kodagu,12.3375,75.8069,23.1,93.81,0.76,3.5695
20250809,Kodagu,12.3375,75.8069,23.3,91.74,0.71,3.606
20250810,Kodagu,12.3375,75.8069,22.45,91.68,0.63,3.3905
20250811,Kodagu,12.3375,75.8069,21.7,90.19,0.56,3.2314
20250812,Kodagu,12.3375,75.8069,21.63,89.27,0.64,3.5311
20250813,Kodagu,12.3375,75.8069,21.76,93.56,0.86,3.091
20250814,Kodagu,12.3375,75.8069,22.19,93.0,0.88,1.9812
20250815,Kodagu,12.3375,75.8069,21.99,93.85,1.04,2.6837
20250816,Kodagu,12.3375,75.8069,22.49,94.96,1.05,2.6729
20250817,Kodagu,12.3375,75.8069,22.46,94.15,1.28,1.7126
20250818,Kodagu,12.3375,75.8069,21.5,95.04,1.07,2.1706
20250819,Kodagu,12.3375,75.8069,22.17,92.86,1.04,2.8562
20250820,Kodagu,12.3375,75.8069,22.1,91.25,0.83,3.8856
20250821,Kodagu,12.3375,75.8069,22.77,92.06,0.71,4.2689
20250822,Kodagu,12.3375,75.8069,23.15,91.54,0.72,5.1994
20250823,Kodagu,12.3375,75.8069,22.92,91.32,0.68,4.1448
20250824,Kodagu,12.3375,75.8069,23.02,89.23,0.73,5.5022
20250825,Kodagu,12.3375,75.8069,22.48,90.91,0.68,4.6673
20250826,Kodagu,12.3375,75.8069,22.92,90.4,0.83,3.2544
20250827,Kodagu,12.3375,75.8069,22.84,92.93,0.97,2.143
20250828,Kodagu,12.3375,75.8069,22.64,93.78,0.97,1.7724
20250829,Kodagu,12.3375,75.8069,22.59,93.34,0.86,2.5493
20250830,Kodagu,12.3375,75.8069,23.2,92.67,0.99,3.6622
20250831,Kodagu,12.3375,75.8069,23.3,92.96,0.94,3.1217
20250901,Kodagu,12.3375,75.8069,23.03,92.19,0.99,3.4596
20250902,Kodagu,12.3375,75.8069,22.78,91.83,1.01,4.0428
20250903,Kodagu,12.3375,75.8069,22.97,92.7,1.03,2.2745
20250904,Kodagu,12.3375,75.8069,23.15,92.06,0.96,3.2818
20250905,Kodagu,12.3375,75.8069,23.04,92.5,0.72,4.2598
20250906,Kodagu,12.3375,75.8069,23.28,91.18,0.66,3.9144
20250907,Kodagu,12.3375,75.8069,23.08,90.78,0.73,3.6727
20250908,Kodagu,12.3375,75.8069,22.99,89.14,0.61,5.5356
20250909,Kodagu,12.3375,75.8069,23.84,87.33,0.58,6.0382
20250910,Kodagu,12.3375,75.8069,23.82,87.96,0.59,5.2546
20250911,Kodagu,12.3375,75.8069,23.25,90.06,0.65,4.5046
20250912,Kodagu,12.3375,75.8069,23.55,87.55,0.69,5.5332
20250913,Kodagu,12.3375,75.8069,23.19,89.54,0.71,5.5896
20250914,Kodagu,12.3375,75.8069,23.23,88.5,0.59,4.7705
20250915,Kodagu,12.3375,75.8069,22.95,92.47,0.68,4.0826
20250916,Kodagu,12.3375,75.8069,23.17,92.91,0.65,4.0068
20250917,Kodagu,12.3375,75.8069,22.98,95.07,0.77,4.0356
20250918,Kodagu,12.3375,75.8069,22.99,94.35,0.81,4.0018
20250919,Kodagu,12.3375,75.8069,22.85,91.35,0.54,4.4201
20250920,Kodagu,12.3375,75.8069,22.78,90.74,0.48,4.4561
20250921,Kodagu,12.3375,75.8069,23.35,90.73,0.69,4.8194
20250922,Kodagu,12.3375,75.8069,23.12,90.73,0.64,3.9305
20250923,Kodagu,12.3375,75.8069,22.92,90.51,0.6,3.3799
20250924,Kodagu,12.3375,75.8069,22.59,90.71,0.61,4.488
20250925,Kodagu,12.3375,75.8069,22.56,90.89,0.55,3.9972
20250926,Kodagu,12.3375,75.8069,22.97,91.21,0.75,4.9056
20250927,Kodagu,12.3375,75.8069,21.95,94.32,0.69,2.9383
20250928,Kodagu,12.3375,75.8069,22.74,91.29,0.84,3.6118
20250929,Kodagu,12.3375,75.8069,22.97,90.35,0.9,4.2869
20250930,Kodagu,12.3375,75.8069,22.92,90.77,0.74,4.5295
20251001,Kodagu,12.3375,75.8069,22.9,91.57,0.68,3.5863
20251002,Kodagu,12.3375,75.8069,23.39,91.4,0.65,3.713
20251003,Kodagu,12.3375,75.8069,23.6,90.26,0.41,5.2459
20251004,Kodagu,12.3375,75.8069,23.4,89.36,0.48,4.9572
20251005,Kodagu,12.3375,75.8069,23.63,88.93,0.51,5.9532
20251006,Kodagu,12.3375,75.8069,23.22,87.09,0.59,6.0725
20251007,Kodagu,12.3375,75.8069,23.39,86.25,0.56,6.3096
20251008,Kodagu,12.3375,75.8069,24.18,88.04,0.41,5.2466
20251009,Kodagu,12.3375,75.8069,23.87,93.32,0.37,5.226
20251010,Kodagu,12.3375,75.8069,23.93,94.49,0.45,4.8293
20251011,Kodagu,12.3375,75.8069,23.42,92.1,0.72,3.7207
20251012,Kodagu,12.3375,75.8069,23.94,89.1,0.52,5.8798
20251013,Kodagu,12.3375,75.8069,22.77,92.51,0.55,5.2711
20251014,Kodagu,12.3375,75.8069,24.56,87.87,0.46,4.6603
20251015,Kodagu,12.3375,75.8069,24.63,87.63,0.5,4.1832
20251016,Kodagu,12.3375,75.8069,24.61,88.48,0.44,4.3874
20251017,Kodagu,12.3375,75.8069,24.91,87.0,0.53,4.7537
20251018,Kodagu,12.3375,75.8069,24.5,90.52,0.39,4.7534
20251019,Kodagu,12.3375,75.8069,24.47,88.64,0.47,4.7414
20251020,Kodagu,12.3375,75.8069,23.66,91.45,0.42,4.1909
20251021,Kodagu,12.3375,75.8069,23.67,90.99,0.52,4.2463
20251022,Kodagu,12.3375,75.8069,22.99,93.69,0.47,3.0497
20251023,Kodagu,12.3375,75.8069,22.79,92.76,0.66,3.6953
20251024,Kodagu,12.3375,75.8069,22.97,91.04,0.72,3.137
20251025,Kodagu,12.3375,75.8069,23.36,90.75,0.6,4.2804
20251026,Kodagu,12.3375,75.8069,23.87,91.83,0.64,4.08
20251027,Kodagu,12.3375,75.8069,22.97,96.55,0.68,2.442
20251028,Kodagu,12.3375,75.8069,22.8,92.86,0.66,3.7063
20251029,Kodagu,12.3375,75.8069,22.79,90.99,0.74,4.5528
20251030,Kodagu,12.3375,75.8069,23.09,89.9,0.66,5.003
20251031,Kodagu,12.3375,75.8069,22.96,89.03,0.66,5.2394
20251101,Kodagu,12.3375,75.8069,22.48,87.0,0.53,6.2597
20251102,Kodagu,12.3375,75.8069,22.68,89.47,0.55,5.2709
20251103,Kodagu,12.3375,75.8069,23.51,89.48,0.57,5.2985
20251104,Kodagu,12.3375,75.8069,23.06,89.18,0.64,3.8916
20251105,Kodagu,12.3375,75.8069,23.03,89.34,0.69,6.012
20251106,Kodagu,12.3375,75.8069,21.18,85.73,0.52,6.3192
20251107,Kodagu,12.3375,75.8069,21.22,89.75,0.54,5.6722
20251108,Kodagu,12.3375,75.8069,22.84,87.53,0.44,4.0613
20251109,Kodagu,12.3375,75.8069,20.87,78.99,0.61,6.0367
20251110,Kodagu,12.3375,75.8069,20.75,82.01,0.52,5.4466
20251111,Kodagu,12.3375,75.8069,22.11,87.06,0.48,5.2166
20251112,Kodagu,12.3375,75.8069,23.36,86.45,0.37,4.3027
20251113,Kodagu,12.3375,75.8069,23.69,86.5,0.47,4.4779
20251114,Kodagu,12.3375,75.8069,22.9,86.69,0.52,3.6617
20251115,Kodagu,12.3375,75.8069,21.87,82.89,0.48,5.0191
20251116,Kodagu,12.3375,75.8069,22.47,82.82,0.51,5.153
20251117,Kodagu,12.3375,75.8069,22.98,80.89,0.49,5.1406
20251118,Kodagu,12.3375,75.8069,22.51,85.5,0.5,4.0591
20251119,Kodagu,12.3375,75.8069,23.44,86.85,0.43,5.0875
20251120,Kodagu,12.3375,75.8069,22.96,83.65,0.48,5.4926
20251121,Kodagu,12.3375,75.8069,23.74,83.62,0.41,5.0482
20251122,Kodagu,12.3375,75.8069,23.69,87.15,0.5,3.4958
20251123,Kodagu,12.3375,75.8069,23.31,89.68,0.42,4.6243
20251124,Kodagu,12.3375,75.8069,23.6,84.99,0.43,5.1007
20251125,Kodagu,12.3375,75.8069,23.09,78.94,0.5,5.5097
20251126,Kodagu,12.3375,75.8069,22.27,78.21,0.55,4.9313
20251127,Kodagu,12.3375,75.8069,21.79,77.27,0.57,5.2162
20251128,Kodagu,12.3375,75.8069,21.17,78.23,0.57,4.7899
20251129,Kodagu,12.3375,75.8069,21.12,76.69,0.5,4.7626
20251130,Kodagu,12.3375,75.8069,21.96,85.02,0.42,4.3502
20251201,Kodagu,12.3375,75.8069,22.82,85.57,0.44,4.8624
20251202,Kodagu,12.3375,75.8069,22.98,86.77,0.4,4.9925
20251203,Kodagu,12.3375,75.8069,22.96,88.95,0.41,3.8693
20251204,Kodagu,12.3375,75.8069,23.05,91.89,0.38,3.5062
20251205,Kodagu,12.3375,75.8069,23.51,82.53,0.57,4.3958
20251206,Kodagu,12.3375,75.8069,22.76,81.23,0.51,4.015
20251207,Kodagu,12.3375,75.8069,22.4,78.82,0.5,5.3148
20251208,Kodagu,12.3375,75.8069,21.25,79.81,0.5,5.4113
20251209,Kodagu,12.3375,75.8069,20.47,71.6,0.62,5.622
20251210,Kodagu,12.3375,75.8069,21.23,75.94,0.56,5.3909
20251211,Kodagu,12.3375,75.8069,20.63,69.92,0.64,5.5121
20251212,Kodagu,12.3375,75.8069,20.71,71.31,0.6,5.6508
20251213,Kodagu,12.3375,75.8069,20.03,70.56,0.59,5.789
20251214,Kodagu,12.3375,75.8069,19.46,64.57,0.65,5.8906
20251215,Kodagu,12.3375,75.8069,19.47,65.01,0.51,5.6978
20251216,Kodagu,12.3375,75.8069,20.92,76.84,0.56,4.4237
20251217,Kodagu,12.3375,75.8069,23.47,73.79,0.58,5.7118
20251218,Kodagu,12.3375,75.8069,20.72,61.88,0.73,5.4943
20251219,Kodagu,12.3375,75.8069,20.66,62.16,0.59,4.6176
20251220,Kodagu,12.3375,75.8069,20.06,68.85,0.56,5.1185
20251221,Kodagu,12.3375,75.8069,20.63,68.61,0.56,4.9819
20251222,Kodagu,12.3375,75.8069,20.64,65.53,0.49,5.0801
20251223,Kodagu,12.3375,75.8069,20.79,71.0,0.56,5.4991
20251224,Kodagu,12.3375,75.8069,20.69,71.08,0.55,5.4367
20251225,Kodagu,12.3375,75.8069,20.79,72.21,0.54,5.6484
20251226,Kodagu,12.3375,75.8069,21.49,71.64,0.56,5.1624
20251227,Kodagu,12.3375,75.8069,22.15,69.29,0.44,5.2716
20251228,Kodagu,12.3375,75.8069,21.46,68.75,0.48,5.4881
20251229,Kodagu,12.3375,75.8069,22.29,73.04,0.5,5.1972
20251230,Kodagu,12.3375,75.8069,22.43,77.76,0.46,4.9853
20251231,Kodagu,12.3375,75.8069,22.46,80.53,0.53,4.1688
