Date,District,Latitude,Longitude,Temperature,Humidity,WindSpeed,GHI
20200101,Koppal,15.3459,76.1548,24.35,69.16,2.71,4.5737
20200102,Koppal,15.3459,76.1548,24.98,68.73,1.43,4.4647
20200103,Koppal,15.3459,76.1548,25.11,61.48,1.11,4.6546
20200104,Koppal,15.3459,76.1548,23.45,56.52,1.97,5.0506
20200105,Koppal,15.3459,76.1548,23.56,58.78,2.11,3.6142
20200106,Koppal,15.3459,76.1548,24.05,68.64,3.39,3.5801
20200107,Koppal,15.3459,76.1548,25.21,66.71,2.87,3.6473
20200108,Koppal,15.3459,76.1548,25.19,64.89,2.0,4.3102
20200109,Koppal,15.3459,76.1548,25.7,62.26,0.7,4.8286
20200110,Koppal,15.3459,76.1548,24.91,60.65,3.11,4.4282
20200111,Koppal,15.3459,76.1548,24.17,62.8,2.57,4.0697
20200112,Koppal,15.3459,76.1548,23.39,60.65,2.29,4.4436
20200113,Koppal,15.3459,76.1548,24.12,52.17,0.71,5.3345
20200114,Koppal,15.3459,76.1548,23.39,52.58,1.38,5.4535
20200115,Koppal,15.3459,76.1548,22.56,50.99,2.81,5.5334
20200116,Koppal,15.3459,76.1548,22.38,55.02,1.87,5.5764
20200117,Koppal,15.3459,76.1548,23.36,53.05,1.47,5.2637
20200118,Koppal,15.3459,76.1548,24.56,60.41,2.49,5.0081
20200119,Koppal,15.3459,76.1548,25.27,59.26,1.8,5.083
20200120,Koppal,15.3459,76.1548,25.58,52.61,2.4,5.2097
20200121,Koppal,15.3459,76.1548,24.82,50.14,3.17,5.6537
20200122,Koppal,15.3459,76.1548,23.85,52.72,3.2,5.9347
20200123,Koppal,15.3459,76.1548,24.09,51.05,2.74,5.7809
20200124,Koppal,15.3459,76.1548,23.95,48.98,2.46,5.7605
20200125,Koppal,15.3459,76.1548,24.27,42.69,2.03,5.532
20200126,Koppal,15.3459,76.1548,25.1,42.8,1.75,5.5538
20200127,Koppal,15.3459,76.1548,26.0,44.52,2.36,5.6554
20200128,Koppal,15.3459,76.1548,25.22,60.67,2.99,5.1922
20200129,Koppal,15.3459,76.1548,24.44,52.74,2.35,5.5891
20200130,Koppal,15.3459,76.1548,25.2,41.76,1.33,5.6429
20200131,Koppal,15.3459,76.1548,25.33,37.7,1.73,5.6544
20200201,Koppal,15.3459,76.1548,25.8,51.9,1.55,5.55
20200202,Koppal,15.3459,76.1548,26.58,48.77,2.1,4.7225
20200203,Koppal,15.3459,76.1548,26.43,44.69,2.31,5.4641
20200204,Koppal,15.3459,76.1548,25.6,44.71,2.06,5.9782
20200205,Koppal,15.3459,76.1548,26.18,44.3,1.96,5.7427
20200206,Koppal,15.3459,76.1548,27.33,43.53,2.06,5.6909
20200207,Koppal,15.3459,76.1548,25.66,50.75,2.37,5.5994
20200208,Koppal,15.3459,76.1548,24.36,41.99,2.49,5.5714
20200209,Koppal,15.3459,76.1548,24.43,53.26,2.67,5.2889
20200210,Koppal,15.3459,76.1548,25.37,55.12,3.61,5.4787
20200211,Koppal,15.3459,76.1548,25.46,54.75,3.85,5.5015
20200212,Koppal,15.3459,76.1548,25.33,52.15,3.1,5.5334
20200213,Koppal,15.3459,76.1548,25.47,45.75,2.48,5.8896
20200214,Koppal,15.3459,76.1548,25.51,31.54,1.66,6.3398
20200215,Koppal,15.3459,76.1548,26.89,20.5,1.19,6.467
20200216,Koppal,15.3459,76.1548,25.53,27.58,2.26,6.3408
20200217,Koppal,15.3459,76.1548,25.77,32.84,2.44,6.3667
20200218,Koppal,15.3459,76.1548,25.41,33.75,2.31,6.0852
20200219,Koppal,15.3459,76.1548,25.9,34.56,2.16,6.4303
20200220,Koppal,15.3459,76.1548,26.18,43.39,2.94,6.2206
20200221,Koppal,15.3459,76.1548,25.48,37.93,3.35,6.6403
20200222,Koppal,15.3459,76.1548,25.45,41.33,3.39,6.6766
20200223,Koppal,15.3459,76.1548,25.68,44.67,3.09,6.4855
20200224,Koppal,15.3459,76.1548,26.85,42.07,2.36,6.6
20200225,Koppal,15.3459,76.1548,27.29,35.14,1.31,5.6779
20200226,Koppal,15.3459,76.1548,27.12,35.7,2.92,5.7698
20200227,Koppal,15.3459,76.1548,27.17,40.73,2.42,5.4427
20200228,Koppal,15.3459,76.1548,27.87,43.72,2.57,5.5505
20200229,Koppal,15.3459,76.1548,28.16,43.5,2.5,5.628
20200301,Koppal,15.3459,76.1548,28.77,41.67,2.13,5.9981
20200302,Koppal,15.3459,76.1548,27.72,44.01,1.72,5.6287
20200303,Koppal,15.3459,76.1548,29.14,38.15,2.07,5.8978
20200304,Koppal,15.3459,76.1548,28.02,38.62,2.72,5.8301
20200305,Koppal,15.3459,76.1548,26.89,45.53,2.8,6.2657
20200306,Koppal,15.3459,76.1548,26.39,48.71,3.4,6.3338
20200307,Koppal,15.3459,76.1548,27.66,43.1,2.03,5.4686
20200308,Koppal,15.3459,76.1548,29.7,41.55,0.96,5.7146
20200309,Koppal,15.3459,76.1548,30.34,40.65,1.25,5.4398
20200310,Koppal,15.3459,76.1548,30.07,38.46,2.01,6.2042
20200311,Koppal,15.3459,76.1548,29.15,46.7,2.28,6.1116
20200312,Koppal,15.3459,76.1548,29.14,43.17,2.01,6.4898
20200313,Koppal,15.3459,76.1548,30.24,36.33,1.28,6.9154
20200314,Koppal,15.3459,76.1548,30.84,30.4,1.69,6.6139
20200315,Koppal,15.3459,76.1548,30.58,34.15,2.71,7.0303
20200316,Koppal,15.3459,76.1548,30.26,38.22,2.68,6.9761
20200317,Koppal,15.3459,76.1548,30.6,36.33,3.05,7.0922
20200318,Koppal,15.3459,76.1548,30.66,32.3,1.91,6.9017
20200319,Koppal,15.3459,76.1548,31.56,30.98,1.13,6.5131
20200320,Koppal,15.3459,76.1548,30.86,23.09,2.65,6.8448
20200321,Koppal,15.3459,76.1548,28.88,25.39,1.94,7.291
20200322,Koppal,15.3459,76.1548,29.16,22.09,1.41,7.1866
20200323,Koppal,15.3459,76.1548,30.12,32.22,1.44,6.7512
20200324,Koppal,15.3459,76.1548,31.19,35.38,2.73,6.437
20200325,Koppal,15.3459,76.1548,30.89,34.2,2.94,6.7409
20200326,Koppal,15.3459,76.1548,30.73,34.31,2.95,7.0284
20200327,Koppal,15.3459,76.1548,30.34,29.49,2.9,7.4006
20200328,Koppal,15.3459,76.1548,30.16,25.04,3.03,7.3884
20200329,Koppal,15.3459,76.1548,30.45,24.3,2.53,7.4167
20200330,Koppal,15.3459,76.1548,30.37,27.65,2.57,7.2329
20200331,Koppal,15.3459,76.1548,30.52,26.37,2.5,7.314
20200401,Koppal,15.3459,76.1548,31.05,28.21,2.08,7.0385
20200402,Koppal,15.3459,76.1548,32.67,26.45,1.86,6.87
20200403,Koppal,15.3459,76.1548,33.25,32.33,2.41,6.4997
20200404,Koppal,15.3459,76.1548,32.81,30.22,2.56,6.6017
20200405,Koppal,15.3459,76.1548,31.96,33.98,2.16,6.4637
20200406,Koppal,15.3459,76.1548,32.01,40.63,1.13,6.1637
20200407,Koppal,15.3459,76.1548,30.24,49.43,1.7,5.3635
20200408,Koppal,15.3459,76.1548,27.13,65.66,2.0,7.0608
20200409,Koppal,15.3459,76.1548,27.63,49.05,2.13,7.2751
20200410,Koppal,15.3459,76.1548,28.3,55.98,2.2,6.6838
20200411,Koppal,15.3459,76.1548,28.15,52.09,2.62,7.6459
20200412,Koppal,15.3459,76.1548,29.26,48.64,2.28,7.1249
20200413,Koppal,15.3459,76.1548,29.67,47.65,2.16,7.1755
20200414,Koppal,15.3459,76.1548,29.46,38.34,2.97,7.285
20200415,Koppal,15.3459,76.1548,29.46,39.23,2.2,7.1822
20200416,Koppal,15.3459,76.1548,29.88,40.76,1.66,6.6444
20200417,Koppal,15.3459,76.1548,30.73,49.91,0.94,6.6223
20200418,Koppal,15.3459,76.1548,30.42,51.88,1.51,6.4874
20200419,Koppal,15.3459,76.1548,30.29,54.22,2.43,7.0183
20200420,Koppal,15.3459,76.1548,30.58,45.88,2.3,6.8954
20200421,Koppal,15.3459,76.1548,30.56,46.21,2.0,6.5988
20200422,Koppal,15.3459,76.1548,31.02,45.23,1.76,7.111
20200423,Koppal,15.3459,76.1548,31.21,49.29,3.35,6.953
20200424,Koppal,15.3459,76.1548,31.56,47.85,3.69,6.9778
20200425,Koppal,15.3459,76.1548,31.25,51.28,3.08,7.1153
20200426,Koppal,15.3459,76.1548,31.97,40.68,2.65,7.469
20200427,Koppal,15.3459,76.1548,31.72,39.12,3.6,7.5715
20200428,Koppal,15.3459,76.1548,31.65,44.66,2.31,6.6422
20200429,Koppal,15.3459,76.1548,29.49,57.71,2.29,5.9772
20200430,Koppal,15.3459,76.1548,31.11,50.91,1.4,6.6355
20200501,Koppal,15.3459,76.1548,31.47,51.06,1.72,6.4584
20200502,Koppal,15.3459,76.1548,32.01,50.03,1.83,6.5002
20200503,Koppal,15.3459,76.1548,32.39,50.41,2.02,6.4382
20200504,Koppal,15.3459,76.1548,31.88,52.43,2.36,6.5057
20200505,Koppal,15.3459,76.1548,32.44,48.56,1.8,6.1402
20200506,Koppal,15.3459,76.1548,32.68,49.81,1.82,6.5472
20200507,Koppal,15.3459,76.1548,29.87,60.24,2.0,6.4255
20200508,Koppal,15.3459,76.1548,30.75,59.12,1.6,6.2196
20200509,Koppal,15.3459,76.1548,31.76,52.68,1.91,6.4236
20200510,Koppal,15.3459,76.1548,30.16,53.98,1.18,4.9774
20200511,Koppal,15.3459,76.1548,30.92,47.16,2.41,6.5566
20200512,Koppal,15.3459,76.1548,32.18,44.51,1.81,6.821
20200513,Koppal,15.3459,76.1548,32.91,45.83,1.56,6.8191
20200514,Koppal,15.3459,76.1548,33.36,44.43,2.39,6.9437
20200515,Koppal,15.3459,76.1548,32.69,42.09,2.04,6.8585
20200516,Koppal,15.3459,76.1548,31.41,51.25,2.26,5.567
20200517,Koppal,15.3459,76.1548,29.37,59.6,3.74,5.5226
20200518,Koppal,15.3459,76.1548,28.72,59.32,4.64,5.0974
20200519,Koppal,15.3459,76.1548,29.6,59.78,5.39,5.3107
20200520,Koppal,15.3459,76.1548,30.19,57.87,4.34,6.8707
20200521,Koppal,15.3459,76.1548,31.07,54.38,4.16,6.9403
20200522,Koppal,15.3459,76.1548,32.09,48.78,3.18,7.3584
20200523,Koppal,15.3459,76.1548,33.0,43.73,2.77,7.4455
20200524,Koppal,15.3459,76.1548,32.97,47.09,2.57,7.2398
20200525,Koppal,15.3459,76.1548,33.03,48.54,3.12,6.8494
20200526,Koppal,15.3459,76.1548,29.85,64.97,3.69,7.0555
20200527,Koppal,15.3459,76.1548,30.78,59.77,3.85,7.0805
20200528,Koppal,15.3459,76.1548,30.74,56.02,4.72,7.3944
20200529,Koppal,15.3459,76.1548,30.94,56.54,4.12,6.9002
20200530,Koppal,15.3459,76.1548,27.51,76.21,2.16,5.2663
20200531,Koppal,15.3459,76.1548,26.62,76.02,1.94,4.9754
20200601,Koppal,15.3459,76.1548,25.82,76.6,1.99,5.1624
20200602,Koppal,15.3459,76.1548,26.05,79.13,2.98,5.333
20200603,Koppal,15.3459,76.1548,26.17,75.14,5.33,4.2454
20200604,Koppal,15.3459,76.1548,27.02,70.09,5.2,4.9277
20200605,Koppal,15.3459,76.1548,27.6,64.96,4.93,6.2443
20200606,Koppal,15.3459,76.1548,26.83,65.79,4.97,6.6221
20200607,Koppal,15.3459,76.1548,27.9,64.69,4.92,6.0274
20200608,Koppal,15.3459,76.1548,27.71,64.26,5.2,6.4798
20200609,Koppal,15.3459,76.1548,27.48,56.9,4.7,6.2311
20200610,Koppal,15.3459,76.1548,27.57,66.87,4.66,5.6467
20200611,Koppal,15.3459,76.1548,25.92,73.29,4.6,3.1726
20200612,Koppal,15.3459,76.1548,25.67,74.05,5.0,3.8966
20200613,Koppal,15.3459,76.1548,26.35,68.91,6.31,4.9507
20200614,Koppal,15.3459,76.1548,26.93,70.11,6.69,5.5469
20200615,Koppal,15.3459,76.1548,27.93,68.06,6.43,5.2589
20200616,Koppal,15.3459,76.1548,26.85,78.31,6.46,4.1686
20200617,Koppal,15.3459,76.1548,26.31,76.42,5.86,3.876
20200618,Koppal,15.3459,76.1548,26.11,75.19,5.62,3.8352
20200619,Koppal,15.3459,76.1548,26.9,73.08,5.2,5.3606
20200620,Koppal,15.3459,76.1548,27.57,68.08,5.19,5.5217
20200621,Koppal,15.3459,76.1548,27.01,70.25,4.83,6.1546
20200622,Koppal,15.3459,76.1548,26.04,74.83,4.64,5.0078
20200623,Koppal,15.3459,76.1548,27.14,65.19,4.49,6.4994
20200624,Koppal,15.3459,76.1548,27.3,66.96,3.7,6.858
20200625,Koppal,15.3459,76.1548,27.72,68.18,2.11,7.0039
20200626,Koppal,15.3459,76.1548,27.05,73.34,3.07,5.8831
20200627,Koppal,15.3459,76.1548,27.02,74.61,2.7,5.8246
20200628,Koppal,15.3459,76.1548,26.48,76.75,3.53,5.2334
20200629,Koppal,15.3459,76.1548,26.72,76.83,2.66,4.8658
20200630,Koppal,15.3459,76.1548,25.5,79.27,3.49,4.8912
20200701,Koppal,15.3459,76.1548,26.13,73.14,4.79,5.4672
20200702,Koppal,15.3459,76.1548,25.33,75.66,5.73,5.2968
20200703,Koppal,15.3459,76.1548,26.11,72.79,6.79,4.5696
20200704,Koppal,15.3459,76.1548,26.21,74.69,6.46,3.9082
20200705,Koppal,15.3459,76.1548,25.74,74.82,6.68,3.5479
20200706,Koppal,15.3459,76.1548,25.46,75.97,5.7,3.877
20200707,Koppal,15.3459,76.1548,26.21,75.53,5.79,4.555
20200708,Koppal,15.3459,76.1548,25.64,76.29,5.06,4.643
20200709,Koppal,15.3459,76.1548,25.01,81.48,4.08,3.9845
20200710,Koppal,15.3459,76.1548,25.02,79.48,4.79,4.2557
20200711,Koppal,15.3459,76.1548,25.76,74.75,4.67,5.5495
20200712,Koppal,15.3459,76.1548,25.02,79.33,4.09,5.5822
20200713,Koppal,15.3459,76.1548,24.75,80.35,3.77,5.2526
20200714,Koppal,15.3459,76.1548,24.49,86.5,4.55,4.3238
20200715,Koppal,15.3459,76.1548,23.82,84.03,5.53,2.7266
20200716,Koppal,15.3459,76.1548,24.7,78.81,5.99,3.2702
20200717,Koppal,15.3459,76.1548,24.96,79.9,5.05,4.3718
20200718,Koppal,15.3459,76.1548,24.93,82.41,3.77,5.184
20200719,Koppal,15.3459,76.1548,25.62,78.59,2.94,5.6657
20200720,Koppal,15.3459,76.1548,25.7,81.85,2.53,5.2858
20200721,Koppal,15.3459,76.1548,26.38,78.43,1.47,5.7192
20200722,Koppal,15.3459,76.1548,25.48,84.31,1.65,5.8286
20200723,Koppal,15.3459,76.1548,25.29,83.32,0.9,2.9014
20200724,Koppal,15.3459,76.1548,24.81,81.93,1.76,4.7105
20200725,Koppal,15.3459,76.1548,24.43,81.9,2.96,3.2741
20200726,Koppal,15.3459,76.1548,24.24,82.64,3.85,5.2903
20200727,Koppal,15.3459,76.1548,25.29,78.86,3.92,5.658
20200728,Koppal,15.3459,76.1548,23.88,89.98,3.12,5.347
20200729,Koppal,15.3459,76.1548,25.03,84.49,2.78,5.0818
20200730,Koppal,15.3459,76.1548,25.9,81.15,2.99,5.3842
20200731,Koppal,15.3459,76.1548,25.76,81.64,2.58,5.6311
20200801,Koppal,15.3459,76.1548,24.82,83.32,3.63,6.0622
20200802,Koppal,15.3459,76.1548,24.82,80.92,5.08,5.5217
20200803,Koppal,15.3459,76.1548,24.23,82.67,6.52,3.9732
20200804,Koppal,15.3459,76.1548,24.16,84.56,7.73,3.6494
20200805,Koppal,15.3459,76.1548,24.62,84.11,7.76,2.9088
20200806,Koppal,15.3459,76.1548,25.76,81.24,6.9,4.8638
20200807,Koppal,15.3459,76.1548,25.7,82.2,5.92,4.5319
20200808,Koppal,15.3459,76.1548,24.93,82.8,5.24,4.1868
20200809,Koppal,15.3459,76.1548,24.44,85.38,4.96,4.3939
20200810,Koppal,15.3459,76.1548,24.35,85.49,4.47,2.7245
20200811,Koppal,15.3459,76.1548,24.98,82.1,5.15,5.3083
20200812,Koppal,15.3459,76.1548,24.72,83.22,4.92,4.0781
20200813,Koppal,15.3459,76.1548,23.96,86.33,4.9,2.2325
20200814,Koppal,15.3459,76.1548,24.06,85.08,5.52,2.3887
20200815,Koppal,15.3459,76.1548,24.1,85.89,5.44,2.4912
20200816,Koppal,15.3459,76.1548,24.37,86.07,5.08,1.8919
20200817,Koppal,15.3459,76.1548,24.78,85.8,4.56,3.3965
20200818,Koppal,15.3459,76.1548,25.2,82.34,4.79,4.8998
20200819,Koppal,15.3459,76.1548,25.39,81.39,4.66,4.9584
20200820,Koppal,15.3459,76.1548,24.36,85.37,5.15,3.347
20200821,Koppal,15.3459,76.1548,24.63,84.4,4.85,4.2811
20200822,Koppal,15.3459,76.1548,25.08,83.77,4.28,4.8646
20200823,Koppal,15.3459,76.1548,25.37,82.82,3.89,5.1571
20200824,Koppal,15.3459,76.1548,25.54,82.6,3.52,4.7498
20200825,Koppal,15.3459,76.1548,25.48,81.7,3.32,6.0979
20200826,Koppal,15.3459,76.1548,25.13,81.88,2.85,5.4569
20200827,Koppal,15.3459,76.1548,25.4,79.28,3.92,5.0969
20200828,Koppal,15.3459,76.1548,25.22,79.88,3.62,5.3155
20200829,Koppal,15.3459,76.1548,25.36,81.27,3.68,5.184
20200830,Koppal,15.3459,76.1548,25.17,82.21,3.1,6.096
20200831,Koppal,15.3459,76.1548,25.06,82.78,2.54,5.8598
20200901,Koppal,15.3459,76.1548,25.14,83.35,2.4,5.7247
20200902,Koppal,15.3459,76.1548,24.54,85.53,1.44,3.6257
20200903,Koppal,15.3459,76.1548,25.28,83.38,1.65,5.2387
20200904,Koppal,15.3459,76.1548,25.85,82.92,2.27,5.5003
20200905,Koppal,15.3459,76.1548,26.23,78.75,2.39,6.3986
20200906,Koppal,15.3459,76.1548,26.25,80.11,2.01,6.3509
20200907,Koppal,15.3459,76.1548,26.63,78.9,0.88,6.09
20200908,Koppal,15.3459,76.1548,25.49,82.86,1.22,4.3685
20200909,Koppal,15.3459,76.1548,26.1,79.71,0.91,6.1829
20200910,Koppal,15.3459,76.1548,25.17,84.94,1.74,5.8358
20200911,Koppal,15.3459,76.1548,24.68,87.03,3.15,4.9774
20200912,Koppal,15.3459,76.1548,24.02,86.67,4.19,4.1069
20200913,Koppal,15.3459,76.1548,23.46,86.19,4.0,2.7725
20200914,Koppal,15.3459,76.1548,22.54,86.52,4.26,2.9431
20200915,Koppal,15.3459,76.1548,22.96,88.62,3.45,4.5571
20200916,Koppal,15.3459,76.1548,24.46,85.46,3.76,4.4174
20200917,Koppal,15.3459,76.1548,24.32,86.23,3.63,4.2322
20200918,Koppal,15.3459,76.1548,24.75,87.24,3.59,3.7255
20200919,Koppal,15.3459,76.1548,23.55,87.39,4.13,3.0259
20200920,Koppal,15.3459,76.1548,23.53,87.91,3.88,3.9907
20200921,Koppal,15.3459,76.1548,23.5,85.34,5.7,3.4128
20200922,Koppal,15.3459,76.1548,23.55,83.96,5.64,4.0632
20200923,Koppal,15.3459,76.1548,23.32,83.15,4.95,4.8821
20200924,Koppal,15.3459,76.1548,24.23,84.73,3.97,4.1846
20200925,Koppal,15.3459,76.1548,24.7,86.99,3.55,4.7998
20200926,Koppal,15.3459,76.1548,22.98,92.26,3.76,1.6234
20200927,Koppal,15.3459,76.1548,23.98,84.33,2.51,3.6641
20200928,Koppal,15.3459,76.1548,24.66,83.14,2.25,5.4286
20200929,Koppal,15.3459,76.1548,24.26,87.96,2.49,4.291
20200930,Koppal,15.3459,76.1548,23.45,90.47,2.63,5.041
20201001,Koppal,15.3459,76.1548,23.54,86.66,2.7,4.333
20201002,Koppal,15.3459,76.1548,24.57,84.4,1.77,5.6126
20201003,Koppal,15.3459,76.1548,25.0,83.65,2.07,5.1312
20201004,Koppal,15.3459,76.1548,23.64,84.86,3.05,5.0566
20201005,Koppal,15.3459,76.1548,23.76,84.4,2.89,5.6594
20201006,Koppal,15.3459,76.1548,24.89,83.37,2.24,5.9899
20201007,Koppal,15.3459,76.1548,25.05,81.73,2.37,4.7093
20201008,Koppal,15.3459,76.1548,24.82,74.71,1.2,5.3714
20201009,Koppal,15.3459,76.1548,25.37,79.72,0.79,4.9608
20201010,Koppal,15.3459,76.1548,24.29,90.0,1.24,4.9433
20201011,Koppal,15.3459,76.1548,23.2,90.93,2.35,3.3295
20201012,Koppal,15.3459,76.1548,23.37,92.86,1.5,4.1064
20201013,Koppal,15.3459,76.1548,23.8,88.15,2.09,4.0094
20201014,Koppal,15.3459,76.1548,23.53,92.93,3.9,3.1025
20201015,Koppal,15.3459,76.1548,24.18,87.32,4.62,3.8026
20201016,Koppal,15.3459,76.1548,23.93,86.41,2.67,3.9468
20201017,Koppal,15.3459,76.1548,24.13,84.32,1.94,5.6052
20201018,Koppal,15.3459,76.1548,23.45,85.83,2.15,5.6254
20201019,Koppal,15.3459,76.1548,24.32,85.07,1.68,4.8794
20201020,Koppal,15.3459,76.1548,23.53,90.88,1.56,3.588
20201021,Koppal,15.3459,76.1548,23.32,88.09,0.79,3.5786
20201022,Koppal,15.3459,76.1548,24.42,86.22,1.42,4.1666
20201023,Koppal,15.3459,76.1548,25.21,82.77,0.97,4.7765
20201024,Koppal,15.3459,76.1548,24.58,83.44,1.3,4.9925
20201025,Koppal,15.3459,76.1548,24.57,83.08,0.92,5.4986
20201026,Koppal,15.3459,76.1548,24.17,85.3,1.54,5.4619
20201027,Koppal,15.3459,76.1548,23.1,83.27,1.81,5.7041
20201028,Koppal,15.3459,76.1548,22.72,82.52,1.74,5.6863
20201029,Koppal,15.3459,76.1548,22.52,81.91,1.64,4.8022
20201030,Koppal,15.3459,76.1548,23.39,81.58,1.42,4.2554
20201031,Koppal,15.3459,76.1548,23.32,82.39,1.38,5.0834
20201101,Koppal,15.3459,76.1548,22.42,80.12,1.47,5.5618
20201102,Koppal,15.3459,76.1548,22.38,82.27,1.58,5.6544
20201103,Koppal,15.3459,76.1548,23.73,84.05,1.95,5.1418
20201104,Koppal,15.3459,76.1548,22.63,79.83,2.11,5.167
20201105,Koppal,15.3459,76.1548,21.26,74.17,1.85,5.2589
20201106,Koppal,15.3459,76.1548,21.9,80.46,1.85,4.8838
20201107,Koppal,15.3459,76.1548,23.3,88.74,2.36,4.3056
20201108,Koppal,15.3459,76.1548,23.34,86.8,2.2,4.6308
20201109,Koppal,15.3459,76.1548,21.23,80.33,1.9,5.6369
20201110,Koppal,15.3459,76.1548,18.59,77.2,2.02,5.7979
20201111,Koppal,15.3459,76.1548,19.56,81.68,2.06,6.053
20201112,Koppal,15.3459,76.1548,22.55,89.32,3.15,3.9871
20201113,Koppal,15.3459,76.1548,23.84,86.51,2.91,3.5021
20201114,Koppal,15.3459,76.1548,23.25,83.93,2.71,5.8123
20201115,Koppal,15.3459,76.1548,22.93,85.21,2.86,5.2978
20201116,Koppal,15.3459,76.1548,24.17,88.14,3.25,3.1464
20201117,Koppal,15.3459,76.1548,24.09,86.23,3.09,3.9602
20201118,Koppal,15.3459,76.1548,23.94,85.61,2.69,4.3781
20201119,Koppal,15.3459,76.1548,23.83,84.17,2.71,4.9574
20201120,Koppal,15.3459,76.1548,23.09,82.23,2.21,5.6474
20201121,Koppal,15.3459,76.1548,22.46,79.08,1.58,5.7845
20201122,Koppal,15.3459,76.1548,22.48,82.31,1.37,5.323
20201123,Koppal,15.3459,76.1548,21.14,85.43,1.28,3.9564
20201124,Koppal,15.3459,76.1548,21.31,86.79,2.19,4.5917
20201125,Koppal,15.3459,76.1548,22.5,84.36,2.83,5.141
20201126,Koppal,15.3459,76.1548,21.17,88.24,3.27,2.5735
20201127,Koppal,15.3459,76.1548,20.3,87.68,3.59,2.4175
20201128,Koppal,15.3459,76.1548,21.66,86.99,3.57,1.6085
20201129,Koppal,15.3459,76.1548,22.71,85.9,2.62,2.587
20201130,Koppal,15.3459,76.1548,22.64,81.43,2.39,4.6625
20201201,Koppal,15.3459,76.1548,21.14,81.04,2.15,5.153
20201202,Koppal,15.3459,76.1548,20.05,79.68,2.0,5.3114
20201203,Koppal,15.3459,76.1548,20.8,81.31,1.82,4.4102
20201204,Koppal,15.3459,76.1548,22.19,83.0,2.44,4.8096
20201205,Koppal,15.3459,76.1548,22.31,81.35,2.6,5.1828
20201206,Koppal,15.3459,76.1548,22.23,82.04,3.11,5.3232
20201207,Koppal,15.3459,76.1548,22.34,81.35,3.33,3.5275
20201208,Koppal,15.3459,76.1548,22.48,81.79,3.28,3.2126
20201209,Koppal,15.3459,76.1548,22.43,78.98,2.74,3.5002
20201210,Koppal,15.3459,76.1548,21.63,76.72,1.92,5.3366
20201211,Koppal,15.3459,76.1548,21.22,74.22,1.9,5.3676
20201212,Koppal,15.3459,76.1548,20.23,72.41,2.09,5.2591
20201213,Koppal,15.3459,76.1548,20.65,72.33,1.69,5.2771
20201214,Koppal,15.3459,76.1548,20.78,74.85,1.92,5.2908
20201215,Koppal,15.3459,76.1548,20.54,72.64,2.52,5.1938
20201216,Koppal,15.3459,76.1548,21.69,78.23,2.61,4.6402
20201217,Koppal,15.3459,76.1548,22.06,74.58,2.3,4.0582
20201218,Koppal,15.3459,76.1548,22.1,76.16,2.36,4.7254
20201219,Koppal,15.3459,76.1548,21.21,75.85,2.88,4.073
20201220,Koppal,15.3459,76.1548,20.36,73.22,2.98,4.7186
20201221,Koppal,15.3459,76.1548,19.29,73.5,2.37,5.3009
20201222,Koppal,15.3459,76.1548,18.79,70.09,2.02,5.2606
20201223,Koppal,15.3459,76.1548,19.57,71.29,2.0,5.0722
20201224,Koppal,15.3459,76.1548,21.01,73.47,2.02,5.0362
20201225,Koppal,15.3459,76.1548,21.18,73.02,2.37,4.7988
20201226,Koppal,15.3459,76.1548,20.47,73.18,2.31,4.4873
20201227,Koppal,15.3459,76.1548,20.56,72.02,1.97,4.8797
20201228,Koppal,15.3459,76.1548,20.6,71.03,1.83,4.8091
20201229,Koppal,15.3459,76.1548,20.62,68.68,2.16,4.7551
20201230,Koppal,15.3459,76.1548,22.09,72.37,2.79,4.4695
20201231,Koppal,15.3459,76.1548,21.99,75.47,3.03,4.3987
20210101,Koppal,15.3459,76.1548,21.94,73.99,3.01,3.943
20210102,Koppal,15.3459,76.1548,21.28,67.94,2.78,4.5146
20210103,Koppal,15.3459,76.1548,21.78,69.79,2.78,4.5804
20210104,Koppal,15.3459,76.1548,22.32,70.59,2.8,4.6296
20210105,Koppal,15.3459,76.1548,23.11,73.88,2.08,4.0963
20210106,Koppal,15.3459,76.1548,23.99,80.0,2.3,2.5241
20210107,Koppal,15.3459,76.1548,23.32,81.32,2.83,2.8198
20210108,Koppal,15.3459,76.1548,23.07,79.38,1.98,4.3272
20210109,Koppal,15.3459,76.1548,23.98,77.01,2.56,3.4344
20210110,Koppal,15.3459,76.1548,23.44,73.69,2.43,4.8566
20210111,Koppal,15.3459,76.1548,23.47,72.36,2.39,4.5005
20210112,Koppal,15.3459,76.1548,24.28,67.77,3.04,4.9954
20210113,Koppal,15.3459,76.1548,23.06,72.88,2.41,4.093
20210114,Koppal,15.3459,76.1548,22.36,71.47,2.16,5.0498
20210115,Koppal,15.3459,76.1548,23.16,70.56,2.26,4.621
20210116,Koppal,15.3459,76.1548,23.73,70.27,2.32,4.5672
20210117,Koppal,15.3459,76.1548,24.07,68.41,2.68,5.143
20210118,Koppal,15.3459,76.1548,23.28,68.13,2.71,5.1286
20210119,Koppal,15.3459,76.1548,23.05,69.46,2.1,5.2903
20210120,Koppal,15.3459,76.1548,23.11,65.32,1.64,5.5289
20210121,Koppal,15.3459,76.1548,23.93,54.12,0.99,5.4917
20210122,Koppal,15.3459,76.1548,23.4,60.39,1.63,5.0858
20210123,Koppal,15.3459,76.1548,23.6,67.5,1.76,5.2262
20210124,Koppal,15.3459,76.1548,23.44,61.19,1.48,5.539
20210125,Koppal,15.3459,76.1548,22.88,58.09,1.65,5.6575
20210126,Koppal,15.3459,76.1548,22.78,51.56,1.54,5.7722
20210127,Koppal,15.3459,76.1548,22.29,53.24,1.94,5.3501
20210128,Koppal,15.3459,76.1548,22.52,60.74,2.3,5.28
20210129,Koppal,15.3459,76.1548,23.19,55.08,2.62,5.3616
20210130,Koppal,15.3459,76.1548,23.22,54.51,1.83,5.7641
20210131,Koppal,15.3459,76.1548,23.17,53.63,2.29,5.6016
20210201,Koppal,15.3459,76.1548,23.68,53.43,3.13,5.256
20210202,Koppal,15.3459,76.1548,23.5,54.45,2.66,5.3897
20210203,Koppal,15.3459,76.1548,23.25,54.34,2.34,5.7048
20210204,Koppal,15.3459,76.1548,23.02,51.53,2.55,5.9059
20210205,Koppal,15.3459,76.1548,23.36,50.18,1.72,5.9587
20210206,Koppal,15.3459,76.1548,23.17,47.05,2.01,6.029
20210207,Koppal,15.3459,76.1548,22.86,45.36,3.12,5.9506
20210208,Koppal,15.3459,76.1548,22.02,36.38,3.07,6.2467
20210209,Koppal,15.3459,76.1548,22.62,49.65,2.45,5.9546
20210210,Koppal,15.3459,76.1548,23.12,44.39,2.15,6.1469
20210211,Koppal,15.3459,76.1548,23.32,44.01,2.35,6.1248
20210212,Koppal,15.3459,76.1548,23.94,43.95,2.48,6.1656
20210213,Koppal,15.3459,76.1548,23.47,41.55,2.61,6.276
20210214,Koppal,15.3459,76.1548,23.45,39.73,1.89,6.4332
20210215,Koppal,15.3459,76.1548,23.87,40.44,1.87,6.3658
20210216,Koppal,15.3459,76.1548,24.33,38.3,1.94,6.2359
20210217,Koppal,15.3459,76.1548,25.19,43.68,1.97,6.0473
20210218,Koppal,15.3459,76.1548,25.28,43.34,3.31,5.5651
20210219,Koppal,15.3459,76.1548,23.05,58.69,3.03,3.3622
20210220,Koppal,15.3459,76.1548,21.78,62.94,3.27,5.3827
20210221,Koppal,15.3459,76.1548,22.42,66.56,2.83,4.7489
20210222,Koppal,15.3459,76.1548,23.77,62.86,1.95,5.6618
20210223,Koppal,15.3459,76.1548,25.05,57.6,2.06,6.2566
20210224,Koppal,15.3459,76.1548,25.66,49.51,1.82,6.4212
20210225,Koppal,15.3459,76.1548,26.38,43.47,0.9,6.5914
20210226,Koppal,15.3459,76.1548,27.44,45.97,1.42,6.205
20210227,Koppal,15.3459,76.1548,28.11,41.93,1.58,5.8759
20210228,Koppal,15.3459,76.1548,27.69,34.52,2.41,6.581
20210301,Koppal,15.3459,76.1548,26.88,34.09,2.13,6.5369
20210302,Koppal,15.3459,76.1548,27.5,30.67,2.54,6.1733
20210303,Koppal,15.3459,76.1548,27.48,32.06,3.26,6.6811
20210304,Koppal,15.3459,76.1548,26.85,31.47,3.03,6.8959
20210305,Koppal,15.3459,76.1548,26.48,25.56,2.75,6.7598
20210306,Koppal,15.3459,76.1548,26.77,27.79,1.72,6.9137
20210307,Koppal,15.3459,76.1548,27.34,27.12,1.87,6.9965
20210308,Koppal,15.3459,76.1548,27.5,25.85,3.0,6.8645
20210309,Koppal,15.3459,76.1548,27.05,32.48,3.23,6.9446
20210310,Koppal,15.3459,76.1548,27.31,28.76,2.99,7.1366
20210311,Koppal,15.3459,76.1548,27.01,33.11,2.67,7.1669
20210312,Koppal,15.3459,76.1548,27.45,30.67,2.88,7.0644
20210313,Koppal,15.3459,76.1548,26.62,24.98,2.71,7.4621
20210314,Koppal,15.3459,76.1548,27.03,30.7,3.08,7.2058
20210315,Koppal,15.3459,76.1548,27.64,28.51,2.71,7.3423
20210316,Koppal,15.3459,76.1548,27.84,30.74,2.41,6.8688
20210317,Koppal,15.3459,76.1548,28.49,29.5,2.48,5.7974
20210318,Koppal,15.3459,76.1548,29.34,33.4,2.41,5.6246
20210319,Koppal,15.3459,76.1548,29.19,29.49,2.12,6.1157
20210320,Koppal,15.3459,76.1548,29.1,29.75,2.69,6.6271
20210321,Koppal,15.3459,76.1548,28.93,26.8,2.6,6.6871
20210322,Koppal,15.3459,76.1548,29.89,29.75,2.93,5.5946
20210323,Koppal,15.3459,76.1548,29.77,28.84,3.09,7.1914
20210324,Koppal,15.3459,76.1548,29.45,30.09,2.55,6.8842
20210325,Koppal,15.3459,76.1548,29.58,32.5,1.85,6.0962
20210326,Koppal,15.3459,76.1548,30.52,28.79,2.38,6.2724
20210327,Koppal,15.3459,76.1548,31.02,30.0,2.41,5.8272
20210328,Koppal,15.3459,76.1548,31.13,28.87,1.85,6.0511
20210329,Koppal,15.3459,76.1548,30.83,28.51,1.7,6.3566
20210330,Koppal,15.3459,76.1548,30.54,36.0,2.71,6.4339
20210331,Koppal,15.3459,76.1548,31.15,25.8,2.35,7.3992
20210401,Koppal,15.3459,76.1548,30.6,29.0,3.0,7.3543
20210402,Koppal,15.3459,76.1548,30.43,38.03,3.13,7.4762
20210403,Koppal,15.3459,76.1548,30.3,36.76,2.93,7.4822
20210404,Koppal,15.3459,76.1548,30.37,34.67,2.93,7.079
20210405,Koppal,15.3459,76.1548,30.69,26.79,2.5,6.6341
20210406,Koppal,15.3459,76.1548,31.05,32.4,2.97,6.6641
20210407,Koppal,15.3459,76.1548,31.68,27.81,2.12,6.0605
20210408,Koppal,15.3459,76.1548,30.84,31.09,2.06,5.7211
20210409,Koppal,15.3459,76.1548,31.54,25.44,1.92,6.0706
20210410,Koppal,15.3459,76.1548,31.67,31.39,2.47,6.2429
20210411,Koppal,15.3459,76.1548,30.85,33.0,2.97,6.7382
20210412,Koppal,15.3459,76.1548,31.47,35.65,2.93,6.8129
20210413,Koppal,15.3459,76.1548,31.23,38.82,2.39,6.1927
20210414,Koppal,15.3459,76.1548,30.81,43.14,1.41,6.6173
20210415,Koppal,15.3459,76.1548,30.02,46.88,1.43,6.7865
20210416,Koppal,15.3459,76.1548,30.32,45.6,1.89,6.7937
20210417,Koppal,15.3459,76.1548,31.56,38.93,1.9,6.5342
20210418,Koppal,15.3459,76.1548,32.0,40.8,1.95,5.4979
20210419,Koppal,15.3459,76.1548,31.57,46.69,2.82,6.5069
20210420,Koppal,15.3459,76.1548,32.13,39.99,2.62,6.6554
20210421,Koppal,15.3459,76.1548,31.63,42.07,2.63,6.3235
20210422,Koppal,15.3459,76.1548,32.69,35.52,2.04,6.1116
20210423,Koppal,15.3459,76.1548,28.96,59.49,1.21,5.6537
20210424,Koppal,15.3459,76.1548,29.51,57.45,1.52,6.1358
20210425,Koppal,15.3459,76.1548,30.67,52.99,1.73,6.5131
20210426,Koppal,15.3459,76.1548,30.72,49.46,1.78,6.8854
20210427,Koppal,15.3459,76.1548,31.23,46.69,1.27,6.8611
20210428,Koppal,15.3459,76.1548,30.98,47.85,1.16,6.4493
20210429,Koppal,15.3459,76.1548,32.36,43.28,1.13,6.5782
20210430,Koppal,15.3459,76.1548,30.62,49.85,1.12,6.6422
20210501,Koppal,15.3459,76.1548,31.02,47.64,1.8,6.252
20210502,Koppal,15.3459,76.1548,31.02,49.0,1.46,6.3922
20210503,Koppal,15.3459,76.1548,31.88,44.09,1.56,7.1023
20210504,Koppal,15.3459,76.1548,31.39,50.13,1.39,6.0773
20210505,Koppal,15.3459,76.1548,31.89,52.44,1.24,6.4666
20210506,Koppal,15.3459,76.1548,31.03,56.83,1.12,6.3842
20210507,Koppal,15.3459,76.1548,30.65,55.53,1.75,4.8595
20210508,Koppal,15.3459,76.1548,31.25,55.57,1.58,6.8693
20210509,Koppal,15.3459,76.1548,30.95,56.31,1.28,5.0179
20210510,Koppal,15.3459,76.1548,30.91,57.13,1.43,5.3774
20210511,Koppal,15.3459,76.1548,29.36,68.3,1.38,5.5778
20210512,Koppal,15.3459,76.1548,30.39,61.3,2.1,5.7202
20210513,Koppal,15.3459,76.1548,29.42,64.35,1.81,4.9212
20210514,Koppal,15.3459,76.1548,28.36,69.17,1.92,6.3302
20210515,Koppal,15.3459,76.1548,27.96,69.05,4.52,5.0818
20210516,Koppal,15.3459,76.1548,27.96,68.87,5.53,4.7254
20210517,Koppal,15.3459,76.1548,27.25,73.63,4.52,6.2746
20210518,Koppal,15.3459,76.1548,27.1,73.85,3.95,7.0342
20210519,Koppal,15.3459,76.1548,27.66,72.55,4.19,6.6794
20210520,Koppal,15.3459,76.1548,27.57,69.47,4.13,6.091
20210521,Koppal,15.3459,76.1548,26.57,74.82,3.43,6.0065
20210522,Koppal,15.3459,76.1548,27.7,67.63,4.07,6.5957
20210523,Koppal,15.3459,76.1548,27.72,70.28,4.2,6.3845
20210524,Koppal,15.3459,76.1548,26.82,73.84,3.63,5.1847
20210525,Koppal,15.3459,76.1548,26.93,77.76,4.46,5.785
20210526,Koppal,15.3459,76.1548,27.97,69.53,5.32,6.661
20210527,Koppal,15.3459,76.1548,27.09,70.12,5.53,7.0522
20210528,Koppal,15.3459,76.1548,27.75,69.24,4.66,6.7627
20210529,Koppal,15.3459,76.1548,28.18,67.25,4.03,6.919
20210530,Koppal,15.3459,76.1548,27.92,67.03,4.0,6.8333
20210531,Koppal,15.3459,76.1548,28.27,69.01,3.64,6.7987
20210601,Koppal,15.3459,76.1548,26.9,74.64,2.95,6.6866
20210602,Koppal,15.3459,76.1548,26.95,75.64,1.39,6.1406
20210603,Koppal,15.3459,76.1548,26.6,80.49,1.33,5.0777
20210604,Koppal,15.3459,76.1548,26.64,77.02,1.67,5.3638
20210605,Koppal,15.3459,76.1548,26.94,70.48,3.22,5.9323
20210606,Koppal,15.3459,76.1548,26.98,69.18,3.55,5.4833
20210607,Koppal,15.3459,76.1548,27.09,68.33,4.56,7.2965
20210608,Koppal,15.3459,76.1548,27.54,68.09,4.67,7.0661
20210609,Koppal,15.3459,76.1548,27.02,71.8,5.31,5.5596
20210610,Koppal,15.3459,76.1548,26.76,70.21,5.61,5.2944
20210611,Koppal,15.3459,76.1548,26.37,71.04,5.65,5.9357
20210612,Koppal,15.3459,76.1548,24.66,73.08,7.46,5.1931
20210613,Koppal,15.3459,76.1548,24.9,73.8,6.67,4.5677
20210614,Koppal,15.3459,76.1548,24.37,73.73,5.89,4.6061
20210615,Koppal,15.3459,76.1548,25.13,71.29,6.2,4.1438
20210616,Koppal,15.3459,76.1548,24.99,81.62,5.7,4.2686
20210617,Koppal,15.3459,76.1548,25.79,79.12,6.58,4.974
20210618,Koppal,15.3459,76.1548,26.03,76.59,6.74,4.8386
20210619,Koppal,15.3459,76.1548,25.15,80.85,5.74,3.5182
20210620,Koppal,15.3459,76.1548,25.3,78.16,5.25,6.1798
20210621,Koppal,15.3459,76.1548,26.18,75.87,4.35,5.8884
20210622,Koppal,15.3459,76.1548,26.58,73.18,4.49,5.917
20210623,Koppal,15.3459,76.1548,25.87,76.63,4.23,5.4362
20210624,Koppal,15.3459,76.1548,24.96,78.34,4.72,4.7966
20210625,Koppal,15.3459,76.1548,26.02,73.83,4.75,4.987
20210626,Koppal,15.3459,76.1548,25.88,73.67,4.89,4.2442
20210627,Koppal,15.3459,76.1548,24.1,78.93,4.4,2.2798
20210628,Koppal,15.3459,76.1548,25.06,75.12,3.06,5.7917
20210629,Koppal,15.3459,76.1548,26.7,74.81,3.25,6.6118
20210630,Koppal,15.3459,76.1548,27.52,71.22,3.98,7.0109
20210701,Koppal,15.3459,76.1548,26.84,75.86,3.82,5.0479
20210702,Koppal,15.3459,76.1548,24.83,82.16,3.21,4.1431
20210703,Koppal,15.3459,76.1548,26.15,76.74,3.88,5.8975
20210704,Koppal,15.3459,76.1548,25.85,77.93,3.59,6.1442
20210705,Koppal,15.3459,76.1548,26.05,74.93,3.03,2.8862
20210706,Koppal,15.3459,76.1548,26.09,78.94,2.27,5.7626
20210707,Koppal,15.3459,76.1548,26.48,80.8,2.07,5.5366
20210708,Koppal,15.3459,76.1548,25.53,81.4,3.25,3.8827
20210709,Koppal,15.3459,76.1548,25.22,79.53,3.74,4.5828
20210710,Koppal,15.3459,76.1548,23.19,80.42,5.26,3.9314
20210711,Koppal,15.3459,76.1548,23.97,80.44,5.84,3.4277
20210712,Koppal,15.3459,76.1548,24.85,78.23,5.87,4.1486
20210713,Koppal,15.3459,76.1548,24.33,78.89,5.37,3.9451
20210714,Koppal,15.3459,76.1548,24.91,80.86,6.02,3.049
20210715,Koppal,15.3459,76.1548,25.65,81.96,5.38,4.0985
20210716,Koppal,15.3459,76.1548,25.37,80.01,5.35,4.5521
20210717,Koppal,15.3459,76.1548,25.84,81.03,4.86,4.4441
20210718,Koppal,15.3459,76.1548,24.71,88.26,5.71,2.4499
20210719,Koppal,15.3459,76.1548,25.13,80.63,6.44,5.8903
20210720,Koppal,15.3459,76.1548,25.46,78.55,6.42,4.224
20210721,Koppal,15.3459,76.1548,24.75,80.36,6.53,2.7437
20210722,Koppal,15.3459,76.1548,23.7,85.83,7.71,1.763
20210723,Koppal,15.3459,76.1548,24.51,84.19,6.08,5.1732
20210724,Koppal,15.3459,76.1548,26.03,78.88,5.53,5.4043
20210725,Koppal,15.3459,76.1548,26.05,79.07,5.64,5.7799
20210726,Koppal,15.3459,76.1548,25.24,79.93,5.82,5.8051
20210727,Koppal,15.3459,76.1548,25.21,78.28,6.07,5.9419
20210728,Koppal,15.3459,76.1548,25.51,76.23,5.97,5.6501
20210729,Koppal,15.3459,76.1548,24.87,78.63,6.32,4.619
20210730,Koppal,15.3459,76.1548,24.74,81.07,5.52,4.1832
20210731,Koppal,15.3459,76.1548,24.19,82.93,5.17,2.9628
20210801,Koppal,15.3459,76.1548,25.55,75.61,6.03,4.4018
20210802,Koppal,15.3459,76.1548,25.25,76.07,5.69,4.6699
20210803,Koppal,15.3459,76.1548,25.1,78.42,5.37,4.8312
20210804,Koppal,15.3459,76.1548,25.41,78.65,5.64,4.7736
20210805,Koppal,15.3459,76.1548,25.82,76.56,6.02,4.1863
20210806,Koppal,15.3459,76.1548,25.99,76.7,5.45,4.7184
20210807,Koppal,15.3459,76.1548,26.26,77.28,4.27,5.4701
20210808,Koppal,15.3459,76.1548,26.38,76.32,3.27,5.1079
20210809,Koppal,15.3459,76.1548,26.43,76.3,2.92,5.9954
20210810,Koppal,15.3459,76.1548,26.53,75.45,3.74,4.9478
20210811,Koppal,15.3459,76.1548,25.48,78.17,3.34,5.9885
20210812,Koppal,15.3459,76.1548,25.57,78.36,3.68,4.4803
20210813,Koppal,15.3459,76.1548,25.22,79.0,4.13,4.4489
20210814,Koppal,15.3459,76.1548,25.44,76.86,4.75,4.8329
20210815,Koppal,15.3459,76.1548,24.72,78.91,4.76,4.465
20210816,Koppal,15.3459,76.1548,24.37,80.67,3.2,3.42
20210817,Koppal,15.3459,76.1548,24.92,76.04,3.85,2.8519
20210818,Koppal,15.3459,76.1548,24.72,73.78,4.48,4.891
20210819,Koppal,15.3459,76.1548,25.11,72.47,4.54,4.9534
20210820,Koppal,15.3459,76.1548,24.17,76.77,3.83,4.5346
20210821,Koppal,15.3459,76.1548,22.88,84.11,3.76,4.6478
20210822,Koppal,15.3459,76.1548,25.65,74.55,2.0,6.3055
20210823,Koppal,15.3459,76.1548,25.56,78.51,2.32,6.3881
20210824,Koppal,15.3459,76.1548,25.68,77.07,2.64,6.4097
20210825,Koppal,15.3459,76.1548,25.75,77.72,2.91,5.5013
20210826,Koppal,15.3459,76.1548,25.64,79.5,3.04,4.6298
20210827,Koppal,15.3459,76.1548,25.84,78.92,2.92,4.1388
20210828,Koppal,15.3459,76.1548,24.88,80.11,3.96,3.3818
20210829,Koppal,15.3459,76.1548,25.02,73.61,4.57,3.4265
20210830,Koppal,15.3459,76.1548,24.1,76.58,4.26,3.9828
20210831,Koppal,15.3459,76.1548,24.58,76.7,3.83,4.117
20210901,Koppal,15.3459,76.1548,25.79,75.01,3.37,5.4482
20210902,Koppal,15.3459,76.1548,25.37,78.18,3.26,4.405
20210903,Koppal,15.3459,76.1548,25.03,81.64,3.25,4.543
20210904,Koppal,15.3459,76.1548,24.72,83.23,3.37,4.3368
20210905,Koppal,15.3459,76.1548,23.9,85.95,3.1,4.2749
20210906,Koppal,15.3459,76.1548,24.1,82.14,4.64,3.7795
20210907,Koppal,15.3459,76.1548,23.81,81.71,5.44,3.5578
20210908,Koppal,15.3459,76.1548,25.0,78.51,5.82,5.01
20210909,Koppal,15.3459,76.1548,25.06,79.87,4.67,5.2428
20210910,Koppal,15.3459,76.1548,25.63,77.6,4.72,5.2231
20210911,Koppal,15.3459,76.1548,25.42,78.9,4.58,3.7008
20210912,Koppal,15.3459,76.1548,24.78,82.35,4.85,4.8643
20210913,Koppal,15.3459,76.1548,25.04,82.99,4.92,3.7402
20210914,Koppal,15.3459,76.1548,25.66,79.85,4.64,4.9082
20210915,Koppal,15.3459,76.1548,25.5,79.55,3.67,4.0807
20210916,Koppal,15.3459,76.1548,24.96,80.07,3.5,4.7863
20210917,Koppal,15.3459,76.1548,25.97,74.46,3.16,5.4022
20210918,Koppal,15.3459,76.1548,26.04,70.92,3.01,6.4279
20210919,Koppal,15.3459,76.1548,26.54,71.14,2.25,5.9083
20210920,Koppal,15.3459,76.1548,26.03,75.6,2.65,5.1202
20210921,Koppal,15.3459,76.1548,24.83,83.67,3.16,3.8232
20210922,Koppal,15.3459,76.1548,25.57,78.52,3.24,4.5554
20210923,Koppal,15.3459,76.1548,24.97,82.74,3.31,4.267
20210924,Koppal,15.3459,76.1548,24.89,81.22,2.39,4.3882
20210925,Koppal,15.3459,76.1548,25.93,78.37,2.8,4.7251
20210926,Koppal,15.3459,76.1548,25.05,79.62,2.87,4.3651
20210927,Koppal,15.3459,76.1548,23.89,81.94,4.14,2.9424
20210928,Koppal,15.3459,76.1548,23.9,75.1,4.98,3.9312
20210929,Koppal,15.3459,76.1548,24.86,72.53,3.79,4.6279
20210930,Koppal,15.3459,76.1548,26.51,72.76,2.05,5.531
20211001,Koppal,15.3459,76.1548,25.63,82.78,1.27,5.6863
20211002,Koppal,15.3459,76.1548,25.77,79.8,1.62,6.1138
20211003,Koppal,15.3459,76.1548,25.96,78.82,1.87,6.193
20211004,Koppal,15.3459,76.1548,26.24,79.33,1.59,6.1056
20211005,Koppal,15.3459,76.1548,25.61,83.22,1.51,5.399
20211006,Koppal,15.3459,76.1548,25.8,84.99,1.7,4.171
20211007,Koppal,15.3459,76.1548,26.16,81.99,1.55,4.7268
20211008,Koppal,15.3459,76.1548,24.75,86.76,2.19,5.2354
20211009,Koppal,15.3459,76.1548,24.1,89.23,1.98,4.626
20211010,Koppal,15.3459,76.1548,24.99,84.17,1.96,5.1677
20211011,Koppal,15.3459,76.1548,25.18,85.48,1.75,4.0793
20211012,Koppal,15.3459,76.1548,24.71,85.06,1.06,5.2889
20211013,Koppal,15.3459,76.1548,25.03,77.92,1.28,5.2742
20211014,Koppal,15.3459,76.1548,25.43,78.47,1.23,4.7388
20211015,Koppal,15.3459,76.1548,25.23,77.74,1.62,5.2894
20211016,Koppal,15.3459,76.1548,25.54,76.35,0.88,5.0952
20211017,Koppal,15.3459,76.1548,25.27,79.7,2.46,4.8686
20211018,Koppal,15.3459,76.1548,25.31,76.93,3.09,5.6506
20211019,Koppal,15.3459,76.1548,25.43,75.83,1.82,5.4374
20211020,Koppal,15.3459,76.1548,25.25,80.75,1.14,5.2718
20211021,Koppal,15.3459,76.1548,24.38,81.48,1.77,4.206
20211022,Koppal,15.3459,76.1548,24.37,74.39,1.76,5.1967
20211023,Koppal,15.3459,76.1548,24.18,81.15,1.53,4.5029
20211024,Koppal,15.3459,76.1548,23.4,86.46,0.96,3.9929
20211025,Koppal,15.3459,76.1548,23.85,80.68,1.43,4.5893
20211026,Koppal,15.3459,76.1548,23.48,72.58,1.88,5.7718
20211027,Koppal,15.3459,76.1548,23.21,72.79,2.56,5.7461
20211028,Koppal,15.3459,76.1548,23.18,71.39,2.07,5.3664
20211029,Koppal,15.3459,76.1548,24.19,82.89,2.65,4.0889
20211030,Koppal,15.3459,76.1548,24.84,82.13,2.17,3.4051
20211031,Koppal,15.3459,76.1548,24.91,81.87,2.0,3.1666
20211101,Koppal,15.3459,76.1548,25.13,78.21,2.66,4.1614
20211102,Koppal,15.3459,76.1548,24.01,81.17,2.9,4.3279
20211103,Koppal,15.3459,76.1548,23.68,81.68,2.08,4.3798
20211104,Koppal,15.3459,76.1548,24.56,81.5,2.19,4.037
20211105,Koppal,15.3459,76.1548,24.95,78.03,2.3,5.0566
20211106,Koppal,15.3459,76.1548,25.09,74.68,2.02,5.1588
20211107,Koppal,15.3459,76.1548,23.56,77.24,1.58,4.4753
20211108,Koppal,15.3459,76.1548,23.49,71.94,1.67,4.415
20211109,Koppal,15.3459,76.1548,22.91,69.98,2.2,5.3642
20211110,Koppal,15.3459,76.1548,22.45,68.46,1.93,3.9602
20211111,Koppal,15.3459,76.1548,21.66,75.07,1.53,2.6342
20211112,Koppal,15.3459,76.1548,21.38,87.96,3.2,2.8003
20211113,Koppal,15.3459,76.1548,24.53,82.64,2.45,2.651
20211114,Koppal,15.3459,76.1548,25.13,83.05,2.02,3.2371
20211115,Koppal,15.3459,76.1548,25.69,80.1,2.48,3.8364
20211116,Koppal,15.3459,76.1548,25.2,83.66,2.99,3.1034
20211117,Koppal,15.3459,76.1548,24.45,86.96,3.02,3.33
20211118,Koppal,15.3459,76.1548,23.17,86.28,1.51,2.8584
20211119,Koppal,15.3459,76.1548,23.36,88.63,2.88,1.1083
20211120,Koppal,15.3459,76.1548,24.25,86.8,2.76,1.8941
20211121,Koppal,15.3459,76.1548,24.27,87.61,1.98,3.4056
20211122,Koppal,15.3459,76.1548,24.44,84.79,1.31,4.1208
20211123,Koppal,15.3459,76.1548,24.75,83.1,1.45,4.9562
20211124,Koppal,15.3459,76.1548,24.8,82.79,1.74,4.0512
20211125,Koppal,15.3459,76.1548,24.76,80.92,2.43,4.6906
20211126,Koppal,15.3459,76.1548,23.79,78.12,1.84,4.5384
20211127,Koppal,15.3459,76.1548,21.7,75.26,1.99,3.7373
20211128,Koppal,15.3459,76.1548,19.6,82.51,2.13,3.293
20211129,Koppal,15.3459,76.1548,22.82,85.36,3.14,2.1746
20211130,Koppal,15.3459,76.1548,22.74,83.91,2.99,3.3274
20211201,Koppal,15.3459,76.1548,23.03,81.65,2.79,3.7939
20211202,Koppal,15.3459,76.1548,22.77,84.39,2.16,3.3031
20211203,Koppal,15.3459,76.1548,23.79,78.32,1.21,3.2498
20211204,Koppal,15.3459,76.1548,23.49,78.22,0.92,4.0169
20211205,Koppal,15.3459,76.1548,23.93,76.63,1.04,4.0152
20211206,Koppal,15.3459,76.1548,23.91,70.13,1.06,4.817
20211207,Koppal,15.3459,76.1548,23.19,71.63,1.63,5.0818
20211208,Koppal,15.3459,76.1548,22.55,71.6,2.08,4.9874
20211209,Koppal,15.3459,76.1548,23.3,77.92,1.65,3.9713
20211210,Koppal,15.3459,76.1548,23.4,78.15,2.41,2.1449
20211211,Koppal,15.3459,76.1548,23.04,78.08,2.44,4.9188
20211212,Koppal,15.3459,76.1548,23.48,75.24,2.67,3.5328
20211213,Koppal,15.3459,76.1548,22.38,78.88,2.11,4.2019
20211214,Koppal,15.3459,76.1548,22.53,79.73,2.55,3.492
20211215,Koppal,15.3459,76.1548,21.66,82.79,2.19,3.4406
20211216,Koppal,15.3459,76.1548,21.78,76.39,2.02,4.6927
20211217,Koppal,15.3459,76.1548,21.44,71.55,1.58,4.7894
20211218,Koppal,15.3459,76.1548,19.81,69.04,2.2,5.2534
20211219,Koppal,15.3459,76.1548,18.74,67.12,2.07,5.1264
20211220,Koppal,15.3459,76.1548,18.98,69.94,2.07,4.7244
20211221,Koppal,15.3459,76.1548,19.74,65.34,1.19,4.8252
20211222,Koppal,15.3459,76.1548,20.48,61.23,1.29,4.9922
20211223,Koppal,15.3459,76.1548,21.05,64.26,1.07,4.9848
20211224,Koppal,15.3459,76.1548,21.43,62.26,1.26,4.991
20211225,Koppal,15.3459,76.1548,21.95,64.46,0.94,4.9591
20211226,Koppal,15.3459,76.1548,21.41,67.0,1.58,5.0052
20211227,Koppal,15.3459,76.1548,21.58,69.9,2.23,4.4513
20211228,Koppal,15.3459,76.1548,21.4,68.01,2.54,4.7856
20211229,Koppal,15.3459,76.1548,21.5,69.62,2.59,4.8461
20211230,Koppal,15.3459,76.1548,21.49,67.5,3.15,5.189
20211231,Koppal,15.3459,76.1548,22.45,75.07,3.49,3.3907
20220101,Koppal,15.3459,76.1548,22.96,72.08,2.81,3.8573
20220102,Koppal,15.3459,76.1548,22.86,69.11,2.58,4.477
20220103,Koppal,15.3459,76.1548,22.44,71.16,2.16,4.7254
20220104,Koppal,15.3459,76.1548,21.97,67.8,2.39,4.8876
20220105,Koppal,15.3459,76.1548,21.14,65.18,2.03,5.0381
20220106,Koppal,15.3459,76.1548,21.55,65.24,2.07,5.3155
20220107,Koppal,15.3459,76.1548,22.63,70.42,2.38,4.6445
20220108,Koppal,15.3459,76.1548,23.63,69.31,1.58,4.3068
20220109,Koppal,15.3459,76.1548,23.78,67.07,1.17,4.4472
20220110,Koppal,15.3459,76.1548,23.97,66.94,1.12,4.4011
20220111,Koppal,15.3459,76.1548,24.29,63.13,2.18,4.6937
20220112,Koppal,15.3459,76.1548,22.43,62.65,2.11,5.1893
20220113,Koppal,15.3459,76.1548,21.79,67.18,3.05,5.3254
20220114,Koppal,15.3459,76.1548,21.58,66.7,2.78,5.2752
20220115,Koppal,15.3459,76.1548,23.1,59.47,1.44,5.1595
20220116,Koppal,15.3459,76.1548,24.27,62.87,2.87,4.4489
20220117,Koppal,15.3459,76.1548,23.98,64.75,2.82,4.1208
20220118,Koppal,15.3459,76.1548,23.42,61.86,2.18,5.0866
20220119,Koppal,15.3459,76.1548,22.95,55.72,1.81,5.4742
20220120,Koppal,15.3459,76.1548,24.03,40.64,1.14,5.7019
20220121,Koppal,15.3459,76.1548,24.3,38.86,2.05,5.8078
20220122,Koppal,15.3459,76.1548,23.9,53.14,2.76,5.8579
20220123,Koppal,15.3459,76.1548,23.12,60.78,3.41,5.8546
20220124,Koppal,15.3459,76.1548,21.43,55.76,2.51,5.7552
20220125,Koppal,15.3459,76.1548,22.02,52.49,1.51,5.5118
20220126,Koppal,15.3459,76.1548,22.34,47.51,1.15,5.01
20220127,Koppal,15.3459,76.1548,22.88,56.23,2.8,4.1666
20220128,Koppal,15.3459,76.1548,22.22,44.07,3.29,5.7847
20220129,Koppal,15.3459,76.1548,21.97,43.44,2.5,5.9791
20220130,Koppal,15.3459,76.1548,23.74,50.09,1.25,5.9746
20220131,Koppal,15.3459,76.1548,25.28,35.06,1.24,5.8512
20220201,Koppal,15.3459,76.1548,24.84,42.92,1.53,5.8099
20220202,Koppal,15.3459,76.1548,25.37,43.84,1.34,5.7456
20220203,Koppal,15.3459,76.1548,25.19,52.47,2.45,5.6942
20220204,Koppal,15.3459,76.1548,23.69,50.73,2.4,6.3437
20220205,Koppal,15.3459,76.1548,24.0,45.9,1.19,6.2434
20220206,Koppal,15.3459,76.1548,24.75,50.28,2.09,5.568
20220207,Koppal,15.3459,76.1548,26.26,48.36,1.11,5.6971
20220208,Koppal,15.3459,76.1548,26.61,50.25,1.56,5.6534
20220209,Koppal,15.3459,76.1548,26.28,50.57,1.59,5.3297
20220210,Koppal,15.3459,76.1548,26.1,47.46,2.48,5.5848
20220211,Koppal,15.3459,76.1548,25.64,40.11,3.21,5.591
20220212,Koppal,15.3459,76.1548,24.81,45.86,2.72,5.6206
20220213,Koppal,15.3459,76.1548,24.28,47.02,2.4,5.9093
20220214,Koppal,15.3459,76.1548,24.55,47.1,2.24,5.975
20220215,Koppal,15.3459,76.1548,25.43,47.33,1.58,4.873
20220216,Koppal,15.3459,76.1548,26.72,37.09,1.22,4.3224
20220217,Koppal,15.3459,76.1548,26.49,37.32,1.27,4.6061
20220218,Koppal,15.3459,76.1548,26.78,42.27,2.53,5.5327
20220219,Koppal,15.3459,76.1548,26.27,42.01,2.43,6.1745
20220220,Koppal,15.3459,76.1548,27.27,41.62,1.83,6.2561
20220221,Koppal,15.3459,76.1548,27.85,35.28,2.25,6.2616
20220222,Koppal,15.3459,76.1548,27.73,34.56,2.13,6.1622
20220223,Koppal,15.3459,76.1548,27.26,44.17,3.12,6.2981
20220224,Koppal,15.3459,76.1548,26.56,39.42,2.9,6.6881
20220225,Koppal,15.3459,76.1548,25.99,31.05,3.26,6.8974
20220226,Koppal,15.3459,76.1548,25.25,28.91,3.44,7.0966
20220227,Koppal,15.3459,76.1548,24.97,40.93,2.97,6.9967
20220228,Koppal,15.3459,76.1548,25.26,37.19,2.69,7.1203
20220301,Koppal,15.3459,76.1548,25.93,34.7,2.93,6.8501
20220302,Koppal,15.3459,76.1548,26.42,29.06,3.3,7.0774
20220303,Koppal,15.3459,76.1548,26.83,29.66,3.47,6.9965
20220304,Koppal,15.3459,76.1548,26.73,33.2,2.77,6.8287
20220305,Koppal,15.3459,76.1548,26.91,30.77,2.73,6.5258
20220306,Koppal,15.3459,76.1548,27.52,36.26,3.1,6.3437
20220307,Koppal,15.3459,76.1548,28.06,37.74,4.21,6.6151
20220308,Koppal,15.3459,76.1548,28.92,37.64,2.48,6.4723
20220309,Koppal,15.3459,76.1548,29.67,32.03,2.49,6.3274
20220310,Koppal,15.3459,76.1548,28.97,32.18,2.41,5.9681
20220311,Koppal,15.3459,76.1548,29.49,29.14,2.51,5.8858
20220312,Koppal,15.3459,76.1548,28.31,30.04,1.93,5.6983
20220313,Koppal,15.3459,76.1548,29.1,31.53,2.58,6.0624
20220314,Koppal,15.3459,76.1548,28.88,28.18,2.38,6.324
20220315,Koppal,15.3459,76.1548,28.84,20.43,2.15,6.7634
20220316,Koppal,15.3459,76.1548,29.14,21.87,1.64,6.966
20220317,Koppal,15.3459,76.1548,30.5,24.49,1.58,6.8035
20220318,Koppal,15.3459,76.1548,30.58,38.99,1.66,6.1536
20220319,Koppal,15.3459,76.1548,30.37,47.36,3.41,6.1015
20220320,Koppal,15.3459,76.1548,29.72,47.19,2.75,4.8199
20220321,Koppal,15.3459,76.1548,30.32,44.4,2.17,6.0408
20220322,Koppal,15.3459,76.1548,30.64,44.13,2.32,5.1979
20220323,Koppal,15.3459,76.1548,31.72,38.25,2.13,5.3234
20220324,Koppal,15.3459,76.1548,31.54,40.38,1.74,5.2824
20220325,Koppal,15.3459,76.1548,31.99,36.59,2.04,4.913
20220326,Koppal,15.3459,76.1548,31.85,35.75,1.69,5.7696
20220327,Koppal,15.3459,76.1548,31.81,35.06,1.79,5.6614
20220328,Koppal,15.3459,76.1548,32.52,33.26,1.48,5.6083
20220329,Koppal,15.3459,76.1548,32.8,31.53,1.66,6.2983
20220330,Koppal,15.3459,76.1548,32.12,34.32,1.73,6.523
20220331,Koppal,15.3459,76.1548,31.87,33.8,1.58,6.8285
20220401,Koppal,15.3459,76.1548,32.17,30.22,1.74,6.7438
20220402,Koppal,15.3459,76.1548,32.32,32.49,2.02,6.438
20220403,Koppal,15.3459,76.1548,32.18,26.86,2.59,6.3838
20220404,Koppal,15.3459,76.1548,32.51,27.97,2.49,6.3108
20220405,Koppal,15.3459,76.1548,32.63,27.75,2.93,6.336
20220406,Koppal,15.3459,76.1548,32.79,24.75,2.81,6.0972
20220407,Koppal,15.3459,76.1548,32.9,25.49,2.81,6.4577
20220408,Koppal,15.3459,76.1548,32.12,30.84,2.76,6.187
20220409,Koppal,15.3459,76.1548,32.36,35.12,2.51,5.7233
20220410,Koppal,15.3459,76.1548,31.98,33.87,2.12,5.9866
20220411,Koppal,15.3459,76.1548,32.09,30.91,2.59,5.8872
20220412,Koppal,15.3459,76.1548,32.76,29.04,2.99,5.7204
20220413,Koppal,15.3459,76.1548,31.93,30.87,2.98,5.4907
20220414,Koppal,15.3459,76.1548,31.11,42.57,2.44,5.0926
20220415,Koppal,15.3459,76.1548,30.66,46.08,2.36,3.0698
20220416,Koppal,15.3459,76.1548,32.14,37.83,2.03,4.7726
20220417,Koppal,15.3459,76.1548,30.34,52.92,2.31,5.8464
20220418,Koppal,15.3459,76.1548,29.37,58.3,1.82,6.4975
20220419,Koppal,15.3459,76.1548,27.99,61.12,2.8,6.4956
20220420,Koppal,15.3459,76.1548,30.1,53.64,1.74,6.8522
20220421,Koppal,15.3459,76.1548,30.11,52.73,1.68,6.3761
20220422,Koppal,15.3459,76.1548,29.09,59.59,1.4,6.1776
20220423,Koppal,15.3459,76.1548,27.98,59.46,2.01,6.1097
20220424,Koppal,15.3459,76.1548,27.85,59.78,1.79,6.4106
20220425,Koppal,15.3459,76.1548,29.7,55.31,1.22,6.4406
20220426,Koppal,15.3459,76.1548,30.04,58.34,1.73,5.3947
20220427,Koppal,15.3459,76.1548,32.11,48.99,1.49,6.7939
20220428,Koppal,15.3459,76.1548,31.54,48.39,1.53,6.6991
20220429,Koppal,15.3459,76.1548,31.76,51.17,1.41,6.7574
20220430,Koppal,15.3459,76.1548,31.3,48.11,2.77,7.0658
20220501,Koppal,15.3459,76.1548,31.09,42.55,3.17,7.2178
20220502,Koppal,15.3459,76.1548,31.21,45.88,3.46,7.0075
20220503,Koppal,15.3459,76.1548,32.19,43.67,2.99,7.0697
20220504,Koppal,15.3459,76.1548,31.77,48.71,2.08,5.6918
20220505,Koppal,15.3459,76.1548,27.34,71.29,1.94,6.113
20220506,Koppal,15.3459,76.1548,29.89,58.82,1.92,5.8279
20220507,Koppal,15.3459,76.1548,30.96,56.7,2.25,6.5196
20220508,Koppal,15.3459,76.1548,31.12,57.62,1.75,5.4348
20220509,Koppal,15.3459,76.1548,31.25,55.35,3.48,5.5128
20220510,Koppal,15.3459,76.1548,29.19,54.1,4.67,3.9782
20220511,Koppal,15.3459,76.1548,29.1,62.36,4.76,1.6596
20220512,Koppal,15.3459,76.1548,28.74,67.5,4.39,3.6962
20220513,Koppal,15.3459,76.1548,28.93,65.48,3.79,5.1703
20220514,Koppal,15.3459,76.1548,31.08,55.32,2.95,6.2167
20220515,Koppal,15.3459,76.1548,30.46,55.82,3.66,6.0156
20220516,Koppal,15.3459,76.1548,30.89,58.21,3.38,6.1668
20220517,Koppal,15.3459,76.1548,28.84,66.94,2.58,3.451
20220518,Koppal,15.3459,76.1548,28.19,68.66,2.51,3.1615
20220519,Koppal,15.3459,76.1548,26.47,82.48,2.36,2.0947
20220520,Koppal,15.3459,76.1548,25.81,80.37,4.26,1.6346
20220521,Koppal,15.3459,76.1548,26.26,74.38,4.66,3.3096
20220522,Koppal,15.3459,76.1548,27.63,71.26,5.32,6.7066
20220523,Koppal,15.3459,76.1548,27.99,71.66,4.47,7.248
20220524,Koppal,15.3459,76.1548,28.6,68.53,4.21,7.2643
20220525,Koppal,15.3459,76.1548,29.18,64.32,2.87,6.493
20220526,Koppal,15.3459,76.1548,28.8,63.1,4.03,7.0618
20220527,Koppal,15.3459,76.1548,28.25,62.7,4.62,7.3469
20220528,Koppal,15.3459,76.1548,28.19,60.7,3.94,7.4993
20220529,Koppal,15.3459,76.1548,28.62,60.88,4.04,7.5458
20220530,Koppal,15.3459,76.1548,28.9,62.38,3.81,7.3582
20220531,Koppal,15.3459,76.1548,28.17,65.34,3.09,6.3247
20220601,Koppal,15.3459,76.1548,27.49,68.17,2.72,5.9198
20220602,Koppal,15.3459,76.1548,27.77,69.61,3.17,6.1651
20220603,Koppal,15.3459,76.1548,27.83,69.2,3.79,6.3425
20220604,Koppal,15.3459,76.1548,27.83,66.42,2.97,6.5798
20220605,Koppal,15.3459,76.1548,26.85,72.04,3.16,6.2306
20220606,Koppal,15.3459,76.1548,26.03,77.79,2.66,4.4806
20220607,Koppal,15.3459,76.1548,26.64,72.66,3.44,4.6553
20220608,Koppal,15.3459,76.1548,26.63,72.56,4.2,6.1615
20220609,Koppal,15.3459,76.1548,27.3,70.68,4.49,6.7054
20220610,Koppal,15.3459,76.1548,27.65,69.17,4.77,6.305
20220611,Koppal,15.3459,76.1548,27.2,66.3,4.86,6.5203
20220612,Koppal,15.3459,76.1548,26.66,65.7,4.55,5.8423
20220613,Koppal,15.3459,76.1548,27.01,67.57,3.94,5.7226
20220614,Koppal,15.3459,76.1548,27.41,66.78,4.04,6.8347
20220615,Koppal,15.3459,76.1548,26.62,68.23,3.6,4.2792
20220616,Koppal,15.3459,76.1548,26.51,70.72,3.53,5.4142
20220617,Koppal,15.3459,76.1548,25.56,77.2,2.73,5.3297
20220618,Koppal,15.3459,76.1548,25.82,72.9,3.22,5.3957
20220619,Koppal,15.3459,76.1548,26.1,71.98,3.82,5.8361
20220620,Koppal,15.3459,76.1548,26.06,70.44,4.85,5.3638
20220621,Koppal,15.3459,76.1548,25.38,76.22,5.13,4.0291
20220622,Koppal,15.3459,76.1548,25.37,78.14,3.64,4.5749
20220623,Koppal,15.3459,76.1548,26.79,70.25,4.44,5.6978
20220624,Koppal,15.3459,76.1548,26.66,70.2,5.07,5.7182
20220625,Koppal,15.3459,76.1548,25.7,74.07,5.52,4.4803
20220626,Koppal,15.3459,76.1548,25.79,72.02,5.77,5.1264
20220627,Koppal,15.3459,76.1548,26.34,72.2,5.87,5.2411
20220628,Koppal,15.3459,76.1548,25.67,76.07,3.91,4.9277
20220629,Koppal,15.3459,76.1548,26.39,74.54,4.53,5.6057
20220630,Koppal,15.3459,76.1548,26.68,73.62,4.5,5.0374
20220701,Koppal,15.3459,76.1548,26.67,74.97,4.59,4.9238
20220702,Koppal,15.3459,76.1548,26.37,74.38,4.87,4.7892
20220703,Koppal,15.3459,76.1548,26.67,73.4,5.29,4.643
20220704,Koppal,15.3459,76.1548,25.59,78.39,5.43,4.2192
20220705,Koppal,15.3459,76.1548,25.54,78.28,5.83,3.7702
20220706,Koppal,15.3459,76.1548,26.05,74.67,5.32,3.2659
20220707,Koppal,15.3459,76.1548,25.8,75.64,5.8,3.1586
20220708,Koppal,15.3459,76.1548,25.18,76.95,6.04,2.5142
20220709,Koppal,15.3459,76.1548,24.32,83.06,5.72,2.8006
20220710,Koppal,15.3459,76.1548,24.58,79.24,6.22,3.1925
20220711,Koppal,15.3459,76.1548,24.71,79.14,6.95,2.8034
20220712,Koppal,15.3459,76.1548,24.54,79.41,6.89,2.5121
20220713,Koppal,15.3459,76.1548,23.82,80.57,8.09,1.7681
20220714,Koppal,15.3459,76.1548,24.62,75.64,9.22,4.3361
20220715,Koppal,15.3459,76.1548,25.71,72.66,7.83,4.9531
20220716,Koppal,15.3459,76.1548,25.94,75.39,6.49,3.9482
20220717,Koppal,15.3459,76.1548,25.44,79.38,5.41,3.7118
20220718,Koppal,15.3459,76.1548,24.69,78.76,5.28,3.6941
20220719,Koppal,15.3459,76.1548,25.74,74.04,4.62,5.1828
20220720,Koppal,15.3459,76.1548,26.69,72.44,4.26,6.0794
20220721,Koppal,15.3459,76.1548,25.85,75.06,3.79,5.0666
20220722,Koppal,15.3459,76.1548,25.38,77.34,3.98,3.864
20220723,Koppal,15.3459,76.1548,24.82,78.25,4.62,3.264
20220724,Koppal,15.3459,76.1548,25.33,75.08,4.64,3.894
20220725,Koppal,15.3459,76.1548,25.56,75.12,3.99,4.873
20220726,Koppal,15.3459,76.1548,25.73,74.44,2.72,3.8107
20220727,Koppal,15.3459,76.1548,25.84,79.61,0.88,5.3971
20220728,Koppal,15.3459,76.1548,26.81,73.82,0.89,6.5321
20220729,Koppal,15.3459,76.1548,27.55,74.59,1.09,6.6206
20220730,Koppal,15.3459,76.1548,27.03,77.88,1.41,6.552
20220731,Koppal,15.3459,76.1548,25.94,82.01,1.75,5.6299
20220801,Koppal,15.3459,76.1548,24.88,86.5,4.11,3.6259
20220802,Koppal,15.3459,76.1548,24.89,86.07,3.59,4.1978
20220803,Koppal,15.3459,76.1548,24.39,88.04,1.77,2.6266
20220804,Koppal,15.3459,76.1548,25.87,80.28,1.54,3.9622
20220805,Koppal,15.3459,76.1548,24.68,84.99,3.88,4.4527
20220806,Koppal,15.3459,76.1548,24.43,84.27,5.58,3.9842
20220807,Koppal,15.3459,76.1548,24.41,84.89,5.32,4.3978
20220808,Koppal,15.3459,76.1548,23.73,85.93,6.53,2.9755
20220809,Koppal,15.3459,76.1548,24.27,80.61,7.42,3.5515
20220810,Koppal,15.3459,76.1548,24.23,78.81,7.48,4.6195
20220811,Koppal,15.3459,76.1548,24.89,78.28,7.01,4.5406
20220812,Koppal,15.3459,76.1548,24.76,78.32,6.05,4.9133
20220813,Koppal,15.3459,76.1548,24.43,77.8,5.47,3.8717
20220814,Koppal,15.3459,76.1548,23.44,83.03,4.7,3.0096
20220815,Koppal,15.3459,76.1548,24.2,81.59,4.44,4.1657
20220816,Koppal,15.3459,76.1548,25.08,78.39,4.05,5.1461
20220817,Koppal,15.3459,76.1548,25.19,78.34,3.95,6.0067
20220818,Koppal,15.3459,76.1548,25.26,77.48,4.43,5.3345
20220819,Koppal,15.3459,76.1548,25.15,76.94,5.04,4.6442
20220820,Koppal,15.3459,76.1548,25.23,77.82,4.88,5.2236
20220821,Koppal,15.3459,76.1548,25.3,78.51,4.68,4.5737
20220822,Koppal,15.3459,76.1548,25.5,78.13,5.26,5.1038
20220823,Koppal,15.3459,76.1548,25.28,78.8,4.2,5.2807
20220824,Koppal,15.3459,76.1548,24.95,80.35,3.72,5.1506
20220825,Koppal,15.3459,76.1548,23.9,84.94,2.75,5.1394
20220826,Koppal,15.3459,76.1548,24.14,85.14,2.49,5.2774
20220827,Koppal,15.3459,76.1548,23.66,85.26,2.66,5.3057
20220828,Koppal,15.3459,76.1548,24.66,83.03,2.54,4.477
20220829,Koppal,15.3459,76.1548,25.18,81.71,2.12,4.4155
20220830,Koppal,15.3459,76.1548,25.0,83.78,2.04,5.3278
20220831,Koppal,15.3459,76.1548,24.94,85.69,2.06,5.3278
20220901,Koppal,15.3459,76.1548,25.38,80.36,1.6,5.7346
20220902,Koppal,15.3459,76.1548,24.9,84.83,2.22,5.5346
20220903,Koppal,15.3459,76.1548,26.39,78.98,0.9,5.9237
20220904,Koppal,15.3459,76.1548,26.47,81.17,1.12,4.3505
20220905,Koppal,15.3459,76.1548,25.1,82.36,2.01,5.369
20220906,Koppal,15.3459,76.1548,25.0,82.95,1.04,5.8774
20220907,Koppal,15.3459,76.1548,25.78,77.58,0.88,5.9321
20220908,Koppal,15.3459,76.1548,24.8,85.83,1.54,3.9413
20220909,Koppal,15.3459,76.1548,24.4,88.45,2.6,4.6702
20220910,Koppal,15.3459,76.1548,24.16,87.73,3.51,3.1462
20220911,Koppal,15.3459,76.1548,23.89,86.78,5.07,3.637
20220912,Koppal,15.3459,76.1548,24.73,84.58,6.01,3.9324
20220913,Koppal,15.3459,76.1548,24.24,85.51,4.4,4.3841
20220914,Koppal,15.3459,76.1548,24.54,83.9,3.98,4.5713
20220915,Koppal,15.3459,76.1548,24.26,84.46,4.27,4.9579
20220916,Koppal,15.3459,76.1548,24.48,84.19,4.34,4.0174
20220917,Koppal,15.3459,76.1548,24.9,83.42,3.53,5.7996
20220918,Koppal,15.3459,76.1548,24.81,82.23,3.46,5.1139
20220919,Koppal,15.3459,76.1548,23.58,82.74,3.68,5.4187
20220920,Koppal,15.3459,76.1548,22.58,83.73,3.32,5.4634
20220921,Koppal,15.3459,76.1548,22.94,83.96,2.95,3.9168
20220922,Koppal,15.3459,76.1548,23.52,79.08,3.59,5.857
20220923,Koppal,15.3459,76.1548,23.59,81.51,3.31,5.3568
20220924,Koppal,15.3459,76.1548,23.97,81.45,3.16,6.2467
20220925,Koppal,15.3459,76.1548,24.34,81.62,2.47,5.7823
20220926,Koppal,15.3459,76.1548,24.02,82.89,2.98,2.6318
20220927,Koppal,15.3459,76.1548,23.79,83.39,2.57,5.5253
20220928,Koppal,15.3459,76.1548,24.51,84.22,2.69,4.4278
20220929,Koppal,15.3459,76.1548,23.85,88.26,2.92,4.0104
20220930,Koppal,15.3459,76.1548,23.88,87.0,1.88,2.5034
20221001,Koppal,15.3459,76.1548,23.81,89.69,2.56,3.2635
20221002,Koppal,15.3459,76.1548,24.32,83.3,2.74,4.8122
20221003,Koppal,15.3459,76.1548,24.71,81.07,2.72,5.2248
20221004,Koppal,15.3459,76.1548,24.26,83.84,2.51,4.715
20221005,Koppal,15.3459,76.1548,23.9,85.21,1.99,5.009
20221006,Koppal,15.3459,76.1548,22.89,91.66,2.9,1.9577
20221007,Koppal,15.3459,76.1548,23.95,84.63,3.47,3.1195
20221008,Koppal,15.3459,76.1548,24.62,79.15,1.12,6.1445
20221009,Koppal,15.3459,76.1548,24.12,86.1,1.05,3.882
20221010,Koppal,15.3459,76.1548,24.41,88.05,1.53,4.2041
20221011,Koppal,15.3459,76.1548,24.93,88.76,2.31,3.8518
20221012,Koppal,15.3459,76.1548,23.82,88.95,1.2,3.8575
20221013,Koppal,15.3459,76.1548,24.18,89.33,1.45,4.6411
20221014,Koppal,15.3459,76.1548,24.5,87.03,1.57,4.5034
20221015,Koppal,15.3459,76.1548,24.3,87.31,2.07,4.8614
20221016,Koppal,15.3459,76.1548,24.75,87.06,2.38,3.7325
20221017,Koppal,15.3459,76.1548,24.55,87.99,2.08,5.1778
20221018,Koppal,15.3459,76.1548,24.72,84.6,1.53,5.2754
20221019,Koppal,15.3459,76.1548,24.94,83.22,0.82,5.2193
20221020,Koppal,15.3459,76.1548,23.75,89.33,1.05,4.9421
20221021,Koppal,15.3459,76.1548,24.26,84.61,2.02,5.3772
20221022,Koppal,15.3459,76.1548,23.15,84.3,2.08,5.4022
20221023,Koppal,15.3459,76.1548,20.35,76.26,2.06,6.2621
20221024,Koppal,15.3459,76.1548,21.34,68.05,1.56,6.3348
20221025,Koppal,15.3459,76.1548,22.33,62.82,0.99,6.2232
20221026,Koppal,15.3459,76.1548,20.74,71.22,1.55,6.3199
20221027,Koppal,15.3459,76.1548,20.87,73.61,1.59,6.1164
20221028,Koppal,15.3459,76.1548,21.3,81.51,1.67,4.8924
20221029,Koppal,15.3459,76.1548,21.81,80.19,2.3,5.0314
20221030,Koppal,15.3459,76.1548,21.0,76.6,2.2,5.9868
20221031,Koppal,15.3459,76.1548,20.26,77.3,1.79,5.8608
20221101,Koppal,15.3459,76.1548,21.37,84.85,1.8,3.787
20221102,Koppal,15.3459,76.1548,22.0,87.84,2.12,3.6823
20221103,Koppal,15.3459,76.1548,22.58,80.53,1.83,4.6198
20221104,Koppal,15.3459,76.1548,22.94,82.82,2.19,5.0978
20221105,Koppal,15.3459,76.1548,23.46,83.72,2.22,5.3549
20221106,Koppal,15.3459,76.1548,23.35,84.12,2.07,5.1866
20221107,Koppal,15.3459,76.1548,22.58,78.17,1.9,5.4979
20221108,Koppal,15.3459,76.1548,21.37,76.04,1.74,5.5651
20221109,Koppal,15.3459,76.1548,21.41,75.32,1.61,5.37
20221110,Koppal,15.3459,76.1548,21.01,78.67,2.14,5.0275
20221111,Koppal,15.3459,76.1548,21.7,78.1,2.71,4.8041
20221112,Koppal,15.3459,76.1548,21.92,79.54,2.96,3.6862
20221113,Koppal,15.3459,76.1548,21.7,87.2,2.7,3.4282
20221114,Koppal,15.3459,76.1548,22.86,84.14,2.05,4.1047
20221115,Koppal,15.3459,76.1548,23.13,81.02,2.04,4.2905
20221116,Koppal,15.3459,76.1548,20.96,73.19,1.56,5.149
20221117,Koppal,15.3459,76.1548,19.51,69.45,1.75,5.7994
20221118,Koppal,15.3459,76.1548,19.11,71.72,1.59,5.1139
20221119,Koppal,15.3459,76.1548,19.03,71.58,1.89,5.3306
20221120,Koppal,15.3459,76.1548,18.93,71.93,1.75,5.1062
20221121,Koppal,15.3459,76.1548,20.26,75.91,1.44,3.5345
20221122,Koppal,15.3459,76.1548,22.51,83.34,1.56,4.1443
20221123,Koppal,15.3459,76.1548,23.7,82.09,1.95,3.1342
20221124,Koppal,15.3459,76.1548,24.5,77.96,2.26,3.9437
20221125,Koppal,15.3459,76.1548,24.64,76.77,1.9,4.6574
20221126,Koppal,15.3459,76.1548,24.67,78.88,1.54,3.7726
20221127,Koppal,15.3459,76.1548,24.76,75.76,1.16,4.14
20221128,Koppal,15.3459,76.1548,24.67,75.39,1.14,3.7776
20221129,Koppal,15.3459,76.1548,23.31,71.41,1.65,4.6982
20221130,Koppal,15.3459,76.1548,20.62,67.16,1.59,5.173
20221201,Koppal,15.3459,76.1548,22.06,74.69,1.66,4.3099
20221202,Koppal,15.3459,76.1548,24.28,77.99,1.89,4.2497
20221203,Koppal,15.3459,76.1548,24.69,75.97,2.36,4.8533
20221204,Koppal,15.3459,76.1548,24.9,72.31,2.31,4.8226
20221205,Koppal,15.3459,76.1548,24.33,74.58,2.18,4.2782
20221206,Koppal,15.3459,76.1548,22.88,71.53,2.01,4.6423
20221207,Koppal,15.3459,76.1548,21.7,65.95,2.07,4.063
20221208,Koppal,15.3459,76.1548,21.81,61.57,1.98,4.5406
20221209,Koppal,15.3459,76.1548,20.86,62.79,2.22,3.7486
20221210,Koppal,15.3459,76.1548,21.69,77.97,3.08,2.5241
20221211,Koppal,15.3459,76.1548,23.02,81.56,2.51,1.5802
20221212,Koppal,15.3459,76.1548,21.24,90.82,2.68,2.227
20221213,Koppal,15.3459,76.1548,23.0,83.7,3.32,2.316
20221214,Koppal,15.3459,76.1548,23.97,76.65,2.54,4.1131
20221215,Koppal,15.3459,76.1548,24.0,71.1,2.2,5.3498
20221216,Koppal,15.3459,76.1548,23.47,69.2,1.85,5.2706
20221217,Koppal,15.3459,76.1548,23.93,71.51,1.96,4.4933
20221218,Koppal,15.3459,76.1548,23.62,74.03,2.33,4.4669
20221219,Koppal,15.3459,76.1548,22.31,72.96,2.02,4.8132
20221220,Koppal,15.3459,76.1548,21.54,65.02,2.22,5.1451
20221221,Koppal,15.3459,76.1548,21.43,68.08,1.88,5.1254
20221222,Koppal,15.3459,76.1548,21.68,68.59,2.01,5.1408
20221223,Koppal,15.3459,76.1548,22.11,66.17,1.94,5.2231
20221224,Koppal,15.3459,76.1548,21.93,65.33,2.06,5.3179
20221225,Koppal,15.3459,76.1548,22.76,72.06,2.22,5.179
20221226,Koppal,15.3459,76.1548,24.71,75.75,2.95,3.2618
20221227,Koppal,15.3459,76.1548,24.96,73.87,2.64,5.1842
20221228,Koppal,15.3459,76.1548,25.31,70.55,1.85,5.1754
20221229,Koppal,15.3459,76.1548,24.67,70.1,1.65,4.8048
20221230,Koppal,15.3459,76.1548,24.15,67.09,1.63,4.8569
20221231,Koppal,15.3459,76.1548,23.57,62.25,1.16,4.7791
20230101,Koppal,15.3459,76.1548,23.41,61.03,1.02,4.7861
20230102,Koppal,15.3459,76.1548,22.81,65.26,2.26,4.9169
20230103,Koppal,15.3459,76.1548,23.15,65.21,2.19,4.9524
20230104,Koppal,15.3459,76.1548,23.12,63.23,2.75,5.1223
20230105,Koppal,15.3459,76.1548,23.01,63.77,3.22,4.3301
20230106,Koppal,15.3459,76.1548,23.24,66.02,3.56,3.923
20230107,Koppal,15.3459,76.1548,22.28,67.99,2.27,3.515
20230108,Koppal,15.3459,76.1548,21.35,54.3,2.21,5.4823
20230109,Koppal,15.3459,76.1548,19.89,45.08,1.99,5.694
20230110,Koppal,15.3459,76.1548,20.91,52.73,2.2,5.5968
20230111,Koppal,15.3459,76.1548,21.58,52.42,1.77,5.5087
20230112,Koppal,15.3459,76.1548,22.38,45.28,1.44,5.5572
20230113,Koppal,15.3459,76.1548,22.71,41.28,1.1,5.5195
20230114,Koppal,15.3459,76.1548,22.35,48.77,1.38,5.567
20230115,Koppal,15.3459,76.1548,22.53,42.5,1.99,5.6743
20230116,Koppal,15.3459,76.1548,22.19,38.72,1.95,5.8874
20230117,Koppal,15.3459,76.1548,21.84,45.41,2.18,5.8992
20230118,Koppal,15.3459,76.1548,22.17,50.72,2.34,5.8685
20230119,Koppal,15.3459,76.1548,22.45,50.3,2.5,5.7958
20230120,Koppal,15.3459,76.1548,22.35,49.38,2.71,5.64
20230121,Koppal,15.3459,76.1548,22.81,55.44,2.33,5.082
20230122,Koppal,15.3459,76.1548,22.84,54.14,2.57,5.442
20230123,Koppal,15.3459,76.1548,23.93,54.57,2.98,5.4679
20230124,Koppal,15.3459,76.1548,25.05,59.28,2.55,3.9002
20230125,Koppal,15.3459,76.1548,24.76,50.67,2.89,5.2526
20230126,Koppal,15.3459,76.1548,23.57,48.92,2.42,5.8243
20230127,Koppal,15.3459,76.1548,23.37,48.17,3.19,5.8373
20230128,Koppal,15.3459,76.1548,23.57,42.14,2.5,5.8939
20230129,Koppal,15.3459,76.1548,24.01,46.08,3.45,5.7233
20230130,Koppal,15.3459,76.1548,24.66,59.25,2.83,5.2205
20230131,Koppal,15.3459,76.1548,25.11,56.99,2.59,4.6786
20230201,Koppal,15.3459,76.1548,25.71,46.11,2.7,4.4182
20230202,Koppal,15.3459,76.1548,25.31,40.02,2.97,5.0952
20230203,Koppal,15.3459,76.1548,25.06,48.99,2.31,5.5414
20230204,Koppal,15.3459,76.1548,26.56,49.9,1.99,5.8586
20230205,Koppal,15.3459,76.1548,26.71,42.13,1.92,5.8762
20230206,Koppal,15.3459,76.1548,25.94,42.87,1.8,5.694
20230207,Koppal,15.3459,76.1548,26.35,40.15,1.15,5.1586
20230208,Koppal,15.3459,76.1548,27.05,37.5,1.67,5.4094
20230209,Koppal,15.3459,76.1548,26.41,37.01,2.06,5.9758
20230210,Koppal,15.3459,76.1548,25.71,34.52,1.82,6.1586
20230211,Koppal,15.3459,76.1548,26.1,30.17,1.98,6.4699
20230212,Koppal,15.3459,76.1548,26.4,24.77,1.85,6.4517
20230213,Koppal,15.3459,76.1548,25.09,22.78,2.62,6.6396
20230214,Koppal,15.3459,76.1548,24.41,20.71,2.32,6.8585
20230215,Koppal,15.3459,76.1548,24.46,17.57,2.29,6.8268
20230216,Koppal,15.3459,76.1548,25.36,22.62,2.81,6.7582
20230217,Koppal,15.3459,76.1548,25.51,29.11,2.3,6.6125
20230218,Koppal,15.3459,76.1548,25.47,34.2,2.07,6.5102
20230219,Koppal,15.3459,76.1548,25.54,37.65,2.17,6.4308
20230220,Koppal,15.3459,76.1548,26.45,34.62,1.78,6.5678
20230221,Koppal,15.3459,76.1548,27.67,26.82,1.7,6.5882
20230222,Koppal,15.3459,76.1548,26.79,26.15,2.1,6.517
20230223,Koppal,15.3459,76.1548,26.42,30.07,2.59,6.5407
20230224,Koppal,15.3459,76.1548,26.48,26.7,2.52,6.6492
20230225,Koppal,15.3459,76.1548,26.25,26.16,2.27,6.642
20230226,Koppal,15.3459,76.1548,26.67,27.89,2.87,6.5736
20230227,Koppal,15.3459,76.1548,26.23,32.07,3.0,6.5234
20230228,Koppal,15.3459,76.1548,26.25,29.85,3.49,6.7094
20230301,Koppal,15.3459,76.1548,26.19,31.93,3.38,6.1754
20230302,Koppal,15.3459,76.1548,26.39,31.81,3.35,6.5911
20230303,Koppal,15.3459,76.1548,26.74,30.37,3.12,6.0924
20230304,Koppal,15.3459,76.1548,27.08,30.02,3.28,5.9906
20230305,Koppal,15.3459,76.1548,27.03,27.44,3.04,6.3576
20230306,Koppal,15.3459,76.1548,27.25,28.33,3.02,6.2676
20230307,Koppal,15.3459,76.1548,27.11,26.67,3.24,6.2462
20230308,Koppal,15.3459,76.1548,27.27,32.51,3.07,6.4022
20230309,Koppal,15.3459,76.1548,26.51,33.78,2.58,5.7902
20230310,Koppal,15.3459,76.1548,26.87,32.76,2.53,6.2366
20230311,Koppal,15.3459,76.1548,27.19,36.09,3.04,6.2969
20230312,Koppal,15.3459,76.1548,27.32,33.5,3.14,6.7262
20230313,Koppal,15.3459,76.1548,28.02,28.83,2.79,6.8815
20230314,Koppal,15.3459,76.1548,27.73,31.56,1.93,6.5515
20230315,Koppal,15.3459,76.1548,28.77,29.39,2.49,4.8286
20230316,Koppal,15.3459,76.1548,28.5,42.99,2.07,4.7854
20230317,Koppal,15.3459,76.1548,28.44,43.56,1.81,5.0647
20230318,Koppal,15.3459,76.1548,29.03,44.59,2.52,5.4989
20230319,Koppal,15.3459,76.1548,27.32,40.04,3.23,6.7946
20230320,Koppal,15.3459,76.1548,26.14,35.81,2.89,7.463
20230321,Koppal,15.3459,76.1548,26.55,38.32,2.28,7.3836
20230322,Koppal,15.3459,76.1548,28.42,37.29,1.74,6.6912
20230323,Koppal,15.3459,76.1548,29.58,30.9,2.25,7.0394
20230324,Koppal,15.3459,76.1548,29.91,30.26,1.78,7.0315
20230325,Koppal,15.3459,76.1548,31.24,34.15,1.24,5.9621
20230326,Koppal,15.3459,76.1548,30.36,28.63,2.85,6.6926
20230327,Koppal,15.3459,76.1548,29.58,27.67,1.98,7.3716
20230328,Koppal,15.3459,76.1548,29.78,29.94,1.9,7.1707
20230329,Koppal,15.3459,76.1548,30.87,31.04,1.8,7.146
20230330,Koppal,15.3459,76.1548,30.1,34.86,2.03,7.1614
20230331,Koppal,15.3459,76.1548,29.79,35.82,2.52,7.1311
20230401,Koppal,15.3459,76.1548,29.23,34.88,2.45,7.4172
20230402,Koppal,15.3459,76.1548,29.24,31.38,2.51,7.6123
20230403,Koppal,15.3459,76.1548,29.26,36.25,2.03,7.5595
20230404,Koppal,15.3459,76.1548,29.89,32.76,1.51,7.4266
20230405,Koppal,15.3459,76.1548,30.89,29.33,2.2,6.9751
20230406,Koppal,15.3459,76.1548,31.51,34.74,2.25,5.7578
20230407,Koppal,15.3459,76.1548,31.36,36.31,2.87,4.6894
20230408,Koppal,15.3459,76.1548,31.01,35.06,3.08,7.195
20230409,Koppal,15.3459,76.1548,30.17,32.55,2.88,7.6819
20230410,Koppal,15.3459,76.1548,30.93,30.87,2.79,7.6109
20230411,Koppal,15.3459,76.1548,30.76,27.28,2.68,7.6555
20230412,Koppal,15.3459,76.1548,30.51,22.78,2.56,7.313
20230413,Koppal,15.3459,76.1548,31.08,26.33,1.98,6.3348
20230414,Koppal,15.3459,76.1548,31.97,30.23,0.9,5.82
20230415,Koppal,15.3459,76.1548,29.8,41.19,2.65,4.8691
20230416,Koppal,15.3459,76.1548,30.61,33.48,1.75,6.7253
20230417,Koppal,15.3459,76.1548,30.63,30.4,1.93,6.6262
20230418,Koppal,15.3459,76.1548,31.57,20.99,2.39,7.3954
20230419,Koppal,15.3459,76.1548,31.57,23.38,2.32,7.0188
20230420,Koppal,15.3459,76.1548,31.4,35.14,1.68,6.1615
20230421,Koppal,15.3459,76.1548,31.09,46.48,2.0,6.2825
20230422,Koppal,15.3459,76.1548,30.93,37.6,1.99,6.9756
20230423,Koppal,15.3459,76.1548,30.36,34.17,2.42,7.7878
20230424,Koppal,15.3459,76.1548,30.65,36.13,1.32,7.325
20230425,Koppal,15.3459,76.1548,31.66,39.81,2.36,6.6437
20230426,Koppal,15.3459,76.1548,29.91,50.2,1.75,6.9785
20230427,Koppal,15.3459,76.1548,31.01,46.67,2.01,6.4368
20230428,Koppal,15.3459,76.1548,28.92,61.65,1.61,5.8056
20230429,Koppal,15.3459,76.1548,28.59,65.6,2.1,6.1606
20230430,Koppal,15.3459,76.1548,26.66,74.35,2.08,6.2062
20230501,Koppal,15.3459,76.1548,28.29,66.03,1.66,7.1203
20230502,Koppal,15.3459,76.1548,26.87,68.17,1.86,6.6614
20230503,Koppal,15.3459,76.1548,27.82,66.8,1.18,6.2902
20230504,Koppal,15.3459,76.1548,27.84,66.45,1.24,6.2381
20230505,Koppal,15.3459,76.1548,26.99,67.74,1.48,6.3
20230506,Koppal,15.3459,76.1548,28.3,63.42,2.04,6.7865
20230507,Koppal,15.3459,76.1548,28.53,66.82,1.84,5.4648
20230508,Koppal,15.3459,76.1548,28.31,68.52,1.8,5.5046
20230509,Koppal,15.3459,76.1548,29.17,68.24,1.23,6.2995
20230510,Koppal,15.3459,76.1548,29.49,66.56,1.63,5.8848
20230511,Koppal,15.3459,76.1548,30.33,60.31,1.78,5.4422
20230512,Koppal,15.3459,76.1548,30.89,59.17,1.82,6.1903
20230513,Koppal,15.3459,76.1548,30.31,61.22,4.11,6.9377
20230514,Koppal,15.3459,76.1548,29.99,58.11,3.71,7.4909
20230515,Koppal,15.3459,76.1548,29.52,55.16,3.61,7.6145
20230516,Koppal,15.3459,76.1548,29.96,49.26,2.49,7.7736
20230517,Koppal,15.3459,76.1548,30.57,47.08,2.41,7.7618
20230518,Koppal,15.3459,76.1548,31.46,46.23,2.52,7.2962
20230519,Koppal,15.3459,76.1548,32.15,43.22,2.05,6.5854
20230520,Koppal,15.3459,76.1548,32.04,44.21,2.72,6.8945
20230521,Koppal,15.3459,76.1548,32.07,48.31,2.15,6.4442
20230522,Koppal,15.3459,76.1548,31.25,52.28,2.51,6.0617
20230523,Koppal,15.3459,76.1548,31.33,53.8,1.79,6.6914
20230524,Koppal,15.3459,76.1548,31.15,51.74,3.19,6.8093
20230525,Koppal,15.3459,76.1548,30.5,54.98,3.28,6.4606
20230526,Koppal,15.3459,76.1548,30.73,49.66,3.67,7.2175
20230527,Koppal,15.3459,76.1548,31.13,49.55,3.36,7.4474
20230528,Koppal,15.3459,76.1548,31.6,45.83,2.96,6.9266
20230529,Koppal,15.3459,76.1548,32.67,44.78,2.32,6.2906
20230530,Koppal,15.3459,76.1548,30.89,53.02,2.26,3.0384
20230531,Koppal,15.3459,76.1548,30.42,57.0,2.35,6.5342
20230601,Koppal,15.3459,76.1548,28.0,66.94,3.91,5.4998
20230602,Koppal,15.3459,76.1548,30.27,52.92,3.9,7.0061
20230603,Koppal,15.3459,76.1548,31.27,48.04,3.36,7.1762
20230604,Koppal,15.3459,76.1548,31.57,50.32,3.45,5.8589
20230605,Koppal,15.3459,76.1548,31.21,51.03,4.19,6.7474
20230606,Koppal,15.3459,76.1548,31.44,51.01,4.05,7.003
20230607,Koppal,15.3459,76.1548,29.66,61.22,3.96,6.3084
20230608,Koppal,15.3459,76.1548,30.01,57.32,4.04,6.3338
20230609,Koppal,15.3459,76.1548,30.24,56.77,4.88,6.624
20230610,Koppal,15.3459,76.1548,28.91,61.34,5.19,6.3598
20230611,Koppal,15.3459,76.1548,29.29,60.26,5.56,6.1046
20230612,Koppal,15.3459,76.1548,29.54,59.93,5.22,7.1844
20230613,Koppal,15.3459,76.1548,29.94,58.78,5.81,6.8311
20230614,Koppal,15.3459,76.1548,29.99,58.6,5.98,6.6194
20230615,Koppal,15.3459,76.1548,30.69,54.27,5.23,7.159
20230616,Koppal,15.3459,76.1548,30.73,54.96,5.68,7.1791
20230617,Koppal,15.3459,76.1548,30.52,56.32,5.71,6.0998
20230618,Koppal,15.3459,76.1548,29.75,57.63,5.15,5.3489
20230619,Koppal,15.3459,76.1548,28.78,60.51,4.52,5.3357
20230620,Koppal,15.3459,76.1548,30.29,54.35,4.19,6.3415
20230621,Koppal,15.3459,76.1548,28.94,59.86,4.49,5.5205
20230622,Koppal,15.3459,76.1548,27.6,64.54,4.16,5.3882
20230623,Koppal,15.3459,76.1548,28.75,56.3,4.82,4.8288
20230624,Koppal,15.3459,76.1548,27.31,62.59,5.22,4.284
20230625,Koppal,15.3459,76.1548,27.79,62.38,5.53,3.4922
20230626,Koppal,15.3459,76.1548,27.76,63.87,5.7,5.713
20230627,Koppal,15.3459,76.1548,27.33,64.0,5.55,4.9678
20230628,Koppal,15.3459,76.1548,26.72,63.29,6.14,4.8557
20230629,Koppal,15.3459,76.1548,26.1,65.16,6.11,5.0947
20230630,Koppal,15.3459,76.1548,26.67,67.46,5.95,5.2721
20230701,Koppal,15.3459,76.1548,26.78,68.7,5.55,4.9788
20230702,Koppal,15.3459,76.1548,27.06,71.79,5.58,5.6042
20230703,Koppal,15.3459,76.1548,26.52,77.67,5.45,4.5674
20230704,Koppal,15.3459,76.1548,26.03,79.19,5.88,4.8761
20230705,Koppal,15.3459,76.1548,24.78,74.71,6.56,4.0843
20230706,Koppal,15.3459,76.1548,24.55,72.01,7.09,3.4802
20230707,Koppal,15.3459,76.1548,26.03,71.79,6.07,3.9907
20230708,Koppal,15.3459,76.1548,26.25,71.41,5.88,3.6941
20230709,Koppal,15.3459,76.1548,26.67,73.16,4.91,4.2266
20230710,Koppal,15.3459,76.1548,27.2,71.41,4.73,4.6152
20230711,Koppal,15.3459,76.1548,26.86,69.92,4.97,4.8962
20230712,Koppal,15.3459,76.1548,26.32,71.13,4.85,5.371
20230713,Koppal,15.3459,76.1548,26.98,69.54,5.59,5.2279
20230714,Koppal,15.3459,76.1548,27.22,66.76,6.02,5.2015
20230715,Koppal,15.3459,76.1548,27.13,69.13,5.19,4.6025
20230716,Koppal,15.3459,76.1548,25.84,76.75,4.56,3.8292
20230717,Koppal,15.3459,76.1548,26.8,72.59,5.42,3.4534
20230718,Koppal,15.3459,76.1548,25.7,77.54,6.74,2.5994
20230719,Koppal,15.3459,76.1548,25.05,79.59,7.49,2.3993
20230720,Koppal,15.3459,76.1548,25.47,76.74,6.97,2.1497
20230721,Koppal,15.3459,76.1548,25.11,79.0,6.3,2.5342
20230722,Koppal,15.3459,76.1548,25.97,75.21,6.86,3.6091
20230723,Koppal,15.3459,76.1548,25.99,74.86,7.21,2.9981
20230724,Koppal,15.3459,76.1548,24.97,79.83,6.49,3.1219
20230725,Koppal,15.3459,76.1548,24.81,79.9,6.25,2.4262
20230726,Koppal,15.3459,76.1548,24.15,85.53,6.0,2.3988
20230727,Koppal,15.3459,76.1548,23.98,84.55,6.69,2.5399
20230728,Koppal,15.3459,76.1548,25.87,76.03,6.55,4.2766
20230729,Koppal,15.3459,76.1548,26.15,74.81,6.1,5.0472
20230730,Koppal,15.3459,76.1548,26.15,74.67,5.61,5.0093
20230731,Koppal,15.3459,76.1548,26.34,74.71,5.86,4.5439
20230801,Koppal,15.3459,76.1548,26.27,74.68,6.25,3.6842
20230802,Koppal,15.3459,76.1548,25.64,75.83,6.38,3.2777
20230803,Koppal,15.3459,76.1548,26.09,73.66,6.19,3.8455
20230804,Koppal,15.3459,76.1548,26.49,73.11,5.76,5.0083
20230805,Koppal,15.3459,76.1548,26.61,72.08,5.3,5.5642
20230806,Koppal,15.3459,76.1548,26.7,72.17,5.01,5.6323
20230807,Koppal,15.3459,76.1548,26.8,71.22,5.14,4.5893
20230808,Koppal,15.3459,76.1548,26.91,70.31,4.29,4.2838
20230809,Koppal,15.3459,76.1548,26.85,72.47,3.54,5.7554
20230810,Koppal,15.3459,76.1548,26.87,71.92,3.32,6.0295
20230811,Koppal,15.3459,76.1548,26.66,71.12,3.54,5.9251
20230812,Koppal,15.3459,76.1548,26.76,71.17,4.01,5.3273
20230813,Koppal,15.3459,76.1548,26.14,71.01,3.99,5.5536
20230814,Koppal,15.3459,76.1548,25.61,72.23,4.14,5.4696
20230815,Koppal,15.3459,76.1548,26.33,69.92,3.81,5.4506
20230816,Koppal,15.3459,76.1548,27.03,68.28,3.61,6.4469
20230817,Koppal,15.3459,76.1548,26.63,69.8,4.53,4.8401
20230818,Koppal,15.3459,76.1548,26.28,71.26,4.64,4.7674
20230819,Koppal,15.3459,76.1548,25.75,74.96,4.46,3.6838
20230820,Koppal,15.3459,76.1548,27.01,69.94,4.44,5.3647
20230821,Koppal,15.3459,76.1548,27.43,66.39,3.78,6.1807
20230822,Koppal,15.3459,76.1548,27.23,65.61,3.36,6.1807
20230823,Koppal,15.3459,76.1548,27.02,67.04,3.66,5.8394
20230824,Koppal,15.3459,76.1548,27.17,67.76,3.93,5.7703
20230825,Koppal,15.3459,76.1548,27.17,69.95,4.0,5.3225
20230826,Koppal,15.3459,76.1548,26.58,74.0,3.51,3.9418
20230827,Koppal,15.3459,76.1548,27.26,68.25,4.0,6.2256
20230828,Koppal,15.3459,76.1548,26.93,70.58,4.52,5.8548
20230829,Koppal,15.3459,76.1548,26.96,69.88,3.97,5.3779
20230830,Koppal,15.3459,76.1548,27.27,68.96,3.17,4.9301
20230831,Koppal,15.3459,76.1548,26.98,74.57,2.14,5.3256
20230901,Koppal,15.3459,76.1548,27.34,74.51,2.07,6.2386
20230902,Koppal,15.3459,76.1548,24.86,84.5,3.26,5.3436
20230903,Koppal,15.3459,76.1548,22.7,84.52,3.88,3.3564
20230904,Koppal,15.3459,76.1548,23.38,81.61,4.3,1.3123
20230905,Koppal,15.3459,76.1548,25.0,75.28,3.9,2.1974
20230906,Koppal,15.3459,76.1548,25.16,77.48,3.8,6.0014
20230907,Koppal,15.3459,76.1548,24.73,79.28,4.19,5.7173
20230908,Koppal,15.3459,76.1548,25.39,77.08,4.81,3.9768
20230909,Koppal,15.3459,76.1548,26.0,78.85,4.57,4.513
20230910,Koppal,15.3459,76.1548,25.57,80.09,4.12,4.4314
20230911,Koppal,15.3459,76.1548,25.8,77.18,4.13,4.6632
20230912,Koppal,15.3459,76.1548,25.88,76.05,4.14,5.8349
20230913,Koppal,15.3459,76.1548,25.16,76.51,4.03,5.9138
20230914,Koppal,15.3459,76.1548,26.0,75.85,3.82,5.1612
20230915,Koppal,15.3459,76.1548,25.85,76.62,4.2,4.5982
20230916,Koppal,15.3459,76.1548,26.19,75.2,4.69,5.555
20230917,Koppal,15.3459,76.1548,26.59,75.18,4.14,4.9757
20230918,Koppal,15.3459,76.1548,26.33,75.27,3.91,5.7043
20230919,Koppal,15.3459,76.1548,26.09,75.71,3.83,5.3611
20230920,Koppal,15.3459,76.1548,26.27,75.79,4.02,5.3674
20230921,Koppal,15.3459,76.1548,26.0,78.24,3.04,4.9598
20230922,Koppal,15.3459,76.1548,25.79,79.03,1.96,3.7946
20230923,Koppal,15.3459,76.1548,26.69,75.06,2.45,4.6834
20230924,Koppal,15.3459,76.1548,25.69,78.82,2.87,4.1443
20230925,Koppal,15.3459,76.1548,25.7,75.49,2.91,5.491
20230926,Koppal,15.3459,76.1548,25.51,77.93,3.22,4.1921
20230927,Koppal,15.3459,76.1548,25.89,76.16,3.01,4.4875
20230928,Koppal,15.3459,76.1548,26.4,74.91,2.46,5.1362
20230929,Koppal,15.3459,76.1548,26.29,75.68,3.61,5.3028
20230930,Koppal,15.3459,76.1548,24.64,80.6,4.52,4.3495
20231001,Koppal,15.3459,76.1548,26.18,76.33,5.32,3.3914
20231002,Koppal,15.3459,76.1548,25.61,74.95,4.48,2.8548
20231003,Koppal,15.3459,76.1548,26.57,71.18,2.99,5.1168
20231004,Koppal,15.3459,76.1548,27.26,69.83,2.27,4.403
20231005,Koppal,15.3459,76.1548,27.09,69.81,1.85,4.8552
20231006,Koppal,15.3459,76.1548,26.91,63.25,1.87,6.024
20231007,Koppal,15.3459,76.1548,27.1,60.91,1.46,6.2743
20231008,Koppal,15.3459,76.1548,27.95,60.6,1.51,6.0473
20231009,Koppal,15.3459,76.1548,27.65,60.71,1.67,5.7319
20231010,Koppal,15.3459,76.1548,28.16,61.02,1.88,4.9774
20231011,Koppal,15.3459,76.1548,28.44,61.87,1.92,5.0076
20231012,Koppal,15.3459,76.1548,28.71,58.5,2.24,5.838
20231013,Koppal,15.3459,76.1548,28.36,52.65,2.39,5.0522
20231014,Koppal,15.3459,76.1548,28.14,57.69,2.07,5.591
20231015,Koppal,15.3459,76.1548,28.49,56.23,1.59,5.3213
20231016,Koppal,15.3459,76.1548,27.04,62.15,1.63,4.9308
20231017,Koppal,15.3459,76.1548,28.43,54.52,2.5,5.4338
20231018,Koppal,15.3459,76.1548,28.53,48.27,2.41,5.8032
20231019,Koppal,15.3459,76.1548,28.49,47.13,2.33,5.6971
20231020,Koppal,15.3459,76.1548,28.56,48.59,2.51,5.1586
20231021,Koppal,15.3459,76.1548,28.93,48.12,2.69,5.0554
20231022,Koppal,15.3459,76.1548,28.06,49.04,2.67,5.5313
20231023,Koppal,15.3459,76.1548,26.8,44.7,2.76,5.8296
20231024,Koppal,15.3459,76.1548,26.79,45.83,2.63,6.1325
20231025,Koppal,15.3459,76.1548,26.39,42.0,2.85,6.1277
20231026,Koppal,15.3459,76.1548,25.95,39.1,2.83,6.0319
20231027,Koppal,15.3459,76.1548,25.4,38.6,2.3,6.1174
20231028,Koppal,15.3459,76.1548,26.85,48.14,2.02,5.1655
20231029,Koppal,15.3459,76.1548,28.07,59.35,2.78,4.9109
20231030,Koppal,15.3459,76.1548,28.04,59.97,2.47,4.1947
20231031,Koppal,15.3459,76.1548,26.72,64.59,2.59,3.9854
20231101,Koppal,15.3459,76.1548,27.34,59.37,2.04,4.301
20231102,Koppal,15.3459,76.1548,28.46,50.44,2.31,4.6663
20231103,Koppal,15.3459,76.1548,28.4,58.61,2.58,4.5074
20231104,Koppal,15.3459,76.1548,27.29,62.79,2.82,4.2098
20231105,Koppal,15.3459,76.1548,26.11,72.77,3.11,3.8405
20231106,Koppal,15.3459,76.1548,24.89,79.73,1.91,2.7934
20231107,Koppal,15.3459,76.1548,25.44,79.02,2.19,3.9353
20231108,Koppal,15.3459,76.1548,25.4,78.07,2.27,3.3137
20231109,Koppal,15.3459,76.1548,25.01,78.05,2.59,3.9698
20231110,Koppal,15.3459,76.1548,25.08,75.39,1.96,4.9133
20231111,Koppal,15.3459,76.1548,25.05,67.77,2.5,5.3028
20231112,Koppal,15.3459,76.1548,24.23,64.63,2.42,5.0834
20231113,Koppal,15.3459,76.1548,24.01,68.58,2.22,4.4062
20231114,Koppal,15.3459,76.1548,23.73,73.03,2.21,3.821
20231115,Koppal,15.3459,76.1548,23.92,69.07,1.62,4.4782
20231116,Koppal,15.3459,76.1548,24.26,65.13,1.53,4.4938
20231117,Koppal,15.3459,76.1548,24.52,64.31,1.99,4.8828
20231118,Koppal,15.3459,76.1548,25.49,67.54,2.1,4.9872
20231119,Koppal,15.3459,76.1548,25.57,69.15,2.6,4.6925
20231120,Koppal,15.3459,76.1548,24.72,65.51,2.41,4.6061
20231121,Koppal,15.3459,76.1548,25.09,70.38,2.54,4.2593
20231122,Koppal,15.3459,76.1548,25.97,70.02,2.53,4.3178
20231123,Koppal,15.3459,76.1548,26.38,68.37,2.56,4.4714
20231124,Koppal,15.3459,76.1548,26.49,70.26,2.79,3.1385
20231125,Koppal,15.3459,76.1548,26.34,64.82,3.29,3.0444
20231126,Koppal,15.3459,76.1548,25.41,67.07,3.31,3.6648
20231127,Koppal,15.3459,76.1548,26.15,62.0,3.02,3.5062
20231128,Koppal,15.3459,76.1548,26.46,64.95,2.39,4.5871
20231129,Koppal,15.3459,76.1548,26.25,64.13,2.79,4.0493
20231130,Koppal,15.3459,76.1548,26.22,66.19,3.31,4.8007
20231201,Koppal,15.3459,76.1548,26.44,60.51,2.67,4.6774
20231202,Koppal,15.3459,76.1548,26.19,56.11,3.18,5.2342
20231203,Koppal,15.3459,76.1548,26.79,63.95,4.2,4.5158
20231204,Koppal,15.3459,76.1548,26.16,62.86,3.52,3.1632
20231205,Koppal,15.3459,76.1548,25.84,57.4,3.05,2.9719
20231206,Koppal,15.3459,76.1548,25.44,57.75,1.46,4.0769
20231207,Koppal,15.3459,76.1548,25.41,62.58,1.78,3.7865
20231208,Koppal,15.3459,76.1548,25.45,69.72,1.97,3.9977
20231209,Koppal,15.3459,76.1548,24.81,67.88,2.44,3.7265
20231210,Koppal,15.3459,76.1548,24.69,61.54,2.3,4.6114
20231211,Koppal,15.3459,76.1548,24.33,58.0,2.07,4.7074
20231212,Koppal,15.3459,76.1548,23.62,55.44,1.93,5.0597
20231213,Koppal,15.3459,76.1548,23.21,58.3,2.62,4.7424
20231214,Koppal,15.3459,76.1548,22.42,54.48,2.72,5.2166
20231215,Koppal,15.3459,76.1548,22.66,60.44,2.27,4.7496
20231216,Koppal,15.3459,76.1548,24.65,67.54,2.64,2.7742
20231217,Koppal,15.3459,76.1548,25.16,64.84,3.6,2.3825
20231218,Koppal,15.3459,76.1548,24.17,64.07,3.53,3.0346
20231219,Koppal,15.3459,76.1548,23.71,53.06,3.27,4.0526
20231220,Koppal,15.3459,76.1548,23.52,57.05,2.78,4.0649
20231221,Koppal,15.3459,76.1548,23.24,58.15,2.09,4.6793
20231222,Koppal,15.3459,76.1548,22.82,53.42,1.82,4.2662
20231223,Koppal,15.3459,76.1548,23.04,49.48,2.54,4.8122
20231224,Koppal,15.3459,76.1548,22.75,54.06,2.78,4.9306
20231225,Koppal,15.3459,76.1548,24.05,48.98,2.63,5.0052
20231226,Koppal,15.3459,76.1548,23.65,53.22,2.55,4.95
20231227,Koppal,15.3459,76.1548,23.72,56.15,3.09,5.1377
20231228,Koppal,15.3459,76.1548,23.61,54.03,2.93,5.321
20231229,Koppal,15.3459,76.1548,23.33,55.59,2.88,5.3645
20231230,Koppal,15.3459,76.1548,23.6,52.17,2.67,5.1444
20231231,Koppal,15.3459,76.1548,22.97,56.25,2.68,5.0978
20240101,Koppal,15.3459,76.1548,23.47,56.8,2.35,4.9279
20240102,Koppal,15.3459,76.1548,23.61,56.65,2.68,4.6867
20240103,Koppal,15.3459,76.1548,23.78,57.77,2.82,4.11
20240104,Koppal,15.3459,76.1548,24.16,57.05,2.51,4.049
20240105,Koppal,15.3459,76.1548,24.69,51.15,2.64,4.698
20240106,Koppal,15.3459,76.1548,23.77,53.32,3.03,4.1112
20240107,Koppal,15.3459,76.1548,23.89,56.9,3.85,4.5768
20240108,Koppal,15.3459,76.1548,24.02,60.67,3.94,3.5414
20240109,Koppal,15.3459,76.1548,24.66,58.58,3.94,3.2604
20240110,Koppal,15.3459,76.1548,24.37,54.04,3.25,4.776
20240111,Koppal,15.3459,76.1548,24.67,50.98,2.81,5.3981
20240112,Koppal,15.3459,76.1548,24.8,50.58,3.11,5.178
20240113,Koppal,15.3459,76.1548,25.25,55.5,2.15,4.5094
20240114,Koppal,15.3459,76.1548,24.85,48.67,1.83,4.6267
20240115,Koppal,15.3459,76.1548,24.82,46.98,1.23,4.5991
20240116,Koppal,15.3459,76.1548,24.68,46.36,1.42,4.7172
20240117,Koppal,15.3459,76.1548,25.32,52.19,1.62,4.9906
20240118,Koppal,15.3459,76.1548,25.27,52.76,0.81,4.3142
20240119,Koppal,15.3459,76.1548,25.77,49.18,1.81,4.9697
20240120,Koppal,15.3459,76.1548,26.23,48.92,2.05,4.877
20240121,Koppal,15.3459,76.1548,26.11,44.72,0.9,5.0453
20240122,Koppal,15.3459,76.1548,26.81,43.17,1.26,5.4672
20240123,Koppal,15.3459,76.1548,25.4,40.79,1.57,5.2562
20240124,Koppal,15.3459,76.1548,24.68,31.7,1.45,5.5961
20240125,Koppal,15.3459,76.1548,24.97,43.84,2.01,4.9685
20240126,Koppal,15.3459,76.1548,25.21,52.66,2.52,5.4823
20240127,Koppal,15.3459,76.1548,25.16,53.37,2.86,5.1437
20240128,Koppal,15.3459,76.1548,24.55,52.79,2.95,5.3066
20240129,Koppal,15.3459,76.1548,24.48,50.92,2.67,5.3957
20240130,Koppal,15.3459,76.1548,24.35,45.95,2.19,5.3597
20240131,Koppal,15.3459,76.1548,25.01,38.56,1.51,5.7754
20240201,Koppal,15.3459,76.1548,24.97,46.24,1.9,6.0286
20240202,Koppal,15.3459,76.1548,25.18,40.98,1.5,6.047
20240203,Koppal,15.3459,76.1548,26.47,47.07,2.09,5.4026
20240204,Koppal,15.3459,76.1548,27.13,48.17,2.6,5.718
20240205,Koppal,15.3459,76.1548,26.79,42.45,2.35,5.7984
20240206,Koppal,15.3459,76.1548,27.27,40.77,2.13,5.9515
20240207,Koppal,15.3459,76.1548,27.32,38.96,1.84,5.9354
20240208,Koppal,15.3459,76.1548,27.65,33.79,1.96,5.8596
20240209,Koppal,15.3459,76.1548,27.28,37.99,2.48,5.9611
20240210,Koppal,15.3459,76.1548,27.2,45.21,2.81,5.7343
20240211,Koppal,15.3459,76.1548,26.87,45.86,3.12,5.9398
20240212,Koppal,15.3459,76.1548,26.45,40.28,3.19,6.3569
20240213,Koppal,15.3459,76.1548,25.61,39.5,2.82,6.385
20240214,Koppal,15.3459,76.1548,26.55,48.63,3.31,6.0444
20240215,Koppal,15.3459,76.1548,27.11,39.64,3.35,6.192
20240216,Koppal,15.3459,76.1548,25.82,35.2,3.35,6.7966
20240217,Koppal,15.3459,76.1548,25.46,32.35,2.55,6.8306
20240218,Koppal,15.3459,76.1548,25.8,32.13,1.63,6.738
20240219,Koppal,15.3459,76.1548,26.43,30.45,1.58,6.468
20240220,Koppal,15.3459,76.1548,27.71,33.01,1.27,6.2107
20240221,Koppal,15.3459,76.1548,27.53,27.69,1.94,6.4406
20240222,Koppal,15.3459,76.1548,27.19,38.62,2.6,6.6576
20240223,Koppal,15.3459,76.1548,26.88,36.12,1.95,6.684
20240224,Koppal,15.3459,76.1548,27.46,23.89,1.33,6.3458
20240225,Koppal,15.3459,76.1548,28.28,35.53,2.23,5.8517
20240226,Koppal,15.3459,76.1548,28.48,46.87,3.92,6.2318
20240227,Koppal,15.3459,76.1548,27.73,45.02,3.09,6.6773
20240228,Koppal,15.3459,76.1548,28.01,39.35,3.04,6.6619
20240229,Koppal,15.3459,76.1548,28.7,32.72,3.32,6.4222
20240301,Koppal,15.3459,76.1548,28.99,32.04,2.9,6.2981
20240302,Koppal,15.3459,76.1548,29.11,33.54,2.33,6.6091
20240303,Koppal,15.3459,76.1548,29.22,40.47,1.28,6.409
20240304,Koppal,15.3459,76.1548,29.95,33.84,1.93,6.4051
20240305,Koppal,15.3459,76.1548,31.08,29.77,1.56,6.5066
20240306,Koppal,15.3459,76.1548,31.1,28.07,1.54,6.5062
20240307,Koppal,15.3459,76.1548,28.91,26.68,2.07,6.6574
20240308,Koppal,15.3459,76.1548,28.84,20.24,2.38,6.575
20240309,Koppal,15.3459,76.1548,29.72,30.52,2.14,5.9179
20240310,Koppal,15.3459,76.1548,31.84,33.41,2.24,5.5946
20240311,Koppal,15.3459,76.1548,30.57,39.32,2.76,5.3866
20240312,Koppal,15.3459,76.1548,31.73,34.31,2.24,5.5942
20240313,Koppal,15.3459,76.1548,32.08,28.75,2.1,5.8214
20240314,Koppal,15.3459,76.1548,30.02,30.28,2.4,6.265
20240315,Koppal,15.3459,76.1548,30.64,27.06,1.73,6.0595
20240316,Koppal,15.3459,76.1548,30.77,26.61,1.24,5.9726
20240317,Koppal,15.3459,76.1548,31.8,29.07,1.77,5.869
20240318,Koppal,15.3459,76.1548,31.7,29.69,1.51,5.8742
20240319,Koppal,15.3459,76.1548,31.72,27.93,1.63,6.0922
20240320,Koppal,15.3459,76.1548,30.92,28.64,2.83,6.367
20240321,Koppal,15.3459,76.1548,29.75,44.04,3.22,6.4351
20240322,Koppal,15.3459,76.1548,30.61,39.74,2.07,6.2484
20240323,Koppal,15.3459,76.1548,31.85,29.92,1.56,6.4481
20240324,Koppal,15.3459,76.1548,32.87,28.67,2.23,6.1373
20240325,Koppal,15.3459,76.1548,32.13,26.87,2.81,6.4159
20240326,Koppal,15.3459,76.1548,32.17,27.05,2.76,6.2734
20240327,Koppal,15.3459,76.1548,32.31,23.73,2.85,6.8674
20240328,Koppal,15.3459,76.1548,31.97,22.54,2.53,6.8774
20240329,Koppal,15.3459,76.1548,32.55,24.37,2.75,6.7567
20240330,Koppal,15.3459,76.1548,32.49,31.27,2.6,6.7289
20240331,Koppal,15.3459,76.1548,31.54,25.66,2.63,7.0915
20240401,Koppal,15.3459,76.1548,31.69,25.86,2.16,6.8947
20240402,Koppal,15.3459,76.1548,32.3,24.93,1.73,6.4594
20240403,Koppal,15.3459,76.1548,33.21,28.87,1.81,6.473
20240404,Koppal,15.3459,76.1548,34.1,24.91,1.56,6.7973
20240405,Koppal,15.3459,76.1548,33.33,25.79,1.75,6.8443
20240406,Koppal,15.3459,76.1548,33.46,24.77,2.04,6.3146
20240407,Koppal,15.3459,76.1548,33.61,32.84,3.27,6.4121
20240408,Koppal,15.3459,76.1548,33.24,26.66,1.97,6.7154
20240409,Koppal,15.3459,76.1548,32.87,34.8,3.61,6.8479
20240410,Koppal,15.3459,76.1548,32.54,35.55,3.28,6.8436
20240411,Koppal,15.3459,76.1548,33.56,33.79,2.9,6.455
20240412,Koppal,15.3459,76.1548,32.91,38.88,2.89,6.2249
20240413,Koppal,15.3459,76.1548,32.24,42.05,1.7,4.9289
20240414,Koppal,15.3459,76.1548,32.89,38.86,2.23,6.9149
20240415,Koppal,15.3459,76.1548,32.84,30.25,2.91,7.2866
20240416,Koppal,15.3459,76.1548,33.53,29.59,2.55,7.1035
20240417,Koppal,15.3459,76.1548,33.05,37.02,2.12,5.6441
20240418,Koppal,15.3459,76.1548,34.32,34.14,0.92,4.8235
20240419,Koppal,15.3459,76.1548,31.65,46.21,2.12,5.4542
20240420,Koppal,15.3459,76.1548,29.69,57.72,1.69,1.5576
20240421,Koppal,15.3459,76.1548,29.95,61.95,1.35,6.0331
20240422,Koppal,15.3459,76.1548,30.22,61.37,1.44,5.9138
20240423,Koppal,15.3459,76.1548,31.22,49.2,1.8,7.4081
20240424,Koppal,15.3459,76.1548,30.63,50.53,1.93,7.2288
20240425,Koppal,15.3459,76.1548,31.06,47.91,1.88,7.2468
20240426,Koppal,15.3459,76.1548,32.26,40.49,2.24,7.3606
20240427,Koppal,15.3459,76.1548,32.18,40.52,2.85,7.2881
20240428,Koppal,15.3459,76.1548,33.54,33.4,2.3,6.9576
20240429,Koppal,15.3459,76.1548,33.34,39.25,1.98,7.0286
20240430,Koppal,15.3459,76.1548,34.27,26.03,1.39,6.8213
20240501,Koppal,15.3459,76.1548,33.47,40.84,3.34,6.8947
20240502,Koppal,15.3459,76.1548,33.49,35.27,2.57,7.3812
20240503,Koppal,15.3459,76.1548,33.36,32.75,3.62,7.6265
20240504,Koppal,15.3459,76.1548,32.84,33.05,3.55,7.614
20240505,Koppal,15.3459,76.1548,33.05,37.62,3.34,7.2127
20240506,Koppal,15.3459,76.1548,34.41,39.79,3.15,6.8249
20240507,Koppal,15.3459,76.1548,34.11,39.54,2.31,6.5695
20240508,Koppal,15.3459,76.1548,32.77,43.41,2.49,6.9523
20240509,Koppal,15.3459,76.1548,32.54,44.99,2.17,6.3701
20240510,Koppal,15.3459,76.1548,32.4,46.14,2.07,5.8997
20240511,Koppal,15.3459,76.1548,32.97,44.01,2.25,6.1082
20240512,Koppal,15.3459,76.1548,30.78,56.38,1.9,6.4421
20240513,Koppal,15.3459,76.1548,28.62,68.09,2.18,4.5646
20240514,Koppal,15.3459,76.1548,28.89,66.0,1.47,6.03
20240515,Koppal,15.3459,76.1548,28.89,66.8,1.75,6.0096
20240516,Koppal,15.3459,76.1548,28.69,67.08,1.88,5.9254
20240517,Koppal,15.3459,76.1548,29.27,64.5,1.96,5.8963
20240518,Koppal,15.3459,76.1548,28.88,68.19,0.99,5.8944
20240519,Koppal,15.3459,76.1548,28.59,70.34,0.94,5.1732
20240520,Koppal,15.3459,76.1548,28.14,73.65,1.44,5.4504
20240521,Koppal,15.3459,76.1548,29.46,67.99,2.21,5.8058
20240522,Koppal,15.3459,76.1548,30.47,64.54,2.33,6.8933
20240523,Koppal,15.3459,76.1548,31.11,62.52,1.93,5.647
20240524,Koppal,15.3459,76.1548,29.21,69.63,2.3,5.2534
20240525,Koppal,15.3459,76.1548,28.07,67.67,5.22,2.7029
20240526,Koppal,15.3459,76.1548,29.17,67.3,5.58,5.0177
20240527,Koppal,15.3459,76.1548,30.04,64.07,5.01,4.0063
20240528,Koppal,15.3459,76.1548,29.28,64.26,5.44,5.9789
20240529,Koppal,15.3459,76.1548,29.72,64.38,5.32,6.984
20240530,Koppal,15.3459,76.1548,30.59,61.56,3.99,7.0745
20240531,Koppal,15.3459,76.1548,30.79,60.1,3.67,7.0229
20240601,Koppal,15.3459,76.1548,27.24,74.48,3.59,6.0922
20240602,Koppal,15.3459,76.1548,28.62,67.85,2.79,6.0634
20240603,Koppal,15.3459,76.1548,26.61,76.74,2.57,4.2593
20240604,Koppal,15.3459,76.1548,27.76,73.99,2.79,5.461
20240605,Koppal,15.3459,76.1548,28.11,71.26,2.53,5.4274
20240606,Koppal,15.3459,76.1548,27.55,74.5,2.1,5.3784
20240607,Koppal,15.3459,76.1548,26.79,75.7,2.82,3.8594
20240608,Koppal,15.3459,76.1548,25.77,77.98,6.45,4.0219
20240609,Koppal,15.3459,76.1548,25.67,78.81,4.7,4.1354
20240610,Koppal,15.3459,76.1548,25.09,80.37,5.8,4.0447
20240611,Koppal,15.3459,76.1548,24.99,74.88,5.78,3.7934
20240612,Koppal,15.3459,76.1548,24.68,79.14,5.1,3.6684
20240613,Koppal,15.3459,76.1548,24.79,77.87,4.54,3.7694
20240614,Koppal,15.3459,76.1548,25.61,69.9,4.89,5.2248
20240615,Koppal,15.3459,76.1548,27.06,71.57,4.36,6.5933
20240616,Koppal,15.3459,76.1548,26.77,75.28,4.4,6.4625
20240617,Koppal,15.3459,76.1548,26.77,73.48,3.88,6.2443
20240618,Koppal,15.3459,76.1548,26.45,72.0,4.33,6.2477
20240619,Koppal,15.3459,76.1548,26.56,72.9,4.76,5.2574
20240620,Koppal,15.3459,76.1548,27.03,73.01,5.2,5.9366
20240621,Koppal,15.3459,76.1548,27.3,72.69,5.51,5.1233
20240622,Koppal,15.3459,76.1548,25.89,74.18,4.28,5.1149
20240623,Koppal,15.3459,76.1548,26.42,73.81,3.98,4.7057
20240624,Koppal,15.3459,76.1548,26.64,71.66,5.56,4.1318
20240625,Koppal,15.3459,76.1548,26.1,70.22,6.54,4.751
20240626,Koppal,15.3459,76.1548,24.49,75.78,7.51,4.3085
20240627,Koppal,15.3459,76.1548,23.15,74.15,7.56,5.0628
20240628,Koppal,15.3459,76.1548,25.87,71.36,6.37,4.8127
20240629,Koppal,15.3459,76.1548,26.45,74.79,5.34,5.3513
20240630,Koppal,15.3459,76.1548,26.2,76.21,5.76,3.7085
20240701,Koppal,15.3459,76.1548,25.97,74.15,7.8,5.2435
20240702,Koppal,15.3459,76.1548,26.07,74.62,7.15,5.483
20240703,Koppal,15.3459,76.1548,26.56,77.74,5.34,3.5592
20240704,Koppal,15.3459,76.1548,26.43,74.83,5.83,4.2814
20240705,Koppal,15.3459,76.1548,25.76,74.43,5.93,4.2701
20240706,Koppal,15.3459,76.1548,26.12,77.13,5.98,3.7049
20240707,Koppal,15.3459,76.1548,25.61,75.17,6.03,4.3337
20240708,Koppal,15.3459,76.1548,24.65,80.31,5.5,4.5197
20240709,Koppal,15.3459,76.1548,25.26,77.49,4.71,4.7405
20240710,Koppal,15.3459,76.1548,25.81,74.8,4.31,5.0911
20240711,Koppal,15.3459,76.1548,26.23,73.07,5.71,5.4931
20240712,Koppal,15.3459,76.1548,24.96,79.16,5.52,4.62
20240713,Koppal,15.3459,76.1548,25.57,81.23,5.89,4.5036
20240714,Koppal,15.3459,76.1548,25.36,81.63,7.11,3.9005
20240715,Koppal,15.3459,76.1548,26.08,77.14,5.75,3.9362
20240716,Koppal,15.3459,76.1548,26.13,76.02,6.11,4.921
20240717,Koppal,15.3459,76.1548,26.06,79.65,6.32,3.8544
20240718,Koppal,15.3459,76.1548,26.5,74.52,8.04,4.4765
20240719,Koppal,15.3459,76.1548,24.81,82.48,7.19,3.6466
20240720,Koppal,15.3459,76.1548,24.85,81.31,7.27,2.5157
20240721,Koppal,15.3459,76.1548,25.72,79.1,6.72,2.832
20240722,Koppal,15.3459,76.1548,25.44,77.98,7.18,3.8818
20240723,Koppal,15.3459,76.1548,25.51,76.58,7.69,2.7134
20240724,Koppal,15.3459,76.1548,25.86,75.99,7.45,3.9509
20240725,Koppal,15.3459,76.1548,25.72,75.63,7.84,3.0202
20240726,Koppal,15.3459,76.1548,25.7,77.73,7.01,3.5758
20240727,Koppal,15.3459,76.1548,25.9,76.53,7.34,2.8205
20240728,Koppal,15.3459,76.1548,25.97,76.27,7.19,3.6278
20240729,Koppal,15.3459,76.1548,26.69,75.36,6.52,4.0627
20240730,Koppal,15.3459,76.1548,26.21,78.82,5.14,4.9834
20240731,Koppal,15.3459,76.1548,26.33,80.21,5.19,4.9246
20240801,Koppal,15.3459,76.1548,25.5,82.35,5.57,3.6965
20240802,Koppal,15.3459,76.1548,25.25,80.48,5.8,2.9839
20240803,Koppal,15.3459,76.1548,25.65,77.07,6.13,3.9847
20240804,Koppal,15.3459,76.1548,25.27,77.9,5.64,4.3541
20240805,Koppal,15.3459,76.1548,26.26,76.09,4.45,5.0741
20240806,Koppal,15.3459,76.1548,25.36,80.7,3.92,4.3152
20240807,Koppal,15.3459,76.1548,25.26,81.41,3.74,2.8687
20240808,Koppal,15.3459,76.1548,26.1,77.54,3.73,3.09
20240809,Koppal,15.3459,76.1548,26.47,76.32,3.62,5.9328
20240810,Koppal,15.3459,76.1548,26.82,74.74,3.37,5.346
20240811,Koppal,15.3459,76.1548,26.24,77.91,3.51,6.1505
20240812,Koppal,15.3459,76.1548,26.58,75.34,2.96,6.2477
20240813,Koppal,15.3459,76.1548,25.23,83.4,2.45,5.8853
20240814,Koppal,15.3459,76.1548,27.6,76.48,1.31,5.5598
20240815,Koppal,15.3459,76.1548,27.62,78.13,1.28,5.4334
20240816,Koppal,15.3459,76.1548,27.23,80.14,1.54,3.6814
20240817,Koppal,15.3459,76.1548,27.35,78.45,1.54,5.807
20240818,Koppal,15.3459,76.1548,27.16,80.16,2.15,6.3214
20240819,Koppal,15.3459,76.1548,27.16,78.74,0.74,3.1435
20240820,Koppal,15.3459,76.1548,26.78,78.47,1.01,4.895
20240821,Koppal,15.3459,76.1548,26.78,78.33,1.82,5.8104
20240822,Koppal,15.3459,76.1548,25.88,80.52,3.63,4.1237
20240823,Koppal,15.3459,76.1548,25.45,81.33,4.12,4.2442
20240824,Koppal,15.3459,76.1548,25.05,82.46,5.45,2.1698
20240825,Koppal,15.3459,76.1548,25.2,83.41,5.15,4.4926
20240826,Koppal,15.3459,76.1548,25.59,79.4,5.74,5.0798
20240827,Koppal,15.3459,76.1548,25.28,80.47,4.83,4.7218
20240828,Koppal,15.3459,76.1548,25.02,81.27,4.78,4.6771
20240829,Koppal,15.3459,76.1548,25.29,81.38,4.48,5.7979
20240830,Koppal,15.3459,76.1548,25.17,82.74,3.92,4.8696
20240831,Koppal,15.3459,76.1548,24.86,83.08,4.7,1.8518
20240901,Koppal,15.3459,76.1548,24.25,83.06,5.41,1.7842
20240902,Koppal,15.3459,76.1548,25.22,78.62,5.19,4.4808
20240903,Koppal,15.3459,76.1548,25.48,80.77,4.5,4.7798
20240904,Koppal,15.3459,76.1548,25.43,81.0,4.7,3.8585
20240905,Koppal,15.3459,76.1548,25.82,80.68,4.57,5.328
20240906,Koppal,15.3459,76.1548,24.83,84.11,3.91,5.1173
20240907,Koppal,15.3459,76.1548,25.1,82.91,3.77,4.6541
20240908,Koppal,15.3459,76.1548,25.06,83.44,3.66,3.4644
20240909,Koppal,15.3459,76.1548,25.15,83.19,4.16,5.1581
20240910,Koppal,15.3459,76.1548,24.85,82.25,4.64,5.0794
20240911,Koppal,15.3459,76.1548,25.42,78.41,4.42,5.1103
20240912,Koppal,15.3459,76.1548,25.59,76.58,4.09,5.9258
20240913,Koppal,15.3459,76.1548,25.43,74.81,3.68,6.1958
20240914,Koppal,15.3459,76.1548,25.51,74.72,3.66,6.163
20240915,Koppal,15.3459,76.1548,25.64,73.94,4.03,5.7132
20240916,Koppal,15.3459,76.1548,25.48,73.75,3.79,5.0686
20240917,Koppal,15.3459,76.1548,25.95,72.29,3.61,4.727
20240918,Koppal,15.3459,76.1548,25.31,70.88,3.24,5.988
20240919,Koppal,15.3459,76.1548,25.78,71.38,2.55,6.2465
20240920,Koppal,15.3459,76.1548,26.69,70.6,2.08,6.0725
20240921,Koppal,15.3459,76.1548,25.27,79.86,2.5,4.2446
20240922,Koppal,15.3459,76.1548,25.26,81.18,1.68,4.5324
20240923,Koppal,15.3459,76.1548,25.45,85.05,2.44,4.2912
20240924,Koppal,15.3459,76.1548,24.53,90.74,2.87,4.3663
20240925,Koppal,15.3459,76.1548,23.84,87.93,3.59,3.1978
20240926,Koppal,15.3459,76.1548,24.88,81.91,4.39,3.925
20240927,Koppal,15.3459,76.1548,24.8,80.65,3.63,4.44
20240928,Koppal,15.3459,76.1548,25.51,79.45,2.25,5.551
20240929,Koppal,15.3459,76.1548,26.13,81.09,1.48,5.4425
20240930,Koppal,15.3459,76.1548,26.61,79.7,1.27,5.2349
20241001,Koppal,15.3459,76.1548,27.24,74.45,1.35,5.8663
20241002,Koppal,15.3459,76.1548,27.51,74.67,1.11,5.5956
20241003,Koppal,15.3459,76.1548,25.69,84.97,2.38,5.0954
20241004,Koppal,15.3459,76.1548,25.66,84.1,2.03,4.8228
20241005,Koppal,15.3459,76.1548,25.6,83.53,2.03,4.35
20241006,Koppal,15.3459,76.1548,25.18,75.08,2.0,4.7088
20241007,Koppal,15.3459,76.1548,25.04,76.91,2.16,5.0974
20241008,Koppal,15.3459,76.1548,25.13,80.59,1.92,5.2978
20241009,Koppal,15.3459,76.1548,25.16,84.97,2.4,4.6658
20241010,Koppal,15.3459,76.1548,25.33,84.11,2.73,4.3925
20241011,Koppal,15.3459,76.1548,25.11,86.35,2.82,3.8885
20241012,Koppal,15.3459,76.1548,25.13,85.85,2.4,5.034
20241013,Koppal,15.3459,76.1548,25.57,83.16,2.52,5.3393
20241014,Koppal,15.3459,76.1548,24.22,86.87,1.95,4.3044
20241015,Koppal,15.3459,76.1548,23.77,89.32,2.21,3.3374
20241016,Koppal,15.3459,76.1548,24.16,89.73,2.18,1.7839
20241017,Koppal,15.3459,76.1548,24.87,89.28,1.72,2.9172
20241018,Koppal,15.3459,76.1548,24.63,91.48,1.2,2.4502
20241019,Koppal,15.3459,76.1548,24.76,83.82,1.27,4.4033
20241020,Koppal,15.3459,76.1548,24.48,87.48,2.19,4.295
20241021,Koppal,15.3459,76.1548,24.87,86.0,1.95,4.949
20241022,Koppal,15.3459,76.1548,24.71,86.98,1.51,5.1878
20241023,Koppal,15.3459,76.1548,24.96,85.67,1.36,4.8907
20241024,Koppal,15.3459,76.1548,24.8,79.0,1.52,4.6963
20241025,Koppal,15.3459,76.1548,24.08,74.48,1.58,5.2349
20241026,Koppal,15.3459,76.1548,23.85,80.38,1.67,5.4816
20241027,Koppal,15.3459,76.1548,24.07,76.32,1.79,5.7468
20241028,Koppal,15.3459,76.1548,23.88,74.43,1.08,5.3474
20241029,Koppal,15.3459,76.1548,24.53,76.26,1.22,4.4311
20241030,Koppal,15.3459,76.1548,24.52,79.44,1.3,4.7155
20241031,Koppal,15.3459,76.1548,24.77,84.93,1.47,4.0318
20241101,Koppal,15.3459,76.1548,24.47,82.71,1.7,5.2709
20241102,Koppal,15.3459,76.1548,24.38,81.94,1.92,5.2241
20241103,Koppal,15.3459,76.1548,24.48,80.79,1.98,5.1341
20241104,Koppal,15.3459,76.1548,24.0,83.9,2.08,4.7849
20241105,Koppal,15.3459,76.1548,23.36,81.79,2.03,5.0707
20241106,Koppal,15.3459,76.1548,22.66,73.32,1.75,5.4948
20241107,Koppal,15.3459,76.1548,22.85,75.69,1.69,5.5606
20241108,Koppal,15.3459,76.1548,23.59,79.86,1.89,5.2375
20241109,Koppal,15.3459,76.1548,24.15,79.43,2.13,4.7851
20241110,Koppal,15.3459,76.1548,23.67,77.56,1.85,5.0213
20241111,Koppal,15.3459,76.1548,22.45,74.3,1.94,5.1192
20241112,Koppal,15.3459,76.1548,21.27,81.56,1.98,4.554
20241113,Koppal,15.3459,76.1548,24.89,78.72,2.84,3.4286
20241114,Koppal,15.3459,76.1548,24.8,82.35,2.47,3.5664
20241115,Koppal,15.3459,76.1548,24.71,84.16,2.39,3.4838
20241116,Koppal,15.3459,76.1548,25.2,78.9,2.58,4.5062
20241117,Koppal,15.3459,76.1548,23.35,71.51,2.6,4.4359
20241118,Koppal,15.3459,76.1548,21.11,68.9,1.93,4.429
20241119,Koppal,15.3459,76.1548,21.35,73.32,2.01,4.6999
20241120,Koppal,15.3459,76.1548,21.19,73.51,1.95,5.0407
20241121,Koppal,15.3459,76.1548,21.51,73.97,1.88,5.005
20241122,Koppal,15.3459,76.1548,21.2,74.89,1.84,4.4501
20241123,Koppal,15.3459,76.1548,21.61,73.27,1.78,4.5072
20241124,Koppal,15.3459,76.1548,21.21,74.43,1.76,4.5542
20241125,Koppal,15.3459,76.1548,21.19,72.85,2.49,4.2264
20241126,Koppal,15.3459,76.1548,22.33,73.5,2.19,4.7618
20241127,Koppal,15.3459,76.1548,22.55,74.45,2.41,4.0726
20241128,Koppal,15.3459,76.1548,21.27,66.17,2.66,5.2493
20241129,Koppal,15.3459,76.1548,22.37,66.27,2.93,4.3073
20241130,Koppal,15.3459,76.1548,23.92,74.95,3.09,3.1908
20241201,Koppal,15.3459,76.1548,24.29,78.18,2.97,3.151
20241202,Koppal,15.3459,76.1548,24.76,80.83,2.81,2.16
20241203,Koppal,15.3459,76.1548,24.62,81.69,4.16,2.8877
20241204,Koppal,15.3459,76.1548,25.33,77.9,2.93,4.7434
20241205,Koppal,15.3459,76.1548,25.55,77.04,2.37,3.2035
20241206,Koppal,15.3459,76.1548,25.92,76.82,1.37,4.3754
20241207,Koppal,15.3459,76.1548,25.42,77.06,1.08,4.207
20241208,Koppal,15.3459,76.1548,25.07,80.01,1.62,3.8585
20241209,Koppal,15.3459,76.1548,25.09,80.09,1.01,3.6674
20241210,Koppal,15.3459,76.1548,25.4,74.89,2.23,4.0344
20241211,Koppal,15.3459,76.1548,24.07,64.52,2.74,4.2026
20241212,Koppal,15.3459,76.1548,23.63,76.47,2.44,4.0759
20241213,Koppal,15.3459,76.1548,23.45,74.95,2.5,3.1008
20241214,Koppal,15.3459,76.1548,23.04,70.39,2.73,4.1438
20241215,Koppal,15.3459,76.1548,21.11,71.49,2.29,4.5389
20241216,Koppal,15.3459,76.1548,20.16,68.15,1.92,4.8403
20241217,Koppal,15.3459,76.1548,20.98,65.15,1.52,5.339
20241218,Koppal,15.3459,76.1548,22.96,71.83,1.79,4.6502
20241219,Koppal,15.3459,76.1548,24.33,73.46,1.84,4.6402
20241220,Koppal,15.3459,76.1548,25.29,71.35,1.9,3.6847
20241221,Koppal,15.3459,76.1548,25.38,72.28,0.46,3.4786
20241222,Koppal,15.3459,76.1548,25.17,68.17,1.55,3.858
20241223,Koppal,15.3459,76.1548,23.92,71.05,1.79,3.5422
20241224,Koppal,15.3459,76.1548,23.97,68.22,1.92,4.4083
20241225,Koppal,15.3459,76.1548,24.3,70.78,1.98,3.7992
20241226,Koppal,15.3459,76.1548,24.96,71.94,3.34,2.1881
20241227,Koppal,15.3459,76.1548,24.67,71.89,4.15,2.0563
20241228,Koppal,15.3459,76.1548,24.53,67.94,2.91,5.0246
20241229,Koppal,15.3459,76.1548,23.96,61.13,2.76,5.3323
20241230,Koppal,15.3459,76.1548,23.62,59.88,2.73,5.2822
20241231,Koppal,15.3459,76.1548,23.48,59.69,2.7,5.0892
20250101,Koppal,15.3459,76.1548,23.07,62.17,2.84,4.6877
20250102,Koppal,15.3459,76.1548,21.73,52.32,2.76,3.9194
20250103,Koppal,15.3459,76.1548,21.67,49.92,2.59,4.7902
20250104,Koppal,15.3459,76.1548,21.77,59.87,2.11,5.2147
20250105,Koppal,15.3459,76.1548,21.81,58.35,2.23,5.2426
20250106,Koppal,15.3459,76.1548,21.84,55.4,2.15,5.2243
20250107,Koppal,15.3459,76.1548,22.25,54.91,2.17,5.0906
20250108,Koppal,15.3459,76.1548,21.34,48.35,2.46,4.9786
20250109,Koppal,15.3459,76.1548,21.19,58.65,2.82,4.7388
20250110,Koppal,15.3459,76.1548,22.45,62.89,2.77,4.2158
20250111,Koppal,15.3459,76.1548,23.75,65.34,2.73,3.9108
20250112,Koppal,15.3459,76.1548,23.98,59.4,2.57,4.6056
20250113,Koppal,15.3459,76.1548,25.2,59.93,2.85,4.9594
20250114,Koppal,15.3459,76.1548,25.36,61.58,3.32,4.4474
20250115,Koppal,15.3459,76.1548,24.53,62.56,3.56,4.637
20250116,Koppal,15.3459,76.1548,24.32,60.43,3.37,4.6126
20250117,Koppal,15.3459,76.1548,24.02,59.68,3.44,4.5372
20250118,Koppal,15.3459,76.1548,23.39,58.13,3.32,3.6463
20250119,Koppal,15.3459,76.1548,23.83,53.23,2.47,5.2714
20250120,Koppal,15.3459,76.1548,23.66,45.44,2.43,5.4684
20250121,Koppal,15.3459,76.1548,23.17,46.53,2.08,5.7343
20250122,Koppal,15.3459,76.1548,23.87,47.9,2.37,5.7811
20250123,Koppal,15.3459,76.1548,24.91,51.9,2.91,5.7823
20250124,Koppal,15.3459,76.1548,24.48,50.09,2.96,5.6894
20250125,Koppal,15.3459,76.1548,23.53,44.56,2.66,6.1781
20250126,Koppal,15.3459,76.1548,23.92,39.66,2.81,5.9582
20250127,Koppal,15.3459,76.1548,23.99,43.16,2.41,5.6741
20250128,Koppal,15.3459,76.1548,24.29,43.9,2.25,5.3338
20250129,Koppal,15.3459,76.1548,23.97,46.45,2.98,5.7293
20250130,Koppal,15.3459,76.1548,23.88,44.21,2.35,5.971
20250131,Koppal,15.3459,76.1548,24.78,27.09,1.62,6.1121
20250201,Koppal,15.3459,76.1548,25.01,39.25,1.75,6.0497
20250202,Koppal,15.3459,76.1548,25.52,37.87,2.51,5.8723
20250203,Koppal,15.3459,76.1548,25.3,34.78,2.88,6.4006
20250204,Koppal,15.3459,76.1548,25.71,32.51,2.74,6.2935
20250205,Koppal,15.3459,76.1548,26.02,35.01,2.71,6.0173
20250206,Koppal,15.3459,76.1548,26.15,37.25,2.9,5.8596
20250207,Koppal,15.3459,76.1548,26.28,40.08,2.83,5.7065
20250208,Koppal,15.3459,76.1548,26.04,36.24,2.43,5.5073
20250209,Koppal,15.3459,76.1548,26.02,41.02,2.75,5.5375
20250210,Koppal,15.3459,76.1548,26.33,45.57,2.46,5.5282
20250211,Koppal,15.3459,76.1548,26.06,43.43,2.3,5.8267
20250212,Koppal,15.3459,76.1548,26.23,32.63,1.92,5.8956
20250213,Koppal,15.3459,76.1548,26.51,28.56,1.8,6.1126
20250214,Koppal,15.3459,76.1548,25.58,22.71,2.17,6.1111
20250215,Koppal,15.3459,76.1548,25.72,20.3,2.48,6.4718
20250216,Koppal,15.3459,76.1548,25.8,24.69,2.12,6.5311
20250217,Koppal,15.3459,76.1548,26.46,30.12,1.97,6.427
20250218,Koppal,15.3459,76.1548,27.33,34.23,1.84,6.3235
20250219,Koppal,15.3459,76.1548,27.66,30.92,1.32,6.012
20250220,Koppal,15.3459,76.1548,28.11,33.36,1.76,5.6844
20250221,Koppal,15.3459,76.1548,28.02,40.46,2.19,5.6976
20250222,Koppal,15.3459,76.1548,28.08,37.0,2.37,5.9338
20250223,Koppal,15.3459,76.1548,27.05,27.86,2.68,6.1927
20250224,Koppal,15.3459,76.1548,26.32,26.76,3.27,6.7848
20250225,Koppal,15.3459,76.1548,26.2,37.05,3.03,5.953
20250226,Koppal,15.3459,76.1548,26.92,41.06,3.5,6.2438
20250227,Koppal,15.3459,76.1548,26.86,42.95,2.89,6.1766
20250228,Koppal,15.3459,76.1548,27.59,40.72,3.09,6.018
20250301,Koppal,15.3459,76.1548,27.76,35.18,3.04,6.8038
20250302,Koppal,15.3459,76.1548,27.61,35.2,2.53,6.8381
20250303,Koppal,15.3459,76.1548,28.08,31.38,2.09,6.534
20250304,Koppal,15.3459,76.1548,29.27,24.12,2.94,5.5493
20250305,Koppal,15.3459,76.1548,29.25,20.61,2.5,5.9302
20250306,Koppal,15.3459,76.1548,27.51,10.58,2.52,7.2799
20250307,Koppal,15.3459,76.1548,26.69,8.6,2.11,7.2871
20250308,Koppal,15.3459,76.1548,27.52,14.36,1.8,7.007
20250309,Koppal,15.3459,76.1548,28.66,19.34,2.34,6.6782
20250310,Koppal,15.3459,76.1548,27.67,40.22,3.5,6.5614
20250311,Koppal,15.3459,76.1548,27.63,38.46,3.57,6.7159
20250312,Koppal,15.3459,76.1548,28.28,38.88,2.66,6.9482
20250313,Koppal,15.3459,76.1548,28.76,37.03,1.71,6.2326
20250314,Koppal,15.3459,76.1548,29.97,27.64,1.59,6.5386
20250315,Koppal,15.3459,76.1548,30.05,26.77,2.64,6.7555
20250316,Koppal,15.3459,76.1548,29.83,22.82,2.81,7.3279
20250317,Koppal,15.3459,76.1548,29.23,26.02,1.71,6.5141
20250318,Koppal,15.3459,76.1548,30.78,28.54,2.04,7.0464
20250319,Koppal,15.3459,76.1548,30.91,29.33,2.51,6.941
20250320,Koppal,15.3459,76.1548,31.66,37.75,2.21,6.9211
20250321,Koppal,15.3459,76.1548,32.48,31.77,1.14,6.6703
20250322,Koppal,15.3459,76.1548,32.21,31.86,2.35,6.4946
20250323,Koppal,15.3459,76.1548,32.07,33.85,2.13,6.1898
20250324,Koppal,15.3459,76.1548,30.8,39.66,2.45,5.6671
20250325,Koppal,15.3459,76.1548,30.86,31.03,2.36,6.1582
20250326,Koppal,15.3459,76.1548,30.98,28.71,1.88,6.408
20250327,Koppal,15.3459,76.1548,31.0,31.14,1.75,6.3307
20250328,Koppal,15.3459,76.1548,31.5,28.39,1.58,6.479
20250329,Koppal,15.3459,76.1548,31.49,25.56,2.08,6.0722
20250330,Koppal,15.3459,76.1548,31.05,25.01,2.17,6.0473
20250331,Koppal,15.3459,76.1548,31.83,28.31,2.81,5.7804
20250401,Koppal,15.3459,76.1548,30.96,32.65,2.51,6.4618
20250402,Koppal,15.3459,76.1548,29.73,36.22,2.12,6.5098
20250403,Koppal,15.3459,76.1548,29.07,50.53,1.72,4.6183
20250404,Koppal,15.3459,76.1548,28.71,56.77,2.03,6.5539
20250405,Koppal,15.3459,76.1548,29.53,50.29,2.01,6.2904
20250406,Koppal,15.3459,76.1548,30.36,47.29,2.11,6.1978
20250407,Koppal,15.3459,76.1548,30.55,40.38,1.94,6.8266
20250408,Koppal,15.3459,76.1548,30.24,42.43,2.23,6.8755
20250409,Koppal,15.3459,76.1548,30.23,43.16,1.98,6.7728
20250410,Koppal,15.3459,76.1548,30.45,43.67,2.95,6.3509
20250411,Koppal,15.3459,76.1548,30.38,44.6,2.54,6.5935
20250412,Koppal,15.3459,76.1548,30.79,44.43,2.59,6.7601
20250413,Koppal,15.3459,76.1548,31.57,27.4,2.76,7.2538
20250414,Koppal,15.3459,76.1548,31.3,32.09,1.58,7.0759
20250415,Koppal,15.3459,76.1548,31.66,34.11,1.34,6.5767
20250416,Koppal,15.3459,76.1548,31.41,41.64,1.88,6.4452
20250417,Koppal,15.3459,76.1548,31.83,43.84,1.99,6.7121
20250418,Koppal,15.3459,76.1548,31.95,48.05,2.17,6.1615
20250419,Koppal,15.3459,76.1548,31.49,51.92,2.5,6.3038
20250420,Koppal,15.3459,76.1548,32.28,44.55,2.33,5.767
20250421,Koppal,15.3459,76.1548,31.6,49.81,2.3,6.4709
20250422,Koppal,15.3459,76.1548,32.4,43.08,1.88,6.42
20250423,Koppal,15.3459,76.1548,32.16,40.42,1.48,6.803
20250424,Koppal,15.3459,76.1548,32.31,47.93,1.88,6.607
20250425,Koppal,15.3459,76.1548,33.13,42.68,0.86,6.5729
20250426,Koppal,15.3459,76.1548,32.63,45.82,1.64,6.2854
20250427,Koppal,15.3459,76.1548,30.85,56.61,1.53,5.4528
20250428,Koppal,15.3459,76.1548,30.09,58.48,1.78,6.9043
20250429,Koppal,15.3459,76.1548,30.64,53.62,1.18,6.7433
20250430,Koppal,15.3459,76.1548,31.42,49.16,1.96,6.6026
20250501,Koppal,15.3459,76.1548,31.5,45.85,2.31,7.0913
20250502,Koppal,15.3459,76.1548,31.7,43.88,2.32,6.7589
20250503,Koppal,15.3459,76.1548,31.21,49.24,2.23,6.6382
20250504,Koppal,15.3459,76.1548,30.96,41.56,3.33,7.5089
20250505,Koppal,15.3459,76.1548,30.4,39.91,2.21,7.645
20250506,Koppal,15.3459,76.1548,31.06,39.79,3.24,6.8424
20250507,Koppal,15.3459,76.1548,31.42,32.38,2.45,7.0483
20250508,Koppal,15.3459,76.1548,30.43,39.83,3.12,6.9806
20250509,Koppal,15.3459,76.1548,29.85,44.98,2.21,7.4604
20250510,Koppal,15.3459,76.1548,30.35,46.85,2.73,6.4322
20250511,Koppal,15.3459,76.1548,31.78,44.29,2.28,6.48
20250512,Koppal,15.3459,76.1548,31.89,45.51,2.37,6.2818
20250513,Koppal,15.3459,76.1548,30.25,54.42,2.73,4.549
20250514,Koppal,15.3459,76.1548,30.01,59.58,1.81,6.5232
20250515,Koppal,15.3459,76.1548,28.33,69.04,2.07,4.5514
20250516,Koppal,15.3459,76.1548,27.79,73.72,1.91,5.0448
20250517,Koppal,15.3459,76.1548,28.76,67.25,1.45,5.5188
20250518,Koppal,15.3459,76.1548,26.7,81.17,2.21,5.0369
20250519,Koppal,15.3459,76.1548,27.32,77.87,1.98,4.6723
20250520,Koppal,15.3459,76.1548,27.71,73.87,2.06,3.4908
20250521,Koppal,15.3459,76.1548,26.23,82.1,2.86,3.5342
20250522,Koppal,15.3459,76.1548,26.31,80.17,3.28,5.6297
20250523,Koppal,15.3459,76.1548,26.96,75.33,5.81,4.7525
20250524,Koppal,15.3459,76.1548,26.93,76.12,6.55,4.4729
20250525,Koppal,15.3459,76.1548,26.34,76.84,6.24,3.8102
20250526,Koppal,15.3459,76.1548,24.77,77.99,6.88,2.1204
20250527,Koppal,15.3459,76.1548,24.48,83.0,6.19,3.9864
20250528,Koppal,15.3459,76.1548,25.18,80.28,5.92,3.5434
20250529,Koppal,15.3459,76.1548,24.35,86.9,5.14,3.942
20250530,Koppal,15.3459,76.1548,26.36,77.98,5.15,4.2173
20250531,Koppal,15.3459,76.1548,26.4,69.25,5.24,6.2837
20250601,Koppal,15.3459,76.1548,26.21,72.79,4.62,5.5198
20250602,Koppal,15.3459,76.1548,26.69,73.57,4.74,5.3575
20250603,Koppal,15.3459,76.1548,26.59,74.2,4.17,5.2925
20250604,Koppal,15.3459,76.1548,26.46,72.93,3.94,6.3854
20250605,Koppal,15.3459,76.1548,26.58,69.81,3.24,6.0624
20250606,Koppal,15.3459,76.1548,27.26,72.38,3.42,5.9074
20250607,Koppal,15.3459,76.1548,26.8,77.5,3.32,6.0631
20250608,Koppal,15.3459,76.1548,26.45,77.45,3.8,5.635
20250609,Koppal,15.3459,76.1548,26.66,75.67,4.39,5.4262
20250610,Koppal,15.3459,76.1548,27.03,73.89,4.4,5.2656
20250611,Koppal,15.3459,76.1548,26.55,78.94,4.25,3.0953
20250612,Koppal,15.3459,76.1548,25.55,83.28,4.05,3.0814
20250613,Koppal,15.3459,76.1548,26.64,82.39,2.04,4.0975
20250614,Koppal,15.3459,76.1548,25.82,84.23,4.57,4.2485
20250615,Koppal,15.3459,76.1548,25.4,78.8,5.71,4.0469
20250616,Koppal,15.3459,76.1548,25.39,79.99,7.01,4.2977
20250617,Koppal,15.3459,76.1548,26.21,77.95,5.7,5.4518
20250618,Koppal,15.3459,76.1548,26.26,78.39,5.68,5.6753
20250619,Koppal,15.3459,76.1548,26.41,76.5,5.83,5.351
20250620,Koppal,15.3459,76.1548,26.15,77.69,5.36,4.937
20250621,Koppal,15.3459,76.1548,26.03,77.92,5.33,5.6287
20250622,Koppal,15.3459,76.1548,26.25,76.3,5.63,5.0957
20250623,Koppal,15.3459,76.1548,25.41,78.49,6.36,4.2007
20250624,Koppal,15.3459,76.1548,25.18,76.03,7.15,4.4518
20250625,Koppal,15.3459,76.1548,25.22,78.52,6.86,3.7692
20250626,Koppal,15.3459,76.1548,25.46,79.61,6.47,4.1227
20250627,Koppal,15.3459,76.1548,25.71,78.44,5.89,4.6118
20250628,Koppal,15.3459,76.1548,26.08,76.56,5.3,4.5727
20250629,Koppal,15.3459,76.1548,25.93,76.85,5.58,4.8718
20250630,Koppal,15.3459,76.1548,25.36,78.16,5.62,4.189
20250701,Koppal,15.3459,76.1548,25.23,79.77,5.45,3.7735
20250702,Koppal,15.3459,76.1548,25.57,79.17,5.42,3.8467
20250703,Koppal,15.3459,76.1548,25.35,77.46,6.35,4.6068
20250704,Koppal,15.3459,76.1548,25.22,77.77,6.92,4.0606
20250705,Koppal,15.3459,76.1548,25.4,78.26,6.85,4.8648
20250706,Koppal,15.3459,76.1548,25.64,77.14,6.87,3.5825
20250707,Koppal,15.3459,76.1548,25.65,76.5,6.66,4.4952
20250708,Koppal,15.3459,76.1548,25.67,77.28,6.21,4.2914
20250709,Koppal,15.3459,76.1548,26.04,75.68,5.72,3.9655
20250710,Koppal,15.3459,76.1548,26.61,73.5,4.81,5.3208
20250711,Koppal,15.3459,76.1548,26.21,75.63,4.52,5.1859
20250712,Koppal,15.3459,76.1548,26.02,76.01,4.63,4.6872
20250713,Koppal,15.3459,76.1548,26.42,74.05,5.21,5.0371
20250714,Koppal,15.3459,76.1548,26.28,74.83,5.78,5.0609
20250715,Koppal,15.3459,76.1548,26.2,75.69,5.53,4.3402
20250716,Koppal,15.3459,76.1548,26.55,77.18,4.5,3.7049
20250717,Koppal,15.3459,76.1548,24.89,81.92,4.39,4.7357
20250718,Koppal,15.3459,76.1548,24.1,88.17,3.69,3.5095
20250719,Koppal,15.3459,76.1548,24.92,81.06,4.05,4.3994
20250720,Koppal,15.3459,76.1548,25.22,81.35,4.03,5.1528
20250721,Koppal,15.3459,76.1548,24.83,84.61,4.2,3.971
20250722,Koppal,15.3459,76.1548,24.83,83.65,5.13,3.7937
20250723,Koppal,15.3459,76.1548,24.67,82.99,5.72,3.3271
20250724,Koppal,15.3459,76.1548,24.64,83.73,5.28,2.5838
20250725,Koppal,15.3459,76.1548,24.97,83.7,6.33,3.5321
20250726,Koppal,15.3459,76.1548,24.44,80.65,7.5,3.0782
20250727,Koppal,15.3459,76.1548,24.56,78.07,7.03,4.667
20250728,Koppal,15.3459,76.1548,24.55,77.39,6.98,4.6013
20250729,Koppal,15.3459,76.1548,24.9,76.3,7.29,3.9187
20250730,Koppal,15.3459,76.1548,25.04,77.94,6.33,4.1124
20250731,Koppal,15.3459,76.1548,25.36,78.47,5.07,3.6408
20250801,Koppal,15.3459,76.1548,25.74,77.32,4.11,4.4438
20250802,Koppal,15.3459,76.1548,25.96,76.19,3.87,5.5265
20250803,Koppal,15.3459,76.1548,26.14,77.38,2.56,4.8626
20250804,Koppal,15.3459,76.1548,25.68,81.09,2.57,4.6507
20250805,Koppal,15.3459,76.1548,25.33,85.81,2.41,4.7182
20250806,Koppal,15.3459,76.1548,25.65,84.21,2.5,5.7115
20250807,Koppal,15.3459,76.1548,25.82,84.47,1.03,4.0229
20250808,Koppal,15.3459,76.1548,25.26,86.37,1.44,3.6646
20250809,Koppal,15.3459,76.1548,25.25,80.86,1.4,4.0294
20250810,Koppal,15.3459,76.1548,23.94,86.21,2.88,4.4143
20250811,Koppal,15.3459,76.1548,24.07,83.37,3.71,4.7626
20250812,Koppal,15.3459,76.1548,23.39,83.8,3.99,3.9948
20250813,Koppal,15.3459,76.1548,23.7,84.55,3.85,2.7182
20250814,Koppal,15.3459,76.1548,23.68,86.82,3.88,3.2578
20250815,Koppal,15.3459,76.1548,24.36,84.06,4.79,3.6934
20250816,Koppal,15.3459,76.1548,23.74,87.08,4.78,3.894
20250817,Koppal,15.3459,76.1548,24.05,86.01,5.56,2.8272
20250818,Koppal,15.3459,76.1548,23.47,86.51,6.22,3.0295
20250819,Koppal,15.3459,76.1548,23.15,86.68,6.59,3.1958
20250820,Koppal,15.3459,76.1548,23.5,84.74,5.28,4.0466
20250821,Koppal,15.3459,76.1548,24.65,82.55,4.13,4.9282
20250822,Koppal,15.3459,76.1548,24.3,83.25,3.6,4.931
20250823,Koppal,15.3459,76.1548,23.77,84.64,4.03,5.0563
20250824,Koppal,15.3459,76.1548,24.52,80.34,4.4,5.5956
20250825,Koppal,15.3459,76.1548,24.19,80.72,4.36,5.9556
20250826,Koppal,15.3459,76.1548,24.47,83.57,4.4,4.9214
20250827,Koppal,15.3459,76.1548,24.06,86.59,4.34,3.017
20250828,Koppal,15.3459,76.1548,23.71,87.28,4.72,3.9907
20250829,Koppal,15.3459,76.1548,24.51,86.58,3.6,5.2147
20250830,Koppal,15.3459,76.1548,25.07,83.67,4.16,5.0779
20250831,Koppal,15.3459,76.1548,24.8,84.31,4.19,4.2122
20250901,Koppal,15.3459,76.1548,24.65,83.08,4.49,4.2146
20250902,Koppal,15.3459,76.1548,23.96,86.1,4.53,2.3642
20250903,Koppal,15.3459,76.1548,24.82,82.61,4.58,4.8216
20250904,Koppal,15.3459,76.1548,24.93,81.52,4.36,5.3095
20250905,Koppal,15.3459,76.1548,24.6,82.06,3.52,5.6323
20250906,Koppal,15.3459,76.1548,24.79,80.51,3.19,6.3643
20250907,Koppal,15.3459,76.1548,24.41,80.81,3.49,4.1254
20250908,Koppal,15.3459,76.1548,24.24,81.35,2.55,5.873
20250909,Koppal,15.3459,76.1548,25.57,79.41,1.7,6.2174
20250910,Koppal,15.3459,76.1548,25.3,82.14,2.37,5.5488
20250911,Koppal,15.3459,76.1548,24.06,85.22,2.8,2.4398
20250912,Koppal,15.3459,76.1548,23.59,86.91,2.51,3.078
20250913,Koppal,15.3459,76.1548,24.44,84.62,2.2,3.2148
20250914,Koppal,15.3459,76.1548,25.07,84.01,2.25,4.9394
20250915,Koppal,15.3459,76.1548,24.03,86.08,3.42,4.0682
20250916,Koppal,15.3459,76.1548,23.98,87.52,2.37,3.7999
20250917,Koppal,15.3459,76.1548,25.21,83.58,2.1,3.9499
20250918,Koppal,15.3459,76.1548,25.07,86.21,2.84,3.6132
20250919,Koppal,15.3459,76.1548,24.83,84.73,3.26,4.1316
20250920,Koppal,15.3459,76.1548,24.97,84.66,2.98,5.1737
20250921,Koppal,15.3459,76.1548,24.66,87.05,2.45,4.9704
20250922,Koppal,15.3459,76.1548,24.18,87.33,3.15,4.4206
20250923,Koppal,15.3459,76.1548,23.28,87.71,3.29,3.1145
20250924,Koppal,15.3459,76.1548,23.77,84.13,3.65,4.6577
20250925,Koppal,15.3459,76.1548,24.19,82.69,3.25,6.0353
20250926,Koppal,15.3459,76.1548,22.96,88.12,3.75,1.2326
20250927,Koppal,15.3459,76.1548,22.21,89.63,4.48,2.4886
20250928,Koppal,15.3459,76.1548,23.66,84.42,4.58,4.3118
20250929,Koppal,15.3459,76.1548,23.92,84.48,3.8,4.2029
20250930,Koppal,15.3459,76.1548,24.06,83.56,3.42,5.8025
20251001,Koppal,15.3459,76.1548,24.24,84.49,3.3,5.0858
20251002,Koppal,15.3459,76.1548,24.39,85.8,2.93,5.0266
20251003,Koppal,15.3459,76.1548,24.96,82.32,2.62,5.731
20251004,Koppal,15.3459,76.1548,24.79,80.46,2.27,6.1685
20251005,Koppal,15.3459,76.1548,24.79,82.46,2.39,5.6635
20251006,Koppal,15.3459,76.1548,23.83,79.52,2.54,4.9961
20251007,Koppal,15.3459,76.1548,24.8,77.89,1.82,6.09
20251008,Koppal,15.3459,76.1548,25.14,80.27,1.27,5.5267
20251009,Koppal,15.3459,76.1548,24.36,86.3,1.57,4.2242
20251010,Koppal,15.3459,76.1548,24.16,84.01,2.06,4.4717
20251011,Koppal,15.3459,76.1548,22.82,76.73,2.24,5.5918
20251012,Koppal,15.3459,76.1548,22.41,79.06,2.16,6.371
20251013,Koppal,15.3459,76.1548,23.28,84.43,2.53,5.2382
20251014,Koppal,15.3459,76.1548,24.23,84.08,2.33,4.4894
20251015,Koppal,15.3459,76.1548,24.6,84.96,2.83,4.9879
20251016,Koppal,15.3459,76.1548,24.52,84.15,3.16,5.1235
20251017,Koppal,15.3459,76.1548,23.9,84.37,3.33,5.0117
20251018,Koppal,15.3459,76.1548,23.79,85.93,2.28,5.3095
20251019,Koppal,15.3459,76.1548,23.98,85.58,2.83,4.5612
20251020,Koppal,15.3459,76.1548,24.15,84.78,2.43,3.847
20251021,Koppal,15.3459,76.1548,23.98,87.08,2.99,3.9377
20251022,Koppal,15.3459,76.1548,24.29,86.52,3.91,3.1092
20251023,Koppal,15.3459,76.1548,23.71,90.77,3.15,2.9866
20251024,Koppal,15.3459,76.1548,23.71,85.25,1.41,3.1562
20251025,Koppal,15.3459,76.1548,24.1,80.74,1.43,4.6426
20251026,Koppal,15.3459,76.1548,24.79,79.83,1.22,4.5084
20251027,Koppal,15.3459,76.1548,24.71,84.34,1.27,4.176
20251028,Koppal,15.3459,76.1548,23.78,86.2,2.01,2.2644
20251029,Koppal,15.3459,76.1548,23.03,88.17,3.44,3.6074
20251030,Koppal,15.3459,76.1548,23.11,83.37,3.25,5.5582
20251031,Koppal,15.3459,76.1548,23.67,84.4,2.84,4.8055
20251101,Koppal,15.3459,76.1548,24.31,79.99,2.06,5.2927
20251102,Koppal,15.3459,76.1548,23.94,85.88,2.15,4.194
20251103,Koppal,15.3459,76.1548,23.99,80.81,2.26,4.9332
20251104,Koppal,15.3459,76.1548,23.98,82.96,2.0,3.4493
20251105,Koppal,15.3459,76.1548,23.54,83.94,1.75,3.1714
20251106,Koppal,15.3459,76.1548,22.29,88.45,1.77,4.1868
20251107,Koppal,15.3459,76.1548,22.7,82.39,1.59,4.8506
20251108,Koppal,15.3459,76.1548,20.89,75.57,1.9,5.957
20251109,Koppal,15.3459,76.1548,18.62,70.59,1.86,5.7538
20251110,Koppal,15.3459,76.1548,19.77,69.58,1.34,5.3719
20251111,Koppal,15.3459,76.1548,20.18,78.05,1.38,5.3006
20251112,Koppal,15.3459,76.1548,20.63,76.53,1.97,5.5392
20251113,Koppal,15.3459,76.1548,20.31,77.08,1.99,5.6143
20251114,Koppal,15.3459,76.1548,18.17,73.4,2.06,5.4689
20251115,Koppal,15.3459,76.1548,18.02,76.88,2.14,5.5843
20251116,Koppal,15.3459,76.1548,18.55,78.0,2.31,5.5303
20251117,Koppal,15.3459,76.1548,18.0,74.21,2.29,5.6381
20251118,Koppal,15.3459,76.1548,18.9,74.48,2.17,5.5579
20251119,Koppal,15.3459,76.1548,20.78,81.12,2.09,4.6526
20251120,Koppal,15.3459,76.1548,19.68,74.0,2.2,5.5459
20251121,Koppal,15.3459,76.1548,21.63,82.65,2.3,5.1235
20251122,Koppal,15.3459,76.1548,23.41,83.09,2.98,3.9744
20251123,Koppal,15.3459,76.1548,23.56,81.33,2.4,4.4779
20251124,Koppal,15.3459,76.1548,23.73,80.63,2.6,4.2619
20251125,Koppal,15.3459,76.1548,22.44,76.78,2.82,5.0069
20251126,Koppal,15.3459,76.1548,21.15,75.14,2.74,3.8978
20251127,Koppal,15.3459,76.1548,21.32,76.37,2.89,4.7009
20251128,Koppal,15.3459,76.1548,20.74,74.29,2.4,4.4962
20251129,Koppal,15.3459,76.1548,20.0,75.65,2.13,4.2552
20251130,Koppal,15.3459,76.1548,21.81,79.06,2.45,3.779
20251201,Koppal,15.3459,76.1548,21.65,77.21,1.8,5.1487
20251202,Koppal,15.3459,76.1548,22.78,77.42,2.08,4.5026
20251203,Koppal,15.3459,76.1548,23.07,78.55,3.01,3.8038
20251204,Koppal,15.3459,76.1548,22.79,82.8,3.2,2.8716
20251205,Koppal,15.3459,76.1548,23.2,78.18,3.16,3.1682
20251206,Koppal,15.3459,76.1548,20.64,79.95,2.44,4.3284
20251207,Koppal,15.3459,76.1548,21.12,74.29,2.77,4.8055
20251208,Koppal,15.3459,76.1548,20.3,70.07,2.24,4.6896
20251209,Koppal,15.3459,76.1548,19.49,64.98,2.44,5.4506
20251210,Koppal,15.3459,76.1548,18.58,63.92,2.51,5.4466
20251211,Koppal,15.3459,76.1548,18.12,64.74,2.23,5.5102
20251212,Koppal,15.3459,76.1548,17.86,61.0,1.91,5.477
20251213,Koppal,15.3459,76.1548,18.21,63.27,2.0,5.381
20251214,Koppal,15.3459,76.1548,19.03,68.9,2.24,5.2135
20251215,Koppal,15.3459,76.1548,19.58,69.32,2.64,5.0736
20251216,Koppal,15.3459,76.1548,20.35,71.12,2.59,4.9699
20251217,Koppal,15.3459,76.1548,21.36,68.34,2.59,5.1643
20251218,Koppal,15.3459,76.1548,19.5,64.01,2.36,4.9714
20251219,Koppal,15.3459,76.1548,18.36,61.14,2.38,4.7647
20251220,Koppal,15.3459,76.1548,18.32,57.73,2.04,5.2788
20251221,Koppal,15.3459,76.1548,19.01,69.85,2.29,4.4748
20251222,Koppal,15.3459,76.1548,20.05,71.91,2.23,4.5031
20251223,Koppal,15.3459,76.1548,20.23,69.32,2.27,4.5305
20251224,Koppal,15.3459,76.1548,19.53,70.23,2.12,4.5948
20251225,Koppal,15.3459,76.1548,19.37,69.71,2.24,4.8626
20251226,Koppal,15.3459,76.1548,20.39,68.28,2.49,4.8254
20251227,Koppal,15.3459,76.1548,19.92,66.71,2.4,4.8103
20251228,Koppal,15.3459,76.1548,19.79,67.56,2.17,4.699
20251229,Koppal,15.3459,76.1548,20.39,68.06,1.95,4.727
20251230,Koppal,15.3459,76.1548,21.45,68.52,1.45,4.6337
20251231,Koppal,15.3459,76.1548,22.6,66.2,1.04,4.6128
