Date,District,Latitude,Longitude,Temperature,Humidity,WindSpeed,GHI
20200101,Mysuru,12.2958,76.6394,23.07,77.11,1.69,4.1213
20200102,Mysuru,12.2958,76.6394,24.28,73.48,1.68,4.254
20200103,Mysuru,12.2958,76.6394,24.58,73.27,1.36,4.5737
20200104,Mysuru,12.2958,76.6394,25.39,69.42,0.87,4.8509
20200105,Mysuru,12.2958,76.6394,24.78,71.0,1.47,4.8854
20200106,Mysuru,12.2958,76.6394,24.44,71.0,3.0,4.3992
20200107,Mysuru,12.2958,76.6394,23.34,69.11,2.71,5.3184
20200108,Mysuru,12.2958,76.6394,23.13,67.03,1.59,5.6803
20200109,Mysuru,12.2958,76.6394,23.12,68.69,1.47,5.0203
20200110,Mysuru,12.2958,76.6394,22.77,69.13,2.78,5.5183
20200111,Mysuru,12.2958,76.6394,22.06,63.22,2.59,6.0283
20200112,Mysuru,12.2958,76.6394,21.96,67.89,2.27,5.7802
20200113,Mysuru,12.2958,76.6394,22.67,67.18,1.03,5.2867
20200114,Mysuru,12.2958,76.6394,22.68,64.53,1.46,5.7329
20200115,Mysuru,12.2958,76.6394,21.59,61.11,1.89,5.9443
20200116,Mysuru,12.2958,76.6394,21.26,62.31,1.64,5.8246
20200117,Mysuru,12.2958,76.6394,22.29,62.46,1.88,5.5402
20200118,Mysuru,12.2958,76.6394,24.19,70.33,2.76,4.776
20200119,Mysuru,12.2958,76.6394,24.65,68.29,2.52,4.9634
20200120,Mysuru,12.2958,76.6394,24.44,60.26,2.52,5.7974
20200121,Mysuru,12.2958,76.6394,23.39,56.14,2.51,6.1529
20200122,Mysuru,12.2958,76.6394,23.69,59.24,3.12,6.0929
20200123,Mysuru,12.2958,76.6394,24.21,60.57,3.12,6.1858
20200124,Mysuru,12.2958,76.6394,23.66,52.72,2.58,6.1754
20200125,Mysuru,12.2958,76.6394,22.91,45.1,1.96,6.3701
20200126,Mysuru,12.2958,76.6394,23.52,43.72,1.79,6.3871
20200127,Mysuru,12.2958,76.6394,24.64,46.4,1.54,6.0727
20200128,Mysuru,12.2958,76.6394,25.74,56.56,1.59,5.7036
20200129,Mysuru,12.2958,76.6394,25.86,49.81,1.34,6.1889
20200130,Mysuru,12.2958,76.6394,26.37,47.74,0.96,6.3682
20200131,Mysuru,12.2958,76.6394,26.32,46.0,1.12,6.2914
20200201,Mysuru,12.2958,76.6394,25.39,53.73,3.0,5.4691
20200202,Mysuru,12.2958,76.6394,24.79,53.0,2.92,5.7266
20200203,Mysuru,12.2958,76.6394,24.73,51.12,2.39,6.312
20200204,Mysuru,12.2958,76.6394,24.8,51.88,2.51,6.2158
20200205,Mysuru,12.2958,76.6394,25.3,55.54,2.14,5.4751
20200206,Mysuru,12.2958,76.6394,26.24,48.9,1.53,5.292
20200207,Mysuru,12.2958,76.6394,26.07,53.04,1.97,5.0611
20200208,Mysuru,12.2958,76.6394,26.78,48.0,1.48,6.0804
20200209,Mysuru,12.2958,76.6394,25.96,51.0,2.34,5.5598
20200210,Mysuru,12.2958,76.6394,26.16,53.74,3.33,5.904
20200211,Mysuru,12.2958,76.6394,25.79,50.57,3.96,6.5297
20200212,Mysuru,12.2958,76.6394,24.98,49.59,3.09,6.1565
20200213,Mysuru,12.2958,76.6394,25.31,45.07,2.41,6.419
20200214,Mysuru,12.2958,76.6394,25.69,44.48,1.32,6.3394
20200215,Mysuru,12.2958,76.6394,26.38,37.67,1.52,6.5873
20200216,Mysuru,12.2958,76.6394,25.47,34.37,2.47,6.7519
20200217,Mysuru,12.2958,76.6394,24.36,33.56,2.24,6.7229
20200218,Mysuru,12.2958,76.6394,24.89,40.27,2.75,6.9953
20200219,Mysuru,12.2958,76.6394,25.24,45.03,2.35,6.5453
20200220,Mysuru,12.2958,76.6394,25.06,44.59,2.83,6.905
20200221,Mysuru,12.2958,76.6394,24.88,43.12,2.68,7.0284
20200222,Mysuru,12.2958,76.6394,25.62,50.16,2.86,6.9242
20200223,Mysuru,12.2958,76.6394,26.28,48.14,2.93,6.1049
20200224,Mysuru,12.2958,76.6394,26.63,47.35,2.84,5.3434
20200225,Mysuru,12.2958,76.6394,26.9,44.09,1.87,6.7459
20200226,Mysuru,12.2958,76.6394,27.75,45.74,2.6,6.1466
20200227,Mysuru,12.2958,76.6394,27.47,47.88,2.46,5.4142
20200228,Mysuru,12.2958,76.6394,27.69,48.72,2.83,5.7734
20200229,Mysuru,12.2958,76.6394,28.06,45.32,2.23,5.2301
20200301,Mysuru,12.2958,76.6394,28.39,46.73,2.08,5.8922
20200302,Mysuru,12.2958,76.6394,25.13,59.22,2.18,3.5177
20200303,Mysuru,12.2958,76.6394,27.72,52.44,1.64,5.4281
20200304,Mysuru,12.2958,76.6394,28.27,50.74,1.28,5.2399
20200305,Mysuru,12.2958,76.6394,28.84,47.92,1.84,5.6885
20200306,Mysuru,12.2958,76.6394,28.42,50.4,2.01,5.8495
20200307,Mysuru,12.2958,76.6394,28.26,50.81,1.43,5.2997
20200308,Mysuru,12.2958,76.6394,29.3,46.83,1.13,5.503
20200309,Mysuru,12.2958,76.6394,29.92,45.01,1.21,5.6669
20200310,Mysuru,12.2958,76.6394,30.29,37.18,2.07,6.1733
20200311,Mysuru,12.2958,76.6394,29.61,39.71,1.83,6.5124
20200312,Mysuru,12.2958,76.6394,29.2,39.22,1.9,6.7663
20200313,Mysuru,12.2958,76.6394,28.31,31.94,2.37,7.1477
20200314,Mysuru,12.2958,76.6394,28.5,36.48,2.41,7.3066
20200315,Mysuru,12.2958,76.6394,29.01,41.35,2.42,7.1086
20200316,Mysuru,12.2958,76.6394,28.91,42.13,2.68,6.9478
20200317,Mysuru,12.2958,76.6394,28.59,41.38,3.16,7.4122
20200318,Mysuru,12.2958,76.6394,28.17,35.98,2.49,7.4885
20200319,Mysuru,12.2958,76.6394,29.42,33.4,1.31,7.1179
20200320,Mysuru,12.2958,76.6394,28.88,43.41,1.36,5.8646
20200321,Mysuru,12.2958,76.6394,29.39,41.19,1.44,6.9295
20200322,Mysuru,12.2958,76.6394,29.68,44.89,1.68,6.63
20200323,Mysuru,12.2958,76.6394,29.97,44.53,1.43,6.0132
20200324,Mysuru,12.2958,76.6394,30.0,38.61,2.17,6.4498
20200325,Mysuru,12.2958,76.6394,29.28,41.18,2.51,5.8651
20200326,Mysuru,12.2958,76.6394,29.16,39.23,2.96,6.947
20200327,Mysuru,12.2958,76.6394,28.45,41.07,2.45,6.7502
20200328,Mysuru,12.2958,76.6394,28.65,32.04,2.34,7.4443
20200329,Mysuru,12.2958,76.6394,28.52,29.62,2.28,7.5007
20200330,Mysuru,12.2958,76.6394,28.86,27.44,2.67,7.5259
20200331,Mysuru,12.2958,76.6394,29.06,28.57,2.47,7.505
20200401,Mysuru,12.2958,76.6394,29.36,31.88,2.5,7.5552
20200402,Mysuru,12.2958,76.6394,30.52,32.43,2.33,7.2329
20200403,Mysuru,12.2958,76.6394,30.61,32.18,2.69,7.289
20200404,Mysuru,12.2958,76.6394,29.94,32.23,2.09,7.6037
20200405,Mysuru,12.2958,76.6394,30.87,40.53,1.91,7.0459
20200406,Mysuru,12.2958,76.6394,29.36,52.78,0.73,6.2018
20200407,Mysuru,12.2958,76.6394,25.29,64.52,2.0,4.1695
20200408,Mysuru,12.2958,76.6394,28.36,54.63,0.86,5.6825
20200409,Mysuru,12.2958,76.6394,28.19,60.88,1.77,6.5393
20200410,Mysuru,12.2958,76.6394,27.28,58.52,2.28,6.5491
20200411,Mysuru,12.2958,76.6394,27.08,55.78,2.4,7.0968
20200412,Mysuru,12.2958,76.6394,27.21,50.79,2.17,7.08
20200413,Mysuru,12.2958,76.6394,28.05,44.77,2.61,7.5595
20200414,Mysuru,12.2958,76.6394,28.27,37.52,3.05,7.6325
20200415,Mysuru,12.2958,76.6394,28.26,39.42,2.14,7.7282
20200416,Mysuru,12.2958,76.6394,29.79,38.8,2.23,7.2192
20200417,Mysuru,12.2958,76.6394,30.97,38.11,2.33,7.0445
20200418,Mysuru,12.2958,76.6394,31.36,39.26,2.97,6.6626
20200419,Mysuru,12.2958,76.6394,31.1,39.88,2.99,6.9982
20200420,Mysuru,12.2958,76.6394,30.32,41.68,2.93,7.206
20200421,Mysuru,12.2958,76.6394,30.56,35.94,1.9,7.1875
20200422,Mysuru,12.2958,76.6394,31.4,40.78,1.39,6.5544
20200423,Mysuru,12.2958,76.6394,30.61,51.08,1.22,6.2522
20200424,Mysuru,12.2958,76.6394,27.74,66.2,2.09,5.0522
20200425,Mysuru,12.2958,76.6394,26.87,70.87,2.01,4.5624
20200426,Mysuru,12.2958,76.6394,27.68,61.47,2.28,5.6674
20200427,Mysuru,12.2958,76.6394,28.09,62.72,1.13,5.2606
20200428,Mysuru,12.2958,76.6394,28.67,62.55,1.07,6.1627
20200429,Mysuru,12.2958,76.6394,24.28,82.51,1.31,3.7524
20200430,Mysuru,12.2958,76.6394,27.49,62.78,1.33,6.8148
20200501,Mysuru,12.2958,76.6394,27.85,64.77,1.42,6.4994
20200502,Mysuru,12.2958,76.6394,28.76,63.02,1.24,5.693
20200503,Mysuru,12.2958,76.6394,28.94,62.03,1.55,6.3127
20200504,Mysuru,12.2958,76.6394,30.08,53.72,1.73,6.8215
20200505,Mysuru,12.2958,76.6394,30.0,54.47,1.38,6.7303
20200506,Mysuru,12.2958,76.6394,29.1,61.01,1.14,6.2993
20200507,Mysuru,12.2958,76.6394,28.34,67.13,1.28,5.8745
20200508,Mysuru,12.2958,76.6394,28.56,64.24,0.72,5.7446
20200509,Mysuru,12.2958,76.6394,30.45,53.47,1.74,7.175
20200510,Mysuru,12.2958,76.6394,30.03,49.79,1.98,6.0252
20200511,Mysuru,12.2958,76.6394,29.91,48.58,2.31,5.8632
20200512,Mysuru,12.2958,76.6394,28.73,53.64,1.49,6.1008
20200513,Mysuru,12.2958,76.6394,30.28,43.05,1.07,5.8234
20200514,Mysuru,12.2958,76.6394,29.46,55.08,1.18,6.3
20200515,Mysuru,12.2958,76.6394,30.8,47.7,1.07,5.8404
20200516,Mysuru,12.2958,76.6394,30.15,51.26,1.92,5.1389
20200517,Mysuru,12.2958,76.6394,28.72,61.12,2.95,5.6227
20200518,Mysuru,12.2958,76.6394,25.81,72.33,4.85,3.9662
20200519,Mysuru,12.2958,76.6394,27.11,68.5,4.46,5.2562
20200520,Mysuru,12.2958,76.6394,28.03,64.0,3.76,6.0089
20200521,Mysuru,12.2958,76.6394,28.14,58.89,3.5,6.2813
20200522,Mysuru,12.2958,76.6394,29.39,54.46,2.86,6.1094
20200523,Mysuru,12.2958,76.6394,30.33,54.66,2.54,6.6684
20200524,Mysuru,12.2958,76.6394,30.24,58.68,2.59,6.8191
20200525,Mysuru,12.2958,76.6394,27.57,72.93,2.56,6.8935
20200526,Mysuru,12.2958,76.6394,27.12,74.27,2.31,6.7397
20200527,Mysuru,12.2958,76.6394,27.42,75.92,2.56,6.1505
20200528,Mysuru,12.2958,76.6394,27.56,71.19,2.14,6.9996
20200529,Mysuru,12.2958,76.6394,24.84,78.84,2.51,6.6168
20200530,Mysuru,12.2958,76.6394,25.75,75.65,1.41,5.6604
20200531,Mysuru,12.2958,76.6394,26.21,77.03,2.05,6.1409
20200601,Mysuru,12.2958,76.6394,25.33,81.05,2.42,5.491
20200602,Mysuru,12.2958,76.6394,25.09,77.21,2.93,5.3604
20200603,Mysuru,12.2958,76.6394,24.87,79.19,3.23,3.8354
20200604,Mysuru,12.2958,76.6394,24.35,81.87,3.02,5.3381
20200605,Mysuru,12.2958,76.6394,25.26,75.73,3.07,5.4478
20200606,Mysuru,12.2958,76.6394,25.02,75.47,3.4,5.5466
20200607,Mysuru,12.2958,76.6394,25.69,72.72,3.42,5.7751
20200608,Mysuru,12.2958,76.6394,25.44,68.17,3.7,6.2129
20200609,Mysuru,12.2958,76.6394,25.54,67.33,3.58,5.797
20200610,Mysuru,12.2958,76.6394,25.44,73.84,4.19,4.9978
20200611,Mysuru,12.2958,76.6394,24.32,76.44,4.26,4.6138
20200612,Mysuru,12.2958,76.6394,23.84,74.54,5.19,4.4743
20200613,Mysuru,12.2958,76.6394,24.55,71.3,4.78,4.0745
20200614,Mysuru,12.2958,76.6394,24.17,74.3,4.96,4.5266
20200615,Mysuru,12.2958,76.6394,25.7,73.44,4.41,4.9526
20200616,Mysuru,12.2958,76.6394,25.41,76.4,4.21,4.6078
20200617,Mysuru,12.2958,76.6394,24.81,79.04,3.81,3.2702
20200618,Mysuru,12.2958,76.6394,24.3,76.67,3.8,3.7342
20200619,Mysuru,12.2958,76.6394,24.91,74.45,3.46,5.2526
20200620,Mysuru,12.2958,76.6394,24.49,71.91,3.66,5.4125
20200621,Mysuru,12.2958,76.6394,25.27,73.16,3.77,4.998
20200622,Mysuru,12.2958,76.6394,24.52,71.84,4.21,5.4758
20200623,Mysuru,12.2958,76.6394,23.98,70.83,3.29,5.3167
20200624,Mysuru,12.2958,76.6394,24.98,72.06,2.99,5.5687
20200625,Mysuru,12.2958,76.6394,23.3,83.85,1.38,6.1351
20200626,Mysuru,12.2958,76.6394,24.64,79.06,1.96,5.3011
20200627,Mysuru,12.2958,76.6394,24.74,81.5,2.51,5.2022
20200628,Mysuru,12.2958,76.6394,24.64,84.91,2.85,4.5
20200629,Mysuru,12.2958,76.6394,24.19,86.6,2.57,4.7808
20200630,Mysuru,12.2958,76.6394,24.52,81.58,3.06,5.7989
20200701,Mysuru,12.2958,76.6394,24.08,77.27,3.58,4.3097
20200702,Mysuru,12.2958,76.6394,22.75,82.42,3.9,3.4882
20200703,Mysuru,12.2958,76.6394,23.33,82.97,4.33,4.7616
20200704,Mysuru,12.2958,76.6394,23.64,78.74,4.94,4.2206
20200705,Mysuru,12.2958,76.6394,22.79,80.38,4.16,4.488
20200706,Mysuru,12.2958,76.6394,23.67,80.23,3.86,4.326
20200707,Mysuru,12.2958,76.6394,23.42,82.38,3.59,4.2799
20200708,Mysuru,12.2958,76.6394,23.37,86.35,2.63,3.9756
20200709,Mysuru,12.2958,76.6394,22.84,86.11,2.57,4.9332
20200710,Mysuru,12.2958,76.6394,23.9,79.92,2.45,4.1873
20200711,Mysuru,12.2958,76.6394,23.75,81.77,2.41,4.9248
20200712,Mysuru,12.2958,76.6394,24.35,80.47,3.11,5.7996
20200713,Mysuru,12.2958,76.6394,23.44,82.22,2.62,4.8607
20200714,Mysuru,12.2958,76.6394,23.9,82.6,2.96,3.9377
20200715,Mysuru,12.2958,76.6394,23.5,82.83,3.72,3.5297
20200716,Mysuru,12.2958,76.6394,23.73,82.07,3.63,2.8805
20200717,Mysuru,12.2958,76.6394,23.5,81.89,3.24,3.0398
20200718,Mysuru,12.2958,76.6394,24.03,83.07,2.11,4.3613
20200719,Mysuru,12.2958,76.6394,23.98,80.21,1.53,5.3086
20200720,Mysuru,12.2958,76.6394,24.31,84.96,2.1,4.6999
20200721,Mysuru,12.2958,76.6394,24.6,78.67,1.37,6.2359
20200722,Mysuru,12.2958,76.6394,24.82,81.6,1.37,5.8145
20200723,Mysuru,12.2958,76.6394,24.28,84.44,0.81,5.4547
20200724,Mysuru,12.2958,76.6394,24.06,82.36,2.11,4.643
20200725,Mysuru,12.2958,76.6394,22.8,85.41,2.05,5.016
20200726,Mysuru,12.2958,76.6394,22.82,83.54,2.76,5.0249
20200727,Mysuru,12.2958,76.6394,23.87,80.52,2.84,5.1931
20200728,Mysuru,12.2958,76.6394,24.14,82.94,2.73,5.7655
20200729,Mysuru,12.2958,76.6394,22.9,87.34,2.61,4.093
20200730,Mysuru,12.2958,76.6394,23.39,87.86,3.13,5.0534
20200731,Mysuru,12.2958,76.6394,24.09,83.62,2.49,4.0944
20200801,Mysuru,12.2958,76.6394,23.39,83.75,3.22,4.6946
20200802,Mysuru,12.2958,76.6394,22.87,85.77,4.61,4.3238
20200803,Mysuru,12.2958,76.6394,23.56,83.75,4.75,2.9741
20200804,Mysuru,12.2958,76.6394,23.12,81.5,5.92,3.0751
20200805,Mysuru,12.2958,76.6394,23.21,81.67,6.7,3.2378
20200806,Mysuru,12.2958,76.6394,24.77,80.47,5.91,4.1654
20200807,Mysuru,12.2958,76.6394,24.05,83.62,5.03,3.2254
20200808,Mysuru,12.2958,76.6394,23.14,84.38,4.35,3.2786
20200809,Mysuru,12.2958,76.6394,22.69,84.38,4.01,3.1238
20200810,Mysuru,12.2958,76.6394,22.83,87.22,2.98,3.6965
20200811,Mysuru,12.2958,76.6394,23.4,84.4,3.58,3.9682
20200812,Mysuru,12.2958,76.6394,23.51,84.06,3.77,4.2161
20200813,Mysuru,12.2958,76.6394,23.52,83.05,3.59,4.861
20200814,Mysuru,12.2958,76.6394,23.33,82.32,3.82,3.977
20200815,Mysuru,12.2958,76.6394,23.5,81.79,4.05,3.907
20200816,Mysuru,12.2958,76.6394,23.78,82.31,3.84,2.3659
20200817,Mysuru,12.2958,76.6394,23.61,83.27,3.48,3.3058
20200818,Mysuru,12.2958,76.6394,24.1,81.49,3.52,4.3457
20200819,Mysuru,12.2958,76.6394,23.69,83.13,3.29,3.7757
20200820,Mysuru,12.2958,76.6394,23.72,82.56,3.46,3.9427
20200821,Mysuru,12.2958,76.6394,24.25,81.48,3.1,4.5228
20200822,Mysuru,12.2958,76.6394,24.27,82.25,2.79,5.0042
20200823,Mysuru,12.2958,76.6394,24.12,82.55,2.48,4.6553
20200824,Mysuru,12.2958,76.6394,24.42,80.88,2.02,5.0741
20200825,Mysuru,12.2958,76.6394,24.86,78.27,1.89,6.9346
20200826,Mysuru,12.2958,76.6394,24.05,81.14,1.73,5.9227
20200827,Mysuru,12.2958,76.6394,24.04,80.07,2.27,6.2419
20200828,Mysuru,12.2958,76.6394,24.64,76.13,2.54,6.781
20200829,Mysuru,12.2958,76.6394,24.92,76.59,2.76,6.2045
20200830,Mysuru,12.2958,76.6394,24.68,81.39,2.04,6.0269
20200831,Mysuru,12.2958,76.6394,24.25,83.22,1.59,4.9817
20200901,Mysuru,12.2958,76.6394,22.91,88.81,2.35,4.9982
20200902,Mysuru,12.2958,76.6394,22.75,91.93,1.66,4.0435
20200903,Mysuru,12.2958,76.6394,23.72,86.21,1.77,4.7208
20200904,Mysuru,12.2958,76.6394,24.68,82.93,1.36,5.4574
20200905,Mysuru,12.2958,76.6394,24.72,82.08,1.31,4.7412
20200906,Mysuru,12.2958,76.6394,24.31,85.8,1.72,5.0172
20200907,Mysuru,12.2958,76.6394,23.16,88.17,2.49,4.553
20200908,Mysuru,12.2958,76.6394,24.43,81.03,1.26,5.075
20200909,Mysuru,12.2958,76.6394,24.15,84.19,2.29,4.68
20200910,Mysuru,12.2958,76.6394,23.26,86.19,1.64,4.4359
20200911,Mysuru,12.2958,76.6394,22.96,84.22,3.96,3.3067
20200912,Mysuru,12.2958,76.6394,21.76,87.39,3.29,3.3055
20200913,Mysuru,12.2958,76.6394,21.23,85.65,3.19,3.1087
20200914,Mysuru,12.2958,76.6394,22.3,80.92,3.94,4.3519
20200915,Mysuru,12.2958,76.6394,23.14,83.69,3.42,4.5533
20200916,Mysuru,12.2958,76.6394,23.31,84.96,3.17,4.3884
20200917,Mysuru,12.2958,76.6394,23.69,83.94,3.12,5.1715
20200918,Mysuru,12.2958,76.6394,23.12,83.8,3.93,4.7018
20200919,Mysuru,12.2958,76.6394,22.73,84.04,4.5,3.7135
20200920,Mysuru,12.2958,76.6394,21.92,83.69,5.4,2.9213
20200921,Mysuru,12.2958,76.6394,21.86,83.74,5.1,3.7704
20200922,Mysuru,12.2958,76.6394,21.46,80.07,4.64,3.4814
20200923,Mysuru,12.2958,76.6394,22.57,81.54,3.49,5.0592
20200924,Mysuru,12.2958,76.6394,22.84,81.69,2.56,4.5602
20200925,Mysuru,12.2958,76.6394,22.51,86.16,1.52,4.8806
20200926,Mysuru,12.2958,76.6394,21.46,88.14,2.35,3.4896
20200927,Mysuru,12.2958,76.6394,22.83,83.49,1.94,4.727
20200928,Mysuru,12.2958,76.6394,24.01,80.71,1.96,5.5322
20200929,Mysuru,12.2958,76.6394,23.49,87.01,2.9,4.7712
20200930,Mysuru,12.2958,76.6394,22.68,86.28,2.49,4.788
20201001,Mysuru,12.2958,76.6394,22.99,80.89,2.52,5.783
20201002,Mysuru,12.2958,76.6394,23.32,83.12,1.86,5.723
20201003,Mysuru,12.2958,76.6394,22.37,87.63,2.52,5.4816
20201004,Mysuru,12.2958,76.6394,22.44,85.46,2.43,4.1167
20201005,Mysuru,12.2958,76.6394,23.2,81.36,2.17,5.2877
20201006,Mysuru,12.2958,76.6394,24.17,81.21,1.49,6.0775
20201007,Mysuru,12.2958,76.6394,24.25,84.62,1.83,5.2219
20201008,Mysuru,12.2958,76.6394,23.91,84.75,1.28,5.136
20201009,Mysuru,12.2958,76.6394,23.65,84.56,1.08,4.1678
20201010,Mysuru,12.2958,76.6394,22.61,90.25,2.09,4.9104
20201011,Mysuru,12.2958,76.6394,22.14,87.73,2.82,3.293
20201012,Mysuru,12.2958,76.6394,22.22,87.88,3.43,3.127
20201013,Mysuru,12.2958,76.6394,22.08,89.88,3.21,2.9102
20201014,Mysuru,12.2958,76.6394,21.81,86.33,4.0,3.419
20201015,Mysuru,12.2958,76.6394,22.27,86.82,3.06,3.9576
20201016,Mysuru,12.2958,76.6394,22.23,87.82,1.92,5.8126
20201017,Mysuru,12.2958,76.6394,22.67,84.09,1.24,5.5637
20201018,Mysuru,12.2958,76.6394,23.16,85.43,1.4,4.8706
20201019,Mysuru,12.2958,76.6394,23.05,86.79,1.21,4.8509
20201020,Mysuru,12.2958,76.6394,23.12,89.57,1.37,3.666
20201021,Mysuru,12.2958,76.6394,23.05,90.8,1.91,3.6382
20201022,Mysuru,12.2958,76.6394,23.28,88.18,1.46,4.2353
20201023,Mysuru,12.2958,76.6394,23.1,88.84,1.7,2.9074
20201024,Mysuru,12.2958,76.6394,22.8,86.23,1.5,5.0815
20201025,Mysuru,12.2958,76.6394,23.51,78.6,0.53,4.7827
20201026,Mysuru,12.2958,76.6394,23.47,83.71,1.19,5.6988
20201027,Mysuru,12.2958,76.6394,22.88,81.89,1.34,5.5474
20201028,Mysuru,12.2958,76.6394,22.41,82.5,1.76,5.7799
20201029,Mysuru,12.2958,76.6394,22.21,83.94,1.72,5.5231
20201030,Mysuru,12.2958,76.6394,22.45,82.22,1.46,5.5454
20201031,Mysuru,12.2958,76.6394,23.16,78.72,1.18,5.5778
20201101,Mysuru,12.2958,76.6394,23.59,77.63,0.77,4.8358
20201102,Mysuru,12.2958,76.6394,23.39,83.77,1.1,4.3337
20201103,Mysuru,12.2958,76.6394,23.67,83.94,1.49,4.236
20201104,Mysuru,12.2958,76.6394,23.9,84.31,1.26,4.5091
20201105,Mysuru,12.2958,76.6394,23.68,84.26,1.51,4.685
20201106,Mysuru,12.2958,76.6394,23.09,82.9,1.86,4.896
20201107,Mysuru,12.2958,76.6394,23.23,85.7,1.79,5.6208
20201108,Mysuru,12.2958,76.6394,23.39,86.69,2.31,4.1347
20201109,Mysuru,12.2958,76.6394,22.4,83.51,1.94,5.4334
20201110,Mysuru,12.2958,76.6394,20.19,78.0,2.07,6.3298
20201111,Mysuru,12.2958,76.6394,20.48,84.53,2.16,5.9462
20201112,Mysuru,12.2958,76.6394,22.41,90.07,2.32,4.477
20201113,Mysuru,12.2958,76.6394,22.59,89.36,2.26,3.3365
20201114,Mysuru,12.2958,76.6394,22.72,86.41,2.62,4.7664
20201115,Mysuru,12.2958,76.6394,22.98,88.35,2.72,3.3994
20201116,Mysuru,12.2958,76.6394,22.55,90.26,2.38,2.7098
20201117,Mysuru,12.2958,76.6394,22.39,88.01,2.69,3.8172
20201118,Mysuru,12.2958,76.6394,22.44,87.09,2.06,4.4474
20201119,Mysuru,12.2958,76.6394,22.44,84.58,2.24,5.1646
20201120,Mysuru,12.2958,76.6394,22.05,82.96,2.09,5.4984
20201121,Mysuru,12.2958,76.6394,20.32,77.53,1.59,6.2136
20201122,Mysuru,12.2958,76.6394,19.0,74.4,1.56,6.0113
20201123,Mysuru,12.2958,76.6394,19.37,76.44,1.59,5.1734
20201124,Mysuru,12.2958,76.6394,21.47,83.4,1.87,4.5259
20201125,Mysuru,12.2958,76.6394,22.04,86.01,2.72,4.4707
20201126,Mysuru,12.2958,76.6394,20.21,92.38,3.78,1.9958
20201127,Mysuru,12.2958,76.6394,20.16,89.2,2.51,4.4093
20201128,Mysuru,12.2958,76.6394,20.89,86.8,1.77,3.9888
20201129,Mysuru,12.2958,76.6394,21.92,85.71,2.18,3.7478
20201130,Mysuru,12.2958,76.6394,21.71,84.65,2.45,4.2461
20201201,Mysuru,12.2958,76.6394,20.37,80.47,2.18,5.7559
20201202,Mysuru,12.2958,76.6394,20.93,81.09,2.4,5.094
20201203,Mysuru,12.2958,76.6394,20.93,88.8,3.02,2.8111
20201204,Mysuru,12.2958,76.6394,20.99,92.8,2.67,2.3342
20201205,Mysuru,12.2958,76.6394,22.0,84.97,2.64,2.6011
20201206,Mysuru,12.2958,76.6394,22.36,86.17,2.81,2.5022
20201207,Mysuru,12.2958,76.6394,22.5,87.14,2.91,2.5118
20201208,Mysuru,12.2958,76.6394,22.49,87.1,2.83,3.173
20201209,Mysuru,12.2958,76.6394,22.51,84.59,2.23,4.3522
20201210,Mysuru,12.2958,76.6394,21.18,78.11,1.77,5.0652
20201211,Mysuru,12.2958,76.6394,20.24,76.81,1.53,5.7634
20201212,Mysuru,12.2958,76.6394,19.73,77.22,1.48,5.3141
20201213,Mysuru,12.2958,76.6394,19.92,77.39,1.4,5.1278
20201214,Mysuru,12.2958,76.6394,19.95,78.05,1.64,5.261
20201215,Mysuru,12.2958,76.6394,20.06,77.37,2.14,5.5133
20201216,Mysuru,12.2958,76.6394,21.61,81.13,2.3,4.0284
20201217,Mysuru,12.2958,76.6394,22.13,82.95,2.54,2.664
20201218,Mysuru,12.2958,76.6394,20.88,80.79,2.43,5.4499
20201219,Mysuru,12.2958,76.6394,21.16,80.18,2.75,4.8096
20201220,Mysuru,12.2958,76.6394,20.67,77.75,2.86,4.4957
20201221,Mysuru,12.2958,76.6394,19.03,76.32,2.51,5.5783
20201222,Mysuru,12.2958,76.6394,20.09,73.94,1.92,5.3731
20201223,Mysuru,12.2958,76.6394,21.39,75.18,1.56,4.6594
20201224,Mysuru,12.2958,76.6394,22.11,76.48,1.67,4.3318
20201225,Mysuru,12.2958,76.6394,22.08,76.64,2.13,4.8634
20201226,Mysuru,12.2958,76.6394,20.78,75.04,2.16,5.5469
20201227,Mysuru,12.2958,76.6394,20.1,72.6,1.86,5.8584
20201228,Mysuru,12.2958,76.6394,20.56,71.04,1.39,4.7117
20201229,Mysuru,12.2958,76.6394,21.48,73.0,1.96,5.3839
20201230,Mysuru,12.2958,76.6394,22.73,79.4,2.65,4.872
20201231,Mysuru,12.2958,76.6394,22.65,80.68,3.32,2.3693
20210101,Mysuru,12.2958,76.6394,20.8,74.91,2.77,4.8535
20210102,Mysuru,12.2958,76.6394,21.37,78.09,2.75,5.1758
20210103,Mysuru,12.2958,76.6394,22.5,79.34,2.66,3.7466
20210104,Mysuru,12.2958,76.6394,22.63,77.36,2.98,1.7786
20210105,Mysuru,12.2958,76.6394,22.53,81.09,2.36,4.8509
20210106,Mysuru,12.2958,76.6394,22.81,82.94,1.78,3.2904
20210107,Mysuru,12.2958,76.6394,22.28,86.5,2.03,2.8903
20210108,Mysuru,12.2958,76.6394,23.24,83.79,1.93,3.0055
20210109,Mysuru,12.2958,76.6394,23.52,81.31,2.44,2.8243
20210110,Mysuru,12.2958,76.6394,23.05,79.29,2.22,3.7752
20210111,Mysuru,12.2958,76.6394,22.59,78.54,2.39,2.7547
20210112,Mysuru,12.2958,76.6394,21.35,79.92,2.91,3.0888
20210113,Mysuru,12.2958,76.6394,21.71,76.54,2.95,4.7074
20210114,Mysuru,12.2958,76.6394,22.08,77.55,2.79,4.0162
20210115,Mysuru,12.2958,76.6394,22.45,76.21,2.31,4.3714
20210116,Mysuru,12.2958,76.6394,23.02,72.17,2.25,5.027
20210117,Mysuru,12.2958,76.6394,22.76,71.57,2.11,5.0146
20210118,Mysuru,12.2958,76.6394,21.97,68.05,2.31,6.1015
20210119,Mysuru,12.2958,76.6394,21.61,69.68,2.03,5.8829
20210120,Mysuru,12.2958,76.6394,22.3,68.03,1.22,5.9357
20210121,Mysuru,12.2958,76.6394,24.0,69.28,0.93,5.9784
20210122,Mysuru,12.2958,76.6394,24.06,70.18,1.55,5.3186
20210123,Mysuru,12.2958,76.6394,23.66,70.39,1.72,4.8706
20210124,Mysuru,12.2958,76.6394,22.65,67.29,1.67,5.7415
20210125,Mysuru,12.2958,76.6394,21.56,65.45,2.09,6.2006
20210126,Mysuru,12.2958,76.6394,21.46,61.53,2.02,6.4306
20210127,Mysuru,12.2958,76.6394,20.73,61.9,1.97,6.2182
20210128,Mysuru,12.2958,76.6394,21.31,65.15,2.35,6.0998
20210129,Mysuru,12.2958,76.6394,22.58,66.07,2.28,5.8954
20210130,Mysuru,12.2958,76.6394,23.71,63.82,1.96,5.0918
20210131,Mysuru,12.2958,76.6394,23.24,61.88,2.45,5.9525
20210201,Mysuru,12.2958,76.6394,22.09,58.08,2.43,6.3631
20210202,Mysuru,12.2958,76.6394,22.32,61.28,2.5,6.2599
20210203,Mysuru,12.2958,76.6394,23.14,64.37,2.62,5.6647
20210204,Mysuru,12.2958,76.6394,23.38,58.82,2.26,6.041
20210205,Mysuru,12.2958,76.6394,23.0,57.33,1.77,6.1214
20210206,Mysuru,12.2958,76.6394,22.52,55.43,2.42,6.3888
20210207,Mysuru,12.2958,76.6394,21.87,49.75,2.45,6.6708
20210208,Mysuru,12.2958,76.6394,21.6,52.09,2.54,6.7262
20210209,Mysuru,12.2958,76.6394,21.9,53.41,2.64,6.4349
20210210,Mysuru,12.2958,76.6394,21.53,49.19,2.06,6.7646
20210211,Mysuru,12.2958,76.6394,21.91,50.43,2.07,6.7841
20210212,Mysuru,12.2958,76.6394,22.27,50.69,1.93,6.8474
20210213,Mysuru,12.2958,76.6394,22.63,50.32,1.8,6.8426
20210214,Mysuru,12.2958,76.6394,23.29,47.38,1.06,6.6694
20210215,Mysuru,12.2958,76.6394,24.78,46.41,1.05,6.3898
20210216,Mysuru,12.2958,76.6394,25.8,50.36,1.58,5.1439
20210217,Mysuru,12.2958,76.6394,26.17,48.18,1.94,4.9135
20210218,Mysuru,12.2958,76.6394,25.18,52.22,3.09,4.579
20210219,Mysuru,12.2958,76.6394,25.09,49.72,2.37,4.0495
20210220,Mysuru,12.2958,76.6394,23.41,68.01,2.93,4.7162
20210221,Mysuru,12.2958,76.6394,21.97,74.94,3.8,4.4983
20210222,Mysuru,12.2958,76.6394,23.71,64.88,1.83,5.7014
20210223,Mysuru,12.2958,76.6394,24.85,62.18,1.99,6.4579
20210224,Mysuru,12.2958,76.6394,25.0,56.97,1.53,6.6576
20210225,Mysuru,12.2958,76.6394,25.66,51.88,1.52,6.6062
20210226,Mysuru,12.2958,76.6394,26.27,46.82,1.5,6.5234
20210227,Mysuru,12.2958,76.6394,26.99,42.58,1.8,6.4466
20210228,Mysuru,12.2958,76.6394,26.3,38.29,2.61,6.8045
20210301,Mysuru,12.2958,76.6394,25.77,38.43,2.21,6.9355
20210302,Mysuru,12.2958,76.6394,26.04,41.91,2.86,6.4949
20210303,Mysuru,12.2958,76.6394,25.87,39.69,3.1,7.0459
20210304,Mysuru,12.2958,76.6394,24.69,43.3,3.02,7.4052
20210305,Mysuru,12.2958,76.6394,25.32,37.68,1.81,7.447
20210306,Mysuru,12.2958,76.6394,26.77,35.96,1.57,7.1146
20210307,Mysuru,12.2958,76.6394,26.76,37.04,2.03,7.0992
20210308,Mysuru,12.2958,76.6394,26.34,41.27,2.3,7.3872
20210309,Mysuru,12.2958,76.6394,26.61,42.69,2.61,7.4362
20210310,Mysuru,12.2958,76.6394,27.5,47.02,2.18,7.0718
20210311,Mysuru,12.2958,76.6394,27.13,54.36,2.53,6.0228
20210312,Mysuru,12.2958,76.6394,26.56,47.65,2.44,7.0886
20210313,Mysuru,12.2958,76.6394,26.13,40.51,2.24,7.4791
20210314,Mysuru,12.2958,76.6394,26.81,43.93,2.47,7.4498
20210315,Mysuru,12.2958,76.6394,27.17,39.06,1.9,6.6674
20210316,Mysuru,12.2958,76.6394,27.89,39.43,2.02,6.9463
20210317,Mysuru,12.2958,76.6394,27.68,35.39,2.48,6.8558
20210318,Mysuru,12.2958,76.6394,26.94,39.82,2.61,6.3667
20210319,Mysuru,12.2958,76.6394,26.53,35.74,2.54,7.0418
20210320,Mysuru,12.2958,76.6394,26.63,32.42,2.17,6.3238
20210321,Mysuru,12.2958,76.6394,27.73,33.63,2.45,6.9662
20210322,Mysuru,12.2958,76.6394,28.34,30.32,2.24,6.8395
20210323,Mysuru,12.2958,76.6394,28.74,35.27,2.42,7.079
20210324,Mysuru,12.2958,76.6394,29.15,36.89,2.45,6.8719
20210325,Mysuru,12.2958,76.6394,29.11,35.69,2.28,5.7461
20210326,Mysuru,12.2958,76.6394,29.48,36.1,2.8,6.967
20210327,Mysuru,12.2958,76.6394,28.19,44.05,2.48,6.6799
20210328,Mysuru,12.2958,76.6394,28.57,38.77,2.03,5.3244
20210329,Mysuru,12.2958,76.6394,29.4,40.27,2.06,5.7341
20210330,Mysuru,12.2958,76.6394,30.21,43.01,2.27,6.0665
20210331,Mysuru,12.2958,76.6394,32.13,32.53,1.89,6.541
20210401,Mysuru,12.2958,76.6394,30.45,36.4,3.26,7.2542
20210402,Mysuru,12.2958,76.6394,29.86,38.5,2.34,7.5012
20210403,Mysuru,12.2958,76.6394,30.41,37.93,1.66,6.9377
20210404,Mysuru,12.2958,76.6394,31.05,33.98,2.84,6.486
20210405,Mysuru,12.2958,76.6394,31.47,33.81,1.98,6.8102
20210406,Mysuru,12.2958,76.6394,30.65,39.1,3.12,6.5328
20210407,Mysuru,12.2958,76.6394,30.67,31.69,2.51,6.9286
20210408,Mysuru,12.2958,76.6394,30.08,27.36,2.49,5.5433
20210409,Mysuru,12.2958,76.6394,29.78,31.1,2.47,6.5791
20210410,Mysuru,12.2958,76.6394,29.71,37.03,2.97,6.7534
20210411,Mysuru,12.2958,76.6394,30.24,41.58,2.77,6.4918
20210412,Mysuru,12.2958,76.6394,29.97,45.76,2.72,5.6172
20210413,Mysuru,12.2958,76.6394,28.95,49.06,2.39,6.0185
20210414,Mysuru,12.2958,76.6394,27.93,54.76,1.22,4.6774
20210415,Mysuru,12.2958,76.6394,26.21,70.51,1.05,5.2817
20210416,Mysuru,12.2958,76.6394,27.08,65.21,1.41,6.3341
20210417,Mysuru,12.2958,76.6394,27.81,62.17,0.92,6.1606
20210418,Mysuru,12.2958,76.6394,28.13,59.8,1.2,5.7098
20210419,Mysuru,12.2958,76.6394,28.07,61.19,1.26,5.9621
20210420,Mysuru,12.2958,76.6394,27.55,63.86,1.68,4.7393
20210421,Mysuru,12.2958,76.6394,26.73,68.65,1.12,4.967
20210422,Mysuru,12.2958,76.6394,27.19,65.92,1.16,5.8442
20210423,Mysuru,12.2958,76.6394,26.46,68.87,0.89,5.2534
20210424,Mysuru,12.2958,76.6394,26.88,69.07,1.13,6.5472
20210425,Mysuru,12.2958,76.6394,27.3,67.13,1.62,5.5778
20210426,Mysuru,12.2958,76.6394,26.68,65.94,1.22,6.3266
20210427,Mysuru,12.2958,76.6394,27.1,61.76,1.1,5.6172
20210428,Mysuru,12.2958,76.6394,27.65,62.75,1.09,6.1102
20210429,Mysuru,12.2958,76.6394,28.45,59.54,1.09,5.827
20210430,Mysuru,12.2958,76.6394,27.35,65.92,1.39,5.8951
20210501,Mysuru,12.2958,76.6394,27.48,65.06,1.99,5.909
20210502,Mysuru,12.2958,76.6394,26.78,68.47,1.16,5.5354
20210503,Mysuru,12.2958,76.6394,26.63,68.76,1.48,5.2687
20210504,Mysuru,12.2958,76.6394,27.45,66.84,1.13,5.5534
20210505,Mysuru,12.2958,76.6394,27.92,65.82,1.34,6.7027
20210506,Mysuru,12.2958,76.6394,28.26,63.6,1.81,5.9522
20210507,Mysuru,12.2958,76.6394,28.16,63.27,2.26,5.7571
20210508,Mysuru,12.2958,76.6394,28.27,61.2,2.23,6.0192
20210509,Mysuru,12.2958,76.6394,28.61,64.05,1.29,6.3602
20210510,Mysuru,12.2958,76.6394,28.21,68.57,0.98,5.3897
20210511,Mysuru,12.2958,76.6394,26.9,76.34,1.31,5.5812
20210512,Mysuru,12.2958,76.6394,26.53,78.1,1.07,5.1578
20210513,Mysuru,12.2958,76.6394,26.83,76.21,1.27,5.9789
20210514,Mysuru,12.2958,76.6394,26.8,70.07,3.25,5.5824
20210515,Mysuru,12.2958,76.6394,24.28,82.44,3.92,2.5066
20210516,Mysuru,12.2958,76.6394,25.31,78.01,3.64,3.2251
20210517,Mysuru,12.2958,76.6394,26.12,75.18,2.83,5.3767
20210518,Mysuru,12.2958,76.6394,26.38,75.8,2.65,6.241
20210519,Mysuru,12.2958,76.6394,25.06,85.93,2.45,6.1978
20210520,Mysuru,12.2958,76.6394,24.54,81.7,2.45,5.0328
20210521,Mysuru,12.2958,76.6394,23.93,81.62,2.42,5.1161
20210522,Mysuru,12.2958,76.6394,24.37,80.07,2.67,5.922
20210523,Mysuru,12.2958,76.6394,25.05,77.65,3.3,6.0029
20210524,Mysuru,12.2958,76.6394,24.66,77.21,2.68,6.9931
20210525,Mysuru,12.2958,76.6394,23.63,84.41,3.15,4.6608
20210526,Mysuru,12.2958,76.6394,23.35,79.1,4.15,5.7242
20210527,Mysuru,12.2958,76.6394,24.62,78.12,3.24,6.5777
20210528,Mysuru,12.2958,76.6394,25.0,75.5,3.35,6.9442
20210529,Mysuru,12.2958,76.6394,24.92,75.68,3.06,6.3516
20210530,Mysuru,12.2958,76.6394,24.45,77.73,3.29,6.3881
20210531,Mysuru,12.2958,76.6394,25.21,76.62,3.28,6.4308
20210601,Mysuru,12.2958,76.6394,25.51,78.98,2.41,5.9376
20210602,Mysuru,12.2958,76.6394,25.73,78.95,1.99,6.336
20210603,Mysuru,12.2958,76.6394,25.23,84.64,1.13,5.3616
20210604,Mysuru,12.2958,76.6394,24.16,88.2,1.47,5.215
20210605,Mysuru,12.2958,76.6394,22.8,84.28,1.95,4.4794
20210606,Mysuru,12.2958,76.6394,24.26,75.18,2.12,5.4475
20210607,Mysuru,12.2958,76.6394,24.14,78.85,2.44,6.8863
20210608,Mysuru,12.2958,76.6394,24.99,75.76,2.96,6.7553
20210609,Mysuru,12.2958,76.6394,24.44,79.43,3.32,5.7516
20210610,Mysuru,12.2958,76.6394,24.66,77.41,3.63,5.2826
20210611,Mysuru,12.2958,76.6394,23.65,81.01,3.48,5.329
20210612,Mysuru,12.2958,76.6394,22.75,79.97,4.81,4.2869
20210613,Mysuru,12.2958,76.6394,23.34,74.04,5.08,4.1623
20210614,Mysuru,12.2958,76.6394,22.96,78.75,5.58,3.5189
20210615,Mysuru,12.2958,76.6394,22.94,81.95,4.74,3.8786
20210616,Mysuru,12.2958,76.6394,24.24,79.13,4.62,4.3428
20210617,Mysuru,12.2958,76.6394,24.09,80.69,4.53,4.7966
20210618,Mysuru,12.2958,76.6394,23.33,82.26,4.18,4.2713
20210619,Mysuru,12.2958,76.6394,23.91,81.56,4.04,4.8785
20210620,Mysuru,12.2958,76.6394,23.79,82.35,3.01,5.3887
20210621,Mysuru,12.2958,76.6394,24.43,79.08,2.88,5.5589
20210622,Mysuru,12.2958,76.6394,24.57,78.63,2.56,5.3263
20210623,Mysuru,12.2958,76.6394,24.58,79.67,2.47,5.7991
20210624,Mysuru,12.2958,76.6394,24.23,78.63,3.09,6.1272
20210625,Mysuru,12.2958,76.6394,23.42,79.7,2.98,6.2196
20210626,Mysuru,12.2958,76.6394,23.57,79.94,3.23,4.0591
20210627,Mysuru,12.2958,76.6394,22.91,74.63,2.94,4.3846
20210628,Mysuru,12.2958,76.6394,23.29,75.27,2.03,5.6993
20210629,Mysuru,12.2958,76.6394,25.56,74.24,1.83,6.2429
20210630,Mysuru,12.2958,76.6394,25.5,78.8,2.22,6.3552
20210701,Mysuru,12.2958,76.6394,24.46,85.24,2.02,4.1165
20210702,Mysuru,12.2958,76.6394,24.01,83.03,2.57,4.7321
20210703,Mysuru,12.2958,76.6394,24.2,80.98,2.12,4.991
20210704,Mysuru,12.2958,76.6394,24.12,80.71,1.61,5.6302
20210705,Mysuru,12.2958,76.6394,24.38,79.16,2.27,5.9335
20210706,Mysuru,12.2958,76.6394,24.5,83.48,1.55,5.3422
20210707,Mysuru,12.2958,76.6394,23.59,85.4,2.53,5.5846
20210708,Mysuru,12.2958,76.6394,24.28,82.87,2.68,5.6695
20210709,Mysuru,12.2958,76.6394,23.7,83.61,3.5,4.6298
20210710,Mysuru,12.2958,76.6394,22.63,81.19,3.95,4.0109
20210711,Mysuru,12.2958,76.6394,22.31,80.34,4.51,4.0565
20210712,Mysuru,12.2958,76.6394,22.76,81.64,4.46,3.8662
20210713,Mysuru,12.2958,76.6394,23.88,80.55,4.9,3.3886
20210714,Mysuru,12.2958,76.6394,23.33,83.77,4.59,2.8217
20210715,Mysuru,12.2958,76.6394,23.4,82.98,4.46,2.6801
20210716,Mysuru,12.2958,76.6394,24.15,80.92,3.88,4.505
20210717,Mysuru,12.2958,76.6394,24.11,82.31,3.41,4.6997
20210718,Mysuru,12.2958,76.6394,23.31,87.17,3.83,2.8277
20210719,Mysuru,12.2958,76.6394,23.89,82.14,4.25,4.4374
20210720,Mysuru,12.2958,76.6394,23.83,80.08,4.99,4.7894
20210721,Mysuru,12.2958,76.6394,23.88,79.84,4.96,2.9246
20210722,Mysuru,12.2958,76.6394,23.21,82.1,5.95,2.3782
20210723,Mysuru,12.2958,76.6394,24.05,78.85,5.62,2.2901
20210724,Mysuru,12.2958,76.6394,24.31,80.74,4.32,4.219
20210725,Mysuru,12.2958,76.6394,23.31,83.66,4.25,5.0273
20210726,Mysuru,12.2958,76.6394,23.56,82.67,3.99,4.6344
20210727,Mysuru,12.2958,76.6394,23.76,81.08,3.97,5.1569
20210728,Mysuru,12.2958,76.6394,24.0,78.85,4.09,5.5116
20210729,Mysuru,12.2958,76.6394,23.8,80.18,4.09,5.383
20210730,Mysuru,12.2958,76.6394,23.51,81.45,3.99,5.2498
20210731,Mysuru,12.2958,76.6394,23.93,79.68,3.94,4.7822
20210801,Mysuru,12.2958,76.6394,24.07,78.48,3.96,4.6258
20210802,Mysuru,12.2958,76.6394,23.87,76.38,4.32,4.6994
20210803,Mysuru,12.2958,76.6394,24.08,78.08,3.87,4.3685
20210804,Mysuru,12.2958,76.6394,24.26,78.25,4.38,3.6552
20210805,Mysuru,12.2958,76.6394,24.24,78.13,4.51,4.2074
20210806,Mysuru,12.2958,76.6394,24.72,78.73,4.18,4.4856
20210807,Mysuru,12.2958,76.6394,24.53,81.38,3.78,4.5672
20210808,Mysuru,12.2958,76.6394,24.73,79.08,2.55,5.4526
20210809,Mysuru,12.2958,76.6394,24.53,78.56,2.64,5.1636
20210810,Mysuru,12.2958,76.6394,23.39,82.73,3.22,3.9758
20210811,Mysuru,12.2958,76.6394,23.95,80.29,2.79,5.2106
20210812,Mysuru,12.2958,76.6394,23.15,83.29,3.26,3.3583
20210813,Mysuru,12.2958,76.6394,24.08,79.46,3.2,4.0601
20210814,Mysuru,12.2958,76.6394,23.64,80.68,3.23,4.3927
20210815,Mysuru,12.2958,76.6394,23.32,79.82,3.54,4.4798
20210816,Mysuru,12.2958,76.6394,23.96,77.81,3.32,4.2302
20210817,Mysuru,12.2958,76.6394,24.37,75.73,3.08,4.2019
20210818,Mysuru,12.2958,76.6394,23.33,76.57,3.41,4.7273
20210819,Mysuru,12.2958,76.6394,22.88,74.34,3.85,4.4208
20210820,Mysuru,12.2958,76.6394,23.0,75.78,2.67,5.4199
20210821,Mysuru,12.2958,76.6394,23.82,75.97,1.78,5.4274
20210822,Mysuru,12.2958,76.6394,23.91,78.53,1.13,4.9963
20210823,Mysuru,12.2958,76.6394,23.82,80.79,1.81,5.0393
20210824,Mysuru,12.2958,76.6394,24.58,77.25,1.99,5.502
20210825,Mysuru,12.2958,76.6394,24.8,77.2,2.19,5.2058
20210826,Mysuru,12.2958,76.6394,24.15,82.51,1.9,5.5469
20210827,Mysuru,12.2958,76.6394,24.0,84.26,2.8,4.8084
20210828,Mysuru,12.2958,76.6394,23.58,81.43,3.16,4.2554
20210829,Mysuru,12.2958,76.6394,23.32,79.15,3.84,4.2276
20210830,Mysuru,12.2958,76.6394,23.15,78.58,3.43,4.3409
20210831,Mysuru,12.2958,76.6394,24.53,74.59,3.08,5.1557
20210901,Mysuru,12.2958,76.6394,24.37,77.26,2.32,5.3618
20210902,Mysuru,12.2958,76.6394,23.58,84.5,1.92,4.2967
20210903,Mysuru,12.2958,76.6394,23.52,78.26,2.85,4.3121
20210904,Mysuru,12.2958,76.6394,22.98,85.04,3.02,4.4136
20210905,Mysuru,12.2958,76.6394,23.4,80.95,3.85,4.1239
20210906,Mysuru,12.2958,76.6394,22.76,79.71,4.45,4.6334
20210907,Mysuru,12.2958,76.6394,22.77,81.24,3.62,3.492
20210908,Mysuru,12.2958,76.6394,23.14,83.66,3.53,5.0806
20210909,Mysuru,12.2958,76.6394,23.58,80.83,3.11,5.2673
20210910,Mysuru,12.2958,76.6394,23.71,81.01,3.12,5.0947
20210911,Mysuru,12.2958,76.6394,23.26,83.48,3.49,4.1047
20210912,Mysuru,12.2958,76.6394,23.82,81.66,4.06,4.6543
20210913,Mysuru,12.2958,76.6394,23.84,82.0,4.44,4.499
20210914,Mysuru,12.2958,76.6394,24.37,80.31,3.26,5.0078
20210915,Mysuru,12.2958,76.6394,24.45,80.19,2.74,4.5022
20210916,Mysuru,12.2958,76.6394,24.47,79.71,2.87,4.6894
20210917,Mysuru,12.2958,76.6394,24.66,77.38,2.28,6.1454
20210918,Mysuru,12.2958,76.6394,25.13,74.14,1.88,5.7938
20210919,Mysuru,12.2958,76.6394,24.46,79.65,1.16,5.8762
20210920,Mysuru,12.2958,76.6394,24.23,83.04,1.58,5.3837
20210921,Mysuru,12.2958,76.6394,24.16,80.88,2.38,5.6753
20210922,Mysuru,12.2958,76.6394,24.38,79.05,2.28,4.955
20210923,Mysuru,12.2958,76.6394,24.7,78.62,2.19,5.0762
20210924,Mysuru,12.2958,76.6394,24.69,79.05,1.91,4.4364
20210925,Mysuru,12.2958,76.6394,24.41,81.81,2.18,4.6061
20210926,Mysuru,12.2958,76.6394,23.16,84.03,2.41,5.4982
20210927,Mysuru,12.2958,76.6394,23.76,80.48,3.61,4.2866
20210928,Mysuru,12.2958,76.6394,22.91,80.96,3.36,4.7748
20210929,Mysuru,12.2958,76.6394,23.35,75.96,2.9,4.2034
20210930,Mysuru,12.2958,76.6394,24.75,74.96,1.22,5.5548
20211001,Mysuru,12.2958,76.6394,24.96,81.47,1.46,4.4069
20211002,Mysuru,12.2958,76.6394,24.56,83.7,1.75,4.9673
20211003,Mysuru,12.2958,76.6394,24.15,82.54,1.94,4.9421
20211004,Mysuru,12.2958,76.6394,24.24,83.18,1.38,5.2474
20211005,Mysuru,12.2958,76.6394,24.16,84.84,1.06,4.9387
20211006,Mysuru,12.2958,76.6394,23.29,87.08,1.01,3.1447
20211007,Mysuru,12.2958,76.6394,24.49,82.58,1.58,5.4763
20211008,Mysuru,12.2958,76.6394,24.23,86.28,2.09,5.0114
20211009,Mysuru,12.2958,76.6394,23.7,88.01,2.26,4.2893
20211010,Mysuru,12.2958,76.6394,23.9,85.31,1.9,5.0628
20211011,Mysuru,12.2958,76.6394,23.76,85.35,1.4,4.6092
20211012,Mysuru,12.2958,76.6394,22.75,88.05,2.32,4.5386
20211013,Mysuru,12.2958,76.6394,22.68,85.89,2.37,4.626
20211014,Mysuru,12.2958,76.6394,23.73,85.75,1.48,4.5506
20211015,Mysuru,12.2958,76.6394,24.09,86.57,0.68,3.9569
20211016,Mysuru,12.2958,76.6394,23.83,89.78,1.93,4.343
20211017,Mysuru,12.2958,76.6394,23.14,89.71,2.47,3.8069
20211018,Mysuru,12.2958,76.6394,23.47,88.18,2.3,3.9739
20211019,Mysuru,12.2958,76.6394,22.79,84.5,1.24,5.4197
20211020,Mysuru,12.2958,76.6394,23.57,85.89,1.28,3.9564
20211021,Mysuru,12.2958,76.6394,23.78,86.84,1.29,5.1528
20211022,Mysuru,12.2958,76.6394,23.82,87.0,1.29,4.9188
20211023,Mysuru,12.2958,76.6394,23.42,85.56,1.21,3.9934
20211024,Mysuru,12.2958,76.6394,23.82,79.98,0.63,4.86
20211025,Mysuru,12.2958,76.6394,22.99,87.03,1.31,4.1314
20211026,Mysuru,12.2958,76.6394,23.12,87.58,1.42,2.683
20211027,Mysuru,12.2958,76.6394,22.99,85.17,1.67,3.797
20211028,Mysuru,12.2958,76.6394,22.51,84.08,1.55,4.9361
20211029,Mysuru,12.2958,76.6394,21.96,86.61,1.73,4.5146
20211030,Mysuru,12.2958,76.6394,22.59,88.37,2.12,4.3942
20211031,Mysuru,12.2958,76.6394,22.51,88.41,1.61,4.4431
20211101,Mysuru,12.2958,76.6394,22.01,91.13,1.74,4.1369
20211102,Mysuru,12.2958,76.6394,21.88,90.86,2.59,3.523
20211103,Mysuru,12.2958,76.6394,22.34,89.21,2.23,4.0594
20211104,Mysuru,12.2958,76.6394,22.64,89.36,1.68,4.2206
20211105,Mysuru,12.2958,76.6394,22.77,89.3,1.17,4.1098
20211106,Mysuru,12.2958,76.6394,23.22,86.03,0.75,4.2166
20211107,Mysuru,12.2958,76.6394,21.36,92.77,1.62,3.8054
20211108,Mysuru,12.2958,76.6394,20.93,93.65,1.66,2.6417
20211109,Mysuru,12.2958,76.6394,21.4,90.31,1.18,3.8909
20211110,Mysuru,12.2958,76.6394,21.0,87.58,1.44,3.5506
20211111,Mysuru,12.2958,76.6394,20.23,90.11,2.49,2.8358
20211112,Mysuru,12.2958,76.6394,20.77,92.47,2.88,1.7578
20211113,Mysuru,12.2958,76.6394,22.4,87.8,0.97,2.5138
20211114,Mysuru,12.2958,76.6394,22.85,89.15,1.49,2.9813
20211115,Mysuru,12.2958,76.6394,23.05,90.35,1.22,3.6996
20211116,Mysuru,12.2958,76.6394,22.88,90.77,1.56,3.2033
20211117,Mysuru,12.2958,76.6394,22.85,91.82,1.17,3.8568
20211118,Mysuru,12.2958,76.6394,20.88,92.04,2.29,2.2793
20211119,Mysuru,12.2958,76.6394,21.58,95.09,3.56,2.6654
20211120,Mysuru,12.2958,76.6394,22.36,92.63,1.53,3.311
20211121,Mysuru,12.2958,76.6394,22.64,82.6,1.29,4.2113
20211122,Mysuru,12.2958,76.6394,22.26,87.1,1.26,3.5302
20211123,Mysuru,12.2958,76.6394,22.88,89.39,1.35,4.5787
20211124,Mysuru,12.2958,76.6394,22.84,86.15,1.56,4.3579
20211125,Mysuru,12.2958,76.6394,21.75,89.45,1.96,4.6817
20211126,Mysuru,12.2958,76.6394,21.52,88.64,2.17,4.321
20211127,Mysuru,12.2958,76.6394,21.21,91.31,2.44,3.2395
20211128,Mysuru,12.2958,76.6394,21.09,90.68,2.84,2.2781
20211129,Mysuru,12.2958,76.6394,20.91,90.83,2.93,3.51
20211130,Mysuru,12.2958,76.6394,21.39,90.06,2.59,3.9211
20211201,Mysuru,12.2958,76.6394,22.35,89.33,2.5,4.5934
20211202,Mysuru,12.2958,76.6394,22.57,87.62,1.75,4.0822
20211203,Mysuru,12.2958,76.6394,22.5,87.01,0.97,4.051
20211204,Mysuru,12.2958,76.6394,22.37,83.93,0.6,4.0514
20211205,Mysuru,12.2958,76.6394,22.98,86.06,1.08,4.5598
20211206,Mysuru,12.2958,76.6394,22.14,87.85,1.65,4.1491
20211207,Mysuru,12.2958,76.6394,22.16,87.26,1.82,4.079
20211208,Mysuru,12.2958,76.6394,21.75,83.07,1.77,5.1866
20211209,Mysuru,12.2958,76.6394,22.51,84.16,1.5,4.374
20211210,Mysuru,12.2958,76.6394,21.26,84.99,2.4,5.1238
20211211,Mysuru,12.2958,76.6394,21.24,88.39,2.45,4.5286
20211212,Mysuru,12.2958,76.6394,21.43,87.37,2.86,4.1129
20211213,Mysuru,12.2958,76.6394,21.54,88.27,2.38,3.7279
20211214,Mysuru,12.2958,76.6394,20.65,88.95,2.38,3.5772
20211215,Mysuru,12.2958,76.6394,20.92,84.85,2.23,3.1087
20211216,Mysuru,12.2958,76.6394,20.74,83.72,1.99,4.6363
20211217,Mysuru,12.2958,76.6394,20.84,82.59,1.59,5.0784
20211218,Mysuru,12.2958,76.6394,19.44,80.48,1.82,5.1214
20211219,Mysuru,12.2958,76.6394,17.95,79.23,1.8,5.3647
20211220,Mysuru,12.2958,76.6394,17.96,81.71,1.75,5.4408
20211221,Mysuru,12.2958,76.6394,19.37,77.08,0.99,5.3086
20211222,Mysuru,12.2958,76.6394,18.92,80.34,1.4,4.9255
20211223,Mysuru,12.2958,76.6394,19.22,77.35,1.22,4.4676
20211224,Mysuru,12.2958,76.6394,18.76,74.39,1.29,5.2675
20211225,Mysuru,12.2958,76.6394,19.32,74.99,1.34,5.0635
20211226,Mysuru,12.2958,76.6394,19.29,81.64,1.55,5.5642
20211227,Mysuru,12.2958,76.6394,19.22,81.67,1.76,5.657
20211228,Mysuru,12.2958,76.6394,19.14,82.29,1.91,5.8162
20211229,Mysuru,12.2958,76.6394,19.57,82.42,1.89,5.483
20211230,Mysuru,12.2958,76.6394,20.19,83.5,2.26,5.6242
20211231,Mysuru,12.2958,76.6394,21.4,86.59,3.13,2.9148
20220101,Mysuru,12.2958,76.6394,21.42,86.47,2.82,3.4037
20220102,Mysuru,12.2958,76.6394,21.13,83.84,2.62,5.4545
20220103,Mysuru,12.2958,76.6394,20.36,78.85,1.93,5.3719
20220104,Mysuru,12.2958,76.6394,20.52,81.64,1.78,5.34
20220105,Mysuru,12.2958,76.6394,20.67,78.93,1.04,5.2968
20220106,Mysuru,12.2958,76.6394,20.74,80.87,1.61,5.4912
20220107,Mysuru,12.2958,76.6394,21.13,82.21,1.77,4.447
20220108,Mysuru,12.2958,76.6394,21.51,82.47,1.54,4.3476
20220109,Mysuru,12.2958,76.6394,21.74,81.83,1.62,4.7597
20220110,Mysuru,12.2958,76.6394,21.33,78.32,1.65,5.1782
20220111,Mysuru,12.2958,76.6394,21.38,77.67,1.39,5.2406
20220112,Mysuru,12.2958,76.6394,21.72,79.8,1.28,5.0554
20220113,Mysuru,12.2958,76.6394,21.78,77.98,1.44,5.695
20220114,Mysuru,12.2958,76.6394,21.46,78.87,1.3,5.4254
20220115,Mysuru,12.2958,76.6394,22.37,73.84,0.8,5.3863
20220116,Mysuru,12.2958,76.6394,22.35,79.83,1.97,4.855
20220117,Mysuru,12.2958,76.6394,22.05,78.84,2.36,4.831
20220118,Mysuru,12.2958,76.6394,21.55,76.07,2.01,5.4377
20220119,Mysuru,12.2958,76.6394,21.21,74.84,1.69,5.6165
20220120,Mysuru,12.2958,76.6394,21.16,64.4,1.18,5.8922
20220121,Mysuru,12.2958,76.6394,22.1,61.18,0.92,5.9191
20220122,Mysuru,12.2958,76.6394,21.44,73.75,1.66,6.1409
20220123,Mysuru,12.2958,76.6394,20.78,72.23,1.92,6.186
20220124,Mysuru,12.2958,76.6394,19.99,69.5,1.43,6.3893
20220125,Mysuru,12.2958,76.6394,21.21,73.29,0.92,5.7746
20220126,Mysuru,12.2958,76.6394,22.85,76.79,1.21,5.1775
20220127,Mysuru,12.2958,76.6394,22.59,74.61,2.44,4.9296
20220128,Mysuru,12.2958,76.6394,22.0,72.69,3.07,4.3934
20220129,Mysuru,12.2958,76.6394,22.47,74.01,2.61,5.2334
20220130,Mysuru,12.2958,76.6394,23.92,71.46,0.87,5.2476
20220131,Mysuru,12.2958,76.6394,24.64,68.13,0.74,5.5378
20220201,Mysuru,12.2958,76.6394,24.18,70.3,1.38,5.7134
20220202,Mysuru,12.2958,76.6394,23.38,68.59,1.47,5.1763
20220203,Mysuru,12.2958,76.6394,22.84,67.84,1.51,4.884
20220204,Mysuru,12.2958,76.6394,22.69,66.62,1.85,6.4267
20220205,Mysuru,12.2958,76.6394,23.33,62.39,1.32,6.2947
20220206,Mysuru,12.2958,76.6394,23.59,70.03,2.15,5.0863
20220207,Mysuru,12.2958,76.6394,23.68,68.8,1.35,5.6604
20220208,Mysuru,12.2958,76.6394,23.64,66.99,1.2,5.5843
20220209,Mysuru,12.2958,76.6394,22.88,65.13,2.16,5.7737
20220210,Mysuru,12.2958,76.6394,22.28,59.53,1.77,6.2417
20220211,Mysuru,12.2958,76.6394,22.46,58.08,2.72,6.3598
20220212,Mysuru,12.2958,76.6394,23.31,62.09,2.38,6.03
20220213,Mysuru,12.2958,76.6394,22.92,63.54,2.02,6.0022
20220214,Mysuru,12.2958,76.6394,23.14,63.36,1.78,5.1516
20220215,Mysuru,12.2958,76.6394,23.65,65.1,1.42,4.727
20220216,Mysuru,12.2958,76.6394,24.13,64.33,1.03,4.6001
20220217,Mysuru,12.2958,76.6394,24.09,61.67,1.48,5.4161
20220218,Mysuru,12.2958,76.6394,23.93,58.8,2.37,6.2558
20220219,Mysuru,12.2958,76.6394,24.13,57.98,2.67,6.5513
20220220,Mysuru,12.2958,76.6394,25.4,54.51,1.11,6.5966
20220221,Mysuru,12.2958,76.6394,26.48,54.36,0.88,6.45
20220222,Mysuru,12.2958,76.6394,26.63,52.86,1.83,5.8157
20220223,Mysuru,12.2958,76.6394,25.04,52.04,3.04,6.5854
20220224,Mysuru,12.2958,76.6394,24.02,50.62,2.03,7.0157
20220225,Mysuru,12.2958,76.6394,24.29,44.57,2.49,7.0536
20220226,Mysuru,12.2958,76.6394,23.37,47.42,2.06,7.2466
20220227,Mysuru,12.2958,76.6394,25.15,53.73,2.26,7.116
20220228,Mysuru,12.2958,76.6394,24.65,48.28,2.25,7.171
20220301,Mysuru,12.2958,76.6394,24.96,45.47,2.53,7.0469
20220302,Mysuru,12.2958,76.6394,24.52,36.11,2.73,6.6144
20220303,Mysuru,12.2958,76.6394,24.73,38.57,3.3,7.0438
20220304,Mysuru,12.2958,76.6394,25.4,34.16,3.18,7.1198
20220305,Mysuru,12.2958,76.6394,25.91,43.81,3.23,7.219
20220306,Mysuru,12.2958,76.6394,25.93,48.96,3.73,6.7733
20220307,Mysuru,12.2958,76.6394,25.35,50.83,3.18,5.9393
20220308,Mysuru,12.2958,76.6394,26.76,47.28,2.31,6.6413
20220309,Mysuru,12.2958,76.6394,27.34,41.35,2.27,6.7502
20220310,Mysuru,12.2958,76.6394,27.11,36.87,2.68,7.0121
20220311,Mysuru,12.2958,76.6394,26.72,34.74,2.86,7.1774
20220312,Mysuru,12.2958,76.6394,26.78,32.86,2.94,7.1558
20220313,Mysuru,12.2958,76.6394,26.09,35.99,2.89,6.9622
20220314,Mysuru,12.2958,76.6394,27.46,35.52,2.21,6.5582
20220315,Mysuru,12.2958,76.6394,28.01,31.23,1.73,6.3756
20220316,Mysuru,12.2958,76.6394,27.98,32.36,1.9,6.3055
20220317,Mysuru,12.2958,76.6394,28.37,27.84,2.22,6.0218
20220318,Mysuru,12.2958,76.6394,29.04,31.35,1.56,6.0432
20220319,Mysuru,12.2958,76.6394,29.05,48.57,2.37,5.615
20220320,Mysuru,12.2958,76.6394,27.53,57.37,2.14,5.0201
20220321,Mysuru,12.2958,76.6394,27.86,59.42,1.39,5.7154
20220322,Mysuru,12.2958,76.6394,27.52,64.16,1.25,4.4141
20220323,Mysuru,12.2958,76.6394,28.45,59.56,1.4,5.1245
20220324,Mysuru,12.2958,76.6394,27.51,64.37,0.87,4.7486
20220325,Mysuru,12.2958,76.6394,27.78,60.36,1.32,4.7316
20220326,Mysuru,12.2958,76.6394,28.88,55.22,1.22,5.6122
20220327,Mysuru,12.2958,76.6394,29.78,49.43,2.31,6.2246
20220328,Mysuru,12.2958,76.6394,29.9,47.18,2.31,6.341
20220329,Mysuru,12.2958,76.6394,30.24,46.93,1.34,6.229
20220330,Mysuru,12.2958,76.6394,30.42,49.4,1.4,6.0288
20220331,Mysuru,12.2958,76.6394,31.04,43.13,1.56,6.0043
20220401,Mysuru,12.2958,76.6394,30.88,41.1,1.96,5.6988
20220402,Mysuru,12.2958,76.6394,29.8,43.07,1.78,6.1034
20220403,Mysuru,12.2958,76.6394,29.8,38.37,2.86,6.7099
20220404,Mysuru,12.2958,76.6394,29.75,41.65,3.16,6.523
20220405,Mysuru,12.2958,76.6394,29.24,39.57,2.93,6.8688
20220406,Mysuru,12.2958,76.6394,29.48,33.74,2.66,7.026
20220407,Mysuru,12.2958,76.6394,29.73,40.61,3.13,6.7375
20220408,Mysuru,12.2958,76.6394,29.68,47.98,2.72,6.1817
20220409,Mysuru,12.2958,76.6394,30.0,48.04,2.46,5.8301
20220410,Mysuru,12.2958,76.6394,29.67,43.33,2.59,5.6258
20220411,Mysuru,12.2958,76.6394,29.32,44.68,2.47,5.4473
20220412,Mysuru,12.2958,76.6394,29.93,45.01,2.11,5.2699
20220413,Mysuru,12.2958,76.6394,28.18,55.3,2.26,3.6862
20220414,Mysuru,12.2958,76.6394,25.35,66.94,1.21,4.2432
20220415,Mysuru,12.2958,76.6394,27.81,60.37,0.91,6.4512
20220416,Mysuru,12.2958,76.6394,28.16,64.11,1.83,6.599
20220417,Mysuru,12.2958,76.6394,27.3,71.05,1.38,6.5676
20220418,Mysuru,12.2958,76.6394,27.0,68.54,1.28,6.155
20220419,Mysuru,12.2958,76.6394,25.92,72.09,1.73,5.875
20220420,Mysuru,12.2958,76.6394,27.87,62.03,1.54,6.8664
20220421,Mysuru,12.2958,76.6394,27.35,64.1,1.74,7.1443
20220422,Mysuru,12.2958,76.6394,26.91,65.07,1.95,6.8232
20220423,Mysuru,12.2958,76.6394,25.8,71.75,2.04,4.9925
20220424,Mysuru,12.2958,76.6394,27.69,58.18,1.66,6.4781
20220425,Mysuru,12.2958,76.6394,27.92,59.28,1.71,7.1227
20220426,Mysuru,12.2958,76.6394,28.6,55.75,1.71,7.2134
20220427,Mysuru,12.2958,76.6394,28.68,56.57,1.89,7.2874
20220428,Mysuru,12.2958,76.6394,29.22,59.32,1.08,7.2098
20220429,Mysuru,12.2958,76.6394,30.12,54.67,1.8,6.7711
20220430,Mysuru,12.2958,76.6394,29.23,63.06,1.82,6.6178
20220501,Mysuru,12.2958,76.6394,28.68,64.67,2.17,5.1684
20220502,Mysuru,12.2958,76.6394,28.42,66.21,2.29,6.7342
20220503,Mysuru,12.2958,76.6394,27.74,68.67,1.67,6.8971
20220504,Mysuru,12.2958,76.6394,28.52,65.76,1.26,5.9196
20220505,Mysuru,12.2958,76.6394,25.41,78.72,2.29,5.2778
20220506,Mysuru,12.2958,76.6394,27.46,66.92,1.23,6.1579
20220507,Mysuru,12.2958,76.6394,27.4,68.48,1.66,6.167
20220508,Mysuru,12.2958,76.6394,27.67,69.13,1.84,5.8171
20220509,Mysuru,12.2958,76.6394,27.49,71.82,2.47,4.4225
20220510,Mysuru,12.2958,76.6394,26.8,70.56,4.06,3.1126
20220511,Mysuru,12.2958,76.6394,25.61,73.46,4.73,2.5464
20220512,Mysuru,12.2958,76.6394,24.4,78.31,3.68,2.0064
20220513,Mysuru,12.2958,76.6394,25.08,76.19,3.24,3.2026
20220514,Mysuru,12.2958,76.6394,25.75,76.22,2.94,4.5151
20220515,Mysuru,12.2958,76.6394,24.18,86.22,2.06,5.4533
20220516,Mysuru,12.2958,76.6394,25.15,84.35,2.25,2.4677
20220517,Mysuru,12.2958,76.6394,25.89,72.4,1.04,3.0864
20220518,Mysuru,12.2958,76.6394,24.87,82.27,1.75,1.849
20220519,Mysuru,12.2958,76.6394,23.42,85.64,3.85,2.3263
20220520,Mysuru,12.2958,76.6394,22.51,82.38,3.99,4.4002
20220521,Mysuru,12.2958,76.6394,23.72,78.82,3.76,4.6786
20220522,Mysuru,12.2958,76.6394,24.32,79.79,3.7,4.093
20220523,Mysuru,12.2958,76.6394,25.56,79.71,2.88,6.4807
20220524,Mysuru,12.2958,76.6394,26.07,78.1,2.18,6.9062
20220525,Mysuru,12.2958,76.6394,26.23,76.73,1.3,6.3713
20220526,Mysuru,12.2958,76.6394,24.95,81.69,2.36,5.989
20220527,Mysuru,12.2958,76.6394,24.66,80.17,2.67,6.7594
20220528,Mysuru,12.2958,76.6394,24.58,79.21,3.13,6.8882
20220529,Mysuru,12.2958,76.6394,24.51,74.68,2.78,6.9888
20220530,Mysuru,12.2958,76.6394,25.1,75.91,2.5,6.4128
20220531,Mysuru,12.2958,76.6394,24.69,80.32,2.2,5.7734
20220601,Mysuru,12.2958,76.6394,24.2,80.27,2.81,5.449
20220602,Mysuru,12.2958,76.6394,24.33,81.59,2.11,6.0125
20220603,Mysuru,12.2958,76.6394,24.6,80.14,2.04,6.6866
20220604,Mysuru,12.2958,76.6394,24.95,79.0,1.84,6.7229
20220605,Mysuru,12.2958,76.6394,25.26,80.1,1.85,6.2081
20220606,Mysuru,12.2958,76.6394,24.8,79.32,1.25,5.8159
20220607,Mysuru,12.2958,76.6394,24.97,78.66,2.23,4.6939
20220608,Mysuru,12.2958,76.6394,24.32,79.99,3.23,6.3329
20220609,Mysuru,12.2958,76.6394,24.7,77.11,3.41,6.708
20220610,Mysuru,12.2958,76.6394,24.32,78.6,3.67,5.9328
20220611,Mysuru,12.2958,76.6394,24.24,74.41,3.62,5.8284
20220612,Mysuru,12.2958,76.6394,23.57,74.88,3.09,5.2634
20220613,Mysuru,12.2958,76.6394,23.83,79.49,2.52,5.7235
20220614,Mysuru,12.2958,76.6394,24.41,79.79,2.77,6.2666
20220615,Mysuru,12.2958,76.6394,23.52,82.97,2.27,4.7518
20220616,Mysuru,12.2958,76.6394,23.66,83.47,1.19,5.5082
20220617,Mysuru,12.2958,76.6394,22.2,82.35,1.72,5.6599
20220618,Mysuru,12.2958,76.6394,22.92,85.77,1.62,5.3875
20220619,Mysuru,12.2958,76.6394,23.71,84.23,2.27,4.8634
20220620,Mysuru,12.2958,76.6394,23.5,79.1,2.87,5.4161
20220621,Mysuru,12.2958,76.6394,23.82,81.18,2.91,4.2574
20220622,Mysuru,12.2958,76.6394,23.51,82.39,2.67,3.7781
20220623,Mysuru,12.2958,76.6394,23.96,78.41,3.01,4.1654
20220624,Mysuru,12.2958,76.6394,22.91,83.87,3.79,5.2774
20220625,Mysuru,12.2958,76.6394,23.46,80.07,4.13,3.7642
20220626,Mysuru,12.2958,76.6394,23.68,80.1,4.31,5.2349
20220627,Mysuru,12.2958,76.6394,24.29,77.76,3.87,4.7582
20220628,Mysuru,12.2958,76.6394,24.52,77.84,3.35,5.0419
20220629,Mysuru,12.2958,76.6394,24.6,79.27,3.14,5.3155
20220630,Mysuru,12.2958,76.6394,24.03,81.44,3.7,3.9319
20220701,Mysuru,12.2958,76.6394,23.63,83.06,3.44,4.3673
20220702,Mysuru,12.2958,76.6394,23.61,83.03,3.44,4.3553
20220703,Mysuru,12.2958,76.6394,23.9,81.46,3.89,3.7517
20220704,Mysuru,12.2958,76.6394,23.45,80.95,4.99,3.4342
20220705,Mysuru,12.2958,76.6394,23.01,83.03,4.65,3.2952
20220706,Mysuru,12.2958,76.6394,23.06,82.44,3.98,2.9688
20220707,Mysuru,12.2958,76.6394,22.9,82.74,4.27,2.4038
20220708,Mysuru,12.2958,76.6394,23.09,80.84,4.52,3.8006
20220709,Mysuru,12.2958,76.6394,22.86,85.81,4.41,2.9599
20220710,Mysuru,12.2958,76.6394,23.64,79.93,4.85,2.8174
20220711,Mysuru,12.2958,76.6394,23.82,80.09,4.81,2.4979
20220712,Mysuru,12.2958,76.6394,23.28,80.1,5.54,4.7489
20220713,Mysuru,12.2958,76.6394,23.25,78.82,6.44,3.4248
20220714,Mysuru,12.2958,76.6394,23.02,78.48,6.82,3.9761
20220715,Mysuru,12.2958,76.6394,23.58,78.55,5.44,4.2972
20220716,Mysuru,12.2958,76.6394,24.1,80.29,4.73,3.8966
20220717,Mysuru,12.2958,76.6394,23.57,80.67,4.65,3.7421
20220718,Mysuru,12.2958,76.6394,23.08,81.12,3.77,2.8939
20220719,Mysuru,12.2958,76.6394,23.32,82.56,2.42,5.0002
20220720,Mysuru,12.2958,76.6394,24.7,81.48,2.0,5.0424
20220721,Mysuru,12.2958,76.6394,24.09,83.53,2.31,4.6284
20220722,Mysuru,12.2958,76.6394,23.11,85.66,2.76,3.8011
20220723,Mysuru,12.2958,76.6394,23.36,81.47,3.23,3.8316
20220724,Mysuru,12.2958,76.6394,23.47,81.25,3.11,3.9247
20220725,Mysuru,12.2958,76.6394,24.06,78.59,2.57,5.0093
20220726,Mysuru,12.2958,76.6394,23.85,79.51,2.44,4.6008
20220727,Mysuru,12.2958,76.6394,23.61,84.29,1.23,4.913
20220728,Mysuru,12.2958,76.6394,24.6,79.07,1.19,5.5663
20220729,Mysuru,12.2958,76.6394,24.81,75.45,1.27,5.8363
20220730,Mysuru,12.2958,76.6394,25.12,77.38,0.78,5.765
20220731,Mysuru,12.2958,76.6394,23.47,86.25,1.94,5.1228
20220801,Mysuru,12.2958,76.6394,23.82,86.68,2.97,5.1535
20220802,Mysuru,12.2958,76.6394,23.57,86.25,2.78,4.5533
20220803,Mysuru,12.2958,76.6394,22.19,88.33,2.03,4.0008
20220804,Mysuru,12.2958,76.6394,22.54,89.51,2.0,2.4806
20220805,Mysuru,12.2958,76.6394,22.93,85.61,5.28,3.5011
20220806,Mysuru,12.2958,76.6394,22.8,84.91,5.35,3.091
20220807,Mysuru,12.2958,76.6394,22.69,86.35,5.19,3.156
20220808,Mysuru,12.2958,76.6394,22.98,85.13,5.68,3.3312
20220809,Mysuru,12.2958,76.6394,22.8,82.39,5.97,4.1594
20220810,Mysuru,12.2958,76.6394,22.44,82.65,5.43,5.0038
20220811,Mysuru,12.2958,76.6394,23.03,82.91,4.83,4.5667
20220812,Mysuru,12.2958,76.6394,23.2,82.73,4.11,4.5523
20220813,Mysuru,12.2958,76.6394,22.49,83.24,3.14,4.549
20220814,Mysuru,12.2958,76.6394,23.29,80.59,3.52,3.948
20220815,Mysuru,12.2958,76.6394,23.96,80.2,2.64,4.5583
20220816,Mysuru,12.2958,76.6394,24.73,76.98,1.57,6.649
20220817,Mysuru,12.2958,76.6394,24.54,79.84,2.4,6.5477
20220818,Mysuru,12.2958,76.6394,23.41,86.72,2.79,5.4338
20220819,Mysuru,12.2958,76.6394,23.61,84.5,3.15,5.3285
20220820,Mysuru,12.2958,76.6394,23.36,83.67,3.1,4.5355
20220821,Mysuru,12.2958,76.6394,23.31,85.69,3.13,4.2871
20220822,Mysuru,12.2958,76.6394,23.5,84.72,3.8,4.4424
20220823,Mysuru,12.2958,76.6394,23.52,84.41,3.47,5.1254
20220824,Mysuru,12.2958,76.6394,23.44,84.16,3.1,4.4292
20220825,Mysuru,12.2958,76.6394,22.93,86.63,2.34,3.8954
20220826,Mysuru,12.2958,76.6394,22.68,89.71,2.37,4.4297
20220827,Mysuru,12.2958,76.6394,22.62,89.35,2.36,4.213
20220828,Mysuru,12.2958,76.6394,23.12,86.85,1.98,5.3606
20220829,Mysuru,12.2958,76.6394,23.29,90.72,2.04,3.0696
20220830,Mysuru,12.2958,76.6394,24.02,88.46,1.89,5.5205
20220831,Mysuru,12.2958,76.6394,23.01,90.54,1.53,5.2685
20220901,Mysuru,12.2958,76.6394,23.42,84.87,0.9,4.0675
20220902,Mysuru,12.2958,76.6394,23.84,86.06,1.42,4.921
20220903,Mysuru,12.2958,76.6394,24.84,83.79,0.9,5.6974
20220904,Mysuru,12.2958,76.6394,23.57,90.74,1.66,5.4888
20220905,Mysuru,12.2958,76.6394,24.28,86.32,0.9,5.5066
20220906,Mysuru,12.2958,76.6394,23.53,87.69,1.69,4.9886
20220907,Mysuru,12.2958,76.6394,22.58,90.38,1.88,3.7519
20220908,Mysuru,12.2958,76.6394,22.48,89.69,2.59,3.6211
20220909,Mysuru,12.2958,76.6394,22.88,89.89,2.79,4.3776
20220910,Mysuru,12.2958,76.6394,22.82,88.56,3.54,4.0886
20220911,Mysuru,12.2958,76.6394,22.35,89.03,3.73,4.1669
20220912,Mysuru,12.2958,76.6394,22.49,87.38,4.03,4.7352
20220913,Mysuru,12.2958,76.6394,22.84,87.99,3.11,4.3874
20220914,Mysuru,12.2958,76.6394,23.01,87.82,2.53,4.4158
20220915,Mysuru,12.2958,76.6394,22.32,88.53,2.43,4.8922
20220916,Mysuru,12.2958,76.6394,22.89,87.21,2.53,4.7986
20220917,Mysuru,12.2958,76.6394,22.61,88.07,2.28,5.418
20220918,Mysuru,12.2958,76.6394,23.21,86.28,2.27,5.5354
20220919,Mysuru,12.2958,76.6394,23.06,87.02,2.66,4.7472
20220920,Mysuru,12.2958,76.6394,22.33,83.21,2.38,4.9591
20220921,Mysuru,12.2958,76.6394,22.85,84.63,2.45,5.976
20220922,Mysuru,12.2958,76.6394,22.72,82.85,2.66,5.9126
20220923,Mysuru,12.2958,76.6394,21.8,86.3,2.23,5.6237
20220924,Mysuru,12.2958,76.6394,23.06,84.04,2.22,4.8362
20220925,Mysuru,12.2958,76.6394,23.49,82.0,1.99,6.0115
20220926,Mysuru,12.2958,76.6394,24.01,84.47,1.97,5.0239
20220927,Mysuru,12.2958,76.6394,22.28,86.84,1.87,5.5666
20220928,Mysuru,12.2958,76.6394,23.43,82.66,2.1,5.0626
20220929,Mysuru,12.2958,76.6394,22.56,86.67,2.01,5.0374
20220930,Mysuru,12.2958,76.6394,22.09,88.33,2.41,4.267
20221001,Mysuru,12.2958,76.6394,22.28,86.28,2.69,3.0991
20221002,Mysuru,12.2958,76.6394,22.72,84.53,2.66,4.1321
20221003,Mysuru,12.2958,76.6394,22.85,85.65,2.6,4.1765
20221004,Mysuru,12.2958,76.6394,22.8,88.07,2.08,4.5338
20221005,Mysuru,12.2958,76.6394,22.9,87.82,2.11,3.9322
20221006,Mysuru,12.2958,76.6394,22.76,83.26,2.59,3.4723
20221007,Mysuru,12.2958,76.6394,22.78,83.33,1.91,5.843
20221008,Mysuru,12.2958,76.6394,22.81,79.27,1.39,5.8092
20221009,Mysuru,12.2958,76.6394,23.08,87.55,1.42,3.8974
20221010,Mysuru,12.2958,76.6394,23.41,88.95,1.17,2.304
20221011,Mysuru,12.2958,76.6394,23.87,86.5,1.2,3.6742
20221012,Mysuru,12.2958,76.6394,23.25,87.75,1.24,4.753
20221013,Mysuru,12.2958,76.6394,23.57,86.98,1.11,4.626
20221014,Mysuru,12.2958,76.6394,24.05,86.25,1.1,4.7527
20221015,Mysuru,12.2958,76.6394,23.6,88.03,1.0,4.05
20221016,Mysuru,12.2958,76.6394,23.77,86.89,1.47,4.4155
20221017,Mysuru,12.2958,76.6394,23.95,88.65,1.17,4.9231
20221018,Mysuru,12.2958,76.6394,22.76,90.47,1.49,4.7522
20221019,Mysuru,12.2958,76.6394,22.66,87.47,0.8,5.173
20221020,Mysuru,12.2958,76.6394,23.81,85.34,1.22,5.0976
20221021,Mysuru,12.2958,76.6394,23.34,86.58,1.68,4.8965
20221022,Mysuru,12.2958,76.6394,23.16,85.51,1.61,5.4329
20221023,Mysuru,12.2958,76.6394,22.48,83.76,1.46,5.8445
20221024,Mysuru,12.2958,76.6394,20.66,78.62,1.64,6.3079
20221025,Mysuru,12.2958,76.6394,20.43,72.63,1.17,6.5554
20221026,Mysuru,12.2958,76.6394,20.42,71.9,1.16,6.4502
20221027,Mysuru,12.2958,76.6394,20.37,76.15,1.36,6.4656
20221028,Mysuru,12.2958,76.6394,21.72,84.2,1.55,4.1237
20221029,Mysuru,12.2958,76.6394,22.79,86.43,2.06,3.798
20221030,Mysuru,12.2958,76.6394,22.75,85.62,1.92,3.0607
20221031,Mysuru,12.2958,76.6394,21.55,86.78,1.64,5.3038
20221101,Mysuru,12.2958,76.6394,21.11,92.55,1.78,4.332
20221102,Mysuru,12.2958,76.6394,21.15,88.89,2.03,3.3802
20221103,Mysuru,12.2958,76.6394,21.41,85.19,2.02,2.8675
20221104,Mysuru,12.2958,76.6394,21.88,86.66,2.25,4.171
20221105,Mysuru,12.2958,76.6394,21.31,82.23,2.04,5.4691
20221106,Mysuru,12.2958,76.6394,21.58,88.2,1.73,4.3486
20221107,Mysuru,12.2958,76.6394,21.23,80.83,1.68,5.3748
20221108,Mysuru,12.2958,76.6394,21.79,86.59,1.85,5.2639
20221109,Mysuru,12.2958,76.6394,22.4,83.57,1.62,5.3146
20221110,Mysuru,12.2958,76.6394,22.33,82.76,1.78,5.3664
20221111,Mysuru,12.2958,76.6394,21.24,88.03,2.39,2.791
20221112,Mysuru,12.2958,76.6394,20.67,93.17,2.52,1.7868
20221113,Mysuru,12.2958,76.6394,21.52,89.05,2.41,3.2669
20221114,Mysuru,12.2958,76.6394,21.57,87.22,1.47,5.1533
20221115,Mysuru,12.2958,76.6394,22.06,87.63,1.32,4.3543
20221116,Mysuru,12.2958,76.6394,22.16,85.81,1.43,4.6771
20221117,Mysuru,12.2958,76.6394,19.99,78.14,1.63,5.4295
20221118,Mysuru,12.2958,76.6394,18.84,71.86,1.47,5.3942
20221119,Mysuru,12.2958,76.6394,18.61,78.41,1.73,5.5817
20221120,Mysuru,12.2958,76.6394,18.93,74.69,1.3,5.2884
20221121,Mysuru,12.2958,76.6394,19.19,77.98,1.29,5.7391
20221122,Mysuru,12.2958,76.6394,21.24,87.16,1.03,3.2902
20221123,Mysuru,12.2958,76.6394,22.57,86.37,0.81,2.3681
20221124,Mysuru,12.2958,76.6394,22.56,87.84,2.0,2.1192
20221125,Mysuru,12.2958,76.6394,22.45,85.25,1.84,4.1981
20221126,Mysuru,12.2958,76.6394,22.45,85.37,1.54,4.8122
20221127,Mysuru,12.2958,76.6394,22.52,84.4,1.07,4.0447
20221128,Mysuru,12.2958,76.6394,22.94,84.06,0.9,3.0223
20221129,Mysuru,12.2958,76.6394,22.58,84.63,1.58,3.2791
20221130,Mysuru,12.2958,76.6394,20.41,79.74,1.54,4.5722
20221201,Mysuru,12.2958,76.6394,21.0,86.1,1.66,4.7923
20221202,Mysuru,12.2958,76.6394,22.66,85.3,1.81,4.2307
20221203,Mysuru,12.2958,76.6394,22.45,84.12,2.0,5.2812
20221204,Mysuru,12.2958,76.6394,22.36,85.42,2.01,5.2625
20221205,Mysuru,12.2958,76.6394,21.32,86.96,1.84,4.068
20221206,Mysuru,12.2958,76.6394,21.75,83.67,1.65,3.8162
20221207,Mysuru,12.2958,76.6394,20.17,79.94,1.7,3.7092
20221208,Mysuru,12.2958,76.6394,18.58,77.3,1.51,4.1218
20221209,Mysuru,12.2958,76.6394,18.21,81.61,2.1,3.0792
20221210,Mysuru,12.2958,76.6394,19.76,91.46,4.19,1.9591
20221211,Mysuru,12.2958,76.6394,21.5,91.67,2.14,1.6714
20221212,Mysuru,12.2958,76.6394,21.87,91.55,1.82,2.0906
20221213,Mysuru,12.2958,76.6394,22.1,89.61,2.54,3.9936
20221214,Mysuru,12.2958,76.6394,21.67,86.34,2.15,3.3866
20221215,Mysuru,12.2958,76.6394,21.0,79.06,1.77,5.8078
20221216,Mysuru,12.2958,76.6394,19.89,74.76,1.61,5.9287
20221217,Mysuru,12.2958,76.6394,20.62,82.18,1.84,5.363
20221218,Mysuru,12.2958,76.6394,21.42,85.35,2.26,4.0358
20221219,Mysuru,12.2958,76.6394,19.5,81.19,2.06,5.2006
20221220,Mysuru,12.2958,76.6394,20.02,80.96,1.59,4.9447
20221221,Mysuru,12.2958,76.6394,19.84,73.94,1.59,5.6842
20221222,Mysuru,12.2958,76.6394,18.5,75.22,1.73,5.8334
20221223,Mysuru,12.2958,76.6394,20.1,80.24,1.64,5.6676
20221224,Mysuru,12.2958,76.6394,21.18,81.53,1.52,5.6621
20221225,Mysuru,12.2958,76.6394,21.7,86.2,2.46,2.9899
20221226,Mysuru,12.2958,76.6394,22.26,85.75,2.82,3.6698
20221227,Mysuru,12.2958,76.6394,22.09,85.86,2.31,3.6007
20221228,Mysuru,12.2958,76.6394,22.52,84.35,1.98,5.4389
20221229,Mysuru,12.2958,76.6394,21.85,80.72,1.92,5.7425
20221230,Mysuru,12.2958,76.6394,20.4,76.94,1.73,5.9664
20221231,Mysuru,12.2958,76.6394,19.83,72.84,1.3,5.9002
20230101,Mysuru,12.2958,76.6394,19.73,70.97,1.46,5.6484
20230102,Mysuru,12.2958,76.6394,19.3,77.09,2.15,5.8481
20230103,Mysuru,12.2958,76.6394,19.79,78.14,1.95,5.4631
20230104,Mysuru,12.2958,76.6394,20.2,77.72,2.19,5.6359
20230105,Mysuru,12.2958,76.6394,20.0,76.6,2.74,4.8233
20230106,Mysuru,12.2958,76.6394,20.05,78.5,2.91,5.3729
20230107,Mysuru,12.2958,76.6394,20.58,77.83,2.54,5.328
20230108,Mysuru,12.2958,76.6394,20.62,77.08,2.04,4.9538
20230109,Mysuru,12.2958,76.6394,19.66,70.75,1.89,5.7408
20230110,Mysuru,12.2958,76.6394,18.14,70.17,2.17,6.186
20230111,Mysuru,12.2958,76.6394,18.62,67.72,1.64,6.2153
20230112,Mysuru,12.2958,76.6394,19.22,61.88,1.57,6.2578
20230113,Mysuru,12.2958,76.6394,19.73,59.58,1.32,5.4127
20230114,Mysuru,12.2958,76.6394,19.42,63.53,1.37,5.8505
20230115,Mysuru,12.2958,76.6394,19.54,59.35,1.46,6.2069
20230116,Mysuru,12.2958,76.6394,20.08,58.15,1.6,5.8301
20230117,Mysuru,12.2958,76.6394,19.69,66.63,1.36,6.2042
20230118,Mysuru,12.2958,76.6394,19.6,68.14,1.84,6.2599
20230119,Mysuru,12.2958,76.6394,19.73,65.09,2.12,6.354
20230120,Mysuru,12.2958,76.6394,19.46,72.02,2.22,6.0907
20230121,Mysuru,12.2958,76.6394,20.66,71.57,2.06,5.6726
20230122,Mysuru,12.2958,76.6394,20.49,65.56,2.35,5.8272
20230123,Mysuru,12.2958,76.6394,21.76,72.83,2.22,5.4866
20230124,Mysuru,12.2958,76.6394,22.38,77.58,1.79,3.0007
20230125,Mysuru,12.2958,76.6394,21.81,68.32,1.96,5.298
20230126,Mysuru,12.2958,76.6394,20.71,65.54,1.81,6.078
20230127,Mysuru,12.2958,76.6394,20.49,63.83,2.07,6.1718
20230128,Mysuru,12.2958,76.6394,20.04,60.74,2.26,6.3715
20230129,Mysuru,12.2958,76.6394,20.67,64.15,2.42,6.1682
20230130,Mysuru,12.2958,76.6394,22.21,72.59,1.81,4.9841
20230131,Mysuru,12.2958,76.6394,22.76,65.28,2.28,4.584
20230201,Mysuru,12.2958,76.6394,22.78,60.63,2.64,5.6201
20230202,Mysuru,12.2958,76.6394,22.86,61.53,2.96,5.5495
20230203,Mysuru,12.2958,76.6394,23.51,64.28,2.62,3.8328
20230204,Mysuru,12.2958,76.6394,23.95,62.8,2.79,6.0425
20230205,Mysuru,12.2958,76.6394,23.67,59.98,1.7,6.4327
20230206,Mysuru,12.2958,76.6394,23.09,60.4,1.69,5.9813
20230207,Mysuru,12.2958,76.6394,22.58,59.71,1.29,6.0605
20230208,Mysuru,12.2958,76.6394,23.44,56.72,1.83,6.1322
20230209,Mysuru,12.2958,76.6394,23.15,58.86,2.06,6.2962
20230210,Mysuru,12.2958,76.6394,23.32,56.46,2.24,6.3895
20230211,Mysuru,12.2958,76.6394,23.29,52.47,2.26,6.0931
20230212,Mysuru,12.2958,76.6394,23.94,44.98,2.37,6.763
20230213,Mysuru,12.2958,76.6394,23.71,43.29,2.74,6.8695
20230214,Mysuru,12.2958,76.6394,23.51,45.23,2.17,6.9367
20230215,Mysuru,12.2958,76.6394,23.64,40.36,2.21,6.9562
20230216,Mysuru,12.2958,76.6394,23.61,45.04,2.78,6.9122
20230217,Mysuru,12.2958,76.6394,23.39,47.07,2.56,6.9168
20230218,Mysuru,12.2958,76.6394,23.43,49.63,2.15,6.9125
20230219,Mysuru,12.2958,76.6394,24.05,45.54,2.08,6.7279
20230220,Mysuru,12.2958,76.6394,24.44,42.47,1.69,6.6506
20230221,Mysuru,12.2958,76.6394,24.64,38.95,2.02,6.8772
20230222,Mysuru,12.2958,76.6394,24.64,41.46,2.66,6.7877
20230223,Mysuru,12.2958,76.6394,23.7,40.09,2.96,7.3147
20230224,Mysuru,12.2958,76.6394,23.86,39.21,2.26,7.398
20230225,Mysuru,12.2958,76.6394,24.41,34.21,2.74,7.3445
20230226,Mysuru,12.2958,76.6394,24.49,37.51,3.05,7.1362
20230227,Mysuru,12.2958,76.6394,23.58,42.12,2.97,7.3872
20230228,Mysuru,12.2958,76.6394,24.16,43.32,2.84,6.8347
20230301,Mysuru,12.2958,76.6394,26.18,52.61,3.29,5.5625
20230302,Mysuru,12.2958,76.6394,24.69,39.36,3.39,7.3824
20230303,Mysuru,12.2958,76.6394,24.26,36.84,3.68,7.4657
20230304,Mysuru,12.2958,76.6394,24.95,33.34,3.52,7.0584
20230305,Mysuru,12.2958,76.6394,25.33,32.96,3.23,7.29
20230306,Mysuru,12.2958,76.6394,25.29,32.64,3.31,7.3944
20230307,Mysuru,12.2958,76.6394,25.27,32.02,3.12,6.2942
20230308,Mysuru,12.2958,76.6394,25.39,36.82,3.22,7.2281
20230309,Mysuru,12.2958,76.6394,24.77,38.05,2.66,5.1967
20230310,Mysuru,12.2958,76.6394,25.45,38.94,2.94,6.1366
20230311,Mysuru,12.2958,76.6394,26.17,41.05,2.93,7.1148
20230312,Mysuru,12.2958,76.6394,26.07,43.92,3.16,7.3682
20230313,Mysuru,12.2958,76.6394,26.98,45.65,2.88,7.0452
20230314,Mysuru,12.2958,76.6394,27.71,35.81,1.9,6.2698
20230315,Mysuru,12.2958,76.6394,28.82,34.01,1.93,5.9974
20230316,Mysuru,12.2958,76.6394,28.22,47.95,1.73,5.6801
20230317,Mysuru,12.2958,76.6394,27.58,54.28,1.49,6.0876
20230318,Mysuru,12.2958,76.6394,27.28,59.12,2.36,5.4864
20230319,Mysuru,12.2958,76.6394,26.86,57.26,2.3,6.3434
20230320,Mysuru,12.2958,76.6394,26.7,49.6,2.65,7.1309
20230321,Mysuru,12.2958,76.6394,26.45,41.34,2.52,7.3913
20230322,Mysuru,12.2958,76.6394,27.1,42.9,0.94,7.1304
20230323,Mysuru,12.2958,76.6394,28.89,44.64,1.33,6.6355
20230324,Mysuru,12.2958,76.6394,29.13,44.94,1.2,6.325
20230325,Mysuru,12.2958,76.6394,26.46,63.91,1.58,5.9813
20230326,Mysuru,12.2958,76.6394,27.22,60.4,1.31,5.5937
20230327,Mysuru,12.2958,76.6394,28.58,51.0,1.31,6.8563
20230328,Mysuru,12.2958,76.6394,29.72,44.12,1.74,7.2269
20230329,Mysuru,12.2958,76.6394,28.79,55.76,2.35,5.6918
20230330,Mysuru,12.2958,76.6394,28.18,60.05,0.92,5.1526
20230331,Mysuru,12.2958,76.6394,29.03,52.67,0.61,6.9473
20230401,Mysuru,12.2958,76.6394,28.69,50.62,1.0,6.2155
20230402,Mysuru,12.2958,76.6394,29.21,48.92,1.19,7.0176
20230403,Mysuru,12.2958,76.6394,28.85,48.3,1.86,7.2334
20230404,Mysuru,12.2958,76.6394,26.83,63.54,1.39,2.6964
20230405,Mysuru,12.2958,76.6394,28.12,60.59,1.35,5.9323
20230406,Mysuru,12.2958,76.6394,28.25,54.5,1.46,6.3084
20230407,Mysuru,12.2958,76.6394,28.08,49.41,2.52,6.3038
20230408,Mysuru,12.2958,76.6394,28.14,46.39,3.22,7.501
20230409,Mysuru,12.2958,76.6394,28.28,41.42,2.38,7.5989
20230410,Mysuru,12.2958,76.6394,29.01,42.99,2.71,7.4966
20230411,Mysuru,12.2958,76.6394,28.89,36.35,2.15,7.6874
20230412,Mysuru,12.2958,76.6394,28.24,30.74,2.05,7.6752
20230413,Mysuru,12.2958,76.6394,29.42,24.35,2.13,7.8173
20230414,Mysuru,12.2958,76.6394,29.12,27.18,1.98,7.1162
20230415,Mysuru,12.2958,76.6394,29.06,33.63,1.78,6.8602
20230416,Mysuru,12.2958,76.6394,28.73,30.1,2.15,7.2516
20230417,Mysuru,12.2958,76.6394,28.65,28.87,2.16,7.5002
20230418,Mysuru,12.2958,76.6394,29.57,30.92,2.23,7.6526
20230419,Mysuru,12.2958,76.6394,30.26,29.96,1.72,7.5317
20230420,Mysuru,12.2958,76.6394,30.77,41.22,1.05,7.0109
20230421,Mysuru,12.2958,76.6394,31.18,43.91,1.5,6.3408
20230422,Mysuru,12.2958,76.6394,30.99,45.07,1.13,5.9263
20230423,Mysuru,12.2958,76.6394,29.57,53.07,1.14,6.7118
20230424,Mysuru,12.2958,76.6394,28.47,56.54,3.1,6.3972
20230425,Mysuru,12.2958,76.6394,27.43,57.36,2.06,5.0726
20230426,Mysuru,12.2958,76.6394,27.89,56.23,1.98,5.1043
20230427,Mysuru,12.2958,76.6394,28.95,52.94,2.0,5.7494
20230428,Mysuru,12.2958,76.6394,29.79,46.06,2.61,6.0168
20230429,Mysuru,12.2958,76.6394,28.85,55.34,1.73,5.1593
20230430,Mysuru,12.2958,76.6394,27.22,69.2,1.46,6.3091
20230501,Mysuru,12.2958,76.6394,25.37,77.8,0.98,4.763
20230502,Mysuru,12.2958,76.6394,26.21,73.86,1.37,5.9628
20230503,Mysuru,12.2958,76.6394,25.01,75.88,2.39,6.1975
20230504,Mysuru,12.2958,76.6394,26.25,70.47,1.26,6.2146
20230505,Mysuru,12.2958,76.6394,24.17,78.74,1.46,5.4646
20230506,Mysuru,12.2958,76.6394,24.15,81.09,1.26,5.2171
20230507,Mysuru,12.2958,76.6394,24.98,78.6,2.12,4.7671
20230508,Mysuru,12.2958,76.6394,24.48,82.7,1.66,5.5106
20230509,Mysuru,12.2958,76.6394,26.83,72.37,1.42,6.1006
20230510,Mysuru,12.2958,76.6394,27.86,68.86,1.48,6.5638
20230511,Mysuru,12.2958,76.6394,27.93,68.81,1.39,5.3748
20230512,Mysuru,12.2958,76.6394,27.62,70.01,1.61,5.8918
20230513,Mysuru,12.2958,76.6394,27.77,68.4,3.02,4.9046
20230514,Mysuru,12.2958,76.6394,27.84,68.45,3.06,6.8158
20230515,Mysuru,12.2958,76.6394,28.35,65.42,2.57,7.1616
20230516,Mysuru,12.2958,76.6394,29.11,59.8,1.78,7.3195
20230517,Mysuru,12.2958,76.6394,28.55,60.46,1.19,7.0246
20230518,Mysuru,12.2958,76.6394,29.55,61.21,1.35,6.071
20230519,Mysuru,12.2958,76.6394,28.25,66.46,1.43,6.5813
20230520,Mysuru,12.2958,76.6394,28.35,66.83,1.98,6.8374
20230521,Mysuru,12.2958,76.6394,27.38,71.85,1.43,6.2347
20230522,Mysuru,12.2958,76.6394,27.76,68.79,1.68,6.6163
20230523,Mysuru,12.2958,76.6394,26.92,70.53,1.52,6.4606
20230524,Mysuru,12.2958,76.6394,26.12,74.73,1.77,6.077
20230525,Mysuru,12.2958,76.6394,27.21,70.53,2.32,6.3134
20230526,Mysuru,12.2958,76.6394,26.89,70.47,2.28,6.2813
20230527,Mysuru,12.2958,76.6394,27.86,66.56,2.03,6.7958
20230528,Mysuru,12.2958,76.6394,27.23,67.2,1.93,6.5772
20230529,Mysuru,12.2958,76.6394,27.8,67.07,1.72,5.8099
20230530,Mysuru,12.2958,76.6394,27.06,71.3,1.57,4.8288
20230531,Mysuru,12.2958,76.6394,27.15,70.32,1.3,5.6028
20230601,Mysuru,12.2958,76.6394,26.56,73.11,2.11,4.9622
20230602,Mysuru,12.2958,76.6394,26.44,69.08,2.18,5.67
20230603,Mysuru,12.2958,76.6394,28.23,66.94,2.54,5.9378
20230604,Mysuru,12.2958,76.6394,27.14,70.56,2.51,5.1734
20230605,Mysuru,12.2958,76.6394,25.87,76.97,2.55,6.186
20230606,Mysuru,12.2958,76.6394,27.19,69.65,2.83,6.5477
20230607,Mysuru,12.2958,76.6394,27.4,68.0,3.52,6.4454
20230608,Mysuru,12.2958,76.6394,26.75,71.11,3.14,6.4282
20230609,Mysuru,12.2958,76.6394,27.15,67.45,3.66,6.6878
20230610,Mysuru,12.2958,76.6394,26.33,69.01,4.59,5.5135
20230611,Mysuru,12.2958,76.6394,26.43,70.04,3.79,5.057
20230612,Mysuru,12.2958,76.6394,26.4,73.54,3.4,5.8937
20230613,Mysuru,12.2958,76.6394,26.79,71.14,3.58,5.953
20230614,Mysuru,12.2958,76.6394,26.37,72.14,3.86,6.0322
20230615,Mysuru,12.2958,76.6394,27.38,68.36,3.49,6.2846
20230616,Mysuru,12.2958,76.6394,27.69,66.01,3.78,7.039
20230617,Mysuru,12.2958,76.6394,26.91,70.15,3.6,6.1034
20230618,Mysuru,12.2958,76.6394,25.73,73.82,3.22,4.548
20230619,Mysuru,12.2958,76.6394,25.42,71.94,2.82,5.1062
20230620,Mysuru,12.2958,76.6394,25.98,71.41,1.57,3.486
20230621,Mysuru,12.2958,76.6394,26.12,73.21,1.46,3.7771
20230622,Mysuru,12.2958,76.6394,26.29,70.02,2.52,5.3042
20230623,Mysuru,12.2958,76.6394,24.99,68.57,3.37,5.0686
20230624,Mysuru,12.2958,76.6394,24.23,78.8,3.56,4.2197
20230625,Mysuru,12.2958,76.6394,24.55,78.3,3.15,4.6296
20230626,Mysuru,12.2958,76.6394,24.53,69.83,3.59,4.4496
20230627,Mysuru,12.2958,76.6394,24.99,70.46,3.71,4.7251
20230628,Mysuru,12.2958,76.6394,25.03,68.63,3.81,5.0909
20230629,Mysuru,12.2958,76.6394,25.53,69.81,3.92,4.5346
20230630,Mysuru,12.2958,76.6394,25.35,67.76,3.96,5.2478
20230701,Mysuru,12.2958,76.6394,25.27,68.76,3.81,5.5522
20230702,Mysuru,12.2958,76.6394,24.67,73.31,4.2,4.7753
20230703,Mysuru,12.2958,76.6394,24.67,77.18,4.47,4.7602
20230704,Mysuru,12.2958,76.6394,24.12,79.28,5.17,3.709
20230705,Mysuru,12.2958,76.6394,23.7,77.49,5.44,3.4824
20230706,Mysuru,12.2958,76.6394,23.48,76.85,5.21,2.7792
20230707,Mysuru,12.2958,76.6394,24.32,77.6,4.13,3.9722
20230708,Mysuru,12.2958,76.6394,24.46,75.63,3.64,3.5815
20230709,Mysuru,12.2958,76.6394,25.18,74.86,3.16,4.307
20230710,Mysuru,12.2958,76.6394,24.96,77.43,2.34,4.4227
20230711,Mysuru,12.2958,76.6394,25.21,70.08,3.96,3.5078
20230712,Mysuru,12.2958,76.6394,24.37,70.57,4.19,5.4595
20230713,Mysuru,12.2958,76.6394,24.41,72.66,3.91,4.7455
20230714,Mysuru,12.2958,76.6394,24.7,73.85,3.98,4.4705
20230715,Mysuru,12.2958,76.6394,25.05,73.56,3.58,4.9121
20230716,Mysuru,12.2958,76.6394,25.55,74.34,3.48,4.4587
20230717,Mysuru,12.2958,76.6394,25.14,75.75,4.04,4.9663
20230718,Mysuru,12.2958,76.6394,25.67,72.23,5.27,5.2322
20230719,Mysuru,12.2958,76.6394,24.89,73.33,6.18,4.195
20230720,Mysuru,12.2958,76.6394,25.18,71.58,6.35,4.8295
20230721,Mysuru,12.2958,76.6394,24.46,77.18,6.21,4.1388
20230722,Mysuru,12.2958,76.6394,24.57,73.44,6.04,3.0953
20230723,Mysuru,12.2958,76.6394,24.64,75.27,5.48,2.6138
20230724,Mysuru,12.2958,76.6394,23.59,79.87,5.27,2.5858
20230725,Mysuru,12.2958,76.6394,22.89,81.7,4.52,2.4454
20230726,Mysuru,12.2958,76.6394,23.39,80.06,5.03,2.6614
20230727,Mysuru,12.2958,76.6394,22.98,79.46,5.06,3.7985
20230728,Mysuru,12.2958,76.6394,24.48,74.54,4.97,4.3284
20230729,Mysuru,12.2958,76.6394,25.0,73.66,4.83,4.4347
20230730,Mysuru,12.2958,76.6394,25.43,72.3,4.46,4.7914
20230731,Mysuru,12.2958,76.6394,25.66,72.31,4.59,4.5677
20230801,Mysuru,12.2958,76.6394,25.32,72.63,4.74,5.3563
20230802,Mysuru,12.2958,76.6394,25.14,72.32,4.81,5.4542
20230803,Mysuru,12.2958,76.6394,25.56,71.3,4.62,4.7347
20230804,Mysuru,12.2958,76.6394,25.57,72.02,4.38,4.7868
20230805,Mysuru,12.2958,76.6394,25.74,71.15,4.26,4.1482
20230806,Mysuru,12.2958,76.6394,25.89,72.32,3.53,5.1398
20230807,Mysuru,12.2958,76.6394,26.27,69.44,3.46,5.219
20230808,Mysuru,12.2958,76.6394,25.97,70.18,3.0,4.6387
20230809,Mysuru,12.2958,76.6394,26.46,68.81,2.5,5.5781
20230810,Mysuru,12.2958,76.6394,25.61,74.76,2.08,5.1463
20230811,Mysuru,12.2958,76.6394,26.14,73.58,1.66,5.4701
20230812,Mysuru,12.2958,76.6394,25.54,72.96,2.61,5.1955
20230813,Mysuru,12.2958,76.6394,25.6,70.4,2.86,5.4766
20230814,Mysuru,12.2958,76.6394,25.88,67.47,2.91,5.5673
20230815,Mysuru,12.2958,76.6394,25.94,66.86,2.83,6.7514
20230816,Mysuru,12.2958,76.6394,26.67,66.17,2.95,6.384
20230817,Mysuru,12.2958,76.6394,26.5,66.94,3.8,5.2248
20230818,Mysuru,12.2958,76.6394,25.09,71.4,3.85,5.2841
20230819,Mysuru,12.2958,76.6394,25.53,71.5,4.16,4.0961
20230820,Mysuru,12.2958,76.6394,26.34,69.56,3.6,5.1936
20230821,Mysuru,12.2958,76.6394,26.76,66.92,2.92,6.1325
20230822,Mysuru,12.2958,76.6394,26.58,70.78,1.82,5.8279
20230823,Mysuru,12.2958,76.6394,26.9,67.53,2.41,5.9993
20230824,Mysuru,12.2958,76.6394,26.74,65.64,3.07,5.9731
20230825,Mysuru,12.2958,76.6394,27.28,61.98,2.87,6.3336
20230826,Mysuru,12.2958,76.6394,26.39,68.36,2.37,5.275
20230827,Mysuru,12.2958,76.6394,26.66,68.95,2.27,5.8133
20230828,Mysuru,12.2958,76.6394,26.59,66.07,2.75,6.3326
20230829,Mysuru,12.2958,76.6394,26.94,65.3,2.63,5.676
20230830,Mysuru,12.2958,76.6394,27.13,66.12,3.48,6.2386
20230831,Mysuru,12.2958,76.6394,26.57,70.85,1.54,5.0446
20230901,Mysuru,12.2958,76.6394,23.95,85.3,1.86,5.4576
20230902,Mysuru,12.2958,76.6394,24.25,80.53,2.64,5.0513
20230903,Mysuru,12.2958,76.6394,24.13,79.06,2.65,5.2601
20230904,Mysuru,12.2958,76.6394,23.61,74.92,3.58,3.8306
20230905,Mysuru,12.2958,76.6394,23.97,77.57,3.51,4.2492
20230906,Mysuru,12.2958,76.6394,23.92,78.26,3.21,4.3613
20230907,Mysuru,12.2958,76.6394,23.63,76.98,3.54,4.5482
20230908,Mysuru,12.2958,76.6394,24.24,76.19,3.97,4.7316
20230909,Mysuru,12.2958,76.6394,24.9,75.33,3.63,4.9843
20230910,Mysuru,12.2958,76.6394,24.5,79.14,3.36,5.6054
20230911,Mysuru,12.2958,76.6394,23.71,80.04,3.66,5.1466
20230912,Mysuru,12.2958,76.6394,24.5,75.39,3.72,5.8949
20230913,Mysuru,12.2958,76.6394,25.06,72.98,3.62,4.6762
20230914,Mysuru,12.2958,76.6394,24.79,73.63,3.68,4.0102
20230915,Mysuru,12.2958,76.6394,23.53,76.71,3.66,4.4422
20230916,Mysuru,12.2958,76.6394,24.75,76.85,3.5,4.2871
20230917,Mysuru,12.2958,76.6394,25.18,76.61,2.97,4.2838
20230918,Mysuru,12.2958,76.6394,25.14,76.9,2.93,4.7302
20230919,Mysuru,12.2958,76.6394,25.26,76.35,2.95,5.6006
20230920,Mysuru,12.2958,76.6394,24.33,79.82,2.51,5.1703
20230921,Mysuru,12.2958,76.6394,23.64,82.53,1.57,4.884
20230922,Mysuru,12.2958,76.6394,24.75,81.75,1.62,5.8661
20230923,Mysuru,12.2958,76.6394,24.23,83.81,2.26,5.3779
20230924,Mysuru,12.2958,76.6394,23.69,84.86,2.41,5.6105
20230925,Mysuru,12.2958,76.6394,22.89,85.87,2.28,4.3942
20230926,Mysuru,12.2958,76.6394,24.54,78.57,2.37,5.2123
20230927,Mysuru,12.2958,76.6394,24.52,73.75,3.15,5.1595
20230928,Mysuru,12.2958,76.6394,23.28,82.54,2.79,3.9341
20230929,Mysuru,12.2958,76.6394,23.68,80.68,3.54,3.7255
20230930,Mysuru,12.2958,76.6394,23.49,76.37,3.75,4.1335
20231001,Mysuru,12.2958,76.6394,24.32,78.78,3.93,4.6541
20231002,Mysuru,12.2958,76.6394,24.72,76.13,3.38,5.3904
20231003,Mysuru,12.2958,76.6394,24.9,71.99,2.69,6.1903
20231004,Mysuru,12.2958,76.6394,25.06,71.06,1.85,6.2198
20231005,Mysuru,12.2958,76.6394,24.89,72.29,1.79,6.1426
20231006,Mysuru,12.2958,76.6394,24.83,69.25,1.33,5.201
20231007,Mysuru,12.2958,76.6394,26.09,71.45,0.97,4.5732
20231008,Mysuru,12.2958,76.6394,26.1,74.01,0.93,4.2372
20231009,Mysuru,12.2958,76.6394,25.88,77.02,0.97,4.1069
20231010,Mysuru,12.2958,76.6394,24.26,87.48,1.18,4.9447
20231011,Mysuru,12.2958,76.6394,23.6,88.15,1.48,4.3054
20231012,Mysuru,12.2958,76.6394,24.46,79.44,1.7,4.3246
20231013,Mysuru,12.2958,76.6394,24.14,71.57,1.66,6.0461
20231014,Mysuru,12.2958,76.6394,23.64,72.69,1.37,5.5651
20231015,Mysuru,12.2958,76.6394,24.62,76.73,1.35,4.758
20231016,Mysuru,12.2958,76.6394,24.15,84.03,0.99,4.4035
20231017,Mysuru,12.2958,76.6394,23.55,83.69,0.8,5.0688
20231018,Mysuru,12.2958,76.6394,24.14,77.14,1.5,5.7547
20231019,Mysuru,12.2958,76.6394,24.36,71.46,1.66,5.1662
20231020,Mysuru,12.2958,76.6394,24.7,72.45,1.67,5.6299
20231021,Mysuru,12.2958,76.6394,25.07,72.14,2.05,5.1276
20231022,Mysuru,12.2958,76.6394,25.52,70.01,1.5,5.0933
20231023,Mysuru,12.2958,76.6394,25.29,61.87,1.4,5.0878
20231024,Mysuru,12.2958,76.6394,24.21,55.54,1.32,6.0036
20231025,Mysuru,12.2958,76.6394,24.88,60.84,1.03,6.0473
20231026,Mysuru,12.2958,76.6394,24.83,64.85,1.37,5.8529
20231027,Mysuru,12.2958,76.6394,24.86,66.85,1.57,5.2114
20231028,Mysuru,12.2958,76.6394,25.02,72.96,1.54,4.8739
20231029,Mysuru,12.2958,76.6394,24.32,77.13,1.78,4.9274
20231030,Mysuru,12.2958,76.6394,23.12,82.85,1.95,4.7323
20231031,Mysuru,12.2958,76.6394,23.68,77.01,1.34,3.9857
20231101,Mysuru,12.2958,76.6394,24.83,71.52,1.38,4.837
20231102,Mysuru,12.2958,76.6394,25.06,75.13,1.74,5.1161
20231103,Mysuru,12.2958,76.6394,25.76,73.35,1.96,4.56
20231104,Mysuru,12.2958,76.6394,24.22,80.9,1.43,4.2487
20231105,Mysuru,12.2958,76.6394,23.76,82.83,2.44,4.0632
20231106,Mysuru,12.2958,76.6394,23.11,82.48,0.93,4.5204
20231107,Mysuru,12.2958,76.6394,23.15,86.32,1.13,4.5367
20231108,Mysuru,12.2958,76.6394,23.94,84.05,1.28,4.1131
20231109,Mysuru,12.2958,76.6394,22.55,85.0,1.99,4.1376
20231110,Mysuru,12.2958,76.6394,22.74,81.35,1.77,4.0968
20231111,Mysuru,12.2958,76.6394,23.42,72.85,2.06,5.6878
20231112,Mysuru,12.2958,76.6394,22.25,74.72,2.12,5.0071
20231113,Mysuru,12.2958,76.6394,22.67,76.1,2.02,5.0352
20231114,Mysuru,12.2958,76.6394,21.93,74.39,2.17,4.5022
20231115,Mysuru,12.2958,76.6394,23.06,73.19,1.44,5.0023
20231116,Mysuru,12.2958,76.6394,24.57,72.42,1.05,4.8324
20231117,Mysuru,12.2958,76.6394,24.9,74.12,1.38,4.363
20231118,Mysuru,12.2958,76.6394,25.11,70.26,2.1,4.3526
20231119,Mysuru,12.2958,76.6394,24.89,70.09,2.76,5.5082
20231120,Mysuru,12.2958,76.6394,24.59,69.73,1.97,5.687
20231121,Mysuru,12.2958,76.6394,24.54,76.91,2.11,4.5588
20231122,Mysuru,12.2958,76.6394,24.33,84.26,2.05,3.5148
20231123,Mysuru,12.2958,76.6394,24.07,77.64,2.65,3.2861
20231124,Mysuru,12.2958,76.6394,24.44,78.03,2.25,3.4354
20231125,Mysuru,12.2958,76.6394,24.59,77.08,2.53,3.869
20231126,Mysuru,12.2958,76.6394,23.96,75.76,3.15,4.2766
20231127,Mysuru,12.2958,76.6394,24.39,74.5,2.33,4.164
20231128,Mysuru,12.2958,76.6394,24.83,74.26,1.85,5.0628
20231129,Mysuru,12.2958,76.6394,24.09,77.97,2.07,4.1657
20231130,Mysuru,12.2958,76.6394,24.15,75.45,2.18,3.6967
20231201,Mysuru,12.2958,76.6394,24.89,73.1,1.73,3.4145
20231202,Mysuru,12.2958,76.6394,24.87,71.37,2.58,5.0021
20231203,Mysuru,12.2958,76.6394,24.81,77.32,3.04,3.2642
20231204,Mysuru,12.2958,76.6394,24.61,73.71,2.84,2.4463
20231205,Mysuru,12.2958,76.6394,24.79,68.41,2.2,3.9185
20231206,Mysuru,12.2958,76.6394,24.81,69.8,1.23,5.0969
20231207,Mysuru,12.2958,76.6394,25.25,72.98,0.93,4.2818
20231208,Mysuru,12.2958,76.6394,24.3,80.48,0.79,3.4812
20231209,Mysuru,12.2958,76.6394,22.84,83.41,2.06,3.6271
20231210,Mysuru,12.2958,76.6394,24.68,71.87,1.88,3.9178
20231211,Mysuru,12.2958,76.6394,22.61,78.57,1.41,3.4726
20231212,Mysuru,12.2958,76.6394,23.9,71.42,1.54,3.8172
20231213,Mysuru,12.2958,76.6394,22.99,67.91,2.04,3.7966
20231214,Mysuru,12.2958,76.6394,22.18,67.75,1.98,4.2679
20231215,Mysuru,12.2958,76.6394,23.47,70.95,1.81,5.0726
20231216,Mysuru,12.2958,76.6394,24.74,74.6,2.75,3.9454
20231217,Mysuru,12.2958,76.6394,23.62,74.83,3.04,2.9042
20231218,Mysuru,12.2958,76.6394,22.38,77.96,2.65,2.441
20231219,Mysuru,12.2958,76.6394,22.66,68.24,2.95,5.1127
20231220,Mysuru,12.2958,76.6394,23.01,67.1,2.46,4.2326
20231221,Mysuru,12.2958,76.6394,23.8,71.38,1.93,5.0218
20231222,Mysuru,12.2958,76.6394,24.79,64.75,1.52,4.1563
20231223,Mysuru,12.2958,76.6394,22.74,57.67,2.12,5.2066
20231224,Mysuru,12.2958,76.6394,22.34,66.34,2.29,5.5771
20231225,Mysuru,12.2958,76.6394,24.38,65.87,2.85,4.427
20231226,Mysuru,12.2958,76.6394,23.11,58.56,2.75,5.8032
20231227,Mysuru,12.2958,76.6394,22.86,59.01,2.76,6.0924
20231228,Mysuru,12.2958,76.6394,23.47,67.15,2.99,4.8658
20231229,Mysuru,12.2958,76.6394,24.12,66.67,2.99,3.474
20231230,Mysuru,12.2958,76.6394,23.95,61.81,2.73,5.4874
20231231,Mysuru,12.2958,76.6394,23.01,58.48,2.47,5.7607
20240101,Mysuru,12.2958,76.6394,24.08,59.16,1.45,4.2576
20240102,Mysuru,12.2958,76.6394,24.27,60.72,1.64,4.4734
20240103,Mysuru,12.2958,76.6394,23.73,65.01,1.46,2.7566
20240104,Mysuru,12.2958,76.6394,22.89,75.43,2.1,1.518
20240105,Mysuru,12.2958,76.6394,23.69,75.83,1.92,2.1478
20240106,Mysuru,12.2958,76.6394,23.89,66.85,2.05,4.3872
20240107,Mysuru,12.2958,76.6394,23.59,67.27,2.48,3.1166
20240108,Mysuru,12.2958,76.6394,23.54,73.24,3.58,2.3426
20240109,Mysuru,12.2958,76.6394,22.64,75.14,3.23,2.8284
20240110,Mysuru,12.2958,76.6394,23.3,64.79,2.9,3.9679
20240111,Mysuru,12.2958,76.6394,23.25,60.04,2.76,5.2574
20240112,Mysuru,12.2958,76.6394,22.89,65.16,3.1,5.8526
20240113,Mysuru,12.2958,76.6394,24.31,62.59,2.61,5.1838
20240114,Mysuru,12.2958,76.6394,24.71,58.98,2.45,5.2829
20240115,Mysuru,12.2958,76.6394,24.04,56.5,1.62,5.3386
20240116,Mysuru,12.2958,76.6394,23.59,58.34,1.3,5.3167
20240117,Mysuru,12.2958,76.6394,23.89,60.76,1.53,5.1739
20240118,Mysuru,12.2958,76.6394,24.17,57.86,1.3,4.567
20240119,Mysuru,12.2958,76.6394,24.76,55.82,1.46,5.1756
20240120,Mysuru,12.2958,76.6394,25.72,59.05,1.6,4.945
20240121,Mysuru,12.2958,76.6394,25.78,54.58,1.76,5.8853
20240122,Mysuru,12.2958,76.6394,26.26,54.04,1.12,5.4348
20240123,Mysuru,12.2958,76.6394,25.82,53.54,0.94,5.249
20240124,Mysuru,12.2958,76.6394,25.97,54.76,1.11,5.2363
20240125,Mysuru,12.2958,76.6394,25.87,52.54,1.93,4.9171
20240126,Mysuru,12.2958,76.6394,24.66,50.25,2.72,6.0528
20240127,Mysuru,12.2958,76.6394,24.64,52.83,3.06,6.1202
20240128,Mysuru,12.2958,76.6394,24.81,53.39,2.95,5.8627
20240129,Mysuru,12.2958,76.6394,24.63,49.95,2.15,5.7031
20240130,Mysuru,12.2958,76.6394,24.53,48.51,1.02,5.9374
20240131,Mysuru,12.2958,76.6394,25.41,49.04,1.61,6.2122
20240201,Mysuru,12.2958,76.6394,25.78,47.0,0.91,6.1939
20240202,Mysuru,12.2958,76.6394,26.77,48.81,0.82,5.7953
20240203,Mysuru,12.2958,76.6394,27.45,53.5,2.67,4.967
20240204,Mysuru,12.2958,76.6394,26.07,49.91,2.59,6.1046
20240205,Mysuru,12.2958,76.6394,25.65,46.47,2.61,6.48
20240206,Mysuru,12.2958,76.6394,25.57,46.29,2.45,6.582
20240207,Mysuru,12.2958,76.6394,25.74,43.97,2.22,6.7615
20240208,Mysuru,12.2958,76.6394,26.56,35.65,2.13,6.0552
20240209,Mysuru,12.2958,76.6394,26.11,38.75,2.4,6.5578
20240210,Mysuru,12.2958,76.6394,25.81,48.7,2.99,6.427
20240211,Mysuru,12.2958,76.6394,25.78,50.02,3.03,6.5813
20240212,Mysuru,12.2958,76.6394,25.09,46.74,2.86,6.9379
20240213,Mysuru,12.2958,76.6394,24.89,49.7,2.58,6.8611
20240214,Mysuru,12.2958,76.6394,26.41,51.35,3.01,6.5899
20240215,Mysuru,12.2958,76.6394,25.7,45.37,2.81,6.5794
20240216,Mysuru,12.2958,76.6394,25.49,46.78,3.05,6.8957
20240217,Mysuru,12.2958,76.6394,26.05,41.97,2.28,6.7702
20240218,Mysuru,12.2958,76.6394,26.31,37.6,1.53,6.5918
20240219,Mysuru,12.2958,76.6394,27.0,43.0,1.52,6.3031
20240220,Mysuru,12.2958,76.6394,27.98,44.4,1.83,5.9748
20240221,Mysuru,12.2958,76.6394,28.78,39.37,1.48,5.9954
20240222,Mysuru,12.2958,76.6394,27.78,41.47,1.55,6.654
20240223,Mysuru,12.2958,76.6394,28.41,40.21,1.37,6.7313
20240224,Mysuru,12.2958,76.6394,28.7,39.54,1.09,6.0094
20240225,Mysuru,12.2958,76.6394,28.71,47.84,2.96,5.4653
20240226,Mysuru,12.2958,76.6394,27.22,48.28,3.65,6.7639
20240227,Mysuru,12.2958,76.6394,27.88,48.32,3.33,6.9216
20240228,Mysuru,12.2958,76.6394,27.83,40.84,2.77,7.0601
20240229,Mysuru,12.2958,76.6394,26.91,36.31,2.71,7.2523
20240301,Mysuru,12.2958,76.6394,26.52,40.67,2.86,7.0774
20240302,Mysuru,12.2958,76.6394,27.01,34.18,1.97,6.6458
20240303,Mysuru,12.2958,76.6394,28.02,34.94,1.23,6.6778
20240304,Mysuru,12.2958,76.6394,29.25,34.33,1.15,6.7699
20240305,Mysuru,12.2958,76.6394,29.31,34.04,1.78,6.8563
20240306,Mysuru,12.2958,76.6394,29.7,35.34,0.99,5.7636
20240307,Mysuru,12.2958,76.6394,28.97,30.76,1.98,6.3444
20240308,Mysuru,12.2958,76.6394,29.64,33.48,1.0,6.426
20240309,Mysuru,12.2958,76.6394,30.38,36.12,1.31,6.077
20240310,Mysuru,12.2958,76.6394,30.64,36.31,2.4,6.2858
20240311,Mysuru,12.2958,76.6394,29.82,36.22,2.55,5.9232
20240312,Mysuru,12.2958,76.6394,29.44,36.74,2.25,6.3046
20240313,Mysuru,12.2958,76.6394,29.47,34.52,1.41,5.7946
20240314,Mysuru,12.2958,76.6394,29.82,48.36,1.22,5.755
20240315,Mysuru,12.2958,76.6394,31.13,40.45,1.25,5.7401
20240316,Mysuru,12.2958,76.6394,30.09,34.64,2.69,6.1642
20240317,Mysuru,12.2958,76.6394,29.0,34.64,2.71,6.9718
20240318,Mysuru,12.2958,76.6394,28.98,32.98,1.79,6.8585
20240319,Mysuru,12.2958,76.6394,29.34,30.85,2.15,6.803
20240320,Mysuru,12.2958,76.6394,29.21,30.32,2.19,6.9295
20240321,Mysuru,12.2958,76.6394,28.69,42.22,2.55,6.763
20240322,Mysuru,12.2958,76.6394,29.51,43.94,2.13,5.9306
20240323,Mysuru,12.2958,76.6394,30.22,40.22,2.63,6.606
20240324,Mysuru,12.2958,76.6394,29.95,29.98,2.49,7.279
20240325,Mysuru,12.2958,76.6394,29.55,30.91,2.63,6.9607
20240326,Mysuru,12.2958,76.6394,29.78,26.18,2.79,7.1237
20240327,Mysuru,12.2958,76.6394,29.23,19.92,2.66,7.4357
20240328,Mysuru,12.2958,76.6394,29.21,23.69,2.2,7.4002
20240329,Mysuru,12.2958,76.6394,30.51,33.17,2.68,7.0524
20240330,Mysuru,12.2958,76.6394,30.42,31.14,2.58,7.4422
20240331,Mysuru,12.2958,76.6394,29.37,29.43,1.85,7.6394
20240401,Mysuru,12.2958,76.6394,30.41,35.5,1.38,7.3848
20240402,Mysuru,12.2958,76.6394,31.45,36.86,1.69,7.2859
20240403,Mysuru,12.2958,76.6394,31.26,33.76,2.11,7.1503
20240404,Mysuru,12.2958,76.6394,31.28,35.99,2.22,7.5312
20240405,Mysuru,12.2958,76.6394,31.95,30.95,2.27,7.2319
20240406,Mysuru,12.2958,76.6394,31.33,27.78,2.63,6.7718
20240407,Mysuru,12.2958,76.6394,31.0,30.21,2.38,7.2893
20240408,Mysuru,12.2958,76.6394,31.37,34.84,2.19,7.505
20240409,Mysuru,12.2958,76.6394,30.92,38.98,3.17,7.3519
20240410,Mysuru,12.2958,76.6394,30.56,38.29,2.65,7.5194
20240411,Mysuru,12.2958,76.6394,30.92,40.06,2.64,7.4532
20240412,Mysuru,12.2958,76.6394,30.88,45.22,3.0,6.2047
20240413,Mysuru,12.2958,76.6394,30.61,42.34,2.8,6.3991
20240414,Mysuru,12.2958,76.6394,30.89,39.02,2.73,7.0085
20240415,Mysuru,12.2958,76.6394,31.02,35.81,2.81,7.3704
20240416,Mysuru,12.2958,76.6394,31.14,36.65,2.47,7.3411
20240417,Mysuru,12.2958,76.6394,32.21,39.33,1.68,5.8896
20240418,Mysuru,12.2958,76.6394,32.75,40.74,1.39,5.9789
20240419,Mysuru,12.2958,76.6394,32.65,44.25,1.99,6.071
20240420,Mysuru,12.2958,76.6394,32.52,42.14,1.86,4.5365
20240421,Mysuru,12.2958,76.6394,33.04,33.13,1.98,7.0774
20240422,Mysuru,12.2958,76.6394,32.54,37.48,1.73,6.5064
20240423,Mysuru,12.2958,76.6394,32.27,34.38,2.02,7.4261
20240424,Mysuru,12.2958,76.6394,31.09,33.06,2.1,7.3142
20240425,Mysuru,12.2958,76.6394,31.28,35.0,2.11,6.7214
20240426,Mysuru,12.2958,76.6394,31.66,36.83,2.31,7.1489
20240427,Mysuru,12.2958,76.6394,31.81,31.63,2.45,7.6368
20240428,Mysuru,12.2958,76.6394,32.06,30.72,2.5,7.5154
20240429,Mysuru,12.2958,76.6394,32.37,30.11,2.09,7.5854
20240430,Mysuru,12.2958,76.6394,32.4,30.81,1.81,7.0123
20240501,Mysuru,12.2958,76.6394,32.99,45.62,1.63,6.371
20240502,Mysuru,12.2958,76.6394,32.51,45.66,1.1,6.6182
20240503,Mysuru,12.2958,76.6394,32.08,50.38,1.62,5.395
20240504,Mysuru,12.2958,76.6394,29.98,59.98,1.96,6.7879
20240505,Mysuru,12.2958,76.6394,30.3,56.34,2.15,7.1602
20240506,Mysuru,12.2958,76.6394,30.83,56.8,1.85,6.9538
20240507,Mysuru,12.2958,76.6394,29.36,65.44,1.02,6.0384
20240508,Mysuru,12.2958,76.6394,27.59,73.71,1.07,5.6014
20240509,Mysuru,12.2958,76.6394,28.59,65.8,0.98,5.5085
20240510,Mysuru,12.2958,76.6394,27.3,69.29,1.47,5.2733
20240511,Mysuru,12.2958,76.6394,27.7,68.93,1.25,6.119
20240512,Mysuru,12.2958,76.6394,27.36,72.85,0.83,5.7036
20240513,Mysuru,12.2958,76.6394,26.6,76.89,1.6,4.325
20240514,Mysuru,12.2958,76.6394,26.68,73.36,1.18,5.5022
20240515,Mysuru,12.2958,76.6394,28.03,66.04,1.5,6.0446
20240516,Mysuru,12.2958,76.6394,26.61,72.82,1.35,5.1089
20240517,Mysuru,12.2958,76.6394,26.97,70.11,0.67,5.166
20240518,Mysuru,12.2958,76.6394,26.68,75.2,0.94,5.3609
20240519,Mysuru,12.2958,76.6394,24.38,87.87,1.86,4.3243
20240520,Mysuru,12.2958,76.6394,24.46,78.9,1.54,4.1474
20240521,Mysuru,12.2958,76.6394,25.19,79.87,1.13,5.3066
20240522,Mysuru,12.2958,76.6394,26.76,75.02,1.96,5.2925
20240523,Mysuru,12.2958,76.6394,26.79,76.76,1.52,4.9058
20240524,Mysuru,12.2958,76.6394,26.2,79.14,1.79,3.7195
20240525,Mysuru,12.2958,76.6394,23.9,81.43,3.45,3.553
20240526,Mysuru,12.2958,76.6394,24.67,80.99,3.87,2.9412
20240527,Mysuru,12.2958,76.6394,25.45,77.26,3.88,5.0926
20240528,Mysuru,12.2958,76.6394,25.81,77.62,3.92,4.4964
20240529,Mysuru,12.2958,76.6394,25.56,79.13,3.78,5.1362
20240530,Mysuru,12.2958,76.6394,26.7,78.76,2.35,6.1493
20240531,Mysuru,12.2958,76.6394,26.98,78.97,2.62,6.2482
20240601,Mysuru,12.2958,76.6394,26.22,84.22,2.69,4.6342
20240602,Mysuru,12.2958,76.6394,25.94,77.06,1.48,5.9345
20240603,Mysuru,12.2958,76.6394,25.54,82.27,1.66,4.6462
20240604,Mysuru,12.2958,76.6394,26.03,81.06,1.63,5.8718
20240605,Mysuru,12.2958,76.6394,25.58,83.9,1.77,5.3256
20240606,Mysuru,12.2958,76.6394,24.83,81.34,2.44,5.0959
20240607,Mysuru,12.2958,76.6394,24.74,81.48,2.36,4.867
20240608,Mysuru,12.2958,76.6394,24.91,78.93,3.77,5.2418
20240609,Mysuru,12.2958,76.6394,24.46,79.32,4.49,4.7719
20240610,Mysuru,12.2958,76.6394,24.21,78.66,4.77,5.071
20240611,Mysuru,12.2958,76.6394,23.46,78.12,4.08,4.6265
20240612,Mysuru,12.2958,76.6394,23.56,77.52,4.25,4.2542
20240613,Mysuru,12.2958,76.6394,23.95,73.77,3.92,4.9836
20240614,Mysuru,12.2958,76.6394,24.29,75.88,2.89,6.0914
20240615,Mysuru,12.2958,76.6394,24.83,78.72,3.08,6.024
20240616,Mysuru,12.2958,76.6394,25.32,74.26,3.4,5.3537
20240617,Mysuru,12.2958,76.6394,24.93,74.72,2.77,5.7905
20240618,Mysuru,12.2958,76.6394,25.12,73.44,3.35,5.8426
20240619,Mysuru,12.2958,76.6394,24.37,77.61,3.55,5.3398
20240620,Mysuru,12.2958,76.6394,24.52,77.73,3.94,4.8833
20240621,Mysuru,12.2958,76.6394,23.81,79.37,3.9,5.1593
20240622,Mysuru,12.2958,76.6394,23.84,79.27,3.53,4.8134
20240623,Mysuru,12.2958,76.6394,23.22,81.9,4.01,4.4102
20240624,Mysuru,12.2958,76.6394,23.48,79.81,4.58,4.8679
20240625,Mysuru,12.2958,76.6394,23.05,78.6,5.57,4.1693
20240626,Mysuru,12.2958,76.6394,22.98,77.08,5.53,3.7092
20240627,Mysuru,12.2958,76.6394,22.01,81.0,4.94,2.3947
20240628,Mysuru,12.2958,76.6394,23.08,78.45,3.82,4.6258
20240629,Mysuru,12.2958,76.6394,24.34,79.98,3.62,5.2181
20240630,Mysuru,12.2958,76.6394,24.13,79.3,3.31,3.7027
20240701,Mysuru,12.2958,76.6394,22.99,82.56,3.71,3.059
20240702,Mysuru,12.2958,76.6394,24.12,74.54,3.72,4.4954
20240703,Mysuru,12.2958,76.6394,24.43,81.42,3.78,4.6987
20240704,Mysuru,12.2958,76.6394,24.63,77.13,4.0,4.8557
20240705,Mysuru,12.2958,76.6394,23.45,79.87,3.76,4.4983
20240706,Mysuru,12.2958,76.6394,23.32,83.83,4.43,3.9202
20240707,Mysuru,12.2958,76.6394,23.84,78.52,4.26,4.0495
20240708,Mysuru,12.2958,76.6394,23.85,79.64,3.72,3.4738
20240709,Mysuru,12.2958,76.6394,23.48,82.65,3.44,3.7903
20240710,Mysuru,12.2958,76.6394,23.98,79.06,3.33,5.5286
20240711,Mysuru,12.2958,76.6394,24.39,75.58,3.61,4.8338
20240712,Mysuru,12.2958,76.6394,24.02,77.59,3.75,4.4952
20240713,Mysuru,12.2958,76.6394,22.8,81.05,4.77,3.7999
20240714,Mysuru,12.2958,76.6394,23.72,79.83,5.4,3.0274
20240715,Mysuru,12.2958,76.6394,24.25,82.57,6.37,2.4926
20240716,Mysuru,12.2958,76.6394,23.65,83.55,6.08,2.7031
20240717,Mysuru,12.2958,76.6394,23.56,82.07,5.66,3.252
20240718,Mysuru,12.2958,76.6394,23.11,83.6,6.11,2.0971
20240719,Mysuru,12.2958,76.6394,23.62,83.56,5.79,2.2858
20240720,Mysuru,12.2958,76.6394,23.79,82.2,5.39,3.9588
20240721,Mysuru,12.2958,76.6394,23.9,81.18,5.51,3.6192
20240722,Mysuru,12.2958,76.6394,23.8,78.09,5.52,3.8376
20240723,Mysuru,12.2958,76.6394,23.2,80.09,5.3,4.0207
20240724,Mysuru,12.2958,76.6394,22.99,81.71,5.54,4.0188
20240725,Mysuru,12.2958,76.6394,23.51,78.67,6.62,3.5201
20240726,Mysuru,12.2958,76.6394,23.66,79.72,6.08,3.4505
20240727,Mysuru,12.2958,76.6394,23.84,78.17,5.67,4.7071
20240728,Mysuru,12.2958,76.6394,23.88,79.47,5.33,3.1498
20240729,Mysuru,12.2958,76.6394,24.87,79.66,5.23,3.6701
20240730,Mysuru,12.2958,76.6394,23.63,85.15,3.83,3.1054
20240731,Mysuru,12.2958,76.6394,24.39,83.0,3.7,3.9276
20240801,Mysuru,12.2958,76.6394,24.42,82.42,4.24,3.3869
20240802,Mysuru,12.2958,76.6394,23.68,81.03,4.48,3.3794
20240803,Mysuru,12.2958,76.6394,23.15,82.62,3.7,3.9919
20240804,Mysuru,12.2958,76.6394,23.25,82.98,3.27,4.6685
20240805,Mysuru,12.2958,76.6394,24.5,79.62,2.69,4.7952
20240806,Mysuru,12.2958,76.6394,23.57,85.41,2.53,4.1599
20240807,Mysuru,12.2958,76.6394,23.69,84.74,2.41,3.4651
20240808,Mysuru,12.2958,76.6394,24.27,80.65,2.59,3.7001
20240809,Mysuru,12.2958,76.6394,24.79,81.43,2.18,4.9877
20240810,Mysuru,12.2958,76.6394,24.71,82.52,2.41,4.2067
20240811,Mysuru,12.2958,76.6394,24.0,86.14,2.15,5.1307
20240812,Mysuru,12.2958,76.6394,23.75,88.86,1.95,5.2538
20240813,Mysuru,12.2958,76.6394,25.54,81.64,1.68,5.3988
20240814,Mysuru,12.2958,76.6394,25.8,79.65,1.16,6.347
20240815,Mysuru,12.2958,76.6394,25.93,78.19,1.49,5.4432
20240816,Mysuru,12.2958,76.6394,25.96,80.89,1.29,4.2694
20240817,Mysuru,12.2958,76.6394,24.76,86.62,2.22,5.2392
20240818,Mysuru,12.2958,76.6394,25.36,79.79,1.36,5.2061
20240819,Mysuru,12.2958,76.6394,25.01,84.0,1.8,4.747
20240820,Mysuru,12.2958,76.6394,25.37,79.67,1.58,5.3664
20240821,Mysuru,12.2958,76.6394,24.71,83.06,2.55,4.8031
20240822,Mysuru,12.2958,76.6394,24.04,83.96,2.85,5.6575
20240823,Mysuru,12.2958,76.6394,24.23,81.79,2.89,5.4886
20240824,Mysuru,12.2958,76.6394,23.62,81.67,3.65,4.5559
20240825,Mysuru,12.2958,76.6394,23.65,83.09,3.89,4.7753
20240826,Mysuru,12.2958,76.6394,24.26,80.05,4.15,5.0309
20240827,Mysuru,12.2958,76.6394,23.72,83.52,3.26,4.8163
20240828,Mysuru,12.2958,76.6394,23.07,83.6,3.32,3.9936
20240829,Mysuru,12.2958,76.6394,23.92,83.81,3.51,3.5662
20240830,Mysuru,12.2958,76.6394,23.32,88.96,3.18,4.6927
20240831,Mysuru,12.2958,76.6394,23.58,83.77,3.54,3.8849
20240901,Mysuru,12.2958,76.6394,23.3,81.61,4.17,5.2356
20240902,Mysuru,12.2958,76.6394,23.61,79.87,3.82,4.8029
20240903,Mysuru,12.2958,76.6394,24.28,81.64,3.43,4.9471
20240904,Mysuru,12.2958,76.6394,23.83,84.35,3.32,5.1823
20240905,Mysuru,12.2958,76.6394,24.17,83.56,3.12,5.3513
20240906,Mysuru,12.2958,76.6394,24.34,82.55,3.1,4.3368
20240907,Mysuru,12.2958,76.6394,23.7,84.78,2.94,3.7471
20240908,Mysuru,12.2958,76.6394,24.24,81.49,3.37,4.297
20240909,Mysuru,12.2958,76.6394,24.43,81.49,3.82,3.983
20240910,Mysuru,12.2958,76.6394,24.5,81.08,4.13,4.7086
20240911,Mysuru,12.2958,76.6394,24.45,79.69,3.52,5.1665
20240912,Mysuru,12.2958,76.6394,23.92,80.4,3.18,5.4226
20240913,Mysuru,12.2958,76.6394,24.65,76.73,2.92,5.6558
20240914,Mysuru,12.2958,76.6394,24.85,75.36,3.03,4.6241
20240915,Mysuru,12.2958,76.6394,24.83,75.16,3.24,5.2128
20240916,Mysuru,12.2958,76.6394,24.45,75.97,3.14,5.6539
20240917,Mysuru,12.2958,76.6394,24.93,75.45,3.2,6.0732
20240918,Mysuru,12.2958,76.6394,24.37,72.42,2.9,6.9058
20240919,Mysuru,12.2958,76.6394,25.03,71.71,2.53,5.4703
20240920,Mysuru,12.2958,76.6394,25.43,73.03,2.05,5.9182
20240921,Mysuru,12.2958,76.6394,25.29,75.1,3.08,5.9906
20240922,Mysuru,12.2958,76.6394,24.87,76.28,2.76,4.5838
20240923,Mysuru,12.2958,76.6394,25.05,75.3,3.07,4.1959
20240924,Mysuru,12.2958,76.6394,24.62,80.17,3.51,3.7339
20240925,Mysuru,12.2958,76.6394,24.61,78.42,3.65,3.9218
20240926,Mysuru,12.2958,76.6394,23.9,78.47,3.1,3.8666
20240927,Mysuru,12.2958,76.6394,24.69,76.69,2.26,4.6898
20240928,Mysuru,12.2958,76.6394,25.64,75.69,1.29,5.4643
20240929,Mysuru,12.2958,76.6394,25.31,78.47,1.74,4.4604
20240930,Mysuru,12.2958,76.6394,25.22,74.58,1.22,5.971
20241001,Mysuru,12.2958,76.6394,26.42,71.66,1.23,5.6429
20241002,Mysuru,12.2958,76.6394,26.61,75.75,1.14,5.7048
20241003,Mysuru,12.2958,76.6394,25.4,83.44,1.51,4.2382
20241004,Mysuru,12.2958,76.6394,24.85,83.74,1.11,4.6778
20241005,Mysuru,12.2958,76.6394,24.4,83.17,1.73,3.9142
20241006,Mysuru,12.2958,76.6394,22.5,90.05,1.34,4.0968
20241007,Mysuru,12.2958,76.6394,23.09,82.24,1.89,5.2548
20241008,Mysuru,12.2958,76.6394,24.22,84.1,2.26,4.8878
20241009,Mysuru,12.2958,76.6394,23.95,87.03,1.94,4.9152
20241010,Mysuru,12.2958,76.6394,24.45,83.71,1.69,4.2439
20241011,Mysuru,12.2958,76.6394,24.35,83.98,1.71,4.3879
20241012,Mysuru,12.2958,76.6394,23.9,86.51,1.66,3.9372
20241013,Mysuru,12.2958,76.6394,23.96,85.98,1.73,3.7512
20241014,Mysuru,12.2958,76.6394,23.5,86.26,1.34,3.3362
20241015,Mysuru,12.2958,76.6394,22.83,88.95,1.38,2.3875
20241016,Mysuru,12.2958,76.6394,22.48,91.71,1.6,3.8635
20241017,Mysuru,12.2958,76.6394,23.53,86.57,2.32,3.8527
20241018,Mysuru,12.2958,76.6394,22.75,83.92,1.77,4.693
20241019,Mysuru,12.2958,76.6394,23.47,87.73,1.39,3.5309
20241020,Mysuru,12.2958,76.6394,23.97,83.4,1.1,4.842
20241021,Mysuru,12.2958,76.6394,24.37,84.45,1.11,4.3946
20241022,Mysuru,12.2958,76.6394,24.65,80.62,0.83,4.7256
20241023,Mysuru,12.2958,76.6394,24.47,79.43,1.13,5.1766
20241024,Mysuru,12.2958,76.6394,23.45,85.52,0.87,4.3126
20241025,Mysuru,12.2958,76.6394,23.33,81.39,1.18,4.6718
20241026,Mysuru,12.2958,76.6394,23.33,80.64,1.45,5.3107
20241027,Mysuru,12.2958,76.6394,23.72,81.22,1.2,5.1331
20241028,Mysuru,12.2958,76.6394,23.82,83.21,1.13,5.2404
20241029,Mysuru,12.2958,76.6394,24.35,79.96,1.25,5.5006
20241030,Mysuru,12.2958,76.6394,24.77,79.43,0.54,5.3009
20241031,Mysuru,12.2958,76.6394,24.35,85.15,0.8,4.2643
20241101,Mysuru,12.2958,76.6394,24.27,85.81,1.19,4.1633
20241102,Mysuru,12.2958,76.6394,23.97,85.33,1.87,4.6865
20241103,Mysuru,12.2958,76.6394,23.59,85.22,1.75,5.2927
20241104,Mysuru,12.2958,76.6394,23.43,85.04,2.06,4.3282
20241105,Mysuru,12.2958,76.6394,22.82,81.97,1.58,5.2133
20241106,Mysuru,12.2958,76.6394,22.98,79.82,1.48,5.4398
20241107,Mysuru,12.2958,76.6394,23.69,84.15,1.69,3.18
20241108,Mysuru,12.2958,76.6394,23.74,81.61,2.2,4.8336
20241109,Mysuru,12.2958,76.6394,22.84,82.22,2.13,5.5246
20241110,Mysuru,12.2958,76.6394,22.43,79.77,1.76,5.67
20241111,Mysuru,12.2958,76.6394,22.0,78.69,1.7,5.1185
20241112,Mysuru,12.2958,76.6394,22.36,82.07,1.71,3.191
20241113,Mysuru,12.2958,76.6394,23.52,85.34,2.43,3.3917
20241114,Mysuru,12.2958,76.6394,23.49,85.28,2.16,3.372
20241115,Mysuru,12.2958,76.6394,23.12,87.61,1.94,2.9868
20241116,Mysuru,12.2958,76.6394,23.08,86.52,2.18,3.8947
20241117,Mysuru,12.2958,76.6394,23.24,83.7,2.24,3.2278
20241118,Mysuru,12.2958,76.6394,22.94,81.96,2.44,4.1398
20241119,Mysuru,12.2958,76.6394,23.05,80.64,2.24,3.9893
20241120,Mysuru,12.2958,76.6394,22.43,80.11,1.95,4.5022
20241121,Mysuru,12.2958,76.6394,22.24,78.02,1.46,4.2653
20241122,Mysuru,12.2958,76.6394,22.47,78.39,1.54,5.5265
20241123,Mysuru,12.2958,76.6394,22.06,77.22,1.47,4.6094
20241124,Mysuru,12.2958,76.6394,22.47,77.63,1.73,4.8958
20241125,Mysuru,12.2958,76.6394,21.7,76.43,2.02,3.9557
20241126,Mysuru,12.2958,76.6394,21.8,83.85,1.94,3.7613
20241127,Mysuru,12.2958,76.6394,23.03,78.12,2.6,3.5998
20241128,Mysuru,12.2958,76.6394,22.51,71.26,2.51,4.9351
20241129,Mysuru,12.2958,76.6394,22.12,79.76,2.89,4.782
20241130,Mysuru,12.2958,76.6394,23.52,82.06,3.14,1.9598
20241201,Mysuru,12.2958,76.6394,22.56,90.23,3.23,1.6992
20241202,Mysuru,12.2958,76.6394,21.86,94.68,2.5,1.1551
20241203,Mysuru,12.2958,76.6394,22.66,92.32,1.9,3.0427
20241204,Mysuru,12.2958,76.6394,23.36,85.33,2.22,4.3366
20241205,Mysuru,12.2958,76.6394,22.95,87.93,1.7,4.259
20241206,Mysuru,12.2958,76.6394,22.78,83.46,1.28,5.4163
20241207,Mysuru,12.2958,76.6394,22.92,85.02,1.3,5.298
20241208,Mysuru,12.2958,76.6394,22.97,83.06,1.54,4.7506
20241209,Mysuru,12.2958,76.6394,22.84,83.31,1.18,4.548
20241210,Mysuru,12.2958,76.6394,22.93,83.23,1.44,4.033
20241211,Mysuru,12.2958,76.6394,22.83,82.85,2.08,3.803
20241212,Mysuru,12.2958,76.6394,21.71,90.73,2.24,1.897
20241213,Mysuru,12.2958,76.6394,21.67,89.37,2.86,1.9958
20241214,Mysuru,12.2958,76.6394,21.98,82.63,2.53,3.6972
20241215,Mysuru,12.2958,76.6394,19.75,80.54,2.19,5.6153
20241216,Mysuru,12.2958,76.6394,19.0,76.42,1.78,5.6378
20241217,Mysuru,12.2958,76.6394,21.36,75.17,0.81,5.7379
20241218,Mysuru,12.2958,76.6394,22.51,80.62,1.35,5.2726
20241219,Mysuru,12.2958,76.6394,23.81,82.66,1.25,4.6106
20241220,Mysuru,12.2958,76.6394,24.16,79.94,1.18,4.5458
20241221,Mysuru,12.2958,76.6394,24.82,76.09,0.77,4.3159
20241222,Mysuru,12.2958,76.6394,23.74,77.89,1.06,4.1918
20241223,Mysuru,12.2958,76.6394,22.82,82.74,1.45,4.2905
20241224,Mysuru,12.2958,76.6394,23.17,72.7,0.88,4.4251
20241225,Mysuru,12.2958,76.6394,22.85,75.57,1.09,3.8194
20241226,Mysuru,12.2958,76.6394,23.3,81.58,2.15,2.6124
20241227,Mysuru,12.2958,76.6394,22.86,82.78,3.14,4.795
20241228,Mysuru,12.2958,76.6394,21.96,76.61,2.61,4.9754
20241229,Mysuru,12.2958,76.6394,21.92,76.08,2.28,5.7281
20241230,Mysuru,12.2958,76.6394,22.22,74.76,2.95,4.3622
20241231,Mysuru,12.2958,76.6394,22.4,73.98,3.02,5.7941
20250101,Mysuru,12.2958,76.6394,21.18,71.86,2.83,5.7646
20250102,Mysuru,12.2958,76.6394,20.91,73.84,2.51,5.617
20250103,Mysuru,12.2958,76.6394,20.69,75.0,2.54,5.6585
20250104,Mysuru,12.2958,76.6394,19.68,71.34,1.82,5.9887
20250105,Mysuru,12.2958,76.6394,19.81,69.98,1.99,5.9321
20250106,Mysuru,12.2958,76.6394,20.05,69.81,1.64,5.9098
20250107,Mysuru,12.2958,76.6394,20.37,71.76,1.54,5.6741
20250108,Mysuru,12.2958,76.6394,20.45,69.79,1.87,5.5982
20250109,Mysuru,12.2958,76.6394,20.39,71.1,2.29,5.424
20250110,Mysuru,12.2958,76.6394,21.77,74.58,2.26,4.6918
20250111,Mysuru,12.2958,76.6394,23.21,72.73,2.39,3.2102
20250112,Mysuru,12.2958,76.6394,23.34,70.09,2.13,5.3897
20250113,Mysuru,12.2958,76.6394,23.38,79.64,2.22,4.3176
20250114,Mysuru,12.2958,76.6394,23.47,72.56,3.2,3.3965
20250115,Mysuru,12.2958,76.6394,22.24,66.62,3.11,4.2552
20250116,Mysuru,12.2958,76.6394,21.9,69.67,2.92,5.7636
20250117,Mysuru,12.2958,76.6394,22.02,70.98,2.86,5.5865
20250118,Mysuru,12.2958,76.6394,22.16,71.23,2.95,5.4938
20250119,Mysuru,12.2958,76.6394,22.05,82.44,2.56,2.1355
20250120,Mysuru,12.2958,76.6394,23.16,64.77,2.39,5.82
20250121,Mysuru,12.2958,76.6394,21.88,63.18,1.94,6.0521
20250122,Mysuru,12.2958,76.6394,22.11,67.39,2.03,6.0197
20250123,Mysuru,12.2958,76.6394,22.62,67.43,2.34,5.4672
20250124,Mysuru,12.2958,76.6394,21.56,65.33,2.2,6.317
20250125,Mysuru,12.2958,76.6394,21.64,62.03,2.31,6.2309
20250126,Mysuru,12.2958,76.6394,20.57,58.06,2.62,6.5141
20250127,Mysuru,12.2958,76.6394,21.27,60.8,2.15,6.4877
20250128,Mysuru,12.2958,76.6394,21.66,60.62,1.71,5.7137
20250129,Mysuru,12.2958,76.6394,22.02,57.94,2.24,6.2791
20250130,Mysuru,12.2958,76.6394,22.23,58.92,1.37,5.669
20250131,Mysuru,12.2958,76.6394,24.71,66.13,1.89,6.2599
20250201,Mysuru,12.2958,76.6394,25.16,62.75,1.94,5.8603
20250202,Mysuru,12.2958,76.6394,24.68,55.73,2.15,6.4121
20250203,Mysuru,12.2958,76.6394,23.59,48.72,1.96,6.5278
20250204,Mysuru,12.2958,76.6394,23.63,41.71,2.14,6.5062
20250205,Mysuru,12.2958,76.6394,23.49,47.8,2.5,6.3115
20250206,Mysuru,12.2958,76.6394,23.24,51.9,2.55,6.6161
20250207,Mysuru,12.2958,76.6394,23.36,50.09,2.6,6.768
20250208,Mysuru,12.2958,76.6394,23.85,51.57,2.64,6.0826
20250209,Mysuru,12.2958,76.6394,24.3,53.15,2.8,5.9186
20250210,Mysuru,12.2958,76.6394,23.71,53.99,2.32,6.1836
20250211,Mysuru,12.2958,76.6394,23.82,49.6,2.17,6.8093
20250212,Mysuru,12.2958,76.6394,24.26,45.17,2.24,7.002
20250213,Mysuru,12.2958,76.6394,24.74,39.86,2.23,6.9082
20250214,Mysuru,12.2958,76.6394,25.06,33.91,1.64,6.7505
20250215,Mysuru,12.2958,76.6394,25.46,37.97,2.13,6.5028
20250216,Mysuru,12.2958,76.6394,24.95,45.97,2.43,6.7265
20250217,Mysuru,12.2958,76.6394,25.01,50.17,2.46,6.7999
20250218,Mysuru,12.2958,76.6394,25.28,46.19,2.36,6.7409
20250219,Mysuru,12.2958,76.6394,25.92,40.37,2.1,6.7025
20250220,Mysuru,12.2958,76.6394,26.54,41.5,2.42,6.3012
20250221,Mysuru,12.2958,76.6394,26.27,44.49,2.44,6.5033
20250222,Mysuru,12.2958,76.6394,26.35,46.03,2.71,6.5004
20250223,Mysuru,12.2958,76.6394,26.26,39.55,3.09,6.025
20250224,Mysuru,12.2958,76.6394,25.59,40.18,3.29,6.991
20250225,Mysuru,12.2958,76.6394,25.44,47.76,3.07,6.9773
20250226,Mysuru,12.2958,76.6394,26.38,45.86,3.69,6.8129
20250227,Mysuru,12.2958,76.6394,25.64,42.55,3.2,7.0968
20250228,Mysuru,12.2958,76.6394,25.96,43.2,2.79,6.8225
20250301,Mysuru,12.2958,76.6394,27.24,50.08,3.01,6.2854
20250302,Mysuru,12.2958,76.6394,28.0,48.13,2.57,6.7258
20250303,Mysuru,12.2958,76.6394,27.98,43.03,2.42,5.147
20250304,Mysuru,12.2958,76.6394,27.92,35.11,3.19,5.7946
20250305,Mysuru,12.2958,76.6394,27.68,33.15,2.1,6.006
20250306,Mysuru,12.2958,76.6394,28.35,33.19,1.88,6.5851
20250307,Mysuru,12.2958,76.6394,27.26,28.93,1.5,7.0829
20250308,Mysuru,12.2958,76.6394,27.5,25.24,1.58,7.0236
20250309,Mysuru,12.2958,76.6394,27.51,33.76,3.05,6.9794
20250310,Mysuru,12.2958,76.6394,26.4,37.58,3.05,7.3488
20250311,Mysuru,12.2958,76.6394,26.0,56.21,3.85,7.0166
20250312,Mysuru,12.2958,76.6394,27.28,62.06,3.18,6.3574
20250313,Mysuru,12.2958,76.6394,27.93,50.12,2.16,7.1846
20250314,Mysuru,12.2958,76.6394,28.58,40.85,2.38,7.1304
20250315,Mysuru,12.2958,76.6394,27.3,37.54,2.65,7.3927
20250316,Mysuru,12.2958,76.6394,27.73,40.95,2.08,7.223
20250317,Mysuru,12.2958,76.6394,27.96,55.19,1.52,6.0415
20250318,Mysuru,12.2958,76.6394,29.45,49.03,1.91,6.8381
20250319,Mysuru,12.2958,76.6394,29.02,47.4,2.47,6.6252
20250320,Mysuru,12.2958,76.6394,28.72,45.94,2.77,7.0243
20250321,Mysuru,12.2958,76.6394,29.42,46.79,1.75,6.5297
20250322,Mysuru,12.2958,76.6394,28.52,54.61,1.93,5.8627
20250323,Mysuru,12.2958,76.6394,27.97,57.11,1.53,6.0372
20250324,Mysuru,12.2958,76.6394,29.07,51.92,1.7,6.5825
20250325,Mysuru,12.2958,76.6394,29.25,39.97,1.76,6.5918
20250326,Mysuru,12.2958,76.6394,29.26,39.71,1.41,6.5628
20250327,Mysuru,12.2958,76.6394,29.83,46.67,1.27,6.2302
20250328,Mysuru,12.2958,76.6394,30.09,40.17,1.57,6.5894
20250329,Mysuru,12.2958,76.6394,29.44,30.3,2.45,6.6986
20250330,Mysuru,12.2958,76.6394,28.81,25.9,2.65,6.7867
20250331,Mysuru,12.2958,76.6394,29.27,33.22,2.62,6.5652
20250401,Mysuru,12.2958,76.6394,28.62,37.02,1.84,5.9614
20250402,Mysuru,12.2958,76.6394,27.56,51.0,2.27,4.2622
20250403,Mysuru,12.2958,76.6394,27.1,61.65,1.12,4.8826
20250404,Mysuru,12.2958,76.6394,28.2,58.29,1.23,6.5006
20250405,Mysuru,12.2958,76.6394,26.73,64.48,1.37,5.7091
20250406,Mysuru,12.2958,76.6394,28.02,56.25,1.61,6.6149
20250407,Mysuru,12.2958,76.6394,28.86,51.75,2.3,7.0207
20250408,Mysuru,12.2958,76.6394,28.98,45.82,2.27,6.8004
20250409,Mysuru,12.2958,76.6394,28.79,43.78,1.57,6.5371
20250410,Mysuru,12.2958,76.6394,27.86,54.12,2.12,6.0982
20250411,Mysuru,12.2958,76.6394,29.01,54.42,2.32,6.336
20250412,Mysuru,12.2958,76.6394,28.89,54.84,2.1,6.6533
20250413,Mysuru,12.2958,76.6394,29.04,55.12,1.67,6.5225
20250414,Mysuru,12.2958,76.6394,29.02,52.2,1.48,6.4406
20250415,Mysuru,12.2958,76.6394,29.05,53.36,1.66,6.7975
20250416,Mysuru,12.2958,76.6394,28.83,59.14,1.13,6.5659
20250417,Mysuru,12.2958,76.6394,28.43,62.7,1.23,6.8837
20250418,Mysuru,12.2958,76.6394,28.98,60.3,1.31,6.1114
20250419,Mysuru,12.2958,76.6394,29.18,59.79,1.93,6.6058
20250420,Mysuru,12.2958,76.6394,29.65,57.13,1.67,6.0168
20250421,Mysuru,12.2958,76.6394,29.3,49.16,2.0,6.8911
20250422,Mysuru,12.2958,76.6394,29.83,39.56,2.12,7.1969
20250423,Mysuru,12.2958,76.6394,30.1,44.28,1.68,7.1441
20250424,Mysuru,12.2958,76.6394,30.76,50.52,2.31,7.2797
20250425,Mysuru,12.2958,76.6394,31.03,49.26,1.87,6.5021
20250426,Mysuru,12.2958,76.6394,30.15,50.25,1.93,6.3348
20250427,Mysuru,12.2958,76.6394,29.81,51.26,1.21,6.2892
20250428,Mysuru,12.2958,76.6394,28.95,53.56,1.79,6.0886
20250429,Mysuru,12.2958,76.6394,30.44,47.29,1.9,6.4795
20250430,Mysuru,12.2958,76.6394,29.75,55.11,1.34,6.4562
20250501,Mysuru,12.2958,76.6394,27.99,68.26,1.01,5.3074
20250502,Mysuru,12.2958,76.6394,27.61,69.44,0.97,5.7245
20250503,Mysuru,12.2958,76.6394,26.69,69.56,1.39,6.2064
20250504,Mysuru,12.2958,76.6394,27.48,63.06,1.68,6.4829
20250505,Mysuru,12.2958,76.6394,27.92,62.32,1.16,6.2054
20250506,Mysuru,12.2958,76.6394,28.0,62.57,1.64,6.9506
20250507,Mysuru,12.2958,76.6394,27.92,62.27,2.04,6.5568
20250508,Mysuru,12.2958,76.6394,27.53,63.51,1.59,6.9108
20250509,Mysuru,12.2958,76.6394,28.37,58.04,1.27,7.3414
20250510,Mysuru,12.2958,76.6394,27.46,61.27,1.19,7.1705
20250511,Mysuru,12.2958,76.6394,28.43,60.89,2.03,6.9518
20250512,Mysuru,12.2958,76.6394,26.49,69.3,1.39,6.3607
20250513,Mysuru,12.2958,76.6394,26.8,73.0,1.47,6.0914
20250514,Mysuru,12.2958,76.6394,27.03,70.88,1.52,6.0446
20250515,Mysuru,12.2958,76.6394,25.35,78.98,2.2,5.9388
20250516,Mysuru,12.2958,76.6394,25.84,77.19,1.48,5.609
20250517,Mysuru,12.2958,76.6394,26.26,72.91,1.51,4.1222
20250518,Mysuru,12.2958,76.6394,25.11,84.85,1.67,4.5526
20250519,Mysuru,12.2958,76.6394,23.8,85.47,2.0,3.9557
20250520,Mysuru,12.2958,76.6394,24.81,84.25,3.45,3.6295
20250521,Mysuru,12.2958,76.6394,24.47,79.22,5.0,4.5941
20250522,Mysuru,12.2958,76.6394,24.74,77.43,3.84,5.2255
20250523,Mysuru,12.2958,76.6394,25.63,79.06,4.14,4.6366
20250524,Mysuru,12.2958,76.6394,25.2,79.22,5.21,3.715
20250525,Mysuru,12.2958,76.6394,24.5,82.36,5.26,3.047
20250526,Mysuru,12.2958,76.6394,23.92,81.04,5.51,2.8157
20250527,Mysuru,12.2958,76.6394,24.81,79.93,5.06,3.6367
20250528,Mysuru,12.2958,76.6394,24.64,79.49,4.87,3.3029
20250529,Mysuru,12.2958,76.6394,23.91,79.95,4.87,3.366
20250530,Mysuru,12.2958,76.6394,23.56,81.93,5.09,3.319
20250531,Mysuru,12.2958,76.6394,24.07,78.46,4.19,4.3692
20250601,Mysuru,12.2958,76.6394,24.32,77.44,3.23,5.8656
20250602,Mysuru,12.2958,76.6394,24.47,80.11,3.08,5.1005
20250603,Mysuru,12.2958,76.6394,24.76,76.09,3.51,4.9202
20250604,Mysuru,12.2958,76.6394,24.63,74.99,3.2,5.9904
20250605,Mysuru,12.2958,76.6394,24.53,71.02,2.38,6.3094
20250606,Mysuru,12.2958,76.6394,25.65,71.54,1.99,6.6182
20250607,Mysuru,12.2958,76.6394,26.17,73.16,2.6,6.6182
20250608,Mysuru,12.2958,76.6394,25.98,75.89,2.61,6.3149
20250609,Mysuru,12.2958,76.6394,25.71,76.31,3.32,5.7614
20250610,Mysuru,12.2958,76.6394,25.34,80.23,3.37,4.2218
20250611,Mysuru,12.2958,76.6394,25.17,82.43,3.47,3.7219
20250612,Mysuru,12.2958,76.6394,24.07,84.11,3.7,4.1045
20250613,Mysuru,12.2958,76.6394,24.78,83.51,4.23,4.1971
20250614,Mysuru,12.2958,76.6394,24.23,82.51,4.8,3.6204
20250615,Mysuru,12.2958,76.6394,23.13,80.79,6.13,2.7569
20250616,Mysuru,12.2958,76.6394,23.1,78.23,5.84,4.307
20250617,Mysuru,12.2958,76.6394,24.38,79.27,4.2,3.3367
20250618,Mysuru,12.2958,76.6394,24.76,79.84,4.09,4.6898
20250619,Mysuru,12.2958,76.6394,24.68,81.42,3.74,5.0215
20250620,Mysuru,12.2958,76.6394,25.22,77.94,3.78,5.0462
20250621,Mysuru,12.2958,76.6394,25.04,78.82,3.86,5.3674
20250622,Mysuru,12.2958,76.6394,24.88,78.71,4.28,4.4222
20250623,Mysuru,12.2958,76.6394,24.4,76.31,5.16,4.6219
20250624,Mysuru,12.2958,76.6394,23.08,77.16,4.7,4.2602
20250625,Mysuru,12.2958,76.6394,24.09,76.38,4.74,2.965
20250626,Mysuru,12.2958,76.6394,24.29,75.54,4.43,3.9156
20250627,Mysuru,12.2958,76.6394,24.05,79.6,4.41,4.1671
20250628,Mysuru,12.2958,76.6394,25.05,77.23,3.96,4.4546
20250629,Mysuru,12.2958,76.6394,25.12,76.28,4.0,4.9918
20250630,Mysuru,12.2958,76.6394,24.38,78.15,3.92,4.5948
20250701,Mysuru,12.2958,76.6394,24.43,79.49,3.7,3.6878
20250702,Mysuru,12.2958,76.6394,24.09,77.79,4.64,3.6473
20250703,Mysuru,12.2958,76.6394,23.77,76.59,4.58,3.7195
20250704,Mysuru,12.2958,76.6394,23.92,77.14,4.5,4.6286
20250705,Mysuru,12.2958,76.6394,24.6,75.95,4.86,3.2554
20250706,Mysuru,12.2958,76.6394,24.97,76.18,5.1,4.2024
20250707,Mysuru,12.2958,76.6394,24.81,76.81,5.11,4.4273
20250708,Mysuru,12.2958,76.6394,25.13,75.25,4.5,4.831
20250709,Mysuru,12.2958,76.6394,25.38,74.03,4.35,4.7278
20250710,Mysuru,12.2958,76.6394,25.19,76.12,3.66,4.5463
20250711,Mysuru,12.2958,76.6394,25.51,76.84,3.6,4.4467
20250712,Mysuru,12.2958,76.6394,25.08,77.0,3.59,4.9284
20250713,Mysuru,12.2958,76.6394,24.76,78.54,4.18,4.273
20250714,Mysuru,12.2958,76.6394,24.22,77.6,4.62,4.2727
20250715,Mysuru,12.2958,76.6394,24.74,76.82,4.36,3.935
20250716,Mysuru,12.2958,76.6394,24.67,80.23,3.75,4.0262
20250717,Mysuru,12.2958,76.6394,24.42,80.38,3.71,4.5036
20250718,Mysuru,12.2958,76.6394,24.59,79.77,2.95,4.4196
20250719,Mysuru,12.2958,76.6394,24.02,81.27,3.45,3.4409
20250720,Mysuru,12.2958,76.6394,23.78,78.42,4.33,3.9434
20250721,Mysuru,12.2958,76.6394,22.54,79.17,3.62,3.6715
20250722,Mysuru,12.2958,76.6394,23.19,76.07,3.8,3.815
20250723,Mysuru,12.2958,76.6394,23.95,78.95,4.59,3.69
20250724,Mysuru,12.2958,76.6394,23.47,78.12,5.35,2.915
20250725,Mysuru,12.2958,76.6394,23.6,75.25,6.08,3.1049
20250726,Mysuru,12.2958,76.6394,23.58,76.5,6.1,3.2654
20250727,Mysuru,12.2958,76.6394,23.68,75.08,5.38,3.4116
20250728,Mysuru,12.2958,76.6394,24.06,74.09,4.93,3.654
20250729,Mysuru,12.2958,76.6394,24.28,73.52,5.28,3.9454
20250730,Mysuru,12.2958,76.6394,24.96,73.49,4.71,4.2245
20250731,Mysuru,12.2958,76.6394,25.58,73.72,4.1,4.1074
20250801,Mysuru,12.2958,76.6394,25.62,72.89,3.48,3.9574
20250802,Mysuru,12.2958,76.6394,25.6,74.38,3.39,4.7023
20250803,Mysuru,12.2958,76.6394,24.5,81.14,2.31,5.1382
20250804,Mysuru,12.2958,76.6394,24.25,83.07,1.58,4.7114
20250805,Mysuru,12.2958,76.6394,24.91,81.64,1.13,4.465
20250806,Mysuru,12.2958,76.6394,23.54,84.25,4.56,5.0018
20250807,Mysuru,12.2958,76.6394,24.36,82.19,3.52,4.7237
20250808,Mysuru,12.2958,76.6394,24.22,81.8,1.44,4.2134
20250809,Mysuru,12.2958,76.6394,24.54,79.41,2.12,3.7968
20250810,Mysuru,12.2958,76.6394,23.83,80.6,2.51,3.8227
20250811,Mysuru,12.2958,76.6394,22.85,78.74,2.92,3.6149
20250812,Mysuru,12.2958,76.6394,22.79,77.58,3.12,4.1002
20250813,Mysuru,12.2958,76.6394,22.5,80.87,3.62,3.551
20250814,Mysuru,12.2958,76.6394,23.1,80.19,3.92,3.203
20250815,Mysuru,12.2958,76.6394,23.43,79.5,4.47,3.7538
20250816,Mysuru,12.2958,76.6394,23.28,82.27,4.1,4.0495
20250817,Mysuru,12.2958,76.6394,23.77,80.82,4.63,3.1697
20250818,Mysuru,12.2958,76.6394,22.76,80.7,5.0,2.4989
20250819,Mysuru,12.2958,76.6394,23.48,77.01,5.37,2.7024
20250820,Mysuru,12.2958,76.6394,23.64,75.92,4.04,4.3097
20250821,Mysuru,12.2958,76.6394,24.33,78.69,2.4,4.3956
20250822,Mysuru,12.2958,76.6394,23.63,83.19,2.12,5.683
20250823,Mysuru,12.2958,76.6394,24.39,78.53,2.2,4.6541
20250824,Mysuru,12.2958,76.6394,25.14,72.48,2.96,5.778
20250825,Mysuru,12.2958,76.6394,24.18,75.21,2.79,5.1948
20250826,Mysuru,12.2958,76.6394,24.87,73.2,3.38,4.2074
20250827,Mysuru,12.2958,76.6394,24.44,77.38,3.85,3.9226
20250828,Mysuru,12.2958,76.6394,24.16,75.95,4.23,4.1558
20250829,Mysuru,12.2958,76.6394,23.45,77.26,4.1,4.302
20250830,Mysuru,12.2958,76.6394,24.51,78.71,3.48,4.5144
20250831,Mysuru,12.2958,76.6394,24.55,80.23,3.23,3.7702
20250901,Mysuru,12.2958,76.6394,24.19,79.72,3.66,3.6338
20250902,Mysuru,12.2958,76.6394,24.19,78.67,3.78,4.4477
20250903,Mysuru,12.2958,76.6394,24.25,80.01,3.78,3.0595
20250904,Mysuru,12.2958,76.6394,24.6,78.42,3.27,4.1614
20250905,Mysuru,12.2958,76.6394,24.39,79.26,2.58,4.35
20250906,Mysuru,12.2958,76.6394,24.98,77.48,2.44,4.8461
20250907,Mysuru,12.2958,76.6394,24.76,77.83,2.57,4.3582
20250908,Mysuru,12.2958,76.6394,24.95,74.47,2.18,5.957
20250909,Mysuru,12.2958,76.6394,25.1,78.13,1.24,5.9374
20250910,Mysuru,12.2958,76.6394,25.09,74.3,1.67,4.9164
20250911,Mysuru,12.2958,76.6394,24.15,80.93,1.37,4.3531
20250912,Mysuru,12.2958,76.6394,24.57,76.79,1.76,5.8255
20250913,Mysuru,12.2958,76.6394,24.34,80.96,2.17,5.3081
20250914,Mysuru,12.2958,76.6394,24.28,78.96,1.84,5.0417
20250915,Mysuru,12.2958,76.6394,24.57,79.33,2.43,4.5161
20250916,Mysuru,12.2958,76.6394,24.38,82.23,1.51,4.2269
20250917,Mysuru,12.2958,76.6394,23.58,88.3,1.81,4.5322
20250918,Mysuru,12.2958,76.6394,24.52,82.09,2.26,4.6956
20250919,Mysuru,12.2958,76.6394,23.3,83.82,2.47,3.9156
20250920,Mysuru,12.2958,76.6394,24.07,79.04,2.63,4.9152
20250921,Mysuru,12.2958,76.6394,24.54,80.72,2.13,5.075
20250922,Mysuru,12.2958,76.6394,24.43,80.05,2.47,4.6651
20250923,Mysuru,12.2958,76.6394,24.09,80.16,2.63,3.8196
20250924,Mysuru,12.2958,76.6394,23.99,78.63,2.88,4.5533
20250925,Mysuru,12.2958,76.6394,23.84,77.87,3.05,4.8158
20250926,Mysuru,12.2958,76.6394,24.19,76.16,3.48,5.4905
20250927,Mysuru,12.2958,76.6394,23.11,79.78,3.75,3.9595
20250928,Mysuru,12.2958,76.6394,24.03,78.17,3.72,4.8444
20250929,Mysuru,12.2958,76.6394,24.52,75.26,3.54,5.011
20250930,Mysuru,12.2958,76.6394,24.25,75.88,2.99,5.0112
20251001,Mysuru,12.2958,76.6394,24.64,75.37,2.74,4.6152
20251002,Mysuru,12.2958,76.6394,25.26,75.64,2.44,4.2701
20251003,Mysuru,12.2958,76.6394,24.28,80.62,1.87,5.6081
20251004,Mysuru,12.2958,76.6394,24.72,78.56,1.71,4.3346
20251005,Mysuru,12.2958,76.6394,24.52,79.75,1.27,5.7463
20251006,Mysuru,12.2958,76.6394,24.55,78.28,1.15,5.9486
20251007,Mysuru,12.2958,76.6394,24.21,75.7,1.01,5.8246
20251008,Mysuru,12.2958,76.6394,24.78,76.85,1.38,4.302
20251009,Mysuru,12.2958,76.6394,25.06,77.88,1.12,5.1091
20251010,Mysuru,12.2958,76.6394,24.46,83.62,1.33,4.2187
20251011,Mysuru,12.2958,76.6394,23.36,87.67,1.56,4.7244
20251012,Mysuru,12.2958,76.6394,23.74,86.16,1.65,6.0715
20251013,Mysuru,12.2958,76.6394,24.0,85.2,1.7,5.4199
20251014,Mysuru,12.2958,76.6394,24.49,81.62,2.41,4.5718
20251015,Mysuru,12.2958,76.6394,24.13,82.72,2.33,4.1076
20251016,Mysuru,12.2958,76.6394,24.1,84.48,2.76,3.5647
20251017,Mysuru,12.2958,76.6394,24.17,83.36,2.59,4.3306
20251018,Mysuru,12.2958,76.6394,23.94,84.59,2.58,4.5139
20251019,Mysuru,12.2958,76.6394,23.88,82.38,2.33,4.6577
20251020,Mysuru,12.2958,76.6394,23.61,83.47,2.47,4.0978
20251021,Mysuru,12.2958,76.6394,23.04,86.78,2.1,3.5498
20251022,Mysuru,12.2958,76.6394,22.36,91.54,2.77,2.8771
20251023,Mysuru,12.2958,76.6394,23.46,83.07,1.74,4.115
20251024,Mysuru,12.2958,76.6394,23.03,82.61,2.09,3.4512
20251025,Mysuru,12.2958,76.6394,23.59,80.12,1.43,4.8622
20251026,Mysuru,12.2958,76.6394,24.11,81.79,1.31,4.2792
20251027,Mysuru,12.2958,76.6394,23.07,86.78,1.98,2.6398
20251028,Mysuru,12.2958,76.6394,22.73,82.64,2.83,3.0007
20251029,Mysuru,12.2958,76.6394,23.05,80.91,2.86,4.6358
20251030,Mysuru,12.2958,76.6394,23.74,79.81,2.45,5.4564
20251031,Mysuru,12.2958,76.6394,24.1,76.11,2.16,5.8776
20251101,Mysuru,12.2958,76.6394,24.47,71.69,1.09,6.6067
20251102,Mysuru,12.2958,76.6394,24.69,74.39,1.28,4.938
20251103,Mysuru,12.2958,76.6394,25.13,73.53,1.69,3.8239
20251104,Mysuru,12.2958,76.6394,24.98,69.41,1.64,4.933
20251105,Mysuru,12.2958,76.6394,24.68,76.81,1.33,4.735
20251106,Mysuru,12.2958,76.6394,22.07,77.52,1.57,5.5733
20251107,Mysuru,12.2958,76.6394,23.04,78.08,1.21,4.9044
20251108,Mysuru,12.2958,76.6394,23.34,73.48,1.96,3.8993
20251109,Mysuru,12.2958,76.6394,20.85,64.33,1.91,6.0518
20251110,Mysuru,12.2958,76.6394,21.94,74.06,1.0,5.1566
20251111,Mysuru,12.2958,76.6394,23.9,75.89,1.25,4.5017
20251112,Mysuru,12.2958,76.6394,24.33,72.98,2.06,4.2583
20251113,Mysuru,12.2958,76.6394,24.38,74.94,2.11,4.5288
20251114,Mysuru,12.2958,76.6394,23.58,72.04,2.69,3.5926
20251115,Mysuru,12.2958,76.6394,21.74,67.89,1.97,5.1876
20251116,Mysuru,12.2958,76.6394,23.11,72.82,2.18,5.1362
20251117,Mysuru,12.2958,76.6394,23.08,71.31,2.57,4.9642
20251118,Mysuru,12.2958,76.6394,21.63,80.84,2.43,3.5249
20251119,Mysuru,12.2958,76.6394,23.59,74.87,2.59,3.8134
20251120,Mysuru,12.2958,76.6394,23.27,68.02,2.05,4.861
20251121,Mysuru,12.2958,76.6394,23.63,76.75,2.23,4.7275
20251122,Mysuru,12.2958,76.6394,23.38,80.84,2.66,3.5052
20251123,Mysuru,12.2958,76.6394,23.22,79.97,2.78,4.3752
20251124,Mysuru,12.2958,76.6394,23.28,77.44,2.78,4.4539
20251125,Mysuru,12.2958,76.6394,22.86,71.68,2.73,4.9013
20251126,Mysuru,12.2958,76.6394,22.2,70.03,2.76,4.8173
20251127,Mysuru,12.2958,76.6394,22.03,70.4,2.68,4.8166
20251128,Mysuru,12.2958,76.6394,20.85,71.39,2.33,4.1186
20251129,Mysuru,12.2958,76.6394,20.66,78.8,2.07,3.917
20251130,Mysuru,12.2958,76.6394,21.31,84.53,1.96,2.7523
20251201,Mysuru,12.2958,76.6394,23.31,75.19,1.97,3.1855
20251202,Mysuru,12.2958,76.6394,23.91,73.14,1.85,4.5744
20251203,Mysuru,12.2958,76.6394,24.14,78.73,2.46,2.7967
20251204,Mysuru,12.2958,76.6394,22.78,83.07,1.74,3.8064
20251205,Mysuru,12.2958,76.6394,23.1,76.68,3.09,2.8478
20251206,Mysuru,12.2958,76.6394,23.22,70.32,2.69,4.3162
20251207,Mysuru,12.2958,76.6394,22.76,68.77,2.47,4.9126
20251208,Mysuru,12.2958,76.6394,22.26,62.31,2.11,5.4953
20251209,Mysuru,12.2958,76.6394,21.78,67.61,2.11,5.4929
20251210,Mysuru,12.2958,76.6394,22.67,61.86,2.56,5.4814
20251211,Mysuru,12.2958,76.6394,21.24,63.48,2.69,5.5042
20251212,Mysuru,12.2958,76.6394,20.92,64.89,2.27,5.6395
20251213,Mysuru,12.2958,76.6394,20.58,57.64,1.86,5.9458
20251214,Mysuru,12.2958,76.6394,19.9,58.82,2.01,5.9515
20251215,Mysuru,12.2958,76.6394,20.15,57.44,2.32,5.8762
20251216,Mysuru,12.2958,76.6394,22.21,74.36,3.23,3.4615
20251217,Mysuru,12.2958,76.6394,23.89,63.06,3.14,5.7434
20251218,Mysuru,12.2958,76.6394,21.09,59.19,2.79,5.431
20251219,Mysuru,12.2958,76.6394,20.76,58.21,2.1,4.7287
20251220,Mysuru,12.2958,76.6394,20.69,60.54,1.68,4.8761
20251221,Mysuru,12.2958,76.6394,20.52,58.52,1.92,5.2392
20251222,Mysuru,12.2958,76.6394,21.06,62.06,2.25,5.1701
20251223,Mysuru,12.2958,76.6394,21.62,62.34,2.04,5.5044
20251224,Mysuru,12.2958,76.6394,21.15,61.09,1.76,5.3678
20251225,Mysuru,12.2958,76.6394,21.39,58.77,1.95,5.6544
20251226,Mysuru,12.2958,76.6394,22.45,60.7,2.26,4.3262
20251227,Mysuru,12.2958,76.6394,21.65,58.15,2.23,5.3201
20251228,Mysuru,12.2958,76.6394,21.8,60.69,2.08,5.495
20251229,Mysuru,12.2958,76.6394,23.31,61.37,1.88,5.2291
20251230,Mysuru,12.2958,76.6394,24.11,61.32,0.91,4.9699
20251231,Mysuru,12.2958,76.6394,25.04,58.24,1.23,4.283
