Date,District,Latitude,Longitude,Temperature,Humidity,WindSpeed,GHI
20200101,Raichur,16.212,77.3439,25.62,63.86,3.18,3.859
20200102,Raichur,16.212,77.3439,25.66,69.38,2.31,3.8875
20200103,Raichur,16.212,77.3439,26.89,62.88,1.49,4.3738
20200104,Raichur,16.212,77.3439,27.11,54.57,1.2,4.0447
20200105,Raichur,16.212,77.3439,25.35,62.45,2.94,4.3423
20200106,Raichur,16.212,77.3439,24.69,65.29,3.54,3.4162
20200107,Raichur,16.212,77.3439,26.15,66.02,3.36,3.9336
20200108,Raichur,16.212,77.3439,25.88,63.11,2.81,3.3118
20200109,Raichur,16.212,77.3439,26.04,60.46,1.98,4.614
20200110,Raichur,16.212,77.3439,25.33,61.71,3.29,4.0946
20200111,Raichur,16.212,77.3439,24.93,60.26,2.46,4.5
20200112,Raichur,16.212,77.3439,23.55,55.33,1.95,4.859
20200113,Raichur,16.212,77.3439,24.02,52.49,1.15,5.1614
20200114,Raichur,16.212,77.3439,23.51,52.31,2.25,5.2937
20200115,Raichur,16.212,77.3439,23.46,56.49,3.34,5.3806
20200116,Raichur,16.212,77.3439,23.23,56.06,2.53,5.4475
20200117,Raichur,16.212,77.3439,24.55,55.5,2.9,5.0851
20200118,Raichur,16.212,77.3439,25.69,61.76,2.96,5.0899
20200119,Raichur,16.212,77.3439,26.15,57.35,1.86,5.1893
20200120,Raichur,16.212,77.3439,26.48,55.03,2.72,5.1139
20200121,Raichur,16.212,77.3439,25.56,53.18,3.43,5.4994
20200122,Raichur,16.212,77.3439,24.91,55.64,3.17,5.7658
20200123,Raichur,16.212,77.3439,24.83,53.31,2.32,5.6126
20200124,Raichur,16.212,77.3439,24.89,50.47,2.22,5.4948
20200125,Raichur,16.212,77.3439,25.13,46.55,1.88,5.3818
20200126,Raichur,16.212,77.3439,25.88,47.84,1.88,5.4005
20200127,Raichur,16.212,77.3439,26.58,41.89,2.19,5.5176
20200128,Raichur,16.212,77.3439,26.67,46.73,1.94,5.2968
20200129,Raichur,16.212,77.3439,27.3,41.94,1.85,5.5241
20200130,Raichur,16.212,77.3439,26.46,36.02,1.55,5.3815
20200131,Raichur,16.212,77.3439,26.61,51.4,2.26,5.4749
20200201,Raichur,16.212,77.3439,27.28,53.39,3.13,5.3518
20200202,Raichur,16.212,77.3439,27.07,54.93,3.05,4.709
20200203,Raichur,16.212,77.3439,26.72,50.02,2.82,5.2094
20200204,Raichur,16.212,77.3439,26.0,50.08,2.69,5.743
20200205,Raichur,16.212,77.3439,26.56,50.18,2.16,5.6916
20200206,Raichur,16.212,77.3439,28.09,41.5,3.16,5.575
20200207,Raichur,16.212,77.3439,28.41,44.46,2.05,5.7494
20200208,Raichur,16.212,77.3439,27.92,43.37,1.72,4.8679
20200209,Raichur,16.212,77.3439,26.12,58.48,4.01,4.4309
20200210,Raichur,16.212,77.3439,26.03,58.76,3.77,5.0086
20200211,Raichur,16.212,77.3439,26.09,58.89,3.71,4.7141
20200212,Raichur,16.212,77.3439,26.42,53.91,2.81,5.2478
20200213,Raichur,16.212,77.3439,26.12,43.74,2.26,5.8236
20200214,Raichur,16.212,77.3439,26.15,25.9,1.51,6.2153
20200215,Raichur,16.212,77.3439,26.61,23.04,1.19,6.3161
20200216,Raichur,16.212,77.3439,26.23,37.0,2.41,6.2095
20200217,Raichur,16.212,77.3439,26.48,38.89,2.13,6.1987
20200218,Raichur,16.212,77.3439,26.12,31.24,2.14,6.1685
20200219,Raichur,16.212,77.3439,26.25,43.41,2.21,6.2986
20200220,Raichur,16.212,77.3439,26.43,50.83,3.14,6.0696
20200221,Raichur,16.212,77.3439,25.85,44.9,3.31,6.5546
20200222,Raichur,16.212,77.3439,26.05,47.45,3.23,6.6288
20200223,Raichur,16.212,77.3439,26.42,48.39,3.18,6.5095
20200224,Raichur,16.212,77.3439,27.63,45.86,2.18,6.4745
20200225,Raichur,16.212,77.3439,27.71,48.12,2.07,5.8478
20200226,Raichur,16.212,77.3439,27.67,37.32,2.43,5.5193
20200227,Raichur,16.212,77.3439,27.43,39.93,2.3,5.4708
20200228,Raichur,16.212,77.3439,28.16,49.49,2.49,5.5198
20200229,Raichur,16.212,77.3439,28.5,47.26,2.39,5.8037
20200301,Raichur,16.212,77.3439,29.19,45.7,2.51,5.9426
20200302,Raichur,16.212,77.3439,28.54,43.79,1.22,5.543
20200303,Raichur,16.212,77.3439,29.94,38.48,1.45,6.0578
20200304,Raichur,16.212,77.3439,30.47,31.05,1.76,5.862
20200305,Raichur,16.212,77.3439,29.68,30.95,1.64,6.4433
20200306,Raichur,16.212,77.3439,29.14,37.05,2.48,6.3504
20200307,Raichur,16.212,77.3439,29.39,42.73,1.77,5.8757
20200308,Raichur,16.212,77.3439,29.64,48.2,1.78,5.5037
20200309,Raichur,16.212,77.3439,30.9,45.24,2.35,4.9826
20200310,Raichur,16.212,77.3439,30.95,40.42,2.23,6.0437
20200311,Raichur,16.212,77.3439,31.1,39.67,1.15,6.2966
20200312,Raichur,16.212,77.3439,31.91,34.79,1.6,6.7661
20200313,Raichur,16.212,77.3439,30.78,35.83,3.87,6.87
20200314,Raichur,16.212,77.3439,30.21,40.94,2.45,6.0122
20200315,Raichur,16.212,77.3439,29.71,44.46,2.5,6.925
20200316,Raichur,16.212,77.3439,29.74,44.63,2.19,6.9257
20200317,Raichur,16.212,77.3439,30.57,41.91,3.12,7.0978
20200318,Raichur,16.212,77.3439,30.7,33.78,1.91,7.0754
20200319,Raichur,16.212,77.3439,31.61,33.91,1.41,6.2263
20200320,Raichur,16.212,77.3439,32.27,28.07,1.76,6.6403
20200321,Raichur,16.212,77.3439,30.48,22.78,2.01,7.2888
20200322,Raichur,16.212,77.3439,30.0,34.27,1.59,7.0231
20200323,Raichur,16.212,77.3439,31.09,37.91,2.04,6.522
20200324,Raichur,16.212,77.3439,31.66,38.69,2.7,6.6929
20200325,Raichur,16.212,77.3439,31.6,36.86,3.1,6.6967
20200326,Raichur,16.212,77.3439,31.53,37.99,3.17,7.0507
20200327,Raichur,16.212,77.3439,30.99,33.1,3.1,7.3258
20200328,Raichur,16.212,77.3439,31.39,28.42,2.66,7.319
20200329,Raichur,16.212,77.3439,32.06,25.85,1.99,7.2943
20200330,Raichur,16.212,77.3439,31.69,29.76,2.94,7.098
20200331,Raichur,16.212,77.3439,31.79,28.45,2.05,7.2031
20200401,Raichur,16.212,77.3439,32.33,30.64,1.64,6.7843
20200402,Raichur,16.212,77.3439,34.41,28.7,2.52,6.5885
20200403,Raichur,16.212,77.3439,33.42,31.47,3.32,6.535
20200404,Raichur,16.212,77.3439,31.76,35.34,2.42,5.255
20200405,Raichur,16.212,77.3439,32.52,33.64,2.68,6.9554
20200406,Raichur,16.212,77.3439,32.95,40.79,2.16,5.8586
20200407,Raichur,16.212,77.3439,32.23,42.0,2.26,5.3059
20200408,Raichur,16.212,77.3439,31.2,44.56,2.75,6.9127
20200409,Raichur,16.212,77.3439,30.99,41.52,1.99,6.8621
20200410,Raichur,16.212,77.3439,31.91,39.46,2.62,7.0183
20200411,Raichur,16.212,77.3439,31.09,37.98,3.02,7.5665
20200412,Raichur,16.212,77.3439,32.75,32.92,2.7,7.1666
20200413,Raichur,16.212,77.3439,33.31,30.57,3.06,6.9
20200414,Raichur,16.212,77.3439,33.22,26.59,3.61,7.0692
20200415,Raichur,16.212,77.3439,32.86,28.41,2.77,6.9902
20200416,Raichur,16.212,77.3439,33.24,28.92,2.61,6.7762
20200417,Raichur,16.212,77.3439,33.47,32.9,2.36,6.6881
20200418,Raichur,16.212,77.3439,34.27,34.16,2.61,6.5914
20200419,Raichur,16.212,77.3439,33.48,34.14,2.51,6.8256
20200420,Raichur,16.212,77.3439,33.44,37.47,2.84,6.3523
20200421,Raichur,16.212,77.3439,33.4,31.52,2.55,6.8986
20200422,Raichur,16.212,77.3439,34.5,31.35,2.63,7.105
20200423,Raichur,16.212,77.3439,35.26,31.47,2.39,6.9559
20200424,Raichur,16.212,77.3439,35.63,31.53,2.79,6.846
20200425,Raichur,16.212,77.3439,34.65,37.53,3.27,7.2948
20200426,Raichur,16.212,77.3439,35.45,31.14,2.43,7.1407
20200427,Raichur,16.212,77.3439,35.08,31.71,3.55,7.4738
20200428,Raichur,16.212,77.3439,33.73,43.74,3.96,6.2126
20200429,Raichur,16.212,77.3439,32.71,44.89,2.53,7.1441
20200430,Raichur,16.212,77.3439,33.84,38.94,1.67,6.9046
20200501,Raichur,16.212,77.3439,34.47,36.7,2.0,6.6139
20200502,Raichur,16.212,77.3439,35.2,34.35,2.0,6.3398
20200503,Raichur,16.212,77.3439,35.5,34.32,2.02,6.4939
20200504,Raichur,16.212,77.3439,35.74,36.15,2.46,6.6708
20200505,Raichur,16.212,77.3439,36.41,31.59,2.17,6.7037
20200506,Raichur,16.212,77.3439,36.17,33.2,2.71,6.5633
20200507,Raichur,16.212,77.3439,33.84,43.34,3.23,6.3329
20200508,Raichur,16.212,77.3439,32.75,46.97,2.12,6.5167
20200509,Raichur,16.212,77.3439,34.76,39.81,1.49,6.4747
20200510,Raichur,16.212,77.3439,34.09,37.51,2.75,5.268
20200511,Raichur,16.212,77.3439,33.47,36.76,2.14,6.2333
20200512,Raichur,16.212,77.3439,34.24,36.8,2.98,6.6038
20200513,Raichur,16.212,77.3439,34.42,37.83,2.92,7.0111
20200514,Raichur,16.212,77.3439,34.49,38.2,3.76,6.8916
20200515,Raichur,16.212,77.3439,34.51,35.46,2.56,6.9192
20200516,Raichur,16.212,77.3439,35.05,33.02,1.92,6.0106
20200517,Raichur,16.212,77.3439,34.22,40.84,2.45,5.0866
20200518,Raichur,16.212,77.3439,33.88,42.48,3.78,5.8387
20200519,Raichur,16.212,77.3439,35.48,28.77,5.28,4.6687
20200520,Raichur,16.212,77.3439,35.0,35.0,4.18,6.5674
20200521,Raichur,16.212,77.3439,35.26,29.7,4.72,7.1995
20200522,Raichur,16.212,77.3439,34.58,26.7,2.29,7.5199
20200523,Raichur,16.212,77.3439,35.65,22.91,1.82,7.4578
20200524,Raichur,16.212,77.3439,35.78,32.62,2.4,7.1731
20200525,Raichur,16.212,77.3439,36.3,35.24,2.77,6.745
20200526,Raichur,16.212,77.3439,35.94,39.22,2.6,7.069
20200527,Raichur,16.212,77.3439,35.63,40.4,4.01,7.1597
20200528,Raichur,16.212,77.3439,35.48,37.34,5.02,7.4314
20200529,Raichur,16.212,77.3439,35.17,40.5,4.36,7.428
20200530,Raichur,16.212,77.3439,29.62,68.9,2.98,5.1185
20200531,Raichur,16.212,77.3439,27.81,76.94,1.66,6.0377
20200601,Raichur,16.212,77.3439,28.18,73.83,0.98,6.1157
20200602,Raichur,16.212,77.3439,27.14,78.81,1.66,6.3449
20200603,Raichur,16.212,77.3439,27.69,73.92,3.93,4.9037
20200604,Raichur,16.212,77.3439,28.74,66.51,4.36,5.5318
20200605,Raichur,16.212,77.3439,29.43,60.24,4.36,6.6192
20200606,Raichur,16.212,77.3439,28.86,59.59,4.56,6.4896
20200607,Raichur,16.212,77.3439,29.4,60.39,4.25,6.1248
20200608,Raichur,16.212,77.3439,29.6,59.72,4.67,6.0564
20200609,Raichur,16.212,77.3439,28.98,55.09,4.0,6.8083
20200610,Raichur,16.212,77.3439,28.88,63.53,4.26,3.8981
20200611,Raichur,16.212,77.3439,26.77,74.63,4.2,2.809
20200612,Raichur,16.212,77.3439,26.16,76.92,3.64,3.7085
20200613,Raichur,16.212,77.3439,28.27,64.75,5.57,3.9319
20200614,Raichur,16.212,77.3439,29.07,62.75,5.41,4.9682
20200615,Raichur,16.212,77.3439,29.94,61.64,5.68,4.9198
20200616,Raichur,16.212,77.3439,28.6,71.76,5.76,3.8239
20200617,Raichur,16.212,77.3439,28.38,70.09,5.26,5.1605
20200618,Raichur,16.212,77.3439,27.87,70.64,4.63,5.1662
20200619,Raichur,16.212,77.3439,28.44,70.24,4.79,5.3712
20200620,Raichur,16.212,77.3439,29.09,66.46,4.43,5.7473
20200621,Raichur,16.212,77.3439,27.79,70.38,4.12,5.3177
20200622,Raichur,16.212,77.3439,26.58,75.61,4.14,4.9774
20200623,Raichur,16.212,77.3439,29.06,62.9,3.67,6.2834
20200624,Raichur,16.212,77.3439,28.84,63.85,2.65,6.9115
20200625,Raichur,16.212,77.3439,28.6,67.06,2.28,6.8928
20200626,Raichur,16.212,77.3439,28.87,69.6,1.96,6.1826
20200627,Raichur,16.212,77.3439,27.69,76.26,1.98,6.3221
20200628,Raichur,16.212,77.3439,26.19,85.67,3.02,5.3282
20200629,Raichur,16.212,77.3439,27.47,79.4,1.3,5.6429
20200630,Raichur,16.212,77.3439,25.88,83.86,2.01,4.7549
20200701,Raichur,16.212,77.3439,26.75,77.8,3.28,6.0367
20200702,Raichur,16.212,77.3439,26.26,77.52,4.52,5.5224
20200703,Raichur,16.212,77.3439,25.99,78.66,4.91,4.8907
20200704,Raichur,16.212,77.3439,26.72,77.02,4.79,3.1255
20200705,Raichur,16.212,77.3439,26.86,75.18,5.38,4.079
20200706,Raichur,16.212,77.3439,26.76,74.79,4.31,2.9705
20200707,Raichur,16.212,77.3439,27.26,74.41,4.12,4.6248
20200708,Raichur,16.212,77.3439,27.0,77.75,3.62,5.6014
20200709,Raichur,16.212,77.3439,25.96,81.48,2.38,4.5634
20200710,Raichur,16.212,77.3439,26.83,77.57,4.0,4.2185
20200711,Raichur,16.212,77.3439,27.12,75.5,3.74,5.4948
20200712,Raichur,16.212,77.3439,26.96,75.5,3.36,4.9913
20200713,Raichur,16.212,77.3439,26.2,79.47,2.91,5.5618
20200714,Raichur,16.212,77.3439,25.85,86.69,2.76,4.1491
20200715,Raichur,16.212,77.3439,24.92,86.32,4.47,1.9207
20200716,Raichur,16.212,77.3439,24.96,81.74,4.55,4.0805
20200717,Raichur,16.212,77.3439,26.28,77.48,4.16,4.8559
20200718,Raichur,16.212,77.3439,26.58,80.52,2.65,5.7972
20200719,Raichur,16.212,77.3439,26.48,81.46,2.11,5.2764
20200720,Raichur,16.212,77.3439,26.3,84.95,1.99,4.9541
20200721,Raichur,16.212,77.3439,26.65,83.9,1.52,6.2906
20200722,Raichur,16.212,77.3439,26.28,84.97,1.93,5.3976
20200723,Raichur,16.212,77.3439,25.92,86.06,1.12,1.6022
20200724,Raichur,16.212,77.3439,25.34,86.16,1.79,4.9416
20200725,Raichur,16.212,77.3439,24.97,84.83,1.56,3.5954
20200726,Raichur,16.212,77.3439,25.43,82.67,2.46,6.1829
20200727,Raichur,16.212,77.3439,26.2,81.22,3.2,6.2726
20200728,Raichur,16.212,77.3439,25.27,88.79,2.82,5.6717
20200729,Raichur,16.212,77.3439,25.92,86.37,1.96,5.7595
20200730,Raichur,16.212,77.3439,27.11,80.64,1.62,5.592
20200731,Raichur,16.212,77.3439,26.57,84.69,1.61,5.6162
20200801,Raichur,16.212,77.3439,25.76,86.56,2.53,5.1245
20200802,Raichur,16.212,77.3439,26.24,82.47,3.32,5.6018
20200803,Raichur,16.212,77.3439,25.04,85.2,4.66,4.212
20200804,Raichur,16.212,77.3439,24.85,86.09,5.55,4.014
20200805,Raichur,16.212,77.3439,25.55,84.75,5.98,3.4344
20200806,Raichur,16.212,77.3439,26.79,81.38,4.89,5.352
20200807,Raichur,16.212,77.3439,26.48,83.49,3.95,4.6008
20200808,Raichur,16.212,77.3439,26.18,82.52,4.3,5.0587
20200809,Raichur,16.212,77.3439,25.39,86.08,4.49,4.3147
20200810,Raichur,16.212,77.3439,25.78,82.55,3.99,2.569
20200811,Raichur,16.212,77.3439,25.94,82.91,4.35,5.2946
20200812,Raichur,16.212,77.3439,25.35,85.68,3.95,3.4889
20200813,Raichur,16.212,77.3439,24.77,88.04,4.3,1.584
20200814,Raichur,16.212,77.3439,25.11,85.08,4.82,1.7916
20200815,Raichur,16.212,77.3439,24.74,88.22,4.09,1.8202
20200816,Raichur,16.212,77.3439,25.23,87.16,4.06,1.7417
20200817,Raichur,16.212,77.3439,25.77,86.12,3.56,3.245
20200818,Raichur,16.212,77.3439,26.24,83.11,4.05,5.0422
20200819,Raichur,16.212,77.3439,26.42,82.4,3.82,4.3922
20200820,Raichur,16.212,77.3439,25.41,87.02,4.25,3.0737
20200821,Raichur,16.212,77.3439,25.97,84.17,3.88,4.3272
20200822,Raichur,16.212,77.3439,26.19,83.95,3.36,5.3285
20200823,Raichur,16.212,77.3439,26.46,82.79,2.9,5.2709
20200824,Raichur,16.212,77.3439,26.35,83.6,2.6,5.5747
20200825,Raichur,16.212,77.3439,26.59,81.62,2.46,6.0883
20200826,Raichur,16.212,77.3439,25.88,83.63,2.47,5.1569
20200827,Raichur,16.212,77.3439,25.13,84.67,2.83,4.2696
20200828,Raichur,16.212,77.3439,26.1,81.21,3.0,5.5078
20200829,Raichur,16.212,77.3439,26.89,79.4,3.16,5.7346
20200830,Raichur,16.212,77.3439,26.26,82.59,2.49,6.2897
20200831,Raichur,16.212,77.3439,25.99,83.0,2.06,6.283
20200901,Raichur,16.212,77.3439,25.96,87.0,2.53,5.8133
20200902,Raichur,16.212,77.3439,25.57,85.15,1.47,4.1724
20200903,Raichur,16.212,77.3439,26.11,82.74,1.44,5.9887
20200904,Raichur,16.212,77.3439,26.13,84.4,2.15,6.6905
20200905,Raichur,16.212,77.3439,26.68,80.37,1.94,6.48
20200906,Raichur,16.212,77.3439,26.93,78.91,1.63,6.6835
20200907,Raichur,16.212,77.3439,27.31,78.91,1.24,6.1687
20200908,Raichur,16.212,77.3439,26.74,83.12,0.66,5.6016
20200909,Raichur,16.212,77.3439,27.31,78.62,0.77,6.0763
20200910,Raichur,16.212,77.3439,26.34,84.05,1.18,5.6683
20200911,Raichur,16.212,77.3439,25.56,86.87,2.07,5.0352
20200912,Raichur,16.212,77.3439,25.23,86.49,2.87,4.5127
20200913,Raichur,16.212,77.3439,24.38,87.22,3.32,2.8049
20200914,Raichur,16.212,77.3439,24.1,86.19,4.3,1.6464
20200915,Raichur,16.212,77.3439,24.1,88.82,3.51,3.2563
20200916,Raichur,16.212,77.3439,25.03,88.87,3.53,2.8325
20200917,Raichur,16.212,77.3439,24.97,88.44,3.73,4.4995
20200918,Raichur,16.212,77.3439,24.94,91.28,2.87,3.9281
20200919,Raichur,16.212,77.3439,25.09,88.76,3.36,2.0131
20200920,Raichur,16.212,77.3439,24.56,89.25,3.35,4.1518
20200921,Raichur,16.212,77.3439,24.4,87.87,4.18,4.0978
20200922,Raichur,16.212,77.3439,24.6,86.19,4.01,3.9924
20200923,Raichur,16.212,77.3439,24.57,83.04,3.87,4.3879
20200924,Raichur,16.212,77.3439,25.52,84.56,3.04,4.9814
20200925,Raichur,16.212,77.3439,25.36,88.68,2.93,5.3414
20200926,Raichur,16.212,77.3439,24.0,94.72,3.36,1.9253
20200927,Raichur,16.212,77.3439,24.39,86.46,2.01,4.6142
20200928,Raichur,16.212,77.3439,25.49,84.64,1.82,5.1737
20200929,Raichur,16.212,77.3439,25.36,89.62,1.7,4.9582
20200930,Raichur,16.212,77.3439,24.64,91.47,1.32,3.8909
20201001,Raichur,16.212,77.3439,25.0,85.85,2.13,4.219
20201002,Raichur,16.212,77.3439,25.23,84.44,1.89,5.8776
20201003,Raichur,16.212,77.3439,25.64,85.22,1.63,5.2512
20201004,Raichur,16.212,77.3439,24.56,88.41,2.86,4.656
20201005,Raichur,16.212,77.3439,24.73,84.3,2.94,5.5102
20201006,Raichur,16.212,77.3439,25.73,83.01,2.4,5.8258
20201007,Raichur,16.212,77.3439,25.15,82.66,1.78,4.507
20201008,Raichur,16.212,77.3439,25.3,78.98,1.34,4.9536
20201009,Raichur,16.212,77.3439,25.98,80.66,0.94,4.7059
20201010,Raichur,16.212,77.3439,25.16,86.93,0.82,4.3378
20201011,Raichur,16.212,77.3439,24.06,91.79,2.09,2.7528
20201012,Raichur,16.212,77.3439,24.47,91.09,1.37,3.5801
20201013,Raichur,16.212,77.3439,24.78,89.43,2.77,2.3971
20201014,Raichur,16.212,77.3439,24.94,90.66,3.21,2.5351
20201015,Raichur,16.212,77.3439,25.36,87.26,2.86,3.6526
20201016,Raichur,16.212,77.3439,25.2,85.07,1.69,4.9291
20201017,Raichur,16.212,77.3439,25.46,83.11,1.69,5.6045
20201018,Raichur,16.212,77.3439,25.1,85.38,1.47,5.4024
20201019,Raichur,16.212,77.3439,25.25,86.69,1.39,5.1437
20201020,Raichur,16.212,77.3439,24.35,91.37,1.05,3.6264
20201021,Raichur,16.212,77.3439,24.85,86.82,0.71,3.6132
20201022,Raichur,16.212,77.3439,26.02,82.1,0.8,4.8355
20201023,Raichur,16.212,77.3439,25.72,79.73,1.14,4.8252
20201024,Raichur,16.212,77.3439,26.14,75.25,0.84,4.8718
20201025,Raichur,16.212,77.3439,25.46,81.27,0.83,5.2486
20201026,Raichur,16.212,77.3439,24.89,84.03,1.68,5.0117
20201027,Raichur,16.212,77.3439,23.75,83.01,1.8,5.5687
20201028,Raichur,16.212,77.3439,23.4,80.24,1.59,5.5138
20201029,Raichur,16.212,77.3439,23.64,81.09,1.46,5.0208
20201030,Raichur,16.212,77.3439,24.35,79.34,1.33,4.4758
20201031,Raichur,16.212,77.3439,23.95,82.4,1.48,5.2471
20201101,Raichur,16.212,77.3439,23.12,77.35,1.5,5.4156
20201102,Raichur,16.212,77.3439,24.07,83.24,1.48,5.5548
20201103,Raichur,16.212,77.3439,24.65,83.85,1.8,5.1533
20201104,Raichur,16.212,77.3439,23.04,79.0,1.97,5.1223
20201105,Raichur,16.212,77.3439,22.21,72.47,1.56,5.2531
20201106,Raichur,16.212,77.3439,22.46,81.19,1.81,4.6308
20201107,Raichur,16.212,77.3439,24.49,86.69,2.39,4.1244
20201108,Raichur,16.212,77.3439,24.02,85.41,1.94,5.0203
20201109,Raichur,16.212,77.3439,21.21,77.27,1.89,5.4538
20201110,Raichur,16.212,77.3439,19.38,78.27,1.86,5.5186
20201111,Raichur,16.212,77.3439,21.3,82.54,1.99,5.8906
20201112,Raichur,16.212,77.3439,24.13,88.45,2.95,3.395
20201113,Raichur,16.212,77.3439,24.45,86.57,2.5,3.8544
20201114,Raichur,16.212,77.3439,23.82,83.53,2.1,5.7689
20201115,Raichur,16.212,77.3439,23.81,85.11,2.52,5.3316
20201116,Raichur,16.212,77.3439,24.77,87.62,3.05,4.1832
20201117,Raichur,16.212,77.3439,24.56,85.06,2.72,4.9805
20201118,Raichur,16.212,77.3439,24.08,84.79,2.11,5.01
20201119,Raichur,16.212,77.3439,23.99,82.34,2.17,5.3364
20201120,Raichur,16.212,77.3439,23.92,80.62,1.86,5.4382
20201121,Raichur,16.212,77.3439,23.69,77.73,1.07,5.5397
20201122,Raichur,16.212,77.3439,23.49,82.83,0.85,4.9452
20201123,Raichur,16.212,77.3439,23.44,81.31,1.53,3.9967
20201124,Raichur,16.212,77.3439,23.14,80.87,2.59,4.3397
20201125,Raichur,16.212,77.3439,23.1,82.14,2.86,4.957
20201126,Raichur,16.212,77.3439,21.37,89.51,3.53,2.461
20201127,Raichur,16.212,77.3439,20.93,86.32,4.5,1.6447
20201128,Raichur,16.212,77.3439,23.09,86.18,3.18,2.7386
20201129,Raichur,16.212,77.3439,23.58,85.19,2.43,3.3826
20201130,Raichur,16.212,77.3439,23.36,79.96,1.97,4.6164
20201201,Raichur,16.212,77.3439,21.93,78.83,1.76,5.1151
20201202,Raichur,16.212,77.3439,21.26,79.43,1.7,5.2234
20201203,Raichur,16.212,77.3439,21.97,80.38,1.91,4.4086
20201204,Raichur,16.212,77.3439,22.94,81.32,2.36,4.9493
20201205,Raichur,16.212,77.3439,22.9,78.91,2.61,4.9951
20201206,Raichur,16.212,77.3439,22.47,78.35,2.8,5.269
20201207,Raichur,16.212,77.3439,22.68,76.16,2.8,4.7938
20201208,Raichur,16.212,77.3439,22.82,76.06,2.78,5.2097
20201209,Raichur,16.212,77.3439,22.54,72.71,2.07,5.2421
20201210,Raichur,16.212,77.3439,21.98,73.55,1.74,5.3119
20201211,Raichur,16.212,77.3439,21.74,71.71,1.87,5.2373
20201212,Raichur,16.212,77.3439,21.1,71.96,1.99,5.1415
20201213,Raichur,16.212,77.3439,21.24,72.04,1.76,5.1389
20201214,Raichur,16.212,77.3439,21.4,72.91,1.91,5.1787
20201215,Raichur,16.212,77.3439,21.4,72.35,2.32,5.0693
20201216,Raichur,16.212,77.3439,22.93,75.68,2.52,4.6886
20201217,Raichur,16.212,77.3439,22.94,73.38,1.97,4.8874
20201218,Raichur,16.212,77.3439,23.19,74.53,2.25,4.686
20201219,Raichur,16.212,77.3439,21.45,74.2,2.26,4.1314
20201220,Raichur,16.212,77.3439,20.72,71.85,2.46,4.8221
20201221,Raichur,16.212,77.3439,19.38,66.68,1.84,5.2747
20201222,Raichur,16.212,77.3439,18.77,68.68,1.53,5.2546
20201223,Raichur,16.212,77.3439,19.35,69.2,1.79,5.0213
20201224,Raichur,16.212,77.3439,20.5,71.62,1.81,4.9529
20201225,Raichur,16.212,77.3439,20.97,72.44,2.04,4.7275
20201226,Raichur,16.212,77.3439,20.73,73.57,1.85,4.3452
20201227,Raichur,16.212,77.3439,20.79,71.79,1.56,4.7314
20201228,Raichur,16.212,77.3439,20.82,71.19,1.73,4.6322
20201229,Raichur,16.212,77.3439,21.17,69.02,1.85,4.6272
20201230,Raichur,16.212,77.3439,22.28,70.2,2.45,4.4088
20201231,Raichur,16.212,77.3439,22.75,72.29,2.66,4.374
20210101,Raichur,16.212,77.3439,22.64,74.89,2.61,4.4302
20210102,Raichur,16.212,77.3439,21.59,68.93,2.37,4.7669
20210103,Raichur,16.212,77.3439,21.75,69.96,2.43,4.9579
20210104,Raichur,16.212,77.3439,22.41,67.74,2.65,5.1598
20210105,Raichur,16.212,77.3439,23.92,71.05,2.39,4.5154
20210106,Raichur,16.212,77.3439,24.66,79.9,2.59,2.4686
20210107,Raichur,16.212,77.3439,24.52,76.67,2.58,3.085
20210108,Raichur,16.212,77.3439,24.88,72.27,2.39,4.0913
20210109,Raichur,16.212,77.3439,24.87,69.58,2.73,4.128
20210110,Raichur,16.212,77.3439,24.9,66.3,2.41,5.0585
20210111,Raichur,16.212,77.3439,25.2,62.94,2.44,4.7172
20210112,Raichur,16.212,77.3439,26.19,60.24,2.92,4.3373
20210113,Raichur,16.212,77.3439,25.25,64.51,2.28,4.1402
20210114,Raichur,16.212,77.3439,24.97,63.93,2.07,4.9562
20210115,Raichur,16.212,77.3439,25.2,63.02,2.21,4.8365
20210116,Raichur,16.212,77.3439,25.46,62.13,2.59,3.6905
20210117,Raichur,16.212,77.3439,25.52,60.76,2.95,4.9774
20210118,Raichur,16.212,77.3439,24.91,61.55,2.92,4.9421
20210119,Raichur,16.212,77.3439,24.84,62.04,2.23,5.0897
20210120,Raichur,16.212,77.3439,25.08,56.19,1.58,5.4245
20210121,Raichur,16.212,77.3439,25.4,51.69,1.13,5.3561
20210122,Raichur,16.212,77.3439,25.3,54.49,2.06,4.8631
20210123,Raichur,16.212,77.3439,25.51,57.23,2.18,5.0947
20210124,Raichur,16.212,77.3439,25.38,54.44,1.8,5.3952
20210125,Raichur,16.212,77.3439,24.85,51.0,1.68,5.5308
20210126,Raichur,16.212,77.3439,24.85,49.38,1.94,5.6746
20210127,Raichur,16.212,77.3439,24.75,48.61,2.53,5.1998
20210128,Raichur,16.212,77.3439,24.88,57.73,2.87,5.1151
20210129,Raichur,16.212,77.3439,25.7,54.55,2.82,5.0534
20210130,Raichur,16.212,77.3439,26.08,50.96,2.23,5.5037
20210131,Raichur,16.212,77.3439,25.59,51.89,2.45,5.3926
20210201,Raichur,16.212,77.3439,25.29,56.18,3.01,4.7659
20210202,Raichur,16.212,77.3439,24.8,52.67,2.55,5.381
20210203,Raichur,16.212,77.3439,24.48,51.17,2.36,5.5963
20210204,Raichur,16.212,77.3439,24.17,49.12,2.64,5.7998
20210205,Raichur,16.212,77.3439,24.25,46.86,2.08,5.8325
20210206,Raichur,16.212,77.3439,24.17,49.68,2.21,5.9138
20210207,Raichur,16.212,77.3439,23.79,46.81,2.93,5.9131
20210208,Raichur,16.212,77.3439,23.14,34.91,2.77,5.9498
20210209,Raichur,16.212,77.3439,24.02,50.52,2.2,6.0067
20210210,Raichur,16.212,77.3439,24.22,47.22,1.92,6.011
20210211,Raichur,16.212,77.3439,24.43,50.24,2.71,6.0617
20210212,Raichur,16.212,77.3439,24.81,49.05,2.55,5.9705
20210213,Raichur,16.212,77.3439,24.69,45.61,2.73,6.0979
20210214,Raichur,16.212,77.3439,24.75,43.67,2.24,6.288
20210215,Raichur,16.212,77.3439,25.3,42.59,1.94,6.1968
20210216,Raichur,16.212,77.3439,25.69,40.36,2.75,6.097
20210217,Raichur,16.212,77.3439,25.36,42.57,2.89,5.9376
20210218,Raichur,16.212,77.3439,25.51,51.76,3.4,5.3561
20210219,Raichur,16.212,77.3439,24.36,56.54,3.03,2.849
20210220,Raichur,16.212,77.3439,24.46,54.95,3.31,5.1478
20210221,Raichur,16.212,77.3439,24.47,61.6,2.98,4.933
20210222,Raichur,16.212,77.3439,25.5,55.25,1.92,5.5042
20210223,Raichur,16.212,77.3439,26.88,47.22,2.2,6.1742
20210224,Raichur,16.212,77.3439,26.82,41.32,1.69,6.3785
20210225,Raichur,16.212,77.3439,27.59,38.41,1.23,6.5206
20210226,Raichur,16.212,77.3439,28.08,32.83,1.15,6.2683
20210227,Raichur,16.212,77.3439,28.6,33.0,1.43,5.9098
20210228,Raichur,16.212,77.3439,28.24,29.55,2.39,6.4711
20210301,Raichur,16.212,77.3439,28.36,35.0,2.06,6.2359
20210302,Raichur,16.212,77.3439,28.93,35.21,2.74,6.2078
20210303,Raichur,16.212,77.3439,28.53,31.36,2.92,6.6394
20210304,Raichur,16.212,77.3439,27.95,32.53,2.69,6.8436
20210305,Raichur,16.212,77.3439,27.57,28.01,2.33,7.0183
20210306,Raichur,16.212,77.3439,28.44,29.24,1.4,6.8345
20210307,Raichur,16.212,77.3439,28.06,31.9,2.25,6.7126
20210308,Raichur,16.212,77.3439,28.67,28.99,3.3,6.8095
20210309,Raichur,16.212,77.3439,28.2,41.09,3.36,6.7774
20210310,Raichur,16.212,77.3439,28.36,34.82,3.14,6.9154
20210311,Raichur,16.212,77.3439,27.84,38.04,3.2,7.2216
20210312,Raichur,16.212,77.3439,27.76,34.26,3.29,7.2139
20210313,Raichur,16.212,77.3439,26.88,31.84,2.48,7.506
20210314,Raichur,16.212,77.3439,27.98,33.98,2.9,6.9881
20210315,Raichur,16.212,77.3439,28.47,30.78,2.55,7.0958
20210316,Raichur,16.212,77.3439,29.0,34.46,2.7,6.6602
20210317,Raichur,16.212,77.3439,29.94,32.59,2.65,5.9129
20210318,Raichur,16.212,77.3439,30.25,35.16,2.57,5.597
20210319,Raichur,16.212,77.3439,29.34,31.67,1.84,6.0026
20210320,Raichur,16.212,77.3439,29.61,33.7,2.42,6.3962
20210321,Raichur,16.212,77.3439,29.54,28.9,2.24,6.6967
20210322,Raichur,16.212,77.3439,30.59,31.54,2.86,5.1264
20210323,Raichur,16.212,77.3439,30.87,30.79,3.02,7.1088
20210324,Raichur,16.212,77.3439,30.24,32.32,2.22,6.8767
20210325,Raichur,16.212,77.3439,31.24,30.3,2.01,5.9333
20210326,Raichur,16.212,77.3439,31.99,28.08,2.12,6.0874
20210327,Raichur,16.212,77.3439,32.13,31.72,2.15,5.7173
20210328,Raichur,16.212,77.3439,32.44,28.55,1.76,6.2666
20210329,Raichur,16.212,77.3439,32.19,28.92,1.8,6.7531
20210330,Raichur,16.212,77.3439,32.12,24.32,1.99,6.6446
20210331,Raichur,16.212,77.3439,32.84,15.32,2.07,7.4734
20210401,Raichur,16.212,77.3439,31.93,16.39,2.53,7.4184
20210402,Raichur,16.212,77.3439,32.36,23.94,2.98,7.5631
20210403,Raichur,16.212,77.3439,32.62,19.21,1.53,7.4604
20210404,Raichur,16.212,77.3439,32.18,26.58,2.59,7.2341
20210405,Raichur,16.212,77.3439,32.48,32.91,2.35,6.174
20210406,Raichur,16.212,77.3439,32.09,38.34,3.14,6.2861
20210407,Raichur,16.212,77.3439,32.71,32.27,2.63,6.2455
20210408,Raichur,16.212,77.3439,32.16,25.75,1.97,5.2546
20210409,Raichur,16.212,77.3439,32.53,28.3,2.12,6.4805
20210410,Raichur,16.212,77.3439,31.77,38.51,2.84,5.8495
20210411,Raichur,16.212,77.3439,31.51,38.28,3.1,6.8282
20210412,Raichur,16.212,77.3439,32.56,35.9,2.61,6.6007
20210413,Raichur,16.212,77.3439,31.96,40.79,2.35,6.4733
20210414,Raichur,16.212,77.3439,30.84,46.79,2.09,6.3221
20210415,Raichur,16.212,77.3439,30.41,53.28,1.06,6.9998
20210416,Raichur,16.212,77.3439,30.89,48.11,1.72,6.8981
20210417,Raichur,16.212,77.3439,31.82,42.11,2.07,6.5537
20210418,Raichur,16.212,77.3439,32.73,39.51,2.36,5.9489
20210419,Raichur,16.212,77.3439,33.43,38.74,2.13,6.3086
20210420,Raichur,16.212,77.3439,34.0,34.75,2.32,6.6492
20210421,Raichur,16.212,77.3439,33.65,36.94,1.92,5.9722
20210422,Raichur,16.212,77.3439,34.29,36.88,2.14,6.1512
20210423,Raichur,16.212,77.3439,30.75,50.57,2.38,5.675
20210424,Raichur,16.212,77.3439,31.53,48.36,1.63,6.245
20210425,Raichur,16.212,77.3439,32.93,41.15,2.65,6.5122
20210426,Raichur,16.212,77.3439,32.0,41.19,2.24,6.642
20210427,Raichur,16.212,77.3439,32.42,35.52,1.23,6.7795
20210428,Raichur,16.212,77.3439,32.93,38.42,1.98,5.8104
20210429,Raichur,16.212,77.3439,33.69,33.82,2.34,6.515
20210430,Raichur,16.212,77.3439,33.65,33.03,2.15,6.7514
20210501,Raichur,16.212,77.3439,33.0,37.31,3.44,6.2052
20210502,Raichur,16.212,77.3439,32.88,39.9,2.74,6.8278
20210503,Raichur,16.212,77.3439,33.18,35.26,2.73,7.1153
20210504,Raichur,16.212,77.3439,33.1,39.19,2.4,5.5819
20210505,Raichur,16.212,77.3439,34.35,35.32,2.88,6.5446
20210506,Raichur,16.212,77.3439,34.18,38.96,3.66,6.8472
20210507,Raichur,16.212,77.3439,34.4,37.76,3.37,6.2664
20210508,Raichur,16.212,77.3439,34.09,39.26,3.4,6.8047
20210509,Raichur,16.212,77.3439,34.38,37.89,2.32,6.5698
20210510,Raichur,16.212,77.3439,34.31,41.44,2.52,5.8255
20210511,Raichur,16.212,77.3439,31.0,58.33,1.69,5.2577
20210512,Raichur,16.212,77.3439,33.03,50.94,2.17,6.5544
20210513,Raichur,16.212,77.3439,30.05,62.92,2.46,5.5685
20210514,Raichur,16.212,77.3439,28.82,69.19,1.75,6.3475
20210515,Raichur,16.212,77.3439,29.68,64.64,5.13,5.73
20210516,Raichur,16.212,77.3439,29.55,65.07,5.33,5.6496
20210517,Raichur,16.212,77.3439,30.63,60.06,3.62,6.5813
20210518,Raichur,16.212,77.3439,30.07,61.4,3.09,6.6701
20210519,Raichur,16.212,77.3439,30.28,61.65,3.28,6.4591
20210520,Raichur,16.212,77.3439,29.91,62.6,3.34,5.5037
20210521,Raichur,16.212,77.3439,27.55,73.17,3.63,5.6162
20210522,Raichur,16.212,77.3439,29.43,63.39,3.33,5.8462
20210523,Raichur,16.212,77.3439,30.13,61.61,3.97,6.4315
20210524,Raichur,16.212,77.3439,29.68,63.35,3.8,3.641
20210525,Raichur,16.212,77.3439,31.13,58.09,4.54,5.7521
20210526,Raichur,16.212,77.3439,31.57,55.01,4.96,6.3408
20210527,Raichur,16.212,77.3439,30.91,54.89,5.72,7.1023
20210528,Raichur,16.212,77.3439,31.17,55.66,4.51,6.211
20210529,Raichur,16.212,77.3439,31.86,51.3,4.04,6.6542
20210530,Raichur,16.212,77.3439,31.56,54.28,3.57,6.5918
20210531,Raichur,16.212,77.3439,31.52,55.57,3.42,6.7452
20210601,Raichur,16.212,77.3439,30.92,56.95,2.78,7.0896
20210602,Raichur,16.212,77.3439,30.73,60.64,2.18,6.3562
20210603,Raichur,16.212,77.3439,28.36,73.77,1.06,4.476
20210604,Raichur,16.212,77.3439,27.99,74.32,1.12,5.8901
20210605,Raichur,16.212,77.3439,28.84,66.44,2.3,6.617
20210606,Raichur,16.212,77.3439,28.95,67.24,2.43,6.2275
20210607,Raichur,16.212,77.3439,29.37,61.27,4.0,7.3142
20210608,Raichur,16.212,77.3439,30.09,58.67,4.17,7.4311
20210609,Raichur,16.212,77.3439,29.34,62.47,5.11,5.0239
20210610,Raichur,16.212,77.3439,28.49,62.77,5.65,4.7808
20210611,Raichur,16.212,77.3439,28.83,52.22,6.24,4.9728
20210612,Raichur,16.212,77.3439,25.99,68.73,6.27,5.6818
20210613,Raichur,16.212,77.3439,27.19,66.28,6.33,5.0309
20210614,Raichur,16.212,77.3439,27.26,65.29,5.02,3.978
20210615,Raichur,16.212,77.3439,27.95,61.29,5.6,4.6344
20210616,Raichur,16.212,77.3439,27.39,69.15,5.8,4.2691
20210617,Raichur,16.212,77.3439,28.23,68.73,6.09,5.0321
20210618,Raichur,16.212,77.3439,28.37,67.36,5.97,4.7729
20210619,Raichur,16.212,77.3439,27.4,70.62,5.41,3.9377
20210620,Raichur,16.212,77.3439,28.18,64.95,5.79,6.2674
20210621,Raichur,16.212,77.3439,29.11,63.37,4.45,6.3734
20210622,Raichur,16.212,77.3439,28.94,62.08,4.65,6.1886
20210623,Raichur,16.212,77.3439,28.3,64.7,4.43,5.4271
20210624,Raichur,16.212,77.3439,27.79,66.62,5.06,4.2655
20210625,Raichur,16.212,77.3439,28.72,60.84,4.74,4.6171
20210626,Raichur,16.212,77.3439,27.89,67.34,4.35,5.1857
20210627,Raichur,16.212,77.3439,25.18,79.15,5.38,1.5881
20210628,Raichur,16.212,77.3439,26.88,75.24,2.74,4.3673
20210629,Raichur,16.212,77.3439,28.92,67.69,2.76,6.8614
20210630,Raichur,16.212,77.3439,29.75,66.2,3.23,7.2346
20210701,Raichur,16.212,77.3439,28.31,71.64,3.19,5.1583
20210702,Raichur,16.212,77.3439,26.4,76.43,3.19,3.4906
20210703,Raichur,16.212,77.3439,28.69,66.47,3.6,5.4751
20210704,Raichur,16.212,77.3439,28.56,69.07,3.29,5.4444
20210705,Raichur,16.212,77.3439,27.63,73.77,3.04,4.4964
20210706,Raichur,16.212,77.3439,27.3,78.72,2.28,5.7226
20210707,Raichur,16.212,77.3439,28.03,74.7,1.65,5.4271
20210708,Raichur,16.212,77.3439,26.4,81.2,2.62,3.6576
20210709,Raichur,16.212,77.3439,27.2,76.61,2.82,4.7976
20210710,Raichur,16.212,77.3439,25.81,73.98,4.27,3.4303
20210711,Raichur,16.212,77.3439,25.38,77.74,4.87,2.5226
20210712,Raichur,16.212,77.3439,25.98,78.45,3.82,3.7342
20210713,Raichur,16.212,77.3439,25.39,77.81,4.39,3.6422
20210714,Raichur,16.212,77.3439,25.82,79.39,4.47,3.5698
20210715,Raichur,16.212,77.3439,27.26,78.7,3.42,3.4798
20210716,Raichur,16.212,77.3439,27.57,75.37,4.34,4.3354
20210717,Raichur,16.212,77.3439,27.23,78.55,3.53,4.7556
20210718,Raichur,16.212,77.3439,26.13,85.8,4.43,3.947
20210719,Raichur,16.212,77.3439,26.99,74.96,5.55,4.6409
20210720,Raichur,16.212,77.3439,26.95,75.65,5.03,4.1462
20210721,Raichur,16.212,77.3439,25.7,78.07,5.87,1.6781
20210722,Raichur,16.212,77.3439,24.77,85.05,6.78,1.3598
20210723,Raichur,16.212,77.3439,26.12,80.23,5.72,4.2454
20210724,Raichur,16.212,77.3439,27.61,74.73,4.99,4.9658
20210725,Raichur,16.212,77.3439,27.62,75.75,5.05,5.4578
20210726,Raichur,16.212,77.3439,27.26,75.09,5.16,5.5531
20210727,Raichur,16.212,77.3439,27.13,72.96,5.09,5.7535
20210728,Raichur,16.212,77.3439,27.41,70.99,5.1,5.0743
20210729,Raichur,16.212,77.3439,26.56,73.64,5.69,3.6415
20210730,Raichur,16.212,77.3439,26.43,76.14,4.6,4.5946
20210731,Raichur,16.212,77.3439,25.83,77.87,4.8,2.9242
20210801,Raichur,16.212,77.3439,27.61,70.15,5.38,4.651
20210802,Raichur,16.212,77.3439,27.28,70.23,5.05,4.6913
20210803,Raichur,16.212,77.3439,27.36,71.26,4.82,5.0962
20210804,Raichur,16.212,77.3439,27.83,70.81,5.21,4.6502
20210805,Raichur,16.212,77.3439,27.82,70.37,4.97,4.6435
20210806,Raichur,16.212,77.3439,28.29,69.45,4.78,5.5054
20210807,Raichur,16.212,77.3439,28.13,71.56,3.24,6.1116
20210808,Raichur,16.212,77.3439,28.45,71.52,2.42,5.9558
20210809,Raichur,16.212,77.3439,28.56,71.32,2.36,6.2453
20210810,Raichur,16.212,77.3439,28.4,71.09,2.85,5.5735
20210811,Raichur,16.212,77.3439,27.1,74.58,3.16,6.0466
20210812,Raichur,16.212,77.3439,27.14,74.35,2.9,5.095
20210813,Raichur,16.212,77.3439,27.19,72.4,3.52,4.2571
20210814,Raichur,16.212,77.3439,27.21,71.51,4.06,5.2298
20210815,Raichur,16.212,77.3439,26.44,73.22,4.18,4.787
20210816,Raichur,16.212,77.3439,25.88,75.11,3.85,3.1354
20210817,Raichur,16.212,77.3439,26.72,71.26,3.35,2.2445
20210818,Raichur,16.212,77.3439,27.27,66.58,3.71,4.5624
20210819,Raichur,16.212,77.3439,26.99,71.42,3.68,4.9147
20210820,Raichur,16.212,77.3439,26.25,73.14,2.98,4.4935
20210821,Raichur,16.212,77.3439,25.71,75.04,2.86,3.9252
20210822,Raichur,16.212,77.3439,27.38,71.08,1.66,6.5191
20210823,Raichur,16.212,77.3439,27.3,76.49,1.31,6.0706
20210824,Raichur,16.212,77.3439,27.87,74.78,1.93,6.2011
20210825,Raichur,16.212,77.3439,26.76,78.0,2.92,6.0622
20210826,Raichur,16.212,77.3439,26.6,79.39,2.35,4.9032
20210827,Raichur,16.212,77.3439,26.89,77.66,2.22,4.1155
20210828,Raichur,16.212,77.3439,26.17,75.99,3.67,2.5162
20210829,Raichur,16.212,77.3439,25.78,79.5,3.7,4.2034
20210830,Raichur,16.212,77.3439,24.88,78.7,3.75,2.4391
20210831,Raichur,16.212,77.3439,25.67,77.41,2.58,2.749
20210901,Raichur,16.212,77.3439,27.26,72.2,1.64,4.8838
20210902,Raichur,16.212,77.3439,27.47,72.73,1.69,5.1708
20210903,Raichur,16.212,77.3439,26.42,80.43,3.11,3.7435
20210904,Raichur,16.212,77.3439,25.91,82.17,2.77,4.6529
20210905,Raichur,16.212,77.3439,24.59,85.9,2.7,4.8084
20210906,Raichur,16.212,77.3439,25.47,82.12,3.6,2.9026
20210907,Raichur,16.212,77.3439,24.95,81.04,4.38,3.0938
20210908,Raichur,16.212,77.3439,26.42,74.74,4.72,4.387
20210909,Raichur,16.212,77.3439,26.66,76.0,3.88,5.015
20210910,Raichur,16.212,77.3439,27.26,73.79,4.05,5.1823
20210911,Raichur,16.212,77.3439,27.05,76.34,3.77,4.121
20210912,Raichur,16.212,77.3439,26.43,77.92,4.01,4.0027
20210913,Raichur,16.212,77.3439,26.44,80.08,3.97,3.569
20210914,Raichur,16.212,77.3439,27.3,76.15,4.06,4.879
20210915,Raichur,16.212,77.3439,27.25,74.79,3.36,5.0878
20210916,Raichur,16.212,77.3439,27.13,73.98,3.22,5.723
20210917,Raichur,16.212,77.3439,27.66,71.22,2.78,5.7806
20210918,Raichur,16.212,77.3439,27.59,68.57,2.36,5.4612
20210919,Raichur,16.212,77.3439,27.29,72.29,1.54,5.6501
20210920,Raichur,16.212,77.3439,27.92,71.31,1.62,5.4742
20210921,Raichur,16.212,77.3439,25.14,86.18,3.13,4.8007
20210922,Raichur,16.212,77.3439,26.24,78.73,3.3,5.0794
20210923,Raichur,16.212,77.3439,25.21,85.02,2.43,3.7466
20210924,Raichur,16.212,77.3439,26.2,76.29,2.53,4.727
20210925,Raichur,16.212,77.3439,26.88,79.04,2.11,5.141
20210926,Raichur,16.212,77.3439,26.51,79.31,2.71,4.6594
20210927,Raichur,16.212,77.3439,24.23,84.6,4.49,2.0599
20210928,Raichur,16.212,77.3439,25.93,71.04,4.41,3.709
20210929,Raichur,16.212,77.3439,26.42,68.79,2.45,4.9654
20210930,Raichur,16.212,77.3439,27.14,73.18,1.5,5.6945
20211001,Raichur,16.212,77.3439,26.58,79.71,0.8,5.7574
20211002,Raichur,16.212,77.3439,27.09,74.76,2.06,6.1133
20211003,Raichur,16.212,77.3439,27.78,73.61,1.75,5.9503
20211004,Raichur,16.212,77.3439,27.63,75.67,1.66,6.007
20211005,Raichur,16.212,77.3439,27.19,79.13,1.49,5.6422
20211006,Raichur,16.212,77.3439,27.09,79.99,2.27,5.2514
20211007,Raichur,16.212,77.3439,27.86,77.06,1.58,5.5673
20211008,Raichur,16.212,77.3439,27.37,82.1,1.31,5.3069
20211009,Raichur,16.212,77.3439,25.39,86.84,2.54,4.5422
20211010,Raichur,16.212,77.3439,25.36,87.19,1.93,4.3159
20211011,Raichur,16.212,77.3439,25.87,86.07,1.4,5.2392
20211012,Raichur,16.212,77.3439,26.3,77.24,1.14,5.7007
20211013,Raichur,16.212,77.3439,26.39,76.44,1.06,5.6988
20211014,Raichur,16.212,77.3439,26.28,80.32,1.13,5.0141
20211015,Raichur,16.212,77.3439,26.51,76.36,1.29,5.0522
20211016,Raichur,16.212,77.3439,26.33,81.74,1.58,4.0536
20211017,Raichur,16.212,77.3439,26.75,79.34,2.04,5.0983
20211018,Raichur,16.212,77.3439,26.36,74.46,2.47,5.7917
20211019,Raichur,16.212,77.3439,26.1,78.95,2.26,5.0986
20211020,Raichur,16.212,77.3439,26.06,78.9,1.41,5.4706
20211021,Raichur,16.212,77.3439,25.8,72.7,1.82,5.4427
20211022,Raichur,16.212,77.3439,25.25,69.61,1.8,5.0875
20211023,Raichur,16.212,77.3439,25.22,72.43,1.57,5.2178
20211024,Raichur,16.212,77.3439,25.41,76.43,0.97,4.0435
20211025,Raichur,16.212,77.3439,25.43,71.38,1.69,5.3194
20211026,Raichur,16.212,77.3439,24.48,71.69,1.8,5.7391
20211027,Raichur,16.212,77.3439,24.36,70.49,2.58,5.6143
20211028,Raichur,16.212,77.3439,24.82,71.01,2.36,4.9942
20211029,Raichur,16.212,77.3439,24.74,83.29,2.37,4.122
20211030,Raichur,16.212,77.3439,25.78,81.85,2.15,3.9617
20211031,Raichur,16.212,77.3439,25.52,81.95,2.0,3.6182
20211101,Raichur,16.212,77.3439,25.27,77.23,2.42,4.0534
20211102,Raichur,16.212,77.3439,24.71,79.63,2.11,4.633
20211103,Raichur,16.212,77.3439,25.47,77.8,1.84,4.1935
20211104,Raichur,16.212,77.3439,25.6,79.4,1.95,4.3342
20211105,Raichur,16.212,77.3439,26.13,75.07,2.28,4.9003
20211106,Raichur,16.212,77.3439,26.0,72.86,2.09,5.189
20211107,Raichur,16.212,77.3439,25.41,73.27,1.9,4.6385
20211108,Raichur,16.212,77.3439,24.39,68.46,2.0,4.584
20211109,Raichur,16.212,77.3439,23.77,67.2,2.21,4.9474
20211110,Raichur,16.212,77.3439,23.55,66.67,2.05,4.4304
20211111,Raichur,16.212,77.3439,22.53,77.62,2.11,2.8488
20211112,Raichur,16.212,77.3439,23.82,82.07,3.31,2.9208
20211113,Raichur,16.212,77.3439,25.31,82.9,1.9,3.0804
20211114,Raichur,16.212,77.3439,26.4,78.7,2.01,3.5803
20211115,Raichur,16.212,77.3439,26.89,77.34,2.14,3.4219
20211116,Raichur,16.212,77.3439,26.43,79.15,2.75,3.133
20211117,Raichur,16.212,77.3439,26.13,79.58,2.77,3.0218
20211118,Raichur,16.212,77.3439,24.48,85.5,1.64,2.525
20211119,Raichur,16.212,77.3439,24.63,86.0,3.15,2.6501
20211120,Raichur,16.212,77.3439,25.86,80.07,2.71,3.0859
20211121,Raichur,16.212,77.3439,25.64,80.66,2.98,2.7749
20211122,Raichur,16.212,77.3439,26.36,77.36,1.58,4.6716
20211123,Raichur,16.212,77.3439,26.74,75.67,1.44,5.0585
20211124,Raichur,16.212,77.3439,26.48,77.63,1.8,4.3174
20211125,Raichur,16.212,77.3439,26.43,74.59,2.3,4.9742
20211126,Raichur,16.212,77.3439,25.35,70.81,1.9,4.7011
20211127,Raichur,16.212,77.3439,23.25,69.67,2.04,3.7622
20211128,Raichur,16.212,77.3439,22.6,75.81,2.11,3.4346
20211129,Raichur,16.212,77.3439,23.67,83.53,2.8,2.1847
20211130,Raichur,16.212,77.3439,23.85,79.09,2.54,3.3343
20211201,Raichur,16.212,77.3439,24.41,75.08,2.31,4.4249
20211202,Raichur,16.212,77.3439,24.59,74.67,1.66,3.8957
20211203,Raichur,16.212,77.3439,24.5,73.4,1.46,3.5702
20211204,Raichur,16.212,77.3439,24.7,71.23,1.33,4.4582
20211205,Raichur,16.212,77.3439,25.27,72.04,1.2,4.488
20211206,Raichur,16.212,77.3439,25.49,69.34,1.27,5.0364
20211207,Raichur,16.212,77.3439,24.21,65.87,1.89,4.973
20211208,Raichur,16.212,77.3439,24.1,70.14,1.52,4.4177
20211209,Raichur,16.212,77.3439,25.78,72.83,2.1,3.883
20211210,Raichur,16.212,77.3439,24.57,73.82,2.08,2.9801
20211211,Raichur,16.212,77.3439,24.2,74.25,2.06,4.5295
20211212,Raichur,16.212,77.3439,24.58,72.36,2.05,4.146
20211213,Raichur,16.212,77.3439,23.93,74.65,2.06,4.0644
20211214,Raichur,16.212,77.3439,23.24,77.76,2.04,3.5486
20211215,Raichur,16.212,77.3439,22.94,77.95,2.02,3.5038
20211216,Raichur,16.212,77.3439,23.01,69.21,1.69,4.5238
20211217,Raichur,16.212,77.3439,22.09,67.76,1.29,4.6622
20211218,Raichur,16.212,77.3439,20.5,64.06,1.81,4.9805
20211219,Raichur,16.212,77.3439,20.06,62.9,1.62,4.968
20211220,Raichur,16.212,77.3439,19.87,62.75,1.67,4.5941
20211221,Raichur,16.212,77.3439,20.32,56.35,0.96,4.6409
20211222,Raichur,16.212,77.3439,20.98,54.59,1.1,4.8319
20211223,Raichur,16.212,77.3439,21.7,60.08,1.23,4.8139
20211224,Raichur,16.212,77.3439,21.9,57.87,1.67,4.8228
20211225,Raichur,16.212,77.3439,22.77,62.08,1.33,4.7522
20211226,Raichur,16.212,77.3439,23.23,64.42,1.79,4.8254
20211227,Raichur,16.212,77.3439,23.85,64.83,2.4,4.2511
20211228,Raichur,16.212,77.3439,23.45,64.23,2.65,4.8329
20211229,Raichur,16.212,77.3439,23.35,61.44,2.85,4.788
20211230,Raichur,16.212,77.3439,23.37,61.16,3.05,5.0887
20211231,Raichur,16.212,77.3439,24.03,63.2,3.38,4.4623
20220101,Raichur,16.212,77.3439,24.68,61.99,2.69,4.6116
20220102,Raichur,16.212,77.3439,24.59,62.77,2.29,4.2067
20220103,Raichur,16.212,77.3439,24.4,62.59,1.96,4.6666
20220104,Raichur,16.212,77.3439,23.48,61.22,2.09,4.7446
20220105,Raichur,16.212,77.3439,22.76,58.68,2.07,4.8598
20220106,Raichur,16.212,77.3439,23.3,57.68,2.36,5.19
20220107,Raichur,16.212,77.3439,24.28,65.2,3.2,4.7196
20220108,Raichur,16.212,77.3439,24.86,63.39,2.78,3.7476
20220109,Raichur,16.212,77.3439,25.12,62.29,2.53,3.8345
20220110,Raichur,16.212,77.3439,25.4,63.38,2.61,4.1124
20220111,Raichur,16.212,77.3439,25.99,59.58,2.74,3.8426
20220112,Raichur,16.212,77.3439,25.35,64.2,1.96,4.8374
20220113,Raichur,16.212,77.3439,24.42,71.16,1.87,4.6685
20220114,Raichur,16.212,77.3439,23.85,62.22,1.84,5.1302
20220115,Raichur,16.212,77.3439,24.32,60.28,1.39,4.6622
20220116,Raichur,16.212,77.3439,24.11,69.16,3.27,4.1664
20220117,Raichur,16.212,77.3439,23.96,69.66,2.44,4.2406
20220118,Raichur,16.212,77.3439,23.73,65.07,1.64,4.8794
20220119,Raichur,16.212,77.3439,22.88,57.81,1.64,5.3047
20220120,Raichur,16.212,77.3439,23.38,50.45,1.18,5.5601
20220121,Raichur,16.212,77.3439,24.48,46.38,1.78,5.6026
20220122,Raichur,16.212,77.3439,25.14,41.3,1.68,5.7125
20220123,Raichur,16.212,77.3439,24.62,49.61,2.63,5.5483
20220124,Raichur,16.212,77.3439,23.81,42.18,2.04,5.647
20220125,Raichur,16.212,77.3439,22.21,41.63,1.19,5.2397
20220126,Raichur,16.212,77.3439,23.56,56.55,1.77,4.9243
20220127,Raichur,16.212,77.3439,23.18,46.67,2.8,4.6152
20220128,Raichur,16.212,77.3439,22.18,40.23,2.69,5.6222
20220129,Raichur,16.212,77.3439,21.84,33.96,1.88,5.8224
20220130,Raichur,16.212,77.3439,23.5,45.62,1.1,5.6138
20220131,Raichur,16.212,77.3439,24.4,42.07,1.38,5.6263
20220201,Raichur,16.212,77.3439,24.92,51.66,1.57,5.627
20220202,Raichur,16.212,77.3439,25.54,50.59,1.47,5.567
20220203,Raichur,16.212,77.3439,25.8,49.47,2.36,5.568
20220204,Raichur,16.212,77.3439,24.42,35.27,2.12,6.1394
20220205,Raichur,16.212,77.3439,24.88,29.67,1.21,6.0547
20220206,Raichur,16.212,77.3439,25.79,56.02,2.6,5.8332
20220207,Raichur,16.212,77.3439,26.08,54.01,1.96,5.544
20220208,Raichur,16.212,77.3439,26.3,54.43,2.31,5.5128
20220209,Raichur,16.212,77.3439,26.1,57.36,2.8,5.3021
20220210,Raichur,16.212,77.3439,25.93,49.94,2.48,5.3006
20220211,Raichur,16.212,77.3439,26.43,45.06,3.06,5.0287
20220212,Raichur,16.212,77.3439,25.65,42.07,2.58,5.5985
20220213,Raichur,16.212,77.3439,24.96,47.84,2.32,5.8781
20220214,Raichur,16.212,77.3439,25.58,51.84,2.51,5.8546
20220215,Raichur,16.212,77.3439,26.44,50.36,2.16,4.8468
20220216,Raichur,16.212,77.3439,26.62,47.19,2.28,4.8278
20220217,Raichur,16.212,77.3439,27.54,45.12,2.49,4.9416
20220218,Raichur,16.212,77.3439,27.15,47.24,3.07,5.573
20220219,Raichur,16.212,77.3439,26.98,44.95,2.42,6.0096
20220220,Raichur,16.212,77.3439,27.69,45.16,1.89,6.1058
20220221,Raichur,16.212,77.3439,28.8,29.98,2.18,6.1651
20220222,Raichur,16.212,77.3439,28.37,43.74,2.62,6.0343
20220223,Raichur,16.212,77.3439,27.78,49.85,3.0,6.234
20220224,Raichur,16.212,77.3439,27.27,42.98,3.04,6.5712
20220225,Raichur,16.212,77.3439,26.91,37.76,3.16,6.7814
20220226,Raichur,16.212,77.3439,25.88,42.03,3.47,6.9919
20220227,Raichur,16.212,77.3439,25.81,45.89,2.93,6.9149
20220228,Raichur,16.212,77.3439,26.24,39.36,2.73,7.045
20220301,Raichur,16.212,77.3439,27.14,35.41,3.03,7.0303
20220302,Raichur,16.212,77.3439,27.04,34.24,2.88,6.997
20220303,Raichur,16.212,77.3439,27.79,35.52,3.08,6.7339
20220304,Raichur,16.212,77.3439,27.95,38.13,2.88,6.6662
20220305,Raichur,16.212,77.3439,27.95,36.48,2.7,6.3178
20220306,Raichur,16.212,77.3439,28.82,37.43,2.97,6.1018
20220307,Raichur,16.212,77.3439,28.52,39.66,3.37,6.5422
20220308,Raichur,16.212,77.3439,29.52,37.79,1.97,6.4836
20220309,Raichur,16.212,77.3439,30.52,32.13,2.28,6.3271
20220310,Raichur,16.212,77.3439,30.46,33.36,2.42,5.5903
20220311,Raichur,16.212,77.3439,30.75,28.23,2.47,5.6014
20220312,Raichur,16.212,77.3439,29.36,31.56,1.76,5.2315
20220313,Raichur,16.212,77.3439,30.31,31.29,2.5,5.706
20220314,Raichur,16.212,77.3439,30.42,25.31,2.28,6.3122
20220315,Raichur,16.212,77.3439,29.76,22.27,2.2,6.8366
20220316,Raichur,16.212,77.3439,30.19,24.09,1.78,6.8501
20220317,Raichur,16.212,77.3439,31.49,19.26,1.67,6.8758
20220318,Raichur,16.212,77.3439,31.76,24.6,2.02,6.6372
20220319,Raichur,16.212,77.3439,32.04,35.17,2.15,6.0444
20220320,Raichur,16.212,77.3439,31.93,40.75,2.16,5.4305
20220321,Raichur,16.212,77.3439,32.66,36.37,1.88,5.9028
20220322,Raichur,16.212,77.3439,33.14,31.46,2.16,5.2409
20220323,Raichur,16.212,77.3439,33.71,32.0,2.41,5.3206
20220324,Raichur,16.212,77.3439,33.15,36.56,2.34,5.5373
20220325,Raichur,16.212,77.3439,32.86,38.21,2.52,5.5224
20220326,Raichur,16.212,77.3439,33.05,35.4,1.91,5.7408
20220327,Raichur,16.212,77.3439,33.64,32.39,2.06,5.7691
20220328,Raichur,16.212,77.3439,34.04,32.37,1.82,5.8666
20220329,Raichur,16.212,77.3439,34.31,32.64,1.69,6.4363
20220330,Raichur,16.212,77.3439,33.66,29.72,1.44,6.6763
20220331,Raichur,16.212,77.3439,33.93,30.85,1.47,6.7022
20220401,Raichur,16.212,77.3439,34.01,32.68,2.44,6.6271
20220402,Raichur,16.212,77.3439,33.31,37.94,2.57,6.4486
20220403,Raichur,16.212,77.3439,32.93,32.95,2.34,6.295
20220404,Raichur,16.212,77.3439,33.94,31.92,2.84,5.989
20220405,Raichur,16.212,77.3439,33.68,32.31,3.27,6.3166
20220406,Raichur,16.212,77.3439,33.57,28.02,2.86,6.5086
20220407,Raichur,16.212,77.3439,33.64,27.11,2.9,6.3828
20220408,Raichur,16.212,77.3439,32.84,35.28,3.18,6.4925
20220409,Raichur,16.212,77.3439,32.79,40.15,2.89,5.4367
20220410,Raichur,16.212,77.3439,33.1,34.57,2.77,6.3413
20220411,Raichur,16.212,77.3439,32.82,34.85,2.88,5.7322
20220412,Raichur,16.212,77.3439,33.51,31.32,3.15,6.127
20220413,Raichur,16.212,77.3439,32.89,34.11,3.62,5.778
20220414,Raichur,16.212,77.3439,32.65,40.72,2.41,5.9311
20220415,Raichur,16.212,77.3439,33.79,35.9,1.45,3.3278
20220416,Raichur,16.212,77.3439,34.65,28.92,1.88,5.7142
20220417,Raichur,16.212,77.3439,33.93,35.58,2.23,5.6669
20220418,Raichur,16.212,77.3439,32.24,42.84,2.49,6.5105
20220419,Raichur,16.212,77.3439,33.18,39.53,2.31,6.6228
20220420,Raichur,16.212,77.3439,34.76,32.99,2.07,6.9211
20220421,Raichur,16.212,77.3439,34.71,34.45,2.21,6.3828
20220422,Raichur,16.212,77.3439,32.76,40.65,2.67,5.8042
20220423,Raichur,16.212,77.3439,31.62,43.93,2.2,5.9938
20220424,Raichur,16.212,77.3439,32.85,40.35,2.17,6.4762
20220425,Raichur,16.212,77.3439,33.65,38.54,1.07,6.5602
20220426,Raichur,16.212,77.3439,35.23,32.38,1.16,6.0348
20220427,Raichur,16.212,77.3439,35.55,29.93,2.42,6.7483
20220428,Raichur,16.212,77.3439,35.27,32.32,2.09,6.8767
20220429,Raichur,16.212,77.3439,35.62,32.31,1.74,6.8554
20220430,Raichur,16.212,77.3439,35.84,29.4,1.68,6.7255
20220501,Raichur,16.212,77.3439,35.24,24.27,1.82,7.2132
20220502,Raichur,16.212,77.3439,34.81,29.33,3.17,6.6727
20220503,Raichur,16.212,77.3439,36.0,29.79,3.1,6.8822
20220504,Raichur,16.212,77.3439,33.8,44.19,2.76,5.7874
20220505,Raichur,16.212,77.3439,33.31,46.22,1.77,5.5862
20220506,Raichur,16.212,77.3439,34.19,40.93,2.57,6.3089
20220507,Raichur,16.212,77.3439,34.59,38.75,2.84,6.4534
20220508,Raichur,16.212,77.3439,34.78,37.25,2.31,5.0659
20220509,Raichur,16.212,77.3439,35.61,33.81,2.2,4.9303
20220510,Raichur,16.212,77.3439,33.0,39.07,2.32,4.8629
20220511,Raichur,16.212,77.3439,32.13,49.29,2.95,1.9987
20220512,Raichur,16.212,77.3439,30.98,62.02,2.76,3.5035
20220513,Raichur,16.212,77.3439,30.73,63.12,3.06,6.0852
20220514,Raichur,16.212,77.3439,33.09,52.35,2.59,6.6655
20220515,Raichur,16.212,77.3439,32.52,54.06,2.73,6.5417
20220516,Raichur,16.212,77.3439,31.99,57.23,3.1,5.9246
20220517,Raichur,16.212,77.3439,29.53,69.62,1.99,4.0162
20220518,Raichur,16.212,77.3439,29.57,67.16,1.83,4.4364
20220519,Raichur,16.212,77.3439,28.03,77.83,1.46,3.767
20220520,Raichur,16.212,77.3439,28.64,71.45,3.15,3.8554
20220521,Raichur,16.212,77.3439,29.13,63.26,5.0,4.8324
20220522,Raichur,16.212,77.3439,29.99,60.05,5.49,6.9598
20220523,Raichur,16.212,77.3439,29.99,64.22,4.65,7.4009
20220524,Raichur,16.212,77.3439,30.69,61.29,3.61,7.3406
20220525,Raichur,16.212,77.3439,31.16,57.75,3.5,6.4536
20220526,Raichur,16.212,77.3439,30.91,57.35,3.22,7.0423
20220527,Raichur,16.212,77.3439,29.32,60.57,2.9,7.3915
20220528,Raichur,16.212,77.3439,30.38,55.39,4.0,7.5214
20220529,Raichur,16.212,77.3439,30.41,56.08,4.13,7.5936
20220530,Raichur,16.212,77.3439,30.96,57.54,3.49,7.3219
20220531,Raichur,16.212,77.3439,29.8,58.93,3.45,4.9937
20220601,Raichur,16.212,77.3439,28.31,64.03,2.42,6.6617
20220602,Raichur,16.212,77.3439,29.63,60.11,2.97,6.3046
20220603,Raichur,16.212,77.3439,30.72,56.8,4.37,6.5916
20220604,Raichur,16.212,77.3439,30.07,57.44,3.17,6.503
20220605,Raichur,16.212,77.3439,29.14,60.97,3.29,6.2004
20220606,Raichur,16.212,77.3439,27.89,69.57,3.0,4.4938
20220607,Raichur,16.212,77.3439,29.16,61.79,4.03,5.8716
20220608,Raichur,16.212,77.3439,30.34,57.09,4.32,6.6458
20220609,Raichur,16.212,77.3439,30.54,56.89,4.51,6.8794
20220610,Raichur,16.212,77.3439,31.27,54.23,4.52,6.8986
20220611,Raichur,16.212,77.3439,30.61,54.09,5.09,6.7529
20220612,Raichur,16.212,77.3439,29.99,51.35,4.2,6.3634
20220613,Raichur,16.212,77.3439,31.04,50.05,3.82,5.5224
20220614,Raichur,16.212,77.3439,30.35,58.04,3.23,6.9372
20220615,Raichur,16.212,77.3439,26.85,71.93,3.26,4.2852
20220616,Raichur,16.212,77.3439,28.04,68.34,3.14,5.3124
20220617,Raichur,16.212,77.3439,27.77,72.95,2.45,6.0658
20220618,Raichur,16.212,77.3439,27.38,74.35,2.53,5.8747
20220619,Raichur,16.212,77.3439,28.02,70.06,3.13,5.4365
20220620,Raichur,16.212,77.3439,27.93,69.42,3.61,5.2409
20220621,Raichur,16.212,77.3439,27.81,69.44,4.75,5.0093
20220622,Raichur,16.212,77.3439,26.87,74.99,3.08,4.6315
20220623,Raichur,16.212,77.3439,28.74,66.81,3.36,5.5438
20220624,Raichur,16.212,77.3439,28.58,65.24,4.15,5.1346
20220625,Raichur,16.212,77.3439,27.84,68.21,4.01,4.4112
20220626,Raichur,16.212,77.3439,26.31,73.61,3.94,4.001
20220627,Raichur,16.212,77.3439,28.11,66.25,4.24,4.2521
20220628,Raichur,16.212,77.3439,26.98,72.35,3.66,4.6721
20220629,Raichur,16.212,77.3439,27.97,70.98,3.36,5.431
20220630,Raichur,16.212,77.3439,28.71,65.75,3.85,5.707
20220701,Raichur,16.212,77.3439,28.79,67.68,4.04,5.2886
20220702,Raichur,16.212,77.3439,28.03,70.8,4.04,4.8089
20220703,Raichur,16.212,77.3439,27.82,71.96,3.87,4.5175
20220704,Raichur,16.212,77.3439,27.49,71.18,4.16,3.8726
20220705,Raichur,16.212,77.3439,26.89,76.79,4.72,4.4321
20220706,Raichur,16.212,77.3439,26.9,75.58,3.72,2.8982
20220707,Raichur,16.212,77.3439,27.12,73.78,4.69,3.3667
20220708,Raichur,16.212,77.3439,26.5,74.94,5.55,2.5435
20220709,Raichur,16.212,77.3439,25.64,79.4,6.35,1.927
20220710,Raichur,16.212,77.3439,25.86,77.06,5.92,2.1835
20220711,Raichur,16.212,77.3439,26.24,75.33,6.59,2.3071
20220712,Raichur,16.212,77.3439,25.45,77.94,6.26,1.8578
20220713,Raichur,16.212,77.3439,24.84,80.54,7.23,1.5115
20220714,Raichur,16.212,77.3439,25.75,72.46,7.9,3.9785
20220715,Raichur,16.212,77.3439,27.3,68.72,6.26,4.559
20220716,Raichur,16.212,77.3439,27.15,73.71,4.72,4.7081
20220717,Raichur,16.212,77.3439,26.55,79.77,4.44,3.8657
20220718,Raichur,16.212,77.3439,26.01,77.74,4.89,3.2906
20220719,Raichur,16.212,77.3439,27.49,71.9,3.87,5.5392
20220720,Raichur,16.212,77.3439,28.02,71.71,3.41,6.331
20220721,Raichur,16.212,77.3439,27.25,74.92,3.11,5.993
20220722,Raichur,16.212,77.3439,26.34,78.49,3.32,3.2642
20220723,Raichur,16.212,77.3439,25.89,78.75,3.99,3.2318
20220724,Raichur,16.212,77.3439,26.42,74.65,3.79,3.9384
20220725,Raichur,16.212,77.3439,26.78,76.2,2.78,5.1917
20220726,Raichur,16.212,77.3439,25.53,82.52,2.47,3.2059
20220727,Raichur,16.212,77.3439,26.8,76.13,0.85,5.3057
20220728,Raichur,16.212,77.3439,27.46,73.11,0.93,6.3314
20220729,Raichur,16.212,77.3439,28.41,74.1,0.68,6.2419
20220730,Raichur,16.212,77.3439,28.12,77.63,1.0,6.5134
20220731,Raichur,16.212,77.3439,26.96,81.59,2.51,6.0106
20220801,Raichur,16.212,77.3439,26.46,87.32,2.61,4.127
20220802,Raichur,16.212,77.3439,26.17,88.49,2.49,4.8144
20220803,Raichur,16.212,77.3439,25.78,87.19,1.77,4.4402
20220804,Raichur,16.212,77.3439,25.66,86.52,2.01,4.5036
20220805,Raichur,16.212,77.3439,25.81,84.87,2.81,4.1729
20220806,Raichur,16.212,77.3439,25.25,86.1,4.06,4.447
20220807,Raichur,16.212,77.3439,25.29,84.14,4.33,3.5899
20220808,Raichur,16.212,77.3439,25.13,83.31,5.53,2.6873
20220809,Raichur,16.212,77.3439,25.5,78.21,6.2,3.7291
20220810,Raichur,16.212,77.3439,25.73,76.04,5.9,4.3375
20220811,Raichur,16.212,77.3439,26.05,76.78,5.05,4.1974
20220812,Raichur,16.212,77.3439,26.28,76.29,4.76,4.2242
20220813,Raichur,16.212,77.3439,25.7,77.23,4.18,4.254
20220814,Raichur,16.212,77.3439,24.41,82.11,3.95,2.1394
20220815,Raichur,16.212,77.3439,25.57,80.9,3.75,3.0936
20220816,Raichur,16.212,77.3439,26.52,77.63,3.21,5.9846
20220817,Raichur,16.212,77.3439,26.68,75.79,3.22,6.6389
20220818,Raichur,16.212,77.3439,26.6,78.03,3.32,6.2206
20220819,Raichur,16.212,77.3439,26.7,75.78,4.35,5.1132
20220820,Raichur,16.212,77.3439,26.79,75.65,4.4,5.6198
20220821,Raichur,16.212,77.3439,26.47,76.5,4.29,5.0628
20220822,Raichur,16.212,77.3439,26.89,75.4,4.56,4.4215
20220823,Raichur,16.212,77.3439,26.96,76.74,3.49,5.244
20220824,Raichur,16.212,77.3439,26.29,79.53,2.57,5.5039
20220825,Raichur,16.212,77.3439,24.99,84.32,2.91,5.8001
20220826,Raichur,16.212,77.3439,25.93,83.34,2.0,4.4618
20220827,Raichur,16.212,77.3439,25.54,81.79,2.41,5.2138
20220828,Raichur,16.212,77.3439,25.52,83.29,1.74,4.709
20220829,Raichur,16.212,77.3439,26.24,81.25,1.37,4.0867
20220830,Raichur,16.212,77.3439,26.16,83.88,1.74,5.2018
20220831,Raichur,16.212,77.3439,26.05,84.71,1.7,6.3122
20220901,Raichur,16.212,77.3439,26.19,82.26,1.39,5.7818
20220902,Raichur,16.212,77.3439,25.96,83.88,1.89,5.3366
20220903,Raichur,16.212,77.3439,27.33,78.47,0.89,6.5066
20220904,Raichur,16.212,77.3439,26.92,81.98,1.05,4.0901
20220905,Raichur,16.212,77.3439,26.66,81.54,0.95,6.005
20220906,Raichur,16.212,77.3439,26.74,78.46,0.74,6.0948
20220907,Raichur,16.212,77.3439,26.44,82.25,0.87,5.31
20220908,Raichur,16.212,77.3439,26.44,80.59,0.93,3.5702
20220909,Raichur,16.212,77.3439,25.33,87.03,2.03,4.1208
20220910,Raichur,16.212,77.3439,25.58,86.75,3.4,3.8801
20220911,Raichur,16.212,77.3439,25.0,86.13,3.93,3.005
20220912,Raichur,16.212,77.3439,25.65,82.79,4.7,3.7951
20220913,Raichur,16.212,77.3439,25.64,83.55,3.68,4.0102
20220914,Raichur,16.212,77.3439,26.03,82.3,3.13,4.6601
20220915,Raichur,16.212,77.3439,25.67,83.45,3.26,4.836
20220916,Raichur,16.212,77.3439,25.78,83.16,3.52,4.5552
20220917,Raichur,16.212,77.3439,26.42,80.69,3.14,5.4818
20220918,Raichur,16.212,77.3439,26.29,79.74,3.19,5.9268
20220919,Raichur,16.212,77.3439,25.02,80.72,3.58,4.0159
20220920,Raichur,16.212,77.3439,24.23,80.3,3.27,3.4025
20220921,Raichur,16.212,77.3439,23.39,85.07,3.09,4.7066
20220922,Raichur,16.212,77.3439,25.13,79.36,3.42,4.979
20220923,Raichur,16.212,77.3439,24.91,76.11,3.04,6.1051
20220924,Raichur,16.212,77.3439,25.57,77.64,2.66,6.0634
20220925,Raichur,16.212,77.3439,25.39,81.02,1.97,5.9921
20220926,Raichur,16.212,77.3439,25.84,83.0,1.55,5.1914
20220927,Raichur,16.212,77.3439,25.69,83.21,2.13,4.4626
20220928,Raichur,16.212,77.3439,25.66,84.61,1.98,3.9797
20220929,Raichur,16.212,77.3439,25.37,86.8,1.54,2.963
20220930,Raichur,16.212,77.3439,24.58,88.96,2.13,2.4458
20221001,Raichur,16.212,77.3439,24.9,87.75,1.98,3.7538
20221002,Raichur,16.212,77.3439,25.58,82.75,2.53,5.3683
20221003,Raichur,16.212,77.3439,25.91,81.78,2.8,5.2603
20221004,Raichur,16.212,77.3439,25.38,84.32,2.44,4.0236
20221005,Raichur,16.212,77.3439,24.46,88.84,2.35,4.5206
20221006,Raichur,16.212,77.3439,24.59,91.8,1.83,1.1136
20221007,Raichur,16.212,77.3439,25.31,85.59,2.95,3.3974
20221008,Raichur,16.212,77.3439,25.5,82.09,1.22,6.2222
20221009,Raichur,16.212,77.3439,25.37,85.23,1.1,3.4382
20221010,Raichur,16.212,77.3439,24.57,92.04,1.32,4.2938
20221011,Raichur,16.212,77.3439,25.83,86.78,2.53,4.5029
20221012,Raichur,16.212,77.3439,24.86,90.33,1.88,4.235
20221013,Raichur,16.212,77.3439,25.59,86.34,1.64,4.717
20221014,Raichur,16.212,77.3439,25.06,88.38,1.06,4.6711
20221015,Raichur,16.212,77.3439,24.89,89.62,2.04,3.9989
20221016,Raichur,16.212,77.3439,25.73,86.36,2.22,4.6656
20221017,Raichur,16.212,77.3439,25.8,86.3,1.92,5.7127
20221018,Raichur,16.212,77.3439,25.86,83.71,1.08,5.1511
20221019,Raichur,16.212,77.3439,26.05,82.95,0.8,4.9339
20221020,Raichur,16.212,77.3439,25.82,83.84,1.63,4.3224
20221021,Raichur,16.212,77.3439,25.55,83.79,1.71,4.5948
20221022,Raichur,16.212,77.3439,24.01,79.93,2.06,5.9678
20221023,Raichur,16.212,77.3439,21.01,77.75,2.17,6.155
20221024,Raichur,16.212,77.3439,21.5,75.21,1.86,6.131
20221025,Raichur,16.212,77.3439,22.0,71.47,1.43,6.1541
20221026,Raichur,16.212,77.3439,21.43,71.7,1.45,6.2544
20221027,Raichur,16.212,77.3439,22.21,76.65,1.36,5.8572
20221028,Raichur,16.212,77.3439,22.54,78.31,1.62,5.7005
20221029,Raichur,16.212,77.3439,22.61,78.06,2.13,5.7209
20221030,Raichur,16.212,77.3439,21.31,74.0,2.11,5.9734
20221031,Raichur,16.212,77.3439,21.29,74.85,1.85,5.8085
20221101,Raichur,16.212,77.3439,21.96,84.08,1.77,2.8855
20221102,Raichur,16.212,77.3439,23.13,85.89,1.94,3.5018
20221103,Raichur,16.212,77.3439,24.0,81.19,1.75,5.2114
20221104,Raichur,16.212,77.3439,24.31,80.3,1.9,4.5974
20221105,Raichur,16.212,77.3439,24.73,81.35,1.93,4.7743
20221106,Raichur,16.212,77.3439,24.3,80.46,2.0,5.5834
20221107,Raichur,16.212,77.3439,23.11,75.21,1.76,5.4965
20221108,Raichur,16.212,77.3439,22.92,72.42,1.51,5.4866
20221109,Raichur,16.212,77.3439,23.07,72.14,1.56,5.4058
20221110,Raichur,16.212,77.3439,22.88,74.09,2.21,5.1238
20221111,Raichur,16.212,77.3439,22.96,74.1,2.75,4.8386
20221112,Raichur,16.212,77.3439,23.09,74.73,3.06,4.5331
20221113,Raichur,16.212,77.3439,23.53,77.66,2.93,4.9152
20221114,Raichur,16.212,77.3439,24.41,78.15,2.25,4.4873
20221115,Raichur,16.212,77.3439,24.28,72.92,1.99,4.4227
20221116,Raichur,16.212,77.3439,22.12,67.54,1.48,5.2099
20221117,Raichur,16.212,77.3439,21.24,62.92,1.93,5.7043
20221118,Raichur,16.212,77.3439,21.01,64.6,1.87,4.7532
20221119,Raichur,16.212,77.3439,20.99,63.46,2.11,4.9553
20221120,Raichur,16.212,77.3439,20.67,65.79,1.93,4.6874
20221121,Raichur,16.212,77.3439,22.59,70.98,1.76,2.8133
20221122,Raichur,16.212,77.3439,24.47,78.26,1.76,4.2257
20221123,Raichur,16.212,77.3439,25.11,77.32,2.23,2.9134
20221124,Raichur,16.212,77.3439,25.88,74.58,2.05,4.0087
20221125,Raichur,16.212,77.3439,25.98,75.2,1.76,4.3896
20221126,Raichur,16.212,77.3439,25.92,72.41,1.68,4.4059
20221127,Raichur,16.212,77.3439,25.33,71.73,1.48,4.4323
20221128,Raichur,16.212,77.3439,24.88,71.93,1.71,4.0891
20221129,Raichur,16.212,77.3439,23.19,62.72,1.98,4.7623
20221130,Raichur,16.212,77.3439,21.78,62.14,1.52,5.1384
20221201,Raichur,16.212,77.3439,23.4,73.28,1.37,4.225
20221202,Raichur,16.212,77.3439,25.45,73.93,1.91,4.0738
20221203,Raichur,16.212,77.3439,26.0,72.44,2.35,4.6582
20221204,Raichur,16.212,77.3439,26.0,71.03,2.13,4.5991
20221205,Raichur,16.212,77.3439,25.45,68.62,2.1,4.1014
20221206,Raichur,16.212,77.3439,23.78,65.76,1.96,4.4954
20221207,Raichur,16.212,77.3439,23.2,58.62,2.38,3.9542
20221208,Raichur,16.212,77.3439,23.07,56.79,2.29,4.6032
20221209,Raichur,16.212,77.3439,21.97,59.41,2.82,4.0586
20221210,Raichur,16.212,77.3439,22.41,76.09,3.72,2.4026
20221211,Raichur,16.212,77.3439,24.4,79.82,2.95,1.8302
20221212,Raichur,16.212,77.3439,23.81,81.09,2.29,2.6863
20221213,Raichur,16.212,77.3439,24.01,80.39,2.61,3.0053
20221214,Raichur,16.212,77.3439,25.26,75.55,1.9,4.5948
20221215,Raichur,16.212,77.3439,25.56,69.82,1.91,5.1511
20221216,Raichur,16.212,77.3439,25.21,69.67,1.54,4.9678
20221217,Raichur,16.212,77.3439,25.52,69.62,1.75,4.1858
20221218,Raichur,16.212,77.3439,25.2,70.56,2.25,4.6906
20221219,Raichur,16.212,77.3439,23.75,67.47,1.72,4.9327
20221220,Raichur,16.212,77.3439,23.18,62.39,1.88,4.9783
20221221,Raichur,16.212,77.3439,23.31,62.16,1.72,4.9776
20221222,Raichur,16.212,77.3439,23.66,64.08,1.91,4.8938
20221223,Raichur,16.212,77.3439,23.85,58.86,1.83,5.095
20221224,Raichur,16.212,77.3439,23.35,57.72,1.99,5.1924
20221225,Raichur,16.212,77.3439,24.47,67.89,2.34,5.0842
20221226,Raichur,16.212,77.3439,26.37,70.37,2.95,3.7334
20221227,Raichur,16.212,77.3439,26.68,67.2,2.53,5.0837
20221228,Raichur,16.212,77.3439,27.28,61.36,1.69,4.9781
20221229,Raichur,16.212,77.3439,26.82,61.24,1.69,4.698
20221230,Raichur,16.212,77.3439,26.39,58.31,1.67,4.609
20221231,Raichur,16.212,77.3439,25.48,57.0,1.35,4.4686
20230101,Raichur,16.212,77.3439,25.12,57.29,1.47,4.547
20230102,Raichur,16.212,77.3439,25.21,60.28,2.69,4.6493
20230103,Raichur,16.212,77.3439,25.14,59.4,2.47,4.5706
20230104,Raichur,16.212,77.3439,24.97,59.15,3.21,4.9176
20230105,Raichur,16.212,77.3439,24.77,63.13,3.2,4.1278
20230106,Raichur,16.212,77.3439,24.47,63.19,3.14,3.4716
20230107,Raichur,16.212,77.3439,23.86,59.77,2.15,3.8582
20230108,Raichur,16.212,77.3439,22.5,38.04,2.15,5.4636
20230109,Raichur,16.212,77.3439,21.09,37.28,1.66,5.6309
20230110,Raichur,16.212,77.3439,22.04,51.88,1.71,5.5363
20230111,Raichur,16.212,77.3439,22.59,52.63,1.56,5.3842
20230112,Raichur,16.212,77.3439,23.34,48.32,1.33,5.377
20230113,Raichur,16.212,77.3439,23.33,51.8,1.23,5.3453
20230114,Raichur,16.212,77.3439,23.73,52.93,1.46,5.4674
20230115,Raichur,16.212,77.3439,23.55,48.43,2.34,5.5051
20230116,Raichur,16.212,77.3439,23.23,49.65,2.35,5.7574
20230117,Raichur,16.212,77.3439,23.36,51.01,2.48,5.7905
20230118,Raichur,16.212,77.3439,23.33,53.37,2.43,5.7026
20230119,Raichur,16.212,77.3439,23.61,53.97,2.61,5.621
20230120,Raichur,16.212,77.3439,23.63,55.76,2.58,5.4305
20230121,Raichur,16.212,77.3439,24.02,57.03,2.35,5.2565
20230122,Raichur,16.212,77.3439,24.29,57.41,2.57,5.3107
20230123,Raichur,16.212,77.3439,24.83,57.39,3.09,5.317
20230124,Raichur,16.212,77.3439,25.32,57.53,3.15,5.1566
20230125,Raichur,16.212,77.3439,24.56,52.23,3.24,5.4096
20230126,Raichur,16.212,77.3439,23.76,54.6,2.6,5.7446
20230127,Raichur,16.212,77.3439,24.19,53.73,2.93,5.7463
20230128,Raichur,16.212,77.3439,24.63,46.17,2.11,5.7214
20230129,Raichur,16.212,77.3439,24.74,52.81,3.33,5.5915
20230130,Raichur,16.212,77.3439,25.25,62.1,2.69,4.4177
20230131,Raichur,16.212,77.3439,26.0,55.05,2.49,4.5662
20230201,Raichur,16.212,77.3439,26.45,44.45,2.71,4.3126
20230202,Raichur,16.212,77.3439,26.03,38.86,3.13,5.2085
20230203,Raichur,16.212,77.3439,25.91,42.75,2.16,5.7334
20230204,Raichur,16.212,77.3439,27.0,49.72,1.54,5.8255
20230205,Raichur,16.212,77.3439,27.17,44.79,1.68,5.7744
20230206,Raichur,16.212,77.3439,26.99,45.56,1.94,5.599
20230207,Raichur,16.212,77.3439,26.82,47.43,1.27,4.891
20230208,Raichur,16.212,77.3439,27.41,42.9,1.74,5.388
20230209,Raichur,16.212,77.3439,27.04,38.68,1.68,5.8159
20230210,Raichur,16.212,77.3439,26.26,38.83,1.66,6.1433
20230211,Raichur,16.212,77.3439,26.43,38.27,1.72,6.4385
20230212,Raichur,16.212,77.3439,26.44,33.02,1.88,6.3998
20230213,Raichur,16.212,77.3439,26.22,21.46,2.51,6.6247
20230214,Raichur,16.212,77.3439,25.5,17.84,2.16,6.7637
20230215,Raichur,16.212,77.3439,25.52,17.09,2.13,6.7339
20230216,Raichur,16.212,77.3439,26.58,22.41,2.47,6.6991
20230217,Raichur,16.212,77.3439,26.18,32.88,1.83,6.4987
20230218,Raichur,16.212,77.3439,26.33,44.69,1.78,6.3977
20230219,Raichur,16.212,77.3439,26.86,47.05,2.31,6.3137
20230220,Raichur,16.212,77.3439,27.88,40.08,1.45,6.4529
20230221,Raichur,16.212,77.3439,27.74,32.61,1.68,6.5657
20230222,Raichur,16.212,77.3439,27.47,35.38,2.2,6.4298
20230223,Raichur,16.212,77.3439,27.37,35.89,2.37,6.4392
20230224,Raichur,16.212,77.3439,27.59,31.97,2.1,6.5256
20230225,Raichur,16.212,77.3439,27.63,30.66,2.3,6.5573
20230226,Raichur,16.212,77.3439,27.52,33.68,2.52,6.4764
20230227,Raichur,16.212,77.3439,26.88,38.51,2.82,6.4546
20230228,Raichur,16.212,77.3439,27.24,32.93,3.27,6.5803
20230301,Raichur,16.212,77.3439,27.23,33.99,3.11,6.4476
20230302,Raichur,16.212,77.3439,27.48,32.72,3.04,6.5042
20230303,Raichur,16.212,77.3439,27.86,32.21,2.57,5.9657
20230304,Raichur,16.212,77.3439,28.26,31.2,3.02,5.851
20230305,Raichur,16.212,77.3439,28.18,29.78,2.74,6.1284
20230306,Raichur,16.212,77.3439,28.19,29.68,2.53,6.1721
20230307,Raichur,16.212,77.3439,27.69,30.34,2.4,6.155
20230308,Raichur,16.212,77.3439,28.21,33.25,2.62,6.2916
20230309,Raichur,16.212,77.3439,26.95,38.87,2.2,5.9774
20230310,Raichur,16.212,77.3439,28.05,34.81,2.23,6.1697
20230311,Raichur,16.212,77.3439,28.55,39.29,3.22,6.1231
20230312,Raichur,16.212,77.3439,28.26,38.95,3.1,6.5712
20230313,Raichur,16.212,77.3439,28.47,32.12,2.39,6.6636
20230314,Raichur,16.212,77.3439,29.15,30.19,1.71,6.6082
20230315,Raichur,16.212,77.3439,29.09,35.76,2.89,5.2409
20230316,Raichur,16.212,77.3439,29.0,43.44,1.95,4.3339
20230317,Raichur,16.212,77.3439,27.29,57.64,3.06,4.597
20230318,Raichur,16.212,77.3439,27.07,65.21,2.56,4.9236
20230319,Raichur,16.212,77.3439,27.85,56.49,1.5,6.571
20230320,Raichur,16.212,77.3439,26.72,40.12,2.63,7.265
20230321,Raichur,16.212,77.3439,26.29,41.47,2.62,7.2773
20230322,Raichur,16.212,77.3439,28.78,36.14,1.14,6.8234
20230323,Raichur,16.212,77.3439,30.37,34.33,1.51,7.11
20230324,Raichur,16.212,77.3439,31.35,40.84,1.73,6.9458
20230325,Raichur,16.212,77.3439,31.86,45.18,2.82,5.9863
20230326,Raichur,16.212,77.3439,32.33,38.86,2.08,6.6178
20230327,Raichur,16.212,77.3439,32.04,31.41,2.08,7.2302
20230328,Raichur,16.212,77.3439,32.12,35.32,1.27,7.2336
20230329,Raichur,16.212,77.3439,32.76,39.94,2.44,6.9358
20230330,Raichur,16.212,77.3439,31.97,24.63,2.21,7.2576
20230331,Raichur,16.212,77.3439,31.16,35.4,2.75,7.0829
20230401,Raichur,16.212,77.3439,31.37,29.1,2.24,7.3812
20230402,Raichur,16.212,77.3439,31.12,24.88,2.08,7.4638
20230403,Raichur,16.212,77.3439,31.72,31.26,1.1,7.4388
20230404,Raichur,16.212,77.3439,32.06,35.62,1.54,7.3526
20230405,Raichur,16.212,77.3439,32.87,33.52,1.75,6.8594
20230406,Raichur,16.212,77.3439,33.15,38.42,3.12,4.7971
20230407,Raichur,16.212,77.3439,31.64,38.21,2.9,6.3434
20230408,Raichur,16.212,77.3439,32.09,36.38,3.07,7.1424
20230409,Raichur,16.212,77.3439,31.38,34.1,3.06,7.5706
20230410,Raichur,16.212,77.3439,31.79,29.88,2.61,7.6452
20230411,Raichur,16.212,77.3439,32.09,28.43,2.79,7.6013
20230412,Raichur,16.212,77.3439,33.17,22.9,2.9,7.2192
20230413,Raichur,16.212,77.3439,33.59,26.07,1.74,6.2321
20230414,Raichur,16.212,77.3439,33.14,28.05,1.91,5.3789
20230415,Raichur,16.212,77.3439,32.48,32.4,1.76,5.2589
20230416,Raichur,16.212,77.3439,32.68,31.35,1.4,6.6475
20230417,Raichur,16.212,77.3439,32.55,26.97,1.36,6.2726
20230418,Raichur,16.212,77.3439,32.68,22.49,2.57,7.2398
20230419,Raichur,16.212,77.3439,33.05,24.45,2.31,6.9276
20230420,Raichur,16.212,77.3439,32.75,22.69,1.45,6.6636
20230421,Raichur,16.212,77.3439,33.47,31.15,1.45,6.5153
20230422,Raichur,16.212,77.3439,33.88,33.24,2.34,6.4874
20230423,Raichur,16.212,77.3439,32.77,24.92,2.11,7.7746
20230424,Raichur,16.212,77.3439,33.06,40.68,3.19,7.2022
20230425,Raichur,16.212,77.3439,32.27,47.88,3.71,6.5069
20230426,Raichur,16.212,77.3439,29.15,65.31,2.0,7.3558
20230427,Raichur,16.212,77.3439,29.74,55.8,2.69,6.6331
20230428,Raichur,16.212,77.3439,28.61,66.94,1.58,4.3174
20230429,Raichur,16.212,77.3439,28.87,65.72,2.02,6.733
20230430,Raichur,16.212,77.3439,26.84,74.76,2.28,6.5998
20230501,Raichur,16.212,77.3439,28.46,69.85,1.49,6.9295
20230502,Raichur,16.212,77.3439,26.4,77.75,1.99,6.4658
20230503,Raichur,16.212,77.3439,28.39,68.93,1.25,6.205
20230504,Raichur,16.212,77.3439,28.77,69.33,1.74,6.6154
20230505,Raichur,16.212,77.3439,27.26,76.62,1.41,5.9743
20230506,Raichur,16.212,77.3439,28.1,73.34,0.98,6.3106
20230507,Raichur,16.212,77.3439,28.96,69.61,1.44,6.1226
20230508,Raichur,16.212,77.3439,29.41,70.45,1.15,6.1699
20230509,Raichur,16.212,77.3439,30.32,65.92,0.88,6.5477
20230510,Raichur,16.212,77.3439,31.18,62.29,1.72,6.3283
20230511,Raichur,16.212,77.3439,31.41,58.04,1.52,5.3774
20230512,Raichur,16.212,77.3439,31.82,55.74,1.97,6.1385
20230513,Raichur,16.212,77.3439,32.06,55.3,3.29,6.9053
20230514,Raichur,16.212,77.3439,31.01,54.29,4.05,7.5631
20230515,Raichur,16.212,77.3439,30.82,51.85,3.83,7.5919
20230516,Raichur,16.212,77.3439,31.04,49.47,3.29,7.727
20230517,Raichur,16.212,77.3439,31.24,45.68,2.53,7.7496
20230518,Raichur,16.212,77.3439,32.84,42.1,1.66,7.1618
20230519,Raichur,16.212,77.3439,32.81,45.68,1.56,6.731
20230520,Raichur,16.212,77.3439,32.44,50.95,1.44,6.87
20230521,Raichur,16.212,77.3439,32.64,51.91,1.65,6.7056
20230522,Raichur,16.212,77.3439,31.65,55.42,1.63,5.869
20230523,Raichur,16.212,77.3439,33.01,52.12,1.72,6.5563
20230524,Raichur,16.212,77.3439,32.83,50.44,2.15,6.8765
20230525,Raichur,16.212,77.3439,31.6,53.98,2.95,5.423
20230526,Raichur,16.212,77.3439,31.59,49.75,3.01,7.2156
20230527,Raichur,16.212,77.3439,32.69,44.38,3.04,7.2821
20230528,Raichur,16.212,77.3439,33.95,40.18,3.2,6.6797
20230529,Raichur,16.212,77.3439,35.11,36.48,1.74,6.001
20230530,Raichur,16.212,77.3439,31.18,56.99,2.3,3.8506
20230531,Raichur,16.212,77.3439,31.95,52.69,2.08,6.3622
20230601,Raichur,16.212,77.3439,32.56,49.83,2.77,6.1193
20230602,Raichur,16.212,77.3439,33.81,41.49,3.68,7.175
20230603,Raichur,16.212,77.3439,35.24,33.5,3.6,7.097
20230604,Raichur,16.212,77.3439,34.33,39.13,3.43,4.8187
20230605,Raichur,16.212,77.3439,34.71,35.81,3.21,6.8765
20230606,Raichur,16.212,77.3439,34.61,38.8,3.95,6.33
20230607,Raichur,16.212,77.3439,33.33,47.76,5.31,6.2995
20230608,Raichur,16.212,77.3439,32.47,52.61,4.37,6.8006
20230609,Raichur,16.212,77.3439,32.89,49.18,4.87,6.901
20230610,Raichur,16.212,77.3439,30.65,56.71,5.02,6.8402
20230611,Raichur,16.212,77.3439,31.11,55.9,4.69,7.02
20230612,Raichur,16.212,77.3439,31.93,51.72,4.89,7.3198
20230613,Raichur,16.212,77.3439,32.68,48.65,5.09,7.3046
20230614,Raichur,16.212,77.3439,33.05,46.31,5.51,7.0634
20230615,Raichur,16.212,77.3439,33.8,42.23,5.19,7.4513
20230616,Raichur,16.212,77.3439,33.59,43.45,5.05,7.3942
20230617,Raichur,16.212,77.3439,33.71,44.54,5.28,6.6029
20230618,Raichur,16.212,77.3439,32.59,45.54,4.11,6.7769
20230619,Raichur,16.212,77.3439,33.39,43.05,4.7,5.2596
20230620,Raichur,16.212,77.3439,33.35,43.17,3.9,6.4212
20230621,Raichur,16.212,77.3439,31.8,49.32,4.33,5.7538
20230622,Raichur,16.212,77.3439,29.18,60.0,4.03,5.2524
20230623,Raichur,16.212,77.3439,31.08,51.66,3.94,4.7489
20230624,Raichur,16.212,77.3439,30.03,55.9,4.39,3.8467
20230625,Raichur,16.212,77.3439,29.18,57.62,4.32,5.1552
20230626,Raichur,16.212,77.3439,29.25,57.25,4.84,4.5986
20230627,Raichur,16.212,77.3439,29.41,56.08,4.67,4.9054
20230628,Raichur,16.212,77.3439,29.85,51.04,5.46,5.0071
20230629,Raichur,16.212,77.3439,28.67,57.25,5.41,5.1038
20230630,Raichur,16.212,77.3439,29.46,55.9,5.94,5.6539
20230701,Raichur,16.212,77.3439,29.4,56.93,5.68,5.754
20230702,Raichur,16.212,77.3439,29.34,63.05,4.72,5.777
20230703,Raichur,16.212,77.3439,28.49,70.31,4.57,5.8502
20230704,Raichur,16.212,77.3439,27.22,78.56,4.32,5.2133
20230705,Raichur,16.212,77.3439,26.48,71.02,5.85,4.3927
20230706,Raichur,16.212,77.3439,26.48,66.62,5.66,3.8381
20230707,Raichur,16.212,77.3439,28.52,60.64,5.69,4.0594
20230708,Raichur,16.212,77.3439,28.8,61.02,5.35,3.7236
20230709,Raichur,16.212,77.3439,28.83,64.0,4.36,5.3467
20230710,Raichur,16.212,77.3439,30.07,59.09,4.67,5.113
20230711,Raichur,16.212,77.3439,29.46,57.47,4.5,4.1947
20230712,Raichur,16.212,77.3439,28.6,61.4,4.11,4.199
20230713,Raichur,16.212,77.3439,29.13,62.93,4.52,4.9994
20230714,Raichur,16.212,77.3439,29.11,62.06,4.88,5.2702
20230715,Raichur,16.212,77.3439,29.34,61.43,4.51,4.5295
20230716,Raichur,16.212,77.3439,27.48,70.49,4.2,4.0169
20230717,Raichur,16.212,77.3439,28.25,66.64,4.8,3.4318
20230718,Raichur,16.212,77.3439,26.75,74.98,5.83,1.7609
20230719,Raichur,16.212,77.3439,26.5,75.42,6.63,2.2918
20230720,Raichur,16.212,77.3439,26.82,71.89,6.55,1.199
20230721,Raichur,16.212,77.3439,26.08,74.4,5.8,1.7522
20230722,Raichur,16.212,77.3439,27.97,67.73,6.34,3.5002
20230723,Raichur,16.212,77.3439,27.81,69.84,5.72,3.5174
20230724,Raichur,16.212,77.3439,26.75,75.75,5.99,3.0053
20230725,Raichur,16.212,77.3439,26.06,78.55,5.74,2.2963
20230726,Raichur,16.212,77.3439,24.85,87.25,5.18,1.6001
20230727,Raichur,16.212,77.3439,24.8,86.15,6.18,1.4602
20230728,Raichur,16.212,77.3439,27.06,74.01,6.02,4.1642
20230729,Raichur,16.212,77.3439,27.3,74.65,5.32,4.0392
20230730,Raichur,16.212,77.3439,26.91,76.54,4.66,4.7232
20230731,Raichur,16.212,77.3439,27.36,75.47,4.76,5.0021
20230801,Raichur,16.212,77.3439,27.25,75.12,5.24,4.3253
20230802,Raichur,16.212,77.3439,27.25,72.96,5.46,3.5136
20230803,Raichur,16.212,77.3439,27.47,71.3,5.34,3.8592
20230804,Raichur,16.212,77.3439,27.91,71.04,4.67,5.4744
20230805,Raichur,16.212,77.3439,27.76,71.14,4.26,5.8265
20230806,Raichur,16.212,77.3439,28.17,69.83,4.2,5.7907
20230807,Raichur,16.212,77.3439,28.3,67.77,4.41,4.639
20230808,Raichur,16.212,77.3439,28.13,69.47,3.54,4.7618
20230809,Raichur,16.212,77.3439,28.06,72.1,2.78,5.8075
20230810,Raichur,16.212,77.3439,28.03,72.49,2.39,6.2227
20230811,Raichur,16.212,77.3439,28.17,69.84,2.84,6.2738
20230812,Raichur,16.212,77.3439,27.81,72.22,3.17,5.0158
20230813,Raichur,16.212,77.3439,26.93,72.32,3.19,5.7442
20230814,Raichur,16.212,77.3439,27.51,69.26,3.22,5.6522
20230815,Raichur,16.212,77.3439,27.93,65.54,3.4,5.4914
20230816,Raichur,16.212,77.3439,28.49,65.11,2.95,5.9477
20230817,Raichur,16.212,77.3439,28.39,66.05,3.87,5.005
20230818,Raichur,16.212,77.3439,27.97,66.12,4.32,3.6312
20230819,Raichur,16.212,77.3439,26.39,73.02,3.84,2.9162
20230820,Raichur,16.212,77.3439,28.41,65.28,3.91,5.2798
20230821,Raichur,16.212,77.3439,29.12,63.16,2.99,6.0478
20230822,Raichur,16.212,77.3439,28.53,64.48,2.94,5.6165
20230823,Raichur,16.212,77.3439,28.23,67.01,2.58,6.0749
20230824,Raichur,16.212,77.3439,29.09,62.43,3.09,5.8049
20230825,Raichur,16.212,77.3439,29.33,61.81,3.5,5.4744
20230826,Raichur,16.212,77.3439,27.99,71.77,2.93,5.0676
20230827,Raichur,16.212,77.3439,28.92,65.95,3.39,6.6197
20230828,Raichur,16.212,77.3439,29.15,64.27,4.02,6.0036
20230829,Raichur,16.212,77.3439,28.92,65.74,3.35,6.1658
20230830,Raichur,16.212,77.3439,29.28,64.39,2.52,5.5908
20230831,Raichur,16.212,77.3439,29.31,63.99,2.22,6.4392
20230901,Raichur,16.212,77.3439,29.97,64.51,1.32,6.727
20230902,Raichur,16.212,77.3439,27.95,76.01,1.55,5.0381
20230903,Raichur,16.212,77.3439,24.59,78.37,3.64,3.059
20230904,Raichur,16.212,77.3439,25.29,82.78,3.68,1.3351
20230905,Raichur,16.212,77.3439,25.67,77.77,4.13,2.2373
20230906,Raichur,16.212,77.3439,25.64,76.68,3.63,5.3066
20230907,Raichur,16.212,77.3439,26.43,71.69,3.78,4.9363
20230908,Raichur,16.212,77.3439,27.44,70.71,4.05,3.6641
20230909,Raichur,16.212,77.3439,28.21,70.54,4.11,4.4074
20230910,Raichur,16.212,77.3439,27.13,75.95,3.63,4.3922
20230911,Raichur,16.212,77.3439,27.58,72.64,3.36,5.4446
20230912,Raichur,16.212,77.3439,27.28,69.79,3.68,5.8932
20230913,Raichur,16.212,77.3439,27.56,66.49,3.87,5.9294
20230914,Raichur,16.212,77.3439,28.31,65.13,3.51,5.4113
20230915,Raichur,16.212,77.3439,28.76,64.36,4.24,5.9122
20230916,Raichur,16.212,77.3439,28.79,65.02,4.25,5.7322
20230917,Raichur,16.212,77.3439,29.3,64.13,3.77,5.6431
20230918,Raichur,16.212,77.3439,28.92,66.78,3.32,5.6815
20230919,Raichur,16.212,77.3439,28.27,67.97,3.07,6.1027
20230920,Raichur,16.212,77.3439,28.68,69.09,3.01,5.6335
20230921,Raichur,16.212,77.3439,27.48,74.41,2.08,5.0431
20230922,Raichur,16.212,77.3439,27.17,75.16,1.49,3.7445
20230923,Raichur,16.212,77.3439,28.09,73.01,1.37,4.6282
20230924,Raichur,16.212,77.3439,26.78,77.48,2.85,4.2658
20230925,Raichur,16.212,77.3439,26.28,77.41,2.86,4.5317
20230926,Raichur,16.212,77.3439,27.91,72.14,1.72,4.6272
20230927,Raichur,16.212,77.3439,27.69,73.98,1.43,4.7129
20230928,Raichur,16.212,77.3439,27.86,71.92,1.8,5.0198
20230929,Raichur,16.212,77.3439,28.52,72.41,1.63,5.6117
20230930,Raichur,16.212,77.3439,26.98,72.31,2.88,4.788
20231001,Raichur,16.212,77.3439,28.02,68.84,3.46,3.707
20231002,Raichur,16.212,77.3439,26.89,72.7,3.91,3.7786
20231003,Raichur,16.212,77.3439,27.86,68.15,3.07,5.4182
20231004,Raichur,16.212,77.3439,28.62,65.31,2.17,5.5882
20231005,Raichur,16.212,77.3439,28.37,59.71,1.98,6.0946
20231006,Raichur,16.212,77.3439,27.67,57.09,2.11,6.4363
20231007,Raichur,16.212,77.3439,28.33,58.35,2.22,6.3096
20231008,Raichur,16.212,77.3439,28.91,57.67,1.71,6.173
20231009,Raichur,16.212,77.3439,29.19,57.22,1.94,5.9789
20231010,Raichur,16.212,77.3439,29.84,56.18,2.49,5.2572
20231011,Raichur,16.212,77.3439,29.93,58.14,2.49,5.1252
20231012,Raichur,16.212,77.3439,29.94,54.19,2.86,5.7655
20231013,Raichur,16.212,77.3439,29.73,53.43,2.79,5.6635
20231014,Raichur,16.212,77.3439,29.7,52.72,2.17,5.3318
20231015,Raichur,16.212,77.3439,30.07,50.98,2.13,5.0698
20231016,Raichur,16.212,77.3439,29.37,55.18,2.11,5.0407
20231017,Raichur,16.212,77.3439,29.94,52.58,2.41,5.3458
20231018,Raichur,16.212,77.3439,29.55,49.8,2.28,5.5829
20231019,Raichur,16.212,77.3439,29.33,50.43,2.44,5.5795
20231020,Raichur,16.212,77.3439,29.36,53.02,2.57,5.2147
20231021,Raichur,16.212,77.3439,29.35,52.41,2.78,5.071
20231022,Raichur,16.212,77.3439,28.24,51.69,2.86,5.6537
20231023,Raichur,16.212,77.3439,27.02,47.79,2.9,5.6582
20231024,Raichur,16.212,77.3439,27.03,48.09,2.77,6.107
20231025,Raichur,16.212,77.3439,26.69,44.51,2.69,5.7655
20231026,Raichur,16.212,77.3439,26.4,41.26,2.78,6.0914
20231027,Raichur,16.212,77.3439,26.22,39.65,2.12,6.0701
20231028,Raichur,16.212,77.3439,28.01,49.45,2.22,5.3026
20231029,Raichur,16.212,77.3439,28.96,59.17,2.8,4.7683
20231030,Raichur,16.212,77.3439,28.43,62.64,2.58,4.3668
20231031,Raichur,16.212,77.3439,27.36,62.85,2.26,3.6545
20231101,Raichur,16.212,77.3439,28.63,53.22,2.21,3.9893
20231102,Raichur,16.212,77.3439,29.39,51.45,2.27,4.423
20231103,Raichur,16.212,77.3439,29.61,57.38,2.52,4.3982
20231104,Raichur,16.212,77.3439,28.22,66.67,2.68,4.0572
20231105,Raichur,16.212,77.3439,25.93,80.86,2.21,3.8738
20231106,Raichur,16.212,77.3439,26.54,76.11,2.08,3.6154
20231107,Raichur,16.212,77.3439,26.21,79.39,2.27,4.3202
20231108,Raichur,16.212,77.3439,26.25,77.55,1.92,3.5974
20231109,Raichur,16.212,77.3439,25.69,78.02,2.06,3.8849
20231110,Raichur,16.212,77.3439,26.2,74.03,1.81,4.9802
20231111,Raichur,16.212,77.3439,25.62,66.56,2.09,5.2294
20231112,Raichur,16.212,77.3439,24.7,64.8,2.02,4.9188
20231113,Raichur,16.212,77.3439,24.64,68.48,1.87,4.4328
20231114,Raichur,16.212,77.3439,24.73,72.2,1.79,3.9442
20231115,Raichur,16.212,77.3439,24.7,66.42,1.51,4.4935
20231116,Raichur,16.212,77.3439,24.75,63.98,1.56,4.505
20231117,Raichur,16.212,77.3439,25.2,63.03,1.89,4.819
20231118,Raichur,16.212,77.3439,26.09,68.54,1.89,4.877
20231119,Raichur,16.212,77.3439,26.2,69.18,2.45,4.6942
20231120,Raichur,16.212,77.3439,25.67,66.26,2.29,4.4342
20231121,Raichur,16.212,77.3439,26.02,71.28,2.64,4.4386
20231122,Raichur,16.212,77.3439,26.6,72.48,2.16,4.8341
20231123,Raichur,16.212,77.3439,26.52,73.47,2.19,3.4872
20231124,Raichur,16.212,77.3439,26.68,73.14,3.07,3.0466
20231125,Raichur,16.212,77.3439,26.48,67.85,2.69,3.8369
20231126,Raichur,16.212,77.3439,25.91,69.74,2.84,3.9732
20231127,Raichur,16.212,77.3439,26.48,67.14,2.96,3.971
20231128,Raichur,16.212,77.3439,26.91,65.53,2.65,4.4604
20231129,Raichur,16.212,77.3439,26.79,62.06,3.15,4.8617
20231130,Raichur,16.212,77.3439,26.65,67.24,2.98,4.4585
20231201,Raichur,16.212,77.3439,27.16,59.81,2.56,5.1098
20231202,Raichur,16.212,77.3439,26.79,58.14,3.05,5.0491
20231203,Raichur,16.212,77.3439,27.11,66.69,3.99,4.3944
20231204,Raichur,16.212,77.3439,26.33,64.28,3.79,2.1173
20231205,Raichur,16.212,77.3439,25.27,66.49,4.51,2.5526
20231206,Raichur,16.212,77.3439,24.92,67.88,3.37,3.1039
20231207,Raichur,16.212,77.3439,25.4,64.88,1.25,3.841
20231208,Raichur,16.212,77.3439,25.33,66.35,1.95,4.5842
20231209,Raichur,16.212,77.3439,25.25,63.65,2.21,4.4275
20231210,Raichur,16.212,77.3439,24.51,58.62,2.03,5.0004
20231211,Raichur,16.212,77.3439,23.98,57.78,1.82,4.6666
20231212,Raichur,16.212,77.3439,23.73,58.56,2.19,5.0172
20231213,Raichur,16.212,77.3439,23.59,60.34,2.59,4.5492
20231214,Raichur,16.212,77.3439,22.99,58.03,2.33,5.1235
20231215,Raichur,16.212,77.3439,23.31,62.69,2.02,4.7983
20231216,Raichur,16.212,77.3439,24.87,66.94,2.31,2.7866
20231217,Raichur,16.212,77.3439,25.12,64.9,2.92,2.6666
20231218,Raichur,16.212,77.3439,24.36,60.4,2.94,3.0679
20231219,Raichur,16.212,77.3439,23.92,52.27,2.75,4.0891
20231220,Raichur,16.212,77.3439,23.71,54.73,2.24,4.3661
20231221,Raichur,16.212,77.3439,22.8,54.99,1.71,4.5768
20231222,Raichur,16.212,77.3439,22.98,55.37,1.75,4.6068
20231223,Raichur,16.212,77.3439,23.58,57.74,2.42,4.5922
20231224,Raichur,16.212,77.3439,23.01,59.13,2.26,4.6853
20231225,Raichur,16.212,77.3439,24.29,53.41,2.1,4.8641
20231226,Raichur,16.212,77.3439,24.13,59.56,2.13,4.7779
20231227,Raichur,16.212,77.3439,24.04,61.46,2.36,5.0218
20231228,Raichur,16.212,77.3439,23.83,58.77,2.55,5.177
20231229,Raichur,16.212,77.3439,23.7,57.54,2.5,5.1854
20231230,Raichur,16.212,77.3439,23.8,56.61,2.15,5.2094
20231231,Raichur,16.212,77.3439,23.56,60.24,2.3,4.9529
20240101,Raichur,16.212,77.3439,23.69,60.31,2.18,4.8358
20240102,Raichur,16.212,77.3439,23.83,59.96,2.53,4.6774
20240103,Raichur,16.212,77.3439,24.07,60.34,3.01,4.2905
20240104,Raichur,16.212,77.3439,24.86,57.66,2.85,4.3841
20240105,Raichur,16.212,77.3439,24.68,54.99,3.1,4.818
20240106,Raichur,16.212,77.3439,24.17,55.95,2.87,5.1274
20240107,Raichur,16.212,77.3439,24.43,58.2,3.45,4.4741
20240108,Raichur,16.212,77.3439,24.21,57.7,3.39,4.0296
20240109,Raichur,16.212,77.3439,25.14,55.27,3.59,2.9129
20240110,Raichur,16.212,77.3439,25.11,55.07,2.68,4.0286
20240111,Raichur,16.212,77.3439,25.68,51.17,2.41,5.2834
20240112,Raichur,16.212,77.3439,25.53,53.99,2.44,5.0148
20240113,Raichur,16.212,77.3439,25.88,55.94,1.76,4.5377
20240114,Raichur,16.212,77.3439,25.45,52.76,1.71,4.5679
20240115,Raichur,16.212,77.3439,25.68,53.9,1.2,4.4107
20240116,Raichur,16.212,77.3439,25.35,57.78,2.04,4.5276
20240117,Raichur,16.212,77.3439,25.56,56.35,2.53,4.8158
20240118,Raichur,16.212,77.3439,25.43,57.42,2.21,4.3822
20240119,Raichur,16.212,77.3439,26.19,50.84,2.63,4.8941
20240120,Raichur,16.212,77.3439,26.21,50.89,2.64,4.9507
20240121,Raichur,16.212,77.3439,26.19,52.82,2.01,5.0119
20240122,Raichur,16.212,77.3439,27.22,51.88,2.54,5.2428
20240123,Raichur,16.212,77.3439,26.53,55.82,2.36,5.1595
20240124,Raichur,16.212,77.3439,26.58,48.05,1.65,5.2538
20240125,Raichur,16.212,77.3439,26.32,58.02,2.14,4.7318
20240126,Raichur,16.212,77.3439,26.27,55.94,2.62,5.0772
20240127,Raichur,16.212,77.3439,26.0,55.31,2.78,4.727
20240128,Raichur,16.212,77.3439,25.28,54.96,2.53,5.381
20240129,Raichur,16.212,77.3439,25.2,53.61,2.63,5.113
20240130,Raichur,16.212,77.3439,24.77,49.42,1.9,5.3011
20240131,Raichur,16.212,77.3439,25.29,46.13,1.76,5.5987
20240201,Raichur,16.212,77.3439,26.24,46.33,1.93,5.8486
20240202,Raichur,16.212,77.3439,26.52,32.93,1.11,5.8932
20240203,Raichur,16.212,77.3439,27.41,56.08,1.89,5.167
20240204,Raichur,16.212,77.3439,27.74,51.03,2.35,5.5349
20240205,Raichur,16.212,77.3439,27.42,48.21,2.3,5.6626
20240206,Raichur,16.212,77.3439,27.79,48.7,1.85,5.7902
20240207,Raichur,16.212,77.3439,28.52,43.5,1.23,5.7646
20240208,Raichur,16.212,77.3439,28.54,41.91,1.57,5.7312
20240209,Raichur,16.212,77.3439,28.41,43.52,2.63,5.7833
20240210,Raichur,16.212,77.3439,27.87,54.3,3.08,5.5618
20240211,Raichur,16.212,77.3439,27.82,52.2,3.64,5.8121
20240212,Raichur,16.212,77.3439,27.01,46.45,3.62,6.1975
20240213,Raichur,16.212,77.3439,26.09,47.56,3.14,6.1394
20240214,Raichur,16.212,77.3439,27.4,48.87,3.33,5.8078
20240215,Raichur,16.212,77.3439,27.35,42.37,3.35,6.1908
20240216,Raichur,16.212,77.3439,26.19,40.96,3.35,6.6919
20240217,Raichur,16.212,77.3439,26.03,37.68,2.07,6.6571
20240218,Raichur,16.212,77.3439,26.39,35.23,1.76,6.6401
20240219,Raichur,16.212,77.3439,26.9,43.12,1.98,6.3888
20240220,Raichur,16.212,77.3439,28.03,44.92,1.98,6.203
20240221,Raichur,16.212,77.3439,28.99,32.55,1.31,6.2102
20240222,Raichur,16.212,77.3439,28.94,24.95,1.7,6.5964
20240223,Raichur,16.212,77.3439,28.07,23.26,1.82,6.5688
20240224,Raichur,16.212,77.3439,29.01,47.24,1.62,5.6993
20240225,Raichur,16.212,77.3439,29.45,53.21,3.48,5.6218
20240226,Raichur,16.212,77.3439,28.75,52.4,4.17,6.161
20240227,Raichur,16.212,77.3439,28.18,46.72,2.74,6.6432
20240228,Raichur,16.212,77.3439,28.57,43.88,2.94,6.5395
20240229,Raichur,16.212,77.3439,29.47,37.55,3.05,6.2501
20240301,Raichur,16.212,77.3439,29.97,35.53,2.83,6.2789
20240302,Raichur,16.212,77.3439,30.16,34.36,2.29,6.4925
20240303,Raichur,16.212,77.3439,29.8,32.52,1.12,6.4956
20240304,Raichur,16.212,77.3439,31.2,34.91,2.16,6.1718
20240305,Raichur,16.212,77.3439,30.97,33.39,2.61,6.5825
20240306,Raichur,16.212,77.3439,32.14,31.53,1.73,6.4476
20240307,Raichur,16.212,77.3439,31.62,24.88,1.62,6.4414
20240308,Raichur,16.212,77.3439,31.16,30.41,1.44,6.445
20240309,Raichur,16.212,77.3439,31.17,37.72,1.56,5.8114
20240310,Raichur,16.212,77.3439,31.68,40.61,3.2,5.8435
20240311,Raichur,16.212,77.3439,30.79,43.31,2.74,5.4425
20240312,Raichur,16.212,77.3439,31.68,38.86,1.74,5.821
20240313,Raichur,16.212,77.3439,32.52,28.46,2.22,5.603
20240314,Raichur,16.212,77.3439,32.45,23.1,1.35,5.9686
20240315,Raichur,16.212,77.3439,32.47,34.93,1.63,5.903
20240316,Raichur,16.212,77.3439,32.86,35.95,3.18,5.7478
20240317,Raichur,16.212,77.3439,31.87,38.89,3.57,5.6839
20240318,Raichur,16.212,77.3439,32.27,35.14,2.98,5.5358
20240319,Raichur,16.212,77.3439,31.96,35.55,2.83,5.5174
20240320,Raichur,16.212,77.3439,31.03,37.96,2.29,6.2273
20240321,Raichur,16.212,77.3439,30.63,44.49,3.09,6.7147
20240322,Raichur,16.212,77.3439,30.96,41.25,1.89,6.7018
20240323,Raichur,16.212,77.3439,32.1,34.99,2.28,6.5213
20240324,Raichur,16.212,77.3439,32.06,33.55,2.63,6.3166
20240325,Raichur,16.212,77.3439,31.98,35.42,2.5,6.0048
20240326,Raichur,16.212,77.3439,32.45,32.19,2.8,6.192
20240327,Raichur,16.212,77.3439,32.43,27.43,2.84,6.745
20240328,Raichur,16.212,77.3439,32.58,28.66,2.86,6.8366
20240329,Raichur,16.212,77.3439,34.04,27.75,3.09,6.7042
20240330,Raichur,16.212,77.3439,33.52,28.92,2.83,6.7061
20240331,Raichur,16.212,77.3439,32.92,26.46,3.37,7.0147
20240401,Raichur,16.212,77.3439,32.88,30.58,2.24,6.7781
20240402,Raichur,16.212,77.3439,33.62,25.79,2.37,6.3847
20240403,Raichur,16.212,77.3439,34.25,25.12,2.12,6.3866
20240404,Raichur,16.212,77.3439,34.27,29.81,2.46,6.7706
20240405,Raichur,16.212,77.3439,34.54,21.94,1.87,6.7901
20240406,Raichur,16.212,77.3439,35.17,20.68,2.18,6.3502
20240407,Raichur,16.212,77.3439,35.56,25.17,3.18,6.2582
20240408,Raichur,16.212,77.3439,34.86,24.3,3.32,6.6281
20240409,Raichur,16.212,77.3439,32.4,43.29,4.06,6.912
20240410,Raichur,16.212,77.3439,32.75,40.94,3.86,6.8254
20240411,Raichur,16.212,77.3439,32.91,36.71,3.39,5.9398
20240412,Raichur,16.212,77.3439,32.79,42.11,3.71,6.5045
20240413,Raichur,16.212,77.3439,32.77,39.54,2.7,5.4286
20240414,Raichur,16.212,77.3439,33.24,36.5,3.06,6.925
20240415,Raichur,16.212,77.3439,33.83,30.24,2.93,7.2199
20240416,Raichur,16.212,77.3439,34.77,29.61,2.66,7.103
20240417,Raichur,16.212,77.3439,33.01,32.77,1.51,5.3784
20240418,Raichur,16.212,77.3439,36.16,29.47,0.99,4.7592
20240419,Raichur,16.212,77.3439,34.16,35.87,2.12,4.8538
20240420,Raichur,16.212,77.3439,32.78,43.61,2.62,2.5817
20240421,Raichur,16.212,77.3439,34.6,38.61,1.62,5.7919
20240422,Raichur,16.212,77.3439,35.52,31.08,1.35,6.3566
20240423,Raichur,16.212,77.3439,34.43,29.55,3.51,7.4251
20240424,Raichur,16.212,77.3439,33.89,27.67,2.87,7.2682
20240425,Raichur,16.212,77.3439,34.72,29.22,3.17,7.2929
20240426,Raichur,16.212,77.3439,35.32,28.16,3.24,7.4491
20240427,Raichur,16.212,77.3439,35.47,27.9,3.31,7.2936
20240428,Raichur,16.212,77.3439,36.38,25.56,2.79,6.5374
20240429,Raichur,16.212,77.3439,36.26,25.61,2.66,7.031
20240430,Raichur,16.212,77.3439,36.11,23.41,1.46,7.1863
20240501,Raichur,16.212,77.3439,36.56,22.78,3.01,6.8534
20240502,Raichur,16.212,77.3439,36.89,19.59,2.99,7.4597
20240503,Raichur,16.212,77.3439,36.03,19.39,3.2,7.8067
20240504,Raichur,16.212,77.3439,35.88,20.29,2.03,7.5578
20240505,Raichur,16.212,77.3439,36.27,21.79,2.47,7.1014
20240506,Raichur,16.212,77.3439,37.58,28.43,2.12,7.0524
20240507,Raichur,16.212,77.3439,36.13,40.59,3.72,6.6698
20240508,Raichur,16.212,77.3439,32.27,55.25,2.86,7.1328
20240509,Raichur,16.212,77.3439,32.85,51.96,2.12,5.0705
20240510,Raichur,16.212,77.3439,32.39,52.88,2.02,6.1488
20240511,Raichur,16.212,77.3439,32.74,51.63,3.31,6.2575
20240512,Raichur,16.212,77.3439,31.65,57.38,2.48,6.6782
20240513,Raichur,16.212,77.3439,30.04,65.97,1.78,5.1233
20240514,Raichur,16.212,77.3439,30.43,62.77,1.83,6.1006
20240515,Raichur,16.212,77.3439,30.7,61.54,1.79,5.309
20240516,Raichur,16.212,77.3439,29.91,64.41,2.46,5.7619
20240517,Raichur,16.212,77.3439,29.72,66.06,2.11,5.0062
20240518,Raichur,16.212,77.3439,30.01,66.79,1.54,6.5306
20240519,Raichur,16.212,77.3439,30.08,66.96,1.69,4.9654
20240520,Raichur,16.212,77.3439,30.0,66.43,2.03,5.7048
20240521,Raichur,16.212,77.3439,31.42,60.74,2.29,5.7994
20240522,Raichur,16.212,77.3439,32.07,58.04,2.95,6.9317
20240523,Raichur,16.212,77.3439,32.24,58.33,2.4,6.0396
20240524,Raichur,16.212,77.3439,30.46,63.43,2.08,5.7391
20240525,Raichur,16.212,77.3439,30.64,60.06,4.72,5.2318
20240526,Raichur,16.212,77.3439,31.74,59.25,5.17,5.5459
20240527,Raichur,16.212,77.3439,31.32,57.76,5.18,5.1125
20240528,Raichur,16.212,77.3439,32.19,55.56,5.09,5.8313
20240529,Raichur,16.212,77.3439,32.2,55.78,4.45,7.1993
20240530,Raichur,16.212,77.3439,32.71,54.66,3.37,7.0865
20240531,Raichur,16.212,77.3439,34.18,47.26,4.02,7.0817
20240601,Raichur,16.212,77.3439,31.87,53.48,4.76,5.6786
20240602,Raichur,16.212,77.3439,30.78,62.98,3.64,5.9666
20240603,Raichur,16.212,77.3439,28.32,72.92,2.39,3.4843
20240604,Raichur,16.212,77.3439,29.09,70.81,2.42,5.2622
20240605,Raichur,16.212,77.3439,28.32,76.61,2.43,5.8308
20240606,Raichur,16.212,77.3439,28.16,78.09,2.1,5.3791
20240607,Raichur,16.212,77.3439,27.56,78.04,1.81,4.4525
20240608,Raichur,16.212,77.3439,27.26,75.46,3.63,5.0167
20240609,Raichur,16.212,77.3439,27.84,73.22,4.78,3.6773
20240610,Raichur,16.212,77.3439,26.67,77.26,5.23,3.3312
20240611,Raichur,16.212,77.3439,26.25,76.07,5.62,3.0612
20240612,Raichur,16.212,77.3439,25.9,75.2,4.79,3.5309
20240613,Raichur,16.212,77.3439,26.21,76.33,4.06,4.4702
20240614,Raichur,16.212,77.3439,26.27,74.11,4.14,5.2445
20240615,Raichur,16.212,77.3439,27.59,72.23,3.46,6.4126
20240616,Raichur,16.212,77.3439,28.15,72.3,3.13,6.457
20240617,Raichur,16.212,77.3439,28.62,71.87,3.2,6.181
20240618,Raichur,16.212,77.3439,27.49,72.75,3.73,6.2162
20240619,Raichur,16.212,77.3439,27.3,72.92,3.49,5.149
20240620,Raichur,16.212,77.3439,28.88,67.35,4.72,5.719
20240621,Raichur,16.212,77.3439,29.01,66.62,4.99,5.2186
20240622,Raichur,16.212,77.3439,27.34,71.88,3.56,5.0208
20240623,Raichur,16.212,77.3439,27.51,73.81,3.79,4.4381
20240624,Raichur,16.212,77.3439,28.31,69.36,3.98,3.9451
20240625,Raichur,16.212,77.3439,28.3,64.88,4.93,4.8
20240626,Raichur,16.212,77.3439,25.65,73.57,5.57,4.3922
20240627,Raichur,16.212,77.3439,24.87,67.99,6.42,4.0402
20240628,Raichur,16.212,77.3439,27.94,63.53,5.51,4.2353
20240629,Raichur,16.212,77.3439,28.3,68.84,4.56,5.2397
20240630,Raichur,16.212,77.3439,27.99,70.01,4.86,3.2606
20240701,Raichur,16.212,77.3439,28.23,66.01,6.51,4.9157
20240702,Raichur,16.212,77.3439,28.43,64.24,6.38,5.6678
20240703,Raichur,16.212,77.3439,28.78,69.44,4.58,3.7056
20240704,Raichur,16.212,77.3439,28.18,71.3,4.57,5.2615
20240705,Raichur,16.212,77.3439,27.84,66.63,5.39,4.7496
20240706,Raichur,16.212,77.3439,27.06,73.72,4.52,3.8081
20240707,Raichur,16.212,77.3439,27.71,68.93,4.39,4.5658
20240708,Raichur,16.212,77.3439,26.71,74.16,4.73,4.6834
20240709,Raichur,16.212,77.3439,27.12,74.19,3.66,4.3459
20240710,Raichur,16.212,77.3439,27.78,67.57,3.4,5.1722
20240711,Raichur,16.212,77.3439,28.65,66.63,5.12,5.2786
20240712,Raichur,16.212,77.3439,27.02,71.52,4.88,4.1167
20240713,Raichur,16.212,77.3439,26.93,77.57,4.52,4.5998
20240714,Raichur,16.212,77.3439,26.58,78.03,5.43,3.2172
20240715,Raichur,16.212,77.3439,26.29,77.83,4.65,2.695
20240716,Raichur,16.212,77.3439,27.81,70.44,5.34,4.5324
20240717,Raichur,16.212,77.3439,27.39,74.16,4.93,3.5798
20240718,Raichur,16.212,77.3439,27.79,72.07,6.58,4.4986
20240719,Raichur,16.212,77.3439,25.6,81.46,6.32,2.4564
20240720,Raichur,16.212,77.3439,25.95,78.78,6.32,1.5931
20240721,Raichur,16.212,77.3439,27.0,76.1,5.79,2.0626
20240722,Raichur,16.212,77.3439,27.34,72.85,6.63,3.4555
20240723,Raichur,16.212,77.3439,27.05,71.92,6.72,2.9424
20240724,Raichur,16.212,77.3439,27.42,71.53,6.57,2.5598
20240725,Raichur,16.212,77.3439,27.52,70.92,6.68,1.7462
20240726,Raichur,16.212,77.3439,27.29,71.77,6.18,3.7423
20240727,Raichur,16.212,77.3439,27.81,70.48,6.39,3.1284
20240728,Raichur,16.212,77.3439,27.8,70.79,6.11,3.8801
20240729,Raichur,16.212,77.3439,28.54,69.45,5.19,3.9958
20240730,Raichur,16.212,77.3439,27.7,74.29,4.16,5.5978
20240731,Raichur,16.212,77.3439,27.89,76.58,4.24,5.7408
20240801,Raichur,16.212,77.3439,26.81,79.85,4.24,3.5582
20240802,Raichur,16.212,77.3439,26.77,77.03,4.71,3.384
20240803,Raichur,16.212,77.3439,28.08,70.26,5.1,4.1986
20240804,Raichur,16.212,77.3439,27.33,72.0,4.55,5.197
20240805,Raichur,16.212,77.3439,27.92,73.19,3.46,5.8812
20240806,Raichur,16.212,77.3439,26.17,82.84,2.96,3.3516
20240807,Raichur,16.212,77.3439,26.25,81.33,3.07,2.9448
20240808,Raichur,16.212,77.3439,27.19,76.79,3.11,2.915
20240809,Raichur,16.212,77.3439,27.39,77.09,3.28,5.9359
20240810,Raichur,16.212,77.3439,27.7,75.88,2.87,6.3276
20240811,Raichur,16.212,77.3439,27.55,77.48,3.05,5.725
20240812,Raichur,16.212,77.3439,27.41,77.52,2.8,6.4387
20240813,Raichur,16.212,77.3439,26.68,85.79,2.15,6.0415
20240814,Raichur,16.212,77.3439,28.57,76.59,1.24,5.2418
20240815,Raichur,16.212,77.3439,28.43,78.25,1.75,6.0413
20240816,Raichur,16.212,77.3439,28.63,75.95,1.7,4.9399
20240817,Raichur,16.212,77.3439,27.92,79.95,1.35,5.6846
20240818,Raichur,16.212,77.3439,27.72,81.85,1.36,6.0192
20240819,Raichur,16.212,77.3439,27.52,81.96,1.21,3.9274
20240820,Raichur,16.212,77.3439,28.07,76.52,0.79,4.9498
20240821,Raichur,16.212,77.3439,27.95,80.29,2.19,5.1156
20240822,Raichur,16.212,77.3439,27.21,82.01,2.14,4.5499
20240823,Raichur,16.212,77.3439,26.59,80.34,2.84,4.6058
20240824,Raichur,16.212,77.3439,26.18,81.28,4.68,3.1416
20240825,Raichur,16.212,77.3439,26.45,81.04,4.15,4.3661
20240826,Raichur,16.212,77.3439,26.6,77.67,4.41,5.2118
20240827,Raichur,16.212,77.3439,26.53,78.8,3.85,4.9056
20240828,Raichur,16.212,77.3439,26.31,79.35,3.79,5.3006
20240829,Raichur,16.212,77.3439,26.69,79.0,3.51,5.3707
20240830,Raichur,16.212,77.3439,26.1,83.58,3.59,4.9678
20240831,Raichur,16.212,77.3439,25.19,86.47,4.33,1.303
20240901,Raichur,16.212,77.3439,24.35,87.56,5.79,1.0829
20240902,Raichur,16.212,77.3439,25.68,81.91,4.7,1.5314
20240903,Raichur,16.212,77.3439,25.93,83.5,3.53,4.2346
20240904,Raichur,16.212,77.3439,25.76,85.77,3.79,4.0735
20240905,Raichur,16.212,77.3439,26.57,83.44,3.96,4.8898
20240906,Raichur,16.212,77.3439,25.34,87.82,3.2,4.7743
20240907,Raichur,16.212,77.3439,25.62,85.22,3.45,3.714
20240908,Raichur,16.212,77.3439,25.18,87.52,3.49,3.5626
20240909,Raichur,16.212,77.3439,25.28,86.89,3.47,3.5186
20240910,Raichur,16.212,77.3439,26.04,80.21,4.25,4.5437
20240911,Raichur,16.212,77.3439,26.26,78.76,3.8,5.382
20240912,Raichur,16.212,77.3439,26.23,77.93,3.28,6.3626
20240913,Raichur,16.212,77.3439,26.0,76.74,3.17,6.0031
20240914,Raichur,16.212,77.3439,26.29,77.26,3.32,6.2753
20240915,Raichur,16.212,77.3439,26.03,77.43,3.45,5.628
20240916,Raichur,16.212,77.3439,25.16,78.58,3.1,5.4348
20240917,Raichur,16.212,77.3439,26.0,78.2,2.8,5.7883
20240918,Raichur,16.212,77.3439,25.81,75.69,2.37,6.4644
20240919,Raichur,16.212,77.3439,26.23,73.88,2.05,6.581
20240920,Raichur,16.212,77.3439,26.39,75.28,1.81,6.2215
20240921,Raichur,16.212,77.3439,25.01,84.77,1.79,4.3442
20240922,Raichur,16.212,77.3439,25.91,83.51,1.95,5.3527
20240923,Raichur,16.212,77.3439,26.3,84.39,1.94,4.5974
20240924,Raichur,16.212,77.3439,26.22,87.52,2.36,3.743
20240925,Raichur,16.212,77.3439,25.39,86.93,3.33,3.7934
20240926,Raichur,16.212,77.3439,26.36,81.17,3.26,3.9132
20240927,Raichur,16.212,77.3439,26.06,80.44,2.71,5.0263
20240928,Raichur,16.212,77.3439,27.31,74.35,1.51,5.9614
20240929,Raichur,16.212,77.3439,27.39,78.46,0.94,5.7103
20240930,Raichur,16.212,77.3439,27.24,80.19,1.55,5.3393
20241001,Raichur,16.212,77.3439,27.58,77.04,1.34,5.8999
20241002,Raichur,16.212,77.3439,28.32,76.07,0.97,5.7816
20241003,Raichur,16.212,77.3439,26.32,88.31,2.49,4.685
20241004,Raichur,16.212,77.3439,26.87,83.29,1.77,4.9601
20241005,Raichur,16.212,77.3439,26.79,84.24,1.38,4.8274
20241006,Raichur,16.212,77.3439,26.27,76.04,1.47,4.8989
20241007,Raichur,16.212,77.3439,25.99,79.66,2.06,5.311
20241008,Raichur,16.212,77.3439,26.03,80.12,1.81,5.7022
20241009,Raichur,16.212,77.3439,26.09,84.6,2.26,4.9236
20241010,Raichur,16.212,77.3439,26.33,82.14,2.77,4.2799
20241011,Raichur,16.212,77.3439,26.3,83.14,2.65,3.8263
20241012,Raichur,16.212,77.3439,26.23,82.76,2.16,5.1091
20241013,Raichur,16.212,77.3439,26.44,82.13,2.31,5.5351
20241014,Raichur,16.212,77.3439,24.96,86.2,1.76,4.1494
20241015,Raichur,16.212,77.3439,24.92,87.17,1.96,3.4188
20241016,Raichur,16.212,77.3439,25.57,86.83,2.05,3.1704
20241017,Raichur,16.212,77.3439,26.18,88.46,2.31,4.021
20241018,Raichur,16.212,77.3439,25.74,89.48,2.7,3.9883
20241019,Raichur,16.212,77.3439,25.92,86.67,1.25,4.7616
20241020,Raichur,16.212,77.3439,25.51,88.45,1.7,5.0285
20241021,Raichur,16.212,77.3439,25.66,84.7,1.69,5.6458
20241022,Raichur,16.212,77.3439,25.63,86.12,1.41,5.232
20241023,Raichur,16.212,77.3439,25.82,83.58,1.3,5.214
20241024,Raichur,16.212,77.3439,25.13,78.14,1.46,4.5398
20241025,Raichur,16.212,77.3439,25.03,77.2,2.04,5.1326
20241026,Raichur,16.212,77.3439,24.65,82.96,2.08,5.1768
20241027,Raichur,16.212,77.3439,24.76,75.99,1.92,5.8538
20241028,Raichur,16.212,77.3439,25.66,68.48,0.87,5.5771
20241029,Raichur,16.212,77.3439,26.65,65.28,0.58,5.2478
20241030,Raichur,16.212,77.3439,26.33,73.92,1.06,4.8396
20241031,Raichur,16.212,77.3439,26.19,79.75,1.88,3.9931
20241101,Raichur,16.212,77.3439,25.83,77.1,1.77,5.1314
20241102,Raichur,16.212,77.3439,25.91,77.99,1.92,4.6922
20241103,Raichur,16.212,77.3439,26.03,77.6,1.95,4.8967
20241104,Raichur,16.212,77.3439,25.75,78.16,2.05,4.5684
20241105,Raichur,16.212,77.3439,25.2,72.83,2.13,5.2752
20241106,Raichur,16.212,77.3439,24.56,68.48,2.0,5.3834
20241107,Raichur,16.212,77.3439,24.62,69.29,1.76,5.4864
20241108,Raichur,16.212,77.3439,25.26,74.68,1.87,5.1245
20241109,Raichur,16.212,77.3439,25.77,73.88,2.09,4.6546
20241110,Raichur,16.212,77.3439,25.21,70.91,1.9,4.9961
20241111,Raichur,16.212,77.3439,24.28,68.92,2.42,5.093
20241112,Raichur,16.212,77.3439,23.07,79.2,2.45,4.5929
20241113,Raichur,16.212,77.3439,26.19,76.61,2.57,3.305
20241114,Raichur,16.212,77.3439,26.49,77.2,2.44,3.7541
20241115,Raichur,16.212,77.3439,26.1,80.23,2.32,3.881
20241116,Raichur,16.212,77.3439,26.34,71.81,2.37,4.8636
20241117,Raichur,16.212,77.3439,24.29,63.33,2.52,4.6109
20241118,Raichur,16.212,77.3439,22.6,63.68,2.06,4.7688
20241119,Raichur,16.212,77.3439,22.29,67.48,1.91,5.0184
20241120,Raichur,16.212,77.3439,22.47,69.19,1.78,5.1072
20241121,Raichur,16.212,77.3439,22.62,69.29,1.84,4.9231
20241122,Raichur,16.212,77.3439,22.3,69.82,1.83,4.3174
20241123,Raichur,16.212,77.3439,22.62,68.63,1.54,4.3879
20241124,Raichur,16.212,77.3439,22.66,70.61,1.63,4.1842
20241125,Raichur,16.212,77.3439,22.6,66.96,2.42,4.5254
20241126,Raichur,16.212,77.3439,23.28,69.48,2.41,4.7784
20241127,Raichur,16.212,77.3439,23.94,66.9,2.67,4.1534
20241128,Raichur,16.212,77.3439,22.59,58.59,2.83,5.0743
20241129,Raichur,16.212,77.3439,24.45,60.87,3.49,4.6277
20241130,Raichur,16.212,77.3439,25.37,70.78,3.71,3.4838
20241201,Raichur,16.212,77.3439,25.64,74.59,3.34,2.8027
20241202,Raichur,16.212,77.3439,25.65,78.83,2.89,2.7144
20241203,Raichur,16.212,77.3439,26.21,78.0,3.62,2.5162
20241204,Raichur,16.212,77.3439,26.55,75.44,2.69,4.5482
20241205,Raichur,16.212,77.3439,26.86,73.51,2.32,3.3828
20241206,Raichur,16.212,77.3439,27.38,70.73,1.56,4.5247
20241207,Raichur,16.212,77.3439,27.7,68.14,1.62,4.242
20241208,Raichur,16.212,77.3439,26.09,72.36,1.71,3.1553
20241209,Raichur,16.212,77.3439,26.94,68.79,1.88,3.6379
20241210,Raichur,16.212,77.3439,26.29,68.43,2.43,3.6132
20241211,Raichur,16.212,77.3439,25.09,52.89,2.99,4.6356
20241212,Raichur,16.212,77.3439,24.98,62.77,2.33,4.4561
20241213,Raichur,16.212,77.3439,25.05,62.11,2.17,4.0704
20241214,Raichur,16.212,77.3439,24.4,56.42,2.52,4.4887
20241215,Raichur,16.212,77.3439,22.45,57.84,2.02,4.7657
20241216,Raichur,16.212,77.3439,21.44,49.42,1.69,4.7983
20241217,Raichur,16.212,77.3439,23.16,54.6,1.75,4.9668
20241218,Raichur,16.212,77.3439,25.44,54.66,2.45,4.2182
20241219,Raichur,16.212,77.3439,25.26,61.84,2.21,4.4743
20241220,Raichur,16.212,77.3439,26.56,68.45,1.73,3.3535
20241221,Raichur,16.212,77.3439,27.32,61.03,1.23,3.2993
20241222,Raichur,16.212,77.3439,26.38,54.68,2.0,3.2482
20241223,Raichur,16.212,77.3439,25.88,57.3,2.25,4.3733
20241224,Raichur,16.212,77.3439,25.43,60.83,2.35,3.606
20241225,Raichur,16.212,77.3439,25.94,63.86,2.96,2.8486
20241226,Raichur,16.212,77.3439,25.96,67.76,3.89,2.4269
20241227,Raichur,16.212,77.3439,25.96,64.0,4.18,4.2233
20241228,Raichur,16.212,77.3439,25.63,65.36,2.76,5.0194
20241229,Raichur,16.212,77.3439,25.46,57.59,2.68,5.309
20241230,Raichur,16.212,77.3439,25.09,54.11,2.52,5.1934
20241231,Raichur,16.212,77.3439,25.01,57.98,2.51,4.8641
20250101,Raichur,16.212,77.3439,24.38,58.43,2.37,4.4657
20250102,Raichur,16.212,77.3439,22.99,45.09,2.47,4.3315
20250103,Raichur,16.212,77.3439,22.84,41.21,2.25,4.6003
20250104,Raichur,16.212,77.3439,22.87,55.27,1.91,5.1307
20250105,Raichur,16.212,77.3439,22.93,59.75,2.21,5.1031
20250106,Raichur,16.212,77.3439,22.95,55.85,2.15,5.0966
20250107,Raichur,16.212,77.3439,23.54,55.49,2.17,4.9541
20250108,Raichur,16.212,77.3439,22.39,45.16,2.26,4.8778
20250109,Raichur,16.212,77.3439,22.33,55.49,2.65,4.5977
20250110,Raichur,16.212,77.3439,23.35,62.98,3.06,4.2449
20250111,Raichur,16.212,77.3439,24.28,61.2,2.76,3.8549
20250112,Raichur,16.212,77.3439,24.48,57.16,2.62,4.4369
20250113,Raichur,16.212,77.3439,25.55,60.99,2.59,5.0431
20250114,Raichur,16.212,77.3439,25.87,60.47,3.11,4.8283
20250115,Raichur,16.212,77.3439,25.07,63.04,3.27,4.1081
20250116,Raichur,16.212,77.3439,24.89,61.16,2.92,4.519
20250117,Raichur,16.212,77.3439,24.46,60.46,2.72,4.3848
20250118,Raichur,16.212,77.3439,24.02,57.14,2.76,4.1731
20250119,Raichur,16.212,77.3439,24.66,49.44,2.15,5.2714
20250120,Raichur,16.212,77.3439,24.37,39.59,2.09,5.4466
20250121,Raichur,16.212,77.3439,24.18,42.93,1.75,5.5939
20250122,Raichur,16.212,77.3439,24.38,50.52,2.3,5.7017
20250123,Raichur,16.212,77.3439,25.38,54.79,2.98,5.6753
20250124,Raichur,16.212,77.3439,25.13,53.38,2.64,5.6057
20250125,Raichur,16.212,77.3439,24.52,48.49,2.2,5.9124
20250126,Raichur,16.212,77.3439,24.74,46.91,2.43,5.8075
20250127,Raichur,16.212,77.3439,24.77,49.57,2.03,5.6945
20250128,Raichur,16.212,77.3439,25.29,51.03,2.28,5.5462
20250129,Raichur,16.212,77.3439,25.05,51.88,2.98,5.4751
20250130,Raichur,16.212,77.3439,24.53,47.18,1.95,5.7967
20250131,Raichur,16.212,77.3439,25.17,40.31,1.69,5.9671
20250201,Raichur,16.212,77.3439,25.72,42.36,1.85,5.9309
20250202,Raichur,16.212,77.3439,26.02,45.53,2.63,5.7634
20250203,Raichur,16.212,77.3439,26.05,44.05,2.62,6.2292
20250204,Raichur,16.212,77.3439,26.57,39.83,2.24,6.12
20250205,Raichur,16.212,77.3439,27.13,40.67,2.41,5.9038
20250206,Raichur,16.212,77.3439,27.16,42.43,2.69,5.6986
20250207,Raichur,16.212,77.3439,27.27,43.91,2.18,5.5682
20250208,Raichur,16.212,77.3439,27.05,37.61,2.27,5.3184
20250209,Raichur,16.212,77.3439,27.07,42.98,2.61,5.4677
20250210,Raichur,16.212,77.3439,27.14,50.03,2.17,5.3918
20250211,Raichur,16.212,77.3439,26.77,46.49,1.94,5.694
20250212,Raichur,16.212,77.3439,27.21,40.09,1.51,5.7504
20250213,Raichur,16.212,77.3439,27.32,32.55,1.37,6.0202
20250214,Raichur,16.212,77.3439,26.52,23.4,1.78,6.085
20250215,Raichur,16.212,77.3439,26.76,19.05,2.21,6.319
20250216,Raichur,16.212,77.3439,26.53,27.42,1.75,6.4606
20250217,Raichur,16.212,77.3439,27.03,43.65,2.05,6.313
20250218,Raichur,16.212,77.3439,28.29,40.18,1.72,6.1925
20250219,Raichur,16.212,77.3439,28.2,38.9,1.64,6.0689
20250220,Raichur,16.212,77.3439,28.61,42.66,1.73,5.7422
20250221,Raichur,16.212,77.3439,28.88,44.39,1.94,5.4031
20250222,Raichur,16.212,77.3439,28.94,37.6,2.18,5.8978
20250223,Raichur,16.212,77.3439,27.98,30.18,2.71,6.1104
20250224,Raichur,16.212,77.3439,27.59,26.34,3.12,6.7188
20250225,Raichur,16.212,77.3439,27.39,42.09,2.83,6.371
20250226,Raichur,16.212,77.3439,27.94,46.55,3.11,6.1716
20250227,Raichur,16.212,77.3439,27.99,44.61,2.88,6.115
20250228,Raichur,16.212,77.3439,28.36,45.42,2.87,6.1039
20250301,Raichur,16.212,77.3439,28.59,38.55,2.54,6.7006
20250302,Raichur,16.212,77.3439,28.79,37.58,2.46,6.6862
20250303,Raichur,16.212,77.3439,29.53,32.16,2.13,6.3415
20250304,Raichur,16.212,77.3439,30.28,26.69,2.39,5.5488
20250305,Raichur,16.212,77.3439,29.85,20.04,2.63,6.5801
20250306,Raichur,16.212,77.3439,28.17,9.22,2.55,7.3241
20250307,Raichur,16.212,77.3439,26.9,10.34,2.01,6.984
20250308,Raichur,16.212,77.3439,28.23,20.63,1.47,6.7999
20250309,Raichur,16.212,77.3439,28.23,40.79,2.9,6.5686
20250310,Raichur,16.212,77.3439,28.49,47.02,3.58,6.5047
20250311,Raichur,16.212,77.3439,28.63,40.37,3.19,6.5947
20250312,Raichur,16.212,77.3439,29.43,38.62,2.06,6.8678
20250313,Raichur,16.212,77.3439,30.46,36.49,1.87,6.6761
20250314,Raichur,16.212,77.3439,31.13,29.44,1.86,6.4591
20250315,Raichur,16.212,77.3439,31.3,30.53,2.78,6.7248
20250316,Raichur,16.212,77.3439,30.62,29.19,3.35,6.8359
20250317,Raichur,16.212,77.3439,30.21,28.08,1.81,6.7901
20250318,Raichur,16.212,77.3439,31.04,37.59,2.71,7.0162
20250319,Raichur,16.212,77.3439,31.01,38.55,3.53,7.1323
20250320,Raichur,16.212,77.3439,30.7,44.54,3.25,7.0678
20250321,Raichur,16.212,77.3439,31.62,44.85,2.91,6.6914
20250322,Raichur,16.212,77.3439,31.79,46.76,3.36,6.4486
20250323,Raichur,16.212,77.3439,31.49,46.75,3.18,6.0797
20250324,Raichur,16.212,77.3439,31.25,44.7,2.84,5.4182
20250325,Raichur,16.212,77.3439,31.32,34.64,1.97,6.4855
20250326,Raichur,16.212,77.3439,31.36,30.69,2.16,6.4958
20250327,Raichur,16.212,77.3439,31.81,33.39,1.87,6.4361
20250328,Raichur,16.212,77.3439,32.6,24.96,1.38,6.3098
20250329,Raichur,16.212,77.3439,32.68,24.32,2.04,6.1126
20250330,Raichur,16.212,77.3439,32.63,24.14,2.35,5.9758
20250331,Raichur,16.212,77.3439,32.41,29.3,2.93,5.6674
20250401,Raichur,16.212,77.3439,31.0,37.04,3.14,6.4258
20250402,Raichur,16.212,77.3439,29.83,46.04,2.47,6.7277
20250403,Raichur,16.212,77.3439,29.49,57.09,2.45,5.0417
20250404,Raichur,16.212,77.3439,30.22,51.99,1.68,6.5885
20250405,Raichur,16.212,77.3439,31.7,42.07,2.08,6.5988
20250406,Raichur,16.212,77.3439,31.96,39.11,2.15,6.4171
20250407,Raichur,16.212,77.3439,32.47,35.79,2.55,6.8141
20250408,Raichur,16.212,77.3439,32.29,37.75,2.8,6.935
20250409,Raichur,16.212,77.3439,31.83,38.15,2.0,6.6427
20250410,Raichur,16.212,77.3439,32.38,41.68,1.9,6.3967
20250411,Raichur,16.212,77.3439,31.81,39.8,2.52,6.7634
20250412,Raichur,16.212,77.3439,32.03,35.3,2.33,6.8717
20250413,Raichur,16.212,77.3439,32.72,27.27,2.22,7.1338
20250414,Raichur,16.212,77.3439,32.66,35.74,1.73,6.7445
20250415,Raichur,16.212,77.3439,32.99,34.26,2.0,6.467
20250416,Raichur,16.212,77.3439,32.73,42.73,2.2,6.3653
20250417,Raichur,16.212,77.3439,33.59,38.5,1.84,6.5292
20250418,Raichur,16.212,77.3439,33.34,45.81,1.68,5.9066
20250419,Raichur,16.212,77.3439,32.86,47.94,1.8,5.9659
20250420,Raichur,16.212,77.3439,34.18,40.22,1.97,6.061
20250421,Raichur,16.212,77.3439,34.03,42.97,2.17,6.1219
20250422,Raichur,16.212,77.3439,34.5,34.65,2.14,6.4963
20250423,Raichur,16.212,77.3439,34.56,31.08,1.82,6.6811
20250424,Raichur,16.212,77.3439,34.28,30.02,1.77,6.2866
20250425,Raichur,16.212,77.3439,34.69,34.3,2.17,6.5566
20250426,Raichur,16.212,77.3439,35.27,34.52,2.15,5.8519
20250427,Raichur,16.212,77.3439,33.81,40.59,2.97,4.1167
20250428,Raichur,16.212,77.3439,33.41,40.1,2.49,6.9175
20250429,Raichur,16.212,77.3439,33.91,38.13,2.04,6.8002
20250430,Raichur,16.212,77.3439,34.96,33.58,2.3,6.7394
20250501,Raichur,16.212,77.3439,34.75,34.5,2.0,6.943
20250502,Raichur,16.212,77.3439,35.0,36.95,2.64,6.4913
20250503,Raichur,16.212,77.3439,33.52,42.86,2.57,6.9629
20250504,Raichur,16.212,77.3439,34.07,27.45,3.78,7.3188
20250505,Raichur,16.212,77.3439,33.37,28.06,1.91,7.589
20250506,Raichur,16.212,77.3439,33.7,31.17,1.41,6.7145
20250507,Raichur,16.212,77.3439,33.68,28.79,2.0,7.0104
20250508,Raichur,16.212,77.3439,33.03,30.87,2.03,6.9127
20250509,Raichur,16.212,77.3439,33.11,34.65,1.54,7.4748
20250510,Raichur,16.212,77.3439,34.15,33.21,1.23,6.685
20250511,Raichur,16.212,77.3439,34.63,34.62,1.5,6.5743
20250512,Raichur,16.212,77.3439,35.66,32.03,2.36,6.3077
20250513,Raichur,16.212,77.3439,34.11,44.17,1.83,6.3019
20250514,Raichur,16.212,77.3439,33.78,45.66,1.7,6.2033
20250515,Raichur,16.212,77.3439,30.79,62.28,1.62,5.802
20250516,Raichur,16.212,77.3439,29.44,67.44,1.23,4.6846
20250517,Raichur,16.212,77.3439,30.62,62.7,1.6,5.9126
20250518,Raichur,16.212,77.3439,28.83,74.67,1.89,5.166
20250519,Raichur,16.212,77.3439,29.35,69.93,2.35,4.434
20250520,Raichur,16.212,77.3439,29.13,68.74,2.12,5.2879
20250521,Raichur,16.212,77.3439,27.6,80.2,3.22,3.905
20250522,Raichur,16.212,77.3439,28.15,72.62,2.28,6.1387
20250523,Raichur,16.212,77.3439,29.1,67.96,4.7,5.2555
20250524,Raichur,16.212,77.3439,28.75,71.2,5.22,4.4618
20250525,Raichur,16.212,77.3439,28.38,70.8,4.95,3.9907
20250526,Raichur,16.212,77.3439,26.43,74.06,6.16,2.2822
20250527,Raichur,16.212,77.3439,27.23,75.4,3.71,3.7829
20250528,Raichur,16.212,77.3439,27.28,75.91,5.25,3.7574
20250529,Raichur,16.212,77.3439,26.0,81.93,4.67,3.7056
20250530,Raichur,16.212,77.3439,27.7,74.12,4.21,4.7026
20250531,Raichur,16.212,77.3439,28.81,62.89,5.54,5.8339
20250601,Raichur,16.212,77.3439,28.63,64.1,4.74,6.2983
20250602,Raichur,16.212,77.3439,28.85,64.03,4.73,5.0347
20250603,Raichur,16.212,77.3439,28.42,68.1,3.88,5.724
20250604,Raichur,16.212,77.3439,28.85,63.18,3.82,6.7906
20250605,Raichur,16.212,77.3439,28.66,67.05,2.72,5.4554
20250606,Raichur,16.212,77.3439,29.66,65.29,2.87,6.4632
20250607,Raichur,16.212,77.3439,28.17,73.38,2.83,5.8882
20250608,Raichur,16.212,77.3439,28.7,69.28,3.74,6.0348
20250609,Raichur,16.212,77.3439,28.63,68.52,4.47,4.9162
20250610,Raichur,16.212,77.3439,29.5,64.97,4.64,3.5515
20250611,Raichur,16.212,77.3439,27.57,75.21,4.35,3.0312
20250612,Raichur,16.212,77.3439,27.0,83.14,3.2,3.9223
20250613,Raichur,16.212,77.3439,27.62,77.57,2.03,4.4426
20250614,Raichur,16.212,77.3439,27.19,80.09,3.07,3.2429
20250615,Raichur,16.212,77.3439,27.45,71.81,4.92,3.9406
20250616,Raichur,16.212,77.3439,27.0,74.72,5.8,4.1863
20250617,Raichur,16.212,77.3439,28.37,68.69,5.17,5.3287
20250618,Raichur,16.212,77.3439,28.47,69.67,5.28,5.3124
20250619,Raichur,16.212,77.3439,28.75,67.42,5.56,5.0666
20250620,Raichur,16.212,77.3439,28.5,68.31,5.18,5.1185
20250621,Raichur,16.212,77.3439,28.3,68.95,5.09,5.7262
20250622,Raichur,16.212,77.3439,28.28,67.42,5.19,5.5982
20250623,Raichur,16.212,77.3439,27.37,70.58,5.93,4.8886
20250624,Raichur,16.212,77.3439,27.36,68.52,6.21,3.5825
20250625,Raichur,16.212,77.3439,27.0,71.37,5.62,4.5312
20250626,Raichur,16.212,77.3439,27.48,71.09,5.32,4.8811
20250627,Raichur,16.212,77.3439,28.25,68.5,5.13,5.0777
20250628,Raichur,16.212,77.3439,28.39,67.3,4.86,5.4326
20250629,Raichur,16.212,77.3439,27.52,70.82,4.98,4.0848
20250630,Raichur,16.212,77.3439,27.05,72.28,5.31,3.4932
20250701,Raichur,16.212,77.3439,27.19,72.12,5.65,2.9153
20250702,Raichur,16.212,77.3439,26.52,77.02,4.62,2.669
20250703,Raichur,16.212,77.3439,27.57,69.49,5.69,5.0052
20250704,Raichur,16.212,77.3439,27.31,70.68,5.9,4.3428
20250705,Raichur,16.212,77.3439,27.4,69.78,6.04,4.7551
20250706,Raichur,16.212,77.3439,27.95,68.89,6.19,4.1136
20250707,Raichur,16.212,77.3439,27.98,67.02,6.1,4.8173
20250708,Raichur,16.212,77.3439,27.88,69.75,5.6,4.1484
20250709,Raichur,16.212,77.3439,28.17,68.55,5.17,5.0513
20250710,Raichur,16.212,77.3439,28.61,66.47,4.21,5.0426
20250711,Raichur,16.212,77.3439,28.31,67.98,4.13,5.8118
20250712,Raichur,16.212,77.3439,27.68,69.81,4.31,5.5666
20250713,Raichur,16.212,77.3439,28.11,68.16,4.53,4.6658
20250714,Raichur,16.212,77.3439,28.48,67.55,5.01,5.0645
20250715,Raichur,16.212,77.3439,28.32,68.24,4.87,4.3447
20250716,Raichur,16.212,77.3439,28.8,69.74,3.16,5.2198
20250717,Raichur,16.212,77.3439,26.89,79.16,2.91,5.4127
20250718,Raichur,16.212,77.3439,26.23,82.32,3.3,2.7516
20250719,Raichur,16.212,77.3439,26.78,73.57,3.66,4.9291
20250720,Raichur,16.212,77.3439,27.27,73.73,3.56,6.0199
20250721,Raichur,16.212,77.3439,26.1,83.63,3.35,4.951
20250722,Raichur,16.212,77.3439,26.33,81.15,4.65,4.4945
20250723,Raichur,16.212,77.3439,25.74,82.88,4.83,3.065
20250724,Raichur,16.212,77.3439,25.55,83.52,4.39,2.3554
20250725,Raichur,16.212,77.3439,25.75,84.16,5.11,3.7903
20250726,Raichur,16.212,77.3439,25.71,79.11,6.24,2.1773
20250727,Raichur,16.212,77.3439,26.34,73.64,5.9,4.6486
20250728,Raichur,16.212,77.3439,26.49,71.98,6.14,4.3625
20250729,Raichur,16.212,77.3439,26.75,70.5,6.5,4.2941
20250730,Raichur,16.212,77.3439,26.86,72.89,5.49,3.0346
20250731,Raichur,16.212,77.3439,27.3,73.26,4.43,3.7793
20250801,Raichur,16.212,77.3439,27.56,71.89,3.84,5.1521
20250802,Raichur,16.212,77.3439,27.66,73.22,3.14,5.9143
20250803,Raichur,16.212,77.3439,27.33,74.2,2.43,5.4902
20250804,Raichur,16.212,77.3439,27.29,79.25,1.73,5.401
20250805,Raichur,16.212,77.3439,27.51,80.96,1.38,5.43
20250806,Raichur,16.212,77.3439,28.07,77.97,1.38,6.0091
20250807,Raichur,16.212,77.3439,27.4,81.28,1.03,4.8154
20250808,Raichur,16.212,77.3439,26.65,82.13,1.23,4.9747
20250809,Raichur,16.212,77.3439,26.84,78.17,1.1,3.9098
20250810,Raichur,16.212,77.3439,25.49,85.38,1.87,4.2826
20250811,Raichur,16.212,77.3439,25.44,82.52,3.5,4.7633
20250812,Raichur,16.212,77.3439,24.91,82.7,3.67,3.8026
20250813,Raichur,16.212,77.3439,24.43,86.29,3.21,2.8908
20250814,Raichur,16.212,77.3439,24.59,86.61,3.76,3.0931
20250815,Raichur,16.212,77.3439,25.6,82.78,4.03,4.219
20250816,Raichur,16.212,77.3439,24.51,87.44,4.25,3.2386
20250817,Raichur,16.212,77.3439,25.02,85.97,4.59,3.0077
20250818,Raichur,16.212,77.3439,24.58,85.66,5.49,2.3179
20250819,Raichur,16.212,77.3439,24.42,85.89,5.64,2.4929
20250820,Raichur,16.212,77.3439,25.05,82.88,4.41,3.8419
20250821,Raichur,16.212,77.3439,26.03,80.26,3.58,5.0664
20250822,Raichur,16.212,77.3439,25.26,82.69,3.12,5.365
20250823,Raichur,16.212,77.3439,25.26,82.34,3.79,5.741
20250824,Raichur,16.212,77.3439,26.0,77.37,4.07,5.4838
20250825,Raichur,16.212,77.3439,25.69,78.12,3.9,5.7271
20250826,Raichur,16.212,77.3439,25.77,82.75,3.28,4.1736
20250827,Raichur,16.212,77.3439,24.81,86.65,3.82,2.5411
20250828,Raichur,16.212,77.3439,25.01,87.8,4.1,3.455
20250829,Raichur,16.212,77.3439,25.54,85.4,2.8,4.6982
20250830,Raichur,16.212,77.3439,26.33,83.27,2.93,5.1034
20250831,Raichur,16.212,77.3439,26.0,83.47,3.38,4.4748
20250901,Raichur,16.212,77.3439,25.97,82.08,3.93,4.3049
20250902,Raichur,16.212,77.3439,24.98,85.96,3.87,3.4289
20250903,Raichur,16.212,77.3439,25.62,83.05,3.71,4.9366
20250904,Raichur,16.212,77.3439,26.29,79.06,3.98,5.8985
20250905,Raichur,16.212,77.3439,25.9,79.92,3.08,5.5615
20250906,Raichur,16.212,77.3439,26.1,78.26,2.58,6.205
20250907,Raichur,16.212,77.3439,25.8,78.27,3.02,5.9638
20250908,Raichur,16.212,77.3439,25.42,78.45,2.21,6.7138
20250909,Raichur,16.212,77.3439,26.9,76.7,1.46,6.2335
20250910,Raichur,16.212,77.3439,26.26,82.65,2.01,4.5446
20250911,Raichur,16.212,77.3439,24.45,91.12,1.98,2.6786
20250912,Raichur,16.212,77.3439,24.69,87.47,2.41,3.6773
20250913,Raichur,16.212,77.3439,25.7,85.04,2.0,2.6537
20250914,Raichur,16.212,77.3439,26.26,83.5,1.84,3.8302
20250915,Raichur,16.212,77.3439,25.7,84.8,2.94,3.9629
20250916,Raichur,16.212,77.3439,25.6,86.27,2.32,3.3768
20250917,Raichur,16.212,77.3439,26.4,82.89,1.53,4.4659
20250918,Raichur,16.212,77.3439,26.55,83.52,1.56,4.4062
20250919,Raichur,16.212,77.3439,26.63,83.3,1.87,4.5946
20250920,Raichur,16.212,77.3439,26.37,84.7,2.32,4.8401
20250921,Raichur,16.212,77.3439,25.62,89.57,2.04,4.4765
20250922,Raichur,16.212,77.3439,25.62,86.43,2.5,4.6793
20250923,Raichur,16.212,77.3439,24.59,87.3,3.17,2.994
20250924,Raichur,16.212,77.3439,24.35,83.35,3.36,4.549
20250925,Raichur,16.212,77.3439,24.6,83.37,3.23,5.3482
20250926,Raichur,16.212,77.3439,23.38,91.75,4.26,0.8402
20250927,Raichur,16.212,77.3439,23.88,89.71,4.1,1.877
20250928,Raichur,16.212,77.3439,24.79,83.55,3.56,3.9235
20250929,Raichur,16.212,77.3439,24.93,85.61,2.8,5.4499
20250930,Raichur,16.212,77.3439,25.33,82.04,3.0,5.8831
20251001,Raichur,16.212,77.3439,25.54,82.87,2.81,5.3021
20251002,Raichur,16.212,77.3439,25.57,83.85,2.77,5.3414
20251003,Raichur,16.212,77.3439,26.02,80.83,2.46,5.7278
20251004,Raichur,16.212,77.3439,25.19,85.18,2.45,6.0425
20251005,Raichur,16.212,77.3439,25.47,84.84,2.0,4.6327
20251006,Raichur,16.212,77.3439,24.19,89.42,2.17,4.9699
20251007,Raichur,16.212,77.3439,25.29,83.0,1.78,5.495
20251008,Raichur,16.212,77.3439,25.53,82.62,1.05,4.9301
20251009,Raichur,16.212,77.3439,25.12,87.69,1.28,4.9598
20251010,Raichur,16.212,77.3439,25.14,83.25,1.7,5.724
20251011,Raichur,16.212,77.3439,23.49,79.01,2.08,5.3501
20251012,Raichur,16.212,77.3439,23.94,82.11,1.91,6.2796
20251013,Raichur,16.212,77.3439,24.47,88.47,2.19,4.6711
20251014,Raichur,16.212,77.3439,25.16,85.54,1.87,4.9805
20251015,Raichur,16.212,77.3439,25.44,85.18,2.51,5.0357
20251016,Raichur,16.212,77.3439,25.15,83.51,2.57,5.8123
20251017,Raichur,16.212,77.3439,24.91,84.86,2.7,5.2373
20251018,Raichur,16.212,77.3439,24.8,84.25,1.94,5.3062
20251019,Raichur,16.212,77.3439,24.28,86.31,2.5,4.74
20251020,Raichur,16.212,77.3439,24.71,85.41,1.86,4.7846
20251021,Raichur,16.212,77.3439,24.35,88.88,2.27,4.4758
20251022,Raichur,16.212,77.3439,24.92,88.27,3.35,4.3118
20251023,Raichur,16.212,77.3439,24.76,88.08,2.41,3.5654
20251024,Raichur,16.212,77.3439,24.6,86.44,1.04,3.0835
20251025,Raichur,16.212,77.3439,25.08,80.53,0.96,3.7015
20251026,Raichur,16.212,77.3439,25.41,84.52,1.32,4.368
20251027,Raichur,16.212,77.3439,24.93,87.15,1.36,4.747
20251028,Raichur,16.212,77.3439,23.58,89.18,2.52,2.0563
20251029,Raichur,16.212,77.3439,24.39,86.2,3.87,2.0081
20251030,Raichur,16.212,77.3439,24.36,82.61,2.72,5.2555
20251031,Raichur,16.212,77.3439,24.53,83.23,1.98,5.4758
20251101,Raichur,16.212,77.3439,25.59,77.92,1.54,4.5574
20251102,Raichur,16.212,77.3439,24.6,85.46,2.43,3.2573
20251103,Raichur,16.212,77.3439,25.07,85.39,2.18,4.3814
20251104,Raichur,16.212,77.3439,24.86,85.74,2.16,2.065
20251105,Raichur,16.212,77.3439,24.48,85.3,1.68,4.4405
20251106,Raichur,16.212,77.3439,23.94,84.15,1.68,2.5738
20251107,Raichur,16.212,77.3439,23.5,78.05,1.8,5.3071
20251108,Raichur,16.212,77.3439,21.35,74.42,1.92,5.7694
20251109,Raichur,16.212,77.3439,19.65,75.06,1.7,5.3971
20251110,Raichur,16.212,77.3439,20.79,73.89,1.22,5.2214
20251111,Raichur,16.212,77.3439,21.28,77.52,1.19,5.2625
20251112,Raichur,16.212,77.3439,21.11,74.68,1.87,5.4986
20251113,Raichur,16.212,77.3439,20.2,73.06,1.87,5.2711
20251114,Raichur,16.212,77.3439,18.59,73.23,1.86,5.5759
20251115,Raichur,16.212,77.3439,18.8,77.55,1.83,5.4593
20251116,Raichur,16.212,77.3439,19.25,77.59,2.0,5.4494
20251117,Raichur,16.212,77.3439,18.29,75.73,2.01,5.539
20251118,Raichur,16.212,77.3439,19.23,74.21,1.9,5.586
20251119,Raichur,16.212,77.3439,20.35,78.64,1.68,5.3561
20251120,Raichur,16.212,77.3439,19.41,73.15,1.79,5.5097
20251121,Raichur,16.212,77.3439,22.09,84.33,2.16,5.0076
20251122,Raichur,16.212,77.3439,23.74,82.02,2.66,4.7933
20251123,Raichur,16.212,77.3439,23.83,81.28,2.15,4.4798
20251124,Raichur,16.212,77.3439,24.05,80.32,2.41,4.145
20251125,Raichur,16.212,77.3439,23.0,78.64,2.23,5.0374
20251126,Raichur,16.212,77.3439,22.18,77.05,2.3,4.7906
20251127,Raichur,16.212,77.3439,22.02,79.52,2.28,4.5562
20251128,Raichur,16.212,77.3439,20.83,75.79,2.19,4.5502
20251129,Raichur,16.212,77.3439,20.85,74.58,2.21,3.8215
20251130,Raichur,16.212,77.3439,22.14,80.27,2.62,4.1496
20251201,Raichur,16.212,77.3439,22.7,75.9,2.11,4.7429
20251202,Raichur,16.212,77.3439,23.59,76.06,2.24,4.2698
20251203,Raichur,16.212,77.3439,22.97,79.99,2.81,3.7999
20251204,Raichur,16.212,77.3439,23.45,81.39,2.76,3.2172
20251205,Raichur,16.212,77.3439,23.37,78.44,2.54,3.6893
20251206,Raichur,16.212,77.3439,20.65,79.65,2.02,4.5226
20251207,Raichur,16.212,77.3439,21.05,72.25,2.26,4.7465
20251208,Raichur,16.212,77.3439,20.08,72.68,1.85,4.5763
20251209,Raichur,16.212,77.3439,19.17,66.25,1.97,5.3532
20251210,Raichur,16.212,77.3439,18.98,63.02,2.18,5.3472
20251211,Raichur,16.212,77.3439,18.54,60.08,1.92,5.3482
20251212,Raichur,16.212,77.3439,18.19,58.82,1.74,5.2094
20251213,Raichur,16.212,77.3439,19.09,64.45,1.51,5.123
20251214,Raichur,16.212,77.3439,19.56,71.36,1.72,5.0448
20251215,Raichur,16.212,77.3439,19.92,71.72,2.06,4.9142
20251216,Raichur,16.212,77.3439,20.4,70.85,2.09,4.8778
20251217,Raichur,16.212,77.3439,21.21,68.88,2.07,5.0815
20251218,Raichur,16.212,77.3439,19.65,66.62,2.04,5.0354
20251219,Raichur,16.212,77.3439,18.63,60.33,2.09,5.1499
20251220,Raichur,16.212,77.3439,18.6,60.1,1.89,5.1223
20251221,Raichur,16.212,77.3439,19.98,71.42,2.05,4.2564
20251222,Raichur,16.212,77.3439,20.78,73.56,1.95,4.3344
20251223,Raichur,16.212,77.3439,20.63,69.77,1.94,4.4062
20251224,Raichur,16.212,77.3439,19.79,66.14,2.0,4.4983
20251225,Raichur,16.212,77.3439,20.25,68.59,2.16,4.7045
20251226,Raichur,16.212,77.3439,21.13,68.26,2.39,4.7222
20251227,Raichur,16.212,77.3439,21.11,67.63,2.27,4.6303
20251228,Raichur,16.212,77.3439,20.83,66.85,2.0,4.6049
20251229,Raichur,16.212,77.3439,21.22,64.12,2.09,4.6942
20251230,Raichur,16.212,77.3439,22.1,63.64,1.41,4.5545
20251231,Raichur,16.212,77.3439,23.3,64.69,1.48,4.4875
