Date,District,Latitude,Longitude,Temperature,Humidity,WindSpeed,GHI
20200101,Ramanagara,12.7219,77.281,23.33,76.6,2.16,3.2345
20200102,Ramanagara,12.7219,77.281,23.85,74.68,1.98,4.0279
20200103,Ramanagara,12.7219,77.281,24.2,73.96,1.58,4.9488
20200104,Ramanagara,12.7219,77.281,24.87,73.07,1.03,4.745
20200105,Ramanagara,12.7219,77.281,24.57,74.66,1.86,4.6673
20200106,Ramanagara,12.7219,77.281,23.91,73.88,2.89,3.7903
20200107,Ramanagara,12.7219,77.281,22.88,72.16,2.58,4.9126
20200108,Ramanagara,12.7219,77.281,22.74,69.46,1.67,5.6791
20200109,Ramanagara,12.7219,77.281,22.88,70.3,1.54,5.4005
20200110,Ramanagara,12.7219,77.281,22.28,72.62,2.67,5.5524
20200111,Ramanagara,12.7219,77.281,21.59,65.13,2.51,6.0418
20200112,Ramanagara,12.7219,77.281,21.72,70.28,2.33,5.4324
20200113,Ramanagara,12.7219,77.281,22.35,70.28,1.23,5.1994
20200114,Ramanagara,12.7219,77.281,21.84,65.72,1.62,5.7816
20200115,Ramanagara,12.7219,77.281,20.78,62.7,2.03,5.9974
20200116,Ramanagara,12.7219,77.281,20.75,66.68,1.82,5.9659
20200117,Ramanagara,12.7219,77.281,21.99,68.47,1.97,5.8462
20200118,Ramanagara,12.7219,77.281,23.71,73.73,2.91,4.3253
20200119,Ramanagara,12.7219,77.281,23.86,71.49,2.36,5.0335
20200120,Ramanagara,12.7219,77.281,23.53,63.68,2.38,5.8985
20200121,Ramanagara,12.7219,77.281,22.34,62.38,2.46,6.1747
20200122,Ramanagara,12.7219,77.281,22.46,66.84,2.88,6.1577
20200123,Ramanagara,12.7219,77.281,23.13,66.09,2.84,6.0622
20200124,Ramanagara,12.7219,77.281,22.49,58.29,2.35,6.3374
20200125,Ramanagara,12.7219,77.281,21.68,51.68,1.83,6.4589
20200126,Ramanagara,12.7219,77.281,22.35,57.12,1.67,6.4049
20200127,Ramanagara,12.7219,77.281,23.18,56.29,1.72,6.1754
20200128,Ramanagara,12.7219,77.281,24.21,55.86,1.83,5.9141
20200129,Ramanagara,12.7219,77.281,24.15,59.2,1.68,6.2148
20200130,Ramanagara,12.7219,77.281,24.55,57.49,1.31,6.2995
20200131,Ramanagara,12.7219,77.281,24.47,57.21,1.85,6.3
20200201,Ramanagara,12.7219,77.281,24.21,62.7,2.84,5.8836
20200202,Ramanagara,12.7219,77.281,23.98,59.71,2.92,5.9791
20200203,Ramanagara,12.7219,77.281,23.77,58.47,2.46,6.4126
20200204,Ramanagara,12.7219,77.281,23.9,59.58,2.37,6.3211
20200205,Ramanagara,12.7219,77.281,24.23,59.18,2.2,5.4391
20200206,Ramanagara,12.7219,77.281,24.6,53.92,1.84,5.6782
20200207,Ramanagara,12.7219,77.281,24.9,58.66,2.25,5.3182
20200208,Ramanagara,12.7219,77.281,26.03,52.23,1.93,5.8445
20200209,Ramanagara,12.7219,77.281,25.07,58.48,3.2,5.4271
20200210,Ramanagara,12.7219,77.281,25.18,57.37,3.48,5.7974
20200211,Ramanagara,12.7219,77.281,24.7,55.8,3.68,6.5021
20200212,Ramanagara,12.7219,77.281,24.13,53.48,2.97,5.7079
20200213,Ramanagara,12.7219,77.281,24.63,50.04,2.32,6.575
20200214,Ramanagara,12.7219,77.281,25.22,49.97,1.23,6.4553
20200215,Ramanagara,12.7219,77.281,25.7,42.73,1.42,6.6122
20200216,Ramanagara,12.7219,77.281,24.64,40.19,2.38,6.8246
20200217,Ramanagara,12.7219,77.281,23.64,39.64,2.34,7.0543
20200218,Ramanagara,12.7219,77.281,24.26,48.19,2.6,7.0087
20200219,Ramanagara,12.7219,77.281,24.43,53.91,2.29,6.5297
20200220,Ramanagara,12.7219,77.281,24.42,48.75,2.82,6.9444
20200221,Ramanagara,12.7219,77.281,24.34,47.14,2.67,7.0771
20200222,Ramanagara,12.7219,77.281,25.08,54.86,3.04,6.84
20200223,Ramanagara,12.7219,77.281,25.74,50.59,2.94,6.1128
20200224,Ramanagara,12.7219,77.281,26.03,50.89,2.87,5.2531
20200225,Ramanagara,12.7219,77.281,26.43,51.09,1.92,6.7718
20200226,Ramanagara,12.7219,77.281,27.07,52.84,2.63,6.2582
20200227,Ramanagara,12.7219,77.281,26.83,53.9,2.54,5.3878
20200228,Ramanagara,12.7219,77.281,26.98,52.98,3.08,5.447
20200229,Ramanagara,12.7219,77.281,27.27,50.34,2.6,6.1402
20200301,Ramanagara,12.7219,77.281,27.52,51.0,2.52,6.161
20200302,Ramanagara,12.7219,77.281,25.46,56.75,1.88,4.2005
20200303,Ramanagara,12.7219,77.281,27.82,49.37,1.5,5.651
20200304,Ramanagara,12.7219,77.281,28.1,51.79,1.43,5.3194
20200305,Ramanagara,12.7219,77.281,28.06,51.03,2.8,5.7499
20200306,Ramanagara,12.7219,77.281,27.8,53.91,2.38,5.5457
20200307,Ramanagara,12.7219,77.281,26.92,59.61,2.33,5.0498
20200308,Ramanagara,12.7219,77.281,28.28,54.53,2.55,5.7888
20200309,Ramanagara,12.7219,77.281,28.56,50.04,2.44,5.6388
20200310,Ramanagara,12.7219,77.281,28.35,41.28,2.56,6.5527
20200311,Ramanagara,12.7219,77.281,27.94,44.99,2.29,6.6698
20200312,Ramanagara,12.7219,77.281,27.77,40.11,2.33,6.8359
20200313,Ramanagara,12.7219,77.281,27.33,38.73,2.52,7.1986
20200314,Ramanagara,12.7219,77.281,27.69,46.21,2.55,7.3507
20200315,Ramanagara,12.7219,77.281,28.32,48.72,2.92,7.1602
20200316,Ramanagara,12.7219,77.281,28.46,47.37,2.99,7.051
20200317,Ramanagara,12.7219,77.281,27.77,46.03,3.21,7.4098
20200318,Ramanagara,12.7219,77.281,27.46,40.58,2.58,7.5163
20200319,Ramanagara,12.7219,77.281,28.35,35.89,1.69,7.2842
20200320,Ramanagara,12.7219,77.281,28.34,42.58,1.62,5.5891
20200321,Ramanagara,12.7219,77.281,29.45,43.01,1.39,6.6432
20200322,Ramanagara,12.7219,77.281,29.97,38.79,1.82,6.5832
20200323,Ramanagara,12.7219,77.281,29.57,41.69,2.46,5.2282
20200324,Ramanagara,12.7219,77.281,29.25,38.43,2.66,6.7022
20200325,Ramanagara,12.7219,77.281,28.3,45.74,2.73,6.0314
20200326,Ramanagara,12.7219,77.281,28.26,44.95,2.95,6.7706
20200327,Ramanagara,12.7219,77.281,27.84,47.18,2.7,7.1666
20200328,Ramanagara,12.7219,77.281,27.91,37.84,2.3,7.4393
20200329,Ramanagara,12.7219,77.281,27.8,36.24,2.28,7.5754
20200330,Ramanagara,12.7219,77.281,28.2,32.79,2.72,7.644
20200331,Ramanagara,12.7219,77.281,28.28,36.12,2.57,7.5634
20200401,Ramanagara,12.7219,77.281,28.76,38.9,2.54,7.5744
20200402,Ramanagara,12.7219,77.281,29.71,38.24,2.46,7.321
20200403,Ramanagara,12.7219,77.281,29.38,40.09,2.7,7.3682
20200404,Ramanagara,12.7219,77.281,28.81,42.38,2.27,7.6745
20200405,Ramanagara,12.7219,77.281,29.97,49.23,2.9,7.2406
20200406,Ramanagara,12.7219,77.281,29.32,52.99,1.54,5.9726
20200407,Ramanagara,12.7219,77.281,25.25,63.47,1.31,4.3315
20200408,Ramanagara,12.7219,77.281,28.08,53.78,0.88,6.0852
20200409,Ramanagara,12.7219,77.281,27.51,61.82,2.22,6.3835
20200410,Ramanagara,12.7219,77.281,27.33,56.61,2.3,6.0046
20200411,Ramanagara,12.7219,77.281,27.18,55.44,2.47,7.0644
20200412,Ramanagara,12.7219,77.281,27.75,48.09,2.25,7.278
20200413,Ramanagara,12.7219,77.281,28.48,42.52,2.67,7.3046
20200414,Ramanagara,12.7219,77.281,28.27,38.25,3.04,7.7126
20200415,Ramanagara,12.7219,77.281,28.08,41.6,2.11,7.7942
20200416,Ramanagara,12.7219,77.281,28.98,45.58,2.4,7.4592
20200417,Ramanagara,12.7219,77.281,30.04,46.94,2.72,7.0402
20200418,Ramanagara,12.7219,77.281,30.39,46.24,3.07,6.6456
20200419,Ramanagara,12.7219,77.281,30.14,47.49,3.36,7.0226
20200420,Ramanagara,12.7219,77.281,29.55,46.6,2.92,7.5646
20200421,Ramanagara,12.7219,77.281,29.61,41.56,1.91,7.5672
20200422,Ramanagara,12.7219,77.281,30.93,44.13,2.32,6.6914
20200423,Ramanagara,12.7219,77.281,30.77,47.78,1.78,6.5873
20200424,Ramanagara,12.7219,77.281,29.65,54.35,1.82,5.1761
20200425,Ramanagara,12.7219,77.281,29.01,58.45,1.71,5.5548
20200426,Ramanagara,12.7219,77.281,28.93,57.19,3.16,5.6143
20200427,Ramanagara,12.7219,77.281,28.03,60.92,1.54,5.5222
20200428,Ramanagara,12.7219,77.281,27.06,71.51,2.07,5.7866
20200429,Ramanagara,12.7219,77.281,24.03,80.99,1.82,3.0828
20200430,Ramanagara,12.7219,77.281,27.92,60.25,1.49,6.9223
20200501,Ramanagara,12.7219,77.281,28.96,58.36,1.35,6.5638
20200502,Ramanagara,12.7219,77.281,29.87,56.49,1.28,6.0583
20200503,Ramanagara,12.7219,77.281,29.71,53.34,1.84,6.4217
20200504,Ramanagara,12.7219,77.281,30.28,48.09,2.06,7.0392
20200505,Ramanagara,12.7219,77.281,30.7,46.65,2.25,6.9972
20200506,Ramanagara,12.7219,77.281,29.82,51.45,1.78,6.0559
20200507,Ramanagara,12.7219,77.281,29.91,53.77,1.08,5.755
20200508,Ramanagara,12.7219,77.281,30.02,52.72,1.86,6.0317
20200509,Ramanagara,12.7219,77.281,31.09,45.33,2.79,7.2509
20200510,Ramanagara,12.7219,77.281,30.42,46.11,2.83,6.8566
20200511,Ramanagara,12.7219,77.281,29.85,47.99,2.83,5.9592
20200512,Ramanagara,12.7219,77.281,28.34,51.83,2.19,6.3485
20200513,Ramanagara,12.7219,77.281,30.21,35.83,1.84,6.1896
20200514,Ramanagara,12.7219,77.281,30.49,44.3,1.86,6.5933
20200515,Ramanagara,12.7219,77.281,30.85,39.26,2.01,6.3679
20200516,Ramanagara,12.7219,77.281,31.53,39.58,2.22,5.1895
20200517,Ramanagara,12.7219,77.281,29.57,53.09,2.24,5.4322
20200518,Ramanagara,12.7219,77.281,27.03,65.42,5.29,5.0626
20200519,Ramanagara,12.7219,77.281,28.4,59.93,5.23,5.5555
20200520,Ramanagara,12.7219,77.281,29.3,56.7,4.23,6.1322
20200521,Ramanagara,12.7219,77.281,29.37,52.52,3.1,6.667
20200522,Ramanagara,12.7219,77.281,30.08,47.27,3.15,6.456
20200523,Ramanagara,12.7219,77.281,31.93,41.29,1.52,6.2522
20200524,Ramanagara,12.7219,77.281,31.89,45.35,2.1,6.7138
20200525,Ramanagara,12.7219,77.281,29.48,60.78,1.7,6.6365
20200526,Ramanagara,12.7219,77.281,28.85,65.9,1.8,6.6386
20200527,Ramanagara,12.7219,77.281,27.95,72.83,2.18,5.9909
20200528,Ramanagara,12.7219,77.281,27.69,72.05,1.86,6.6722
20200529,Ramanagara,12.7219,77.281,25.92,75.94,2.45,6.8846
20200530,Ramanagara,12.7219,77.281,26.8,69.93,1.28,5.6004
20200531,Ramanagara,12.7219,77.281,27.53,67.94,1.88,6.1913
20200601,Ramanagara,12.7219,77.281,25.93,76.15,2.03,5.7701
20200602,Ramanagara,12.7219,77.281,25.96,71.01,2.33,5.6009
20200603,Ramanagara,12.7219,77.281,25.08,76.14,2.57,5.4535
20200604,Ramanagara,12.7219,77.281,24.75,77.28,2.93,5.5493
20200605,Ramanagara,12.7219,77.281,25.82,72.77,2.75,6.0542
20200606,Ramanagara,12.7219,77.281,25.18,74.29,2.98,5.9801
20200607,Ramanagara,12.7219,77.281,26.57,67.1,3.67,5.5471
20200608,Ramanagara,12.7219,77.281,26.27,62.9,3.88,6.5184
20200609,Ramanagara,12.7219,77.281,26.37,60.45,3.75,6.091
20200610,Ramanagara,12.7219,77.281,26.49,66.94,4.52,5.3026
20200611,Ramanagara,12.7219,77.281,25.02,73.16,4.68,4.2274
20200612,Ramanagara,12.7219,77.281,24.85,68.46,5.44,4.4018
20200613,Ramanagara,12.7219,77.281,25.75,64.26,5.04,5.04
20200614,Ramanagara,12.7219,77.281,25.4,66.32,5.67,5.4034
20200615,Ramanagara,12.7219,77.281,26.87,65.84,4.68,5.6966
20200616,Ramanagara,12.7219,77.281,26.42,69.28,4.19,5.1852
20200617,Ramanagara,12.7219,77.281,25.73,71.75,3.86,4.1702
20200618,Ramanagara,12.7219,77.281,25.62,68.39,4.29,4.1693
20200619,Ramanagara,12.7219,77.281,26.08,66.18,3.86,5.6662
20200620,Ramanagara,12.7219,77.281,25.52,66.11,3.96,5.6314
20200621,Ramanagara,12.7219,77.281,26.23,66.52,3.87,5.694
20200622,Ramanagara,12.7219,77.281,25.84,64.56,4.43,5.8495
20200623,Ramanagara,12.7219,77.281,25.04,62.8,3.54,6.1884
20200624,Ramanagara,12.7219,77.281,25.54,69.33,2.83,6.3497
20200625,Ramanagara,12.7219,77.281,23.76,82.43,1.58,5.7286
20200626,Ramanagara,12.7219,77.281,25.27,76.81,1.61,5.3011
20200627,Ramanagara,12.7219,77.281,25.31,78.37,2.21,5.5315
20200628,Ramanagara,12.7219,77.281,24.96,83.64,2.73,4.8202
20200629,Ramanagara,12.7219,77.281,24.5,84.78,2.35,4.6474
20200630,Ramanagara,12.7219,77.281,24.74,81.09,2.85,5.6047
20200701,Ramanagara,12.7219,77.281,24.49,75.39,3.48,5.0206
20200702,Ramanagara,12.7219,77.281,23.12,80.14,4.08,3.8534
20200703,Ramanagara,12.7219,77.281,23.24,82.68,3.98,4.9865
20200704,Ramanagara,12.7219,77.281,24.08,76.38,4.79,4.513
20200705,Ramanagara,12.7219,77.281,23.21,77.65,4.1,4.0426
20200706,Ramanagara,12.7219,77.281,23.96,77.9,3.59,4.3253
20200707,Ramanagara,12.7219,77.281,23.96,78.32,3.62,5.3359
20200708,Ramanagara,12.7219,77.281,23.58,84.6,2.24,4.7712
20200709,Ramanagara,12.7219,77.281,23.25,84.55,2.2,5.7799
20200710,Ramanagara,12.7219,77.281,24.03,79.64,2.36,4.4544
20200711,Ramanagara,12.7219,77.281,23.97,80.9,2.06,5.8025
20200712,Ramanagara,12.7219,77.281,24.61,80.11,2.68,6.1562
20200713,Ramanagara,12.7219,77.281,23.7,82.33,2.52,5.2937
20200714,Ramanagara,12.7219,77.281,23.69,84.12,2.72,4.0553
20200715,Ramanagara,12.7219,77.281,23.73,82.56,3.42,3.5616
20200716,Ramanagara,12.7219,77.281,23.62,82.39,3.32,3.5496
20200717,Ramanagara,12.7219,77.281,23.42,81.87,2.88,3.5664
20200718,Ramanagara,12.7219,77.281,24.23,80.6,2.0,4.6315
20200719,Ramanagara,12.7219,77.281,24.3,80.73,1.73,5.1804
20200720,Ramanagara,12.7219,77.281,24.12,85.29,2.1,5.4648
20200721,Ramanagara,12.7219,77.281,24.42,80.1,1.33,6.78
20200722,Ramanagara,12.7219,77.281,24.41,81.8,1.73,5.839
20200723,Ramanagara,12.7219,77.281,23.59,88.29,0.98,5.4989
20200724,Ramanagara,12.7219,77.281,23.94,83.65,1.59,3.9386
20200725,Ramanagara,12.7219,77.281,23.28,83.01,1.44,5.4946
20200726,Ramanagara,12.7219,77.281,23.13,82.8,2.77,5.2961
20200727,Ramanagara,12.7219,77.281,23.89,80.45,2.94,5.9297
20200728,Ramanagara,12.7219,77.281,24.26,82.75,2.59,5.8102
20200729,Ramanagara,12.7219,77.281,22.56,90.08,2.45,3.366
20200730,Ramanagara,12.7219,77.281,23.49,87.48,2.58,5.2687
20200731,Ramanagara,12.7219,77.281,24.13,83.22,2.01,5.2519
20200801,Ramanagara,12.7219,77.281,23.46,85.09,2.92,4.5209
20200802,Ramanagara,12.7219,77.281,22.56,86.92,4.08,4.9162
20200803,Ramanagara,12.7219,77.281,23.48,83.75,4.52,3.6432
20200804,Ramanagara,12.7219,77.281,23.3,79.26,5.84,3.0629
20200805,Ramanagara,12.7219,77.281,23.27,79.73,6.59,3.7222
20200806,Ramanagara,12.7219,77.281,24.8,79.65,5.23,4.3046
20200807,Ramanagara,12.7219,77.281,24.29,82.02,4.64,4.0361
20200808,Ramanagara,12.7219,77.281,23.36,83.48,4.21,4.1198
20200809,Ramanagara,12.7219,77.281,22.63,84.78,3.91,3.4442
20200810,Ramanagara,12.7219,77.281,22.8,85.85,2.82,4.3457
20200811,Ramanagara,12.7219,77.281,23.64,83.58,3.38,4.1762
20200812,Ramanagara,12.7219,77.281,23.72,82.89,3.6,4.0426
20200813,Ramanagara,12.7219,77.281,23.65,82.44,3.51,4.9558
20200814,Ramanagara,12.7219,77.281,23.75,80.3,3.77,3.8268
20200815,Ramanagara,12.7219,77.281,23.46,81.39,3.64,3.791
20200816,Ramanagara,12.7219,77.281,23.87,81.7,3.51,2.4701
20200817,Ramanagara,12.7219,77.281,23.98,81.81,3.22,3.7464
20200818,Ramanagara,12.7219,77.281,24.3,81.24,3.33,4.2571
20200819,Ramanagara,12.7219,77.281,23.83,83.05,3.19,3.9821
20200820,Ramanagara,12.7219,77.281,23.81,82.49,3.22,3.8623
20200821,Ramanagara,12.7219,77.281,24.42,80.85,2.86,4.6135
20200822,Ramanagara,12.7219,77.281,24.4,82.48,2.51,5.4228
20200823,Ramanagara,12.7219,77.281,24.05,83.79,2.12,4.717
20200824,Ramanagara,12.7219,77.281,24.48,81.05,1.68,5.3743
20200825,Ramanagara,12.7219,77.281,25.01,77.31,1.54,6.7898
20200826,Ramanagara,12.7219,77.281,23.96,83.38,1.54,5.3866
20200827,Ramanagara,12.7219,77.281,23.84,80.7,1.97,5.6844
20200828,Ramanagara,12.7219,77.281,24.68,75.76,2.27,6.9991
20200829,Ramanagara,12.7219,77.281,24.83,77.87,2.25,6.9439
20200830,Ramanagara,12.7219,77.281,24.8,81.49,1.79,6.2784
20200831,Ramanagara,12.7219,77.281,24.34,83.92,1.64,5.6227
20200901,Ramanagara,12.7219,77.281,22.71,90.21,2.48,5.1396
20200902,Ramanagara,12.7219,77.281,22.52,91.9,2.03,3.3914
20200903,Ramanagara,12.7219,77.281,23.52,87.64,1.64,4.4666
20200904,Ramanagara,12.7219,77.281,24.31,84.76,1.27,5.3242
20200905,Ramanagara,12.7219,77.281,24.37,84.23,1.37,4.4822
20200906,Ramanagara,12.7219,77.281,24.23,86.66,1.32,4.9126
20200907,Ramanagara,12.7219,77.281,23.44,88.25,1.9,5.2342
20200908,Ramanagara,12.7219,77.281,24.28,81.55,0.98,5.603
20200909,Ramanagara,12.7219,77.281,24.09,85.26,1.79,4.9075
20200910,Ramanagara,12.7219,77.281,22.78,88.7,1.34,4.6118
20200911,Ramanagara,12.7219,77.281,22.7,86.47,3.2,4.0985
20200912,Ramanagara,12.7219,77.281,21.91,88.16,2.83,3.4114
20200913,Ramanagara,12.7219,77.281,21.41,85.49,3.41,2.9513
20200914,Ramanagara,12.7219,77.281,22.39,81.52,3.95,3.7538
20200915,Ramanagara,12.7219,77.281,23.14,83.97,3.26,4.1633
20200916,Ramanagara,12.7219,77.281,23.2,85.51,3.06,4.4275
20200917,Ramanagara,12.7219,77.281,23.65,84.28,2.91,5.0448
20200918,Ramanagara,12.7219,77.281,23.28,84.15,3.62,4.6742
20200919,Ramanagara,12.7219,77.281,22.9,84.25,4.21,3.6154
20200920,Ramanagara,12.7219,77.281,21.73,83.18,5.34,2.6986
20200921,Ramanagara,12.7219,77.281,22.04,83.23,4.77,4.0522
20200922,Ramanagara,12.7219,77.281,21.48,79.24,4.36,3.7769
20200923,Ramanagara,12.7219,77.281,22.72,80.59,3.22,5.3971
20200924,Ramanagara,12.7219,77.281,23.11,81.87,2.57,5.3213
20200925,Ramanagara,12.7219,77.281,22.47,85.85,1.33,5.4247
20200926,Ramanagara,12.7219,77.281,21.42,88.7,2.33,3.4838
20200927,Ramanagara,12.7219,77.281,22.76,84.85,1.85,4.8427
20200928,Ramanagara,12.7219,77.281,23.95,82.95,1.72,5.5474
20200929,Ramanagara,12.7219,77.281,23.57,88.3,2.37,4.783
20200930,Ramanagara,12.7219,77.281,22.49,88.73,2.39,4.5739
20201001,Ramanagara,12.7219,77.281,22.72,81.81,2.61,5.8486
20201002,Ramanagara,12.7219,77.281,23.33,83.61,1.75,5.3808
20201003,Ramanagara,12.7219,77.281,22.6,86.56,2.85,5.3964
20201004,Ramanagara,12.7219,77.281,22.33,86.26,2.53,4.3543
20201005,Ramanagara,12.7219,77.281,23.18,81.98,2.3,5.5855
20201006,Ramanagara,12.7219,77.281,24.11,80.3,1.69,6.1733
20201007,Ramanagara,12.7219,77.281,24.16,83.16,1.69,5.6129
20201008,Ramanagara,12.7219,77.281,23.76,84.15,1.28,5.574
20201009,Ramanagara,12.7219,77.281,23.28,86.05,0.82,4.6536
20201010,Ramanagara,12.7219,77.281,22.82,89.99,2.1,5.2008
20201011,Ramanagara,12.7219,77.281,22.1,88.71,2.55,3.2066
20201012,Ramanagara,12.7219,77.281,22.3,87.03,3.15,2.9688
20201013,Ramanagara,12.7219,77.281,22.15,88.78,3.18,2.669
20201014,Ramanagara,12.7219,77.281,22.0,83.72,3.77,3.895
20201015,Ramanagara,12.7219,77.281,22.27,86.39,2.54,4.9582
20201016,Ramanagara,12.7219,77.281,22.3,87.08,1.81,5.939
20201017,Ramanagara,12.7219,77.281,22.65,81.93,1.29,5.0064
20201018,Ramanagara,12.7219,77.281,23.15,84.77,1.22,4.0944
20201019,Ramanagara,12.7219,77.281,22.71,89.17,1.35,4.0258
20201020,Ramanagara,12.7219,77.281,22.99,88.95,1.26,2.7972
20201021,Ramanagara,12.7219,77.281,22.92,91.48,1.45,3.6094
20201022,Ramanagara,12.7219,77.281,23.09,89.23,1.44,4.3627
20201023,Ramanagara,12.7219,77.281,22.97,89.75,1.37,3.8369
20201024,Ramanagara,12.7219,77.281,23.13,87.15,1.53,3.9502
20201025,Ramanagara,12.7219,77.281,23.5,76.53,0.56,4.6457
20201026,Ramanagara,12.7219,77.281,23.53,81.62,1.04,5.7588
20201027,Ramanagara,12.7219,77.281,22.63,81.69,1.36,5.5627
20201028,Ramanagara,12.7219,77.281,22.51,82.34,1.65,5.7504
20201029,Ramanagara,12.7219,77.281,22.0,84.71,1.7,4.8434
20201030,Ramanagara,12.7219,77.281,22.35,81.83,1.41,5.569
20201031,Ramanagara,12.7219,77.281,23.18,76.97,1.01,5.4931
20201101,Ramanagara,12.7219,77.281,23.38,77.87,0.76,5.4089
20201102,Ramanagara,12.7219,77.281,23.44,83.35,0.94,4.7222
20201103,Ramanagara,12.7219,77.281,23.36,84.29,1.46,4.7863
20201104,Ramanagara,12.7219,77.281,23.72,84.93,1.36,4.3217
20201105,Ramanagara,12.7219,77.281,23.56,84.37,1.75,4.6877
20201106,Ramanagara,12.7219,77.281,23.02,83.76,1.73,5.4072
20201107,Ramanagara,12.7219,77.281,23.23,86.31,1.71,5.6978
20201108,Ramanagara,12.7219,77.281,22.92,88.4,2.15,4.2113
20201109,Ramanagara,12.7219,77.281,22.18,83.69,1.81,5.4926
20201110,Ramanagara,12.7219,77.281,19.91,78.72,1.91,6.2038
20201111,Ramanagara,12.7219,77.281,20.54,85.99,2.08,5.352
20201112,Ramanagara,12.7219,77.281,22.11,91.11,2.22,4.2662
20201113,Ramanagara,12.7219,77.281,22.4,89.83,2.16,2.6472
20201114,Ramanagara,12.7219,77.281,22.47,87.53,2.46,4.7666
20201115,Ramanagara,12.7219,77.281,22.61,89.74,2.55,2.9342
20201116,Ramanagara,12.7219,77.281,22.42,90.5,2.3,2.7199
20201117,Ramanagara,12.7219,77.281,22.18,88.38,2.56,3.5964
20201118,Ramanagara,12.7219,77.281,22.42,87.6,2.03,4.1693
20201119,Ramanagara,12.7219,77.281,22.08,85.98,2.12,4.8626
20201120,Ramanagara,12.7219,77.281,21.49,84.42,1.96,5.8433
20201121,Ramanagara,12.7219,77.281,19.98,77.16,1.46,6.2138
20201122,Ramanagara,12.7219,77.281,19.03,76.24,1.42,5.6837
20201123,Ramanagara,12.7219,77.281,19.31,79.66,1.61,4.757
20201124,Ramanagara,12.7219,77.281,20.65,86.29,1.99,4.0668
20201125,Ramanagara,12.7219,77.281,21.67,88.08,2.7,3.1382
20201126,Ramanagara,12.7219,77.281,19.9,92.87,5.27,0.9077
20201127,Ramanagara,12.7219,77.281,20.2,90.16,2.62,4.0039
20201128,Ramanagara,12.7219,77.281,20.69,88.08,1.87,3.5779
20201129,Ramanagara,12.7219,77.281,21.75,87.21,2.11,2.7113
20201130,Ramanagara,12.7219,77.281,21.35,86.34,2.31,4.1129
20201201,Ramanagara,12.7219,77.281,20.01,82.89,2.02,5.3174
20201202,Ramanagara,12.7219,77.281,20.77,83.1,2.41,4.3392
20201203,Ramanagara,12.7219,77.281,20.57,92.04,2.77,2.0633
20201204,Ramanagara,12.7219,77.281,20.9,91.91,2.76,1.962
20201205,Ramanagara,12.7219,77.281,21.67,87.39,2.4,2.5867
20201206,Ramanagara,12.7219,77.281,21.94,87.73,2.73,2.6088
20201207,Ramanagara,12.7219,77.281,22.24,88.4,2.87,2.897
20201208,Ramanagara,12.7219,77.281,22.04,88.86,2.68,3.1066
20201209,Ramanagara,12.7219,77.281,21.94,87.16,2.24,3.8134
20201210,Ramanagara,12.7219,77.281,20.32,80.04,1.58,5.6719
20201211,Ramanagara,12.7219,77.281,19.53,79.84,1.47,5.7552
20201212,Ramanagara,12.7219,77.281,19.12,80.58,1.49,5.4924
20201213,Ramanagara,12.7219,77.281,19.15,80.05,1.37,5.1953
20201214,Ramanagara,12.7219,77.281,19.3,81.39,1.56,5.3928
20201215,Ramanagara,12.7219,77.281,19.42,82.25,1.98,5.3371
20201216,Ramanagara,12.7219,77.281,20.99,85.59,2.15,3.3924
20201217,Ramanagara,12.7219,77.281,21.36,86.91,2.38,2.5212
20201218,Ramanagara,12.7219,77.281,19.8,87.38,1.96,5.478
20201219,Ramanagara,12.7219,77.281,20.17,85.18,2.39,4.4191
20201220,Ramanagara,12.7219,77.281,19.79,82.86,2.42,4.0308
20201221,Ramanagara,12.7219,77.281,18.02,81.64,2.19,5.7746
20201222,Ramanagara,12.7219,77.281,18.93,78.86,1.82,5.2901
20201223,Ramanagara,12.7219,77.281,19.85,79.73,1.64,4.3637
20201224,Ramanagara,12.7219,77.281,20.76,81.4,1.59,4.7278
20201225,Ramanagara,12.7219,77.281,20.63,81.74,1.8,5.0695
20201226,Ramanagara,12.7219,77.281,19.52,79.85,1.87,5.6431
20201227,Ramanagara,12.7219,77.281,19.22,77.83,1.71,5.815
20201228,Ramanagara,12.7219,77.281,19.53,74.22,1.28,5.0088
20201229,Ramanagara,12.7219,77.281,20.65,79.17,1.92,5.0254
20201230,Ramanagara,12.7219,77.281,21.78,83.86,2.47,4.7885
20201231,Ramanagara,12.7219,77.281,21.7,85.16,2.93,2.5745
20210101,Ramanagara,12.7219,77.281,19.77,80.55,2.41,4.9915
20210102,Ramanagara,12.7219,77.281,20.56,83.78,2.43,4.0044
20210103,Ramanagara,12.7219,77.281,21.72,82.89,2.6,3.0974
20210104,Ramanagara,12.7219,77.281,21.7,81.17,2.85,2.0726
20210105,Ramanagara,12.7219,77.281,21.67,86.33,2.27,3.9046
20210106,Ramanagara,12.7219,77.281,22.17,86.5,1.96,2.7034
20210107,Ramanagara,12.7219,77.281,21.91,88.14,1.98,2.8642
20210108,Ramanagara,12.7219,77.281,22.73,85.62,2.1,3.1774
20210109,Ramanagara,12.7219,77.281,22.75,84.17,2.37,2.2937
20210110,Ramanagara,12.7219,77.281,22.0,84.22,2.14,3.8933
20210111,Ramanagara,12.7219,77.281,21.64,83.64,2.13,2.826
20210112,Ramanagara,12.7219,77.281,20.59,85.22,2.73,2.5402
20210113,Ramanagara,12.7219,77.281,21.33,79.65,2.81,4.6414
20210114,Ramanagara,12.7219,77.281,21.27,81.64,2.56,3.5726
20210115,Ramanagara,12.7219,77.281,22.05,77.07,2.41,4.506
20210116,Ramanagara,12.7219,77.281,21.98,74.71,2.11,4.7546
20210117,Ramanagara,12.7219,77.281,21.65,74.93,2.03,5.1989
20210118,Ramanagara,12.7219,77.281,20.85,73.33,2.25,6.0936
20210119,Ramanagara,12.7219,77.281,20.92,73.29,1.89,5.8133
20210120,Ramanagara,12.7219,77.281,21.94,71.33,1.26,5.6604
20210121,Ramanagara,12.7219,77.281,23.41,73.92,1.08,5.7002
20210122,Ramanagara,12.7219,77.281,23.59,73.46,1.55,4.9126
20210123,Ramanagara,12.7219,77.281,22.85,72.14,1.61,5.3772
20210124,Ramanagara,12.7219,77.281,22.14,69.62,1.52,5.8553
20210125,Ramanagara,12.7219,77.281,20.96,68.31,1.94,6.2026
20210126,Ramanagara,12.7219,77.281,20.7,63.25,1.92,6.425
20210127,Ramanagara,12.7219,77.281,20.13,65.17,2.02,6.2021
20210128,Ramanagara,12.7219,77.281,20.85,69.47,2.39,6.0614
20210129,Ramanagara,12.7219,77.281,21.74,71.08,2.31,5.6035
20210130,Ramanagara,12.7219,77.281,22.53,65.58,1.89,5.4228
20210131,Ramanagara,12.7219,77.281,22.4,65.1,2.43,6.0684
20210201,Ramanagara,12.7219,77.281,21.33,62.85,2.53,6.3682
20210202,Ramanagara,12.7219,77.281,21.8,65.98,2.72,6.2227
20210203,Ramanagara,12.7219,77.281,22.15,69.52,2.64,5.4521
20210204,Ramanagara,12.7219,77.281,21.99,63.92,2.15,6.1925
20210205,Ramanagara,12.7219,77.281,21.72,63.25,1.71,6.2719
20210206,Ramanagara,12.7219,77.281,21.41,61.83,2.2,6.4274
20210207,Ramanagara,12.7219,77.281,20.97,53.5,2.51,6.7142
20210208,Ramanagara,12.7219,77.281,20.7,59.77,2.63,6.7346
20210209,Ramanagara,12.7219,77.281,20.66,61.74,2.7,6.5561
20210210,Ramanagara,12.7219,77.281,20.47,56.53,2.08,6.888
20210211,Ramanagara,12.7219,77.281,20.76,58.91,1.99,6.7908
20210212,Ramanagara,12.7219,77.281,20.91,59.33,2.03,6.9007
20210213,Ramanagara,12.7219,77.281,21.19,59.39,1.79,6.8033
20210214,Ramanagara,12.7219,77.281,21.85,56.62,1.14,6.7879
20210215,Ramanagara,12.7219,77.281,22.94,56.19,1.15,6.5141
20210216,Ramanagara,12.7219,77.281,23.71,58.6,1.69,5.8013
20210217,Ramanagara,12.7219,77.281,23.63,57.02,2.32,5.363
20210218,Ramanagara,12.7219,77.281,23.23,60.39,2.91,4.9469
20210219,Ramanagara,12.7219,77.281,23.16,62.62,2.51,4.6246
20210220,Ramanagara,12.7219,77.281,22.94,71.62,2.91,4.3603
20210221,Ramanagara,12.7219,77.281,22.14,74.26,3.54,3.9626
20210222,Ramanagara,12.7219,77.281,23.46,63.23,2.1,5.8202
20210223,Ramanagara,12.7219,77.281,24.51,60.78,2.1,6.7205
20210224,Ramanagara,12.7219,77.281,24.43,56.69,1.64,6.8302
20210225,Ramanagara,12.7219,77.281,25.29,53.59,1.5,6.869
20210226,Ramanagara,12.7219,77.281,25.42,47.84,1.59,6.8443
20210227,Ramanagara,12.7219,77.281,25.97,45.33,1.71,6.6626
20210228,Ramanagara,12.7219,77.281,25.25,46.37,2.47,6.8414
20210301,Ramanagara,12.7219,77.281,24.93,47.13,1.93,7.104
20210302,Ramanagara,12.7219,77.281,25.24,47.96,2.46,6.6662
20210303,Ramanagara,12.7219,77.281,24.95,43.8,2.92,7.0452
20210304,Ramanagara,12.7219,77.281,23.71,49.23,2.97,7.4069
20210305,Ramanagara,12.7219,77.281,24.46,45.87,1.92,7.4606
20210306,Ramanagara,12.7219,77.281,26.11,45.21,1.64,7.3567
20210307,Ramanagara,12.7219,77.281,26.05,48.05,1.81,7.2336
20210308,Ramanagara,12.7219,77.281,25.7,50.17,2.37,7.4503
20210309,Ramanagara,12.7219,77.281,26.15,49.13,2.75,7.4508
20210310,Ramanagara,12.7219,77.281,26.97,53.58,2.37,7.206
20210311,Ramanagara,12.7219,77.281,27.01,53.24,2.87,6.965
20210312,Ramanagara,12.7219,77.281,26.12,48.06,2.55,7.1318
20210313,Ramanagara,12.7219,77.281,25.8,47.15,2.56,7.5545
20210314,Ramanagara,12.7219,77.281,26.32,47.62,2.57,7.5072
20210315,Ramanagara,12.7219,77.281,26.88,43.54,1.95,7.0687
20210316,Ramanagara,12.7219,77.281,27.36,42.99,2.06,7.2629
20210317,Ramanagara,12.7219,77.281,27.08,41.91,2.59,6.7318
20210318,Ramanagara,12.7219,77.281,26.4,46.43,2.73,6.4022
20210319,Ramanagara,12.7219,77.281,25.36,42.88,2.58,7.2113
20210320,Ramanagara,12.7219,77.281,26.47,35.73,2.35,6.7099
20210321,Ramanagara,12.7219,77.281,27.12,37.22,2.33,7.1621
20210322,Ramanagara,12.7219,77.281,27.75,38.74,2.27,7.2072
20210323,Ramanagara,12.7219,77.281,27.95,43.52,2.44,7.2185
20210324,Ramanagara,12.7219,77.281,28.24,44.68,2.61,6.9242
20210325,Ramanagara,12.7219,77.281,28.33,40.25,2.52,6.0886
20210326,Ramanagara,12.7219,77.281,28.78,41.18,2.84,6.9454
20210327,Ramanagara,12.7219,77.281,27.55,48.34,2.47,6.534
20210328,Ramanagara,12.7219,77.281,27.8,46.93,1.95,5.0798
20210329,Ramanagara,12.7219,77.281,29.03,41.68,2.39,5.4106
20210330,Ramanagara,12.7219,77.281,30.1,37.6,2.23,6.2359
20210331,Ramanagara,12.7219,77.281,32.11,30.15,1.76,6.6084
20210401,Ramanagara,12.7219,77.281,30.86,28.14,2.75,7.3726
20210402,Ramanagara,12.7219,77.281,30.02,28.61,2.09,7.6781
20210403,Ramanagara,12.7219,77.281,31.36,32.7,1.15,6.961
20210404,Ramanagara,12.7219,77.281,32.06,29.88,2.38,6.3509
20210405,Ramanagara,12.7219,77.281,31.34,37.73,2.54,6.3437
20210406,Ramanagara,12.7219,77.281,29.68,43.71,2.91,6.415
20210407,Ramanagara,12.7219,77.281,29.75,37.45,2.59,7.0306
20210408,Ramanagara,12.7219,77.281,29.06,32.9,2.64,6.0689
20210409,Ramanagara,12.7219,77.281,28.78,39.51,2.74,6.5467
20210410,Ramanagara,12.7219,77.281,28.9,45.97,3.19,6.7781
20210411,Ramanagara,12.7219,77.281,29.01,49.12,2.83,6.2314
20210412,Ramanagara,12.7219,77.281,28.78,52.7,2.57,5.7744
20210413,Ramanagara,12.7219,77.281,28.4,52.76,2.35,5.7048
20210414,Ramanagara,12.7219,77.281,27.49,59.89,1.5,4.9174
20210415,Ramanagara,12.7219,77.281,25.08,75.62,1.52,5.6194
20210416,Ramanagara,12.7219,77.281,26.85,63.57,1.77,6.3461
20210417,Ramanagara,12.7219,77.281,27.62,60.99,1.22,6.155
20210418,Ramanagara,12.7219,77.281,27.97,58.73,1.47,6.3823
20210419,Ramanagara,12.7219,77.281,27.82,61.01,1.03,6.2316
20210420,Ramanagara,12.7219,77.281,27.59,61.8,1.4,5.291
20210421,Ramanagara,12.7219,77.281,27.0,67.11,1.09,6.0094
20210422,Ramanagara,12.7219,77.281,28.05,60.02,1.12,6.0653
20210423,Ramanagara,12.7219,77.281,26.73,66.93,1.07,5.5466
20210424,Ramanagara,12.7219,77.281,27.06,67.1,1.14,5.837
20210425,Ramanagara,12.7219,77.281,27.44,64.54,1.9,5.9386
20210426,Ramanagara,12.7219,77.281,26.47,67.59,1.61,6.4481
20210427,Ramanagara,12.7219,77.281,26.75,64.39,1.4,6.0593
20210428,Ramanagara,12.7219,77.281,27.63,58.75,1.5,6.5498
20210429,Ramanagara,12.7219,77.281,28.18,56.81,1.67,6.3072
20210430,Ramanagara,12.7219,77.281,27.05,64.56,1.79,5.7686
20210501,Ramanagara,12.7219,77.281,27.14,67.41,2.1,6.3624
20210502,Ramanagara,12.7219,77.281,26.96,65.93,1.38,5.8303
20210503,Ramanagara,12.7219,77.281,27.18,65.61,1.74,5.5788
20210504,Ramanagara,12.7219,77.281,27.95,63.8,1.71,5.2742
20210505,Ramanagara,12.7219,77.281,28.24,60.95,2.08,6.5052
20210506,Ramanagara,12.7219,77.281,28.59,59.39,2.46,6.126
20210507,Ramanagara,12.7219,77.281,28.15,61.67,2.59,5.735
20210508,Ramanagara,12.7219,77.281,28.12,60.72,2.33,5.7732
20210509,Ramanagara,12.7219,77.281,28.72,60.07,1.89,6.768
20210510,Ramanagara,12.7219,77.281,28.43,63.48,1.64,5.0777
20210511,Ramanagara,12.7219,77.281,27.64,68.79,1.04,5.9186
20210512,Ramanagara,12.7219,77.281,27.28,73.18,0.99,4.9356
20210513,Ramanagara,12.7219,77.281,26.9,75.24,1.19,5.8541
20210514,Ramanagara,12.7219,77.281,27.77,65.32,3.0,6.4253
20210515,Ramanagara,12.7219,77.281,25.3,76.38,3.73,3.0389
20210516,Ramanagara,12.7219,77.281,26.09,74.68,3.25,4.0442
20210517,Ramanagara,12.7219,77.281,27.53,67.7,2.06,6.4078
20210518,Ramanagara,12.7219,77.281,27.0,69.49,2.01,6.9132
20210519,Ramanagara,12.7219,77.281,25.71,83.08,1.85,6.6475
20210520,Ramanagara,12.7219,77.281,24.65,82.79,2.25,4.981
20210521,Ramanagara,12.7219,77.281,23.99,82.55,2.2,5.1454
20210522,Ramanagara,12.7219,77.281,24.63,79.59,2.58,5.8598
20210523,Ramanagara,12.7219,77.281,25.01,78.01,2.92,6.2494
20210524,Ramanagara,12.7219,77.281,24.96,76.07,2.96,6.6427
20210525,Ramanagara,12.7219,77.281,23.54,85.31,3.18,5.419
20210526,Ramanagara,12.7219,77.281,24.03,76.72,4.49,5.8411
20210527,Ramanagara,12.7219,77.281,24.83,76.19,3.28,6.7754
20210528,Ramanagara,12.7219,77.281,25.41,73.53,3.46,7.2319
20210529,Ramanagara,12.7219,77.281,25.18,74.31,2.99,7.2041
20210530,Ramanagara,12.7219,77.281,24.83,76.35,3.12,7.1364
20210531,Ramanagara,12.7219,77.281,25.48,75.27,2.81,7.2026
20210601,Ramanagara,12.7219,77.281,25.83,77.75,2.21,6.6458
20210602,Ramanagara,12.7219,77.281,25.89,77.13,1.19,6.5155
20210603,Ramanagara,12.7219,77.281,25.36,81.58,0.8,5.365
20210604,Ramanagara,12.7219,77.281,24.19,88.14,1.8,4.6975
20210605,Ramanagara,12.7219,77.281,22.83,84.21,1.71,4.7431
20210606,Ramanagara,12.7219,77.281,24.56,73.83,1.97,5.9938
20210607,Ramanagara,12.7219,77.281,24.25,77.81,2.43,7.1978
20210608,Ramanagara,12.7219,77.281,25.32,73.72,2.98,7.0994
20210609,Ramanagara,12.7219,77.281,24.53,79.16,3.36,6.1188
20210610,Ramanagara,12.7219,77.281,24.87,75.25,3.59,5.723
20210611,Ramanagara,12.7219,77.281,23.66,79.71,3.57,5.3808
20210612,Ramanagara,12.7219,77.281,23.32,76.92,4.82,4.8626
20210613,Ramanagara,12.7219,77.281,23.83,71.59,5.21,4.6423
20210614,Ramanagara,12.7219,77.281,23.18,76.2,5.81,3.9641
20210615,Ramanagara,12.7219,77.281,23.11,79.17,4.83,4.284
20210616,Ramanagara,12.7219,77.281,24.44,76.44,4.49,4.4213
20210617,Ramanagara,12.7219,77.281,24.37,77.98,4.28,5.3688
20210618,Ramanagara,12.7219,77.281,23.69,78.74,4.19,4.6267
20210619,Ramanagara,12.7219,77.281,23.88,80.63,3.64,5.2733
20210620,Ramanagara,12.7219,77.281,24.12,79.27,3.1,5.8351
20210621,Ramanagara,12.7219,77.281,24.81,76.57,2.95,5.929
20210622,Ramanagara,12.7219,77.281,24.92,76.36,2.59,5.2855
20210623,Ramanagara,12.7219,77.281,24.79,78.3,2.44,5.6885
20210624,Ramanagara,12.7219,77.281,24.61,76.37,3.13,5.8682
20210625,Ramanagara,12.7219,77.281,24.0,75.74,3.26,6.6238
20210626,Ramanagara,12.7219,77.281,24.03,76.58,3.53,4.2926
20210627,Ramanagara,12.7219,77.281,23.07,74.01,3.2,3.8467
20210628,Ramanagara,12.7219,77.281,23.79,71.86,1.78,5.3671
20210629,Ramanagara,12.7219,77.281,25.77,72.83,1.75,6.3917
20210630,Ramanagara,12.7219,77.281,25.95,78.1,1.8,6.5964
20210701,Ramanagara,12.7219,77.281,24.12,88.58,1.82,3.3391
20210702,Ramanagara,12.7219,77.281,24.16,84.31,2.4,5.6177
20210703,Ramanagara,12.7219,77.281,23.94,82.84,1.72,5.1084
20210704,Ramanagara,12.7219,77.281,24.23,81.65,1.57,5.5973
20210705,Ramanagara,12.7219,77.281,24.62,79.71,1.79,6.3557
20210706,Ramanagara,12.7219,77.281,24.74,81.73,1.55,5.7619
20210707,Ramanagara,12.7219,77.281,24.37,83.1,2.05,4.9903
20210708,Ramanagara,12.7219,77.281,24.05,83.99,2.3,6.0353
20210709,Ramanagara,12.7219,77.281,23.98,83.64,2.96,5.1504
20210710,Ramanagara,12.7219,77.281,22.6,82.36,3.59,4.3805
20210711,Ramanagara,12.7219,77.281,22.35,80.36,4.32,4.1513
20210712,Ramanagara,12.7219,77.281,22.66,80.99,4.43,4.488
20210713,Ramanagara,12.7219,77.281,23.95,80.08,4.84,3.5772
20210714,Ramanagara,12.7219,77.281,23.59,82.57,4.79,2.9892
20210715,Ramanagara,12.7219,77.281,23.01,84.58,4.03,2.6532
20210716,Ramanagara,12.7219,77.281,24.09,81.86,3.2,4.842
20210717,Ramanagara,12.7219,77.281,23.75,84.58,2.99,4.661
20210718,Ramanagara,12.7219,77.281,23.21,88.08,3.86,3.1682
20210719,Ramanagara,12.7219,77.281,23.98,81.62,4.12,4.3361
20210720,Ramanagara,12.7219,77.281,23.94,79.97,4.99,5.279
20210721,Ramanagara,12.7219,77.281,23.79,80.28,4.77,2.9873
20210722,Ramanagara,12.7219,77.281,23.26,82.16,5.91,2.6215
20210723,Ramanagara,12.7219,77.281,24.14,78.03,5.37,2.5178
20210724,Ramanagara,12.7219,77.281,24.47,79.87,4.37,4.7614
20210725,Ramanagara,12.7219,77.281,23.33,84.03,3.99,5.0815
20210726,Ramanagara,12.7219,77.281,23.58,82.53,3.74,4.9579
20210727,Ramanagara,12.7219,77.281,23.73,81.28,3.75,5.371
20210728,Ramanagara,12.7219,77.281,24.21,77.66,4.05,5.6258
20210729,Ramanagara,12.7219,77.281,23.78,80.38,3.84,5.3669
20210730,Ramanagara,12.7219,77.281,23.55,81.28,3.81,5.3597
20210731,Ramanagara,12.7219,77.281,23.99,79.6,3.81,4.8667
20210801,Ramanagara,12.7219,77.281,24.06,78.63,3.76,4.6745
20210802,Ramanagara,12.7219,77.281,23.85,76.31,4.02,5.1634
20210803,Ramanagara,12.7219,77.281,24.13,77.86,3.78,4.4971
20210804,Ramanagara,12.7219,77.281,24.31,78.36,4.27,3.9372
20210805,Ramanagara,12.7219,77.281,24.26,78.2,4.35,4.1294
20210806,Ramanagara,12.7219,77.281,24.73,79.03,3.95,4.7016
20210807,Ramanagara,12.7219,77.281,24.5,81.88,3.32,5.484
20210808,Ramanagara,12.7219,77.281,24.76,79.9,2.08,6.0499
20210809,Ramanagara,12.7219,77.281,24.7,79.89,2.18,5.8111
20210810,Ramanagara,12.7219,77.281,23.59,82.71,3.23,4.127
20210811,Ramanagara,12.7219,77.281,24.04,81.66,2.55,4.8962
20210812,Ramanagara,12.7219,77.281,23.14,84.65,3.14,3.563
20210813,Ramanagara,12.7219,77.281,23.84,81.7,3.04,4.6555
20210814,Ramanagara,12.7219,77.281,23.36,82.55,3.07,5.2872
20210815,Ramanagara,12.7219,77.281,23.25,80.21,3.43,4.6128
20210816,Ramanagara,12.7219,77.281,23.84,79.04,2.99,4.3922
20210817,Ramanagara,12.7219,77.281,24.27,77.03,2.69,4.4309
20210818,Ramanagara,12.7219,77.281,23.41,77.52,3.02,4.824
20210819,Ramanagara,12.7219,77.281,22.97,75.34,3.63,4.9817
20210820,Ramanagara,12.7219,77.281,22.95,78.23,2.4,5.813
20210821,Ramanagara,12.7219,77.281,23.14,80.51,1.25,4.4621
20210822,Ramanagara,12.7219,77.281,23.57,81.82,1.24,5.7125
20210823,Ramanagara,12.7219,77.281,23.88,82.11,1.56,5.0496
20210824,Ramanagara,12.7219,77.281,24.85,77.06,1.57,6.0187
20210825,Ramanagara,12.7219,77.281,24.92,77.09,2.22,5.7538
20210826,Ramanagara,12.7219,77.281,24.57,81.56,1.69,6.21
20210827,Ramanagara,12.7219,77.281,24.06,84.95,2.48,4.9428
20210828,Ramanagara,12.7219,77.281,23.48,82.57,3.04,4.2442
20210829,Ramanagara,12.7219,77.281,23.19,79.66,3.59,3.5102
20210830,Ramanagara,12.7219,77.281,23.07,79.07,3.44,4.469
20210831,Ramanagara,12.7219,77.281,24.39,76.24,2.7,5.497
20210901,Ramanagara,12.7219,77.281,24.13,78.99,1.82,5.2596
20210902,Ramanagara,12.7219,77.281,23.01,87.12,1.4,4.0392
20210903,Ramanagara,12.7219,77.281,23.54,79.49,2.59,4.003
20210904,Ramanagara,12.7219,77.281,22.78,85.95,2.79,3.6026
20210905,Ramanagara,12.7219,77.281,23.44,81.44,3.59,4.351
20210906,Ramanagara,12.7219,77.281,22.73,79.6,4.24,4.812
20210907,Ramanagara,12.7219,77.281,22.67,81.15,3.57,4.2259
20210908,Ramanagara,12.7219,77.281,22.88,84.97,2.93,4.7215
20210909,Ramanagara,12.7219,77.281,23.46,81.53,2.84,5.4166
20210910,Ramanagara,12.7219,77.281,23.52,82.61,2.96,5.1502
20210911,Ramanagara,12.7219,77.281,23.09,84.82,3.16,4.969
20210912,Ramanagara,12.7219,77.281,23.72,81.97,3.71,4.7962
20210913,Ramanagara,12.7219,77.281,23.62,82.61,4.0,4.3231
20210914,Ramanagara,12.7219,77.281,24.27,81.17,2.98,4.9406
20210915,Ramanagara,12.7219,77.281,24.44,81.15,2.38,5.3777
20210916,Ramanagara,12.7219,77.281,24.28,81.64,2.46,5.7838
20210917,Ramanagara,12.7219,77.281,24.44,79.05,2.03,6.6881
20210918,Ramanagara,12.7219,77.281,25.25,74.84,1.48,5.9998
20210919,Ramanagara,12.7219,77.281,24.02,82.79,1.24,6.0173
20210920,Ramanagara,12.7219,77.281,24.06,84.47,1.26,4.8094
20210921,Ramanagara,12.7219,77.281,23.79,83.28,2.15,5.9503
20210922,Ramanagara,12.7219,77.281,24.14,81.35,2.22,4.9217
20210923,Ramanagara,12.7219,77.281,24.53,80.92,1.76,4.9896
20210924,Ramanagara,12.7219,77.281,24.56,81.15,1.63,5.4504
20210925,Ramanagara,12.7219,77.281,24.08,85.05,1.79,4.6298
20210926,Ramanagara,12.7219,77.281,22.92,85.98,2.51,4.9788
20210927,Ramanagara,12.7219,77.281,23.57,81.98,3.38,4.643
20210928,Ramanagara,12.7219,77.281,22.62,83.19,2.87,4.4962
20210929,Ramanagara,12.7219,77.281,22.99,78.85,2.56,5.2126
20210930,Ramanagara,12.7219,77.281,24.08,76.22,1.24,5.586
20211001,Ramanagara,12.7219,77.281,24.45,82.01,1.4,4.2794
20211002,Ramanagara,12.7219,77.281,23.91,86.05,1.61,4.6603
20211003,Ramanagara,12.7219,77.281,23.68,84.0,1.84,4.7945
20211004,Ramanagara,12.7219,77.281,23.8,84.52,1.4,5.4202
20211005,Ramanagara,12.7219,77.281,23.73,86.42,1.07,3.6346
20211006,Ramanagara,12.7219,77.281,23.27,87.09,0.98,3.4462
20211007,Ramanagara,12.7219,77.281,24.81,81.0,0.98,5.6971
20211008,Ramanagara,12.7219,77.281,24.36,86.54,1.66,4.5924
20211009,Ramanagara,12.7219,77.281,23.55,88.78,2.35,3.2652
20211010,Ramanagara,12.7219,77.281,23.5,86.56,1.89,5.4329
20211011,Ramanagara,12.7219,77.281,23.73,85.42,1.41,4.7558
20211012,Ramanagara,12.7219,77.281,22.96,87.74,1.88,4.9682
20211013,Ramanagara,12.7219,77.281,22.5,87.0,2.31,4.7009
20211014,Ramanagara,12.7219,77.281,23.87,83.3,1.39,5.293
20211015,Ramanagara,12.7219,77.281,24.03,86.91,0.66,4.0649
20211016,Ramanagara,12.7219,77.281,24.03,88.66,1.71,4.4722
20211017,Ramanagara,12.7219,77.281,22.77,92.24,2.21,4.0879
20211018,Ramanagara,12.7219,77.281,23.57,88.14,2.01,3.5426
20211019,Ramanagara,12.7219,77.281,23.0,86.43,1.24,5.2997
20211020,Ramanagara,12.7219,77.281,23.56,86.25,1.2,3.7586
20211021,Ramanagara,12.7219,77.281,23.23,89.67,0.96,4.9613
20211022,Ramanagara,12.7219,77.281,23.43,88.27,1.29,5.4372
20211023,Ramanagara,12.7219,77.281,23.12,87.92,1.35,5.1478
20211024,Ramanagara,12.7219,77.281,23.49,81.64,0.83,5.5769
20211025,Ramanagara,12.7219,77.281,22.95,86.37,1.35,3.8482
20211026,Ramanagara,12.7219,77.281,23.26,85.24,1.14,3.9588
20211027,Ramanagara,12.7219,77.281,22.97,83.87,1.57,3.8105
20211028,Ramanagara,12.7219,77.281,22.64,83.57,1.58,4.1246
20211029,Ramanagara,12.7219,77.281,22.07,86.52,1.84,3.6852
20211030,Ramanagara,12.7219,77.281,22.45,87.86,2.18,4.0531
20211031,Ramanagara,12.7219,77.281,22.32,89.11,1.81,3.9818
20211101,Ramanagara,12.7219,77.281,21.96,91.18,1.74,3.6523
20211102,Ramanagara,12.7219,77.281,21.77,90.24,2.66,3.4872
20211103,Ramanagara,12.7219,77.281,22.23,88.88,2.18,3.5174
20211104,Ramanagara,12.7219,77.281,22.52,88.91,1.6,4.0723
20211105,Ramanagara,12.7219,77.281,22.83,86.73,0.78,3.919
20211106,Ramanagara,12.7219,77.281,22.93,86.72,1.22,4.4467
20211107,Ramanagara,12.7219,77.281,22.42,87.54,1.53,3.3211
20211108,Ramanagara,12.7219,77.281,21.48,94.13,0.86,2.0652
20211109,Ramanagara,12.7219,77.281,21.23,90.18,1.18,3.9665
20211110,Ramanagara,12.7219,77.281,20.72,86.73,1.67,2.6122
20211111,Ramanagara,12.7219,77.281,19.76,89.84,3.41,2.0419
20211112,Ramanagara,12.7219,77.281,21.18,91.01,3.22,1.8554
20211113,Ramanagara,12.7219,77.281,22.98,85.14,0.81,2.31
20211114,Ramanagara,12.7219,77.281,22.84,88.68,1.01,3.4291
20211115,Ramanagara,12.7219,77.281,23.36,88.84,0.77,3.8275
20211116,Ramanagara,12.7219,77.281,22.62,91.85,1.77,3.521
20211117,Ramanagara,12.7219,77.281,22.62,91.62,1.34,4.0231
20211118,Ramanagara,12.7219,77.281,20.41,91.74,2.94,0.96
20211119,Ramanagara,12.7219,77.281,22.51,92.68,3.16,2.3006
20211120,Ramanagara,12.7219,77.281,22.54,92.3,1.9,3.1109
20211121,Ramanagara,12.7219,77.281,22.17,81.85,1.34,4.2996
20211122,Ramanagara,12.7219,77.281,22.13,86.18,1.37,3.7742
20211123,Ramanagara,12.7219,77.281,22.73,89.47,1.44,5.0179
20211124,Ramanagara,12.7219,77.281,22.58,86.74,1.62,4.6042
20211125,Ramanagara,12.7219,77.281,21.56,89.75,1.89,4.1134
20211126,Ramanagara,12.7219,77.281,21.55,88.52,2.2,3.2292
20211127,Ramanagara,12.7219,77.281,21.07,90.79,2.49,2.2764
20211128,Ramanagara,12.7219,77.281,20.72,91.99,2.51,2.6657
20211129,Ramanagara,12.7219,77.281,20.56,92.24,2.6,2.2615
20211130,Ramanagara,12.7219,77.281,21.22,90.92,2.28,3.8858
20211201,Ramanagara,12.7219,77.281,22.13,89.37,2.56,3.4258
20211202,Ramanagara,12.7219,77.281,22.35,87.19,1.83,3.294
20211203,Ramanagara,12.7219,77.281,21.59,85.02,0.97,3.7639
20211204,Ramanagara,12.7219,77.281,21.75,79.15,0.66,3.9031
20211205,Ramanagara,12.7219,77.281,23.17,81.4,0.91,4.1981
20211206,Ramanagara,12.7219,77.281,22.62,87.33,0.92,3.3298
20211207,Ramanagara,12.7219,77.281,22.37,87.04,1.69,3.7644
20211208,Ramanagara,12.7219,77.281,21.39,84.03,1.75,5.1072
20211209,Ramanagara,12.7219,77.281,22.5,86.39,1.61,3.1114
20211210,Ramanagara,12.7219,77.281,21.17,85.59,2.26,5.5123
20211211,Ramanagara,12.7219,77.281,21.32,88.41,2.39,3.6218
20211212,Ramanagara,12.7219,77.281,21.28,88.14,2.68,3.5129
20211213,Ramanagara,12.7219,77.281,21.35,89.0,2.35,3.2383
20211214,Ramanagara,12.7219,77.281,20.67,88.48,2.48,3.4613
20211215,Ramanagara,12.7219,77.281,20.76,85.2,2.16,3.2666
20211216,Ramanagara,12.7219,77.281,20.36,84.62,2.06,4.663
20211217,Ramanagara,12.7219,77.281,20.31,82.64,1.61,5.1302
20211218,Ramanagara,12.7219,77.281,19.25,80.53,1.84,4.9493
20211219,Ramanagara,12.7219,77.281,17.91,79.8,1.87,5.3734
20211220,Ramanagara,12.7219,77.281,17.93,82.9,1.77,5.5649
20211221,Ramanagara,12.7219,77.281,18.75,77.86,1.01,5.2625
20211222,Ramanagara,12.7219,77.281,18.52,80.09,1.24,4.8286
20211223,Ramanagara,12.7219,77.281,18.67,77.81,1.12,5.0614
20211224,Ramanagara,12.7219,77.281,18.23,74.25,1.21,5.3522
20211225,Ramanagara,12.7219,77.281,19.01,78.65,1.28,5.477
20211226,Ramanagara,12.7219,77.281,19.06,82.54,1.47,5.3986
20211227,Ramanagara,12.7219,77.281,19.09,82.89,1.75,5.6186
20211228,Ramanagara,12.7219,77.281,19.14,83.58,1.93,5.4958
20211229,Ramanagara,12.7219,77.281,19.49,83.45,1.91,5.2567
20211230,Ramanagara,12.7219,77.281,20.02,85.01,2.26,4.4986
20211231,Ramanagara,12.7219,77.281,21.27,87.33,3.08,2.7641
20220101,Ramanagara,12.7219,77.281,21.26,87.29,2.71,3.5268
20220102,Ramanagara,12.7219,77.281,20.71,84.99,2.53,5.2426
20220103,Ramanagara,12.7219,77.281,20.1,80.54,1.9,5.2183
20220104,Ramanagara,12.7219,77.281,20.33,82.85,1.8,5.2294
20220105,Ramanagara,12.7219,77.281,20.37,79.31,1.1,5.3335
20220106,Ramanagara,12.7219,77.281,20.33,82.63,1.73,5.3654
20220107,Ramanagara,12.7219,77.281,20.79,83.21,1.77,4.7546
20220108,Ramanagara,12.7219,77.281,21.32,83.86,1.75,4.2442
20220109,Ramanagara,12.7219,77.281,21.28,82.66,1.74,4.8134
20220110,Ramanagara,12.7219,77.281,20.57,79.66,1.68,4.9646
20220111,Ramanagara,12.7219,77.281,20.94,79.93,1.65,5.4473
20220112,Ramanagara,12.7219,77.281,21.54,81.38,1.49,4.7006
20220113,Ramanagara,12.7219,77.281,21.99,81.39,1.4,5.2094
20220114,Ramanagara,12.7219,77.281,22.48,79.72,1.26,5.0172
20220115,Ramanagara,12.7219,77.281,22.94,75.96,0.8,5.3712
20220116,Ramanagara,12.7219,77.281,22.15,81.11,2.11,4.674
20220117,Ramanagara,12.7219,77.281,21.82,79.83,2.34,4.9822
20220118,Ramanagara,12.7219,77.281,21.14,78.06,1.92,5.0851
20220119,Ramanagara,12.7219,77.281,20.95,74.62,1.46,5.687
20220120,Ramanagara,12.7219,77.281,20.79,67.69,1.08,5.9009
20220121,Ramanagara,12.7219,77.281,21.73,65.67,1.04,5.9647
20220122,Ramanagara,12.7219,77.281,21.44,67.38,1.58,6.143
20220123,Ramanagara,12.7219,77.281,20.8,70.92,1.46,6.1901
20220124,Ramanagara,12.7219,77.281,21.07,65.15,1.14,6.3115
20220125,Ramanagara,12.7219,77.281,21.66,75.46,1.15,5.5433
20220126,Ramanagara,12.7219,77.281,22.33,78.78,2.25,4.7976
20220127,Ramanagara,12.7219,77.281,22.0,75.32,2.45,4.5398
20220128,Ramanagara,12.7219,77.281,21.39,75.47,2.76,3.7793
20220129,Ramanagara,12.7219,77.281,21.88,76.37,2.63,4.4222
20220130,Ramanagara,12.7219,77.281,23.18,75.19,1.1,5.0426
20220131,Ramanagara,12.7219,77.281,23.95,72.5,0.98,5.6866
20220201,Ramanagara,12.7219,77.281,23.57,72.62,1.48,5.3765
20220202,Ramanagara,12.7219,77.281,22.56,67.82,1.49,5.7886
20220203,Ramanagara,12.7219,77.281,22.0,69.21,1.29,4.8977
20220204,Ramanagara,12.7219,77.281,23.08,63.4,1.52,6.3701
20220205,Ramanagara,12.7219,77.281,22.91,69.0,1.78,6.1272
20220206,Ramanagara,12.7219,77.281,23.26,72.5,2.37,4.8401
20220207,Ramanagara,12.7219,77.281,22.98,70.79,1.52,5.3405
20220208,Ramanagara,12.7219,77.281,22.91,67.76,1.55,5.471
20220209,Ramanagara,12.7219,77.281,22.34,66.3,2.42,6.0715
20220210,Ramanagara,12.7219,77.281,21.81,58.92,2.0,6.2914
20220211,Ramanagara,12.7219,77.281,22.14,61.26,3.03,6.4018
20220212,Ramanagara,12.7219,77.281,22.8,64.16,2.69,6.2873
20220213,Ramanagara,12.7219,77.281,22.29,63.97,2.27,6.0274
20220214,Ramanagara,12.7219,77.281,22.64,64.9,1.89,5.3316
20220215,Ramanagara,12.7219,77.281,23.12,65.71,1.84,5.0004
20220216,Ramanagara,12.7219,77.281,23.42,62.38,1.29,5.3117
20220217,Ramanagara,12.7219,77.281,23.46,60.84,1.87,5.9364
20220218,Ramanagara,12.7219,77.281,23.27,62.39,2.53,6.3096
20220219,Ramanagara,12.7219,77.281,23.37,61.44,2.67,6.5026
20220220,Ramanagara,12.7219,77.281,24.29,58.64,1.22,6.6029
20220221,Ramanagara,12.7219,77.281,25.26,61.38,1.04,6.4308
20220222,Ramanagara,12.7219,77.281,25.49,57.56,2.23,5.5358
20220223,Ramanagara,12.7219,77.281,23.95,59.86,2.84,6.6211
20220224,Ramanagara,12.7219,77.281,23.02,56.88,2.08,7.0562
20220225,Ramanagara,12.7219,77.281,23.12,52.39,2.36,6.8947
20220226,Ramanagara,12.7219,77.281,22.38,58.05,2.4,7.3152
20220227,Ramanagara,12.7219,77.281,24.15,60.02,2.29,7.1381
20220228,Ramanagara,12.7219,77.281,23.67,53.75,1.96,7.3008
20220301,Ramanagara,12.7219,77.281,23.99,51.39,2.46,7.14
20220302,Ramanagara,12.7219,77.281,23.51,42.56,2.72,6.4236
20220303,Ramanagara,12.7219,77.281,23.45,44.23,3.2,6.8455
20220304,Ramanagara,12.7219,77.281,24.21,39.13,3.01,7.0046
20220305,Ramanagara,12.7219,77.281,24.79,49.04,3.1,7.0596
20220306,Ramanagara,12.7219,77.281,24.93,53.14,3.58,6.4162
20220307,Ramanagara,12.7219,77.281,24.03,57.05,3.18,4.1146
20220308,Ramanagara,12.7219,77.281,25.64,51.41,2.62,6.7735
20220309,Ramanagara,12.7219,77.281,26.37,47.12,2.14,6.6766
20220310,Ramanagara,12.7219,77.281,26.36,41.21,2.73,7.0646
20220311,Ramanagara,12.7219,77.281,26.0,37.14,3.03,6.9007
20220312,Ramanagara,12.7219,77.281,26.16,34.64,3.04,7.2238
20220313,Ramanagara,12.7219,77.281,25.9,35.95,3.04,6.8018
20220314,Ramanagara,12.7219,77.281,27.02,38.78,2.31,6.575
20220315,Ramanagara,12.7219,77.281,27.75,37.64,1.67,5.9398
20220316,Ramanagara,12.7219,77.281,27.53,35.48,1.89,6.1219
20220317,Ramanagara,12.7219,77.281,28.05,30.61,2.16,5.9064
20220318,Ramanagara,12.7219,77.281,28.38,33.34,1.84,6.168
20220319,Ramanagara,12.7219,77.281,29.27,34.78,1.42,5.8178
20220320,Ramanagara,12.7219,77.281,27.38,56.22,2.01,4.8415
20220321,Ramanagara,12.7219,77.281,27.75,58.74,1.14,5.9177
20220322,Ramanagara,12.7219,77.281,27.23,64.62,1.35,4.8502
20220323,Ramanagara,12.7219,77.281,27.84,59.55,1.74,4.9973
20220324,Ramanagara,12.7219,77.281,27.82,60.07,0.94,4.8478
20220325,Ramanagara,12.7219,77.281,27.85,55.92,1.5,4.6968
20220326,Ramanagara,12.7219,77.281,28.35,55.25,1.77,5.6491
20220327,Ramanagara,12.7219,77.281,28.98,52.64,2.57,6.0137
20220328,Ramanagara,12.7219,77.281,29.04,51.29,2.58,6.2642
20220329,Ramanagara,12.7219,77.281,29.7,47.44,1.97,6.1651
20220330,Ramanagara,12.7219,77.281,30.21,43.58,1.89,5.8032
20220331,Ramanagara,12.7219,77.281,30.46,41.14,2.29,6.1174
20220401,Ramanagara,12.7219,77.281,30.08,39.99,2.71,5.2836
20220402,Ramanagara,12.7219,77.281,29.07,44.14,2.33,5.8104
20220403,Ramanagara,12.7219,77.281,29.13,45.18,2.84,6.5561
20220404,Ramanagara,12.7219,77.281,29.14,47.59,2.91,6.6389
20220405,Ramanagara,12.7219,77.281,28.5,46.61,3.09,6.7867
20220406,Ramanagara,12.7219,77.281,28.77,44.44,2.68,6.9869
20220407,Ramanagara,12.7219,77.281,28.54,48.79,2.7,6.9281
20220408,Ramanagara,12.7219,77.281,28.6,53.6,2.44,6.1442
20220409,Ramanagara,12.7219,77.281,28.94,52.65,2.39,6.191
20220410,Ramanagara,12.7219,77.281,29.19,45.21,2.55,4.5398
20220411,Ramanagara,12.7219,77.281,28.34,48.79,2.1,6.2246
20220412,Ramanagara,12.7219,77.281,29.48,47.67,2.38,5.531
20220413,Ramanagara,12.7219,77.281,27.83,58.35,2.5,4.0855
20220414,Ramanagara,12.7219,77.281,25.22,69.39,1.49,4.6085
20220415,Ramanagara,12.7219,77.281,28.32,58.25,0.78,6.876
20220416,Ramanagara,12.7219,77.281,29.15,58.46,1.32,6.9562
20220417,Ramanagara,12.7219,77.281,27.79,66.86,1.62,6.5347
20220418,Ramanagara,12.7219,77.281,27.4,65.1,1.81,6.0984
20220419,Ramanagara,12.7219,77.281,27.33,65.43,1.7,6.1814
20220420,Ramanagara,12.7219,77.281,28.37,58.47,1.96,6.7738
20220421,Ramanagara,12.7219,77.281,27.68,62.55,2.33,7.1846
20220422,Ramanagara,12.7219,77.281,27.06,65.05,2.32,6.8038
20220423,Ramanagara,12.7219,77.281,25.98,69.89,2.33,5.496
20220424,Ramanagara,12.7219,77.281,28.03,55.5,1.74,6.4428
20220425,Ramanagara,12.7219,77.281,27.81,57.2,1.79,7.0882
20220426,Ramanagara,12.7219,77.281,28.69,51.12,1.77,7.1462
20220427,Ramanagara,12.7219,77.281,28.7,55.3,2.26,7.385
20220428,Ramanagara,12.7219,77.281,28.95,55.04,1.75,7.2876
20220429,Ramanagara,12.7219,77.281,30.17,50.24,2.51,6.7858
20220430,Ramanagara,12.7219,77.281,30.05,55.58,1.46,6.6233
20220501,Ramanagara,12.7219,77.281,30.31,56.77,1.38,6.1174
20220502,Ramanagara,12.7219,77.281,29.43,62.61,1.83,6.8995
20220503,Ramanagara,12.7219,77.281,28.3,65.74,1.54,6.8794
20220504,Ramanagara,12.7219,77.281,28.88,62.58,1.58,6.1505
20220505,Ramanagara,12.7219,77.281,27.46,66.87,2.0,5.2037
20220506,Ramanagara,12.7219,77.281,27.77,63.37,1.41,6.4536
20220507,Ramanagara,12.7219,77.281,28.33,63.83,1.39,6.0329
20220508,Ramanagara,12.7219,77.281,28.31,64.63,1.74,5.4852
20220509,Ramanagara,12.7219,77.281,27.99,66.76,2.23,4.6522
20220510,Ramanagara,12.7219,77.281,27.2,68.11,3.65,2.1125
20220511,Ramanagara,12.7219,77.281,26.07,71.13,4.88,3.7409
20220512,Ramanagara,12.7219,77.281,24.56,77.42,3.75,1.7938
20220513,Ramanagara,12.7219,77.281,25.94,73.18,3.05,3.7313
20220514,Ramanagara,12.7219,77.281,25.83,74.84,2.24,4.4462
20220515,Ramanagara,12.7219,77.281,24.17,87.27,1.79,5.4336
20220516,Ramanagara,12.7219,77.281,25.56,81.81,2.06,3.0094
20220517,Ramanagara,12.7219,77.281,25.98,72.43,0.81,4.2245
20220518,Ramanagara,12.7219,77.281,25.44,79.12,1.3,3.583
20220519,Ramanagara,12.7219,77.281,23.56,85.79,3.26,2.3282
20220520,Ramanagara,12.7219,77.281,22.9,79.21,4.08,4.8797
20220521,Ramanagara,12.7219,77.281,24.32,75.53,4.07,4.9402
20220522,Ramanagara,12.7219,77.281,24.86,76.69,3.94,4.8965
20220523,Ramanagara,12.7219,77.281,26.02,75.71,3.12,6.6266
20220524,Ramanagara,12.7219,77.281,26.88,72.98,2.42,7.1232
20220525,Ramanagara,12.7219,77.281,26.95,71.48,1.5,6.1416
20220526,Ramanagara,12.7219,77.281,25.63,76.27,2.12,6.2177
20220527,Ramanagara,12.7219,77.281,25.35,75.37,2.82,7.0229
20220528,Ramanagara,12.7219,77.281,25.37,74.21,3.31,7.2216
20220529,Ramanagara,12.7219,77.281,25.08,69.78,2.88,7.3958
20220530,Ramanagara,12.7219,77.281,25.61,72.8,2.37,6.2436
20220531,Ramanagara,12.7219,77.281,24.63,78.53,2.55,5.8433
20220601,Ramanagara,12.7219,77.281,24.52,77.0,2.99,6.0283
20220602,Ramanagara,12.7219,77.281,25.73,73.09,2.18,6.1488
20220603,Ramanagara,12.7219,77.281,25.42,74.37,1.9,6.7824
20220604,Ramanagara,12.7219,77.281,25.19,75.8,2.18,6.7843
20220605,Ramanagara,12.7219,77.281,26.06,73.62,1.35,6.3965
20220606,Ramanagara,12.7219,77.281,24.78,79.19,1.49,5.9563
20220607,Ramanagara,12.7219,77.281,25.36,75.89,2.21,4.518
20220608,Ramanagara,12.7219,77.281,24.98,75.74,3.36,6.7205
20220609,Ramanagara,12.7219,77.281,25.59,71.57,3.24,6.4265
20220610,Ramanagara,12.7219,77.281,25.39,72.4,3.77,6.0514
20220611,Ramanagara,12.7219,77.281,25.26,69.3,3.69,6.245
20220612,Ramanagara,12.7219,77.281,24.43,69.73,3.12,6.2458
20220613,Ramanagara,12.7219,77.281,24.71,73.32,2.42,6.0929
20220614,Ramanagara,12.7219,77.281,25.12,76.55,2.56,6.8002
20220615,Ramanagara,12.7219,77.281,23.79,81.83,2.43,4.8967
20220616,Ramanagara,12.7219,77.281,23.52,83.7,1.61,5.9342
20220617,Ramanagara,12.7219,77.281,22.79,82.4,1.44,6.0821
20220618,Ramanagara,12.7219,77.281,22.91,85.8,1.44,5.3758
20220619,Ramanagara,12.7219,77.281,23.83,84.98,1.83,5.7353
20220620,Ramanagara,12.7219,77.281,23.84,78.38,2.89,5.3738
20220621,Ramanagara,12.7219,77.281,23.85,81.28,2.98,4.8444
20220622,Ramanagara,12.7219,77.281,23.52,82.79,2.4,3.9394
20220623,Ramanagara,12.7219,77.281,24.05,79.09,2.57,4.4534
20220624,Ramanagara,12.7219,77.281,23.16,81.56,3.72,6.0874
20220625,Ramanagara,12.7219,77.281,23.56,78.82,4.05,3.9571
20220626,Ramanagara,12.7219,77.281,23.76,78.38,4.15,5.2819
20220627,Ramanagara,12.7219,77.281,24.37,76.16,3.74,4.843
20220628,Ramanagara,12.7219,77.281,24.7,76.46,3.18,5.1413
20220629,Ramanagara,12.7219,77.281,24.85,78.39,2.97,5.5906
20220630,Ramanagara,12.7219,77.281,24.19,81.03,3.52,4.4868
20220701,Ramanagara,12.7219,77.281,23.83,82.75,3.39,4.8552
20220702,Ramanagara,12.7219,77.281,23.67,82.46,3.49,4.7966
20220703,Ramanagara,12.7219,77.281,24.18,80.4,3.87,4.0721
20220704,Ramanagara,12.7219,77.281,23.74,79.09,4.97,3.8208
20220705,Ramanagara,12.7219,77.281,23.25,81.23,4.61,3.5762
20220706,Ramanagara,12.7219,77.281,23.44,79.53,4.23,2.635
20220707,Ramanagara,12.7219,77.281,23.03,82.02,4.39,3.1642
20220708,Ramanagara,12.7219,77.281,23.42,78.87,4.82,3.9317
20220709,Ramanagara,12.7219,77.281,23.32,83.02,4.61,3.1046
20220710,Ramanagara,12.7219,77.281,23.95,77.94,5.03,3.5081
20220711,Ramanagara,12.7219,77.281,24.13,77.51,4.97,2.8495
20220712,Ramanagara,12.7219,77.281,23.78,77.0,5.74,4.7652
20220713,Ramanagara,12.7219,77.281,23.86,75.51,6.71,3.7022
20220714,Ramanagara,12.7219,77.281,23.5,74.44,7.0,3.4697
20220715,Ramanagara,12.7219,77.281,24.04,75.53,5.39,4.0687
20220716,Ramanagara,12.7219,77.281,24.32,79.5,4.49,3.9778
20220717,Ramanagara,12.7219,77.281,24.1,78.69,4.91,4.1066
20220718,Ramanagara,12.7219,77.281,23.17,80.77,3.68,3.397
20220719,Ramanagara,12.7219,77.281,23.74,80.64,2.32,5.963
20220720,Ramanagara,12.7219,77.281,25.01,79.14,1.8,5.4278
20220721,Ramanagara,12.7219,77.281,24.15,83.45,1.9,5.0395
20220722,Ramanagara,12.7219,77.281,23.29,85.72,2.52,3.7154
20220723,Ramanagara,12.7219,77.281,23.57,81.2,3.13,4.1777
20220724,Ramanagara,12.7219,77.281,23.48,81.1,3.1,4.1309
20220725,Ramanagara,12.7219,77.281,23.99,79.48,2.51,5.3834
20220726,Ramanagara,12.7219,77.281,23.61,81.15,2.45,4.7441
20220727,Ramanagara,12.7219,77.281,23.41,85.66,1.46,4.7338
20220728,Ramanagara,12.7219,77.281,24.47,79.25,1.01,5.7974
20220729,Ramanagara,12.7219,77.281,24.08,78.46,1.13,5.9801
20220730,Ramanagara,12.7219,77.281,25.16,74.43,0.65,5.9842
20220731,Ramanagara,12.7219,77.281,24.46,84.31,0.98,4.9865
20220801,Ramanagara,12.7219,77.281,24.38,84.17,1.82,5.6124
20220802,Ramanagara,12.7219,77.281,24.28,83.04,1.78,4.5526
20220803,Ramanagara,12.7219,77.281,22.66,85.71,2.24,3.2885
20220804,Ramanagara,12.7219,77.281,22.48,89.69,1.16,2.3064
20220805,Ramanagara,12.7219,77.281,23.33,83.21,4.96,3.012
20220806,Ramanagara,12.7219,77.281,22.99,83.23,5.15,3.3806
20220807,Ramanagara,12.7219,77.281,22.9,84.76,5.16,3.1507
20220808,Ramanagara,12.7219,77.281,23.15,83.75,5.48,3.4805
20220809,Ramanagara,12.7219,77.281,23.26,79.68,5.95,3.852
20220810,Ramanagara,12.7219,77.281,22.81,80.28,5.18,4.9406
20220811,Ramanagara,12.7219,77.281,23.33,81.19,4.54,4.6963
20220812,Ramanagara,12.7219,77.281,23.55,81.04,4.04,4.6507
20220813,Ramanagara,12.7219,77.281,22.82,82.24,3.19,5.5267
20220814,Ramanagara,12.7219,77.281,23.72,78.33,3.6,4.6058
20220815,Ramanagara,12.7219,77.281,24.43,78.32,2.66,5.1346
20220816,Ramanagara,12.7219,77.281,25.58,72.9,1.28,6.3144
20220817,Ramanagara,12.7219,77.281,24.86,79.35,1.85,5.9726
20220818,Ramanagara,12.7219,77.281,23.81,84.89,2.76,5.0671
20220819,Ramanagara,12.7219,77.281,23.95,83.59,3.17,4.7652
20220820,Ramanagara,12.7219,77.281,23.53,83.91,3.12,4.8173
20220821,Ramanagara,12.7219,77.281,23.69,84.49,3.28,4.5955
20220822,Ramanagara,12.7219,77.281,23.71,84.54,3.61,4.3805
20220823,Ramanagara,12.7219,77.281,23.83,83.38,3.4,5.5862
20220824,Ramanagara,12.7219,77.281,23.21,85.48,2.87,4.343
20220825,Ramanagara,12.7219,77.281,23.07,85.38,2.39,3.9221
20220826,Ramanagara,12.7219,77.281,22.79,89.28,2.33,4.3651
20220827,Ramanagara,12.7219,77.281,22.67,89.28,2.38,4.2254
20220828,Ramanagara,12.7219,77.281,23.22,86.27,2.06,5.4823
20220829,Ramanagara,12.7219,77.281,23.38,89.83,1.75,3.9293
20220830,Ramanagara,12.7219,77.281,23.98,87.8,1.82,5.5318
20220831,Ramanagara,12.7219,77.281,22.88,90.96,1.54,4.9387
20220901,Ramanagara,12.7219,77.281,23.44,84.41,0.94,3.2592
20220902,Ramanagara,12.7219,77.281,23.66,85.72,1.47,5.0748
20220903,Ramanagara,12.7219,77.281,24.91,82.8,0.72,5.6035
20220904,Ramanagara,12.7219,77.281,23.97,89.67,1.29,5.4401
20220905,Ramanagara,12.7219,77.281,24.28,86.79,0.87,5.8433
20220906,Ramanagara,12.7219,77.281,23.59,84.98,1.42,4.8178
20220907,Ramanagara,12.7219,77.281,22.97,88.5,1.4,4.374
20220908,Ramanagara,12.7219,77.281,22.74,88.74,2.33,2.8634
20220909,Ramanagara,12.7219,77.281,23.09,88.89,2.34,4.4225
20220910,Ramanagara,12.7219,77.281,23.03,87.18,3.39,3.8506
20220911,Ramanagara,12.7219,77.281,22.48,87.95,3.42,3.9451
20220912,Ramanagara,12.7219,77.281,22.71,86.01,3.72,5.0959
20220913,Ramanagara,12.7219,77.281,23.11,87.03,2.72,4.5883
20220914,Ramanagara,12.7219,77.281,23.4,86.59,2.31,4.963
20220915,Ramanagara,12.7219,77.281,22.58,87.45,2.35,5.0366
20220916,Ramanagara,12.7219,77.281,23.16,86.52,2.44,5.2495
20220917,Ramanagara,12.7219,77.281,22.96,86.93,2.24,6.0192
20220918,Ramanagara,12.7219,77.281,23.49,84.74,2.38,5.6083
20220919,Ramanagara,12.7219,77.281,23.21,86.63,2.67,5.1706
20220920,Ramanagara,12.7219,77.281,22.32,82.17,2.56,5.4958
20220921,Ramanagara,12.7219,77.281,22.89,83.98,2.45,5.5558
20220922,Ramanagara,12.7219,77.281,22.92,81.8,2.62,6.3554
20220923,Ramanagara,12.7219,77.281,21.81,85.69,2.23,6.0329
20220924,Ramanagara,12.7219,77.281,23.14,83.74,2.44,5.622
20220925,Ramanagara,12.7219,77.281,23.73,81.25,2.09,6.0154
20220926,Ramanagara,12.7219,77.281,24.0,84.91,1.95,4.5874
20220927,Ramanagara,12.7219,77.281,22.28,88.53,1.95,4.523
20220928,Ramanagara,12.7219,77.281,23.33,84.33,1.99,4.2722
20220929,Ramanagara,12.7219,77.281,22.56,86.88,1.95,4.5475
20220930,Ramanagara,12.7219,77.281,21.93,89.45,2.43,4.0219
20221001,Ramanagara,12.7219,77.281,22.06,87.55,2.75,3.3346
20221002,Ramanagara,12.7219,77.281,22.44,85.26,2.78,3.9888
20221003,Ramanagara,12.7219,77.281,22.74,85.83,2.75,3.6454
20221004,Ramanagara,12.7219,77.281,22.62,88.63,2.18,4.7705
20221005,Ramanagara,12.7219,77.281,22.71,88.96,2.01,4.0678
20221006,Ramanagara,12.7219,77.281,22.81,84.26,2.19,3.5292
20221007,Ramanagara,12.7219,77.281,22.9,84.72,1.56,5.9002
20221008,Ramanagara,12.7219,77.281,22.0,86.21,1.5,5.105
20221009,Ramanagara,12.7219,77.281,22.98,87.94,1.56,3.1147
20221010,Ramanagara,12.7219,77.281,23.77,88.84,1.7,3.2402
20221011,Ramanagara,12.7219,77.281,23.54,88.98,1.69,3.4406
20221012,Ramanagara,12.7219,77.281,23.89,86.65,0.9,3.7709
20221013,Ramanagara,12.7219,77.281,23.92,86.85,0.92,4.6682
20221014,Ramanagara,12.7219,77.281,24.14,85.15,0.97,4.7856
20221015,Ramanagara,12.7219,77.281,23.74,87.35,1.28,4.0493
20221016,Ramanagara,12.7219,77.281,23.84,87.94,1.59,4.0459
20221017,Ramanagara,12.7219,77.281,23.92,89.19,1.62,4.7184
20221018,Ramanagara,12.7219,77.281,22.84,90.77,1.22,4.8494
20221019,Ramanagara,12.7219,77.281,22.93,86.88,0.9,5.0278
20221020,Ramanagara,12.7219,77.281,23.6,85.55,1.24,5.1739
20221021,Ramanagara,12.7219,77.281,23.07,87.43,1.51,4.5305
20221022,Ramanagara,12.7219,77.281,23.04,86.27,1.67,5.1178
20221023,Ramanagara,12.7219,77.281,22.25,83.85,1.6,5.9285
20221024,Ramanagara,12.7219,77.281,20.28,77.24,1.99,6.2114
20221025,Ramanagara,12.7219,77.281,20.14,71.15,1.45,6.6293
20221026,Ramanagara,12.7219,77.281,20.7,70.04,1.05,6.4344
20221027,Ramanagara,12.7219,77.281,20.5,76.34,1.43,6.4078
20221028,Ramanagara,12.7219,77.281,21.89,85.68,1.61,4.165
20221029,Ramanagara,12.7219,77.281,22.53,87.59,2.08,3.9089
20221030,Ramanagara,12.7219,77.281,22.5,86.17,1.81,3.5419
20221031,Ramanagara,12.7219,77.281,21.37,87.9,1.56,5.4024
20221101,Ramanagara,12.7219,77.281,21.32,91.26,1.72,2.9849
20221102,Ramanagara,12.7219,77.281,20.9,88.71,1.93,2.6011
20221103,Ramanagara,12.7219,77.281,21.13,85.49,2.02,2.9981
20221104,Ramanagara,12.7219,77.281,21.31,87.08,2.16,3.8054
20221105,Ramanagara,12.7219,77.281,21.34,84.12,1.93,5.2735
20221106,Ramanagara,12.7219,77.281,21.34,88.73,1.85,3.8446
20221107,Ramanagara,12.7219,77.281,21.21,82.77,1.73,5.7938
20221108,Ramanagara,12.7219,77.281,21.98,87.23,1.81,5.3198
20221109,Ramanagara,12.7219,77.281,22.39,83.97,1.64,5.0839
20221110,Ramanagara,12.7219,77.281,22.32,83.98,1.71,5.3381
20221111,Ramanagara,12.7219,77.281,20.71,89.59,2.56,1.2696
20221112,Ramanagara,12.7219,77.281,21.0,92.12,2.44,1.4719
20221113,Ramanagara,12.7219,77.281,21.39,89.64,2.33,2.9081
20221114,Ramanagara,12.7219,77.281,21.62,88.34,1.4,4.5689
20221115,Ramanagara,12.7219,77.281,22.01,88.16,1.3,4.3997
20221116,Ramanagara,12.7219,77.281,21.67,86.26,1.32,5.0131
20221117,Ramanagara,12.7219,77.281,19.89,77.97,1.59,5.3782
20221118,Ramanagara,12.7219,77.281,18.8,74.11,1.58,5.7118
20221119,Ramanagara,12.7219,77.281,18.86,78.76,1.76,5.1041
20221120,Ramanagara,12.7219,77.281,18.46,75.85,1.37,4.6306
20221121,Ramanagara,12.7219,77.281,18.25,83.45,1.51,5.4324
20221122,Ramanagara,12.7219,77.281,20.97,87.92,1.27,2.3455
20221123,Ramanagara,12.7219,77.281,22.08,87.47,1.0,2.621
20221124,Ramanagara,12.7219,77.281,22.2,88.38,1.83,1.8593
20221125,Ramanagara,12.7219,77.281,22.03,86.89,1.68,4.5974
20221126,Ramanagara,12.7219,77.281,22.14,86.12,1.43,5.1242
20221127,Ramanagara,12.7219,77.281,22.57,85.19,0.99,4.1122
20221128,Ramanagara,12.7219,77.281,22.85,85.97,0.79,3.3878
20221129,Ramanagara,12.7219,77.281,22.24,85.1,1.54,3.5573
20221130,Ramanagara,12.7219,77.281,19.83,79.66,1.48,5.1139
20221201,Ramanagara,12.7219,77.281,21.44,88.22,1.71,3.4111
20221202,Ramanagara,12.7219,77.281,22.44,86.19,1.71,4.3243
20221203,Ramanagara,12.7219,77.281,22.22,85.99,1.92,5.1905
20221204,Ramanagara,12.7219,77.281,21.77,87.92,1.93,5.034
20221205,Ramanagara,12.7219,77.281,21.32,87.62,1.86,4.0178
20221206,Ramanagara,12.7219,77.281,21.45,84.79,1.51,3.2738
20221207,Ramanagara,12.7219,77.281,19.95,80.78,1.72,3.9799
20221208,Ramanagara,12.7219,77.281,18.16,78.37,1.9,3.7375
20221209,Ramanagara,12.7219,77.281,18.25,84.4,3.01,2.4468
20221210,Ramanagara,12.7219,77.281,19.69,92.85,4.28,1.5281
20221211,Ramanagara,12.7219,77.281,21.24,93.61,2.43,1.9121
20221212,Ramanagara,12.7219,77.281,21.82,91.57,2.17,2.6482
20221213,Ramanagara,12.7219,77.281,21.81,90.06,2.67,3.367
20221214,Ramanagara,12.7219,77.281,21.44,87.45,2.07,3.8078
20221215,Ramanagara,12.7219,77.281,20.75,80.51,1.71,5.8819
20221216,Ramanagara,12.7219,77.281,19.79,76.48,1.65,5.8961
20221217,Ramanagara,12.7219,77.281,20.43,84.22,1.78,5.2687
20221218,Ramanagara,12.7219,77.281,21.18,86.92,2.09,4.1582
20221219,Ramanagara,12.7219,77.281,19.02,83.34,1.91,5.2879
20221220,Ramanagara,12.7219,77.281,19.87,82.64,1.65,5.1331
20221221,Ramanagara,12.7219,77.281,19.36,75.77,1.62,5.4612
20221222,Ramanagara,12.7219,77.281,18.66,76.52,1.8,5.8138
20221223,Ramanagara,12.7219,77.281,20.12,84.01,1.71,5.5642
20221224,Ramanagara,12.7219,77.281,21.31,83.28,1.65,5.6129
20221225,Ramanagara,12.7219,77.281,21.87,87.56,2.64,2.4022
20221226,Ramanagara,12.7219,77.281,21.78,88.0,2.63,2.9023
20221227,Ramanagara,12.7219,77.281,21.71,88.04,2.28,2.8742
20221228,Ramanagara,12.7219,77.281,22.0,86.41,1.82,5.2877
20221229,Ramanagara,12.7219,77.281,21.42,82.75,1.68,5.6518
20221230,Ramanagara,12.7219,77.281,20.13,78.85,1.52,5.8915
20221231,Ramanagara,12.7219,77.281,19.67,72.87,1.1,5.9016
20230101,Ramanagara,12.7219,77.281,19.08,76.93,1.44,5.7029
20230102,Ramanagara,12.7219,77.281,19.1,81.43,2.01,5.8274
20230103,Ramanagara,12.7219,77.281,19.5,81.67,1.82,5.2486
20230104,Ramanagara,12.7219,77.281,19.82,81.44,1.96,5.4226
20230105,Ramanagara,12.7219,77.281,19.42,80.76,2.41,4.123
20230106,Ramanagara,12.7219,77.281,19.46,82.32,2.64,4.7527
20230107,Ramanagara,12.7219,77.281,19.97,81.67,2.4,4.7933
20230108,Ramanagara,12.7219,77.281,20.25,80.55,1.76,4.8257
20230109,Ramanagara,12.7219,77.281,19.06,72.77,1.75,5.7802
20230110,Ramanagara,12.7219,77.281,17.4,75.53,2.09,6.0768
20230111,Ramanagara,12.7219,77.281,18.01,71.83,1.49,6.15
20230112,Ramanagara,12.7219,77.281,18.68,66.12,1.35,6.2726
20230113,Ramanagara,12.7219,77.281,19.06,70.93,1.1,5.2858
20230114,Ramanagara,12.7219,77.281,18.67,68.87,1.13,6.0014
20230115,Ramanagara,12.7219,77.281,18.61,69.82,1.18,6.2244
20230116,Ramanagara,12.7219,77.281,19.07,69.25,1.47,6.131
20230117,Ramanagara,12.7219,77.281,18.76,72.18,1.28,6.2244
20230118,Ramanagara,12.7219,77.281,18.87,74.05,1.69,6.2028
20230119,Ramanagara,12.7219,77.281,18.92,70.75,1.83,6.3518
20230120,Ramanagara,12.7219,77.281,19.07,78.78,2.07,5.6059
20230121,Ramanagara,12.7219,77.281,20.22,75.92,1.92,4.9771
20230122,Ramanagara,12.7219,77.281,19.78,71.3,2.17,5.531
20230123,Ramanagara,12.7219,77.281,20.93,78.9,2.27,4.6157
20230124,Ramanagara,12.7219,77.281,21.69,77.11,1.86,3.8263
20230125,Ramanagara,12.7219,77.281,20.51,72.93,1.78,5.7528
20230126,Ramanagara,12.7219,77.281,20.04,71.71,1.82,6.0672
20230127,Ramanagara,12.7219,77.281,19.74,68.34,2.07,6.1668
20230128,Ramanagara,12.7219,77.281,19.3,65.98,2.22,6.2993
20230129,Ramanagara,12.7219,77.281,19.97,69.9,2.31,6.0355
20230130,Ramanagara,12.7219,77.281,21.75,76.14,1.99,4.2458
20230131,Ramanagara,12.7219,77.281,22.17,69.38,2.15,5.0597
20230201,Ramanagara,12.7219,77.281,22.4,65.36,2.44,5.347
20230202,Ramanagara,12.7219,77.281,22.05,64.31,2.8,4.085
20230203,Ramanagara,12.7219,77.281,22.82,68.67,2.58,2.609
20230204,Ramanagara,12.7219,77.281,23.17,66.18,2.74,6.2198
20230205,Ramanagara,12.7219,77.281,22.97,60.9,1.93,6.3878
20230206,Ramanagara,12.7219,77.281,22.19,64.22,1.64,6.023
20230207,Ramanagara,12.7219,77.281,22.01,63.42,0.98,6.2628
20230208,Ramanagara,12.7219,77.281,22.68,63.25,1.82,6.0336
20230209,Ramanagara,12.7219,77.281,22.5,62.05,1.95,6.3113
20230210,Ramanagara,12.7219,77.281,22.72,61.37,2.04,6.2729
20230211,Ramanagara,12.7219,77.281,22.48,57.67,2.0,6.0737
20230212,Ramanagara,12.7219,77.281,23.23,52.58,2.11,6.7478
20230213,Ramanagara,12.7219,77.281,22.71,50.74,2.45,6.8412
20230214,Ramanagara,12.7219,77.281,22.43,54.52,1.9,6.9161
20230215,Ramanagara,12.7219,77.281,22.64,52.65,1.89,6.9379
20230216,Ramanagara,12.7219,77.281,22.39,55.84,2.54,6.7296
20230217,Ramanagara,12.7219,77.281,22.09,58.34,2.25,6.8825
20230218,Ramanagara,12.7219,77.281,22.22,59.74,1.87,6.9046
20230219,Ramanagara,12.7219,77.281,22.74,59.42,1.83,6.7764
20230220,Ramanagara,12.7219,77.281,23.05,54.63,1.38,6.8902
20230221,Ramanagara,12.7219,77.281,23.28,52.04,1.75,6.9132
20230222,Ramanagara,12.7219,77.281,23.2,52.67,2.37,6.7018
20230223,Ramanagara,12.7219,77.281,22.05,53.61,2.58,7.2785
20230224,Ramanagara,12.7219,77.281,22.52,49.51,2.02,7.356
20230225,Ramanagara,12.7219,77.281,23.18,43.62,2.49,7.3694
20230226,Ramanagara,12.7219,77.281,23.02,46.12,2.78,7.0548
20230227,Ramanagara,12.7219,77.281,22.15,51.13,2.71,7.326
20230228,Ramanagara,12.7219,77.281,22.64,54.66,2.64,6.7126
20230301,Ramanagara,12.7219,77.281,24.89,59.06,2.94,6.1747
20230302,Ramanagara,12.7219,77.281,23.07,47.35,3.04,7.3762
20230303,Ramanagara,12.7219,77.281,22.84,46.49,3.35,7.4138
20230304,Ramanagara,12.7219,77.281,23.46,41.82,3.21,7.2722
20230305,Ramanagara,12.7219,77.281,24.05,39.37,3.05,7.2682
20230306,Ramanagara,12.7219,77.281,23.88,40.02,3.13,7.3735
20230307,Ramanagara,12.7219,77.281,24.1,41.01,2.98,5.988
20230308,Ramanagara,12.7219,77.281,24.42,45.48,3.14,7.2466
20230309,Ramanagara,12.7219,77.281,24.15,46.91,2.7,5.6316
20230310,Ramanagara,12.7219,77.281,24.68,45.25,3.0,6.1956
20230311,Ramanagara,12.7219,77.281,25.21,47.6,2.97,7.0786
20230312,Ramanagara,12.7219,77.281,25.18,50.44,3.06,7.3025
20230313,Ramanagara,12.7219,77.281,26.04,50.58,2.88,6.876
20230314,Ramanagara,12.7219,77.281,26.65,42.63,2.11,6.6473
20230315,Ramanagara,12.7219,77.281,27.24,45.9,2.32,6.4027
20230316,Ramanagara,12.7219,77.281,27.1,55.93,1.89,5.2111
20230317,Ramanagara,12.7219,77.281,25.49,66.75,1.78,5.6059
20230318,Ramanagara,12.7219,77.281,25.67,69.28,2.44,5.8128
20230319,Ramanagara,12.7219,77.281,26.23,64.96,1.58,6.1104
20230320,Ramanagara,12.7219,77.281,26.3,58.66,1.81,6.5107
20230321,Ramanagara,12.7219,77.281,26.28,44.07,1.65,7.2398
20230322,Ramanagara,12.7219,77.281,26.08,45.72,0.97,6.8911
20230323,Ramanagara,12.7219,77.281,28.13,47.16,1.15,6.6185
20230324,Ramanagara,12.7219,77.281,27.47,58.4,1.52,6.0437
20230325,Ramanagara,12.7219,77.281,26.39,67.99,2.19,5.4372
20230326,Ramanagara,12.7219,77.281,27.0,63.07,1.06,5.3275
20230327,Ramanagara,12.7219,77.281,27.2,60.83,1.07,6.7082
20230328,Ramanagara,12.7219,77.281,28.71,51.43,1.48,6.9396
20230329,Ramanagara,12.7219,77.281,28.5,55.01,1.9,5.6146
20230330,Ramanagara,12.7219,77.281,28.58,52.38,1.2,5.6237
20230331,Ramanagara,12.7219,77.281,29.11,46.23,1.13,6.5534
20230401,Ramanagara,12.7219,77.281,28.54,50.83,1.55,5.9962
20230402,Ramanagara,12.7219,77.281,28.56,53.65,1.57,6.1418
20230403,Ramanagara,12.7219,77.281,28.88,49.33,1.9,6.4822
20230404,Ramanagara,12.7219,77.281,27.24,61.65,1.32,4.535
20230405,Ramanagara,12.7219,77.281,27.88,58.49,1.54,5.7758
20230406,Ramanagara,12.7219,77.281,28.27,50.52,1.99,6.2448
20230407,Ramanagara,12.7219,77.281,27.86,50.93,2.55,6.8515
20230408,Ramanagara,12.7219,77.281,27.6,49.59,3.24,7.4998
20230409,Ramanagara,12.7219,77.281,27.91,46.11,2.68,7.5518
20230410,Ramanagara,12.7219,77.281,28.27,48.02,2.78,7.4578
20230411,Ramanagara,12.7219,77.281,28.37,36.96,2.22,7.6774
20230412,Ramanagara,12.7219,77.281,27.89,33.03,2.11,7.7203
20230413,Ramanagara,12.7219,77.281,29.4,25.77,2.22,7.823
20230414,Ramanagara,12.7219,77.281,28.69,28.39,2.12,7.5041
20230415,Ramanagara,12.7219,77.281,29.48,28.4,2.03,6.4903
20230416,Ramanagara,12.7219,77.281,28.68,33.93,2.26,7.2031
20230417,Ramanagara,12.7219,77.281,29.06,32.01,2.54,7.4945
20230418,Ramanagara,12.7219,77.281,29.39,35.42,2.31,7.7304
20230419,Ramanagara,12.7219,77.281,29.81,35.53,1.82,7.5569
20230420,Ramanagara,12.7219,77.281,31.24,36.12,1.3,7.2298
20230421,Ramanagara,12.7219,77.281,31.72,38.24,1.69,6.5254
20230422,Ramanagara,12.7219,77.281,30.76,45.71,1.67,5.905
20230423,Ramanagara,12.7219,77.281,29.33,54.04,1.65,6.2388
20230424,Ramanagara,12.7219,77.281,28.3,55.34,2.95,6.6379
20230425,Ramanagara,12.7219,77.281,28.14,52.98,2.17,6.0353
20230426,Ramanagara,12.7219,77.281,28.29,54.12,2.41,5.6023
20230427,Ramanagara,12.7219,77.281,28.94,51.56,2.19,5.8138
20230428,Ramanagara,12.7219,77.281,29.61,46.94,2.76,6.3278
20230429,Ramanagara,12.7219,77.281,28.54,57.93,2.33,5.3393
20230430,Ramanagara,12.7219,77.281,27.52,65.55,1.95,5.9381
20230501,Ramanagara,12.7219,77.281,25.04,78.08,1.4,4.5295
20230502,Ramanagara,12.7219,77.281,25.88,73.96,1.23,5.8598
20230503,Ramanagara,12.7219,77.281,25.76,74.18,2.06,4.8034
20230504,Ramanagara,12.7219,77.281,25.64,73.07,1.03,5.4343
20230505,Ramanagara,12.7219,77.281,23.93,81.14,1.63,5.0974
20230506,Ramanagara,12.7219,77.281,23.86,84.48,1.24,5.0362
20230507,Ramanagara,12.7219,77.281,24.65,82.81,1.93,3.817
20230508,Ramanagara,12.7219,77.281,24.51,83.49,1.34,4.5732
20230509,Ramanagara,12.7219,77.281,26.48,74.75,1.33,6.2863
20230510,Ramanagara,12.7219,77.281,27.32,69.06,1.58,6.4846
20230511,Ramanagara,12.7219,77.281,27.57,68.0,1.19,5.8642
20230512,Ramanagara,12.7219,77.281,28.19,67.81,1.43,5.7077
20230513,Ramanagara,12.7219,77.281,27.87,67.2,2.93,5.0808
20230514,Ramanagara,12.7219,77.281,28.12,67.0,2.93,6.7879
20230515,Ramanagara,12.7219,77.281,28.82,65.15,2.37,7.2259
20230516,Ramanagara,12.7219,77.281,29.64,57.67,2.05,7.314
20230517,Ramanagara,12.7219,77.281,30.24,51.06,0.85,6.7517
20230518,Ramanagara,12.7219,77.281,29.74,57.31,1.37,6.0106
20230519,Ramanagara,12.7219,77.281,27.62,67.32,0.82,6.5434
20230520,Ramanagara,12.7219,77.281,28.4,65.33,1.67,6.6142
20230521,Ramanagara,12.7219,77.281,28.05,70.31,1.06,6.4462
20230522,Ramanagara,12.7219,77.281,27.95,67.9,1.43,6.4027
20230523,Ramanagara,12.7219,77.281,27.77,66.12,1.15,6.5326
20230524,Ramanagara,12.7219,77.281,26.38,71.47,1.72,6.5801
20230525,Ramanagara,12.7219,77.281,27.48,68.48,2.03,6.5818
20230526,Ramanagara,12.7219,77.281,27.1,69.34,2.24,6.7606
20230527,Ramanagara,12.7219,77.281,28.51,63.06,1.91,7.1863
20230528,Ramanagara,12.7219,77.281,28.07,63.66,1.67,6.588
20230529,Ramanagara,12.7219,77.281,28.43,62.64,1.68,6.0206
20230530,Ramanagara,12.7219,77.281,27.11,70.41,1.44,5.2992
20230531,Ramanagara,12.7219,77.281,26.66,70.22,1.02,5.9885
20230601,Ramanagara,12.7219,77.281,26.92,68.9,1.92,5.9275
20230602,Ramanagara,12.7219,77.281,27.26,64.81,2.39,5.9592
20230603,Ramanagara,12.7219,77.281,28.7,63.81,2.35,6.3384
20230604,Ramanagara,12.7219,77.281,28.49,65.28,2.44,5.3239
20230605,Ramanagara,12.7219,77.281,26.63,72.23,2.44,6.5095
20230606,Ramanagara,12.7219,77.281,27.44,67.93,2.74,7.0961
20230607,Ramanagara,12.7219,77.281,27.59,67.12,3.12,6.6794
20230608,Ramanagara,12.7219,77.281,26.72,70.32,2.89,6.798
20230609,Ramanagara,12.7219,77.281,27.11,66.95,3.37,6.8674
20230610,Ramanagara,12.7219,77.281,26.82,65.44,4.42,6.5873
20230611,Ramanagara,12.7219,77.281,27.24,64.87,3.84,5.85
20230612,Ramanagara,12.7219,77.281,26.82,71.48,3.43,6.4565
20230613,Ramanagara,12.7219,77.281,27.25,68.6,3.49,6.7867
20230614,Ramanagara,12.7219,77.281,26.71,69.4,3.95,6.535
20230615,Ramanagara,12.7219,77.281,27.89,64.85,3.52,6.5539
20230616,Ramanagara,12.7219,77.281,28.22,63.08,3.64,7.2182
20230617,Ramanagara,12.7219,77.281,27.23,67.03,3.27,6.0216
20230618,Ramanagara,12.7219,77.281,25.7,72.69,3.38,3.7478
20230619,Ramanagara,12.7219,77.281,25.6,72.02,2.92,4.061
20230620,Ramanagara,12.7219,77.281,25.26,75.92,1.72,2.9738
20230621,Ramanagara,12.7219,77.281,25.09,76.28,1.39,3.7366
20230622,Ramanagara,12.7219,77.281,26.61,67.93,1.88,5.7542
20230623,Ramanagara,12.7219,77.281,25.23,69.47,3.09,5.4026
20230624,Ramanagara,12.7219,77.281,24.14,78.22,3.43,4.3886
20230625,Ramanagara,12.7219,77.281,24.51,79.21,2.71,5.3198
20230626,Ramanagara,12.7219,77.281,24.64,68.91,3.55,4.506
20230627,Ramanagara,12.7219,77.281,25.1,68.92,3.53,5.1209
20230628,Ramanagara,12.7219,77.281,25.53,65.62,3.94,5.0429
20230629,Ramanagara,12.7219,77.281,25.79,68.47,3.84,4.644
20230630,Ramanagara,12.7219,77.281,25.7,66.11,3.93,5.9441
20230701,Ramanagara,12.7219,77.281,25.37,67.5,3.67,5.7271
20230702,Ramanagara,12.7219,77.281,24.45,75.06,3.79,4.2305
20230703,Ramanagara,12.7219,77.281,24.63,77.13,4.0,5.2601
20230704,Ramanagara,12.7219,77.281,24.11,79.5,4.66,3.4733
20230705,Ramanagara,12.7219,77.281,23.63,77.45,4.98,3.7082
20230706,Ramanagara,12.7219,77.281,23.89,73.95,5.33,3.7759
20230707,Ramanagara,12.7219,77.281,24.53,75.81,3.97,4.116
20230708,Ramanagara,12.7219,77.281,24.77,73.76,3.57,3.7586
20230709,Ramanagara,12.7219,77.281,25.35,72.41,3.19,4.4234
20230710,Ramanagara,12.7219,77.281,24.99,76.07,2.72,4.0423
20230711,Ramanagara,12.7219,77.281,25.12,69.76,3.8,3.4778
20230712,Ramanagara,12.7219,77.281,24.52,70.65,3.94,5.4216
20230713,Ramanagara,12.7219,77.281,24.66,71.79,3.64,4.6517
20230714,Ramanagara,12.7219,77.281,25.09,72.44,3.91,4.9118
20230715,Ramanagara,12.7219,77.281,25.21,71.88,3.6,5.2253
20230716,Ramanagara,12.7219,77.281,25.8,72.78,3.41,4.5708
20230717,Ramanagara,12.7219,77.281,25.35,74.38,4.0,4.8931
20230718,Ramanagara,12.7219,77.281,26.1,69.31,5.3,5.2358
20230719,Ramanagara,12.7219,77.281,25.36,70.69,6.34,4.0546
20230720,Ramanagara,12.7219,77.281,25.43,68.93,6.42,5.0158
20230721,Ramanagara,12.7219,77.281,24.94,74.21,6.44,3.931
20230722,Ramanagara,12.7219,77.281,25.1,70.23,6.25,3.3271
20230723,Ramanagara,12.7219,77.281,24.87,73.87,5.34,3.1944
20230724,Ramanagara,12.7219,77.281,23.65,80.22,4.94,2.8824
20230725,Ramanagara,12.7219,77.281,22.75,82.82,4.53,2.6203
20230726,Ramanagara,12.7219,77.281,23.77,78.7,5.24,2.8092
20230727,Ramanagara,12.7219,77.281,23.62,75.77,5.62,4.1527
20230728,Ramanagara,12.7219,77.281,25.1,71.02,5.2,4.3313
20230729,Ramanagara,12.7219,77.281,25.66,70.23,5.14,4.6901
20230730,Ramanagara,12.7219,77.281,26.16,68.31,4.74,5.7288
20230731,Ramanagara,12.7219,77.281,26.37,68.84,4.59,5.1163
20230801,Ramanagara,12.7219,77.281,25.97,69.28,4.91,5.0902
20230802,Ramanagara,12.7219,77.281,25.64,68.9,4.97,5.3441
20230803,Ramanagara,12.7219,77.281,26.16,68.1,4.77,5.3246
20230804,Ramanagara,12.7219,77.281,26.14,69.01,4.36,5.0957
20230805,Ramanagara,12.7219,77.281,26.52,67.03,4.18,5.1053
20230806,Ramanagara,12.7219,77.281,26.44,69.2,3.35,5.3249
20230807,Ramanagara,12.7219,77.281,26.86,65.8,3.32,5.4132
20230808,Ramanagara,12.7219,77.281,26.51,66.77,2.82,5.069
20230809,Ramanagara,12.7219,77.281,26.72,68.29,2.23,5.5442
20230810,Ramanagara,12.7219,77.281,25.41,76.01,1.84,5.4612
20230811,Ramanagara,12.7219,77.281,25.71,75.41,1.49,5.0342
20230812,Ramanagara,12.7219,77.281,25.2,74.55,2.07,4.1976
20230813,Ramanagara,12.7219,77.281,25.81,69.86,2.56,5.778
20230814,Ramanagara,12.7219,77.281,26.12,67.59,2.3,5.555
20230815,Ramanagara,12.7219,77.281,25.96,67.8,2.16,6.7279
20230816,Ramanagara,12.7219,77.281,26.88,66.16,2.42,6.8606
20230817,Ramanagara,12.7219,77.281,26.93,64.85,3.42,5.9405
20230818,Ramanagara,12.7219,77.281,25.97,67.11,4.08,4.8977
20230819,Ramanagara,12.7219,77.281,25.94,68.46,4.23,4.332
20230820,Ramanagara,12.7219,77.281,26.71,67.12,3.45,5.0448
20230821,Ramanagara,12.7219,77.281,27.18,64.15,2.85,6.2714
20230822,Ramanagara,12.7219,77.281,26.79,68.56,1.34,5.4826
20230823,Ramanagara,12.7219,77.281,26.79,67.08,1.59,5.6544
20230824,Ramanagara,12.7219,77.281,27.0,64.07,2.4,6.0115
20230825,Ramanagara,12.7219,77.281,27.31,63.08,2.17,6.3418
20230826,Ramanagara,12.7219,77.281,26.19,69.84,2.09,5.995
20230827,Ramanagara,12.7219,77.281,26.05,73.15,1.7,5.2138
20230828,Ramanagara,12.7219,77.281,26.47,66.76,2.23,6.2222
20230829,Ramanagara,12.7219,77.281,26.62,67.08,2.06,5.6503
20230830,Ramanagara,12.7219,77.281,26.93,69.91,2.29,6.2851
20230831,Ramanagara,12.7219,77.281,25.11,77.37,1.65,4.8826
20230901,Ramanagara,12.7219,77.281,23.96,87.03,1.76,5.8205
20230902,Ramanagara,12.7219,77.281,24.08,83.17,2.42,5.1139
20230903,Ramanagara,12.7219,77.281,23.86,81.17,2.54,5.5742
20230904,Ramanagara,12.7219,77.281,23.04,78.98,3.69,4.1539
20230905,Ramanagara,12.7219,77.281,23.88,80.31,3.19,4.0738
20230906,Ramanagara,12.7219,77.281,23.62,81.11,2.72,4.4597
20230907,Ramanagara,12.7219,77.281,23.3,78.14,3.03,4.8653
20230908,Ramanagara,12.7219,77.281,23.89,76.61,3.45,4.9495
20230909,Ramanagara,12.7219,77.281,24.54,76.85,3.25,6.0307
20230910,Ramanagara,12.7219,77.281,24.48,79.18,3.1,5.5183
20230911,Ramanagara,12.7219,77.281,23.99,79.87,3.53,4.5161
20230912,Ramanagara,12.7219,77.281,24.17,78.04,3.01,5.5428
20230913,Ramanagara,12.7219,77.281,24.88,73.62,3.47,5.1931
20230914,Ramanagara,12.7219,77.281,24.82,74.61,3.35,4.5266
20230915,Ramanagara,12.7219,77.281,23.68,75.84,3.33,4.7122
20230916,Ramanagara,12.7219,77.281,24.63,77.34,3.23,4.4875
20230917,Ramanagara,12.7219,77.281,24.91,79.23,2.64,4.6802
20230918,Ramanagara,12.7219,77.281,24.84,79.36,2.71,5.2526
20230919,Ramanagara,12.7219,77.281,25.07,78.92,2.55,5.9942
20230920,Ramanagara,12.7219,77.281,24.04,82.9,2.18,5.6381
20230921,Ramanagara,12.7219,77.281,22.87,86.82,1.39,4.7813
20230922,Ramanagara,12.7219,77.281,24.62,83.06,1.25,5.8013
20230923,Ramanagara,12.7219,77.281,24.36,85.81,1.76,5.6866
20230924,Ramanagara,12.7219,77.281,23.51,87.62,2.14,5.556
20230925,Ramanagara,12.7219,77.281,22.75,87.87,2.4,4.7494
20230926,Ramanagara,12.7219,77.281,24.26,81.9,1.96,5.5946
20230927,Ramanagara,12.7219,77.281,24.2,78.06,2.75,5.2157
20230928,Ramanagara,12.7219,77.281,22.87,85.41,2.37,4.5271
20230929,Ramanagara,12.7219,77.281,23.29,83.78,2.53,4.6721
20230930,Ramanagara,12.7219,77.281,23.21,77.99,3.15,4.0836
20231001,Ramanagara,12.7219,77.281,23.64,81.42,3.15,4.2302
20231002,Ramanagara,12.7219,77.281,23.94,79.9,2.98,5.1854
20231003,Ramanagara,12.7219,77.281,24.23,76.07,2.37,6.2395
20231004,Ramanagara,12.7219,77.281,24.54,74.33,1.55,6.295
20231005,Ramanagara,12.7219,77.281,24.34,80.5,1.81,5.927
20231006,Ramanagara,12.7219,77.281,24.4,78.3,1.44,4.8036
20231007,Ramanagara,12.7219,77.281,24.93,79.12,1.11,4.3272
20231008,Ramanagara,12.7219,77.281,25.78,72.87,0.76,4.2598
20231009,Ramanagara,12.7219,77.281,25.09,83.14,0.89,4.2154
20231010,Ramanagara,12.7219,77.281,24.67,87.27,0.7,4.8055
20231011,Ramanagara,12.7219,77.281,23.19,91.0,1.74,4.1837
20231012,Ramanagara,12.7219,77.281,23.78,80.62,1.84,4.8533
20231013,Ramanagara,12.7219,77.281,23.39,73.09,1.59,6.4325
20231014,Ramanagara,12.7219,77.281,23.36,78.23,1.36,5.5495
20231015,Ramanagara,12.7219,77.281,24.12,79.6,1.41,4.9279
20231016,Ramanagara,12.7219,77.281,23.65,86.61,1.57,4.5686
20231017,Ramanagara,12.7219,77.281,23.89,82.45,1.03,5.2608
20231018,Ramanagara,12.7219,77.281,23.66,80.8,1.44,5.6674
20231019,Ramanagara,12.7219,77.281,23.79,75.54,1.54,5.5567
20231020,Ramanagara,12.7219,77.281,24.08,77.83,1.58,5.7401
20231021,Ramanagara,12.7219,77.281,24.21,77.89,1.71,5.0554
20231022,Ramanagara,12.7219,77.281,24.8,73.86,1.5,5.2879
20231023,Ramanagara,12.7219,77.281,24.37,65.55,1.37,5.0347
20231024,Ramanagara,12.7219,77.281,23.82,57.52,1.06,6.0686
20231025,Ramanagara,12.7219,77.281,24.18,69.53,0.95,6.0418
20231026,Ramanagara,12.7219,77.281,24.0,69.39,1.23,5.7178
20231027,Ramanagara,12.7219,77.281,24.22,72.2,1.64,5.2224
20231028,Ramanagara,12.7219,77.281,24.45,76.18,1.68,5.0208
20231029,Ramanagara,12.7219,77.281,23.83,81.67,1.78,4.6678
20231030,Ramanagara,12.7219,77.281,22.37,87.31,1.81,3.9946
20231031,Ramanagara,12.7219,77.281,22.78,82.24,1.44,3.9187
20231101,Ramanagara,12.7219,77.281,24.11,75.75,1.46,4.6082
20231102,Ramanagara,12.7219,77.281,24.64,78.49,1.69,4.5722
20231103,Ramanagara,12.7219,77.281,24.92,77.24,2.0,4.9548
20231104,Ramanagara,12.7219,77.281,23.67,83.73,1.41,4.0858
20231105,Ramanagara,12.7219,77.281,23.33,84.23,2.53,4.133
20231106,Ramanagara,12.7219,77.281,23.0,83.97,0.73,4.4671
20231107,Ramanagara,12.7219,77.281,22.99,90.15,1.33,4.3015
20231108,Ramanagara,12.7219,77.281,23.65,84.74,1.37,4.0548
20231109,Ramanagara,12.7219,77.281,22.22,84.47,1.83,3.9648
20231110,Ramanagara,12.7219,77.281,22.54,82.94,1.76,4.015
20231111,Ramanagara,12.7219,77.281,22.82,75.29,2.05,5.7122
20231112,Ramanagara,12.7219,77.281,21.75,77.47,2.13,5.2006
20231113,Ramanagara,12.7219,77.281,22.33,79.09,2.08,5.201
20231114,Ramanagara,12.7219,77.281,21.51,77.92,2.16,2.4343
20231115,Ramanagara,12.7219,77.281,22.81,79.4,1.52,4.4009
20231116,Ramanagara,12.7219,77.281,23.98,74.06,1.09,4.2127
20231117,Ramanagara,12.7219,77.281,24.36,75.13,1.37,4.5041
20231118,Ramanagara,12.7219,77.281,24.65,72.92,2.14,4.6318
20231119,Ramanagara,12.7219,77.281,24.08,73.33,2.69,5.5805
20231120,Ramanagara,12.7219,77.281,23.84,75.57,2.11,5.2898
20231121,Ramanagara,12.7219,77.281,24.39,79.52,2.09,4.201
20231122,Ramanagara,12.7219,77.281,24.26,84.73,2.09,3.5585
20231123,Ramanagara,12.7219,77.281,23.48,80.62,2.46,3.3595
20231124,Ramanagara,12.7219,77.281,23.86,82.27,2.02,3.8023
20231125,Ramanagara,12.7219,77.281,23.8,81.65,2.32,3.4529
20231126,Ramanagara,12.7219,77.281,23.35,79.31,2.94,3.9814
20231127,Ramanagara,12.7219,77.281,23.94,77.16,2.37,4.5108
20231128,Ramanagara,12.7219,77.281,24.19,77.22,2.11,4.2965
20231129,Ramanagara,12.7219,77.281,23.67,79.84,2.16,3.8786
20231130,Ramanagara,12.7219,77.281,23.3,80.49,2.07,3.3142
20231201,Ramanagara,12.7219,77.281,23.86,77.01,1.71,2.6602
20231202,Ramanagara,12.7219,77.281,24.13,75.78,2.43,4.1887
20231203,Ramanagara,12.7219,77.281,24.01,82.16,2.76,2.7982
20231204,Ramanagara,12.7219,77.281,23.83,77.62,3.09,2.0162
20231205,Ramanagara,12.7219,77.281,24.67,69.4,2.32,3.8194
20231206,Ramanagara,12.7219,77.281,24.69,70.37,1.14,4.9594
20231207,Ramanagara,12.7219,77.281,25.27,74.78,0.83,4.2156
20231208,Ramanagara,12.7219,77.281,23.79,85.03,1.3,3.2693
20231209,Ramanagara,12.7219,77.281,23.13,81.14,2.01,3.2666
20231210,Ramanagara,12.7219,77.281,24.08,71.5,2.14,4.2269
20231211,Ramanagara,12.7219,77.281,23.67,71.97,1.41,4.1201
20231212,Ramanagara,12.7219,77.281,23.33,71.06,1.69,3.7735
20231213,Ramanagara,12.7219,77.281,22.45,69.44,1.92,4.3351
20231214,Ramanagara,12.7219,77.281,21.83,68.46,2.07,4.789
20231215,Ramanagara,12.7219,77.281,22.98,75.95,2.19,4.2142
20231216,Ramanagara,12.7219,77.281,24.15,77.16,2.85,3.6168
20231217,Ramanagara,12.7219,77.281,23.01,77.45,3.02,2.4715
20231218,Ramanagara,12.7219,77.281,22.54,76.88,3.01,2.2968
20231219,Ramanagara,12.7219,77.281,22.2,70.38,2.91,5.1031
20231220,Ramanagara,12.7219,77.281,22.59,70.27,2.47,3.359
20231221,Ramanagara,12.7219,77.281,23.28,73.54,2.08,4.2046
20231222,Ramanagara,12.7219,77.281,23.77,68.96,1.52,4.6356
20231223,Ramanagara,12.7219,77.281,20.82,67.39,1.85,5.1521
20231224,Ramanagara,12.7219,77.281,21.67,72.63,2.18,5.5066
20231225,Ramanagara,12.7219,77.281,23.33,71.98,2.64,3.5414
20231226,Ramanagara,12.7219,77.281,21.85,66.07,2.46,5.8891
20231227,Ramanagara,12.7219,77.281,21.79,66.49,2.44,6.0295
20231228,Ramanagara,12.7219,77.281,22.66,72.82,2.86,4.6913
20231229,Ramanagara,12.7219,77.281,23.25,72.19,2.78,3.3857
20231230,Ramanagara,12.7219,77.281,22.82,67.62,2.45,5.0501
20231231,Ramanagara,12.7219,77.281,21.82,67.43,2.29,5.4226
20240101,Ramanagara,12.7219,77.281,22.61,66.27,1.63,4.6692
20240102,Ramanagara,12.7219,77.281,23.01,65.77,2.03,4.3968
20240103,Ramanagara,12.7219,77.281,23.02,68.41,1.81,2.9746
20240104,Ramanagara,12.7219,77.281,22.29,76.7,1.87,2.4643
20240105,Ramanagara,12.7219,77.281,23.43,73.65,1.99,3.2774
20240106,Ramanagara,12.7219,77.281,23.83,62.53,2.51,4.6908
20240107,Ramanagara,12.7219,77.281,22.94,71.03,2.83,4.3327
20240108,Ramanagara,12.7219,77.281,22.86,77.15,3.75,2.1046
20240109,Ramanagara,12.7219,77.281,22.13,76.53,3.25,2.7516
20240110,Ramanagara,12.7219,77.281,22.66,67.26,2.87,3.7015
20240111,Ramanagara,12.7219,77.281,22.7,63.38,2.67,5.6186
20240112,Ramanagara,12.7219,77.281,22.48,69.54,3.02,5.8423
20240113,Ramanagara,12.7219,77.281,23.57,67.4,2.51,4.7328
20240114,Ramanagara,12.7219,77.281,23.93,63.41,2.12,5.2022
20240115,Ramanagara,12.7219,77.281,23.46,62.88,1.78,5.3981
20240116,Ramanagara,12.7219,77.281,23.0,63.74,1.48,5.3585
20240117,Ramanagara,12.7219,77.281,23.0,62.62,1.73,5.6052
20240118,Ramanagara,12.7219,77.281,23.13,60.87,1.46,5.2102
20240119,Ramanagara,12.7219,77.281,23.89,60.05,1.8,5.2651
20240120,Ramanagara,12.7219,77.281,24.98,64.04,1.98,5.381
20240121,Ramanagara,12.7219,77.281,24.81,56.48,2.15,5.9309
20240122,Ramanagara,12.7219,77.281,25.11,57.32,1.88,5.8181
20240123,Ramanagara,12.7219,77.281,24.58,59.3,1.73,5.7302
20240124,Ramanagara,12.7219,77.281,25.15,59.15,1.96,4.8415
20240125,Ramanagara,12.7219,77.281,24.88,57.38,2.5,4.8574
20240126,Ramanagara,12.7219,77.281,24.12,56.63,2.74,6.0598
20240127,Ramanagara,12.7219,77.281,24.23,57.16,3.22,5.898
20240128,Ramanagara,12.7219,77.281,24.24,57.58,3.04,5.027
20240129,Ramanagara,12.7219,77.281,24.05,51.2,2.45,5.7353
20240130,Ramanagara,12.7219,77.281,23.99,52.49,1.28,5.8188
20240131,Ramanagara,12.7219,77.281,25.28,54.92,1.36,6.1066
20240201,Ramanagara,12.7219,77.281,25.92,51.95,1.08,5.8817
20240202,Ramanagara,12.7219,77.281,26.5,58.84,1.85,4.9577
20240203,Ramanagara,12.7219,77.281,26.7,59.14,2.89,4.7189
20240204,Ramanagara,12.7219,77.281,25.39,54.22,2.62,6.1826
20240205,Ramanagara,12.7219,77.281,25.07,52.0,2.69,6.4555
20240206,Ramanagara,12.7219,77.281,25.08,52.62,2.56,6.5568
20240207,Ramanagara,12.7219,77.281,25.3,49.74,2.4,6.7406
20240208,Ramanagara,12.7219,77.281,26.01,45.27,2.29,6.0986
20240209,Ramanagara,12.7219,77.281,25.44,50.47,2.41,6.5364
20240210,Ramanagara,12.7219,77.281,25.35,55.18,3.19,6.391
20240211,Ramanagara,12.7219,77.281,25.06,55.09,3.06,6.5136
20240212,Ramanagara,12.7219,77.281,24.25,51.6,2.93,6.8712
20240213,Ramanagara,12.7219,77.281,24.38,56.4,2.81,6.7421
20240214,Ramanagara,12.7219,77.281,25.8,54.57,3.4,6.4478
20240215,Ramanagara,12.7219,77.281,24.87,50.98,3.16,6.6646
20240216,Ramanagara,12.7219,77.281,24.62,51.73,3.27,6.7742
20240217,Ramanagara,12.7219,77.281,25.14,46.41,2.67,6.8369
20240218,Ramanagara,12.7219,77.281,25.5,43.02,1.65,6.7915
20240219,Ramanagara,12.7219,77.281,25.82,50.35,2.03,6.6053
20240220,Ramanagara,12.7219,77.281,26.83,48.24,2.18,6.4495
20240221,Ramanagara,12.7219,77.281,27.81,45.78,1.2,5.7509
20240222,Ramanagara,12.7219,77.281,28.72,38.63,1.16,6.2122
20240223,Ramanagara,12.7219,77.281,29.0,39.86,1.15,6.5249
20240224,Ramanagara,12.7219,77.281,28.71,47.4,2.67,5.2898
20240225,Ramanagara,12.7219,77.281,27.69,52.57,3.54,5.7096
20240226,Ramanagara,12.7219,77.281,26.51,53.47,3.89,6.4426
20240227,Ramanagara,12.7219,77.281,27.13,52.15,3.73,6.845
20240228,Ramanagara,12.7219,77.281,27.18,44.91,2.72,7.1026
20240229,Ramanagara,12.7219,77.281,26.24,40.18,2.68,7.2878
20240301,Ramanagara,12.7219,77.281,25.67,46.05,2.89,7.1021
20240302,Ramanagara,12.7219,77.281,26.64,35.81,2.33,6.217
20240303,Ramanagara,12.7219,77.281,27.33,37.27,1.56,6.8525
20240304,Ramanagara,12.7219,77.281,28.01,42.22,1.59,6.9146
20240305,Ramanagara,12.7219,77.281,28.2,40.4,2.0,7.0296
20240306,Ramanagara,12.7219,77.281,28.43,33.16,1.42,5.957
20240307,Ramanagara,12.7219,77.281,27.64,33.79,1.91,6.8724
20240308,Ramanagara,12.7219,77.281,28.71,34.02,1.94,6.0439
20240309,Ramanagara,12.7219,77.281,29.26,36.46,2.08,6.1651
20240310,Ramanagara,12.7219,77.281,28.85,42.49,2.96,6.2098
20240311,Ramanagara,12.7219,77.281,28.49,44.84,2.5,6.1051
20240312,Ramanagara,12.7219,77.281,28.49,42.73,2.01,6.4613
20240313,Ramanagara,12.7219,77.281,28.64,35.58,1.7,6.0422
20240314,Ramanagara,12.7219,77.281,29.92,35.5,1.14,5.7499
20240315,Ramanagara,12.7219,77.281,30.22,33.32,2.61,5.7254
20240316,Ramanagara,12.7219,77.281,28.79,39.98,2.85,6.228
20240317,Ramanagara,12.7219,77.281,28.19,41.5,2.88,6.9787
20240318,Ramanagara,12.7219,77.281,28.03,35.11,1.97,6.9415
20240319,Ramanagara,12.7219,77.281,28.38,34.62,2.16,7.1261
20240320,Ramanagara,12.7219,77.281,28.26,39.47,2.22,7.1129
20240321,Ramanagara,12.7219,77.281,28.37,49.73,2.94,6.8477
20240322,Ramanagara,12.7219,77.281,28.94,49.74,2.29,5.7528
20240323,Ramanagara,12.7219,77.281,29.11,45.36,2.67,6.8602
20240324,Ramanagara,12.7219,77.281,28.96,37.12,2.5,7.0406
20240325,Ramanagara,12.7219,77.281,28.65,38.38,2.77,7.183
20240326,Ramanagara,12.7219,77.281,28.77,31.63,2.86,7.2991
20240327,Ramanagara,12.7219,77.281,28.22,24.98,2.69,7.7232
20240328,Ramanagara,12.7219,77.281,28.69,29.44,2.24,7.4462
20240329,Ramanagara,12.7219,77.281,29.63,35.43,2.77,7.1597
20240330,Ramanagara,12.7219,77.281,29.47,33.79,2.67,7.3193
20240331,Ramanagara,12.7219,77.281,28.49,37.58,1.98,7.6843
20240401,Ramanagara,12.7219,77.281,29.83,45.56,1.49,7.2989
20240402,Ramanagara,12.7219,77.281,30.74,42.07,2.26,7.3301
20240403,Ramanagara,12.7219,77.281,30.25,35.81,2.32,7.0728
20240404,Ramanagara,12.7219,77.281,30.61,38.91,2.77,7.5499
20240405,Ramanagara,12.7219,77.281,31.32,35.04,2.39,7.0831
20240406,Ramanagara,12.7219,77.281,30.42,32.27,2.66,7.0584
20240407,Ramanagara,12.7219,77.281,30.37,31.02,2.76,7.3908
20240408,Ramanagara,12.7219,77.281,30.51,36.28,2.69,7.5859
20240409,Ramanagara,12.7219,77.281,29.86,45.85,3.42,7.4282
20240410,Ramanagara,12.7219,77.281,29.75,44.44,2.84,7.4993
20240411,Ramanagara,12.7219,77.281,30.13,46.11,2.96,7.362
20240412,Ramanagara,12.7219,77.281,29.95,49.6,3.43,6.1975
20240413,Ramanagara,12.7219,77.281,29.52,46.8,2.95,6.3487
20240414,Ramanagara,12.7219,77.281,29.95,42.93,2.84,7.231
20240415,Ramanagara,12.7219,77.281,30.12,42.03,2.92,7.393
20240416,Ramanagara,12.7219,77.281,30.43,40.75,2.47,7.4837
20240417,Ramanagara,12.7219,77.281,31.8,39.66,2.36,6.1531
20240418,Ramanagara,12.7219,77.281,32.93,37.08,1.85,5.8142
20240419,Ramanagara,12.7219,77.281,33.13,39.42,2.01,5.8274
20240420,Ramanagara,12.7219,77.281,33.02,35.87,2.35,5.0369
20240421,Ramanagara,12.7219,77.281,32.08,35.81,2.63,7.0224
20240422,Ramanagara,12.7219,77.281,31.79,38.81,2.62,7.1218
20240423,Ramanagara,12.7219,77.281,31.45,36.02,3.02,7.5835
20240424,Ramanagara,12.7219,77.281,30.91,34.32,2.67,7.3574
20240425,Ramanagara,12.7219,77.281,31.33,35.78,2.5,6.6355
20240426,Ramanagara,12.7219,77.281,31.23,38.2,2.6,7.2494
20240427,Ramanagara,12.7219,77.281,30.88,36.64,2.65,7.6658
20240428,Ramanagara,12.7219,77.281,31.41,34.95,2.47,7.6094
20240429,Ramanagara,12.7219,77.281,31.64,35.29,2.2,7.6421
20240430,Ramanagara,12.7219,77.281,31.77,34.84,2.1,7.1923
20240501,Ramanagara,12.7219,77.281,33.01,40.75,1.58,6.6912
20240502,Ramanagara,12.7219,77.281,33.15,43.23,1.2,6.3149
20240503,Ramanagara,12.7219,77.281,32.43,47.99,2.0,4.7026
20240504,Ramanagara,12.7219,77.281,30.21,60.64,1.89,6.631
20240505,Ramanagara,12.7219,77.281,31.27,53.7,1.73,7.1302
20240506,Ramanagara,12.7219,77.281,31.38,53.55,1.92,6.8162
20240507,Ramanagara,12.7219,77.281,29.78,61.01,1.49,6.5136
20240508,Ramanagara,12.7219,77.281,28.44,67.25,1.03,6.0266
20240509,Ramanagara,12.7219,77.281,28.48,65.51,1.25,5.5752
20240510,Ramanagara,12.7219,77.281,27.39,67.97,1.46,5.7286
20240511,Ramanagara,12.7219,77.281,27.67,67.54,1.68,5.8742
20240512,Ramanagara,12.7219,77.281,27.66,69.6,1.21,5.399
20240513,Ramanagara,12.7219,77.281,26.79,74.19,1.86,4.8948
20240514,Ramanagara,12.7219,77.281,27.38,67.91,1.57,5.1497
20240515,Ramanagara,12.7219,77.281,28.6,59.9,2.08,5.5126
20240516,Ramanagara,12.7219,77.281,26.6,68.64,1.8,4.2886
20240517,Ramanagara,12.7219,77.281,27.56,64.34,0.85,3.9274
20240518,Ramanagara,12.7219,77.281,27.0,72.4,1.35,4.8763
20240519,Ramanagara,12.7219,77.281,25.06,83.75,2.25,3.846
20240520,Ramanagara,12.7219,77.281,24.94,77.13,1.89,4.2406
20240521,Ramanagara,12.7219,77.281,25.42,79.15,1.42,4.2142
20240522,Ramanagara,12.7219,77.281,27.17,72.03,1.82,5.371
20240523,Ramanagara,12.7219,77.281,27.49,72.99,1.71,5.3381
20240524,Ramanagara,12.7219,77.281,27.27,72.2,1.46,4.4227
20240525,Ramanagara,12.7219,77.281,24.25,79.21,3.9,3.931
20240526,Ramanagara,12.7219,77.281,25.74,74.79,4.32,4.3222
20240527,Ramanagara,12.7219,77.281,26.4,72.55,4.11,5.3162
20240528,Ramanagara,12.7219,77.281,26.93,70.83,4.24,5.2099
20240529,Ramanagara,12.7219,77.281,26.67,72.63,4.16,5.579
20240530,Ramanagara,12.7219,77.281,27.07,75.8,2.65,6.1001
20240531,Ramanagara,12.7219,77.281,27.89,72.99,2.8,6.515
20240601,Ramanagara,12.7219,77.281,27.02,79.24,2.78,4.9337
20240602,Ramanagara,12.7219,77.281,25.89,75.45,1.48,6.221
20240603,Ramanagara,12.7219,77.281,25.95,78.17,1.46,5.328
20240604,Ramanagara,12.7219,77.281,26.39,79.3,1.32,5.7775
20240605,Ramanagara,12.7219,77.281,25.69,83.43,1.62,5.6239
20240606,Ramanagara,12.7219,77.281,25.3,80.4,1.88,5.2913
20240607,Ramanagara,12.7219,77.281,25.06,80.06,2.04,5.4223
20240608,Ramanagara,12.7219,77.281,25.35,77.35,3.22,5.7374
20240609,Ramanagara,12.7219,77.281,24.67,77.41,4.12,5.2565
20240610,Ramanagara,12.7219,77.281,24.57,75.71,4.89,5.3798
20240611,Ramanagara,12.7219,77.281,24.11,72.38,4.68,5.3789
20240612,Ramanagara,12.7219,77.281,23.98,75.34,4.38,4.6418
20240613,Ramanagara,12.7219,77.281,24.43,70.15,4.35,5.3717
20240614,Ramanagara,12.7219,77.281,24.34,70.77,3.4,5.9542
20240615,Ramanagara,12.7219,77.281,25.27,75.32,3.09,6.4594
20240616,Ramanagara,12.7219,77.281,25.86,70.59,3.4,6.1063
20240617,Ramanagara,12.7219,77.281,25.66,70.2,2.69,6.3233
20240618,Ramanagara,12.7219,77.281,25.69,71.35,3.22,5.1504
20240619,Ramanagara,12.7219,77.281,24.53,76.33,3.49,5.406
20240620,Ramanagara,12.7219,77.281,24.55,77.24,3.66,5.2378
20240621,Ramanagara,12.7219,77.281,23.8,78.94,3.81,5.4437
20240622,Ramanagara,12.7219,77.281,24.2,78.36,3.34,5.6326
20240623,Ramanagara,12.7219,77.281,23.74,79.88,3.77,4.8228
20240624,Ramanagara,12.7219,77.281,23.7,78.41,4.31,4.9061
20240625,Ramanagara,12.7219,77.281,23.42,75.52,5.36,4.5324
20240626,Ramanagara,12.7219,77.281,23.48,72.87,5.59,4.2209
20240627,Ramanagara,12.7219,77.281,22.49,76.31,5.2,3.0864
20240628,Ramanagara,12.7219,77.281,23.66,73.32,3.95,4.8686
20240629,Ramanagara,12.7219,77.281,25.08,75.42,3.6,5.3093
20240630,Ramanagara,12.7219,77.281,24.73,75.23,3.18,3.893
20240701,Ramanagara,12.7219,77.281,23.25,80.86,3.66,3.3629
20240702,Ramanagara,12.7219,77.281,25.01,68.81,3.84,4.5718
20240703,Ramanagara,12.7219,77.281,24.95,76.61,3.67,4.9879
20240704,Ramanagara,12.7219,77.281,25.33,73.77,3.8,4.5924
20240705,Ramanagara,12.7219,77.281,23.99,77.11,3.64,5.0263
20240706,Ramanagara,12.7219,77.281,23.62,81.0,4.24,3.8333
20240707,Ramanagara,12.7219,77.281,24.5,75.17,4.26,4.7374
20240708,Ramanagara,12.7219,77.281,24.32,77.38,3.74,3.8256
20240709,Ramanagara,12.7219,77.281,23.7,80.9,3.43,4.1878
20240710,Ramanagara,12.7219,77.281,24.48,77.65,2.94,5.8958
20240711,Ramanagara,12.7219,77.281,25.02,73.08,3.61,5.2073
20240712,Ramanagara,12.7219,77.281,24.61,75.0,3.75,5.2298
20240713,Ramanagara,12.7219,77.281,23.48,77.45,4.89,4.2062
20240714,Ramanagara,12.7219,77.281,24.04,77.03,5.29,3.0418
20240715,Ramanagara,12.7219,77.281,24.39,80.73,5.64,2.2373
20240716,Ramanagara,12.7219,77.281,23.77,82.42,5.6,2.975
20240717,Ramanagara,12.7219,77.281,23.71,80.34,5.49,3.7022
20240718,Ramanagara,12.7219,77.281,23.31,81.34,6.33,3.0355
20240719,Ramanagara,12.7219,77.281,23.82,81.3,6.16,2.5894
20240720,Ramanagara,12.7219,77.281,24.19,79.53,5.56,3.9629
20240721,Ramanagara,12.7219,77.281,24.17,79.5,5.51,3.5292
20240722,Ramanagara,12.7219,77.281,24.28,75.02,5.8,4.0994
20240723,Ramanagara,12.7219,77.281,24.15,73.89,5.98,3.9326
20240724,Ramanagara,12.7219,77.281,23.85,76.68,6.01,3.6749
20240725,Ramanagara,12.7219,77.281,24.1,74.88,6.78,3.7349
20240726,Ramanagara,12.7219,77.281,24.2,75.66,6.25,3.5234
20240727,Ramanagara,12.7219,77.281,24.37,74.65,5.72,4.596
20240728,Ramanagara,12.7219,77.281,24.53,74.37,5.78,3.0718
20240729,Ramanagara,12.7219,77.281,25.4,75.51,5.23,3.6389
20240730,Ramanagara,12.7219,77.281,24.05,81.61,3.89,3.785
20240731,Ramanagara,12.7219,77.281,24.85,80.01,3.68,4.0807
20240801,Ramanagara,12.7219,77.281,25.19,78.17,4.21,4.1508
20240802,Ramanagara,12.7219,77.281,24.5,76.07,4.55,4.1182
20240803,Ramanagara,12.7219,77.281,23.98,78.32,3.78,4.6001
20240804,Ramanagara,12.7219,77.281,23.5,81.25,3.22,5.4679
20240805,Ramanagara,12.7219,77.281,25.01,76.38,2.36,4.703
20240806,Ramanagara,12.7219,77.281,23.53,85.7,2.45,4.0838
20240807,Ramanagara,12.7219,77.281,23.78,84.39,2.31,4.0524
20240808,Ramanagara,12.7219,77.281,24.69,78.58,2.54,3.5794
20240809,Ramanagara,12.7219,77.281,25.08,79.65,2.08,4.8062
20240810,Ramanagara,12.7219,77.281,24.87,82.26,1.95,5.143
20240811,Ramanagara,12.7219,77.281,24.65,83.94,2.31,5.1197
20240812,Ramanagara,12.7219,77.281,24.22,88.65,1.78,5.1118
20240813,Ramanagara,12.7219,77.281,25.43,82.01,1.57,6.0463
20240814,Ramanagara,12.7219,77.281,25.53,81.92,1.25,6.3823
20240815,Ramanagara,12.7219,77.281,25.43,80.42,1.39,5.7458
20240816,Ramanagara,12.7219,77.281,25.45,82.77,1.55,4.9596
20240817,Ramanagara,12.7219,77.281,25.13,87.23,2.04,5.8039
20240818,Ramanagara,12.7219,77.281,25.05,80.86,1.4,5.3393
20240819,Ramanagara,12.7219,77.281,24.92,84.25,1.41,5.1338
20240820,Ramanagara,12.7219,77.281,25.14,81.67,1.42,5.3897
20240821,Ramanagara,12.7219,77.281,24.71,83.79,2.53,5.1982
20240822,Ramanagara,12.7219,77.281,24.01,85.06,2.09,5.9407
20240823,Ramanagara,12.7219,77.281,24.43,81.23,2.26,6.2597
20240824,Ramanagara,12.7219,77.281,23.92,80.33,3.31,5.3467
20240825,Ramanagara,12.7219,77.281,23.85,82.34,3.56,4.8571
20240826,Ramanagara,12.7219,77.281,24.24,79.68,3.87,4.8214
20240827,Ramanagara,12.7219,77.281,23.67,84.06,2.98,4.5864
20240828,Ramanagara,12.7219,77.281,23.22,82.98,3.3,3.9751
20240829,Ramanagara,12.7219,77.281,23.79,84.16,3.33,3.2242
20240830,Ramanagara,12.7219,77.281,23.4,87.69,3.46,4.4923
20240831,Ramanagara,12.7219,77.281,23.44,83.08,3.67,3.8071
20240901,Ramanagara,12.7219,77.281,23.61,80.07,4.23,5.4158
20240902,Ramanagara,12.7219,77.281,23.77,78.49,3.86,4.8168
20240903,Ramanagara,12.7219,77.281,24.3,81.34,3.09,4.7786
20240904,Ramanagara,12.7219,77.281,23.9,84.32,3.06,5.0194
20240905,Ramanagara,12.7219,77.281,24.05,84.29,2.92,5.2807
20240906,Ramanagara,12.7219,77.281,24.34,82.75,3.19,4.099
20240907,Ramanagara,12.7219,77.281,23.77,84.49,3.04,4.2391
20240908,Ramanagara,12.7219,77.281,24.19,81.58,3.37,4.4544
20240909,Ramanagara,12.7219,77.281,24.62,80.29,3.77,4.4131
20240910,Ramanagara,12.7219,77.281,24.56,80.5,3.92,5.2572
20240911,Ramanagara,12.7219,77.281,24.65,78.18,3.56,5.279
20240912,Ramanagara,12.7219,77.281,23.95,80.33,3.11,5.1542
20240913,Ramanagara,12.7219,77.281,24.79,75.79,2.88,5.6174
20240914,Ramanagara,12.7219,77.281,25.0,74.58,3.01,5.604
20240915,Ramanagara,12.7219,77.281,24.93,74.46,3.29,5.4986
20240916,Ramanagara,12.7219,77.281,24.52,75.72,3.16,5.743
20240917,Ramanagara,12.7219,77.281,24.96,74.63,3.09,5.9345
20240918,Ramanagara,12.7219,77.281,24.55,71.67,2.77,6.9492
20240919,Ramanagara,12.7219,77.281,25.08,71.89,2.13,6.2434
20240920,Ramanagara,12.7219,77.281,24.4,78.45,1.41,6.079
20240921,Ramanagara,12.7219,77.281,25.48,74.53,2.78,5.3299
20240922,Ramanagara,12.7219,77.281,25.18,75.57,2.71,4.7395
20240923,Ramanagara,12.7219,77.281,25.03,77.08,2.69,4.3846
20240924,Ramanagara,12.7219,77.281,24.81,79.19,3.24,3.7939
20240925,Ramanagara,12.7219,77.281,24.92,77.59,3.39,4.1765
20240926,Ramanagara,12.7219,77.281,23.93,77.92,2.72,3.661
20240927,Ramanagara,12.7219,77.281,24.7,75.33,2.05,4.8583
20240928,Ramanagara,12.7219,77.281,25.13,78.79,1.24,5.0258
20240929,Ramanagara,12.7219,77.281,25.37,76.82,1.64,5.2058
20240930,Ramanagara,12.7219,77.281,24.87,76.06,1.36,5.6525
20241001,Ramanagara,12.7219,77.281,25.7,72.22,1.46,5.7065
20241002,Ramanagara,12.7219,77.281,26.36,74.13,1.1,5.8078
20241003,Ramanagara,12.7219,77.281,25.24,84.54,1.42,4.9044
20241004,Ramanagara,12.7219,77.281,24.3,86.91,1.1,4.9637
20241005,Ramanagara,12.7219,77.281,24.05,86.32,1.32,4.2322
20241006,Ramanagara,12.7219,77.281,22.17,89.86,1.31,4.3555
20241007,Ramanagara,12.7219,77.281,23.11,81.92,1.95,4.6642
20241008,Ramanagara,12.7219,77.281,23.85,85.62,2.05,5.1617
20241009,Ramanagara,12.7219,77.281,23.94,86.41,1.91,5.2709
20241010,Ramanagara,12.7219,77.281,23.98,85.71,1.65,4.7846
20241011,Ramanagara,12.7219,77.281,23.71,86.98,1.63,4.4441
20241012,Ramanagara,12.7219,77.281,23.33,89.11,1.79,4.4498
20241013,Ramanagara,12.7219,77.281,23.34,89.14,1.71,4.3073
20241014,Ramanagara,12.7219,77.281,23.28,86.63,1.48,3.0667
20241015,Ramanagara,12.7219,77.281,22.62,90.76,1.43,1.7501
20241016,Ramanagara,12.7219,77.281,22.52,92.19,1.76,2.9335
20241017,Ramanagara,12.7219,77.281,23.94,87.6,2.25,4.0884
20241018,Ramanagara,12.7219,77.281,23.15,80.97,1.46,4.9718
20241019,Ramanagara,12.7219,77.281,23.0,88.72,1.36,2.9042
20241020,Ramanagara,12.7219,77.281,23.72,85.39,0.81,4.5046
20241021,Ramanagara,12.7219,77.281,24.08,86.74,1.26,4.8816
20241022,Ramanagara,12.7219,77.281,24.15,84.69,0.87,4.3874
20241023,Ramanagara,12.7219,77.281,24.45,82.15,0.82,4.6678
20241024,Ramanagara,12.7219,77.281,23.49,87.37,1.14,3.5054
20241025,Ramanagara,12.7219,77.281,23.21,82.92,1.17,4.8254
20241026,Ramanagara,12.7219,77.281,23.1,79.42,1.59,5.1511
20241027,Ramanagara,12.7219,77.281,23.02,83.03,1.53,5.1168
20241028,Ramanagara,12.7219,77.281,23.52,82.39,1.16,5.4137
20241029,Ramanagara,12.7219,77.281,24.53,79.04,1.01,5.5471
20241030,Ramanagara,12.7219,77.281,24.57,81.45,0.65,4.847
20241031,Ramanagara,12.7219,77.281,23.74,88.12,1.21,3.9732
20241101,Ramanagara,12.7219,77.281,23.85,86.79,1.27,4.3807
20241102,Ramanagara,12.7219,77.281,23.73,85.18,1.71,4.7278
20241103,Ramanagara,12.7219,77.281,23.26,85.62,1.78,4.8874
20241104,Ramanagara,12.7219,77.281,23.16,85.0,1.99,4.3234
20241105,Ramanagara,12.7219,77.281,22.6,82.28,1.55,5.1254
20241106,Ramanagara,12.7219,77.281,22.88,80.24,1.56,5.4125
20241107,Ramanagara,12.7219,77.281,23.65,85.31,1.8,2.7823
20241108,Ramanagara,12.7219,77.281,23.3,83.91,2.14,5.0659
20241109,Ramanagara,12.7219,77.281,22.52,84.36,2.11,5.4214
20241110,Ramanagara,12.7219,77.281,22.01,81.22,1.7,5.6383
20241111,Ramanagara,12.7219,77.281,21.93,79.83,1.67,5.3556
20241112,Ramanagara,12.7219,77.281,22.36,84.06,1.65,1.9169
20241113,Ramanagara,12.7219,77.281,23.15,87.3,2.41,3.4414
20241114,Ramanagara,12.7219,77.281,23.12,87.07,2.06,2.9657
20241115,Ramanagara,12.7219,77.281,22.79,89.46,1.85,3.311
20241116,Ramanagara,12.7219,77.281,22.74,88.51,2.08,3.7214
20241117,Ramanagara,12.7219,77.281,22.81,85.16,2.16,3.5208
20241118,Ramanagara,12.7219,77.281,22.57,84.51,2.31,4.2521
20241119,Ramanagara,12.7219,77.281,22.52,82.88,2.15,4.3337
20241120,Ramanagara,12.7219,77.281,21.66,82.15,1.87,4.0932
20241121,Ramanagara,12.7219,77.281,21.67,79.12,1.41,4.4086
20241122,Ramanagara,12.7219,77.281,21.91,81.8,1.43,5.4562
20241123,Ramanagara,12.7219,77.281,21.57,79.41,1.35,4.3925
20241124,Ramanagara,12.7219,77.281,22.21,80.88,1.64,4.566
20241125,Ramanagara,12.7219,77.281,21.13,80.11,1.83,4.3817
20241126,Ramanagara,12.7219,77.281,21.05,88.53,1.88,3.1366
20241127,Ramanagara,12.7219,77.281,22.14,82.63,2.43,3.4195
20241128,Ramanagara,12.7219,77.281,21.85,74.2,2.72,4.8746
20241129,Ramanagara,12.7219,77.281,21.62,84.72,2.75,3.5347
20241130,Ramanagara,12.7219,77.281,22.74,86.88,3.52,1.3514
20241201,Ramanagara,12.7219,77.281,22.21,91.9,4.11,0.9924
20241202,Ramanagara,12.7219,77.281,21.98,95.43,2.81,1.213
20241203,Ramanagara,12.7219,77.281,23.19,91.85,2.79,3.2275
20241204,Ramanagara,12.7219,77.281,23.19,87.68,2.21,4.4119
20241205,Ramanagara,12.7219,77.281,22.67,88.63,1.72,4.3198
20241206,Ramanagara,12.7219,77.281,22.53,84.62,1.26,5.4386
20241207,Ramanagara,12.7219,77.281,22.74,86.79,1.38,5.0366
20241208,Ramanagara,12.7219,77.281,22.34,84.94,1.51,5.2618
20241209,Ramanagara,12.7219,77.281,22.52,85.55,1.26,4.805
20241210,Ramanagara,12.7219,77.281,22.69,84.7,1.55,4.535
20241211,Ramanagara,12.7219,77.281,22.52,84.93,2.17,3.2054
20241212,Ramanagara,12.7219,77.281,21.54,92.17,2.08,1.8175
20241213,Ramanagara,12.7219,77.281,21.48,90.01,2.56,2.0753
20241214,Ramanagara,12.7219,77.281,21.35,84.2,2.28,3.869
20241215,Ramanagara,12.7219,77.281,19.24,83.39,2.04,5.6213
20241216,Ramanagara,12.7219,77.281,18.58,78.37,1.79,5.6208
20241217,Ramanagara,12.7219,77.281,20.97,80.5,1.07,4.4935
20241218,Ramanagara,12.7219,77.281,22.22,83.46,1.33,3.954
20241219,Ramanagara,12.7219,77.281,23.61,83.47,1.25,3.5623
20241220,Ramanagara,12.7219,77.281,23.98,81.32,1.2,4.1674
20241221,Ramanagara,12.7219,77.281,24.27,80.13,0.77,4.5797
20241222,Ramanagara,12.7219,77.281,23.29,81.57,0.93,3.9756
20241223,Ramanagara,12.7219,77.281,22.0,83.42,1.42,3.8666
20241224,Ramanagara,12.7219,77.281,22.19,77.08,0.8,4.3836
20241225,Ramanagara,12.7219,77.281,22.46,81.19,1.14,3.1099
20241226,Ramanagara,12.7219,77.281,22.78,85.21,2.25,2.3743
20241227,Ramanagara,12.7219,77.281,22.16,86.07,2.94,3.5131
20241228,Ramanagara,12.7219,77.281,21.22,81.62,2.33,4.5278
20241229,Ramanagara,12.7219,77.281,21.17,81.24,2.07,5.6102
20241230,Ramanagara,12.7219,77.281,21.54,79.51,2.73,3.4978
20241231,Ramanagara,12.7219,77.281,21.22,80.43,2.57,5.7787
20250101,Ramanagara,12.7219,77.281,20.26,78.5,2.43,5.7773
20250102,Ramanagara,12.7219,77.281,20.24,78.75,2.19,5.4749
20250103,Ramanagara,12.7219,77.281,20.0,79.3,2.19,5.7142
20250104,Ramanagara,12.7219,77.281,18.81,77.28,1.59,5.867
20250105,Ramanagara,12.7219,77.281,18.92,75.47,1.77,5.8514
20250106,Ramanagara,12.7219,77.281,19.16,74.4,1.49,5.8193
20250107,Ramanagara,12.7219,77.281,19.69,76.61,1.4,5.6827
20250108,Ramanagara,12.7219,77.281,19.59,73.32,1.74,5.6779
20250109,Ramanagara,12.7219,77.281,19.8,77.17,2.39,4.9802
20250110,Ramanagara,12.7219,77.281,20.78,79.92,2.15,4.009
20250111,Ramanagara,12.7219,77.281,22.16,77.14,2.3,2.7197
20250112,Ramanagara,12.7219,77.281,22.17,75.38,1.99,5.2394
20250113,Ramanagara,12.7219,77.281,22.41,84.36,2.33,3.1858
20250114,Ramanagara,12.7219,77.281,22.45,76.76,2.88,3.432
20250115,Ramanagara,12.7219,77.281,21.46,72.69,3.03,3.9204
20250116,Ramanagara,12.7219,77.281,21.04,76.02,2.63,5.2145
20250117,Ramanagara,12.7219,77.281,21.15,76.19,2.64,4.8235
20250118,Ramanagara,12.7219,77.281,21.41,75.61,2.85,4.9858
20250119,Ramanagara,12.7219,77.281,21.71,84.42,2.59,2.251
20250120,Ramanagara,12.7219,77.281,22.14,68.81,2.15,5.7746
20250121,Ramanagara,12.7219,77.281,21.13,66.92,2.01,6.0029
20250122,Ramanagara,12.7219,77.281,21.4,71.45,2.11,6.0137
20250123,Ramanagara,12.7219,77.281,21.94,71.37,2.22,5.1262
20250124,Ramanagara,12.7219,77.281,20.72,69.91,2.14,6.2297
20250125,Ramanagara,12.7219,77.281,20.71,67.05,2.19,5.8793
20250126,Ramanagara,12.7219,77.281,19.92,62.03,2.54,6.4262
20250127,Ramanagara,12.7219,77.281,20.84,64.53,1.99,6.517
20250128,Ramanagara,12.7219,77.281,20.93,65.32,1.68,5.8445
20250129,Ramanagara,12.7219,77.281,21.22,63.65,2.19,6.2546
20250130,Ramanagara,12.7219,77.281,21.66,63.87,1.15,5.5258
20250131,Ramanagara,12.7219,77.281,24.11,72.34,1.8,6.048
20250201,Ramanagara,12.7219,77.281,24.27,68.3,1.74,5.837
20250202,Ramanagara,12.7219,77.281,23.52,62.31,1.72,6.5381
20250203,Ramanagara,12.7219,77.281,22.15,57.07,1.82,6.733
20250204,Ramanagara,12.7219,77.281,22.18,53.69,2.07,6.5174
20250205,Ramanagara,12.7219,77.281,22.09,58.0,2.36,6.3002
20250206,Ramanagara,12.7219,77.281,21.62,62.17,2.41,6.5652
20250207,Ramanagara,12.7219,77.281,21.92,58.87,2.37,6.7258
20250208,Ramanagara,12.7219,77.281,22.52,61.33,2.34,5.9861
20250209,Ramanagara,12.7219,77.281,22.67,62.87,2.45,5.9678
20250210,Ramanagara,12.7219,77.281,22.32,63.79,2.06,6.0648
20250211,Ramanagara,12.7219,77.281,22.46,58.85,1.81,6.7975
20250212,Ramanagara,12.7219,77.281,22.96,55.25,1.94,6.9883
20250213,Ramanagara,12.7219,77.281,23.29,49.42,2.01,6.947
20250214,Ramanagara,12.7219,77.281,23.53,46.35,1.54,6.7706
20250215,Ramanagara,12.7219,77.281,24.22,50.51,1.7,6.4898
20250216,Ramanagara,12.7219,77.281,23.71,56.94,2.09,6.7298
20250217,Ramanagara,12.7219,77.281,23.96,58.11,2.18,6.779
20250218,Ramanagara,12.7219,77.281,24.11,54.86,2.19,6.7565
20250219,Ramanagara,12.7219,77.281,24.66,52.04,2.01,6.7421
20250220,Ramanagara,12.7219,77.281,25.11,54.3,2.19,6.5839
20250221,Ramanagara,12.7219,77.281,25.04,55.15,2.29,6.5911
20250222,Ramanagara,12.7219,77.281,25.27,53.14,2.4,6.4706
20250223,Ramanagara,12.7219,77.281,25.28,46.72,2.77,6.1462
20250224,Ramanagara,12.7219,77.281,24.46,47.53,3.03,7.0229
20250225,Ramanagara,12.7219,77.281,24.64,55.01,2.98,6.8309
20250226,Ramanagara,12.7219,77.281,25.22,51.65,3.56,6.7495
20250227,Ramanagara,12.7219,77.281,24.54,49.46,3.21,7.0258
20250228,Ramanagara,12.7219,77.281,25.01,47.97,2.79,6.7474
20250301,Ramanagara,12.7219,77.281,26.42,55.18,3.04,5.6909
20250302,Ramanagara,12.7219,77.281,27.25,51.15,2.44,6.4505
20250303,Ramanagara,12.7219,77.281,26.73,48.94,2.18,5.5826
20250304,Ramanagara,12.7219,77.281,27.25,38.81,2.94,6.1459
20250305,Ramanagara,12.7219,77.281,27.37,35.5,1.92,5.7086
20250306,Ramanagara,12.7219,77.281,27.84,33.73,1.59,6.3074
20250307,Ramanagara,12.7219,77.281,26.85,32.99,1.24,7.206
20250308,Ramanagara,12.7219,77.281,26.67,39.75,1.71,6.8558
20250309,Ramanagara,12.7219,77.281,26.42,39.82,2.88,7.0195
20250310,Ramanagara,12.7219,77.281,25.3,48.83,3.01,7.3102
20250311,Ramanagara,12.7219,77.281,25.06,63.95,3.94,6.1555
20250312,Ramanagara,12.7219,77.281,26.54,64.84,2.95,5.9652
20250313,Ramanagara,12.7219,77.281,27.48,52.08,2.08,7.3351
20250314,Ramanagara,12.7219,77.281,27.81,43.54,2.39,7.2737
20250315,Ramanagara,12.7219,77.281,26.46,45.15,2.56,7.5377
20250316,Ramanagara,12.7219,77.281,27.17,49.92,2.12,7.2946
20250317,Ramanagara,12.7219,77.281,28.73,52.53,1.48,6.1025
20250318,Ramanagara,12.7219,77.281,28.86,50.44,2.53,6.8117
20250319,Ramanagara,12.7219,77.281,28.65,50.83,3.09,6.7632
20250320,Ramanagara,12.7219,77.281,28.3,51.16,3.19,7.2216
20250321,Ramanagara,12.7219,77.281,28.72,52.99,2.54,6.6797
20250322,Ramanagara,12.7219,77.281,27.91,58.08,2.4,5.4648
20250323,Ramanagara,12.7219,77.281,27.61,60.34,2.1,5.7396
20250324,Ramanagara,12.7219,77.281,28.87,50.98,2.46,6.3062
20250325,Ramanagara,12.7219,77.281,28.38,42.52,2.06,6.5239
20250326,Ramanagara,12.7219,77.281,28.76,34.27,1.75,6.7301
20250327,Ramanagara,12.7219,77.281,29.66,37.02,1.36,6.5453
20250328,Ramanagara,12.7219,77.281,29.86,34.91,2.33,6.3946
20250329,Ramanagara,12.7219,77.281,29.12,27.62,2.42,6.8422
20250330,Ramanagara,12.7219,77.281,28.63,29.09,2.73,6.6307
20250331,Ramanagara,12.7219,77.281,28.61,34.35,2.67,6.4157
20250401,Ramanagara,12.7219,77.281,27.73,45.7,2.03,5.5438
20250402,Ramanagara,12.7219,77.281,28.12,48.52,2.41,5.3935
20250403,Ramanagara,12.7219,77.281,27.35,56.55,2.03,3.8806
20250404,Ramanagara,12.7219,77.281,28.79,48.14,1.63,6.0425
20250405,Ramanagara,12.7219,77.281,26.23,62.19,1.26,6.061
20250406,Ramanagara,12.7219,77.281,28.12,54.51,1.91,6.15
20250407,Ramanagara,12.7219,77.281,28.71,52.51,2.22,6.9487
20250408,Ramanagara,12.7219,77.281,28.6,47.26,2.18,6.8825
20250409,Ramanagara,12.7219,77.281,28.58,44.87,1.78,6.6586
20250410,Ramanagara,12.7219,77.281,28.06,48.43,1.56,6.0552
20250411,Ramanagara,12.7219,77.281,28.82,53.85,2.09,6.3895
20250412,Ramanagara,12.7219,77.281,28.44,59.1,1.82,6.961
20250413,Ramanagara,12.7219,77.281,28.52,56.43,1.76,6.1414
20250414,Ramanagara,12.7219,77.281,27.88,59.17,1.65,6.235
20250415,Ramanagara,12.7219,77.281,28.06,55.78,1.68,6.6734
20250416,Ramanagara,12.7219,77.281,28.12,60.16,1.2,6.2969
20250417,Ramanagara,12.7219,77.281,28.85,57.92,0.79,6.9401
20250418,Ramanagara,12.7219,77.281,28.59,60.16,1.4,5.4734
20250419,Ramanagara,12.7219,77.281,29.62,55.6,1.47,6.2443
20250420,Ramanagara,12.7219,77.281,30.14,49.6,1.67,6.007
20250421,Ramanagara,12.7219,77.281,28.38,51.43,1.92,6.8539
20250422,Ramanagara,12.7219,77.281,29.71,39.18,2.24,7.1618
20250423,Ramanagara,12.7219,77.281,29.83,39.31,1.77,7.0906
20250424,Ramanagara,12.7219,77.281,30.59,47.87,2.27,7.248
20250425,Ramanagara,12.7219,77.281,30.54,44.97,2.14,6.7428
20250426,Ramanagara,12.7219,77.281,29.66,48.46,2.51,6.275
20250427,Ramanagara,12.7219,77.281,29.75,51.15,2.3,6.2458
20250428,Ramanagara,12.7219,77.281,29.0,52.88,2.43,6.7284
20250429,Ramanagara,12.7219,77.281,30.57,46.4,2.31,6.2762
20250430,Ramanagara,12.7219,77.281,29.97,49.88,1.58,6.3492
20250501,Ramanagara,12.7219,77.281,28.97,57.79,0.99,5.6659
20250502,Ramanagara,12.7219,77.281,28.54,60.65,0.82,5.837
20250503,Ramanagara,12.7219,77.281,27.92,62.11,1.23,6.4862
20250504,Ramanagara,12.7219,77.281,28.2,56.03,1.68,7.1724
20250505,Ramanagara,12.7219,77.281,28.47,54.78,0.92,6.0862
20250506,Ramanagara,12.7219,77.281,28.75,57.52,1.3,6.9022
20250507,Ramanagara,12.7219,77.281,28.37,56.89,1.93,6.6118
20250508,Ramanagara,12.7219,77.281,27.33,63.87,1.4,6.738
20250509,Ramanagara,12.7219,77.281,28.27,59.49,1.49,7.1885
20250510,Ramanagara,12.7219,77.281,28.38,59.92,0.97,6.5971
20250511,Ramanagara,12.7219,77.281,29.25,54.84,1.09,7.0334
20250512,Ramanagara,12.7219,77.281,26.45,68.79,2.02,6.6804
20250513,Ramanagara,12.7219,77.281,27.45,68.62,1.35,6.3374
20250514,Ramanagara,12.7219,77.281,27.88,67.14,1.76,6.2957
20250515,Ramanagara,12.7219,77.281,25.81,76.49,1.96,5.9194
20250516,Ramanagara,12.7219,77.281,26.37,74.03,1.37,5.7698
20250517,Ramanagara,12.7219,77.281,26.81,69.34,1.46,4.0774
20250518,Ramanagara,12.7219,77.281,25.08,83.75,1.31,4.8768
20250519,Ramanagara,12.7219,77.281,24.86,81.94,1.47,3.8642
20250520,Ramanagara,12.7219,77.281,25.19,83.68,1.73,3.8899
20250521,Ramanagara,12.7219,77.281,24.56,80.5,3.85,4.4594
20250522,Ramanagara,12.7219,77.281,24.73,77.1,3.45,5.6254
20250523,Ramanagara,12.7219,77.281,25.68,78.1,3.48,5.1742
20250524,Ramanagara,12.7219,77.281,25.18,78.95,4.43,3.8758
20250525,Ramanagara,12.7219,77.281,24.64,81.01,5.01,3.9324
20250526,Ramanagara,12.7219,77.281,23.83,80.19,5.5,3.6876
20250527,Ramanagara,12.7219,77.281,25.22,76.59,5.58,3.7548
20250528,Ramanagara,12.7219,77.281,25.01,76.84,5.15,4.0265
20250529,Ramanagara,12.7219,77.281,24.35,77.14,5.08,3.6586
20250530,Ramanagara,12.7219,77.281,23.68,81.06,4.7,3.0974
20250531,Ramanagara,12.7219,77.281,24.72,74.53,3.96,4.9054
20250601,Ramanagara,12.7219,77.281,24.8,73.88,3.45,6.3523
20250602,Ramanagara,12.7219,77.281,24.95,75.54,3.22,5.7384
20250603,Ramanagara,12.7219,77.281,25.19,72.64,3.56,4.8358
20250604,Ramanagara,12.7219,77.281,25.2,71.17,3.19,6.0365
20250605,Ramanagara,12.7219,77.281,25.25,67.38,2.55,6.5986
20250606,Ramanagara,12.7219,77.281,26.25,66.95,1.94,6.5525
20250607,Ramanagara,12.7219,77.281,26.73,70.88,2.38,6.8861
20250608,Ramanagara,12.7219,77.281,25.99,75.19,2.6,6.6761
20250609,Ramanagara,12.7219,77.281,25.73,75.73,3.12,5.3602
20250610,Ramanagara,12.7219,77.281,25.62,78.83,3.22,5.4631
20250611,Ramanagara,12.7219,77.281,25.29,81.57,3.44,4.1203
20250612,Ramanagara,12.7219,77.281,24.42,82.1,3.29,4.3817
20250613,Ramanagara,12.7219,77.281,24.92,81.43,3.7,3.8443
20250614,Ramanagara,12.7219,77.281,24.34,83.14,4.13,4.2125
20250615,Ramanagara,12.7219,77.281,23.24,78.98,5.56,4.0404
20250616,Ramanagara,12.7219,77.281,23.53,74.8,5.75,4.2151
20250617,Ramanagara,12.7219,77.281,24.59,76.24,4.09,4.0327
20250618,Ramanagara,12.7219,77.281,25.28,76.02,3.85,4.9056
20250619,Ramanagara,12.7219,77.281,25.22,77.96,3.61,5.0186
20250620,Ramanagara,12.7219,77.281,25.69,74.92,3.54,5.5397
20250621,Ramanagara,12.7219,77.281,25.56,75.5,3.83,5.6868
20250622,Ramanagara,12.7219,77.281,25.21,75.97,4.29,4.8401
20250623,Ramanagara,12.7219,77.281,24.83,72.32,5.23,4.7971
20250624,Ramanagara,12.7219,77.281,23.51,72.2,4.85,4.7117
20250625,Ramanagara,12.7219,77.281,24.35,73.62,4.41,3.7951
20250626,Ramanagara,12.7219,77.281,24.96,70.33,4.56,4.0111
20250627,Ramanagara,12.7219,77.281,24.7,74.15,4.25,4.6817
20250628,Ramanagara,12.7219,77.281,25.46,74.09,3.75,4.5917
20250629,Ramanagara,12.7219,77.281,25.72,72.22,4.19,5.1521
20250630,Ramanagara,12.7219,77.281,24.71,75.1,3.99,4.9296
20250701,Ramanagara,12.7219,77.281,24.79,76.3,3.54,3.7786
20250702,Ramanagara,12.7219,77.281,24.68,73.73,4.83,4.4225
20250703,Ramanagara,12.7219,77.281,24.28,72.46,4.72,4.0572
20250704,Ramanagara,12.7219,77.281,24.2,74.84,4.31,4.7614
20250705,Ramanagara,12.7219,77.281,25.15,72.04,5.01,4.0723
20250706,Ramanagara,12.7219,77.281,25.32,73.45,5.22,4.3812
20250707,Ramanagara,12.7219,77.281,25.49,72.71,5.21,4.6171
20250708,Ramanagara,12.7219,77.281,25.89,70.73,4.58,5.0138
20250709,Ramanagara,12.7219,77.281,25.92,70.68,4.3,5.0803
20250710,Ramanagara,12.7219,77.281,25.65,73.04,3.72,4.5905
20250711,Ramanagara,12.7219,77.281,26.06,73.23,3.59,5.2375
20250712,Ramanagara,12.7219,77.281,25.39,74.48,3.73,4.7153
20250713,Ramanagara,12.7219,77.281,25.03,76.52,4.0,4.4568
20250714,Ramanagara,12.7219,77.281,24.86,74.0,4.65,4.4904
20250715,Ramanagara,12.7219,77.281,25.27,72.98,4.24,4.3267
20250716,Ramanagara,12.7219,77.281,25.22,77.39,2.99,4.5295
20250717,Ramanagara,12.7219,77.281,24.55,80.08,3.08,4.6262
20250718,Ramanagara,12.7219,77.281,25.0,76.07,2.53,4.9186
20250719,Ramanagara,12.7219,77.281,23.95,79.66,3.04,3.0629
20250720,Ramanagara,12.7219,77.281,24.07,78.1,3.54,4.411
20250721,Ramanagara,12.7219,77.281,22.75,77.55,3.74,3.8647
20250722,Ramanagara,12.7219,77.281,23.76,71.49,4.35,3.6804
20250723,Ramanagara,12.7219,77.281,24.35,76.14,4.68,3.9943
20250724,Ramanagara,12.7219,77.281,24.06,74.41,5.25,3.1416
20250725,Ramanagara,12.7219,77.281,24.28,70.78,6.12,3.2926
20250726,Ramanagara,12.7219,77.281,23.94,73.81,5.85,3.2561
20250727,Ramanagara,12.7219,77.281,24.25,71.03,5.42,3.787
20250728,Ramanagara,12.7219,77.281,24.86,69.57,5.17,3.8971
20250729,Ramanagara,12.7219,77.281,24.95,69.91,5.33,4.0814
20250730,Ramanagara,12.7219,77.281,25.63,69.4,4.8,4.2504
20250731,Ramanagara,12.7219,77.281,26.21,70.2,4.01,4.105
20250801,Ramanagara,12.7219,77.281,26.15,70.09,3.23,4.691
20250802,Ramanagara,12.7219,77.281,26.39,69.43,3.22,5.2205
20250803,Ramanagara,12.7219,77.281,25.04,78.56,1.85,4.3831
20250804,Ramanagara,12.7219,77.281,24.5,80.6,0.98,4.8756
20250805,Ramanagara,12.7219,77.281,25.26,79.38,1.36,4.5936
20250806,Ramanagara,12.7219,77.281,23.84,82.93,3.71,4.8698
20250807,Ramanagara,12.7219,77.281,24.05,83.99,2.71,5.2042
20250808,Ramanagara,12.7219,77.281,24.11,82.97,1.61,4.0178
20250809,Ramanagara,12.7219,77.281,24.74,79.9,1.1,3.6442
20250810,Ramanagara,12.7219,77.281,24.08,80.37,2.2,3.4831
20250811,Ramanagara,12.7219,77.281,23.13,79.92,2.98,3.6545
20250812,Ramanagara,12.7219,77.281,22.95,78.35,3.09,4.0332
20250813,Ramanagara,12.7219,77.281,22.69,79.82,3.57,3.1363
20250814,Ramanagara,12.7219,77.281,23.32,78.39,3.65,3.5714
20250815,Ramanagara,12.7219,77.281,23.69,78.0,4.17,4.0716
20250816,Ramanagara,12.7219,77.281,23.4,81.8,3.91,3.8786
20250817,Ramanagara,12.7219,77.281,23.68,81.73,3.98,2.8783
20250818,Ramanagara,12.7219,77.281,22.87,80.65,4.79,2.5987
20250819,Ramanagara,12.7219,77.281,23.76,75.58,5.4,3.9701
20250820,Ramanagara,12.7219,77.281,23.95,74.77,3.8,4.8526
20250821,Ramanagara,12.7219,77.281,24.45,77.7,2.1,4.7429
20250822,Ramanagara,12.7219,77.281,23.03,85.81,1.24,5.3467
20250823,Ramanagara,12.7219,77.281,24.45,79.76,2.03,4.7645
20250824,Ramanagara,12.7219,77.281,25.12,73.67,2.9,5.748
20250825,Ramanagara,12.7219,77.281,24.17,75.5,2.72,5.1581
20250826,Ramanagara,12.7219,77.281,24.93,73.24,2.86,4.9368
20250827,Ramanagara,12.7219,77.281,24.54,77.77,3.43,4.0495
20250828,Ramanagara,12.7219,77.281,24.4,74.94,3.97,4.7508
20250829,Ramanagara,12.7219,77.281,23.62,75.19,3.78,5.0129
20250830,Ramanagara,12.7219,77.281,24.64,77.51,3.15,4.6826
20250831,Ramanagara,12.7219,77.281,24.66,79.67,3.07,4.2535
20250901,Ramanagara,12.7219,77.281,24.08,80.88,3.57,3.498
20250902,Ramanagara,12.7219,77.281,24.3,78.89,3.64,4.3188
20250903,Ramanagara,12.7219,77.281,24.46,79.53,3.6,3.6994
20250904,Ramanagara,12.7219,77.281,24.74,77.46,2.84,4.453
20250905,Ramanagara,12.7219,77.281,24.51,78.23,2.42,4.6164
20250906,Ramanagara,12.7219,77.281,25.27,76.37,2.39,4.823
20250907,Ramanagara,12.7219,77.281,25.09,77.53,2.41,5.0172
20250908,Ramanagara,12.7219,77.281,25.12,74.15,2.15,6.2873
20250909,Ramanagara,12.7219,77.281,25.4,78.24,1.45,5.3436
20250910,Ramanagara,12.7219,77.281,23.82,85.0,1.28,4.7287
20250911,Ramanagara,12.7219,77.281,23.65,82.38,1.36,4.1614
20250912,Ramanagara,12.7219,77.281,24.24,78.06,1.65,5.5973
20250913,Ramanagara,12.7219,77.281,23.7,84.54,1.62,4.4184
20250914,Ramanagara,12.7219,77.281,24.33,78.41,1.82,5.5114
20250915,Ramanagara,12.7219,77.281,24.48,79.36,1.79,5.1245
20250916,Ramanagara,12.7219,77.281,24.67,80.54,1.28,4.3286
20250917,Ramanagara,12.7219,77.281,23.43,89.41,1.25,4.4071
20250918,Ramanagara,12.7219,77.281,24.32,83.12,1.67,5.1818
20250919,Ramanagara,12.7219,77.281,23.2,86.55,1.92,3.3401
20250920,Ramanagara,12.7219,77.281,22.82,87.07,2.12,4.6015
20250921,Ramanagara,12.7219,77.281,23.97,84.49,1.97,4.769
20250922,Ramanagara,12.7219,77.281,23.74,84.84,2.02,4.9507
20250923,Ramanagara,12.7219,77.281,23.53,83.22,2.52,4.0608
20250924,Ramanagara,12.7219,77.281,23.66,81.24,2.79,4.6726
20250925,Ramanagara,12.7219,77.281,23.59,81.28,2.87,4.7858
20250926,Ramanagara,12.7219,77.281,23.63,79.39,3.17,4.715
20250927,Ramanagara,12.7219,77.281,22.91,81.17,3.61,4.2994
20250928,Ramanagara,12.7219,77.281,23.69,80.68,3.12,4.5739
20250929,Ramanagara,12.7219,77.281,24.12,77.73,3.18,5.0573
20250930,Ramanagara,12.7219,77.281,23.63,79.76,2.73,5.4494
20251001,Ramanagara,12.7219,77.281,24.47,77.2,2.54,5.202
20251002,Ramanagara,12.7219,77.281,24.83,78.45,2.18,5.0434
20251003,Ramanagara,12.7219,77.281,23.57,85.69,1.64,5.8006
20251004,Ramanagara,12.7219,77.281,24.37,80.59,1.69,4.049
20251005,Ramanagara,12.7219,77.281,24.42,80.38,1.06,6.1238
20251006,Ramanagara,12.7219,77.281,23.59,83.23,1.14,5.7631
20251007,Ramanagara,12.7219,77.281,23.55,80.49,1.18,5.7598
20251008,Ramanagara,12.7219,77.281,24.1,80.63,1.23,3.7517
20251009,Ramanagara,12.7219,77.281,24.21,81.77,1.13,5.2726
20251010,Ramanagara,12.7219,77.281,24.28,84.5,1.22,5.2865
20251011,Ramanagara,12.7219,77.281,23.65,87.2,1.25,5.2006
20251012,Ramanagara,12.7219,77.281,23.9,86.94,1.41,6.1558
20251013,Ramanagara,12.7219,77.281,24.01,85.64,1.53,5.5834
20251014,Ramanagara,12.7219,77.281,24.01,84.38,2.15,4.5331
20251015,Ramanagara,12.7219,77.281,23.69,85.28,2.09,3.8791
20251016,Ramanagara,12.7219,77.281,23.6,86.83,2.67,3.7982
20251017,Ramanagara,12.7219,77.281,23.64,86.36,2.42,4.2499
20251018,Ramanagara,12.7219,77.281,23.44,86.27,2.36,4.1657
20251019,Ramanagara,12.7219,77.281,23.46,84.29,2.19,4.9373
20251020,Ramanagara,12.7219,77.281,23.07,86.43,2.19,4.6877
20251021,Ramanagara,12.7219,77.281,22.58,87.98,2.06,2.8512
20251022,Ramanagara,12.7219,77.281,22.26,91.89,2.87,1.8703
20251023,Ramanagara,12.7219,77.281,23.64,84.14,1.25,3.6554
20251024,Ramanagara,12.7219,77.281,22.93,84.03,1.42,3.7435
20251025,Ramanagara,12.7219,77.281,23.65,78.01,1.04,5.6417
20251026,Ramanagara,12.7219,77.281,23.74,83.27,0.94,4.8103
20251027,Ramanagara,12.7219,77.281,22.71,88.15,1.66,2.5673
20251028,Ramanagara,12.7219,77.281,22.58,83.97,3.13,2.3076
20251029,Ramanagara,12.7219,77.281,22.73,82.56,2.8,4.3363
20251030,Ramanagara,12.7219,77.281,23.24,82.61,2.0,5.6813
20251031,Ramanagara,12.7219,77.281,23.71,78.61,1.58,6.2659
20251101,Ramanagara,12.7219,77.281,24.12,75.0,0.76,6.5254
20251102,Ramanagara,12.7219,77.281,23.85,78.2,1.36,4.7784
20251103,Ramanagara,12.7219,77.281,24.01,78.71,1.73,3.7234
20251104,Ramanagara,12.7219,77.281,23.52,75.52,1.63,4.0949
20251105,Ramanagara,12.7219,77.281,23.79,82.91,1.1,4.019
20251106,Ramanagara,12.7219,77.281,21.42,88.65,1.59,4.6234
20251107,Ramanagara,12.7219,77.281,22.56,81.14,0.94,4.572
20251108,Ramanagara,12.7219,77.281,22.23,79.82,1.74,4.2274
20251109,Ramanagara,12.7219,77.281,20.16,68.23,1.62,6.0442
20251110,Ramanagara,12.7219,77.281,21.52,77.72,0.83,5.0962
20251111,Ramanagara,12.7219,77.281,23.01,79.43,1.13,4.2348
20251112,Ramanagara,12.7219,77.281,23.22,78.6,1.84,4.4587
20251113,Ramanagara,12.7219,77.281,23.43,80.72,1.92,4.6423
20251114,Ramanagara,12.7219,77.281,22.61,76.86,2.28,3.7975
20251115,Ramanagara,12.7219,77.281,20.97,72.87,1.84,5.2493
20251116,Ramanagara,12.7219,77.281,22.09,78.46,2.02,4.5828
20251117,Ramanagara,12.7219,77.281,22.13,75.83,2.27,3.9631
20251118,Ramanagara,12.7219,77.281,20.55,85.65,2.14,3.0494
20251119,Ramanagara,12.7219,77.281,22.41,80.14,2.12,3.9077
20251120,Ramanagara,12.7219,77.281,22.14,73.0,1.86,5.0071
20251121,Ramanagara,12.7219,77.281,22.98,82.28,2.03,4.2326
20251122,Ramanagara,12.7219,77.281,22.69,84.68,2.42,3.6775
20251123,Ramanagara,12.7219,77.281,22.31,85.24,2.44,3.7366
20251124,Ramanagara,12.7219,77.281,22.68,81.06,2.54,4.0579
20251125,Ramanagara,12.7219,77.281,21.72,78.51,2.2,4.4191
20251126,Ramanagara,12.7219,77.281,21.43,75.28,2.59,4.9123
20251127,Ramanagara,12.7219,77.281,21.33,75.01,2.53,4.1333
20251128,Ramanagara,12.7219,77.281,20.34,75.2,2.19,3.9274
20251129,Ramanagara,12.7219,77.281,20.14,83.21,2.1,1.8924
20251130,Ramanagara,12.7219,77.281,20.43,90.38,2.3,1.9039
20251201,Ramanagara,12.7219,77.281,22.59,78.72,2.1,2.9174
20251202,Ramanagara,12.7219,77.281,23.26,76.88,2.07,3.6206
20251203,Ramanagara,12.7219,77.281,24.05,80.26,2.77,2.957
20251204,Ramanagara,12.7219,77.281,22.7,82.68,1.81,4.2576
20251205,Ramanagara,12.7219,77.281,22.98,77.49,3.08,2.149
20251206,Ramanagara,12.7219,77.281,22.58,73.99,2.54,4.3423
20251207,Ramanagara,12.7219,77.281,21.98,74.37,2.26,4.505
20251208,Ramanagara,12.7219,77.281,21.52,66.44,1.85,5.5097
20251209,Ramanagara,12.7219,77.281,21.42,72.77,2.31,5.0986
20251210,Ramanagara,12.7219,77.281,21.89,65.26,2.3,5.4802
20251211,Ramanagara,12.7219,77.281,20.68,69.09,2.58,5.4415
20251212,Ramanagara,12.7219,77.281,20.27,70.06,2.16,5.6136
20251213,Ramanagara,12.7219,77.281,19.76,62.74,1.78,5.9652
20251214,Ramanagara,12.7219,77.281,19.28,66.56,1.95,5.8975
20251215,Ramanagara,12.7219,77.281,19.57,65.1,2.28,5.9098
20251216,Ramanagara,12.7219,77.281,21.82,77.96,3.29,2.9256
20251217,Ramanagara,12.7219,77.281,22.86,69.87,2.7,5.5454
20251218,Ramanagara,12.7219,77.281,20.5,66.35,2.57,5.4665
20251219,Ramanagara,12.7219,77.281,19.86,67.03,1.95,4.8094
20251220,Ramanagara,12.7219,77.281,19.58,68.44,1.54,5.0414
20251221,Ramanagara,12.7219,77.281,19.65,69.11,1.89,5.239
20251222,Ramanagara,12.7219,77.281,20.28,68.86,2.21,5.2152
20251223,Ramanagara,12.7219,77.281,20.6,69.03,1.75,5.5586
20251224,Ramanagara,12.7219,77.281,20.23,68.49,1.67,5.3225
20251225,Ramanagara,12.7219,77.281,20.32,67.57,1.91,5.6503
20251226,Ramanagara,12.7219,77.281,21.39,69.12,2.11,3.959
20251227,Ramanagara,12.7219,77.281,20.33,66.67,1.97,5.3962
20251228,Ramanagara,12.7219,77.281,20.67,68.82,1.88,5.4041
20251229,Ramanagara,12.7219,77.281,21.86,69.1,1.81,5.2495
20251230,Ramanagara,12.7219,77.281,22.69,69.44,1.02,4.8036
20251231,Ramanagara,12.7219,77.281,23.86,69.91,1.38,4.2175
