Date,District,Latitude,Longitude,Temperature,Humidity,WindSpeed,GHI
20200101,Shivamogga,13.9299,75.5681,22.63,79.88,1.55,4.5689
20200102,Shivamogga,13.9299,75.5681,23.32,78.31,0.92,4.662
20200103,Shivamogga,13.9299,75.5681,22.96,80.01,1.14,4.8816
20200104,Shivamogga,13.9299,75.5681,21.85,79.76,1.31,5.569
20200105,Shivamogga,13.9299,75.5681,22.31,74.13,1.24,5.4494
20200106,Shivamogga,13.9299,75.5681,23.36,77.55,2.7,4.6354
20200107,Shivamogga,13.9299,75.5681,23.65,71.72,1.94,5.1197
20200108,Shivamogga,13.9299,75.5681,22.65,76.77,1.48,5.2771
20200109,Shivamogga,13.9299,75.5681,23.46,78.42,0.83,4.6975
20200110,Shivamogga,13.9299,75.5681,23.45,72.47,2.03,4.7256
20200111,Shivamogga,13.9299,75.5681,22.31,72.69,2.33,5.7821
20200112,Shivamogga,13.9299,75.5681,21.55,69.45,2.2,5.7276
20200113,Shivamogga,13.9299,75.5681,21.62,73.46,1.26,5.6652
20200114,Shivamogga,13.9299,75.5681,22.15,71.52,0.55,5.6633
20200115,Shivamogga,13.9299,75.5681,21.61,71.73,1.47,5.6868
20200116,Shivamogga,13.9299,75.5681,20.61,71.87,1.22,5.0496
20200117,Shivamogga,13.9299,75.5681,21.36,75.22,0.94,5.1168
20200118,Shivamogga,13.9299,75.5681,22.58,71.34,1.5,5.8867
20200119,Shivamogga,13.9299,75.5681,23.57,71.15,1.15,5.1718
20200120,Shivamogga,13.9299,75.5681,23.85,64.06,1.76,5.4739
20200121,Shivamogga,13.9299,75.5681,22.83,59.02,2.3,5.7835
20200122,Shivamogga,13.9299,75.5681,22.15,59.74,2.74,6.1716
20200123,Shivamogga,13.9299,75.5681,22.96,59.78,2.53,6.2146
20200124,Shivamogga,13.9299,75.5681,22.42,56.47,2.36,6.2568
20200125,Shivamogga,13.9299,75.5681,22.45,51.89,1.89,6.2426
20200126,Shivamogga,13.9299,75.5681,22.97,53.12,1.35,6.211
20200127,Shivamogga,13.9299,75.5681,22.88,68.25,1.91,5.8978
20200128,Shivamogga,13.9299,75.5681,22.41,80.7,1.94,5.1965
20200129,Shivamogga,13.9299,75.5681,22.2,76.37,1.35,6.167
20200130,Shivamogga,13.9299,75.5681,22.62,73.9,1.09,6.3617
20200131,Shivamogga,13.9299,75.5681,22.45,73.45,1.33,6.3463
20200201,Shivamogga,13.9299,75.5681,22.77,76.04,1.85,5.3256
20200202,Shivamogga,13.9299,75.5681,23.53,71.38,1.41,4.6298
20200203,Shivamogga,13.9299,75.5681,23.89,64.11,1.31,5.837
20200204,Shivamogga,13.9299,75.5681,23.15,65.47,1.55,6.0497
20200205,Shivamogga,13.9299,75.5681,23.4,67.07,1.52,5.8553
20200206,Shivamogga,13.9299,75.5681,23.2,74.6,1.66,5.645
20200207,Shivamogga,13.9299,75.5681,22.56,76.23,1.85,5.1874
20200208,Shivamogga,13.9299,75.5681,20.75,73.38,1.83,6.4303
20200209,Shivamogga,13.9299,75.5681,22.29,66.83,1.2,6.4507
20200210,Shivamogga,13.9299,75.5681,24.29,61.83,2.11,5.7799
20200211,Shivamogga,13.9299,75.5681,24.42,55.49,2.78,6.5659
20200212,Shivamogga,13.9299,75.5681,24.07,54.26,2.66,6.4056
20200213,Shivamogga,13.9299,75.5681,23.78,52.18,2.31,6.5239
20200214,Shivamogga,13.9299,75.5681,24.31,49.1,0.96,6.3977
20200215,Shivamogga,13.9299,75.5681,25.01,37.91,0.9,6.541
20200216,Shivamogga,13.9299,75.5681,24.19,36.05,1.89,6.6454
20200217,Shivamogga,13.9299,75.5681,24.27,37.63,2.33,6.8126
20200218,Shivamogga,13.9299,75.5681,24.29,40.79,2.47,6.5246
20200219,Shivamogga,13.9299,75.5681,24.92,42.54,1.62,6.6238
20200220,Shivamogga,13.9299,75.5681,24.99,44.31,1.95,6.7421
20200221,Shivamogga,13.9299,75.5681,24.14,38.46,2.48,6.9151
20200222,Shivamogga,13.9299,75.5681,24.07,39.44,2.73,7.0092
20200223,Shivamogga,13.9299,75.5681,24.59,43.73,2.6,6.4716
20200224,Shivamogga,13.9299,75.5681,25.49,45.26,1.97,6.4824
20200225,Shivamogga,13.9299,75.5681,25.44,46.34,1.43,6.1889
20200226,Shivamogga,13.9299,75.5681,26.67,53.12,1.33,5.8054
20200227,Shivamogga,13.9299,75.5681,27.32,49.86,1.53,5.2798
20200228,Shivamogga,13.9299,75.5681,27.29,50.46,1.2,5.5054
20200229,Shivamogga,13.9299,75.5681,27.27,52.83,1.51,4.9138
20200301,Shivamogga,13.9299,75.5681,26.95,59.5,1.17,5.5138
20200302,Shivamogga,13.9299,75.5681,26.52,64.75,1.69,4.6152
20200303,Shivamogga,13.9299,75.5681,25.82,65.73,2.28,5.616
20200304,Shivamogga,13.9299,75.5681,24.73,65.13,2.23,6.2383
20200305,Shivamogga,13.9299,75.5681,24.34,68.22,2.27,6.3262
20200306,Shivamogga,13.9299,75.5681,24.02,68.67,2.66,6.6139
20200307,Shivamogga,13.9299,75.5681,24.46,66.45,1.94,6.5633
20200308,Shivamogga,13.9299,75.5681,25.95,65.85,1.59,6.1579
20200309,Shivamogga,13.9299,75.5681,26.65,64.14,1.75,5.9314
20200310,Shivamogga,13.9299,75.5681,26.88,62.59,1.82,6.601
20200311,Shivamogga,13.9299,75.5681,26.36,65.96,2.25,6.2549
20200312,Shivamogga,13.9299,75.5681,26.6,63.8,1.94,7.0265
20200313,Shivamogga,13.9299,75.5681,27.2,57.98,1.31,7.0255
20200314,Shivamogga,13.9299,75.5681,27.72,53.38,0.93,7.2574
20200315,Shivamogga,13.9299,75.5681,28.73,44.07,0.83,7.2341
20200316,Shivamogga,13.9299,75.5681,29.1,42.95,1.39,7.0334
20200317,Shivamogga,13.9299,75.5681,29.18,40.4,1.98,6.8352
20200318,Shivamogga,13.9299,75.5681,28.75,47.26,1.25,7.1431
20200319,Shivamogga,13.9299,75.5681,28.68,52.8,2.15,6.5686
20200320,Shivamogga,13.9299,75.5681,28.23,49.22,2.45,7.0507
20200321,Shivamogga,13.9299,75.5681,26.85,45.14,1.57,7.5619
20200322,Shivamogga,13.9299,75.5681,27.18,51.92,1.59,7.3824
20200323,Shivamogga,13.9299,75.5681,28.35,51.9,1.09,7.2977
20200324,Shivamogga,13.9299,75.5681,29.12,51.48,1.22,6.271
20200325,Shivamogga,13.9299,75.5681,28.77,52.74,1.37,6.1385
20200326,Shivamogga,13.9299,75.5681,29.65,44.99,1.65,6.9425
20200327,Shivamogga,13.9299,75.5681,28.95,42.06,1.37,6.69
20200328,Shivamogga,13.9299,75.5681,29.06,31.56,2.14,7.2722
20200329,Shivamogga,13.9299,75.5681,28.36,33.43,1.85,7.2163
20200330,Shivamogga,13.9299,75.5681,28.93,45.75,1.59,7.0752
20200331,Shivamogga,13.9299,75.5681,28.83,34.76,1.72,7.4285
20200401,Shivamogga,13.9299,75.5681,29.31,36.93,1.55,7.5516
20200402,Shivamogga,13.9299,75.5681,29.39,51.66,1.86,6.8431
20200403,Shivamogga,13.9299,75.5681,30.13,51.63,1.46,6.3557
20200404,Shivamogga,13.9299,75.5681,30.21,49.68,1.1,6.8203
20200405,Shivamogga,13.9299,75.5681,28.98,58.26,2.04,6.2537
20200406,Shivamogga,13.9299,75.5681,28.7,60.04,1.63,6.1726
20200407,Shivamogga,13.9299,75.5681,27.37,65.27,1.55,4.6279
20200408,Shivamogga,13.9299,75.5681,27.76,63.57,1.32,6.2609
20200409,Shivamogga,13.9299,75.5681,28.68,52.79,1.67,7.3951
20200410,Shivamogga,13.9299,75.5681,29.03,52.81,1.66,6.1846
20200411,Shivamogga,13.9299,75.5681,28.74,49.65,1.58,6.7752
20200412,Shivamogga,13.9299,75.5681,29.19,45.9,1.53,6.6859
20200413,Shivamogga,13.9299,75.5681,29.6,41.28,2.3,7.2929
20200414,Shivamogga,13.9299,75.5681,29.27,36.18,2.72,7.4177
20200415,Shivamogga,13.9299,75.5681,29.39,37.96,2.17,6.9998
20200416,Shivamogga,13.9299,75.5681,29.41,48.46,1.63,6.4399
20200417,Shivamogga,13.9299,75.5681,30.54,49.07,1.2,6.9703
20200418,Shivamogga,13.9299,75.5681,30.07,52.54,1.52,6.3514
20200419,Shivamogga,13.9299,75.5681,30.61,50.91,1.74,6.7658
20200420,Shivamogga,13.9299,75.5681,30.75,44.68,1.58,6.8234
20200421,Shivamogga,13.9299,75.5681,30.29,52.99,1.46,6.0096
20200422,Shivamogga,13.9299,75.5681,30.04,55.76,1.99,6.1728
20200423,Shivamogga,13.9299,75.5681,29.27,61.08,2.51,6.5407
20200424,Shivamogga,13.9299,75.5681,28.0,66.11,2.23,6.6317
20200425,Shivamogga,13.9299,75.5681,27.59,69.41,2.49,6.1265
20200426,Shivamogga,13.9299,75.5681,29.01,61.95,1.74,6.6967
20200427,Shivamogga,13.9299,75.5681,29.53,55.32,2.68,6.9838
20200428,Shivamogga,13.9299,75.5681,29.74,57.17,1.99,7.0411
20200429,Shivamogga,13.9299,75.5681,28.02,63.21,1.97,4.3548
20200430,Shivamogga,13.9299,75.5681,28.71,60.47,1.76,6.144
20200501,Shivamogga,13.9299,75.5681,28.06,67.08,1.49,6.515
20200502,Shivamogga,13.9299,75.5681,28.41,66.1,1.41,6.2422
20200503,Shivamogga,13.9299,75.5681,28.83,65.2,1.21,6.2952
20200504,Shivamogga,13.9299,75.5681,29.35,62.76,0.91,6.3295
20200505,Shivamogga,13.9299,75.5681,29.0,62.5,1.04,6.3718
20200506,Shivamogga,13.9299,75.5681,29.1,64.67,1.66,6.5762
20200507,Shivamogga,13.9299,75.5681,27.02,75.94,1.27,5.843
20200508,Shivamogga,13.9299,75.5681,27.59,72.75,1.1,5.0314
20200509,Shivamogga,13.9299,75.5681,28.58,67.47,1.22,6.4222
20200510,Shivamogga,13.9299,75.5681,29.77,59.95,1.0,6.037
20200511,Shivamogga,13.9299,75.5681,29.57,56.68,1.58,6.4882
20200512,Shivamogga,13.9299,75.5681,29.15,62.55,1.46,6.5126
20200513,Shivamogga,13.9299,75.5681,28.53,66.01,1.77,5.8258
20200514,Shivamogga,13.9299,75.5681,29.23,64.51,1.73,6.5918
20200515,Shivamogga,13.9299,75.5681,28.06,70.6,1.53,5.5987
20200516,Shivamogga,13.9299,75.5681,28.01,67.18,1.9,5.089
20200517,Shivamogga,13.9299,75.5681,27.18,74.48,2.69,5.405
20200518,Shivamogga,13.9299,75.5681,24.99,83.77,3.4,3.1747
20200519,Shivamogga,13.9299,75.5681,26.53,75.69,3.83,5.1365
20200520,Shivamogga,13.9299,75.5681,27.53,69.18,3.33,5.8387
20200521,Shivamogga,13.9299,75.5681,27.57,66.59,3.37,6.2465
20200522,Shivamogga,13.9299,75.5681,28.41,64.36,2.94,6.9442
20200523,Shivamogga,13.9299,75.5681,28.71,65.49,3.06,6.731
20200524,Shivamogga,13.9299,75.5681,29.18,64.08,2.83,6.9545
20200525,Shivamogga,13.9299,75.5681,27.81,70.25,2.69,6.3943
20200526,Shivamogga,13.9299,75.5681,27.49,74.99,2.54,6.4344
20200527,Shivamogga,13.9299,75.5681,27.48,73.07,2.98,5.8476
20200528,Shivamogga,13.9299,75.5681,26.67,70.58,3.08,6.5275
20200529,Shivamogga,13.9299,75.5681,26.45,74.84,3.46,6.8472
20200530,Shivamogga,13.9299,75.5681,26.58,77.93,1.74,5.1653
20200531,Shivamogga,13.9299,75.5681,25.63,83.0,2.08,4.2269
20200601,Shivamogga,13.9299,75.5681,25.02,83.71,1.99,3.8388
20200602,Shivamogga,13.9299,75.5681,25.11,81.24,3.61,3.7757
20200603,Shivamogga,13.9299,75.5681,24.65,85.17,4.23,3.5047
20200604,Shivamogga,13.9299,75.5681,24.63,80.56,3.74,3.8462
20200605,Shivamogga,13.9299,75.5681,25.02,76.95,3.6,5.5368
20200606,Shivamogga,13.9299,75.5681,24.62,76.92,3.36,5.6482
20200607,Shivamogga,13.9299,75.5681,25.27,75.96,3.57,5.7979
20200608,Shivamogga,13.9299,75.5681,25.03,74.06,3.57,5.8836
20200609,Shivamogga,13.9299,75.5681,25.41,70.48,3.42,5.2397
20200610,Shivamogga,13.9299,75.5681,25.41,78.32,3.81,3.593
20200611,Shivamogga,13.9299,75.5681,23.99,84.1,3.67,4.2792
20200612,Shivamogga,13.9299,75.5681,23.29,82.79,4.54,3.4805
20200613,Shivamogga,13.9299,75.5681,24.11,77.47,5.23,3.569
20200614,Shivamogga,13.9299,75.5681,24.43,79.36,5.96,3.2614
20200615,Shivamogga,13.9299,75.5681,25.26,81.75,4.94,3.9638
20200616,Shivamogga,13.9299,75.5681,25.39,83.08,4.81,2.9189
20200617,Shivamogga,13.9299,75.5681,24.47,84.55,4.63,3.0451
20200618,Shivamogga,13.9299,75.5681,23.65,84.93,3.96,3.7733
20200619,Shivamogga,13.9299,75.5681,24.58,80.52,3.97,3.9259
20200620,Shivamogga,13.9299,75.5681,24.55,75.42,3.67,5.3556
20200621,Shivamogga,13.9299,75.5681,24.28,82.2,3.53,4.5449
20200622,Shivamogga,13.9299,75.5681,23.76,84.62,3.73,4.0742
20200623,Shivamogga,13.9299,75.5681,23.93,77.1,3.37,5.3102
20200624,Shivamogga,13.9299,75.5681,24.46,77.99,3.03,5.7413
20200625,Shivamogga,13.9299,75.5681,24.78,78.78,2.02,5.7197
20200626,Shivamogga,13.9299,75.5681,23.99,84.88,2.32,5.2651
20200627,Shivamogga,13.9299,75.5681,24.34,86.3,2.63,4.9848
20200628,Shivamogga,13.9299,75.5681,24.51,86.4,3.15,3.6888
20200629,Shivamogga,13.9299,75.5681,24.05,88.9,3.16,4.038
20200630,Shivamogga,13.9299,75.5681,23.14,89.42,2.86,5.0107
20200701,Shivamogga,13.9299,75.5681,23.64,82.67,3.82,4.7798
20200702,Shivamogga,13.9299,75.5681,22.68,87.59,4.41,3.1562
20200703,Shivamogga,13.9299,75.5681,24.03,85.18,5.33,4.153
20200704,Shivamogga,13.9299,75.5681,24.13,83.79,5.44,3.1502
20200705,Shivamogga,13.9299,75.5681,23.13,85.65,4.87,3.264
20200706,Shivamogga,13.9299,75.5681,24.12,83.04,4.74,3.7116
20200707,Shivamogga,13.9299,75.5681,23.89,84.08,5.09,2.7814
20200708,Shivamogga,13.9299,75.5681,23.31,86.74,3.52,3.4315
20200709,Shivamogga,13.9299,75.5681,23.24,88.15,3.54,3.2479
20200710,Shivamogga,13.9299,75.5681,22.99,86.16,3.47,3.8551
20200711,Shivamogga,13.9299,75.5681,23.23,83.24,3.26,4.8703
20200712,Shivamogga,13.9299,75.5681,22.85,85.16,3.05,4.5062
20200713,Shivamogga,13.9299,75.5681,22.99,85.95,2.94,4.205
20200714,Shivamogga,13.9299,75.5681,22.83,90.26,3.23,3.4202
20200715,Shivamogga,13.9299,75.5681,22.56,88.29,4.24,2.5399
20200716,Shivamogga,13.9299,75.5681,23.09,87.76,4.34,3.091
20200717,Shivamogga,13.9299,75.5681,23.0,87.79,3.87,2.1276
20200718,Shivamogga,13.9299,75.5681,23.37,87.82,3.45,3.6881
20200719,Shivamogga,13.9299,75.5681,23.39,87.05,2.16,4.2598
20200720,Shivamogga,13.9299,75.5681,23.58,88.81,1.34,4.7904
20200721,Shivamogga,13.9299,75.5681,24.57,83.86,1.59,5.4235
20200722,Shivamogga,13.9299,75.5681,24.8,85.09,0.99,5.7578
20200723,Shivamogga,13.9299,75.5681,23.95,90.84,1.26,4.5163
20200724,Shivamogga,13.9299,75.5681,23.87,83.51,1.72,4.9152
20200725,Shivamogga,13.9299,75.5681,22.62,88.86,2.91,4.1729
20200726,Shivamogga,13.9299,75.5681,22.73,86.92,3.14,4.308
20200727,Shivamogga,13.9299,75.5681,23.28,86.82,2.76,4.5384
20200728,Shivamogga,13.9299,75.5681,23.31,88.41,2.98,5.2538
20200729,Shivamogga,13.9299,75.5681,23.58,89.1,2.81,3.7234
20200730,Shivamogga,13.9299,75.5681,23.55,88.96,2.68,4.1201
20200731,Shivamogga,13.9299,75.5681,23.78,88.57,2.8,3.7946
20200801,Shivamogga,13.9299,75.5681,23.02,88.5,3.0,4.3608
20200802,Shivamogga,13.9299,75.5681,22.93,86.97,4.3,2.85
20200803,Shivamogga,13.9299,75.5681,23.24,88.95,5.16,2.4674
20200804,Shivamogga,13.9299,75.5681,22.56,90.26,6.54,2.0328
20200805,Shivamogga,13.9299,75.5681,23.19,88.69,7.37,1.4182
20200806,Shivamogga,13.9299,75.5681,24.34,87.8,6.81,2.699
20200807,Shivamogga,13.9299,75.5681,24.25,88.23,6.11,2.8214
20200808,Shivamogga,13.9299,75.5681,22.76,90.23,4.81,2.4134
20200809,Shivamogga,13.9299,75.5681,23.1,90.24,4.26,2.4914
20200810,Shivamogga,13.9299,75.5681,23.13,92.11,3.7,2.4569
20200811,Shivamogga,13.9299,75.5681,23.03,90.2,4.12,3.4226
20200812,Shivamogga,13.9299,75.5681,22.96,90.24,4.0,3.7932
20200813,Shivamogga,13.9299,75.5681,22.77,90.77,3.82,3.6542
20200814,Shivamogga,13.9299,75.5681,22.78,90.07,4.28,3.8189
20200815,Shivamogga,13.9299,75.5681,22.99,89.57,4.64,3.7092
20200816,Shivamogga,13.9299,75.5681,23.11,90.5,4.3,1.1686
20200817,Shivamogga,13.9299,75.5681,23.53,88.8,4.23,2.2992
20200818,Shivamogga,13.9299,75.5681,23.33,89.15,3.75,3.4603
20200819,Shivamogga,13.9299,75.5681,23.47,88.75,3.75,3.8506
20200820,Shivamogga,13.9299,75.5681,23.2,89.96,4.07,3.1579
20200821,Shivamogga,13.9299,75.5681,23.39,88.96,4.16,3.5184
20200822,Shivamogga,13.9299,75.5681,23.19,89.42,3.63,3.9266
20200823,Shivamogga,13.9299,75.5681,23.43,88.68,3.09,4.7674
20200824,Shivamogga,13.9299,75.5681,23.76,88.17,2.9,4.1712
20200825,Shivamogga,13.9299,75.5681,23.71,87.25,2.66,5.131
20200826,Shivamogga,13.9299,75.5681,23.57,86.9,2.32,5.5464
20200827,Shivamogga,13.9299,75.5681,23.31,87.42,2.76,4.7388
20200828,Shivamogga,13.9299,75.5681,22.96,88.75,2.7,5.6472
20200829,Shivamogga,13.9299,75.5681,23.59,88.18,2.78,4.4102
20200830,Shivamogga,13.9299,75.5681,23.6,89.62,2.24,4.783
20200831,Shivamogga,13.9299,75.5681,23.29,89.86,1.75,5.0258
20200901,Shivamogga,13.9299,75.5681,23.68,89.68,2.06,4.7016
20200902,Shivamogga,13.9299,75.5681,23.19,91.23,1.83,4.6992
20200903,Shivamogga,13.9299,75.5681,24.02,87.02,1.8,4.6541
20200904,Shivamogga,13.9299,75.5681,24.83,86.53,1.42,5.0232
20200905,Shivamogga,13.9299,75.5681,25.57,84.33,1.2,4.9294
20200906,Shivamogga,13.9299,75.5681,25.36,85.36,1.34,4.7498
20200907,Shivamogga,13.9299,75.5681,24.41,87.17,1.11,4.8456
20200908,Shivamogga,13.9299,75.5681,24.47,85.82,1.13,4.913
20200909,Shivamogga,13.9299,75.5681,24.23,88.37,1.52,4.7249
20200910,Shivamogga,13.9299,75.5681,23.32,91.52,1.54,4.0673
20200911,Shivamogga,13.9299,75.5681,22.82,91.62,3.28,3.2822
20200912,Shivamogga,13.9299,75.5681,22.03,91.08,3.59,2.3122
20200913,Shivamogga,13.9299,75.5681,21.54,91.33,3.18,2.5121
20200914,Shivamogga,13.9299,75.5681,22.03,88.66,3.34,3.7066
20200915,Shivamogga,13.9299,75.5681,22.32,89.52,3.21,4.0812
20200916,Shivamogga,13.9299,75.5681,22.86,89.97,3.15,4.2346
20200917,Shivamogga,13.9299,75.5681,23.03,90.35,3.05,4.4273
20200918,Shivamogga,13.9299,75.5681,23.01,91.07,3.83,3.935
20200919,Shivamogga,13.9299,75.5681,22.45,91.4,3.42,3.6161
20200920,Shivamogga,13.9299,75.5681,21.78,91.54,4.39,2.2032
20200921,Shivamogga,13.9299,75.5681,21.3,89.5,5.69,2.9554
20200922,Shivamogga,13.9299,75.5681,21.29,89.15,4.9,2.6383
20200923,Shivamogga,13.9299,75.5681,22.14,89.23,3.82,4.1729
20200924,Shivamogga,13.9299,75.5681,21.88,91.12,2.83,3.4106
20200925,Shivamogga,13.9299,75.5681,22.85,90.54,2.62,3.8074
20200926,Shivamogga,13.9299,75.5681,21.88,93.36,2.85,2.1732
20200927,Shivamogga,13.9299,75.5681,22.39,88.49,2.1,4.6802
20200928,Shivamogga,13.9299,75.5681,22.87,88.54,1.81,5.1958
20200929,Shivamogga,13.9299,75.5681,23.11,90.1,2.57,4.7371
20200930,Shivamogga,13.9299,75.5681,22.8,89.18,2.5,5.0033
20201001,Shivamogga,13.9299,75.5681,21.62,90.82,1.84,6.0115
20201002,Shivamogga,13.9299,75.5681,23.0,88.9,1.83,5.418
20201003,Shivamogga,13.9299,75.5681,22.3,92.1,2.37,4.6282
20201004,Shivamogga,13.9299,75.5681,22.42,89.74,2.14,3.6847
20201005,Shivamogga,13.9299,75.5681,21.39,89.55,1.96,4.0303
20201006,Shivamogga,13.9299,75.5681,23.34,88.81,1.63,5.0513
20201007,Shivamogga,13.9299,75.5681,23.89,88.58,1.75,4.6651
20201008,Shivamogga,13.9299,75.5681,23.9,83.27,1.04,5.5577
20201009,Shivamogga,13.9299,75.5681,23.66,89.29,1.33,4.1446
20201010,Shivamogga,13.9299,75.5681,22.19,93.0,2.09,4.7191
20201011,Shivamogga,13.9299,75.5681,22.09,91.31,2.75,3.629
20201012,Shivamogga,13.9299,75.5681,22.08,94.23,2.52,3.3067
20201013,Shivamogga,13.9299,75.5681,22.09,93.65,2.65,2.5498
20201014,Shivamogga,13.9299,75.5681,22.68,94.07,3.83,3.2462
20201015,Shivamogga,13.9299,75.5681,22.36,91.03,3.58,2.767
20201016,Shivamogga,13.9299,75.5681,22.28,90.55,2.37,4.2864
20201017,Shivamogga,13.9299,75.5681,22.57,89.39,1.68,5.4852
20201018,Shivamogga,13.9299,75.5681,22.79,88.83,1.49,4.8348
20201019,Shivamogga,13.9299,75.5681,22.98,89.13,1.3,5.1247
20201020,Shivamogga,13.9299,75.5681,23.03,91.39,1.52,3.7846
20201021,Shivamogga,13.9299,75.5681,22.5,93.75,1.06,3.233
20201022,Shivamogga,13.9299,75.5681,22.64,92.1,1.37,3.0324
20201023,Shivamogga,13.9299,75.5681,22.96,91.82,1.41,3.2201
20201024,Shivamogga,13.9299,75.5681,22.54,94.28,1.27,4.637
20201025,Shivamogga,13.9299,75.5681,23.3,86.83,0.79,3.8983
20201026,Shivamogga,13.9299,75.5681,23.52,86.69,1.12,5.3098
20201027,Shivamogga,13.9299,75.5681,22.93,85.44,1.5,5.5027
20201028,Shivamogga,13.9299,75.5681,22.02,84.97,1.79,5.76
20201029,Shivamogga,13.9299,75.5681,21.47,86.0,1.83,5.1158
20201030,Shivamogga,13.9299,75.5681,22.12,84.25,1.53,4.7623
20201031,Shivamogga,13.9299,75.5681,22.6,81.33,1.27,5.161
20201101,Shivamogga,13.9299,75.5681,22.91,82.55,1.15,4.7602
20201102,Shivamogga,13.9299,75.5681,22.37,81.94,1.36,4.7287
20201103,Shivamogga,13.9299,75.5681,23.15,85.84,1.63,4.577
20201104,Shivamogga,13.9299,75.5681,22.76,87.47,1.92,4.379
20201105,Shivamogga,13.9299,75.5681,22.33,85.28,1.96,5.1192
20201106,Shivamogga,13.9299,75.5681,23.21,87.19,2.05,4.6562
20201107,Shivamogga,13.9299,75.5681,23.02,90.13,1.93,5.0297
20201108,Shivamogga,13.9299,75.5681,23.25,87.8,2.48,4.9519
20201109,Shivamogga,13.9299,75.5681,21.6,87.03,1.83,5.6285
20201110,Shivamogga,13.9299,75.5681,18.83,80.9,2.14,6.4123
20201111,Shivamogga,13.9299,75.5681,18.85,83.17,2.18,6.3948
20201112,Shivamogga,13.9299,75.5681,21.98,90.02,2.32,5.1094
20201113,Shivamogga,13.9299,75.5681,23.21,88.49,2.67,4.7719
20201114,Shivamogga,13.9299,75.5681,22.55,87.7,2.7,5.1238
20201115,Shivamogga,13.9299,75.5681,22.68,88.53,3.13,4.7594
20201116,Shivamogga,13.9299,75.5681,23.21,89.44,2.67,3.4656
20201117,Shivamogga,13.9299,75.5681,22.88,88.68,2.79,3.6434
20201118,Shivamogga,13.9299,75.5681,22.95,86.78,2.04,4.8346
20201119,Shivamogga,13.9299,75.5681,23.03,85.27,2.2,5.5486
20201120,Shivamogga,13.9299,75.5681,22.39,82.57,2.09,5.5865
20201121,Shivamogga,13.9299,75.5681,20.71,80.93,1.79,6.1622
20201122,Shivamogga,13.9299,75.5681,20.58,76.15,1.75,6.0221
20201123,Shivamogga,13.9299,75.5681,20.43,78.63,1.8,5.0554
20201124,Shivamogga,13.9299,75.5681,21.7,85.2,1.75,5.2786
20201125,Shivamogga,13.9299,75.5681,21.97,86.95,2.43,5.3918
20201126,Shivamogga,13.9299,75.5681,20.68,90.5,2.33,2.9009
20201127,Shivamogga,13.9299,75.5681,20.09,89.4,2.61,4.7047
20201128,Shivamogga,13.9299,75.5681,21.74,86.84,1.5,4.9339
20201129,Shivamogga,13.9299,75.5681,21.88,86.62,2.29,4.3682
20201130,Shivamogga,13.9299,75.5681,22.04,85.35,2.67,5.1734
20201201,Shivamogga,13.9299,75.5681,20.62,82.8,2.41,5.7367
20201202,Shivamogga,13.9299,75.5681,19.44,81.97,2.13,5.6054
20201203,Shivamogga,13.9299,75.5681,20.62,86.07,2.07,4.1309
20201204,Shivamogga,13.9299,75.5681,21.87,87.94,2.47,3.5882
20201205,Shivamogga,13.9299,75.5681,21.81,86.63,2.47,3.827
20201206,Shivamogga,13.9299,75.5681,22.43,86.15,3.41,4.9999
20201207,Shivamogga,13.9299,75.5681,22.15,88.58,3.48,3.2606
20201208,Shivamogga,13.9299,75.5681,22.65,87.71,2.88,3.389
20201209,Shivamogga,13.9299,75.5681,22.49,86.99,2.5,4.1971
20201210,Shivamogga,13.9299,75.5681,21.04,79.78,1.97,5.004
20201211,Shivamogga,13.9299,75.5681,20.68,76.15,1.45,5.0606
20201212,Shivamogga,13.9299,75.5681,19.97,74.69,1.6,5.4941
20201213,Shivamogga,13.9299,75.5681,20.41,75.6,1.2,5.4439
20201214,Shivamogga,13.9299,75.5681,21.14,77.31,1.17,5.4139
20201215,Shivamogga,13.9299,75.5681,19.86,80.16,2.14,5.6729
20201216,Shivamogga,13.9299,75.5681,20.58,84.14,2.38,5.1667
20201217,Shivamogga,13.9299,75.5681,21.44,85.18,2.27,4.021
20201218,Shivamogga,13.9299,75.5681,20.75,81.79,2.47,5.0657
20201219,Shivamogga,13.9299,75.5681,20.53,84.35,2.67,5.2622
20201220,Shivamogga,13.9299,75.5681,19.94,83.08,2.94,4.6567
20201221,Shivamogga,13.9299,75.5681,18.11,79.48,2.56,5.3587
20201222,Shivamogga,13.9299,75.5681,18.38,79.21,1.97,5.6544
20201223,Shivamogga,13.9299,75.5681,20.3,81.19,1.66,5.2723
20201224,Shivamogga,13.9299,75.5681,22.21,82.05,1.08,4.7131
20201225,Shivamogga,13.9299,75.5681,21.81,81.66,2.26,5.1214
20201226,Shivamogga,13.9299,75.5681,20.01,79.58,2.19,5.4444
20201227,Shivamogga,13.9299,75.5681,19.0,77.43,1.97,5.4336
20201228,Shivamogga,13.9299,75.5681,19.34,74.18,1.58,5.4545
20201229,Shivamogga,13.9299,75.5681,19.31,74.54,1.9,5.5217
20201230,Shivamogga,13.9299,75.5681,21.67,82.11,2.18,5.1422
20201231,Shivamogga,13.9299,75.5681,22.09,82.83,2.92,4.2264
20210101,Shivamogga,13.9299,75.5681,19.34,80.58,2.7,5.1228
20210102,Shivamogga,13.9299,75.5681,19.66,81.05,2.59,5.2003
20210103,Shivamogga,13.9299,75.5681,22.01,81.51,2.19,4.8151
20210104,Shivamogga,13.9299,75.5681,22.39,81.31,2.1,3.8422
20210105,Shivamogga,13.9299,75.5681,21.54,84.23,1.52,4.7422
20210106,Shivamogga,13.9299,75.5681,22.94,85.66,1.41,3.3833
20210107,Shivamogga,13.9299,75.5681,22.5,89.76,1.5,4.0486
20210108,Shivamogga,13.9299,75.5681,21.45,92.97,1.28,3.4817
20210109,Shivamogga,13.9299,75.5681,22.48,88.77,1.97,3.6677
20210110,Shivamogga,13.9299,75.5681,22.33,83.54,2.12,4.847
20210111,Shivamogga,13.9299,75.5681,21.57,80.42,2.3,3.1298
20210112,Shivamogga,13.9299,75.5681,21.33,79.29,2.68,4.1242
20210113,Shivamogga,13.9299,75.5681,20.71,78.48,2.64,5.1521
20210114,Shivamogga,13.9299,75.5681,20.77,79.11,2.29,5.4622
20210115,Shivamogga,13.9299,75.5681,22.33,76.37,1.87,3.803
20210116,Shivamogga,13.9299,75.5681,22.12,77.87,1.66,4.7906
20210117,Shivamogga,13.9299,75.5681,22.32,77.72,1.84,4.9886
20210118,Shivamogga,13.9299,75.5681,21.63,74.84,2.25,5.9126
20210119,Shivamogga,13.9299,75.5681,20.98,76.72,1.94,5.8327
20210120,Shivamogga,13.9299,75.5681,21.15,68.85,1.59,6.1063
20210121,Shivamogga,13.9299,75.5681,21.51,59.27,1.04,6.066
20210122,Shivamogga,13.9299,75.5681,21.85,62.62,0.99,5.7816
20210123,Shivamogga,13.9299,75.5681,21.68,73.07,1.51,5.425
20210124,Shivamogga,13.9299,75.5681,21.47,67.62,1.42,5.7694
20210125,Shivamogga,13.9299,75.5681,20.81,63.08,1.76,6.1152
20210126,Shivamogga,13.9299,75.5681,20.56,58.17,1.68,6.1349
20210127,Shivamogga,13.9299,75.5681,20.14,61.49,1.64,6.0905
20210128,Shivamogga,13.9299,75.5681,19.88,67.95,2.04,6.0094
20210129,Shivamogga,13.9299,75.5681,20.49,66.81,2.0,5.989
20210130,Shivamogga,13.9299,75.5681,21.18,66.59,1.58,5.9023
20210131,Shivamogga,13.9299,75.5681,21.01,66.95,1.97,5.3909
20210201,Shivamogga,13.9299,75.5681,20.18,62.73,2.64,6.1351
20210202,Shivamogga,13.9299,75.5681,20.43,66.41,2.62,6.1502
20210203,Shivamogga,13.9299,75.5681,20.94,71.0,2.1,5.515
20210204,Shivamogga,13.9299,75.5681,21.82,66.3,1.71,6.1123
20210205,Shivamogga,13.9299,75.5681,21.46,67.18,1.3,6.0444
20210206,Shivamogga,13.9299,75.5681,21.31,61.6,1.69,6.3941
20210207,Shivamogga,13.9299,75.5681,20.39,57.9,2.71,6.5316
20210208,Shivamogga,13.9299,75.5681,19.82,58.17,2.78,6.5532
20210209,Shivamogga,13.9299,75.5681,19.93,60.69,2.35,6.4164
20210210,Shivamogga,13.9299,75.5681,20.29,55.03,1.98,6.6499
20210211,Shivamogga,13.9299,75.5681,20.55,54.12,1.88,6.6358
20210212,Shivamogga,13.9299,75.5681,21.28,56.35,1.68,6.6499
20210213,Shivamogga,13.9299,75.5681,21.13,56.72,1.67,6.6938
20210214,Shivamogga,13.9299,75.5681,21.44,55.31,1.44,6.6396
20210215,Shivamogga,13.9299,75.5681,21.64,62.3,1.34,6.6017
20210216,Shivamogga,13.9299,75.5681,22.18,68.2,1.61,5.9534
20210217,Shivamogga,13.9299,75.5681,23.42,74.3,0.94,5.5505
20210218,Shivamogga,13.9299,75.5681,23.34,70.03,1.64,5.0383
20210219,Shivamogga,13.9299,75.5681,19.72,71.49,2.72,3.2909
20210220,Shivamogga,13.9299,75.5681,20.38,73.52,3.24,4.9186
20210221,Shivamogga,13.9299,75.5681,21.03,77.65,2.64,4.1515
20210222,Shivamogga,13.9299,75.5681,22.24,69.83,2.02,5.2584
20210223,Shivamogga,13.9299,75.5681,23.04,67.07,2.12,5.6611
20210224,Shivamogga,13.9299,75.5681,23.85,61.91,1.38,6.5779
20210225,Shivamogga,13.9299,75.5681,24.2,63.42,1.1,6.5422
20210226,Shivamogga,13.9299,75.5681,24.06,71.73,0.97,6.4992
20210227,Shivamogga,13.9299,75.5681,24.96,66.45,0.73,6.263
20210228,Shivamogga,13.9299,75.5681,25.45,55.83,1.35,6.5309
20210301,Shivamogga,13.9299,75.5681,24.53,49.99,1.8,6.5592
20210302,Shivamogga,13.9299,75.5681,24.07,52.08,1.92,6.4867
20210303,Shivamogga,13.9299,75.5681,23.95,49.88,2.57,6.9341
20210304,Shivamogga,13.9299,75.5681,23.53,45.85,2.97,7.1162
20210305,Shivamogga,13.9299,75.5681,23.8,41.61,1.8,7.2931
20210306,Shivamogga,13.9299,75.5681,24.3,51.57,1.12,7.1736
20210307,Shivamogga,13.9299,75.5681,24.91,48.06,1.36,7.0538
20210308,Shivamogga,13.9299,75.5681,24.44,42.46,2.04,7.1158
20210309,Shivamogga,13.9299,75.5681,24.11,41.84,2.58,7.0133
20210310,Shivamogga,13.9299,75.5681,24.43,46.89,1.89,7.08
20210311,Shivamogga,13.9299,75.5681,24.24,60.56,1.79,5.7845
20210312,Shivamogga,13.9299,75.5681,25.16,64.11,0.99,6.215
20210313,Shivamogga,13.9299,75.5681,24.36,40.21,2.01,7.1832
20210314,Shivamogga,13.9299,75.5681,25.1,44.69,2.15,7.3918
20210315,Shivamogga,13.9299,75.5681,25.33,46.93,1.65,6.9746
20210316,Shivamogga,13.9299,75.5681,25.54,46.66,1.73,6.6202
20210317,Shivamogga,13.9299,75.5681,25.93,41.74,1.83,6.5419
20210318,Shivamogga,13.9299,75.5681,26.16,49.72,1.62,5.8637
20210319,Shivamogga,13.9299,75.5681,26.32,54.04,0.95,6.4075
20210320,Shivamogga,13.9299,75.5681,26.49,50.51,1.48,6.1661
20210321,Shivamogga,13.9299,75.5681,26.38,51.56,1.14,6.4128
20210322,Shivamogga,13.9299,75.5681,27.14,47.1,1.31,6.7267
20210323,Shivamogga,13.9299,75.5681,27.94,47.47,1.32,6.7003
20210324,Shivamogga,13.9299,75.5681,27.83,49.15,1.35,6.6778
20210325,Shivamogga,13.9299,75.5681,27.36,51.96,0.81,6.5366
20210326,Shivamogga,13.9299,75.5681,28.31,42.39,1.99,6.7205
20210327,Shivamogga,13.9299,75.5681,28.74,43.66,1.83,6.5911
20210328,Shivamogga,13.9299,75.5681,28.87,55.61,1.18,5.2313
20210329,Shivamogga,13.9299,75.5681,29.3,49.77,1.23,5.7494
20210330,Shivamogga,13.9299,75.5681,28.16,61.71,2.41,5.6585
20210331,Shivamogga,13.9299,75.5681,28.65,60.0,2.07,6.2482
20210401,Shivamogga,13.9299,75.5681,27.65,56.79,2.65,7.4393
20210402,Shivamogga,13.9299,75.5681,27.32,56.82,2.48,7.3409
20210403,Shivamogga,13.9299,75.5681,26.76,58.91,2.75,6.6979
20210404,Shivamogga,13.9299,75.5681,27.53,55.89,2.02,7.447
20210405,Shivamogga,13.9299,75.5681,28.51,50.67,1.84,7.0478
20210406,Shivamogga,13.9299,75.5681,29.33,39.0,1.78,6.4606
20210407,Shivamogga,13.9299,75.5681,29.93,39.93,1.31,6.461
20210408,Shivamogga,13.9299,75.5681,29.19,47.06,1.19,5.581
20210409,Shivamogga,13.9299,75.5681,29.01,48.75,1.01,6.409
20210410,Shivamogga,13.9299,75.5681,29.72,44.34,1.22,5.8807
20210411,Shivamogga,13.9299,75.5681,29.01,43.33,1.64,6.0715
20210412,Shivamogga,13.9299,75.5681,29.7,44.2,1.48,5.8567
20210413,Shivamogga,13.9299,75.5681,28.78,56.38,1.45,4.9102
20210414,Shivamogga,13.9299,75.5681,28.02,60.23,1.21,5.4329
20210415,Shivamogga,13.9299,75.5681,27.39,63.99,1.34,6.3266
20210416,Shivamogga,13.9299,75.5681,27.75,62.96,1.37,6.4231
20210417,Shivamogga,13.9299,75.5681,28.48,61.71,1.53,6.0946
20210418,Shivamogga,13.9299,75.5681,28.23,63.06,1.45,5.5598
20210419,Shivamogga,13.9299,75.5681,26.57,71.62,2.13,6.5669
20210420,Shivamogga,13.9299,75.5681,25.61,69.13,1.56,5.573
20210421,Shivamogga,13.9299,75.5681,27.11,66.17,1.52,5.8087
20210422,Shivamogga,13.9299,75.5681,27.16,67.68,1.83,6.2177
20210423,Shivamogga,13.9299,75.5681,26.06,72.76,1.5,5.5486
20210424,Shivamogga,13.9299,75.5681,28.0,64.88,0.78,6.2273
20210425,Shivamogga,13.9299,75.5681,28.27,62.29,1.32,6.3989
20210426,Shivamogga,13.9299,75.5681,28.37,62.58,1.12,6.0506
20210427,Shivamogga,13.9299,75.5681,28.15,61.92,0.99,5.6338
20210428,Shivamogga,13.9299,75.5681,28.29,61.8,1.0,6.4178
20210429,Shivamogga,13.9299,75.5681,28.65,62.12,1.21,6.5803
20210430,Shivamogga,13.9299,75.5681,28.76,61.35,1.11,6.7958
20210501,Shivamogga,13.9299,75.5681,29.15,61.66,1.23,6.2179
20210502,Shivamogga,13.9299,75.5681,27.28,71.18,0.76,6.1908
20210503,Shivamogga,13.9299,75.5681,28.13,66.66,1.19,6.3274
20210504,Shivamogga,13.9299,75.5681,27.37,71.8,1.09,4.7678
20210505,Shivamogga,13.9299,75.5681,28.2,70.28,1.2,6.3211
20210506,Shivamogga,13.9299,75.5681,28.16,70.65,1.17,5.4058
20210507,Shivamogga,13.9299,75.5681,28.41,68.42,0.64,4.7892
20210508,Shivamogga,13.9299,75.5681,28.87,66.06,1.17,6.0401
20210509,Shivamogga,13.9299,75.5681,26.6,77.93,1.37,4.9826
20210510,Shivamogga,13.9299,75.5681,27.1,76.21,1.25,5.3599
20210511,Shivamogga,13.9299,75.5681,26.03,83.03,1.61,4.681
20210512,Shivamogga,13.9299,75.5681,26.06,82.7,1.36,5.2498
20210513,Shivamogga,13.9299,75.5681,26.2,81.91,1.72,5.5795
20210514,Shivamogga,13.9299,75.5681,26.88,74.25,2.44,5.7588
20210515,Shivamogga,13.9299,75.5681,24.6,82.74,4.24,2.7778
20210516,Shivamogga,13.9299,75.5681,25.87,79.71,5.0,3.5251
20210517,Shivamogga,13.9299,75.5681,25.04,84.72,3.35,4.0454
20210518,Shivamogga,13.9299,75.5681,25.67,82.57,3.09,4.6327
20210519,Shivamogga,13.9299,75.5681,25.39,83.82,2.99,4.4866
20210520,Shivamogga,13.9299,75.5681,25.01,80.47,3.0,4.7458
20210521,Shivamogga,13.9299,75.5681,24.65,80.04,2.69,4.6613
20210522,Shivamogga,13.9299,75.5681,24.36,82.68,2.78,5.3261
20210523,Shivamogga,13.9299,75.5681,24.93,79.54,2.98,6.2069
20210524,Shivamogga,13.9299,75.5681,24.97,79.85,2.72,6.1759
20210525,Shivamogga,13.9299,75.5681,23.66,88.12,3.04,3.9043
20210526,Shivamogga,13.9299,75.5681,24.86,82.17,3.65,6.0485
20210527,Shivamogga,13.9299,75.5681,24.87,79.62,3.53,6.8057
20210528,Shivamogga,13.9299,75.5681,25.13,79.42,3.32,6.2926
20210529,Shivamogga,13.9299,75.5681,25.2,78.82,3.02,5.7655
20210530,Shivamogga,13.9299,75.5681,25.19,77.48,3.23,5.035
20210531,Shivamogga,13.9299,75.5681,25.92,77.71,2.67,5.8682
20210601,Shivamogga,13.9299,75.5681,25.58,83.13,2.32,5.5313
20210602,Shivamogga,13.9299,75.5681,24.61,82.57,1.37,5.6112
20210603,Shivamogga,13.9299,75.5681,25.82,82.35,1.18,5.2867
20210604,Shivamogga,13.9299,75.5681,25.28,82.96,1.62,4.7909
20210605,Shivamogga,13.9299,75.5681,24.75,78.04,2.6,5.2567
20210606,Shivamogga,13.9299,75.5681,24.33,78.09,2.58,5.527
20210607,Shivamogga,13.9299,75.5681,24.65,77.8,3.03,6.8765
20210608,Shivamogga,13.9299,75.5681,24.88,79.56,3.19,5.4953
20210609,Shivamogga,13.9299,75.5681,25.04,81.4,3.75,4.9034
20210610,Shivamogga,13.9299,75.5681,24.38,82.59,3.78,3.839
20210611,Shivamogga,13.9299,75.5681,24.51,81.91,3.93,4.9322
20210612,Shivamogga,13.9299,75.5681,22.81,80.7,5.64,2.8918
20210613,Shivamogga,13.9299,75.5681,22.49,84.37,5.01,3.4778
20210614,Shivamogga,13.9299,75.5681,23.96,84.37,5.58,2.7401
20210615,Shivamogga,13.9299,75.5681,23.2,83.55,4.73,2.219
20210616,Shivamogga,13.9299,75.5681,24.47,84.57,5.44,3.2717
20210617,Shivamogga,13.9299,75.5681,24.81,83.2,5.75,2.9434
20210618,Shivamogga,13.9299,75.5681,23.76,86.15,5.11,3.7428
20210619,Shivamogga,13.9299,75.5681,23.78,87.24,4.55,3.1697
20210620,Shivamogga,13.9299,75.5681,23.5,89.15,3.49,3.8906
20210621,Shivamogga,13.9299,75.5681,23.94,86.71,3.14,4.5458
20210622,Shivamogga,13.9299,75.5681,24.13,85.1,2.75,4.9898
20210623,Shivamogga,13.9299,75.5681,24.17,84.06,2.81,5.5776
20210624,Shivamogga,13.9299,75.5681,23.8,84.95,3.08,5.052
20210625,Shivamogga,13.9299,75.5681,24.16,82.3,3.5,5.496
20210626,Shivamogga,13.9299,75.5681,23.58,85.5,3.47,3.5928
20210627,Shivamogga,13.9299,75.5681,21.88,82.37,2.84,4.0147
20210628,Shivamogga,13.9299,75.5681,23.49,78.11,2.08,4.765
20210629,Shivamogga,13.9299,75.5681,24.85,79.04,2.44,6.1603
20210630,Shivamogga,13.9299,75.5681,25.42,78.53,2.87,5.8265
20210701,Shivamogga,13.9299,75.5681,25.03,82.82,2.96,4.6625
20210702,Shivamogga,13.9299,75.5681,24.06,85.29,2.57,4.758
20210703,Shivamogga,13.9299,75.5681,24.41,82.39,2.81,4.6267
20210704,Shivamogga,13.9299,75.5681,23.95,84.47,2.34,5.6767
20210705,Shivamogga,13.9299,75.5681,24.14,80.72,2.25,4.2737
20210706,Shivamogga,13.9299,75.5681,24.24,84.72,1.99,5.143
20210707,Shivamogga,13.9299,75.5681,24.5,86.47,2.75,5.0611
20210708,Shivamogga,13.9299,75.5681,23.75,86.86,2.9,4.601
20210709,Shivamogga,13.9299,75.5681,23.19,85.7,3.26,3.7586
20210710,Shivamogga,13.9299,75.5681,21.46,86.76,3.96,4.0308
20210711,Shivamogga,13.9299,75.5681,22.17,85.87,4.37,3.2813
20210712,Shivamogga,13.9299,75.5681,23.07,84.95,4.97,3.0818
20210713,Shivamogga,13.9299,75.5681,23.7,85.33,4.53,2.4314
20210714,Shivamogga,13.9299,75.5681,23.61,86.7,5.31,2.1067
20210715,Shivamogga,13.9299,75.5681,23.42,88.11,5.5,2.6251
20210716,Shivamogga,13.9299,75.5681,23.91,85.58,4.64,3.2215
20210717,Shivamogga,13.9299,75.5681,23.71,88.41,4.26,3.4543
20210718,Shivamogga,13.9299,75.5681,23.21,92.6,4.75,1.3123
20210719,Shivamogga,13.9299,75.5681,23.27,89.67,4.62,3.4699
20210720,Shivamogga,13.9299,75.5681,23.27,87.5,5.43,3.6869
20210721,Shivamogga,13.9299,75.5681,23.29,88.45,5.3,2.3165
20210722,Shivamogga,13.9299,75.5681,22.3,91.03,6.14,1.4165
20210723,Shivamogga,13.9299,75.5681,23.44,87.59,5.68,1.105
20210724,Shivamogga,13.9299,75.5681,24.0,86.71,4.62,3.006
20210725,Shivamogga,13.9299,75.5681,23.62,89.06,4.57,4.3639
20210726,Shivamogga,13.9299,75.5681,23.43,87.53,4.67,3.5338
20210727,Shivamogga,13.9299,75.5681,23.45,86.7,4.82,4.7916
20210728,Shivamogga,13.9299,75.5681,23.52,85.54,4.82,4.9608
20210729,Shivamogga,13.9299,75.5681,23.56,85.58,5.02,3.9934
20210730,Shivamogga,13.9299,75.5681,23.3,87.77,4.68,4.134
20210731,Shivamogga,13.9299,75.5681,23.21,87.82,4.27,3.9881
20210801,Shivamogga,13.9299,75.5681,22.79,88.23,4.34,4.5358
20210802,Shivamogga,13.9299,75.5681,23.09,85.78,4.51,4.3087
20210803,Shivamogga,13.9299,75.5681,23.49,86.15,4.41,3.6883
20210804,Shivamogga,13.9299,75.5681,23.34,87.11,4.83,3.1246
20210805,Shivamogga,13.9299,75.5681,23.8,85.69,5.17,3.2582
20210806,Shivamogga,13.9299,75.5681,23.83,86.57,4.51,3.3636
20210807,Shivamogga,13.9299,75.5681,24.36,85.99,4.03,3.4255
20210808,Shivamogga,13.9299,75.5681,24.12,85.67,2.93,5.2356
20210809,Shivamogga,13.9299,75.5681,24.09,86.35,2.49,4.7443
20210810,Shivamogga,13.9299,75.5681,23.22,88.42,2.76,4.0217
20210811,Shivamogga,13.9299,75.5681,23.9,86.12,2.89,3.966
20210812,Shivamogga,13.9299,75.5681,23.22,88.32,2.93,3.1236
20210813,Shivamogga,13.9299,75.5681,23.57,86.85,3.29,4.0426
20210814,Shivamogga,13.9299,75.5681,23.2,87.35,3.34,3.8698
20210815,Shivamogga,13.9299,75.5681,23.2,87.44,3.67,4.0805
20210816,Shivamogga,13.9299,75.5681,23.11,87.19,2.81,4.1772
20210817,Shivamogga,13.9299,75.5681,23.29,85.48,2.79,3.6475
20210818,Shivamogga,13.9299,75.5681,21.95,84.66,3.12,4.1952
20210819,Shivamogga,13.9299,75.5681,21.82,84.54,3.67,4.0265
20210820,Shivamogga,13.9299,75.5681,22.42,84.11,2.91,4.0202
20210821,Shivamogga,13.9299,75.5681,21.68,84.05,2.37,5.1394
20210822,Shivamogga,13.9299,75.5681,23.45,80.38,1.39,5.2706
20210823,Shivamogga,13.9299,75.5681,23.58,84.22,2.01,5.7014
20210824,Shivamogga,13.9299,75.5681,23.55,84.35,2.33,5.0705
20210825,Shivamogga,13.9299,75.5681,23.19,89.09,2.08,5.377
20210826,Shivamogga,13.9299,75.5681,23.71,87.17,2.3,4.5538
20210827,Shivamogga,13.9299,75.5681,23.57,88.79,2.66,4.0937
20210828,Shivamogga,13.9299,75.5681,22.65,89.46,2.92,3.5662
20210829,Shivamogga,13.9299,75.5681,22.39,84.68,3.63,3.5825
20210830,Shivamogga,13.9299,75.5681,22.34,85.91,3.33,3.5825
20210831,Shivamogga,13.9299,75.5681,22.69,85.33,2.94,4.6838
20210901,Shivamogga,13.9299,75.5681,23.5,85.92,3.0,4.4866
20210902,Shivamogga,13.9299,75.5681,23.38,87.37,2.65,4.3613
20210903,Shivamogga,13.9299,75.5681,23.17,88.13,2.92,4.578
20210904,Shivamogga,13.9299,75.5681,23.02,88.95,3.33,3.7702
20210905,Shivamogga,13.9299,75.5681,22.74,88.94,3.58,4.1059
20210906,Shivamogga,13.9299,75.5681,22.36,87.43,4.09,3.4582
20210907,Shivamogga,13.9299,75.5681,22.61,87.76,4.16,3.1824
20210908,Shivamogga,13.9299,75.5681,23.36,86.94,4.58,3.4135
20210909,Shivamogga,13.9299,75.5681,23.23,88.06,3.72,4.3195
20210910,Shivamogga,13.9299,75.5681,23.08,88.05,3.64,4.7155
20210911,Shivamogga,13.9299,75.5681,23.4,87.29,3.85,3.5431
20210912,Shivamogga,13.9299,75.5681,23.28,89.07,4.45,3.2093
20210913,Shivamogga,13.9299,75.5681,23.57,88.91,4.84,2.7043
20210914,Shivamogga,13.9299,75.5681,23.42,88.79,3.73,3.6794
20210915,Shivamogga,13.9299,75.5681,23.43,88.36,2.93,4.1962
20210916,Shivamogga,13.9299,75.5681,23.29,88.24,2.87,4.7222
20210917,Shivamogga,13.9299,75.5681,23.56,86.22,2.18,5.6095
20210918,Shivamogga,13.9299,75.5681,23.63,84.8,1.88,6.049
20210919,Shivamogga,13.9299,75.5681,23.99,83.19,1.69,6.2357
20210920,Shivamogga,13.9299,75.5681,24.09,85.08,1.97,5.8711
20210921,Shivamogga,13.9299,75.5681,23.3,88.1,2.46,5.2524
20210922,Shivamogga,13.9299,75.5681,23.44,87.67,2.43,4.6152
20210923,Shivamogga,13.9299,75.5681,23.28,88.42,2.54,4.4626
20210924,Shivamogga,13.9299,75.5681,23.69,86.98,2.27,4.3207
20210925,Shivamogga,13.9299,75.5681,23.62,86.24,2.37,4.9291
20210926,Shivamogga,13.9299,75.5681,23.01,87.7,2.21,4.9094
20210927,Shivamogga,13.9299,75.5681,22.58,88.41,3.18,3.9864
20210928,Shivamogga,13.9299,75.5681,22.51,87.45,3.4,3.4862
20210929,Shivamogga,13.9299,75.5681,22.54,84.26,2.75,4.2823
20210930,Shivamogga,13.9299,75.5681,23.71,84.47,1.73,5.8133
20211001,Shivamogga,13.9299,75.5681,24.16,86.6,1.04,5.4667
20211002,Shivamogga,13.9299,75.5681,25.15,83.56,1.9,5.8272
20211003,Shivamogga,13.9299,75.5681,25.42,82.78,1.44,5.4684
20211004,Shivamogga,13.9299,75.5681,25.52,81.44,0.86,5.3148
20211005,Shivamogga,13.9299,75.5681,25.1,83.73,1.04,5.2241
20211006,Shivamogga,13.9299,75.5681,24.45,86.61,0.82,1.8098
20211007,Shivamogga,13.9299,75.5681,23.89,89.57,1.42,5.3162
20211008,Shivamogga,13.9299,75.5681,23.55,90.73,1.8,5.5303
20211009,Shivamogga,13.9299,75.5681,23.8,90.37,1.95,4.2722
20211010,Shivamogga,13.9299,75.5681,23.24,91.34,1.8,4.3414
20211011,Shivamogga,13.9299,75.5681,23.45,88.56,1.63,4.6622
20211012,Shivamogga,13.9299,75.5681,22.64,90.12,1.62,3.769
20211013,Shivamogga,13.9299,75.5681,23.59,89.35,1.74,3.1486
20211014,Shivamogga,13.9299,75.5681,24.0,87.75,0.84,3.451
20211015,Shivamogga,13.9299,75.5681,24.35,87.38,1.29,3.6523
20211016,Shivamogga,13.9299,75.5681,24.42,83.86,0.93,4.9517
20211017,Shivamogga,13.9299,75.5681,23.04,91.97,1.74,2.5524
20211018,Shivamogga,13.9299,75.5681,23.2,88.83,2.14,3.7951
20211019,Shivamogga,13.9299,75.5681,22.82,85.3,1.5,5.2855
20211020,Shivamogga,13.9299,75.5681,23.77,85.97,0.8,4.7196
20211021,Shivamogga,13.9299,75.5681,23.8,89.58,1.09,4.3831
20211022,Shivamogga,13.9299,75.5681,24.22,85.58,1.41,5.0244
20211023,Shivamogga,13.9299,75.5681,23.03,90.49,1.4,2.7989
20211024,Shivamogga,13.9299,75.5681,22.66,89.48,1.46,4.3238
20211025,Shivamogga,13.9299,75.5681,23.45,84.81,1.57,3.9994
20211026,Shivamogga,13.9299,75.5681,23.05,85.24,1.52,2.8056
20211027,Shivamogga,13.9299,75.5681,22.45,83.14,2.02,5.0794
20211028,Shivamogga,13.9299,75.5681,22.16,80.71,1.63,5.4809
20211029,Shivamogga,13.9299,75.5681,22.45,85.26,1.96,4.7633
20211030,Shivamogga,13.9299,75.5681,23.22,88.19,2.15,4.1846
20211031,Shivamogga,13.9299,75.5681,23.96,84.38,1.69,4.9738
20211101,Shivamogga,13.9299,75.5681,23.82,85.2,2.0,4.621
20211102,Shivamogga,13.9299,75.5681,23.35,86.68,2.47,3.9646
20211103,Shivamogga,13.9299,75.5681,23.14,86.94,2.28,3.7596
20211104,Shivamogga,13.9299,75.5681,23.06,88.79,1.71,4.1899
20211105,Shivamogga,13.9299,75.5681,23.04,88.45,1.36,3.2974
20211106,Shivamogga,13.9299,75.5681,23.24,88.43,1.33,4.296
20211107,Shivamogga,13.9299,75.5681,21.69,89.97,1.11,3.9278
20211108,Shivamogga,13.9299,75.5681,21.36,87.96,0.83,3.7358
20211109,Shivamogga,13.9299,75.5681,22.36,86.13,1.24,4.2962
20211110,Shivamogga,13.9299,75.5681,21.66,83.73,1.46,3.7764
20211111,Shivamogga,13.9299,75.5681,20.08,87.2,1.21,2.1269
20211112,Shivamogga,13.9299,75.5681,19.8,95.55,1.91,2.3892
20211113,Shivamogga,13.9299,75.5681,22.8,88.64,1.49,2.8198
20211114,Shivamogga,13.9299,75.5681,23.59,89.79,1.27,2.6518
20211115,Shivamogga,13.9299,75.5681,23.83,88.68,2.68,3.3468
20211116,Shivamogga,13.9299,75.5681,23.5,90.53,1.78,3.3554
20211117,Shivamogga,13.9299,75.5681,23.59,90.03,1.49,4.5509
20211118,Shivamogga,13.9299,75.5681,22.41,89.26,1.36,3.2093
20211119,Shivamogga,13.9299,75.5681,21.43,95.89,1.65,1.644
20211120,Shivamogga,13.9299,75.5681,23.3,91.93,1.86,2.405
20211121,Shivamogga,13.9299,75.5681,22.53,89.9,1.2,4.2161
20211122,Shivamogga,13.9299,75.5681,22.94,88.54,1.42,3.3924
20211123,Shivamogga,13.9299,75.5681,23.48,87.72,1.32,4.5799
20211124,Shivamogga,13.9299,75.5681,23.27,86.74,1.68,4.5288
20211125,Shivamogga,13.9299,75.5681,22.83,87.47,2.28,4.7585
20211126,Shivamogga,13.9299,75.5681,22.41,86.18,2.03,4.7971
20211127,Shivamogga,13.9299,75.5681,21.75,88.07,2.23,4.4755
20211128,Shivamogga,13.9299,75.5681,19.85,89.03,2.63,2.6177
20211129,Shivamogga,13.9299,75.5681,21.71,87.88,2.58,3.6595
20211130,Shivamogga,13.9299,75.5681,22.38,87.44,2.9,3.9247
20211201,Shivamogga,13.9299,75.5681,22.72,88.45,2.15,5.0287
20211202,Shivamogga,13.9299,75.5681,23.08,88.61,0.7,3.7694
20211203,Shivamogga,13.9299,75.5681,23.04,87.51,0.68,4.5602
20211204,Shivamogga,13.9299,75.5681,22.95,88.86,0.57,4.3404
20211205,Shivamogga,13.9299,75.5681,22.72,86.26,1.08,4.6325
20211206,Shivamogga,13.9299,75.5681,21.9,81.4,1.02,5.1254
20211207,Shivamogga,13.9299,75.5681,21.19,81.94,1.32,5.2217
20211208,Shivamogga,13.9299,75.5681,21.35,80.14,1.74,5.3882
20211209,Shivamogga,13.9299,75.5681,21.96,83.55,1.69,4.597
20211210,Shivamogga,13.9299,75.5681,21.6,84.64,2.49,3.6247
20211211,Shivamogga,13.9299,75.5681,21.46,87.45,2.69,4.1741
20211212,Shivamogga,13.9299,75.5681,21.55,86.17,2.73,4.6224
20211213,Shivamogga,13.9299,75.5681,21.37,86.87,2.48,4.6874
20211214,Shivamogga,13.9299,75.5681,21.54,86.39,2.51,4.0702
20211215,Shivamogga,13.9299,75.5681,19.81,90.16,2.18,3.9876
20211216,Shivamogga,13.9299,75.5681,20.58,84.77,2.27,4.7837
20211217,Shivamogga,13.9299,75.5681,20.13,82.02,1.77,5.141
20211218,Shivamogga,13.9299,75.5681,18.59,81.02,2.01,5.2015
20211219,Shivamogga,13.9299,75.5681,17.49,77.29,2.2,5.6316
20211220,Shivamogga,13.9299,75.5681,17.3,79.38,2.2,5.6734
20211221,Shivamogga,13.9299,75.5681,19.16,75.03,1.12,5.61
20211222,Shivamogga,13.9299,75.5681,19.56,73.23,1.28,5.5404
20211223,Shivamogga,13.9299,75.5681,20.21,74.02,0.89,5.3278
20211224,Shivamogga,13.9299,75.5681,20.58,69.95,1.03,5.419
20211225,Shivamogga,13.9299,75.5681,21.24,66.09,0.93,5.5642
20211226,Shivamogga,13.9299,75.5681,20.41,69.29,1.25,5.6292
20211227,Shivamogga,13.9299,75.5681,19.96,75.35,1.74,5.2877
20211228,Shivamogga,13.9299,75.5681,19.5,74.74,1.8,5.6808
20211229,Shivamogga,13.9299,75.5681,19.7,78.76,1.78,5.6256
20211230,Shivamogga,13.9299,75.5681,20.12,79.41,2.48,5.7744
20211231,Shivamogga,13.9299,75.5681,21.14,84.5,3.04,4.0884
20220101,Shivamogga,13.9299,75.5681,21.51,83.86,2.62,4.4045
20220102,Shivamogga,13.9299,75.5681,21.26,80.94,2.47,5.6126
20220103,Shivamogga,13.9299,75.5681,20.55,76.93,1.96,5.4794
20220104,Shivamogga,13.9299,75.5681,19.76,78.59,2.07,5.5238
20220105,Shivamogga,13.9299,75.5681,20.18,75.02,1.0,5.2985
20220106,Shivamogga,13.9299,75.5681,20.57,73.14,1.31,5.6066
20220107,Shivamogga,13.9299,75.5681,20.87,82.76,1.37,4.9006
20220108,Shivamogga,13.9299,75.5681,21.56,83.32,0.87,4.9966
20220109,Shivamogga,13.9299,75.5681,21.55,83.39,1.03,5.0856
20220110,Shivamogga,13.9299,75.5681,21.51,81.94,0.79,5.0942
20220111,Shivamogga,13.9299,75.5681,21.44,82.89,1.18,5.5613
20220112,Shivamogga,13.9299,75.5681,20.36,83.88,1.4,5.4998
20220113,Shivamogga,13.9299,75.5681,19.27,83.74,1.88,5.7017
20220114,Shivamogga,13.9299,75.5681,19.31,84.84,1.67,6.0446
20220115,Shivamogga,13.9299,75.5681,20.46,78.85,0.93,5.8519
20220116,Shivamogga,13.9299,75.5681,22.01,75.93,1.47,5.0412
20220117,Shivamogga,13.9299,75.5681,21.81,78.66,2.17,4.6342
20220118,Shivamogga,13.9299,75.5681,21.33,74.42,2.01,5.5913
20220119,Shivamogga,13.9299,75.5681,21.06,68.35,1.69,5.767
20220120,Shivamogga,13.9299,75.5681,20.96,66.78,1.25,6.0588
20220121,Shivamogga,13.9299,75.5681,21.47,71.34,1.46,6.108
20220122,Shivamogga,13.9299,75.5681,20.89,81.3,1.89,5.9743
20220123,Shivamogga,13.9299,75.5681,19.89,80.98,2.03,6.0614
20220124,Shivamogga,13.9299,75.5681,19.44,79.52,1.71,5.9947
20220125,Shivamogga,13.9299,75.5681,18.84,78.57,1.35,6.0432
20220126,Shivamogga,13.9299,75.5681,20.73,73.71,0.67,5.5174
20220127,Shivamogga,13.9299,75.5681,21.08,77.17,2.47,4.9039
20220128,Shivamogga,13.9299,75.5681,21.18,71.38,3.2,5.3887
20220129,Shivamogga,13.9299,75.5681,21.61,70.05,2.28,5.6978
20220130,Shivamogga,13.9299,75.5681,22.91,76.75,1.33,5.8291
20220131,Shivamogga,13.9299,75.5681,23.7,73.64,0.78,6.1769
20220201,Shivamogga,13.9299,75.5681,23.86,69.04,0.89,6.1966
20220202,Shivamogga,13.9299,75.5681,23.45,72.49,1.2,6.0948
20220203,Shivamogga,13.9299,75.5681,22.72,76.23,1.56,6.1078
20220204,Shivamogga,13.9299,75.5681,20.66,74.93,1.95,6.533
20220205,Shivamogga,13.9299,75.5681,21.14,73.4,1.34,6.6516
20220206,Shivamogga,13.9299,75.5681,22.29,77.1,1.76,5.7
20220207,Shivamogga,13.9299,75.5681,23.25,75.44,1.0,6.0178
20220208,Shivamogga,13.9299,75.5681,23.34,75.06,1.15,5.9599
20220209,Shivamogga,13.9299,75.5681,23.71,69.36,1.07,5.5838
20220210,Shivamogga,13.9299,75.5681,23.39,63.87,1.02,5.8226
20220211,Shivamogga,13.9299,75.5681,22.53,55.45,2.68,6.2618
20220212,Shivamogga,13.9299,75.5681,22.83,56.93,2.09,6.6132
20220213,Shivamogga,13.9299,75.5681,22.55,60.4,1.6,6.2839
20220214,Shivamogga,13.9299,75.5681,22.6,57.29,1.33,6.0509
20220215,Shivamogga,13.9299,75.5681,22.39,67.93,1.62,5.0352
20220216,Shivamogga,13.9299,75.5681,22.56,70.04,1.39,4.6618
20220217,Shivamogga,13.9299,75.5681,22.36,72.25,0.87,5.1298
20220218,Shivamogga,13.9299,75.5681,24.0,65.11,1.42,5.9923
20220219,Shivamogga,13.9299,75.5681,24.12,58.82,1.71,6.4548
20220220,Shivamogga,13.9299,75.5681,23.44,65.92,2.03,6.5707
20220221,Shivamogga,13.9299,75.5681,23.67,69.56,1.49,6.703
20220222,Shivamogga,13.9299,75.5681,24.75,62.64,0.6,6.5496
20220223,Shivamogga,13.9299,75.5681,24.68,56.36,1.9,6.2429
20220224,Shivamogga,13.9299,75.5681,23.85,53.62,1.51,6.839
20220225,Shivamogga,13.9299,75.5681,23.31,46.63,2.1,7.0891
20220226,Shivamogga,13.9299,75.5681,22.89,37.56,2.23,7.2257
20220227,Shivamogga,13.9299,75.5681,22.97,49.34,1.74,7.1081
20220228,Shivamogga,13.9299,75.5681,23.37,48.55,1.56,7.1254
20220301,Shivamogga,13.9299,75.5681,23.75,43.77,1.92,6.8815
20220302,Shivamogga,13.9299,75.5681,23.84,37.9,2.77,6.9588
20220303,Shivamogga,13.9299,75.5681,23.67,37.95,2.94,7.3838
20220304,Shivamogga,13.9299,75.5681,24.48,39.58,2.58,7.2643
20220305,Shivamogga,13.9299,75.5681,25.05,37.79,2.52,6.9862
20220306,Shivamogga,13.9299,75.5681,25.36,46.02,2.66,6.7694
20220307,Shivamogga,13.9299,75.5681,25.83,48.09,3.05,6.7061
20220308,Shivamogga,13.9299,75.5681,26.42,52.87,1.58,6.2868
20220309,Shivamogga,13.9299,75.5681,26.68,52.28,1.37,6.0521
20220310,Shivamogga,13.9299,75.5681,26.63,46.3,1.42,6.1529
20220311,Shivamogga,13.9299,75.5681,26.62,43.18,1.46,6.6696
20220312,Shivamogga,13.9299,75.5681,25.27,40.43,2.02,6.4625
20220313,Shivamogga,13.9299,75.5681,26.06,40.64,2.62,6.6235
20220314,Shivamogga,13.9299,75.5681,26.15,41.79,2.2,6.2369
20220315,Shivamogga,13.9299,75.5681,26.93,36.55,1.54,6.8335
20220316,Shivamogga,13.9299,75.5681,26.82,47.44,1.16,6.5371
20220317,Shivamogga,13.9299,75.5681,27.33,42.58,0.98,6.1277
20220318,Shivamogga,13.9299,75.5681,26.85,64.13,2.1,6.0583
20220319,Shivamogga,13.9299,75.5681,26.08,68.36,2.79,5.3242
20220320,Shivamogga,13.9299,75.5681,25.32,69.84,2.56,5.2505
20220321,Shivamogga,13.9299,75.5681,26.16,67.94,1.96,5.2471
20220322,Shivamogga,13.9299,75.5681,26.33,69.7,1.69,3.3533
20220323,Shivamogga,13.9299,75.5681,27.62,66.38,1.33,4.8322
20220324,Shivamogga,13.9299,75.5681,26.34,72.16,1.66,3.8186
20220325,Shivamogga,13.9299,75.5681,27.14,68.54,1.45,4.4923
20220326,Shivamogga,13.9299,75.5681,27.51,66.27,1.26,5.4792
20220327,Shivamogga,13.9299,75.5681,28.79,59.16,0.98,5.935
20220328,Shivamogga,13.9299,75.5681,28.85,58.0,1.13,5.9143
20220329,Shivamogga,13.9299,75.5681,29.08,61.51,1.79,5.6191
20220330,Shivamogga,13.9299,75.5681,29.04,61.13,1.89,6.3814
20220331,Shivamogga,13.9299,75.5681,29.22,59.18,1.65,6.2743
20220401,Shivamogga,13.9299,75.5681,29.17,59.07,1.59,5.8236
20220402,Shivamogga,13.9299,75.5681,28.73,58.03,1.02,5.3798
20220403,Shivamogga,13.9299,75.5681,28.8,48.07,1.5,5.8625
20220404,Shivamogga,13.9299,75.5681,29.17,48.21,1.6,6.5189
20220405,Shivamogga,13.9299,75.5681,29.12,48.25,1.58,6.2515
20220406,Shivamogga,13.9299,75.5681,29.54,38.35,2.15,6.0379
20220407,Shivamogga,13.9299,75.5681,29.98,41.05,1.95,6.3146
20220408,Shivamogga,13.9299,75.5681,29.59,41.88,1.65,5.7852
20220409,Shivamogga,13.9299,75.5681,28.76,57.17,1.15,5.0964
20220410,Shivamogga,13.9299,75.5681,28.27,56.35,0.9,5.2759
20220411,Shivamogga,13.9299,75.5681,29.48,49.18,1.52,5.5454
20220412,Shivamogga,13.9299,75.5681,29.86,42.0,2.08,4.4306
20220413,Shivamogga,13.9299,75.5681,28.28,58.71,1.85,3.6602
20220414,Shivamogga,13.9299,75.5681,26.85,65.44,1.81,3.479
20220415,Shivamogga,13.9299,75.5681,26.79,65.33,1.23,4.506
20220416,Shivamogga,13.9299,75.5681,27.71,65.57,1.87,5.4451
20220417,Shivamogga,13.9299,75.5681,26.81,72.56,1.97,6.648
20220418,Shivamogga,13.9299,75.5681,26.57,74.52,1.07,6.145
20220419,Shivamogga,13.9299,75.5681,25.13,78.15,1.18,4.8336
20220420,Shivamogga,13.9299,75.5681,27.5,67.52,0.66,7.0514
20220421,Shivamogga,13.9299,75.5681,27.24,71.23,0.63,6.7394
20220422,Shivamogga,13.9299,75.5681,26.72,72.18,1.09,6.7862
20220423,Shivamogga,13.9299,75.5681,25.78,74.62,1.19,5.1648
20220424,Shivamogga,13.9299,75.5681,26.8,68.43,1.44,6.2854
20220425,Shivamogga,13.9299,75.5681,26.81,68.28,1.22,5.4967
20220426,Shivamogga,13.9299,75.5681,27.36,70.08,1.22,6.9485
20220427,Shivamogga,13.9299,75.5681,28.99,62.95,0.8,6.888
20220428,Shivamogga,13.9299,75.5681,26.68,76.38,1.45,5.8829
20220429,Shivamogga,13.9299,75.5681,27.36,71.73,1.17,6.1373
20220430,Shivamogga,13.9299,75.5681,27.71,70.07,2.42,5.7077
20220501,Shivamogga,13.9299,75.5681,28.09,66.1,2.1,6.0444
20220502,Shivamogga,13.9299,75.5681,27.86,67.67,2.59,6.6377
20220503,Shivamogga,13.9299,75.5681,28.12,66.47,2.07,6.1934
20220504,Shivamogga,13.9299,75.5681,26.9,76.05,1.28,5.5618
20220505,Shivamogga,13.9299,75.5681,24.79,84.1,1.59,5.2116
20220506,Shivamogga,13.9299,75.5681,26.24,77.27,1.31,5.3815
20220507,Shivamogga,13.9299,75.5681,27.09,71.01,2.11,6.5482
20220508,Shivamogga,13.9299,75.5681,27.37,73.55,1.72,5.8572
20220509,Shivamogga,13.9299,75.5681,26.82,77.21,2.82,3.9122
20220510,Shivamogga,13.9299,75.5681,26.72,74.43,4.2,4.1196
20220511,Shivamogga,13.9299,75.5681,25.07,80.35,4.31,1.9901
20220512,Shivamogga,13.9299,75.5681,24.04,82.14,3.73,2.4574
20220513,Shivamogga,13.9299,75.5681,25.77,80.53,2.58,4.4815
20220514,Shivamogga,13.9299,75.5681,26.38,77.4,1.99,5.177
20220515,Shivamogga,13.9299,75.5681,25.18,83.85,2.34,4.5732
20220516,Shivamogga,13.9299,75.5681,25.06,86.49,2.53,4.0469
20220517,Shivamogga,13.9299,75.5681,24.39,81.63,2.73,2.2483
20220518,Shivamogga,13.9299,75.5681,25.16,81.09,1.66,1.5324
20220519,Shivamogga,13.9299,75.5681,23.01,90.3,3.79,1.4052
20220520,Shivamogga,13.9299,75.5681,22.06,88.18,3.4,2.0035
20220521,Shivamogga,13.9299,75.5681,23.04,84.17,3.26,3.005
20220522,Shivamogga,13.9299,75.5681,24.37,85.53,3.76,4.055
20220523,Shivamogga,13.9299,75.5681,25.01,85.83,2.94,5.8807
20220524,Shivamogga,13.9299,75.5681,25.39,84.81,2.47,6.2695
20220525,Shivamogga,13.9299,75.5681,26.04,80.68,1.72,5.9302
20220526,Shivamogga,13.9299,75.5681,25.09,84.17,2.53,6.6972
20220527,Shivamogga,13.9299,75.5681,24.83,82.26,2.94,6.8376
20220528,Shivamogga,13.9299,75.5681,24.72,77.98,3.09,5.953
20220529,Shivamogga,13.9299,75.5681,24.79,78.36,2.87,6.6103
20220530,Shivamogga,13.9299,75.5681,25.27,78.16,2.64,6.234
20220531,Shivamogga,13.9299,75.5681,25.08,81.15,2.26,5.4658
20220601,Shivamogga,13.9299,75.5681,23.56,87.99,2.61,5.2027
20220602,Shivamogga,13.9299,75.5681,24.16,82.55,1.91,5.6254
20220603,Shivamogga,13.9299,75.5681,24.7,83.38,2.38,6.3492
20220604,Shivamogga,13.9299,75.5681,25.81,74.69,2.08,6.6775
20220605,Shivamogga,13.9299,75.5681,24.76,84.96,2.1,5.827
20220606,Shivamogga,13.9299,75.5681,24.97,83.04,1.98,4.7484
20220607,Shivamogga,13.9299,75.5681,24.61,82.51,2.19,4.6898
20220608,Shivamogga,13.9299,75.5681,24.38,81.32,3.29,4.8163
20220609,Shivamogga,13.9299,75.5681,24.4,81.7,3.77,6.0055
20220610,Shivamogga,13.9299,75.5681,24.19,81.98,3.72,5.0256
20220611,Shivamogga,13.9299,75.5681,24.21,78.38,3.69,5.0268
20220612,Shivamogga,13.9299,75.5681,23.52,77.51,3.28,4.2199
20220613,Shivamogga,13.9299,75.5681,24.38,80.14,2.93,5.7346
20220614,Shivamogga,13.9299,75.5681,24.08,80.01,3.02,5.8123
20220615,Shivamogga,13.9299,75.5681,24.15,84.03,2.85,4.5058
20220616,Shivamogga,13.9299,75.5681,24.18,80.21,2.55,4.8979
20220617,Shivamogga,13.9299,75.5681,23.66,82.49,2.47,5.1602
20220618,Shivamogga,13.9299,75.5681,23.62,82.7,2.39,4.6013
20220619,Shivamogga,13.9299,75.5681,23.66,82.08,3.03,4.8528
20220620,Shivamogga,13.9299,75.5681,23.28,81.87,3.44,4.7177
20220621,Shivamogga,13.9299,75.5681,23.34,86.54,3.18,3.4258
20220622,Shivamogga,13.9299,75.5681,23.43,87.02,2.86,2.7432
20220623,Shivamogga,13.9299,75.5681,23.67,82.0,3.26,3.9948
20220624,Shivamogga,13.9299,75.5681,23.51,88.66,3.95,4.0603
20220625,Shivamogga,13.9299,75.5681,23.33,84.52,4.38,3.4553
20220626,Shivamogga,13.9299,75.5681,24.13,83.83,4.75,4.115
20220627,Shivamogga,13.9299,75.5681,23.75,86.71,3.96,4.5312
20220628,Shivamogga,13.9299,75.5681,24.05,85.25,3.09,4.2794
20220629,Shivamogga,13.9299,75.5681,23.92,86.73,3.51,4.1652
20220630,Shivamogga,13.9299,75.5681,24.23,85.86,3.98,3.013
20220701,Shivamogga,13.9299,75.5681,23.88,86.89,3.69,3.1138
20220702,Shivamogga,13.9299,75.5681,23.9,86.0,3.82,3.6511
20220703,Shivamogga,13.9299,75.5681,23.89,84.85,4.49,4.0646
20220704,Shivamogga,13.9299,75.5681,23.09,89.68,4.91,1.8883
20220705,Shivamogga,13.9299,75.5681,23.47,87.9,5.08,1.7947
20220706,Shivamogga,13.9299,75.5681,23.3,87.3,4.48,2.1497
20220707,Shivamogga,13.9299,75.5681,23.04,87.24,4.62,2.1878
20220708,Shivamogga,13.9299,75.5681,22.46,89.28,4.83,1.9639
20220709,Shivamogga,13.9299,75.5681,22.87,90.21,4.89,1.9162
20220710,Shivamogga,13.9299,75.5681,23.09,87.29,5.15,1.9776
20220711,Shivamogga,13.9299,75.5681,22.94,88.55,5.09,1.8569
20220712,Shivamogga,13.9299,75.5681,23.07,87.25,5.79,3.0206
20220713,Shivamogga,13.9299,75.5681,22.31,89.17,6.38,2.3021
20220714,Shivamogga,13.9299,75.5681,22.91,86.5,7.18,2.843
20220715,Shivamogga,13.9299,75.5681,23.43,84.38,6.51,3.4685
20220716,Shivamogga,13.9299,75.5681,23.7,86.14,5.8,1.7227
20220717,Shivamogga,13.9299,75.5681,23.14,88.83,4.64,2.8572
20220718,Shivamogga,13.9299,75.5681,22.21,89.01,4.07,3.149
20220719,Shivamogga,13.9299,75.5681,22.83,87.03,3.2,3.9338
20220720,Shivamogga,13.9299,75.5681,23.73,86.46,3.02,4.3109
20220721,Shivamogga,13.9299,75.5681,23.55,87.31,2.89,4.3697
20220722,Shivamogga,13.9299,75.5681,22.51,89.74,3.11,2.778
20220723,Shivamogga,13.9299,75.5681,22.69,87.49,3.48,2.6357
20220724,Shivamogga,13.9299,75.5681,23.19,86.61,3.54,3.8594
20220725,Shivamogga,13.9299,75.5681,23.01,87.85,2.89,3.3367
20220726,Shivamogga,13.9299,75.5681,22.72,87.77,2.53,4.2943
20220727,Shivamogga,13.9299,75.5681,24.09,84.93,1.23,5.0126
20220728,Shivamogga,13.9299,75.5681,24.96,82.54,1.24,5.4778
20220729,Shivamogga,13.9299,75.5681,25.53,79.47,1.06,5.1283
20220730,Shivamogga,13.9299,75.5681,24.4,87.57,1.96,5.8128
20220731,Shivamogga,13.9299,75.5681,23.46,89.92,3.01,5.051
20220801,Shivamogga,13.9299,75.5681,23.69,92.01,3.66,3.985
20220802,Shivamogga,13.9299,75.5681,22.68,94.22,2.38,3.5537
20220803,Shivamogga,13.9299,75.5681,23.01,88.01,1.89,3.449
20220804,Shivamogga,13.9299,75.5681,23.26,90.62,2.79,3.5155
20220805,Shivamogga,13.9299,75.5681,22.71,91.95,5.01,2.4564
20220806,Shivamogga,13.9299,75.5681,23.17,88.76,5.8,2.4871
20220807,Shivamogga,13.9299,75.5681,22.78,90.66,5.32,2.1922
20220808,Shivamogga,13.9299,75.5681,22.67,91.03,5.87,1.8718
20220809,Shivamogga,13.9299,75.5681,22.76,87.95,6.57,3.2916
20220810,Shivamogga,13.9299,75.5681,22.47,87.21,6.49,3.1759
20220811,Shivamogga,13.9299,75.5681,23.03,87.3,6.19,3.3758
20220812,Shivamogga,13.9299,75.5681,22.79,87.53,5.18,3.7634
20220813,Shivamogga,13.9299,75.5681,22.23,86.4,4.17,3.3338
20220814,Shivamogga,13.9299,75.5681,22.03,89.22,3.76,4.0046
20220815,Shivamogga,13.9299,75.5681,23.13,86.46,3.34,4.0862
20220816,Shivamogga,13.9299,75.5681,23.35,86.44,2.58,4.4986
20220817,Shivamogga,13.9299,75.5681,23.39,87.22,2.73,5.5706
20220818,Shivamogga,13.9299,75.5681,22.96,88.11,3.13,4.6975
20220819,Shivamogga,13.9299,75.5681,22.71,87.56,3.6,4.1306
20220820,Shivamogga,13.9299,75.5681,22.42,88.09,3.59,4.4688
20220821,Shivamogga,13.9299,75.5681,23.26,88.4,3.53,3.5902
20220822,Shivamogga,13.9299,75.5681,23.22,88.01,4.33,3.4102
20220823,Shivamogga,13.9299,75.5681,23.35,88.0,3.63,4.2017
20220824,Shivamogga,13.9299,75.5681,23.0,88.47,3.3,3.8266
20220825,Shivamogga,13.9299,75.5681,23.26,87.6,2.69,4.1458
20220826,Shivamogga,13.9299,75.5681,23.07,89.13,2.25,4.2038
20220827,Shivamogga,13.9299,75.5681,22.56,88.56,2.41,3.4834
20220828,Shivamogga,13.9299,75.5681,22.95,88.53,2.2,4.3414
20220829,Shivamogga,13.9299,75.5681,23.34,91.24,2.22,3.9007
20220830,Shivamogga,13.9299,75.5681,22.93,92.72,2.37,5.208
20220831,Shivamogga,13.9299,75.5681,24.42,86.81,2.12,5.0426
20220901,Shivamogga,13.9299,75.5681,24.64,84.07,0.83,4.2893
20220902,Shivamogga,13.9299,75.5681,24.46,85.48,1.32,4.7321
20220903,Shivamogga,13.9299,75.5681,24.93,85.25,0.95,5.1826
20220904,Shivamogga,13.9299,75.5681,23.87,91.37,1.63,5.4365
20220905,Shivamogga,13.9299,75.5681,23.77,88.88,1.92,4.1018
20220906,Shivamogga,13.9299,75.5681,23.81,88.32,1.4,4.6913
20220907,Shivamogga,13.9299,75.5681,23.49,88.43,2.15,3.3521
20220908,Shivamogga,13.9299,75.5681,22.67,90.49,3.25,2.9714
20220909,Shivamogga,13.9299,75.5681,22.97,91.22,3.01,3.6134
20220910,Shivamogga,13.9299,75.5681,22.83,89.6,3.57,3.1332
20220911,Shivamogga,13.9299,75.5681,22.41,90.24,4.69,3.0379
20220912,Shivamogga,13.9299,75.5681,23.04,88.52,5.56,3.6998
20220913,Shivamogga,13.9299,75.5681,23.11,88.96,4.06,3.8359
20220914,Shivamogga,13.9299,75.5681,22.74,88.99,3.3,3.9562
20220915,Shivamogga,13.9299,75.5681,22.41,90.22,3.21,4.2295
20220916,Shivamogga,13.9299,75.5681,22.6,89.38,3.52,3.8801
20220917,Shivamogga,13.9299,75.5681,22.96,89.17,2.76,4.4376
20220918,Shivamogga,13.9299,75.5681,23.32,88.24,2.72,4.2242
20220919,Shivamogga,13.9299,75.5681,22.49,88.78,2.71,4.7261
20220920,Shivamogga,13.9299,75.5681,22.21,87.81,2.32,4.4407
20220921,Shivamogga,13.9299,75.5681,22.23,87.96,2.35,5.4432
20220922,Shivamogga,13.9299,75.5681,21.91,87.41,2.47,4.9351
20220923,Shivamogga,13.9299,75.5681,21.99,88.81,2.48,4.2576
20220924,Shivamogga,13.9299,75.5681,22.45,88.59,2.22,4.865
20220925,Shivamogga,13.9299,75.5681,22.96,87.01,1.93,5.8066
20220926,Shivamogga,13.9299,75.5681,23.05,87.27,2.04,4.7933
20220927,Shivamogga,13.9299,75.5681,23.0,85.45,1.9,6.223
20220928,Shivamogga,13.9299,75.5681,22.51,87.94,2.15,5.5253
20220929,Shivamogga,13.9299,75.5681,22.46,88.97,2.21,5.4288
20220930,Shivamogga,13.9299,75.5681,22.46,90.18,2.4,2.4158
20221001,Shivamogga,13.9299,75.5681,21.92,91.6,2.49,2.6138
20221002,Shivamogga,13.9299,75.5681,22.49,89.38,2.14,3.7639
20221003,Shivamogga,13.9299,75.5681,23.42,87.47,1.96,4.4849
20221004,Shivamogga,13.9299,75.5681,23.26,88.39,1.86,4.2511
20221005,Shivamogga,13.9299,75.5681,23.16,88.63,1.94,3.7402
20221006,Shivamogga,13.9299,75.5681,21.52,92.63,2.67,3.3343
20221007,Shivamogga,13.9299,75.5681,22.2,88.01,2.45,4.6061
20221008,Shivamogga,13.9299,75.5681,22.47,84.85,1.39,5.9899
20221009,Shivamogga,13.9299,75.5681,23.01,88.56,0.91,5.3424
20221010,Shivamogga,13.9299,75.5681,23.75,88.83,1.22,3.3629
20221011,Shivamogga,13.9299,75.5681,23.43,91.06,2.25,3.3031
20221012,Shivamogga,13.9299,75.5681,22.17,91.79,1.16,4.6819
20221013,Shivamogga,13.9299,75.5681,23.17,90.01,0.82,4.589
20221014,Shivamogga,13.9299,75.5681,23.23,91.99,1.48,4.9711
20221015,Shivamogga,13.9299,75.5681,23.47,88.83,1.66,4.4438
20221016,Shivamogga,13.9299,75.5681,23.16,91.73,1.42,4.4282
20221017,Shivamogga,13.9299,75.5681,22.51,93.29,0.89,4.3126
20221018,Shivamogga,13.9299,75.5681,23.28,89.88,1.75,4.1323
20221019,Shivamogga,13.9299,75.5681,23.45,86.83,0.62,4.5055
20221020,Shivamogga,13.9299,75.5681,24.15,84.66,0.9,4.5007
20221021,Shivamogga,13.9299,75.5681,23.89,83.54,1.76,5.3251
20221022,Shivamogga,13.9299,75.5681,23.6,85.92,1.89,5.0155
20221023,Shivamogga,13.9299,75.5681,21.46,80.21,1.58,6.095
20221024,Shivamogga,13.9299,75.5681,21.04,66.59,1.36,6.5371
20221025,Shivamogga,13.9299,75.5681,21.27,63.42,0.95,6.5254
20221026,Shivamogga,13.9299,75.5681,20.43,73.73,1.54,6.4898
20221027,Shivamogga,13.9299,75.5681,20.24,75.42,1.71,6.5165
20221028,Shivamogga,13.9299,75.5681,21.08,83.3,1.96,4.8442
20221029,Shivamogga,13.9299,75.5681,22.44,86.18,2.29,4.7669
20221030,Shivamogga,13.9299,75.5681,22.54,83.9,2.42,3.481
20221031,Shivamogga,13.9299,75.5681,21.16,80.1,1.78,5.8733
20221101,Shivamogga,13.9299,75.5681,21.77,83.01,1.56,5.0566
20221102,Shivamogga,13.9299,75.5681,21.53,88.42,2.13,3.5729
20221103,Shivamogga,13.9299,75.5681,21.36,84.13,2.03,3.5491
20221104,Shivamogga,13.9299,75.5681,22.25,83.92,2.31,4.3853
20221105,Shivamogga,13.9299,75.5681,22.14,81.91,2.13,5.4084
20221106,Shivamogga,13.9299,75.5681,22.46,83.49,1.85,5.0251
20221107,Shivamogga,13.9299,75.5681,22.37,83.56,1.91,5.3698
20221108,Shivamogga,13.9299,75.5681,21.29,80.24,1.99,5.8502
20221109,Shivamogga,13.9299,75.5681,21.21,78.52,1.71,5.6777
20221110,Shivamogga,13.9299,75.5681,20.92,81.31,2.06,4.9886
20221111,Shivamogga,13.9299,75.5681,21.77,84.17,2.46,3.9132
20221112,Shivamogga,13.9299,75.5681,20.96,89.42,2.41,2.8445
20221113,Shivamogga,13.9299,75.5681,22.07,89.22,2.51,3.3168
20221114,Shivamogga,13.9299,75.5681,22.49,86.15,1.54,5.0669
20221115,Shivamogga,13.9299,75.5681,22.58,89.29,1.1,3.9737
20221116,Shivamogga,13.9299,75.5681,21.99,82.29,1.77,4.7978
20221117,Shivamogga,13.9299,75.5681,19.66,71.19,1.65,5.7146
20221118,Shivamogga,13.9299,75.5681,18.9,69.86,1.66,5.497
20221119,Shivamogga,13.9299,75.5681,18.15,73.47,1.93,5.9556
20221120,Shivamogga,13.9299,75.5681,18.54,72.45,1.58,5.5174
20221121,Shivamogga,13.9299,75.5681,19.62,74.99,1.37,5.664
20221122,Shivamogga,13.9299,75.5681,21.19,88.07,1.34,2.4276
20221123,Shivamogga,13.9299,75.5681,22.22,88.49,1.46,2.6849
20221124,Shivamogga,13.9299,75.5681,22.83,86.8,2.03,3.0367
20221125,Shivamogga,13.9299,75.5681,23.2,81.36,1.83,4.5936
20221126,Shivamogga,13.9299,75.5681,23.22,82.36,1.4,4.7222
20221127,Shivamogga,13.9299,75.5681,23.31,83.42,0.81,4.4357
20221128,Shivamogga,13.9299,75.5681,23.25,83.89,0.69,3.4632
20221129,Shivamogga,13.9299,75.5681,22.94,81.02,1.06,3.4018
20221130,Shivamogga,13.9299,75.5681,20.33,75.17,1.68,5.1821
20221201,Shivamogga,13.9299,75.5681,20.97,76.96,1.66,5.4415
20221202,Shivamogga,13.9299,75.5681,23.13,83.79,1.65,4.4378
20221203,Shivamogga,13.9299,75.5681,23.18,81.98,1.84,5.1946
20221204,Shivamogga,13.9299,75.5681,22.82,79.33,1.92,4.9867
20221205,Shivamogga,13.9299,75.5681,22.46,81.87,1.98,4.6147
20221206,Shivamogga,13.9299,75.5681,22.18,79.97,1.9,4.9198
20221207,Shivamogga,13.9299,75.5681,20.76,74.2,1.86,3.7519
20221208,Shivamogga,13.9299,75.5681,20.03,69.17,1.39,4.1575
20221209,Shivamogga,13.9299,75.5681,20.29,69.73,1.6,3.252
20221210,Shivamogga,13.9299,75.5681,20.57,86.83,2.57,2.6189
20221211,Shivamogga,13.9299,75.5681,21.41,88.52,1.91,1.2041
20221212,Shivamogga,13.9299,75.5681,20.52,94.36,2.82,1.8014
20221213,Shivamogga,13.9299,75.5681,22.51,87.91,2.58,3.5167
20221214,Shivamogga,13.9299,75.5681,22.42,83.83,1.95,3.6883
20221215,Shivamogga,13.9299,75.5681,21.88,79.23,1.77,5.6357
20221216,Shivamogga,13.9299,75.5681,20.79,70.41,1.84,5.8301
20221217,Shivamogga,13.9299,75.5681,21.47,77.22,2.02,5.429
20221218,Shivamogga,13.9299,75.5681,21.54,82.97,2.18,4.2569
20221219,Shivamogga,13.9299,75.5681,20.45,80.55,2.22,5.2939
20221220,Shivamogga,13.9299,75.5681,19.43,73.29,2.04,5.429
20221221,Shivamogga,13.9299,75.5681,19.36,72.97,1.99,5.7254
20221222,Shivamogga,13.9299,75.5681,19.86,68.64,2.03,5.8003
20221223,Shivamogga,13.9299,75.5681,19.97,70.98,1.85,5.7593
20221224,Shivamogga,13.9299,75.5681,20.54,74.41,1.77,5.7773
20221225,Shivamogga,13.9299,75.5681,21.23,80.8,2.03,5.3117
20221226,Shivamogga,13.9299,75.5681,23.27,81.04,2.61,4.5468
20221227,Shivamogga,13.9299,75.5681,23.35,80.36,2.23,4.7443
20221228,Shivamogga,13.9299,75.5681,23.78,78.91,1.76,5.2008
20221229,Shivamogga,13.9299,75.5681,23.14,74.51,1.82,5.322
20221230,Shivamogga,13.9299,75.5681,22.02,67.9,1.73,5.7528
20221231,Shivamogga,13.9299,75.5681,21.6,64.41,1.07,5.6765
20230101,Shivamogga,13.9299,75.5681,21.97,66.5,0.52,5.3359
20230102,Shivamogga,13.9299,75.5681,21.03,67.99,2.18,5.4936
20230103,Shivamogga,13.9299,75.5681,20.98,69.1,1.8,5.663
20230104,Shivamogga,13.9299,75.5681,20.7,69.32,1.92,5.765
20230105,Shivamogga,13.9299,75.5681,20.36,71.4,2.62,5.5913
20230106,Shivamogga,13.9299,75.5681,20.85,71.65,3.05,5.525
20230107,Shivamogga,13.9299,75.5681,20.94,75.17,2.62,4.9001
20230108,Shivamogga,13.9299,75.5681,20.9,71.09,2.15,4.9478
20230109,Shivamogga,13.9299,75.5681,19.43,59.72,1.99,5.8246
20230110,Shivamogga,13.9299,75.5681,19.0,59.63,2.47,6.1104
20230111,Shivamogga,13.9299,75.5681,19.7,59.48,1.8,6.0499
20230112,Shivamogga,13.9299,75.5681,20.98,49.82,1.48,6.0749
20230113,Shivamogga,13.9299,75.5681,21.17,51.31,1.07,5.9342
20230114,Shivamogga,13.9299,75.5681,20.85,55.7,1.18,5.4516
20230115,Shivamogga,13.9299,75.5681,20.97,51.82,1.47,6.0586
20230116,Shivamogga,13.9299,75.5681,21.32,52.59,1.41,6.0341
20230117,Shivamogga,13.9299,75.5681,20.76,56.15,1.45,6.1135
20230118,Shivamogga,13.9299,75.5681,20.62,57.04,1.76,6.1634
20230119,Shivamogga,13.9299,75.5681,20.39,57.02,1.91,6.2623
20230120,Shivamogga,13.9299,75.5681,19.89,56.73,2.05,6.2726
20230121,Shivamogga,13.9299,75.5681,20.57,67.83,1.74,5.8001
20230122,Shivamogga,13.9299,75.5681,20.38,63.16,2.16,5.945
20230123,Shivamogga,13.9299,75.5681,21.59,66.14,1.75,5.9035
20230124,Shivamogga,13.9299,75.5681,23.1,74.71,1.05,3.8472
20230125,Shivamogga,13.9299,75.5681,23.0,73.81,1.13,4.4071
20230126,Shivamogga,13.9299,75.5681,22.34,60.26,1.29,6.0305
20230127,Shivamogga,13.9299,75.5681,21.09,57.06,2.21,6.077
20230128,Shivamogga,13.9299,75.5681,20.84,52.9,2.35,6.3314
20230129,Shivamogga,13.9299,75.5681,21.31,55.07,2.61,6.2746
20230130,Shivamogga,13.9299,75.5681,22.5,68.43,1.67,5.5759
20230131,Shivamogga,13.9299,75.5681,23.53,65.46,2.18,4.7278
20230201,Shivamogga,13.9299,75.5681,23.56,58.34,2.34,5.3906
20230202,Shivamogga,13.9299,75.5681,23.6,58.75,2.65,5.6669
20230203,Shivamogga,13.9299,75.5681,23.63,63.82,2.25,5.0172
20230204,Shivamogga,13.9299,75.5681,25.02,60.67,2.05,6.0926
20230205,Shivamogga,13.9299,75.5681,24.77,55.5,1.31,6.1176
20230206,Shivamogga,13.9299,75.5681,24.2,55.79,1.38,5.6707
20230207,Shivamogga,13.9299,75.5681,24.25,64.47,0.71,5.2963
20230208,Shivamogga,13.9299,75.5681,25.0,55.76,1.36,6.0101
20230209,Shivamogga,13.9299,75.5681,24.77,51.84,1.47,6.0134
20230210,Shivamogga,13.9299,75.5681,24.3,52.39,1.55,6.1666
20230211,Shivamogga,13.9299,75.5681,24.58,44.12,1.99,6.3622
20230212,Shivamogga,13.9299,75.5681,24.49,39.99,1.98,6.5669
20230213,Shivamogga,13.9299,75.5681,23.9,38.18,2.57,6.7138
20230214,Shivamogga,13.9299,75.5681,23.54,37.74,2.25,6.7903
20230215,Shivamogga,13.9299,75.5681,23.09,31.65,2.22,6.8868
20230216,Shivamogga,13.9299,75.5681,23.78,34.45,2.83,6.8738
20230217,Shivamogga,13.9299,75.5681,24.11,39.52,2.56,6.8047
20230218,Shivamogga,13.9299,75.5681,24.58,38.92,1.93,6.701
20230219,Shivamogga,13.9299,75.5681,24.87,39.39,1.78,6.5011
20230220,Shivamogga,13.9299,75.5681,25.23,40.81,1.46,6.5882
20230221,Shivamogga,13.9299,75.5681,25.92,35.71,1.45,6.8436
20230222,Shivamogga,13.9299,75.5681,25.22,33.88,2.1,6.7423
20230223,Shivamogga,13.9299,75.5681,24.9,33.64,2.8,6.9211
20230224,Shivamogga,13.9299,75.5681,24.55,31.0,2.79,7.0774
20230225,Shivamogga,13.9299,75.5681,24.58,29.31,2.4,7.0709
20230226,Shivamogga,13.9299,75.5681,24.96,31.36,2.86,6.9442
20230227,Shivamogga,13.9299,75.5681,24.87,34.26,2.96,6.9456
20230228,Shivamogga,13.9299,75.5681,24.28,29.5,2.94,7.2583
20230301,Shivamogga,13.9299,75.5681,25.78,41.43,3.1,6.5916
20230302,Shivamogga,13.9299,75.5681,25.53,33.11,3.23,7.0133
20230303,Shivamogga,13.9299,75.5681,25.34,31.81,3.41,6.9446
20230304,Shivamogga,13.9299,75.5681,25.68,31.9,3.52,6.7054
20230305,Shivamogga,13.9299,75.5681,25.7,27.32,3.11,7.0829
20230306,Shivamogga,13.9299,75.5681,26.13,30.84,2.88,7.1174
20230307,Shivamogga,13.9299,75.5681,25.77,30.47,3.01,6.8933
20230308,Shivamogga,13.9299,75.5681,25.37,34.56,3.04,7.0908
20230309,Shivamogga,13.9299,75.5681,24.79,34.65,2.67,5.1523
20230310,Shivamogga,13.9299,75.5681,25.6,35.1,2.85,6.9358
20230311,Shivamogga,13.9299,75.5681,25.95,37.2,2.8,6.9914
20230312,Shivamogga,13.9299,75.5681,26.47,35.24,3.08,7.2319
20230313,Shivamogga,13.9299,75.5681,26.81,37.54,1.99,7.0642
20230314,Shivamogga,13.9299,75.5681,27.22,43.62,1.44,5.9618
20230315,Shivamogga,13.9299,75.5681,26.79,54.38,1.54,4.9068
20230316,Shivamogga,13.9299,75.5681,27.15,58.0,1.76,6.1188
20230317,Shivamogga,13.9299,75.5681,26.7,58.07,1.83,6.6715
20230318,Shivamogga,13.9299,75.5681,26.81,55.38,2.21,6.5686
20230319,Shivamogga,13.9299,75.5681,25.01,64.02,2.8,5.9726
20230320,Shivamogga,13.9299,75.5681,24.06,58.32,2.45,7.3896
20230321,Shivamogga,13.9299,75.5681,23.93,56.95,2.34,7.535
20230322,Shivamogga,13.9299,75.5681,25.82,58.43,1.71,6.8614
20230323,Shivamogga,13.9299,75.5681,26.48,55.12,2.05,7.2295
20230324,Shivamogga,13.9299,75.5681,27.11,53.81,1.78,6.9233
20230325,Shivamogga,13.9299,75.5681,28.12,50.91,1.56,5.8428
20230326,Shivamogga,13.9299,75.5681,27.47,49.93,2.26,6.7294
20230327,Shivamogga,13.9299,75.5681,27.18,52.22,1.65,7.4906
20230328,Shivamogga,13.9299,75.5681,27.98,50.66,1.16,7.6128
20230329,Shivamogga,13.9299,75.5681,28.07,52.49,2.4,7.1462
20230330,Shivamogga,13.9299,75.5681,27.61,54.9,1.7,6.7222
20230331,Shivamogga,13.9299,75.5681,27.86,50.83,2.21,7.3411
20230401,Shivamogga,13.9299,75.5681,26.83,53.55,2.25,7.4206
20230402,Shivamogga,13.9299,75.5681,26.99,52.81,2.13,7.5835
20230403,Shivamogga,13.9299,75.5681,26.69,52.09,1.76,7.7215
20230404,Shivamogga,13.9299,75.5681,27.8,52.39,1.45,7.1136
20230405,Shivamogga,13.9299,75.5681,28.85,49.43,1.79,7.0157
20230406,Shivamogga,13.9299,75.5681,28.48,54.24,1.35,6.5124
20230407,Shivamogga,13.9299,75.5681,29.07,53.89,1.06,6.0838
20230408,Shivamogga,13.9299,75.5681,30.12,40.14,2.17,7.0186
20230409,Shivamogga,13.9299,75.5681,28.98,39.46,1.55,7.4309
20230410,Shivamogga,13.9299,75.5681,29.35,43.55,1.55,6.984
20230411,Shivamogga,13.9299,75.5681,29.78,34.13,1.79,7.5511
20230412,Shivamogga,13.9299,75.5681,28.92,36.33,1.45,7.6075
20230413,Shivamogga,13.9299,75.5681,29.15,35.97,1.49,7.0469
20230414,Shivamogga,13.9299,75.5681,28.77,52.55,1.53,6.6168
20230415,Shivamogga,13.9299,75.5681,28.56,48.87,0.96,6.299
20230416,Shivamogga,13.9299,75.5681,28.42,36.97,1.17,6.9096
20230417,Shivamogga,13.9299,75.5681,28.3,41.4,1.38,6.9638
20230418,Shivamogga,13.9299,75.5681,29.87,39.26,1.49,7.5473
20230419,Shivamogga,13.9299,75.5681,30.08,48.48,1.53,7.3334
20230420,Shivamogga,13.9299,75.5681,29.03,55.99,2.27,6.8762
20230421,Shivamogga,13.9299,75.5681,28.85,57.9,2.11,6.5119
20230422,Shivamogga,13.9299,75.5681,29.68,52.65,1.89,6.9091
20230423,Shivamogga,13.9299,75.5681,29.4,47.01,1.88,7.3759
20230424,Shivamogga,13.9299,75.5681,29.64,48.19,1.66,7.4626
20230425,Shivamogga,13.9299,75.5681,28.72,56.89,1.8,6.6622
20230426,Shivamogga,13.9299,75.5681,27.65,62.73,1.47,5.5939
20230427,Shivamogga,13.9299,75.5681,28.79,57.73,1.62,6.1774
20230428,Shivamogga,13.9299,75.5681,29.12,56.91,1.51,5.653
20230429,Shivamogga,13.9299,75.5681,28.62,59.43,1.34,5.8454
20230430,Shivamogga,13.9299,75.5681,27.33,68.85,1.54,5.9638
20230501,Shivamogga,13.9299,75.5681,27.62,60.67,1.94,6.9619
20230502,Shivamogga,13.9299,75.5681,28.01,58.55,1.63,6.3194
20230503,Shivamogga,13.9299,75.5681,26.88,60.73,2.45,6.0286
20230504,Shivamogga,13.9299,75.5681,27.92,59.56,1.65,6.7404
20230505,Shivamogga,13.9299,75.5681,26.53,61.99,2.19,5.5834
20230506,Shivamogga,13.9299,75.5681,27.35,61.66,2.13,5.9042
20230507,Shivamogga,13.9299,75.5681,26.58,67.91,2.29,5.579
20230508,Shivamogga,13.9299,75.5681,26.28,74.69,1.27,5.7091
20230509,Shivamogga,13.9299,75.5681,26.87,73.46,1.69,5.8356
20230510,Shivamogga,13.9299,75.5681,28.18,69.06,1.42,6.048
20230511,Shivamogga,13.9299,75.5681,28.58,68.83,1.52,5.2284
20230512,Shivamogga,13.9299,75.5681,27.59,72.19,2.12,5.6002
20230513,Shivamogga,13.9299,75.5681,27.18,75.58,3.15,5.1444
20230514,Shivamogga,13.9299,75.5681,28.09,66.05,3.06,7.176
20230515,Shivamogga,13.9299,75.5681,28.61,62.65,3.03,7.4628
20230516,Shivamogga,13.9299,75.5681,29.44,58.89,2.21,7.5202
20230517,Shivamogga,13.9299,75.5681,29.73,53.89,1.88,7.4767
20230518,Shivamogga,13.9299,75.5681,30.47,51.67,1.98,7.2934
20230519,Shivamogga,13.9299,75.5681,30.31,53.59,2.7,7.0202
20230520,Shivamogga,13.9299,75.5681,29.61,58.67,2.74,6.6641
20230521,Shivamogga,13.9299,75.5681,30.04,58.27,2.04,6.473
20230522,Shivamogga,13.9299,75.5681,29.26,60.33,2.26,6.7018
20230523,Shivamogga,13.9299,75.5681,28.87,60.65,1.88,5.2826
20230524,Shivamogga,13.9299,75.5681,27.58,67.37,2.44,6.155
20230525,Shivamogga,13.9299,75.5681,27.14,69.54,3.18,6.2306
20230526,Shivamogga,13.9299,75.5681,27.58,64.14,3.19,7.0663
20230527,Shivamogga,13.9299,75.5681,27.87,66.86,3.0,6.5993
20230528,Shivamogga,13.9299,75.5681,28.7,60.6,2.77,7.1976
20230529,Shivamogga,13.9299,75.5681,28.74,64.72,1.94,6.7733
20230530,Shivamogga,13.9299,75.5681,26.41,77.53,2.12,4.1184
20230531,Shivamogga,13.9299,75.5681,26.71,73.8,1.63,6.059
20230601,Shivamogga,13.9299,75.5681,25.42,79.32,2.46,4.5821
20230602,Shivamogga,13.9299,75.5681,27.23,69.3,2.58,4.2605
20230603,Shivamogga,13.9299,75.5681,28.48,65.37,2.55,6.505
20230604,Shivamogga,13.9299,75.5681,28.16,67.15,2.66,5.9774
20230605,Shivamogga,13.9299,75.5681,26.88,73.64,3.16,5.7245
20230606,Shivamogga,13.9299,75.5681,27.01,73.01,2.91,5.8277
20230607,Shivamogga,13.9299,75.5681,26.79,73.62,3.72,5.8867
20230608,Shivamogga,13.9299,75.5681,27.18,72.12,3.4,6.023
20230609,Shivamogga,13.9299,75.5681,27.27,70.12,3.71,5.9066
20230610,Shivamogga,13.9299,75.5681,25.58,76.44,4.33,4.6085
20230611,Shivamogga,13.9299,75.5681,25.89,75.51,4.02,3.9389
20230612,Shivamogga,13.9299,75.5681,26.11,75.44,3.85,5.3794
20230613,Shivamogga,13.9299,75.5681,26.68,73.49,4.21,5.4305
20230614,Shivamogga,13.9299,75.5681,26.75,74.47,4.22,5.3926
20230615,Shivamogga,13.9299,75.5681,27.17,72.67,3.68,5.7785
20230616,Shivamogga,13.9299,75.5681,27.21,71.28,3.92,6.1042
20230617,Shivamogga,13.9299,75.5681,26.5,76.34,3.87,4.9246
20230618,Shivamogga,13.9299,75.5681,25.86,78.29,3.64,4.2106
20230619,Shivamogga,13.9299,75.5681,25.22,79.53,2.86,4.7887
20230620,Shivamogga,13.9299,75.5681,25.61,75.93,2.81,3.8858
20230621,Shivamogga,13.9299,75.5681,25.56,78.79,2.78,3.5122
20230622,Shivamogga,13.9299,75.5681,24.75,78.09,2.95,4.4604
20230623,Shivamogga,13.9299,75.5681,24.69,70.35,3.66,4.0154
20230624,Shivamogga,13.9299,75.5681,24.23,83.13,3.66,2.8366
20230625,Shivamogga,13.9299,75.5681,23.79,82.73,3.36,3.5844
20230626,Shivamogga,13.9299,75.5681,23.83,78.04,3.95,4.608
20230627,Shivamogga,13.9299,75.5681,23.85,79.79,3.88,4.3922
20230628,Shivamogga,13.9299,75.5681,24.02,77.36,3.98,3.5088
20230629,Shivamogga,13.9299,75.5681,23.36,83.54,3.8,3.1229
20230630,Shivamogga,13.9299,75.5681,23.87,81.53,3.94,4.1093
20230701,Shivamogga,13.9299,75.5681,24.55,80.79,3.99,4.7916
20230702,Shivamogga,13.9299,75.5681,24.25,84.79,4.33,3.3934
20230703,Shivamogga,13.9299,75.5681,24.7,85.78,4.72,3.8002
20230704,Shivamogga,13.9299,75.5681,24.32,88.79,4.69,3.096
20230705,Shivamogga,13.9299,75.5681,23.54,85.16,5.74,2.7461
20230706,Shivamogga,13.9299,75.5681,23.09,83.93,5.51,1.7525
20230707,Shivamogga,13.9299,75.5681,24.04,81.91,4.43,2.7677
20230708,Shivamogga,13.9299,75.5681,23.99,83.05,4.31,2.7384
20230709,Shivamogga,13.9299,75.5681,24.14,85.39,3.51,3.5676
20230710,Shivamogga,13.9299,75.5681,23.93,87.51,2.59,4.223
20230711,Shivamogga,13.9299,75.5681,23.57,87.19,3.22,3.4685
20230712,Shivamogga,13.9299,75.5681,23.38,81.93,4.13,4.2456
20230713,Shivamogga,13.9299,75.5681,23.36,83.82,4.35,3.7166
20230714,Shivamogga,13.9299,75.5681,24.04,83.32,4.32,3.2846
20230715,Shivamogga,13.9299,75.5681,24.17,84.24,3.55,3.6758
20230716,Shivamogga,13.9299,75.5681,23.92,87.16,3.24,4.051
20230717,Shivamogga,13.9299,75.5681,24.5,84.63,4.11,3.5078
20230718,Shivamogga,13.9299,75.5681,24.06,85.8,5.5,4.0634
20230719,Shivamogga,13.9299,75.5681,23.77,86.24,6.0,2.5063
20230720,Shivamogga,13.9299,75.5681,24.62,82.28,6.43,2.7749
20230721,Shivamogga,13.9299,75.5681,24.24,86.02,6.11,2.4742
20230722,Shivamogga,13.9299,75.5681,23.58,84.37,5.92,2.028
20230723,Shivamogga,13.9299,75.5681,23.78,84.75,6.35,1.1918
20230724,Shivamogga,13.9299,75.5681,22.93,89.11,5.14,1.5144
20230725,Shivamogga,13.9299,75.5681,22.48,89.28,4.83,1.6085
20230726,Shivamogga,13.9299,75.5681,22.69,90.11,5.0,1.7244
20230727,Shivamogga,13.9299,75.5681,22.19,89.87,5.0,2.4278
20230728,Shivamogga,13.9299,75.5681,23.49,86.12,4.89,3.0922
20230729,Shivamogga,13.9299,75.5681,23.54,85.66,4.54,3.8477
20230730,Shivamogga,13.9299,75.5681,23.69,85.57,4.08,3.642
20230731,Shivamogga,13.9299,75.5681,23.98,85.11,4.5,4.2497
20230801,Shivamogga,13.9299,75.5681,23.73,85.64,4.56,4.5221
20230802,Shivamogga,13.9299,75.5681,23.71,84.68,4.95,4.4693
20230803,Shivamogga,13.9299,75.5681,23.79,84.32,4.76,4.3644
20230804,Shivamogga,13.9299,75.5681,24.05,83.81,4.55,4.3068
20230805,Shivamogga,13.9299,75.5681,23.57,86.47,3.91,4.0056
20230806,Shivamogga,13.9299,75.5681,23.6,86.37,3.4,4.5317
20230807,Shivamogga,13.9299,75.5681,24.12,83.91,3.53,4.3037
20230808,Shivamogga,13.9299,75.5681,24.17,83.76,2.99,4.2749
20230809,Shivamogga,13.9299,75.5681,24.14,83.29,2.39,4.7892
20230810,Shivamogga,13.9299,75.5681,24.55,82.4,2.47,5.0143
20230811,Shivamogga,13.9299,75.5681,24.44,82.69,2.53,5.0806
20230812,Shivamogga,13.9299,75.5681,24.18,83.07,2.9,4.7414
20230813,Shivamogga,13.9299,75.5681,23.9,82.71,2.93,4.6946
20230814,Shivamogga,13.9299,75.5681,23.27,82.74,2.89,5.022
20230815,Shivamogga,13.9299,75.5681,24.17,80.3,2.87,5.3088
20230816,Shivamogga,13.9299,75.5681,24.43,80.56,2.76,4.8778
20230817,Shivamogga,13.9299,75.5681,24.06,82.55,3.17,4.4736
20230818,Shivamogga,13.9299,75.5681,23.36,85.24,3.12,4.319
20230819,Shivamogga,13.9299,75.5681,23.91,85.87,3.7,2.8589
20230820,Shivamogga,13.9299,75.5681,24.37,83.39,3.17,4.7359
20230821,Shivamogga,13.9299,75.5681,24.62,81.33,2.45,5.6117
20230822,Shivamogga,13.9299,75.5681,24.92,78.19,2.4,6.1579
20230823,Shivamogga,13.9299,75.5681,24.75,79.48,2.65,5.4569
20230824,Shivamogga,13.9299,75.5681,24.41,81.01,2.81,5.1197
20230825,Shivamogga,13.9299,75.5681,24.81,80.56,2.91,5.1797
20230826,Shivamogga,13.9299,75.5681,24.21,83.79,2.43,4.5758
20230827,Shivamogga,13.9299,75.5681,24.02,82.88,2.52,5.7634
20230828,Shivamogga,13.9299,75.5681,24.55,81.76,2.87,5.669
20230829,Shivamogga,13.9299,75.5681,24.7,81.64,2.91,6.0382
20230830,Shivamogga,13.9299,75.5681,25.04,79.07,2.76,5.8342
20230831,Shivamogga,13.9299,75.5681,24.74,82.6,1.95,5.3165
20230901,Shivamogga,13.9299,75.5681,24.33,86.83,2.05,5.9515
20230902,Shivamogga,13.9299,75.5681,23.58,87.09,2.46,4.961
20230903,Shivamogga,13.9299,75.5681,22.74,86.36,2.21,4.6709
20230904,Shivamogga,13.9299,75.5681,21.82,84.44,2.87,2.8733
20230905,Shivamogga,13.9299,75.5681,22.74,88.42,3.19,3.5974
20230906,Shivamogga,13.9299,75.5681,23.54,85.59,3.14,4.7974
20230907,Shivamogga,13.9299,75.5681,23.86,86.12,3.11,4.4196
20230908,Shivamogga,13.9299,75.5681,23.82,86.33,3.83,4.7256
20230909,Shivamogga,13.9299,75.5681,24.02,85.41,3.42,3.9048
20230910,Shivamogga,13.9299,75.5681,24.45,84.08,3.26,4.8055
20230911,Shivamogga,13.9299,75.5681,23.73,86.69,3.07,4.5859
20230912,Shivamogga,13.9299,75.5681,24.05,84.51,3.32,4.9318
20230913,Shivamogga,13.9299,75.5681,24.08,83.68,3.16,4.6469
20230914,Shivamogga,13.9299,75.5681,24.36,83.42,3.39,3.5095
20230915,Shivamogga,13.9299,75.5681,23.75,84.51,3.66,4.277
20230916,Shivamogga,13.9299,75.5681,23.91,85.43,3.66,3.8616
20230917,Shivamogga,13.9299,75.5681,24.25,85.22,3.18,3.8846
20230918,Shivamogga,13.9299,75.5681,24.35,84.21,3.06,4.0255
20230919,Shivamogga,13.9299,75.5681,24.28,83.11,2.99,4.1779
20230920,Shivamogga,13.9299,75.5681,24.04,83.9,3.03,4.3726
20230921,Shivamogga,13.9299,75.5681,23.92,85.16,2.67,3.996
20230922,Shivamogga,13.9299,75.5681,24.36,84.31,1.9,5.2421
20230923,Shivamogga,13.9299,75.5681,24.01,87.95,2.4,4.6241
20230924,Shivamogga,13.9299,75.5681,23.28,88.74,2.24,3.8822
20230925,Shivamogga,13.9299,75.5681,22.33,89.11,2.41,5.1427
20230926,Shivamogga,13.9299,75.5681,23.44,84.37,2.51,4.9008
20230927,Shivamogga,13.9299,75.5681,23.16,84.56,2.81,4.3274
20230928,Shivamogga,13.9299,75.5681,23.49,88.96,2.64,3.7987
20230929,Shivamogga,13.9299,75.5681,23.59,87.32,3.33,3.1013
20230930,Shivamogga,13.9299,75.5681,23.28,85.88,4.42,3.5616
20231001,Shivamogga,13.9299,75.5681,23.95,85.37,4.49,2.7576
20231002,Shivamogga,13.9299,75.5681,23.62,84.22,2.86,4.8569
20231003,Shivamogga,13.9299,75.5681,23.51,83.06,2.47,5.4487
20231004,Shivamogga,13.9299,75.5681,23.55,83.91,1.7,4.8283
20231005,Shivamogga,13.9299,75.5681,23.64,84.4,2.1,5.6494
20231006,Shivamogga,13.9299,75.5681,24.28,84.67,1.14,4.165
20231007,Shivamogga,13.9299,75.5681,25.52,78.44,1.13,4.249
20231008,Shivamogga,13.9299,75.5681,26.15,77.56,0.91,4.7806
20231009,Shivamogga,13.9299,75.5681,25.23,83.07,1.32,3.9026
20231010,Shivamogga,13.9299,75.5681,25.61,80.04,1.6,4.0186
20231011,Shivamogga,13.9299,75.5681,25.73,80.24,1.47,4.2199
20231012,Shivamogga,13.9299,75.5681,25.8,80.47,1.1,4.2473
20231013,Shivamogga,13.9299,75.5681,26.15,71.63,0.98,5.2843
20231014,Shivamogga,13.9299,75.5681,25.93,69.48,1.04,5.7888
20231015,Shivamogga,13.9299,75.5681,25.42,76.35,0.97,4.6894
20231016,Shivamogga,13.9299,75.5681,25.21,78.87,0.87,4.091
20231017,Shivamogga,13.9299,75.5681,25.1,80.15,1.29,4.2835
20231018,Shivamogga,13.9299,75.5681,26.08,72.24,1.05,5.6304
20231019,Shivamogga,13.9299,75.5681,25.94,69.4,1.04,5.1972
20231020,Shivamogga,13.9299,75.5681,25.91,66.56,1.36,4.9946
20231021,Shivamogga,13.9299,75.5681,26.12,68.99,1.43,4.8581
20231022,Shivamogga,13.9299,75.5681,26.12,68.46,1.48,4.9814
20231023,Shivamogga,13.9299,75.5681,25.24,58.69,1.83,5.7746
20231024,Shivamogga,13.9299,75.5681,24.42,60.85,1.39,5.9489
20231025,Shivamogga,13.9299,75.5681,24.2,56.18,1.69,6.2688
20231026,Shivamogga,13.9299,75.5681,23.13,55.74,1.81,6.2674
20231027,Shivamogga,13.9299,75.5681,23.77,59.04,1.61,6.0497
20231028,Shivamogga,13.9299,75.5681,25.13,73.21,0.87,5.0268
20231029,Shivamogga,13.9299,75.5681,25.89,76.36,1.02,4.7342
20231030,Shivamogga,13.9299,75.5681,24.41,80.31,1.75,4.2953
20231031,Shivamogga,13.9299,75.5681,23.43,83.55,0.71,3.5525
20231101,Shivamogga,13.9299,75.5681,24.69,74.66,1.32,4.6272
20231102,Shivamogga,13.9299,75.5681,25.88,72.35,1.25,4.7822
20231103,Shivamogga,13.9299,75.5681,26.42,72.71,1.16,4.8874
20231104,Shivamogga,13.9299,75.5681,26.14,72.9,1.11,3.8873
20231105,Shivamogga,13.9299,75.5681,25.4,77.87,1.88,2.9983
20231106,Shivamogga,13.9299,75.5681,23.95,84.86,0.9,4.6226
20231107,Shivamogga,13.9299,75.5681,24.06,85.6,0.69,5.1912
20231108,Shivamogga,13.9299,75.5681,23.82,87.66,1.21,3.7622
20231109,Shivamogga,13.9299,75.5681,23.64,85.14,1.87,3.9725
20231110,Shivamogga,13.9299,75.5681,24.2,78.36,1.42,4.5077
20231111,Shivamogga,13.9299,75.5681,23.89,73.55,2.19,5.5577
20231112,Shivamogga,13.9299,75.5681,22.29,72.47,2.27,5.5138
20231113,Shivamogga,13.9299,75.5681,22.57,72.32,2.37,4.2578
20231114,Shivamogga,13.9299,75.5681,22.14,73.29,2.22,4.9349
20231115,Shivamogga,13.9299,75.5681,22.76,71.46,1.62,4.9589
20231116,Shivamogga,13.9299,75.5681,23.64,68.53,1.27,4.5809
20231117,Shivamogga,13.9299,75.5681,24.46,71.04,1.37,4.3416
20231118,Shivamogga,13.9299,75.5681,25.07,71.1,1.79,4.3018
20231119,Shivamogga,13.9299,75.5681,25.31,70.27,2.25,5.0304
20231120,Shivamogga,13.9299,75.5681,24.21,67.9,2.27,5.5404
20231121,Shivamogga,13.9299,75.5681,24.39,76.01,2.15,4.9574
20231122,Shivamogga,13.9299,75.5681,24.84,77.08,2.42,4.0414
20231123,Shivamogga,13.9299,75.5681,25.38,75.55,2.32,4.1455
20231124,Shivamogga,13.9299,75.5681,24.82,75.94,1.69,2.9328
20231125,Shivamogga,13.9299,75.5681,24.39,78.3,2.22,4.0198
20231126,Shivamogga,13.9299,75.5681,23.9,71.29,2.54,4.0682
20231127,Shivamogga,13.9299,75.5681,24.56,73.44,1.6,4.4995
20231128,Shivamogga,13.9299,75.5681,25.19,74.7,1.09,5.1146
20231129,Shivamogga,13.9299,75.5681,24.87,76.43,1.49,4.8574
20231130,Shivamogga,13.9299,75.5681,25.14,71.72,1.75,4.5456
20231201,Shivamogga,13.9299,75.5681,24.83,72.63,1.9,4.6673
20231202,Shivamogga,13.9299,75.5681,24.32,68.33,2.7,5.4806
20231203,Shivamogga,13.9299,75.5681,24.84,74.27,3.13,3.9127
20231204,Shivamogga,13.9299,75.5681,24.53,73.49,2.51,3.1337
20231205,Shivamogga,13.9299,75.5681,22.86,75.26,1.61,3.7975
20231206,Shivamogga,13.9299,75.5681,23.86,75.89,1.11,5.275
20231207,Shivamogga,13.9299,75.5681,24.05,77.81,1.02,5.0112
20231208,Shivamogga,13.9299,75.5681,24.37,80.38,1.01,3.9754
20231209,Shivamogga,13.9299,75.5681,22.55,82.86,2.53,3.7865
20231210,Shivamogga,13.9299,75.5681,24.25,74.08,1.69,3.8741
20231211,Shivamogga,13.9299,75.5681,23.63,71.43,1.38,3.5177
20231212,Shivamogga,13.9299,75.5681,23.64,66.73,1.46,4.5348
20231213,Shivamogga,13.9299,75.5681,21.79,65.34,1.95,5.0942
20231214,Shivamogga,13.9299,75.5681,21.03,65.11,2.3,5.2366
20231215,Shivamogga,13.9299,75.5681,22.26,70.06,1.82,4.7582
20231216,Shivamogga,13.9299,75.5681,24.3,73.29,2.28,3.671
20231217,Shivamogga,13.9299,75.5681,24.99,68.63,2.85,4.188
20231218,Shivamogga,13.9299,75.5681,23.64,70.55,2.83,3.8909
20231219,Shivamogga,13.9299,75.5681,22.95,65.04,3.13,4.5806
20231220,Shivamogga,13.9299,75.5681,23.05,63.14,2.59,4.9498
20231221,Shivamogga,13.9299,75.5681,23.16,66.57,1.64,5.249
20231222,Shivamogga,13.9299,75.5681,21.92,66.07,1.57,4.2734
20231223,Shivamogga,13.9299,75.5681,21.35,54.47,2.24,5.1362
20231224,Shivamogga,13.9299,75.5681,21.27,61.19,2.41,5.5104
20231225,Shivamogga,13.9299,75.5681,22.87,62.42,2.37,5.5255
20231226,Shivamogga,13.9299,75.5681,21.83,56.56,2.51,5.676
20231227,Shivamogga,13.9299,75.5681,21.91,58.3,2.85,5.8483
20231228,Shivamogga,13.9299,75.5681,22.63,60.18,2.47,5.6525
20231229,Shivamogga,13.9299,75.5681,23.62,60.04,2.55,5.6333
20231230,Shivamogga,13.9299,75.5681,23.6,57.24,2.3,5.7775
20231231,Shivamogga,13.9299,75.5681,22.41,54.35,1.88,5.707
20240101,Shivamogga,13.9299,75.5681,23.5,62.4,1.06,4.6584
20240102,Shivamogga,13.9299,75.5681,23.96,63.23,1.2,3.4721
20240103,Shivamogga,13.9299,75.5681,22.92,71.39,0.92,2.8301
20240104,Shivamogga,13.9299,75.5681,21.7,82.77,1.68,2.3959
20240105,Shivamogga,13.9299,75.5681,22.93,81.44,1.62,4.176
20240106,Shivamogga,13.9299,75.5681,22.45,78.28,2.06,3.5482
20240107,Shivamogga,13.9299,75.5681,21.89,66.75,2.67,4.0786
20240108,Shivamogga,13.9299,75.5681,22.52,76.08,2.59,3.167
20240109,Shivamogga,13.9299,75.5681,22.16,81.55,2.43,3.0773
20240110,Shivamogga,13.9299,75.5681,23.08,66.03,2.45,5.1074
20240111,Shivamogga,13.9299,75.5681,22.89,58.68,2.53,5.7756
20240112,Shivamogga,13.9299,75.5681,22.92,59.03,2.76,5.7629
20240113,Shivamogga,13.9299,75.5681,23.6,65.39,2.08,5.1017
20240114,Shivamogga,13.9299,75.5681,23.2,62.78,1.82,5.2584
20240115,Shivamogga,13.9299,75.5681,23.0,61.48,1.3,5.2639
20240116,Shivamogga,13.9299,75.5681,22.87,65.61,0.85,5.0086
20240117,Shivamogga,13.9299,75.5681,22.63,75.17,1.42,5.4029
20240118,Shivamogga,13.9299,75.5681,22.94,76.73,1.28,4.5499
20240119,Shivamogga,13.9299,75.5681,23.64,72.84,0.98,5.3191
20240120,Shivamogga,13.9299,75.5681,23.57,71.79,1.77,5.1257
20240121,Shivamogga,13.9299,75.5681,23.92,72.38,1.27,5.5966
20240122,Shivamogga,13.9299,75.5681,23.84,71.25,1.21,5.8126
20240123,Shivamogga,13.9299,75.5681,22.37,70.17,1.41,5.976
20240124,Shivamogga,13.9299,75.5681,22.0,70.08,1.61,6.1658
20240125,Shivamogga,13.9299,75.5681,23.01,63.14,0.83,5.9093
20240126,Shivamogga,13.9299,75.5681,23.97,53.15,1.76,5.9237
20240127,Shivamogga,13.9299,75.5681,23.5,55.11,2.53,6.1942
20240128,Shivamogga,13.9299,75.5681,23.44,54.94,2.44,6.0228
20240129,Shivamogga,13.9299,75.5681,23.15,53.42,2.22,6.0127
20240130,Shivamogga,13.9299,75.5681,23.04,52.66,1.49,6.0034
20240131,Shivamogga,13.9299,75.5681,23.16,58.01,1.58,6.2093
20240201,Shivamogga,13.9299,75.5681,22.34,71.95,1.6,6.3833
20240202,Shivamogga,13.9299,75.5681,23.19,68.08,1.34,6.4404
20240203,Shivamogga,13.9299,75.5681,25.38,63.16,1.04,5.8627
20240204,Shivamogga,13.9299,75.5681,26.1,51.12,1.85,5.7677
20240205,Shivamogga,13.9299,75.5681,25.19,44.84,2.24,6.0929
20240206,Shivamogga,13.9299,75.5681,25.75,39.96,2.13,6.499
20240207,Shivamogga,13.9299,75.5681,25.82,40.5,1.96,6.4985
20240208,Shivamogga,13.9299,75.5681,26.22,40.02,1.88,6.2657
20240209,Shivamogga,13.9299,75.5681,26.28,39.29,1.98,6.2945
20240210,Shivamogga,13.9299,75.5681,25.85,42.99,1.71,6.1529
20240211,Shivamogga,13.9299,75.5681,25.83,41.61,2.06,6.4625
20240212,Shivamogga,13.9299,75.5681,25.64,37.58,2.23,6.755
20240213,Shivamogga,13.9299,75.5681,25.05,37.11,2.0,6.7668
20240214,Shivamogga,13.9299,75.5681,25.75,46.83,2.4,6.4346
20240215,Shivamogga,13.9299,75.5681,26.38,43.21,2.21,6.1579
20240216,Shivamogga,13.9299,75.5681,26.0,34.19,2.68,6.9043
20240217,Shivamogga,13.9299,75.5681,25.86,36.48,2.13,6.7894
20240218,Shivamogga,13.9299,75.5681,25.71,42.78,1.4,6.4596
20240219,Shivamogga,13.9299,75.5681,26.1,50.46,1.32,6.2664
20240220,Shivamogga,13.9299,75.5681,26.24,59.39,1.62,6.1558
20240221,Shivamogga,13.9299,75.5681,25.25,55.78,1.98,6.8746
20240222,Shivamogga,13.9299,75.5681,24.61,63.96,2.17,6.9948
20240223,Shivamogga,13.9299,75.5681,24.85,59.72,1.79,6.9679
20240224,Shivamogga,13.9299,75.5681,24.93,55.06,1.51,6.865
20240225,Shivamogga,13.9299,75.5681,26.5,57.41,1.05,6.1699
20240226,Shivamogga,13.9299,75.5681,27.95,46.54,1.62,6.6941
20240227,Shivamogga,13.9299,75.5681,27.54,43.38,2.24,6.9072
20240228,Shivamogga,13.9299,75.5681,27.66,39.44,2.68,6.8544
20240229,Shivamogga,13.9299,75.5681,27.62,32.73,2.78,7.0042
20240301,Shivamogga,13.9299,75.5681,27.38,34.45,2.38,6.3257
20240302,Shivamogga,13.9299,75.5681,27.06,48.69,2.47,6.6698
20240303,Shivamogga,13.9299,75.5681,27.06,59.78,1.55,6.3343
20240304,Shivamogga,13.9299,75.5681,27.43,56.92,1.79,6.7394
20240305,Shivamogga,13.9299,75.5681,27.93,53.31,1.69,6.7313
20240306,Shivamogga,13.9299,75.5681,27.1,53.58,2.36,6.5318
20240307,Shivamogga,13.9299,75.5681,27.13,51.96,0.96,6.8162
20240308,Shivamogga,13.9299,75.5681,27.36,40.67,1.53,7.0286
20240309,Shivamogga,13.9299,75.5681,27.76,49.69,1.39,6.8297
20240310,Shivamogga,13.9299,75.5681,28.34,55.32,1.8,6.3965
20240311,Shivamogga,13.9299,75.5681,29.07,52.1,1.0,5.8598
20240312,Shivamogga,13.9299,75.5681,29.17,50.0,1.5,5.6659
20240313,Shivamogga,13.9299,75.5681,27.91,62.54,2.26,5.8378
20240314,Shivamogga,13.9299,75.5681,27.6,58.4,1.96,6.3482
20240315,Shivamogga,13.9299,75.5681,27.46,53.88,1.48,6.948
20240316,Shivamogga,13.9299,75.5681,27.96,52.69,1.42,6.475
20240317,Shivamogga,13.9299,75.5681,28.22,51.8,1.96,6.5381
20240318,Shivamogga,13.9299,75.5681,28.12,48.64,1.99,6.6362
20240319,Shivamogga,13.9299,75.5681,28.6,43.03,1.69,6.9463
20240320,Shivamogga,13.9299,75.5681,29.28,40.56,0.82,6.9643
20240321,Shivamogga,13.9299,75.5681,29.09,42.88,1.64,5.9093
20240322,Shivamogga,13.9299,75.5681,29.58,48.12,0.98,5.2838
20240323,Shivamogga,13.9299,75.5681,29.9,47.19,1.15,5.8531
20240324,Shivamogga,13.9299,75.5681,30.16,45.71,1.15,6.5772
20240325,Shivamogga,13.9299,75.5681,29.98,38.31,1.32,7.0178
20240326,Shivamogga,13.9299,75.5681,30.23,36.44,1.26,6.3852
20240327,Shivamogga,13.9299,75.5681,30.33,39.19,1.83,6.7495
20240328,Shivamogga,13.9299,75.5681,30.02,33.77,1.59,7.0745
20240329,Shivamogga,13.9299,75.5681,30.34,40.41,1.66,6.5861
20240330,Shivamogga,13.9299,75.5681,30.59,44.66,1.73,7.0272
20240331,Shivamogga,13.9299,75.5681,29.98,42.59,1.45,7.1508
20240401,Shivamogga,13.9299,75.5681,29.96,36.66,0.96,6.8796
20240402,Shivamogga,13.9299,75.5681,30.47,40.35,1.26,6.8827
20240403,Shivamogga,13.9299,75.5681,30.62,47.58,1.35,6.6274
20240404,Shivamogga,13.9299,75.5681,30.93,46.81,1.42,7.1417
20240405,Shivamogga,13.9299,75.5681,31.34,44.8,1.25,6.5971
20240406,Shivamogga,13.9299,75.5681,31.55,44.27,1.92,6.8066
20240407,Shivamogga,13.9299,75.5681,30.85,51.06,2.33,6.2796
20240408,Shivamogga,13.9299,75.5681,31.18,44.28,1.25,6.9432
20240409,Shivamogga,13.9299,75.5681,31.36,44.69,1.71,7.0418
20240410,Shivamogga,13.9299,75.5681,31.62,40.84,1.52,6.9554
20240411,Shivamogga,13.9299,75.5681,31.18,46.44,1.48,6.6593
20240412,Shivamogga,13.9299,75.5681,31.0,47.13,1.63,5.8344
20240413,Shivamogga,13.9299,75.5681,28.37,61.55,1.4,5.6086
20240414,Shivamogga,13.9299,75.5681,29.54,60.28,0.84,6.5654
20240415,Shivamogga,13.9299,75.5681,30.52,45.32,1.82,7.3469
20240416,Shivamogga,13.9299,75.5681,30.81,48.18,1.44,7.0375
20240417,Shivamogga,13.9299,75.5681,30.25,55.68,1.9,5.5939
20240418,Shivamogga,13.9299,75.5681,29.99,59.76,2.12,5.8457
20240419,Shivamogga,13.9299,75.5681,28.49,66.46,2.03,5.0117
20240420,Shivamogga,13.9299,75.5681,26.62,77.1,1.26,3.0427
20240421,Shivamogga,13.9299,75.5681,28.49,61.96,1.14,6.7404
20240422,Shivamogga,13.9299,75.5681,28.52,65.4,1.41,6.5465
20240423,Shivamogga,13.9299,75.5681,29.72,59.7,1.6,6.8407
20240424,Shivamogga,13.9299,75.5681,29.56,60.05,1.92,7.2566
20240425,Shivamogga,13.9299,75.5681,30.67,53.4,1.5,7.0646
20240426,Shivamogga,13.9299,75.5681,30.78,52.48,1.94,7.2038
20240427,Shivamogga,13.9299,75.5681,31.15,47.04,1.55,7.4021
20240428,Shivamogga,13.9299,75.5681,31.9,45.36,1.73,7.2761
20240429,Shivamogga,13.9299,75.5681,31.18,49.68,1.63,7.0961
20240430,Shivamogga,13.9299,75.5681,31.68,47.59,1.64,6.8306
20240501,Shivamogga,13.9299,75.5681,30.33,61.28,2.8,6.4219
20240502,Shivamogga,13.9299,75.5681,31.51,48.19,2.26,6.6684
20240503,Shivamogga,13.9299,75.5681,30.59,51.19,3.23,6.9314
20240504,Shivamogga,13.9299,75.5681,30.06,55.5,3.26,7.524
20240505,Shivamogga,13.9299,75.5681,30.13,54.25,3.14,7.3128
20240506,Shivamogga,13.9299,75.5681,30.6,58.77,2.93,6.6977
20240507,Shivamogga,13.9299,75.5681,30.4,59.6,2.19,5.7938
20240508,Shivamogga,13.9299,75.5681,30.01,57.21,2.11,6.2981
20240509,Shivamogga,13.9299,75.5681,29.8,56.31,1.75,5.9904
20240510,Shivamogga,13.9299,75.5681,29.8,57.42,1.41,6.1361
20240511,Shivamogga,13.9299,75.5681,29.31,62.06,1.42,5.735
20240512,Shivamogga,13.9299,75.5681,29.61,63.21,1.21,5.1202
20240513,Shivamogga,13.9299,75.5681,28.43,68.86,1.52,5.1751
20240514,Shivamogga,13.9299,75.5681,28.02,66.47,1.35,5.1461
20240515,Shivamogga,13.9299,75.5681,28.6,66.41,1.02,6.0624
20240516,Shivamogga,13.9299,75.5681,28.61,67.66,1.08,4.9114
20240517,Shivamogga,13.9299,75.5681,28.28,68.07,1.25,4.9109
20240518,Shivamogga,13.9299,75.5681,26.52,80.18,1.19,5.3736
20240519,Shivamogga,13.9299,75.5681,25.62,85.07,1.53,4.5542
20240520,Shivamogga,13.9299,75.5681,25.21,85.54,1.56,4.1938
20240521,Shivamogga,13.9299,75.5681,26.41,77.18,1.08,5.7547
20240522,Shivamogga,13.9299,75.5681,27.95,75.79,1.5,5.4355
20240523,Shivamogga,13.9299,75.5681,27.71,77.81,1.2,5.1094
20240524,Shivamogga,13.9299,75.5681,25.8,85.53,2.58,4.0942
20240525,Shivamogga,13.9299,75.5681,24.56,84.5,3.9,2.1926
20240526,Shivamogga,13.9299,75.5681,24.8,84.41,3.57,2.567
20240527,Shivamogga,13.9299,75.5681,25.91,82.88,3.69,4.3286
20240528,Shivamogga,13.9299,75.5681,26.02,80.68,4.01,4.6313
20240529,Shivamogga,13.9299,75.5681,25.61,82.81,3.72,5.5975
20240530,Shivamogga,13.9299,75.5681,26.8,80.43,3.09,5.7816
20240531,Shivamogga,13.9299,75.5681,27.38,79.81,2.88,5.9954
20240601,Shivamogga,13.9299,75.5681,26.33,84.83,2.64,4.7489
20240602,Shivamogga,13.9299,75.5681,26.38,81.91,1.98,5.1641
20240603,Shivamogga,13.9299,75.5681,25.7,82.63,2.06,3.4783
20240604,Shivamogga,13.9299,75.5681,25.18,85.84,1.73,4.6733
20240605,Shivamogga,13.9299,75.5681,25.49,85.3,1.88,4.6169
20240606,Shivamogga,13.9299,75.5681,25.37,81.95,2.9,4.5485
20240607,Shivamogga,13.9299,75.5681,24.32,82.68,3.3,3.6562
20240608,Shivamogga,13.9299,75.5681,24.78,82.87,4.61,2.8867
20240609,Shivamogga,13.9299,75.5681,24.32,86.07,5.21,3.1034
20240610,Shivamogga,13.9299,75.5681,23.96,81.83,5.04,2.7684
20240611,Shivamogga,13.9299,75.5681,23.33,84.65,3.95,3.414
20240612,Shivamogga,13.9299,75.5681,22.86,82.25,3.92,3.5455
20240613,Shivamogga,13.9299,75.5681,23.49,78.39,3.87,4.0229
20240614,Shivamogga,13.9299,75.5681,24.25,78.73,3.26,5.2337
20240615,Shivamogga,13.9299,75.5681,24.75,83.4,3.55,5.6225
20240616,Shivamogga,13.9299,75.5681,25.0,78.51,3.51,5.1202
20240617,Shivamogga,13.9299,75.5681,24.63,80.05,3.12,5.1266
20240618,Shivamogga,13.9299,75.5681,24.31,78.99,3.15,4.6733
20240619,Shivamogga,13.9299,75.5681,24.68,79.3,3.61,4.5425
20240620,Shivamogga,13.9299,75.5681,25.03,80.77,4.21,4.5209
20240621,Shivamogga,13.9299,75.5681,24.39,81.4,4.42,3.8282
20240622,Shivamogga,13.9299,75.5681,23.94,79.92,3.85,4.4832
20240623,Shivamogga,13.9299,75.5681,23.8,83.18,4.0,4.2204
20240624,Shivamogga,13.9299,75.5681,23.85,81.05,4.83,3.5184
20240625,Shivamogga,13.9299,75.5681,23.64,80.39,5.69,3.1066
20240626,Shivamogga,13.9299,75.5681,22.96,82.02,6.13,2.61
20240627,Shivamogga,13.9299,75.5681,22.22,81.31,6.0,3.2974
20240628,Shivamogga,13.9299,75.5681,24.09,80.67,5.01,4.1227
20240629,Shivamogga,13.9299,75.5681,24.3,83.13,4.38,4.2221
20240630,Shivamogga,13.9299,75.5681,23.84,84.21,4.31,3.0014
20240701,Shivamogga,13.9299,75.5681,23.73,82.93,5.33,2.8224
20240702,Shivamogga,13.9299,75.5681,23.87,85.09,4.58,3.9041
20240703,Shivamogga,13.9299,75.5681,24.68,85.61,4.45,2.5999
20240704,Shivamogga,13.9299,75.5681,23.81,84.78,4.57,3.0314
20240705,Shivamogga,13.9299,75.5681,23.26,85.56,4.28,2.976
20240706,Shivamogga,13.9299,75.5681,24.49,85.72,5.32,1.6327
20240707,Shivamogga,13.9299,75.5681,23.38,84.57,4.81,2.7101
20240708,Shivamogga,13.9299,75.5681,22.76,87.09,4.02,2.466
20240709,Shivamogga,13.9299,75.5681,23.52,86.04,3.92,3.8846
20240710,Shivamogga,13.9299,75.5681,23.68,83.96,3.69,3.7934
20240711,Shivamogga,13.9299,75.5681,23.31,82.79,3.86,4.5178
20240712,Shivamogga,13.9299,75.5681,22.74,85.49,4.35,3.0571
20240713,Shivamogga,13.9299,75.5681,23.28,88.73,5.0,3.3562
20240714,Shivamogga,13.9299,75.5681,23.42,88.98,5.67,2.3827
20240715,Shivamogga,13.9299,75.5681,23.93,91.15,6.38,1.5396
20240716,Shivamogga,13.9299,75.5681,23.95,89.45,6.08,2.267
20240717,Shivamogga,13.9299,75.5681,24.06,90.12,5.86,1.7244
20240718,Shivamogga,13.9299,75.5681,24.11,89.19,6.4,1.7129
20240719,Shivamogga,13.9299,75.5681,23.3,90.98,6.03,1.591
20240720,Shivamogga,13.9299,75.5681,23.49,89.51,5.81,2.7934
20240721,Shivamogga,13.9299,75.5681,23.52,89.05,5.78,2.095
20240722,Shivamogga,13.9299,75.5681,23.25,87.75,5.68,3.4649
20240723,Shivamogga,13.9299,75.5681,23.03,87.92,6.06,1.9459
20240724,Shivamogga,13.9299,75.5681,23.2,87.08,6.27,3.2095
20240725,Shivamogga,13.9299,75.5681,23.47,87.29,6.87,1.955
20240726,Shivamogga,13.9299,75.5681,23.7,87.7,6.35,2.0962
20240727,Shivamogga,13.9299,75.5681,23.82,86.51,5.97,3.3907
20240728,Shivamogga,13.9299,75.5681,23.84,86.88,5.85,2.555
20240729,Shivamogga,13.9299,75.5681,24.65,86.39,5.71,3.095
20240730,Shivamogga,13.9299,75.5681,23.88,91.09,4.45,1.7198
20240731,Shivamogga,13.9299,75.5681,23.88,90.95,4.36,3.2345
20240801,Shivamogga,13.9299,75.5681,23.7,90.24,4.75,2.6892
20240802,Shivamogga,13.9299,75.5681,23.07,89.8,4.57,1.913
20240803,Shivamogga,13.9299,75.5681,22.44,89.51,4.42,2.556
20240804,Shivamogga,13.9299,75.5681,22.22,90.41,4.1,3.1968
20240805,Shivamogga,13.9299,75.5681,23.36,88.42,3.2,4.2842
20240806,Shivamogga,13.9299,75.5681,23.18,88.67,3.33,2.9962
20240807,Shivamogga,13.9299,75.5681,22.91,90.4,2.92,2.9489
20240808,Shivamogga,13.9299,75.5681,23.46,88.11,2.97,3.1169
20240809,Shivamogga,13.9299,75.5681,24.01,87.37,2.6,4.1335
20240810,Shivamogga,13.9299,75.5681,23.79,88.56,2.44,4.4441
20240811,Shivamogga,13.9299,75.5681,23.87,90.15,2.4,4.7134
20240812,Shivamogga,13.9299,75.5681,24.54,86.79,2.13,5.7686
20240813,Shivamogga,13.9299,75.5681,25.07,86.33,1.76,5.113
20240814,Shivamogga,13.9299,75.5681,25.68,85.46,1.06,5.665
20240815,Shivamogga,13.9299,75.5681,26.4,82.85,1.24,4.5074
20240816,Shivamogga,13.9299,75.5681,25.5,88.81,1.6,3.3374
20240817,Shivamogga,13.9299,75.5681,25.57,87.78,2.56,4.3342
20240818,Shivamogga,13.9299,75.5681,25.09,87.76,2.56,4.7851
20240819,Shivamogga,13.9299,75.5681,25.79,84.16,0.86,3.889
20240820,Shivamogga,13.9299,75.5681,25.55,85.41,1.49,4.9776
20240821,Shivamogga,13.9299,75.5681,24.62,87.13,2.17,4.9944
20240822,Shivamogga,13.9299,75.5681,23.71,89.73,3.5,4.1138
20240823,Shivamogga,13.9299,75.5681,23.47,90.3,3.25,4.1189
20240824,Shivamogga,13.9299,75.5681,23.21,90.34,4.0,3.0091
20240825,Shivamogga,13.9299,75.5681,23.22,93.15,4.27,3.0442
20240826,Shivamogga,13.9299,75.5681,23.51,90.89,4.87,4.0483
20240827,Shivamogga,13.9299,75.5681,23.57,89.51,4.09,3.8242
20240828,Shivamogga,13.9299,75.5681,23.48,88.99,4.18,3.6607
20240829,Shivamogga,13.9299,75.5681,23.6,90.63,3.85,3.8844
20240830,Shivamogga,13.9299,75.5681,23.36,92.43,3.15,3.629
20240831,Shivamogga,13.9299,75.5681,23.2,92.47,3.53,3.2906
20240901,Shivamogga,13.9299,75.5681,23.06,88.74,4.16,3.3293
20240902,Shivamogga,13.9299,75.5681,23.19,87.98,4.27,4.2826
20240903,Shivamogga,13.9299,75.5681,23.76,89.64,3.75,4.5101
20240904,Shivamogga,13.9299,75.5681,23.45,90.91,3.67,4.5586
20240905,Shivamogga,13.9299,75.5681,23.91,89.45,3.68,4.1954
20240906,Shivamogga,13.9299,75.5681,23.57,90.11,3.2,4.5454
20240907,Shivamogga,13.9299,75.5681,23.48,90.57,3.04,3.6166
20240908,Shivamogga,13.9299,75.5681,23.61,90.35,3.32,3.2489
20240909,Shivamogga,13.9299,75.5681,23.48,92.03,3.78,3.8491
20240910,Shivamogga,13.9299,75.5681,23.69,90.86,3.77,4.0394
20240911,Shivamogga,13.9299,75.5681,23.42,89.66,3.57,4.3718
20240912,Shivamogga,13.9299,75.5681,23.16,89.51,3.08,4.4974
20240913,Shivamogga,13.9299,75.5681,23.13,89.07,2.59,4.8689
20240914,Shivamogga,13.9299,75.5681,23.28,87.92,2.4,5.0422
20240915,Shivamogga,13.9299,75.5681,23.12,88.68,2.58,4.4974
20240916,Shivamogga,13.9299,75.5681,23.14,88.26,2.73,4.8845
20240917,Shivamogga,13.9299,75.5681,23.36,87.72,2.57,5.3916
20240918,Shivamogga,13.9299,75.5681,22.72,86.15,2.08,6.2381
20240919,Shivamogga,13.9299,75.5681,23.04,84.57,1.92,4.8113
20240920,Shivamogga,13.9299,75.5681,23.33,87.07,1.85,5.5486
20240921,Shivamogga,13.9299,75.5681,23.66,88.3,2.14,5.1156
20240922,Shivamogga,13.9299,75.5681,22.47,90.88,2.01,4.4604
20240923,Shivamogga,13.9299,75.5681,23.61,89.62,2.68,3.7783
20240924,Shivamogga,13.9299,75.5681,23.15,93.48,3.24,2.7223
20240925,Shivamogga,13.9299,75.5681,23.36,90.99,3.15,3.5498
20240926,Shivamogga,13.9299,75.5681,22.92,89.08,3.61,4.141
20240927,Shivamogga,13.9299,75.5681,22.95,90.62,2.39,3.7714
20240928,Shivamogga,13.9299,75.5681,23.86,88.15,1.38,5.2651
20240929,Shivamogga,13.9299,75.5681,24.64,87.67,1.51,4.8108
20240930,Shivamogga,13.9299,75.5681,25.64,83.27,0.98,5.215
20241001,Shivamogga,13.9299,75.5681,26.03,80.24,0.81,5.4194
20241002,Shivamogga,13.9299,75.5681,25.32,87.41,1.4,5.214
20241003,Shivamogga,13.9299,75.5681,24.21,89.43,1.59,4.7119
20241004,Shivamogga,13.9299,75.5681,24.22,88.96,1.55,5.0611
20241005,Shivamogga,13.9299,75.5681,23.67,89.83,1.63,4.1494
20241006,Shivamogga,13.9299,75.5681,23.4,91.31,1.18,4.1302
20241007,Shivamogga,13.9299,75.5681,23.98,82.05,1.86,5.0441
20241008,Shivamogga,13.9299,75.5681,24.17,85.97,1.66,4.4287
20241009,Shivamogga,13.9299,75.5681,24.52,88.38,1.47,4.7167
20241010,Shivamogga,13.9299,75.5681,24.73,87.22,1.34,4.1366
20241011,Shivamogga,13.9299,75.5681,24.41,89.52,1.27,4.5058
20241012,Shivamogga,13.9299,75.5681,24.67,88.27,1.27,3.7169
20241013,Shivamogga,13.9299,75.5681,24.87,85.95,1.44,4.4822
20241014,Shivamogga,13.9299,75.5681,23.92,88.15,1.6,3.5926
20241015,Shivamogga,13.9299,75.5681,23.11,91.29,2.1,2.5099
20241016,Shivamogga,13.9299,75.5681,23.41,89.49,1.8,2.8534
20241017,Shivamogga,13.9299,75.5681,23.53,89.96,1.09,3.8933
20241018,Shivamogga,13.9299,75.5681,22.94,91.26,1.88,4.3236
20241019,Shivamogga,13.9299,75.5681,23.56,88.44,0.77,3.3679
20241020,Shivamogga,13.9299,75.5681,23.77,90.12,1.6,3.6914
20241021,Shivamogga,13.9299,75.5681,24.2,87.04,1.19,4.2686
20241022,Shivamogga,13.9299,75.5681,24.32,84.79,1.0,4.3159
20241023,Shivamogga,13.9299,75.5681,24.6,82.44,0.91,4.8708
20241024,Shivamogga,13.9299,75.5681,24.28,82.21,0.96,4.7724
20241025,Shivamogga,13.9299,75.5681,23.7,83.95,0.93,4.8958
20241026,Shivamogga,13.9299,75.5681,23.24,84.79,1.28,5.1638
20241027,Shivamogga,13.9299,75.5681,22.92,87.41,1.41,5.0028
20241028,Shivamogga,13.9299,75.5681,22.73,88.14,1.41,4.3202
20241029,Shivamogga,13.9299,75.5681,23.29,87.65,1.2,5.148
20241030,Shivamogga,13.9299,75.5681,24.05,86.25,0.68,4.8089
20241031,Shivamogga,13.9299,75.5681,23.9,86.02,1.51,4.3421
20241101,Shivamogga,13.9299,75.5681,23.74,86.37,1.53,4.4294
20241102,Shivamogga,13.9299,75.5681,23.18,85.17,2.0,5.4859
20241103,Shivamogga,13.9299,75.5681,23.56,82.73,1.81,5.7698
20241104,Shivamogga,13.9299,75.5681,23.06,86.85,1.88,4.8204
20241105,Shivamogga,13.9299,75.5681,22.87,85.31,1.74,5.0976
20241106,Shivamogga,13.9299,75.5681,22.41,81.86,1.73,5.507
20241107,Shivamogga,13.9299,75.5681,22.5,82.78,1.79,5.2231
20241108,Shivamogga,13.9299,75.5681,23.05,84.88,1.95,5.3311
20241109,Shivamogga,13.9299,75.5681,22.59,84.82,2.1,5.3534
20241110,Shivamogga,13.9299,75.5681,22.55,83.24,1.64,5.6978
20241111,Shivamogga,13.9299,75.5681,21.7,80.82,1.81,4.8178
20241112,Shivamogga,13.9299,75.5681,20.87,83.75,2.17,4.201
20241113,Shivamogga,13.9299,75.5681,22.95,86.47,2.62,4.4532
20241114,Shivamogga,13.9299,75.5681,23.98,86.16,2.56,4.183
20241115,Shivamogga,13.9299,75.5681,23.93,87.78,2.08,4.1369
20241116,Shivamogga,13.9299,75.5681,23.62,87.37,2.5,4.3051
20241117,Shivamogga,13.9299,75.5681,23.49,86.15,2.41,3.7637
20241118,Shivamogga,13.9299,75.5681,23.28,85.88,2.24,4.3486
20241119,Shivamogga,13.9299,75.5681,22.45,84.05,2.16,4.8631
20241120,Shivamogga,13.9299,75.5681,21.59,84.93,1.9,4.7369
20241121,Shivamogga,13.9299,75.5681,21.42,82.25,1.82,4.6886
20241122,Shivamogga,13.9299,75.5681,20.87,80.88,1.65,5.1127
20241123,Shivamogga,13.9299,75.5681,21.43,81.4,1.44,5.1595
20241124,Shivamogga,13.9299,75.5681,20.9,80.75,1.66,5.4394
20241125,Shivamogga,13.9299,75.5681,20.36,83.94,2.29,4.6769
20241126,Shivamogga,13.9299,75.5681,21.19,85.73,2.02,4.4796
20241127,Shivamogga,13.9299,75.5681,21.8,84.25,2.6,3.989
20241128,Shivamogga,13.9299,75.5681,20.53,81.2,2.18,5.1398
20241129,Shivamogga,13.9299,75.5681,20.78,82.15,2.16,5.3009
20241130,Shivamogga,13.9299,75.5681,22.67,86.57,2.27,3.191
20241201,Shivamogga,13.9299,75.5681,22.54,89.57,1.75,3.0545
20241202,Shivamogga,13.9299,75.5681,23.08,89.31,1.68,1.8317
20241203,Shivamogga,13.9299,75.5681,22.54,95.19,2.71,2.0062
20241204,Shivamogga,13.9299,75.5681,23.29,84.75,2.13,3.2707
20241205,Shivamogga,13.9299,75.5681,23.73,85.88,1.88,4.0296
20241206,Shivamogga,13.9299,75.5681,24.32,81.6,0.99,4.9248
20241207,Shivamogga,13.9299,75.5681,23.77,84.5,0.79,4.193
20241208,Shivamogga,13.9299,75.5681,23.11,90.25,1.52,4.1129
20241209,Shivamogga,13.9299,75.5681,23.42,86.19,0.8,3.2119
20241210,Shivamogga,13.9299,75.5681,23.67,82.91,1.12,4.0668
20241211,Shivamogga,13.9299,75.5681,22.85,84.21,2.33,4.4554
20241212,Shivamogga,13.9299,75.5681,22.18,87.98,2.61,2.807
20241213,Shivamogga,13.9299,75.5681,22.16,85.22,2.88,2.9482
20241214,Shivamogga,13.9299,75.5681,22.07,82.75,2.74,4.6661
20241215,Shivamogga,13.9299,75.5681,19.68,79.88,2.43,5.3861
20241216,Shivamogga,13.9299,75.5681,18.26,77.16,2.17,5.4756
20241217,Shivamogga,13.9299,75.5681,19.74,72.2,1.35,5.7564
20241218,Shivamogga,13.9299,75.5681,20.55,84.86,1.57,5.5212
20241219,Shivamogga,13.9299,75.5681,23.17,84.63,1.38,4.543
20241220,Shivamogga,13.9299,75.5681,23.48,83.52,1.27,4.3606
20241221,Shivamogga,13.9299,75.5681,22.71,86.42,1.13,3.833
20241222,Shivamogga,13.9299,75.5681,22.43,85.59,0.85,4.2854
20241223,Shivamogga,13.9299,75.5681,22.59,84.28,0.86,3.9415
20241224,Shivamogga,13.9299,75.5681,22.47,85.18,1.45,4.5965
20241225,Shivamogga,13.9299,75.5681,22.64,79.56,0.99,4.1815
20241226,Shivamogga,13.9299,75.5681,22.86,83.87,2.07,3.4008
20241227,Shivamogga,13.9299,75.5681,23.24,82.88,3.03,4.2074
20241228,Shivamogga,13.9299,75.5681,22.32,77.46,2.36,5.7708
20241229,Shivamogga,13.9299,75.5681,21.28,74.73,2.21,5.797
20241230,Shivamogga,13.9299,75.5681,21.33,76.21,2.57,5.5824
20241231,Shivamogga,13.9299,75.5681,21.0,73.69,2.73,5.6544
20250101,Shivamogga,13.9299,75.5681,19.97,77.45,2.68,5.5949
20250102,Shivamogga,13.9299,75.5681,20.05,77.58,2.62,4.7165
20250103,Shivamogga,13.9299,75.5681,19.65,77.82,2.62,5.563
20250104,Shivamogga,13.9299,75.5681,18.9,72.13,2.18,5.9201
20250105,Shivamogga,13.9299,75.5681,19.3,70.41,1.85,5.7142
20250106,Shivamogga,13.9299,75.5681,19.81,66.53,1.29,5.8068
20250107,Shivamogga,13.9299,75.5681,19.18,67.43,1.86,5.791
20250108,Shivamogga,13.9299,75.5681,18.92,67.32,2.17,5.4962
20250109,Shivamogga,13.9299,75.5681,19.01,68.32,2.27,5.4487
20250110,Shivamogga,13.9299,75.5681,21.17,74.84,1.62,4.8581
20250111,Shivamogga,13.9299,75.5681,22.25,77.62,1.61,4.8278
20250112,Shivamogga,13.9299,75.5681,22.52,74.31,1.82,4.9387
20250113,Shivamogga,13.9299,75.5681,22.91,74.5,2.07,5.4238
20250114,Shivamogga,13.9299,75.5681,22.75,78.86,2.26,4.4138
20250115,Shivamogga,13.9299,75.5681,22.11,70.02,2.69,4.9596
20250116,Shivamogga,13.9299,75.5681,22.06,70.89,2.56,5.4766
20250117,Shivamogga,13.9299,75.5681,21.89,72.91,2.86,5.3239
20250118,Shivamogga,13.9299,75.5681,21.36,70.61,2.89,4.5043
20250119,Shivamogga,13.9299,75.5681,21.73,77.14,2.44,4.3711
20250120,Shivamogga,13.9299,75.5681,21.9,68.79,2.23,5.6652
20250121,Shivamogga,13.9299,75.5681,20.94,63.58,2.1,5.9746
20250122,Shivamogga,13.9299,75.5681,21.74,59.2,1.93,6.0816
20250123,Shivamogga,13.9299,75.5681,23.02,65.44,2.09,5.7326
20250124,Shivamogga,13.9299,75.5681,21.74,58.32,2.2,6.2249
20250125,Shivamogga,13.9299,75.5681,20.45,56.54,2.48,6.2143
20250126,Shivamogga,13.9299,75.5681,20.55,52.23,2.7,6.4978
20250127,Shivamogga,13.9299,75.5681,21.02,57.03,2.25,6.2722
20250128,Shivamogga,13.9299,75.5681,21.79,55.95,1.51,5.4403
20250129,Shivamogga,13.9299,75.5681,21.69,53.88,2.29,6.1826
20250130,Shivamogga,13.9299,75.5681,22.29,52.13,1.36,6.0554
20250131,Shivamogga,13.9299,75.5681,22.72,47.17,1.15,6.0934
20250201,Shivamogga,13.9299,75.5681,23.75,57.72,1.43,6.0269
20250202,Shivamogga,13.9299,75.5681,23.38,52.26,1.82,5.9729
20250203,Shivamogga,13.9299,75.5681,22.64,46.95,1.74,6.4193
20250204,Shivamogga,13.9299,75.5681,23.05,51.83,1.68,6.4164
20250205,Shivamogga,13.9299,75.5681,23.23,49.63,1.69,6.281
20250206,Shivamogga,13.9299,75.5681,23.2,48.21,1.86,6.4246
20250207,Shivamogga,13.9299,75.5681,23.37,49.07,2.13,6.4807
20250208,Shivamogga,13.9299,75.5681,23.34,50.12,2.31,6.2784
20250209,Shivamogga,13.9299,75.5681,23.69,54.64,2.36,5.9316
20250210,Shivamogga,13.9299,75.5681,23.51,53.31,2.25,6.175
20250211,Shivamogga,13.9299,75.5681,23.5,51.21,2.01,6.4445
20250212,Shivamogga,13.9299,75.5681,23.52,44.88,2.17,6.5911
20250213,Shivamogga,13.9299,75.5681,24.24,43.95,1.76,6.517
20250214,Shivamogga,13.9299,75.5681,24.08,43.69,1.57,6.2575
20250215,Shivamogga,13.9299,75.5681,23.84,41.15,2.08,6.4039
20250216,Shivamogga,13.9299,75.5681,23.84,43.93,2.1,6.6521
20250217,Shivamogga,13.9299,75.5681,24.61,46.02,1.87,6.5678
20250218,Shivamogga,13.9299,75.5681,24.92,46.99,1.4,6.4409
20250219,Shivamogga,13.9299,75.5681,25.24,48.53,1.08,6.3269
20250220,Shivamogga,13.9299,75.5681,26.41,52.88,0.91,5.9594
20250221,Shivamogga,13.9299,75.5681,26.64,47.46,1.79,6.0586
20250222,Shivamogga,13.9299,75.5681,26.45,47.41,2.39,6.1687
20250223,Shivamogga,13.9299,75.5681,25.46,40.48,2.55,5.8838
20250224,Shivamogga,13.9299,75.5681,24.85,38.2,3.08,6.9329
20250225,Shivamogga,13.9299,75.5681,24.57,37.64,3.09,6.8599
20250226,Shivamogga,13.9299,75.5681,25.57,43.61,3.28,6.8561
20250227,Shivamogga,13.9299,75.5681,25.53,43.91,2.8,6.6444
20250228,Shivamogga,13.9299,75.5681,25.81,40.53,2.61,6.2554
20250301,Shivamogga,13.9299,75.5681,26.11,37.64,2.46,6.5803
20250302,Shivamogga,13.9299,75.5681,26.57,42.61,2.61,6.7598
20250303,Shivamogga,13.9299,75.5681,26.69,41.2,2.33,6.1546
20250304,Shivamogga,13.9299,75.5681,27.36,35.77,2.67,5.6304
20250305,Shivamogga,13.9299,75.5681,27.09,37.18,1.76,6.1274
20250306,Shivamogga,13.9299,75.5681,26.51,38.01,2.08,6.8172
20250307,Shivamogga,13.9299,75.5681,25.64,22.19,1.74,7.3442
20250308,Shivamogga,13.9299,75.5681,25.76,42.14,1.28,7.0889
20250309,Shivamogga,13.9299,75.5681,27.19,29.09,1.76,6.9492
20250310,Shivamogga,13.9299,75.5681,26.82,33.44,3.19,7.0874
20250311,Shivamogga,13.9299,75.5681,26.71,38.07,3.48,6.9905
20250312,Shivamogga,13.9299,75.5681,28.17,50.18,2.04,6.8126
20250313,Shivamogga,13.9299,75.5681,27.77,58.2,1.2,5.8798
20250314,Shivamogga,13.9299,75.5681,28.18,47.08,1.1,6.5666
20250315,Shivamogga,13.9299,75.5681,27.48,46.0,1.37,6.7759
20250316,Shivamogga,13.9299,75.5681,27.38,38.62,1.59,6.9818
20250317,Shivamogga,13.9299,75.5681,26.29,62.45,1.23,6.0444
20250318,Shivamogga,13.9299,75.5681,28.08,57.45,1.32,6.4274
20250319,Shivamogga,13.9299,75.5681,28.64,58.03,1.34,5.8464
20250320,Shivamogga,13.9299,75.5681,28.71,60.5,2.08,6.0391
20250321,Shivamogga,13.9299,75.5681,28.79,55.62,1.76,6.305
20250322,Shivamogga,13.9299,75.5681,29.09,44.55,1.96,6.8748
20250323,Shivamogga,13.9299,75.5681,28.55,46.49,1.58,6.5388
20250324,Shivamogga,13.9299,75.5681,28.8,51.39,1.34,6.5813
20250325,Shivamogga,13.9299,75.5681,29.81,43.24,1.21,5.2435
20250326,Shivamogga,13.9299,75.5681,28.71,55.6,1.39,5.4343
20250327,Shivamogga,13.9299,75.5681,28.52,53.91,1.89,6.0929
20250328,Shivamogga,13.9299,75.5681,28.71,54.58,1.25,6.2818
20250329,Shivamogga,13.9299,75.5681,29.03,46.11,1.05,5.8831
20250330,Shivamogga,13.9299,75.5681,28.65,47.17,1.43,5.9299
20250331,Shivamogga,13.9299,75.5681,29.21,48.76,1.43,5.8358
20250401,Shivamogga,13.9299,75.5681,28.65,49.5,1.47,6.3439
20250402,Shivamogga,13.9299,75.5681,28.51,45.05,1.3,4.8384
20250403,Shivamogga,13.9299,75.5681,25.57,78.05,1.23,4.5917
20250404,Shivamogga,13.9299,75.5681,27.33,65.63,1.66,6.4742
20250405,Shivamogga,13.9299,75.5681,27.75,60.66,1.63,5.3225
20250406,Shivamogga,13.9299,75.5681,28.12,61.81,1.64,6.3768
20250407,Shivamogga,13.9299,75.5681,28.63,51.13,1.43,6.9965
20250408,Shivamogga,13.9299,75.5681,28.37,50.7,1.77,6.3799
20250409,Shivamogga,13.9299,75.5681,28.3,52.89,1.52,6.2489
20250410,Shivamogga,13.9299,75.5681,27.46,61.64,2.79,6.6905
20250411,Shivamogga,13.9299,75.5681,27.27,65.14,2.55,5.8363
20250412,Shivamogga,13.9299,75.5681,27.65,63.1,2.01,6.2146
20250413,Shivamogga,13.9299,75.5681,28.18,57.51,1.73,7.0267
20250414,Shivamogga,13.9299,75.5681,28.59,56.19,1.32,6.0912
20250415,Shivamogga,13.9299,75.5681,28.81,57.7,1.02,6.8741
20250416,Shivamogga,13.9299,75.5681,27.56,66.64,2.16,6.7296
20250417,Shivamogga,13.9299,75.5681,28.5,61.18,1.69,5.658
20250418,Shivamogga,13.9299,75.5681,28.41,63.93,2.18,6.3065
20250419,Shivamogga,13.9299,75.5681,28.4,64.69,2.22,6.3535
20250420,Shivamogga,13.9299,75.5681,28.44,65.63,1.61,5.3453
20250421,Shivamogga,13.9299,75.5681,28.84,64.92,1.43,6.6298
20250422,Shivamogga,13.9299,75.5681,30.05,52.51,1.22,6.7577
20250423,Shivamogga,13.9299,75.5681,29.15,60.03,1.4,6.4812
20250424,Shivamogga,13.9299,75.5681,28.13,66.35,1.67,6.3833
20250425,Shivamogga,13.9299,75.5681,29.17,63.8,1.32,5.4353
20250426,Shivamogga,13.9299,75.5681,29.01,65.66,1.71,6.2664
20250427,Shivamogga,13.9299,75.5681,28.32,67.79,1.13,5.6076
20250428,Shivamogga,13.9299,75.5681,27.91,67.64,1.68,6.2822
20250429,Shivamogga,13.9299,75.5681,28.83,59.61,1.26,6.109
20250430,Shivamogga,13.9299,75.5681,28.53,64.4,1.54,5.963
20250501,Shivamogga,13.9299,75.5681,28.76,64.16,1.5,6.3288
20250502,Shivamogga,13.9299,75.5681,28.72,63.96,2.14,6.5976
20250503,Shivamogga,13.9299,75.5681,27.13,71.64,1.97,6.0924
20250504,Shivamogga,13.9299,75.5681,26.6,65.13,1.93,7.1959
20250505,Shivamogga,13.9299,75.5681,27.45,64.35,1.61,6.9785
20250506,Shivamogga,13.9299,75.5681,27.69,64.15,2.21,7.4088
20250507,Shivamogga,13.9299,75.5681,27.71,61.96,2.34,7.2823
20250508,Shivamogga,13.9299,75.5681,26.79,62.76,2.82,6.9161
20250509,Shivamogga,13.9299,75.5681,26.66,64.34,1.77,7.4006
20250510,Shivamogga,13.9299,75.5681,26.24,68.06,1.67,6.7289
20250511,Shivamogga,13.9299,75.5681,27.6,66.38,2.25,6.4469
20250512,Shivamogga,13.9299,75.5681,27.53,68.3,1.44,6.0437
20250513,Shivamogga,13.9299,75.5681,25.0,83.64,1.34,5.6458
20250514,Shivamogga,13.9299,75.5681,26.03,76.84,1.66,6.0545
20250515,Shivamogga,13.9299,75.5681,25.09,82.54,1.82,5.5534
20250516,Shivamogga,13.9299,75.5681,25.01,86.6,1.66,5.1029
20250517,Shivamogga,13.9299,75.5681,26.01,79.9,1.34,4.3282
20250518,Shivamogga,13.9299,75.5681,25.1,85.23,1.82,4.5091
20250519,Shivamogga,13.9299,75.5681,25.12,86.68,2.29,3.637
20250520,Shivamogga,13.9299,75.5681,26.05,80.68,3.15,2.2078
20250521,Shivamogga,13.9299,75.5681,24.02,88.9,4.25,2.9422
20250522,Shivamogga,13.9299,75.5681,24.46,86.62,4.66,4.4561
20250523,Shivamogga,13.9299,75.5681,25.23,83.69,4.8,3.6202
20250524,Shivamogga,13.9299,75.5681,24.84,89.26,5.62,3.2894
20250525,Shivamogga,13.9299,75.5681,25.06,85.07,5.43,1.2799
20250526,Shivamogga,13.9299,75.5681,23.75,88.23,4.95,2.6921
20250527,Shivamogga,13.9299,75.5681,23.53,84.9,5.07,2.7199
20250528,Shivamogga,13.9299,75.5681,23.72,85.94,4.63,2.8318
20250529,Shivamogga,13.9299,75.5681,23.0,87.79,4.69,3.2477
20250530,Shivamogga,13.9299,75.5681,24.48,86.31,4.64,3.4378
20250531,Shivamogga,13.9299,75.5681,24.18,84.71,3.89,5.5502
20250601,Shivamogga,13.9299,75.5681,23.67,82.85,3.22,4.9973
20250602,Shivamogga,13.9299,75.5681,24.63,84.08,3.43,4.764
20250603,Shivamogga,13.9299,75.5681,24.7,83.19,3.29,4.422
20250604,Shivamogga,13.9299,75.5681,23.99,81.96,2.88,5.0777
20250605,Shivamogga,13.9299,75.5681,24.31,78.24,2.32,5.8373
20250606,Shivamogga,13.9299,75.5681,24.8,80.46,2.13,6.3463
20250607,Shivamogga,13.9299,75.5681,24.93,81.82,2.69,5.9251
20250608,Shivamogga,13.9299,75.5681,25.02,82.44,2.72,5.6148
20250609,Shivamogga,13.9299,75.5681,24.96,82.05,3.16,4.4254
20250610,Shivamogga,13.9299,75.5681,24.35,86.37,3.05,5.2663
20250611,Shivamogga,13.9299,75.5681,24.44,88.5,3.44,3.3677
20250612,Shivamogga,13.9299,75.5681,23.88,91.24,2.24,2.2562
20250613,Shivamogga,13.9299,75.5681,24.02,88.84,3.67,2.6374
20250614,Shivamogga,13.9299,75.5681,23.47,88.78,5.61,2.7948
20250615,Shivamogga,13.9299,75.5681,23.21,89.25,6.48,1.8089
20250616,Shivamogga,13.9299,75.5681,23.71,84.03,7.02,2.3734
20250617,Shivamogga,13.9299,75.5681,24.24,88.62,4.69,2.5166
20250618,Shivamogga,13.9299,75.5681,24.49,87.32,4.57,4.3805
20250619,Shivamogga,13.9299,75.5681,24.62,85.69,4.38,4.8108
20250620,Shivamogga,13.9299,75.5681,24.59,85.52,4.14,4.4945
20250621,Shivamogga,13.9299,75.5681,24.42,86.0,4.32,4.8886
20250622,Shivamogga,13.9299,75.5681,24.39,86.6,4.52,3.385
20250623,Shivamogga,13.9299,75.5681,24.05,84.84,5.42,3.289
20250624,Shivamogga,13.9299,75.5681,22.87,85.56,5.21,2.5522
20250625,Shivamogga,13.9299,75.5681,23.81,86.72,5.16,2.9345
20250626,Shivamogga,13.9299,75.5681,24.23,84.81,5.51,2.2781
20250627,Shivamogga,13.9299,75.5681,23.85,87.67,4.8,3.9173
20250628,Shivamogga,13.9299,75.5681,24.2,85.66,4.32,4.6615
20250629,Shivamogga,13.9299,75.5681,23.74,86.91,4.42,4.2454
20250630,Shivamogga,13.9299,75.5681,23.94,85.78,4.46,4.3618
20250701,Shivamogga,13.9299,75.5681,23.92,86.1,4.01,3.3689
20250702,Shivamogga,13.9299,75.5681,24.22,84.97,4.52,2.3717
20250703,Shivamogga,13.9299,75.5681,23.3,83.99,4.86,2.3378
20250704,Shivamogga,13.9299,75.5681,23.01,86.87,4.95,2.4624
20250705,Shivamogga,13.9299,75.5681,23.28,87.61,5.24,2.6326
20250706,Shivamogga,13.9299,75.5681,23.75,86.74,5.6,3.2962
20250707,Shivamogga,13.9299,75.5681,23.84,85.74,5.46,3.2767
20250708,Shivamogga,13.9299,75.5681,23.71,86.57,4.86,3.9523
20250709,Shivamogga,13.9299,75.5681,24.06,85.57,4.65,3.1891
20250710,Shivamogga,13.9299,75.5681,24.17,85.43,4.03,4.0673
20250711,Shivamogga,13.9299,75.5681,24.31,86.62,3.62,3.047
20250712,Shivamogga,13.9299,75.5681,24.18,85.79,3.73,3.5388
20250713,Shivamogga,13.9299,75.5681,24.22,85.78,4.26,3.5825
20250714,Shivamogga,13.9299,75.5681,24.04,86.94,4.68,2.9623
20250715,Shivamogga,13.9299,75.5681,24.16,85.85,4.95,2.8502
20250716,Shivamogga,13.9299,75.5681,24.05,87.62,4.17,3.1651
20250717,Shivamogga,13.9299,75.5681,23.95,87.18,4.16,3.6878
20250718,Shivamogga,13.9299,75.5681,23.44,89.98,3.58,3.0163
20250719,Shivamogga,13.9299,75.5681,23.19,89.67,3.69,2.3873
20250720,Shivamogga,13.9299,75.5681,23.98,87.24,4.58,3.2599
20250721,Shivamogga,13.9299,75.5681,22.69,86.45,4.57,2.7631
20250722,Shivamogga,13.9299,75.5681,22.39,86.61,4.49,2.7482
20250723,Shivamogga,13.9299,75.5681,23.2,88.09,5.18,2.6218
20250724,Shivamogga,13.9299,75.5681,23.37,88.66,5.31,2.2073
20250725,Shivamogga,13.9299,75.5681,23.44,88.25,6.12,2.1715
20250726,Shivamogga,13.9299,75.5681,23.4,87.76,6.52,2.2817
20250727,Shivamogga,13.9299,75.5681,22.9,87.02,5.87,3.3449
20250728,Shivamogga,13.9299,75.5681,22.75,87.31,5.35,3.2237
20250729,Shivamogga,13.9299,75.5681,23.02,86.13,5.87,2.8279
20250730,Shivamogga,13.9299,75.5681,23.23,86.71,5.18,3.0958
20250731,Shivamogga,13.9299,75.5681,23.71,86.19,4.25,3.6437
20250801,Shivamogga,13.9299,75.5681,23.63,86.76,3.31,3.8998
20250802,Shivamogga,13.9299,75.5681,23.72,86.31,3.16,4.2113
20250803,Shivamogga,13.9299,75.5681,23.52,87.68,2.47,4.9042
20250804,Shivamogga,13.9299,75.5681,23.68,88.85,2.96,4.2322
20250805,Shivamogga,13.9299,75.5681,23.84,90.42,3.1,4.1206
20250806,Shivamogga,13.9299,75.5681,23.81,90.54,3.35,4.5108
20250807,Shivamogga,13.9299,75.5681,23.5,89.8,3.2,3.8837
20250808,Shivamogga,13.9299,75.5681,23.02,92.95,1.69,3.5767
20250809,Shivamogga,13.9299,75.5681,22.92,89.08,1.49,3.8724
20250810,Shivamogga,13.9299,75.5681,22.58,87.77,2.58,3.5796
20250811,Shivamogga,13.9299,75.5681,21.75,88.76,3.14,3.6842
20250812,Shivamogga,13.9299,75.5681,21.74,85.84,2.88,3.1222
20250813,Shivamogga,13.9299,75.5681,21.82,89.64,3.37,2.7662
20250814,Shivamogga,13.9299,75.5681,22.82,90.2,3.73,2.4072
20250815,Shivamogga,13.9299,75.5681,23.15,88.18,4.75,2.5918
20250816,Shivamogga,13.9299,75.5681,23.29,89.08,4.5,3.6936
20250817,Shivamogga,13.9299,75.5681,22.96,90.23,5.11,1.9649
20250818,Shivamogga,13.9299,75.5681,22.4,90.0,5.46,2.0299
20250819,Shivamogga,13.9299,75.5681,22.14,89.26,5.62,2.9597
20250820,Shivamogga,13.9299,75.5681,22.22,87.95,4.65,3.0012
20250821,Shivamogga,13.9299,75.5681,23.0,88.47,3.21,4.0387
20250822,Shivamogga,13.9299,75.5681,23.31,88.08,2.73,4.6601
20250823,Shivamogga,13.9299,75.5681,22.95,88.58,2.74,4.3519
20250824,Shivamogga,13.9299,75.5681,23.02,87.2,3.0,5.4444
20250825,Shivamogga,13.9299,75.5681,22.8,87.1,2.88,5.6071
20250826,Shivamogga,13.9299,75.5681,23.15,86.95,3.66,2.9611
20250827,Shivamogga,13.9299,75.5681,22.84,90.0,3.65,2.3611
20250828,Shivamogga,13.9299,75.5681,22.7,88.89,3.78,2.4396
20250829,Shivamogga,13.9299,75.5681,23.13,90.81,3.98,2.8447
20250830,Shivamogga,13.9299,75.5681,23.14,90.26,3.73,3.481
20250831,Shivamogga,13.9299,75.5681,23.48,89.29,3.77,3.007
20250901,Shivamogga,13.9299,75.5681,23.05,89.03,3.77,3.4872
20250902,Shivamogga,13.9299,75.5681,22.95,89.42,3.85,3.2201
20250903,Shivamogga,13.9299,75.5681,23.27,88.56,3.84,3.1118
20250904,Shivamogga,13.9299,75.5681,23.48,87.8,3.71,3.4238
20250905,Shivamogga,13.9299,75.5681,23.2,88.67,2.71,3.9559
20250906,Shivamogga,13.9299,75.5681,23.41,87.66,2.44,4.0183
20250907,Shivamogga,13.9299,75.5681,22.95,87.78,2.66,3.619
20250908,Shivamogga,13.9299,75.5681,22.81,87.07,2.1,5.1638
20250909,Shivamogga,13.9299,75.5681,23.87,85.01,1.45,5.2747
20250910,Shivamogga,13.9299,75.5681,24.46,84.41,1.91,5.3482
20250911,Shivamogga,13.9299,75.5681,23.07,87.16,1.97,4.8079
20250912,Shivamogga,13.9299,75.5681,22.85,88.32,1.92,5.4149
20250913,Shivamogga,13.9299,75.5681,23.17,88.94,2.37,5.1907
20250914,Shivamogga,13.9299,75.5681,23.0,87.6,2.18,4.722
20250915,Shivamogga,13.9299,75.5681,22.64,91.29,2.22,4.0582
20250916,Shivamogga,13.9299,75.5681,23.13,90.3,1.86,3.4538
20250917,Shivamogga,13.9299,75.5681,23.8,87.95,2.32,4.1484
20250918,Shivamogga,13.9299,75.5681,23.32,90.29,2.73,4.392
20250919,Shivamogga,13.9299,75.5681,23.35,87.97,3.0,4.2425
20250920,Shivamogga,13.9299,75.5681,23.09,89.07,2.3,4.7438
20250921,Shivamogga,13.9299,75.5681,23.58,87.66,2.37,4.5862
20250922,Shivamogga,13.9299,75.5681,22.78,88.48,2.54,4.459
20250923,Shivamogga,13.9299,75.5681,22.68,88.98,2.36,3.5878
20250924,Shivamogga,13.9299,75.5681,22.64,87.62,2.67,3.7351
20250925,Shivamogga,13.9299,75.5681,22.93,87.19,2.61,4.3073
20250926,Shivamogga,13.9299,75.5681,23.06,87.49,2.98,4.2262
20250927,Shivamogga,13.9299,75.5681,20.59,92.04,3.18,3.1346
20250928,Shivamogga,13.9299,75.5681,22.55,88.43,3.8,3.4838
20250929,Shivamogga,13.9299,75.5681,22.63,88.68,3.32,4.3178
20250930,Shivamogga,13.9299,75.5681,22.64,88.9,2.81,4.8886
20251001,Shivamogga,13.9299,75.5681,22.94,88.69,2.74,3.696
20251002,Shivamogga,13.9299,75.5681,23.25,89.54,2.43,3.7555
20251003,Shivamogga,13.9299,75.5681,23.72,86.66,2.07,5.1902
20251004,Shivamogga,13.9299,75.5681,23.51,86.69,1.62,4.8142
20251005,Shivamogga,13.9299,75.5681,23.73,84.42,1.72,5.8531
20251006,Shivamogga,13.9299,75.5681,23.1,83.1,1.83,5.7348
20251007,Shivamogga,13.9299,75.5681,23.33,82.76,1.46,6.1282
20251008,Shivamogga,13.9299,75.5681,24.62,83.49,1.07,5.3366
20251009,Shivamogga,13.9299,75.5681,24.39,84.86,1.62,5.1391
20251010,Shivamogga,13.9299,75.5681,23.87,87.43,2.09,3.4709
20251011,Shivamogga,13.9299,75.5681,23.42,81.95,2.16,3.6653
20251012,Shivamogga,13.9299,75.5681,22.38,78.6,2.12,6.2172
20251013,Shivamogga,13.9299,75.5681,22.73,83.18,2.04,5.5898
20251014,Shivamogga,13.9299,75.5681,24.29,83.71,2.16,4.7117
20251015,Shivamogga,13.9299,75.5681,24.72,82.36,2.32,4.6771
20251016,Shivamogga,13.9299,75.5681,24.37,85.76,3.07,4.0195
20251017,Shivamogga,13.9299,75.5681,24.48,83.93,3.18,4.7796
20251018,Shivamogga,13.9299,75.5681,23.78,85.7,2.91,5.1389
20251019,Shivamogga,13.9299,75.5681,24.18,85.79,2.55,4.6226
20251020,Shivamogga,13.9299,75.5681,24.0,85.13,2.35,4.6526
20251021,Shivamogga,13.9299,75.5681,23.85,85.96,2.84,4.2686
20251022,Shivamogga,13.9299,75.5681,23.49,86.84,3.39,2.8421
20251023,Shivamogga,13.9299,75.5681,23.37,86.83,2.51,3.8918
20251024,Shivamogga,13.9299,75.5681,22.6,89.87,1.96,3.1354
20251025,Shivamogga,13.9299,75.5681,22.94,86.95,1.65,4.871
20251026,Shivamogga,13.9299,75.5681,23.51,87.94,1.67,3.6295
20251027,Shivamogga,13.9299,75.5681,23.18,91.18,1.87,2.8356
20251028,Shivamogga,13.9299,75.5681,22.08,90.76,2.14,3.9756
20251029,Shivamogga,13.9299,75.5681,22.09,89.3,3.03,4.2348
20251030,Shivamogga,13.9299,75.5681,22.21,88.02,3.0,4.9702
20251031,Shivamogga,13.9299,75.5681,21.99,88.01,2.37,4.6543
20251101,Shivamogga,13.9299,75.5681,21.72,85.93,1.75,6.2395
20251102,Shivamogga,13.9299,75.5681,22.84,87.73,1.34,4.8626
20251103,Shivamogga,13.9299,75.5681,22.65,87.21,1.56,4.9865
20251104,Shivamogga,13.9299,75.5681,23.02,85.59,1.5,4.085
20251105,Shivamogga,13.9299,75.5681,22.72,86.15,1.84,5.875
20251106,Shivamogga,13.9299,75.5681,21.29,81.32,1.3,6.0506
20251107,Shivamogga,13.9299,75.5681,22.1,84.27,1.26,5.453
20251108,Shivamogga,13.9299,75.5681,21.8,79.57,1.6,4.2446
20251109,Shivamogga,13.9299,75.5681,19.18,68.4,1.89,6.2549
20251110,Shivamogga,13.9299,75.5681,19.9,71.95,1.19,5.837
20251111,Shivamogga,13.9299,75.5681,21.48,79.78,1.32,5.4931
20251112,Shivamogga,13.9299,75.5681,22.28,77.43,1.99,4.8674
20251113,Shivamogga,13.9299,75.5681,22.45,78.68,2.21,4.5612
20251114,Shivamogga,13.9299,75.5681,20.49,73.26,2.38,4.6634
20251115,Shivamogga,13.9299,75.5681,19.56,74.2,2.11,5.7895
20251116,Shivamogga,13.9299,75.5681,20.75,78.03,2.39,5.387
20251117,Shivamogga,13.9299,75.5681,20.45,76.91,2.53,5.5884
20251118,Shivamogga,13.9299,75.5681,21.59,76.31,2.44,5.0897
20251119,Shivamogga,13.9299,75.5681,23.16,80.41,2.29,4.3939
20251120,Shivamogga,13.9299,75.5681,22.46,74.06,2.12,5.5354
20251121,Shivamogga,13.9299,75.5681,22.75,79.57,2.31,5.1418
20251122,Shivamogga,13.9299,75.5681,23.34,83.6,2.72,3.4721
20251123,Shivamogga,13.9299,75.5681,23.67,80.29,2.56,4.4801
20251124,Shivamogga,13.9299,75.5681,23.96,79.34,2.4,4.8732
20251125,Shivamogga,13.9299,75.5681,22.14,75.81,2.91,5.6666
20251126,Shivamogga,13.9299,75.5681,21.02,75.21,2.84,4.7304
20251127,Shivamogga,13.9299,75.5681,21.08,74.91,3.07,5.1751
20251128,Shivamogga,13.9299,75.5681,20.25,76.85,2.37,4.721
20251129,Shivamogga,13.9299,75.5681,20.54,74.78,2.11,4.9109
20251130,Shivamogga,13.9299,75.5681,22.12,79.54,2.13,4.3214
20251201,Shivamogga,13.9299,75.5681,22.36,76.63,1.72,4.7489
20251202,Shivamogga,13.9299,75.5681,23.09,75.46,1.61,5.1682
20251203,Shivamogga,13.9299,75.5681,23.39,79.11,2.74,4.1952
20251204,Shivamogga,13.9299,75.5681,22.36,86.64,2.61,3.7202
20251205,Shivamogga,13.9299,75.5681,23.25,77.9,3.42,3.8388
20251206,Shivamogga,13.9299,75.5681,21.39,76.53,2.9,4.2523
20251207,Shivamogga,13.9299,75.5681,22.28,73.26,2.54,5.257
20251208,Shivamogga,13.9299,75.5681,21.43,67.63,2.31,5.1643
20251209,Shivamogga,13.9299,75.5681,20.27,67.25,2.58,5.4929
20251210,Shivamogga,13.9299,75.5681,20.0,66.29,2.68,5.5834
20251211,Shivamogga,13.9299,75.5681,19.27,67.17,2.97,5.5862
20251212,Shivamogga,13.9299,75.5681,18.93,64.89,2.44,5.7552
20251213,Shivamogga,13.9299,75.5681,18.73,60.48,1.99,5.7665
20251214,Shivamogga,13.9299,75.5681,18.66,64.74,2.37,5.7883
20251215,Shivamogga,13.9299,75.5681,19.04,66.53,2.72,5.5536
20251216,Shivamogga,13.9299,75.5681,21.02,74.04,3.02,4.1314
20251217,Shivamogga,13.9299,75.5681,22.25,71.84,2.9,5.5882
20251218,Shivamogga,13.9299,75.5681,19.37,65.66,2.81,4.9783
20251219,Shivamogga,13.9299,75.5681,18.88,64.33,2.38,5.1742
20251220,Shivamogga,13.9299,75.5681,19.16,61.9,1.74,5.2495
20251221,Shivamogga,13.9299,75.5681,19.33,66.39,1.97,4.6138
20251222,Shivamogga,13.9299,75.5681,19.68,70.44,2.39,5.0707
20251223,Shivamogga,13.9299,75.5681,19.95,70.12,2.27,5.4619
20251224,Shivamogga,13.9299,75.5681,19.91,69.57,1.99,5.305
20251225,Shivamogga,13.9299,75.5681,19.82,69.5,1.72,5.3258
20251226,Shivamogga,13.9299,75.5681,20.45,68.55,1.97,5.4701
20251227,Shivamogga,13.9299,75.5681,20.01,66.15,2.27,5.4077
20251228,Shivamogga,13.9299,75.5681,20.01,67.23,1.98,5.3597
20251229,Shivamogga,13.9299,75.5681,20.86,70.19,1.83,5.2282
20251230,Shivamogga,13.9299,75.5681,21.83,73.47,1.21,4.8504
20251231,Shivamogga,13.9299,75.5681,22.23,73.16,1.22,4.1923
