Date,District,Latitude,Longitude,Temperature,Humidity,WindSpeed,GHI
20200101,Tumakuru,13.3409,77.101,22.87,73.28,1.83,4.1316
20200102,Tumakuru,13.3409,77.101,24.02,73.53,1.46,4.1299
20200103,Tumakuru,13.3409,77.101,24.44,71.54,1.77,4.9063
20200104,Tumakuru,13.3409,77.101,24.51,67.93,0.91,5.0388
20200105,Tumakuru,13.3409,77.101,23.33,71.5,1.79,4.7875
20200106,Tumakuru,13.3409,77.101,24.05,71.0,3.12,3.3055
20200107,Tumakuru,13.3409,77.101,23.39,67.67,2.71,4.0798
20200108,Tumakuru,13.3409,77.101,23.09,65.86,1.72,5.5032
20200109,Tumakuru,13.3409,77.101,23.16,68.66,1.54,5.3162
20200110,Tumakuru,13.3409,77.101,22.83,68.49,2.91,5.1881
20200111,Tumakuru,13.3409,77.101,21.91,66.9,2.87,5.6424
20200112,Tumakuru,13.3409,77.101,21.67,67.68,2.54,4.95
20200113,Tumakuru,13.3409,77.101,22.14,65.71,1.19,5.394
20200114,Tumakuru,13.3409,77.101,22.19,62.14,2.03,5.8625
20200115,Tumakuru,13.3409,77.101,21.32,57.56,2.31,5.9772
20200116,Tumakuru,13.3409,77.101,21.06,60.58,2.12,5.8932
20200117,Tumakuru,13.3409,77.101,22.14,60.85,2.67,5.3441
20200118,Tumakuru,13.3409,77.101,23.84,65.0,2.63,4.884
20200119,Tumakuru,13.3409,77.101,24.44,63.06,2.22,5.4161
20200120,Tumakuru,13.3409,77.101,24.27,56.31,2.72,5.8164
20200121,Tumakuru,13.3409,77.101,23.15,52.29,2.97,6.1282
20200122,Tumakuru,13.3409,77.101,23.14,56.97,2.98,6.0758
20200123,Tumakuru,13.3409,77.101,23.9,52.45,2.81,6.161
20200124,Tumakuru,13.3409,77.101,23.21,49.29,2.81,5.9796
20200125,Tumakuru,13.3409,77.101,22.75,46.15,2.52,5.9218
20200126,Tumakuru,13.3409,77.101,23.61,44.67,2.63,6.0264
20200127,Tumakuru,13.3409,77.101,24.75,43.85,1.86,5.9633
20200128,Tumakuru,13.3409,77.101,25.14,57.41,1.89,5.2327
20200129,Tumakuru,13.3409,77.101,25.76,51.37,0.87,5.8049
20200130,Tumakuru,13.3409,77.101,25.93,43.81,1.22,6.156
20200131,Tumakuru,13.3409,77.101,25.57,41.57,0.71,6.1754
20200201,Tumakuru,13.3409,77.101,25.34,50.68,3.0,5.8848
20200202,Tumakuru,13.3409,77.101,24.79,52.79,2.95,5.4878
20200203,Tumakuru,13.3409,77.101,24.81,48.57,2.82,6.1603
20200204,Tumakuru,13.3409,77.101,24.62,49.96,2.55,6.4433
20200205,Tumakuru,13.3409,77.101,25.24,51.2,2.46,6.1289
20200206,Tumakuru,13.3409,77.101,25.82,49.13,1.94,5.7058
20200207,Tumakuru,13.3409,77.101,25.7,50.38,2.46,5.383
20200208,Tumakuru,13.3409,77.101,25.27,50.0,1.72,6.1097
20200209,Tumakuru,13.3409,77.101,24.72,53.18,2.34,5.4103
20200210,Tumakuru,13.3409,77.101,25.38,51.38,3.15,6.1843
20200211,Tumakuru,13.3409,77.101,25.46,48.66,3.72,6.5808
20200212,Tumakuru,13.3409,77.101,24.48,47.88,3.11,6.3175
20200213,Tumakuru,13.3409,77.101,24.18,46.97,2.81,6.4546
20200214,Tumakuru,13.3409,77.101,24.81,42.36,2.12,6.4474
20200215,Tumakuru,13.3409,77.101,25.32,28.61,1.87,6.6497
20200216,Tumakuru,13.3409,77.101,25.08,30.08,2.96,6.5914
20200217,Tumakuru,13.3409,77.101,24.53,31.23,2.9,6.4937
20200218,Tumakuru,13.3409,77.101,24.61,37.83,3.36,6.7534
20200219,Tumakuru,13.3409,77.101,25.24,43.03,2.76,6.4999
20200220,Tumakuru,13.3409,77.101,25.13,41.1,2.85,6.7769
20200221,Tumakuru,13.3409,77.101,24.62,38.23,2.94,6.8971
20200222,Tumakuru,13.3409,77.101,24.63,44.55,2.94,7.0488
20200223,Tumakuru,13.3409,77.101,25.39,42.62,2.46,6.3857
20200224,Tumakuru,13.3409,77.101,25.81,45.15,2.49,6.0478
20200225,Tumakuru,13.3409,77.101,26.45,44.19,2.33,6.4351
20200226,Tumakuru,13.3409,77.101,27.39,45.28,2.94,5.7259
20200227,Tumakuru,13.3409,77.101,26.84,49.86,2.82,5.2781
20200228,Tumakuru,13.3409,77.101,27.24,45.94,3.07,5.7614
20200229,Tumakuru,13.3409,77.101,27.19,45.51,3.05,6.2273
20200301,Tumakuru,13.3409,77.101,27.89,43.4,2.72,6.3804
20200302,Tumakuru,13.3409,77.101,27.62,44.89,1.44,4.6303
20200303,Tumakuru,13.3409,77.101,28.31,47.14,2.04,6.0391
20200304,Tumakuru,13.3409,77.101,27.55,47.79,1.83,5.9201
20200305,Tumakuru,13.3409,77.101,28.12,46.51,1.42,6.4198
20200306,Tumakuru,13.3409,77.101,27.67,49.35,1.82,6.095
20200307,Tumakuru,13.3409,77.101,26.07,54.16,1.45,5.149
20200308,Tumakuru,13.3409,77.101,28.41,48.47,0.95,5.6825
20200309,Tumakuru,13.3409,77.101,29.65,42.97,0.73,5.7386
20200310,Tumakuru,13.3409,77.101,30.2,37.49,1.33,6.2078
20200311,Tumakuru,13.3409,77.101,29.37,38.73,1.64,6.3478
20200312,Tumakuru,13.3409,77.101,29.38,39.72,1.25,6.5213
20200313,Tumakuru,13.3409,77.101,28.18,31.84,2.61,7.2199
20200314,Tumakuru,13.3409,77.101,28.26,36.68,2.56,7.2684
20200315,Tumakuru,13.3409,77.101,28.81,40.75,2.99,7.2588
20200316,Tumakuru,13.3409,77.101,29.06,41.87,3.04,7.2672
20200317,Tumakuru,13.3409,77.101,28.91,37.67,3.56,7.5077
20200318,Tumakuru,13.3409,77.101,28.19,32.48,2.58,7.6476
20200319,Tumakuru,13.3409,77.101,29.23,32.06,1.75,7.1671
20200320,Tumakuru,13.3409,77.101,30.13,32.06,1.99,5.8469
20200321,Tumakuru,13.3409,77.101,28.2,31.07,1.85,7.2653
20200322,Tumakuru,13.3409,77.101,29.53,37.59,1.45,6.7418
20200323,Tumakuru,13.3409,77.101,30.63,35.43,1.14,6.2563
20200324,Tumakuru,13.3409,77.101,30.13,36.18,2.75,6.7186
20200325,Tumakuru,13.3409,77.101,29.05,38.68,3.12,6.5813
20200326,Tumakuru,13.3409,77.101,29.09,37.25,3.42,7.3147
20200327,Tumakuru,13.3409,77.101,28.25,37.29,2.91,7.3171
20200328,Tumakuru,13.3409,77.101,28.26,30.21,3.29,7.6032
20200329,Tumakuru,13.3409,77.101,28.12,26.09,2.92,7.727
20200330,Tumakuru,13.3409,77.101,28.41,27.12,3.5,7.6788
20200331,Tumakuru,13.3409,77.101,28.77,28.11,3.07,7.698
20200401,Tumakuru,13.3409,77.101,29.32,31.22,2.91,7.416
20200402,Tumakuru,13.3409,77.101,30.67,30.84,3.09,7.0308
20200403,Tumakuru,13.3409,77.101,30.79,30.56,3.25,6.9154
20200404,Tumakuru,13.3409,77.101,29.71,29.61,2.66,7.5689
20200405,Tumakuru,13.3409,77.101,29.91,37.25,2.3,7.1508
20200406,Tumakuru,13.3409,77.101,29.43,47.42,1.08,6.1915
20200407,Tumakuru,13.3409,77.101,25.37,64.89,2.37,5.1079
20200408,Tumakuru,13.3409,77.101,27.64,55.46,1.09,5.9676
20200409,Tumakuru,13.3409,77.101,27.71,58.73,1.9,6.6214
20200410,Tumakuru,13.3409,77.101,27.68,55.92,2.62,6.2875
20200411,Tumakuru,13.3409,77.101,27.31,53.91,2.66,7.3949
20200412,Tumakuru,13.3409,77.101,27.53,48.11,2.69,7.4354
20200413,Tumakuru,13.3409,77.101,28.27,40.11,3.45,7.374
20200414,Tumakuru,13.3409,77.101,28.31,32.46,4.03,7.7314
20200415,Tumakuru,13.3409,77.101,28.16,33.63,3.34,7.5761
20200416,Tumakuru,13.3409,77.101,29.28,38.7,3.04,7.1446
20200417,Tumakuru,13.3409,77.101,30.5,38.34,3.08,7.2422
20200418,Tumakuru,13.3409,77.101,31.0,38.3,3.57,6.756
20200419,Tumakuru,13.3409,77.101,30.83,37.38,3.57,7.0454
20200420,Tumakuru,13.3409,77.101,30.28,38.9,3.68,7.621
20200421,Tumakuru,13.3409,77.101,30.15,32.67,2.63,7.6054
20200422,Tumakuru,13.3409,77.101,30.83,38.78,1.92,6.804
20200423,Tumakuru,13.3409,77.101,31.0,44.93,1.36,6.384
20200424,Tumakuru,13.3409,77.101,28.15,63.57,1.93,5.0158
20200425,Tumakuru,13.3409,77.101,27.34,66.79,2.2,5.945
20200426,Tumakuru,13.3409,77.101,28.59,59.25,2.51,5.9832
20200427,Tumakuru,13.3409,77.101,29.23,54.63,2.2,6.75
20200428,Tumakuru,13.3409,77.101,29.36,55.83,2.06,6.349
20200429,Tumakuru,13.3409,77.101,24.9,76.73,2.44,3.4591
20200430,Tumakuru,13.3409,77.101,27.54,62.12,1.95,6.893
20200501,Tumakuru,13.3409,77.101,28.0,63.24,1.47,6.751
20200502,Tumakuru,13.3409,77.101,28.77,61.28,1.54,5.9926
20200503,Tumakuru,13.3409,77.101,28.67,60.64,1.57,6.4942
20200504,Tumakuru,13.3409,77.101,29.82,54.41,2.07,7.1338
20200505,Tumakuru,13.3409,77.101,29.63,56.2,1.46,6.6463
20200506,Tumakuru,13.3409,77.101,28.77,58.55,1.51,6.2981
20200507,Tumakuru,13.3409,77.101,27.18,72.05,1.32,5.436
20200508,Tumakuru,13.3409,77.101,28.3,65.41,1.06,6.0221
20200509,Tumakuru,13.3409,77.101,28.86,59.07,1.27,7.2518
20200510,Tumakuru,13.3409,77.101,28.66,53.87,2.89,6.7536
20200511,Tumakuru,13.3409,77.101,28.62,50.76,2.71,6.1757
20200512,Tumakuru,13.3409,77.101,28.22,54.57,2.43,6.3142
20200513,Tumakuru,13.3409,77.101,29.15,51.79,1.52,6.8489
20200514,Tumakuru,13.3409,77.101,29.52,53.97,1.58,6.9979
20200515,Tumakuru,13.3409,77.101,30.0,45.75,1.95,6.8376
20200516,Tumakuru,13.3409,77.101,29.69,46.34,1.82,5.6237
20200517,Tumakuru,13.3409,77.101,28.41,60.49,3.03,5.1986
20200518,Tumakuru,13.3409,77.101,24.85,77.13,4.9,5.0412
20200519,Tumakuru,13.3409,77.101,27.16,66.43,5.13,5.405
20200520,Tumakuru,13.3409,77.101,28.16,61.43,4.3,6.3173
20200521,Tumakuru,13.3409,77.101,28.44,59.07,3.8,6.7356
20200522,Tumakuru,13.3409,77.101,29.1,53.82,3.1,7.3214
20200523,Tumakuru,13.3409,77.101,29.79,54.25,2.59,7.0358
20200524,Tumakuru,13.3409,77.101,30.79,54.36,2.52,6.9787
20200525,Tumakuru,13.3409,77.101,28.79,65.36,1.98,6.1783
20200526,Tumakuru,13.3409,77.101,28.01,68.56,2.12,6.605
20200527,Tumakuru,13.3409,77.101,27.83,71.06,2.28,6.4709
20200528,Tumakuru,13.3409,77.101,27.68,69.0,2.44,7.1342
20200529,Tumakuru,13.3409,77.101,24.31,79.2,2.63,7.0507
20200530,Tumakuru,13.3409,77.101,25.46,77.06,1.36,5.5908
20200531,Tumakuru,13.3409,77.101,26.19,75.12,2.39,5.9628
20200601,Tumakuru,13.3409,77.101,25.06,80.8,3.16,5.5056
20200602,Tumakuru,13.3409,77.101,24.86,76.82,3.98,6.1812
20200603,Tumakuru,13.3409,77.101,24.72,78.44,4.32,4.5778
20200604,Tumakuru,13.3409,77.101,24.5,77.87,2.96,5.2572
20200605,Tumakuru,13.3409,77.101,25.8,69.6,3.58,5.9323
20200606,Tumakuru,13.3409,77.101,25.09,71.95,3.62,5.9506
20200607,Tumakuru,13.3409,77.101,25.8,68.35,3.79,6.2666
20200608,Tumakuru,13.3409,77.101,25.21,66.46,4.11,6.8542
20200609,Tumakuru,13.3409,77.101,25.27,62.77,4.05,5.5884
20200610,Tumakuru,13.3409,77.101,25.29,71.47,4.47,4.7021
20200611,Tumakuru,13.3409,77.101,23.6,81.39,4.13,3.8561
20200612,Tumakuru,13.3409,77.101,23.47,75.77,5.05,4.4988
20200613,Tumakuru,13.3409,77.101,24.42,70.14,5.23,5.6362
20200614,Tumakuru,13.3409,77.101,23.97,71.2,5.79,5.3969
20200615,Tumakuru,13.3409,77.101,25.49,73.03,4.92,5.3244
20200616,Tumakuru,13.3409,77.101,25.7,73.11,4.96,5.0926
20200617,Tumakuru,13.3409,77.101,24.65,77.14,4.37,3.3288
20200618,Tumakuru,13.3409,77.101,24.33,74.76,4.32,3.7289
20200619,Tumakuru,13.3409,77.101,24.31,73.41,3.88,5.3527
20200620,Tumakuru,13.3409,77.101,25.07,68.51,4.2,5.8654
20200621,Tumakuru,13.3409,77.101,25.31,70.25,4.15,5.2639
20200622,Tumakuru,13.3409,77.101,24.22,73.22,4.19,5.6599
20200623,Tumakuru,13.3409,77.101,24.05,67.93,3.79,6.6233
20200624,Tumakuru,13.3409,77.101,24.97,71.87,2.77,5.8466
20200625,Tumakuru,13.3409,77.101,24.6,78.16,1.43,6.1399
20200626,Tumakuru,13.3409,77.101,24.71,80.44,2.04,5.7578
20200627,Tumakuru,13.3409,77.101,23.51,87.46,2.2,4.6942
20200628,Tumakuru,13.3409,77.101,24.39,84.02,3.06,4.9723
20200629,Tumakuru,13.3409,77.101,23.86,86.88,2.69,5.1446
20200630,Tumakuru,13.3409,77.101,23.94,81.83,3.14,5.5663
20200701,Tumakuru,13.3409,77.101,23.51,78.88,3.65,5.723
20200702,Tumakuru,13.3409,77.101,22.51,82.29,4.66,3.7356
20200703,Tumakuru,13.3409,77.101,23.68,80.42,4.82,5.345
20200704,Tumakuru,13.3409,77.101,24.0,77.71,5.19,4.2523
20200705,Tumakuru,13.3409,77.101,23.11,78.07,4.94,4.859
20200706,Tumakuru,13.3409,77.101,24.07,77.24,4.5,4.1158
20200707,Tumakuru,13.3409,77.101,24.09,78.59,4.23,5.1218
20200708,Tumakuru,13.3409,77.101,23.13,85.55,2.88,5.5421
20200709,Tumakuru,13.3409,77.101,22.62,87.96,2.77,5.1238
20200710,Tumakuru,13.3409,77.101,23.27,81.52,2.87,4.5876
20200711,Tumakuru,13.3409,77.101,23.54,80.55,2.57,6.0499
20200712,Tumakuru,13.3409,77.101,23.88,80.4,2.94,5.7233
20200713,Tumakuru,13.3409,77.101,23.31,81.28,3.08,5.5126
20200714,Tumakuru,13.3409,77.101,23.26,83.66,3.54,3.2681
20200715,Tumakuru,13.3409,77.101,23.22,80.74,4.42,4.05
20200716,Tumakuru,13.3409,77.101,23.08,80.58,4.13,3.6437
20200717,Tumakuru,13.3409,77.101,23.07,81.8,3.3,4.578
20200718,Tumakuru,13.3409,77.101,23.85,82.45,2.85,4.9867
20200719,Tumakuru,13.3409,77.101,23.75,80.86,2.08,5.087
20200720,Tumakuru,13.3409,77.101,23.76,85.89,1.72,5.4938
20200721,Tumakuru,13.3409,77.101,24.75,79.15,1.95,6.8162
20200722,Tumakuru,13.3409,77.101,24.73,81.36,2.01,6.1505
20200723,Tumakuru,13.3409,77.101,24.88,78.64,0.79,4.9135
20200724,Tumakuru,13.3409,77.101,23.96,81.48,1.66,4.9694
20200725,Tumakuru,13.3409,77.101,23.29,83.9,2.35,5.1907
20200726,Tumakuru,13.3409,77.101,23.09,82.09,2.36,5.4158
20200727,Tumakuru,13.3409,77.101,23.7,79.91,3.23,6.1613
20200728,Tumakuru,13.3409,77.101,23.58,83.99,2.92,5.3911
20200729,Tumakuru,13.3409,77.101,22.95,85.76,2.89,2.857
20200730,Tumakuru,13.3409,77.101,23.6,85.36,2.31,5.292
20200731,Tumakuru,13.3409,77.101,23.76,84.72,2.44,5.623
20200801,Tumakuru,13.3409,77.101,23.27,84.06,3.06,5.4463
20200802,Tumakuru,13.3409,77.101,23.34,82.76,3.78,5.7948
20200803,Tumakuru,13.3409,77.101,23.37,81.44,5.18,4.1477
20200804,Tumakuru,13.3409,77.101,22.87,82.26,6.58,2.8426
20200805,Tumakuru,13.3409,77.101,23.75,78.89,7.24,3.6559
20200806,Tumakuru,13.3409,77.101,24.7,79.52,6.27,4.7261
20200807,Tumakuru,13.3409,77.101,24.36,81.45,5.38,4.1018
20200808,Tumakuru,13.3409,77.101,22.74,84.5,4.78,4.5058
20200809,Tumakuru,13.3409,77.101,22.56,83.11,4.24,3.5359
20200810,Tumakuru,13.3409,77.101,22.42,87.04,3.56,4.079
20200811,Tumakuru,13.3409,77.101,23.21,82.91,4.1,4.866
20200812,Tumakuru,13.3409,77.101,22.92,84.52,3.88,4.6579
20200813,Tumakuru,13.3409,77.101,22.9,84.42,3.79,4.4556
20200814,Tumakuru,13.3409,77.101,22.77,83.72,4.03,3.8287
20200815,Tumakuru,13.3409,77.101,23.32,81.17,4.42,3.2405
20200816,Tumakuru,13.3409,77.101,23.44,83.23,3.89,2.7528
20200817,Tumakuru,13.3409,77.101,23.59,83.24,3.57,3.881
20200818,Tumakuru,13.3409,77.101,23.56,83.37,3.52,4.5206
20200819,Tumakuru,13.3409,77.101,23.86,81.73,3.78,3.9259
20200820,Tumakuru,13.3409,77.101,23.33,83.36,3.8,3.1298
20200821,Tumakuru,13.3409,77.101,23.98,81.51,3.52,4.2907
20200822,Tumakuru,13.3409,77.101,23.92,82.48,3.12,5.0712
20200823,Tumakuru,13.3409,77.101,23.79,83.32,2.51,4.8038
20200824,Tumakuru,13.3409,77.101,24.41,80.83,2.27,5.1382
20200825,Tumakuru,13.3409,77.101,24.68,77.95,2.48,6.2131
20200826,Tumakuru,13.3409,77.101,23.81,81.23,2.15,5.9626
20200827,Tumakuru,13.3409,77.101,23.95,79.67,2.7,5.2805
20200828,Tumakuru,13.3409,77.101,24.29,77.55,2.77,6.3919
20200829,Tumakuru,13.3409,77.101,24.85,76.77,2.71,6.0905
20200830,Tumakuru,13.3409,77.101,24.3,82.05,2.17,6.3072
20200831,Tumakuru,13.3409,77.101,23.84,82.8,2.18,6.1498
20200901,Tumakuru,13.3409,77.101,23.19,87.17,2.85,4.8067
20200902,Tumakuru,13.3409,77.101,23.05,88.71,2.53,3.6444
20200903,Tumakuru,13.3409,77.101,23.42,85.6,2.4,5.6419
20200904,Tumakuru,13.3409,77.101,24.65,82.32,2.05,5.4516
20200905,Tumakuru,13.3409,77.101,25.12,80.96,1.75,5.7398
20200906,Tumakuru,13.3409,77.101,24.83,83.07,1.61,6.3374
20200907,Tumakuru,13.3409,77.101,24.34,83.65,1.6,6.259
20200908,Tumakuru,13.3409,77.101,24.04,83.87,1.2,5.1139
20200909,Tumakuru,13.3409,77.101,24.12,85.54,1.14,5.3657
20200910,Tumakuru,13.3409,77.101,22.71,88.71,1.34,5.5656
20200911,Tumakuru,13.3409,77.101,22.49,87.56,3.19,4.345
20200912,Tumakuru,13.3409,77.101,21.86,86.37,3.67,3.7457
20200913,Tumakuru,13.3409,77.101,20.96,85.02,3.58,3.0307
20200914,Tumakuru,13.3409,77.101,22.12,81.78,3.99,2.7919
20200915,Tumakuru,13.3409,77.101,22.73,83.44,3.56,4.8367
20200916,Tumakuru,13.3409,77.101,23.41,83.37,3.32,4.0313
20200917,Tumakuru,13.3409,77.101,22.91,84.78,3.2,4.8288
20200918,Tumakuru,13.3409,77.101,22.71,86.71,3.75,4.9198
20200919,Tumakuru,13.3409,77.101,22.32,88.4,3.66,3.8352
20200920,Tumakuru,13.3409,77.101,21.89,85.15,5.0,2.629
20200921,Tumakuru,13.3409,77.101,21.12,83.29,5.64,4.2742
20200922,Tumakuru,13.3409,77.101,21.32,81.0,4.88,4.2958
20200923,Tumakuru,13.3409,77.101,22.04,81.5,3.77,6.319
20200924,Tumakuru,13.3409,77.101,22.54,81.97,3.05,5.3292
20200925,Tumakuru,13.3409,77.101,22.74,86.52,1.86,6.0072
20200926,Tumakuru,13.3409,77.101,21.4,89.69,2.87,2.557
20200927,Tumakuru,13.3409,77.101,22.29,85.2,2.22,4.4138
20200928,Tumakuru,13.3409,77.101,23.2,83.26,2.19,5.6954
20200929,Tumakuru,13.3409,77.101,23.23,87.35,2.72,4.471
20200930,Tumakuru,13.3409,77.101,22.45,88.05,2.57,4.0505
20201001,Tumakuru,13.3409,77.101,21.33,85.91,2.7,4.9961
20201002,Tumakuru,13.3409,77.101,22.94,83.99,1.84,5.5951
20201003,Tumakuru,13.3409,77.101,22.39,88.41,2.58,5.0582
20201004,Tumakuru,13.3409,77.101,21.26,89.29,2.57,4.3898
20201005,Tumakuru,13.3409,77.101,21.88,83.85,2.61,5.4389
20201006,Tumakuru,13.3409,77.101,23.0,84.17,1.86,6.2203
20201007,Tumakuru,13.3409,77.101,23.44,85.01,2.19,5.1744
20201008,Tumakuru,13.3409,77.101,23.23,81.5,1.15,5.7965
20201009,Tumakuru,13.3409,77.101,23.51,83.38,0.81,4.8264
20201010,Tumakuru,13.3409,77.101,22.13,92.87,2.02,4.8598
20201011,Tumakuru,13.3409,77.101,22.05,88.63,2.34,2.9414
20201012,Tumakuru,13.3409,77.101,22.37,90.62,2.96,4.2156
20201013,Tumakuru,13.3409,77.101,21.76,91.85,3.25,3.5904
20201014,Tumakuru,13.3409,77.101,22.06,88.97,4.17,4.524
20201015,Tumakuru,13.3409,77.101,22.4,87.53,3.49,3.9598
20201016,Tumakuru,13.3409,77.101,22.58,85.64,2.15,5.7948
20201017,Tumakuru,13.3409,77.101,22.81,79.81,1.14,5.1857
20201018,Tumakuru,13.3409,77.101,22.97,86.32,1.26,3.8736
20201019,Tumakuru,13.3409,77.101,22.79,87.78,1.36,4.2101
20201020,Tumakuru,13.3409,77.101,22.48,89.56,1.78,2.8783
20201021,Tumakuru,13.3409,77.101,22.26,91.26,1.45,3.1435
20201022,Tumakuru,13.3409,77.101,22.11,90.84,1.31,3.9324
20201023,Tumakuru,13.3409,77.101,22.57,89.69,1.04,4.079
20201024,Tumakuru,13.3409,77.101,22.91,89.77,1.12,4.8934
20201025,Tumakuru,13.3409,77.101,23.03,84.31,0.87,5.2553
20201026,Tumakuru,13.3409,77.101,22.89,84.51,1.53,5.8966
20201027,Tumakuru,13.3409,77.101,21.75,85.28,1.72,5.9126
20201028,Tumakuru,13.3409,77.101,21.4,85.05,1.86,5.767
20201029,Tumakuru,13.3409,77.101,21.18,86.42,1.91,4.1784
20201030,Tumakuru,13.3409,77.101,21.48,83.36,1.65,4.679
20201031,Tumakuru,13.3409,77.101,21.9,80.64,1.44,5.4149
20201101,Tumakuru,13.3409,77.101,22.28,81.75,1.19,5.303
20201102,Tumakuru,13.3409,77.101,22.39,83.27,1.4,5.2894
20201103,Tumakuru,13.3409,77.101,22.59,85.58,1.72,4.9102
20201104,Tumakuru,13.3409,77.101,22.68,86.34,2.03,4.0483
20201105,Tumakuru,13.3409,77.101,22.23,85.72,1.96,4.3486
20201106,Tumakuru,13.3409,77.101,22.79,86.33,1.97,4.933
20201107,Tumakuru,13.3409,77.101,23.09,86.98,2.24,5.4206
20201108,Tumakuru,13.3409,77.101,22.79,86.7,2.74,4.5672
20201109,Tumakuru,13.3409,77.101,21.13,85.22,1.97,5.5889
20201110,Tumakuru,13.3409,77.101,18.68,80.65,2.08,6.2102
20201111,Tumakuru,13.3409,77.101,19.2,86.42,2.22,5.9261
20201112,Tumakuru,13.3409,77.101,22.28,89.29,2.48,3.3982
20201113,Tumakuru,13.3409,77.101,22.47,87.74,2.74,3.3847
20201114,Tumakuru,13.3409,77.101,22.21,86.86,2.88,4.7801
20201115,Tumakuru,13.3409,77.101,22.5,89.22,3.07,2.7612
20201116,Tumakuru,13.3409,77.101,22.42,89.13,2.74,3.3084
20201117,Tumakuru,13.3409,77.101,22.27,87.21,2.79,3.8815
20201118,Tumakuru,13.3409,77.101,22.22,86.28,2.18,4.8797
20201119,Tumakuru,13.3409,77.101,22.15,84.86,2.48,5.4538
20201120,Tumakuru,13.3409,77.101,21.47,80.92,2.14,5.9294
20201121,Tumakuru,13.3409,77.101,19.63,78.71,1.77,6.2352
20201122,Tumakuru,13.3409,77.101,18.79,74.94,1.87,5.8718
20201123,Tumakuru,13.3409,77.101,19.3,79.82,1.76,4.6901
20201124,Tumakuru,13.3409,77.101,21.58,85.01,2.06,4.1342
20201125,Tumakuru,13.3409,77.101,21.22,87.66,3.34,3.4142
20201126,Tumakuru,13.3409,77.101,19.49,94.22,4.55,0.8376
20201127,Tumakuru,13.3409,77.101,19.13,91.35,3.6,2.742
20201128,Tumakuru,13.3409,77.101,21.03,87.01,1.89,3.5479
20201129,Tumakuru,13.3409,77.101,21.53,86.06,2.51,2.9501
20201130,Tumakuru,13.3409,77.101,21.09,86.68,2.79,5.1391
20201201,Tumakuru,13.3409,77.101,19.86,81.7,2.5,5.4382
20201202,Tumakuru,13.3409,77.101,19.54,83.24,2.52,4.7974
20201203,Tumakuru,13.3409,77.101,20.3,88.9,3.04,1.9934
20201204,Tumakuru,13.3409,77.101,21.38,90.07,3.28,2.2438
20201205,Tumakuru,13.3409,77.101,21.52,86.93,3.03,2.8217
20201206,Tumakuru,13.3409,77.101,22.34,87.41,3.73,2.88
20201207,Tumakuru,13.3409,77.101,22.2,88.91,3.25,2.8495
20201208,Tumakuru,13.3409,77.101,22.0,86.55,2.96,3.5604
20201209,Tumakuru,13.3409,77.101,21.8,86.68,2.69,3.131
20201210,Tumakuru,13.3409,77.101,20.24,76.69,1.69,5.6282
20201211,Tumakuru,13.3409,77.101,19.29,77.85,1.79,5.6674
20201212,Tumakuru,13.3409,77.101,18.72,76.58,1.66,5.6246
20201213,Tumakuru,13.3409,77.101,19.45,77.36,1.43,5.4156
20201214,Tumakuru,13.3409,77.101,19.5,80.5,1.78,5.4612
20201215,Tumakuru,13.3409,77.101,19.23,78.86,2.41,5.412
20201216,Tumakuru,13.3409,77.101,20.83,83.41,2.69,3.5518
20201217,Tumakuru,13.3409,77.101,21.08,85.3,2.83,3.0262
20201218,Tumakuru,13.3409,77.101,20.57,81.77,2.66,5.418
20201219,Tumakuru,13.3409,77.101,20.51,83.82,2.95,4.1659
20201220,Tumakuru,13.3409,77.101,19.46,82.28,2.91,3.5494
20201221,Tumakuru,13.3409,77.101,17.57,79.89,2.37,5.467
20201222,Tumakuru,13.3409,77.101,18.34,77.26,1.86,5.5687
20201223,Tumakuru,13.3409,77.101,20.01,80.06,1.61,4.9711
20201224,Tumakuru,13.3409,77.101,20.8,79.83,1.82,5.1866
20201225,Tumakuru,13.3409,77.101,20.6,82.48,2.22,5.4936
20201226,Tumakuru,13.3409,77.101,19.2,79.3,2.19,5.2039
20201227,Tumakuru,13.3409,77.101,18.48,78.91,2.01,5.3777
20201228,Tumakuru,13.3409,77.101,18.52,73.99,1.46,5.2745
20201229,Tumakuru,13.3409,77.101,19.82,74.78,2.07,5.022
20201230,Tumakuru,13.3409,77.101,21.49,81.76,2.61,5.021
20201231,Tumakuru,13.3409,77.101,21.69,81.83,3.49,3.1154
20210101,Tumakuru,13.3409,77.101,18.98,80.58,2.84,4.8672
20210102,Tumakuru,13.3409,77.101,20.05,81.6,2.7,3.2986
20210103,Tumakuru,13.3409,77.101,21.35,80.03,2.63,4.2022
20210104,Tumakuru,13.3409,77.101,21.56,78.47,2.79,2.4706
20210105,Tumakuru,13.3409,77.101,21.72,83.14,2.28,3.5177
20210106,Tumakuru,13.3409,77.101,22.36,85.49,1.81,2.5176
20210107,Tumakuru,13.3409,77.101,22.18,85.31,2.37,2.399
20210108,Tumakuru,13.3409,77.101,22.35,85.59,1.83,3.6403
20210109,Tumakuru,13.3409,77.101,22.93,82.39,2.61,2.3522
20210110,Tumakuru,13.3409,77.101,22.06,81.04,2.45,4.4854
20210111,Tumakuru,13.3409,77.101,21.33,79.17,2.5,2.952
20210112,Tumakuru,13.3409,77.101,20.58,79.3,3.06,3.5357
20210113,Tumakuru,13.3409,77.101,20.77,74.86,2.87,5.1197
20210114,Tumakuru,13.3409,77.101,20.77,76.7,2.59,4.7935
20210115,Tumakuru,13.3409,77.101,21.74,75.34,2.18,5.1682
20210116,Tumakuru,13.3409,77.101,21.94,73.98,2.16,5.159
20210117,Tumakuru,13.3409,77.101,21.72,74.07,2.56,5.1089
20210118,Tumakuru,13.3409,77.101,20.77,71.61,2.56,5.7869
20210119,Tumakuru,13.3409,77.101,20.48,72.78,2.37,5.7168
20210120,Tumakuru,13.3409,77.101,20.48,68.66,1.54,5.7259
20210121,Tumakuru,13.3409,77.101,21.76,65.78,1.01,6.0566
20210122,Tumakuru,13.3409,77.101,22.04,70.33,1.84,5.0882
20210123,Tumakuru,13.3409,77.101,21.91,70.1,1.89,5.7271
20210124,Tumakuru,13.3409,77.101,21.13,67.55,1.95,5.8442
20210125,Tumakuru,13.3409,77.101,20.16,61.79,2.13,6.2134
20210126,Tumakuru,13.3409,77.101,19.97,61.11,2.08,6.2208
20210127,Tumakuru,13.3409,77.101,19.8,63.21,2.3,6.0732
20210128,Tumakuru,13.3409,77.101,20.15,65.23,2.67,5.8949
20210129,Tumakuru,13.3409,77.101,20.95,63.66,2.44,5.8469
20210130,Tumakuru,13.3409,77.101,21.8,65.0,1.99,5.9842
20210131,Tumakuru,13.3409,77.101,21.7,60.93,2.71,6.0749
20210201,Tumakuru,13.3409,77.101,20.58,58.23,2.99,6.36
20210202,Tumakuru,13.3409,77.101,20.69,63.99,2.97,6.1543
20210203,Tumakuru,13.3409,77.101,21.37,66.65,2.57,5.8442
20210204,Tumakuru,13.3409,77.101,21.29,62.13,2.42,6.2081
20210205,Tumakuru,13.3409,77.101,20.98,60.94,1.95,6.3408
20210206,Tumakuru,13.3409,77.101,20.81,59.59,2.62,6.3264
20210207,Tumakuru,13.3409,77.101,20.1,53.51,3.11,6.3084
20210208,Tumakuru,13.3409,77.101,19.75,58.29,2.88,6.4279
20210209,Tumakuru,13.3409,77.101,19.63,60.76,2.69,6.498
20210210,Tumakuru,13.3409,77.101,19.89,54.07,2.19,6.451
20210211,Tumakuru,13.3409,77.101,20.13,56.93,2.41,6.623
20210212,Tumakuru,13.3409,77.101,20.66,55.67,2.32,6.6811
20210213,Tumakuru,13.3409,77.101,20.9,54.52,2.41,6.7651
20210214,Tumakuru,13.3409,77.101,21.05,51.41,2.01,6.8323
20210215,Tumakuru,13.3409,77.101,22.29,50.95,1.97,6.8311
20210216,Tumakuru,13.3409,77.101,23.54,52.93,1.94,6.5743
20210217,Tumakuru,13.3409,77.101,24.47,50.56,1.83,6.2904
20210218,Tumakuru,13.3409,77.101,23.91,52.57,3.24,5.2308
20210219,Tumakuru,13.3409,77.101,22.54,54.7,3.08,3.6619
20210220,Tumakuru,13.3409,77.101,21.51,70.21,3.4,4.2329
20210221,Tumakuru,13.3409,77.101,20.96,75.04,3.23,3.6374
20210222,Tumakuru,13.3409,77.101,22.88,61.51,2.07,5.5154
20210223,Tumakuru,13.3409,77.101,23.29,61.45,2.55,6.6242
20210224,Tumakuru,13.3409,77.101,23.86,57.88,2.18,6.7985
20210225,Tumakuru,13.3409,77.101,24.22,53.17,2.0,6.9492
20210226,Tumakuru,13.3409,77.101,24.54,50.14,1.41,6.7793
20210227,Tumakuru,13.3409,77.101,25.09,48.94,1.95,6.6034
20210228,Tumakuru,13.3409,77.101,25.34,41.59,3.18,6.6746
20210301,Tumakuru,13.3409,77.101,24.73,41.51,2.83,6.9917
20210302,Tumakuru,13.3409,77.101,24.99,44.07,3.34,6.6242
20210303,Tumakuru,13.3409,77.101,25.02,40.64,3.59,7.0082
20210304,Tumakuru,13.3409,77.101,24.07,40.16,3.77,7.1758
20210305,Tumakuru,13.3409,77.101,24.26,37.19,2.26,7.4803
20210306,Tumakuru,13.3409,77.101,25.41,36.89,2.37,7.2778
20210307,Tumakuru,13.3409,77.101,25.58,39.12,2.89,7.2269
20210308,Tumakuru,13.3409,77.101,25.4,41.13,3.2,7.3788
20210309,Tumakuru,13.3409,77.101,25.21,41.85,3.71,7.5444
20210310,Tumakuru,13.3409,77.101,25.53,42.64,2.67,7.4767
20210311,Tumakuru,13.3409,77.101,27.35,50.01,1.77,6.9499
20210312,Tumakuru,13.3409,77.101,26.78,39.32,2.66,7.3267
20210313,Tumakuru,13.3409,77.101,25.6,35.38,2.46,7.4191
20210314,Tumakuru,13.3409,77.101,26.38,41.27,3.03,7.5041
20210315,Tumakuru,13.3409,77.101,26.11,36.35,2.42,7.3183
20210316,Tumakuru,13.3409,77.101,27.0,36.72,3.01,7.3718
20210317,Tumakuru,13.3409,77.101,26.89,34.45,3.1,6.5186
20210318,Tumakuru,13.3409,77.101,26.84,40.74,3.28,5.7113
20210319,Tumakuru,13.3409,77.101,27.14,33.64,2.87,6.9756
20210320,Tumakuru,13.3409,77.101,26.95,32.77,3.32,7.1952
20210321,Tumakuru,13.3409,77.101,27.39,30.83,2.92,7.2348
20210322,Tumakuru,13.3409,77.101,27.9,32.02,3.0,6.8107
20210323,Tumakuru,13.3409,77.101,28.82,34.17,2.84,7.3397
20210324,Tumakuru,13.3409,77.101,29.17,34.41,2.85,7.2038
20210325,Tumakuru,13.3409,77.101,29.0,33.45,2.78,6.5698
20210326,Tumakuru,13.3409,77.101,29.32,31.73,3.1,6.8477
20210327,Tumakuru,13.3409,77.101,29.14,39.41,3.13,6.6055
20210328,Tumakuru,13.3409,77.101,29.47,34.99,2.9,5.4108
20210329,Tumakuru,13.3409,77.101,29.28,36.65,2.9,6.0535
20210330,Tumakuru,13.3409,77.101,29.74,36.39,2.97,6.3346
20210331,Tumakuru,13.3409,77.101,31.03,29.42,2.28,6.7661
20210401,Tumakuru,13.3409,77.101,28.7,37.21,3.51,7.4645
20210402,Tumakuru,13.3409,77.101,28.74,38.58,3.05,7.6822
20210403,Tumakuru,13.3409,77.101,29.35,36.41,2.22,7.2178
20210404,Tumakuru,13.3409,77.101,28.87,39.6,2.6,7.1566
20210405,Tumakuru,13.3409,77.101,29.35,34.11,2.27,6.6298
20210406,Tumakuru,13.3409,77.101,29.72,38.77,3.38,6.6955
20210407,Tumakuru,13.3409,77.101,30.07,31.46,3.1,7.1225
20210408,Tumakuru,13.3409,77.101,30.0,25.43,3.42,6.115
20210409,Tumakuru,13.3409,77.101,29.83,27.85,3.19,6.937
20210410,Tumakuru,13.3409,77.101,29.63,35.97,3.68,6.8966
20210411,Tumakuru,13.3409,77.101,29.64,40.2,3.24,6.995
20210412,Tumakuru,13.3409,77.101,30.58,39.24,3.55,6.5338
20210413,Tumakuru,13.3409,77.101,30.02,42.07,3.14,6.1574
20210414,Tumakuru,13.3409,77.101,28.25,52.85,1.76,5.1706
20210415,Tumakuru,13.3409,77.101,26.64,65.41,1.45,6.726
20210416,Tumakuru,13.3409,77.101,26.84,63.27,1.79,6.821
20210417,Tumakuru,13.3409,77.101,27.52,59.07,1.87,6.432
20210418,Tumakuru,13.3409,77.101,28.05,58.02,1.56,6.2974
20210419,Tumakuru,13.3409,77.101,27.51,61.76,1.65,6.5126
20210420,Tumakuru,13.3409,77.101,26.16,66.72,1.86,5.5174
20210421,Tumakuru,13.3409,77.101,27.0,61.99,1.49,5.6342
20210422,Tumakuru,13.3409,77.101,27.27,62.43,1.39,5.9045
20210423,Tumakuru,13.3409,77.101,26.3,69.53,1.39,5.0863
20210424,Tumakuru,13.3409,77.101,26.63,67.86,1.2,6.0977
20210425,Tumakuru,13.3409,77.101,27.44,61.04,2.35,6.4366
20210426,Tumakuru,13.3409,77.101,26.09,65.15,1.86,6.9816
20210427,Tumakuru,13.3409,77.101,27.14,59.08,1.41,6.774
20210428,Tumakuru,13.3409,77.101,27.51,59.96,1.66,6.0998
20210429,Tumakuru,13.3409,77.101,28.71,55.17,1.05,6.4351
20210430,Tumakuru,13.3409,77.101,27.95,61.26,1.04,6.234
20210501,Tumakuru,13.3409,77.101,27.85,59.89,2.39,6.7224
20210502,Tumakuru,13.3409,77.101,27.53,60.88,1.59,6.107
20210503,Tumakuru,13.3409,77.101,27.62,61.0,1.73,6.3497
20210504,Tumakuru,13.3409,77.101,27.81,62.23,1.52,5.7223
20210505,Tumakuru,13.3409,77.101,28.19,61.52,1.52,6.8203
20210506,Tumakuru,13.3409,77.101,28.51,61.32,1.67,5.6662
20210507,Tumakuru,13.3409,77.101,28.62,58.67,2.27,6.1922
20210508,Tumakuru,13.3409,77.101,28.6,57.5,2.63,6.6014
20210509,Tumakuru,13.3409,77.101,29.07,58.21,1.65,6.8098
20210510,Tumakuru,13.3409,77.101,28.63,62.48,1.22,5.3621
20210511,Tumakuru,13.3409,77.101,26.7,73.14,1.68,5.4276
20210512,Tumakuru,13.3409,77.101,26.63,74.41,1.3,4.9745
20210513,Tumakuru,13.3409,77.101,26.61,74.21,1.1,6.0259
20210514,Tumakuru,13.3409,77.101,27.0,68.16,3.84,6.588
20210515,Tumakuru,13.3409,77.101,24.71,77.59,5.21,4.6001
20210516,Tumakuru,13.3409,77.101,25.49,75.26,5.12,4.4782
20210517,Tumakuru,13.3409,77.101,26.1,73.81,3.56,6.6953
20210518,Tumakuru,13.3409,77.101,26.9,72.46,3.3,6.9686
20210519,Tumakuru,13.3409,77.101,26.07,76.74,3.27,6.84
20210520,Tumakuru,13.3409,77.101,25.39,74.02,2.41,5.4756
20210521,Tumakuru,13.3409,77.101,24.88,74.58,2.52,5.3496
20210522,Tumakuru,13.3409,77.101,25.07,75.24,2.93,5.6105
20210523,Tumakuru,13.3409,77.101,25.69,72.88,3.18,6.4001
20210524,Tumakuru,13.3409,77.101,24.77,71.85,3.23,6.085
20210525,Tumakuru,13.3409,77.101,23.57,83.02,3.72,5.5382
20210526,Tumakuru,13.3409,77.101,24.58,75.84,4.56,6.6226
20210527,Tumakuru,13.3409,77.101,24.59,74.28,3.45,7.1388
20210528,Tumakuru,13.3409,77.101,25.46,70.14,3.91,7.3637
20210529,Tumakuru,13.3409,77.101,25.84,69.46,3.19,7.3908
20210530,Tumakuru,13.3409,77.101,26.19,69.12,3.15,6.6518
20210531,Tumakuru,13.3409,77.101,26.43,71.2,2.77,6.9792
20210601,Tumakuru,13.3409,77.101,25.96,75.39,2.1,6.7591
20210602,Tumakuru,13.3409,77.101,25.09,77.02,2.69,6.0958
20210603,Tumakuru,13.3409,77.101,24.78,79.82,1.18,4.8182
20210604,Tumakuru,13.3409,77.101,24.68,81.71,1.39,5.1118
20210605,Tumakuru,13.3409,77.101,23.34,80.87,2.12,5.8762
20210606,Tumakuru,13.3409,77.101,24.5,72.46,2.13,5.7926
20210607,Tumakuru,13.3409,77.101,24.16,75.58,2.86,7.205
20210608,Tumakuru,13.3409,77.101,25.09,72.51,3.34,7.3092
20210609,Tumakuru,13.3409,77.101,24.82,75.81,3.97,6.0266
20210610,Tumakuru,13.3409,77.101,24.24,76.0,4.08,5.238
20210611,Tumakuru,13.3409,77.101,24.65,72.67,4.44,5.616
20210612,Tumakuru,13.3409,77.101,22.76,72.83,5.52,5.1276
20210613,Tumakuru,13.3409,77.101,22.99,73.74,5.44,4.6558
20210614,Tumakuru,13.3409,77.101,23.16,78.74,5.39,4.4119
20210615,Tumakuru,13.3409,77.101,23.39,78.0,4.64,4.5274
20210616,Tumakuru,13.3409,77.101,24.3,74.93,5.43,5.1127
20210617,Tumakuru,13.3409,77.101,24.64,76.2,5.21,4.8655
20210618,Tumakuru,13.3409,77.101,23.43,79.03,4.83,4.4518
20210619,Tumakuru,13.3409,77.101,23.72,80.22,4.46,4.837
20210620,Tumakuru,13.3409,77.101,23.67,77.98,3.73,5.7199
20210621,Tumakuru,13.3409,77.101,24.48,75.51,3.65,5.983
20210622,Tumakuru,13.3409,77.101,24.55,75.46,3.2,4.7923
20210623,Tumakuru,13.3409,77.101,25.04,73.69,3.27,5.8466
20210624,Tumakuru,13.3409,77.101,24.27,74.99,3.65,5.5961
20210625,Tumakuru,13.3409,77.101,23.98,74.46,3.75,6.335
20210626,Tumakuru,13.3409,77.101,23.72,76.54,4.0,3.7805
20210627,Tumakuru,13.3409,77.101,21.81,74.87,3.84,3.4963
20210628,Tumakuru,13.3409,77.101,24.6,69.93,1.45,4.9685
20210629,Tumakuru,13.3409,77.101,26.28,70.75,1.74,6.5518
20210630,Tumakuru,13.3409,77.101,26.3,73.33,2.31,6.1814
20210701,Tumakuru,13.3409,77.101,25.12,78.92,2.43,4.9351
20210702,Tumakuru,13.3409,77.101,24.16,80.9,2.48,5.411
20210703,Tumakuru,13.3409,77.101,24.43,76.77,2.59,5.6424
20210704,Tumakuru,13.3409,77.101,23.46,82.65,2.19,5.4557
20210705,Tumakuru,13.3409,77.101,24.5,77.17,1.72,5.2308
20210706,Tumakuru,13.3409,77.101,23.82,84.23,1.79,4.8744
20210707,Tumakuru,13.3409,77.101,23.66,86.48,2.62,5.8104
20210708,Tumakuru,13.3409,77.101,23.88,82.82,3.06,5.5634
20210709,Tumakuru,13.3409,77.101,23.74,83.0,2.93,4.6258
20210710,Tumakuru,13.3409,77.101,22.04,78.92,4.24,5.0844
20210711,Tumakuru,13.3409,77.101,22.3,79.15,4.62,4.3483
20210712,Tumakuru,13.3409,77.101,22.73,78.93,4.73,4.5586
20210713,Tumakuru,13.3409,77.101,23.74,80.01,4.52,3.4037
20210714,Tumakuru,13.3409,77.101,23.75,80.24,4.94,3.7759
20210715,Tumakuru,13.3409,77.101,23.55,78.83,5.48,4.2149
20210716,Tumakuru,13.3409,77.101,24.13,78.64,4.27,4.535
20210717,Tumakuru,13.3409,77.101,23.4,85.31,3.94,5.0261
20210718,Tumakuru,13.3409,77.101,23.08,86.59,4.94,3.5964
20210719,Tumakuru,13.3409,77.101,23.99,79.9,5.2,4.985
20210720,Tumakuru,13.3409,77.101,23.67,79.27,5.67,5.2435
20210721,Tumakuru,13.3409,77.101,23.68,78.91,5.77,3.2138
20210722,Tumakuru,13.3409,77.101,22.88,81.11,6.69,2.5394
20210723,Tumakuru,13.3409,77.101,24.08,77.28,5.84,3.3996
20210724,Tumakuru,13.3409,77.101,24.32,79.2,4.45,5.0818
20210725,Tumakuru,13.3409,77.101,23.78,82.98,4.32,5.4151
20210726,Tumakuru,13.3409,77.101,23.88,80.13,4.51,5.3717
20210727,Tumakuru,13.3409,77.101,23.84,78.53,4.56,5.4329
20210728,Tumakuru,13.3409,77.101,24.12,76.95,4.62,6.0257
20210729,Tumakuru,13.3409,77.101,23.93,77.75,4.77,5.1444
20210730,Tumakuru,13.3409,77.101,23.5,80.46,4.44,4.8048
20210731,Tumakuru,13.3409,77.101,23.49,80.33,4.37,4.5605
20210801,Tumakuru,13.3409,77.101,23.44,79.24,4.49,4.5744
20210802,Tumakuru,13.3409,77.101,23.72,75.77,4.57,5.327
20210803,Tumakuru,13.3409,77.101,23.62,78.46,4.22,4.464
20210804,Tumakuru,13.3409,77.101,23.78,78.2,4.83,4.2389
20210805,Tumakuru,13.3409,77.101,24.22,77.31,4.94,4.1042
20210806,Tumakuru,13.3409,77.101,24.44,78.06,4.46,4.4695
20210807,Tumakuru,13.3409,77.101,24.58,79.45,3.62,5.7355
20210808,Tumakuru,13.3409,77.101,24.83,78.81,2.19,5.4869
20210809,Tumakuru,13.3409,77.101,24.91,78.74,2.07,5.7653
20210810,Tumakuru,13.3409,77.101,23.73,82.72,2.77,3.8921
20210811,Tumakuru,13.3409,77.101,24.33,78.77,3.15,5.2966
20210812,Tumakuru,13.3409,77.101,23.39,82.04,3.61,3.606
20210813,Tumakuru,13.3409,77.101,23.82,78.99,4.0,3.9331
20210814,Tumakuru,13.3409,77.101,23.0,81.84,3.58,4.6258
20210815,Tumakuru,13.3409,77.101,22.86,80.26,3.73,4.0639
20210816,Tumakuru,13.3409,77.101,23.48,77.08,3.42,4.194
20210817,Tumakuru,13.3409,77.101,24.13,75.35,3.17,4.0118
20210818,Tumakuru,13.3409,77.101,23.5,74.14,3.5,5.2711
20210819,Tumakuru,13.3409,77.101,22.69,74.68,3.92,4.9373
20210820,Tumakuru,13.3409,77.101,23.21,75.18,3.0,5.2022
20210821,Tumakuru,13.3409,77.101,23.77,73.18,2.09,3.719
20210822,Tumakuru,13.3409,77.101,23.83,74.81,0.9,5.0582
20210823,Tumakuru,13.3409,77.101,23.95,80.11,1.33,5.927
20210824,Tumakuru,13.3409,77.101,23.95,79.77,1.51,6.5993
20210825,Tumakuru,13.3409,77.101,23.67,81.71,2.03,4.7357
20210826,Tumakuru,13.3409,77.101,24.53,79.69,1.6,5.863
20210827,Tumakuru,13.3409,77.101,23.86,83.58,2.53,4.8398
20210828,Tumakuru,13.3409,77.101,23.37,80.37,3.44,3.8774
20210829,Tumakuru,13.3409,77.101,23.04,74.5,4.2,4.145
20210830,Tumakuru,13.3409,77.101,22.48,76.8,3.85,4.469
20210831,Tumakuru,13.3409,77.101,23.65,73.36,3.25,5.7943
20210901,Tumakuru,13.3409,77.101,24.24,76.46,2.26,5.8512
20210902,Tumakuru,13.3409,77.101,23.29,82.84,2.36,4.0133
20210903,Tumakuru,13.3409,77.101,22.79,80.53,2.99,3.1721
20210904,Tumakuru,13.3409,77.101,23.02,82.33,3.33,4.3822
20210905,Tumakuru,13.3409,77.101,22.9,81.11,3.77,4.7525
20210906,Tumakuru,13.3409,77.101,22.17,79.38,4.43,4.8286
20210907,Tumakuru,13.3409,77.101,23.01,79.05,4.17,4.6164
20210908,Tumakuru,13.3409,77.101,23.57,79.22,4.06,4.7642
20210909,Tumakuru,13.3409,77.101,23.57,79.62,3.46,5.1756
20210910,Tumakuru,13.3409,77.101,23.65,79.75,3.55,5.4514
20210911,Tumakuru,13.3409,77.101,23.89,79.96,3.75,5.0899
20210912,Tumakuru,13.3409,77.101,23.48,81.56,4.24,5.1199
20210913,Tumakuru,13.3409,77.101,23.74,81.94,4.51,4.7508
20210914,Tumakuru,13.3409,77.101,24.05,80.67,3.4,4.7662
20210915,Tumakuru,13.3409,77.101,24.02,80.33,2.78,4.8223
20210916,Tumakuru,13.3409,77.101,23.95,79.79,2.8,5.861
20210917,Tumakuru,13.3409,77.101,24.37,76.67,2.44,6.4286
20210918,Tumakuru,13.3409,77.101,24.44,74.58,2.18,6.1771
20210919,Tumakuru,13.3409,77.101,24.98,74.76,1.35,5.8351
20210920,Tumakuru,13.3409,77.101,24.3,80.96,1.81,5.5022
20210921,Tumakuru,13.3409,77.101,23.45,81.65,2.85,5.1086
20210922,Tumakuru,13.3409,77.101,23.68,80.17,2.86,4.789
20210923,Tumakuru,13.3409,77.101,23.52,82.38,2.42,5.1377
20210924,Tumakuru,13.3409,77.101,23.95,80.29,2.19,4.1885
20210925,Tumakuru,13.3409,77.101,23.9,81.37,2.34,4.9668
20210926,Tumakuru,13.3409,77.101,22.45,84.72,2.3,5.2716
20210927,Tumakuru,13.3409,77.101,23.03,81.17,3.66,4.3903
20210928,Tumakuru,13.3409,77.101,21.96,81.56,3.4,4.4318
20210929,Tumakuru,13.3409,77.101,22.95,78.19,2.83,5.5222
20210930,Tumakuru,13.3409,77.101,24.53,72.82,1.22,4.2703
20211001,Tumakuru,13.3409,77.101,24.35,82.7,1.56,4.8564
20211002,Tumakuru,13.3409,77.101,24.69,80.43,2.24,4.6956
20211003,Tumakuru,13.3409,77.101,24.43,80.14,2.09,5.4744
20211004,Tumakuru,13.3409,77.101,23.96,81.89,1.68,6.103
20211005,Tumakuru,13.3409,77.101,23.74,85.43,1.68,4.433
20211006,Tumakuru,13.3409,77.101,23.39,86.1,1.82,4.0106
20211007,Tumakuru,13.3409,77.101,24.04,85.81,2.08,4.9927
20211008,Tumakuru,13.3409,77.101,23.52,88.22,1.77,3.738
20211009,Tumakuru,13.3409,77.101,23.47,87.0,2.06,2.7799
20211010,Tumakuru,13.3409,77.101,23.3,86.21,1.98,4.9867
20211011,Tumakuru,13.3409,77.101,23.62,84.64,1.54,4.6949
20211012,Tumakuru,13.3409,77.101,23.42,84.71,1.44,4.3579
20211013,Tumakuru,13.3409,77.101,23.3,85.95,1.67,4.1724
20211014,Tumakuru,13.3409,77.101,23.94,84.31,1.14,4.0958
20211015,Tumakuru,13.3409,77.101,23.93,85.73,1.08,3.5806
20211016,Tumakuru,13.3409,77.101,24.12,83.46,1.17,5.2255
20211017,Tumakuru,13.3409,77.101,23.14,87.31,1.55,3.7788
20211018,Tumakuru,13.3409,77.101,23.21,86.4,2.3,4.6546
20211019,Tumakuru,13.3409,77.101,23.35,82.13,1.55,5.2102
20211020,Tumakuru,13.3409,77.101,23.07,86.0,1.49,4.0752
20211021,Tumakuru,13.3409,77.101,23.4,87.61,1.16,4.967
20211022,Tumakuru,13.3409,77.101,23.85,84.42,1.22,4.523
20211023,Tumakuru,13.3409,77.101,23.03,86.46,1.49,4.1107
20211024,Tumakuru,13.3409,77.101,22.65,85.95,0.98,4.8139
20211025,Tumakuru,13.3409,77.101,22.7,84.46,1.8,4.4494
20211026,Tumakuru,13.3409,77.101,22.49,84.82,1.42,4.5475
20211027,Tumakuru,13.3409,77.101,22.12,83.48,1.95,4.3663
20211028,Tumakuru,13.3409,77.101,21.84,81.36,1.68,5.017
20211029,Tumakuru,13.3409,77.101,21.62,87.08,2.03,3.1819
20211030,Tumakuru,13.3409,77.101,22.6,87.86,2.41,4.0846
20211031,Tumakuru,13.3409,77.101,22.63,87.01,1.97,5.0263
20211101,Tumakuru,13.3409,77.101,22.7,86.23,2.29,3.4855
20211102,Tumakuru,13.3409,77.101,22.47,86.09,2.72,3.6686
20211103,Tumakuru,13.3409,77.101,22.27,86.61,2.2,3.8556
20211104,Tumakuru,13.3409,77.101,22.22,88.41,1.8,4.494
20211105,Tumakuru,13.3409,77.101,22.39,86.75,1.45,3.3451
20211106,Tumakuru,13.3409,77.101,22.1,88.59,1.7,4.6783
20211107,Tumakuru,13.3409,77.101,20.4,92.78,1.89,2.9938
20211108,Tumakuru,13.3409,77.101,20.67,91.93,2.06,2.5296
20211109,Tumakuru,13.3409,77.101,21.09,88.14,1.58,3.7236
20211110,Tumakuru,13.3409,77.101,20.06,86.03,1.58,2.8694
20211111,Tumakuru,13.3409,77.101,19.08,89.75,2.76,1.1851
20211112,Tumakuru,13.3409,77.101,19.71,93.95,3.22,1.8444
20211113,Tumakuru,13.3409,77.101,22.66,85.96,0.92,3.0163
20211114,Tumakuru,13.3409,77.101,22.95,88.95,0.75,2.8918
20211115,Tumakuru,13.3409,77.101,23.53,87.27,1.92,3.6557
20211116,Tumakuru,13.3409,77.101,23.31,87.64,2.37,4.296
20211117,Tumakuru,13.3409,77.101,22.66,89.31,1.9,3.6298
20211118,Tumakuru,13.3409,77.101,19.92,92.2,2.33,1.2252
20211119,Tumakuru,13.3409,77.101,21.3,95.72,3.23,1.6913
20211120,Tumakuru,13.3409,77.101,23.01,89.35,2.33,2.9249
20211121,Tumakuru,13.3409,77.101,22.4,83.84,1.71,3.775
20211122,Tumakuru,13.3409,77.101,22.0,86.91,1.44,4.0183
20211123,Tumakuru,13.3409,77.101,22.67,88.62,1.69,5.303
20211124,Tumakuru,13.3409,77.101,22.53,85.48,1.81,4.399
20211125,Tumakuru,13.3409,77.101,22.06,87.42,2.5,4.5634
20211126,Tumakuru,13.3409,77.101,21.48,86.99,2.4,4.6519
20211127,Tumakuru,13.3409,77.101,21.14,89.23,2.9,2.8404
20211128,Tumakuru,13.3409,77.101,19.63,90.81,2.89,1.631
20211129,Tumakuru,13.3409,77.101,21.06,88.47,2.74,2.49
20211130,Tumakuru,13.3409,77.101,21.7,86.65,2.92,4.044
20211201,Tumakuru,13.3409,77.101,22.07,86.78,2.87,3.0257
20211202,Tumakuru,13.3409,77.101,22.3,85.4,1.83,3.5784
20211203,Tumakuru,13.3409,77.101,21.73,86.44,1.3,3.9624
20211204,Tumakuru,13.3409,77.101,22.33,80.37,0.65,4.3891
20211205,Tumakuru,13.3409,77.101,21.64,85.46,0.95,2.8402
20211206,Tumakuru,13.3409,77.101,21.7,84.17,1.26,4.2151
20211207,Tumakuru,13.3409,77.101,21.42,83.9,1.79,5.045
20211208,Tumakuru,13.3409,77.101,20.74,81.15,1.89,5.417
20211209,Tumakuru,13.3409,77.101,21.98,84.42,1.97,3.1361
20211210,Tumakuru,13.3409,77.101,20.88,84.17,2.44,5.4886
20211211,Tumakuru,13.3409,77.101,21.21,86.8,2.78,3.6629
20211212,Tumakuru,13.3409,77.101,21.01,86.04,2.94,4.3385
20211213,Tumakuru,13.3409,77.101,21.39,86.77,2.71,3.2762
20211214,Tumakuru,13.3409,77.101,20.25,88.36,2.65,3.0192
20211215,Tumakuru,13.3409,77.101,20.18,86.64,2.61,2.7694
20211216,Tumakuru,13.3409,77.101,20.15,84.63,2.36,4.7602
20211217,Tumakuru,13.3409,77.101,19.75,82.28,1.91,4.752
20211218,Tumakuru,13.3409,77.101,17.99,81.05,2.11,4.9867
20211219,Tumakuru,13.3409,77.101,16.81,78.9,2.18,5.3201
20211220,Tumakuru,13.3409,77.101,17.02,79.29,2.11,5.3563
20211221,Tumakuru,13.3409,77.101,18.2,74.98,1.2,5.1842
20211222,Tumakuru,13.3409,77.101,18.23,75.07,1.57,5.2366
20211223,Tumakuru,13.3409,77.101,18.52,75.93,1.54,5.28
20211224,Tumakuru,13.3409,77.101,18.79,68.92,1.65,5.2975
20211225,Tumakuru,13.3409,77.101,18.77,73.11,1.62,5.2754
20211226,Tumakuru,13.3409,77.101,19.21,78.08,2.0,5.2723
20211227,Tumakuru,13.3409,77.101,19.28,76.42,2.06,5.3513
20211228,Tumakuru,13.3409,77.101,18.88,78.39,2.09,5.5529
20211229,Tumakuru,13.3409,77.101,19.45,79.57,2.26,5.0695
20211230,Tumakuru,13.3409,77.101,19.93,79.86,2.51,4.9836
20211231,Tumakuru,13.3409,77.101,20.93,84.82,3.5,2.1026
20220101,Tumakuru,13.3409,77.101,20.97,84.26,3.16,2.9575
20220102,Tumakuru,13.3409,77.101,20.81,81.03,2.66,5.0904
20220103,Tumakuru,13.3409,77.101,19.97,76.73,1.86,5.2618
20220104,Tumakuru,13.3409,77.101,19.44,79.14,2.1,5.2574
20220105,Tumakuru,13.3409,77.101,19.68,76.93,1.12,5.3042
20220106,Tumakuru,13.3409,77.101,20.16,75.48,1.53,5.4367
20220107,Tumakuru,13.3409,77.101,20.77,80.28,2.3,4.7328
20220108,Tumakuru,13.3409,77.101,21.25,78.68,1.8,4.3992
20220109,Tumakuru,13.3409,77.101,21.46,80.32,1.8,4.8326
20220110,Tumakuru,13.3409,77.101,21.22,77.16,2.31,4.8038
20220111,Tumakuru,13.3409,77.101,21.12,75.96,1.95,5.0148
20220112,Tumakuru,13.3409,77.101,21.22,79.21,1.83,4.9591
20220113,Tumakuru,13.3409,77.101,20.89,77.89,2.05,5.3748
20220114,Tumakuru,13.3409,77.101,20.37,78.03,1.6,5.7134
20220115,Tumakuru,13.3409,77.101,21.72,71.51,0.83,5.3873
20220116,Tumakuru,13.3409,77.101,21.91,76.42,2.09,4.6543
20220117,Tumakuru,13.3409,77.101,21.37,77.15,2.65,5.1888
20220118,Tumakuru,13.3409,77.101,20.79,73.84,2.05,4.914
20220119,Tumakuru,13.3409,77.101,20.25,71.21,1.93,5.5704
20220120,Tumakuru,13.3409,77.101,20.71,59.58,1.51,6.0271
20220121,Tumakuru,13.3409,77.101,21.46,62.03,1.52,6.0914
20220122,Tumakuru,13.3409,77.101,20.87,71.94,1.8,6.1766
20220123,Tumakuru,13.3409,77.101,20.16,70.19,2.16,6.2652
20220124,Tumakuru,13.3409,77.101,19.47,69.92,1.84,6.091
20220125,Tumakuru,13.3409,77.101,20.32,70.21,1.13,5.7802
20220126,Tumakuru,13.3409,77.101,21.5,78.23,1.37,4.41
20220127,Tumakuru,13.3409,77.101,21.97,74.89,3.02,4.0008
20220128,Tumakuru,13.3409,77.101,21.1,71.5,3.43,4.4813
20220129,Tumakuru,13.3409,77.101,21.6,72.12,2.62,5.19
20220130,Tumakuru,13.3409,77.101,22.8,70.46,0.88,5.5034
20220131,Tumakuru,13.3409,77.101,23.58,66.22,0.95,5.7857
20220201,Tumakuru,13.3409,77.101,23.15,68.16,1.6,5.9057
20220202,Tumakuru,13.3409,77.101,23.33,65.75,1.72,6.0511
20220203,Tumakuru,13.3409,77.101,22.49,69.73,2.42,5.5044
20220204,Tumakuru,13.3409,77.101,21.76,64.76,2.17,6.4973
20220205,Tumakuru,13.3409,77.101,22.55,60.95,1.33,6.3586
20220206,Tumakuru,13.3409,77.101,23.42,68.93,2.0,4.741
20220207,Tumakuru,13.3409,77.101,23.54,67.25,1.21,5.394
20220208,Tumakuru,13.3409,77.101,23.46,65.11,1.24,5.6383
20220209,Tumakuru,13.3409,77.101,22.8,65.12,2.11,5.9186
20220210,Tumakuru,13.3409,77.101,22.27,58.37,2.38,6.2146
20220211,Tumakuru,13.3409,77.101,22.05,54.93,3.24,6.5902
20220212,Tumakuru,13.3409,77.101,22.18,61.0,2.55,6.4104
20220213,Tumakuru,13.3409,77.101,21.78,60.24,2.34,5.9472
20220214,Tumakuru,13.3409,77.101,22.06,60.18,1.95,5.833
20220215,Tumakuru,13.3409,77.101,22.79,64.65,1.63,4.9236
20220216,Tumakuru,13.3409,77.101,24.0,62.45,1.03,5.1245
20220217,Tumakuru,13.3409,77.101,23.85,60.99,1.24,5.6702
20220218,Tumakuru,13.3409,77.101,23.93,56.75,2.6,6.1879
20220219,Tumakuru,13.3409,77.101,23.9,53.28,2.66,6.5371
20220220,Tumakuru,13.3409,77.101,24.87,53.78,1.66,6.5573
20220221,Tumakuru,13.3409,77.101,25.45,53.57,1.11,6.5738
20220222,Tumakuru,13.3409,77.101,26.23,48.36,1.71,5.9892
20220223,Tumakuru,13.3409,77.101,25.04,50.51,3.29,6.6528
20220224,Tumakuru,13.3409,77.101,23.99,46.84,2.28,7.0152
20220225,Tumakuru,13.3409,77.101,23.78,40.42,3.08,7.205
20220226,Tumakuru,13.3409,77.101,22.98,39.98,2.46,7.4114
20220227,Tumakuru,13.3409,77.101,23.95,49.6,2.39,7.2866
20220228,Tumakuru,13.3409,77.101,23.9,46.57,2.19,7.1486
20220301,Tumakuru,13.3409,77.101,24.51,44.79,2.91,7.1592
20220302,Tumakuru,13.3409,77.101,24.34,32.04,3.37,6.786
20220303,Tumakuru,13.3409,77.101,24.41,33.52,3.79,7.0699
20220304,Tumakuru,13.3409,77.101,24.98,31.88,3.71,7.2118
20220305,Tumakuru,13.3409,77.101,25.55,33.53,3.62,6.9955
20220306,Tumakuru,13.3409,77.101,25.71,44.03,4.33,6.6578
20220307,Tumakuru,13.3409,77.101,24.85,46.21,3.87,4.6368
20220308,Tumakuru,13.3409,77.101,26.41,40.86,2.56,6.8477
20220309,Tumakuru,13.3409,77.101,27.11,39.94,3.03,6.9929
20220310,Tumakuru,13.3409,77.101,27.07,37.22,3.43,6.6432
20220311,Tumakuru,13.3409,77.101,26.44,32.13,3.53,6.881
20220312,Tumakuru,13.3409,77.101,26.84,29.13,3.59,6.5842
20220313,Tumakuru,13.3409,77.101,25.44,34.34,3.37,6.5518
20220314,Tumakuru,13.3409,77.101,26.72,35.13,2.82,6.2954
20220315,Tumakuru,13.3409,77.101,26.9,31.05,2.5,6.6468
20220316,Tumakuru,13.3409,77.101,26.81,31.46,2.41,6.786
20220317,Tumakuru,13.3409,77.101,27.8,25.29,2.78,5.9669
20220318,Tumakuru,13.3409,77.101,28.72,29.99,1.74,6.6754
20220319,Tumakuru,13.3409,77.101,28.81,45.43,2.54,6.0374
20220320,Tumakuru,13.3409,77.101,27.29,54.1,1.86,4.8113
20220321,Tumakuru,13.3409,77.101,27.61,54.93,1.93,5.771
20220322,Tumakuru,13.3409,77.101,27.54,58.09,1.6,4.685
20220323,Tumakuru,13.3409,77.101,28.61,50.6,2.03,5.07
20220324,Tumakuru,13.3409,77.101,28.03,56.88,1.22,4.6666
20220325,Tumakuru,13.3409,77.101,28.37,51.15,1.83,5.2906
20220326,Tumakuru,13.3409,77.101,29.25,43.36,2.79,5.9076
20220327,Tumakuru,13.3409,77.101,29.89,42.02,3.4,6.228
20220328,Tumakuru,13.3409,77.101,30.13,39.87,2.77,6.4627
20220329,Tumakuru,13.3409,77.101,30.69,40.09,2.38,6.3084
20220330,Tumakuru,13.3409,77.101,30.97,40.46,1.75,5.9851
20220331,Tumakuru,13.3409,77.101,31.3,37.86,1.62,6.4486
20220401,Tumakuru,13.3409,77.101,31.18,34.29,2.52,6.0065
20220402,Tumakuru,13.3409,77.101,29.81,36.08,2.98,5.839
20220403,Tumakuru,13.3409,77.101,29.71,35.2,3.78,6.8018
20220404,Tumakuru,13.3409,77.101,29.88,37.68,3.68,6.7301
20220405,Tumakuru,13.3409,77.101,29.49,36.68,3.79,6.6775
20220406,Tumakuru,13.3409,77.101,29.34,31.34,3.9,6.9864
20220407,Tumakuru,13.3409,77.101,28.95,40.55,3.98,6.8364
20220408,Tumakuru,13.3409,77.101,29.79,42.47,3.84,7.0222
20220409,Tumakuru,13.3409,77.101,29.59,45.94,3.36,6.295
20220410,Tumakuru,13.3409,77.101,29.72,40.05,3.5,4.939
20220411,Tumakuru,13.3409,77.101,29.6,36.94,3.36,6.5098
20220412,Tumakuru,13.3409,77.101,30.11,37.27,3.28,7.0344
20220413,Tumakuru,13.3409,77.101,29.12,48.29,2.53,5.581
20220414,Tumakuru,13.3409,77.101,26.26,55.48,2.38,5.3273
20220415,Tumakuru,13.3409,77.101,27.39,55.65,1.0,7.1498
20220416,Tumakuru,13.3409,77.101,28.62,57.81,1.57,6.0458
20220417,Tumakuru,13.3409,77.101,27.74,64.7,1.35,6.6038
20220418,Tumakuru,13.3409,77.101,26.86,63.27,2.09,6.3329
20220419,Tumakuru,13.3409,77.101,25.05,72.91,1.81,5.6299
20220420,Tumakuru,13.3409,77.101,28.14,58.71,1.55,6.9641
20220421,Tumakuru,13.3409,77.101,27.87,60.35,2.18,7.0946
20220422,Tumakuru,13.3409,77.101,26.98,61.62,2.33,7.2418
20220423,Tumakuru,13.3409,77.101,25.99,66.97,2.34,5.1922
20220424,Tumakuru,13.3409,77.101,27.76,55.7,2.02,6.3994
20220425,Tumakuru,13.3409,77.101,28.52,54.71,1.85,5.9352
20220426,Tumakuru,13.3409,77.101,28.95,53.33,1.58,7.2264
20220427,Tumakuru,13.3409,77.101,29.33,51.32,2.53,7.3034
20220428,Tumakuru,13.3409,77.101,29.41,51.04,2.29,7.1885
20220429,Tumakuru,13.3409,77.101,30.19,48.75,1.88,6.8774
20220430,Tumakuru,13.3409,77.101,29.8,52.26,2.35,6.8486
20220501,Tumakuru,13.3409,77.101,28.75,60.73,2.15,6.7181
20220502,Tumakuru,13.3409,77.101,28.18,62.52,2.55,6.5803
20220503,Tumakuru,13.3409,77.101,28.59,60.61,2.38,7.0298
20220504,Tumakuru,13.3409,77.101,28.52,63.86,1.97,5.3122
20220505,Tumakuru,13.3409,77.101,24.94,78.37,2.13,5.0638
20220506,Tumakuru,13.3409,77.101,27.25,65.44,1.3,6.7699
20220507,Tumakuru,13.3409,77.101,27.49,66.4,1.91,6.3917
20220508,Tumakuru,13.3409,77.101,28.26,64.08,1.83,5.796
20220509,Tumakuru,13.3409,77.101,27.49,68.13,2.57,5.083
20220510,Tumakuru,13.3409,77.101,26.84,68.4,4.5,1.794
20220511,Tumakuru,13.3409,77.101,25.63,72.53,5.18,2.0345
20220512,Tumakuru,13.3409,77.101,25.14,74.72,4.58,2.179
20220513,Tumakuru,13.3409,77.101,25.91,74.95,3.16,3.7618
20220514,Tumakuru,13.3409,77.101,26.66,73.33,1.81,6.2906
20220515,Tumakuru,13.3409,77.101,24.87,81.96,2.74,5.4955
20220516,Tumakuru,13.3409,77.101,25.65,80.27,2.54,5.0976
20220517,Tumakuru,13.3409,77.101,25.78,73.43,1.8,4.2818
20220518,Tumakuru,13.3409,77.101,24.31,82.21,1.9,2.897
20220519,Tumakuru,13.3409,77.101,23.04,85.16,3.97,2.9767
20220520,Tumakuru,13.3409,77.101,22.55,82.51,4.09,3.2062
20220521,Tumakuru,13.3409,77.101,23.61,76.36,4.01,3.7639
20220522,Tumakuru,13.3409,77.101,24.57,78.42,4.24,6.0739
20220523,Tumakuru,13.3409,77.101,25.41,77.34,3.27,6.6667
20220524,Tumakuru,13.3409,77.101,26.02,75.71,2.91,7.0843
20220525,Tumakuru,13.3409,77.101,26.16,74.94,1.82,6.031
20220526,Tumakuru,13.3409,77.101,25.58,76.32,2.27,6.559
20220527,Tumakuru,13.3409,77.101,24.73,76.38,3.16,7.1851
20220528,Tumakuru,13.3409,77.101,24.73,71.64,3.47,7.4863
20220529,Tumakuru,13.3409,77.101,24.94,70.59,3.18,7.4839
20220530,Tumakuru,13.3409,77.101,25.48,71.28,2.79,6.8436
20220531,Tumakuru,13.3409,77.101,23.53,82.73,2.37,6.1164
20220601,Tumakuru,13.3409,77.101,23.12,85.28,3.14,6.2198
20220602,Tumakuru,13.3409,77.101,25.15,75.77,1.58,6.4061
20220603,Tumakuru,13.3409,77.101,24.86,77.94,2.08,7.0646
20220604,Tumakuru,13.3409,77.101,25.0,74.42,2.4,6.8222
20220605,Tumakuru,13.3409,77.101,25.03,77.91,1.69,6.7135
20220606,Tumakuru,13.3409,77.101,24.32,79.83,1.48,5.3978
20220607,Tumakuru,13.3409,77.101,24.48,79.67,1.96,5.419
20220608,Tumakuru,13.3409,77.101,24.99,74.18,3.59,6.786
20220609,Tumakuru,13.3409,77.101,25.12,72.46,3.91,6.629
20220610,Tumakuru,13.3409,77.101,24.83,74.56,3.94,6.57
20220611,Tumakuru,13.3409,77.101,24.64,71.67,3.89,6.6499
20220612,Tumakuru,13.3409,77.101,23.85,72.4,3.23,6.8038
20220613,Tumakuru,13.3409,77.101,24.61,73.61,2.59,6.2167
20220614,Tumakuru,13.3409,77.101,24.13,78.46,2.94,6.9823
20220615,Tumakuru,13.3409,77.101,23.68,80.44,2.72,4.4088
20220616,Tumakuru,13.3409,77.101,23.98,80.42,2.06,5.8942
20220617,Tumakuru,13.3409,77.101,21.81,84.93,2.03,6.3874
20220618,Tumakuru,13.3409,77.101,22.54,85.13,1.6,5.3894
20220619,Tumakuru,13.3409,77.101,23.57,84.13,2.34,5.3371
20220620,Tumakuru,13.3409,77.101,23.29,79.31,3.26,5.501
20220621,Tumakuru,13.3409,77.101,23.32,81.33,3.5,5.0659
20220622,Tumakuru,13.3409,77.101,22.48,86.34,2.54,5.0726
20220623,Tumakuru,13.3409,77.101,23.9,77.23,3.43,4.2542
20220624,Tumakuru,13.3409,77.101,23.1,84.12,3.67,6.2551
20220625,Tumakuru,13.3409,77.101,23.38,79.71,4.19,4.9097
20220626,Tumakuru,13.3409,77.101,23.74,78.03,4.61,5.5349
20220627,Tumakuru,13.3409,77.101,23.81,78.37,4.33,4.6498
20220628,Tumakuru,13.3409,77.101,23.94,78.56,3.33,4.3505
20220629,Tumakuru,13.3409,77.101,24.43,78.61,3.49,6.0125
20220630,Tumakuru,13.3409,77.101,24.09,81.61,3.68,5.2932
20220701,Tumakuru,13.3409,77.101,23.62,83.14,3.71,4.8391
20220702,Tumakuru,13.3409,77.101,23.65,82.51,3.81,4.6894
20220703,Tumakuru,13.3409,77.101,23.84,80.24,4.38,4.6483
20220704,Tumakuru,13.3409,77.101,22.87,83.25,5.11,3.4166
20220705,Tumakuru,13.3409,77.101,22.97,83.42,4.68,3.8261
20220706,Tumakuru,13.3409,77.101,22.98,81.37,4.37,3.0365
20220707,Tumakuru,13.3409,77.101,23.01,82.64,4.56,3.067
20220708,Tumakuru,13.3409,77.101,22.16,84.03,4.91,3.2177
20220709,Tumakuru,13.3409,77.101,22.6,84.75,5.1,3.3506
20220710,Tumakuru,13.3409,77.101,23.06,80.62,5.6,3.7886
20220711,Tumakuru,13.3409,77.101,23.22,80.65,5.5,3.9146
20220712,Tumakuru,13.3409,77.101,22.81,81.27,5.92,4.7352
20220713,Tumakuru,13.3409,77.101,22.79,79.47,7.01,3.5004
20220714,Tumakuru,13.3409,77.101,22.89,77.6,7.52,4.2694
20220715,Tumakuru,13.3409,77.101,23.73,76.15,6.19,4.8547
20220716,Tumakuru,13.3409,77.101,24.04,78.89,5.33,3.96
20220717,Tumakuru,13.3409,77.101,23.09,83.22,4.89,4.127
20220718,Tumakuru,13.3409,77.101,23.03,81.27,4.26,3.3319
20220719,Tumakuru,13.3409,77.101,23.22,82.48,2.77,5.9966
20220720,Tumakuru,13.3409,77.101,24.04,81.83,2.73,5.9544
20220721,Tumakuru,13.3409,77.101,23.81,82.7,2.92,4.2506
20220722,Tumakuru,13.3409,77.101,22.79,84.84,3.39,3.365
20220723,Tumakuru,13.3409,77.101,23.01,82.06,3.53,3.8935
20220724,Tumakuru,13.3409,77.101,23.28,79.98,3.65,4.5194
20220725,Tumakuru,13.3409,77.101,23.54,78.69,3.12,5.5483
20220726,Tumakuru,13.3409,77.101,22.37,84.1,2.8,3.8995
20220727,Tumakuru,13.3409,77.101,23.52,82.69,1.72,5.0311
20220728,Tumakuru,13.3409,77.101,24.76,78.04,1.56,5.8032
20220729,Tumakuru,13.3409,77.101,24.65,76.92,1.23,6.5494
20220730,Tumakuru,13.3409,77.101,24.93,78.77,1.02,5.9218
20220731,Tumakuru,13.3409,77.101,24.48,81.91,1.61,5.0254
20220801,Tumakuru,13.3409,77.101,24.51,84.26,1.9,5.8109
20220802,Tumakuru,13.3409,77.101,24.33,85.0,2.08,5.442
20220803,Tumakuru,13.3409,77.101,23.12,85.16,1.83,4.0834
20220804,Tumakuru,13.3409,77.101,23.55,81.43,1.09,3.1183
20220805,Tumakuru,13.3409,77.101,22.84,85.13,5.24,3.3257
20220806,Tumakuru,13.3409,77.101,23.16,83.1,5.37,4.0613
20220807,Tumakuru,13.3409,77.101,22.77,85.25,5.27,3.1747
20220808,Tumakuru,13.3409,77.101,22.84,83.87,5.87,3.3912
20220809,Tumakuru,13.3409,77.101,22.98,80.26,6.31,4.5862
20220810,Tumakuru,13.3409,77.101,22.61,80.47,5.79,4.8041
20220811,Tumakuru,13.3409,77.101,23.07,80.68,5.41,4.6092
20220812,Tumakuru,13.3409,77.101,23.06,80.74,4.61,4.8036
20220813,Tumakuru,13.3409,77.101,22.4,81.57,3.75,5.1221
20220814,Tumakuru,13.3409,77.101,22.42,79.79,3.98,4.385
20220815,Tumakuru,13.3409,77.101,23.65,78.52,3.33,5.0016
20220816,Tumakuru,13.3409,77.101,23.58,80.08,2.2,6.5105
20220817,Tumakuru,13.3409,77.101,24.02,79.47,2.92,6.366
20220818,Tumakuru,13.3409,77.101,22.96,87.23,3.5,5.357
20220819,Tumakuru,13.3409,77.101,23.1,83.58,3.9,4.392
20220820,Tumakuru,13.3409,77.101,22.81,83.42,3.86,5.1826
20220821,Tumakuru,13.3409,77.101,22.86,85.33,3.52,4.3834
20220822,Tumakuru,13.3409,77.101,23.07,84.66,4.18,4.6054
20220823,Tumakuru,13.3409,77.101,23.53,83.18,3.57,5.5942
20220824,Tumakuru,13.3409,77.101,23.33,83.37,3.6,4.7758
20220825,Tumakuru,13.3409,77.101,22.68,85.23,3.08,4.9512
20220826,Tumakuru,13.3409,77.101,22.33,89.77,2.44,4.1299
20220827,Tumakuru,13.3409,77.101,22.03,89.75,2.92,4.4779
20220828,Tumakuru,13.3409,77.101,22.58,87.04,2.7,4.8862
20220829,Tumakuru,13.3409,77.101,22.84,91.43,2.36,4.5646
20220830,Tumakuru,13.3409,77.101,23.48,88.82,1.71,5.8111
20220831,Tumakuru,13.3409,77.101,23.36,88.7,1.92,5.0386
20220901,Tumakuru,13.3409,77.101,23.55,82.91,1.13,4.601
20220902,Tumakuru,13.3409,77.101,23.95,83.23,1.39,5.5685
20220903,Tumakuru,13.3409,77.101,24.91,80.61,0.83,6.193
20220904,Tumakuru,13.3409,77.101,23.96,89.28,1.14,5.7024
20220905,Tumakuru,13.3409,77.101,24.19,87.29,1.37,6.258
20220906,Tumakuru,13.3409,77.101,23.48,87.82,1.89,5.7893
20220907,Tumakuru,13.3409,77.101,22.6,88.67,2.1,4.2154
20220908,Tumakuru,13.3409,77.101,22.38,89.55,2.71,3.1572
20220909,Tumakuru,13.3409,77.101,22.43,90.74,2.75,4.8574
20220910,Tumakuru,13.3409,77.101,22.42,88.64,3.37,4.0337
20220911,Tumakuru,13.3409,77.101,22.3,87.36,4.3,4.7568
20220912,Tumakuru,13.3409,77.101,22.42,85.96,4.75,5.119
20220913,Tumakuru,13.3409,77.101,22.7,87.35,3.37,4.7854
20220914,Tumakuru,13.3409,77.101,22.3,88.37,2.69,4.631
20220915,Tumakuru,13.3409,77.101,22.28,88.21,2.7,5.2267
20220916,Tumakuru,13.3409,77.101,22.76,86.33,3.01,4.8758
20220917,Tumakuru,13.3409,77.101,23.01,85.74,2.47,5.8942
20220918,Tumakuru,13.3409,77.101,22.94,86.61,2.61,5.8289
20220919,Tumakuru,13.3409,77.101,22.64,85.46,3.18,4.9298
20220920,Tumakuru,13.3409,77.101,21.58,83.78,2.76,5.6942
20220921,Tumakuru,13.3409,77.101,22.18,84.65,2.66,4.6836
20220922,Tumakuru,13.3409,77.101,22.06,82.17,2.93,6.3924
20220923,Tumakuru,13.3409,77.101,21.73,84.9,2.65,5.6453
20220924,Tumakuru,13.3409,77.101,22.37,84.16,2.59,5.6352
20220925,Tumakuru,13.3409,77.101,22.74,82.88,2.41,6.1622
20220926,Tumakuru,13.3409,77.101,23.23,86.09,2.56,3.8707
20220927,Tumakuru,13.3409,77.101,22.88,85.03,2.22,4.3236
20220928,Tumakuru,13.3409,77.101,22.81,83.38,2.54,4.3214
20220929,Tumakuru,13.3409,77.101,22.49,84.86,2.47,4.0238
20220930,Tumakuru,13.3409,77.101,21.9,87.43,2.77,2.2596
20221001,Tumakuru,13.3409,77.101,21.6,89.02,3.12,2.4223
20221002,Tumakuru,13.3409,77.101,21.78,86.19,3.08,3.7632
20221003,Tumakuru,13.3409,77.101,22.19,86.61,2.82,4.6685
20221004,Tumakuru,13.3409,77.101,22.76,86.67,2.7,4.4419
20221005,Tumakuru,13.3409,77.101,22.18,89.37,2.31,4.0704
20221006,Tumakuru,13.3409,77.101,21.23,89.79,2.46,2.6801
20221007,Tumakuru,13.3409,77.101,22.4,85.18,2.05,4.6493
20221008,Tumakuru,13.3409,77.101,22.49,82.58,1.54,5.3309
20221009,Tumakuru,13.3409,77.101,22.36,88.34,1.68,2.7694
20221010,Tumakuru,13.3409,77.101,23.6,87.57,1.7,4.0906
20221011,Tumakuru,13.3409,77.101,23.82,86.74,1.7,4.3068
20221012,Tumakuru,13.3409,77.101,22.52,89.73,1.07,3.7882
20221013,Tumakuru,13.3409,77.101,22.62,91.34,1.49,5.1763
20221014,Tumakuru,13.3409,77.101,23.85,85.24,1.78,5.4936
20221015,Tumakuru,13.3409,77.101,23.2,88.89,2.42,5.0983
20221016,Tumakuru,13.3409,77.101,23.89,86.56,1.98,4.2444
20221017,Tumakuru,13.3409,77.101,23.7,88.11,1.48,4.9291
20221018,Tumakuru,13.3409,77.101,23.54,86.59,1.62,4.5907
20221019,Tumakuru,13.3409,77.101,22.72,88.28,1.0,5.2666
20221020,Tumakuru,13.3409,77.101,23.38,85.46,1.78,5.2673
20221021,Tumakuru,13.3409,77.101,23.05,86.28,1.91,5.3177
20221022,Tumakuru,13.3409,77.101,22.37,87.19,2.01,5.2591
20221023,Tumakuru,13.3409,77.101,20.86,83.03,1.74,6.3696
20221024,Tumakuru,13.3409,77.101,19.31,72.98,1.9,6.4478
20221025,Tumakuru,13.3409,77.101,20.11,66.08,1.19,6.5395
20221026,Tumakuru,13.3409,77.101,19.88,71.26,1.34,6.5573
20221027,Tumakuru,13.3409,77.101,19.7,76.75,1.69,6.3487
20221028,Tumakuru,13.3409,77.101,20.85,85.48,2.24,4.0334
20221029,Tumakuru,13.3409,77.101,22.14,86.15,2.45,3.9862
20221030,Tumakuru,13.3409,77.101,21.73,85.36,2.43,4.1004
20221031,Tumakuru,13.3409,77.101,20.27,85.74,1.76,5.7545
20221101,Tumakuru,13.3409,77.101,20.9,89.8,2.5,2.8368
20221102,Tumakuru,13.3409,77.101,20.52,89.65,2.33,2.4761
20221103,Tumakuru,13.3409,77.101,20.54,85.7,2.32,2.8418
20221104,Tumakuru,13.3409,77.101,21.34,84.87,2.31,4.3759
20221105,Tumakuru,13.3409,77.101,21.09,81.69,2.18,5.6758
20221106,Tumakuru,13.3409,77.101,21.49,86.06,2.08,4.2108
20221107,Tumakuru,13.3409,77.101,20.71,82.17,1.99,5.8409
20221108,Tumakuru,13.3409,77.101,20.36,84.64,1.93,5.7449
20221109,Tumakuru,13.3409,77.101,21.09,81.86,1.77,5.3467
20221110,Tumakuru,13.3409,77.101,21.24,83.02,2.37,5.1041
20221111,Tumakuru,13.3409,77.101,20.88,85.94,3.07,2.5193
20221112,Tumakuru,13.3409,77.101,20.1,92.88,2.86,1.8617
20221113,Tumakuru,13.3409,77.101,21.32,88.15,2.16,3.3842
20221114,Tumakuru,13.3409,77.101,21.88,87.98,1.41,4.2312
20221115,Tumakuru,13.3409,77.101,22.32,85.78,1.71,4.2247
20221116,Tumakuru,13.3409,77.101,21.02,84.81,1.83,4.8626
20221117,Tumakuru,13.3409,77.101,19.06,73.67,1.84,5.784
20221118,Tumakuru,13.3409,77.101,18.04,70.92,1.75,4.8535
20221119,Tumakuru,13.3409,77.101,17.54,77.4,1.9,5.2894
20221120,Tumakuru,13.3409,77.101,18.01,74.16,1.57,4.5379
20221121,Tumakuru,13.3409,77.101,18.49,79.92,1.54,4.6058
20221122,Tumakuru,13.3409,77.101,20.52,89.04,1.61,1.9548
20221123,Tumakuru,13.3409,77.101,21.66,88.93,2.1,1.8557
20221124,Tumakuru,13.3409,77.101,22.32,85.97,2.25,2.5133
20221125,Tumakuru,13.3409,77.101,22.18,82.81,1.99,5.3383
20221126,Tumakuru,13.3409,77.101,22.39,82.54,1.75,4.8454
20221127,Tumakuru,13.3409,77.101,22.51,81.47,1.22,4.2833
20221128,Tumakuru,13.3409,77.101,22.35,82.46,1.34,3.7889
20221129,Tumakuru,13.3409,77.101,21.5,82.31,1.69,4.2547
20221130,Tumakuru,13.3409,77.101,19.11,75.18,1.79,5.2241
20221201,Tumakuru,13.3409,77.101,20.77,84.36,1.85,3.3559
20221202,Tumakuru,13.3409,77.101,22.43,84.34,1.92,3.918
20221203,Tumakuru,13.3409,77.101,22.38,83.3,2.16,5.2142
20221204,Tumakuru,13.3409,77.101,22.22,81.51,2.2,5.2529
20221205,Tumakuru,13.3409,77.101,21.3,84.84,2.12,4.4177
20221206,Tumakuru,13.3409,77.101,21.19,83.03,1.9,3.6202
20221207,Tumakuru,13.3409,77.101,19.53,76.93,2.13,4.2607
20221208,Tumakuru,13.3409,77.101,18.29,73.42,1.65,4.8084
20221209,Tumakuru,13.3409,77.101,18.43,79.2,2.4,2.443
20221210,Tumakuru,13.3409,77.101,19.57,93.65,4.61,0.9636
20221211,Tumakuru,13.3409,77.101,21.41,90.15,2.86,1.6985
20221212,Tumakuru,13.3409,77.101,20.72,92.45,3.34,2.5786
20221213,Tumakuru,13.3409,77.101,21.64,87.97,2.84,2.5577
20221214,Tumakuru,13.3409,77.101,21.58,83.72,2.17,4.1446
20221215,Tumakuru,13.3409,77.101,20.91,75.9,1.83,5.8272
20221216,Tumakuru,13.3409,77.101,19.89,74.98,1.82,5.735
20221217,Tumakuru,13.3409,77.101,20.35,81.95,2.12,5.0138
20221218,Tumakuru,13.3409,77.101,20.73,85.72,2.54,4.0073
20221219,Tumakuru,13.3409,77.101,18.63,83.72,2.16,5.0779
20221220,Tumakuru,13.3409,77.101,18.93,77.53,1.84,5.4118
20221221,Tumakuru,13.3409,77.101,18.7,74.74,1.88,5.3263
20221222,Tumakuru,13.3409,77.101,17.99,76.3,2.16,5.2853
20221223,Tumakuru,13.3409,77.101,18.91,79.92,1.83,5.497
20221224,Tumakuru,13.3409,77.101,20.19,80.83,1.83,5.5313
20221225,Tumakuru,13.3409,77.101,21.05,86.5,2.72,2.2874
20221226,Tumakuru,13.3409,77.101,21.99,84.09,2.85,3.51
20221227,Tumakuru,13.3409,77.101,21.96,83.89,2.3,3.6223
20221228,Tumakuru,13.3409,77.101,22.54,81.97,1.94,5.3374
20221229,Tumakuru,13.3409,77.101,21.73,79.02,2.3,5.3657
20221230,Tumakuru,13.3409,77.101,20.16,72.47,1.88,5.7828
20221231,Tumakuru,13.3409,77.101,19.56,73.72,1.46,5.6028
20230101,Tumakuru,13.3409,77.101,19.5,71.07,1.57,5.4307
20230102,Tumakuru,13.3409,77.101,19.33,75.65,2.56,5.508
20230103,Tumakuru,13.3409,77.101,19.47,75.33,2.2,5.4434
20230104,Tumakuru,13.3409,77.101,19.67,76.44,2.33,5.6462
20230105,Tumakuru,13.3409,77.101,19.62,76.33,2.99,4.7047
20230106,Tumakuru,13.3409,77.101,19.66,78.53,3.3,4.6812
20230107,Tumakuru,13.3409,77.101,19.98,79.6,2.76,4.0934
20230108,Tumakuru,13.3409,77.101,19.74,75.92,2.26,5.0206
20230109,Tumakuru,13.3409,77.101,18.29,66.75,1.99,5.9561
20230110,Tumakuru,13.3409,77.101,17.6,69.08,2.39,5.9837
20230111,Tumakuru,13.3409,77.101,18.07,66.14,1.81,5.8325
20230112,Tumakuru,13.3409,77.101,18.93,60.37,1.68,6.0067
20230113,Tumakuru,13.3409,77.101,19.02,62.75,1.59,5.73
20230114,Tumakuru,13.3409,77.101,18.94,63.87,1.65,5.8394
20230115,Tumakuru,13.3409,77.101,18.85,58.12,1.66,6.1159
20230116,Tumakuru,13.3409,77.101,19.06,59.71,1.87,6.251
20230117,Tumakuru,13.3409,77.101,19.21,62.45,1.62,6.3096
20230118,Tumakuru,13.3409,77.101,19.35,66.39,2.07,6.2551
20230119,Tumakuru,13.3409,77.101,19.16,63.57,2.36,6.3014
20230120,Tumakuru,13.3409,77.101,18.93,70.11,2.3,5.7482
20230121,Tumakuru,13.3409,77.101,19.94,70.83,2.23,4.962
20230122,Tumakuru,13.3409,77.101,19.62,65.64,2.45,5.6681
20230123,Tumakuru,13.3409,77.101,21.2,71.18,2.53,5.0482
20230124,Tumakuru,13.3409,77.101,22.36,71.95,1.98,4.4062
20230125,Tumakuru,13.3409,77.101,21.43,64.76,2.32,5.7931
20230126,Tumakuru,13.3409,77.101,20.61,63.2,2.12,6.133
20230127,Tumakuru,13.3409,77.101,20.25,60.55,2.5,5.9575
20230128,Tumakuru,13.3409,77.101,19.88,58.2,2.61,6.0043
20230129,Tumakuru,13.3409,77.101,20.32,60.13,2.9,6.1164
20230130,Tumakuru,13.3409,77.101,21.69,71.89,2.32,4.4443
20230131,Tumakuru,13.3409,77.101,22.08,66.45,2.64,5.0647
20230201,Tumakuru,13.3409,77.101,21.87,60.93,2.78,4.8199
20230202,Tumakuru,13.3409,77.101,21.75,65.04,2.83,5.0892
20230203,Tumakuru,13.3409,77.101,22.62,64.48,2.83,4.7897
20230204,Tumakuru,13.3409,77.101,23.43,63.19,2.88,6.1354
20230205,Tumakuru,13.3409,77.101,23.0,57.78,2.07,6.2971
20230206,Tumakuru,13.3409,77.101,22.71,60.8,2.04,5.7079
20230207,Tumakuru,13.3409,77.101,22.35,60.36,1.24,5.8668
20230208,Tumakuru,13.3409,77.101,23.12,54.95,2.0,5.8894
20230209,Tumakuru,13.3409,77.101,22.87,56.97,2.42,6.0818
20230210,Tumakuru,13.3409,77.101,22.84,56.95,2.46,6.2316
20230211,Tumakuru,13.3409,77.101,23.2,50.18,2.52,6.2434
20230212,Tumakuru,13.3409,77.101,23.66,42.98,2.8,6.6094
20230213,Tumakuru,13.3409,77.101,23.23,41.14,3.01,6.7128
20230214,Tumakuru,13.3409,77.101,22.81,43.8,2.51,6.8263
20230215,Tumakuru,13.3409,77.101,22.68,40.1,2.46,6.9274
20230216,Tumakuru,13.3409,77.101,23.18,42.0,3.11,6.883
20230217,Tumakuru,13.3409,77.101,23.16,45.94,2.77,6.817
20230218,Tumakuru,13.3409,77.101,23.45,47.4,2.59,6.7913
20230219,Tumakuru,13.3409,77.101,23.92,46.48,2.65,6.7826
20230220,Tumakuru,13.3409,77.101,24.31,41.79,2.14,6.9386
20230221,Tumakuru,13.3409,77.101,24.42,39.4,2.16,6.8544
20230222,Tumakuru,13.3409,77.101,24.29,40.43,3.04,6.7229
20230223,Tumakuru,13.3409,77.101,23.99,37.64,3.59,7.039
20230224,Tumakuru,13.3409,77.101,23.59,33.7,3.01,7.1983
20230225,Tumakuru,13.3409,77.101,24.2,29.65,3.2,6.9341
20230226,Tumakuru,13.3409,77.101,24.41,34.02,3.56,6.9871
20230227,Tumakuru,13.3409,77.101,23.79,38.84,3.58,7.0416
20230228,Tumakuru,13.3409,77.101,24.26,35.33,2.94,7.213
20230301,Tumakuru,13.3409,77.101,25.41,46.71,3.53,6.5777
20230302,Tumakuru,13.3409,77.101,24.46,34.03,3.83,7.175
20230303,Tumakuru,13.3409,77.101,24.23,33.51,3.91,6.847
20230304,Tumakuru,13.3409,77.101,24.63,29.98,4.0,6.775
20230305,Tumakuru,13.3409,77.101,24.86,28.57,3.67,7.1491
20230306,Tumakuru,13.3409,77.101,25.2,29.35,3.75,7.007
20230307,Tumakuru,13.3409,77.101,25.03,30.44,3.69,6.0427
20230308,Tumakuru,13.3409,77.101,24.56,35.57,3.64,6.9432
20230309,Tumakuru,13.3409,77.101,23.64,36.53,2.88,4.8634
20230310,Tumakuru,13.3409,77.101,24.76,38.71,3.3,5.9023
20230311,Tumakuru,13.3409,77.101,25.37,41.06,3.58,6.6542
20230312,Tumakuru,13.3409,77.101,25.57,40.32,3.68,7.2554
20230313,Tumakuru,13.3409,77.101,26.61,42.14,2.68,7.2485
20230314,Tumakuru,13.3409,77.101,27.35,34.85,2.12,6.8172
20230315,Tumakuru,13.3409,77.101,28.31,34.01,2.51,5.9117
20230316,Tumakuru,13.3409,77.101,27.83,45.58,2.16,5.3621
20230317,Tumakuru,13.3409,77.101,26.62,56.14,1.71,5.9777
20230318,Tumakuru,13.3409,77.101,26.09,64.46,2.46,5.9724
20230319,Tumakuru,13.3409,77.101,25.11,60.89,2.37,6.426
20230320,Tumakuru,13.3409,77.101,24.69,52.2,2.6,7.3212
20230321,Tumakuru,13.3409,77.101,24.03,48.71,2.42,7.619
20230322,Tumakuru,13.3409,77.101,25.27,50.12,1.36,6.9866
20230323,Tumakuru,13.3409,77.101,27.79,47.03,1.42,7.1287
20230324,Tumakuru,13.3409,77.101,28.76,42.46,1.29,6.3924
20230325,Tumakuru,13.3409,77.101,27.41,54.51,1.97,5.8289
20230326,Tumakuru,13.3409,77.101,27.14,54.53,1.34,6.2537
20230327,Tumakuru,13.3409,77.101,28.06,40.85,1.92,7.278
20230328,Tumakuru,13.3409,77.101,28.53,35.27,1.8,7.4779
20230329,Tumakuru,13.3409,77.101,29.6,46.3,2.68,5.9774
20230330,Tumakuru,13.3409,77.101,28.31,49.81,1.47,4.8533
20230331,Tumakuru,13.3409,77.101,28.25,49.13,1.22,6.5858
20230401,Tumakuru,13.3409,77.101,28.88,41.89,0.96,7.105
20230402,Tumakuru,13.3409,77.101,29.41,34.33,1.8,7.1906
20230403,Tumakuru,13.3409,77.101,28.18,35.64,1.49,7.4681
20230404,Tumakuru,13.3409,77.101,27.98,49.15,1.6,5.1281
20230405,Tumakuru,13.3409,77.101,28.67,51.68,2.02,6.6559
20230406,Tumakuru,13.3409,77.101,28.93,47.95,1.76,6.084
20230407,Tumakuru,13.3409,77.101,28.72,43.93,3.01,7.1002
20230408,Tumakuru,13.3409,77.101,28.41,42.58,3.79,7.6294
20230409,Tumakuru,13.3409,77.101,28.34,38.96,2.97,7.7057
20230410,Tumakuru,13.3409,77.101,28.99,38.14,3.05,7.698
20230411,Tumakuru,13.3409,77.101,28.89,30.05,2.81,7.8326
20230412,Tumakuru,13.3409,77.101,28.35,27.19,2.69,7.8463
20230413,Tumakuru,13.3409,77.101,29.82,25.38,2.79,7.4842
20230414,Tumakuru,13.3409,77.101,29.82,24.88,2.45,6.9094
20230415,Tumakuru,13.3409,77.101,29.24,28.81,2.35,6.7452
20230416,Tumakuru,13.3409,77.101,28.25,27.39,2.36,7.2269
20230417,Tumakuru,13.3409,77.101,28.88,25.37,3.07,7.3985
20230418,Tumakuru,13.3409,77.101,29.67,28.02,2.88,7.783
20230419,Tumakuru,13.3409,77.101,30.1,27.32,2.1,7.6882
20230420,Tumakuru,13.3409,77.101,30.33,36.59,1.04,7.2458
20230421,Tumakuru,13.3409,77.101,30.15,42.67,1.85,6.1896
20230422,Tumakuru,13.3409,77.101,30.81,41.55,1.22,5.7173
20230423,Tumakuru,13.3409,77.101,30.8,40.29,1.89,7.0265
20230424,Tumakuru,13.3409,77.101,30.22,46.81,3.44,6.6598
20230425,Tumakuru,13.3409,77.101,29.21,46.13,3.02,6.1961
20230426,Tumakuru,13.3409,77.101,28.64,48.28,1.37,6.1469
20230427,Tumakuru,13.3409,77.101,29.68,46.66,1.77,6.1951
20230428,Tumakuru,13.3409,77.101,30.76,41.35,2.6,6.7658
20230429,Tumakuru,13.3409,77.101,28.94,51.2,1.5,5.7401
20230430,Tumakuru,13.3409,77.101,25.85,71.3,2.13,6.3173
20230501,Tumakuru,13.3409,77.101,25.43,75.03,0.97,5.8301
20230502,Tumakuru,13.3409,77.101,26.1,71.43,1.48,6.3686
20230503,Tumakuru,13.3409,77.101,26.06,69.82,2.21,5.3088
20230504,Tumakuru,13.3409,77.101,26.24,69.4,1.66,6.1483
20230505,Tumakuru,13.3409,77.101,23.74,81.02,1.92,4.9678
20230506,Tumakuru,13.3409,77.101,25.78,71.24,1.69,5.8505
20230507,Tumakuru,13.3409,77.101,25.5,75.11,2.31,3.6665
20230508,Tumakuru,13.3409,77.101,25.33,77.08,1.77,5.8399
20230509,Tumakuru,13.3409,77.101,27.11,70.62,1.43,6.816
20230510,Tumakuru,13.3409,77.101,27.89,66.24,1.53,6.7771
20230511,Tumakuru,13.3409,77.101,28.89,61.41,1.62,6.163
20230512,Tumakuru,13.3409,77.101,28.26,65.27,1.74,6.0646
20230513,Tumakuru,13.3409,77.101,27.85,67.26,3.18,5.7252
20230514,Tumakuru,13.3409,77.101,28.6,62.83,3.37,7.3567
20230515,Tumakuru,13.3409,77.101,28.72,60.48,2.68,7.4863
20230516,Tumakuru,13.3409,77.101,28.92,59.78,2.04,7.5367
20230517,Tumakuru,13.3409,77.101,29.57,52.86,1.52,7.4352
20230518,Tumakuru,13.3409,77.101,29.67,52.64,1.88,7.4023
20230519,Tumakuru,13.3409,77.101,29.03,57.23,1.61,6.792
20230520,Tumakuru,13.3409,77.101,28.75,60.04,2.15,6.5923
20230521,Tumakuru,13.3409,77.101,28.58,62.94,1.46,6.4385
20230522,Tumakuru,13.3409,77.101,28.59,62.3,1.93,6.9305
20230523,Tumakuru,13.3409,77.101,27.07,66.39,1.76,6.3816
20230524,Tumakuru,13.3409,77.101,26.68,69.12,1.8,6.7702
20230525,Tumakuru,13.3409,77.101,27.34,66.59,2.02,4.8425
20230526,Tumakuru,13.3409,77.101,27.55,63.92,2.6,7.1652
20230527,Tumakuru,13.3409,77.101,27.48,65.35,2.57,7.1069
20230528,Tumakuru,13.3409,77.101,28.21,61.02,2.57,7.3238
20230529,Tumakuru,13.3409,77.101,28.31,62.1,1.96,5.6534
20230530,Tumakuru,13.3409,77.101,26.32,73.29,2.29,5.5558
20230531,Tumakuru,13.3409,77.101,26.73,70.81,1.59,6.0751
20230601,Tumakuru,13.3409,77.101,26.06,72.36,2.5,5.6683
20230602,Tumakuru,13.3409,77.101,27.15,63.32,2.22,5.5207
20230603,Tumakuru,13.3409,77.101,28.26,63.81,2.83,6.2808
20230604,Tumakuru,13.3409,77.101,28.14,65.1,2.45,3.8558
20230605,Tumakuru,13.3409,77.101,26.64,70.31,2.98,6.276
20230606,Tumakuru,13.3409,77.101,27.59,67.39,2.99,6.6629
20230607,Tumakuru,13.3409,77.101,27.05,69.74,3.36,5.9762
20230608,Tumakuru,13.3409,77.101,25.86,72.73,2.81,6.5626
20230609,Tumakuru,13.3409,77.101,26.13,69.32,3.2,6.7392
20230610,Tumakuru,13.3409,77.101,26.32,67.43,4.73,6.8618
20230611,Tumakuru,13.3409,77.101,26.49,66.71,4.14,5.6525
20230612,Tumakuru,13.3409,77.101,26.24,72.58,3.52,6.7682
20230613,Tumakuru,13.3409,77.101,26.71,68.74,3.79,6.9982
20230614,Tumakuru,13.3409,77.101,26.83,68.55,4.26,6.576
20230615,Tumakuru,13.3409,77.101,27.27,65.92,3.98,7.0286
20230616,Tumakuru,13.3409,77.101,27.59,63.97,4.09,7.3658
20230617,Tumakuru,13.3409,77.101,27.36,65.77,4.16,6.0281
20230618,Tumakuru,13.3409,77.101,26.02,70.88,3.73,4.4438
20230619,Tumakuru,13.3409,77.101,25.83,69.86,3.28,4.3574
20230620,Tumakuru,13.3409,77.101,25.66,70.86,2.4,2.8692
20230621,Tumakuru,13.3409,77.101,25.87,71.06,2.65,3.9418
20230622,Tumakuru,13.3409,77.101,25.02,72.51,3.15,5.6371
20230623,Tumakuru,13.3409,77.101,24.59,68.26,3.5,5.3594
20230624,Tumakuru,13.3409,77.101,24.3,78.81,3.46,4.8667
20230625,Tumakuru,13.3409,77.101,24.36,76.19,3.49,4.6567
20230626,Tumakuru,13.3409,77.101,24.6,68.04,4.35,4.3692
20230627,Tumakuru,13.3409,77.101,24.5,67.82,3.97,5.851
20230628,Tumakuru,13.3409,77.101,24.6,67.78,4.21,4.9814
20230629,Tumakuru,13.3409,77.101,23.73,75.01,4.02,5.0191
20230630,Tumakuru,13.3409,77.101,25.08,67.82,4.47,5.4739
20230701,Tumakuru,13.3409,77.101,25.21,67.01,4.6,6.0415
20230702,Tumakuru,13.3409,77.101,24.22,76.69,4.71,4.2252
20230703,Tumakuru,13.3409,77.101,24.69,77.63,4.76,5.2231
20230704,Tumakuru,13.3409,77.101,24.2,79.33,5.03,4.607
20230705,Tumakuru,13.3409,77.101,23.57,76.01,5.68,3.8333
20230706,Tumakuru,13.3409,77.101,23.91,72.0,5.93,4.2648
20230707,Tumakuru,13.3409,77.101,24.83,71.84,4.66,4.1986
20230708,Tumakuru,13.3409,77.101,24.47,74.37,4.14,4.0025
20230709,Tumakuru,13.3409,77.101,24.3,77.59,3.54,4.8665
20230710,Tumakuru,13.3409,77.101,24.07,78.44,3.0,3.8225
20230711,Tumakuru,13.3409,77.101,24.09,74.8,4.3,3.6895
20230712,Tumakuru,13.3409,77.101,24.44,69.06,4.56,5.2171
20230713,Tumakuru,13.3409,77.101,24.26,70.63,4.5,5.0851
20230714,Tumakuru,13.3409,77.101,24.24,75.27,4.37,4.6282
20230715,Tumakuru,13.3409,77.101,24.79,73.96,4.15,5.4386
20230716,Tumakuru,13.3409,77.101,24.71,76.91,3.84,4.9469
20230717,Tumakuru,13.3409,77.101,25.28,74.04,4.5,4.7177
20230718,Tumakuru,13.3409,77.101,25.07,73.53,5.58,5.5306
20230719,Tumakuru,13.3409,77.101,24.34,75.51,6.13,3.9326
20230720,Tumakuru,13.3409,77.101,25.16,72.12,6.66,4.0423
20230721,Tumakuru,13.3409,77.101,24.78,75.88,6.49,3.3166
20230722,Tumakuru,13.3409,77.101,24.48,73.17,6.36,3.2369
20230723,Tumakuru,13.3409,77.101,24.51,73.91,6.48,2.833
20230724,Tumakuru,13.3409,77.101,23.5,80.68,5.55,3.119
20230725,Tumakuru,13.3409,77.101,22.72,81.33,5.04,2.4876
20230726,Tumakuru,13.3409,77.101,22.64,84.11,5.24,3.0725
20230727,Tumakuru,13.3409,77.101,22.37,81.48,5.88,3.2736
20230728,Tumakuru,13.3409,77.101,24.01,76.22,5.65,4.6718
20230729,Tumakuru,13.3409,77.101,24.41,75.39,5.47,4.3514
20230730,Tumakuru,13.3409,77.101,24.84,74.39,5.0,5.3479
20230731,Tumakuru,13.3409,77.101,25.27,73.21,4.87,5.5594
20230801,Tumakuru,13.3409,77.101,24.9,73.76,5.22,4.7964
20230802,Tumakuru,13.3409,77.101,24.85,72.5,5.46,5.4526
20230803,Tumakuru,13.3409,77.101,25.22,71.39,5.28,4.895
20230804,Tumakuru,13.3409,77.101,25.21,72.14,4.72,4.747
20230805,Tumakuru,13.3409,77.101,24.44,75.28,4.29,4.9378
20230806,Tumakuru,13.3409,77.101,24.97,74.68,3.85,4.8293
20230807,Tumakuru,13.3409,77.101,25.39,71.06,3.8,5.0856
20230808,Tumakuru,13.3409,77.101,25.43,70.65,3.29,4.7554
20230809,Tumakuru,13.3409,77.101,25.45,70.56,3.0,5.9018
20230810,Tumakuru,13.3409,77.101,25.04,75.27,2.6,5.2793
20230811,Tumakuru,13.3409,77.101,24.97,75.46,2.47,5.2471
20230812,Tumakuru,13.3409,77.101,25.17,72.54,3.37,5.3846
20230813,Tumakuru,13.3409,77.101,25.5,69.18,3.42,6.1687
20230814,Tumakuru,13.3409,77.101,24.44,70.35,3.1,5.7665
20230815,Tumakuru,13.3409,77.101,25.61,66.18,2.97,6.1956
20230816,Tumakuru,13.3409,77.101,25.91,67.71,3.04,6.0583
20230817,Tumakuru,13.3409,77.101,25.65,68.85,4.05,5.4252
20230818,Tumakuru,13.3409,77.101,24.47,72.21,4.07,4.9116
20230819,Tumakuru,13.3409,77.101,25.01,72.91,4.32,3.947
20230820,Tumakuru,13.3409,77.101,25.68,70.47,3.87,5.461
20230821,Tumakuru,13.3409,77.101,26.02,67.89,3.33,5.8315
20230822,Tumakuru,13.3409,77.101,25.89,69.54,2.48,5.6885
20230823,Tumakuru,13.3409,77.101,26.55,66.22,3.11,5.8514
20230824,Tumakuru,13.3409,77.101,25.65,67.74,3.01,5.6378
20230825,Tumakuru,13.3409,77.101,26.69,64.8,2.99,6.0588
20230826,Tumakuru,13.3409,77.101,25.41,72.82,2.37,5.1691
20230827,Tumakuru,13.3409,77.101,26.17,67.32,3.0,5.2046
20230828,Tumakuru,13.3409,77.101,26.44,65.82,3.48,6.5719
20230829,Tumakuru,13.3409,77.101,26.49,64.43,3.73,5.7398
20230830,Tumakuru,13.3409,77.101,27.01,62.87,3.61,5.58
20230831,Tumakuru,13.3409,77.101,24.87,77.37,2.15,4.837
20230901,Tumakuru,13.3409,77.101,24.58,82.33,1.74,5.6386
20230902,Tumakuru,13.3409,77.101,23.73,81.67,2.85,5.2042
20230903,Tumakuru,13.3409,77.101,23.23,78.08,2.9,4.2662
20230904,Tumakuru,13.3409,77.101,22.09,77.62,4.37,2.3266
20230905,Tumakuru,13.3409,77.101,23.28,79.04,4.07,2.9412
20230906,Tumakuru,13.3409,77.101,23.46,79.56,3.32,5.2934
20230907,Tumakuru,13.3409,77.101,24.24,76.72,3.48,5.6842
20230908,Tumakuru,13.3409,77.101,24.13,77.24,3.95,5.179
20230909,Tumakuru,13.3409,77.101,23.96,76.69,3.65,5.9688
20230910,Tumakuru,13.3409,77.101,24.53,75.92,3.41,4.8228
20230911,Tumakuru,13.3409,77.101,23.49,80.29,3.45,3.7289
20230912,Tumakuru,13.3409,77.101,24.62,74.38,3.85,5.7521
20230913,Tumakuru,13.3409,77.101,24.79,72.42,3.89,5.3494
20230914,Tumakuru,13.3409,77.101,24.78,73.63,3.61,5.0508
20230915,Tumakuru,13.3409,77.101,24.04,75.68,3.78,4.6385
20230916,Tumakuru,13.3409,77.101,24.89,74.95,3.88,4.4105
20230917,Tumakuru,13.3409,77.101,25.0,75.48,3.15,4.5842
20230918,Tumakuru,13.3409,77.101,24.97,76.8,2.97,5.0942
20230919,Tumakuru,13.3409,77.101,25.07,74.61,3.05,5.9177
20230920,Tumakuru,13.3409,77.101,24.57,77.56,2.73,5.2951
20230921,Tumakuru,13.3409,77.101,23.19,84.23,1.55,3.9382
20230922,Tumakuru,13.3409,77.101,24.2,82.8,1.52,5.5421
20230923,Tumakuru,13.3409,77.101,23.73,86.73,1.83,5.0654
20230924,Tumakuru,13.3409,77.101,23.29,86.54,2.44,4.9968
20230925,Tumakuru,13.3409,77.101,22.29,86.47,2.61,4.897
20230926,Tumakuru,13.3409,77.101,23.6,81.02,2.21,5.8728
20230927,Tumakuru,13.3409,77.101,24.01,75.62,2.83,4.3838
20230928,Tumakuru,13.3409,77.101,22.93,83.5,2.61,4.9534
20230929,Tumakuru,13.3409,77.101,24.05,81.7,3.14,4.6618
20230930,Tumakuru,13.3409,77.101,23.48,74.67,4.15,4.5185
20231001,Tumakuru,13.3409,77.101,24.35,76.37,4.31,5.1761
20231002,Tumakuru,13.3409,77.101,24.54,73.84,3.57,4.8703
20231003,Tumakuru,13.3409,77.101,24.54,74.2,2.57,5.7523
20231004,Tumakuru,13.3409,77.101,24.23,76.87,1.68,5.201
20231005,Tumakuru,13.3409,77.101,24.17,78.52,2.0,4.5062
20231006,Tumakuru,13.3409,77.101,24.03,78.6,1.23,4.8259
20231007,Tumakuru,13.3409,77.101,25.31,75.19,0.89,4.8101
20231008,Tumakuru,13.3409,77.101,25.54,74.22,1.08,5.1458
20231009,Tumakuru,13.3409,77.101,24.92,80.22,0.88,4.255
20231010,Tumakuru,13.3409,77.101,24.69,80.75,1.1,4.8574
20231011,Tumakuru,13.3409,77.101,24.66,80.74,1.86,4.363
20231012,Tumakuru,13.3409,77.101,24.39,74.69,1.97,5.629
20231013,Tumakuru,13.3409,77.101,23.93,69.05,2.09,6.3607
20231014,Tumakuru,13.3409,77.101,23.49,68.26,1.86,6.1315
20231015,Tumakuru,13.3409,77.101,24.66,72.33,1.49,5.495
20231016,Tumakuru,13.3409,77.101,24.46,75.84,1.56,4.2926
20231017,Tumakuru,13.3409,77.101,25.26,73.95,1.46,5.5265
20231018,Tumakuru,13.3409,77.101,24.7,70.92,2.0,6.0828
20231019,Tumakuru,13.3409,77.101,24.76,67.04,2.25,5.6338
20231020,Tumakuru,13.3409,77.101,24.92,67.85,2.28,5.3678
20231021,Tumakuru,13.3409,77.101,24.98,68.65,2.38,4.8984
20231022,Tumakuru,13.3409,77.101,25.0,67.74,1.95,5.5229
20231023,Tumakuru,13.3409,77.101,24.02,57.65,2.26,5.7617
20231024,Tumakuru,13.3409,77.101,23.19,53.68,1.87,6.0845
20231025,Tumakuru,13.3409,77.101,23.11,55.93,1.69,6.4574
20231026,Tumakuru,13.3409,77.101,23.15,57.06,1.67,6.2105
20231027,Tumakuru,13.3409,77.101,23.84,65.53,1.89,5.9297
20231028,Tumakuru,13.3409,77.101,25.35,70.33,1.75,4.5607
20231029,Tumakuru,13.3409,77.101,25.16,72.35,1.96,4.3639
20231030,Tumakuru,13.3409,77.101,23.78,78.82,2.07,4.2
20231031,Tumakuru,13.3409,77.101,23.83,75.77,1.63,3.6185
20231101,Tumakuru,13.3409,77.101,24.98,64.73,2.05,3.8659
20231102,Tumakuru,13.3409,77.101,25.54,69.67,2.12,4.6296
20231103,Tumakuru,13.3409,77.101,26.12,68.89,2.44,4.5451
20231104,Tumakuru,13.3409,77.101,25.04,74.9,2.11,4.2374
20231105,Tumakuru,13.3409,77.101,24.66,76.5,2.61,3.8369
20231106,Tumakuru,13.3409,77.101,23.48,80.58,1.54,4.0949
20231107,Tumakuru,13.3409,77.101,23.49,83.8,1.52,4.0284
20231108,Tumakuru,13.3409,77.101,24.03,81.74,1.73,3.9091
20231109,Tumakuru,13.3409,77.101,23.28,79.66,2.39,4.1167
20231110,Tumakuru,13.3409,77.101,23.53,75.28,1.9,4.601
20231111,Tumakuru,13.3409,77.101,23.6,66.13,2.54,5.6825
20231112,Tumakuru,13.3409,77.101,22.57,68.76,2.64,4.7278
20231113,Tumakuru,13.3409,77.101,22.52,70.44,2.75,5.1384
20231114,Tumakuru,13.3409,77.101,21.75,72.18,2.43,2.6376
20231115,Tumakuru,13.3409,77.101,22.36,70.25,1.89,4.4954
20231116,Tumakuru,13.3409,77.101,23.66,65.93,1.46,4.7544
20231117,Tumakuru,13.3409,77.101,24.47,70.32,1.7,4.8326
20231118,Tumakuru,13.3409,77.101,24.96,66.73,2.53,4.5768
20231119,Tumakuru,13.3409,77.101,24.72,68.43,2.91,5.575
20231120,Tumakuru,13.3409,77.101,24.02,67.92,2.6,5.2606
20231121,Tumakuru,13.3409,77.101,23.9,77.66,2.76,2.7991
20231122,Tumakuru,13.3409,77.101,24.41,80.19,2.6,3.0782
20231123,Tumakuru,13.3409,77.101,24.08,76.17,2.54,3.5222
20231124,Tumakuru,13.3409,77.101,24.55,75.92,2.27,3.9156
20231125,Tumakuru,13.3409,77.101,23.4,80.37,2.49,2.9707
20231126,Tumakuru,13.3409,77.101,23.74,69.73,3.14,4.2934
20231127,Tumakuru,13.3409,77.101,23.89,72.91,2.37,2.9225
20231128,Tumakuru,13.3409,77.101,24.42,71.68,1.88,4.5598
20231129,Tumakuru,13.3409,77.101,24.0,76.38,2.14,4.2146
20231130,Tumakuru,13.3409,77.101,24.03,73.36,2.39,4.1035
20231201,Tumakuru,13.3409,77.101,24.13,72.65,2.2,2.9743
20231202,Tumakuru,13.3409,77.101,23.53,73.09,3.16,4.3126
20231203,Tumakuru,13.3409,77.101,23.91,79.02,3.95,2.2447
20231204,Tumakuru,13.3409,77.101,23.37,76.41,3.57,2.0892
20231205,Tumakuru,13.3409,77.101,23.35,71.7,2.77,2.6537
20231206,Tumakuru,13.3409,77.101,25.04,65.05,0.87,4.7842
20231207,Tumakuru,13.3409,77.101,25.21,68.15,0.48,3.8777
20231208,Tumakuru,13.3409,77.101,23.75,78.39,2.25,3.0322
20231209,Tumakuru,13.3409,77.101,21.66,82.29,2.72,2.9165
20231210,Tumakuru,13.3409,77.101,23.72,71.0,2.2,3.9658
20231211,Tumakuru,13.3409,77.101,23.08,68.84,2.04,3.8669
20231212,Tumakuru,13.3409,77.101,22.4,66.97,2.33,4.6577
20231213,Tumakuru,13.3409,77.101,20.94,67.36,2.38,5.2349
20231214,Tumakuru,13.3409,77.101,20.76,66.73,2.46,4.5542
20231215,Tumakuru,13.3409,77.101,22.47,69.83,2.07,3.8818
20231216,Tumakuru,13.3409,77.101,24.31,72.62,3.1,2.6196
20231217,Tumakuru,13.3409,77.101,23.84,69.36,3.37,3.0545
20231218,Tumakuru,13.3409,77.101,22.32,73.9,3.11,2.982
20231219,Tumakuru,13.3409,77.101,22.45,65.38,3.48,4.9613
20231220,Tumakuru,13.3409,77.101,22.5,63.98,2.85,3.887
20231221,Tumakuru,13.3409,77.101,23.13,63.42,2.0,4.6651
20231222,Tumakuru,13.3409,77.101,22.77,60.45,2.16,4.1928
20231223,Tumakuru,13.3409,77.101,21.82,54.56,2.34,5.0354
20231224,Tumakuru,13.3409,77.101,22.21,59.87,2.55,5.4636
20231225,Tumakuru,13.3409,77.101,23.43,61.9,2.77,4.9498
20231226,Tumakuru,13.3409,77.101,22.33,56.44,2.79,5.5867
20231227,Tumakuru,13.3409,77.101,22.11,58.01,3.06,5.7343
20231228,Tumakuru,13.3409,77.101,22.86,62.35,2.94,5.6774
20231229,Tumakuru,13.3409,77.101,23.68,62.43,3.04,5.209
20231230,Tumakuru,13.3409,77.101,23.72,55.34,2.74,5.7065
20231231,Tumakuru,13.3409,77.101,22.47,55.66,2.38,5.6251
20240101,Tumakuru,13.3409,77.101,23.48,57.62,1.6,5.2663
20240102,Tumakuru,13.3409,77.101,23.89,56.95,2.06,4.5343
20240103,Tumakuru,13.3409,77.101,23.37,60.84,1.57,3.4452
20240104,Tumakuru,13.3409,77.101,22.3,69.4,2.23,2.4211
20240105,Tumakuru,13.3409,77.101,23.99,67.11,1.84,3.3557
20240106,Tumakuru,13.3409,77.101,22.45,62.35,2.84,4.5298
20240107,Tumakuru,13.3409,77.101,23.13,61.64,3.37,5.0856
20240108,Tumakuru,13.3409,77.101,23.22,69.81,3.85,1.9757
20240109,Tumakuru,13.3409,77.101,23.88,65.53,3.71,3.9029
20240110,Tumakuru,13.3409,77.101,23.86,55.93,3.29,4.3366
20240111,Tumakuru,13.3409,77.101,23.78,52.15,2.93,5.4701
20240112,Tumakuru,13.3409,77.101,23.39,58.85,3.39,5.6578
20240113,Tumakuru,13.3409,77.101,24.1,58.7,2.91,4.9591
20240114,Tumakuru,13.3409,77.101,23.78,57.77,2.47,4.9411
20240115,Tumakuru,13.3409,77.101,23.61,52.26,2.07,5.1622
20240116,Tumakuru,13.3409,77.101,23.55,55.48,1.89,4.8518
20240117,Tumakuru,13.3409,77.101,23.99,56.69,2.11,5.4943
20240118,Tumakuru,13.3409,77.101,24.61,56.58,1.51,4.817
20240119,Tumakuru,13.3409,77.101,25.21,50.39,1.86,5.0453
20240120,Tumakuru,13.3409,77.101,25.35,53.96,1.85,5.3194
20240121,Tumakuru,13.3409,77.101,25.46,49.61,1.53,5.6981
20240122,Tumakuru,13.3409,77.101,25.95,49.12,1.48,5.533
20240123,Tumakuru,13.3409,77.101,25.14,45.91,1.2,5.8632
20240124,Tumakuru,13.3409,77.101,24.76,46.45,1.02,5.3652
20240125,Tumakuru,13.3409,77.101,25.34,48.93,1.66,5.0563
20240126,Tumakuru,13.3409,77.101,24.43,49.89,2.91,5.9938
20240127,Tumakuru,13.3409,77.101,24.06,54.03,3.34,5.8346
20240128,Tumakuru,13.3409,77.101,23.8,52.95,2.93,5.4948
20240129,Tumakuru,13.3409,77.101,23.71,49.77,2.9,5.9873
20240130,Tumakuru,13.3409,77.101,23.48,45.6,1.9,5.7965
20240131,Tumakuru,13.3409,77.101,24.49,45.03,1.65,6.0434
20240201,Tumakuru,13.3409,77.101,24.78,43.12,1.03,6.2023
20240202,Tumakuru,13.3409,77.101,25.28,46.89,1.06,5.6635
20240203,Tumakuru,13.3409,77.101,26.81,53.42,2.69,4.7038
20240204,Tumakuru,13.3409,77.101,25.88,49.35,2.9,6.0389
20240205,Tumakuru,13.3409,77.101,25.17,46.69,3.04,6.335
20240206,Tumakuru,13.3409,77.101,25.64,43.56,2.66,6.5177
20240207,Tumakuru,13.3409,77.101,25.68,42.14,2.55,6.539
20240208,Tumakuru,13.3409,77.101,26.19,38.38,2.56,6.0859
20240209,Tumakuru,13.3409,77.101,26.28,40.77,3.04,6.277
20240210,Tumakuru,13.3409,77.101,25.72,47.83,3.01,6.2174
20240211,Tumakuru,13.3409,77.101,25.46,46.62,2.96,6.5534
20240212,Tumakuru,13.3409,77.101,25.08,42.29,2.82,6.8707
20240213,Tumakuru,13.3409,77.101,24.59,44.72,2.59,6.845
20240214,Tumakuru,13.3409,77.101,26.0,49.0,2.87,6.5796
20240215,Tumakuru,13.3409,77.101,26.12,39.88,2.94,6.463
20240216,Tumakuru,13.3409,77.101,25.39,37.74,3.22,6.8904
20240217,Tumakuru,13.3409,77.101,25.39,37.23,2.69,6.984
20240218,Tumakuru,13.3409,77.101,25.61,34.7,2.1,6.8782
20240219,Tumakuru,13.3409,77.101,26.23,40.65,2.17,6.7735
20240220,Tumakuru,13.3409,77.101,27.5,40.7,1.84,6.5998
20240221,Tumakuru,13.3409,77.101,27.47,34.06,1.97,6.0545
20240222,Tumakuru,13.3409,77.101,26.11,45.55,1.73,6.8592
20240223,Tumakuru,13.3409,77.101,26.61,40.91,1.76,6.9007
20240224,Tumakuru,13.3409,77.101,27.54,37.11,1.41,6.1942
20240225,Tumakuru,13.3409,77.101,28.19,47.32,2.04,5.3482
20240226,Tumakuru,13.3409,77.101,27.32,46.94,3.49,6.6862
20240227,Tumakuru,13.3409,77.101,27.31,45.31,2.94,6.9218
20240228,Tumakuru,13.3409,77.101,27.14,38.61,3.52,7.1282
20240229,Tumakuru,13.3409,77.101,26.52,33.3,3.37,7.2026
20240301,Tumakuru,13.3409,77.101,26.48,37.39,3.38,6.7404
20240302,Tumakuru,13.3409,77.101,27.3,33.18,2.11,6.6458
20240303,Tumakuru,13.3409,77.101,28.09,37.07,0.74,6.7654
20240304,Tumakuru,13.3409,77.101,29.4,33.15,1.96,6.4241
20240305,Tumakuru,13.3409,77.101,29.54,32.06,2.34,7.0373
20240306,Tumakuru,13.3409,77.101,29.64,33.05,1.58,6.3379
20240307,Tumakuru,13.3409,77.101,29.27,28.98,0.99,6.5606
20240308,Tumakuru,13.3409,77.101,29.02,27.46,1.58,6.0386
20240309,Tumakuru,13.3409,77.101,30.25,31.84,2.18,6.0977
20240310,Tumakuru,13.3409,77.101,30.52,34.61,2.78,6.1051
20240311,Tumakuru,13.3409,77.101,29.82,36.65,3.05,5.8915
20240312,Tumakuru,13.3409,77.101,29.19,36.75,2.84,6.0408
20240313,Tumakuru,13.3409,77.101,29.78,33.24,2.3,5.8846
20240314,Tumakuru,13.3409,77.101,29.8,42.06,1.36,5.8339
20240315,Tumakuru,13.3409,77.101,30.23,38.31,1.0,5.8358
20240316,Tumakuru,13.3409,77.101,30.53,31.54,2.73,6.2278
20240317,Tumakuru,13.3409,77.101,29.27,32.59,3.16,6.8179
20240318,Tumakuru,13.3409,77.101,29.46,32.08,1.69,6.4154
20240319,Tumakuru,13.3409,77.101,30.14,28.11,2.68,6.583
20240320,Tumakuru,13.3409,77.101,29.41,28.57,2.56,6.6787
20240321,Tumakuru,13.3409,77.101,28.74,42.5,2.88,6.2438
20240322,Tumakuru,13.3409,77.101,29.02,41.96,2.83,6.3718
20240323,Tumakuru,13.3409,77.101,29.87,38.24,2.88,7.0498
20240324,Tumakuru,13.3409,77.101,30.2,29.81,3.01,7.1568
20240325,Tumakuru,13.3409,77.101,29.73,30.27,3.44,6.9442
20240326,Tumakuru,13.3409,77.101,29.98,28.13,3.66,7.0193
20240327,Tumakuru,13.3409,77.101,29.75,20.52,3.82,7.469
20240328,Tumakuru,13.3409,77.101,29.62,24.29,3.47,7.3308
20240329,Tumakuru,13.3409,77.101,30.49,28.79,3.66,7.0882
20240330,Tumakuru,13.3409,77.101,30.64,28.3,3.45,7.3766
20240331,Tumakuru,13.3409,77.101,29.37,25.38,2.67,7.7705
20240401,Tumakuru,13.3409,77.101,29.41,29.62,2.46,7.6459
20240402,Tumakuru,13.3409,77.101,30.49,32.13,3.0,7.4057
20240403,Tumakuru,13.3409,77.101,30.74,28.41,3.06,7.1782
20240404,Tumakuru,13.3409,77.101,30.98,29.92,3.11,7.5127
20240405,Tumakuru,13.3409,77.101,31.52,28.28,3.33,7.1582
20240406,Tumakuru,13.3409,77.101,31.9,24.01,3.63,7.1702
20240407,Tumakuru,13.3409,77.101,31.65,26.09,3.12,6.9718
20240408,Tumakuru,13.3409,77.101,31.08,29.58,2.18,7.3104
20240409,Tumakuru,13.3409,77.101,30.61,37.67,3.61,7.5067
20240410,Tumakuru,13.3409,77.101,30.75,35.92,3.09,7.4242
20240411,Tumakuru,13.3409,77.101,30.84,37.62,2.89,7.561
20240412,Tumakuru,13.3409,77.101,31.23,40.09,3.45,6.9031
20240413,Tumakuru,13.3409,77.101,31.13,36.26,3.02,6.8196
20240414,Tumakuru,13.3409,77.101,31.05,36.38,3.06,7.4333
20240415,Tumakuru,13.3409,77.101,31.13,33.17,3.59,7.6634
20240416,Tumakuru,13.3409,77.101,31.36,35.24,3.56,7.3006
20240417,Tumakuru,13.3409,77.101,32.16,35.02,2.5,5.6203
20240418,Tumakuru,13.3409,77.101,33.03,32.27,1.47,6.0612
20240419,Tumakuru,13.3409,77.101,32.32,39.19,1.35,5.6371
20240420,Tumakuru,13.3409,77.101,31.73,40.65,1.93,4.5142
20240421,Tumakuru,13.3409,77.101,32.62,35.47,1.97,6.5918
20240422,Tumakuru,13.3409,77.101,32.38,32.04,1.76,6.7133
20240423,Tumakuru,13.3409,77.101,32.07,28.55,2.32,7.6711
20240424,Tumakuru,13.3409,77.101,31.23,28.53,2.72,7.7726
20240425,Tumakuru,13.3409,77.101,32.26,29.81,2.68,7.2523
20240426,Tumakuru,13.3409,77.101,32.03,31.35,2.97,7.4808
20240427,Tumakuru,13.3409,77.101,31.66,28.12,3.0,7.7753
20240428,Tumakuru,13.3409,77.101,32.35,27.74,3.44,7.285
20240429,Tumakuru,13.3409,77.101,32.39,26.84,2.93,7.5278
20240430,Tumakuru,13.3409,77.101,32.39,24.72,2.72,7.6102
20240501,Tumakuru,13.3409,77.101,32.36,44.58,1.82,6.5914
20240502,Tumakuru,13.3409,77.101,32.79,42.2,1.48,6.6132
20240503,Tumakuru,13.3409,77.101,33.29,40.07,2.21,5.9796
20240504,Tumakuru,13.3409,77.101,31.98,41.46,2.86,7.38
20240505,Tumakuru,13.3409,77.101,31.54,42.01,2.67,7.1741
20240506,Tumakuru,13.3409,77.101,31.42,48.11,2.11,6.7466
20240507,Tumakuru,13.3409,77.101,29.46,63.89,1.63,6.4848
20240508,Tumakuru,13.3409,77.101,28.75,65.35,1.76,6.1361
20240509,Tumakuru,13.3409,77.101,29.33,60.3,1.83,6.067
20240510,Tumakuru,13.3409,77.101,28.55,62.56,1.37,5.3786
20240511,Tumakuru,13.3409,77.101,28.71,60.95,1.66,6.2141
20240512,Tumakuru,13.3409,77.101,28.2,66.05,1.18,5.7218
20240513,Tumakuru,13.3409,77.101,27.51,70.25,2.14,4.3853
20240514,Tumakuru,13.3409,77.101,26.94,69.97,1.76,5.5625
20240515,Tumakuru,13.3409,77.101,27.86,61.67,2.47,6.0365
20240516,Tumakuru,13.3409,77.101,27.41,64.35,1.7,4.4916
20240517,Tumakuru,13.3409,77.101,27.21,64.37,1.46,4.3044
20240518,Tumakuru,13.3409,77.101,27.15,69.68,1.11,5.4401
20240519,Tumakuru,13.3409,77.101,25.37,81.09,1.83,5.0561
20240520,Tumakuru,13.3409,77.101,24.57,78.09,1.31,4.9505
20240521,Tumakuru,13.3409,77.101,25.93,73.34,1.87,5.8027
20240522,Tumakuru,13.3409,77.101,27.34,69.36,2.41,6.2688
20240523,Tumakuru,13.3409,77.101,27.91,68.87,2.21,6.5923
20240524,Tumakuru,13.3409,77.101,26.59,75.27,2.36,4.8785
20240525,Tumakuru,13.3409,77.101,24.33,78.69,4.26,4.4969
20240526,Tumakuru,13.3409,77.101,25.45,75.34,4.68,3.7145
20240527,Tumakuru,13.3409,77.101,26.29,75.25,4.33,4.7448
20240528,Tumakuru,13.3409,77.101,26.63,70.49,4.36,6.1774
20240529,Tumakuru,13.3409,77.101,26.28,73.85,4.21,6.1999
20240530,Tumakuru,13.3409,77.101,27.09,73.01,3.2,6.727
20240531,Tumakuru,13.3409,77.101,27.71,71.92,3.49,7.008
20240601,Tumakuru,13.3409,77.101,26.8,79.01,2.96,6.1306
20240602,Tumakuru,13.3409,77.101,25.74,79.09,1.66,6.3761
20240603,Tumakuru,13.3409,77.101,25.85,78.79,1.59,4.4484
20240604,Tumakuru,13.3409,77.101,25.21,82.59,1.7,4.9229
20240605,Tumakuru,13.3409,77.101,25.32,81.55,2.15,5.3465
20240606,Tumakuru,13.3409,77.101,25.28,79.79,2.44,5.219
20240607,Tumakuru,13.3409,77.101,24.28,80.68,2.7,4.7134
20240608,Tumakuru,13.3409,77.101,24.91,76.46,4.45,5.6309
20240609,Tumakuru,13.3409,77.101,24.79,76.51,5.48,5.3597
20240610,Tumakuru,13.3409,77.101,24.19,76.33,5.48,5.0364
20240611,Tumakuru,13.3409,77.101,22.96,76.85,4.76,5.1014
20240612,Tumakuru,13.3409,77.101,23.24,76.43,4.67,4.8881
20240613,Tumakuru,13.3409,77.101,23.53,71.07,4.56,4.9123
20240614,Tumakuru,13.3409,77.101,23.47,68.94,3.81,5.7936
20240615,Tumakuru,13.3409,77.101,24.7,76.09,3.03,6.1267
20240616,Tumakuru,13.3409,77.101,25.25,70.85,3.75,5.7977
20240617,Tumakuru,13.3409,77.101,25.01,71.76,2.99,6.0881
20240618,Tumakuru,13.3409,77.101,24.47,74.75,3.29,5.4967
20240619,Tumakuru,13.3409,77.101,24.23,73.06,3.72,5.7619
20240620,Tumakuru,13.3409,77.101,24.88,74.1,4.32,5.7694
20240621,Tumakuru,13.3409,77.101,24.34,75.15,4.63,4.9939
20240622,Tumakuru,13.3409,77.101,24.06,73.37,3.91,5.1696
20240623,Tumakuru,13.3409,77.101,23.8,78.17,4.24,5.4046
20240624,Tumakuru,13.3409,77.101,24.2,75.17,4.86,4.764
20240625,Tumakuru,13.3409,77.101,23.55,74.29,5.65,5.1166
20240626,Tumakuru,13.3409,77.101,22.85,71.71,6.49,4.7642
20240627,Tumakuru,13.3409,77.101,22.24,73.19,6.48,4.2859
20240628,Tumakuru,13.3409,77.101,23.86,68.69,4.9,5.1358
20240629,Tumakuru,13.3409,77.101,24.58,75.14,4.38,4.8298
20240630,Tumakuru,13.3409,77.101,24.25,74.25,4.27,3.7666
20240701,Tumakuru,13.3409,77.101,23.11,78.73,5.17,3.8705
20240702,Tumakuru,13.3409,77.101,24.83,70.18,5.13,5.5675
20240703,Tumakuru,13.3409,77.101,24.69,78.01,4.37,5.0587
20240704,Tumakuru,13.3409,77.101,25.04,73.17,4.64,4.2533
20240705,Tumakuru,13.3409,77.101,23.28,76.74,4.31,4.8434
20240706,Tumakuru,13.3409,77.101,24.21,78.86,4.95,3.8794
20240707,Tumakuru,13.3409,77.101,24.03,75.74,4.61,4.3586
20240708,Tumakuru,13.3409,77.101,23.42,77.71,4.46,4.4182
20240709,Tumakuru,13.3409,77.101,23.97,78.47,3.87,3.75
20240710,Tumakuru,13.3409,77.101,24.2,77.06,3.45,5.8214
20240711,Tumakuru,13.3409,77.101,24.54,72.62,4.4,4.9229
20240712,Tumakuru,13.3409,77.101,23.53,74.23,4.46,5.3729
20240713,Tumakuru,13.3409,77.101,23.54,76.33,5.48,4.9363
20240714,Tumakuru,13.3409,77.101,23.78,79.07,5.89,3.7754
20240715,Tumakuru,13.3409,77.101,23.73,83.66,6.04,2.6599
20240716,Tumakuru,13.3409,77.101,24.21,79.66,6.33,3.3886
20240717,Tumakuru,13.3409,77.101,23.98,81.32,6.08,3.7495
20240718,Tumakuru,13.3409,77.101,24.19,79.65,7.0,3.9734
20240719,Tumakuru,13.3409,77.101,23.7,82.13,6.64,2.9945
20240720,Tumakuru,13.3409,77.101,23.72,80.83,5.99,3.2129
20240721,Tumakuru,13.3409,77.101,24.22,77.71,6.08,3.785
20240722,Tumakuru,13.3409,77.101,23.93,76.06,6.24,4.0682
20240723,Tumakuru,13.3409,77.101,23.67,76.34,6.21,3.7222
20240724,Tumakuru,13.3409,77.101,23.68,76.39,6.45,3.8335
20240725,Tumakuru,13.3409,77.101,24.25,75.58,7.21,3.4601
20240726,Tumakuru,13.3409,77.101,24.45,75.7,6.72,3.3007
20240727,Tumakuru,13.3409,77.101,24.28,74.99,6.39,4.5403
20240728,Tumakuru,13.3409,77.101,24.75,74.86,6.07,3.8983
20240729,Tumakuru,13.3409,77.101,25.28,76.27,5.41,4.8566
20240730,Tumakuru,13.3409,77.101,24.21,81.41,4.3,3.4591
20240731,Tumakuru,13.3409,77.101,24.25,82.32,4.03,4.0634
20240801,Tumakuru,13.3409,77.101,24.45,81.14,4.77,4.4633
20240802,Tumakuru,13.3409,77.101,23.94,79.52,4.79,4.2763
20240803,Tumakuru,13.3409,77.101,22.99,81.17,4.24,4.211
20240804,Tumakuru,13.3409,77.101,23.01,81.06,4.08,5.2783
20240805,Tumakuru,13.3409,77.101,24.31,77.7,3.12,4.9157
20240806,Tumakuru,13.3409,77.101,23.99,82.2,3.25,4.5878
20240807,Tumakuru,13.3409,77.101,23.26,84.12,3.21,3.1745
20240808,Tumakuru,13.3409,77.101,23.84,80.35,3.03,3.9425
20240809,Tumakuru,13.3409,77.101,24.62,79.26,2.83,4.6512
20240810,Tumakuru,13.3409,77.101,24.37,80.69,2.77,4.1806
20240811,Tumakuru,13.3409,77.101,24.19,82.2,2.98,5.1194
20240812,Tumakuru,13.3409,77.101,24.08,85.07,2.49,4.632
20240813,Tumakuru,13.3409,77.101,25.52,80.94,1.98,6.3329
20240814,Tumakuru,13.3409,77.101,25.75,79.82,1.3,5.893
20240815,Tumakuru,13.3409,77.101,26.72,73.0,1.68,5.819
20240816,Tumakuru,13.3409,77.101,26.24,78.02,0.94,4.8564
20240817,Tumakuru,13.3409,77.101,25.47,83.7,2.42,5.5426
20240818,Tumakuru,13.3409,77.101,25.86,77.0,1.83,5.4912
20240819,Tumakuru,13.3409,77.101,25.62,78.09,1.88,5.6093
20240820,Tumakuru,13.3409,77.101,25.47,78.59,2.04,5.9369
20240821,Tumakuru,13.3409,77.101,24.42,83.71,2.76,6.1577
20240822,Tumakuru,13.3409,77.101,24.07,83.81,3.36,6.0281
20240823,Tumakuru,13.3409,77.101,24.14,82.44,3.24,6.133
20240824,Tumakuru,13.3409,77.101,23.11,82.29,4.1,4.9829
20240825,Tumakuru,13.3409,77.101,23.24,84.74,4.04,5.2574
20240826,Tumakuru,13.3409,77.101,23.97,80.41,4.6,5.3294
20240827,Tumakuru,13.3409,77.101,23.5,82.74,3.6,5.1077
20240828,Tumakuru,13.3409,77.101,23.31,81.71,3.64,4.0944
20240829,Tumakuru,13.3409,77.101,23.92,81.99,4.0,4.1323
20240830,Tumakuru,13.3409,77.101,23.26,86.6,3.63,3.7018
20240831,Tumakuru,13.3409,77.101,22.73,86.14,4.18,2.4094
20240901,Tumakuru,13.3409,77.101,23.34,77.87,5.26,4.7935
20240902,Tumakuru,13.3409,77.101,22.98,79.09,4.6,5.1566
20240903,Tumakuru,13.3409,77.101,23.96,80.97,3.65,4.8377
20240904,Tumakuru,13.3409,77.101,23.8,83.72,3.63,4.0027
20240905,Tumakuru,13.3409,77.101,23.77,84.41,3.63,5.2786
20240906,Tumakuru,13.3409,77.101,23.37,86.01,3.51,4.0358
20240907,Tumakuru,13.3409,77.101,23.38,85.78,3.49,5.2078
20240908,Tumakuru,13.3409,77.101,23.4,84.37,3.41,4.2586
20240909,Tumakuru,13.3409,77.101,24.15,81.42,4.06,5.0683
20240910,Tumakuru,13.3409,77.101,23.97,81.88,4.01,4.6498
20240911,Tumakuru,13.3409,77.101,23.92,80.28,3.61,5.3177
20240912,Tumakuru,13.3409,77.101,23.38,82.3,3.3,4.7515
20240913,Tumakuru,13.3409,77.101,23.72,78.86,3.04,6.0818
20240914,Tumakuru,13.3409,77.101,23.85,77.7,3.04,6.12
20240915,Tumakuru,13.3409,77.101,23.68,78.83,3.58,5.5594
20240916,Tumakuru,13.3409,77.101,23.59,78.94,3.61,5.376
20240917,Tumakuru,13.3409,77.101,23.8,77.95,3.59,5.5154
20240918,Tumakuru,13.3409,77.101,23.34,75.48,2.9,6.4265
20240919,Tumakuru,13.3409,77.101,23.85,74.16,2.59,6.5117
20240920,Tumakuru,13.3409,77.101,24.24,75.89,2.27,5.9196
20240921,Tumakuru,13.3409,77.101,24.26,79.33,2.8,5.0328
20240922,Tumakuru,13.3409,77.101,23.39,80.86,3.02,4.9747
20240923,Tumakuru,13.3409,77.101,23.78,82.29,2.97,4.1755
20240924,Tumakuru,13.3409,77.101,24.15,83.58,3.68,4.541
20240925,Tumakuru,13.3409,77.101,23.85,83.94,3.44,3.6646
20240926,Tumakuru,13.3409,77.101,23.84,78.19,3.42,4.5742
20240927,Tumakuru,13.3409,77.101,23.81,78.84,2.7,4.639
20240928,Tumakuru,13.3409,77.101,24.03,79.95,1.5,4.7138
20240929,Tumakuru,13.3409,77.101,24.72,82.05,1.65,5.0309
20240930,Tumakuru,13.3409,77.101,25.29,76.34,1.77,6.0614
20241001,Tumakuru,13.3409,77.101,26.07,70.52,1.41,5.7379
20241002,Tumakuru,13.3409,77.101,26.13,76.53,1.02,6.2155
20241003,Tumakuru,13.3409,77.101,24.47,86.4,2.05,4.7662
20241004,Tumakuru,13.3409,77.101,24.11,86.34,1.53,4.7777
20241005,Tumakuru,13.3409,77.101,23.55,86.42,2.53,4.651
20241006,Tumakuru,13.3409,77.101,22.96,84.47,2.09,4.8965
20241007,Tumakuru,13.3409,77.101,23.32,78.6,2.06,5.4391
20241008,Tumakuru,13.3409,77.101,24.25,80.85,2.26,5.0998
20241009,Tumakuru,13.3409,77.101,24.39,82.3,2.52,5.1379
20241010,Tumakuru,13.3409,77.101,24.53,81.8,2.32,4.4254
20241011,Tumakuru,13.3409,77.101,24.38,83.32,2.31,4.3915
20241012,Tumakuru,13.3409,77.101,23.73,85.14,2.1,5.0105
20241013,Tumakuru,13.3409,77.101,23.98,83.81,2.12,4.8967
20241014,Tumakuru,13.3409,77.101,23.05,86.13,1.94,2.0088
20241015,Tumakuru,13.3409,77.101,22.65,90.19,2.1,1.817
20241016,Tumakuru,13.3409,77.101,22.26,91.71,1.57,1.7813
20241017,Tumakuru,13.3409,77.101,23.29,89.7,1.72,3.4747
20241018,Tumakuru,13.3409,77.101,23.09,85.45,1.94,3.8875
20241019,Tumakuru,13.3409,77.101,22.97,89.9,1.81,3.5388
20241020,Tumakuru,13.3409,77.101,23.61,85.66,1.57,4.2005
20241021,Tumakuru,13.3409,77.101,23.76,85.37,1.32,4.4666
20241022,Tumakuru,13.3409,77.101,23.93,83.82,0.8,4.5238
20241023,Tumakuru,13.3409,77.101,23.44,83.73,1.44,4.9553
20241024,Tumakuru,13.3409,77.101,23.29,83.08,1.34,4.4676
20241025,Tumakuru,13.3409,77.101,22.91,80.54,1.22,5.0616
20241026,Tumakuru,13.3409,77.101,22.4,80.21,1.76,5.2546
20241027,Tumakuru,13.3409,77.101,22.37,84.46,1.82,4.4299
20241028,Tumakuru,13.3409,77.101,23.05,79.51,1.33,5.3191
20241029,Tumakuru,13.3409,77.101,23.46,81.79,1.34,5.0141
20241030,Tumakuru,13.3409,77.101,23.77,82.3,0.98,4.3274
20241031,Tumakuru,13.3409,77.101,23.22,86.76,1.94,4.6229
20241101,Tumakuru,13.3409,77.101,23.41,85.02,1.62,4.6106
20241102,Tumakuru,13.3409,77.101,23.26,82.57,2.1,5.5865
20241103,Tumakuru,13.3409,77.101,23.31,81.76,1.95,5.1247
20241104,Tumakuru,13.3409,77.101,23.04,83.68,2.15,5.0909
20241105,Tumakuru,13.3409,77.101,22.22,80.92,1.9,5.1708
20241106,Tumakuru,13.3409,77.101,22.0,81.18,1.89,5.3767
20241107,Tumakuru,13.3409,77.101,22.65,85.11,2.08,3.9161
20241108,Tumakuru,13.3409,77.101,23.1,82.51,2.41,5.5922
20241109,Tumakuru,13.3409,77.101,22.33,81.91,2.46,5.1792
20241110,Tumakuru,13.3409,77.101,21.61,81.52,1.88,5.5387
20241111,Tumakuru,13.3409,77.101,21.06,79.9,1.94,4.8216
20241112,Tumakuru,13.3409,77.101,20.77,83.52,2.24,2.449
20241113,Tumakuru,13.3409,77.101,22.88,85.47,2.68,3.5508
20241114,Tumakuru,13.3409,77.101,23.28,85.33,2.43,3.019
20241115,Tumakuru,13.3409,77.101,23.06,86.75,2.19,3.2714
20241116,Tumakuru,13.3409,77.101,22.99,85.81,2.6,3.2453
20241117,Tumakuru,13.3409,77.101,22.87,84.15,2.4,3.4886
20241118,Tumakuru,13.3409,77.101,22.86,83.6,2.43,4.0481
20241119,Tumakuru,13.3409,77.101,22.32,81.94,2.38,3.8026
20241120,Tumakuru,13.3409,77.101,21.58,81.88,1.94,4.0063
20241121,Tumakuru,13.3409,77.101,21.17,78.16,1.53,4.3378
20241122,Tumakuru,13.3409,77.101,20.36,80.6,1.75,5.3942
20241123,Tumakuru,13.3409,77.101,20.99,77.74,1.39,4.8048
20241124,Tumakuru,13.3409,77.101,21.24,79.01,1.62,4.589
20241125,Tumakuru,13.3409,77.101,20.94,79.75,2.47,3.9739
20241126,Tumakuru,13.3409,77.101,20.99,85.1,2.71,2.4586
20241127,Tumakuru,13.3409,77.101,21.76,80.12,3.27,3.3528
20241128,Tumakuru,13.3409,77.101,20.78,74.88,2.62,4.5821
20241129,Tumakuru,13.3409,77.101,20.88,83.41,3.03,3.5628
20241130,Tumakuru,13.3409,77.101,22.51,85.24,3.68,1.4419
20241201,Tumakuru,13.3409,77.101,21.72,91.8,3.6,1.6728
20241202,Tumakuru,13.3409,77.101,22.11,91.62,3.81,1.278
20241203,Tumakuru,13.3409,77.101,22.33,92.29,3.53,3.1214
20241204,Tumakuru,13.3409,77.101,23.04,84.06,2.52,4.0234
20241205,Tumakuru,13.3409,77.101,23.33,83.57,1.98,4.1695
20241206,Tumakuru,13.3409,77.101,23.34,80.1,1.48,5.3633
20241207,Tumakuru,13.3409,77.101,23.05,82.63,1.62,4.9308
20241208,Tumakuru,13.3409,77.101,23.39,79.46,2.05,5.0441
20241209,Tumakuru,13.3409,77.101,22.75,82.29,1.52,4.5986
20241210,Tumakuru,13.3409,77.101,22.89,82.26,1.75,4.4782
20241211,Tumakuru,13.3409,77.101,22.5,82.4,2.64,3.9144
20241212,Tumakuru,13.3409,77.101,21.43,89.85,2.85,1.4688
20241213,Tumakuru,13.3409,77.101,21.22,86.5,2.94,2.5558
20241214,Tumakuru,13.3409,77.101,21.14,81.06,2.87,4.5199
20241215,Tumakuru,13.3409,77.101,18.99,79.32,2.41,5.1089
20241216,Tumakuru,13.3409,77.101,17.86,75.1,1.99,5.447
20241217,Tumakuru,13.3409,77.101,19.86,76.53,1.36,5.369
20241218,Tumakuru,13.3409,77.101,20.62,85.31,2.06,2.892
20241219,Tumakuru,13.3409,77.101,22.91,83.14,2.01,3.5472
20241220,Tumakuru,13.3409,77.101,23.16,81.94,1.62,3.1788
20241221,Tumakuru,13.3409,77.101,23.66,76.5,0.96,4.1861
20241222,Tumakuru,13.3409,77.101,23.02,76.44,1.25,3.9677
20241223,Tumakuru,13.3409,77.101,22.65,78.21,1.65,3.8765
20241224,Tumakuru,13.3409,77.101,22.47,73.08,1.35,3.7572
20241225,Tumakuru,13.3409,77.101,21.96,79.41,1.86,3.1032
20241226,Tumakuru,13.3409,77.101,23.04,81.16,2.79,2.2814
20241227,Tumakuru,13.3409,77.101,22.55,80.66,3.41,2.2949
20241228,Tumakuru,13.3409,77.101,21.87,75.13,2.78,5.3338
20241229,Tumakuru,13.3409,77.101,21.46,73.5,2.58,5.6993
20241230,Tumakuru,13.3409,77.101,21.81,72.69,3.11,4.9438
20241231,Tumakuru,13.3409,77.101,21.52,69.78,3.04,5.7842
20250101,Tumakuru,13.3409,77.101,20.55,73.07,2.9,5.3614
20250102,Tumakuru,13.3409,77.101,20.48,74.17,2.76,4.9714
20250103,Tumakuru,13.3409,77.101,19.9,74.3,2.73,5.4785
20250104,Tumakuru,13.3409,77.101,19.43,68.2,2.05,5.6899
20250105,Tumakuru,13.3409,77.101,19.54,67.64,2.13,5.526
20250106,Tumakuru,13.3409,77.101,19.86,66.78,1.71,5.6532
20250107,Tumakuru,13.3409,77.101,19.8,67.1,1.85,5.6386
20250108,Tumakuru,13.3409,77.101,19.27,66.79,2.44,5.3957
20250109,Tumakuru,13.3409,77.101,19.81,67.76,2.62,5.1919
20250110,Tumakuru,13.3409,77.101,21.51,72.2,2.29,4.8737
20250111,Tumakuru,13.3409,77.101,22.69,71.58,2.65,2.2795
20250112,Tumakuru,13.3409,77.101,22.65,66.68,2.04,5.2646
20250113,Tumakuru,13.3409,77.101,23.49,73.31,2.29,4.5146
20250114,Tumakuru,13.3409,77.101,23.14,71.84,3.24,3.0362
20250115,Tumakuru,13.3409,77.101,22.15,65.0,3.38,4.4376
20250116,Tumakuru,13.3409,77.101,21.87,68.32,3.08,5.3722
20250117,Tumakuru,13.3409,77.101,21.63,71.6,3.03,4.5377
20250118,Tumakuru,13.3409,77.101,21.62,67.16,3.11,5.3455
20250119,Tumakuru,13.3409,77.101,21.97,77.07,3.0,1.8254
20250120,Tumakuru,13.3409,77.101,21.99,63.7,2.67,5.6386
20250121,Tumakuru,13.3409,77.101,20.92,62.98,2.35,5.9095
20250122,Tumakuru,13.3409,77.101,21.92,62.51,2.02,5.994
20250123,Tumakuru,13.3409,77.101,22.53,64.29,2.59,5.8226
20250124,Tumakuru,13.3409,77.101,21.58,59.34,2.34,6.3098
20250125,Tumakuru,13.3409,77.101,21.03,55.81,2.58,6.4186
20250126,Tumakuru,13.3409,77.101,20.39,50.59,2.98,6.4865
20250127,Tumakuru,13.3409,77.101,20.85,57.86,2.58,6.3792
20250128,Tumakuru,13.3409,77.101,21.63,57.21,2.26,5.7379
20250129,Tumakuru,13.3409,77.101,21.87,54.51,2.61,6.3418
20250130,Tumakuru,13.3409,77.101,22.03,49.62,1.3,6.169
20250131,Tumakuru,13.3409,77.101,23.89,58.19,1.91,6.2935
20250201,Tumakuru,13.3409,77.101,24.65,57.48,2.42,6.096
20250202,Tumakuru,13.3409,77.101,23.99,48.51,2.68,6.5633
20250203,Tumakuru,13.3409,77.101,23.08,43.04,2.46,6.5134
20250204,Tumakuru,13.3409,77.101,23.6,38.48,2.56,6.5938
20250205,Tumakuru,13.3409,77.101,23.7,43.83,2.93,6.3226
20250206,Tumakuru,13.3409,77.101,23.64,45.52,3.02,6.3614
20250207,Tumakuru,13.3409,77.101,23.81,46.82,3.09,6.457
20250208,Tumakuru,13.3409,77.101,24.04,46.03,3.1,5.9971
20250209,Tumakuru,13.3409,77.101,24.13,51.28,3.11,5.8044
20250210,Tumakuru,13.3409,77.101,23.63,52.6,2.85,5.9921
20250211,Tumakuru,13.3409,77.101,23.8,44.49,2.55,6.6634
20250212,Tumakuru,13.3409,77.101,24.22,41.35,2.83,6.6686
20250213,Tumakuru,13.3409,77.101,24.61,37.77,2.64,6.4862
20250214,Tumakuru,13.3409,77.101,24.7,35.39,2.14,6.3338
20250215,Tumakuru,13.3409,77.101,24.66,37.9,2.61,6.4994
20250216,Tumakuru,13.3409,77.101,24.48,42.7,2.92,6.7982
20250217,Tumakuru,13.3409,77.101,25.03,45.56,3.31,6.7901
20250218,Tumakuru,13.3409,77.101,25.43,44.33,2.89,6.7481
20250219,Tumakuru,13.3409,77.101,26.2,38.34,2.5,6.606
20250220,Tumakuru,13.3409,77.101,27.03,40.6,2.97,6.2926
20250221,Tumakuru,13.3409,77.101,26.77,43.21,3.31,6.1555
20250222,Tumakuru,13.3409,77.101,26.34,44.35,3.27,6.4435
20250223,Tumakuru,13.3409,77.101,25.62,37.65,3.54,6.6605
20250224,Tumakuru,13.3409,77.101,25.35,34.88,3.75,7.0229
20250225,Tumakuru,13.3409,77.101,25.02,39.05,3.48,6.7303
20250226,Tumakuru,13.3409,77.101,25.63,43.74,3.9,6.8335
20250227,Tumakuru,13.3409,77.101,25.46,40.43,3.45,6.421
20250228,Tumakuru,13.3409,77.101,25.63,38.04,3.12,6.2568
20250301,Tumakuru,13.3409,77.101,26.52,37.38,2.85,6.4901
20250302,Tumakuru,13.3409,77.101,26.53,41.76,3.15,7.0051
20250303,Tumakuru,13.3409,77.101,27.25,40.04,3.04,6.2345
20250304,Tumakuru,13.3409,77.101,27.12,33.1,3.51,5.7182
20250305,Tumakuru,13.3409,77.101,27.29,31.71,2.9,5.4593
20250306,Tumakuru,13.3409,77.101,26.91,27.8,2.3,6.8508
20250307,Tumakuru,13.3409,77.101,25.89,16.87,2.24,7.4674
20250308,Tumakuru,13.3409,77.101,25.99,20.82,2.13,7.1837
20250309,Tumakuru,13.3409,77.101,26.99,32.6,3.44,6.9473
20250310,Tumakuru,13.3409,77.101,26.33,38.21,3.74,7.1875
20250311,Tumakuru,13.3409,77.101,26.31,47.11,3.95,7.115
20250312,Tumakuru,13.3409,77.101,28.17,53.64,3.02,6.6821
20250313,Tumakuru,13.3409,77.101,28.71,41.93,2.71,7.2079
20250314,Tumakuru,13.3409,77.101,28.67,33.42,3.12,7.0994
20250315,Tumakuru,13.3409,77.101,28.24,31.55,3.61,7.4117
20250316,Tumakuru,13.3409,77.101,27.76,31.06,2.58,7.6596
20250317,Tumakuru,13.3409,77.101,27.74,42.16,1.97,7.0178
20250318,Tumakuru,13.3409,77.101,29.64,33.86,2.07,7.2775
20250319,Tumakuru,13.3409,77.101,29.3,41.35,3.04,6.9401
20250320,Tumakuru,13.3409,77.101,29.28,39.62,2.97,7.3625
20250321,Tumakuru,13.3409,77.101,29.9,39.93,1.34,6.9005
20250322,Tumakuru,13.3409,77.101,29.8,43.31,1.94,5.7742
20250323,Tumakuru,13.3409,77.101,28.11,50.32,1.98,5.9165
20250324,Tumakuru,13.3409,77.101,29.19,45.3,2.72,6.3571
20250325,Tumakuru,13.3409,77.101,29.05,35.62,2.99,6.4262
20250326,Tumakuru,13.3409,77.101,29.27,30.83,2.56,6.7418
20250327,Tumakuru,13.3409,77.101,29.38,35.71,2.08,6.0847
20250328,Tumakuru,13.3409,77.101,29.54,32.94,2.43,6.2218
20250329,Tumakuru,13.3409,77.101,29.33,25.83,3.21,6.5762
20250330,Tumakuru,13.3409,77.101,28.98,25.18,3.48,6.6326
20250331,Tumakuru,13.3409,77.101,29.34,30.67,3.63,6.103
20250401,Tumakuru,13.3409,77.101,27.8,34.24,2.9,6.7452
20250402,Tumakuru,13.3409,77.101,26.89,50.0,2.75,4.9726
20250403,Tumakuru,13.3409,77.101,26.83,58.89,1.27,4.4678
20250404,Tumakuru,13.3409,77.101,26.77,58.21,2.56,6.3451
20250405,Tumakuru,13.3409,77.101,26.73,60.25,2.15,6.3413
20250406,Tumakuru,13.3409,77.101,27.06,56.92,2.1,6.3317
20250407,Tumakuru,13.3409,77.101,27.96,50.04,2.85,7.2034
20250408,Tumakuru,13.3409,77.101,28.29,45.76,3.13,7.1362
20250409,Tumakuru,13.3409,77.101,27.82,45.76,2.2,6.8364
20250410,Tumakuru,13.3409,77.101,27.89,49.09,2.06,6.3866
20250411,Tumakuru,13.3409,77.101,28.49,52.0,2.59,6.2983
20250412,Tumakuru,13.3409,77.101,28.2,54.18,2.27,6.9826
20250413,Tumakuru,13.3409,77.101,28.55,53.01,1.68,6.4601
20250414,Tumakuru,13.3409,77.101,28.24,51.96,1.72,6.3144
20250415,Tumakuru,13.3409,77.101,28.54,53.53,1.77,6.7054
20250416,Tumakuru,13.3409,77.101,28.21,59.58,1.98,6.4982
20250417,Tumakuru,13.3409,77.101,28.61,60.29,1.11,6.5546
20250418,Tumakuru,13.3409,77.101,29.02,59.09,1.3,5.5613
20250419,Tumakuru,13.3409,77.101,28.84,59.06,2.24,6.4706
20250420,Tumakuru,13.3409,77.101,28.74,59.95,1.57,5.6222
20250421,Tumakuru,13.3409,77.101,29.43,52.7,1.88,6.7154
20250422,Tumakuru,13.3409,77.101,30.04,38.92,2.64,7.3495
20250423,Tumakuru,13.3409,77.101,30.06,35.13,2.51,7.26
20250424,Tumakuru,13.3409,77.101,30.05,37.19,2.56,7.2535
20250425,Tumakuru,13.3409,77.101,31.35,38.56,2.91,6.7054
20250426,Tumakuru,13.3409,77.101,30.44,43.28,2.06,6.6434
20250427,Tumakuru,13.3409,77.101,28.94,52.7,1.39,6.097
20250428,Tumakuru,13.3409,77.101,28.07,55.42,2.28,6.4884
20250429,Tumakuru,13.3409,77.101,29.31,45.77,2.56,6.4466
20250430,Tumakuru,13.3409,77.101,29.69,50.16,1.75,6.3737
20250501,Tumakuru,13.3409,77.101,28.78,59.98,1.14,6.0254
20250502,Tumakuru,13.3409,77.101,28.49,61.94,1.51,6.305
20250503,Tumakuru,13.3409,77.101,26.89,68.27,1.65,6.642
20250504,Tumakuru,13.3409,77.101,27.46,58.91,2.47,7.3678
20250505,Tumakuru,13.3409,77.101,27.32,58.15,2.03,7.0903
20250506,Tumakuru,13.3409,77.101,27.61,61.34,2.33,7.3126
20250507,Tumakuru,13.3409,77.101,27.63,58.79,2.77,6.7949
20250508,Tumakuru,13.3409,77.101,27.02,61.81,2.11,6.7697
20250509,Tumakuru,13.3409,77.101,27.23,61.18,1.68,7.2914
20250510,Tumakuru,13.3409,77.101,26.67,60.46,1.2,6.0614
20250511,Tumakuru,13.3409,77.101,28.13,59.36,1.39,5.8406
20250512,Tumakuru,13.3409,77.101,27.59,64.21,1.71,6.3401
20250513,Tumakuru,13.3409,77.101,25.5,76.39,2.25,6.1814
20250514,Tumakuru,13.3409,77.101,26.26,72.49,1.71,6.3247
20250515,Tumakuru,13.3409,77.101,24.46,83.48,1.86,6.2575
20250516,Tumakuru,13.3409,77.101,25.25,79.66,1.46,5.8675
20250517,Tumakuru,13.3409,77.101,26.05,74.77,1.56,4.7952
20250518,Tumakuru,13.3409,77.101,24.48,85.39,2.43,5.1458
20250519,Tumakuru,13.3409,77.101,24.91,84.25,2.76,3.7063
20250520,Tumakuru,13.3409,77.101,25.42,80.39,2.98,4.0776
20250521,Tumakuru,13.3409,77.101,23.97,83.13,5.57,4.2286
20250522,Tumakuru,13.3409,77.101,24.36,78.89,4.52,5.1866
20250523,Tumakuru,13.3409,77.101,25.4,77.52,4.78,5.8639
20250524,Tumakuru,13.3409,77.101,24.9,78.45,6.33,4.0877
20250525,Tumakuru,13.3409,77.101,24.78,79.37,5.79,4.351
20250526,Tumakuru,13.3409,77.101,23.8,81.99,5.67,3.6511
20250527,Tumakuru,13.3409,77.101,24.36,75.88,5.84,3.8345
20250528,Tumakuru,13.3409,77.101,23.76,79.71,5.22,4.0015
20250529,Tumakuru,13.3409,77.101,23.29,80.11,5.11,4.3745
20250530,Tumakuru,13.3409,77.101,23.98,79.34,4.99,3.2858
20250531,Tumakuru,13.3409,77.101,23.97,74.94,4.52,5.8186
20250601,Tumakuru,13.3409,77.101,24.06,74.76,3.72,6.2882
20250602,Tumakuru,13.3409,77.101,24.49,75.59,3.66,5.544
20250603,Tumakuru,13.3409,77.101,24.46,74.51,3.79,5.2522
20250604,Tumakuru,13.3409,77.101,24.32,74.75,3.09,6.0602
20250605,Tumakuru,13.3409,77.101,24.03,69.23,2.87,6.5028
20250606,Tumakuru,13.3409,77.101,24.97,73.17,2.42,6.3401
20250607,Tumakuru,13.3409,77.101,25.74,72.9,3.1,6.5386
20250608,Tumakuru,13.3409,77.101,25.09,77.22,3.36,5.7881
20250609,Tumakuru,13.3409,77.101,25.26,75.43,4.23,4.763
20250610,Tumakuru,13.3409,77.101,24.33,82.53,4.06,5.7346
20250611,Tumakuru,13.3409,77.101,24.52,83.29,4.26,3.8006
20250612,Tumakuru,13.3409,77.101,23.63,84.95,3.67,3.8978
20250613,Tumakuru,13.3409,77.101,24.09,85.99,3.7,3.6917
20250614,Tumakuru,13.3409,77.101,24.23,81.9,4.93,4.1042
20250615,Tumakuru,13.3409,77.101,23.14,80.2,6.45,4.1434
20250616,Tumakuru,13.3409,77.101,22.79,76.81,6.69,4.4335
20250617,Tumakuru,13.3409,77.101,24.15,77.54,4.65,4.4009
20250618,Tumakuru,13.3409,77.101,24.86,77.57,4.35,5.4262
20250619,Tumakuru,13.3409,77.101,24.86,77.97,4.0,5.4948
20250620,Tumakuru,13.3409,77.101,24.72,77.79,3.88,5.502
20250621,Tumakuru,13.3409,77.101,24.79,77.62,4.32,5.6335
20250622,Tumakuru,13.3409,77.101,24.65,78.4,4.71,4.5708
20250623,Tumakuru,13.3409,77.101,24.1,74.63,5.89,4.5638
20250624,Tumakuru,13.3409,77.101,22.86,72.15,5.64,4.5602
20250625,Tumakuru,13.3409,77.101,23.81,74.4,5.55,4.2079
20250626,Tumakuru,13.3409,77.101,23.88,74.52,5.35,4.3387
20250627,Tumakuru,13.3409,77.101,24.34,77.46,4.81,4.9025
20250628,Tumakuru,13.3409,77.101,24.79,76.27,4.09,5.1355
20250629,Tumakuru,13.3409,77.101,24.37,76.88,4.42,5.6724
20250630,Tumakuru,13.3409,77.101,24.9,74.06,4.69,5.3813
20250701,Tumakuru,13.3409,77.101,24.66,76.26,4.27,3.5414
20250702,Tumakuru,13.3409,77.101,24.4,75.56,4.61,3.384
20250703,Tumakuru,13.3409,77.101,24.29,72.4,5.23,4.4009
20250704,Tumakuru,13.3409,77.101,24.22,72.13,5.41,5.0635
20250705,Tumakuru,13.3409,77.101,24.28,75.23,5.58,4.8269
20250706,Tumakuru,13.3409,77.101,24.62,75.01,5.68,4.4134
20250707,Tumakuru,13.3409,77.101,24.59,75.12,5.56,4.5641
20250708,Tumakuru,13.3409,77.101,24.78,75.12,5.14,5.1218
20250709,Tumakuru,13.3409,77.101,25.02,73.77,4.69,4.8084
20250710,Tumakuru,13.3409,77.101,24.99,75.28,4.13,4.6073
20250711,Tumakuru,13.3409,77.101,25.0,76.7,3.81,4.9949
20250712,Tumakuru,13.3409,77.101,25.28,74.06,4.23,4.53
20250713,Tumakuru,13.3409,77.101,24.55,76.96,4.32,4.6771
20250714,Tumakuru,13.3409,77.101,24.2,77.89,4.53,4.3682
20250715,Tumakuru,13.3409,77.101,24.6,76.3,4.58,4.2389
20250716,Tumakuru,13.3409,77.101,24.55,78.58,3.85,4.3642
20250717,Tumakuru,13.3409,77.101,23.94,81.36,3.68,4.8353
20250718,Tumakuru,13.3409,77.101,23.54,81.94,3.14,4.0582
20250719,Tumakuru,13.3409,77.101,23.03,80.39,4.32,3.3684
20250720,Tumakuru,13.3409,77.101,23.85,78.63,4.55,5.0599
20250721,Tumakuru,13.3409,77.101,22.25,78.68,4.34,3.5642
20250722,Tumakuru,13.3409,77.101,22.16,74.92,4.57,3.8969
20250723,Tumakuru,13.3409,77.101,22.95,78.38,5.14,4.0313
20250724,Tumakuru,13.3409,77.101,23.7,77.73,5.26,3.4642
20250725,Tumakuru,13.3409,77.101,23.97,74.5,6.3,3.767
20250726,Tumakuru,13.3409,77.101,23.95,75.76,6.7,3.7298
20250727,Tumakuru,13.3409,77.101,23.79,73.42,6.1,3.9437
20250728,Tumakuru,13.3409,77.101,23.0,76.71,5.55,3.4445
20250729,Tumakuru,13.3409,77.101,23.55,74.89,6.01,3.6497
20250730,Tumakuru,13.3409,77.101,24.36,73.83,5.48,4.1066
20250731,Tumakuru,13.3409,77.101,24.97,74.27,4.37,3.737
20250801,Tumakuru,13.3409,77.101,24.83,75.0,3.89,4.4002
20250802,Tumakuru,13.3409,77.101,24.85,75.39,4.05,5.1334
20250803,Tumakuru,13.3409,77.101,23.84,81.62,2.94,4.4172
20250804,Tumakuru,13.3409,77.101,23.63,85.62,2.37,4.7693
20250805,Tumakuru,13.3409,77.101,24.47,84.54,1.3,4.9286
20250806,Tumakuru,13.3409,77.101,24.5,84.73,2.32,4.6481
20250807,Tumakuru,13.3409,77.101,24.41,84.12,3.04,4.7304
20250808,Tumakuru,13.3409,77.101,23.19,87.09,2.14,4.3637
20250809,Tumakuru,13.3409,77.101,23.11,84.29,2.78,4.5418
20250810,Tumakuru,13.3409,77.101,23.04,84.02,2.5,3.4956
20250811,Tumakuru,13.3409,77.101,21.83,84.33,3.37,4.2518
20250812,Tumakuru,13.3409,77.101,22.17,78.47,3.69,3.8609
20250813,Tumakuru,13.3409,77.101,21.89,80.27,3.81,2.4881
20250814,Tumakuru,13.3409,77.101,23.02,82.21,3.61,4.1306
20250815,Tumakuru,13.3409,77.101,23.1,81.25,4.23,4.4256
20250816,Tumakuru,13.3409,77.101,22.98,82.92,4.19,4.2922
20250817,Tumakuru,13.3409,77.101,23.28,82.25,4.83,3.3053
20250818,Tumakuru,13.3409,77.101,22.8,81.76,5.41,2.8843
20250819,Tumakuru,13.3409,77.101,22.94,77.97,6.12,2.713
20250820,Tumakuru,13.3409,77.101,22.83,79.78,4.34,4.3567
20250821,Tumakuru,13.3409,77.101,23.77,80.12,3.02,4.9692
20250822,Tumakuru,13.3409,77.101,23.97,80.08,2.66,5.7946
20250823,Tumakuru,13.3409,77.101,23.75,80.82,2.93,5.3458
20250824,Tumakuru,13.3409,77.101,24.0,76.44,3.38,5.9294
20250825,Tumakuru,13.3409,77.101,23.57,76.92,3.32,5.3736
20250826,Tumakuru,13.3409,77.101,23.75,77.3,3.56,4.8924
20250827,Tumakuru,13.3409,77.101,23.02,82.6,3.73,3.9785
20250828,Tumakuru,13.3409,77.101,23.04,78.98,4.18,4.7556
20250829,Tumakuru,13.3409,77.101,22.74,82.56,4.02,5.4442
20250830,Tumakuru,13.3409,77.101,23.17,83.49,3.51,4.9862
20250831,Tumakuru,13.3409,77.101,23.97,81.12,3.79,4.5763
20250901,Tumakuru,13.3409,77.101,23.48,81.61,4.09,3.8083
20250902,Tumakuru,13.3409,77.101,23.21,83.05,4.1,3.4838
20250903,Tumakuru,13.3409,77.101,23.6,82.09,4.01,4.1765
20250904,Tumakuru,13.3409,77.101,23.9,80.0,3.37,5.0194
20250905,Tumakuru,13.3409,77.101,23.75,81.05,2.69,5.1432
20250906,Tumakuru,13.3409,77.101,24.07,79.84,2.63,5.3926
20250907,Tumakuru,13.3409,77.101,23.7,80.2,3.0,4.5667
20250908,Tumakuru,13.3409,77.101,23.64,78.55,2.55,6.1181
20250909,Tumakuru,13.3409,77.101,24.97,76.64,1.09,5.8666
20250910,Tumakuru,13.3409,77.101,25.13,78.18,2.36,5.2078
20250911,Tumakuru,13.3409,77.101,23.49,82.76,1.98,3.893
20250912,Tumakuru,13.3409,77.101,23.49,80.91,2.61,4.5727
20250913,Tumakuru,13.3409,77.101,23.56,84.73,2.42,3.9485
20250914,Tumakuru,13.3409,77.101,23.43,82.77,2.16,5.681
20250915,Tumakuru,13.3409,77.101,23.1,84.7,2.43,5.521
20250916,Tumakuru,13.3409,77.101,23.5,85.02,1.96,4.3822
20250917,Tumakuru,13.3409,77.101,23.72,85.77,2.09,3.6643
20250918,Tumakuru,13.3409,77.101,23.89,84.97,2.36,4.2214
20250919,Tumakuru,13.3409,77.101,22.59,87.62,2.37,4.3406
20250920,Tumakuru,13.3409,77.101,22.97,85.31,3.15,4.1414
20250921,Tumakuru,13.3409,77.101,23.38,84.56,2.5,4.6622
20250922,Tumakuru,13.3409,77.101,23.36,82.91,2.96,5.2303
20250923,Tumakuru,13.3409,77.101,22.89,83.3,2.96,4.1902
20250924,Tumakuru,13.3409,77.101,23.12,81.33,3.26,3.785
20250925,Tumakuru,13.3409,77.101,23.05,80.76,3.35,4.8487
20250926,Tumakuru,13.3409,77.101,23.1,80.77,3.79,4.2434
20250927,Tumakuru,13.3409,77.101,21.05,84.65,4.08,4.4959
20250928,Tumakuru,13.3409,77.101,22.7,80.23,3.83,5.0285
20250929,Tumakuru,13.3409,77.101,23.2,79.78,3.47,5.3844
20250930,Tumakuru,13.3409,77.101,23.13,79.6,3.09,5.309
20251001,Tumakuru,13.3409,77.101,23.66,79.05,2.79,5.2255
20251002,Tumakuru,13.3409,77.101,23.85,80.56,2.59,5.3549
20251003,Tumakuru,13.3409,77.101,24.12,80.16,2.03,5.9981
20251004,Tumakuru,13.3409,77.101,24.23,77.68,1.78,3.5182
20251005,Tumakuru,13.3409,77.101,24.34,77.59,1.69,6.455
20251006,Tumakuru,13.3409,77.101,23.82,78.83,1.91,5.1655
20251007,Tumakuru,13.3409,77.101,23.74,77.48,1.75,5.9527
20251008,Tumakuru,13.3409,77.101,24.25,79.55,1.35,4.3994
20251009,Tumakuru,13.3409,77.101,24.11,82.08,1.49,5.1919
20251010,Tumakuru,13.3409,77.101,23.61,85.55,2.28,4.513
20251011,Tumakuru,13.3409,77.101,23.36,83.41,2.19,4.6642
20251012,Tumakuru,13.3409,77.101,23.38,82.4,2.24,6.385
20251013,Tumakuru,13.3409,77.101,23.12,83.13,2.6,5.6846
20251014,Tumakuru,13.3409,77.101,24.09,83.55,2.29,4.9246
20251015,Tumakuru,13.3409,77.101,23.86,82.02,2.62,4.5257
20251016,Tumakuru,13.3409,77.101,23.82,84.73,3.0,3.3374
20251017,Tumakuru,13.3409,77.101,23.87,84.5,3.01,4.193
20251018,Tumakuru,13.3409,77.101,23.68,84.48,2.81,3.5136
20251019,Tumakuru,13.3409,77.101,23.78,82.53,2.45,5.1763
20251020,Tumakuru,13.3409,77.101,23.33,83.42,2.43,4.7345
20251021,Tumakuru,13.3409,77.101,22.88,86.28,2.72,2.9806
20251022,Tumakuru,13.3409,77.101,22.56,89.14,3.28,2.3083
20251023,Tumakuru,13.3409,77.101,23.2,84.71,1.82,3.7582
20251024,Tumakuru,13.3409,77.101,22.46,84.93,1.78,3.6192
20251025,Tumakuru,13.3409,77.101,23.38,76.49,1.15,6.0127
20251026,Tumakuru,13.3409,77.101,23.47,81.08,1.02,5.0088
20251027,Tumakuru,13.3409,77.101,22.87,86.27,1.05,2.9088
20251028,Tumakuru,13.3409,77.101,21.93,85.13,2.79,1.7143
20251029,Tumakuru,13.3409,77.101,22.1,81.39,3.15,4.879
20251030,Tumakuru,13.3409,77.101,22.56,81.41,2.66,5.7854
20251031,Tumakuru,13.3409,77.101,22.8,78.94,2.13,6.3974
20251101,Tumakuru,13.3409,77.101,23.24,77.4,1.13,6.1457
20251102,Tumakuru,13.3409,77.101,22.54,83.04,1.58,4.3306
20251103,Tumakuru,13.3409,77.101,22.88,82.03,1.94,4.8792
20251104,Tumakuru,13.3409,77.101,23.14,78.9,1.98,3.0319
20251105,Tumakuru,13.3409,77.101,23.3,82.06,1.92,3.3223
20251106,Tumakuru,13.3409,77.101,21.57,85.31,1.85,4.0841
20251107,Tumakuru,13.3409,77.101,22.59,81.83,2.24,4.2629
20251108,Tumakuru,13.3409,77.101,21.13,77.22,2.04,4.8257
20251109,Tumakuru,13.3409,77.101,18.72,69.85,2.01,6.0062
20251110,Tumakuru,13.3409,77.101,20.47,69.5,1.21,5.5231
20251111,Tumakuru,13.3409,77.101,22.07,78.53,1.69,4.8398
20251112,Tumakuru,13.3409,77.101,22.23,75.25,2.31,4.771
20251113,Tumakuru,13.3409,77.101,22.51,78.94,2.54,4.6039
20251114,Tumakuru,13.3409,77.101,21.01,73.52,2.92,5.0998
20251115,Tumakuru,13.3409,77.101,19.9,73.69,2.51,5.6938
20251116,Tumakuru,13.3409,77.101,20.92,77.1,2.7,4.2854
20251117,Tumakuru,13.3409,77.101,20.62,75.7,2.95,4.6829
20251118,Tumakuru,13.3409,77.101,20.24,80.28,2.58,3.0672
20251119,Tumakuru,13.3409,77.101,22.72,78.4,2.58,4.2127
20251120,Tumakuru,13.3409,77.101,21.88,71.62,2.46,5.5087
20251121,Tumakuru,13.3409,77.101,22.07,82.77,2.51,3.263
20251122,Tumakuru,13.3409,77.101,22.73,82.81,2.95,3.455
20251123,Tumakuru,13.3409,77.101,23.04,78.46,2.73,4.2233
20251124,Tumakuru,13.3409,77.101,23.32,76.91,2.98,4.873
20251125,Tumakuru,13.3409,77.101,21.45,76.49,3.11,4.4808
20251126,Tumakuru,13.3409,77.101,20.71,75.07,3.09,4.4038
20251127,Tumakuru,13.3409,77.101,20.86,74.57,2.98,4.1138
20251128,Tumakuru,13.3409,77.101,20.15,74.94,2.65,4.1071
20251129,Tumakuru,13.3409,77.101,19.23,83.08,2.26,2.681
20251130,Tumakuru,13.3409,77.101,21.52,82.35,3.1,1.7242
20251201,Tumakuru,13.3409,77.101,21.96,78.25,2.57,2.837
20251202,Tumakuru,13.3409,77.101,22.51,76.95,2.53,4.1674
20251203,Tumakuru,13.3409,77.101,22.86,80.93,3.92,2.3542
20251204,Tumakuru,13.3409,77.101,21.94,83.84,2.67,3.7514
20251205,Tumakuru,13.3409,77.101,22.06,80.39,3.53,3.3314
20251206,Tumakuru,13.3409,77.101,22.04,74.0,3.06,4.4671
20251207,Tumakuru,13.3409,77.101,21.84,72.77,2.79,4.4719
20251208,Tumakuru,13.3409,77.101,20.99,64.96,2.67,5.3057
20251209,Tumakuru,13.3409,77.101,20.21,69.11,2.72,5.2567
20251210,Tumakuru,13.3409,77.101,19.56,67.96,2.98,5.5169
20251211,Tumakuru,13.3409,77.101,19.5,67.8,3.05,5.3225
20251212,Tumakuru,13.3409,77.101,19.08,66.61,2.39,5.5603
20251213,Tumakuru,13.3409,77.101,18.43,60.61,2.15,5.8152
20251214,Tumakuru,13.3409,77.101,18.49,66.38,2.42,5.5954
20251215,Tumakuru,13.3409,77.101,18.99,64.28,2.67,5.5462
20251216,Tumakuru,13.3409,77.101,21.11,75.61,3.43,3.403
20251217,Tumakuru,13.3409,77.101,22.2,69.67,3.23,5.4017
20251218,Tumakuru,13.3409,77.101,19.16,67.47,2.98,5.0124
20251219,Tumakuru,13.3409,77.101,18.7,65.95,2.38,5.1852
20251220,Tumakuru,13.3409,77.101,18.62,65.32,1.88,4.9236
20251221,Tumakuru,13.3409,77.101,19.45,66.26,2.12,4.9051
20251222,Tumakuru,13.3409,77.101,20.02,68.78,2.57,4.7988
20251223,Tumakuru,13.3409,77.101,20.05,67.73,2.48,5.2238
20251224,Tumakuru,13.3409,77.101,20.02,67.03,2.43,4.975
20251225,Tumakuru,13.3409,77.101,20.14,63.82,2.16,5.1965
20251226,Tumakuru,13.3409,77.101,21.14,64.87,2.42,5.2704
20251227,Tumakuru,13.3409,77.101,20.22,63.71,2.41,5.345
20251228,Tumakuru,13.3409,77.101,20.43,63.77,2.23,5.0952
20251229,Tumakuru,13.3409,77.101,21.52,65.45,2.32,5.0652
20251230,Tumakuru,13.3409,77.101,22.91,63.68,1.29,4.704
20251231,Tumakuru,13.3409,77.101,24.07,61.35,1.54,4.1177
