Date,District,Latitude,Longitude,Temperature,Humidity,WindSpeed,GHI
20200101,Udupi,13.3409,74.7421,24.89,78.86,1.07,4.9886
20200102,Udupi,13.3409,74.7421,25.16,78.58,1.17,4.8434
20200103,Udupi,13.3409,74.7421,24.92,79.08,1.71,5.304
20200104,Udupi,13.3409,74.7421,23.59,80.15,1.73,5.388
20200105,Udupi,13.3409,74.7421,23.74,76.61,1.15,5.6328
20200106,Udupi,13.3409,74.7421,25.27,77.64,1.16,5.3923
20200107,Udupi,13.3409,74.7421,25.86,73.09,0.99,5.5114
20200108,Udupi,13.3409,74.7421,24.89,79.66,1.01,4.8638
20200109,Udupi,13.3409,74.7421,25.06,80.86,1.46,5.135
20200110,Udupi,13.3409,74.7421,25.4,75.68,1.34,4.6334
20200111,Udupi,13.3409,74.7421,25.18,71.63,1.08,5.5454
20200112,Udupi,13.3409,74.7421,24.05,69.41,1.51,5.8334
20200113,Udupi,13.3409,74.7421,23.67,72.05,1.34,5.5006
20200114,Udupi,13.3409,74.7421,23.72,78.51,1.44,5.5046
20200115,Udupi,13.3409,74.7421,23.81,78.02,1.27,5.5286
20200116,Udupi,13.3409,74.7421,23.4,75.1,1.71,5.4209
20200117,Udupi,13.3409,74.7421,23.3,74.16,1.8,5.5922
20200118,Udupi,13.3409,74.7421,24.34,74.16,1.34,5.7031
20200119,Udupi,13.3409,74.7421,25.57,73.97,1.05,5.6242
20200120,Udupi,13.3409,74.7421,25.76,72.95,1.44,5.617
20200121,Udupi,13.3409,74.7421,25.52,64.48,1.26,5.7036
20200122,Udupi,13.3409,74.7421,24.83,60.08,1.77,6.0701
20200123,Udupi,13.3409,74.7421,25.35,62.46,1.68,6.0408
20200124,Udupi,13.3409,74.7421,25.02,62.37,1.41,6.1426
20200125,Udupi,13.3409,74.7421,24.81,54.94,0.91,6.0106
20200126,Udupi,13.3409,74.7421,24.71,59.35,1.07,6.0137
20200127,Udupi,13.3409,74.7421,24.88,73.06,1.23,5.5745
20200128,Udupi,13.3409,74.7421,24.55,76.04,1.41,5.1785
20200129,Udupi,13.3409,74.7421,24.28,74.37,1.47,6.1342
20200130,Udupi,13.3409,74.7421,24.28,73.6,1.68,6.1915
20200131,Udupi,13.3409,74.7421,23.62,76.1,1.65,5.9441
20200201,Udupi,13.3409,74.7421,23.94,75.02,1.37,5.5788
20200202,Udupi,13.3409,74.7421,24.56,73.87,1.3,4.8286
20200203,Udupi,13.3409,74.7421,25.01,71.38,1.4,5.7432
20200204,Udupi,13.3409,74.7421,24.79,70.66,1.38,6.0302
20200205,Udupi,13.3409,74.7421,24.92,72.42,1.35,6.0768
20200206,Udupi,13.3409,74.7421,24.81,73.28,1.76,5.6112
20200207,Udupi,13.3409,74.7421,24.02,74.93,1.87,5.8692
20200208,Udupi,13.3409,74.7421,22.71,71.11,1.59,6.2669
20200209,Udupi,13.3409,74.7421,23.26,64.98,1.2,6.5191
20200210,Udupi,13.3409,74.7421,25.25,67.37,1.19,6.0194
20200211,Udupi,13.3409,74.7421,26.32,61.16,1.56,6.4214
20200212,Udupi,13.3409,74.7421,26.06,59.85,1.61,6.4282
20200213,Udupi,13.3409,74.7421,25.6,59.81,1.51,6.4488
20200214,Udupi,13.3409,74.7421,25.66,60.09,1.05,6.3055
20200215,Udupi,13.3409,74.7421,26.05,57.96,1.35,6.3228
20200216,Udupi,13.3409,74.7421,25.72,53.35,1.11,6.311
20200217,Udupi,13.3409,74.7421,25.5,52.41,1.47,6.2897
20200218,Udupi,13.3409,74.7421,25.87,51.09,1.18,6.2868
20200219,Udupi,13.3409,74.7421,26.43,56.94,0.61,6.2695
20200220,Udupi,13.3409,74.7421,26.42,60.95,1.03,6.427
20200221,Udupi,13.3409,74.7421,26.13,50.67,1.16,6.4229
20200222,Udupi,13.3409,74.7421,25.83,49.3,1.86,6.7692
20200223,Udupi,13.3409,74.7421,26.45,51.85,1.63,6.1375
20200224,Udupi,13.3409,74.7421,26.58,56.77,1.57,6.4505
20200225,Udupi,13.3409,74.7421,26.5,63.7,1.02,6.1488
20200226,Udupi,13.3409,74.7421,27.33,62.53,1.28,6.0372
20200227,Udupi,13.3409,74.7421,28.07,63.68,1.06,5.6856
20200228,Udupi,13.3409,74.7421,27.96,64.42,1.31,5.6808
20200229,Udupi,13.3409,74.7421,27.03,70.33,1.18,4.8034
20200301,Udupi,13.3409,74.7421,27.09,71.5,1.26,5.8042
20200302,Udupi,13.3409,74.7421,26.88,71.98,1.37,5.8975
20200303,Udupi,13.3409,74.7421,26.6,70.92,1.99,6.1399
20200304,Udupi,13.3409,74.7421,25.9,69.65,2.24,6.563
20200305,Udupi,13.3409,74.7421,25.19,71.55,1.98,6.5462
20200306,Udupi,13.3409,74.7421,25.16,68.81,1.47,6.7414
20200307,Udupi,13.3409,74.7421,25.55,67.13,1.5,6.6204
20200308,Udupi,13.3409,74.7421,26.39,69.79,1.49,6.6242
20200309,Udupi,13.3409,74.7421,26.88,70.22,1.91,6.4339
20200310,Udupi,13.3409,74.7421,27.12,67.9,1.75,6.7082
20200311,Udupi,13.3409,74.7421,26.67,71.43,1.76,6.852
20200312,Udupi,13.3409,74.7421,26.82,69.44,1.68,7.0812
20200313,Udupi,13.3409,74.7421,26.89,67.68,2.26,6.9502
20200314,Udupi,13.3409,74.7421,27.57,62.24,1.89,7.1066
20200315,Udupi,13.3409,74.7421,27.94,59.86,1.55,7.0771
20200316,Udupi,13.3409,74.7421,28.11,62.54,1.26,6.8611
20200317,Udupi,13.3409,74.7421,28.75,59.17,1.48,6.8892
20200318,Udupi,13.3409,74.7421,28.75,61.62,1.4,7.0274
20200319,Udupi,13.3409,74.7421,28.56,61.88,1.58,6.7723
20200320,Udupi,13.3409,74.7421,28.29,60.02,1.75,6.9792
20200321,Udupi,13.3409,74.7421,27.35,56.99,1.94,7.3051
20200322,Udupi,13.3409,74.7421,27.18,60.96,1.41,6.9355
20200323,Udupi,13.3409,74.7421,28.5,61.45,1.43,7.158
20200324,Udupi,13.3409,74.7421,28.36,64.08,1.46,6.781
20200325,Udupi,13.3409,74.7421,28.04,66.66,1.27,6.4788
20200326,Udupi,13.3409,74.7421,29.2,60.71,1.36,6.8218
20200327,Udupi,13.3409,74.7421,28.88,66.14,1.35,6.5234
20200328,Udupi,13.3409,74.7421,28.96,63.97,1.44,7.003
20200329,Udupi,13.3409,74.7421,28.76,63.72,1.41,6.9643
20200330,Udupi,13.3409,74.7421,29.29,63.09,1.39,7.0963
20200331,Udupi,13.3409,74.7421,29.32,61.05,1.32,7.1162
20200401,Udupi,13.3409,74.7421,29.67,60.19,1.32,7.4386
20200402,Udupi,13.3409,74.7421,29.04,66.26,1.69,6.575
20200403,Udupi,13.3409,74.7421,29.39,62.68,1.47,6.4493
20200404,Udupi,13.3409,74.7421,29.52,64.23,1.38,6.9634
20200405,Udupi,13.3409,74.7421,29.07,66.83,1.44,6.731
20200406,Udupi,13.3409,74.7421,28.52,68.84,1.46,6.499
20200407,Udupi,13.3409,74.7421,28.28,68.61,1.41,5.1643
20200408,Udupi,13.3409,74.7421,28.9,62.57,1.53,6.8498
20200409,Udupi,13.3409,74.7421,29.67,55.36,1.83,7.4102
20200410,Udupi,13.3409,74.7421,29.11,60.4,1.64,7.1818
20200411,Udupi,13.3409,74.7421,28.86,63.61,1.22,7.3162
20200412,Udupi,13.3409,74.7421,29.2,64.11,1.07,6.9806
20200413,Udupi,13.3409,74.7421,29.82,60.83,1.34,7.0318
20200414,Udupi,13.3409,74.7421,30.04,57.77,1.25,7.0003
20200415,Udupi,13.3409,74.7421,29.84,58.66,1.24,6.8256
20200416,Udupi,13.3409,74.7421,29.04,65.44,1.62,6.5885
20200417,Udupi,13.3409,74.7421,29.68,62.37,1.52,6.8779
20200418,Udupi,13.3409,74.7421,28.97,68.51,1.54,6.7092
20200419,Udupi,13.3409,74.7421,30.4,63.56,1.39,6.9324
20200420,Udupi,13.3409,74.7421,29.74,67.96,1.49,7.0039
20200421,Udupi,13.3409,74.7421,29.39,70.3,1.42,6.7262
20200422,Udupi,13.3409,74.7421,29.09,69.1,1.47,6.6293
20200423,Udupi,13.3409,74.7421,29.19,68.4,1.69,6.9031
20200424,Udupi,13.3409,74.7421,28.57,70.26,1.69,6.3869
20200425,Udupi,13.3409,74.7421,27.91,75.49,1.64,6.3857
20200426,Udupi,13.3409,74.7421,29.02,70.76,1.38,6.9648
20200427,Udupi,13.3409,74.7421,29.48,64.37,1.93,7.0579
20200428,Udupi,13.3409,74.7421,29.37,66.45,1.94,7.2485
20200429,Udupi,13.3409,74.7421,28.08,70.94,1.66,5.8188
20200430,Udupi,13.3409,74.7421,28.62,68.82,1.41,6.792
20200501,Udupi,13.3409,74.7421,28.48,71.79,1.55,6.3917
20200502,Udupi,13.3409,74.7421,28.98,70.98,1.56,5.9422
20200503,Udupi,13.3409,74.7421,29.12,72.94,1.56,6.5645
20200504,Udupi,13.3409,74.7421,29.59,70.84,1.43,4.8007
20200505,Udupi,13.3409,74.7421,29.73,67.7,1.35,5.9803
20200506,Udupi,13.3409,74.7421,28.9,72.84,1.27,6.5988
20200507,Udupi,13.3409,74.7421,28.21,75.06,1.08,6.007
20200508,Udupi,13.3409,74.7421,28.11,77.18,1.25,4.9476
20200509,Udupi,13.3409,74.7421,29.07,73.02,1.28,6.708
20200510,Udupi,13.3409,74.7421,29.51,69.79,1.38,6.6715
20200511,Udupi,13.3409,74.7421,29.28,70.42,1.19,6.8724
20200512,Udupi,13.3409,74.7421,29.31,72.8,1.06,6.7368
20200513,Udupi,13.3409,74.7421,28.85,73.58,1.34,6.4591
20200514,Udupi,13.3409,74.7421,29.01,73.67,1.61,6.8179
20200515,Udupi,13.3409,74.7421,27.83,81.28,1.31,5.3316
20200516,Udupi,13.3409,74.7421,27.87,80.2,1.51,4.5958
20200517,Udupi,13.3409,74.7421,27.34,83.89,1.86,5.8032
20200518,Udupi,13.3409,74.7421,26.44,87.54,2.36,2.123
20200519,Udupi,13.3409,74.7421,27.28,81.08,2.54,5.6921
20200520,Udupi,13.3409,74.7421,27.89,74.9,1.6,6.161
20200521,Udupi,13.3409,74.7421,27.29,76.74,1.08,6.3434
20200522,Udupi,13.3409,74.7421,27.82,75.57,1.67,7.1263
20200523,Udupi,13.3409,74.7421,28.03,77.39,1.64,6.8112
20200524,Udupi,13.3409,74.7421,27.99,77.31,1.66,6.7841
20200525,Udupi,13.3409,74.7421,27.79,78.07,1.49,6.5494
20200526,Udupi,13.3409,74.7421,27.7,81.3,1.51,6.5028
20200527,Udupi,13.3409,74.7421,27.71,80.37,1.76,6.5196
20200528,Udupi,13.3409,74.7421,26.82,77.39,1.74,6.75
20200529,Udupi,13.3409,74.7421,26.35,81.28,1.68,6.672
20200530,Udupi,13.3409,74.7421,27.22,80.89,1.51,4.8466
20200531,Udupi,13.3409,74.7421,25.76,89.15,2.19,3.1464
20200601,Udupi,13.3409,74.7421,25.88,86.43,2.07,3.9226
20200602,Udupi,13.3409,74.7421,26.17,88.51,3.41,2.6462
20200603,Udupi,13.3409,74.7421,25.81,89.45,3.17,3.067
20200604,Udupi,13.3409,74.7421,25.9,83.4,2.25,3.8683
20200605,Udupi,13.3409,74.7421,26.15,81.83,1.96,5.5901
20200606,Udupi,13.3409,74.7421,25.85,82.37,1.75,6.1265
20200607,Udupi,13.3409,74.7421,26.1,82.42,1.65,4.7688
20200608,Udupi,13.3409,74.7421,25.85,83.54,1.68,6.173
20200609,Udupi,13.3409,74.7421,25.89,83.43,1.51,5.9131
20200610,Udupi,13.3409,74.7421,26.17,86.29,1.97,3.7987
20200611,Udupi,13.3409,74.7421,25.31,88.12,2.5,3.606
20200612,Udupi,13.3409,74.7421,24.77,84.89,3.05,1.9462
20200613,Udupi,13.3409,74.7421,25.49,81.94,2.8,3.2424
20200614,Udupi,13.3409,74.7421,25.66,86.77,2.57,2.3438
20200615,Udupi,13.3409,74.7421,26.2,88.76,2.63,3.6518
20200616,Udupi,13.3409,74.7421,26.41,90.03,2.69,1.3174
20200617,Udupi,13.3409,74.7421,25.6,92.1,2.42,2.2116
20200618,Udupi,13.3409,74.7421,24.88,91.19,1.76,3.0391
20200619,Udupi,13.3409,74.7421,25.31,89.49,1.55,2.6777
20200620,Udupi,13.3409,74.7421,25.39,81.59,1.4,5.5027
20200621,Udupi,13.3409,74.7421,25.28,89.79,1.91,5.4564
20200622,Udupi,13.3409,74.7421,25.19,89.26,2.03,2.6753
20200623,Udupi,13.3409,74.7421,24.97,84.78,1.37,5.3472
20200624,Udupi,13.3409,74.7421,25.18,85.6,1.63,6.3413
20200625,Udupi,13.3409,74.7421,25.12,85.53,1.7,6.5818
20200626,Udupi,13.3409,74.7421,24.6,88.47,1.66,6.0547
20200627,Udupi,13.3409,74.7421,25.36,88.83,2.06,5.2795
20200628,Udupi,13.3409,74.7421,25.58,89.0,2.23,3.3146
20200629,Udupi,13.3409,74.7421,25.48,90.58,2.1,2.4737
20200630,Udupi,13.3409,74.7421,24.63,88.82,2.05,4.2583
20200701,Udupi,13.3409,74.7421,24.84,87.31,1.82,5.142
20200702,Udupi,13.3409,74.7421,24.2,91.13,2.38,3.589
20200703,Udupi,13.3409,74.7421,25.09,89.57,3.0,3.0802
20200704,Udupi,13.3409,74.7421,25.37,89.37,2.95,1.7417
20200705,Udupi,13.3409,74.7421,24.75,90.47,2.25,4.7431
20200706,Udupi,13.3409,74.7421,25.62,87.68,2.83,4.8506
20200707,Udupi,13.3409,74.7421,24.97,89.72,2.84,1.6003
20200708,Udupi,13.3409,74.7421,24.8,89.37,2.01,2.0868
20200709,Udupi,13.3409,74.7421,24.48,91.92,2.19,2.4574
20200710,Udupi,13.3409,74.7421,23.99,90.44,1.9,2.3023
20200711,Udupi,13.3409,74.7421,24.31,87.06,1.5,4.8672
20200712,Udupi,13.3409,74.7421,23.58,89.27,1.6,4.9954
20200713,Udupi,13.3409,74.7421,23.91,90.53,1.81,3.647
20200714,Udupi,13.3409,74.7421,24.42,91.87,2.21,3.2911
20200715,Udupi,13.3409,74.7421,24.04,91.45,2.08,1.8948
20200716,Udupi,13.3409,74.7421,24.55,91.86,2.12,2.9057
20200717,Udupi,13.3409,74.7421,24.46,91.44,2.3,1.1225
20200718,Udupi,13.3409,74.7421,24.51,92.12,2.12,1.6478
20200719,Udupi,13.3409,74.7421,24.2,91.62,1.5,5.4065
20200720,Udupi,13.3409,74.7421,24.35,91.61,1.47,5.418
20200721,Udupi,13.3409,74.7421,25.05,86.51,1.12,5.406
20200722,Udupi,13.3409,74.7421,25.33,88.36,1.15,5.9981
20200723,Udupi,13.3409,74.7421,25.24,90.26,1.07,4.4057
20200724,Udupi,13.3409,74.7421,24.74,88.28,1.59,5.4859
20200725,Udupi,13.3409,74.7421,23.85,90.97,1.88,3.683
20200726,Udupi,13.3409,74.7421,24.02,89.88,2.0,5.2704
20200727,Udupi,13.3409,74.7421,24.42,88.69,1.3,3.8642
20200728,Udupi,13.3409,74.7421,24.7,89.96,1.77,5.399
20200729,Udupi,13.3409,74.7421,24.56,92.03,2.31,3.3118
20200730,Udupi,13.3409,74.7421,24.62,91.66,2.12,3.8023
20200731,Udupi,13.3409,74.7421,24.54,91.86,1.84,3.1754
20200801,Udupi,13.3409,74.7421,24.16,91.72,1.96,3.3624
20200802,Udupi,13.3409,74.7421,24.11,91.3,2.5,1.9699
20200803,Udupi,13.3409,74.7421,24.66,92.86,2.92,3.1106
20200804,Udupi,13.3409,74.7421,24.24,93.3,3.63,1.9999
20200805,Udupi,13.3409,74.7421,24.54,92.75,4.26,1.5264
20200806,Udupi,13.3409,74.7421,25.35,92.89,3.88,4.2691
20200807,Udupi,13.3409,74.7421,25.16,93.61,3.15,3.425
20200808,Udupi,13.3409,74.7421,24.1,92.68,2.71,1.2965
20200809,Udupi,13.3409,74.7421,24.4,93.5,2.28,1.1045
20200810,Udupi,13.3409,74.7421,24.51,94.96,2.36,1.602
20200811,Udupi,13.3409,74.7421,24.38,92.8,2.04,4.2017
20200812,Udupi,13.3409,74.7421,24.43,92.6,2.0,4.8233
20200813,Udupi,13.3409,74.7421,24.44,92.41,1.89,4.0997
20200814,Udupi,13.3409,74.7421,24.42,91.48,2.09,5.3561
20200815,Udupi,13.3409,74.7421,24.59,91.3,2.37,4.4899
20200816,Udupi,13.3409,74.7421,24.63,91.78,2.17,1.0512
20200817,Udupi,13.3409,74.7421,24.81,91.06,2.25,3.6118
20200818,Udupi,13.3409,74.7421,24.73,91.37,2.01,4.741
20200819,Udupi,13.3409,74.7421,24.73,90.62,2.01,4.9289
20200820,Udupi,13.3409,74.7421,24.91,90.64,2.11,4.7928
20200821,Udupi,13.3409,74.7421,24.73,91.75,1.86,3.9521
20200822,Udupi,13.3409,74.7421,24.88,91.23,1.76,4.1822
20200823,Udupi,13.3409,74.7421,24.95,90.21,1.55,5.5654
20200824,Udupi,13.3409,74.7421,25.02,89.56,1.7,5.795
20200825,Udupi,13.3409,74.7421,25.04,87.11,1.61,4.5586
20200826,Udupi,13.3409,74.7421,24.76,86.4,1.52,5.5186
20200827,Udupi,13.3409,74.7421,24.68,86.79,1.64,4.824
20200828,Udupi,13.3409,74.7421,24.49,88.01,1.45,5.5006
20200829,Udupi,13.3409,74.7421,24.93,89.35,1.63,4.2154
20200830,Udupi,13.3409,74.7421,25.04,90.01,1.44,5.4132
20200831,Udupi,13.3409,74.7421,24.87,89.66,1.17,5.6074
20200901,Udupi,13.3409,74.7421,24.92,91.36,1.7,5.0306
20200902,Udupi,13.3409,74.7421,24.95,91.56,1.81,5.003
20200903,Udupi,13.3409,74.7421,24.28,91.14,1.29,5.6774
20200904,Udupi,13.3409,74.7421,24.98,89.43,1.12,6.3972
20200905,Udupi,13.3409,74.7421,25.28,91.86,1.51,5.9688
20200906,Udupi,13.3409,74.7421,25.76,88.42,1.52,6.3271
20200907,Udupi,13.3409,74.7421,25.35,89.16,1.51,4.4698
20200908,Udupi,13.3409,74.7421,25.54,89.12,1.98,5.1278
20200909,Udupi,13.3409,74.7421,25.05,90.87,1.78,4.8713
20200910,Udupi,13.3409,74.7421,24.72,92.65,2.16,3.3146
20200911,Udupi,13.3409,74.7421,24.29,91.28,2.39,1.6649
20200912,Udupi,13.3409,74.7421,23.88,90.35,2.21,1.0368
20200913,Udupi,13.3409,74.7421,23.51,91.44,1.63,2.4478
20200914,Udupi,13.3409,74.7421,23.85,88.6,1.4,4.4712
20200915,Udupi,13.3409,74.7421,24.07,89.74,1.32,3.761
20200916,Udupi,13.3409,74.7421,24.77,89.74,1.76,4.4407
20200917,Udupi,13.3409,74.7421,24.63,91.37,1.61,4.3025
20200918,Udupi,13.3409,74.7421,24.25,91.79,2.31,3.6948
20200919,Udupi,13.3409,74.7421,24.24,93.48,2.28,2.5274
20200920,Udupi,13.3409,74.7421,23.78,92.4,2.8,1.561
20200921,Udupi,13.3409,74.7421,23.25,88.0,3.2,3.181
20200922,Udupi,13.3409,74.7421,23.69,87.13,2.41,3.6365
20200923,Udupi,13.3409,74.7421,24.12,89.53,1.76,5.4739
20200924,Udupi,13.3409,74.7421,23.95,89.6,1.39,4.5636
20200925,Udupi,13.3409,74.7421,24.35,90.15,1.62,4.6764
20200926,Udupi,13.3409,74.7421,23.76,92.39,1.53,2.3165
20200927,Udupi,13.3409,74.7421,24.11,86.12,1.1,5.6573
20200928,Udupi,13.3409,74.7421,24.39,86.52,1.48,5.5541
20200929,Udupi,13.3409,74.7421,24.56,88.92,1.99,5.7797
20200930,Udupi,13.3409,74.7421,24.15,88.51,1.72,5.8627
20201001,Udupi,13.3409,74.7421,23.83,87.19,1.13,6.2539
20201002,Udupi,13.3409,74.7421,24.28,85.65,1.5,5.8709
20201003,Udupi,13.3409,74.7421,23.98,89.47,1.48,5.0647
20201004,Udupi,13.3409,74.7421,23.99,87.9,1.61,3.3566
20201005,Udupi,13.3409,74.7421,23.87,86.61,1.39,5.521
20201006,Udupi,13.3409,74.7421,24.78,88.03,1.64,5.1631
20201007,Udupi,13.3409,74.7421,25.39,88.55,1.64,5.1782
20201008,Udupi,13.3409,74.7421,25.81,86.42,1.15,5.592
20201009,Udupi,13.3409,74.7421,25.26,88.27,1.27,4.5379
20201010,Udupi,13.3409,74.7421,24.24,89.59,1.11,4.5065
20201011,Udupi,13.3409,74.7421,24.15,88.16,1.67,4.2014
20201012,Udupi,13.3409,74.7421,24.01,93.59,2.03,2.8706
20201013,Udupi,13.3409,74.7421,23.75,91.93,2.66,1.3745
20201014,Udupi,13.3409,74.7421,24.38,93.11,2.79,2.5553
20201015,Udupi,13.3409,74.7421,24.2,90.03,2.32,3.2858
20201016,Udupi,13.3409,74.7421,24.36,88.2,1.82,5.0928
20201017,Udupi,13.3409,74.7421,24.29,87.44,1.43,5.7775
20201018,Udupi,13.3409,74.7421,24.36,85.69,0.97,5.6945
20201019,Udupi,13.3409,74.7421,24.37,86.75,1.15,5.6294
20201020,Udupi,13.3409,74.7421,24.33,89.98,1.54,4.0805
20201021,Udupi,13.3409,74.7421,24.1,91.49,1.3,3.8909
20201022,Udupi,13.3409,74.7421,24.09,89.12,1.09,2.999
20201023,Udupi,13.3409,74.7421,24.3,91.47,1.7,3.4068
20201024,Udupi,13.3409,74.7421,24.36,92.05,1.75,3.9624
20201025,Udupi,13.3409,74.7421,24.44,86.26,1.45,4.9632
20201026,Udupi,13.3409,74.7421,25.24,83.53,0.79,5.6993
20201027,Udupi,13.3409,74.7421,25.67,82.42,0.81,4.9039
20201028,Udupi,13.3409,74.7421,25.05,81.79,1.02,5.5706
20201029,Udupi,13.3409,74.7421,24.57,80.04,1.23,5.6136
20201030,Udupi,13.3409,74.7421,25.02,80.58,1.0,5.4058
20201031,Udupi,13.3409,74.7421,25.01,79.88,0.91,5.4586
20201101,Udupi,13.3409,74.7421,25.04,82.67,0.88,4.6375
20201102,Udupi,13.3409,74.7421,25.4,79.79,0.8,4.6363
20201103,Udupi,13.3409,74.7421,25.68,82.26,0.82,4.8665
20201104,Udupi,13.3409,74.7421,25.6,83.99,0.6,3.1466
20201105,Udupi,13.3409,74.7421,24.76,81.97,1.06,5.0772
20201106,Udupi,13.3409,74.7421,26.03,81.66,1.03,4.8768
20201107,Udupi,13.3409,74.7421,25.71,84.56,0.98,5.1847
20201108,Udupi,13.3409,74.7421,26.19,82.61,1.27,5.4965
20201109,Udupi,13.3409,74.7421,25.1,80.58,1.54,5.6287
20201110,Udupi,13.3409,74.7421,23.21,73.28,1.69,6.2203
20201111,Udupi,13.3409,74.7421,22.68,74.56,1.64,5.9772
20201112,Udupi,13.3409,74.7421,25.02,84.44,1.51,5.6731
20201113,Udupi,13.3409,74.7421,26.05,83.01,1.05,5.6664
20201114,Udupi,13.3409,74.7421,25.52,83.12,1.27,5.7072
20201115,Udupi,13.3409,74.7421,25.89,80.97,1.8,5.7384
20201116,Udupi,13.3409,74.7421,26.03,83.5,1.13,4.9884
20201117,Udupi,13.3409,74.7421,25.6,82.92,1.5,5.2248
20201118,Udupi,13.3409,74.7421,25.88,79.41,0.78,4.6658
20201119,Udupi,13.3409,74.7421,25.68,80.51,1.16,4.7371
20201120,Udupi,13.3409,74.7421,25.84,78.8,0.71,5.3741
20201121,Udupi,13.3409,74.7421,24.66,73.57,0.87,5.9304
20201122,Udupi,13.3409,74.7421,23.8,70.81,1.12,5.7622
20201123,Udupi,13.3409,74.7421,23.67,73.06,1.29,4.8941
20201124,Udupi,13.3409,74.7421,24.57,81.36,1.16,5.1722
20201125,Udupi,13.3409,74.7421,25.22,79.59,1.45,5.5109
20201126,Udupi,13.3409,74.7421,24.51,81.45,1.57,4.1806
20201127,Udupi,13.3409,74.7421,23.8,78.99,2.05,5.353
20201128,Udupi,13.3409,74.7421,24.5,78.31,1.44,5.4756
20201129,Udupi,13.3409,74.7421,25.48,76.46,0.93,5.2186
20201130,Udupi,13.3409,74.7421,25.43,77.82,1.22,5.4641
20201201,Udupi,13.3409,74.7421,24.36,75.44,1.62,5.5178
20201202,Udupi,13.3409,74.7421,23.25,74.77,1.43,5.6738
20201203,Udupi,13.3409,74.7421,24.11,78.91,1.54,4.225
20201204,Udupi,13.3409,74.7421,25.21,81.39,1.57,5.0254
20201205,Udupi,13.3409,74.7421,25.2,79.47,1.59,5.328
20201206,Udupi,13.3409,74.7421,25.7,78.31,1.67,5.5346
20201207,Udupi,13.3409,74.7421,25.9,79.43,1.51,4.5607
20201208,Udupi,13.3409,74.7421,25.7,81.57,1.41,5.0134
20201209,Udupi,13.3409,74.7421,25.57,81.0,1.21,5.3578
20201210,Udupi,13.3409,74.7421,24.37,78.08,1.28,5.005
20201211,Udupi,13.3409,74.7421,24.63,76.81,0.8,4.6709
20201212,Udupi,13.3409,74.7421,24.68,72.45,0.84,4.3783
20201213,Udupi,13.3409,74.7421,24.46,76.54,0.65,5.0714
20201214,Udupi,13.3409,74.7421,24.76,76.15,0.61,5.2022
20201215,Udupi,13.3409,74.7421,24.33,73.55,0.83,5.2596
20201216,Udupi,13.3409,74.7421,24.13,76.13,1.28,5.2673
20201217,Udupi,13.3409,74.7421,25.02,76.01,1.36,4.9992
20201218,Udupi,13.3409,74.7421,24.65,74.43,1.48,4.4722
20201219,Udupi,13.3409,74.7421,24.13,76.29,1.69,5.2958
20201220,Udupi,13.3409,74.7421,23.64,74.35,2.09,4.9958
20201221,Udupi,13.3409,74.7421,22.49,69.61,1.65,5.2138
20201222,Udupi,13.3409,74.7421,23.26,68.66,1.07,5.429
20201223,Udupi,13.3409,74.7421,24.52,71.54,0.75,5.2423
20201224,Udupi,13.3409,74.7421,25.38,77.44,0.84,5.0117
20201225,Udupi,13.3409,74.7421,25.33,78.22,0.81,4.6836
20201226,Udupi,13.3409,74.7421,24.49,74.12,1.02,5.017
20201227,Udupi,13.3409,74.7421,23.11,72.95,1.24,5.4722
20201228,Udupi,13.3409,74.7421,23.13,72.19,1.1,5.2802
20201229,Udupi,13.3409,74.7421,23.29,71.05,1.11,5.0563
20201230,Udupi,13.3409,74.7421,24.85,77.53,1.14,4.8566
20201231,Udupi,13.3409,74.7421,25.66,75.6,1.1,5.0174
20210101,Udupi,13.3409,74.7421,23.19,75.11,1.67,5.01
20210102,Udupi,13.3409,74.7421,23.08,74.0,1.53,5.3112
20210103,Udupi,13.3409,74.7421,25.21,76.46,1.25,5.3844
20210104,Udupi,13.3409,74.7421,25.33,77.58,0.67,4.1189
20210105,Udupi,13.3409,74.7421,23.85,82.69,1.13,5.305
20210106,Udupi,13.3409,74.7421,24.8,83.01,1.35,4.5168
20210107,Udupi,13.3409,74.7421,24.6,87.44,1.03,5.0278
20210108,Udupi,13.3409,74.7421,23.93,88.46,1.07,3.3504
20210109,Udupi,13.3409,74.7421,24.82,83.27,0.95,4.4962
20210110,Udupi,13.3409,74.7421,25.27,80.69,0.71,5.3299
20210111,Udupi,13.3409,74.7421,25.47,74.69,0.76,4.1198
20210112,Udupi,13.3409,74.7421,24.85,71.3,1.34,4.4453
20210113,Udupi,13.3409,74.7421,24.03,72.33,1.81,5.3856
20210114,Udupi,13.3409,74.7421,24.6,73.23,1.31,5.4353
20210115,Udupi,13.3409,74.7421,25.59,72.01,0.9,3.6067
20210116,Udupi,13.3409,74.7421,25.55,74.97,0.67,4.9061
20210117,Udupi,13.3409,74.7421,25.6,76.33,0.46,5.2567
20210118,Udupi,13.3409,74.7421,25.41,71.44,0.76,5.7271
20210119,Udupi,13.3409,74.7421,24.67,71.82,0.94,5.6148
20210120,Udupi,13.3409,74.7421,24.41,67.4,0.84,5.9719
20210121,Udupi,13.3409,74.7421,23.93,66.2,1.31,5.9453
20210122,Udupi,13.3409,74.7421,24.02,70.52,1.24,5.6162
20210123,Udupi,13.3409,74.7421,24.57,74.09,1.03,5.4024
20210124,Udupi,13.3409,74.7421,24.56,68.49,0.95,5.5853
20210125,Udupi,13.3409,74.7421,23.96,63.93,1.08,6.1438
20210126,Udupi,13.3409,74.7421,23.46,62.05,0.96,6.3077
20210127,Udupi,13.3409,74.7421,23.54,62.78,0.9,5.922
20210128,Udupi,13.3409,74.7421,23.37,66.15,1.03,5.9676
20210129,Udupi,13.3409,74.7421,23.36,70.81,1.38,5.6726
20210130,Udupi,13.3409,74.7421,23.98,71.2,1.21,5.8706
20210131,Udupi,13.3409,74.7421,24.36,69.63,1.11,5.4821
20210201,Udupi,13.3409,74.7421,23.41,63.35,1.97,5.9974
20210202,Udupi,13.3409,74.7421,23.21,65.83,1.86,6.2645
20210203,Udupi,13.3409,74.7421,24.07,69.91,1.29,5.5606
20210204,Udupi,13.3409,74.7421,24.87,71.69,0.91,5.7902
20210205,Udupi,13.3409,74.7421,24.15,73.91,1.03,5.9066
20210206,Udupi,13.3409,74.7421,24.08,68.35,1.01,6.3029
20210207,Udupi,13.3409,74.7421,23.5,58.73,1.71,6.4246
20210208,Udupi,13.3409,74.7421,22.79,59.85,1.95,6.5758
20210209,Udupi,13.3409,74.7421,23.1,59.37,1.54,6.4296
20210210,Udupi,13.3409,74.7421,23.2,57.29,1.18,6.624
20210211,Udupi,13.3409,74.7421,23.34,56.05,1.02,6.4308
20210212,Udupi,13.3409,74.7421,24.45,58.23,0.89,6.3317
20210213,Udupi,13.3409,74.7421,24.34,65.98,1.22,6.433
20210214,Udupi,13.3409,74.7421,24.51,65.31,1.03,6.1975
20210215,Udupi,13.3409,74.7421,24.61,69.06,1.08,6.2285
20210216,Udupi,13.3409,74.7421,24.65,71.92,1.38,6.0785
20210217,Udupi,13.3409,74.7421,25.26,74.18,1.69,5.8963
20210218,Udupi,13.3409,74.7421,25.22,73.56,1.36,5.4792
20210219,Udupi,13.3409,74.7421,22.6,74.27,1.75,5.233
20210220,Udupi,13.3409,74.7421,24.08,66.36,2.0,5.9342
20210221,Udupi,13.3409,74.7421,24.61,67.47,1.83,5.1446
20210222,Udupi,13.3409,74.7421,25.74,61.52,1.06,5.5478
20210223,Udupi,13.3409,74.7421,26.05,65.81,1.21,6.0643
20210224,Udupi,13.3409,74.7421,26.24,63.64,1.24,6.6346
20210225,Udupi,13.3409,74.7421,26.39,68.05,1.28,6.4392
20210226,Udupi,13.3409,74.7421,26.22,71.29,1.77,6.4685
20210227,Udupi,13.3409,74.7421,26.58,67.08,1.45,6.3653
20210228,Udupi,13.3409,74.7421,26.82,64.53,1.35,6.1015
20210301,Udupi,13.3409,74.7421,26.98,63.44,0.97,6.313
20210302,Udupi,13.3409,74.7421,26.67,63.76,0.87,6.2635
20210303,Udupi,13.3409,74.7421,26.74,57.47,0.96,6.5052
20210304,Udupi,13.3409,74.7421,26.55,53.83,1.22,6.7807
20210305,Udupi,13.3409,74.7421,26.58,57.92,1.0,6.9605
20210306,Udupi,13.3409,74.7421,26.73,67.85,1.4,7.0471
20210307,Udupi,13.3409,74.7421,27.21,59.78,1.04,6.8551
20210308,Udupi,13.3409,74.7421,26.93,58.71,1.33,6.8364
20210309,Udupi,13.3409,74.7421,27.23,54.45,1.14,6.8621
20210310,Udupi,13.3409,74.7421,26.74,62.47,1.11,6.9667
20210311,Udupi,13.3409,74.7421,25.99,68.87,1.06,6.3574
20210312,Udupi,13.3409,74.7421,27.12,66.57,0.86,6.3638
20210313,Udupi,13.3409,74.7421,27.17,57.23,1.01,6.942
20210314,Udupi,13.3409,74.7421,26.92,57.19,1.37,7.1378
20210315,Udupi,13.3409,74.7421,27.48,64.8,1.16,7.0195
20210316,Udupi,13.3409,74.7421,27.49,60.08,1.34,6.4678
20210317,Udupi,13.3409,74.7421,27.69,56.9,1.22,6.4056
20210318,Udupi,13.3409,74.7421,27.63,63.41,1.27,6.0482
20210319,Udupi,13.3409,74.7421,28.02,63.46,1.27,6.3982
20210320,Udupi,13.3409,74.7421,27.81,61.96,1.38,6.4157
20210321,Udupi,13.3409,74.7421,27.82,66.4,1.23,6.4054
20210322,Udupi,13.3409,74.7421,28.3,63.19,1.27,6.522
20210323,Udupi,13.3409,74.7421,28.68,64.49,1.02,6.7622
20210324,Udupi,13.3409,74.7421,28.3,64.88,1.09,6.4867
20210325,Udupi,13.3409,74.7421,27.92,69.11,0.98,6.2491
20210326,Udupi,13.3409,74.7421,29.48,59.98,0.8,6.606
20210327,Udupi,13.3409,74.7421,29.2,62.73,1.24,6.4034
20210328,Udupi,13.3409,74.7421,28.98,65.62,1.15,5.7958
20210329,Udupi,13.3409,74.7421,29.16,63.39,1.27,5.8558
20210330,Udupi,13.3409,74.7421,28.17,70.51,1.69,5.8838
20210331,Udupi,13.3409,74.7421,28.44,69.39,1.67,6.0242
20210401,Udupi,13.3409,74.7421,27.96,64.83,2.01,7.4369
20210402,Udupi,13.3409,74.7421,27.43,64.72,1.76,6.8736
20210403,Udupi,13.3409,74.7421,26.61,67.81,1.8,6.6062
20210404,Udupi,13.3409,74.7421,27.43,63.79,1.94,6.9854
20210405,Udupi,13.3409,74.7421,28.83,63.45,2.01,6.7361
20210406,Udupi,13.3409,74.7421,29.29,60.86,1.33,6.2501
20210407,Udupi,13.3409,74.7421,29.42,62.66,1.39,6.3722
20210408,Udupi,13.3409,74.7421,28.98,62.51,1.49,5.6165
20210409,Udupi,13.3409,74.7421,29.11,61.35,1.33,6.7116
20210410,Udupi,13.3409,74.7421,29.25,62.98,1.16,6.3065
20210411,Udupi,13.3409,74.7421,28.59,66.92,1.19,6.4229
20210412,Udupi,13.3409,74.7421,28.05,72.94,1.12,6.7565
20210413,Udupi,13.3409,74.7421,27.75,74.61,1.14,5.8716
20210414,Udupi,13.3409,74.7421,27.36,74.78,0.92,6.5131
20210415,Udupi,13.3409,74.7421,27.32,73.81,1.26,6.3684
20210416,Udupi,13.3409,74.7421,27.47,74.22,1.28,6.7654
20210417,Udupi,13.3409,74.7421,27.85,74.28,1.16,6.5028
20210418,Udupi,13.3409,74.7421,27.96,73.28,1.2,6.2419
20210419,Udupi,13.3409,74.7421,27.07,77.13,1.15,6.5131
20210420,Udupi,13.3409,74.7421,27.39,74.49,1.14,6.1673
20210421,Udupi,13.3409,74.7421,27.43,73.48,1.22,5.2562
20210422,Udupi,13.3409,74.7421,27.27,75.52,1.29,6.2707
20210423,Udupi,13.3409,74.7421,26.84,77.59,1.04,6.2117
20210424,Udupi,13.3409,74.7421,27.98,72.53,1.24,6.7186
20210425,Udupi,13.3409,74.7421,28.31,72.52,1.09,6.6734
20210426,Udupi,13.3409,74.7421,29.13,68.84,1.27,6.6775
20210427,Udupi,13.3409,74.7421,28.2,72.83,1.1,6.486
20210428,Udupi,13.3409,74.7421,28.27,73.24,1.1,7.0656
20210429,Udupi,13.3409,74.7421,28.67,70.66,1.38,6.7721
20210430,Udupi,13.3409,74.7421,29.21,67.22,1.17,7.2353
20210501,Udupi,13.3409,74.7421,29.09,71.61,1.17,6.7421
20210502,Udupi,13.3409,74.7421,28.11,75.85,0.85,6.7682
20210503,Udupi,13.3409,74.7421,28.69,72.52,1.18,6.4834
20210504,Udupi,13.3409,74.7421,27.66,79.04,0.98,5.4444
20210505,Udupi,13.3409,74.7421,28.21,79.42,1.03,6.5311
20210506,Udupi,13.3409,74.7421,27.84,81.62,1.1,6.0869
20210507,Udupi,13.3409,74.7421,28.25,77.19,0.78,3.8566
20210508,Udupi,13.3409,74.7421,28.28,77.15,0.92,6.2904
20210509,Udupi,13.3409,74.7421,27.35,82.41,0.94,4.4498
20210510,Udupi,13.3409,74.7421,27.6,81.85,1.12,5.7713
20210511,Udupi,13.3409,74.7421,27.57,84.45,1.14,4.5842
20210512,Udupi,13.3409,74.7421,27.26,84.73,1.28,5.1674
20210513,Udupi,13.3409,74.7421,27.07,84.74,1.38,6.2201
20210514,Udupi,13.3409,74.7421,26.82,80.82,2.83,5.0124
20210515,Udupi,13.3409,74.7421,25.55,88.81,4.83,1.8223
20210516,Udupi,13.3409,74.7421,26.49,87.12,4.12,3.6449
20210517,Udupi,13.3409,74.7421,26.17,89.04,2.66,4.5252
20210518,Udupi,13.3409,74.7421,26.29,89.67,2.38,3.1886
20210519,Udupi,13.3409,74.7421,26.16,88.67,1.83,5.2181
20210520,Udupi,13.3409,74.7421,25.74,86.66,1.65,3.7742
20210521,Udupi,13.3409,74.7421,25.53,85.24,1.52,5.6782
20210522,Udupi,13.3409,74.7421,25.4,86.05,1.18,5.149
20210523,Udupi,13.3409,74.7421,25.82,82.86,1.33,6.4123
20210524,Udupi,13.3409,74.7421,26.1,83.54,1.57,6.2719
20210525,Udupi,13.3409,74.7421,25.65,88.39,1.98,4.5574
20210526,Udupi,13.3409,74.7421,25.61,86.18,2.63,6.3312
20210527,Udupi,13.3409,74.7421,26.11,81.97,2.18,6.9091
20210528,Udupi,13.3409,74.7421,25.89,86.23,1.47,5.4197
20210529,Udupi,13.3409,74.7421,26.09,83.91,1.72,4.1395
20210530,Udupi,13.3409,74.7421,25.52,84.14,1.65,4.4402
20210531,Udupi,13.3409,74.7421,25.88,87.96,2.03,5.843
20210601,Udupi,13.3409,74.7421,26.47,89.02,1.72,4.709
20210602,Udupi,13.3409,74.7421,25.89,88.25,1.12,6.211
20210603,Udupi,13.3409,74.7421,26.69,86.01,1.11,5.5661
20210604,Udupi,13.3409,74.7421,25.94,88.81,1.17,1.9378
20210605,Udupi,13.3409,74.7421,25.32,82.83,1.61,3.4879
20210606,Udupi,13.3409,74.7421,25.44,80.67,1.2,6.2563
20210607,Udupi,13.3409,74.7421,25.45,83.38,1.23,7.0058
20210608,Udupi,13.3409,74.7421,25.73,85.18,1.69,4.6997
20210609,Udupi,13.3409,74.7421,26.06,86.12,2.23,3.9374
20210610,Udupi,13.3409,74.7421,25.68,86.2,2.3,3.6396
20210611,Udupi,13.3409,74.7421,25.88,86.17,2.03,5.6808
20210612,Udupi,13.3409,74.7421,24.56,85.26,1.95,1.9831
20210613,Udupi,13.3409,74.7421,24.66,84.99,2.24,2.5022
20210614,Udupi,13.3409,74.7421,25.23,89.51,3.47,1.0438
20210615,Udupi,13.3409,74.7421,25.26,89.82,2.79,2.4778
20210616,Udupi,13.3409,74.7421,25.62,91.1,2.89,3.2861
20210617,Udupi,13.3409,74.7421,25.95,88.73,2.93,3.7721
20210618,Udupi,13.3409,74.7421,25.46,88.27,2.83,4.4479
20210619,Udupi,13.3409,74.7421,25.56,89.14,2.68,2.6083
20210620,Udupi,13.3409,74.7421,25.21,90.21,2.07,3.3629
20210621,Udupi,13.3409,74.7421,25.27,90.11,1.86,3.8856
20210622,Udupi,13.3409,74.7421,25.41,89.14,1.9,5.1305
20210623,Udupi,13.3409,74.7421,25.51,87.65,1.88,5.9654
20210624,Udupi,13.3409,74.7421,25.41,86.93,2.0,6.1843
20210625,Udupi,13.3409,74.7421,25.16,87.12,1.91,6.065
20210626,Udupi,13.3409,74.7421,25.18,87.6,2.09,2.6436
20210627,Udupi,13.3409,74.7421,23.72,83.63,1.33,3.7613
20210628,Udupi,13.3409,74.7421,23.82,84.18,1.31,5.0309
20210629,Udupi,13.3409,74.7421,25.25,84.38,1.32,6.835
20210630,Udupi,13.3409,74.7421,25.69,84.82,1.36,6.7558
20210701,Udupi,13.3409,74.7421,25.7,89.23,1.88,4.6042
20210702,Udupi,13.3409,74.7421,25.22,89.57,1.5,4.4414
20210703,Udupi,13.3409,74.7421,25.05,89.34,1.47,3.0353
20210704,Udupi,13.3409,74.7421,24.94,89.34,1.5,5.5819
20210705,Udupi,13.3409,74.7421,24.43,85.79,1.68,3.6053
20210706,Udupi,13.3409,74.7421,25.32,87.31,1.99,6.2582
20210707,Udupi,13.3409,74.7421,24.93,92.13,2.34,4.842
20210708,Udupi,13.3409,74.7421,24.91,88.9,1.68,4.2912
20210709,Udupi,13.3409,74.7421,23.92,92.2,2.17,3.834
20210710,Udupi,13.3409,74.7421,23.36,88.08,2.09,2.4634
20210711,Udupi,13.3409,74.7421,23.56,90.55,2.37,2.1706
20210712,Udupi,13.3409,74.7421,24.54,90.35,2.57,3.3118
20210713,Udupi,13.3409,74.7421,24.83,91.62,2.82,2.755
20210714,Udupi,13.3409,74.7421,24.7,92.06,2.8,3.121
20210715,Udupi,13.3409,74.7421,24.66,93.29,2.92,1.5569
20210716,Udupi,13.3409,74.7421,24.71,92.17,2.62,3.511
20210717,Udupi,13.3409,74.7421,24.79,91.51,2.6,2.4086
20210718,Udupi,13.3409,74.7421,24.55,94.06,2.88,1.2821
20210719,Udupi,13.3409,74.7421,24.63,92.37,2.47,3.751
20210720,Udupi,13.3409,74.7421,24.54,91.3,2.67,4.5701
20210721,Udupi,13.3409,74.7421,24.7,92.31,2.64,2.9942
20210722,Udupi,13.3409,74.7421,23.94,94.24,2.95,1.4172
20210723,Udupi,13.3409,74.7421,24.54,92.95,2.84,2.989
20210724,Udupi,13.3409,74.7421,24.83,93.32,2.53,4.399
20210725,Udupi,13.3409,74.7421,24.62,93.8,2.65,6.3103
20210726,Udupi,13.3409,74.7421,24.58,91.7,2.17,4.1201
20210727,Udupi,13.3409,74.7421,24.72,90.92,2.23,5.8135
20210728,Udupi,13.3409,74.7421,24.76,89.48,2.32,5.7912
20210729,Udupi,13.3409,74.7421,24.76,89.74,2.51,5.4226
20210730,Udupi,13.3409,74.7421,24.8,90.41,2.48,5.778
20210731,Udupi,13.3409,74.7421,24.78,90.35,2.44,5.5217
20210801,Udupi,13.3409,74.7421,24.55,89.45,2.26,5.8258
20210802,Udupi,13.3409,74.7421,24.6,87.8,2.32,6.0122
20210803,Udupi,13.3409,74.7421,24.74,90.06,2.24,4.2485
20210804,Udupi,13.3409,74.7421,24.75,91.0,2.43,4.1638
20210805,Udupi,13.3409,74.7421,24.99,90.34,2.66,3.619
20210806,Udupi,13.3409,74.7421,25.04,90.39,2.45,4.6687
20210807,Udupi,13.3409,74.7421,25.25,91.24,2.56,3.5455
20210808,Udupi,13.3409,74.7421,24.87,90.76,1.67,5.3208
20210809,Udupi,13.3409,74.7421,24.76,91.78,1.64,5.1511
20210810,Udupi,13.3409,74.7421,24.27,92.91,1.69,4.206
20210811,Udupi,13.3409,74.7421,24.53,91.06,1.76,3.7589
20210812,Udupi,13.3409,74.7421,24.21,92.89,1.75,3.4949
20210813,Udupi,13.3409,74.7421,24.66,90.7,2.2,4.3541
20210814,Udupi,13.3409,74.7421,24.38,90.4,2.05,4.397
20210815,Udupi,13.3409,74.7421,24.52,90.17,2.0,4.7645
20210816,Udupi,13.3409,74.7421,24.57,91.01,1.76,5.021
20210817,Udupi,13.3409,74.7421,24.61,88.96,1.34,3.9444
20210818,Udupi,13.3409,74.7421,23.43,89.51,1.63,4.2132
20210819,Udupi,13.3409,74.7421,23.52,85.77,1.54,3.906
20210820,Udupi,13.3409,74.7421,23.99,85.73,1.18,4.0596
20210821,Udupi,13.3409,74.7421,23.95,83.26,0.8,5.5721
20210822,Udupi,13.3409,74.7421,24.46,82.53,1.04,6.5988
20210823,Udupi,13.3409,74.7421,24.59,86.87,1.09,6.505
20210824,Udupi,13.3409,74.7421,24.47,86.11,1.29,6.5753
20210825,Udupi,13.3409,74.7421,24.58,90.23,1.49,6.1092
20210826,Udupi,13.3409,74.7421,24.95,88.69,1.45,3.005
20210827,Udupi,13.3409,74.7421,24.87,91.0,1.94,4.4064
20210828,Udupi,13.3409,74.7421,24.24,92.08,1.79,2.8682
20210829,Udupi,13.3409,74.7421,23.74,91.52,1.43,2.6935
20210830,Udupi,13.3409,74.7421,24.16,89.52,1.6,3.0518
20210831,Udupi,13.3409,74.7421,24.31,88.88,1.14,5.3064
20210901,Udupi,13.3409,74.7421,24.92,88.65,1.84,4.0181
20210902,Udupi,13.3409,74.7421,24.93,89.78,1.75,4.7844
20210903,Udupi,13.3409,74.7421,24.33,90.99,1.62,4.2094
20210904,Udupi,13.3409,74.7421,24.46,91.1,1.92,2.4814
20210905,Udupi,13.3409,74.7421,24.42,91.5,2.15,3.7061
20210906,Udupi,13.3409,74.7421,23.96,92.26,1.81,2.843
20210907,Udupi,13.3409,74.7421,24.34,92.11,2.12,2.3842
20210908,Udupi,13.3409,74.7421,24.59,91.06,2.53,3.9341
20210909,Udupi,13.3409,74.7421,24.59,90.51,2.06,5.6902
20210910,Udupi,13.3409,74.7421,24.45,90.12,2.01,5.795
20210911,Udupi,13.3409,74.7421,24.67,90.36,2.14,4.8365
20210912,Udupi,13.3409,74.7421,24.79,91.9,2.69,4.4189
20210913,Udupi,13.3409,74.7421,24.75,92.53,2.76,3.0338
20210914,Udupi,13.3409,74.7421,24.75,91.62,2.12,3.942
20210915,Udupi,13.3409,74.7421,24.74,90.64,1.81,5.0083
20210916,Udupi,13.3409,74.7421,24.83,89.17,1.88,5.4547
20210917,Udupi,13.3409,74.7421,24.71,88.37,1.29,5.9436
20210918,Udupi,13.3409,74.7421,25.01,85.85,1.14,5.7389
20210919,Udupi,13.3409,74.7421,25.17,85.57,1.3,6.3655
20210920,Udupi,13.3409,74.7421,25.21,87.77,1.53,5.7586
20210921,Udupi,13.3409,74.7421,24.71,89.75,1.58,5.071
20210922,Udupi,13.3409,74.7421,24.73,89.91,1.83,4.9459
20210923,Udupi,13.3409,74.7421,24.82,90.35,1.65,4.1045
20210924,Udupi,13.3409,74.7421,24.98,88.84,1.61,5.5999
20210925,Udupi,13.3409,74.7421,24.91,88.17,1.38,6.3595
20210926,Udupi,13.3409,74.7421,24.63,87.77,1.42,5.231
20210927,Udupi,13.3409,74.7421,24.5,89.14,1.84,4.3006
20210928,Udupi,13.3409,74.7421,24.62,89.44,2.14,4.2362
20210929,Udupi,13.3409,74.7421,24.3,89.82,1.45,5.4497
20210930,Udupi,13.3409,74.7421,25.08,88.52,1.29,5.6556
20211001,Udupi,13.3409,74.7421,25.45,87.66,1.34,6.3427
20211002,Udupi,13.3409,74.7421,25.61,90.75,1.55,6.4342
20211003,Udupi,13.3409,74.7421,26.0,88.47,0.91,5.8793
20211004,Udupi,13.3409,74.7421,26.13,87.57,1.12,5.3892
20211005,Udupi,13.3409,74.7421,26.04,86.85,0.82,5.5001
20211006,Udupi,13.3409,74.7421,25.04,91.0,1.57,1.7868
20211007,Udupi,13.3409,74.7421,24.97,86.86,1.22,5.9774
20211008,Udupi,13.3409,74.7421,25.2,89.93,1.35,4.967
20211009,Udupi,13.3409,74.7421,25.4,89.69,1.28,3.913
20211010,Udupi,13.3409,74.7421,24.8,89.86,1.22,5.1336
20211011,Udupi,13.3409,74.7421,24.89,86.85,1.14,4.7405
20211012,Udupi,13.3409,74.7421,24.69,89.32,1.66,4.2142
20211013,Udupi,13.3409,74.7421,24.89,89.54,1.81,3.3017
20211014,Udupi,13.3409,74.7421,25.46,88.78,1.42,4.6375
20211015,Udupi,13.3409,74.7421,25.27,91.85,0.74,4.4798
20211016,Udupi,13.3409,74.7421,25.66,89.39,1.22,4.9966
20211017,Udupi,13.3409,74.7421,24.93,91.53,1.29,1.657
20211018,Udupi,13.3409,74.7421,24.96,88.12,1.48,4.4054
20211019,Udupi,13.3409,74.7421,24.83,83.76,1.49,5.7614
20211020,Udupi,13.3409,74.7421,25.25,86.2,1.48,5.6107
20211021,Udupi,13.3409,74.7421,25.07,90.63,0.95,2.7034
20211022,Udupi,13.3409,74.7421,25.76,87.28,0.82,5.5925
20211023,Udupi,13.3409,74.7421,24.67,91.77,1.17,1.8166
20211024,Udupi,13.3409,74.7421,24.4,85.86,1.09,4.8869
20211025,Udupi,13.3409,74.7421,25.04,85.72,1.26,5.2951
20211026,Udupi,13.3409,74.7421,25.28,84.8,1.02,2.8608
20211027,Udupi,13.3409,74.7421,25.56,79.81,0.89,5.3849
20211028,Udupi,13.3409,74.7421,25.38,78.05,0.84,5.5433
20211029,Udupi,13.3409,74.7421,24.86,83.25,1.1,5.3719
20211030,Udupi,13.3409,74.7421,26.07,83.35,0.82,4.8686
20211031,Udupi,13.3409,74.7421,25.85,84.11,0.69,5.3275
20211101,Udupi,13.3409,74.7421,25.97,83.26,0.75,5.6537
20211102,Udupi,13.3409,74.7421,25.64,83.58,0.9,5.2433
20211103,Udupi,13.3409,74.7421,25.15,86.47,1.12,4.0627
20211104,Udupi,13.3409,74.7421,25.09,87.44,0.7,4.733
20211105,Udupi,13.3409,74.7421,24.5,92.55,1.48,3.0936
20211106,Udupi,13.3409,74.7421,24.97,85.04,1.28,5.0695
20211107,Udupi,13.3409,74.7421,24.68,83.47,0.91,5.1418
20211108,Udupi,13.3409,74.7421,24.22,80.0,0.65,4.5792
20211109,Udupi,13.3409,74.7421,24.86,81.34,0.69,4.8199
20211110,Udupi,13.3409,74.7421,24.68,81.37,0.43,4.1004
20211111,Udupi,13.3409,74.7421,23.74,77.84,1.07,3.4481
20211112,Udupi,13.3409,74.7421,22.4,89.27,1.3,3.0197
20211113,Udupi,13.3409,74.7421,24.58,88.49,1.28,3.5448
20211114,Udupi,13.3409,74.7421,25.36,88.56,0.9,2.4631
20211115,Udupi,13.3409,74.7421,24.77,94.15,2.76,3.8774
20211116,Udupi,13.3409,74.7421,24.23,92.78,1.32,3.5338
20211117,Udupi,13.3409,74.7421,24.88,90.06,1.9,5.1679
20211118,Udupi,13.3409,74.7421,25.38,84.6,0.52,3.8575
20211119,Udupi,13.3409,74.7421,24.12,89.23,1.39,2.4036
20211120,Udupi,13.3409,74.7421,24.51,93.97,2.21,2.735
20211121,Udupi,13.3409,74.7421,24.2,91.19,1.36,4.2156
20211122,Udupi,13.3409,74.7421,25.1,86.02,0.83,4.1935
20211123,Udupi,13.3409,74.7421,25.61,87.09,1.01,5.3316
20211124,Udupi,13.3409,74.7421,25.95,84.42,0.71,4.979
20211125,Udupi,13.3409,74.7421,25.6,83.31,1.0,5.0158
20211126,Udupi,13.3409,74.7421,25.28,81.86,1.05,4.8274
20211127,Udupi,13.3409,74.7421,24.96,82.64,1.06,5.1326
20211128,Udupi,13.3409,74.7421,24.17,79.43,1.93,3.949
20211129,Udupi,13.3409,74.7421,24.58,79.89,1.32,4.5816
20211130,Udupi,13.3409,74.7421,24.77,84.29,1.27,4.1136
20211201,Udupi,13.3409,74.7421,24.9,85.76,1.32,5.37
20211202,Udupi,13.3409,74.7421,25.15,86.22,1.25,4.2888
20211203,Udupi,13.3409,74.7421,25.08,82.52,0.85,5.2032
20211204,Udupi,13.3409,74.7421,25.06,81.14,0.67,5.0537
20211205,Udupi,13.3409,74.7421,24.88,82.02,1.02,5.3546
20211206,Udupi,13.3409,74.7421,24.02,82.16,1.52,5.5426
20211207,Udupi,13.3409,74.7421,23.93,78.16,1.16,5.4694
20211208,Udupi,13.3409,74.7421,24.58,76.26,0.92,5.4218
20211209,Udupi,13.3409,74.7421,24.88,80.09,1.02,5.4302
20211210,Udupi,13.3409,74.7421,24.79,80.24,1.24,4.9973
20211211,Udupi,13.3409,74.7421,24.73,79.9,1.23,5.5378
20211212,Udupi,13.3409,74.7421,25.02,79.01,1.3,5.3412
20211213,Udupi,13.3409,74.7421,24.77,80.11,1.55,5.3038
20211214,Udupi,13.3409,74.7421,24.8,79.32,1.16,4.8595
20211215,Udupi,13.3409,74.7421,23.54,81.02,1.57,4.2521
20211216,Udupi,13.3409,74.7421,24.22,77.29,1.36,5.0518
20211217,Udupi,13.3409,74.7421,24.0,77.61,1.24,4.9382
20211218,Udupi,13.3409,74.7421,22.69,76.28,1.7,5.0844
20211219,Udupi,13.3409,74.7421,21.82,72.38,1.83,5.4211
20211220,Udupi,13.3409,74.7421,21.76,71.67,1.38,5.6434
20211221,Udupi,13.3409,74.7421,22.15,77.02,1.27,5.3405
20211222,Udupi,13.3409,74.7421,23.35,76.56,0.79,5.2397
20211223,Udupi,13.3409,74.7421,23.57,78.75,0.88,4.919
20211224,Udupi,13.3409,74.7421,23.41,78.88,0.85,4.8737
20211225,Udupi,13.3409,74.7421,23.92,76.58,1.05,5.1509
20211226,Udupi,13.3409,74.7421,23.46,75.34,0.87,5.1979
20211227,Udupi,13.3409,74.7421,23.47,74.42,0.92,5.0198
20211228,Udupi,13.3409,74.7421,23.59,71.04,0.91,5.3215
20211229,Udupi,13.3409,74.7421,23.64,71.74,0.8,5.2123
20211230,Udupi,13.3409,74.7421,23.58,74.72,1.32,5.6424
20211231,Udupi,13.3409,74.7421,24.49,78.23,1.66,5.4218
20220101,Udupi,13.3409,74.7421,25.04,77.07,1.46,5.3066
20220102,Udupi,13.3409,74.7421,25.07,74.18,1.27,5.6791
20220103,Udupi,13.3409,74.7421,24.22,74.05,1.22,5.6095
20220104,Udupi,13.3409,74.7421,23.49,73.31,1.32,5.4955
20220105,Udupi,13.3409,74.7421,23.32,74.88,0.92,5.2476
20220106,Udupi,13.3409,74.7421,23.73,71.41,1.0,5.4698
20220107,Udupi,13.3409,74.7421,23.81,76.94,0.86,5.0854
20220108,Udupi,13.3409,74.7421,23.92,78.98,1.16,5.459
20220109,Udupi,13.3409,74.7421,23.46,80.43,1.32,5.1804
20220110,Udupi,13.3409,74.7421,23.33,79.97,1.28,5.3138
20220111,Udupi,13.3409,74.7421,23.22,79.79,1.58,5.4562
20220112,Udupi,13.3409,74.7421,22.3,80.68,1.42,5.5872
20220113,Udupi,13.3409,74.7421,21.92,78.36,1.11,5.8222
20220114,Udupi,13.3409,74.7421,22.52,76.2,1.17,5.7823
20220115,Udupi,13.3409,74.7421,22.86,76.9,1.25,5.9585
20220116,Udupi,13.3409,74.7421,24.09,74.84,1.01,5.5034
20220117,Udupi,13.3409,74.7421,24.63,76.05,0.88,5.2622
20220118,Udupi,13.3409,74.7421,24.22,74.15,1.38,5.7478
20220119,Udupi,13.3409,74.7421,23.54,72.83,1.41,5.7374
20220120,Udupi,13.3409,74.7421,23.0,73.26,1.31,5.8622
20220121,Udupi,13.3409,74.7421,23.17,74.8,1.4,5.958
20220122,Udupi,13.3409,74.7421,23.22,80.72,1.41,5.8574
20220123,Udupi,13.3409,74.7421,22.29,80.44,1.51,5.8829
20220124,Udupi,13.3409,74.7421,21.88,76.27,1.65,5.6501
20220125,Udupi,13.3409,74.7421,21.12,73.17,1.35,5.82
20220126,Udupi,13.3409,74.7421,22.13,78.28,1.56,5.4924
20220127,Udupi,13.3409,74.7421,23.98,78.22,1.44,5.4053
20220128,Udupi,13.3409,74.7421,24.51,72.69,1.62,5.7084
20220129,Udupi,13.3409,74.7421,24.31,69.07,1.49,6.0091
20220130,Udupi,13.3409,74.7421,24.88,77.95,1.18,5.9398
20220131,Udupi,13.3409,74.7421,25.03,77.57,1.17,6.1114
20220201,Udupi,13.3409,74.7421,25.24,75.06,1.12,6.0744
20220202,Udupi,13.3409,74.7421,24.86,75.66,1.23,5.8757
20220203,Udupi,13.3409,74.7421,24.27,74.78,1.39,6.0869
20220204,Udupi,13.3409,74.7421,23.01,72.04,1.42,6.3907
20220205,Udupi,13.3409,74.7421,22.99,68.95,1.23,6.5338
20220206,Udupi,13.3409,74.7421,23.64,75.59,1.42,5.7955
20220207,Udupi,13.3409,74.7421,24.48,76.74,1.54,6.1344
20220208,Udupi,13.3409,74.7421,24.55,76.44,1.64,5.9558
20220209,Udupi,13.3409,74.7421,24.9,73.42,1.59,5.9045
20220210,Udupi,13.3409,74.7421,24.95,69.4,1.36,5.9815
20220211,Udupi,13.3409,74.7421,25.06,58.8,1.32,5.8498
20220212,Udupi,13.3409,74.7421,25.19,61.29,1.23,6.4706
20220213,Udupi,13.3409,74.7421,25.25,62.42,1.04,6.372
20220214,Udupi,13.3409,74.7421,25.26,64.17,0.89,6.2654
20220215,Udupi,13.3409,74.7421,24.69,68.7,1.23,5.6916
20220216,Udupi,13.3409,74.7421,24.47,68.22,1.41,5.5985
20220217,Udupi,13.3409,74.7421,24.75,67.61,1.11,5.5783
20220218,Udupi,13.3409,74.7421,25.53,67.9,1.08,5.8757
20220219,Udupi,13.3409,74.7421,25.7,66.6,1.21,6.2203
20220220,Udupi,13.3409,74.7421,25.17,69.31,1.36,6.4308
20220221,Udupi,13.3409,74.7421,25.19,70.07,1.39,6.5633
20220222,Udupi,13.3409,74.7421,25.37,70.22,1.38,6.4999
20220223,Udupi,13.3409,74.7421,26.27,66.71,1.31,6.2671
20220224,Udupi,13.3409,74.7421,25.68,66.69,0.91,6.4918
20220225,Udupi,13.3409,74.7421,26.11,62.36,1.08,6.8539
20220226,Udupi,13.3409,74.7421,25.18,48.59,1.39,6.8981
20220227,Udupi,13.3409,74.7421,25.06,56.33,1.33,6.859
20220228,Udupi,13.3409,74.7421,25.55,55.21,1.3,6.9509
20220301,Udupi,13.3409,74.7421,25.98,56.56,1.08,6.7918
20220302,Udupi,13.3409,74.7421,26.28,50.41,1.04,6.7586
20220303,Udupi,13.3409,74.7421,25.61,45.38,1.48,7.1412
20220304,Udupi,13.3409,74.7421,25.84,51.15,1.45,7.0932
20220305,Udupi,13.3409,74.7421,26.19,51.73,1.33,6.6089
20220306,Udupi,13.3409,74.7421,26.66,54.41,1.14,6.6274
20220307,Udupi,13.3409,74.7421,27.25,55.17,1.14,6.7032
20220308,Udupi,13.3409,74.7421,27.2,65.74,1.38,6.4138
20220309,Udupi,13.3409,74.7421,27.23,68.35,1.2,5.4902
20220310,Udupi,13.3409,74.7421,27.2,63.62,1.3,6.1565
20220311,Udupi,13.3409,74.7421,27.76,58.97,1.17,6.4428
20220312,Udupi,13.3409,74.7421,26.33,57.01,1.23,5.911
20220313,Udupi,13.3409,74.7421,27.04,53.53,1.4,6.2947
20220314,Udupi,13.3409,74.7421,27.08,55.39,1.41,5.9964
20220315,Udupi,13.3409,74.7421,27.41,59.72,1.2,6.4236
20220316,Udupi,13.3409,74.7421,27.92,63.55,1.1,6.3379
20220317,Udupi,13.3409,74.7421,27.55,66.7,1.05,5.9834
20220318,Udupi,13.3409,74.7421,27.73,68.84,1.34,5.9141
20220319,Udupi,13.3409,74.7421,27.0,70.59,1.64,4.609
20220320,Udupi,13.3409,74.7421,26.49,71.17,1.53,5.2339
20220321,Udupi,13.3409,74.7421,26.8,70.64,1.41,5.4706
20220322,Udupi,13.3409,74.7421,26.82,76.08,1.56,4.1038
20220323,Udupi,13.3409,74.7421,27.71,74.78,1.38,5.6035
20220324,Udupi,13.3409,74.7421,26.6,78.26,1.35,3.0163
20220325,Udupi,13.3409,74.7421,27.09,75.55,1.32,4.9913
20220326,Udupi,13.3409,74.7421,27.43,75.23,1.7,5.4763
20220327,Udupi,13.3409,74.7421,28.12,73.03,1.66,5.8987
20220328,Udupi,13.3409,74.7421,28.38,72.39,1.6,6.0029
20220329,Udupi,13.3409,74.7421,28.32,71.71,1.31,6.0262
20220330,Udupi,13.3409,74.7421,28.22,72.0,1.27,6.3394
20220331,Udupi,13.3409,74.7421,28.13,71.66,1.3,6.2916
20220401,Udupi,13.3409,74.7421,28.19,71.22,1.27,5.9028
20220402,Udupi,13.3409,74.7421,27.82,71.66,1.09,5.3659
20220403,Udupi,13.3409,74.7421,28.24,68.2,1.13,6.1435
20220404,Udupi,13.3409,74.7421,28.72,67.73,1.24,6.6
20220405,Udupi,13.3409,74.7421,28.46,68.56,1.25,6.2153
20220406,Udupi,13.3409,74.7421,28.45,67.56,1.45,6.2513
20220407,Udupi,13.3409,74.7421,28.16,70.75,1.38,6.0115
20220408,Udupi,13.3409,74.7421,27.97,69.98,1.04,5.9976
20220409,Udupi,13.3409,74.7421,27.0,78.06,1.12,5.1595
20220410,Udupi,13.3409,74.7421,26.84,79.47,1.16,5.6316
20220411,Udupi,13.3409,74.7421,27.37,76.58,1.3,5.8212
20220412,Udupi,13.3409,74.7421,27.31,78.86,1.17,4.8511
20220413,Udupi,13.3409,74.7421,27.1,80.46,1.36,4.9574
20220414,Udupi,13.3409,74.7421,27.07,75.2,1.02,3.2803
20220415,Udupi,13.3409,74.7421,27.31,73.55,0.99,4.3908
20220416,Udupi,13.3409,74.7421,27.61,75.92,1.29,6.4476
20220417,Udupi,13.3409,74.7421,27.61,74.49,1.2,7.1052
20220418,Udupi,13.3409,74.7421,27.46,75.77,1.2,6.4987
20220419,Udupi,13.3409,74.7421,26.72,78.98,1.69,4.0452
20220420,Udupi,13.3409,74.7421,27.75,75.69,1.14,7.0531
20220421,Udupi,13.3409,74.7421,27.82,76.95,0.8,6.8573
20220422,Udupi,13.3409,74.7421,27.82,76.98,0.79,6.9586
20220423,Udupi,13.3409,74.7421,26.63,83.41,0.91,5.4024
20220424,Udupi,13.3409,74.7421,27.35,78.97,1.06,6.7046
20220425,Udupi,13.3409,74.7421,26.97,80.02,0.66,6.2467
20220426,Udupi,13.3409,74.7421,27.55,76.36,1.19,6.9329
20220427,Udupi,13.3409,74.7421,28.59,74.08,0.88,6.9451
20220428,Udupi,13.3409,74.7421,27.52,81.29,0.81,6.5842
20220429,Udupi,13.3409,74.7421,27.38,80.96,1.2,6.1678
20220430,Udupi,13.3409,74.7421,27.96,76.21,1.38,5.8831
20220501,Udupi,13.3409,74.7421,28.12,73.79,1.47,6.2297
20220502,Udupi,13.3409,74.7421,28.13,73.27,1.65,6.4879
20220503,Udupi,13.3409,74.7421,28.12,74.88,1.69,6.9787
20220504,Udupi,13.3409,74.7421,27.49,82.36,1.45,5.9412
20220505,Udupi,13.3409,74.7421,26.44,81.1,1.85,4.961
20220506,Udupi,13.3409,74.7421,27.03,81.33,1.7,5.6345
20220507,Udupi,13.3409,74.7421,27.59,75.72,1.7,6.1478
20220508,Udupi,13.3409,74.7421,27.85,77.52,1.68,5.5315
20220509,Udupi,13.3409,74.7421,27.36,81.43,2.07,3.3473
20220510,Udupi,13.3409,74.7421,27.61,77.79,2.85,4.7878
20220511,Udupi,13.3409,74.7421,26.58,80.52,2.44,1.7954
20220512,Udupi,13.3409,74.7421,25.24,82.77,2.39,1.7225
20220513,Udupi,13.3409,74.7421,26.42,84.96,2.76,4.3255
20220514,Udupi,13.3409,74.7421,26.61,83.31,2.49,5.1799
20220515,Udupi,13.3409,74.7421,26.29,88.08,2.69,4.0176
20220516,Udupi,13.3409,74.7421,25.72,89.72,2.59,3.9031
20220517,Udupi,13.3409,74.7421,25.15,83.84,1.77,2.3676
20220518,Udupi,13.3409,74.7421,26.02,87.36,2.46,2.0966
20220519,Udupi,13.3409,74.7421,24.68,88.67,2.64,1.025
20220520,Udupi,13.3409,74.7421,23.6,85.4,1.39,1.6807
20220521,Udupi,13.3409,74.7421,24.74,81.02,1.23,2.047
20220522,Udupi,13.3409,74.7421,25.49,88.35,1.81,4.6267
20220523,Udupi,13.3409,74.7421,26.5,86.63,1.82,6.3658
20220524,Udupi,13.3409,74.7421,26.59,88.11,1.64,6.731
20220525,Udupi,13.3409,74.7421,27.07,85.08,1.42,6.7138
20220526,Udupi,13.3409,74.7421,26.41,86.27,1.67,6.9499
20220527,Udupi,13.3409,74.7421,25.94,85.97,1.46,6.7073
20220528,Udupi,13.3409,74.7421,25.93,81.35,1.28,5.9947
20220529,Udupi,13.3409,74.7421,25.93,81.89,1.41,7.1242
20220530,Udupi,13.3409,74.7421,26.06,82.2,1.74,7.0942
20220531,Udupi,13.3409,74.7421,26.02,84.31,1.92,5.7379
20220601,Udupi,13.3409,74.7421,25.44,85.42,1.43,5.586
20220602,Udupi,13.3409,74.7421,24.17,88.78,1.53,5.8217
20220603,Udupi,13.3409,74.7421,25.63,87.28,1.91,6.1517
20220604,Udupi,13.3409,74.7421,26.67,80.08,1.68,6.6595
20220605,Udupi,13.3409,74.7421,26.33,84.66,1.16,5.9786
20220606,Udupi,13.3409,74.7421,26.15,85.62,1.13,4.7681
20220607,Udupi,13.3409,74.7421,25.61,83.79,0.91,3.307
20220608,Udupi,13.3409,74.7421,25.62,83.28,1.49,5.1823
20220609,Udupi,13.3409,74.7421,25.78,82.55,2.04,5.7223
20220610,Udupi,13.3409,74.7421,25.54,82.74,2.21,3.8165
20220611,Udupi,13.3409,74.7421,25.37,82.29,1.59,2.9986
20220612,Udupi,13.3409,74.7421,24.46,82.57,1.56,2.0825
20220613,Udupi,13.3409,74.7421,25.24,85.48,1.72,5.2848
20220614,Udupi,13.3409,74.7421,25.36,82.2,1.59,5.6734
20220615,Udupi,13.3409,74.7421,25.08,87.71,1.53,3.8635
20220616,Udupi,13.3409,74.7421,25.32,84.63,1.66,3.9612
20220617,Udupi,13.3409,74.7421,24.94,84.02,1.57,4.8317
20220618,Udupi,13.3409,74.7421,24.62,84.2,1.56,3.637
20220619,Udupi,13.3409,74.7421,24.55,82.74,1.52,5.5646
20220620,Udupi,13.3409,74.7421,24.67,83.45,1.43,2.9422
20220621,Udupi,13.3409,74.7421,24.9,88.91,1.73,1.3987
20220622,Udupi,13.3409,74.7421,24.88,90.26,1.79,1.7645
20220623,Udupi,13.3409,74.7421,24.75,87.7,1.84,4.6426
20220624,Udupi,13.3409,74.7421,24.74,91.53,2.86,2.5498
20220625,Udupi,13.3409,74.7421,24.98,88.06,2.3,3.7572
20220626,Udupi,13.3409,74.7421,25.49,89.52,2.75,4.2518
20220627,Udupi,13.3409,74.7421,25.52,88.84,2.2,5.1079
20220628,Udupi,13.3409,74.7421,25.64,87.96,2.05,3.893
20220629,Udupi,13.3409,74.7421,25.17,90.48,2.01,1.7107
20220630,Udupi,13.3409,74.7421,25.18,89.91,2.68,0.8995
20220701,Udupi,13.3409,74.7421,25.12,89.49,2.46,1.4402
20220702,Udupi,13.3409,74.7421,24.93,90.7,2.41,4.176
20220703,Udupi,13.3409,74.7421,24.79,89.83,2.67,5.0491
20220704,Udupi,13.3409,74.7421,24.36,92.85,3.04,1.3694
20220705,Udupi,13.3409,74.7421,24.57,92.49,3.01,1.1441
20220706,Udupi,13.3409,74.7421,24.57,91.61,2.38,2.4895
20220707,Udupi,13.3409,74.7421,24.3,90.67,2.84,2.2812
20220708,Udupi,13.3409,74.7421,23.99,91.79,2.74,1.4587
20220709,Udupi,13.3409,74.7421,24.35,92.48,2.94,2.1744
20220710,Udupi,13.3409,74.7421,24.3,91.12,2.86,1.4964
20220711,Udupi,13.3409,74.7421,24.3,92.14,2.8,2.3381
20220712,Udupi,13.3409,74.7421,24.23,92.93,2.86,4.0195
20220713,Udupi,13.3409,74.7421,23.82,92.91,3.41,3.1445
20220714,Udupi,13.3409,74.7421,24.34,92.99,3.46,4.4376
20220715,Udupi,13.3409,74.7421,24.63,92.01,2.84,4.512
20220716,Udupi,13.3409,74.7421,24.68,92.39,2.61,1.2002
20220717,Udupi,13.3409,74.7421,24.12,93.19,2.0,3.8268
20220718,Udupi,13.3409,74.7421,23.75,90.94,2.31,4.1009
20220719,Udupi,13.3409,74.7421,23.82,91.09,1.57,3.0468
20220720,Udupi,13.3409,74.7421,24.51,91.35,1.97,4.2206
20220721,Udupi,13.3409,74.7421,24.53,90.99,2.01,5.9914
20220722,Udupi,13.3409,74.7421,23.89,91.49,2.18,4.1371
20220723,Udupi,13.3409,74.7421,23.97,90.21,1.9,2.765
20220724,Udupi,13.3409,74.7421,24.59,89.41,2.19,4.8415
20220725,Udupi,13.3409,74.7421,24.53,89.32,1.72,3.6629
20220726,Udupi,13.3409,74.7421,24.23,89.88,1.69,5.5058
20220727,Udupi,13.3409,74.7421,24.75,88.48,1.76,6.3566
20220728,Udupi,13.3409,74.7421,25.79,88.4,1.83,6.2297
20220729,Udupi,13.3409,74.7421,26.26,87.61,1.28,5.5663
20220730,Udupi,13.3409,74.7421,25.33,91.28,2.04,5.807
20220731,Udupi,13.3409,74.7421,24.53,93.09,2.2,5.4427
20220801,Udupi,13.3409,74.7421,24.73,94.12,3.41,2.9222
20220802,Udupi,13.3409,74.7421,23.6,93.74,3.04,2.3251
20220803,Udupi,13.3409,74.7421,24.0,94.28,2.85,3.7375
20220804,Udupi,13.3409,74.7421,24.17,93.71,2.98,2.7672
20220805,Udupi,13.3409,74.7421,23.98,94.04,3.11,1.9123
20220806,Udupi,13.3409,74.7421,24.13,92.45,3.54,2.1173
20220807,Udupi,13.3409,74.7421,23.92,93.51,3.28,2.8594
20220808,Udupi,13.3409,74.7421,23.99,93.82,3.24,1.9764
20220809,Udupi,13.3409,74.7421,24.11,91.33,3.43,4.4287
20220810,Udupi,13.3409,74.7421,23.95,90.51,3.14,3.8256
20220811,Udupi,13.3409,74.7421,24.25,90.85,2.81,4.7705
20220812,Udupi,13.3409,74.7421,24.3,90.63,2.16,4.8708
20220813,Udupi,13.3409,74.7421,24.08,88.39,1.3,5.0513
20220814,Udupi,13.3409,74.7421,23.83,92.02,1.46,4.7268
20220815,Udupi,13.3409,74.7421,24.35,90.15,1.31,5.0292
20220816,Udupi,13.3409,74.7421,24.57,88.6,1.18,5.4283
20220817,Udupi,13.3409,74.7421,24.69,89.5,1.43,5.3498
20220818,Udupi,13.3409,74.7421,24.46,89.48,1.72,5.2819
20220819,Udupi,13.3409,74.7421,24.1,88.89,2.1,5.1334
20220820,Udupi,13.3409,74.7421,23.88,89.11,1.84,4.7208
20220821,Udupi,13.3409,74.7421,24.57,90.98,2.11,4.6586
20220822,Udupi,13.3409,74.7421,24.54,91.1,2.56,4.5612
20220823,Udupi,13.3409,74.7421,24.63,90.94,2.39,3.073
20220824,Udupi,13.3409,74.7421,24.22,89.88,2.35,1.9721
20220825,Udupi,13.3409,74.7421,24.48,89.69,2.29,5.3705
20220826,Udupi,13.3409,74.7421,24.27,90.93,2.15,4.8746
20220827,Udupi,13.3409,74.7421,24.0,89.78,1.91,4.8847
20220828,Udupi,13.3409,74.7421,24.33,89.43,2.0,5.0902
20220829,Udupi,13.3409,74.7421,24.63,90.77,2.43,4.2334
20220830,Udupi,13.3409,74.7421,24.5,92.07,2.43,4.5439
20220831,Udupi,13.3409,74.7421,25.29,91.29,1.69,5.4031
20220901,Udupi,13.3409,74.7421,25.36,88.33,1.5,4.9735
20220902,Udupi,13.3409,74.7421,24.78,89.83,1.95,5.8469
20220903,Udupi,13.3409,74.7421,25.05,88.96,1.51,6.5566
20220904,Udupi,13.3409,74.7421,24.71,91.01,1.01,6.1044
20220905,Udupi,13.3409,74.7421,24.86,92.03,1.74,4.0346
20220906,Udupi,13.3409,74.7421,24.71,93.06,2.44,4.5086
20220907,Udupi,13.3409,74.7421,23.74,93.74,3.16,4.1098
20220908,Udupi,13.3409,74.7421,23.71,91.11,2.1,3.1102
20220909,Udupi,13.3409,74.7421,24.19,91.31,2.27,3.3785
20220910,Udupi,13.3409,74.7421,24.12,90.78,2.22,4.3363
20220911,Udupi,13.3409,74.7421,24.05,91.86,2.54,4.092
20220912,Udupi,13.3409,74.7421,24.32,91.02,2.94,4.6111
20220913,Udupi,13.3409,74.7421,24.32,90.82,2.38,5.004
20220914,Udupi,13.3409,74.7421,24.13,90.83,1.65,5.5786
20220915,Udupi,13.3409,74.7421,24.07,91.1,1.76,5.0782
20220916,Udupi,13.3409,74.7421,24.14,90.02,1.83,5.1065
20220917,Udupi,13.3409,74.7421,24.58,87.72,1.63,5.339
20220918,Udupi,13.3409,74.7421,24.71,88.71,1.74,5.7163
20220919,Udupi,13.3409,74.7421,24.3,88.16,1.79,5.3134
20220920,Udupi,13.3409,74.7421,24.14,85.98,1.36,5.3422
20220921,Udupi,13.3409,74.7421,24.04,86.49,1.4,6.0703
20220922,Udupi,13.3409,74.7421,23.83,85.92,1.29,6.0996
20220923,Udupi,13.3409,74.7421,23.78,87.57,1.28,4.1081
20220924,Udupi,13.3409,74.7421,24.11,87.82,1.33,5.6938
20220925,Udupi,13.3409,74.7421,24.47,86.58,1.57,6.5539
20220926,Udupi,13.3409,74.7421,24.64,86.05,1.97,6.2976
20220927,Udupi,13.3409,74.7421,24.15,86.73,1.69,6.2342
20220928,Udupi,13.3409,74.7421,24.17,86.73,1.67,5.8226
20220929,Udupi,13.3409,74.7421,24.12,87.97,1.44,5.3503
20220930,Udupi,13.3409,74.7421,24.06,89.5,1.45,2.7562
20221001,Udupi,13.3409,74.7421,23.71,89.34,1.71,3.0175
20221002,Udupi,13.3409,74.7421,24.25,88.31,1.5,4.921
20221003,Udupi,13.3409,74.7421,25.02,87.66,2.06,5.4955
20221004,Udupi,13.3409,74.7421,25.0,88.59,1.92,5.0846
20221005,Udupi,13.3409,74.7421,24.74,88.54,1.91,4.3123
20221006,Udupi,13.3409,74.7421,23.58,88.83,1.59,3.5988
20221007,Udupi,13.3409,74.7421,24.0,85.97,1.36,5.6196
20221008,Udupi,13.3409,74.7421,24.32,82.83,1.09,6.2909
20221009,Udupi,13.3409,74.7421,25.0,85.73,1.22,6.1896
20221010,Udupi,13.3409,74.7421,24.81,90.71,1.6,3.1135
20221011,Udupi,13.3409,74.7421,24.34,91.23,1.79,4.8046
20221012,Udupi,13.3409,74.7421,24.8,86.26,0.94,5.4931
20221013,Udupi,13.3409,74.7421,24.79,87.56,1.02,4.9445
20221014,Udupi,13.3409,74.7421,24.0,90.25,1.05,5.6789
20221015,Udupi,13.3409,74.7421,25.28,85.61,0.76,5.6215
20221016,Udupi,13.3409,74.7421,24.13,92.54,1.24,4.1652
20221017,Udupi,13.3409,74.7421,24.49,88.66,0.75,4.8943
20221018,Udupi,13.3409,74.7421,24.05,93.77,1.58,4.541
20221019,Udupi,13.3409,74.7421,24.21,88.59,1.01,5.754
20221020,Udupi,13.3409,74.7421,24.52,88.74,1.16,5.2404
20221021,Udupi,13.3409,74.7421,25.31,85.12,0.83,5.7418
20221022,Udupi,13.3409,74.7421,25.96,81.45,0.52,5.5118
20221023,Udupi,13.3409,74.7421,25.4,77.37,0.7,5.9467
20221024,Udupi,13.3409,74.7421,23.63,74.72,1.52,6.3288
20221025,Udupi,13.3409,74.7421,23.52,70.16,1.19,6.3521
20221026,Udupi,13.3409,74.7421,23.98,68.72,1.01,6.2628
20221027,Udupi,13.3409,74.7421,23.66,72.35,1.09,6.2532
20221028,Udupi,13.3409,74.7421,24.43,73.8,1.02,5.8037
20221029,Udupi,13.3409,74.7421,25.44,79.6,1.12,5.4929
20221030,Udupi,13.3409,74.7421,25.51,81.15,1.07,4.7338
20221031,Udupi,13.3409,74.7421,25.05,75.54,0.88,5.761
20221101,Udupi,13.3409,74.7421,25.29,77.75,0.75,5.437
20221102,Udupi,13.3409,74.7421,25.06,79.14,1.06,5.0894
20221103,Udupi,13.3409,74.7421,24.93,75.5,1.16,5.2682
20221104,Udupi,13.3409,74.7421,25.68,78.41,1.09,5.298
20221105,Udupi,13.3409,74.7421,25.48,74.83,0.95,5.2718
20221106,Udupi,13.3409,74.7421,25.71,75.8,0.67,4.8005
20221107,Udupi,13.3409,74.7421,25.68,77.43,0.75,4.9106
20221108,Udupi,13.3409,74.7421,25.16,76.13,0.96,5.7271
20221109,Udupi,13.3409,74.7421,25.05,75.46,1.23,5.5054
20221110,Udupi,13.3409,74.7421,24.48,76.01,1.3,5.2966
20221111,Udupi,13.3409,74.7421,25.04,76.26,1.24,4.4983
20221112,Udupi,13.3409,74.7421,24.57,79.59,1.13,2.5253
20221113,Udupi,13.3409,74.7421,25.57,80.58,1.04,5.046
20221114,Udupi,13.3409,74.7421,25.71,78.32,1.09,5.0839
20221115,Udupi,13.3409,74.7421,24.66,86.16,0.82,4.6296
20221116,Udupi,13.3409,74.7421,25.13,81.15,0.92,4.5202
20221117,Udupi,13.3409,74.7421,23.69,70.2,1.3,5.4965
20221118,Udupi,13.3409,74.7421,22.86,65.21,1.32,5.6323
20221119,Udupi,13.3409,74.7421,22.51,65.74,1.49,5.7811
20221120,Udupi,13.3409,74.7421,22.68,63.81,1.16,5.4552
20221121,Udupi,13.3409,74.7421,23.17,64.33,0.86,5.3417
20221122,Udupi,13.3409,74.7421,23.89,78.23,0.78,3.6636
20221123,Udupi,13.3409,74.7421,24.76,83.27,0.77,3.173
20221124,Udupi,13.3409,74.7421,25.58,81.18,0.66,3.7697
20221125,Udupi,13.3409,74.7421,25.38,82.76,1.21,4.848
20221126,Udupi,13.3409,74.7421,25.42,80.94,0.71,5.0676
20221127,Udupi,13.3409,74.7421,25.08,84.28,1.04,4.4549
20221128,Udupi,13.3409,74.7421,24.93,83.57,0.72,2.1406
20221129,Udupi,13.3409,74.7421,25.22,80.92,0.59,3.9422
20221130,Udupi,13.3409,74.7421,24.56,73.47,0.61,4.8614
20221201,Udupi,13.3409,74.7421,23.72,71.13,1.03,5.1401
20221202,Udupi,13.3409,74.7421,25.57,78.61,0.85,4.9486
20221203,Udupi,13.3409,74.7421,25.84,78.61,0.65,5.2819
20221204,Udupi,13.3409,74.7421,25.91,76.85,0.64,4.4292
20221205,Udupi,13.3409,74.7421,25.71,76.96,0.68,4.3178
20221206,Udupi,13.3409,74.7421,25.64,76.03,0.56,4.8607
20221207,Udupi,13.3409,74.7421,24.26,72.36,1.26,3.6871
20221208,Udupi,13.3409,74.7421,22.92,71.27,1.26,4.643
20221209,Udupi,13.3409,74.7421,23.09,69.15,1.33,4.8773
20221210,Udupi,13.3409,74.7421,23.61,80.28,1.85,4.0178
20221211,Udupi,13.3409,74.7421,23.8,84.55,2.1,2.1514
20221212,Udupi,13.3409,74.7421,24.06,84.65,1.86,2.221
20221213,Udupi,13.3409,74.7421,24.95,85.19,2.02,2.747
20221214,Udupi,13.3409,74.7421,25.0,82.03,1.5,4.7995
20221215,Udupi,13.3409,74.7421,25.15,77.83,0.81,5.533
20221216,Udupi,13.3409,74.7421,23.94,68.13,0.82,5.6652
20221217,Udupi,13.3409,74.7421,24.46,72.28,0.99,5.3938
20221218,Udupi,13.3409,74.7421,24.49,78.98,1.26,4.5206
20221219,Udupi,13.3409,74.7421,24.08,76.61,1.43,5.1398
20221220,Udupi,13.3409,74.7421,23.41,69.81,1.15,4.7686
20221221,Udupi,13.3409,74.7421,23.19,72.01,1.17,5.4509
20221222,Udupi,13.3409,74.7421,23.09,66.88,1.42,5.6405
20221223,Udupi,13.3409,74.7421,23.14,71.22,1.2,5.5001
20221224,Udupi,13.3409,74.7421,23.26,71.68,1.07,5.6597
20221225,Udupi,13.3409,74.7421,24.06,75.57,1.21,5.4677
20221226,Udupi,13.3409,74.7421,25.93,76.76,1.05,5.2927
20221227,Udupi,13.3409,74.7421,25.85,76.7,1.07,5.4622
20221228,Udupi,13.3409,74.7421,26.38,76.95,0.69,5.4353
20221229,Udupi,13.3409,74.7421,25.72,76.3,0.69,5.335
20221230,Udupi,13.3409,74.7421,24.69,71.17,0.9,5.5882
20221231,Udupi,13.3409,74.7421,23.86,68.04,0.92,5.3779
20230101,Udupi,13.3409,74.7421,24.19,73.47,1.12,5.3146
20230102,Udupi,13.3409,74.7421,24.05,68.86,0.98,5.3551
20230103,Udupi,13.3409,74.7421,24.05,71.14,0.68,5.429
20230104,Udupi,13.3409,74.7421,23.54,67.05,0.84,5.5334
20230105,Udupi,13.3409,74.7421,23.16,69.48,1.26,5.5889
20230106,Udupi,13.3409,74.7421,23.45,69.67,1.73,5.5171
20230107,Udupi,13.3409,74.7421,23.95,72.22,1.84,5.0184
20230108,Udupi,13.3409,74.7421,23.79,71.22,1.64,4.9848
20230109,Udupi,13.3409,74.7421,22.96,65.01,1.33,5.503
20230110,Udupi,13.3409,74.7421,21.76,62.83,1.69,5.9837
20230111,Udupi,13.3409,74.7421,22.46,64.13,1.05,5.8836
20230112,Udupi,13.3409,74.7421,23.07,56.71,1.16,5.969
20230113,Udupi,13.3409,74.7421,23.76,60.52,0.9,5.7161
20230114,Udupi,13.3409,74.7421,23.35,61.38,0.88,5.1065
20230115,Udupi,13.3409,74.7421,23.5,59.4,0.83,5.8073
20230116,Udupi,13.3409,74.7421,24.23,63.7,0.59,5.8702
20230117,Udupi,13.3409,74.7421,24.25,65.42,0.66,5.7545
20230118,Udupi,13.3409,74.7421,24.34,62.35,0.48,5.891
20230119,Udupi,13.3409,74.7421,23.49,59.58,0.93,6.0113
20230120,Udupi,13.3409,74.7421,22.87,55.86,1.18,6.0679
20230121,Udupi,13.3409,74.7421,23.9,61.42,0.57,5.6465
20230122,Udupi,13.3409,74.7421,23.98,61.77,0.95,5.7254
20230123,Udupi,13.3409,74.7421,23.75,65.86,1.57,5.6575
20230124,Udupi,13.3409,74.7421,24.77,73.48,1.07,4.6279
20230125,Udupi,13.3409,74.7421,23.48,85.21,0.9,4.3678
20230126,Udupi,13.3409,74.7421,25.0,70.94,1.06,5.5442
20230127,Udupi,13.3409,74.7421,24.43,61.88,0.86,5.783
20230128,Udupi,13.3409,74.7421,24.05,53.07,0.85,6.0192
20230129,Udupi,13.3409,74.7421,23.72,58.51,1.27,5.9724
20230130,Udupi,13.3409,74.7421,24.55,65.64,1.27,5.4571
20230131,Udupi,13.3409,74.7421,25.8,66.73,1.34,4.9728
20230201,Udupi,13.3409,74.7421,25.77,60.23,1.42,5.2054
20230202,Udupi,13.3409,74.7421,26.0,58.84,1.61,5.2838
20230203,Udupi,13.3409,74.7421,26.04,63.08,1.21,5.0957
20230204,Udupi,13.3409,74.7421,27.1,61.28,1.15,5.9851
20230205,Udupi,13.3409,74.7421,26.85,62.72,0.88,5.9782
20230206,Udupi,13.3409,74.7421,25.79,67.92,1.4,5.6508
20230207,Udupi,13.3409,74.7421,25.83,68.07,1.31,5.299
20230208,Udupi,13.3409,74.7421,26.76,60.84,1.31,5.8776
20230209,Udupi,13.3409,74.7421,25.8,66.03,1.16,5.5085
20230210,Udupi,13.3409,74.7421,26.42,65.44,1.12,5.8118
20230211,Udupi,13.3409,74.7421,26.32,56.03,0.94,6.0982
20230212,Udupi,13.3409,74.7421,26.0,60.99,0.76,6.191
20230213,Udupi,13.3409,74.7421,26.06,48.57,0.9,6.4757
20230214,Udupi,13.3409,74.7421,26.17,51.3,0.85,6.4006
20230215,Udupi,13.3409,74.7421,25.45,48.7,0.57,6.6821
20230216,Udupi,13.3409,74.7421,25.51,46.97,0.93,6.6698
20230217,Udupi,13.3409,74.7421,26.16,51.11,0.97,6.4994
20230218,Udupi,13.3409,74.7421,25.88,58.29,1.16,6.295
20230219,Udupi,13.3409,74.7421,26.31,61.0,0.84,6.0982
20230220,Udupi,13.3409,74.7421,26.25,60.64,0.99,6.2002
20230221,Udupi,13.3409,74.7421,26.89,58.74,1.32,6.503
20230222,Udupi,13.3409,74.7421,26.61,52.78,0.82,6.4034
20230223,Udupi,13.3409,74.7421,26.72,48.71,1.07,6.4987
20230224,Udupi,13.3409,74.7421,26.83,50.27,1.07,6.7162
20230225,Udupi,13.3409,74.7421,26.68,50.67,0.91,6.6797
20230226,Udupi,13.3409,74.7421,26.91,42.22,1.08,6.6043
20230227,Udupi,13.3409,74.7421,26.97,44.67,1.19,6.5623
20230228,Udupi,13.3409,74.7421,26.66,44.88,0.97,6.8971
20230301,Udupi,13.3409,74.7421,27.69,54.48,1.0,6.6348
20230302,Udupi,13.3409,74.7421,27.62,43.21,1.23,6.6322
20230303,Udupi,13.3409,74.7421,27.21,42.05,1.25,6.7135
20230304,Udupi,13.3409,74.7421,27.58,42.46,1.25,6.4752
20230305,Udupi,13.3409,74.7421,27.76,38.1,1.12,6.7349
20230306,Udupi,13.3409,74.7421,27.49,46.35,1.39,6.7661
20230307,Udupi,13.3409,74.7421,27.82,45.58,0.77,6.7466
20230308,Udupi,13.3409,74.7421,27.17,40.66,0.89,6.8518
20230309,Udupi,13.3409,74.7421,26.73,41.64,0.99,6.1313
20230310,Udupi,13.3409,74.7421,27.4,44.42,1.37,6.7421
20230311,Udupi,13.3409,74.7421,27.59,48.59,0.81,6.7555
20230312,Udupi,13.3409,74.7421,28.33,45.35,1.1,6.9386
20230313,Udupi,13.3409,74.7421,28.12,52.73,1.34,6.8064
20230314,Udupi,13.3409,74.7421,27.95,62.3,1.3,6.3348
20230315,Udupi,13.3409,74.7421,27.78,63.91,1.05,5.4506
20230316,Udupi,13.3409,74.7421,27.79,63.87,1.47,6.2885
20230317,Udupi,13.3409,74.7421,27.67,61.82,1.33,6.5794
20230318,Udupi,13.3409,74.7421,27.14,62.53,1.49,6.7488
20230319,Udupi,13.3409,74.7421,26.32,65.58,1.73,6.9667
20230320,Udupi,13.3409,74.7421,25.74,58.51,1.8,7.1582
20230321,Udupi,13.3409,74.7421,25.35,60.0,2.08,7.2559
20230322,Udupi,13.3409,74.7421,26.76,62.62,1.93,6.8006
20230323,Udupi,13.3409,74.7421,27.15,58.74,1.91,6.8662
20230324,Udupi,13.3409,74.7421,27.41,60.45,1.9,7.0082
20230325,Udupi,13.3409,74.7421,27.9,57.93,1.71,6.2282
20230326,Udupi,13.3409,74.7421,27.73,55.6,1.77,6.8038
20230327,Udupi,13.3409,74.7421,27.42,59.26,1.89,7.2842
20230328,Udupi,13.3409,74.7421,27.81,59.36,1.77,7.3085
20230329,Udupi,13.3409,74.7421,27.7,60.55,1.39,6.8052
20230330,Udupi,13.3409,74.7421,27.73,60.61,1.8,7.0267
20230331,Udupi,13.3409,74.7421,27.56,59.49,1.51,7.3783
20230401,Udupi,13.3409,74.7421,27.06,60.53,1.87,7.3615
20230402,Udupi,13.3409,74.7421,26.69,63.55,2.13,7.374
20230403,Udupi,13.3409,74.7421,26.56,60.81,2.05,7.3478
20230404,Udupi,13.3409,74.7421,27.26,61.67,1.37,7.3042
20230405,Udupi,13.3409,74.7421,28.44,60.53,1.59,7.169
20230406,Udupi,13.3409,74.7421,28.19,64.24,1.41,6.786
20230407,Udupi,13.3409,74.7421,28.57,64.44,1.27,5.5742
20230408,Udupi,13.3409,74.7421,29.49,58.89,1.36,6.9559
20230409,Udupi,13.3409,74.7421,28.8,60.97,1.15,7.1844
20230410,Udupi,13.3409,74.7421,29.02,62.19,1.22,7.0001
20230411,Udupi,13.3409,74.7421,29.05,61.03,1.3,7.3058
20230412,Udupi,13.3409,74.7421,28.87,61.58,1.05,7.4561
20230413,Udupi,13.3409,74.7421,28.85,58.51,1.1,6.757
20230414,Udupi,13.3409,74.7421,28.6,64.52,0.94,6.1382
20230415,Udupi,13.3409,74.7421,28.18,67.87,1.03,6.5887
20230416,Udupi,13.3409,74.7421,28.38,65.53,1.08,6.8551
20230417,Udupi,13.3409,74.7421,28.43,67.24,1.12,6.971
20230418,Udupi,13.3409,74.7421,29.46,64.04,1.28,7.283
20230419,Udupi,13.3409,74.7421,29.5,63.73,1.48,7.0668
20230420,Udupi,13.3409,74.7421,28.9,63.07,1.44,6.6905
20230421,Udupi,13.3409,74.7421,28.78,65.18,1.46,6.6086
20230422,Udupi,13.3409,74.7421,29.46,61.88,1.86,7.0366
20230423,Udupi,13.3409,74.7421,29.29,57.65,2.02,7.5206
20230424,Udupi,13.3409,74.7421,29.05,59.18,1.52,7.4486
20230425,Udupi,13.3409,74.7421,28.26,67.61,1.39,7.171
20230426,Udupi,13.3409,74.7421,28.56,65.2,1.61,6.7771
20230427,Udupi,13.3409,74.7421,29.06,63.06,1.68,7.1506
20230428,Udupi,13.3409,74.7421,28.93,65.03,1.73,6.3012
20230429,Udupi,13.3409,74.7421,29.22,65.26,1.72,6.6334
20230430,Udupi,13.3409,74.7421,28.84,65.09,1.61,7.1225
20230501,Udupi,13.3409,74.7421,28.67,59.97,1.83,7.381
20230502,Udupi,13.3409,74.7421,29.02,60.25,2.14,6.2309
20230503,Udupi,13.3409,74.7421,28.26,63.83,2.1,6.655
20230504,Udupi,13.3409,74.7421,28.55,63.35,1.95,7.337
20230505,Udupi,13.3409,74.7421,27.25,65.0,1.52,6.63
20230506,Udupi,13.3409,74.7421,27.98,63.8,1.9,6.96
20230507,Udupi,13.3409,74.7421,27.94,64.83,2.2,6.5928
20230508,Udupi,13.3409,74.7421,27.42,73.64,2.02,6.7298
20230509,Udupi,13.3409,74.7421,26.81,76.44,2.2,6.0293
20230510,Udupi,13.3409,74.7421,28.15,73.94,1.48,6.3235
20230511,Udupi,13.3409,74.7421,28.19,78.14,1.34,5.9369
20230512,Udupi,13.3409,74.7421,27.92,78.63,2.1,5.1386
20230513,Udupi,13.3409,74.7421,27.39,83.14,1.92,4.9699
20230514,Udupi,13.3409,74.7421,28.14,73.79,1.35,7.0433
20230515,Udupi,13.3409,74.7421,28.36,72.06,1.45,7.35
20230516,Udupi,13.3409,74.7421,29.31,69.01,1.68,7.3721
20230517,Udupi,13.3409,74.7421,29.69,65.41,1.67,7.4352
20230518,Udupi,13.3409,74.7421,29.95,63.89,1.88,7.2809
20230519,Udupi,13.3409,74.7421,29.0,69.08,1.69,6.8074
20230520,Udupi,13.3409,74.7421,28.83,70.65,1.89,6.6734
20230521,Udupi,13.3409,74.7421,28.98,71.19,1.81,6.7536
20230522,Udupi,13.3409,74.7421,28.74,71.08,1.77,6.5237
20230523,Udupi,13.3409,74.7421,28.76,70.16,1.15,6.6422
20230524,Udupi,13.3409,74.7421,27.76,73.88,1.1,6.3252
20230525,Udupi,13.3409,74.7421,27.64,74.98,1.48,6.8647
20230526,Udupi,13.3409,74.7421,28.02,70.19,1.77,7.1952
20230527,Udupi,13.3409,74.7421,28.28,72.3,2.16,6.919
20230528,Udupi,13.3409,74.7421,28.78,67.57,2.33,7.3212
20230529,Udupi,13.3409,74.7421,29.07,71.95,1.6,7.0265
20230530,Udupi,13.3409,74.7421,27.47,80.61,0.81,3.7927
20230531,Udupi,13.3409,74.7421,27.51,78.16,0.87,6.3211
20230601,Udupi,13.3409,74.7421,26.57,83.77,1.17,1.1261
20230602,Udupi,13.3409,74.7421,27.81,75.8,1.35,4.9406
20230603,Udupi,13.3409,74.7421,28.62,72.22,1.56,7.0126
20230604,Udupi,13.3409,74.7421,28.0,75.69,1.61,6.1198
20230605,Udupi,13.3409,74.7421,27.46,81.27,2.03,5.9026
20230606,Udupi,13.3409,74.7421,27.5,81.06,1.71,6.7202
20230607,Udupi,13.3409,74.7421,27.23,81.44,2.03,6.2218
20230608,Udupi,13.3409,74.7421,27.62,78.62,1.98,6.4682
20230609,Udupi,13.3409,74.7421,27.79,77.42,2.0,5.5272
20230610,Udupi,13.3409,74.7421,26.63,82.6,2.29,4.5079
20230611,Udupi,13.3409,74.7421,26.66,80.55,1.85,1.8149
20230612,Udupi,13.3409,74.7421,27.27,78.64,2.23,5.9515
20230613,Udupi,13.3409,74.7421,27.43,79.96,2.2,5.9993
20230614,Udupi,13.3409,74.7421,27.49,81.31,2.24,6.1258
20230615,Udupi,13.3409,74.7421,27.53,80.84,2.09,5.6016
20230616,Udupi,13.3409,74.7421,27.46,79.71,2.19,6.445
20230617,Udupi,13.3409,74.7421,27.17,82.23,2.23,4.9378
20230618,Udupi,13.3409,74.7421,26.61,85.36,2.05,3.1654
20230619,Udupi,13.3409,74.7421,26.04,86.48,1.85,4.5158
20230620,Udupi,13.3409,74.7421,26.22,79.99,1.37,4.5706
20230621,Udupi,13.3409,74.7421,26.5,84.09,1.48,2.7754
20230622,Udupi,13.3409,74.7421,26.08,81.09,1.68,2.8874
20230623,Udupi,13.3409,74.7421,25.39,74.38,1.65,2.6904
20230624,Udupi,13.3409,74.7421,25.35,88.43,2.33,1.2629
20230625,Udupi,13.3409,74.7421,25.33,87.28,1.66,3.751
20230626,Udupi,13.3409,74.7421,25.11,83.19,1.32,3.9329
20230627,Udupi,13.3409,74.7421,24.73,87.15,1.61,3.3953
20230628,Udupi,13.3409,74.7421,25.05,84.34,1.5,2.9357
20230629,Udupi,13.3409,74.7421,24.8,86.62,1.39,1.5684
20230630,Udupi,13.3409,74.7421,25.09,85.26,1.69,4.1273
20230701,Udupi,13.3409,74.7421,25.46,87.85,1.43,5.5966
20230702,Udupi,13.3409,74.7421,25.47,89.57,2.5,2.4631
20230703,Udupi,13.3409,74.7421,25.63,90.59,2.9,2.3609
20230704,Udupi,13.3409,74.7421,25.16,92.81,3.76,2.4598
20230705,Udupi,13.3409,74.7421,24.71,91.94,3.38,1.1477
20230706,Udupi,13.3409,74.7421,24.74,89.23,2.89,1.1311
20230707,Udupi,13.3409,74.7421,25.02,88.01,2.24,2.911
20230708,Udupi,13.3409,74.7421,25.33,86.73,2.02,1.9596
20230709,Udupi,13.3409,74.7421,25.17,90.17,1.64,3.163
20230710,Udupi,13.3409,74.7421,25.14,90.16,1.37,4.7386
20230711,Udupi,13.3409,74.7421,25.0,90.62,1.59,3.4471
20230712,Udupi,13.3409,74.7421,24.45,88.71,1.64,3.2042
20230713,Udupi,13.3409,74.7421,24.34,89.9,1.84,1.2065
20230714,Udupi,13.3409,74.7421,24.78,90.12,2.07,1.4638
20230715,Udupi,13.3409,74.7421,25.18,89.41,1.71,4.3608
20230716,Udupi,13.3409,74.7421,25.34,90.71,1.82,3.9962
20230717,Udupi,13.3409,74.7421,25.52,89.81,2.36,3.8107
20230718,Udupi,13.3409,74.7421,25.32,89.75,3.03,4.6896
20230719,Udupi,13.3409,74.7421,25.09,90.34,3.1,4.2665
20230720,Udupi,13.3409,74.7421,25.35,90.36,3.12,3.6058
20230721,Udupi,13.3409,74.7421,25.08,91.86,3.32,2.9774
20230722,Udupi,13.3409,74.7421,24.78,90.02,3.11,1.5972
20230723,Udupi,13.3409,74.7421,24.66,91.44,3.33,1.1525
20230724,Udupi,13.3409,74.7421,24.31,92.88,2.89,1.2667
20230725,Udupi,13.3409,74.7421,23.81,91.81,2.6,1.6066
20230726,Udupi,13.3409,74.7421,23.87,93.1,2.72,1.3826
20230727,Udupi,13.3409,74.7421,23.74,93.48,1.9,2.851
20230728,Udupi,13.3409,74.7421,24.44,92.13,2.11,4.7731
20230729,Udupi,13.3409,74.7421,24.6,90.85,2.31,5.7718
20230730,Udupi,13.3409,74.7421,24.72,89.99,2.15,5.0302
20230731,Udupi,13.3409,74.7421,24.76,90.21,2.34,5.2085
20230801,Udupi,13.3409,74.7421,24.68,90.38,2.19,5.8037
20230802,Udupi,13.3409,74.7421,24.79,88.8,2.27,5.407
20230803,Udupi,13.3409,74.7421,24.86,88.94,2.35,5.064
20230804,Udupi,13.3409,74.7421,25.08,89.62,2.29,6.0734
20230805,Udupi,13.3409,74.7421,24.97,89.55,2.3,4.8542
20230806,Udupi,13.3409,74.7421,24.52,91.42,1.8,5.5061
20230807,Udupi,13.3409,74.7421,24.93,89.0,1.94,5.1979
20230808,Udupi,13.3409,74.7421,24.96,88.79,1.57,4.1018
20230809,Udupi,13.3409,74.7421,24.99,87.48,1.48,5.9844
20230810,Udupi,13.3409,74.7421,25.35,87.65,1.76,5.4806
20230811,Udupi,13.3409,74.7421,25.36,87.48,1.99,6.0329
20230812,Udupi,13.3409,74.7421,24.96,88.08,1.99,5.0402
20230813,Udupi,13.3409,74.7421,24.57,88.87,1.82,4.8317
20230814,Udupi,13.3409,74.7421,24.43,85.89,1.62,4.883
20230815,Udupi,13.3409,74.7421,24.77,85.43,1.5,5.9818
20230816,Udupi,13.3409,74.7421,24.82,86.71,1.49,5.6134
20230817,Udupi,13.3409,74.7421,24.91,87.65,1.85,5.9981
20230818,Udupi,13.3409,74.7421,24.59,89.15,1.73,4.5924
20230819,Udupi,13.3409,74.7421,25.29,89.52,2.3,3.929
20230820,Udupi,13.3409,74.7421,25.23,88.41,2.01,5.8289
20230821,Udupi,13.3409,74.7421,25.29,87.07,1.78,6.5249
20230822,Udupi,13.3409,74.7421,25.42,85.56,1.68,6.7282
20230823,Udupi,13.3409,74.7421,25.29,86.19,1.59,6.2645
20230824,Udupi,13.3409,74.7421,25.11,86.4,1.38,5.3057
20230825,Udupi,13.3409,74.7421,25.3,86.5,1.5,3.6269
20230826,Udupi,13.3409,74.7421,25.04,87.74,1.2,5.0398
20230827,Udupi,13.3409,74.7421,24.72,88.42,1.07,6.637
20230828,Udupi,13.3409,74.7421,25.49,85.37,1.58,6.2366
20230829,Udupi,13.3409,74.7421,25.47,85.96,1.7,6.3394
20230830,Udupi,13.3409,74.7421,25.65,85.39,1.61,6.5839
20230831,Udupi,13.3409,74.7421,25.93,84.17,1.48,6.377
20230901,Udupi,13.3409,74.7421,25.7,86.17,1.56,6.5196
20230902,Udupi,13.3409,74.7421,25.21,86.73,1.3,5.7218
20230903,Udupi,13.3409,74.7421,24.48,86.95,1.07,4.6378
20230904,Udupi,13.3409,74.7421,23.64,85.55,0.86,2.7523
20230905,Udupi,13.3409,74.7421,24.15,90.29,2.2,3.5402
20230906,Udupi,13.3409,74.7421,24.98,88.04,1.77,4.7491
20230907,Udupi,13.3409,74.7421,25.24,88.77,1.94,5.1432
20230908,Udupi,13.3409,74.7421,25.39,89.77,2.42,5.1965
20230909,Udupi,13.3409,74.7421,25.59,88.76,1.96,3.6106
20230910,Udupi,13.3409,74.7421,25.77,88.19,2.11,5.2774
20230911,Udupi,13.3409,74.7421,25.21,89.89,2.09,5.0136
20230912,Udupi,13.3409,74.7421,25.22,88.86,2.1,5.5735
20230913,Udupi,13.3409,74.7421,25.16,88.99,1.56,5.5174
20230914,Udupi,13.3409,74.7421,25.16,89.97,1.92,3.7937
20230915,Udupi,13.3409,74.7421,24.73,89.9,2.19,5.3734
20230916,Udupi,13.3409,74.7421,24.91,89.47,2.08,3.8086
20230917,Udupi,13.3409,74.7421,25.2,88.73,1.64,5.0611
20230918,Udupi,13.3409,74.7421,25.29,88.98,1.68,5.6227
20230919,Udupi,13.3409,74.7421,25.26,87.76,1.4,3.6545
20230920,Udupi,13.3409,74.7421,24.82,88.75,1.48,4.9339
20230921,Udupi,13.3409,74.7421,24.83,89.4,1.63,4.5362
20230922,Udupi,13.3409,74.7421,24.92,90.12,1.55,4.9291
20230923,Udupi,13.3409,74.7421,24.71,92.58,1.86,4.6159
20230924,Udupi,13.3409,74.7421,24.54,91.05,2.0,3.7894
20230925,Udupi,13.3409,74.7421,23.99,88.82,1.26,5.3724
20230926,Udupi,13.3409,74.7421,24.94,86.69,1.26,5.1629
20230927,Udupi,13.3409,74.7421,24.78,86.46,1.33,4.0963
20230928,Udupi,13.3409,74.7421,24.87,91.63,2.44,4.3752
20230929,Udupi,13.3409,74.7421,24.83,90.85,2.22,4.254
20230930,Udupi,13.3409,74.7421,24.87,88.99,2.7,4.1522
20231001,Udupi,13.3409,74.7421,25.13,89.62,2.47,3.9871
20231002,Udupi,13.3409,74.7421,24.75,86.02,1.39,5.8337
20231003,Udupi,13.3409,74.7421,24.4,87.03,1.3,5.8716
20231004,Udupi,13.3409,74.7421,24.52,83.33,1.19,5.6626
20231005,Udupi,13.3409,74.7421,24.48,84.26,1.29,5.9633
20231006,Udupi,13.3409,74.7421,24.74,88.97,1.86,3.8551
20231007,Udupi,13.3409,74.7421,26.05,84.97,1.31,5.1055
20231008,Udupi,13.3409,74.7421,26.03,87.18,1.32,4.9982
20231009,Udupi,13.3409,74.7421,25.5,89.77,1.33,4.5214
20231010,Udupi,13.3409,74.7421,25.74,88.89,1.69,4.1875
20231011,Udupi,13.3409,74.7421,25.21,87.51,1.37,4.6817
20231012,Udupi,13.3409,74.7421,25.22,91.85,1.87,4.6949
20231013,Udupi,13.3409,74.7421,26.1,85.33,1.09,5.508
20231014,Udupi,13.3409,74.7421,25.96,83.15,0.97,5.4878
20231015,Udupi,13.3409,74.7421,25.37,86.77,1.0,5.0542
20231016,Udupi,13.3409,74.7421,25.44,86.29,1.11,4.6853
20231017,Udupi,13.3409,74.7421,24.88,88.48,1.21,4.6253
20231018,Udupi,13.3409,74.7421,26.0,83.82,0.97,5.4667
20231019,Udupi,13.3409,74.7421,26.25,83.37,0.85,5.0645
20231020,Udupi,13.3409,74.7421,26.33,80.06,0.8,4.8514
20231021,Udupi,13.3409,74.7421,26.38,81.58,0.91,4.9507
20231022,Udupi,13.3409,74.7421,26.51,81.38,0.93,5.089
20231023,Udupi,13.3409,74.7421,26.34,74.74,1.05,5.5956
20231024,Udupi,13.3409,74.7421,25.89,75.21,0.82,5.6239
20231025,Udupi,13.3409,74.7421,25.71,73.72,1.14,5.9986
20231026,Udupi,13.3409,74.7421,24.78,71.84,1.33,6.0238
20231027,Udupi,13.3409,74.7421,25.06,74.18,1.45,5.9064
20231028,Udupi,13.3409,74.7421,26.33,77.99,0.83,5.3724
20231029,Udupi,13.3409,74.7421,25.81,85.3,0.99,5.3916
20231030,Udupi,13.3409,74.7421,24.9,88.0,1.33,4.2998
20231031,Udupi,13.3409,74.7421,24.84,86.47,0.85,3.8081
20231101,Udupi,13.3409,74.7421,24.81,85.43,0.8,3.9941
20231102,Udupi,13.3409,74.7421,26.18,82.02,0.98,4.1983
20231103,Udupi,13.3409,74.7421,26.05,85.19,0.88,5.2901
20231104,Udupi,13.3409,74.7421,25.82,86.59,0.86,2.8999
20231105,Udupi,13.3409,74.7421,25.78,85.31,0.79,3.2678
20231106,Udupi,13.3409,74.7421,25.13,86.25,1.6,3.882
20231107,Udupi,13.3409,74.7421,25.39,77.5,0.9,5.652
20231108,Udupi,13.3409,74.7421,24.44,87.77,1.06,3.3814
20231109,Udupi,13.3409,74.7421,24.72,89.51,1.41,4.7808
20231110,Udupi,13.3409,74.7421,25.89,80.66,0.81,5.028
20231111,Udupi,13.3409,74.7421,26.23,78.31,0.57,5.5087
20231112,Udupi,13.3409,74.7421,25.23,71.99,0.96,5.5106
20231113,Udupi,13.3409,74.7421,25.18,72.35,1.11,4.9147
20231114,Udupi,13.3409,74.7421,24.79,75.18,1.12,5.1986
20231115,Udupi,13.3409,74.7421,24.67,76.47,1.16,5.009
20231116,Udupi,13.3409,74.7421,25.4,74.67,0.82,4.5845
20231117,Udupi,13.3409,74.7421,25.97,77.08,0.88,4.7242
20231118,Udupi,13.3409,74.7421,26.41,80.57,0.62,4.6373
20231119,Udupi,13.3409,74.7421,26.21,78.59,0.97,4.2701
20231120,Udupi,13.3409,74.7421,26.28,73.69,0.74,5.1602
20231121,Udupi,13.3409,74.7421,25.98,77.69,1.03,5.4079
20231122,Udupi,13.3409,74.7421,26.56,81.52,1.14,4.4568
20231123,Udupi,13.3409,74.7421,26.27,81.76,1.48,4.6258
20231124,Udupi,13.3409,74.7421,25.9,79.56,0.94,2.7886
20231125,Udupi,13.3409,74.7421,26.26,78.18,0.69,4.9128
20231126,Udupi,13.3409,74.7421,25.64,74.51,1.01,4.14
20231127,Udupi,13.3409,74.7421,26.09,75.11,0.97,5.3237
20231128,Udupi,13.3409,74.7421,26.16,79.49,0.8,5.2586
20231129,Udupi,13.3409,74.7421,26.25,80.42,1.06,4.962
20231130,Udupi,13.3409,74.7421,26.17,79.83,0.93,5.1362
20231201,Udupi,13.3409,74.7421,26.0,81.28,1.02,4.9939
20231202,Udupi,13.3409,74.7421,26.2,74.93,1.11,4.6157
20231203,Udupi,13.3409,74.7421,26.33,78.45,1.45,4.9114
20231204,Udupi,13.3409,74.7421,26.02,80.51,1.73,3.9142
20231205,Udupi,13.3409,74.7421,25.1,78.14,1.32,3.426
20231206,Udupi,13.3409,74.7421,25.45,76.75,0.96,5.1026
20231207,Udupi,13.3409,74.7421,25.42,76.28,0.76,5.1518
20231208,Udupi,13.3409,74.7421,25.57,78.04,0.85,4.6843
20231209,Udupi,13.3409,74.7421,25.42,81.31,1.64,4.722
20231210,Udupi,13.3409,74.7421,25.37,83.16,1.17,4.2336
20231211,Udupi,13.3409,74.7421,25.37,81.72,1.0,4.1033
20231212,Udupi,13.3409,74.7421,25.7,76.51,0.76,4.6445
20231213,Udupi,13.3409,74.7421,25.02,69.69,0.92,4.8982
20231214,Udupi,13.3409,74.7421,23.73,69.21,1.4,5.353
20231215,Udupi,13.3409,74.7421,24.3,71.26,1.03,4.7537
20231216,Udupi,13.3409,74.7421,25.57,75.85,0.98,4.5506
20231217,Udupi,13.3409,74.7421,26.0,77.06,1.16,4.644
20231218,Udupi,13.3409,74.7421,25.39,77.03,0.96,4.3819
20231219,Udupi,13.3409,74.7421,24.72,73.24,1.24,4.1794
20231220,Udupi,13.3409,74.7421,24.89,70.47,1.26,4.8163
20231221,Udupi,13.3409,74.7421,25.24,73.3,1.06,5.1602
20231222,Udupi,13.3409,74.7421,24.54,74.7,0.92,4.1568
20231223,Udupi,13.3409,74.7421,23.83,66.71,1.06,5.076
20231224,Udupi,13.3409,74.7421,23.55,63.08,1.17,5.2735
20231225,Udupi,13.3409,74.7421,24.66,72.11,1.14,5.393
20231226,Udupi,13.3409,74.7421,23.86,65.76,1.18,5.5838
20231227,Udupi,13.3409,74.7421,23.63,66.17,1.28,5.7012
20231228,Udupi,13.3409,74.7421,24.21,72.05,1.53,5.5562
20231229,Udupi,13.3409,74.7421,25.42,68.43,1.28,5.543
20231230,Udupi,13.3409,74.7421,25.31,68.81,0.97,5.5087
20231231,Udupi,13.3409,74.7421,24.59,69.28,1.18,5.5039
20240101,Udupi,13.3409,74.7421,25.24,76.13,0.74,4.2886
20240102,Udupi,13.3409,74.7421,24.92,79.12,0.84,3.3979
20240103,Udupi,13.3409,74.7421,24.52,83.65,0.64,3.047
20240104,Udupi,13.3409,74.7421,24.12,84.96,0.62,3.3139
20240105,Udupi,13.3409,74.7421,24.37,82.46,1.32,4.3212
20240106,Udupi,13.3409,74.7421,24.77,82.7,1.05,2.5094
20240107,Udupi,13.3409,74.7421,24.8,71.74,1.16,4.4239
20240108,Udupi,13.3409,74.7421,24.75,78.39,1.32,3.1236
20240109,Udupi,13.3409,74.7421,23.82,86.81,1.21,2.7398
20240110,Udupi,13.3409,74.7421,24.5,74.81,1.37,5.1751
20240111,Udupi,13.3409,74.7421,24.82,67.18,1.18,5.7355
20240112,Udupi,13.3409,74.7421,24.37,66.13,1.35,5.6412
20240113,Udupi,13.3409,74.7421,25.25,71.19,1.03,4.7184
20240114,Udupi,13.3409,74.7421,24.29,75.92,1.41,5.1569
20240115,Udupi,13.3409,74.7421,23.88,76.62,1.33,4.974
20240116,Udupi,13.3409,74.7421,23.78,75.82,1.12,4.9514
20240117,Udupi,13.3409,74.7421,23.85,79.18,1.0,5.2999
20240118,Udupi,13.3409,74.7421,23.98,82.36,1.44,4.8989
20240119,Udupi,13.3409,74.7421,24.33,80.61,1.05,5.2982
20240120,Udupi,13.3409,74.7421,24.54,80.17,1.24,5.287
20240121,Udupi,13.3409,74.7421,24.7,79.48,1.24,5.6482
20240122,Udupi,13.3409,74.7421,24.34,78.81,1.3,5.8843
20240123,Udupi,13.3409,74.7421,23.37,77.73,1.5,5.8637
20240124,Udupi,13.3409,74.7421,22.92,76.4,1.32,6.0754
20240125,Udupi,13.3409,74.7421,23.4,75.37,1.19,5.9239
20240126,Udupi,13.3409,74.7421,24.21,73.53,1.16,5.7062
20240127,Udupi,13.3409,74.7421,24.3,66.41,1.29,5.9933
20240128,Udupi,13.3409,74.7421,24.05,70.58,1.32,5.8138
20240129,Udupi,13.3409,74.7421,24.02,68.73,1.19,5.886
20240130,Udupi,13.3409,74.7421,23.5,66.9,1.26,5.8301
20240131,Udupi,13.3409,74.7421,23.6,72.76,1.22,6.1097
20240201,Udupi,13.3409,74.7421,22.98,82.14,1.53,6.1798
20240202,Udupi,13.3409,74.7421,23.21,77.49,1.41,6.3077
20240203,Udupi,13.3409,74.7421,24.82,74.21,1.1,5.9479
20240204,Udupi,13.3409,74.7421,25.55,73.62,1.11,5.6863
20240205,Udupi,13.3409,74.7421,25.36,67.32,0.98,6.0898
20240206,Udupi,13.3409,74.7421,25.45,64.7,0.98,6.3036
20240207,Udupi,13.3409,74.7421,25.36,67.55,1.06,6.2414
20240208,Udupi,13.3409,74.7421,25.41,64.6,1.23,6.0278
20240209,Udupi,13.3409,74.7421,25.52,68.7,1.02,5.9923
20240210,Udupi,13.3409,74.7421,25.56,74.41,1.2,5.7926
20240211,Udupi,13.3409,74.7421,26.07,70.09,1.17,6.1975
20240212,Udupi,13.3409,74.7421,25.62,65.4,1.34,6.4819
20240213,Udupi,13.3409,74.7421,25.13,66.38,1.32,6.3089
20240214,Udupi,13.3409,74.7421,25.87,65.07,1.15,6.2359
20240215,Udupi,13.3409,74.7421,26.06,70.2,1.01,5.8889
20240216,Udupi,13.3409,74.7421,26.24,57.63,1.18,6.6384
20240217,Udupi,13.3409,74.7421,25.99,59.92,1.31,6.3967
20240218,Udupi,13.3409,74.7421,25.51,68.08,1.01,6.3857
20240219,Udupi,13.3409,74.7421,26.0,72.69,1.33,6.2978
20240220,Udupi,13.3409,74.7421,25.91,73.16,1.57,6.2321
20240221,Udupi,13.3409,74.7421,25.18,68.29,1.74,6.695
20240222,Udupi,13.3409,74.7421,24.76,73.39,1.83,6.5765
20240223,Udupi,13.3409,74.7421,24.58,69.31,1.74,6.8045
20240224,Udupi,13.3409,74.7421,24.66,66.41,1.74,6.6192
20240225,Udupi,13.3409,74.7421,26.01,67.01,1.35,6.3418
20240226,Udupi,13.3409,74.7421,27.34,63.11,1.4,6.4853
20240227,Udupi,13.3409,74.7421,27.59,60.98,1.2,6.648
20240228,Udupi,13.3409,74.7421,28.2,57.03,1.09,6.4673
20240229,Udupi,13.3409,74.7421,27.46,58.84,1.34,6.5575
20240301,Udupi,13.3409,74.7421,27.55,61.39,1.19,6.313
20240302,Udupi,13.3409,74.7421,27.15,66.89,1.37,6.3972
20240303,Udupi,13.3409,74.7421,27.1,68.93,1.92,6.4781
20240304,Udupi,13.3409,74.7421,26.89,67.35,1.99,6.3742
20240305,Udupi,13.3409,74.7421,26.97,63.52,1.83,6.6252
20240306,Udupi,13.3409,74.7421,26.65,63.64,1.91,6.5621
20240307,Udupi,13.3409,74.7421,26.74,62.85,1.86,6.8462
20240308,Udupi,13.3409,74.7421,27.03,59.24,1.77,6.7685
20240309,Udupi,13.3409,74.7421,27.12,64.9,1.17,6.5146
20240310,Udupi,13.3409,74.7421,27.23,67.94,1.39,6.0895
20240311,Udupi,13.3409,74.7421,27.85,65.83,1.32,5.9772
20240312,Udupi,13.3409,74.7421,27.94,67.95,1.51,5.831
20240313,Udupi,13.3409,74.7421,27.65,71.2,1.47,5.7734
20240314,Udupi,13.3409,74.7421,27.22,67.75,1.61,6.4442
20240315,Udupi,13.3409,74.7421,27.23,63.2,1.71,6.5822
20240316,Udupi,13.3409,74.7421,27.5,61.11,1.64,6.4961
20240317,Udupi,13.3409,74.7421,27.77,60.36,1.64,6.5506
20240318,Udupi,13.3409,74.7421,27.82,58.56,1.9,6.5657
20240319,Udupi,13.3409,74.7421,27.98,58.23,1.94,6.8016
20240320,Udupi,13.3409,74.7421,28.15,59.04,1.18,6.7937
20240321,Udupi,13.3409,74.7421,28.08,65.95,1.64,6.1543
20240322,Udupi,13.3409,74.7421,28.24,69.86,1.28,5.8303
20240323,Udupi,13.3409,74.7421,28.37,68.9,1.56,6.3216
20240324,Udupi,13.3409,74.7421,28.79,61.0,1.32,6.5004
20240325,Udupi,13.3409,74.7421,28.84,59.28,1.23,6.5911
20240326,Udupi,13.3409,74.7421,28.72,64.94,1.32,6.2554
20240327,Udupi,13.3409,74.7421,29.08,64.37,1.34,6.6533
20240328,Udupi,13.3409,74.7421,28.95,64.52,1.26,6.5954
20240329,Udupi,13.3409,74.7421,29.25,66.54,1.48,6.4306
20240330,Udupi,13.3409,74.7421,29.75,60.99,1.52,6.702
20240331,Udupi,13.3409,74.7421,29.45,63.91,1.51,6.2597
20240401,Udupi,13.3409,74.7421,29.17,66.95,1.44,6.7123
20240402,Udupi,13.3409,74.7421,29.46,63.61,1.5,6.7382
20240403,Udupi,13.3409,74.7421,29.38,63.94,1.49,6.6643
20240404,Udupi,13.3409,74.7421,29.8,60.55,1.48,6.6456
20240405,Udupi,13.3409,74.7421,30.11,61.42,1.6,6.2496
20240406,Udupi,13.3409,74.7421,30.7,59.29,1.28,6.0036
20240407,Udupi,13.3409,74.7421,29.74,63.85,1.45,6.185
20240408,Udupi,13.3409,74.7421,30.41,56.63,1.16,6.7781
20240409,Udupi,13.3409,74.7421,30.17,60.29,1.46,6.6242
20240410,Udupi,13.3409,74.7421,30.42,58.3,1.44,6.9173
20240411,Udupi,13.3409,74.7421,30.2,59.65,1.25,6.648
20240412,Udupi,13.3409,74.7421,30.17,58.23,1.32,6.4435
20240413,Udupi,13.3409,74.7421,29.33,64.15,1.42,6.3871
20240414,Udupi,13.3409,74.7421,29.85,64.5,1.33,6.9286
20240415,Udupi,13.3409,74.7421,30.59,61.51,1.38,7.1544
20240416,Udupi,13.3409,74.7421,30.05,65.07,1.41,6.9662
20240417,Udupi,13.3409,74.7421,29.67,66.75,1.47,5.4041
20240418,Udupi,13.3409,74.7421,29.18,70.83,1.67,5.9117
20240419,Udupi,13.3409,74.7421,28.75,73.91,1.44,5.3124
20240420,Udupi,13.3409,74.7421,27.91,78.67,0.91,2.1929
20240421,Udupi,13.3409,74.7421,28.62,74.27,1.03,6.7577
20240422,Udupi,13.3409,74.7421,28.92,73.53,1.54,6.678
20240423,Udupi,13.3409,74.7421,29.34,70.23,1.58,6.8422
20240424,Udupi,13.3409,74.7421,29.29,68.56,1.19,7.044
20240425,Udupi,13.3409,74.7421,30.14,64.35,1.38,6.9768
20240426,Udupi,13.3409,74.7421,30.15,63.8,1.6,7.1402
20240427,Udupi,13.3409,74.7421,30.46,62.85,1.41,7.2074
20240428,Udupi,13.3409,74.7421,30.63,65.28,1.47,6.9446
20240429,Udupi,13.3409,74.7421,30.52,64.64,1.33,6.8734
20240430,Udupi,13.3409,74.7421,30.11,67.73,1.62,6.5254
20240501,Udupi,13.3409,74.7421,29.6,70.11,1.59,6.4075
20240502,Udupi,13.3409,74.7421,29.9,62.59,1.32,6.6809
20240503,Udupi,13.3409,74.7421,29.42,64.35,1.74,6.9684
20240504,Udupi,13.3409,74.7421,29.21,65.59,1.9,7.3471
20240505,Udupi,13.3409,74.7421,29.08,64.21,1.71,7.015
20240506,Udupi,13.3409,74.7421,29.6,68.04,1.78,6.096
20240507,Udupi,13.3409,74.7421,29.83,68.77,1.71,6.2544
20240508,Udupi,13.3409,74.7421,29.76,67.17,1.68,6.7363
20240509,Udupi,13.3409,74.7421,29.98,63.26,1.79,6.7771
20240510,Udupi,13.3409,74.7421,29.0,69.29,1.45,6.8381
20240511,Udupi,13.3409,74.7421,29.25,70.01,1.37,6.8534
20240512,Udupi,13.3409,74.7421,29.21,71.99,1.55,6.379
20240513,Udupi,13.3409,74.7421,28.51,78.22,0.92,5.7427
20240514,Udupi,13.3409,74.7421,28.1,77.58,0.74,6.1474
20240515,Udupi,13.3409,74.7421,28.24,78.33,1.03,6.8237
20240516,Udupi,13.3409,74.7421,28.39,78.44,1.07,5.8498
20240517,Udupi,13.3409,74.7421,28.49,78.07,1.03,6.1805
20240518,Udupi,13.3409,74.7421,27.61,82.05,1.19,4.9476
20240519,Udupi,13.3409,74.7421,26.88,85.82,1.61,4.4532
20240520,Udupi,13.3409,74.7421,26.95,85.51,1.1,3.0974
20240521,Udupi,13.3409,74.7421,27.53,80.23,1.56,5.8157
20240522,Udupi,13.3409,74.7421,28.17,83.06,1.55,5.5982
20240523,Udupi,13.3409,74.7421,27.76,87.37,1.94,3.961
20240524,Udupi,13.3409,74.7421,26.47,88.42,2.66,2.5728
20240525,Udupi,13.3409,74.7421,26.38,84.02,2.19,2.2992
20240526,Udupi,13.3409,74.7421,26.51,85.86,1.91,2.4619
20240527,Udupi,13.3409,74.7421,26.93,87.4,2.05,4.1342
20240528,Udupi,13.3409,74.7421,27.02,86.14,2.33,4.1388
20240529,Udupi,13.3409,74.7421,27.15,84.67,2.3,5.5987
20240530,Udupi,13.3409,74.7421,27.63,87.18,2.89,5.2286
20240531,Udupi,13.3409,74.7421,27.89,86.47,2.76,6.3696
20240601,Udupi,13.3409,74.7421,27.35,88.68,1.83,6.3734
20240602,Udupi,13.3409,74.7421,27.4,83.97,1.66,5.5178
20240603,Udupi,13.3409,74.7421,26.99,82.39,1.57,3.1315
20240604,Udupi,13.3409,74.7421,26.95,83.77,1.36,3.3694
20240605,Udupi,13.3409,74.7421,27.09,85.41,1.31,4.4357
20240606,Udupi,13.3409,74.7421,26.37,86.07,1.51,4.7616
20240607,Udupi,13.3409,74.7421,25.46,86.3,2.04,1.9174
20240608,Udupi,13.3409,74.7421,26.22,85.23,2.73,1.0325
20240609,Udupi,13.3409,74.7421,25.86,85.75,3.17,1.914
20240610,Udupi,13.3409,74.7421,25.93,83.26,2.21,1.6937
20240611,Udupi,13.3409,74.7421,25.73,84.09,1.93,2.4182
20240612,Udupi,13.3409,74.7421,24.76,81.51,1.83,1.6212
20240613,Udupi,13.3409,74.7421,25.65,79.16,1.52,3.5095
20240614,Udupi,13.3409,74.7421,26.1,84.49,1.22,5.4492
20240615,Udupi,13.3409,74.7421,26.11,87.32,1.76,5.6503
20240616,Udupi,13.3409,74.7421,26.12,84.56,1.45,4.3994
20240617,Udupi,13.3409,74.7421,25.74,83.14,1.36,6.1056
20240618,Udupi,13.3409,74.7421,25.81,82.31,1.19,4.8192
20240619,Udupi,13.3409,74.7421,25.9,85.17,1.52,4.8312
20240620,Udupi,13.3409,74.7421,26.34,86.19,2.11,3.8993
20240621,Udupi,13.3409,74.7421,25.68,86.7,2.2,4.1064
20240622,Udupi,13.3409,74.7421,24.8,86.54,2.2,4.1395
20240623,Udupi,13.3409,74.7421,24.82,87.56,3.18,5.0474
20240624,Udupi,13.3409,74.7421,25.05,85.57,3.05,3.685
20240625,Udupi,13.3409,74.7421,25.08,84.71,3.1,3.4236
20240626,Udupi,13.3409,74.7421,25.07,84.8,2.86,1.0032
20240627,Udupi,13.3409,74.7421,24.57,82.69,2.63,2.5481
20240628,Udupi,13.3409,74.7421,25.61,84.93,2.26,5.0916
20240629,Udupi,13.3409,74.7421,25.7,87.43,2.24,4.5082
20240630,Udupi,13.3409,74.7421,25.01,91.57,2.05,2.2913
20240701,Udupi,13.3409,74.7421,24.93,89.4,2.49,2.4072
20240702,Udupi,13.3409,74.7421,25.5,88.62,1.64,4.1042
20240703,Udupi,13.3409,74.7421,26.14,89.49,1.88,2.6078
20240704,Udupi,13.3409,74.7421,25.19,88.83,2.53,1.5638
20240705,Udupi,13.3409,74.7421,25.05,89.99,2.28,1.0908
20240706,Udupi,13.3409,74.7421,25.55,92.03,2.89,1.0699
20240707,Udupi,13.3409,74.7421,24.8,89.33,2.46,1.8077
20240708,Udupi,13.3409,74.7421,24.55,89.54,2.25,1.2036
20240709,Udupi,13.3409,74.7421,24.61,91.67,2.34,3.8441
20240710,Udupi,13.3409,74.7421,24.7,90.29,1.98,2.413
20240711,Udupi,13.3409,74.7421,24.53,87.61,1.59,4.3135
20240712,Udupi,13.3409,74.7421,24.26,90.99,1.74,1.595
20240713,Udupi,13.3409,74.7421,24.58,92.6,2.47,3.2753
20240714,Udupi,13.3409,74.7421,24.57,91.76,3.41,1.6915
20240715,Udupi,13.3409,74.7421,25.11,94.73,4.12,1.2276
20240716,Udupi,13.3409,74.7421,24.89,93.77,3.89,2.2435
20240717,Udupi,13.3409,74.7421,25.04,94.42,3.39,1.5773
20240718,Udupi,13.3409,74.7421,24.67,94.0,3.78,1.002
20240719,Udupi,13.3409,74.7421,24.75,94.27,3.1,1.3286
20240720,Udupi,13.3409,74.7421,24.86,93.29,2.8,3.5998
20240721,Udupi,13.3409,74.7421,24.61,93.35,2.85,1.5914
20240722,Udupi,13.3409,74.7421,24.68,91.91,2.56,4.393
20240723,Udupi,13.3409,74.7421,24.45,91.32,2.91,1.9853
20240724,Udupi,13.3409,74.7421,24.71,91.66,2.87,3.6703
20240725,Udupi,13.3409,74.7421,24.9,91.83,3.7,1.6313
20240726,Udupi,13.3409,74.7421,24.92,92.05,3.27,3.6451
20240727,Udupi,13.3409,74.7421,25.05,92.43,2.72,3.6403
20240728,Udupi,13.3409,74.7421,25.2,90.71,2.91,3.6053
20240729,Udupi,13.3409,74.7421,25.42,92.53,2.93,3.4097
20240730,Udupi,13.3409,74.7421,25.05,94.71,2.59,1.7256
20240731,Udupi,13.3409,74.7421,24.81,94.06,2.53,2.7156
20240801,Udupi,13.3409,74.7421,24.87,93.04,2.22,2.118
20240802,Udupi,13.3409,74.7421,24.56,92.21,2.21,1.7318
20240803,Udupi,13.3409,74.7421,23.85,91.48,2.12,2.1763
20240804,Udupi,13.3409,74.7421,23.99,91.8,1.87,2.3731
20240805,Udupi,13.3409,74.7421,24.41,91.73,1.55,5.2253
20240806,Udupi,13.3409,74.7421,24.16,92.12,1.69,2.1415
20240807,Udupi,13.3409,74.7421,23.8,92.27,2.0,3.198
20240808,Udupi,13.3409,74.7421,24.34,90.59,1.93,2.4809
20240809,Udupi,13.3409,74.7421,24.72,90.85,1.9,4.5228
20240810,Udupi,13.3409,74.7421,24.72,91.9,1.68,4.944
20240811,Udupi,13.3409,74.7421,24.97,92.84,1.93,5.46
20240812,Udupi,13.3409,74.7421,25.53,90.63,1.81,6.2916
20240813,Udupi,13.3409,74.7421,26.19,89.12,1.96,5.6645
20240814,Udupi,13.3409,74.7421,26.5,89.53,2.21,5.965
20240815,Udupi,13.3409,74.7421,26.98,87.43,1.95,3.5606
20240816,Udupi,13.3409,74.7421,25.89,91.98,2.79,3.1519
20240817,Udupi,13.3409,74.7421,26.06,92.31,3.22,4.0478
20240818,Udupi,13.3409,74.7421,25.65,90.78,2.01,4.7707
20240819,Udupi,13.3409,74.7421,26.25,89.41,1.5,4.6385
20240820,Udupi,13.3409,74.7421,26.15,88.29,1.83,5.0693
20240821,Udupi,13.3409,74.7421,25.28,91.14,3.96,5.1149
20240822,Udupi,13.3409,74.7421,25.07,91.81,2.64,5.1348
20240823,Udupi,13.3409,74.7421,25.03,91.75,2.03,5.3167
20240824,Udupi,13.3409,74.7421,24.86,91.76,2.42,2.5531
20240825,Udupi,13.3409,74.7421,24.76,93.07,2.62,3.6384
20240826,Udupi,13.3409,74.7421,25.06,91.93,2.47,4.8019
20240827,Udupi,13.3409,74.7421,25.15,90.25,2.18,4.5996
20240828,Udupi,13.3409,74.7421,25.05,90.44,2.29,4.3723
20240829,Udupi,13.3409,74.7421,25.21,91.43,2.33,5.4305
20240830,Udupi,13.3409,74.7421,25.3,92.4,1.87,4.8725
20240831,Udupi,13.3409,74.7421,25.04,91.79,2.34,2.4888
20240901,Udupi,13.3409,74.7421,24.59,92.97,2.75,2.8666
20240902,Udupi,13.3409,74.7421,24.88,89.9,2.06,4.9694
20240903,Udupi,13.3409,74.7421,25.29,90.08,2.31,5.2102
20240904,Udupi,13.3409,74.7421,25.12,90.11,2.33,5.383
20240905,Udupi,13.3409,74.7421,25.21,90.69,2.62,4.8943
20240906,Udupi,13.3409,74.7421,25.02,90.21,2.3,5.1953
20240907,Udupi,13.3409,74.7421,24.98,90.72,2.05,4.6438
20240908,Udupi,13.3409,74.7421,25.11,90.81,2.04,3.605
20240909,Udupi,13.3409,74.7421,25.12,92.14,2.24,3.8436
20240910,Udupi,13.3409,74.7421,25.37,90.92,2.43,5.0419
20240911,Udupi,13.3409,74.7421,25.27,88.74,2.26,5.1103
20240912,Udupi,13.3409,74.7421,25.09,88.35,1.79,5.1362
20240913,Udupi,13.3409,74.7421,24.8,89.18,1.5,4.9673
20240914,Udupi,13.3409,74.7421,25.03,87.58,1.54,5.604
20240915,Udupi,13.3409,74.7421,25.15,87.19,1.82,5.6179
20240916,Udupi,13.3409,74.7421,25.02,87.74,2.03,5.6419
20240917,Udupi,13.3409,74.7421,25.25,86.99,2.14,6.257
20240918,Udupi,13.3409,74.7421,24.5,86.34,1.51,5.9767
20240919,Udupi,13.3409,74.7421,24.97,84.34,1.18,6.049
20240920,Udupi,13.3409,74.7421,25.17,84.64,1.35,5.7898
20240921,Udupi,13.3409,74.7421,25.08,87.22,1.6,4.7791
20240922,Udupi,13.3409,74.7421,24.37,88.47,1.54,4.4131
20240923,Udupi,13.3409,74.7421,24.7,90.4,2.17,2.5622
20240924,Udupi,13.3409,74.7421,24.81,91.58,2.24,1.5912
20240925,Udupi,13.3409,74.7421,24.89,90.17,2.36,3.8011
20240926,Udupi,13.3409,74.7421,24.84,87.78,1.9,4.6282
20240927,Udupi,13.3409,74.7421,24.78,90.63,1.25,3.9631
20240928,Udupi,13.3409,74.7421,25.43,87.74,1.23,6.2052
20240929,Udupi,13.3409,74.7421,26.17,87.18,1.69,5.4782
20240930,Udupi,13.3409,74.7421,26.17,90.34,1.52,5.4526
20241001,Udupi,13.3409,74.7421,26.59,88.33,1.0,6.0173
20241002,Udupi,13.3409,74.7421,26.23,88.15,1.13,5.7353
20241003,Udupi,13.3409,74.7421,25.8,87.1,0.93,4.5778
20241004,Udupi,13.3409,74.7421,25.58,86.83,0.91,5.4799
20241005,Udupi,13.3409,74.7421,25.45,85.13,0.78,4.7618
20241006,Udupi,13.3409,74.7421,25.08,88.51,1.32,5.0854
20241007,Udupi,13.3409,74.7421,25.89,83.53,1.41,5.225
20241008,Udupi,13.3409,74.7421,25.3,87.64,1.28,4.9306
20241009,Udupi,13.3409,74.7421,25.3,89.77,2.24,2.6014
20241010,Udupi,13.3409,74.7421,25.44,88.27,2.6,3.4644
20241011,Udupi,13.3409,74.7421,25.37,91.05,2.14,5.3693
20241012,Udupi,13.3409,74.7421,25.7,89.2,1.5,3.3173
20241013,Udupi,13.3409,74.7421,25.68,87.78,1.25,5.0378
20241014,Udupi,13.3409,74.7421,25.53,87.81,0.9,5.2322
20241015,Udupi,13.3409,74.7421,25.26,88.11,1.2,2.2426
20241016,Udupi,13.3409,74.7421,24.44,92.24,2.3,3.0406
20241017,Udupi,13.3409,74.7421,24.75,88.06,1.88,3.66
20241018,Udupi,13.3409,74.7421,24.64,90.78,1.88,4.8005
20241019,Udupi,13.3409,74.7421,25.1,86.57,1.01,4.0416
20241020,Udupi,13.3409,74.7421,25.41,89.28,0.8,3.0586
20241021,Udupi,13.3409,74.7421,25.61,87.49,0.82,4.6162
20241022,Udupi,13.3409,74.7421,26.21,83.66,0.78,5.5836
20241023,Udupi,13.3409,74.7421,26.52,84.55,0.8,5.6352
20241024,Udupi,13.3409,74.7421,26.18,85.9,1.19,4.8005
20241025,Udupi,13.3409,74.7421,25.58,86.83,1.16,5.1737
20241026,Udupi,13.3409,74.7421,25.69,82.9,1.02,5.2039
20241027,Udupi,13.3409,74.7421,25.42,85.16,1.28,4.9896
20241028,Udupi,13.3409,74.7421,25.37,84.69,1.31,2.5214
20241029,Udupi,13.3409,74.7421,25.31,84.95,1.21,4.9073
20241030,Udupi,13.3409,74.7421,25.79,84.16,1.11,5.3885
20241031,Udupi,13.3409,74.7421,26.17,85.44,1.05,4.9478
20241101,Udupi,13.3409,74.7421,26.07,87.56,1.36,5.1142
20241102,Udupi,13.3409,74.7421,26.21,80.71,1.02,5.7026
20241103,Udupi,13.3409,74.7421,25.93,83.18,1.17,5.7607
20241104,Udupi,13.3409,74.7421,25.87,83.72,0.66,5.1778
20241105,Udupi,13.3409,74.7421,25.69,82.64,1.09,5.417
20241106,Udupi,13.3409,74.7421,25.82,76.7,0.92,5.501
20241107,Udupi,13.3409,74.7421,25.64,79.96,1.11,5.4149
20241108,Udupi,13.3409,74.7421,25.68,82.16,1.23,5.4326
20241109,Udupi,13.3409,74.7421,26.15,76.62,0.95,5.4998
20241110,Udupi,13.3409,74.7421,25.88,76.4,0.88,5.6976
20241111,Udupi,13.3409,74.7421,24.81,79.27,1.36,5.0904
20241112,Udupi,13.3409,74.7421,24.49,79.08,1.76,4.897
20241113,Udupi,13.3409,74.7421,25.89,80.37,1.36,5.2531
20241114,Udupi,13.3409,74.7421,26.53,81.22,1.12,4.9262
20241115,Udupi,13.3409,74.7421,26.51,82.21,0.9,5.1401
20241116,Udupi,13.3409,74.7421,26.57,81.06,1.18,4.9306
20241117,Udupi,13.3409,74.7421,26.68,80.78,1.09,4.3349
20241118,Udupi,13.3409,74.7421,26.4,80.3,1.21,4.7983
20241119,Udupi,13.3409,74.7421,26.1,79.38,1.09,4.8456
20241120,Udupi,13.3409,74.7421,25.36,78.81,1.32,4.6634
20241121,Udupi,13.3409,74.7421,25.4,75.51,1.02,4.9848
20241122,Udupi,13.3409,74.7421,24.99,73.54,1.05,5.0614
20241123,Udupi,13.3409,74.7421,25.09,75.13,0.64,5.1346
20241124,Udupi,13.3409,74.7421,24.82,75.42,1.0,5.1055
20241125,Udupi,13.3409,74.7421,23.77,78.7,1.72,4.854
20241126,Udupi,13.3409,74.7421,24.53,78.37,1.35,4.8041
20241127,Udupi,13.3409,74.7421,25.32,78.83,1.39,4.218
20241128,Udupi,13.3409,74.7421,24.03,78.91,1.83,4.6447
20241129,Udupi,13.3409,74.7421,23.7,79.16,1.91,5.3465
20241130,Udupi,13.3409,74.7421,25.24,83.45,1.79,3.9173
20241201,Udupi,13.3409,74.7421,25.43,84.6,1.66,4.3296
20241202,Udupi,13.3409,74.7421,25.11,88.54,1.66,2.9184
20241203,Udupi,13.3409,74.7421,24.93,92.11,1.83,1.1482
20241204,Udupi,13.3409,74.7421,25.42,83.31,1.07,2.3458
20241205,Udupi,13.3409,74.7421,25.15,87.14,0.71,5.1406
20241206,Udupi,13.3409,74.7421,26.24,82.89,0.65,5.179
20241207,Udupi,13.3409,74.7421,25.82,86.46,1.16,4.2355
20241208,Udupi,13.3409,74.7421,25.11,91.4,1.4,3.433
20241209,Udupi,13.3409,74.7421,25.37,83.14,1.01,4.2958
20241210,Udupi,13.3409,74.7421,25.78,80.82,0.85,4.4952
20241211,Udupi,13.3409,74.7421,25.89,79.52,1.1,5.0268
20241212,Udupi,13.3409,74.7421,25.41,81.12,1.48,4.5478
20241213,Udupi,13.3409,74.7421,25.38,78.76,1.51,4.3142
20241214,Udupi,13.3409,74.7421,25.62,76.73,1.2,4.9836
20241215,Udupi,13.3409,74.7421,23.84,71.86,1.36,5.1653
20241216,Udupi,13.3409,74.7421,22.27,72.82,1.46,5.3858
20241217,Udupi,13.3409,74.7421,23.08,68.85,0.96,5.6225
20241218,Udupi,13.3409,74.7421,24.06,70.81,0.73,5.364
20241219,Udupi,13.3409,74.7421,25.49,80.79,1.1,5.0654
20241220,Udupi,13.3409,74.7421,25.56,83.2,1.58,4.4815
20241221,Udupi,13.3409,74.7421,24.74,83.91,1.71,4.5746
20241222,Udupi,13.3409,74.7421,24.28,83.99,1.47,4.6522
20241223,Udupi,13.3409,74.7421,24.08,83.55,1.47,3.4642
20241224,Udupi,13.3409,74.7421,24.2,84.5,1.39,4.0702
20241225,Udupi,13.3409,74.7421,24.67,81.17,1.06,4.6493
20241226,Udupi,13.3409,74.7421,25.31,79.43,0.99,5.2152
20241227,Udupi,13.3409,74.7421,25.91,78.17,1.43,4.9706
20241228,Udupi,13.3409,74.7421,25.38,71.22,1.06,5.634
20241229,Udupi,13.3409,74.7421,24.65,71.8,1.09,5.6002
20241230,Udupi,13.3409,74.7421,24.39,73.47,1.64,5.305
20241231,Udupi,13.3409,74.7421,24.46,70.28,1.96,5.5063
20250101,Udupi,13.3409,74.7421,23.43,71.37,1.95,5.3938
20250102,Udupi,13.3409,74.7421,23.36,73.87,1.22,3.8789
20250103,Udupi,13.3409,74.7421,23.5,71.34,1.48,5.4732
20250104,Udupi,13.3409,74.7421,22.61,66.52,1.19,5.7792
20250105,Udupi,13.3409,74.7421,22.52,70.73,1.1,5.6086
20250106,Udupi,13.3409,74.7421,22.61,73.39,1.34,5.4638
20250107,Udupi,13.3409,74.7421,23.05,66.42,1.17,5.5834
20250108,Udupi,13.3409,74.7421,22.31,69.5,1.26,5.2682
20250109,Udupi,13.3409,74.7421,22.64,66.77,1.38,5.2654
20250110,Udupi,13.3409,74.7421,23.74,70.97,1.05,4.8271
20250111,Udupi,13.3409,74.7421,24.6,75.99,1.01,4.9982
20250112,Udupi,13.3409,74.7421,25.21,76.55,1.1,4.9594
20250113,Udupi,13.3409,74.7421,25.27,76.26,0.98,5.5082
20250114,Udupi,13.3409,74.7421,25.11,78.48,0.99,4.5187
20250115,Udupi,13.3409,74.7421,24.82,68.83,1.21,4.0865
20250116,Udupi,13.3409,74.7421,24.69,68.89,1.17,5.3642
20250117,Udupi,13.3409,74.7421,24.78,71.09,1.45,5.3237
20250118,Udupi,13.3409,74.7421,24.26,71.07,1.35,4.4942
20250119,Udupi,13.3409,74.7421,24.69,76.48,1.31,5.3381
20250120,Udupi,13.3409,74.7421,24.93,71.37,1.15,5.597
20250121,Udupi,13.3409,74.7421,23.49,68.71,1.53,5.8303
20250122,Udupi,13.3409,74.7421,23.86,63.99,1.13,5.9635
20250123,Udupi,13.3409,74.7421,25.29,69.53,0.81,5.5615
20250124,Udupi,13.3409,74.7421,24.46,65.85,0.91,5.7653
20250125,Udupi,13.3409,74.7421,23.32,62.88,1.44,6.2098
20250126,Udupi,13.3409,74.7421,22.96,60.62,1.53,6.3288
20250127,Udupi,13.3409,74.7421,23.4,64.05,1.36,6.1574
20250128,Udupi,13.3409,74.7421,23.51,67.73,1.35,4.9898
20250129,Udupi,13.3409,74.7421,24.66,61.09,1.16,5.9844
20250130,Udupi,13.3409,74.7421,24.86,67.55,1.49,5.6983
20250131,Udupi,13.3409,74.7421,25.1,64.46,0.81,5.796
20250201,Udupi,13.3409,74.7421,25.99,61.55,1.15,5.8452
20250202,Udupi,13.3409,74.7421,25.81,61.69,1.24,5.7386
20250203,Udupi,13.3409,74.7421,25.22,60.19,1.22,6.215
20250204,Udupi,13.3409,74.7421,25.43,68.56,1.21,6.2431
20250205,Udupi,13.3409,74.7421,25.47,61.71,1.04,6.2086
20250206,Udupi,13.3409,74.7421,25.4,58.4,1.11,6.252
20250207,Udupi,13.3409,74.7421,25.5,59.39,1.13,6.2306
20250208,Udupi,13.3409,74.7421,25.76,55.7,1.09,6.0336
20250209,Udupi,13.3409,74.7421,26.22,57.87,1.11,5.6429
20250210,Udupi,13.3409,74.7421,26.18,60.43,0.81,5.9316
20250211,Udupi,13.3409,74.7421,25.73,57.2,1.3,6.1452
20250212,Udupi,13.3409,74.7421,25.96,48.65,1.28,6.4334
20250213,Udupi,13.3409,74.7421,25.89,55.25,1.14,6.138
20250214,Udupi,13.3409,74.7421,25.86,56.86,0.96,5.9609
20250215,Udupi,13.3409,74.7421,26.12,52.7,1.2,6.1404
20250216,Udupi,13.3409,74.7421,25.82,55.12,1.41,6.2904
20250217,Udupi,13.3409,74.7421,25.93,62.25,1.65,6.2006
20250218,Udupi,13.3409,74.7421,26.3,66.27,1.14,6.066
20250219,Udupi,13.3409,74.7421,26.16,67.9,1.26,6.0134
20250220,Udupi,13.3409,74.7421,27.03,65.98,1.15,5.8327
20250221,Udupi,13.3409,74.7421,27.37,68.07,1.1,5.8399
20250222,Udupi,13.3409,74.7421,27.88,58.68,1.28,5.8649
20250223,Udupi,13.3409,74.7421,27.45,51.39,1.06,5.67
20250224,Udupi,13.3409,74.7421,26.97,45.57,1.97,6.5522
20250225,Udupi,13.3409,74.7421,26.55,45.2,1.67,6.6055
20250226,Udupi,13.3409,74.7421,27.36,49.33,1.54,6.6974
20250227,Udupi,13.3409,74.7421,27.61,47.25,1.48,6.4224
20250228,Udupi,13.3409,74.7421,27.71,47.55,1.23,6.1202
20250301,Udupi,13.3409,74.7421,27.73,50.82,1.51,6.2515
20250302,Udupi,13.3409,74.7421,28.28,50.97,1.33,6.5486
20250303,Udupi,13.3409,74.7421,28.74,60.96,1.12,5.6083
20250304,Udupi,13.3409,74.7421,28.56,49.72,1.1,4.3627
20250305,Udupi,13.3409,74.7421,27.74,62.09,1.51,5.7468
20250306,Udupi,13.3409,74.7421,28.41,60.25,1.13,6.4354
20250307,Udupi,13.3409,74.7421,26.84,47.93,1.44,6.8177
20250308,Udupi,13.3409,74.7421,27.57,60.62,1.31,6.8976
20250309,Udupi,13.3409,74.7421,27.72,53.11,1.41,6.6084
20250310,Udupi,13.3409,74.7421,28.45,53.68,0.91,6.6425
20250311,Udupi,13.3409,74.7421,28.77,44.34,1.53,6.9041
20250312,Udupi,13.3409,74.7421,28.98,60.62,1.57,6.8587
20250313,Udupi,13.3409,74.7421,27.89,72.32,1.24,5.2476
20250314,Udupi,13.3409,74.7421,28.04,72.87,1.29,6.4073
20250315,Udupi,13.3409,74.7421,27.89,72.33,1.21,6.4462
20250316,Udupi,13.3409,74.7421,27.91,69.46,0.95,6.6242
20250317,Udupi,13.3409,74.7421,26.98,75.52,1.28,5.4118
20250318,Udupi,13.3409,74.7421,27.75,72.21,1.41,6.3967
20250319,Udupi,13.3409,74.7421,28.21,69.62,1.19,6.318
20250320,Udupi,13.3409,74.7421,28.5,68.9,1.46,6.349
20250321,Udupi,13.3409,74.7421,28.87,62.26,1.67,6.6082
20250322,Udupi,13.3409,74.7421,28.77,54.86,1.85,6.8491
20250323,Udupi,13.3409,74.7421,28.57,57.15,1.5,6.9418
20250324,Udupi,13.3409,74.7421,28.77,60.99,1.58,6.7368
20250325,Udupi,13.3409,74.7421,28.73,66.36,1.71,5.832
20250326,Udupi,13.3409,74.7421,28.28,68.96,1.55,4.5698
20250327,Udupi,13.3409,74.7421,28.29,63.98,1.96,6.1315
20250328,Udupi,13.3409,74.7421,28.86,62.79,1.69,6.3653
20250329,Udupi,13.3409,74.7421,28.65,65.52,1.57,5.8675
20250330,Udupi,13.3409,74.7421,29.01,65.59,1.3,6.0221
20250331,Udupi,13.3409,74.7421,29.04,65.28,1.38,5.5733
20250401,Udupi,13.3409,74.7421,28.47,66.1,1.4,6.2076
20250402,Udupi,13.3409,74.7421,28.29,67.14,1.5,6.1954
20250403,Udupi,13.3409,74.7421,27.36,73.55,1.6,4.7196
20250404,Udupi,13.3409,74.7421,28.93,66.51,1.48,6.912
20250405,Udupi,13.3409,74.7421,28.82,68.19,1.23,6.0478
20250406,Udupi,13.3409,74.7421,29.22,66.57,1.41,6.6713
20250407,Udupi,13.3409,74.7421,29.82,61.16,1.32,6.6778
20250408,Udupi,13.3409,74.7421,29.6,63.63,1.23,6.5674
20250409,Udupi,13.3409,74.7421,29.28,63.52,1.27,6.5069
20250410,Udupi,13.3409,74.7421,27.98,67.93,1.44,6.4519
20250411,Udupi,13.3409,74.7421,27.78,71.42,1.6,6.2753
20250412,Udupi,13.3409,74.7421,27.94,68.61,1.43,6.3254
20250413,Udupi,13.3409,74.7421,28.65,65.25,1.6,6.8266
20250414,Udupi,13.3409,74.7421,28.9,67.46,1.45,6.2184
20250415,Udupi,13.3409,74.7421,29.23,64.87,1.42,6.6614
20250416,Udupi,13.3409,74.7421,28.72,65.8,1.36,6.6732
20250417,Udupi,13.3409,74.7421,28.69,65.43,1.65,5.8553
20250418,Udupi,13.3409,74.7421,28.41,68.24,1.61,6.6101
20250419,Udupi,13.3409,74.7421,28.67,68.86,1.61,6.0634
20250420,Udupi,13.3409,74.7421,28.62,70.26,1.56,5.6971
20250421,Udupi,13.3409,74.7421,29.39,68.21,1.61,6.192
20250422,Udupi,13.3409,74.7421,29.87,63.15,1.66,6.8198
20250423,Udupi,13.3409,74.7421,29.22,69.51,1.8,6.4997
20250424,Udupi,13.3409,74.7421,29.01,68.86,1.68,6.3036
20250425,Udupi,13.3409,74.7421,28.93,72.38,1.82,6.474
20250426,Udupi,13.3409,74.7421,29.5,68.89,1.63,6.4234
20250427,Udupi,13.3409,74.7421,27.94,76.9,1.4,6.222
20250428,Udupi,13.3409,74.7421,28.24,75.92,1.27,6.6322
20250429,Udupi,13.3409,74.7421,29.08,72.28,1.44,6.6708
20250430,Udupi,13.3409,74.7421,28.28,75.94,1.43,6.4162
20250501,Udupi,13.3409,74.7421,28.54,73.7,1.36,6.7747
20250502,Udupi,13.3409,74.7421,28.72,71.24,1.53,6.8126
20250503,Udupi,13.3409,74.7421,27.92,74.12,1.34,6.6367
20250504,Udupi,13.3409,74.7421,28.17,69.33,1.55,7.1822
20250505,Udupi,13.3409,74.7421,28.2,71.15,1.65,7.3618
20250506,Udupi,13.3409,74.7421,28.27,71.03,1.76,7.3349
20250507,Udupi,13.3409,74.7421,28.49,68.0,2.34,7.2991
20250508,Udupi,13.3409,74.7421,27.74,67.17,2.26,7.026
20250509,Udupi,13.3409,74.7421,27.53,65.64,1.83,7.3524
20250510,Udupi,13.3409,74.7421,27.52,70.24,1.51,6.81
20250511,Udupi,13.3409,74.7421,28.24,70.17,1.65,6.9538
20250512,Udupi,13.3409,74.7421,28.51,69.49,1.59,6.6624
20250513,Udupi,13.3409,74.7421,27.58,78.82,1.67,6.4966
20250514,Udupi,13.3409,74.7421,27.03,78.35,1.62,6.3823
20250515,Udupi,13.3409,74.7421,26.55,82.98,1.18,5.287
20250516,Udupi,13.3409,74.7421,26.46,85.21,1.46,3.7152
20250517,Udupi,13.3409,74.7421,26.98,80.82,1.54,5.7122
20250518,Udupi,13.3409,74.7421,26.81,83.77,2.09,5.1211
20250519,Udupi,13.3409,74.7421,26.52,87.97,3.14,3.8947
20250520,Udupi,13.3409,74.7421,26.65,88.89,4.26,0.8707
20250521,Udupi,13.3409,74.7421,25.9,91.15,3.8,2.0023
20250522,Udupi,13.3409,74.7421,26.46,85.42,2.98,4.8878
20250523,Udupi,13.3409,74.7421,26.82,85.03,3.13,3.8071
20250524,Udupi,13.3409,74.7421,26.29,89.48,4.15,4.1621
20250525,Udupi,13.3409,74.7421,26.4,87.81,3.5,1.0601
20250526,Udupi,13.3409,74.7421,25.5,90.03,3.12,1.6313
20250527,Udupi,13.3409,74.7421,25.31,86.61,2.43,4.1165
20250528,Udupi,13.3409,74.7421,25.65,85.71,2.62,1.997
20250529,Udupi,13.3409,74.7421,25.2,88.07,2.61,2.0849
20250530,Udupi,13.3409,74.7421,26.01,90.66,3.19,3.6394
20250531,Udupi,13.3409,74.7421,26.01,86.7,2.16,5.9117
20250601,Udupi,13.3409,74.7421,25.63,85.27,1.65,5.6554
20250602,Udupi,13.3409,74.7421,26.25,87.67,1.97,5.6794
20250603,Udupi,13.3409,74.7421,26.38,86.69,1.63,4.9231
20250604,Udupi,13.3409,74.7421,25.6,85.39,1.4,5.1202
20250605,Udupi,13.3409,74.7421,25.75,83.49,1.69,6.3062
20250606,Udupi,13.3409,74.7421,25.95,83.94,1.65,6.8796
20250607,Udupi,13.3409,74.7421,25.8,85.65,1.75,5.0623
20250608,Udupi,13.3409,74.7421,26.25,85.18,2.35,6.3389
20250609,Udupi,13.3409,74.7421,26.16,84.07,2.45,3.6756
20250610,Udupi,13.3409,74.7421,26.05,87.24,2.49,5.3122
20250611,Udupi,13.3409,74.7421,26.18,89.38,2.73,1.4734
20250612,Udupi,13.3409,74.7421,25.31,92.85,3.76,1.1345
20250613,Udupi,13.3409,74.7421,25.4,92.32,3.16,2.5332
20250614,Udupi,13.3409,74.7421,24.84,90.28,4.04,2.137
20250615,Udupi,13.3409,74.7421,24.97,91.55,4.07,1.3838
20250616,Udupi,13.3409,74.7421,25.09,88.73,3.67,1.8917
20250617,Udupi,13.3409,74.7421,25.91,91.4,2.58,3.6734
20250618,Udupi,13.3409,74.7421,25.89,90.87,2.24,5.5346
20250619,Udupi,13.3409,74.7421,25.86,89.62,2.52,5.1898
20250620,Udupi,13.3409,74.7421,25.9,89.71,2.53,5.2646
20250621,Udupi,13.3409,74.7421,25.84,88.86,2.67,5.7012
20250622,Udupi,13.3409,74.7421,25.83,89.73,2.56,2.4737
20250623,Udupi,13.3409,74.7421,25.35,91.56,2.46,3.5825
20250624,Udupi,13.3409,74.7421,24.9,91.32,2.25,2.3916
20250625,Udupi,13.3409,74.7421,25.43,92.45,2.23,3.8686
20250626,Udupi,13.3409,74.7421,25.57,91.95,2.49,2.0849
20250627,Udupi,13.3409,74.7421,25.36,91.36,2.35,4.921
20250628,Udupi,13.3409,74.7421,25.61,88.98,2.51,5.2594
20250629,Udupi,13.3409,74.7421,25.29,88.96,2.51,4.7486
20250630,Udupi,13.3409,74.7421,25.46,88.77,2.51,5.2558
20250701,Udupi,13.3409,74.7421,25.37,89.03,2.21,4.3894
20250702,Udupi,13.3409,74.7421,25.28,91.51,2.42,3.1642
20250703,Udupi,13.3409,74.7421,24.73,88.94,2.01,1.974
20250704,Udupi,13.3409,74.7421,24.37,91.88,2.07,2.5397
20250705,Udupi,13.3409,74.7421,24.74,92.41,2.28,2.0386
20250706,Udupi,13.3409,74.7421,25.11,91.67,2.82,4.2259
20250707,Udupi,13.3409,74.7421,25.0,91.05,2.61,3.1658
20250708,Udupi,13.3409,74.7421,25.1,90.78,2.52,4.7695
20250709,Udupi,13.3409,74.7421,25.28,89.95,2.57,5.0894
20250710,Udupi,13.3409,74.7421,25.25,90.37,2.48,4.8514
20250711,Udupi,13.3409,74.7421,25.36,91.24,2.42,2.8553
20250712,Udupi,13.3409,74.7421,25.21,90.83,2.18,2.322
20250713,Udupi,13.3409,74.7421,25.14,91.92,2.46,4.3126
20250714,Udupi,13.3409,74.7421,24.82,93.35,2.56,2.1619
20250715,Udupi,13.3409,74.7421,24.95,92.6,2.68,1.3214
20250716,Udupi,13.3409,74.7421,25.01,92.92,2.96,3.3816
20250717,Udupi,13.3409,74.7421,24.76,91.95,3.08,2.935
20250718,Udupi,13.3409,74.7421,24.61,92.56,3.16,1.3862
20250719,Udupi,13.3409,74.7421,24.63,93.31,3.19,1.6073
20250720,Udupi,13.3409,74.7421,24.63,93.42,3.18,1.7407
20250721,Udupi,13.3409,74.7421,24.1,91.94,1.79,2.3477
20250722,Udupi,13.3409,74.7421,24.23,90.68,1.57,1.6363
20250723,Udupi,13.3409,74.7421,24.39,93.27,2.68,1.8607
20250724,Udupi,13.3409,74.7421,24.39,94.04,2.72,1.5233
20250725,Udupi,13.3409,74.7421,24.33,93.03,3.15,1.9846
20250726,Udupi,13.3409,74.7421,24.34,93.01,3.34,2.2188
20250727,Udupi,13.3409,74.7421,24.28,91.97,2.73,5.2634
20250728,Udupi,13.3409,74.7421,24.15,91.2,2.54,4.4354
20250729,Udupi,13.3409,74.7421,24.33,91.67,2.56,3.5966
20250730,Udupi,13.3409,74.7421,24.58,91.27,2.41,4.0363
20250731,Udupi,13.3409,74.7421,24.75,90.63,2.34,4.2902
20250801,Udupi,13.3409,74.7421,24.67,90.73,2.34,4.6008
20250802,Udupi,13.3409,74.7421,24.66,90.0,2.57,3.6895
20250803,Udupi,13.3409,74.7421,24.58,91.01,2.27,4.0838
20250804,Udupi,13.3409,74.7421,24.66,91.83,2.7,5.2306
20250805,Udupi,13.3409,74.7421,24.68,93.35,3.41,3.2035
20250806,Udupi,13.3409,74.7421,24.31,94.51,3.81,5.263
20250807,Udupi,13.3409,74.7421,24.39,92.08,2.31,3.4174
20250808,Udupi,13.3409,74.7421,24.25,92.82,2.07,2.747
20250809,Udupi,13.3409,74.7421,24.27,90.58,1.88,3.485
20250810,Udupi,13.3409,74.7421,23.74,88.88,1.41,3.3053
20250811,Udupi,13.3409,74.7421,23.38,89.13,1.38,3.246
20250812,Udupi,13.3409,74.7421,23.42,86.99,1.2,3.0096
20250813,Udupi,13.3409,74.7421,23.45,91.76,1.73,2.1154
20250814,Udupi,13.3409,74.7421,23.83,93.6,2.41,1.6634
20250815,Udupi,13.3409,74.7421,23.95,93.45,2.71,3.0514
20250816,Udupi,13.3409,74.7421,24.32,93.78,2.69,3.9245
20250817,Udupi,13.3409,74.7421,24.07,93.8,3.02,1.0565
20250818,Udupi,13.3409,74.7421,23.8,91.86,3.13,2.5159
20250819,Udupi,13.3409,74.7421,23.59,92.71,2.45,3.247
20250820,Udupi,13.3409,74.7421,23.6,90.3,2.16,4.7489
20250821,Udupi,13.3409,74.7421,24.25,90.97,1.73,4.6243
20250822,Udupi,13.3409,74.7421,24.48,90.61,1.9,5.0078
20250823,Udupi,13.3409,74.7421,24.17,90.19,1.75,4.7182
20250824,Udupi,13.3409,74.7421,24.43,87.59,1.79,5.9534
20250825,Udupi,13.3409,74.7421,24.33,86.33,1.84,5.6774
20250826,Udupi,13.3409,74.7421,24.45,89.26,1.91,3.2201
20250827,Udupi,13.3409,74.7421,24.41,91.97,2.32,1.1484
20250828,Udupi,13.3409,74.7421,24.2,92.48,2.17,1.7194
20250829,Udupi,13.3409,74.7421,24.44,92.48,2.62,2.3791
20250830,Udupi,13.3409,74.7421,24.48,92.76,2.39,4.309
20250831,Udupi,13.3409,74.7421,24.75,91.54,2.36,3.7834
20250901,Udupi,13.3409,74.7421,24.52,90.33,2.61,4.9603
20250902,Udupi,13.3409,74.7421,24.29,90.96,2.51,3.9756
20250903,Udupi,13.3409,74.7421,24.58,91.1,2.66,3.9557
20250904,Udupi,13.3409,74.7421,24.7,90.21,2.5,5.0378
20250905,Udupi,13.3409,74.7421,24.56,89.57,1.76,4.8139
20250906,Udupi,13.3409,74.7421,24.52,89.83,1.56,4.4729
20250907,Udupi,13.3409,74.7421,24.31,89.1,1.66,5.1281
20250908,Udupi,13.3409,74.7421,24.31,87.84,1.42,4.739
20250909,Udupi,13.3409,74.7421,25.05,86.43,1.58,6.1438
20250910,Udupi,13.3409,74.7421,25.53,84.83,1.75,6.5647
20250911,Udupi,13.3409,74.7421,24.45,87.62,1.8,5.1398
20250912,Udupi,13.3409,74.7421,24.83,86.01,1.95,5.7422
20250913,Udupi,13.3409,74.7421,24.57,87.57,1.91,4.8854
20250914,Udupi,13.3409,74.7421,24.61,86.52,1.48,4.818
20250915,Udupi,13.3409,74.7421,24.24,91.07,1.79,4.7945
20250916,Udupi,13.3409,74.7421,24.63,90.28,1.97,3.4301
20250917,Udupi,13.3409,74.7421,24.64,90.85,2.3,3.5825
20250918,Udupi,13.3409,74.7421,24.48,92.05,2.26,4.1412
20250919,Udupi,13.3409,74.7421,24.39,90.44,1.69,5.2942
20250920,Udupi,13.3409,74.7421,24.47,89.73,1.53,5.4113
20250921,Udupi,13.3409,74.7421,24.72,88.92,1.8,5.0491
20250922,Udupi,13.3409,74.7421,24.17,89.62,1.43,3.8945
20250923,Udupi,13.3409,74.7421,24.03,89.81,1.37,4.3867
20250924,Udupi,13.3409,74.7421,24.2,87.88,1.48,4.3522
20250925,Udupi,13.3409,74.7421,24.3,88.33,1.4,5.2872
20250926,Udupi,13.3409,74.7421,24.69,88.33,2.1,4.6577
20250927,Udupi,13.3409,74.7421,22.76,91.61,1.53,3.1126
20250928,Udupi,13.3409,74.7421,24.24,89.86,1.84,3.6086
20250929,Udupi,13.3409,74.7421,24.5,89.23,2.11,5.3779
20250930,Udupi,13.3409,74.7421,24.52,88.53,1.67,5.5406
20251001,Udupi,13.3409,74.7421,24.61,89.02,1.52,4.7683
20251002,Udupi,13.3409,74.7421,24.92,89.57,1.44,4.3234
20251003,Udupi,13.3409,74.7421,25.31,86.23,1.07,6.1476
20251004,Udupi,13.3409,74.7421,25.16,86.62,1.13,5.8622
20251005,Udupi,13.3409,74.7421,25.2,85.66,1.57,6.4286
20251006,Udupi,13.3409,74.7421,24.63,84.66,1.82,6.3886
20251007,Udupi,13.3409,74.7421,24.74,85.5,1.69,6.0377
20251008,Udupi,13.3409,74.7421,25.96,85.35,1.42,6.1452
20251009,Udupi,13.3409,74.7421,25.5,89.4,1.3,5.4631
20251010,Udupi,13.3409,74.7421,25.39,90.48,1.46,4.4688
20251011,Udupi,13.3409,74.7421,25.66,85.59,1.77,4.4765
20251012,Udupi,13.3409,74.7421,25.21,82.49,1.55,6.2256
20251013,Udupi,13.3409,74.7421,24.56,84.18,1.51,5.5757
20251014,Udupi,13.3409,74.7421,26.39,83.23,1.17,5.5159
20251015,Udupi,13.3409,74.7421,26.51,83.29,1.21,4.7594
20251016,Udupi,13.3409,74.7421,26.54,83.05,0.86,5.3844
20251017,Udupi,13.3409,74.7421,26.89,82.7,1.1,5.8642
20251018,Udupi,13.3409,74.7421,25.89,87.84,1.2,5.4329
20251019,Udupi,13.3409,74.7421,26.05,86.16,1.73,5.6088
20251020,Udupi,13.3409,74.7421,25.74,86.87,1.08,5.2279
20251021,Udupi,13.3409,74.7421,26.22,83.0,1.07,5.2846
20251022,Udupi,13.3409,74.7421,25.21,85.94,1.13,3.5599
20251023,Udupi,13.3409,74.7421,24.9,88.55,2.71,3.3089
20251024,Udupi,13.3409,74.7421,24.85,89.43,2.51,2.761
20251025,Udupi,13.3409,74.7421,25.25,88.06,2.02,4.075
20251026,Udupi,13.3409,74.7421,25.67,88.69,1.74,2.9474
20251027,Udupi,13.3409,74.7421,24.95,92.55,2.35,2.0645
20251028,Udupi,13.3409,74.7421,24.52,88.37,1.58,4.5043
20251029,Udupi,13.3409,74.7421,24.66,84.29,2.07,4.5439
20251030,Udupi,13.3409,74.7421,24.69,84.05,2.02,5.5106
20251031,Udupi,13.3409,74.7421,24.77,82.4,1.85,4.6356
20251101,Udupi,13.3409,74.7421,24.06,82.75,1.41,5.7943
20251102,Udupi,13.3409,74.7421,24.56,85.72,1.47,5.5231
20251103,Udupi,13.3409,74.7421,24.55,86.54,1.66,5.6729
20251104,Udupi,13.3409,74.7421,24.5,88.38,1.87,3.8657
20251105,Udupi,13.3409,74.7421,24.36,85.68,2.1,5.9102
20251106,Udupi,13.3409,74.7421,22.86,80.07,1.54,5.988
20251107,Udupi,13.3409,74.7421,23.6,83.5,1.69,5.7835
20251108,Udupi,13.3409,74.7421,24.66,81.63,1.27,3.0542
20251109,Udupi,13.3409,74.7421,22.18,74.82,1.93,5.9582
20251110,Udupi,13.3409,74.7421,22.3,78.53,1.62,5.7643
20251111,Udupi,13.3409,74.7421,23.73,77.54,1.32,5.7403
20251112,Udupi,13.3409,74.7421,25.06,78.59,0.96,5.1487
20251113,Udupi,13.3409,74.7421,24.96,81.15,1.26,4.7138
20251114,Udupi,13.3409,74.7421,23.58,78.26,1.92,4.6373
20251115,Udupi,13.3409,74.7421,23.0,74.16,1.36,5.4336
20251116,Udupi,13.3409,74.7421,23.71,77.79,1.44,5.3842
20251117,Udupi,13.3409,74.7421,23.78,76.71,1.64,5.2315
20251118,Udupi,13.3409,74.7421,24.48,76.16,1.4,5.1002
20251119,Udupi,13.3409,74.7421,25.34,80.5,1.18,5.1497
20251120,Udupi,13.3409,74.7421,25.14,77.86,1.17,5.5536
20251121,Udupi,13.3409,74.7421,25.52,76.87,1.02,5.2627
20251122,Udupi,13.3409,74.7421,25.79,81.73,1.17,4.3229
20251123,Udupi,13.3409,74.7421,25.6,81.09,1.06,4.2036
20251124,Udupi,13.3409,74.7421,25.51,83.11,1.11,5.3078
20251125,Udupi,13.3409,74.7421,24.89,75.96,1.36,4.8996
20251126,Udupi,13.3409,74.7421,23.92,75.79,1.72,4.9426
20251127,Udupi,13.3409,74.7421,23.74,74.66,1.59,5.2339
20251128,Udupi,13.3409,74.7421,23.15,76.11,1.66,4.5746
20251129,Udupi,13.3409,74.7421,23.26,72.71,1.19,4.5142
20251130,Udupi,13.3409,74.7421,24.44,77.7,1.13,4.8002
20251201,Udupi,13.3409,74.7421,24.81,78.73,1.15,5.1636
20251202,Udupi,13.3409,74.7421,24.76,79.32,1.02,5.2298
20251203,Udupi,13.3409,74.7421,25.27,80.65,1.41,5.2188
20251204,Udupi,13.3409,74.7421,24.35,86.78,1.56,4.7998
20251205,Udupi,13.3409,74.7421,25.31,79.39,1.1,3.9482
20251206,Udupi,13.3409,74.7421,23.96,77.71,1.62,4.2523
20251207,Udupi,13.3409,74.7421,24.41,75.66,1.33,5.0904
20251208,Udupi,13.3409,74.7421,24.0,73.25,1.28,4.9498
20251209,Udupi,13.3409,74.7421,22.79,66.92,1.45,5.3858
20251210,Udupi,13.3409,74.7421,22.92,70.01,1.74,5.2913
20251211,Udupi,13.3409,74.7421,22.13,69.44,1.99,5.4713
20251212,Udupi,13.3409,74.7421,21.91,70.13,1.71,5.6599
20251213,Udupi,13.3409,74.7421,21.49,68.77,1.51,5.5937
20251214,Udupi,13.3409,74.7421,21.32,66.6,1.59,5.6489
20251215,Udupi,13.3409,74.7421,21.53,68.86,1.43,5.4862
20251216,Udupi,13.3409,74.7421,22.66,74.79,1.45,5.0486
20251217,Udupi,13.3409,74.7421,24.88,73.82,1.48,5.4998
20251218,Udupi,13.3409,74.7421,21.94,68.39,2.1,4.8067
20251219,Udupi,13.3409,74.7421,21.77,65.66,1.37,4.8314
20251220,Udupi,13.3409,74.7421,21.61,69.75,1.29,5.0424
20251221,Udupi,13.3409,74.7421,22.08,66.97,1.27,4.5262
20251222,Udupi,13.3409,74.7421,22.27,68.29,1.31,5.0158
20251223,Udupi,13.3409,74.7421,22.17,73.16,1.33,5.261
20251224,Udupi,13.3409,74.7421,21.96,74.83,1.27,5.0518
20251225,Udupi,13.3409,74.7421,22.02,73.65,1.25,5.0299
20251226,Udupi,13.3409,74.7421,22.58,70.71,1.03,5.0952
20251227,Udupi,13.3409,74.7421,22.92,70.12,0.85,5.2759
20251228,Udupi,13.3409,74.7421,22.16,73.77,1.32,4.9999
20251229,Udupi,13.3409,74.7421,22.7,76.86,1.27,5.0354
20251230,Udupi,13.3409,74.7421,23.06,79.14,1.11,4.6265
20251231,Udupi,13.3409,74.7421,23.32,79.08,1.48,4.41
