Date,District,Latitude,Longitude,Temperature,Humidity,WindSpeed,GHI
20200101,Uttara Kannada,14.8183,74.1419,22.81,84.84,0.44,5.0222
20200102,Uttara Kannada,14.8183,74.1419,23.22,86.47,0.39,5.1494
20200103,Uttara Kannada,14.8183,74.1419,22.24,84.66,0.43,5.3059
20200104,Uttara Kannada,14.8183,74.1419,20.94,85.77,0.55,5.6198
20200105,Uttara Kannada,14.8183,74.1419,20.53,81.36,0.48,5.55
20200106,Uttara Kannada,14.8183,74.1419,23.45,81.54,0.5,5.0062
20200107,Uttara Kannada,14.8183,74.1419,24.45,83.34,0.46,5.317
20200108,Uttara Kannada,14.8183,74.1419,24.08,86.07,0.38,5.0081
20200109,Uttara Kannada,14.8183,74.1419,23.49,85.34,0.36,5.1245
20200110,Uttara Kannada,14.8183,74.1419,23.6,82.25,0.38,5.1557
20200111,Uttara Kannada,14.8183,74.1419,23.95,76.95,0.48,5.5483
20200112,Uttara Kannada,14.8183,74.1419,23.36,73.16,0.51,5.5085
20200113,Uttara Kannada,14.8183,74.1419,22.6,81.29,0.44,5.5402
20200114,Uttara Kannada,14.8183,74.1419,22.6,83.26,0.43,5.5291
20200115,Uttara Kannada,14.8183,74.1419,22.39,82.21,0.39,5.6729
20200116,Uttara Kannada,14.8183,74.1419,21.93,80.24,0.44,5.371
20200117,Uttara Kannada,14.8183,74.1419,20.92,78.78,0.43,5.405
20200118,Uttara Kannada,14.8183,74.1419,21.7,82.28,0.39,5.7934
20200119,Uttara Kannada,14.8183,74.1419,23.19,80.22,0.36,5.5918
20200120,Uttara Kannada,14.8183,74.1419,23.85,78.52,0.4,5.717
20200121,Uttara Kannada,14.8183,74.1419,24.55,74.83,0.44,5.7468
20200122,Uttara Kannada,14.8183,74.1419,23.54,64.31,0.52,6.0955
20200123,Uttara Kannada,14.8183,74.1419,23.88,65.06,0.51,5.9155
20200124,Uttara Kannada,14.8183,74.1419,23.96,60.75,0.49,6.0881
20200125,Uttara Kannada,14.8183,74.1419,23.48,65.65,0.53,6.0698
20200126,Uttara Kannada,14.8183,74.1419,23.18,68.91,0.48,6.066
20200127,Uttara Kannada,14.8183,74.1419,23.98,80.28,0.45,5.7619
20200128,Uttara Kannada,14.8183,74.1419,22.97,81.29,0.49,5.1672
20200129,Uttara Kannada,14.8183,74.1419,22.57,78.25,0.48,6.0977
20200130,Uttara Kannada,14.8183,74.1419,22.54,75.45,0.41,6.1915
20200131,Uttara Kannada,14.8183,74.1419,21.61,75.21,0.45,6.113
20200201,Uttara Kannada,14.8183,74.1419,21.36,77.32,0.5,5.8457
20200202,Uttara Kannada,14.8183,74.1419,22.47,76.5,0.38,5.3947
20200203,Uttara Kannada,14.8183,74.1419,23.86,73.74,0.37,5.8526
20200204,Uttara Kannada,14.8183,74.1419,23.97,74.28,0.41,6.019
20200205,Uttara Kannada,14.8183,74.1419,24.06,71.44,0.43,5.9196
20200206,Uttara Kannada,14.8183,74.1419,23.43,74.68,0.48,5.8663
20200207,Uttara Kannada,14.8183,74.1419,22.39,75.76,0.5,5.8356
20200208,Uttara Kannada,14.8183,74.1419,21.15,74.31,0.55,6.0487
20200209,Uttara Kannada,14.8183,74.1419,21.99,68.14,0.57,6.5381
20200210,Uttara Kannada,14.8183,74.1419,24.24,71.48,0.49,6.0994
20200211,Uttara Kannada,14.8183,74.1419,25.57,63.89,0.42,6.0773
20200212,Uttara Kannada,14.8183,74.1419,25.71,60.07,0.44,6.215
20200213,Uttara Kannada,14.8183,74.1419,25.76,57.41,0.46,6.3235
20200214,Uttara Kannada,14.8183,74.1419,25.69,61.84,0.42,6.2734
20200215,Uttara Kannada,14.8183,74.1419,25.73,65.89,0.43,6.3574
20200216,Uttara Kannada,14.8183,74.1419,25.66,59.53,0.4,6.2906
20200217,Uttara Kannada,14.8183,74.1419,25.38,51.93,0.49,6.5952
20200218,Uttara Kannada,14.8183,74.1419,25.61,54.56,0.42,6.4015
20200219,Uttara Kannada,14.8183,74.1419,25.76,56.67,0.48,6.3821
20200220,Uttara Kannada,14.8183,74.1419,25.84,61.22,0.46,6.535
20200221,Uttara Kannada,14.8183,74.1419,26.08,55.14,0.39,6.5434
20200222,Uttara Kannada,14.8183,74.1419,26.25,47.64,0.44,6.931
20200223,Uttara Kannada,14.8183,74.1419,26.29,49.71,0.42,6.4145
20200224,Uttara Kannada,14.8183,74.1419,26.79,53.87,0.42,6.672
20200225,Uttara Kannada,14.8183,74.1419,26.47,61.18,0.43,6.1498
20200226,Uttara Kannada,14.8183,74.1419,27.22,58.04,0.43,6.2062
20200227,Uttara Kannada,14.8183,74.1419,27.32,55.14,0.43,5.7329
20200228,Uttara Kannada,14.8183,74.1419,27.47,60.63,0.45,5.4415
20200229,Uttara Kannada,14.8183,74.1419,27.38,66.0,0.44,5.1077
20200301,Uttara Kannada,14.8183,74.1419,26.95,68.21,0.44,5.6273
20200302,Uttara Kannada,14.8183,74.1419,26.38,67.58,0.39,6.0485
20200303,Uttara Kannada,14.8183,74.1419,26.54,61.93,0.56,6.3684
20200304,Uttara Kannada,14.8183,74.1419,25.32,66.63,0.51,6.6322
20200305,Uttara Kannada,14.8183,74.1419,24.21,70.0,0.5,6.8594
20200306,Uttara Kannada,14.8183,74.1419,24.45,66.06,0.53,6.7978
20200307,Uttara Kannada,14.8183,74.1419,24.45,69.7,0.51,6.6982
20200308,Uttara Kannada,14.8183,74.1419,25.8,65.34,0.44,6.7603
20200309,Uttara Kannada,14.8183,74.1419,26.24,66.72,0.47,6.4778
20200310,Uttara Kannada,14.8183,74.1419,26.5,63.82,0.45,6.7584
20200311,Uttara Kannada,14.8183,74.1419,26.04,70.03,0.43,6.8688
20200312,Uttara Kannada,14.8183,74.1419,25.62,67.91,0.45,7.1942
20200313,Uttara Kannada,14.8183,74.1419,25.7,66.64,0.46,7.009
20200314,Uttara Kannada,14.8183,74.1419,26.61,54.74,0.43,7.1957
20200315,Uttara Kannada,14.8183,74.1419,27.29,52.09,0.43,7.2204
20200316,Uttara Kannada,14.8183,74.1419,27.71,58.07,0.38,7.0258
20200317,Uttara Kannada,14.8183,74.1419,28.3,60.56,0.42,6.8681
20200318,Uttara Kannada,14.8183,74.1419,28.62,64.5,0.31,7.019
20200319,Uttara Kannada,14.8183,74.1419,28.61,56.59,0.42,6.7627
20200320,Uttara Kannada,14.8183,74.1419,27.9,53.74,0.53,7.081
20200321,Uttara Kannada,14.8183,74.1419,27.12,56.97,0.47,7.5626
20200322,Uttara Kannada,14.8183,74.1419,27.26,63.52,0.38,7.4621
20200323,Uttara Kannada,14.8183,74.1419,27.9,63.52,0.41,7.266
20200324,Uttara Kannada,14.8183,74.1419,28.26,64.06,0.4,6.9156
20200325,Uttara Kannada,14.8183,74.1419,27.75,70.41,0.38,6.2618
20200326,Uttara Kannada,14.8183,74.1419,28.91,64.85,0.35,7.0406
20200327,Uttara Kannada,14.8183,74.1419,29.12,64.55,0.31,6.8479
20200328,Uttara Kannada,14.8183,74.1419,29.28,58.4,0.41,7.2386
20200329,Uttara Kannada,14.8183,74.1419,28.74,61.13,0.41,7.3217
20200330,Uttara Kannada,14.8183,74.1419,29.28,61.65,0.36,7.1563
20200331,Uttara Kannada,14.8183,74.1419,29.55,56.75,0.43,7.3961
20200401,Uttara Kannada,14.8183,74.1419,29.82,56.35,0.4,7.44
20200402,Uttara Kannada,14.8183,74.1419,28.86,63.94,0.42,6.7661
20200403,Uttara Kannada,14.8183,74.1419,29.1,64.41,0.42,6.5558
20200404,Uttara Kannada,14.8183,74.1419,29.35,63.52,0.34,6.7502
20200405,Uttara Kannada,14.8183,74.1419,28.82,69.66,0.41,6.8114
20200406,Uttara Kannada,14.8183,74.1419,28.83,66.4,0.37,6.4104
20200407,Uttara Kannada,14.8183,74.1419,28.13,65.63,0.42,5.7031
20200408,Uttara Kannada,14.8183,74.1419,28.31,59.46,0.45,7.0997
20200409,Uttara Kannada,14.8183,74.1419,27.92,58.61,0.5,7.4674
20200410,Uttara Kannada,14.8183,74.1419,28.29,62.86,0.45,6.9252
20200411,Uttara Kannada,14.8183,74.1419,28.89,64.69,0.38,7.2053
20200412,Uttara Kannada,14.8183,74.1419,29.55,60.77,0.36,7.1426
20200413,Uttara Kannada,14.8183,74.1419,30.1,62.02,0.34,6.9089
20200414,Uttara Kannada,14.8183,74.1419,30.84,56.19,0.31,7.1467
20200415,Uttara Kannada,14.8183,74.1419,29.88,63.19,0.36,6.7939
20200416,Uttara Kannada,14.8183,74.1419,29.02,66.5,0.38,6.5933
20200417,Uttara Kannada,14.8183,74.1419,29.25,69.1,0.35,6.7663
20200418,Uttara Kannada,14.8183,74.1419,28.87,73.11,0.36,6.1051
20200419,Uttara Kannada,14.8183,74.1419,30.41,66.13,0.32,7.1662
20200420,Uttara Kannada,14.8183,74.1419,30.09,68.4,0.33,7.0766
20200421,Uttara Kannada,14.8183,74.1419,29.79,69.8,0.36,7.0063
20200422,Uttara Kannada,14.8183,74.1419,29.7,64.7,0.39,6.6418
20200423,Uttara Kannada,14.8183,74.1419,29.65,65.25,0.43,6.8803
20200424,Uttara Kannada,14.8183,74.1419,29.15,69.18,0.45,6.8702
20200425,Uttara Kannada,14.8183,74.1419,29.24,67.24,0.45,6.8333
20200426,Uttara Kannada,14.8183,74.1419,29.8,59.48,0.43,7.3205
20200427,Uttara Kannada,14.8183,74.1419,29.65,57.31,0.5,7.4407
20200428,Uttara Kannada,14.8183,74.1419,29.86,64.47,0.47,7.4376
20200429,Uttara Kannada,14.8183,74.1419,28.56,73.64,0.32,5.5985
20200430,Uttara Kannada,14.8183,74.1419,28.67,72.85,0.4,6.8246
20200501,Uttara Kannada,14.8183,74.1419,28.83,72.85,0.36,5.9306
20200502,Uttara Kannada,14.8183,74.1419,29.33,70.57,0.39,5.8997
20200503,Uttara Kannada,14.8183,74.1419,29.62,73.12,0.34,6.3166
20200504,Uttara Kannada,14.8183,74.1419,30.42,68.24,0.32,4.5622
20200505,Uttara Kannada,14.8183,74.1419,30.78,62.93,0.37,4.9349
20200506,Uttara Kannada,14.8183,74.1419,30.08,70.29,0.31,7.045
20200507,Uttara Kannada,14.8183,74.1419,28.74,75.7,0.35,5.8346
20200508,Uttara Kannada,14.8183,74.1419,29.61,67.7,0.33,5.8471
20200509,Uttara Kannada,14.8183,74.1419,30.67,61.57,0.29,6.9619
20200510,Uttara Kannada,14.8183,74.1419,30.72,61.15,0.3,7.0807
20200511,Uttara Kannada,14.8183,74.1419,30.19,64.23,0.36,7.1472
20200512,Uttara Kannada,14.8183,74.1419,30.95,62.87,0.33,6.9144
20200513,Uttara Kannada,14.8183,74.1419,30.45,65.01,0.38,6.9864
20200514,Uttara Kannada,14.8183,74.1419,29.96,70.74,0.37,7.2326
20200515,Uttara Kannada,14.8183,74.1419,28.63,78.9,0.35,5.7946
20200516,Uttara Kannada,14.8183,74.1419,29.52,72.46,0.29,3.6432
20200517,Uttara Kannada,14.8183,74.1419,28.53,76.17,0.46,6.0036
20200518,Uttara Kannada,14.8183,74.1419,27.41,81.24,0.52,4.3368
20200519,Uttara Kannada,14.8183,74.1419,28.52,73.34,0.59,5.7132
20200520,Uttara Kannada,14.8183,74.1419,28.94,71.38,0.43,6.2045
20200521,Uttara Kannada,14.8183,74.1419,28.79,70.22,0.44,6.4889
20200522,Uttara Kannada,14.8183,74.1419,29.36,69.09,0.47,6.811
20200523,Uttara Kannada,14.8183,74.1419,29.45,70.43,0.41,6.9701
20200524,Uttara Kannada,14.8183,74.1419,29.5,70.39,0.39,6.8623
20200525,Uttara Kannada,14.8183,74.1419,29.4,72.15,0.35,6.5414
20200526,Uttara Kannada,14.8183,74.1419,28.89,75.44,0.33,6.0098
20200527,Uttara Kannada,14.8183,74.1419,29.12,72.07,0.45,5.8747
20200528,Uttara Kannada,14.8183,74.1419,29.14,71.59,0.47,6.8839
20200529,Uttara Kannada,14.8183,74.1419,29.38,70.71,0.49,6.7716
20200530,Uttara Kannada,14.8183,74.1419,28.68,78.39,0.43,5.3558
20200531,Uttara Kannada,14.8183,74.1419,26.19,90.63,0.54,3.6907
20200601,Uttara Kannada,14.8183,74.1419,26.5,84.4,0.48,3.9895
20200602,Uttara Kannada,14.8183,74.1419,26.01,91.39,0.73,2.6093
20200603,Uttara Kannada,14.8183,74.1419,25.97,86.54,0.86,1.5014
20200604,Uttara Kannada,14.8183,74.1419,26.17,83.53,0.61,2.1754
20200605,Uttara Kannada,14.8183,74.1419,26.34,83.42,0.55,3.953
20200606,Uttara Kannada,14.8183,74.1419,26.34,83.74,0.54,6.0607
20200607,Uttara Kannada,14.8183,74.1419,26.41,85.76,0.47,5.0789
20200608,Uttara Kannada,14.8183,74.1419,26.3,85.88,0.55,5.8733
20200609,Uttara Kannada,14.8183,74.1419,25.93,78.95,0.44,5.987
20200610,Uttara Kannada,14.8183,74.1419,26.52,84.76,0.53,4.6274
20200611,Uttara Kannada,14.8183,74.1419,25.37,90.27,0.51,3.871
20200612,Uttara Kannada,14.8183,74.1419,24.75,88.53,0.66,2.5378
20200613,Uttara Kannada,14.8183,74.1419,25.28,86.79,0.69,4.0145
20200614,Uttara Kannada,14.8183,74.1419,25.83,87.95,0.7,3.1354
20200615,Uttara Kannada,14.8183,74.1419,26.8,87.66,0.67,3.4841
20200616,Uttara Kannada,14.8183,74.1419,26.16,93.51,0.67,1.901
20200617,Uttara Kannada,14.8183,74.1419,25.71,94.51,0.62,1.5137
20200618,Uttara Kannada,14.8183,74.1419,25.88,91.39,0.56,2.9424
20200619,Uttara Kannada,14.8183,74.1419,25.95,91.71,0.54,4.6526
20200620,Uttara Kannada,14.8183,74.1419,25.88,88.69,0.48,5.2385
20200621,Uttara Kannada,14.8183,74.1419,25.87,90.82,0.51,5.5546
20200622,Uttara Kannada,14.8183,74.1419,25.79,91.77,0.55,3.7195
20200623,Uttara Kannada,14.8183,74.1419,25.14,89.19,0.47,5.724
20200624,Uttara Kannada,14.8183,74.1419,25.68,87.1,0.5,6.6574
20200625,Uttara Kannada,14.8183,74.1419,25.22,89.68,0.41,6.8004
20200626,Uttara Kannada,14.8183,74.1419,25.24,89.0,0.45,6.0036
20200627,Uttara Kannada,14.8183,74.1419,25.43,92.52,0.59,5.1077
20200628,Uttara Kannada,14.8183,74.1419,25.38,94.38,0.49,4.5766
20200629,Uttara Kannada,14.8183,74.1419,25.57,93.37,0.55,4.4827
20200630,Uttara Kannada,14.8183,74.1419,24.73,92.57,0.53,4.135
20200701,Uttara Kannada,14.8183,74.1419,25.08,89.41,0.56,4.5408
20200702,Uttara Kannada,14.8183,74.1419,24.61,94.7,0.65,3.7308
20200703,Uttara Kannada,14.8183,74.1419,25.43,91.75,0.75,2.7662
20200704,Uttara Kannada,14.8183,74.1419,25.22,93.3,0.72,1.8022
20200705,Uttara Kannada,14.8183,74.1419,24.8,93.85,0.67,3.0672
20200706,Uttara Kannada,14.8183,74.1419,25.26,92.55,0.71,4.3939
20200707,Uttara Kannada,14.8183,74.1419,25.26,93.05,0.76,2.6678
20200708,Uttara Kannada,14.8183,74.1419,24.7,93.97,0.57,2.0498
20200709,Uttara Kannada,14.8183,74.1419,25.02,93.73,0.58,1.3582
20200710,Uttara Kannada,14.8183,74.1419,24.6,93.7,0.59,2.7103
20200711,Uttara Kannada,14.8183,74.1419,24.54,89.33,0.49,4.8982
20200712,Uttara Kannada,14.8183,74.1419,24.0,91.36,0.47,4.0142
20200713,Uttara Kannada,14.8183,74.1419,24.28,93.66,0.53,3.3389
20200714,Uttara Kannada,14.8183,74.1419,24.39,95.87,0.56,3.8244
20200715,Uttara Kannada,14.8183,74.1419,23.97,95.23,0.62,2.5298
20200716,Uttara Kannada,14.8183,74.1419,24.72,95.32,0.59,1.5065
20200717,Uttara Kannada,14.8183,74.1419,24.64,94.91,0.64,1.565
20200718,Uttara Kannada,14.8183,74.1419,24.55,95.11,0.53,2.4835
20200719,Uttara Kannada,14.8183,74.1419,24.75,92.84,0.43,4.7486
20200720,Uttara Kannada,14.8183,74.1419,25.09,92.69,0.44,5.2003
20200721,Uttara Kannada,14.8183,74.1419,25.12,90.05,0.34,5.538
20200722,Uttara Kannada,14.8183,74.1419,25.29,91.76,0.33,5.4487
20200723,Uttara Kannada,14.8183,74.1419,25.53,89.8,0.31,4.4045
20200724,Uttara Kannada,14.8183,74.1419,25.26,88.77,0.37,4.8312
20200725,Uttara Kannada,14.8183,74.1419,24.12,92.13,0.37,3.6451
20200726,Uttara Kannada,14.8183,74.1419,24.23,93.24,0.59,4.35
20200727,Uttara Kannada,14.8183,74.1419,24.87,90.07,0.44,3.6466
20200728,Uttara Kannada,14.8183,74.1419,24.74,92.58,0.44,5.2265
20200729,Uttara Kannada,14.8183,74.1419,24.86,94.79,0.53,4.6325
20200730,Uttara Kannada,14.8183,74.1419,25.08,91.98,0.49,3.7961
20200731,Uttara Kannada,14.8183,74.1419,24.94,93.33,0.56,2.249
20200801,Uttara Kannada,14.8183,74.1419,24.54,93.97,0.53,3.839
20200802,Uttara Kannada,14.8183,74.1419,24.39,92.09,0.69,2.6186
20200803,Uttara Kannada,14.8183,74.1419,24.41,95.36,0.77,2.7192
20200804,Uttara Kannada,14.8183,74.1419,24.24,95.75,0.98,1.9099
20200805,Uttara Kannada,14.8183,74.1419,24.63,95.97,1.02,1.1138
20200806,Uttara Kannada,14.8183,74.1419,25.31,94.56,0.96,2.7655
20200807,Uttara Kannada,14.8183,74.1419,25.37,94.22,0.81,3.5071
20200808,Uttara Kannada,14.8183,74.1419,24.86,94.81,0.65,2.0366
20200809,Uttara Kannada,14.8183,74.1419,24.68,95.52,0.62,2.3938
20200810,Uttara Kannada,14.8183,74.1419,24.66,95.89,0.63,1.7674
20200811,Uttara Kannada,14.8183,74.1419,24.63,93.98,0.63,4.219
20200812,Uttara Kannada,14.8183,74.1419,24.57,94.09,0.6,4.3682
20200813,Uttara Kannada,14.8183,74.1419,24.27,95.31,0.59,3.5863
20200814,Uttara Kannada,14.8183,74.1419,24.37,94.86,0.63,4.7057
20200815,Uttara Kannada,14.8183,74.1419,24.47,95.69,0.68,3.6917
20200816,Uttara Kannada,14.8183,74.1419,24.56,96.33,0.61,0.9523
20200817,Uttara Kannada,14.8183,74.1419,24.57,95.46,0.6,2.6815
20200818,Uttara Kannada,14.8183,74.1419,24.8,92.7,0.6,4.4513
20200819,Uttara Kannada,14.8183,74.1419,24.84,91.48,0.61,4.6332
20200820,Uttara Kannada,14.8183,74.1419,24.59,93.64,0.62,3.6768
20200821,Uttara Kannada,14.8183,74.1419,24.85,93.55,0.61,2.687
20200822,Uttara Kannada,14.8183,74.1419,25.22,91.91,0.6,4.3291
20200823,Uttara Kannada,14.8183,74.1419,25.29,91.67,0.52,5.0172
20200824,Uttara Kannada,14.8183,74.1419,25.13,91.19,0.53,5.185
20200825,Uttara Kannada,14.8183,74.1419,24.95,89.28,0.5,5.0789
20200826,Uttara Kannada,14.8183,74.1419,24.9,88.71,0.45,5.1156
20200827,Uttara Kannada,14.8183,74.1419,24.43,90.25,0.51,5.0676
20200828,Uttara Kannada,14.8183,74.1419,24.79,89.45,0.47,4.8982
20200829,Uttara Kannada,14.8183,74.1419,24.74,92.97,0.48,3.607
20200830,Uttara Kannada,14.8183,74.1419,24.93,92.89,0.43,4.2986
20200831,Uttara Kannada,14.8183,74.1419,25.0,91.3,0.4,5.886
20200901,Uttara Kannada,14.8183,74.1419,25.13,91.44,0.46,5.5397
20200902,Uttara Kannada,14.8183,74.1419,24.59,93.48,0.42,4.6342
20200903,Uttara Kannada,14.8183,74.1419,25.35,88.64,0.34,5.4146
20200904,Uttara Kannada,14.8183,74.1419,25.93,89.42,0.34,6.0067
20200905,Uttara Kannada,14.8183,74.1419,26.99,87.29,0.29,6.2328
20200906,Uttara Kannada,14.8183,74.1419,26.74,89.76,0.33,6.239
20200907,Uttara Kannada,14.8183,74.1419,25.86,88.37,0.3,5.6309
20200908,Uttara Kannada,14.8183,74.1419,25.79,90.13,0.32,4.9882
20200909,Uttara Kannada,14.8183,74.1419,25.76,88.89,0.33,5.4888
20200910,Uttara Kannada,14.8183,74.1419,25.31,92.36,0.41,4.4311
20200911,Uttara Kannada,14.8183,74.1419,24.7,91.81,0.54,2.8411
20200912,Uttara Kannada,14.8183,74.1419,24.42,91.89,0.6,1.5677
20200913,Uttara Kannada,14.8183,74.1419,24.12,92.46,0.44,2.8486
20200914,Uttara Kannada,14.8183,74.1419,23.5,92.55,0.39,3.6883
20200915,Uttara Kannada,14.8183,74.1419,23.85,92.81,0.43,4.6754
20200916,Uttara Kannada,14.8183,74.1419,24.64,91.38,0.43,3.9581
20200917,Uttara Kannada,14.8183,74.1419,24.85,92.62,0.44,4.4419
20200918,Uttara Kannada,14.8183,74.1419,24.62,94.01,0.58,3.4613
20200919,Uttara Kannada,14.8183,74.1419,24.01,93.06,0.52,3.5165
20200920,Uttara Kannada,14.8183,74.1419,23.48,95.86,0.63,2.4701
20200921,Uttara Kannada,14.8183,74.1419,23.47,93.34,0.79,2.5272
20200922,Uttara Kannada,14.8183,74.1419,23.56,90.61,0.68,2.6138
20200923,Uttara Kannada,14.8183,74.1419,23.96,89.5,0.61,4.1849
20200924,Uttara Kannada,14.8183,74.1419,24.15,93.56,0.53,4.4414
20200925,Uttara Kannada,14.8183,74.1419,24.74,93.91,0.47,4.1892
20200926,Uttara Kannada,14.8183,74.1419,23.63,96.24,0.41,2.0467
20200927,Uttara Kannada,14.8183,74.1419,24.25,89.34,0.39,5.7422
20200928,Uttara Kannada,14.8183,74.1419,24.64,88.23,0.46,5.7017
20200929,Uttara Kannada,14.8183,74.1419,24.85,89.91,0.46,5.8798
20200930,Uttara Kannada,14.8183,74.1419,24.68,88.78,0.44,5.7473
20201001,Uttara Kannada,14.8183,74.1419,24.51,88.63,0.4,5.9299
20201002,Uttara Kannada,14.8183,74.1419,24.7,89.87,0.42,5.8718
20201003,Uttara Kannada,14.8183,74.1419,23.99,93.71,0.41,4.3162
20201004,Uttara Kannada,14.8183,74.1419,23.93,89.31,0.39,3.863
20201005,Uttara Kannada,14.8183,74.1419,24.24,89.06,0.4,4.6565
20201006,Uttara Kannada,14.8183,74.1419,24.89,90.2,0.37,5.195
20201007,Uttara Kannada,14.8183,74.1419,25.64,91.13,0.38,4.9219
20201008,Uttara Kannada,14.8183,74.1419,25.47,87.52,0.32,5.6366
20201009,Uttara Kannada,14.8183,74.1419,25.43,90.49,0.4,5.1127
20201010,Uttara Kannada,14.8183,74.1419,24.64,96.4,0.42,4.3246
20201011,Uttara Kannada,14.8183,74.1419,23.81,97.62,0.47,3.145
20201012,Uttara Kannada,14.8183,74.1419,23.87,97.04,0.44,3.8494
20201013,Uttara Kannada,14.8183,74.1419,24.54,97.67,0.43,3.4464
20201014,Uttara Kannada,14.8183,74.1419,24.32,97.33,0.59,2.8649
20201015,Uttara Kannada,14.8183,74.1419,24.47,93.16,0.64,2.7055
20201016,Uttara Kannada,14.8183,74.1419,24.18,91.46,0.48,3.317
20201017,Uttara Kannada,14.8183,74.1419,24.06,90.21,0.42,5.1386
20201018,Uttara Kannada,14.8183,74.1419,24.38,87.61,0.39,5.3453
20201019,Uttara Kannada,14.8183,74.1419,24.43,88.26,0.36,5.4214
20201020,Uttara Kannada,14.8183,74.1419,24.57,94.11,0.37,4.453
20201021,Uttara Kannada,14.8183,74.1419,24.73,96.46,0.37,3.6979
20201022,Uttara Kannada,14.8183,74.1419,24.88,94.79,0.41,2.9102
20201023,Uttara Kannada,14.8183,74.1419,24.91,90.11,0.33,4.14
20201024,Uttara Kannada,14.8183,74.1419,24.66,90.78,0.36,4.1722
20201025,Uttara Kannada,14.8183,74.1419,24.73,90.81,0.42,5.0568
20201026,Uttara Kannada,14.8183,74.1419,24.93,89.16,0.3,5.6002
20201027,Uttara Kannada,14.8183,74.1419,25.2,89.41,0.29,4.2302
20201028,Uttara Kannada,14.8183,74.1419,24.5,85.25,0.35,5.3045
20201029,Uttara Kannada,14.8183,74.1419,24.04,83.38,0.39,5.1792
20201030,Uttara Kannada,14.8183,74.1419,24.29,85.78,0.33,5.1869
20201031,Uttara Kannada,14.8183,74.1419,24.68,85.75,0.33,5.1869
20201101,Uttara Kannada,14.8183,74.1419,24.54,85.36,0.33,4.1098
20201102,Uttara Kannada,14.8183,74.1419,24.21,83.9,0.38,5.1727
20201103,Uttara Kannada,14.8183,74.1419,24.86,83.76,0.33,5.5073
20201104,Uttara Kannada,14.8183,74.1419,24.72,85.96,0.38,4.2384
20201105,Uttara Kannada,14.8183,74.1419,23.19,81.64,0.4,5.533
20201106,Uttara Kannada,14.8183,74.1419,23.94,80.97,0.42,5.0654
20201107,Uttara Kannada,14.8183,74.1419,25.09,85.29,0.38,5.5015
20201108,Uttara Kannada,14.8183,74.1419,25.55,85.59,0.39,5.5354
20201109,Uttara Kannada,14.8183,74.1419,24.25,84.25,0.39,5.7036
20201110,Uttara Kannada,14.8183,74.1419,20.93,81.1,0.48,6.2664
20201111,Uttara Kannada,14.8183,74.1419,20.76,81.05,0.51,6.2059
20201112,Uttara Kannada,14.8183,74.1419,23.14,86.45,0.42,5.8008
20201113,Uttara Kannada,14.8183,74.1419,25.09,88.29,0.41,5.3844
20201114,Uttara Kannada,14.8183,74.1419,25.03,85.97,0.43,5.5296
20201115,Uttara Kannada,14.8183,74.1419,24.26,85.41,0.45,5.8786
20201116,Uttara Kannada,14.8183,74.1419,25.2,87.88,0.38,4.8847
20201117,Uttara Kannada,14.8183,74.1419,25.64,85.56,0.42,5.1953
20201118,Uttara Kannada,14.8183,74.1419,25.06,87.94,0.38,4.9942
20201119,Uttara Kannada,14.8183,74.1419,25.38,87.13,0.38,5.1034
20201120,Uttara Kannada,14.8183,74.1419,25.28,83.74,0.39,5.7247
20201121,Uttara Kannada,14.8183,74.1419,24.16,80.3,0.37,5.9388
20201122,Uttara Kannada,14.8183,74.1419,23.86,84.57,0.36,5.7835
20201123,Uttara Kannada,14.8183,74.1419,24.84,85.89,0.34,5.0993
20201124,Uttara Kannada,14.8183,74.1419,23.83,84.71,0.4,5.3239
20201125,Uttara Kannada,14.8183,74.1419,23.87,84.85,0.4,5.3537
20201126,Uttara Kannada,14.8183,74.1419,24.1,85.52,0.39,4.2252
20201127,Uttara Kannada,14.8183,74.1419,23.27,84.87,0.43,5.1708
20201128,Uttara Kannada,14.8183,74.1419,23.76,84.28,0.4,4.8634
20201129,Uttara Kannada,14.8183,74.1419,24.18,85.66,0.44,4.8324
20201130,Uttara Kannada,14.8183,74.1419,24.5,84.01,0.42,5.4938
20201201,Uttara Kannada,14.8183,74.1419,23.49,83.51,0.42,5.435
20201202,Uttara Kannada,14.8183,74.1419,22.14,83.07,0.43,5.6671
20201203,Uttara Kannada,14.8183,74.1419,22.34,81.74,0.46,4.603
20201204,Uttara Kannada,14.8183,74.1419,23.29,84.7,0.42,4.8946
20201205,Uttara Kannada,14.8183,74.1419,23.88,83.83,0.44,5.4442
20201206,Uttara Kannada,14.8183,74.1419,23.82,82.86,0.48,5.6501
20201207,Uttara Kannada,14.8183,74.1419,24.35,84.2,0.47,4.3524
20201208,Uttara Kannada,14.8183,74.1419,24.34,86.91,0.43,4.3008
20201209,Uttara Kannada,14.8183,74.1419,24.48,85.78,0.45,5.0047
20201210,Uttara Kannada,14.8183,74.1419,23.97,79.26,0.36,4.5538
20201211,Uttara Kannada,14.8183,74.1419,23.47,79.41,0.35,4.7777
20201212,Uttara Kannada,14.8183,74.1419,23.28,76.98,0.39,5.1106
20201213,Uttara Kannada,14.8183,74.1419,22.71,80.1,0.39,5.3662
20201214,Uttara Kannada,14.8183,74.1419,23.04,79.17,0.37,5.3028
20201215,Uttara Kannada,14.8183,74.1419,23.03,79.58,0.43,5.4739
20201216,Uttara Kannada,14.8183,74.1419,22.54,81.68,0.44,5.411
20201217,Uttara Kannada,14.8183,74.1419,23.37,81.25,0.45,4.9018
20201218,Uttara Kannada,14.8183,74.1419,23.33,81.5,0.44,4.9315
20201219,Uttara Kannada,14.8183,74.1419,22.81,80.55,0.5,5.2466
20201220,Uttara Kannada,14.8183,74.1419,21.96,76.91,0.54,4.7582
20201221,Uttara Kannada,14.8183,74.1419,21.38,77.77,0.5,5.3906
20201222,Uttara Kannada,14.8183,74.1419,20.49,76.28,0.53,5.4506
20201223,Uttara Kannada,14.8183,74.1419,21.43,76.98,0.47,5.3105
20201224,Uttara Kannada,14.8183,74.1419,22.53,82.87,0.41,5.0347
20201225,Uttara Kannada,14.8183,74.1419,23.32,82.35,0.43,5.2054
20201226,Uttara Kannada,14.8183,74.1419,22.51,76.9,0.47,5.5044
20201227,Uttara Kannada,14.8183,74.1419,21.92,75.3,0.47,5.4845
20201228,Uttara Kannada,14.8183,74.1419,21.86,80.16,0.5,5.4617
20201229,Uttara Kannada,14.8183,74.1419,21.67,77.29,0.46,5.315
20201230,Uttara Kannada,14.8183,74.1419,22.76,76.74,0.44,5.1691
20201231,Uttara Kannada,14.8183,74.1419,24.16,80.29,0.48,5.1094
20210101,Uttara Kannada,14.8183,74.1419,23.76,78.5,0.45,5.0926
20210102,Uttara Kannada,14.8183,74.1419,21.84,77.67,0.49,5.3242
20210103,Uttara Kannada,14.8183,74.1419,23.38,79.79,0.47,5.0722
20210104,Uttara Kannada,14.8183,74.1419,22.6,88.55,0.39,3.4181
20210105,Uttara Kannada,14.8183,74.1419,23.33,86.18,0.42,4.6894
20210106,Uttara Kannada,14.8183,74.1419,23.66,89.68,0.37,3.9396
20210107,Uttara Kannada,14.8183,74.1419,24.13,90.28,0.36,4.7417
20210108,Uttara Kannada,14.8183,74.1419,23.67,92.15,0.4,4.1268
20210109,Uttara Kannada,14.8183,74.1419,24.57,87.28,0.34,4.0726
20210110,Uttara Kannada,14.8183,74.1419,24.74,83.35,0.38,5.3594
20210111,Uttara Kannada,14.8183,74.1419,24.55,81.58,0.42,4.5096
20210112,Uttara Kannada,14.8183,74.1419,24.84,74.82,0.4,4.7374
20210113,Uttara Kannada,14.8183,74.1419,24.47,74.41,0.46,5.6321
20210114,Uttara Kannada,14.8183,74.1419,23.63,75.38,0.47,5.365
20210115,Uttara Kannada,14.8183,74.1419,24.1,76.92,0.46,3.4128
20210116,Uttara Kannada,14.8183,74.1419,24.95,78.95,0.4,4.9562
20210117,Uttara Kannada,14.8183,74.1419,25.35,78.26,0.4,5.2092
20210118,Uttara Kannada,14.8183,74.1419,25.06,75.85,0.38,5.6587
20210119,Uttara Kannada,14.8183,74.1419,24.49,75.09,0.4,5.6184
20210120,Uttara Kannada,14.8183,74.1419,23.65,77.89,0.47,5.8082
20210121,Uttara Kannada,14.8183,74.1419,23.75,78.54,0.44,5.8865
20210122,Uttara Kannada,14.8183,74.1419,23.46,77.1,0.43,5.7386
20210123,Uttara Kannada,14.8183,74.1419,24.06,77.37,0.42,5.5286
20210124,Uttara Kannada,14.8183,74.1419,24.5,75.8,0.41,5.7847
20210125,Uttara Kannada,14.8183,74.1419,23.78,74.06,0.47,6.1414
20210126,Uttara Kannada,14.8183,74.1419,23.57,71.18,0.46,6.2304
20210127,Uttara Kannada,14.8183,74.1419,22.88,73.29,0.44,5.9263
20210128,Uttara Kannada,14.8183,74.1419,23.65,72.71,0.42,6.085
20210129,Uttara Kannada,14.8183,74.1419,23.19,71.12,0.43,5.7667
20210130,Uttara Kannada,14.8183,74.1419,23.38,67.79,0.52,5.9602
20210131,Uttara Kannada,14.8183,74.1419,23.73,67.09,0.48,5.5284
20210201,Uttara Kannada,14.8183,74.1419,24.06,59.12,0.5,5.9741
20210202,Uttara Kannada,14.8183,74.1419,24.5,58.92,0.5,6.2743
20210203,Uttara Kannada,14.8183,74.1419,23.99,62.87,0.53,5.6669
20210204,Uttara Kannada,14.8183,74.1419,24.21,66.92,0.5,5.9882
20210205,Uttara Kannada,14.8183,74.1419,23.93,67.14,0.5,6.1056
20210206,Uttara Kannada,14.8183,74.1419,23.8,61.62,0.47,6.2818
20210207,Uttara Kannada,14.8183,74.1419,24.22,55.64,0.46,6.2712
20210208,Uttara Kannada,14.8183,74.1419,24.07,46.5,0.57,6.5357
20210209,Uttara Kannada,14.8183,74.1419,23.7,53.62,0.45,6.3977
20210210,Uttara Kannada,14.8183,74.1419,23.85,57.69,0.52,6.5748
20210211,Uttara Kannada,14.8183,74.1419,23.77,57.8,0.52,6.594
20210212,Uttara Kannada,14.8183,74.1419,23.84,62.61,0.52,6.4301
20210213,Uttara Kannada,14.8183,74.1419,23.91,61.98,0.53,6.5698
20210214,Uttara Kannada,14.8183,74.1419,24.06,66.58,0.48,6.4982
20210215,Uttara Kannada,14.8183,74.1419,24.38,70.77,0.46,6.3934
20210216,Uttara Kannada,14.8183,74.1419,24.53,71.61,0.43,6.2537
20210217,Uttara Kannada,14.8183,74.1419,24.64,74.44,0.5,5.8488
20210218,Uttara Kannada,14.8183,74.1419,24.79,75.5,0.4,5.6194
20210219,Uttara Kannada,14.8183,74.1419,24.45,64.4,0.48,4.722
20210220,Uttara Kannada,14.8183,74.1419,24.18,62.9,0.49,5.7869
20210221,Uttara Kannada,14.8183,74.1419,24.41,65.0,0.53,5.1888
20210222,Uttara Kannada,14.8183,74.1419,25.38,67.19,0.36,5.4847
20210223,Uttara Kannada,14.8183,74.1419,26.52,62.15,0.38,5.9966
20210224,Uttara Kannada,14.8183,74.1419,26.63,64.33,0.37,6.7289
20210225,Uttara Kannada,14.8183,74.1419,26.69,70.01,0.44,6.7282
20210226,Uttara Kannada,14.8183,74.1419,26.35,65.86,0.51,6.1951
20210227,Uttara Kannada,14.8183,74.1419,26.53,63.05,0.53,6.2861
20210228,Uttara Kannada,14.8183,74.1419,26.82,65.94,0.47,6.384
20210301,Uttara Kannada,14.8183,74.1419,27.03,63.18,0.42,6.5803
20210302,Uttara Kannada,14.8183,74.1419,27.28,66.45,0.36,6.1699
20210303,Uttara Kannada,14.8183,74.1419,27.51,59.94,0.32,6.7078
20210304,Uttara Kannada,14.8183,74.1419,26.92,50.22,0.36,6.9835
20210305,Uttara Kannada,14.8183,74.1419,26.16,56.09,0.44,6.8995
20210306,Uttara Kannada,14.8183,74.1419,26.8,66.25,0.46,7.1225
20210307,Uttara Kannada,14.8183,74.1419,27.22,65.25,0.44,6.9497
20210308,Uttara Kannada,14.8183,74.1419,27.23,56.5,0.46,7.0123
20210309,Uttara Kannada,14.8183,74.1419,27.18,55.78,0.44,6.8095
20210310,Uttara Kannada,14.8183,74.1419,27.1,54.54,0.39,7.1064
20210311,Uttara Kannada,14.8183,74.1419,27.09,59.84,0.42,6.451
20210312,Uttara Kannada,14.8183,74.1419,27.53,62.48,0.38,6.4848
20210313,Uttara Kannada,14.8183,74.1419,28.48,52.59,0.34,7.1167
20210314,Uttara Kannada,14.8183,74.1419,27.69,49.77,0.46,7.26
20210315,Uttara Kannada,14.8183,74.1419,27.68,53.37,0.44,7.1834
20210316,Uttara Kannada,14.8183,74.1419,28.18,60.65,0.46,6.7982
20210317,Uttara Kannada,14.8183,74.1419,28.32,57.37,0.45,5.7662
20210318,Uttara Kannada,14.8183,74.1419,28.39,58.86,0.43,6.1466
20210319,Uttara Kannada,14.8183,74.1419,28.63,57.41,0.39,6.4682
20210320,Uttara Kannada,14.8183,74.1419,28.22,58.46,0.39,6.691
20210321,Uttara Kannada,14.8183,74.1419,28.39,60.57,0.38,6.4963
20210322,Uttara Kannada,14.8183,74.1419,28.55,57.67,0.47,6.8338
20210323,Uttara Kannada,14.8183,74.1419,29.09,58.56,0.41,6.8525
20210324,Uttara Kannada,14.8183,74.1419,28.75,57.8,0.43,6.4752
20210325,Uttara Kannada,14.8183,74.1419,27.88,65.73,0.43,6.5429
20210326,Uttara Kannada,14.8183,74.1419,29.88,55.4,0.44,6.6194
20210327,Uttara Kannada,14.8183,74.1419,29.5,55.59,0.4,6.8813
20210328,Uttara Kannada,14.8183,74.1419,29.56,59.2,0.39,5.9986
20210329,Uttara Kannada,14.8183,74.1419,29.28,59.79,0.43,5.7314
20210330,Uttara Kannada,14.8183,74.1419,28.59,65.83,0.45,5.7866
20210331,Uttara Kannada,14.8183,74.1419,28.7,58.54,0.52,6.8186
20210401,Uttara Kannada,14.8183,74.1419,28.22,60.64,0.47,7.6834
20210402,Uttara Kannada,14.8183,74.1419,28.07,59.92,0.45,7.1038
20210403,Uttara Kannada,14.8183,74.1419,26.77,66.85,0.45,6.7651
20210404,Uttara Kannada,14.8183,74.1419,27.62,63.62,0.47,6.985
20210405,Uttara Kannada,14.8183,74.1419,29.35,60.97,0.37,6.7505
20210406,Uttara Kannada,14.8183,74.1419,29.82,61.28,0.35,6.0566
20210407,Uttara Kannada,14.8183,74.1419,30.08,59.25,0.3,6.4766
20210408,Uttara Kannada,14.8183,74.1419,28.94,64.78,0.4,5.97
20210409,Uttara Kannada,14.8183,74.1419,29.22,62.63,0.42,6.8282
20210410,Uttara Kannada,14.8183,74.1419,29.18,65.4,0.38,6.3542
20210411,Uttara Kannada,14.8183,74.1419,29.36,64.29,0.39,6.1666
20210412,Uttara Kannada,14.8183,74.1419,29.71,64.41,0.37,7.0822
20210413,Uttara Kannada,14.8183,74.1419,29.17,68.07,0.38,5.958
20210414,Uttara Kannada,14.8183,74.1419,29.3,65.1,0.36,6.8222
20210415,Uttara Kannada,14.8183,74.1419,28.76,65.58,0.44,6.8179
20210416,Uttara Kannada,14.8183,74.1419,28.54,68.63,0.46,6.99
20210417,Uttara Kannada,14.8183,74.1419,29.39,61.74,0.48,6.7394
20210418,Uttara Kannada,14.8183,74.1419,28.79,69.55,0.41,6.4042
20210419,Uttara Kannada,14.8183,74.1419,28.25,71.64,0.4,6.4351
20210420,Uttara Kannada,14.8183,74.1419,28.5,66.74,0.47,6.701
20210421,Uttara Kannada,14.8183,74.1419,28.63,65.53,0.47,5.9076
20210422,Uttara Kannada,14.8183,74.1419,28.97,66.31,0.42,6.2299
20210423,Uttara Kannada,14.8183,74.1419,27.95,72.66,0.4,6.3763
20210424,Uttara Kannada,14.8183,74.1419,29.07,63.06,0.43,6.7886
20210425,Uttara Kannada,14.8183,74.1419,29.33,62.3,0.41,6.7661
20210426,Uttara Kannada,14.8183,74.1419,29.36,66.23,0.35,6.8822
20210427,Uttara Kannada,14.8183,74.1419,29.87,65.57,0.29,6.8587
20210428,Uttara Kannada,14.8183,74.1419,29.4,66.76,0.37,7.0694
20210429,Uttara Kannada,14.8183,74.1419,29.1,68.25,0.41,6.7805
20210430,Uttara Kannada,14.8183,74.1419,29.47,65.85,0.35,7.4846
20210501,Uttara Kannada,14.8183,74.1419,29.45,70.51,0.34,6.7622
20210502,Uttara Kannada,14.8183,74.1419,29.07,72.23,0.35,6.9907
20210503,Uttara Kannada,14.8183,74.1419,29.22,71.41,0.38,6.6288
20210504,Uttara Kannada,14.8183,74.1419,28.56,76.12,0.36,6.4553
20210505,Uttara Kannada,14.8183,74.1419,28.72,77.52,0.39,6.9067
20210506,Uttara Kannada,14.8183,74.1419,28.98,75.16,0.37,6.4502
20210507,Uttara Kannada,14.8183,74.1419,28.78,74.68,0.28,3.2839
20210508,Uttara Kannada,14.8183,74.1419,29.31,73.67,0.33,6.3163
20210509,Uttara Kannada,14.8183,74.1419,28.22,79.9,0.33,4.296
20210510,Uttara Kannada,14.8183,74.1419,28.03,78.73,0.34,6.0286
20210511,Uttara Kannada,14.8183,74.1419,28.31,79.17,0.33,5.843
20210512,Uttara Kannada,14.8183,74.1419,29.36,71.27,0.43,5.431
20210513,Uttara Kannada,14.8183,74.1419,28.46,76.0,0.4,5.2426
20210514,Uttara Kannada,14.8183,74.1419,28.07,80.66,0.33,5.5541
20210515,Uttara Kannada,14.8183,74.1419,26.66,86.91,0.89,2.8519
20210516,Uttara Kannada,14.8183,74.1419,26.25,89.75,1.15,1.7352
20210517,Uttara Kannada,14.8183,74.1419,26.55,86.39,0.8,4.8665
20210518,Uttara Kannada,14.8183,74.1419,26.12,94.0,0.55,3.7906
20210519,Uttara Kannada,14.8183,74.1419,26.07,90.4,0.49,5.1091
20210520,Uttara Kannada,14.8183,74.1419,25.96,89.32,0.47,4.3954
20210521,Uttara Kannada,14.8183,74.1419,25.94,86.26,0.45,5.5769
20210522,Uttara Kannada,14.8183,74.1419,26.1,86.79,0.47,5.6282
20210523,Uttara Kannada,14.8183,74.1419,26.28,85.04,0.47,6.8153
20210524,Uttara Kannada,14.8183,74.1419,26.42,84.56,0.45,5.4475
20210525,Uttara Kannada,14.8183,74.1419,25.86,90.24,0.53,5.2063
20210526,Uttara Kannada,14.8183,74.1419,26.16,85.65,0.61,6.1582
20210527,Uttara Kannada,14.8183,74.1419,25.89,85.09,0.54,6.6727
20210528,Uttara Kannada,14.8183,74.1419,26.56,86.35,0.5,5.7953
20210529,Uttara Kannada,14.8183,74.1419,26.13,85.64,0.45,5.4758
20210530,Uttara Kannada,14.8183,74.1419,25.89,84.39,0.51,5.5625
20210531,Uttara Kannada,14.8183,74.1419,26.31,88.26,0.51,5.958
20210601,Uttara Kannada,14.8183,74.1419,26.45,86.15,0.39,5.1562
20210602,Uttara Kannada,14.8183,74.1419,26.9,83.42,0.42,5.5915
20210603,Uttara Kannada,14.8183,74.1419,26.96,85.14,0.37,5.9309
20210604,Uttara Kannada,14.8183,74.1419,26.53,88.9,0.35,3.1651
20210605,Uttara Kannada,14.8183,74.1419,25.5,87.17,0.4,4.5226
20210606,Uttara Kannada,14.8183,74.1419,25.6,82.71,0.48,5.3285
20210607,Uttara Kannada,14.8183,74.1419,25.78,85.33,0.48,6.7594
20210608,Uttara Kannada,14.8183,74.1419,26.05,86.62,0.51,4.2372
20210609,Uttara Kannada,14.8183,74.1419,26.27,87.41,0.62,4.5096
20210610,Uttara Kannada,14.8183,74.1419,26.09,86.54,0.63,4.8348
20210611,Uttara Kannada,14.8183,74.1419,25.96,89.08,0.63,4.969
20210612,Uttara Kannada,14.8183,74.1419,24.48,87.82,0.76,2.5001
20210613,Uttara Kannada,14.8183,74.1419,24.88,89.38,0.71,3.1699
20210614,Uttara Kannada,14.8183,74.1419,25.07,92.14,0.61,2.2085
20210615,Uttara Kannada,14.8183,74.1419,24.9,87.29,0.62,2.13
20210616,Uttara Kannada,14.8183,74.1419,25.3,94.7,0.74,2.4557
20210617,Uttara Kannada,14.8183,74.1419,25.67,92.08,0.73,2.5421
20210618,Uttara Kannada,14.8183,74.1419,25.69,90.26,0.78,3.7817
20210619,Uttara Kannada,14.8183,74.1419,25.44,92.39,0.68,2.5906
20210620,Uttara Kannada,14.8183,74.1419,25.15,94.39,0.55,2.9681
20210621,Uttara Kannada,14.8183,74.1419,25.22,92.66,0.49,5.0837
20210622,Uttara Kannada,14.8183,74.1419,25.6,90.67,0.56,5.5483
20210623,Uttara Kannada,14.8183,74.1419,25.3,91.51,0.56,5.1449
20210624,Uttara Kannada,14.8183,74.1419,25.14,92.33,0.53,5.2418
20210625,Uttara Kannada,14.8183,74.1419,25.3,90.35,0.57,4.7861
20210626,Uttara Kannada,14.8183,74.1419,25.41,89.9,0.6,3.631
20210627,Uttara Kannada,14.8183,74.1419,24.33,89.42,0.44,3.0773
20210628,Uttara Kannada,14.8183,74.1419,24.54,87.56,0.4,4.0946
20210629,Uttara Kannada,14.8183,74.1419,25.4,86.1,0.42,6.5863
20210630,Uttara Kannada,14.8183,74.1419,25.56,88.22,0.47,5.7948
20210701,Uttara Kannada,14.8183,74.1419,25.61,91.36,0.51,3.9209
20210702,Uttara Kannada,14.8183,74.1419,25.26,92.17,0.45,4.6258
20210703,Uttara Kannada,14.8183,74.1419,25.24,93.09,0.45,3.7874
20210704,Uttara Kannada,14.8183,74.1419,25.21,93.19,0.44,5.4499
20210705,Uttara Kannada,14.8183,74.1419,25.17,90.93,0.49,4.1626
20210706,Uttara Kannada,14.8183,74.1419,25.22,92.51,0.47,6.2306
20210707,Uttara Kannada,14.8183,74.1419,25.22,92.91,0.48,5.1684
20210708,Uttara Kannada,14.8183,74.1419,24.77,93.01,0.42,4.2288
20210709,Uttara Kannada,14.8183,74.1419,23.76,93.34,0.48,4.1556
20210710,Uttara Kannada,14.8183,74.1419,22.93,94.53,0.61,3.091
20210711,Uttara Kannada,14.8183,74.1419,23.65,95.22,0.65,2.2711
20210712,Uttara Kannada,14.8183,74.1419,24.01,93.36,0.69,2.8296
20210713,Uttara Kannada,14.8183,74.1419,24.4,93.02,0.57,1.6894
20210714,Uttara Kannada,14.8183,74.1419,24.58,95.26,0.75,1.7186
20210715,Uttara Kannada,14.8183,74.1419,24.68,96.61,0.79,2.3808
20210716,Uttara Kannada,14.8183,74.1419,24.54,95.93,0.67,2.1312
20210717,Uttara Kannada,14.8183,74.1419,24.97,94.1,0.63,3.1226
20210718,Uttara Kannada,14.8183,74.1419,24.62,96.67,0.77,2.1686
20210719,Uttara Kannada,14.8183,74.1419,24.48,95.95,0.62,2.9606
20210720,Uttara Kannada,14.8183,74.1419,24.61,95.56,0.7,2.9069
20210721,Uttara Kannada,14.8183,74.1419,24.58,95.25,0.73,2.9962
20210722,Uttara Kannada,14.8183,74.1419,23.87,96.34,0.84,1.3267
20210723,Uttara Kannada,14.8183,74.1419,24.51,95.11,0.75,1.6841
20210724,Uttara Kannada,14.8183,74.1419,25.11,93.57,0.7,3.3821
20210725,Uttara Kannada,14.8183,74.1419,24.94,94.68,0.74,5.4192
20210726,Uttara Kannada,14.8183,74.1419,24.77,92.59,0.71,5.4091
20210727,Uttara Kannada,14.8183,74.1419,24.75,91.87,0.72,5.0455
20210728,Uttara Kannada,14.8183,74.1419,24.85,90.64,0.75,5.015
20210729,Uttara Kannada,14.8183,74.1419,24.71,91.34,0.76,4.4131
20210730,Uttara Kannada,14.8183,74.1419,24.51,93.13,0.7,4.805
20210731,Uttara Kannada,14.8183,74.1419,24.61,92.71,0.7,4.3582
20210801,Uttara Kannada,14.8183,74.1419,24.63,89.96,0.7,4.9176
20210802,Uttara Kannada,14.8183,74.1419,24.49,89.85,0.68,4.7292
20210803,Uttara Kannada,14.8183,74.1419,24.93,91.17,0.66,4.3018
20210804,Uttara Kannada,14.8183,74.1419,24.97,91.76,0.71,4.1558
20210805,Uttara Kannada,14.8183,74.1419,24.95,90.93,0.76,4.0877
20210806,Uttara Kannada,14.8183,74.1419,24.94,91.23,0.7,3.6586
20210807,Uttara Kannada,14.8183,74.1419,25.2,91.68,0.62,4.487
20210808,Uttara Kannada,14.8183,74.1419,25.2,90.71,0.48,5.587
20210809,Uttara Kannada,14.8183,74.1419,25.23,90.4,0.42,4.5211
20210810,Uttara Kannada,14.8183,74.1419,24.97,91.31,0.48,4.6565
20210811,Uttara Kannada,14.8183,74.1419,25.2,90.55,0.49,4.319
20210812,Uttara Kannada,14.8183,74.1419,24.8,92.07,0.55,2.7838
20210813,Uttara Kannada,14.8183,74.1419,24.88,90.6,0.59,4.0078
20210814,Uttara Kannada,14.8183,74.1419,24.71,89.72,0.64,4.9298
20210815,Uttara Kannada,14.8183,74.1419,24.51,91.86,0.6,4.9778
20210816,Uttara Kannada,14.8183,74.1419,24.59,92.98,0.48,4.4635
20210817,Uttara Kannada,14.8183,74.1419,24.62,87.82,0.45,3.6451
20210818,Uttara Kannada,14.8183,74.1419,23.69,88.02,0.43,3.967
20210819,Uttara Kannada,14.8183,74.1419,23.8,90.09,0.45,4.0226
20210820,Uttara Kannada,14.8183,74.1419,23.74,88.73,0.4,4.8398
20210821,Uttara Kannada,14.8183,74.1419,23.45,91.67,0.43,5.7706
20210822,Uttara Kannada,14.8183,74.1419,24.71,83.44,0.38,6.5297
20210823,Uttara Kannada,14.8183,74.1419,25.2,86.52,0.42,6.6024
20210824,Uttara Kannada,14.8183,74.1419,24.6,87.15,0.44,6.6874
20210825,Uttara Kannada,14.8183,74.1419,25.07,89.78,0.45,6.0394
20210826,Uttara Kannada,14.8183,74.1419,25.08,90.82,0.45,3.5669
20210827,Uttara Kannada,14.8183,74.1419,25.02,91.83,0.44,3.3024
20210828,Uttara Kannada,14.8183,74.1419,24.55,93.55,0.52,3.437
20210829,Uttara Kannada,14.8183,74.1419,24.28,89.35,0.46,3.563
20210830,Uttara Kannada,14.8183,74.1419,23.95,88.91,0.48,3.157
20210831,Uttara Kannada,14.8183,74.1419,24.32,89.7,0.46,4.6351
20210901,Uttara Kannada,14.8183,74.1419,25.05,89.3,0.45,4.3416
20210902,Uttara Kannada,14.8183,74.1419,24.75,91.04,0.48,4.6937
20210903,Uttara Kannada,14.8183,74.1419,24.92,92.04,0.51,5.0597
20210904,Uttara Kannada,14.8183,74.1419,24.61,94.03,0.51,2.7259
20210905,Uttara Kannada,14.8183,74.1419,24.63,94.41,0.57,3.1238
20210906,Uttara Kannada,14.8183,74.1419,24.57,91.98,0.56,2.7804
20210907,Uttara Kannada,14.8183,74.1419,24.31,92.77,0.66,2.5716
20210908,Uttara Kannada,14.8183,74.1419,24.81,91.26,0.71,3.6866
20210909,Uttara Kannada,14.8183,74.1419,24.69,91.86,0.6,4.7782
20210910,Uttara Kannada,14.8183,74.1419,24.77,90.84,0.62,5.1298
20210911,Uttara Kannada,14.8183,74.1419,24.76,92.1,0.6,3.9701
20210912,Uttara Kannada,14.8183,74.1419,24.92,92.77,0.71,3.8909
20210913,Uttara Kannada,14.8183,74.1419,24.86,94.32,0.67,2.1038
20210914,Uttara Kannada,14.8183,74.1419,25.03,92.54,0.62,3.9648
20210915,Uttara Kannada,14.8183,74.1419,24.94,91.02,0.5,4.2926
20210916,Uttara Kannada,14.8183,74.1419,24.74,91.31,0.52,5.1017
20210917,Uttara Kannada,14.8183,74.1419,24.84,89.46,0.46,5.5481
20210918,Uttara Kannada,14.8183,74.1419,24.98,87.22,0.4,5.2152
20210919,Uttara Kannada,14.8183,74.1419,25.11,87.5,0.41,6.1754
20210920,Uttara Kannada,14.8183,74.1419,25.51,88.79,0.43,5.2375
20210921,Uttara Kannada,14.8183,74.1419,25.1,92.08,0.45,4.3954
20210922,Uttara Kannada,14.8183,74.1419,24.99,91.71,0.49,4.4525
20210923,Uttara Kannada,14.8183,74.1419,25.03,92.04,0.5,3.863
20210924,Uttara Kannada,14.8183,74.1419,25.21,90.24,0.48,5.1934
20210925,Uttara Kannada,14.8183,74.1419,25.4,87.97,0.42,6.1978
20210926,Uttara Kannada,14.8183,74.1419,25.03,89.19,0.41,5.5236
20210927,Uttara Kannada,14.8183,74.1419,23.98,94.04,0.43,4.1302
20210928,Uttara Kannada,14.8183,74.1419,23.3,89.43,0.41,3.4174
20210929,Uttara Kannada,14.8183,74.1419,24.31,91.6,0.52,4.7434
20210930,Uttara Kannada,14.8183,74.1419,25.47,90.07,0.4,5.412
20211001,Uttara Kannada,14.8183,74.1419,25.1,89.87,0.36,6.1346
20211002,Uttara Kannada,14.8183,74.1419,25.52,89.63,0.41,6.1512
20211003,Uttara Kannada,14.8183,74.1419,26.31,88.84,0.33,5.7425
20211004,Uttara Kannada,14.8183,74.1419,26.26,89.86,0.34,5.491
20211005,Uttara Kannada,14.8183,74.1419,26.68,89.43,0.22,5.719
20211006,Uttara Kannada,14.8183,74.1419,25.39,94.3,0.37,3.1898
20211007,Uttara Kannada,14.8183,74.1419,24.83,91.54,0.49,5.0472
20211008,Uttara Kannada,14.8183,74.1419,25.14,90.99,0.34,4.703
20211009,Uttara Kannada,14.8183,74.1419,25.57,90.82,0.36,4.8389
20211010,Uttara Kannada,14.8183,74.1419,24.97,92.08,0.35,4.4009
20211011,Uttara Kannada,14.8183,74.1419,25.23,88.11,0.38,4.8859
20211012,Uttara Kannada,14.8183,74.1419,24.62,91.72,0.39,4.4693
20211013,Uttara Kannada,14.8183,74.1419,25.33,89.24,0.38,4.3507
20211014,Uttara Kannada,14.8183,74.1419,25.81,88.49,0.32,4.3682
20211015,Uttara Kannada,14.8183,74.1419,26.11,89.51,0.32,4.2965
20211016,Uttara Kannada,14.8183,74.1419,25.7,88.0,0.34,5.1787
20211017,Uttara Kannada,14.8183,74.1419,24.98,90.37,0.36,4.0205
20211018,Uttara Kannada,14.8183,74.1419,24.98,88.78,0.45,4.6793
20211019,Uttara Kannada,14.8183,74.1419,24.56,87.21,0.4,5.8154
20211020,Uttara Kannada,14.8183,74.1419,24.99,88.2,0.37,5.3801
20211021,Uttara Kannada,14.8183,74.1419,24.84,94.06,0.36,3.8117
20211022,Uttara Kannada,14.8183,74.1419,24.68,90.06,0.28,5.0568
20211023,Uttara Kannada,14.8183,74.1419,24.03,92.04,0.34,3.5549
20211024,Uttara Kannada,14.8183,74.1419,24.25,93.43,0.37,4.2578
20211025,Uttara Kannada,14.8183,74.1419,24.8,88.63,0.34,4.7551
20211026,Uttara Kannada,14.8183,74.1419,24.82,83.77,0.41,5.0162
20211027,Uttara Kannada,14.8183,74.1419,24.18,81.41,0.43,5.8111
20211028,Uttara Kannada,14.8183,74.1419,23.1,79.55,0.5,5.7089
20211029,Uttara Kannada,14.8183,74.1419,24.52,85.8,0.39,5.1612
20211030,Uttara Kannada,14.8183,74.1419,26.0,86.24,0.35,4.4009
20211031,Uttara Kannada,14.8183,74.1419,25.91,87.02,0.34,5.2918
20211101,Uttara Kannada,14.8183,74.1419,25.71,89.55,0.28,5.3786
20211102,Uttara Kannada,14.8183,74.1419,25.24,89.7,0.35,4.9721
20211103,Uttara Kannada,14.8183,74.1419,24.17,91.02,0.39,4.0298
20211104,Uttara Kannada,14.8183,74.1419,24.61,91.2,0.31,4.4474
20211105,Uttara Kannada,14.8183,74.1419,24.25,94.26,0.37,2.5867
20211106,Uttara Kannada,14.8183,74.1419,24.47,92.18,0.41,4.7878
20211107,Uttara Kannada,14.8183,74.1419,24.81,88.73,0.44,4.4458
20211108,Uttara Kannada,14.8183,74.1419,24.64,85.7,0.35,4.3378
20211109,Uttara Kannada,14.8183,74.1419,24.27,84.02,0.41,5.2265
20211110,Uttara Kannada,14.8183,74.1419,23.72,79.92,0.42,4.2619
20211111,Uttara Kannada,14.8183,74.1419,21.91,86.46,0.4,3.6353
20211112,Uttara Kannada,14.8183,74.1419,22.44,90.76,0.32,3.2254
20211113,Uttara Kannada,14.8183,74.1419,25.02,89.05,0.36,3.455
20211114,Uttara Kannada,14.8183,74.1419,25.09,93.43,0.35,3.1428
20211115,Uttara Kannada,14.8183,74.1419,25.45,93.65,0.38,4.0783
20211116,Uttara Kannada,14.8183,74.1419,25.19,93.87,0.36,3.4704
20211117,Uttara Kannada,14.8183,74.1419,25.02,92.49,0.45,5.0945
20211118,Uttara Kannada,14.8183,74.1419,24.92,90.21,0.37,4.1419
20211119,Uttara Kannada,14.8183,74.1419,24.51,91.12,0.34,1.7623
20211120,Uttara Kannada,14.8183,74.1419,25.05,93.32,0.33,2.0746
20211121,Uttara Kannada,14.8183,74.1419,24.62,93.48,0.4,3.8599
20211122,Uttara Kannada,14.8183,74.1419,25.06,86.65,0.31,2.7694
20211123,Uttara Kannada,14.8183,74.1419,25.58,88.86,0.29,5.0042
20211124,Uttara Kannada,14.8183,74.1419,25.88,89.41,0.31,4.3315
20211125,Uttara Kannada,14.8183,74.1419,25.8,86.56,0.38,5.2039
20211126,Uttara Kannada,14.8183,74.1419,25.1,84.05,0.42,5.0174
20211127,Uttara Kannada,14.8183,74.1419,22.96,83.23,0.5,4.3858
20211128,Uttara Kannada,14.8183,74.1419,21.57,82.66,0.52,4.6517
20211129,Uttara Kannada,14.8183,74.1419,23.49,86.27,0.45,3.9108
20211130,Uttara Kannada,14.8183,74.1419,24.29,87.91,0.46,4.3133
20211201,Uttara Kannada,14.8183,74.1419,23.34,94.33,0.43,4.9006
20211202,Uttara Kannada,14.8183,74.1419,24.24,90.85,0.41,3.4867
20211203,Uttara Kannada,14.8183,74.1419,24.33,89.46,0.4,4.6798
20211204,Uttara Kannada,14.8183,74.1419,24.12,89.17,0.38,4.6358
20211205,Uttara Kannada,14.8183,74.1419,23.62,89.32,0.47,5.1842
20211206,Uttara Kannada,14.8183,74.1419,22.5,85.85,0.46,5.5303
20211207,Uttara Kannada,14.8183,74.1419,22.19,83.73,0.51,5.3755
20211208,Uttara Kannada,14.8183,74.1419,22.72,80.7,0.48,5.4686
20211209,Uttara Kannada,14.8183,74.1419,22.53,80.47,0.46,5.094
20211210,Uttara Kannada,14.8183,74.1419,24.04,85.67,0.43,4.8583
20211211,Uttara Kannada,14.8183,74.1419,23.96,84.5,0.45,5.4768
20211212,Uttara Kannada,14.8183,74.1419,24.06,83.74,0.43,5.2063
20211213,Uttara Kannada,14.8183,74.1419,22.71,87.6,0.41,5.3969
20211214,Uttara Kannada,14.8183,74.1419,22.8,88.08,0.37,4.6841
20211215,Uttara Kannada,14.8183,74.1419,23.77,83.15,0.43,3.9043
20211216,Uttara Kannada,14.8183,74.1419,22.95,84.41,0.44,4.7938
20211217,Uttara Kannada,14.8183,74.1419,22.3,84.0,0.46,5.0887
20211218,Uttara Kannada,14.8183,74.1419,21.39,80.52,0.51,5.1718
20211219,Uttara Kannada,14.8183,74.1419,19.79,80.75,0.51,5.6273
20211220,Uttara Kannada,14.8183,74.1419,20.0,78.85,0.55,5.4718
20211221,Uttara Kannada,14.8183,74.1419,20.64,77.64,0.51,5.4607
20211222,Uttara Kannada,14.8183,74.1419,21.03,77.34,0.48,5.3242
20211223,Uttara Kannada,14.8183,74.1419,21.1,82.8,0.5,5.2289
20211224,Uttara Kannada,14.8183,74.1419,21.62,88.12,0.4,5.2627
20211225,Uttara Kannada,14.8183,74.1419,22.05,88.5,0.4,5.3597
20211226,Uttara Kannada,14.8183,74.1419,22.28,87.93,0.4,5.375
20211227,Uttara Kannada,14.8183,74.1419,22.51,83.06,0.39,5.1955
20211228,Uttara Kannada,14.8183,74.1419,21.97,82.55,0.49,5.4674
20211229,Uttara Kannada,14.8183,74.1419,21.98,80.23,0.45,5.4077
20211230,Uttara Kannada,14.8183,74.1419,22.15,80.56,0.47,5.5099
20211231,Uttara Kannada,14.8183,74.1419,22.92,81.77,0.49,5.0522
20220101,Uttara Kannada,14.8183,74.1419,23.7,81.15,0.45,5.015
20220102,Uttara Kannada,14.8183,74.1419,23.25,79.48,0.47,5.5303
20220103,Uttara Kannada,14.8183,74.1419,22.79,77.69,0.48,5.5171
20220104,Uttara Kannada,14.8183,74.1419,22.71,76.58,0.48,5.425
20220105,Uttara Kannada,14.8183,74.1419,22.16,73.08,0.39,5.2699
20220106,Uttara Kannada,14.8183,74.1419,21.1,79.55,0.52,5.5039
20220107,Uttara Kannada,14.8183,74.1419,21.23,85.84,0.5,5.3237
20220108,Uttara Kannada,14.8183,74.1419,21.86,87.25,0.59,5.3251
20220109,Uttara Kannada,14.8183,74.1419,21.25,86.55,0.6,5.2298
20220110,Uttara Kannada,14.8183,74.1419,21.02,85.77,0.52,5.3602
20220111,Uttara Kannada,14.8183,74.1419,20.75,85.86,0.43,5.5932
20220112,Uttara Kannada,14.8183,74.1419,19.82,83.64,0.52,5.575
20220113,Uttara Kannada,14.8183,74.1419,20.11,80.71,0.59,4.7777
20220114,Uttara Kannada,14.8183,74.1419,21.18,76.92,0.6,5.7538
20220115,Uttara Kannada,14.8183,74.1419,20.65,81.43,0.67,5.8654
20220116,Uttara Kannada,14.8183,74.1419,21.99,80.19,0.53,5.393
20220117,Uttara Kannada,14.8183,74.1419,23.33,81.91,0.44,5.0724
20220118,Uttara Kannada,14.8183,74.1419,23.0,77.84,0.43,5.7211
20220119,Uttara Kannada,14.8183,74.1419,22.05,77.98,0.47,5.6722
20220120,Uttara Kannada,14.8183,74.1419,20.96,77.72,0.45,5.8579
20220121,Uttara Kannada,14.8183,74.1419,21.32,83.04,0.52,5.9491
20220122,Uttara Kannada,14.8183,74.1419,22.22,85.43,0.56,5.7917
20220123,Uttara Kannada,14.8183,74.1419,21.61,84.65,0.57,5.6467
20220124,Uttara Kannada,14.8183,74.1419,19.98,79.14,0.44,4.9555
20220125,Uttara Kannada,14.8183,74.1419,19.17,80.17,0.49,5.8409
20220126,Uttara Kannada,14.8183,74.1419,20.14,82.93,0.51,5.5966
20220127,Uttara Kannada,14.8183,74.1419,21.48,79.79,0.43,5.2174
20220128,Uttara Kannada,14.8183,74.1419,22.39,71.2,0.58,5.6959
20220129,Uttara Kannada,14.8183,74.1419,22.33,65.34,0.6,6.0905
20220130,Uttara Kannada,14.8183,74.1419,22.45,73.2,0.43,5.8934
20220131,Uttara Kannada,14.8183,74.1419,22.29,74.02,0.43,6.125
20220201,Uttara Kannada,14.8183,74.1419,22.21,77.01,0.44,6.0372
20220202,Uttara Kannada,14.8183,74.1419,21.85,77.88,0.52,5.995
20220203,Uttara Kannada,14.8183,74.1419,21.59,81.35,0.56,6.011
20220204,Uttara Kannada,14.8183,74.1419,21.78,80.02,0.57,6.1634
20220205,Uttara Kannada,14.8183,74.1419,21.16,79.36,0.59,6.5762
20220206,Uttara Kannada,14.8183,74.1419,21.69,81.81,0.5,5.9678
20220207,Uttara Kannada,14.8183,74.1419,22.69,81.5,0.46,6.0905
20220208,Uttara Kannada,14.8183,74.1419,22.56,81.1,0.42,5.9198
20220209,Uttara Kannada,14.8183,74.1419,22.76,77.11,0.41,5.9808
20220210,Uttara Kannada,14.8183,74.1419,22.77,73.84,0.37,5.8934
20220211,Uttara Kannada,14.8183,74.1419,24.03,68.07,0.45,6.0509
20220212,Uttara Kannada,14.8183,74.1419,23.89,65.32,0.51,6.4757
20220213,Uttara Kannada,14.8183,74.1419,23.3,66.45,0.48,6.3984
20220214,Uttara Kannada,14.8183,74.1419,23.36,69.78,0.47,6.192
20220215,Uttara Kannada,14.8183,74.1419,22.91,70.23,0.46,5.5958
20220216,Uttara Kannada,14.8183,74.1419,22.71,69.12,0.51,5.6021
20220217,Uttara Kannada,14.8183,74.1419,23.14,68.82,0.53,5.7864
20220218,Uttara Kannada,14.8183,74.1419,23.78,67.25,0.48,5.9446
20220219,Uttara Kannada,14.8183,74.1419,24.41,71.84,0.44,6.1706
20220220,Uttara Kannada,14.8183,74.1419,24.46,69.86,0.44,6.4291
20220221,Uttara Kannada,14.8183,74.1419,24.53,69.22,0.52,6.511
20220222,Uttara Kannada,14.8183,74.1419,24.46,68.64,0.49,6.5218
20220223,Uttara Kannada,14.8183,74.1419,25.26,71.92,0.46,6.2575
20220224,Uttara Kannada,14.8183,74.1419,25.39,68.93,0.36,6.6367
20220225,Uttara Kannada,14.8183,74.1419,25.6,65.35,0.43,6.9218
20220226,Uttara Kannada,14.8183,74.1419,24.54,51.9,0.55,7.1453
20220227,Uttara Kannada,14.8183,74.1419,24.71,57.94,0.53,7.0318
20220228,Uttara Kannada,14.8183,74.1419,25.08,59.45,0.5,7.1093
20220301,Uttara Kannada,14.8183,74.1419,25.61,57.8,0.5,7.0646
20220302,Uttara Kannada,14.8183,74.1419,25.44,54.76,0.47,6.8244
20220303,Uttara Kannada,14.8183,74.1419,25.56,47.29,0.44,7.3037
20220304,Uttara Kannada,14.8183,74.1419,26.25,50.31,0.41,7.075
20220305,Uttara Kannada,14.8183,74.1419,26.53,50.45,0.43,6.8011
20220306,Uttara Kannada,14.8183,74.1419,26.28,57.43,0.49,6.54
20220307,Uttara Kannada,14.8183,74.1419,26.92,57.02,0.38,6.8446
20220308,Uttara Kannada,14.8183,74.1419,27.48,61.82,0.49,6.1846
20220309,Uttara Kannada,14.8183,74.1419,27.82,67.13,0.41,6.4872
20220310,Uttara Kannada,14.8183,74.1419,27.51,66.35,0.41,6.2657
20220311,Uttara Kannada,14.8183,74.1419,27.85,64.07,0.41,6.4128
20220312,Uttara Kannada,14.8183,74.1419,27.6,58.39,0.51,6.2477
20220313,Uttara Kannada,14.8183,74.1419,27.88,52.32,0.41,6.4486
20220314,Uttara Kannada,14.8183,74.1419,28.5,53.93,0.37,6.0036
20220315,Uttara Kannada,14.8183,74.1419,28.75,57.67,0.35,6.8875
20220316,Uttara Kannada,14.8183,74.1419,28.14,61.15,0.34,6.6218
20220317,Uttara Kannada,14.8183,74.1419,28.36,66.14,0.44,6.0415
20220318,Uttara Kannada,14.8183,74.1419,27.65,69.59,0.41,6.2143
20220319,Uttara Kannada,14.8183,74.1419,26.79,74.07,0.48,3.3274
20220320,Uttara Kannada,14.8183,74.1419,26.82,70.36,0.43,5.3064
20220321,Uttara Kannada,14.8183,74.1419,26.9,69.44,0.4,5.905
20220322,Uttara Kannada,14.8183,74.1419,27.03,72.65,0.42,4.9061
20220323,Uttara Kannada,14.8183,74.1419,28.08,71.63,0.36,5.9182
20220324,Uttara Kannada,14.8183,74.1419,27.2,76.0,0.41,2.3316
20220325,Uttara Kannada,14.8183,74.1419,27.7,74.01,0.4,5.2459
20220326,Uttara Kannada,14.8183,74.1419,27.85,73.21,0.43,5.7802
20220327,Uttara Kannada,14.8183,74.1419,28.31,71.39,0.34,6.2894
20220328,Uttara Kannada,14.8183,74.1419,28.6,69.63,0.34,5.8949
20220329,Uttara Kannada,14.8183,74.1419,28.53,71.69,0.34,5.9916
20220330,Uttara Kannada,14.8183,74.1419,28.68,67.84,0.33,6.3197
20220331,Uttara Kannada,14.8183,74.1419,28.75,66.52,0.36,6.7466
20220401,Uttara Kannada,14.8183,74.1419,28.76,64.54,0.41,6.6502
20220402,Uttara Kannada,14.8183,74.1419,28.73,65.05,0.39,6.2158
20220403,Uttara Kannada,14.8183,74.1419,28.82,65.08,0.34,6.726
20220404,Uttara Kannada,14.8183,74.1419,29.07,66.9,0.35,6.8597
20220405,Uttara Kannada,14.8183,74.1419,28.68,68.02,0.41,6.5659
20220406,Uttara Kannada,14.8183,74.1419,28.81,67.09,0.38,6.0487
20220407,Uttara Kannada,14.8183,74.1419,28.4,69.37,0.34,6.192
20220408,Uttara Kannada,14.8183,74.1419,28.74,68.82,0.31,6.305
20220409,Uttara Kannada,14.8183,74.1419,27.91,70.93,0.38,5.2618
20220410,Uttara Kannada,14.8183,74.1419,27.31,74.89,0.33,5.5733
20220411,Uttara Kannada,14.8183,74.1419,28.33,70.05,0.32,6.2794
20220412,Uttara Kannada,14.8183,74.1419,29.17,64.88,0.32,5.4038
20220413,Uttara Kannada,14.8183,74.1419,29.36,66.62,0.31,5.5354
20220414,Uttara Kannada,14.8183,74.1419,27.63,73.66,0.37,3.665
20220415,Uttara Kannada,14.8183,74.1419,27.97,71.98,0.33,3.3422
20220416,Uttara Kannada,14.8183,74.1419,28.1,72.59,0.38,6.6034
20220417,Uttara Kannada,14.8183,74.1419,28.24,71.03,0.38,7.0877
20220418,Uttara Kannada,14.8183,74.1419,28.32,71.12,0.33,6.4025
20220419,Uttara Kannada,14.8183,74.1419,26.86,75.12,0.45,5.153
20220420,Uttara Kannada,14.8183,74.1419,28.22,72.01,0.34,7.2725
20220421,Uttara Kannada,14.8183,74.1419,29.28,66.75,0.32,6.9233
20220422,Uttara Kannada,14.8183,74.1419,29.15,69.97,0.3,7.0651
20220423,Uttara Kannada,14.8183,74.1419,28.0,76.57,0.34,5.833
20220424,Uttara Kannada,14.8183,74.1419,27.78,73.59,0.4,6.8767
20220425,Uttara Kannada,14.8183,74.1419,28.66,65.62,0.31,6.833
20220426,Uttara Kannada,14.8183,74.1419,28.23,72.0,0.32,6.5969
20220427,Uttara Kannada,14.8183,74.1419,30.27,65.59,0.27,7.1837
20220428,Uttara Kannada,14.8183,74.1419,28.7,74.53,0.35,6.7889
20220429,Uttara Kannada,14.8183,74.1419,29.52,69.65,0.32,6.8138
20220430,Uttara Kannada,14.8183,74.1419,29.33,68.2,0.38,5.8999
20220501,Uttara Kannada,14.8183,74.1419,29.38,66.81,0.4,6.3677
20220502,Uttara Kannada,14.8183,74.1419,29.16,67.41,0.44,6.7906
20220503,Uttara Kannada,14.8183,74.1419,29.2,69.9,0.43,7.1741
20220504,Uttara Kannada,14.8183,74.1419,28.44,77.46,0.37,5.9978
20220505,Uttara Kannada,14.8183,74.1419,27.55,79.23,0.38,5.3093
20220506,Uttara Kannada,14.8183,74.1419,27.53,77.5,0.38,6.4987
20220507,Uttara Kannada,14.8183,74.1419,28.41,71.34,0.48,6.6578
20220508,Uttara Kannada,14.8183,74.1419,28.65,74.92,0.42,5.2013
20220509,Uttara Kannada,14.8183,74.1419,28.72,75.5,0.52,3.9223
20220510,Uttara Kannada,14.8183,74.1419,28.75,72.05,0.65,4.6046
20220511,Uttara Kannada,14.8183,74.1419,27.26,80.02,0.56,2.8152
20220512,Uttara Kannada,14.8183,74.1419,26.22,85.69,0.59,2.8726
20220513,Uttara Kannada,14.8183,74.1419,26.22,86.75,0.46,4.0541
20220514,Uttara Kannada,14.8183,74.1419,26.77,82.12,0.46,5.623
20220515,Uttara Kannada,14.8183,74.1419,27.39,80.33,0.5,5.2687
20220516,Uttara Kannada,14.8183,74.1419,27.23,85.07,0.54,5.1578
20220517,Uttara Kannada,14.8183,74.1419,26.21,91.05,0.46,2.6573
20220518,Uttara Kannada,14.8183,74.1419,26.57,86.36,0.5,1.9495
20220519,Uttara Kannada,14.8183,74.1419,24.94,91.87,0.53,1.3541
20220520,Uttara Kannada,14.8183,74.1419,24.61,89.73,0.44,1.5696
20220521,Uttara Kannada,14.8183,74.1419,25.72,84.65,0.45,2.0806
20220522,Uttara Kannada,14.8183,74.1419,26.72,85.12,0.53,5.4096
20220523,Uttara Kannada,14.8183,74.1419,27.31,84.33,0.44,6.4625
20220524,Uttara Kannada,14.8183,74.1419,26.99,87.52,0.42,6.6523
20220525,Uttara Kannada,14.8183,74.1419,28.29,77.55,0.43,6.6444
20220526,Uttara Kannada,14.8183,74.1419,27.52,77.11,0.49,7.2067
20220527,Uttara Kannada,14.8183,74.1419,27.23,75.4,0.5,7.0327
20220528,Uttara Kannada,14.8183,74.1419,27.0,76.47,0.51,7.1426
20220529,Uttara Kannada,14.8183,74.1419,27.2,76.76,0.49,7.2614
20220530,Uttara Kannada,14.8183,74.1419,27.72,74.71,0.51,7.0123
20220531,Uttara Kannada,14.8183,74.1419,27.28,79.13,0.5,5.9993
20220601,Uttara Kannada,14.8183,74.1419,26.19,85.07,0.39,6.4471
20220602,Uttara Kannada,14.8183,74.1419,26.21,87.24,0.48,6.223
20220603,Uttara Kannada,14.8183,74.1419,26.63,83.99,0.49,6.7162
20220604,Uttara Kannada,14.8183,74.1419,27.51,77.61,0.46,6.9278
20220605,Uttara Kannada,14.8183,74.1419,26.23,83.55,0.37,6.0346
20220606,Uttara Kannada,14.8183,74.1419,26.63,83.36,0.43,5.2807
20220607,Uttara Kannada,14.8183,74.1419,25.74,85.73,0.39,4.4095
20220608,Uttara Kannada,14.8183,74.1419,25.63,85.73,0.46,4.8415
20220609,Uttara Kannada,14.8183,74.1419,26.25,84.14,0.59,5.9465
20220610,Uttara Kannada,14.8183,74.1419,25.95,85.22,0.6,4.0666
20220611,Uttara Kannada,14.8183,74.1419,25.99,83.18,0.52,3.8071
20220612,Uttara Kannada,14.8183,74.1419,25.35,86.19,0.47,3.3413
20220613,Uttara Kannada,14.8183,74.1419,25.7,86.43,0.5,4.296
20220614,Uttara Kannada,14.8183,74.1419,25.83,82.94,0.47,5.5877
20220615,Uttara Kannada,14.8183,74.1419,25.81,88.24,0.4,4.7981
20220616,Uttara Kannada,14.8183,74.1419,25.77,85.97,0.46,4.5883
20220617,Uttara Kannada,14.8183,74.1419,25.61,84.99,0.46,5.4305
20220618,Uttara Kannada,14.8183,74.1419,24.83,84.9,0.37,4.8622
20220619,Uttara Kannada,14.8183,74.1419,24.55,84.71,0.44,5.1612
20220620,Uttara Kannada,14.8183,74.1419,24.62,86.96,0.51,4.2715
20220621,Uttara Kannada,14.8183,74.1419,24.71,92.95,0.47,1.7731
20220622,Uttara Kannada,14.8183,74.1419,25.14,91.9,0.49,2.4442
20220623,Uttara Kannada,14.8183,74.1419,24.56,91.92,0.5,3.9233
20220624,Uttara Kannada,14.8183,74.1419,25.21,88.81,0.54,2.4828
20220625,Uttara Kannada,14.8183,74.1419,24.97,89.19,0.65,3.6132
20220626,Uttara Kannada,14.8183,74.1419,25.44,90.7,0.68,4.6046
20220627,Uttara Kannada,14.8183,74.1419,25.4,91.98,0.61,5.1758
20220628,Uttara Kannada,14.8183,74.1419,25.43,91.44,0.54,4.9918
20220629,Uttara Kannada,14.8183,74.1419,25.18,94.09,0.53,3.0506
20220630,Uttara Kannada,14.8183,74.1419,25.29,92.43,0.61,2.0515
20220701,Uttara Kannada,14.8183,74.1419,25.3,92.57,0.6,2.0815
20220702,Uttara Kannada,14.8183,74.1419,25.46,90.81,0.64,4.133
20220703,Uttara Kannada,14.8183,74.1419,25.46,91.22,0.68,4.3411
20220704,Uttara Kannada,14.8183,74.1419,24.74,95.21,0.71,1.2982
20220705,Uttara Kannada,14.8183,74.1419,24.7,94.05,0.73,1.2473
20220706,Uttara Kannada,14.8183,74.1419,25.02,92.02,0.69,2.9482
20220707,Uttara Kannada,14.8183,74.1419,24.8,92.6,0.72,1.699
20220708,Uttara Kannada,14.8183,74.1419,24.41,93.34,0.74,2.0489
20220709,Uttara Kannada,14.8183,74.1419,24.22,95.62,0.69,2.5234
20220710,Uttara Kannada,14.8183,74.1419,24.16,93.79,0.69,1.8319
20220711,Uttara Kannada,14.8183,74.1419,24.11,94.99,0.7,1.7434
20220712,Uttara Kannada,14.8183,74.1419,24.25,94.47,0.77,3.181
20220713,Uttara Kannada,14.8183,74.1419,23.57,95.6,0.86,2.6477
20220714,Uttara Kannada,14.8183,74.1419,24.05,94.96,0.9,2.6078
20220715,Uttara Kannada,14.8183,74.1419,24.69,92.09,0.9,3.515
20220716,Uttara Kannada,14.8183,74.1419,24.74,93.23,0.81,0.8938
20220717,Uttara Kannada,14.8183,74.1419,24.7,93.91,0.66,3.3727
20220718,Uttara Kannada,14.8183,74.1419,24.04,93.57,0.66,3.943
20220719,Uttara Kannada,14.8183,74.1419,24.3,93.5,0.54,3.4126
20220720,Uttara Kannada,14.8183,74.1419,24.67,91.48,0.6,4.6061
20220721,Uttara Kannada,14.8183,74.1419,24.46,91.92,0.55,5.4677
20220722,Uttara Kannada,14.8183,74.1419,24.16,93.55,0.57,4.0574
20220723,Uttara Kannada,14.8183,74.1419,23.93,93.76,0.55,3.4438
20220724,Uttara Kannada,14.8183,74.1419,24.6,91.12,0.61,3.515
20220725,Uttara Kannada,14.8183,74.1419,24.76,90.56,0.54,3.8736
20220726,Uttara Kannada,14.8183,74.1419,24.8,89.56,0.51,4.9046
20220727,Uttara Kannada,14.8183,74.1419,24.71,90.25,0.4,5.8889
20220728,Uttara Kannada,14.8183,74.1419,25.54,90.49,0.46,5.0261
20220729,Uttara Kannada,14.8183,74.1419,26.67,88.0,0.35,6.013
20220730,Uttara Kannada,14.8183,74.1419,25.77,93.84,0.55,5.1182
20220731,Uttara Kannada,14.8183,74.1419,25.35,92.12,0.47,6.3276
20220801,Uttara Kannada,14.8183,74.1419,25.02,93.84,0.59,3.7452
20220802,Uttara Kannada,14.8183,74.1419,24.62,96.28,0.69,2.1146
20220803,Uttara Kannada,14.8183,74.1419,24.99,94.87,0.63,3.3415
20220804,Uttara Kannada,14.8183,74.1419,24.41,95.49,0.61,3.6804
20220805,Uttara Kannada,14.8183,74.1419,24.27,95.29,0.69,2.9462
20220806,Uttara Kannada,14.8183,74.1419,24.15,94.93,0.83,3.1498
20220807,Uttara Kannada,14.8183,74.1419,24.19,95.68,0.76,3.2892
20220808,Uttara Kannada,14.8183,74.1419,24.02,96.06,0.79,1.9044
20220809,Uttara Kannada,14.8183,74.1419,23.85,94.01,0.88,2.3698
20220810,Uttara Kannada,14.8183,74.1419,23.93,92.99,0.87,3.3948
20220811,Uttara Kannada,14.8183,74.1419,24.3,92.54,0.82,3.7258
20220812,Uttara Kannada,14.8183,74.1419,24.53,91.2,0.76,3.828
20220813,Uttara Kannada,14.8183,74.1419,24.15,91.66,0.55,3.5443
20220814,Uttara Kannada,14.8183,74.1419,23.97,93.08,0.53,4.4328
20220815,Uttara Kannada,14.8183,74.1419,24.28,92.57,0.5,4.5278
20220816,Uttara Kannada,14.8183,74.1419,24.73,90.62,0.51,4.363
20220817,Uttara Kannada,14.8183,74.1419,24.8,90.6,0.48,4.4366
20220818,Uttara Kannada,14.8183,74.1419,24.56,90.56,0.5,4.7086
20220819,Uttara Kannada,14.8183,74.1419,24.04,89.79,0.63,4.6178
20220820,Uttara Kannada,14.8183,74.1419,24.44,90.18,0.59,3.9274
20220821,Uttara Kannada,14.8183,74.1419,24.73,90.18,0.62,4.3843
20220822,Uttara Kannada,14.8183,74.1419,24.69,90.97,0.71,3.1375
20220823,Uttara Kannada,14.8183,74.1419,24.71,90.62,0.66,3.5047
20220824,Uttara Kannada,14.8183,74.1419,24.26,90.5,0.6,2.8922
20220825,Uttara Kannada,14.8183,74.1419,24.55,90.3,0.57,5.0052
20220826,Uttara Kannada,14.8183,74.1419,24.45,91.39,0.49,5.2303
20220827,Uttara Kannada,14.8183,74.1419,24.01,92.06,0.43,4.2283
20220828,Uttara Kannada,14.8183,74.1419,24.9,89.22,0.48,5.2759
20220829,Uttara Kannada,14.8183,74.1419,24.94,89.58,0.49,4.3666
20220830,Uttara Kannada,14.8183,74.1419,24.92,92.53,0.5,4.0253
20220831,Uttara Kannada,14.8183,74.1419,25.75,90.4,0.41,5.5584
20220901,Uttara Kannada,14.8183,74.1419,25.95,89.87,0.3,5.1756
20220902,Uttara Kannada,14.8183,74.1419,25.82,89.38,0.4,5.1274
20220903,Uttara Kannada,14.8183,74.1419,25.58,88.28,0.43,6.03
20220904,Uttara Kannada,14.8183,74.1419,25.7,89.89,0.37,5.7763
20220905,Uttara Kannada,14.8183,74.1419,25.03,93.32,0.42,3.7238
20220906,Uttara Kannada,14.8183,74.1419,25.28,91.57,0.47,4.4923
20220907,Uttara Kannada,14.8183,74.1419,25.11,90.32,0.56,4.1767
20220908,Uttara Kannada,14.8183,74.1419,24.08,93.18,0.49,2.8798
20220909,Uttara Kannada,14.8183,74.1419,24.56,92.19,0.5,2.7118
20220910,Uttara Kannada,14.8183,74.1419,24.45,91.82,0.66,3.4958
20220911,Uttara Kannada,14.8183,74.1419,24.63,92.06,0.88,2.503
20220912,Uttara Kannada,14.8183,74.1419,24.51,93.27,0.84,2.6801
20220913,Uttara Kannada,14.8183,74.1419,24.55,91.73,0.6,3.7594
20220914,Uttara Kannada,14.8183,74.1419,24.67,91.03,0.54,4.2504
20220915,Uttara Kannada,14.8183,74.1419,24.56,91.53,0.57,4.0534
20220916,Uttara Kannada,14.8183,74.1419,24.41,90.93,0.6,4.4501
20220917,Uttara Kannada,14.8183,74.1419,24.79,90.93,0.52,5.1672
20220918,Uttara Kannada,14.8183,74.1419,24.8,90.2,0.48,5.1374
20220919,Uttara Kannada,14.8183,74.1419,24.32,88.75,0.46,6.2258
20220920,Uttara Kannada,14.8183,74.1419,23.74,90.54,0.38,5.0086
20220921,Uttara Kannada,14.8183,74.1419,23.89,88.14,0.41,5.9561
20220922,Uttara Kannada,14.8183,74.1419,23.72,87.57,0.45,5.6621
20220923,Uttara Kannada,14.8183,74.1419,23.93,89.2,0.48,4.1825
20220924,Uttara Kannada,14.8183,74.1419,24.19,89.67,0.41,5.4506
20220925,Uttara Kannada,14.8183,74.1419,24.51,88.64,0.41,6.4308
20220926,Uttara Kannada,14.8183,74.1419,24.56,87.26,0.45,6.593
20220927,Uttara Kannada,14.8183,74.1419,24.15,86.78,0.41,6.337
20220928,Uttara Kannada,14.8183,74.1419,24.37,87.12,0.45,6.0324
20220929,Uttara Kannada,14.8183,74.1419,23.85,93.22,0.4,6.1073
20220930,Uttara Kannada,14.8183,74.1419,24.31,94.86,0.45,2.875
20221001,Uttara Kannada,14.8183,74.1419,24.0,94.55,0.44,3.5174
20221002,Uttara Kannada,14.8183,74.1419,24.54,91.56,0.43,4.7278
20221003,Uttara Kannada,14.8183,74.1419,25.13,87.82,0.45,4.7914
20221004,Uttara Kannada,14.8183,74.1419,25.38,88.19,0.41,5.0177
20221005,Uttara Kannada,14.8183,74.1419,24.88,89.34,0.46,4.6373
20221006,Uttara Kannada,14.8183,74.1419,23.7,94.61,0.46,1.9423
20221007,Uttara Kannada,14.8183,74.1419,24.15,89.0,0.42,3.108
20221008,Uttara Kannada,14.8183,74.1419,24.22,85.93,0.41,6.0854
20221009,Uttara Kannada,14.8183,74.1419,24.83,87.35,0.38,6.2225
20221010,Uttara Kannada,14.8183,74.1419,25.28,91.15,0.37,2.9503
20221011,Uttara Kannada,14.8183,74.1419,24.11,97.06,0.53,4.3786
20221012,Uttara Kannada,14.8183,74.1419,24.2,92.19,0.4,3.7934
20221013,Uttara Kannada,14.8183,74.1419,24.62,91.09,0.37,4.5355
20221014,Uttara Kannada,14.8183,74.1419,24.83,92.46,0.33,4.1882
20221015,Uttara Kannada,14.8183,74.1419,25.62,88.48,0.32,5.3746
20221016,Uttara Kannada,14.8183,74.1419,25.58,90.76,0.32,4.055
20221017,Uttara Kannada,14.8183,74.1419,25.2,93.45,0.35,4.662
20221018,Uttara Kannada,14.8183,74.1419,25.26,91.33,0.29,4.5187
20221019,Uttara Kannada,14.8183,74.1419,24.98,90.82,0.48,4.7362
20221020,Uttara Kannada,14.8183,74.1419,24.46,92.72,0.32,5.1242
20221021,Uttara Kannada,14.8183,74.1419,25.52,88.92,0.36,5.7415
20221022,Uttara Kannada,14.8183,74.1419,25.81,86.99,0.35,4.6642
20221023,Uttara Kannada,14.8183,74.1419,23.29,79.3,0.47,6.0086
20221024,Uttara Kannada,14.8183,74.1419,22.79,70.67,0.4,6.4872
20221025,Uttara Kannada,14.8183,74.1419,23.18,74.66,0.56,6.3696
20221026,Uttara Kannada,14.8183,74.1419,22.69,81.41,0.45,6.257
20221027,Uttara Kannada,14.8183,74.1419,22.21,78.18,0.47,6.4378
20221028,Uttara Kannada,14.8183,74.1419,22.88,81.53,0.47,5.6659
20221029,Uttara Kannada,14.8183,74.1419,23.89,81.99,0.44,5.551
20221030,Uttara Kannada,14.8183,74.1419,23.62,81.14,0.43,5.2128
20221031,Uttara Kannada,14.8183,74.1419,22.47,79.53,0.46,6.0432
20221101,Uttara Kannada,14.8183,74.1419,22.85,79.56,0.43,5.5853
20221102,Uttara Kannada,14.8183,74.1419,23.98,85.08,0.4,4.9586
20221103,Uttara Kannada,14.8183,74.1419,24.1,84.7,0.39,5.239
20221104,Uttara Kannada,14.8183,74.1419,24.55,83.57,0.43,5.6388
20221105,Uttara Kannada,14.8183,74.1419,24.91,84.99,0.39,5.6203
20221106,Uttara Kannada,14.8183,74.1419,24.95,85.0,0.38,5.2692
20221107,Uttara Kannada,14.8183,74.1419,24.67,83.75,0.38,5.4511
20221108,Uttara Kannada,14.8183,74.1419,22.5,83.17,0.45,5.7384
20221109,Uttara Kannada,14.8183,74.1419,22.62,80.82,0.48,5.6323
20221110,Uttara Kannada,14.8183,74.1419,22.19,81.76,0.47,5.1886
20221111,Uttara Kannada,14.8183,74.1419,22.54,82.18,0.47,4.8917
20221112,Uttara Kannada,14.8183,74.1419,23.49,82.06,0.43,3.2767
20221113,Uttara Kannada,14.8183,74.1419,24.33,85.85,0.45,4.8041
20221114,Uttara Kannada,14.8183,74.1419,24.92,83.96,0.41,5.3134
20221115,Uttara Kannada,14.8183,74.1419,24.75,86.02,0.37,4.9783
20221116,Uttara Kannada,14.8183,74.1419,23.2,81.24,0.5,5.2726
20221117,Uttara Kannada,14.8183,74.1419,21.43,77.22,0.54,5.796
20221118,Uttara Kannada,14.8183,74.1419,20.82,78.84,0.52,5.6657
20221119,Uttara Kannada,14.8183,74.1419,20.6,77.92,0.54,5.7451
20221120,Uttara Kannada,14.8183,74.1419,20.46,78.34,0.54,5.3695
20221121,Uttara Kannada,14.8183,74.1419,20.6,77.98,0.48,5.2373
20221122,Uttara Kannada,14.8183,74.1419,22.68,86.48,0.41,3.042
20221123,Uttara Kannada,14.8183,74.1419,23.93,89.43,0.34,3.517
20221124,Uttara Kannada,14.8183,74.1419,24.61,87.05,0.31,3.8489
20221125,Uttara Kannada,14.8183,74.1419,24.82,85.71,0.39,4.615
20221126,Uttara Kannada,14.8183,74.1419,24.87,87.28,0.43,5.017
20221127,Uttara Kannada,14.8183,74.1419,25.05,88.22,0.41,4.2809
20221128,Uttara Kannada,14.8183,74.1419,24.84,89.39,0.4,2.3028
20221129,Uttara Kannada,14.8183,74.1419,24.93,88.26,0.43,4.205
20221130,Uttara Kannada,14.8183,74.1419,23.01,79.85,0.45,5.0482
20221201,Uttara Kannada,14.8183,74.1419,22.34,75.28,0.5,5.4936
20221202,Uttara Kannada,14.8183,74.1419,24.07,85.15,0.44,4.9277
20221203,Uttara Kannada,14.8183,74.1419,25.04,85.05,0.39,5.3045
20221204,Uttara Kannada,14.8183,74.1419,25.08,85.17,0.36,4.7563
20221205,Uttara Kannada,14.8183,74.1419,24.69,84.31,0.38,4.0361
20221206,Uttara Kannada,14.8183,74.1419,24.19,79.86,0.46,5.1134
20221207,Uttara Kannada,14.8183,74.1419,22.79,74.64,0.5,3.9149
20221208,Uttara Kannada,14.8183,74.1419,22.45,76.73,0.45,4.849
20221209,Uttara Kannada,14.8183,74.1419,21.03,71.22,0.55,5.2963
20221210,Uttara Kannada,14.8183,74.1419,22.69,78.66,0.38,3.8366
20221211,Uttara Kannada,14.8183,74.1419,23.11,88.99,0.42,2.4
20221212,Uttara Kannada,14.8183,74.1419,23.56,88.38,0.41,2.6434
20221213,Uttara Kannada,14.8183,74.1419,23.64,90.28,0.42,3.0427
20221214,Uttara Kannada,14.8183,74.1419,24.19,87.95,0.43,4.3495
20221215,Uttara Kannada,14.8183,74.1419,24.45,86.26,0.36,5.4492
20221216,Uttara Kannada,14.8183,74.1419,23.3,80.44,0.42,5.6117
20221217,Uttara Kannada,14.8183,74.1419,23.69,82.71,0.41,5.2553
20221218,Uttara Kannada,14.8183,74.1419,24.42,79.66,0.43,4.5557
20221219,Uttara Kannada,14.8183,74.1419,23.36,74.71,0.49,5.267
20221220,Uttara Kannada,14.8183,74.1419,22.49,74.02,0.46,5.3189
20221221,Uttara Kannada,14.8183,74.1419,21.96,71.72,0.47,5.519
20221222,Uttara Kannada,14.8183,74.1419,22.53,70.38,0.45,5.4809
20221223,Uttara Kannada,14.8183,74.1419,22.56,75.24,0.45,5.4182
20221224,Uttara Kannada,14.8183,74.1419,22.22,72.99,0.43,5.5982
20221225,Uttara Kannada,14.8183,74.1419,22.42,73.4,0.46,5.4658
20221226,Uttara Kannada,14.8183,74.1419,24.67,79.99,0.39,5.0998
20221227,Uttara Kannada,14.8183,74.1419,25.58,80.97,0.35,5.2704
20221228,Uttara Kannada,14.8183,74.1419,25.85,79.36,0.37,5.3162
20221229,Uttara Kannada,14.8183,74.1419,25.24,79.25,0.37,5.2829
20221230,Uttara Kannada,14.8183,74.1419,24.4,77.28,0.47,5.6479
20221231,Uttara Kannada,14.8183,74.1419,23.78,79.73,0.45,5.4698
20230101,Uttara Kannada,14.8183,74.1419,23.1,77.16,0.46,5.2454
20230102,Uttara Kannada,14.8183,74.1419,23.09,75.52,0.46,5.4984
20230103,Uttara Kannada,14.8183,74.1419,23.22,76.47,0.5,5.4194
20230104,Uttara Kannada,14.8183,74.1419,23.31,75.56,0.48,5.4098
20230105,Uttara Kannada,14.8183,74.1419,23.05,70.25,0.48,5.6086
20230106,Uttara Kannada,14.8183,74.1419,23.7,67.05,0.5,5.603
20230107,Uttara Kannada,14.8183,74.1419,23.99,67.7,0.48,5.0676
20230108,Uttara Kannada,14.8183,74.1419,23.48,61.84,0.49,4.9498
20230109,Uttara Kannada,14.8183,74.1419,21.84,50.85,0.56,5.8058
20230110,Uttara Kannada,14.8183,74.1419,21.87,53.24,0.55,5.8589
20230111,Uttara Kannada,14.8183,74.1419,21.97,60.21,0.59,5.849
20230112,Uttara Kannada,14.8183,74.1419,22.25,60.11,0.53,5.9119
20230113,Uttara Kannada,14.8183,74.1419,22.0,59.98,0.51,5.7931
20230114,Uttara Kannada,14.8183,74.1419,22.22,69.74,0.49,5.454
20230115,Uttara Kannada,14.8183,74.1419,22.65,68.02,0.44,5.8819
20230116,Uttara Kannada,14.8183,74.1419,22.94,69.16,0.51,5.9172
20230117,Uttara Kannada,14.8183,74.1419,22.56,65.14,0.44,5.9654
20230118,Uttara Kannada,14.8183,74.1419,23.16,60.41,0.43,6.0427
20230119,Uttara Kannada,14.8183,74.1419,23.04,57.91,0.47,6.0662
20230120,Uttara Kannada,14.8183,74.1419,22.81,56.98,0.56,6.1022
20230121,Uttara Kannada,14.8183,74.1419,23.08,65.04,0.46,5.7806
20230122,Uttara Kannada,14.8183,74.1419,23.61,62.7,0.36,6.0235
20230123,Uttara Kannada,14.8183,74.1419,23.47,63.07,0.42,5.8474
20230124,Uttara Kannada,14.8183,74.1419,23.57,71.09,0.42,4.4777
20230125,Uttara Kannada,14.8183,74.1419,23.83,72.19,0.38,4.835
20230126,Uttara Kannada,14.8183,74.1419,24.58,68.0,0.35,5.7182
20230127,Uttara Kannada,14.8183,74.1419,24.1,60.87,0.41,6.0262
20230128,Uttara Kannada,14.8183,74.1419,23.62,54.36,0.48,6.2719
20230129,Uttara Kannada,14.8183,74.1419,23.69,60.49,0.4,6.0833
20230130,Uttara Kannada,14.8183,74.1419,24.46,67.57,0.38,5.6342
20230131,Uttara Kannada,14.8183,74.1419,25.83,67.81,0.29,5.0834
20230201,Uttara Kannada,14.8183,74.1419,26.41,57.32,0.37,5.2826
20230202,Uttara Kannada,14.8183,74.1419,26.35,50.2,0.47,5.3189
20230203,Uttara Kannada,14.8183,74.1419,26.1,54.53,0.45,5.6446
20230204,Uttara Kannada,14.8183,74.1419,26.94,60.38,0.38,5.9693
20230205,Uttara Kannada,14.8183,74.1419,26.71,61.58,0.4,6.085
20230206,Uttara Kannada,14.8183,74.1419,25.81,59.41,0.51,5.9143
20230207,Uttara Kannada,14.8183,74.1419,25.12,58.93,0.44,5.681
20230208,Uttara Kannada,14.8183,74.1419,26.37,58.43,0.41,5.7569
20230209,Uttara Kannada,14.8183,74.1419,26.33,57.08,0.43,5.8219
20230210,Uttara Kannada,14.8183,74.1419,26.95,55.09,0.42,6.0401
20230211,Uttara Kannada,14.8183,74.1419,26.9,49.21,0.47,6.3821
20230212,Uttara Kannada,14.8183,74.1419,26.67,50.39,0.49,6.3912
20230213,Uttara Kannada,14.8183,74.1419,26.32,39.53,0.49,6.5926
20230214,Uttara Kannada,14.8183,74.1419,25.89,40.0,0.46,6.6552
20230215,Uttara Kannada,14.8183,74.1419,25.62,36.52,0.52,6.803
20230216,Uttara Kannada,14.8183,74.1419,26.64,31.39,0.48,6.8496
20230217,Uttara Kannada,14.8183,74.1419,26.16,39.78,0.43,6.715
20230218,Uttara Kannada,14.8183,74.1419,26.31,45.39,0.51,6.5321
20230219,Uttara Kannada,14.8183,74.1419,26.35,51.93,0.44,6.3799
20230220,Uttara Kannada,14.8183,74.1419,26.56,54.54,0.43,6.5947
20230221,Uttara Kannada,14.8183,74.1419,26.93,63.28,0.43,6.4858
20230222,Uttara Kannada,14.8183,74.1419,27.27,57.56,0.43,6.2558
20230223,Uttara Kannada,14.8183,74.1419,26.57,48.01,0.44,6.5309
20230224,Uttara Kannada,14.8183,74.1419,26.81,45.08,0.37,6.8242
20230225,Uttara Kannada,14.8183,74.1419,27.23,52.39,0.29,6.7538
20230226,Uttara Kannada,14.8183,74.1419,27.15,39.38,0.45,6.7483
20230227,Uttara Kannada,14.8183,74.1419,26.89,41.82,0.45,6.7555
20230228,Uttara Kannada,14.8183,74.1419,26.94,41.73,0.47,6.6794
20230301,Uttara Kannada,14.8183,74.1419,27.77,39.18,0.44,6.8143
20230302,Uttara Kannada,14.8183,74.1419,27.87,39.5,0.48,6.8016
20230303,Uttara Kannada,14.8183,74.1419,28.15,36.7,0.51,6.7109
20230304,Uttara Kannada,14.8183,74.1419,28.63,34.42,0.51,6.6823
20230305,Uttara Kannada,14.8183,74.1419,28.71,33.92,0.5,7.033
20230306,Uttara Kannada,14.8183,74.1419,28.06,37.43,0.46,7.0162
20230307,Uttara Kannada,14.8183,74.1419,28.42,36.14,0.43,6.9749
20230308,Uttara Kannada,14.8183,74.1419,28.28,37.38,0.46,6.863
20230309,Uttara Kannada,14.8183,74.1419,28.75,37.78,0.35,7.0469
20230310,Uttara Kannada,14.8183,74.1419,28.54,38.48,0.43,7.1071
20230311,Uttara Kannada,14.8183,74.1419,28.47,40.01,0.4,7.17
20230312,Uttara Kannada,14.8183,74.1419,29.02,38.55,0.41,7.2089
20230313,Uttara Kannada,14.8183,74.1419,28.49,42.07,0.5,6.5237
20230314,Uttara Kannada,14.8183,74.1419,27.78,53.3,0.37,6.3605
20230315,Uttara Kannada,14.8183,74.1419,28.28,59.91,0.35,5.7391
20230316,Uttara Kannada,14.8183,74.1419,28.28,60.36,0.44,6.5328
20230317,Uttara Kannada,14.8183,74.1419,27.59,61.2,0.48,6.7891
20230318,Uttara Kannada,14.8183,74.1419,26.4,62.81,0.53,6.8611
20230319,Uttara Kannada,14.8183,74.1419,26.01,62.49,0.55,7.1702
20230320,Uttara Kannada,14.8183,74.1419,24.82,59.66,0.57,7.3286
20230321,Uttara Kannada,14.8183,74.1419,25.43,57.76,0.61,7.4611
20230322,Uttara Kannada,14.8183,74.1419,26.85,59.37,0.49,7.1222
20230323,Uttara Kannada,14.8183,74.1419,27.21,53.49,0.54,6.853
20230324,Uttara Kannada,14.8183,74.1419,27.35,54.64,0.47,7.3594
20230325,Uttara Kannada,14.8183,74.1419,27.44,53.35,0.48,6.5849
20230326,Uttara Kannada,14.8183,74.1419,27.05,51.16,0.49,7.1191
20230327,Uttara Kannada,14.8183,74.1419,26.85,56.76,0.42,7.5934
20230328,Uttara Kannada,14.8183,74.1419,27.23,58.6,0.41,7.4909
20230329,Uttara Kannada,14.8183,74.1419,27.36,56.51,0.45,7.367
20230330,Uttara Kannada,14.8183,74.1419,26.97,59.57,0.42,7.309
20230331,Uttara Kannada,14.8183,74.1419,26.89,58.12,0.43,7.5005
20230401,Uttara Kannada,14.8183,74.1419,26.71,60.53,0.44,7.7179
20230402,Uttara Kannada,14.8183,74.1419,26.45,54.09,0.49,7.6524
20230403,Uttara Kannada,14.8183,74.1419,25.97,60.16,0.48,7.577
20230404,Uttara Kannada,14.8183,74.1419,26.62,60.53,0.43,7.4998
20230405,Uttara Kannada,14.8183,74.1419,28.25,60.87,0.46,7.4789
20230406,Uttara Kannada,14.8183,74.1419,28.74,60.78,0.41,7.1446
20230407,Uttara Kannada,14.8183,74.1419,28.81,65.2,0.3,5.4245
20230408,Uttara Kannada,14.8183,74.1419,29.8,59.8,0.35,6.8191
20230409,Uttara Kannada,14.8183,74.1419,29.24,60.37,0.38,7.4342
20230410,Uttara Kannada,14.8183,74.1419,29.52,60.41,0.33,7.1662
20230411,Uttara Kannada,14.8183,74.1419,29.18,55.62,0.32,7.5566
20230412,Uttara Kannada,14.8183,74.1419,29.2,58.69,0.38,7.7767
20230413,Uttara Kannada,14.8183,74.1419,28.44,61.96,0.37,6.8825
20230414,Uttara Kannada,14.8183,74.1419,28.69,62.79,0.35,6.0828
20230415,Uttara Kannada,14.8183,74.1419,28.95,62.09,0.32,6.7015
20230416,Uttara Kannada,14.8183,74.1419,29.81,57.17,0.34,7.1844
20230417,Uttara Kannada,14.8183,74.1419,29.85,60.75,0.36,7.3517
20230418,Uttara Kannada,14.8183,74.1419,30.24,56.25,0.42,7.2336
20230419,Uttara Kannada,14.8183,74.1419,29.56,63.48,0.41,7.1678
20230420,Uttara Kannada,14.8183,74.1419,29.01,64.9,0.38,6.4097
20230421,Uttara Kannada,14.8183,74.1419,29.24,61.68,0.41,6.5614
20230422,Uttara Kannada,14.8183,74.1419,29.39,54.69,0.46,7.5926
20230423,Uttara Kannada,14.8183,74.1419,28.56,56.66,0.5,7.8202
20230424,Uttara Kannada,14.8183,74.1419,28.74,59.24,0.43,7.643
20230425,Uttara Kannada,14.8183,74.1419,28.66,60.9,0.43,7.4158
20230426,Uttara Kannada,14.8183,74.1419,28.98,57.59,0.42,7.225
20230427,Uttara Kannada,14.8183,74.1419,29.18,56.56,0.4,7.3327
20230428,Uttara Kannada,14.8183,74.1419,28.89,58.56,0.31,6.2717
20230429,Uttara Kannada,14.8183,74.1419,29.62,61.18,0.37,6.7385
20230430,Uttara Kannada,14.8183,74.1419,29.06,58.52,0.45,7.074
20230501,Uttara Kannada,14.8183,74.1419,29.11,51.63,0.47,7.5175
20230502,Uttara Kannada,14.8183,74.1419,28.96,54.33,0.49,7.3985
20230503,Uttara Kannada,14.8183,74.1419,28.43,62.5,0.45,7.0058
20230504,Uttara Kannada,14.8183,74.1419,29.0,59.49,0.44,6.6022
20230505,Uttara Kannada,14.8183,74.1419,28.35,59.13,0.44,6.7445
20230506,Uttara Kannada,14.8183,74.1419,28.88,58.29,0.49,7.1242
20230507,Uttara Kannada,14.8183,74.1419,28.68,61.63,0.45,6.7303
20230508,Uttara Kannada,14.8183,74.1419,27.33,76.02,0.37,6.3209
20230509,Uttara Kannada,14.8183,74.1419,27.36,85.15,0.34,6.313
20230510,Uttara Kannada,14.8183,74.1419,28.21,81.52,0.31,5.8474
20230511,Uttara Kannada,14.8183,74.1419,28.48,78.9,0.31,5.521
20230512,Uttara Kannada,14.8183,74.1419,28.36,79.53,0.34,5.0417
20230513,Uttara Kannada,14.8183,74.1419,28.63,74.58,0.41,6.2702
20230514,Uttara Kannada,14.8183,74.1419,28.8,70.28,0.42,7.0915
20230515,Uttara Kannada,14.8183,74.1419,28.88,69.39,0.47,7.1614
20230516,Uttara Kannada,14.8183,74.1419,29.42,63.61,0.45,7.5725
20230517,Uttara Kannada,14.8183,74.1419,29.82,62.03,0.41,7.5859
20230518,Uttara Kannada,14.8183,74.1419,29.92,61.56,0.43,7.4208
20230519,Uttara Kannada,14.8183,74.1419,29.59,65.15,0.46,7.0877
20230520,Uttara Kannada,14.8183,74.1419,29.46,67.44,0.43,7.2329
20230521,Uttara Kannada,14.8183,74.1419,29.41,68.78,0.4,6.8782
20230522,Uttara Kannada,14.8183,74.1419,29.51,69.65,0.36,6.7608
20230523,Uttara Kannada,14.8183,74.1419,29.38,70.57,0.35,7.0567
20230524,Uttara Kannada,14.8183,74.1419,28.94,69.13,0.4,6.851
20230525,Uttara Kannada,14.8183,74.1419,28.4,68.14,0.48,7.0574
20230526,Uttara Kannada,14.8183,74.1419,28.45,69.62,0.45,7.3663
20230527,Uttara Kannada,14.8183,74.1419,28.67,70.28,0.53,7.1227
20230528,Uttara Kannada,14.8183,74.1419,29.11,66.16,0.49,7.4474
20230529,Uttara Kannada,14.8183,74.1419,29.45,70.2,0.36,7.0519
20230530,Uttara Kannada,14.8183,74.1419,28.65,74.96,0.32,4.375
20230531,Uttara Kannada,14.8183,74.1419,28.2,74.72,0.32,6.3492
20230601,Uttara Kannada,14.8183,74.1419,26.75,79.47,0.28,1.3258
20230602,Uttara Kannada,14.8183,74.1419,27.92,71.34,0.38,5.148
20230603,Uttara Kannada,14.8183,74.1419,29.29,69.46,0.45,7.1969
20230604,Uttara Kannada,14.8183,74.1419,28.75,74.31,0.44,6.2376
20230605,Uttara Kannada,14.8183,74.1419,27.92,79.05,0.44,5.8073
20230606,Uttara Kannada,14.8183,74.1419,28.84,74.18,0.46,6.7476
20230607,Uttara Kannada,14.8183,74.1419,28.44,75.41,0.48,6.5957
20230608,Uttara Kannada,14.8183,74.1419,28.18,78.13,0.53,6.7505
20230609,Uttara Kannada,14.8183,74.1419,27.89,81.68,0.51,6.4114
20230610,Uttara Kannada,14.8183,74.1419,26.72,86.4,0.59,4.465
20230611,Uttara Kannada,14.8183,74.1419,27.24,80.66,0.6,3.4337
20230612,Uttara Kannada,14.8183,74.1419,27.66,78.86,0.66,6.4171
20230613,Uttara Kannada,14.8183,74.1419,27.73,80.57,0.63,6.3264
20230614,Uttara Kannada,14.8183,74.1419,27.7,81.59,0.63,6.3202
20230615,Uttara Kannada,14.8183,74.1419,27.83,80.85,0.56,6.3401
20230616,Uttara Kannada,14.8183,74.1419,27.59,81.61,0.57,6.2098
20230617,Uttara Kannada,14.8183,74.1419,27.16,84.74,0.55,5.346
20230618,Uttara Kannada,14.8183,74.1419,27.12,84.15,0.53,3.8861
20230619,Uttara Kannada,14.8183,74.1419,27.11,84.32,0.47,5.7538
20230620,Uttara Kannada,14.8183,74.1419,27.45,81.82,0.48,6.3216
20230621,Uttara Kannada,14.8183,74.1419,27.3,83.75,0.48,5.6141
20230622,Uttara Kannada,14.8183,74.1419,25.9,88.57,0.39,3.7234
20230623,Uttara Kannada,14.8183,74.1419,25.76,81.84,0.5,2.9282
20230624,Uttara Kannada,14.8183,74.1419,25.15,90.9,0.5,1.963
20230625,Uttara Kannada,14.8183,74.1419,25.89,88.85,0.48,2.5896
20230626,Uttara Kannada,14.8183,74.1419,25.79,89.22,0.56,4.2725
20230627,Uttara Kannada,14.8183,74.1419,25.49,88.5,0.55,4.1998
20230628,Uttara Kannada,14.8183,74.1419,24.82,90.83,0.5,2.8639
20230629,Uttara Kannada,14.8183,74.1419,24.91,86.24,0.59,2.5637
20230630,Uttara Kannada,14.8183,74.1419,25.57,88.54,0.65,3.5897
20230701,Uttara Kannada,14.8183,74.1419,25.59,90.81,0.54,3.7944
20230702,Uttara Kannada,14.8183,74.1419,25.86,90.64,0.69,2.1151
20230703,Uttara Kannada,14.8183,74.1419,25.82,93.26,0.71,3.7831
20230704,Uttara Kannada,14.8183,74.1419,25.48,94.57,0.76,2.8094
20230705,Uttara Kannada,14.8183,74.1419,24.63,94.3,0.71,1.3985
20230706,Uttara Kannada,14.8183,74.1419,24.17,91.11,0.75,1.5487
20230707,Uttara Kannada,14.8183,74.1419,24.93,91.16,0.68,2.6508
20230708,Uttara Kannada,14.8183,74.1419,25.27,90.58,0.66,1.8902
20230709,Uttara Kannada,14.8183,74.1419,25.69,90.45,0.57,3.0031
20230710,Uttara Kannada,14.8183,74.1419,25.32,92.07,0.5,4.2209
20230711,Uttara Kannada,14.8183,74.1419,25.3,91.49,0.5,3.8479
20230712,Uttara Kannada,14.8183,74.1419,25.15,91.38,0.59,3.8479
20230713,Uttara Kannada,14.8183,74.1419,25.19,92.23,0.67,2.3357
20230714,Uttara Kannada,14.8183,74.1419,24.98,91.58,0.63,3.389
20230715,Uttara Kannada,14.8183,74.1419,25.3,90.98,0.55,4.3913
20230716,Uttara Kannada,14.8183,74.1419,25.07,94.36,0.53,4.4364
20230717,Uttara Kannada,14.8183,74.1419,25.41,92.76,0.63,2.9731
20230718,Uttara Kannada,14.8183,74.1419,24.96,94.59,0.75,2.7226
20230719,Uttara Kannada,14.8183,74.1419,24.51,95.2,0.74,2.4514
20230720,Uttara Kannada,14.8183,74.1419,24.85,94.78,0.76,2.3465
20230721,Uttara Kannada,14.8183,74.1419,24.81,95.0,0.74,1.8048
20230722,Uttara Kannada,14.8183,74.1419,24.37,94.14,0.79,1.9056
20230723,Uttara Kannada,14.8183,74.1419,24.76,93.54,0.87,1.0313
20230724,Uttara Kannada,14.8183,74.1419,24.38,94.41,0.74,1.2902
20230725,Uttara Kannada,14.8183,74.1419,24.06,95.38,0.64,1.2881
20230726,Uttara Kannada,14.8183,74.1419,24.28,95.16,0.75,1.4426
20230727,Uttara Kannada,14.8183,74.1419,23.98,96.25,0.68,2.4691
20230728,Uttara Kannada,14.8183,74.1419,24.82,93.23,0.7,4.6862
20230729,Uttara Kannada,14.8183,74.1419,24.71,92.07,0.68,4.6594
20230730,Uttara Kannada,14.8183,74.1419,24.79,91.82,0.64,4.577
20230731,Uttara Kannada,14.8183,74.1419,24.92,91.65,0.69,4.5065
20230801,Uttara Kannada,14.8183,74.1419,24.88,91.62,0.69,4.5586
20230802,Uttara Kannada,14.8183,74.1419,24.63,91.71,0.67,4.3781
20230803,Uttara Kannada,14.8183,74.1419,24.78,90.72,0.68,4.3183
20230804,Uttara Kannada,14.8183,74.1419,25.11,90.47,0.68,4.5468
20230805,Uttara Kannada,14.8183,74.1419,25.04,89.86,0.61,4.3709
20230806,Uttara Kannada,14.8183,74.1419,24.99,90.61,0.56,5.1811
20230807,Uttara Kannada,14.8183,74.1419,24.89,90.32,0.56,4.71
20230808,Uttara Kannada,14.8183,74.1419,25.03,89.6,0.49,4.1539
20230809,Uttara Kannada,14.8183,74.1419,24.89,90.71,0.47,5.4768
20230810,Uttara Kannada,14.8183,74.1419,25.22,89.52,0.48,5.8416
20230811,Uttara Kannada,14.8183,74.1419,25.13,88.88,0.48,5.6479
20230812,Uttara Kannada,14.8183,74.1419,24.91,88.77,0.54,5.298
20230813,Uttara Kannada,14.8183,74.1419,24.77,88.51,0.51,5.3285
20230814,Uttara Kannada,14.8183,74.1419,24.31,89.43,0.5,4.9625
20230815,Uttara Kannada,14.8183,74.1419,24.73,89.03,0.48,5.3962
20230816,Uttara Kannada,14.8183,74.1419,24.96,88.41,0.52,6.4387
20230817,Uttara Kannada,14.8183,74.1419,24.84,89.18,0.53,5.6995
20230818,Uttara Kannada,14.8183,74.1419,24.79,89.82,0.55,4.273
20230819,Uttara Kannada,14.8183,74.1419,25.19,90.66,0.62,3.2141
20230820,Uttara Kannada,14.8183,74.1419,25.39,89.07,0.57,5.6326
20230821,Uttara Kannada,14.8183,74.1419,25.28,88.03,0.49,6.539
20230822,Uttara Kannada,14.8183,74.1419,25.24,87.01,0.44,6.755
20230823,Uttara Kannada,14.8183,74.1419,25.05,88.05,0.44,5.7718
20230824,Uttara Kannada,14.8183,74.1419,25.25,88.41,0.43,5.4151
20230825,Uttara Kannada,14.8183,74.1419,25.41,88.59,0.43,4.2079
20230826,Uttara Kannada,14.8183,74.1419,25.13,89.36,0.43,5.3633
20230827,Uttara Kannada,14.8183,74.1419,25.47,86.8,0.48,6.9122
20230828,Uttara Kannada,14.8183,74.1419,25.26,88.02,0.47,6.2638
20230829,Uttara Kannada,14.8183,74.1419,25.49,88.2,0.49,5.9431
20230830,Uttara Kannada,14.8183,74.1419,25.64,86.68,0.43,6.3691
20230831,Uttara Kannada,14.8183,74.1419,25.77,86.58,0.42,6.5808
20230901,Uttara Kannada,14.8183,74.1419,25.65,88.76,0.44,6.7034
20230902,Uttara Kannada,14.8183,74.1419,25.26,88.54,0.43,5.7518
20230903,Uttara Kannada,14.8183,74.1419,24.07,91.87,0.33,5.0465
20230904,Uttara Kannada,14.8183,74.1419,24.23,90.76,0.39,2.9141
20230905,Uttara Kannada,14.8183,74.1419,25.06,91.38,0.49,3.8909
20230906,Uttara Kannada,14.8183,74.1419,25.46,87.78,0.47,6.0869
20230907,Uttara Kannada,14.8183,74.1419,25.18,89.21,0.47,5.3678
20230908,Uttara Kannada,14.8183,74.1419,25.35,89.76,0.53,4.3008
20230909,Uttara Kannada,14.8183,74.1419,25.74,89.82,0.58,4.7606
20230910,Uttara Kannada,14.8183,74.1419,25.58,90.41,0.52,5.6194
20230911,Uttara Kannada,14.8183,74.1419,25.59,89.48,0.55,5.376
20230912,Uttara Kannada,14.8183,74.1419,25.38,89.31,0.53,6.2102
20230913,Uttara Kannada,14.8183,74.1419,25.22,89.58,0.45,6.1848
20230914,Uttara Kannada,14.8183,74.1419,25.51,89.59,0.51,3.8422
20230915,Uttara Kannada,14.8183,74.1419,25.06,90.31,0.52,4.5494
20230916,Uttara Kannada,14.8183,74.1419,25.61,90.19,0.63,4.2127
20230917,Uttara Kannada,14.8183,74.1419,25.62,90.54,0.52,4.8826
20230918,Uttara Kannada,14.8183,74.1419,25.61,90.05,0.45,6.0269
20230919,Uttara Kannada,14.8183,74.1419,25.52,89.96,0.46,5.0244
20230920,Uttara Kannada,14.8183,74.1419,25.36,90.71,0.5,4.2643
20230921,Uttara Kannada,14.8183,74.1419,25.44,91.31,0.48,4.9061
20230922,Uttara Kannada,14.8183,74.1419,25.18,92.45,0.38,4.2658
20230923,Uttara Kannada,14.8183,74.1419,25.35,90.09,0.4,4.147
20230924,Uttara Kannada,14.8183,74.1419,24.67,90.47,0.45,3.606
20230925,Uttara Kannada,14.8183,74.1419,24.27,89.33,0.41,4.6402
20230926,Uttara Kannada,14.8183,74.1419,24.16,91.11,0.38,3.9079
20230927,Uttara Kannada,14.8183,74.1419,24.57,91.0,0.45,3.2153
20230928,Uttara Kannada,14.8183,74.1419,25.57,93.61,0.51,4.5646
20230929,Uttara Kannada,14.8183,74.1419,24.62,94.25,0.76,3.6252
20230930,Uttara Kannada,14.8183,74.1419,24.97,93.27,0.73,2.7346
20231001,Uttara Kannada,14.8183,74.1419,25.06,91.71,0.67,2.6299
20231002,Uttara Kannada,14.8183,74.1419,24.16,90.62,0.42,4.4969
20231003,Uttara Kannada,14.8183,74.1419,24.61,88.91,0.45,5.369
20231004,Uttara Kannada,14.8183,74.1419,24.44,89.13,0.38,4.3056
20231005,Uttara Kannada,14.8183,74.1419,24.51,90.37,0.4,4.5101
20231006,Uttara Kannada,14.8183,74.1419,25.34,89.3,0.38,4.2869
20231007,Uttara Kannada,14.8183,74.1419,26.04,86.99,0.33,5.286
20231008,Uttara Kannada,14.8183,74.1419,26.34,86.8,0.32,5.6345
20231009,Uttara Kannada,14.8183,74.1419,26.34,87.02,0.32,5.1106
20231010,Uttara Kannada,14.8183,74.1419,26.43,87.61,0.33,5.0294
20231011,Uttara Kannada,14.8183,74.1419,26.33,87.71,0.35,4.4074
20231012,Uttara Kannada,14.8183,74.1419,26.39,88.71,0.35,4.7647
20231013,Uttara Kannada,14.8183,74.1419,26.37,87.91,0.38,4.9106
20231014,Uttara Kannada,14.8183,74.1419,25.26,88.54,0.35,5.5742
20231015,Uttara Kannada,14.8183,74.1419,25.24,89.01,0.35,5.3086
20231016,Uttara Kannada,14.8183,74.1419,24.79,90.16,0.32,4.9759
20231017,Uttara Kannada,14.8183,74.1419,25.62,88.61,0.33,4.4969
20231018,Uttara Kannada,14.8183,74.1419,25.65,87.6,0.35,5.676
20231019,Uttara Kannada,14.8183,74.1419,25.53,85.59,0.37,5.37
20231020,Uttara Kannada,14.8183,74.1419,25.52,85.55,0.38,5.2555
20231021,Uttara Kannada,14.8183,74.1419,25.75,86.02,0.36,5.0412
20231022,Uttara Kannada,14.8183,74.1419,25.8,85.26,0.37,5.3686
20231023,Uttara Kannada,14.8183,74.1419,25.01,83.39,0.37,5.7154
20231024,Uttara Kannada,14.8183,74.1419,24.38,83.3,0.38,5.6866
20231025,Uttara Kannada,14.8183,74.1419,24.3,84.14,0.4,6.1706
20231026,Uttara Kannada,14.8183,74.1419,23.62,81.97,0.41,5.4835
20231027,Uttara Kannada,14.8183,74.1419,23.12,77.22,0.57,6.1812
20231028,Uttara Kannada,14.8183,74.1419,23.07,81.42,0.45,5.4878
20231029,Uttara Kannada,14.8183,74.1419,25.59,87.52,0.41,5.4634
20231030,Uttara Kannada,14.8183,74.1419,25.25,90.97,0.45,4.2727
20231031,Uttara Kannada,14.8183,74.1419,24.76,91.14,0.39,3.8942
20231101,Uttara Kannada,14.8183,74.1419,25.31,89.3,0.33,4.3865
20231102,Uttara Kannada,14.8183,74.1419,25.14,88.99,0.34,4.3908
20231103,Uttara Kannada,14.8183,74.1419,26.09,86.29,0.34,5.3237
20231104,Uttara Kannada,14.8183,74.1419,25.5,88.5,0.33,3.7958
20231105,Uttara Kannada,14.8183,74.1419,25.58,87.46,0.39,3.7639
20231106,Uttara Kannada,14.8183,74.1419,24.69,91.54,0.35,3.6602
20231107,Uttara Kannada,14.8183,74.1419,24.81,90.35,0.34,5.2152
20231108,Uttara Kannada,14.8183,74.1419,24.89,92.27,0.35,2.9858
20231109,Uttara Kannada,14.8183,74.1419,24.4,93.85,0.37,4.609
20231110,Uttara Kannada,14.8183,74.1419,24.91,87.48,0.41,4.0709
20231111,Uttara Kannada,14.8183,74.1419,24.73,86.17,0.4,5.0892
20231112,Uttara Kannada,14.8183,74.1419,24.59,82.14,0.37,5.5913
20231113,Uttara Kannada,14.8183,74.1419,23.89,82.66,0.38,5.0299
20231114,Uttara Kannada,14.8183,74.1419,24.46,81.48,0.4,5.0791
20231115,Uttara Kannada,14.8183,74.1419,24.07,84.22,0.43,4.9774
20231116,Uttara Kannada,14.8183,74.1419,24.0,84.52,0.43,4.6663
20231117,Uttara Kannada,14.8183,74.1419,24.08,81.83,0.47,4.86
20231118,Uttara Kannada,14.8183,74.1419,25.02,82.01,0.43,4.8691
20231119,Uttara Kannada,14.8183,74.1419,25.34,84.32,0.39,4.7993
20231120,Uttara Kannada,14.8183,74.1419,24.92,80.1,0.42,4.5722
20231121,Uttara Kannada,14.8183,74.1419,24.23,80.11,0.45,5.1156
20231122,Uttara Kannada,14.8183,74.1419,25.03,85.03,0.45,5.4427
20231123,Uttara Kannada,14.8183,74.1419,25.27,86.38,0.39,4.8806
20231124,Uttara Kannada,14.8183,74.1419,25.51,88.25,0.42,3.4054
20231125,Uttara Kannada,14.8183,74.1419,25.55,87.11,0.44,4.4383
20231126,Uttara Kannada,14.8183,74.1419,24.37,88.04,0.43,3.3965
20231127,Uttara Kannada,14.8183,74.1419,24.75,85.48,0.43,5.2632
20231128,Uttara Kannada,14.8183,74.1419,25.03,88.53,0.36,4.931
20231129,Uttara Kannada,14.8183,74.1419,25.26,88.42,0.34,5.1396
20231130,Uttara Kannada,14.8183,74.1419,25.34,87.83,0.42,4.937
20231201,Uttara Kannada,14.8183,74.1419,25.24,85.18,0.39,5.0321
20231202,Uttara Kannada,14.8183,74.1419,24.84,82.76,0.37,5.0131
20231203,Uttara Kannada,14.8183,74.1419,25.26,82.73,0.4,5.0474
20231204,Uttara Kannada,14.8183,74.1419,25.57,82.35,0.43,3.887
20231205,Uttara Kannada,14.8183,74.1419,24.52,84.22,0.39,3.9886
20231206,Uttara Kannada,14.8183,74.1419,24.21,85.79,0.45,5.1602
20231207,Uttara Kannada,14.8183,74.1419,23.62,83.47,0.43,5.0023
20231208,Uttara Kannada,14.8183,74.1419,24.11,83.6,0.48,4.7076
20231209,Uttara Kannada,14.8183,74.1419,24.82,87.08,0.44,4.399
20231210,Uttara Kannada,14.8183,74.1419,24.82,85.24,0.46,3.9708
20231211,Uttara Kannada,14.8183,74.1419,24.16,84.75,0.43,4.4098
20231212,Uttara Kannada,14.8183,74.1419,24.16,85.03,0.47,5.088
20231213,Uttara Kannada,14.8183,74.1419,23.21,82.8,0.44,5.4581
20231214,Uttara Kannada,14.8183,74.1419,22.64,71.03,0.51,5.3467
20231215,Uttara Kannada,14.8183,74.1419,22.4,72.36,0.49,4.8967
20231216,Uttara Kannada,14.8183,74.1419,23.52,81.15,0.39,4.5341
20231217,Uttara Kannada,14.8183,74.1419,25.1,81.23,0.44,4.9217
20231218,Uttara Kannada,14.8183,74.1419,24.47,79.81,0.43,4.2955
20231219,Uttara Kannada,14.8183,74.1419,23.5,73.6,0.47,4.4827
20231220,Uttara Kannada,14.8183,74.1419,23.13,76.4,0.45,4.8043
20231221,Uttara Kannada,14.8183,74.1419,23.72,75.29,0.48,5.251
20231222,Uttara Kannada,14.8183,74.1419,23.26,73.78,0.47,4.1304
20231223,Uttara Kannada,14.8183,74.1419,22.58,69.72,0.48,5.239
20231224,Uttara Kannada,14.8183,74.1419,22.19,70.47,0.48,5.423
20231225,Uttara Kannada,14.8183,74.1419,23.21,69.05,0.46,5.5572
20231226,Uttara Kannada,14.8183,74.1419,23.11,65.48,0.53,5.5135
20231227,Uttara Kannada,14.8183,74.1419,23.07,64.9,0.59,5.647
20231228,Uttara Kannada,14.8183,74.1419,23.19,69.32,0.57,5.5718
20231229,Uttara Kannada,14.8183,74.1419,23.63,64.14,0.54,5.6664
20231230,Uttara Kannada,14.8183,74.1419,23.77,68.71,0.48,5.6664
20231231,Uttara Kannada,14.8183,74.1419,23.17,68.51,0.56,5.6386
20240101,Uttara Kannada,14.8183,74.1419,23.37,72.58,0.48,5.1672
20240102,Uttara Kannada,14.8183,74.1419,23.86,74.36,0.48,4.5516
20240103,Uttara Kannada,14.8183,74.1419,23.83,80.2,0.45,4.1659
20240104,Uttara Kannada,14.8183,74.1419,23.8,87.67,0.4,3.6552
20240105,Uttara Kannada,14.8183,74.1419,23.53,83.92,0.4,4.5787
20240106,Uttara Kannada,14.8183,74.1419,23.56,86.18,0.41,3.143
20240107,Uttara Kannada,14.8183,74.1419,23.4,76.91,0.44,4.777
20240108,Uttara Kannada,14.8183,74.1419,23.4,76.14,0.47,3.8676
20240109,Uttara Kannada,14.8183,74.1419,23.18,85.75,0.5,2.9386
20240110,Uttara Kannada,14.8183,74.1419,23.93,73.84,0.49,5.1242
20240111,Uttara Kannada,14.8183,74.1419,24.33,66.01,0.49,5.6496
20240112,Uttara Kannada,14.8183,74.1419,24.07,65.24,0.51,5.6707
20240113,Uttara Kannada,14.8183,74.1419,24.26,73.93,0.45,4.9694
20240114,Uttara Kannada,14.8183,74.1419,24.26,68.36,0.48,5.34
20240115,Uttara Kannada,14.8183,74.1419,23.32,69.73,0.47,5.1948
20240116,Uttara Kannada,14.8183,74.1419,22.44,69.41,0.47,5.0868
20240117,Uttara Kannada,14.8183,74.1419,22.53,78.63,0.49,5.4389
20240118,Uttara Kannada,14.8183,74.1419,22.49,79.68,0.49,5.3321
20240119,Uttara Kannada,14.8183,74.1419,22.75,77.54,0.44,5.5006
20240120,Uttara Kannada,14.8183,74.1419,24.02,75.38,0.41,5.3213
20240121,Uttara Kannada,14.8183,74.1419,23.82,75.05,0.4,5.7384
20240122,Uttara Kannada,14.8183,74.1419,23.52,74.33,0.44,5.8493
20240123,Uttara Kannada,14.8183,74.1419,22.28,71.92,0.49,5.8807
20240124,Uttara Kannada,14.8183,74.1419,21.43,65.33,0.55,6.1435
20240125,Uttara Kannada,14.8183,74.1419,22.14,67.59,0.58,6.0768
20240126,Uttara Kannada,14.8183,74.1419,24.25,68.23,0.56,5.724
20240127,Uttara Kannada,14.8183,74.1419,24.57,66.31,0.47,5.9873
20240128,Uttara Kannada,14.8183,74.1419,24.47,64.07,0.46,5.9189
20240129,Uttara Kannada,14.8183,74.1419,24.17,60.71,0.47,5.8493
20240130,Uttara Kannada,14.8183,74.1419,23.9,60.63,0.49,5.8807
20240131,Uttara Kannada,14.8183,74.1419,23.5,70.23,0.5,6.1778
20240201,Uttara Kannada,14.8183,74.1419,22.53,75.42,0.51,6.2491
20240202,Uttara Kannada,14.8183,74.1419,22.3,72.92,0.52,6.3329
20240203,Uttara Kannada,14.8183,74.1419,23.94,66.35,0.53,6.1337
20240204,Uttara Kannada,14.8183,74.1419,25.97,66.8,0.45,5.9652
20240205,Uttara Kannada,14.8183,74.1419,26.23,64.14,0.35,6.251
20240206,Uttara Kannada,14.8183,74.1419,26.37,57.05,0.46,6.301
20240207,Uttara Kannada,14.8183,74.1419,26.38,57.88,0.44,6.2741
20240208,Uttara Kannada,14.8183,74.1419,26.57,55.23,0.46,6.1637
20240209,Uttara Kannada,14.8183,74.1419,26.39,53.55,0.5,6.0852
20240210,Uttara Kannada,14.8183,74.1419,26.16,62.71,0.48,5.9659
20240211,Uttara Kannada,14.8183,74.1419,26.56,59.73,0.4,6.2129
20240212,Uttara Kannada,14.8183,74.1419,26.51,53.49,0.46,6.4987
20240213,Uttara Kannada,14.8183,74.1419,25.83,53.73,0.49,6.469
20240214,Uttara Kannada,14.8183,74.1419,26.45,55.96,0.41,6.2441
20240215,Uttara Kannada,14.8183,74.1419,26.9,59.62,0.48,6.0473
20240216,Uttara Kannada,14.8183,74.1419,26.86,47.86,0.46,6.7596
20240217,Uttara Kannada,14.8183,74.1419,26.65,48.24,0.54,6.7234
20240218,Uttara Kannada,14.8183,74.1419,25.92,50.82,0.55,6.5378
20240219,Uttara Kannada,14.8183,74.1419,26.4,65.32,0.41,6.4663
20240220,Uttara Kannada,14.8183,74.1419,26.45,59.61,0.51,6.2899
20240221,Uttara Kannada,14.8183,74.1419,25.42,56.96,0.52,6.8614
20240222,Uttara Kannada,14.8183,74.1419,25.26,66.57,0.46,6.9262
20240223,Uttara Kannada,14.8183,74.1419,24.49,61.1,0.49,6.9233
20240224,Uttara Kannada,14.8183,74.1419,24.06,60.92,0.45,6.8136
20240225,Uttara Kannada,14.8183,74.1419,25.41,59.5,0.49,6.529
20240226,Uttara Kannada,14.8183,74.1419,26.91,59.73,0.46,6.2635
20240227,Uttara Kannada,14.8183,74.1419,28.35,56.71,0.49,6.6612
20240228,Uttara Kannada,14.8183,74.1419,28.68,51.99,0.35,6.6581
20240229,Uttara Kannada,14.8183,74.1419,28.59,48.31,0.41,6.6319
20240301,Uttara Kannada,14.8183,74.1419,28.15,56.43,0.39,6.575
20240302,Uttara Kannada,14.8183,74.1419,27.24,66.28,0.42,6.3538
20240303,Uttara Kannada,14.8183,74.1419,26.95,64.08,0.47,6.4718
20240304,Uttara Kannada,14.8183,74.1419,26.64,58.66,0.48,6.6696
20240305,Uttara Kannada,14.8183,74.1419,26.83,51.6,0.47,6.7872
20240306,Uttara Kannada,14.8183,74.1419,26.36,57.4,0.51,6.3893
20240307,Uttara Kannada,14.8183,74.1419,26.08,54.59,0.46,6.9331
20240308,Uttara Kannada,14.8183,74.1419,27.19,51.47,0.42,7.019
20240309,Uttara Kannada,14.8183,74.1419,27.27,54.86,0.52,6.7224
20240310,Uttara Kannada,14.8183,74.1419,27.34,61.46,0.49,6.3869
20240311,Uttara Kannada,14.8183,74.1419,27.93,55.93,0.43,6.101
20240312,Uttara Kannada,14.8183,74.1419,27.95,63.04,0.45,5.9518
20240313,Uttara Kannada,14.8183,74.1419,27.65,60.1,0.42,5.8301
20240314,Uttara Kannada,14.8183,74.1419,26.95,59.58,0.44,6.679
20240315,Uttara Kannada,14.8183,74.1419,27.08,56.91,0.45,6.7853
20240316,Uttara Kannada,14.8183,74.1419,26.96,52.84,0.51,6.4594
20240317,Uttara Kannada,14.8183,74.1419,27.41,53.55,0.44,6.7493
20240318,Uttara Kannada,14.8183,74.1419,27.54,50.28,0.53,6.7138
20240319,Uttara Kannada,14.8183,74.1419,28.27,50.06,0.42,7.0702
20240320,Uttara Kannada,14.8183,74.1419,28.99,48.7,0.4,6.8698
20240321,Uttara Kannada,14.8183,74.1419,28.59,59.08,0.49,6.4138
20240322,Uttara Kannada,14.8183,74.1419,29.03,65.8,0.3,6.0912
20240323,Uttara Kannada,14.8183,74.1419,28.97,60.36,0.37,6.3298
20240324,Uttara Kannada,14.8183,74.1419,29.53,48.2,0.43,6.5933
20240325,Uttara Kannada,14.8183,74.1419,29.81,50.09,0.37,6.6394
20240326,Uttara Kannada,14.8183,74.1419,28.84,60.47,0.34,6.5076
20240327,Uttara Kannada,14.8183,74.1419,29.73,59.07,0.37,6.8892
20240328,Uttara Kannada,14.8183,74.1419,29.52,63.68,0.36,6.6799
20240329,Uttara Kannada,14.8183,74.1419,29.59,64.06,0.37,6.4666
20240330,Uttara Kannada,14.8183,74.1419,29.73,62.61,0.33,6.8748
20240331,Uttara Kannada,14.8183,74.1419,29.92,60.33,0.35,6.4903
20240401,Uttara Kannada,14.8183,74.1419,29.82,61.25,0.4,6.8256
20240402,Uttara Kannada,14.8183,74.1419,29.77,56.68,0.41,6.9511
20240403,Uttara Kannada,14.8183,74.1419,29.49,54.05,0.39,7.0094
20240404,Uttara Kannada,14.8183,74.1419,30.18,52.52,0.39,7.1354
20240405,Uttara Kannada,14.8183,74.1419,30.36,55.19,0.38,6.9682
20240406,Uttara Kannada,14.8183,74.1419,30.75,54.11,0.35,6.2861
20240407,Uttara Kannada,14.8183,74.1419,29.81,59.44,0.41,6.486
20240408,Uttara Kannada,14.8183,74.1419,30.77,45.19,0.37,7.0572
20240409,Uttara Kannada,14.8183,74.1419,29.98,51.72,0.39,7.1134
20240410,Uttara Kannada,14.8183,74.1419,30.51,53.74,0.33,7.0721
20240411,Uttara Kannada,14.8183,74.1419,30.34,54.66,0.38,7.0685
20240412,Uttara Kannada,14.8183,74.1419,30.23,52.85,0.38,6.4817
20240413,Uttara Kannada,14.8183,74.1419,29.71,62.09,0.35,6.9257
20240414,Uttara Kannada,14.8183,74.1419,30.44,55.85,0.34,7.1328
20240415,Uttara Kannada,14.8183,74.1419,31.0,54.57,0.32,7.3313
20240416,Uttara Kannada,14.8183,74.1419,30.63,63.65,0.32,7.1045
20240417,Uttara Kannada,14.8183,74.1419,29.85,68.09,0.33,5.25
20240418,Uttara Kannada,14.8183,74.1419,29.6,70.63,0.32,6.0816
20240419,Uttara Kannada,14.8183,74.1419,29.33,66.67,0.28,5.5116
20240420,Uttara Kannada,14.8183,74.1419,28.81,72.77,0.27,1.5341
20240421,Uttara Kannada,14.8183,74.1419,29.15,73.84,0.34,7.1165
20240422,Uttara Kannada,14.8183,74.1419,29.53,68.61,0.33,6.8954
20240423,Uttara Kannada,14.8183,74.1419,30.1,65.61,0.31,7.217
20240424,Uttara Kannada,14.8183,74.1419,29.94,65.48,0.33,7.1916
20240425,Uttara Kannada,14.8183,74.1419,30.43,63.09,0.33,7.123
20240426,Uttara Kannada,14.8183,74.1419,30.21,65.03,0.35,7.201
20240427,Uttara Kannada,14.8183,74.1419,30.85,62.8,0.33,7.5506
20240428,Uttara Kannada,14.8183,74.1419,30.19,68.8,0.32,7.1347
20240429,Uttara Kannada,14.8183,74.1419,30.53,66.16,0.3,6.9046
20240430,Uttara Kannada,14.8183,74.1419,30.97,62.49,0.32,6.3218
20240501,Uttara Kannada,14.8183,74.1419,30.31,60.73,0.37,6.6437
20240502,Uttara Kannada,14.8183,74.1419,30.12,57.03,0.4,7.0334
20240503,Uttara Kannada,14.8183,74.1419,29.66,58.3,0.44,7.2456
20240504,Uttara Kannada,14.8183,74.1419,29.12,62.42,0.44,7.5182
20240505,Uttara Kannada,14.8183,74.1419,29.36,66.56,0.43,6.935
20240506,Uttara Kannada,14.8183,74.1419,30.15,66.3,0.4,6.613
20240507,Uttara Kannada,14.8183,74.1419,30.4,61.69,0.38,6.6473
20240508,Uttara Kannada,14.8183,74.1419,30.29,58.24,0.34,7.1765
20240509,Uttara Kannada,14.8183,74.1419,30.24,60.45,0.38,7.0538
20240510,Uttara Kannada,14.8183,74.1419,29.85,63.9,0.41,7.2235
20240511,Uttara Kannada,14.8183,74.1419,30.09,65.58,0.36,6.6377
20240512,Uttara Kannada,14.8183,74.1419,29.61,73.29,0.35,6.6142
20240513,Uttara Kannada,14.8183,74.1419,30.22,70.3,0.27,6.3828
20240514,Uttara Kannada,14.8183,74.1419,29.24,73.39,0.26,6.1512
20240515,Uttara Kannada,14.8183,74.1419,28.57,76.95,0.32,6.769
20240516,Uttara Kannada,14.8183,74.1419,29.83,72.0,0.29,5.1929
20240517,Uttara Kannada,14.8183,74.1419,29.37,73.68,0.32,6.3413
20240518,Uttara Kannada,14.8183,74.1419,29.27,73.65,0.36,5.9508
20240519,Uttara Kannada,14.8183,74.1419,28.13,79.08,0.37,3.5239
20240520,Uttara Kannada,14.8183,74.1419,28.46,79.63,0.27,3.2846
20240521,Uttara Kannada,14.8183,74.1419,28.59,81.29,0.37,4.9229
20240522,Uttara Kannada,14.8183,74.1419,29.74,76.66,0.38,5.9741
20240523,Uttara Kannada,14.8183,74.1419,29.48,79.09,0.35,4.9236
20240524,Uttara Kannada,14.8183,74.1419,27.66,82.63,0.51,3.9346
20240525,Uttara Kannada,14.8183,74.1419,27.73,79.87,0.54,2.2361
20240526,Uttara Kannada,14.8183,74.1419,28.28,79.35,0.55,2.5015
20240527,Uttara Kannada,14.8183,74.1419,28.54,77.97,0.53,2.1761
20240528,Uttara Kannada,14.8183,74.1419,28.68,77.04,0.56,4.8768
20240529,Uttara Kannada,14.8183,74.1419,28.72,77.72,0.6,6.3569
20240530,Uttara Kannada,14.8183,74.1419,29.18,78.09,0.57,6.5702
20240531,Uttara Kannada,14.8183,74.1419,29.23,78.9,0.57,6.7726
20240601,Uttara Kannada,14.8183,74.1419,29.22,76.77,0.44,5.8634
20240602,Uttara Kannada,14.8183,74.1419,28.88,73.43,0.46,5.8286
20240603,Uttara Kannada,14.8183,74.1419,27.65,79.16,0.35,3.0694
20240604,Uttara Kannada,14.8183,74.1419,27.88,81.59,0.4,3.1666
20240605,Uttara Kannada,14.8183,74.1419,28.25,77.17,0.38,5.4182
20240606,Uttara Kannada,14.8183,74.1419,27.55,83.3,0.48,4.848
20240607,Uttara Kannada,14.8183,74.1419,25.91,90.61,0.79,2.0784
20240608,Uttara Kannada,14.8183,74.1419,25.21,90.56,0.6,1.5257
20240609,Uttara Kannada,14.8183,74.1419,25.04,92.6,0.63,1.8098
20240610,Uttara Kannada,14.8183,74.1419,25.4,87.13,0.65,3.4279
20240611,Uttara Kannada,14.8183,74.1419,25.88,84.78,0.58,3.6374
20240612,Uttara Kannada,14.8183,74.1419,25.08,86.79,0.56,3.1409
20240613,Uttara Kannada,14.8183,74.1419,25.25,86.14,0.52,3.6466
20240614,Uttara Kannada,14.8183,74.1419,26.41,87.75,0.43,3.4682
20240615,Uttara Kannada,14.8183,74.1419,26.2,89.89,0.51,5.8238
20240616,Uttara Kannada,14.8183,74.1419,26.33,87.01,0.47,3.6595
20240617,Uttara Kannada,14.8183,74.1419,26.29,84.67,0.47,6.5755
20240618,Uttara Kannada,14.8183,74.1419,26.28,84.27,0.48,5.7643
20240619,Uttara Kannada,14.8183,74.1419,26.3,86.5,0.52,4.7021
20240620,Uttara Kannada,14.8183,74.1419,26.6,87.82,0.62,4.7774
20240621,Uttara Kannada,14.8183,74.1419,26.7,90.34,0.65,2.9206
20240622,Uttara Kannada,14.8183,74.1419,26.03,87.73,0.58,4.1494
20240623,Uttara Kannada,14.8183,74.1419,25.38,85.96,0.54,4.9606
20240624,Uttara Kannada,14.8183,74.1419,25.54,85.5,0.75,3.9749
20240625,Uttara Kannada,14.8183,74.1419,25.39,83.27,0.85,2.7358
20240626,Uttara Kannada,14.8183,74.1419,24.65,89.7,0.89,2.3239
20240627,Uttara Kannada,14.8183,74.1419,24.08,87.37,0.8,3.1838
20240628,Uttara Kannada,14.8183,74.1419,25.39,87.31,0.63,4.4443
20240629,Uttara Kannada,14.8183,74.1419,26.2,89.76,0.63,4.393
20240630,Uttara Kannada,14.8183,74.1419,26.16,91.83,0.68,3.671
20240701,Uttara Kannada,14.8183,74.1419,25.74,92.5,0.83,4.4196
20240702,Uttara Kannada,14.8183,74.1419,25.98,92.1,0.62,4.7417
20240703,Uttara Kannada,14.8183,74.1419,26.23,90.73,0.63,1.811
20240704,Uttara Kannada,14.8183,74.1419,25.66,93.06,0.73,1.9462
20240705,Uttara Kannada,14.8183,74.1419,25.62,92.53,0.7,1.3075
20240706,Uttara Kannada,14.8183,74.1419,25.51,94.01,0.72,1.6886
20240707,Uttara Kannada,14.8183,74.1419,24.9,92.32,0.76,1.4609
20240708,Uttara Kannada,14.8183,74.1419,24.44,94.99,0.64,2.1245
20240709,Uttara Kannada,14.8183,74.1419,24.77,94.05,0.56,2.9534
20240710,Uttara Kannada,14.8183,74.1419,25.04,93.29,0.6,3.0379
20240711,Uttara Kannada,14.8183,74.1419,25.02,91.21,0.57,4.1527
20240712,Uttara Kannada,14.8183,74.1419,25.2,94.45,0.69,2.075
20240713,Uttara Kannada,14.8183,74.1419,24.98,95.02,0.73,2.4538
20240714,Uttara Kannada,14.8183,74.1419,24.91,95.98,0.82,2.545
20240715,Uttara Kannada,14.8183,74.1419,25.54,96.03,0.87,1.4369
20240716,Uttara Kannada,14.8183,74.1419,25.3,96.43,0.82,1.6968
20240717,Uttara Kannada,14.8183,74.1419,25.26,96.61,0.8,2.1636
20240718,Uttara Kannada,14.8183,74.1419,25.27,95.42,0.87,1.0591
20240719,Uttara Kannada,14.8183,74.1419,24.89,96.42,0.83,1.1561
20240720,Uttara Kannada,14.8183,74.1419,24.72,96.52,0.77,2.6988
20240721,Uttara Kannada,14.8183,74.1419,24.82,95.74,0.76,1.428
20240722,Uttara Kannada,14.8183,74.1419,24.9,93.76,0.77,3.354
20240723,Uttara Kannada,14.8183,74.1419,24.9,93.84,0.83,1.7959
20240724,Uttara Kannada,14.8183,74.1419,25.36,94.19,0.8,3.1766
20240725,Uttara Kannada,14.8183,74.1419,24.95,95.34,0.9,2.5709
20240726,Uttara Kannada,14.8183,74.1419,25.17,95.06,0.84,2.7996
20240727,Uttara Kannada,14.8183,74.1419,25.14,93.65,0.77,3.2292
20240728,Uttara Kannada,14.8183,74.1419,24.91,93.09,0.79,2.7461
20240729,Uttara Kannada,14.8183,74.1419,25.43,93.7,0.8,2.8728
20240730,Uttara Kannada,14.8183,74.1419,25.31,94.56,0.69,2.9647
20240731,Uttara Kannada,14.8183,74.1419,25.22,96.03,0.6,3.0794
20240801,Uttara Kannada,14.8183,74.1419,24.65,96.0,0.63,2.9126
20240802,Uttara Kannada,14.8183,74.1419,24.57,95.29,0.63,1.7911
20240803,Uttara Kannada,14.8183,74.1419,24.74,94.29,0.64,1.8062
20240804,Uttara Kannada,14.8183,74.1419,24.69,94.52,0.68,2.3928
20240805,Uttara Kannada,14.8183,74.1419,24.83,93.63,0.49,4.3145
20240806,Uttara Kannada,14.8183,74.1419,24.65,93.25,0.5,2.623
20240807,Uttara Kannada,14.8183,74.1419,24.65,94.57,0.5,2.4158
20240808,Uttara Kannada,14.8183,74.1419,24.86,92.61,0.5,3.0031
20240809,Uttara Kannada,14.8183,74.1419,24.88,92.75,0.48,3.6624
20240810,Uttara Kannada,14.8183,74.1419,25.32,91.62,0.5,5.2634
20240811,Uttara Kannada,14.8183,74.1419,25.24,92.48,0.49,4.8972
20240812,Uttara Kannada,14.8183,74.1419,25.69,90.26,0.46,5.807
20240813,Uttara Kannada,14.8183,74.1419,26.07,90.21,0.46,5.8733
20240814,Uttara Kannada,14.8183,74.1419,26.44,89.8,0.53,4.7167
20240815,Uttara Kannada,14.8183,74.1419,25.94,92.42,0.57,3.9595
20240816,Uttara Kannada,14.8183,74.1419,25.88,92.94,0.52,3.4805
20240817,Uttara Kannada,14.8183,74.1419,26.41,90.8,0.52,4.2672
20240818,Uttara Kannada,14.8183,74.1419,26.32,94.27,0.53,5.2567
20240819,Uttara Kannada,14.8183,74.1419,26.45,92.07,0.36,3.4529
20240820,Uttara Kannada,14.8183,74.1419,26.28,92.73,0.31,4.9824
20240821,Uttara Kannada,14.8183,74.1419,26.48,88.61,0.45,4.6778
20240822,Uttara Kannada,14.8183,74.1419,25.07,94.41,0.83,4.2302
20240823,Uttara Kannada,14.8183,74.1419,25.76,91.69,0.66,4.3147
20240824,Uttara Kannada,14.8183,74.1419,24.93,95.16,0.59,1.1374
20240825,Uttara Kannada,14.8183,74.1419,24.73,96.4,0.64,4.217
20240826,Uttara Kannada,14.8183,74.1419,25.05,94.19,0.68,4.0171
20240827,Uttara Kannada,14.8183,74.1419,25.04,92.9,0.67,4.2235
20240828,Uttara Kannada,14.8183,74.1419,25.13,92.73,0.69,4.0373
20240829,Uttara Kannada,14.8183,74.1419,25.22,91.99,0.65,5.1938
20240830,Uttara Kannada,14.8183,74.1419,25.1,93.86,0.54,3.9214
20240831,Uttara Kannada,14.8183,74.1419,24.96,93.06,0.61,3.1915
20240901,Uttara Kannada,14.8183,74.1419,24.87,92.88,0.67,2.1053
20240902,Uttara Kannada,14.8183,74.1419,25.24,92.19,0.65,4.3574
20240903,Uttara Kannada,14.8183,74.1419,25.23,92.12,0.61,4.4381
20240904,Uttara Kannada,14.8183,74.1419,25.09,91.71,0.63,4.8336
20240905,Uttara Kannada,14.8183,74.1419,25.2,91.48,0.65,4.9178
20240906,Uttara Kannada,14.8183,74.1419,25.13,91.03,0.61,4.7837
20240907,Uttara Kannada,14.8183,74.1419,25.13,92.08,0.56,4.2079
20240908,Uttara Kannada,14.8183,74.1419,25.22,92.97,0.53,3.6252
20240909,Uttara Kannada,14.8183,74.1419,25.09,94.39,0.57,4.6318
20240910,Uttara Kannada,14.8183,74.1419,24.8,95.34,0.53,4.6879
20240911,Uttara Kannada,14.8183,74.1419,25.2,90.3,0.61,4.7765
20240912,Uttara Kannada,14.8183,74.1419,25.05,89.63,0.54,5.989
20240913,Uttara Kannada,14.8183,74.1419,24.89,89.98,0.47,5.2289
20240914,Uttara Kannada,14.8183,74.1419,24.95,89.51,0.49,5.886
20240915,Uttara Kannada,14.8183,74.1419,24.82,89.85,0.51,5.4281
20240916,Uttara Kannada,14.8183,74.1419,25.02,90.5,0.58,5.4182
20240917,Uttara Kannada,14.8183,74.1419,25.01,88.82,0.5,6.3322
20240918,Uttara Kannada,14.8183,74.1419,24.4,88.33,0.44,6.0778
20240919,Uttara Kannada,14.8183,74.1419,24.78,86.06,0.38,6.1622
20240920,Uttara Kannada,14.8183,74.1419,25.19,85.99,0.41,5.6825
20240921,Uttara Kannada,14.8183,74.1419,25.13,88.69,0.37,6.4022
20240922,Uttara Kannada,14.8183,74.1419,24.39,96.18,0.46,4.3382
20240923,Uttara Kannada,14.8183,74.1419,25.5,91.83,0.55,3.9703
20240924,Uttara Kannada,14.8183,74.1419,24.84,96.28,0.57,2.9602
20240925,Uttara Kannada,14.8183,74.1419,24.64,93.16,0.51,3.3674
20240926,Uttara Kannada,14.8183,74.1419,24.41,91.02,0.58,4.5451
20240927,Uttara Kannada,14.8183,74.1419,24.91,90.76,0.42,4.056
20240928,Uttara Kannada,14.8183,74.1419,25.4,89.98,0.4,5.4828
20240929,Uttara Kannada,14.8183,74.1419,25.88,88.12,0.37,5.6628
20240930,Uttara Kannada,14.8183,74.1419,26.26,90.01,0.34,5.5802
20241001,Uttara Kannada,14.8183,74.1419,26.67,88.46,0.29,5.8654
20241002,Uttara Kannada,14.8183,74.1419,26.5,88.45,0.34,5.921
20241003,Uttara Kannada,14.8183,74.1419,25.94,88.82,0.35,5.1266
20241004,Uttara Kannada,14.8183,74.1419,25.58,90.02,0.35,5.3398
20241005,Uttara Kannada,14.8183,74.1419,25.7,89.62,0.36,5.4547
20241006,Uttara Kannada,14.8183,74.1419,26.09,89.45,0.27,4.9949
20241007,Uttara Kannada,14.8183,74.1419,25.74,89.92,0.3,5.4708
20241008,Uttara Kannada,14.8183,74.1419,25.67,90.89,0.24,3.9624
20241009,Uttara Kannada,14.8183,74.1419,25.55,92.61,0.38,3.5851
20241010,Uttara Kannada,14.8183,74.1419,25.73,91.65,0.43,4.1834
20241011,Uttara Kannada,14.8183,74.1419,25.59,92.89,0.45,5.0563
20241012,Uttara Kannada,14.8183,74.1419,25.4,91.57,0.35,3.9444
20241013,Uttara Kannada,14.8183,74.1419,26.21,89.16,0.35,5.2704
20241014,Uttara Kannada,14.8183,74.1419,26.13,89.25,0.29,4.6548
20241015,Uttara Kannada,14.8183,74.1419,25.29,91.79,0.35,3.1212
20241016,Uttara Kannada,14.8183,74.1419,25.24,93.16,0.41,3.283
20241017,Uttara Kannada,14.8183,74.1419,25.31,91.88,0.37,2.6294
20241018,Uttara Kannada,14.8183,74.1419,24.66,95.7,0.44,3.8194
20241019,Uttara Kannada,14.8183,74.1419,24.9,90.53,0.32,3.8866
20241020,Uttara Kannada,14.8183,74.1419,24.5,93.99,0.34,3.3082
20241021,Uttara Kannada,14.8183,74.1419,24.99,93.57,0.36,3.912
20241022,Uttara Kannada,14.8183,74.1419,26.07,87.14,0.31,5.0162
20241023,Uttara Kannada,14.8183,74.1419,26.36,87.64,0.29,5.8294
20241024,Uttara Kannada,14.8183,74.1419,26.17,87.63,0.39,4.6886
20241025,Uttara Kannada,14.8183,74.1419,25.56,88.17,0.38,4.9498
20241026,Uttara Kannada,14.8183,74.1419,25.37,87.31,0.39,5.2154
20241027,Uttara Kannada,14.8183,74.1419,25.17,86.54,0.32,5.1617
20241028,Uttara Kannada,14.8183,74.1419,24.73,90.09,0.36,3.9014
20241029,Uttara Kannada,14.8183,74.1419,25.26,90.18,0.41,3.9485
20241030,Uttara Kannada,14.8183,74.1419,25.34,89.27,0.38,4.5773
20241031,Uttara Kannada,14.8183,74.1419,25.69,89.55,0.33,4.9253
20241101,Uttara Kannada,14.8183,74.1419,25.84,89.91,0.31,4.8802
20241102,Uttara Kannada,14.8183,74.1419,25.57,87.23,0.36,5.6712
20241103,Uttara Kannada,14.8183,74.1419,25.78,86.78,0.37,5.8627
20241104,Uttara Kannada,14.8183,74.1419,25.58,85.61,0.38,5.3042
20241105,Uttara Kannada,14.8183,74.1419,25.48,86.24,0.38,5.485
20241106,Uttara Kannada,14.8183,74.1419,24.32,82.45,0.49,5.5567
20241107,Uttara Kannada,14.8183,74.1419,23.66,83.55,0.44,5.5308
20241108,Uttara Kannada,14.8183,74.1419,23.92,83.52,0.48,5.5344
20241109,Uttara Kannada,14.8183,74.1419,24.54,84.09,0.46,5.5963
20241110,Uttara Kannada,14.8183,74.1419,24.68,84.61,0.42,5.615
20241111,Uttara Kannada,14.8183,74.1419,23.4,83.02,0.46,5.0904
20241112,Uttara Kannada,14.8183,74.1419,22.85,81.47,0.48,5.034
20241113,Uttara Kannada,14.8183,74.1419,24.84,85.46,0.42,5.1965
20241114,Uttara Kannada,14.8183,74.1419,25.91,87.85,0.39,4.8403
20241115,Uttara Kannada,14.8183,74.1419,25.55,89.75,0.37,4.4213
20241116,Uttara Kannada,14.8183,74.1419,25.96,87.46,0.39,4.8946
20241117,Uttara Kannada,14.8183,74.1419,25.27,86.1,0.41,4.241
20241118,Uttara Kannada,14.8183,74.1419,22.7,78.87,0.51,4.9517
20241119,Uttara Kannada,14.8183,74.1419,22.69,80.5,0.49,4.956
20241120,Uttara Kannada,14.8183,74.1419,22.14,81.57,0.5,4.9793
20241121,Uttara Kannada,14.8183,74.1419,22.32,81.63,0.51,5.0266
20241122,Uttara Kannada,14.8183,74.1419,22.21,83.43,0.48,5.2882
20241123,Uttara Kannada,14.8183,74.1419,22.27,85.42,0.43,5.1967
20241124,Uttara Kannada,14.8183,74.1419,22.07,82.31,0.46,5.2459
20241125,Uttara Kannada,14.8183,74.1419,21.69,83.82,0.48,4.8564
20241126,Uttara Kannada,14.8183,74.1419,22.24,82.45,0.48,4.9258
20241127,Uttara Kannada,14.8183,74.1419,22.99,84.27,0.45,4.1196
20241128,Uttara Kannada,14.8183,74.1419,21.44,79.63,0.56,5.0153
20241129,Uttara Kannada,14.8183,74.1419,21.18,79.96,0.51,5.4041
20241130,Uttara Kannada,14.8183,74.1419,23.52,85.76,0.41,4.1374
20241201,Uttara Kannada,14.8183,74.1419,24.83,87.11,0.31,4.0968
20241202,Uttara Kannada,14.8183,74.1419,24.61,90.98,0.29,3.3706
20241203,Uttara Kannada,14.8183,74.1419,24.41,93.56,0.48,1.6322
20241204,Uttara Kannada,14.8183,74.1419,25.73,85.53,0.42,3.3703
20241205,Uttara Kannada,14.8183,74.1419,25.49,88.49,0.33,4.4446
20241206,Uttara Kannada,14.8183,74.1419,25.97,87.31,0.3,4.7611
20241207,Uttara Kannada,14.8183,74.1419,25.24,89.2,0.35,4.1736
20241208,Uttara Kannada,14.8183,74.1419,25.2,90.92,0.36,3.9689
20241209,Uttara Kannada,14.8183,74.1419,24.41,88.83,0.3,4.1299
20241210,Uttara Kannada,14.8183,74.1419,24.99,89.3,0.36,4.488
20241211,Uttara Kannada,14.8183,74.1419,24.41,84.52,0.45,4.8684
20241212,Uttara Kannada,14.8183,74.1419,24.23,83.42,0.43,4.9735
20241213,Uttara Kannada,14.8183,74.1419,24.35,84.6,0.44,4.2389
20241214,Uttara Kannada,14.8183,74.1419,24.09,84.11,0.47,4.8331
20241215,Uttara Kannada,14.8183,74.1419,22.81,82.8,0.49,5.167
20241216,Uttara Kannada,14.8183,74.1419,21.15,80.35,0.5,5.4394
20241217,Uttara Kannada,14.8183,74.1419,20.39,82.02,0.52,5.5226
20241218,Uttara Kannada,14.8183,74.1419,21.86,78.54,0.39,5.315
20241219,Uttara Kannada,14.8183,74.1419,23.82,84.94,0.45,5.0803
20241220,Uttara Kannada,14.8183,74.1419,23.66,85.65,0.35,4.2698
20241221,Uttara Kannada,14.8183,74.1419,22.98,87.71,0.35,4.673
20241222,Uttara Kannada,14.8183,74.1419,22.9,88.85,0.35,4.505
20241223,Uttara Kannada,14.8183,74.1419,22.93,88.95,0.39,4.2566
20241224,Uttara Kannada,14.8183,74.1419,23.22,87.31,0.34,4.8768
20241225,Uttara Kannada,14.8183,74.1419,23.44,87.61,0.34,4.6781
20241226,Uttara Kannada,14.8183,74.1419,24.37,86.06,0.35,4.5838
20241227,Uttara Kannada,14.8183,74.1419,25.37,82.37,0.42,4.8326
20241228,Uttara Kannada,14.8183,74.1419,24.26,79.97,0.48,5.581
20241229,Uttara Kannada,14.8183,74.1419,23.84,79.52,0.48,5.6503
20241230,Uttara Kannada,14.8183,74.1419,22.67,74.62,0.53,5.208
20241231,Uttara Kannada,14.8183,74.1419,22.84,75.98,0.53,5.5032
20250101,Uttara Kannada,14.8183,74.1419,22.54,76.77,0.49,5.2661
20250102,Uttara Kannada,14.8183,74.1419,21.59,76.43,0.5,3.9132
20250103,Uttara Kannada,14.8183,74.1419,21.38,73.29,0.53,5.3986
20250104,Uttara Kannada,14.8183,74.1419,21.65,74.43,0.54,5.808
20250105,Uttara Kannada,14.8183,74.1419,21.24,75.58,0.54,5.6558
20250106,Uttara Kannada,14.8183,74.1419,20.92,77.22,0.51,5.6983
20250107,Uttara Kannada,14.8183,74.1419,21.15,78.93,0.47,5.6376
20250108,Uttara Kannada,14.8183,74.1419,21.34,70.66,0.51,5.5546
20250109,Uttara Kannada,14.8183,74.1419,21.28,66.84,0.57,5.3719
20250110,Uttara Kannada,14.8183,74.1419,22.26,76.77,0.49,5.1266
20250111,Uttara Kannada,14.8183,74.1419,23.24,82.79,0.46,5.0374
20250112,Uttara Kannada,14.8183,74.1419,23.63,81.9,0.38,4.9178
20250113,Uttara Kannada,14.8183,74.1419,24.11,78.65,0.41,5.5226
20250114,Uttara Kannada,14.8183,74.1419,24.35,80.27,0.41,4.8343
20250115,Uttara Kannada,14.8183,74.1419,24.02,78.49,0.45,4.0174
20250116,Uttara Kannada,14.8183,74.1419,24.25,76.63,0.43,5.1358
20250117,Uttara Kannada,14.8183,74.1419,24.13,70.59,0.51,5.1938
20250118,Uttara Kannada,14.8183,74.1419,23.72,69.75,0.5,4.831
20250119,Uttara Kannada,14.8183,74.1419,23.61,67.94,0.51,5.4653
20250120,Uttara Kannada,14.8183,74.1419,23.68,64.48,0.48,5.609
20250121,Uttara Kannada,14.8183,74.1419,22.6,58.9,0.51,5.9626
20250122,Uttara Kannada,14.8183,74.1419,22.82,67.53,0.52,5.9801
20250123,Uttara Kannada,14.8183,74.1419,23.36,73.73,0.47,5.8598
20250124,Uttara Kannada,14.8183,74.1419,23.98,69.92,0.47,6.0386
20250125,Uttara Kannada,14.8183,74.1419,23.58,56.76,0.54,6.3485
20250126,Uttara Kannada,14.8183,74.1419,23.57,52.65,0.52,6.3062
20250127,Uttara Kannada,14.8183,74.1419,23.48,58.16,0.54,6.0703
20250128,Uttara Kannada,14.8183,74.1419,23.45,59.68,0.57,5.485
20250129,Uttara Kannada,14.8183,74.1419,23.86,60.34,0.52,5.9294
20250130,Uttara Kannada,14.8183,74.1419,23.83,62.12,0.58,5.9844
20250131,Uttara Kannada,14.8183,74.1419,23.31,62.37,0.49,6.2179
20250201,Uttara Kannada,14.8183,74.1419,24.03,71.46,0.44,6.001
20250202,Uttara Kannada,14.8183,74.1419,24.43,61.65,0.48,6.0074
20250203,Uttara Kannada,14.8183,74.1419,24.45,61.16,0.46,6.317
20250204,Uttara Kannada,14.8183,74.1419,24.18,60.31,0.48,6.271
20250205,Uttara Kannada,14.8183,74.1419,24.6,68.82,0.49,6.2767
20250206,Uttara Kannada,14.8183,74.1419,24.55,63.49,0.54,6.2448
20250207,Uttara Kannada,14.8183,74.1419,25.03,59.97,0.5,6.2578
20250208,Uttara Kannada,14.8183,74.1419,25.08,57.46,0.51,6.1781
20250209,Uttara Kannada,14.8183,74.1419,25.18,59.27,0.46,5.8116
20250210,Uttara Kannada,14.8183,74.1419,25.78,61.55,0.44,6.1186
20250211,Uttara Kannada,14.8183,74.1419,25.7,62.31,0.42,6.3466
20250212,Uttara Kannada,14.8183,74.1419,26.54,59.32,0.42,6.3586
20250213,Uttara Kannada,14.8183,74.1419,26.05,52.84,0.5,6.3031
20250214,Uttara Kannada,14.8183,74.1419,25.38,48.82,0.5,5.9021
20250215,Uttara Kannada,14.8183,74.1419,26.07,52.01,0.41,6.3902
20250216,Uttara Kannada,14.8183,74.1419,26.17,44.38,0.55,6.7349
20250217,Uttara Kannada,14.8183,74.1419,25.95,54.6,0.48,6.6547
20250218,Uttara Kannada,14.8183,74.1419,26.52,64.75,0.46,6.4015
20250219,Uttara Kannada,14.8183,74.1419,26.68,67.94,0.44,6.1853
20250220,Uttara Kannada,14.8183,74.1419,26.94,67.59,0.4,6.0432
20250221,Uttara Kannada,14.8183,74.1419,27.72,63.59,0.4,5.61
20250222,Uttara Kannada,14.8183,74.1419,27.89,58.04,0.41,5.6246
20250223,Uttara Kannada,14.8183,74.1419,27.54,48.52,0.41,5.6827
20250224,Uttara Kannada,14.8183,74.1419,27.49,40.07,0.52,6.6727
20250225,Uttara Kannada,14.8183,74.1419,26.98,42.05,0.5,6.5254
20250226,Uttara Kannada,14.8183,74.1419,27.54,44.0,0.5,6.9761
20250227,Uttara Kannada,14.8183,74.1419,27.75,47.41,0.4,6.2976
20250228,Uttara Kannada,14.8183,74.1419,28.26,50.37,0.37,6.217
20250301,Uttara Kannada,14.8183,74.1419,28.35,46.84,0.46,6.211
20250302,Uttara Kannada,14.8183,74.1419,28.29,46.18,0.4,6.8311
20250303,Uttara Kannada,14.8183,74.1419,28.89,51.3,0.4,6.0218
20250304,Uttara Kannada,14.8183,74.1419,29.2,42.7,0.43,5.7924
20250305,Uttara Kannada,14.8183,74.1419,28.68,42.32,0.44,5.7922
20250306,Uttara Kannada,14.8183,74.1419,28.99,43.11,0.45,6.8201
20250307,Uttara Kannada,14.8183,74.1419,27.3,33.03,0.51,7.2298
20250308,Uttara Kannada,14.8183,74.1419,27.63,51.94,0.52,7.1578
20250309,Uttara Kannada,14.8183,74.1419,28.0,53.26,0.47,6.9074
20250310,Uttara Kannada,14.8183,74.1419,29.22,44.8,0.41,6.6168
20250311,Uttara Kannada,14.8183,74.1419,29.34,41.54,0.53,7.1134
20250312,Uttara Kannada,14.8183,74.1419,29.69,44.81,0.46,7.1626
20250313,Uttara Kannada,14.8183,74.1419,28.1,67.35,0.36,6.2304
20250314,Uttara Kannada,14.8183,74.1419,28.77,66.32,0.34,6.6778
20250315,Uttara Kannada,14.8183,74.1419,28.67,67.71,0.4,6.4656
20250316,Uttara Kannada,14.8183,74.1419,29.25,57.31,0.38,6.8832
20250317,Uttara Kannada,14.8183,74.1419,27.7,68.42,0.46,5.429
20250318,Uttara Kannada,14.8183,74.1419,29.19,60.76,0.44,6.3382
20250319,Uttara Kannada,14.8183,74.1419,28.92,59.15,0.47,6.6696
20250320,Uttara Kannada,14.8183,74.1419,28.45,60.75,0.47,6.8165
20250321,Uttara Kannada,14.8183,74.1419,28.96,51.56,0.49,6.5974
20250322,Uttara Kannada,14.8183,74.1419,28.21,50.56,0.51,7.0454
20250323,Uttara Kannada,14.8183,74.1419,28.7,52.77,0.45,7.1405
20250324,Uttara Kannada,14.8183,74.1419,29.4,58.84,0.35,6.8381
20250325,Uttara Kannada,14.8183,74.1419,29.09,64.18,0.35,5.4562
20250326,Uttara Kannada,14.8183,74.1419,28.39,69.19,0.39,6.0355
20250327,Uttara Kannada,14.8183,74.1419,28.3,61.38,0.47,6.6415
20250328,Uttara Kannada,14.8183,74.1419,29.14,56.16,0.43,7.0181
20250329,Uttara Kannada,14.8183,74.1419,28.51,64.79,0.39,6.0919
20250330,Uttara Kannada,14.8183,74.1419,28.79,64.12,0.36,6.1085
20250331,Uttara Kannada,14.8183,74.1419,29.0,64.7,0.34,6.0617
20250401,Uttara Kannada,14.8183,74.1419,28.93,63.11,0.34,6.4651
20250402,Uttara Kannada,14.8183,74.1419,29.13,61.35,0.42,6.5333
20250403,Uttara Kannada,14.8183,74.1419,28.17,72.64,0.35,3.9137
20250404,Uttara Kannada,14.8183,74.1419,29.19,64.45,0.38,6.9821
20250405,Uttara Kannada,14.8183,74.1419,29.53,65.04,0.33,5.747
20250406,Uttara Kannada,14.8183,74.1419,29.55,63.81,0.39,6.1138
20250407,Uttara Kannada,14.8183,74.1419,30.24,58.35,0.37,6.9108
20250408,Uttara Kannada,14.8183,74.1419,29.74,62.27,0.35,6.7915
20250409,Uttara Kannada,14.8183,74.1419,29.85,60.99,0.37,6.7896
20250410,Uttara Kannada,14.8183,74.1419,28.07,65.34,0.37,5.8944
20250411,Uttara Kannada,14.8183,74.1419,27.9,69.02,0.44,6.1126
20250412,Uttara Kannada,14.8183,74.1419,28.68,62.14,0.4,6.2664
20250413,Uttara Kannada,14.8183,74.1419,29.3,61.01,0.46,7.0951
20250414,Uttara Kannada,14.8183,74.1419,29.85,58.46,0.41,6.9302
20250415,Uttara Kannada,14.8183,74.1419,29.8,58.62,0.42,6.8414
20250416,Uttara Kannada,14.8183,74.1419,29.16,62.54,0.45,6.7322
20250417,Uttara Kannada,14.8183,74.1419,29.1,64.78,0.42,6.3581
20250418,Uttara Kannada,14.8183,74.1419,28.91,68.87,0.39,6.2186
20250419,Uttara Kannada,14.8183,74.1419,29.57,64.19,0.36,5.5246
20250420,Uttara Kannada,14.8183,74.1419,29.64,64.22,0.38,5.9366
20250421,Uttara Kannada,14.8183,74.1419,30.42,59.01,0.36,5.6458
20250422,Uttara Kannada,14.8183,74.1419,30.06,65.06,0.39,6.8359
20250423,Uttara Kannada,14.8183,74.1419,29.32,70.58,0.41,6.5618
20250424,Uttara Kannada,14.8183,74.1419,29.53,67.0,0.4,6.396
20250425,Uttara Kannada,14.8183,74.1419,29.3,70.0,0.36,6.1958
20250426,Uttara Kannada,14.8183,74.1419,29.73,66.08,0.35,6.727
20250427,Uttara Kannada,14.8183,74.1419,29.19,67.93,0.33,6.5916
20250428,Uttara Kannada,14.8183,74.1419,30.12,63.76,0.31,6.8894
20250429,Uttara Kannada,14.8183,74.1419,30.42,61.87,0.33,7.2994
20250430,Uttara Kannada,14.8183,74.1419,30.02,62.91,0.36,6.9758
20250501,Uttara Kannada,14.8183,74.1419,30.09,62.6,0.38,6.9526
20250502,Uttara Kannada,14.8183,74.1419,30.26,62.26,0.41,6.7596
20250503,Uttara Kannada,14.8183,74.1419,29.46,64.82,0.4,6.565
20250504,Uttara Kannada,14.8183,74.1419,29.64,59.44,0.49,7.4974
20250505,Uttara Kannada,14.8183,74.1419,29.12,62.27,0.45,7.5778
20250506,Uttara Kannada,14.8183,74.1419,29.5,59.87,0.44,7.6891
20250507,Uttara Kannada,14.8183,74.1419,29.2,61.3,0.55,7.7268
20250508,Uttara Kannada,14.8183,74.1419,27.95,64.9,0.48,7.1114
20250509,Uttara Kannada,14.8183,74.1419,28.06,62.8,0.45,7.0003
20250510,Uttara Kannada,14.8183,74.1419,28.35,66.83,0.44,7.1674
20250511,Uttara Kannada,14.8183,74.1419,28.77,65.43,0.43,6.8606
20250512,Uttara Kannada,14.8183,74.1419,28.99,65.12,0.44,6.7975
20250513,Uttara Kannada,14.8183,74.1419,28.03,75.79,0.38,5.8898
20250514,Uttara Kannada,14.8183,74.1419,28.37,72.64,0.39,5.9501
20250515,Uttara Kannada,14.8183,74.1419,27.84,77.22,0.38,5.2786
20250516,Uttara Kannada,14.8183,74.1419,27.66,80.2,0.41,4.7765
20250517,Uttara Kannada,14.8183,74.1419,28.02,77.62,0.42,5.7233
20250518,Uttara Kannada,14.8183,74.1419,27.1,84.72,0.4,3.7138
20250519,Uttara Kannada,14.8183,74.1419,26.76,86.65,0.51,4.2379
20250520,Uttara Kannada,14.8183,74.1419,26.78,90.21,0.58,0.834
20250521,Uttara Kannada,14.8183,74.1419,27.35,89.44,0.49,1.0234
20250522,Uttara Kannada,14.8183,74.1419,25.96,93.58,0.65,3.4303
20250523,Uttara Kannada,14.8183,74.1419,26.33,90.14,0.81,2.6647
20250524,Uttara Kannada,14.8183,74.1419,25.89,89.96,0.73,3.2753
20250525,Uttara Kannada,14.8183,74.1419,25.6,89.11,0.64,1.8439
20250526,Uttara Kannada,14.8183,74.1419,24.34,91.26,0.69,3.0487
20250527,Uttara Kannada,14.8183,74.1419,24.83,90.93,0.71,3.2614
20250528,Uttara Kannada,14.8183,74.1419,24.57,92.63,0.58,2.3376
20250529,Uttara Kannada,14.8183,74.1419,25.33,94.59,0.67,2.0849
20250530,Uttara Kannada,14.8183,74.1419,26.42,89.27,0.69,4.4028
20250531,Uttara Kannada,14.8183,74.1419,25.85,88.52,0.49,5.5466
20250601,Uttara Kannada,14.8183,74.1419,26.06,88.54,0.57,4.7822
20250602,Uttara Kannada,14.8183,74.1419,26.43,88.0,0.54,5.1053
20250603,Uttara Kannada,14.8183,74.1419,26.46,86.89,0.51,5.0822
20250604,Uttara Kannada,14.8183,74.1419,26.16,88.61,0.49,4.9459
20250605,Uttara Kannada,14.8183,74.1419,25.78,85.1,0.44,6.4116
20250606,Uttara Kannada,14.8183,74.1419,26.02,84.93,0.45,6.8376
20250607,Uttara Kannada,14.8183,74.1419,25.81,87.73,0.47,5.802
20250608,Uttara Kannada,14.8183,74.1419,25.85,88.84,0.51,5.8577
20250609,Uttara Kannada,14.8183,74.1419,26.0,86.68,0.55,4.2943
20250610,Uttara Kannada,14.8183,74.1419,25.89,88.75,0.57,6.0912
20250611,Uttara Kannada,14.8183,74.1419,26.32,90.31,0.64,2.6878
20250612,Uttara Kannada,14.8183,74.1419,25.66,92.99,0.74,1.4942
20250613,Uttara Kannada,14.8183,74.1419,25.24,95.49,0.76,2.3374
20250614,Uttara Kannada,14.8183,74.1419,25.58,95.82,0.72,3.4673
20250615,Uttara Kannada,14.8183,74.1419,24.95,92.49,0.81,2.0755
20250616,Uttara Kannada,14.8183,74.1419,25.55,94.4,0.86,2.701
20250617,Uttara Kannada,14.8183,74.1419,25.76,93.32,0.68,4.5516
20250618,Uttara Kannada,14.8183,74.1419,25.9,92.51,0.68,4.7719
20250619,Uttara Kannada,14.8183,74.1419,25.83,91.77,0.7,4.386
20250620,Uttara Kannada,14.8183,74.1419,25.73,92.91,0.65,4.6114
20250621,Uttara Kannada,14.8183,74.1419,25.74,91.27,0.67,5.1852
20250622,Uttara Kannada,14.8183,74.1419,25.86,90.76,0.68,3.5141
20250623,Uttara Kannada,14.8183,74.1419,25.53,92.86,0.75,2.292
20250624,Uttara Kannada,14.8183,74.1419,25.06,94.48,0.76,3.2472
20250625,Uttara Kannada,14.8183,74.1419,25.27,93.93,0.78,3.8664
20250626,Uttara Kannada,14.8183,74.1419,25.4,94.13,0.7,3.2726
20250627,Uttara Kannada,14.8183,74.1419,25.37,91.92,0.74,3.9043
20250628,Uttara Kannada,14.8183,74.1419,25.46,90.61,0.69,4.655
20250629,Uttara Kannada,14.8183,74.1419,25.35,90.5,0.72,4.5199
20250630,Uttara Kannada,14.8183,74.1419,25.29,91.04,0.72,4.7738
20250701,Uttara Kannada,14.8183,74.1419,24.82,94.19,0.58,4.2192
20250702,Uttara Kannada,14.8183,74.1419,25.32,93.77,0.66,2.3472
20250703,Uttara Kannada,14.8183,74.1419,24.57,94.87,0.62,1.6068
20250704,Uttara Kannada,14.8183,74.1419,24.78,94.46,0.68,3.3226
20250705,Uttara Kannada,14.8183,74.1419,25.02,94.17,0.72,3.1697
20250706,Uttara Kannada,14.8183,74.1419,24.96,92.32,0.81,3.2614
20250707,Uttara Kannada,14.8183,74.1419,24.85,92.99,0.72,2.7883
20250708,Uttara Kannada,14.8183,74.1419,25.13,91.65,0.71,3.6492
20250709,Uttara Kannada,14.8183,74.1419,25.11,91.76,0.68,3.9487
20250710,Uttara Kannada,14.8183,74.1419,25.22,91.06,0.63,4.6678
20250711,Uttara Kannada,14.8183,74.1419,25.25,92.0,0.6,4.0726
20250712,Uttara Kannada,14.8183,74.1419,25.17,91.37,0.59,2.5099
20250713,Uttara Kannada,14.8183,74.1419,25.22,91.66,0.66,3.7435
20250714,Uttara Kannada,14.8183,74.1419,25.05,93.71,0.68,2.9702
20250715,Uttara Kannada,14.8183,74.1419,24.91,94.23,0.68,2.6592
20250716,Uttara Kannada,14.8183,74.1419,24.97,94.22,0.68,2.9873
20250717,Uttara Kannada,14.8183,74.1419,24.51,94.09,0.67,2.8354
20250718,Uttara Kannada,14.8183,74.1419,24.63,94.09,0.65,2.4214
20250719,Uttara Kannada,14.8183,74.1419,24.54,94.58,0.62,2.4936
20250720,Uttara Kannada,14.8183,74.1419,24.92,93.89,0.67,2.2757
20250721,Uttara Kannada,14.8183,74.1419,24.67,94.73,0.64,2.1626
20250722,Uttara Kannada,14.8183,74.1419,24.63,94.99,0.62,1.9529
20250723,Uttara Kannada,14.8183,74.1419,24.49,95.42,0.75,2.2817
20250724,Uttara Kannada,14.8183,74.1419,24.7,94.86,0.75,2.0093
20250725,Uttara Kannada,14.8183,74.1419,24.5,96.2,0.82,1.333
20250726,Uttara Kannada,14.8183,74.1419,24.44,94.26,0.87,2.7326
20250727,Uttara Kannada,14.8183,74.1419,24.2,92.77,0.85,3.8806
20250728,Uttara Kannada,14.8183,74.1419,24.19,91.28,0.8,4.3702
20250729,Uttara Kannada,14.8183,74.1419,24.59,91.0,0.85,3.8921
20250730,Uttara Kannada,14.8183,74.1419,24.45,91.05,0.76,3.5393
20250731,Uttara Kannada,14.8183,74.1419,24.77,90.85,0.65,3.9674
20250801,Uttara Kannada,14.8183,74.1419,24.8,90.55,0.61,4.7357
20250802,Uttara Kannada,14.8183,74.1419,24.56,91.18,0.6,3.9259
20250803,Uttara Kannada,14.8183,74.1419,24.88,89.87,0.54,4.7921
20250804,Uttara Kannada,14.8183,74.1419,24.7,92.16,0.57,4.2324
20250805,Uttara Kannada,14.8183,74.1419,25.19,90.95,0.62,3.9842
20250806,Uttara Kannada,14.8183,74.1419,24.53,93.08,0.68,4.4028
20250807,Uttara Kannada,14.8183,74.1419,24.52,93.47,0.53,3.5338
20250808,Uttara Kannada,14.8183,74.1419,24.65,93.42,0.51,2.8188
20250809,Uttara Kannada,14.8183,74.1419,24.43,91.83,0.43,4.1604
20250810,Uttara Kannada,14.8183,74.1419,23.78,92.02,0.4,3.6014
20250811,Uttara Kannada,14.8183,74.1419,23.93,90.98,0.47,4.0222
20250812,Uttara Kannada,14.8183,74.1419,23.36,92.44,0.4,3.1282
20250813,Uttara Kannada,14.8183,74.1419,23.83,93.64,0.54,2.1341
20250814,Uttara Kannada,14.8183,74.1419,24.0,94.72,0.59,1.8727
20250815,Uttara Kannada,14.8183,74.1419,24.41,93.81,0.73,2.9966
20250816,Uttara Kannada,14.8183,74.1419,24.29,94.48,0.68,3.9828
20250817,Uttara Kannada,14.8183,74.1419,24.08,95.36,0.76,1.4568
20250818,Uttara Kannada,14.8183,74.1419,23.48,95.61,0.75,1.6286
20250819,Uttara Kannada,14.8183,74.1419,23.4,95.22,0.79,1.9838
20250820,Uttara Kannada,14.8183,74.1419,23.58,93.9,0.67,3.6348
20250821,Uttara Kannada,14.8183,74.1419,24.43,91.54,0.57,4.7789
20250822,Uttara Kannada,14.8183,74.1419,24.42,91.77,0.52,4.5761
20250823,Uttara Kannada,14.8183,74.1419,23.89,92.88,0.5,4.7009
20250824,Uttara Kannada,14.8183,74.1419,24.17,89.67,0.56,5.6988
20250825,Uttara Kannada,14.8183,74.1419,23.91,89.58,0.52,5.807
20250826,Uttara Kannada,14.8183,74.1419,24.44,93.91,0.61,2.737
20250827,Uttara Kannada,14.8183,74.1419,24.37,94.08,0.64,1.4803
20250828,Uttara Kannada,14.8183,74.1419,24.57,93.39,0.55,2.4178
20250829,Uttara Kannada,14.8183,74.1419,24.49,94.88,0.66,2.0064
20250830,Uttara Kannada,14.8183,74.1419,24.7,92.41,0.63,3.941
20250831,Uttara Kannada,14.8183,74.1419,24.71,92.27,0.62,3.5462
20250901,Uttara Kannada,14.8183,74.1419,24.41,91.51,0.67,4.2478
20250902,Uttara Kannada,14.8183,74.1419,23.98,94.18,0.61,2.8349
20250903,Uttara Kannada,14.8183,74.1419,24.39,92.71,0.65,4.1086
20250904,Uttara Kannada,14.8183,74.1419,24.62,91.21,0.64,4.423
20250905,Uttara Kannada,14.8183,74.1419,24.62,90.15,0.49,5.1706
20250906,Uttara Kannada,14.8183,74.1419,24.62,89.89,0.43,4.9294
20250907,Uttara Kannada,14.8183,74.1419,24.28,89.61,0.45,5.0796
20250908,Uttara Kannada,14.8183,74.1419,24.43,88.64,0.44,4.5425
20250909,Uttara Kannada,14.8183,74.1419,24.89,87.13,0.44,5.7077
20250910,Uttara Kannada,14.8183,74.1419,24.94,86.98,0.41,6.7946
20250911,Uttara Kannada,14.8183,74.1419,24.53,87.71,0.45,3.9866
20250912,Uttara Kannada,14.8183,74.1419,24.21,90.16,0.43,4.8192
20250913,Uttara Kannada,14.8183,74.1419,24.73,88.71,0.46,3.3149
20250914,Uttara Kannada,14.8183,74.1419,24.3,89.86,0.41,4.3135
20250915,Uttara Kannada,14.8183,74.1419,24.09,92.57,0.46,3.75
20250916,Uttara Kannada,14.8183,74.1419,24.49,91.78,0.43,2.6983
20250917,Uttara Kannada,14.8183,74.1419,25.01,90.03,0.46,3.6718
20250918,Uttara Kannada,14.8183,74.1419,24.52,93.53,0.51,3.6115
20250919,Uttara Kannada,14.8183,74.1419,24.5,92.39,0.45,4.4309
20250920,Uttara Kannada,14.8183,74.1419,24.75,90.15,0.44,5.2291
20250921,Uttara Kannada,14.8183,74.1419,24.85,89.66,0.46,4.728
20250922,Uttara Kannada,14.8183,74.1419,24.39,90.84,0.4,4.254
20250923,Uttara Kannada,14.8183,74.1419,24.3,90.18,0.41,3.5328
20250924,Uttara Kannada,14.8183,74.1419,24.22,90.2,0.42,3.9302
20250925,Uttara Kannada,14.8183,74.1419,24.51,89.61,0.45,5.0976
20250926,Uttara Kannada,14.8183,74.1419,24.38,90.93,0.46,3.8304
20250927,Uttara Kannada,14.8183,74.1419,22.55,94.44,0.46,2.5961
20250928,Uttara Kannada,14.8183,74.1419,23.97,92.21,0.54,1.7676
20250929,Uttara Kannada,14.8183,74.1419,24.38,90.69,0.55,4.08
20250930,Uttara Kannada,14.8183,74.1419,24.45,91.22,0.5,4.3944
20251001,Uttara Kannada,14.8183,74.1419,24.68,91.34,0.49,4.1448
20251002,Uttara Kannada,14.8183,74.1419,24.62,93.35,0.42,4.5278
20251003,Uttara Kannada,14.8183,74.1419,24.97,89.39,0.43,5.1934
20251004,Uttara Kannada,14.8183,74.1419,25.1,87.45,0.38,5.4946
20251005,Uttara Kannada,14.8183,74.1419,24.81,87.55,0.39,6.3211
20251006,Uttara Kannada,14.8183,74.1419,24.32,87.97,0.41,6.4339
20251007,Uttara Kannada,14.8183,74.1419,24.8,87.96,0.39,5.5205
20251008,Uttara Kannada,14.8183,74.1419,25.55,87.85,0.35,6.0847
20251009,Uttara Kannada,14.8183,74.1419,25.7,88.71,0.33,5.2066
20251010,Uttara Kannada,14.8183,74.1419,25.36,89.54,0.31,4.2886
20251011,Uttara Kannada,14.8183,74.1419,24.86,85.84,0.4,4.7326
20251012,Uttara Kannada,14.8183,74.1419,24.32,83.77,0.42,6.1606
20251013,Uttara Kannada,14.8183,74.1419,23.9,82.57,0.4,5.7775
20251014,Uttara Kannada,14.8183,74.1419,24.86,84.69,0.39,5.1552
20251015,Uttara Kannada,14.8183,74.1419,24.76,91.82,0.34,4.7782
20251016,Uttara Kannada,14.8183,74.1419,25.65,88.92,0.38,5.1917
20251017,Uttara Kannada,14.8183,74.1419,25.11,88.63,0.46,5.4982
20251018,Uttara Kannada,14.8183,74.1419,24.54,90.6,0.38,5.4245
20251019,Uttara Kannada,14.8183,74.1419,24.91,90.79,0.34,5.1427
20251020,Uttara Kannada,14.8183,74.1419,25.36,89.46,0.37,5.3482
20251021,Uttara Kannada,14.8183,74.1419,25.76,87.71,0.41,5.4089
20251022,Uttara Kannada,14.8183,74.1419,24.96,90.73,0.4,3.6278
20251023,Uttara Kannada,14.8183,74.1419,24.92,91.0,0.61,3.7678
20251024,Uttara Kannada,14.8183,74.1419,24.76,94.38,0.56,2.6071
20251025,Uttara Kannada,14.8183,74.1419,24.71,92.58,0.55,4.5034
20251026,Uttara Kannada,14.8183,74.1419,25.09,92.58,0.54,1.9572
20251027,Uttara Kannada,14.8183,74.1419,24.66,96.79,0.53,2.8476
20251028,Uttara Kannada,14.8183,74.1419,24.4,91.56,0.49,3.9461
20251029,Uttara Kannada,14.8183,74.1419,24.09,92.24,0.56,3.5818
20251030,Uttara Kannada,14.8183,74.1419,23.84,90.88,0.56,4.8595
20251031,Uttara Kannada,14.8183,74.1419,23.73,92.75,0.48,2.7348
20251101,Uttara Kannada,14.8183,74.1419,24.15,91.5,0.44,5.3052
20251102,Uttara Kannada,14.8183,74.1419,24.2,90.9,0.4,5.1708
20251103,Uttara Kannada,14.8183,74.1419,24.22,88.8,0.39,5.5579
20251104,Uttara Kannada,14.8183,74.1419,24.42,89.9,0.38,4.511
20251105,Uttara Kannada,14.8183,74.1419,23.4,87.74,0.42,5.3354
20251106,Uttara Kannada,14.8183,74.1419,22.19,86.77,0.41,5.9045
20251107,Uttara Kannada,14.8183,74.1419,23.86,89.23,0.4,5.2925
20251108,Uttara Kannada,14.8183,74.1419,23.86,82.91,0.39,4.7839
20251109,Uttara Kannada,14.8183,74.1419,20.88,79.24,0.48,6.1411
20251110,Uttara Kannada,14.8183,74.1419,20.31,81.13,0.46,5.85
20251111,Uttara Kannada,14.8183,74.1419,21.29,82.26,0.4,5.7317
20251112,Uttara Kannada,14.8183,74.1419,22.39,85.0,0.4,5.1175
20251113,Uttara Kannada,14.8183,74.1419,22.8,83.96,0.45,4.9361
20251114,Uttara Kannada,14.8183,74.1419,20.7,80.91,0.5,5.1473
20251115,Uttara Kannada,14.8183,74.1419,19.55,80.97,0.48,5.9503
20251116,Uttara Kannada,14.8183,74.1419,20.47,82.76,0.49,5.5171
20251117,Uttara Kannada,14.8183,74.1419,19.96,80.61,0.54,5.6491
20251118,Uttara Kannada,14.8183,74.1419,20.67,79.24,0.54,5.4245
20251119,Uttara Kannada,14.8183,74.1419,23.08,83.88,0.42,5.173
20251120,Uttara Kannada,14.8183,74.1419,21.97,81.86,0.47,5.7156
20251121,Uttara Kannada,14.8183,74.1419,23.07,82.78,0.44,5.4941
20251122,Uttara Kannada,14.8183,74.1419,24.73,86.87,0.43,4.6687
20251123,Uttara Kannada,14.8183,74.1419,24.79,85.51,0.41,4.9894
20251124,Uttara Kannada,14.8183,74.1419,24.49,87.48,0.41,5.0678
20251125,Uttara Kannada,14.8183,74.1419,23.66,83.42,0.44,4.6793
20251126,Uttara Kannada,14.8183,74.1419,21.9,82.14,0.51,4.8715
20251127,Uttara Kannada,14.8183,74.1419,22.18,81.01,0.51,5.2085
20251128,Uttara Kannada,14.8183,74.1419,21.99,83.03,0.47,4.6039
20251129,Uttara Kannada,14.8183,74.1419,20.86,80.98,0.45,4.2768
20251130,Uttara Kannada,14.8183,74.1419,22.59,84.96,0.41,4.9282
20251201,Uttara Kannada,14.8183,74.1419,22.76,83.13,0.44,5.1838
20251202,Uttara Kannada,14.8183,74.1419,22.32,84.4,0.39,5.2327
20251203,Uttara Kannada,14.8183,74.1419,23.89,84.45,0.41,5.2687
20251204,Uttara Kannada,14.8183,74.1419,24.34,85.03,0.47,4.6486
20251205,Uttara Kannada,14.8183,74.1419,23.98,86.87,0.47,3.8316
20251206,Uttara Kannada,14.8183,74.1419,22.77,85.24,0.45,4.1098
20251207,Uttara Kannada,14.8183,74.1419,22.61,81.52,0.47,5.1672
20251208,Uttara Kannada,14.8183,74.1419,21.78,82.12,0.46,4.9896
20251209,Uttara Kannada,14.8183,74.1419,20.43,75.97,0.53,5.3729
20251210,Uttara Kannada,14.8183,74.1419,19.92,74.45,0.55,5.5363
20251211,Uttara Kannada,14.8183,74.1419,19.44,76.4,0.54,5.6402
20251212,Uttara Kannada,14.8183,74.1419,18.99,75.94,0.55,5.5958
20251213,Uttara Kannada,14.8183,74.1419,18.95,71.89,0.54,5.5766
20251214,Uttara Kannada,14.8183,74.1419,19.58,76.81,0.53,5.5582
20251215,Uttara Kannada,14.8183,74.1419,20.26,76.75,0.53,5.3542
20251216,Uttara Kannada,14.8183,74.1419,20.91,79.68,0.48,5.2459
20251217,Uttara Kannada,14.8183,74.1419,23.15,80.94,0.48,5.442
20251218,Uttara Kannada,14.8183,74.1419,20.61,74.64,0.53,5.4646
20251219,Uttara Kannada,14.8183,74.1419,19.28,71.72,0.55,4.6771
20251220,Uttara Kannada,14.8183,74.1419,18.98,70.11,0.53,5.071
20251221,Uttara Kannada,14.8183,74.1419,19.24,77.35,0.55,4.8353
20251222,Uttara Kannada,14.8183,74.1419,20.46,78.45,0.51,5.1341
20251223,Uttara Kannada,14.8183,74.1419,20.82,75.93,0.5,5.2219
20251224,Uttara Kannada,14.8183,74.1419,20.91,75.19,0.5,5.0887
20251225,Uttara Kannada,14.8183,74.1419,20.82,77.12,0.46,5.1257
20251226,Uttara Kannada,14.8183,74.1419,21.02,78.75,0.45,5.1871
20251227,Uttara Kannada,14.8183,74.1419,20.8,77.8,0.5,5.407
20251228,Uttara Kannada,14.8183,74.1419,20.27,76.44,0.5,5.2762
20251229,Uttara Kannada,14.8183,74.1419,20.6,78.52,0.54,5.147
20251230,Uttara Kannada,14.8183,74.1419,20.97,82.33,0.42,5.0962
20251231,Uttara Kannada,14.8183,74.1419,20.57,82.72,0.39,4.6025
