Date,District,Latitude,Longitude,Temperature,Humidity,WindSpeed,GHI
20200101,Vijayapura,16.8302,75.71,23.1,71.38,1.85,4.0193
20200102,Vijayapura,16.8302,75.71,23.66,67.3,1.12,4.1554
20200103,Vijayapura,16.8302,75.71,21.85,65.97,1.49,5.1432
20200104,Vijayapura,16.8302,75.71,21.09,62.58,1.35,4.9337
20200105,Vijayapura,16.8302,75.71,20.78,71.3,2.52,4.0613
20200106,Vijayapura,16.8302,75.71,22.26,69.18,2.45,3.3602
20200107,Vijayapura,16.8302,75.71,24.8,67.84,2.15,4.416
20200108,Vijayapura,16.8302,75.71,24.51,70.18,2.14,3.6067
20200109,Vijayapura,16.8302,75.71,23.38,70.44,1.77,4.5636
20200110,Vijayapura,16.8302,75.71,22.57,67.83,2.7,3.5714
20200111,Vijayapura,16.8302,75.71,22.13,65.26,2.39,3.7946
20200112,Vijayapura,16.8302,75.71,21.46,60.82,1.75,4.2665
20200113,Vijayapura,16.8302,75.71,21.94,51.89,0.84,5.226
20200114,Vijayapura,16.8302,75.71,22.32,55.72,0.79,5.0143
20200115,Vijayapura,16.8302,75.71,21.75,56.86,2.27,5.2442
20200116,Vijayapura,16.8302,75.71,21.17,67.07,1.18,4.8146
20200117,Vijayapura,16.8302,75.71,21.29,60.24,1.35,5.4264
20200118,Vijayapura,16.8302,75.71,23.33,61.06,1.7,5.1365
20200119,Vijayapura,16.8302,75.71,23.82,63.93,1.37,5.015
20200120,Vijayapura,16.8302,75.71,23.89,60.76,1.67,4.909
20200121,Vijayapura,16.8302,75.71,24.27,56.41,2.19,5.1144
20200122,Vijayapura,16.8302,75.71,23.12,52.37,2.99,5.4132
20200123,Vijayapura,16.8302,75.71,22.84,55.41,2.38,5.7014
20200124,Vijayapura,16.8302,75.71,22.99,50.62,2.05,5.6638
20200125,Vijayapura,16.8302,75.71,23.96,47.6,1.63,5.5171
20200126,Vijayapura,16.8302,75.71,24.69,46.64,1.27,5.5356
20200127,Vijayapura,16.8302,75.71,24.81,50.81,2.51,5.4348
20200128,Vijayapura,16.8302,75.71,23.21,61.91,2.71,4.931
20200129,Vijayapura,16.8302,75.71,22.3,62.49,2.04,5.9424
20200130,Vijayapura,16.8302,75.71,22.25,53.28,1.6,5.9263
20200131,Vijayapura,16.8302,75.71,22.87,49.1,1.55,5.8435
20200201,Vijayapura,16.8302,75.71,23.03,50.36,2.01,5.7732
20200202,Vijayapura,16.8302,75.71,24.12,57.7,1.91,4.7088
20200203,Vijayapura,16.8302,75.71,25.51,55.12,1.23,5.1967
20200204,Vijayapura,16.8302,75.71,25.62,50.59,1.43,5.593
20200205,Vijayapura,16.8302,75.71,25.79,47.86,1.44,5.4331
20200206,Vijayapura,16.8302,75.71,24.57,51.33,2.5,5.5651
20200207,Vijayapura,16.8302,75.71,22.93,49.09,2.8,5.9666
20200208,Vijayapura,16.8302,75.71,22.17,47.7,2.03,6.1118
20200209,Vijayapura,16.8302,75.71,23.36,59.9,3.63,4.8722
20200210,Vijayapura,16.8302,75.71,25.06,55.99,3.39,4.7501
20200211,Vijayapura,16.8302,75.71,24.98,56.47,3.16,4.9534
20200212,Vijayapura,16.8302,75.71,25.31,52.38,2.67,5.489
20200213,Vijayapura,16.8302,75.71,24.77,44.67,2.46,5.5978
20200214,Vijayapura,16.8302,75.71,24.75,33.47,1.54,6.0283
20200215,Vijayapura,16.8302,75.71,26.11,31.73,1.28,6.1442
20200216,Vijayapura,16.8302,75.71,25.83,28.96,2.17,6.1769
20200217,Vijayapura,16.8302,75.71,25.69,32.22,2.34,6.2364
20200218,Vijayapura,16.8302,75.71,25.92,27.97,1.99,6.168
20200219,Vijayapura,16.8302,75.71,25.88,27.82,1.74,6.325
20200220,Vijayapura,16.8302,75.71,26.26,36.92,2.51,5.9088
20200221,Vijayapura,16.8302,75.71,26.06,35.11,2.85,6.4613
20200222,Vijayapura,16.8302,75.71,26.05,34.07,3.15,6.4896
20200223,Vijayapura,16.8302,75.71,26.21,36.16,2.92,6.2782
20200224,Vijayapura,16.8302,75.71,27.59,34.94,1.72,6.4493
20200225,Vijayapura,16.8302,75.71,26.8,27.12,2.52,6.1354
20200226,Vijayapura,16.8302,75.71,25.27,22.26,2.75,6.1318
20200227,Vijayapura,16.8302,75.71,25.47,23.42,2.36,5.3587
20200228,Vijayapura,16.8302,75.71,26.44,30.47,2.38,5.3887
20200229,Vijayapura,16.8302,75.71,27.66,40.49,1.59,5.1413
20200301,Vijayapura,16.8302,75.71,28.42,43.33,1.26,5.497
20200302,Vijayapura,16.8302,75.71,28.27,48.03,1.12,5.5289
20200303,Vijayapura,16.8302,75.71,27.61,42.92,2.31,5.9047
20200304,Vijayapura,16.8302,75.71,26.14,38.64,2.79,6.828
20200305,Vijayapura,16.8302,75.71,25.58,43.08,2.55,6.4726
20200306,Vijayapura,16.8302,75.71,24.93,46.24,3.45,6.8774
20200307,Vijayapura,16.8302,75.71,26.22,45.19,2.94,5.5145
20200308,Vijayapura,16.8302,75.71,28.29,37.24,2.08,5.8428
20200309,Vijayapura,16.8302,75.71,29.09,38.57,2.3,5.9911
20200310,Vijayapura,16.8302,75.71,29.04,39.69,2.59,6.4615
20200311,Vijayapura,16.8302,75.71,27.95,46.2,2.75,6.0156
20200312,Vijayapura,16.8302,75.71,27.78,39.63,2.4,6.5266
20200313,Vijayapura,16.8302,75.71,28.34,41.02,2.72,6.8498
20200314,Vijayapura,16.8302,75.71,29.49,24.49,1.72,6.5122
20200315,Vijayapura,16.8302,75.71,30.69,30.31,2.5,6.5398
20200316,Vijayapura,16.8302,75.71,31.34,33.25,2.68,6.5237
20200317,Vijayapura,16.8302,75.71,31.69,31.55,2.18,6.2935
20200318,Vijayapura,16.8302,75.71,32.34,28.86,1.75,6.0943
20200319,Vijayapura,16.8302,75.71,31.6,28.77,1.44,5.8315
20200320,Vijayapura,16.8302,75.71,29.42,22.26,2.89,7.1194
20200321,Vijayapura,16.8302,75.71,28.1,26.09,2.64,7.2833
20200322,Vijayapura,16.8302,75.71,28.72,22.05,1.66,7.171
20200323,Vijayapura,16.8302,75.71,30.01,25.17,1.61,6.9067
20200324,Vijayapura,16.8302,75.71,31.17,32.99,2.12,6.109
20200325,Vijayapura,16.8302,75.71,31.11,41.27,1.64,5.9023
20200326,Vijayapura,16.8302,75.71,30.97,37.41,2.75,6.8011
20200327,Vijayapura,16.8302,75.71,30.87,30.62,2.77,7.2002
20200328,Vijayapura,16.8302,75.71,30.53,28.52,2.06,7.2883
20200329,Vijayapura,16.8302,75.71,31.83,27.18,1.28,6.9989
20200330,Vijayapura,16.8302,75.71,31.74,28.57,2.2,6.8098
20200331,Vijayapura,16.8302,75.71,31.65,26.7,2.13,7.1429
20200401,Vijayapura,16.8302,75.71,32.16,26.11,1.33,7.0186
20200402,Vijayapura,16.8302,75.71,33.07,27.97,1.35,6.6806
20200403,Vijayapura,16.8302,75.71,34.17,28.35,2.17,6.4944
20200404,Vijayapura,16.8302,75.71,33.05,31.14,2.82,5.4444
20200405,Vijayapura,16.8302,75.71,32.78,33.62,2.66,5.1898
20200406,Vijayapura,16.8302,75.71,30.51,46.15,2.21,5.7708
20200407,Vijayapura,16.8302,75.71,29.6,44.35,1.97,6.7034
20200408,Vijayapura,16.8302,75.71,28.86,39.49,2.26,7.4813
20200409,Vijayapura,16.8302,75.71,28.96,36.35,2.07,7.4414
20200410,Vijayapura,16.8302,75.71,29.64,42.27,2.4,6.3708
20200411,Vijayapura,16.8302,75.71,31.02,38.41,2.67,7.0543
20200412,Vijayapura,16.8302,75.71,32.05,35.67,2.06,6.7577
20200413,Vijayapura,16.8302,75.71,32.69,34.79,1.94,6.2237
20200414,Vijayapura,16.8302,75.71,33.0,30.03,2.27,6.9578
20200415,Vijayapura,16.8302,75.71,32.25,28.22,2.5,6.9389
20200416,Vijayapura,16.8302,75.71,33.0,33.55,2.1,6.0494
20200417,Vijayapura,16.8302,75.71,33.3,35.75,2.1,6.2659
20200418,Vijayapura,16.8302,75.71,33.4,38.55,2.25,6.2626
20200419,Vijayapura,16.8302,75.71,32.13,43.08,2.0,6.4591
20200420,Vijayapura,16.8302,75.71,32.6,38.08,1.98,6.4618
20200421,Vijayapura,16.8302,75.71,33.25,36.03,1.15,6.3578
20200422,Vijayapura,16.8302,75.71,33.06,26.16,2.59,7.3426
20200423,Vijayapura,16.8302,75.71,33.81,30.44,3.62,6.8976
20200424,Vijayapura,16.8302,75.71,33.96,30.85,3.77,7.17
20200425,Vijayapura,16.8302,75.71,32.7,36.34,3.61,7.5185
20200426,Vijayapura,16.8302,75.71,32.72,26.34,2.88,7.7261
20200427,Vijayapura,16.8302,75.71,32.79,33.35,3.3,7.6764
20200428,Vijayapura,16.8302,75.71,33.26,36.43,2.95,6.7915
20200429,Vijayapura,16.8302,75.71,33.95,34.29,3.01,6.3494
20200430,Vijayapura,16.8302,75.71,33.58,37.91,1.8,5.9057
20200501,Vijayapura,16.8302,75.71,34.03,37.22,2.3,7.0051
20200502,Vijayapura,16.8302,75.71,35.03,32.27,2.21,6.4488
20200503,Vijayapura,16.8302,75.71,35.32,30.79,3.03,6.7464
20200504,Vijayapura,16.8302,75.71,35.17,24.14,3.01,7.2348
20200505,Vijayapura,16.8302,75.71,35.05,23.27,3.01,7.2415
20200506,Vijayapura,16.8302,75.71,36.34,24.73,2.26,7.0865
20200507,Vijayapura,16.8302,75.71,35.38,31.28,2.14,7.325
20200508,Vijayapura,16.8302,75.71,34.28,34.99,2.46,6.5698
20200509,Vijayapura,16.8302,75.71,33.15,42.09,2.6,6.691
20200510,Vijayapura,16.8302,75.71,31.68,44.11,2.94,5.0825
20200511,Vijayapura,16.8302,75.71,32.31,42.1,3.21,6.8938
20200512,Vijayapura,16.8302,75.71,33.85,38.39,2.39,6.625
20200513,Vijayapura,16.8302,75.71,33.95,39.51,1.37,6.0677
20200514,Vijayapura,16.8302,75.71,33.97,41.65,2.43,6.7632
20200515,Vijayapura,16.8302,75.71,32.4,44.89,2.42,6.0082
20200516,Vijayapura,16.8302,75.71,31.16,49.95,3.22,5.7785
20200517,Vijayapura,16.8302,75.71,30.05,52.41,2.41,5.527
20200518,Vijayapura,16.8302,75.71,31.95,40.9,4.94,5.7043
20200519,Vijayapura,16.8302,75.71,31.78,42.18,5.05,6.2957
20200520,Vijayapura,16.8302,75.71,32.39,44.21,4.44,7.2823
20200521,Vijayapura,16.8302,75.71,33.4,38.96,4.15,6.726
20200522,Vijayapura,16.8302,75.71,33.88,38.13,3.13,7.0608
20200523,Vijayapura,16.8302,75.71,35.43,27.39,3.07,7.4062
20200524,Vijayapura,16.8302,75.71,35.48,28.47,2.89,7.3464
20200525,Vijayapura,16.8302,75.71,35.88,33.12,3.37,7.2343
20200526,Vijayapura,16.8302,75.71,35.48,36.83,3.5,6.9998
20200527,Vijayapura,16.8302,75.71,34.9,37.36,4.13,7.146
20200528,Vijayapura,16.8302,75.71,34.28,38.1,4.79,7.2665
20200529,Vijayapura,16.8302,75.71,33.76,42.0,4.41,7.5408
20200530,Vijayapura,16.8302,75.71,31.33,50.08,3.11,6.3593
20200531,Vijayapura,16.8302,75.71,29.76,59.22,2.23,4.1042
20200601,Vijayapura,16.8302,75.71,27.68,69.08,2.64,4.4347
20200602,Vijayapura,16.8302,75.71,26.63,76.1,3.65,5.3371
20200603,Vijayapura,16.8302,75.71,26.97,71.61,6.26,2.8265
20200604,Vijayapura,16.8302,75.71,27.55,67.52,6.25,5.7122
20200605,Vijayapura,16.8302,75.71,28.13,61.12,4.8,6.5962
20200606,Vijayapura,16.8302,75.71,28.1,61.38,5.09,6.8071
20200607,Vijayapura,16.8302,75.71,28.79,62.53,4.88,6.0682
20200608,Vijayapura,16.8302,75.71,28.7,59.95,5.07,6.4277
20200609,Vijayapura,16.8302,75.71,28.61,56.41,4.85,6.6355
20200610,Vijayapura,16.8302,75.71,28.57,61.52,4.73,6.3622
20200611,Vijayapura,16.8302,75.71,27.1,69.1,3.85,4.4086
20200612,Vijayapura,16.8302,75.71,26.22,74.5,4.35,4.5629
20200613,Vijayapura,16.8302,75.71,26.71,69.81,5.8,4.5521
20200614,Vijayapura,16.8302,75.71,27.73,66.83,6.17,5.5188
20200615,Vijayapura,16.8302,75.71,28.26,68.27,5.88,5.388
20200616,Vijayapura,16.8302,75.71,27.3,78.36,5.44,2.7221
20200617,Vijayapura,16.8302,75.71,26.27,81.11,4.97,3.4884
20200618,Vijayapura,16.8302,75.71,26.12,79.2,5.37,3.9718
20200619,Vijayapura,16.8302,75.71,26.69,77.34,4.72,5.4031
20200620,Vijayapura,16.8302,75.71,27.74,70.63,4.64,5.5649
20200621,Vijayapura,16.8302,75.71,27.39,71.74,4.62,5.5882
20200622,Vijayapura,16.8302,75.71,26.84,72.42,4.6,5.6921
20200623,Vijayapura,16.8302,75.71,27.01,67.1,4.24,6.4214
20200624,Vijayapura,16.8302,75.71,27.59,67.23,3.63,6.7214
20200625,Vijayapura,16.8302,75.71,28.5,68.75,2.12,6.8599
20200626,Vijayapura,16.8302,75.71,28.02,72.79,2.73,6.2345
20200627,Vijayapura,16.8302,75.71,26.65,78.8,2.41,5.898
20200628,Vijayapura,16.8302,75.71,26.39,79.31,2.49,4.8641
20200629,Vijayapura,16.8302,75.71,27.1,76.67,2.46,4.4136
20200630,Vijayapura,16.8302,75.71,26.27,77.83,3.17,4.7522
20200701,Vijayapura,16.8302,75.71,26.32,75.37,4.39,5.8985
20200702,Vijayapura,16.8302,75.71,25.5,77.98,5.04,5.0532
20200703,Vijayapura,16.8302,75.71,25.42,75.44,6.43,4.1419
20200704,Vijayapura,16.8302,75.71,25.28,78.9,5.92,3.6319
20200705,Vijayapura,16.8302,75.71,26.08,74.31,6.78,3.6689
20200706,Vijayapura,16.8302,75.71,25.69,77.22,5.82,4.277
20200707,Vijayapura,16.8302,75.71,26.32,74.81,6.12,4.2206
20200708,Vijayapura,16.8302,75.71,25.94,76.69,5.04,3.4663
20200709,Vijayapura,16.8302,75.71,25.52,80.69,3.84,3.5494
20200710,Vijayapura,16.8302,75.71,26.13,78.25,4.63,4.0306
20200711,Vijayapura,16.8302,75.71,25.57,77.69,4.55,5.9306
20200712,Vijayapura,16.8302,75.71,25.57,76.14,4.14,4.7616
20200713,Vijayapura,16.8302,75.71,26.12,76.05,3.25,4.9181
20200714,Vijayapura,16.8302,75.71,25.77,81.19,3.77,4.4342
20200715,Vijayapura,16.8302,75.71,24.48,83.84,5.83,3.0506
20200716,Vijayapura,16.8302,75.71,24.78,79.42,5.83,2.1818
20200717,Vijayapura,16.8302,75.71,25.8,77.15,5.16,4.1801
20200718,Vijayapura,16.8302,75.71,26.5,77.74,3.73,4.6243
20200719,Vijayapura,16.8302,75.71,25.81,80.85,2.74,5.2678
20200720,Vijayapura,16.8302,75.71,26.7,76.91,2.66,5.0254
20200721,Vijayapura,16.8302,75.71,26.62,76.7,1.46,5.5169
20200722,Vijayapura,16.8302,75.71,26.46,80.09,1.96,5.4821
20200723,Vijayapura,16.8302,75.71,25.74,81.26,1.19,2.6611
20200724,Vijayapura,16.8302,75.71,26.2,76.11,1.75,3.3588
20200725,Vijayapura,16.8302,75.71,25.34,78.55,1.94,3.6996
20200726,Vijayapura,16.8302,75.71,26.07,76.62,3.89,4.8185
20200727,Vijayapura,16.8302,75.71,26.2,76.15,4.03,5.297
20200728,Vijayapura,16.8302,75.71,25.41,82.41,3.13,5.5651
20200729,Vijayapura,16.8302,75.71,25.76,81.2,2.36,5.4341
20200730,Vijayapura,16.8302,75.71,26.23,81.45,2.67,5.4276
20200731,Vijayapura,16.8302,75.71,26.35,78.34,2.62,5.4377
20200801,Vijayapura,16.8302,75.71,26.01,81.45,3.0,5.1581
20200802,Vijayapura,16.8302,75.71,26.26,78.91,4.85,4.9814
20200803,Vijayapura,16.8302,75.71,25.08,81.18,6.62,3.899
20200804,Vijayapura,16.8302,75.71,25.17,83.3,7.32,3.4903
20200805,Vijayapura,16.8302,75.71,25.41,84.08,7.63,2.8001
20200806,Vijayapura,16.8302,75.71,26.55,77.97,7.06,4.8401
20200807,Vijayapura,16.8302,75.71,26.25,79.35,5.98,4.4659
20200808,Vijayapura,16.8302,75.71,25.99,78.39,5.22,3.9058
20200809,Vijayapura,16.8302,75.71,25.83,79.39,5.18,4.1654
20200810,Vijayapura,16.8302,75.71,25.51,81.69,4.7,2.8975
20200811,Vijayapura,16.8302,75.71,25.61,79.74,5.46,4.4009
20200812,Vijayapura,16.8302,75.71,25.11,81.33,5.49,3.5794
20200813,Vijayapura,16.8302,75.71,24.4,85.92,5.6,2.4374
20200814,Vijayapura,16.8302,75.71,24.47,84.41,6.32,3.5868
20200815,Vijayapura,16.8302,75.71,24.48,86.14,5.78,2.8793
20200816,Vijayapura,16.8302,75.71,24.67,84.49,5.39,1.7928
20200817,Vijayapura,16.8302,75.71,25.12,83.37,5.16,3.3055
20200818,Vijayapura,16.8302,75.71,25.62,80.02,5.25,4.0752
20200819,Vijayapura,16.8302,75.71,25.71,79.92,4.64,4.3442
20200820,Vijayapura,16.8302,75.71,24.59,85.12,5.19,3.5993
20200821,Vijayapura,16.8302,75.71,24.84,83.06,5.38,3.8479
20200822,Vijayapura,16.8302,75.71,25.65,80.49,4.95,4.7246
20200823,Vijayapura,16.8302,75.71,26.08,79.04,4.63,4.476
20200824,Vijayapura,16.8302,75.71,25.93,79.4,4.15,4.5206
20200825,Vijayapura,16.8302,75.71,26.14,78.02,3.5,5.6455
20200826,Vijayapura,16.8302,75.71,26.31,76.53,2.98,5.6342
20200827,Vijayapura,16.8302,75.71,25.54,78.17,4.21,4.9366
20200828,Vijayapura,16.8302,75.71,25.52,78.45,3.76,4.5266
20200829,Vijayapura,16.8302,75.71,24.89,83.16,3.73,4.2293
20200830,Vijayapura,16.8302,75.71,25.48,80.32,3.63,4.6942
20200831,Vijayapura,16.8302,75.71,26.05,77.63,3.54,5.713
20200901,Vijayapura,16.8302,75.71,26.28,77.52,2.15,5.9714
20200902,Vijayapura,16.8302,75.71,24.54,87.0,1.6,4.3166
20200903,Vijayapura,16.8302,75.71,26.42,77.66,1.9,5.4847
20200904,Vijayapura,16.8302,75.71,26.83,77.46,2.81,5.2594
20200905,Vijayapura,16.8302,75.71,27.56,71.44,2.71,5.7586
20200906,Vijayapura,16.8302,75.71,26.6,67.71,1.79,5.7917
20200907,Vijayapura,16.8302,75.71,27.49,72.97,1.3,5.3465
20200908,Vijayapura,16.8302,75.71,26.31,80.84,1.5,4.4333
20200909,Vijayapura,16.8302,75.71,26.96,77.75,1.44,5.0894
20200910,Vijayapura,16.8302,75.71,26.72,79.06,1.77,5.255
20200911,Vijayapura,16.8302,75.71,26.51,80.39,2.64,4.2314
20200912,Vijayapura,16.8302,75.71,25.49,81.77,4.08,4.3704
20200913,Vijayapura,16.8302,75.71,24.69,82.04,3.75,2.9227
20200914,Vijayapura,16.8302,75.71,24.46,80.77,3.99,3.0626
20200915,Vijayapura,16.8302,75.71,24.95,81.65,2.95,4.4431
20200916,Vijayapura,16.8302,75.71,25.21,83.26,3.38,3.3859
20200917,Vijayapura,16.8302,75.71,24.34,87.88,3.22,3.8412
20200918,Vijayapura,16.8302,75.71,23.97,87.32,4.39,2.8195
20200919,Vijayapura,16.8302,75.71,24.41,84.44,3.5,3.8628
20200920,Vijayapura,16.8302,75.71,23.91,86.96,2.85,4.5703
20200921,Vijayapura,16.8302,75.71,25.07,83.55,4.86,3.9768
20200922,Vijayapura,16.8302,75.71,24.35,83.44,6.06,3.9931
20200923,Vijayapura,16.8302,75.71,24.68,79.71,5.64,4.3901
20200924,Vijayapura,16.8302,75.71,25.74,81.48,3.95,4.1914
20200925,Vijayapura,16.8302,75.71,26.04,80.17,3.74,4.6517
20200926,Vijayapura,16.8302,75.71,24.35,85.34,3.28,2.1989
20200927,Vijayapura,16.8302,75.71,24.88,78.26,2.32,3.5335
20200928,Vijayapura,16.8302,75.71,25.73,78.05,2.03,5.7058
20200929,Vijayapura,16.8302,75.71,25.57,81.25,2.28,5.142
20200930,Vijayapura,16.8302,75.71,24.97,82.9,2.26,4.8749
20201001,Vijayapura,16.8302,75.71,24.86,79.23,1.54,3.9074
20201002,Vijayapura,16.8302,75.71,25.71,76.88,1.72,5.2865
20201003,Vijayapura,16.8302,75.71,26.11,76.8,1.85,4.9918
20201004,Vijayapura,16.8302,75.71,24.52,79.95,3.28,4.9342
20201005,Vijayapura,16.8302,75.71,24.84,79.42,2.9,5.3693
20201006,Vijayapura,16.8302,75.71,26.55,73.95,2.08,5.5301
20201007,Vijayapura,16.8302,75.71,25.74,72.12,2.47,5.1703
20201008,Vijayapura,16.8302,75.71,25.85,70.83,2.07,5.6484
20201009,Vijayapura,16.8302,75.71,27.22,74.07,0.54,5.0134
20201010,Vijayapura,16.8302,75.71,25.85,81.93,0.77,3.9106
20201011,Vijayapura,16.8302,75.71,23.68,88.02,1.9,3.0461
20201012,Vijayapura,16.8302,75.71,24.12,87.36,2.09,3.2834
20201013,Vijayapura,16.8302,75.71,24.62,83.94,1.76,3.905
20201014,Vijayapura,16.8302,75.71,24.1,89.58,4.32,1.5826
20201015,Vijayapura,16.8302,75.71,24.65,87.95,4.65,2.3438
20201016,Vijayapura,16.8302,75.71,24.93,81.96,2.51,2.4634
20201017,Vijayapura,16.8302,75.71,25.2,78.52,2.17,5.5524
20201018,Vijayapura,16.8302,75.71,24.39,83.81,2.32,5.5932
20201019,Vijayapura,16.8302,75.71,24.8,85.38,1.69,4.4174
20201020,Vijayapura,16.8302,75.71,24.94,84.86,1.31,3.4783
20201021,Vijayapura,16.8302,75.71,25.13,81.45,1.4,3.379
20201022,Vijayapura,16.8302,75.71,26.1,72.59,0.97,4.8166
20201023,Vijayapura,16.8302,75.71,25.91,76.34,1.37,4.7774
20201024,Vijayapura,16.8302,75.71,25.73,77.61,1.42,4.8636
20201025,Vijayapura,16.8302,75.71,25.63,77.19,0.98,4.9562
20201026,Vijayapura,16.8302,75.71,24.98,80.84,1.46,4.7455
20201027,Vijayapura,16.8302,75.71,24.16,78.79,2.16,4.8185
20201028,Vijayapura,16.8302,75.71,23.62,76.47,1.68,4.7887
20201029,Vijayapura,16.8302,75.71,22.76,71.69,1.73,5.4019
20201030,Vijayapura,16.8302,75.71,23.46,74.85,1.5,4.5329
20201031,Vijayapura,16.8302,75.71,24.38,77.94,1.38,4.5583
20201101,Vijayapura,16.8302,75.71,23.79,74.32,1.65,5.1449
20201102,Vijayapura,16.8302,75.71,22.85,73.97,2.06,5.4818
20201103,Vijayapura,16.8302,75.71,22.8,75.31,2.5,5.4103
20201104,Vijayapura,16.8302,75.71,22.11,71.73,2.02,5.1163
20201105,Vijayapura,16.8302,75.71,21.35,68.32,1.89,5.4048
20201106,Vijayapura,16.8302,75.71,21.21,67.76,1.88,5.1274
20201107,Vijayapura,16.8302,75.71,23.05,82.12,2.53,4.1273
20201108,Vijayapura,16.8302,75.71,23.77,81.08,2.49,4.1383
20201109,Vijayapura,16.8302,75.71,20.86,71.9,2.19,5.5188
20201110,Vijayapura,16.8302,75.71,19.03,72.94,2.16,5.8774
20201111,Vijayapura,16.8302,75.71,19.69,74.3,2.3,5.8786
20201112,Vijayapura,16.8302,75.71,21.81,81.58,2.67,5.3834
20201113,Vijayapura,16.8302,75.71,24.24,82.15,2.67,3.4982
20201114,Vijayapura,16.8302,75.71,23.55,79.56,2.25,5.6827
20201115,Vijayapura,16.8302,75.71,23.35,77.97,2.28,5.795
20201116,Vijayapura,16.8302,75.71,24.05,82.9,2.94,3.696
20201117,Vijayapura,16.8302,75.71,24.31,80.39,2.88,3.883
20201118,Vijayapura,16.8302,75.71,24.22,80.0,2.39,4.3752
20201119,Vijayapura,16.8302,75.71,24.07,78.01,2.37,5.2625
20201120,Vijayapura,16.8302,75.71,24.34,76.71,1.9,5.5154
20201121,Vijayapura,16.8302,75.71,24.46,75.05,1.31,5.4994
20201122,Vijayapura,16.8302,75.71,23.3,80.22,2.44,5.1216
20201123,Vijayapura,16.8302,75.71,22.19,80.88,1.98,4.0044
20201124,Vijayapura,16.8302,75.71,21.99,71.81,2.01,4.5434
20201125,Vijayapura,16.8302,75.71,21.84,75.06,2.46,5.2644
20201126,Vijayapura,16.8302,75.71,22.54,79.83,2.91,3.3365
20201127,Vijayapura,16.8302,75.71,21.78,78.23,3.6,3.5093
20201128,Vijayapura,16.8302,75.71,22.07,82.38,3.81,1.3958
20201129,Vijayapura,16.8302,75.71,23.56,81.33,2.45,2.5853
20201130,Vijayapura,16.8302,75.71,23.64,76.17,2.14,4.6747
20201201,Vijayapura,16.8302,75.71,22.74,77.07,2.1,4.6524
20201202,Vijayapura,16.8302,75.71,21.43,75.39,1.96,5.3674
20201203,Vijayapura,16.8302,75.71,21.4,73.83,1.72,4.7515
20201204,Vijayapura,16.8302,75.71,21.12,72.57,1.92,5.2896
20201205,Vijayapura,16.8302,75.71,21.43,73.75,2.03,5.0722
20201206,Vijayapura,16.8302,75.71,20.92,70.7,2.33,5.1641
20201207,Vijayapura,16.8302,75.71,20.91,70.79,2.19,5.0887
20201208,Vijayapura,16.8302,75.71,21.63,74.56,2.32,4.9267
20201209,Vijayapura,16.8302,75.71,22.18,72.89,2.1,4.1616
20201210,Vijayapura,16.8302,75.71,21.85,70.78,1.77,5.0998
20201211,Vijayapura,16.8302,75.71,22.33,70.74,1.81,4.9378
20201212,Vijayapura,16.8302,75.71,21.61,68.28,2.1,5.1317
20201213,Vijayapura,16.8302,75.71,21.43,68.04,1.83,5.1686
20201214,Vijayapura,16.8302,75.71,21.81,69.35,1.8,4.7947
20201215,Vijayapura,16.8302,75.71,21.75,70.43,2.54,5.1646
20201216,Vijayapura,16.8302,75.71,21.75,74.06,2.38,5.0446
20201217,Vijayapura,16.8302,75.71,22.0,73.98,2.0,4.8696
20201218,Vijayapura,16.8302,75.71,21.63,73.98,2.17,4.5742
20201219,Vijayapura,16.8302,75.71,20.53,71.29,2.72,4.2362
20201220,Vijayapura,16.8302,75.71,19.5,69.53,2.72,4.7184
20201221,Vijayapura,16.8302,75.71,17.76,62.53,2.07,5.1804
20201222,Vijayapura,16.8302,75.71,17.42,64.97,1.82,5.1408
20201223,Vijayapura,16.8302,75.71,18.61,66.23,1.82,5.1694
20201224,Vijayapura,16.8302,75.71,19.7,68.58,1.86,4.9423
20201225,Vijayapura,16.8302,75.71,19.59,70.43,2.1,4.9937
20201226,Vijayapura,16.8302,75.71,19.74,70.84,2.04,4.6219
20201227,Vijayapura,16.8302,75.71,20.7,70.7,1.54,4.752
20201228,Vijayapura,16.8302,75.71,20.74,67.5,1.69,4.7323
20201229,Vijayapura,16.8302,75.71,20.59,67.06,1.74,4.8017
20201230,Vijayapura,16.8302,75.71,20.98,69.36,2.4,4.7906
20201231,Vijayapura,16.8302,75.71,21.49,72.83,2.68,4.4446
20210101,Vijayapura,16.8302,75.71,22.1,73.88,2.63,4.5067
20210102,Vijayapura,16.8302,75.71,20.78,76.69,2.23,4.8703
20210103,Vijayapura,16.8302,75.71,21.02,67.55,2.36,4.5482
20210104,Vijayapura,16.8302,75.71,21.16,71.84,1.72,3.2789
20210105,Vijayapura,16.8302,75.71,22.2,73.28,1.64,4.2468
20210106,Vijayapura,16.8302,75.71,23.26,77.13,1.78,3.4375
20210107,Vijayapura,16.8302,75.71,22.65,83.41,2.06,2.8586
20210108,Vijayapura,16.8302,75.71,23.45,77.2,2.02,3.7442
20210109,Vijayapura,16.8302,75.71,24.28,71.32,2.41,3.4073
20210110,Vijayapura,16.8302,75.71,24.17,65.28,2.07,5.1629
20210111,Vijayapura,16.8302,75.71,23.7,65.8,2.13,5.0527
20210112,Vijayapura,16.8302,75.71,24.24,64.26,2.22,4.8662
20210113,Vijayapura,16.8302,75.71,23.66,66.89,2.22,4.3723
20210114,Vijayapura,16.8302,75.71,23.61,65.67,1.73,4.9759
20210115,Vijayapura,16.8302,75.71,23.89,64.59,1.72,5.0993
20210116,Vijayapura,16.8302,75.71,24.43,64.53,2.06,5.0767
20210117,Vijayapura,16.8302,75.71,24.92,63.5,2.5,4.9171
20210118,Vijayapura,16.8302,75.71,24.21,64.0,2.22,5.0203
20210119,Vijayapura,16.8302,75.71,23.99,63.98,1.81,5.0532
20210120,Vijayapura,16.8302,75.71,24.51,55.39,1.01,5.1845
20210121,Vijayapura,16.8302,75.71,24.31,54.18,1.19,5.1799
20210122,Vijayapura,16.8302,75.71,23.59,55.79,1.63,4.9238
20210123,Vijayapura,16.8302,75.71,24.18,59.15,1.46,5.1286
20210124,Vijayapura,16.8302,75.71,24.42,52.8,1.06,5.2181
20210125,Vijayapura,16.8302,75.71,24.14,44.51,1.11,5.418
20210126,Vijayapura,16.8302,75.71,23.78,44.32,0.91,5.5601
20210127,Vijayapura,16.8302,75.71,23.2,47.24,0.93,5.537
20210128,Vijayapura,16.8302,75.71,22.89,55.64,1.84,5.2274
20210129,Vijayapura,16.8302,75.71,24.06,57.54,1.91,4.932
20210130,Vijayapura,16.8302,75.71,24.48,51.94,1.53,5.6184
20210131,Vijayapura,16.8302,75.71,23.77,55.9,1.96,5.5066
20210201,Vijayapura,16.8302,75.71,23.71,56.34,2.56,5.1886
20210202,Vijayapura,16.8302,75.71,22.71,53.34,2.35,5.5291
20210203,Vijayapura,16.8302,75.71,21.24,44.7,2.14,5.508
20210204,Vijayapura,16.8302,75.71,21.97,50.64,2.3,5.807
20210205,Vijayapura,16.8302,75.71,23.03,48.72,1.78,5.8486
20210206,Vijayapura,16.8302,75.71,22.85,47.24,1.64,5.8774
20210207,Vijayapura,16.8302,75.71,21.56,45.46,2.49,5.9422
20210208,Vijayapura,16.8302,75.71,20.88,37.57,2.66,6.0634
20210209,Vijayapura,16.8302,75.71,22.03,42.77,2.17,5.8982
20210210,Vijayapura,16.8302,75.71,22.79,41.41,1.77,6.0679
20210211,Vijayapura,16.8302,75.71,23.67,34.85,1.67,6.187
20210212,Vijayapura,16.8302,75.71,23.91,42.36,1.9,5.7521
20210213,Vijayapura,16.8302,75.71,24.07,36.63,1.95,6.1265
20210214,Vijayapura,16.8302,75.71,23.92,36.98,1.79,6.2213
20210215,Vijayapura,16.8302,75.71,24.56,38.1,1.79,6.12
20210216,Vijayapura,16.8302,75.71,24.9,38.08,1.83,5.8258
20210217,Vijayapura,16.8302,75.71,25.71,49.7,1.28,5.237
20210218,Vijayapura,16.8302,75.71,25.41,43.51,2.71,4.7998
20210219,Vijayapura,16.8302,75.71,23.69,52.61,3.33,4.7647
20210220,Vijayapura,16.8302,75.71,24.0,48.25,3.55,4.8118
20210221,Vijayapura,16.8302,75.71,24.48,50.92,3.25,4.08
20210222,Vijayapura,16.8302,75.71,25.37,49.86,1.82,5.0971
20210223,Vijayapura,16.8302,75.71,26.79,39.9,1.63,5.7778
20210224,Vijayapura,16.8302,75.71,26.36,31.15,1.8,6.3379
20210225,Vijayapura,16.8302,75.71,27.58,28.37,0.88,6.3814
20210226,Vijayapura,16.8302,75.71,27.6,31.72,1.46,5.8392
20210227,Vijayapura,16.8302,75.71,27.43,28.43,2.02,5.8956
20210228,Vijayapura,16.8302,75.71,27.29,24.68,2.33,6.372
20210301,Vijayapura,16.8302,75.71,28.34,22.53,1.4,6.1378
20210302,Vijayapura,16.8302,75.71,28.57,26.5,1.58,5.9165
20210303,Vijayapura,16.8302,75.71,27.55,24.11,2.57,6.5738
20210304,Vijayapura,16.8302,75.71,27.25,22.07,2.7,6.8518
20210305,Vijayapura,16.8302,75.71,27.25,23.19,2.19,6.9554
20210306,Vijayapura,16.8302,75.71,27.93,29.81,1.17,6.8724
20210307,Vijayapura,16.8302,75.71,28.61,25.22,1.52,6.7721
20210308,Vijayapura,16.8302,75.71,28.45,22.46,1.64,6.6972
20210309,Vijayapura,16.8302,75.71,28.13,25.17,3.0,6.5923
20210310,Vijayapura,16.8302,75.71,27.92,23.42,2.16,6.8306
20210311,Vijayapura,16.8302,75.71,27.97,22.29,2.77,6.9377
20210312,Vijayapura,16.8302,75.71,28.11,22.36,3.09,6.4289
20210313,Vijayapura,16.8302,75.71,27.83,20.49,2.51,7.0786
20210314,Vijayapura,16.8302,75.71,27.94,19.67,2.81,7.164
20210315,Vijayapura,16.8302,75.71,28.57,21.74,2.63,7.2017
20210316,Vijayapura,16.8302,75.71,28.81,26.58,2.07,6.7308
20210317,Vijayapura,16.8302,75.71,29.57,25.41,2.16,5.6407
20210318,Vijayapura,16.8302,75.71,30.75,27.12,1.97,5.5646
20210319,Vijayapura,16.8302,75.71,31.39,26.33,1.46,5.7451
20210320,Vijayapura,16.8302,75.71,31.19,24.42,2.94,6.4601
20210321,Vijayapura,16.8302,75.71,30.8,28.53,2.5,6.4867
20210322,Vijayapura,16.8302,75.71,30.53,26.42,1.9,5.9592
20210323,Vijayapura,16.8302,75.71,31.26,25.73,3.26,6.6187
20210324,Vijayapura,16.8302,75.71,30.82,26.74,2.79,6.7183
20210325,Vijayapura,16.8302,75.71,31.3,25.74,2.26,5.7038
20210326,Vijayapura,16.8302,75.71,31.95,23.56,2.49,6.233
20210327,Vijayapura,16.8302,75.71,31.61,22.48,2.17,5.9297
20210328,Vijayapura,16.8302,75.71,31.35,18.08,1.94,6.2465
20210329,Vijayapura,16.8302,75.71,31.48,16.08,1.72,6.6686
20210330,Vijayapura,16.8302,75.71,30.4,30.47,2.42,6.6761
20210331,Vijayapura,16.8302,75.71,30.56,18.67,2.83,7.5521
20210401,Vijayapura,16.8302,75.71,30.56,28.02,3.22,7.7014
20210402,Vijayapura,16.8302,75.71,30.42,34.56,3.07,7.6282
20210403,Vijayapura,16.8302,75.71,30.19,35.62,2.88,7.5974
20210404,Vijayapura,16.8302,75.71,30.62,34.08,3.29,7.3109
20210405,Vijayapura,16.8302,75.71,31.29,20.57,2.73,7.241
20210406,Vijayapura,16.8302,75.71,31.61,23.56,2.29,6.078
20210407,Vijayapura,16.8302,75.71,32.17,23.79,1.24,5.2056
20210408,Vijayapura,16.8302,75.71,31.27,29.56,1.73,4.8742
20210409,Vijayapura,16.8302,75.71,32.48,29.75,1.5,5.9952
20210410,Vijayapura,16.8302,75.71,32.71,29.01,2.47,5.1972
20210411,Vijayapura,16.8302,75.71,30.99,37.77,1.56,5.4912
20210412,Vijayapura,16.8302,75.71,30.49,44.55,1.54,5.951
20210413,Vijayapura,16.8302,75.71,30.39,48.24,2.18,5.3926
20210414,Vijayapura,16.8302,75.71,28.92,55.49,1.57,6.6905
20210415,Vijayapura,16.8302,75.71,28.97,51.19,1.57,6.8472
20210416,Vijayapura,16.8302,75.71,29.05,47.15,2.35,6.8844
20210417,Vijayapura,16.8302,75.71,30.1,40.4,1.55,6.5194
20210418,Vijayapura,16.8302,75.71,31.27,39.53,1.58,6.2832
20210419,Vijayapura,16.8302,75.71,31.98,39.2,2.99,6.7414
20210420,Vijayapura,16.8302,75.71,31.51,34.59,3.24,7.1131
20210421,Vijayapura,16.8302,75.71,31.28,36.68,3.22,6.6804
20210422,Vijayapura,16.8302,75.71,31.15,33.72,2.26,6.5078
20210423,Vijayapura,16.8302,75.71,30.33,41.67,1.95,5.6743
20210424,Vijayapura,16.8302,75.71,31.18,39.99,1.84,6.6689
20210425,Vijayapura,16.8302,75.71,32.54,39.93,2.12,5.471
20210426,Vijayapura,16.8302,75.71,32.23,41.98,1.93,5.6441
20210427,Vijayapura,16.8302,75.71,31.96,42.78,1.58,6.617
20210428,Vijayapura,16.8302,75.71,32.19,39.72,1.88,6.8801
20210429,Vijayapura,16.8302,75.71,33.21,34.59,1.29,5.8877
20210430,Vijayapura,16.8302,75.71,32.66,37.97,1.83,7.1362
20210501,Vijayapura,16.8302,75.71,32.49,39.12,2.17,6.0314
20210502,Vijayapura,16.8302,75.71,32.12,40.25,1.9,6.0766
20210503,Vijayapura,16.8302,75.71,31.96,39.9,1.9,5.9786
20210504,Vijayapura,16.8302,75.71,31.28,45.17,1.87,6.0427
20210505,Vijayapura,16.8302,75.71,32.69,43.81,1.07,5.9678
20210506,Vijayapura,16.8302,75.71,31.81,50.04,1.18,6.1514
20210507,Vijayapura,16.8302,75.71,30.64,55.3,1.46,4.8358
20210508,Vijayapura,16.8302,75.71,31.85,51.38,1.37,6.6293
20210509,Vijayapura,16.8302,75.71,29.99,56.46,1.81,5.3222
20210510,Vijayapura,16.8302,75.71,30.68,59.51,1.76,5.9998
20210511,Vijayapura,16.8302,75.71,30.29,54.91,2.55,6.113
20210512,Vijayapura,16.8302,75.71,29.88,54.08,2.8,5.9275
20210513,Vijayapura,16.8302,75.71,29.32,59.39,2.89,5.7185
20210514,Vijayapura,16.8302,75.71,28.43,63.29,2.13,6.1214
20210515,Vijayapura,16.8302,75.71,29.78,60.33,5.45,4.9181
20210516,Vijayapura,16.8302,75.71,27.58,71.07,7.05,3.4526
20210517,Vijayapura,16.8302,75.71,28.4,66.51,6.44,5.1528
20210518,Vijayapura,16.8302,75.71,27.41,72.38,4.95,5.857
20210519,Vijayapura,16.8302,75.71,28.29,69.42,4.29,5.3791
20210520,Vijayapura,16.8302,75.71,28.74,64.93,3.99,6.169
20210521,Vijayapura,16.8302,75.71,29.33,61.75,3.64,6.2885
20210522,Vijayapura,16.8302,75.71,29.04,59.51,3.55,6.2371
20210523,Vijayapura,16.8302,75.71,29.06,62.38,3.94,6.659
20210524,Vijayapura,16.8302,75.71,29.36,60.36,3.76,4.8514
20210525,Vijayapura,16.8302,75.71,29.38,63.06,4.75,6.4075
20210526,Vijayapura,16.8302,75.71,30.27,57.61,5.46,6.9545
20210527,Vijayapura,16.8302,75.71,29.8,56.47,6.13,6.9307
20210528,Vijayapura,16.8302,75.71,29.78,59.19,4.68,5.8826
20210529,Vijayapura,16.8302,75.71,29.19,61.79,3.62,6.438
20210530,Vijayapura,16.8302,75.71,28.39,68.43,3.13,6.3984
20210531,Vijayapura,16.8302,75.71,29.14,65.7,3.38,6.8539
20210601,Vijayapura,16.8302,75.71,29.09,66.13,2.86,6.629
20210602,Vijayapura,16.8302,75.71,28.51,70.62,1.97,6.3804
20210603,Vijayapura,16.8302,75.71,28.31,72.17,1.54,5.7816
20210604,Vijayapura,16.8302,75.71,27.65,73.15,1.6,5.4478
20210605,Vijayapura,16.8302,75.71,27.62,68.25,1.87,4.4023
20210606,Vijayapura,16.8302,75.71,27.55,68.25,3.16,5.1898
20210607,Vijayapura,16.8302,75.71,28.09,65.06,4.72,7.1642
20210608,Vijayapura,16.8302,75.71,28.31,66.4,4.76,6.6835
20210609,Vijayapura,16.8302,75.71,27.5,69.39,5.56,4.7208
20210610,Vijayapura,16.8302,75.71,25.82,72.33,5.85,4.5931
20210611,Vijayapura,16.8302,75.71,27.61,62.67,6.12,5.6947
20210612,Vijayapura,16.8302,75.71,27.27,70.62,5.97,5.0105
20210613,Vijayapura,16.8302,75.71,26.16,77.0,5.08,4.9186
20210614,Vijayapura,16.8302,75.71,26.26,69.96,4.74,4.5509
20210615,Vijayapura,16.8302,75.71,26.46,70.16,6.1,4.4388
20210616,Vijayapura,16.8302,75.71,26.22,74.86,6.23,4.3903
20210617,Vijayapura,16.8302,75.71,26.39,76.74,6.54,4.9901
20210618,Vijayapura,16.8302,75.71,26.71,75.12,6.72,4.3627
20210619,Vijayapura,16.8302,75.71,26.25,76.5,5.88,3.1704
20210620,Vijayapura,16.8302,75.71,25.91,76.72,5.1,5.9136
20210621,Vijayapura,16.8302,75.71,26.91,72.04,4.34,5.9935
20210622,Vijayapura,16.8302,75.71,27.41,69.42,4.78,6.1673
20210623,Vijayapura,16.8302,75.71,26.24,74.35,4.31,5.2291
20210624,Vijayapura,16.8302,75.71,26.18,71.74,4.54,4.2466
20210625,Vijayapura,16.8302,75.71,26.58,67.89,4.91,4.4285
20210626,Vijayapura,16.8302,75.71,26.7,71.85,4.9,5.3102
20210627,Vijayapura,16.8302,75.71,24.13,81.76,4.09,1.9363
20210628,Vijayapura,16.8302,75.71,25.62,75.21,3.03,5.0333
20210629,Vijayapura,16.8302,75.71,27.38,71.63,3.05,6.3149
20210630,Vijayapura,16.8302,75.71,28.15,68.83,3.98,6.3737
20210701,Vijayapura,16.8302,75.71,25.92,77.29,3.84,4.0066
20210702,Vijayapura,16.8302,75.71,26.28,75.64,4.21,4.662
20210703,Vijayapura,16.8302,75.71,27.17,71.73,4.12,4.9884
20210704,Vijayapura,16.8302,75.71,27.64,68.8,3.67,5.6707
20210705,Vijayapura,16.8302,75.71,26.68,72.83,3.02,3.5438
20210706,Vijayapura,16.8302,75.71,26.62,76.36,2.17,4.8252
20210707,Vijayapura,16.8302,75.71,27.37,74.19,2.45,4.8917
20210708,Vijayapura,16.8302,75.71,26.09,78.63,2.74,3.703
20210709,Vijayapura,16.8302,75.71,25.48,78.3,3.1,3.8726
20210710,Vijayapura,16.8302,75.71,25.5,75.29,2.73,4.4722
20210711,Vijayapura,16.8302,75.71,24.62,83.44,4.84,3.8438
20210712,Vijayapura,16.8302,75.71,26.15,76.12,5.63,4.1822
20210713,Vijayapura,16.8302,75.71,24.58,79.78,5.0,3.7951
20210714,Vijayapura,16.8302,75.71,25.18,77.37,5.79,3.7157
20210715,Vijayapura,16.8302,75.71,26.49,77.66,4.77,3.8539
20210716,Vijayapura,16.8302,75.71,26.61,76.38,4.58,4.1381
20210717,Vijayapura,16.8302,75.71,26.91,76.11,4.73,3.9346
20210718,Vijayapura,16.8302,75.71,25.42,85.65,6.01,4.0954
20210719,Vijayapura,16.8302,75.71,25.65,79.19,6.32,4.1244
20210720,Vijayapura,16.8302,75.71,24.89,82.69,5.91,3.965
20210721,Vijayapura,16.8302,75.71,24.71,81.88,7.43,2.4276
20210722,Vijayapura,16.8302,75.71,24.48,82.55,8.08,2.2205
20210723,Vijayapura,16.8302,75.71,25.32,81.89,6.29,3.9499
20210724,Vijayapura,16.8302,75.71,26.54,76.34,5.63,5.5289
20210725,Vijayapura,16.8302,75.71,26.4,78.37,5.79,5.4067
20210726,Vijayapura,16.8302,75.71,26.09,77.36,6.52,5.3921
20210727,Vijayapura,16.8302,75.71,25.89,75.85,6.6,5.4871
20210728,Vijayapura,16.8302,75.71,25.93,74.48,6.73,5.5375
20210729,Vijayapura,16.8302,75.71,24.81,79.03,6.67,4.3488
20210730,Vijayapura,16.8302,75.71,24.83,80.36,5.73,3.5448
20210731,Vijayapura,16.8302,75.71,25.0,79.03,5.65,3.3324
20210801,Vijayapura,16.8302,75.71,25.6,75.45,6.38,4.187
20210802,Vijayapura,16.8302,75.71,25.69,74.85,5.94,4.5641
20210803,Vijayapura,16.8302,75.71,26.18,75.2,5.7,4.4909
20210804,Vijayapura,16.8302,75.71,25.68,78.54,5.64,4.3704
20210805,Vijayapura,16.8302,75.71,26.21,75.17,6.12,4.0934
20210806,Vijayapura,16.8302,75.71,26.33,75.04,5.48,4.4179
20210807,Vijayapura,16.8302,75.71,26.76,73.37,4.0,5.4204
20210808,Vijayapura,16.8302,75.71,27.0,74.07,3.16,5.2224
20210809,Vijayapura,16.8302,75.71,26.73,74.17,3.21,5.5145
20210810,Vijayapura,16.8302,75.71,26.05,75.7,3.46,4.6399
20210811,Vijayapura,16.8302,75.71,25.84,76.41,3.32,5.3501
20210812,Vijayapura,16.8302,75.71,26.39,74.17,3.59,4.7719
20210813,Vijayapura,16.8302,75.71,26.15,74.55,3.94,5.1826
20210814,Vijayapura,16.8302,75.71,26.23,74.7,4.76,3.8688
20210815,Vijayapura,16.8302,75.71,25.96,75.41,4.67,4.4446
20210816,Vijayapura,16.8302,75.71,24.61,80.5,2.97,3.0744
20210817,Vijayapura,16.8302,75.71,25.14,76.99,3.83,2.6405
20210818,Vijayapura,16.8302,75.71,25.29,74.64,4.23,4.5286
20210819,Vijayapura,16.8302,75.71,24.18,79.14,3.99,4.6003
20210820,Vijayapura,16.8302,75.71,24.18,77.4,3.55,4.4642
20210821,Vijayapura,16.8302,75.71,24.64,80.46,3.07,4.7662
20210822,Vijayapura,16.8302,75.71,25.71,74.71,2.57,5.6902
20210823,Vijayapura,16.8302,75.71,25.27,77.75,2.45,6.0797
20210824,Vijayapura,16.8302,75.71,26.68,74.82,2.62,6.3727
20210825,Vijayapura,16.8302,75.71,25.91,77.66,2.72,5.8205
20210826,Vijayapura,16.8302,75.71,25.94,77.66,2.93,5.3657
20210827,Vijayapura,16.8302,75.71,26.57,74.72,2.95,4.6462
20210828,Vijayapura,16.8302,75.71,25.92,74.12,3.84,4.4354
20210829,Vijayapura,16.8302,75.71,25.59,75.61,3.78,3.4241
20210830,Vijayapura,16.8302,75.71,23.19,80.7,4.06,3.6778
20210831,Vijayapura,16.8302,75.71,23.4,80.8,4.13,3.0384
20210901,Vijayapura,16.8302,75.71,25.86,74.22,3.79,4.7311
20210902,Vijayapura,16.8302,75.71,26.26,75.17,3.46,4.5607
20210903,Vijayapura,16.8302,75.71,25.06,81.1,3.53,4.8749
20210904,Vijayapura,16.8302,75.71,25.23,80.44,3.37,4.5744
20210905,Vijayapura,16.8302,75.71,24.86,81.67,3.26,4.099
20210906,Vijayapura,16.8302,75.71,24.66,82.08,3.86,3.761
20210907,Vijayapura,16.8302,75.71,23.69,83.59,5.93,2.4614
20210908,Vijayapura,16.8302,75.71,25.53,77.89,7.14,4.6627
20210909,Vijayapura,16.8302,75.71,25.87,76.79,5.25,4.925
20210910,Vijayapura,16.8302,75.71,26.12,76.46,5.3,4.9723
20210911,Vijayapura,16.8302,75.71,26.14,77.39,4.95,3.6574
20210912,Vijayapura,16.8302,75.71,25.78,79.36,4.97,4.3826
20210913,Vijayapura,16.8302,75.71,24.97,86.01,4.78,3.3888
20210914,Vijayapura,16.8302,75.71,26.2,76.8,5.06,4.4561
20210915,Vijayapura,16.8302,75.71,26.1,75.82,4.18,4.8883
20210916,Vijayapura,16.8302,75.71,26.06,75.21,4.04,5.1079
20210917,Vijayapura,16.8302,75.71,25.86,74.34,3.39,5.4917
20210918,Vijayapura,16.8302,75.71,26.16,70.94,3.28,5.9945
20210919,Vijayapura,16.8302,75.71,26.51,71.95,2.75,5.7785
20210920,Vijayapura,16.8302,75.71,26.8,75.31,2.61,5.165
20210921,Vijayapura,16.8302,75.71,24.59,85.85,3.34,3.714
20210922,Vijayapura,16.8302,75.71,24.85,82.73,3.06,3.7438
20210923,Vijayapura,16.8302,75.71,25.05,83.14,2.92,3.9221
20210924,Vijayapura,16.8302,75.71,25.44,77.74,2.32,4.727
20210925,Vijayapura,16.8302,75.71,25.41,79.49,2.44,4.9421
20210926,Vijayapura,16.8302,75.71,25.42,78.72,2.53,3.9182
20210927,Vijayapura,16.8302,75.71,23.25,87.44,4.3,2.1876
20210928,Vijayapura,16.8302,75.71,23.5,80.9,5.39,3.2374
20210929,Vijayapura,16.8302,75.71,24.39,77.08,3.73,3.8537
20210930,Vijayapura,16.8302,75.71,26.47,75.41,2.16,5.3827
20211001,Vijayapura,16.8302,75.71,26.72,79.44,1.49,5.5982
20211002,Vijayapura,16.8302,75.71,26.54,81.08,1.59,5.1665
20211003,Vijayapura,16.8302,75.71,26.44,78.96,1.75,5.4511
20211004,Vijayapura,16.8302,75.71,26.67,78.13,1.63,5.8982
20211005,Vijayapura,16.8302,75.71,25.89,84.38,1.82,5.7554
20211006,Vijayapura,16.8302,75.71,25.46,84.34,2.06,4.8588
20211007,Vijayapura,16.8302,75.71,26.03,82.01,1.82,4.6714
20211008,Vijayapura,16.8302,75.71,26.33,80.4,1.32,5.2471
20211009,Vijayapura,16.8302,75.71,24.43,85.85,2.04,5.0839
20211010,Vijayapura,16.8302,75.71,25.12,83.41,2.16,5.3717
20211011,Vijayapura,16.8302,75.71,25.02,83.36,1.98,4.1146
20211012,Vijayapura,16.8302,75.71,25.56,73.89,1.46,5.4425
20211013,Vijayapura,16.8302,75.71,25.19,74.23,1.51,5.4718
20211014,Vijayapura,16.8302,75.71,25.67,75.05,1.95,5.0784
20211015,Vijayapura,16.8302,75.71,25.57,74.7,2.48,5.3422
20211016,Vijayapura,16.8302,75.71,25.19,78.24,1.81,5.094
20211017,Vijayapura,16.8302,75.71,25.82,78.46,2.41,5.2318
20211018,Vijayapura,16.8302,75.71,25.69,74.85,3.32,5.7415
20211019,Vijayapura,16.8302,75.71,25.7,74.33,1.56,5.8075
20211020,Vijayapura,16.8302,75.71,24.9,73.6,1.87,5.7113
20211021,Vijayapura,16.8302,75.71,24.48,71.4,1.88,5.3016
20211022,Vijayapura,16.8302,75.71,24.18,69.82,1.58,5.262
20211023,Vijayapura,16.8302,75.71,25.02,67.12,0.83,4.7611
20211024,Vijayapura,16.8302,75.71,25.48,72.8,1.26,5.1569
20211025,Vijayapura,16.8302,75.71,23.95,75.34,2.31,4.6219
20211026,Vijayapura,16.8302,75.71,22.58,69.92,2.19,5.6885
20211027,Vijayapura,16.8302,75.71,22.47,73.04,2.82,5.7874
20211028,Vijayapura,16.8302,75.71,22.61,73.33,2.83,5.4521
20211029,Vijayapura,16.8302,75.71,24.17,78.21,3.27,4.7429
20211030,Vijayapura,16.8302,75.71,24.71,76.86,2.86,4.3166
20211031,Vijayapura,16.8302,75.71,24.29,80.68,2.56,3.7056
20211101,Vijayapura,16.8302,75.71,24.44,78.69,2.33,4.5617
20211102,Vijayapura,16.8302,75.71,23.29,85.21,2.11,4.6531
20211103,Vijayapura,16.8302,75.71,23.79,81.4,2.21,3.7061
20211104,Vijayapura,16.8302,75.71,24.31,81.55,2.29,4.1378
20211105,Vijayapura,16.8302,75.71,24.76,79.47,2.46,4.806
20211106,Vijayapura,16.8302,75.71,24.6,76.87,2.14,5.0537
20211107,Vijayapura,16.8302,75.71,23.05,75.11,2.33,4.5662
20211108,Vijayapura,16.8302,75.71,22.01,69.77,2.2,4.6042
20211109,Vijayapura,16.8302,75.71,21.02,69.94,2.46,5.3995
20211110,Vijayapura,16.8302,75.71,20.85,68.69,2.23,4.9805
20211111,Vijayapura,16.8302,75.71,20.56,73.57,2.27,3.8326
20211112,Vijayapura,16.8302,75.71,22.39,79.22,2.68,2.8882
20211113,Vijayapura,16.8302,75.71,24.77,80.51,2.2,2.3599
20211114,Vijayapura,16.8302,75.71,24.38,83.65,1.04,3.1207
20211115,Vijayapura,16.8302,75.71,25.61,81.08,2.06,3.7142
20211116,Vijayapura,16.8302,75.71,25.75,79.85,3.08,3.1298
20211117,Vijayapura,16.8302,75.71,24.6,84.55,3.15,2.9796
20211118,Vijayapura,16.8302,75.71,24.55,82.16,1.79,3.6485
20211119,Vijayapura,16.8302,75.71,23.76,85.62,2.27,1.4256
20211120,Vijayapura,16.8302,75.71,24.88,81.8,2.83,2.2706
20211121,Vijayapura,16.8302,75.71,25.09,82.04,2.9,3.001
20211122,Vijayapura,16.8302,75.71,25.71,79.37,1.34,3.7975
20211123,Vijayapura,16.8302,75.71,25.99,78.22,1.33,4.2826
20211124,Vijayapura,16.8302,75.71,25.28,82.01,1.94,3.7807
20211125,Vijayapura,16.8302,75.71,24.23,76.38,2.31,5.2114
20211126,Vijayapura,16.8302,75.71,22.55,76.84,1.88,4.29
20211127,Vijayapura,16.8302,75.71,21.94,73.68,2.11,3.7001
20211128,Vijayapura,16.8302,75.71,21.28,70.48,2.41,4.7124
20211129,Vijayapura,16.8302,75.71,22.54,80.06,2.96,2.01
20211130,Vijayapura,16.8302,75.71,22.71,82.93,2.79,3.5189
20211201,Vijayapura,16.8302,75.71,22.62,81.75,2.21,3.6958
20211202,Vijayapura,16.8302,75.71,22.93,84.6,2.06,2.0873
20211203,Vijayapura,16.8302,75.71,23.72,79.84,1.57,3.6398
20211204,Vijayapura,16.8302,75.71,23.07,79.72,1.21,3.9384
20211205,Vijayapura,16.8302,75.71,23.93,71.65,1.01,3.9545
20211206,Vijayapura,16.8302,75.71,22.99,71.67,1.22,4.7856
20211207,Vijayapura,16.8302,75.71,22.21,71.49,2.02,4.8266
20211208,Vijayapura,16.8302,75.71,22.3,71.01,2.04,4.5749
20211209,Vijayapura,16.8302,75.71,22.68,80.25,2.15,3.731
20211210,Vijayapura,16.8302,75.71,23.22,78.76,2.71,3.2378
20211211,Vijayapura,16.8302,75.71,23.22,77.4,2.54,4.4122
20211212,Vijayapura,16.8302,75.71,22.77,76.87,2.31,3.978
20211213,Vijayapura,16.8302,75.71,22.81,77.72,1.82,3.7438
20211214,Vijayapura,16.8302,75.71,22.53,77.59,1.99,3.7176
20211215,Vijayapura,16.8302,75.71,22.31,80.04,2.16,3.5287
20211216,Vijayapura,16.8302,75.71,22.33,75.18,2.03,4.122
20211217,Vijayapura,16.8302,75.71,20.89,68.98,1.67,4.7609
20211218,Vijayapura,16.8302,75.71,20.07,66.44,2.28,5.0623
20211219,Vijayapura,16.8302,75.71,18.71,69.04,2.23,4.9382
20211220,Vijayapura,16.8302,75.71,18.0,68.91,2.01,4.812
20211221,Vijayapura,16.8302,75.71,18.69,63.04,1.22,4.7242
20211222,Vijayapura,16.8302,75.71,20.14,57.11,1.05,4.8379
20211223,Vijayapura,16.8302,75.71,21.06,57.71,0.98,4.8094
20211224,Vijayapura,16.8302,75.71,22.23,57.47,1.09,4.872
20211225,Vijayapura,16.8302,75.71,21.48,63.93,1.33,4.7832
20211226,Vijayapura,16.8302,75.71,21.74,62.7,0.92,4.8612
20211227,Vijayapura,16.8302,75.71,21.64,68.96,1.44,4.511
20211228,Vijayapura,16.8302,75.71,22.27,67.26,1.78,4.8014
20211229,Vijayapura,16.8302,75.71,22.03,67.54,1.23,4.715
20211230,Vijayapura,16.8302,75.71,21.19,68.66,2.83,5.0328
20211231,Vijayapura,16.8302,75.71,21.36,72.0,2.7,4.3193
20220101,Vijayapura,16.8302,75.71,21.81,72.13,2.03,3.936
20220102,Vijayapura,16.8302,75.71,22.41,72.05,2.23,4.5946
20220103,Vijayapura,16.8302,75.71,22.28,71.22,2.0,4.3025
20220104,Vijayapura,16.8302,75.71,21.47,64.37,2.3,4.913
20220105,Vijayapura,16.8302,75.71,20.88,64.45,1.98,4.8876
20220106,Vijayapura,16.8302,75.71,20.85,59.2,2.07,5.1146
20220107,Vijayapura,16.8302,75.71,21.85,66.6,2.3,4.627
20220108,Vijayapura,16.8302,75.71,22.48,66.54,1.21,4.6092
20220109,Vijayapura,16.8302,75.71,21.93,64.61,1.63,5.0064
20220110,Vijayapura,16.8302,75.71,22.34,67.36,1.84,4.7988
20220111,Vijayapura,16.8302,75.71,21.55,62.35,2.72,5.2454
20220112,Vijayapura,16.8302,75.71,20.16,61.31,1.86,5.4938
20220113,Vijayapura,16.8302,75.71,19.76,66.5,2.53,5.3443
20220114,Vijayapura,16.8302,75.71,20.06,68.04,2.16,4.6522
20220115,Vijayapura,16.8302,75.71,20.82,66.42,1.75,4.7489
20220116,Vijayapura,16.8302,75.71,22.47,68.41,2.82,4.0109
20220117,Vijayapura,16.8302,75.71,22.43,68.71,2.18,3.8455
20220118,Vijayapura,16.8302,75.71,22.19,65.54,1.9,5.1974
20220119,Vijayapura,16.8302,75.71,21.34,58.14,1.62,5.4494
20220120,Vijayapura,16.8302,75.71,22.5,51.14,1.24,5.5994
20220121,Vijayapura,16.8302,75.71,22.15,53.58,2.0,5.7744
20220122,Vijayapura,16.8302,75.71,22.15,59.94,2.42,5.755
20220123,Vijayapura,16.8302,75.71,21.08,66.9,3.62,5.2022
20220124,Vijayapura,16.8302,75.71,18.26,62.95,1.5,4.7153
20220125,Vijayapura,16.8302,75.71,18.43,54.53,1.19,5.2366
20220126,Vijayapura,16.8302,75.71,19.03,52.54,1.51,5.1653
20220127,Vijayapura,16.8302,75.71,19.44,54.73,2.19,4.7861
20220128,Vijayapura,16.8302,75.71,19.33,49.58,2.64,5.5392
20220129,Vijayapura,16.8302,75.71,19.38,41.47,2.1,5.9791
20220130,Vijayapura,16.8302,75.71,20.82,38.89,1.24,5.8253
20220131,Vijayapura,16.8302,75.71,23.37,33.09,1.05,5.7458
20220201,Vijayapura,16.8302,75.71,22.92,34.8,1.37,5.8416
20220202,Vijayapura,16.8302,75.71,24.04,31.42,0.89,5.7686
20220203,Vijayapura,16.8302,75.71,22.66,47.58,2.64,5.8474
20220204,Vijayapura,16.8302,75.71,21.05,52.11,1.91,6.3122
20220205,Vijayapura,16.8302,75.71,21.66,45.0,1.4,6.1961
20220206,Vijayapura,16.8302,75.71,22.2,44.66,1.83,5.7523
20220207,Vijayapura,16.8302,75.71,24.37,48.32,0.81,5.6318
20220208,Vijayapura,16.8302,75.71,25.27,46.43,1.02,5.8644
20220209,Vijayapura,16.8302,75.71,23.94,52.55,1.6,5.7674
20220210,Vijayapura,16.8302,75.71,24.36,48.33,1.87,5.2354
20220211,Vijayapura,16.8302,75.71,24.8,43.37,3.11,5.053
20220212,Vijayapura,16.8302,75.71,23.92,39.93,2.31,5.555
20220213,Vijayapura,16.8302,75.71,23.36,36.11,1.96,5.8092
20220214,Vijayapura,16.8302,75.71,24.39,37.92,1.89,5.9323
20220215,Vijayapura,16.8302,75.71,25.69,36.43,1.67,4.8662
20220216,Vijayapura,16.8302,75.71,24.1,40.99,2.54,5.6832
20220217,Vijayapura,16.8302,75.71,24.72,41.44,1.62,5.2147
20220218,Vijayapura,16.8302,75.71,26.48,38.9,2.2,5.1564
20220219,Vijayapura,16.8302,75.71,27.13,38.53,2.17,6.0353
20220220,Vijayapura,16.8302,75.71,26.98,36.89,1.41,6.084
20220221,Vijayapura,16.8302,75.71,26.26,29.07,2.26,6.2806
20220222,Vijayapura,16.8302,75.71,26.49,27.15,1.82,6.1658
20220223,Vijayapura,16.8302,75.71,27.28,37.74,2.89,6.0552
20220224,Vijayapura,16.8302,75.71,27.34,35.48,2.57,6.1925
20220225,Vijayapura,16.8302,75.71,26.91,27.35,2.62,6.5609
20220226,Vijayapura,16.8302,75.71,26.35,23.95,3.21,6.9262
20220227,Vijayapura,16.8302,75.71,25.67,30.36,2.59,6.8021
20220228,Vijayapura,16.8302,75.71,25.95,30.76,2.41,6.7548
20220301,Vijayapura,16.8302,75.71,26.33,23.12,1.84,6.762
20220302,Vijayapura,16.8302,75.71,27.08,25.19,3.09,6.7524
20220303,Vijayapura,16.8302,75.71,26.93,25.46,2.68,6.9684
20220304,Vijayapura,16.8302,75.71,27.58,30.96,2.48,6.7711
20220305,Vijayapura,16.8302,75.71,28.16,26.75,2.37,6.2246
20220306,Vijayapura,16.8302,75.71,28.37,28.28,2.79,5.7679
20220307,Vijayapura,16.8302,75.71,28.1,30.98,3.48,6.5426
20220308,Vijayapura,16.8302,75.71,29.04,34.33,2.55,6.3516
20220309,Vijayapura,16.8302,75.71,29.09,29.0,2.06,6.221
20220310,Vijayapura,16.8302,75.71,28.56,27.39,2.25,5.0172
20220311,Vijayapura,16.8302,75.71,29.17,32.1,2.06,5.1202
20220312,Vijayapura,16.8302,75.71,28.81,33.24,1.78,4.1748
20220313,Vijayapura,16.8302,75.71,29.55,30.28,1.96,5.647
20220314,Vijayapura,16.8302,75.71,29.47,20.88,2.49,6.0958
20220315,Vijayapura,16.8302,75.71,28.8,15.23,2.47,6.8026
20220316,Vijayapura,16.8302,75.71,29.96,16.53,1.98,6.9672
20220317,Vijayapura,16.8302,75.71,30.74,16.18,1.8,6.654
20220318,Vijayapura,16.8302,75.71,30.92,32.85,1.62,6.4284
20220319,Vijayapura,16.8302,75.71,30.65,39.94,2.61,5.9386
20220320,Vijayapura,16.8302,75.71,30.1,39.81,2.14,5.2282
20220321,Vijayapura,16.8302,75.71,30.91,30.94,2.67,5.2694
20220322,Vijayapura,16.8302,75.71,31.38,26.23,1.49,5.1871
20220323,Vijayapura,16.8302,75.71,32.11,28.43,1.85,5.0798
20220324,Vijayapura,16.8302,75.71,31.93,33.19,1.69,5.1926
20220325,Vijayapura,16.8302,75.71,31.96,40.8,1.96,4.8336
20220326,Vijayapura,16.8302,75.71,32.61,35.08,1.54,5.021
20220327,Vijayapura,16.8302,75.71,32.35,35.05,2.01,5.0491
20220328,Vijayapura,16.8302,75.71,32.98,29.74,2.02,5.2783
20220329,Vijayapura,16.8302,75.71,32.23,30.25,2.17,6.7123
20220330,Vijayapura,16.8302,75.71,32.1,18.35,1.7,7.1266
20220331,Vijayapura,16.8302,75.71,31.69,19.74,2.12,7.2958
20220401,Vijayapura,16.8302,75.71,31.56,17.83,2.04,7.3214
20220402,Vijayapura,16.8302,75.71,31.91,22.69,1.63,6.6907
20220403,Vijayapura,16.8302,75.71,33.28,24.16,1.78,6.1867
20220404,Vijayapura,16.8302,75.71,33.47,28.23,1.79,6.0324
20220405,Vijayapura,16.8302,75.71,33.95,26.66,2.61,5.7226
20220406,Vijayapura,16.8302,75.71,33.54,25.03,2.18,5.5742
20220407,Vijayapura,16.8302,75.71,33.52,24.9,1.78,6.0067
20220408,Vijayapura,16.8302,75.71,33.48,26.4,2.4,6.0319
20220409,Vijayapura,16.8302,75.71,33.3,33.15,1.85,5.6112
20220410,Vijayapura,16.8302,75.71,32.46,38.28,0.89,5.2262
20220411,Vijayapura,16.8302,75.71,33.12,37.8,1.52,6.1373
20220412,Vijayapura,16.8302,75.71,33.07,33.71,1.17,5.3587
20220413,Vijayapura,16.8302,75.71,33.47,29.26,2.44,6.1097
20220414,Vijayapura,16.8302,75.71,32.62,35.26,1.93,5.1101
20220415,Vijayapura,16.8302,75.71,31.82,38.95,3.02,4.1105
20220416,Vijayapura,16.8302,75.71,31.84,38.82,3.04,6.1042
20220417,Vijayapura,16.8302,75.71,30.8,39.04,2.79,6.8796
20220418,Vijayapura,16.8302,75.71,31.39,41.89,2.58,6.491
20220419,Vijayapura,16.8302,75.71,30.26,42.84,3.41,6.2832
20220420,Vijayapura,16.8302,75.71,31.79,41.12,2.06,6.8566
20220421,Vijayapura,16.8302,75.71,33.24,30.19,2.66,6.6377
20220422,Vijayapura,16.8302,75.71,29.8,50.74,2.59,5.2447
20220423,Vijayapura,16.8302,75.71,26.52,65.76,1.82,5.4677
20220424,Vijayapura,16.8302,75.71,26.37,65.93,1.55,5.8063
20220425,Vijayapura,16.8302,75.71,29.6,54.65,1.36,6.0432
20220426,Vijayapura,16.8302,75.71,30.04,55.15,1.95,6.311
20220427,Vijayapura,16.8302,75.71,31.08,47.12,1.17,6.833
20220428,Vijayapura,16.8302,75.71,31.68,49.33,1.05,6.059
20220429,Vijayapura,16.8302,75.71,30.03,50.01,1.84,7.0332
20220430,Vijayapura,16.8302,75.71,31.46,39.88,2.8,7.2175
20220501,Vijayapura,16.8302,75.71,31.11,41.05,2.95,7.2504
20220502,Vijayapura,16.8302,75.71,31.47,41.78,3.36,7.4779
20220503,Vijayapura,16.8302,75.71,31.4,41.39,2.88,7.309
20220504,Vijayapura,16.8302,75.71,32.53,43.42,2.54,6.1937
20220505,Vijayapura,16.8302,75.71,31.9,45.56,2.77,6.3895
20220506,Vijayapura,16.8302,75.71,32.58,40.66,2.87,6.5652
20220507,Vijayapura,16.8302,75.71,33.61,34.03,3.04,6.7978
20220508,Vijayapura,16.8302,75.71,34.22,33.19,2.09,5.6093
20220509,Vijayapura,16.8302,75.71,34.6,29.37,3.79,5.616
20220510,Vijayapura,16.8302,75.71,31.19,39.36,4.33,4.8432
20220511,Vijayapura,16.8302,75.71,32.6,45.12,4.08,2.6933
20220512,Vijayapura,16.8302,75.71,31.31,50.52,3.97,4.2418
20220513,Vijayapura,16.8302,75.71,30.94,51.92,4.74,2.4144
20220514,Vijayapura,16.8302,75.71,31.62,50.02,3.97,5.1312
20220515,Vijayapura,16.8302,75.71,32.73,45.98,3.58,6.4606
20220516,Vijayapura,16.8302,75.71,32.89,47.11,4.34,6.0077
20220517,Vijayapura,16.8302,75.71,31.3,53.63,2.41,4.7947
20220518,Vijayapura,16.8302,75.71,30.15,57.88,1.72,2.7782
20220519,Vijayapura,16.8302,75.71,29.02,67.22,3.06,1.968
20220520,Vijayapura,16.8302,75.71,27.52,71.6,4.06,1.4846
20220521,Vijayapura,16.8302,75.71,27.78,65.72,5.12,4.1026
20220522,Vijayapura,16.8302,75.71,28.27,64.68,5.41,6.3876
20220523,Vijayapura,16.8302,75.71,29.11,64.55,4.81,6.6557
20220524,Vijayapura,16.8302,75.71,29.77,61.34,4.13,7.1297
20220525,Vijayapura,16.8302,75.71,29.65,58.16,3.47,6.7954
20220526,Vijayapura,16.8302,75.71,29.29,55.6,4.47,7.4057
20220527,Vijayapura,16.8302,75.71,29.15,58.26,4.94,7.4945
20220528,Vijayapura,16.8302,75.71,29.3,55.07,4.52,7.5578
20220529,Vijayapura,16.8302,75.71,29.91,54.64,4.43,7.428
20220530,Vijayapura,16.8302,75.71,30.46,53.02,4.13,7.363
20220531,Vijayapura,16.8302,75.71,30.27,53.21,3.9,6.3828
20220601,Vijayapura,16.8302,75.71,28.5,63.09,2.42,5.6342
20220602,Vijayapura,16.8302,75.71,29.85,55.97,3.52,6.5081
20220603,Vijayapura,16.8302,75.71,30.04,56.87,3.9,5.706
20220604,Vijayapura,16.8302,75.71,30.12,54.48,3.65,6.8986
20220605,Vijayapura,16.8302,75.71,30.07,56.89,3.64,6.3516
20220606,Vijayapura,16.8302,75.71,27.68,66.54,3.57,4.9054
20220607,Vijayapura,16.8302,75.71,29.15,59.55,3.76,3.9636
20220608,Vijayapura,16.8302,75.71,28.8,61.25,4.17,5.965
20220609,Vijayapura,16.8302,75.71,28.66,64.34,3.57,6.4378
20220610,Vijayapura,16.8302,75.71,27.9,70.12,3.63,4.8209
20220611,Vijayapura,16.8302,75.71,27.46,67.71,4.55,5.6738
20220612,Vijayapura,16.8302,75.71,28.04,61.83,4.67,5.6436
20220613,Vijayapura,16.8302,75.71,28.94,58.23,4.02,5.6174
20220614,Vijayapura,16.8302,75.71,28.95,55.65,3.68,6.6636
20220615,Vijayapura,16.8302,75.71,28.13,56.67,3.71,5.5493
20220616,Vijayapura,16.8302,75.71,28.68,60.7,4.15,5.2114
20220617,Vijayapura,16.8302,75.71,28.05,62.98,3.02,5.755
20220618,Vijayapura,16.8302,75.71,27.65,60.44,3.68,5.5538
20220619,Vijayapura,16.8302,75.71,28.17,61.87,4.73,5.5416
20220620,Vijayapura,16.8302,75.71,27.94,65.37,5.24,5.3042
20220621,Vijayapura,16.8302,75.71,26.95,69.34,5.16,4.0956
20220622,Vijayapura,16.8302,75.71,27.04,72.13,3.04,4.6488
20220623,Vijayapura,16.8302,75.71,27.87,64.8,2.36,4.9495
20220624,Vijayapura,16.8302,75.71,27.08,66.98,4.5,4.9937
20220625,Vijayapura,16.8302,75.71,25.81,76.01,5.12,4.4378
20220626,Vijayapura,16.8302,75.71,25.4,77.83,4.77,3.5976
20220627,Vijayapura,16.8302,75.71,25.84,76.07,4.7,4.3246
20220628,Vijayapura,16.8302,75.71,26.66,73.14,3.79,5.089
20220629,Vijayapura,16.8302,75.71,26.69,75.54,4.21,5.2442
20220630,Vijayapura,16.8302,75.71,26.57,72.13,4.24,4.9342
20220701,Vijayapura,16.8302,75.71,27.36,72.0,4.62,4.6044
20220702,Vijayapura,16.8302,75.71,26.85,72.02,5.02,4.6495
20220703,Vijayapura,16.8302,75.71,27.26,71.16,5.11,5.0129
20220704,Vijayapura,16.8302,75.71,25.9,76.87,5.5,3.7754
20220705,Vijayapura,16.8302,75.71,25.95,76.55,6.19,3.2803
20220706,Vijayapura,16.8302,75.71,26.58,73.32,5.6,3.3785
20220707,Vijayapura,16.8302,75.71,26.25,74.65,5.83,3.3322
20220708,Vijayapura,16.8302,75.71,25.64,76.15,6.33,2.6381
20220709,Vijayapura,16.8302,75.71,24.76,81.23,6.31,2.4238
20220710,Vijayapura,16.8302,75.71,24.51,80.43,6.42,3.1901
20220711,Vijayapura,16.8302,75.71,24.6,81.22,7.15,2.579
20220712,Vijayapura,16.8302,75.71,24.1,81.5,7.07,2.2884
20220713,Vijayapura,16.8302,75.71,23.62,83.29,8.32,1.7227
20220714,Vijayapura,16.8302,75.71,23.75,81.88,8.69,3.1886
20220715,Vijayapura,16.8302,75.71,24.34,78.91,7.46,4.0476
20220716,Vijayapura,16.8302,75.71,26.07,76.29,6.32,4.0601
20220717,Vijayapura,16.8302,75.71,25.17,81.59,5.11,3.637
20220718,Vijayapura,16.8302,75.71,25.31,78.11,5.49,2.951
20220719,Vijayapura,16.8302,75.71,26.12,75.72,4.84,4.8965
20220720,Vijayapura,16.8302,75.71,26.59,73.41,4.64,5.557
20220721,Vijayapura,16.8302,75.71,26.11,75.38,4.1,4.9874
20220722,Vijayapura,16.8302,75.71,25.19,77.09,4.01,3.521
20220723,Vijayapura,16.8302,75.71,24.89,79.91,4.88,3.397
20220724,Vijayapura,16.8302,75.71,25.44,76.72,4.96,3.1915
20220725,Vijayapura,16.8302,75.71,26.19,73.65,4.22,5.3455
20220726,Vijayapura,16.8302,75.71,26.17,73.62,2.93,3.2122
20220727,Vijayapura,16.8302,75.71,25.83,78.86,1.46,5.2454
20220728,Vijayapura,16.8302,75.71,27.01,74.75,1.51,5.8529
20220729,Vijayapura,16.8302,75.71,27.07,74.45,1.66,6.1666
20220730,Vijayapura,16.8302,75.71,26.27,79.79,2.04,6.0326
20220731,Vijayapura,16.8302,75.71,25.9,80.45,2.36,5.2742
20220801,Vijayapura,16.8302,75.71,26.18,78.38,3.61,4.457
20220802,Vijayapura,16.8302,75.71,25.48,80.6,3.02,2.9647
20220803,Vijayapura,16.8302,75.71,25.22,84.08,2.47,2.1055
20220804,Vijayapura,16.8302,75.71,25.51,85.29,2.28,5.0215
20220805,Vijayapura,16.8302,75.71,25.16,82.67,3.6,3.8647
20220806,Vijayapura,16.8302,75.71,25.46,78.52,4.68,3.9838
20220807,Vijayapura,16.8302,75.71,24.36,84.33,5.08,3.9185
20220808,Vijayapura,16.8302,75.71,23.8,85.98,6.36,2.3374
20220809,Vijayapura,16.8302,75.71,24.14,82.69,7.49,3.0461
20220810,Vijayapura,16.8302,75.71,24.7,78.48,8.17,4.5674
20220811,Vijayapura,16.8302,75.71,25.52,76.66,7.76,4.1916
20220812,Vijayapura,16.8302,75.71,25.34,76.21,7.12,4.4328
20220813,Vijayapura,16.8302,75.71,25.01,76.82,6.2,3.935
20220814,Vijayapura,16.8302,75.71,24.3,80.21,5.23,3.4769
20220815,Vijayapura,16.8302,75.71,23.8,82.27,4.87,3.0965
20220816,Vijayapura,16.8302,75.71,24.95,78.37,4.89,4.1666
20220817,Vijayapura,16.8302,75.71,25.53,77.18,4.98,4.543
20220818,Vijayapura,16.8302,75.71,25.46,76.89,4.86,5.0364
20220819,Vijayapura,16.8302,75.71,25.1,78.24,5.11,4.5557
20220820,Vijayapura,16.8302,75.71,25.53,78.23,5.09,4.9915
20220821,Vijayapura,16.8302,75.71,25.51,77.09,5.12,4.2641
20220822,Vijayapura,16.8302,75.71,25.69,76.86,5.55,4.2108
20220823,Vijayapura,16.8302,75.71,25.54,78.78,4.58,4.6963
20220824,Vijayapura,16.8302,75.71,25.84,76.52,3.99,5.3906
20220825,Vijayapura,16.8302,75.71,25.2,78.7,3.14,5.3602
20220826,Vijayapura,16.8302,75.71,24.76,80.52,2.71,5.3374
20220827,Vijayapura,16.8302,75.71,25.23,77.16,2.7,4.2175
20220828,Vijayapura,16.8302,75.71,25.81,75.7,2.66,4.4914
20220829,Vijayapura,16.8302,75.71,26.41,73.85,2.26,3.7308
20220830,Vijayapura,16.8302,75.71,26.4,78.9,2.15,4.5216
20220831,Vijayapura,16.8302,75.71,26.57,79.87,1.88,5.1727
20220901,Vijayapura,16.8302,75.71,26.27,78.74,1.65,5.569
20220902,Vijayapura,16.8302,75.71,26.39,78.68,2.35,5.1139
20220903,Vijayapura,16.8302,75.71,27.4,74.98,1.33,5.569
20220904,Vijayapura,16.8302,75.71,26.34,82.6,2.27,3.739
20220905,Vijayapura,16.8302,75.71,26.03,74.95,1.86,4.8624
20220906,Vijayapura,16.8302,75.71,26.89,74.25,1.16,4.7582
20220907,Vijayapura,16.8302,75.71,25.3,84.53,1.15,5.6726
20220908,Vijayapura,16.8302,75.71,24.96,81.37,1.18,3.6907
20220909,Vijayapura,16.8302,75.71,24.62,86.17,1.28,5.0556
20220910,Vijayapura,16.8302,75.71,24.6,85.95,2.92,3.7555
20220911,Vijayapura,16.8302,75.71,24.05,88.96,2.92,2.6441
20220912,Vijayapura,16.8302,75.71,24.31,86.68,4.22,3.1498
20220913,Vijayapura,16.8302,75.71,25.17,79.58,5.26,4.0462
20220914,Vijayapura,16.8302,75.71,25.41,79.16,4.61,4.6879
20220915,Vijayapura,16.8302,75.71,25.19,80.08,5.15,4.301
20220916,Vijayapura,16.8302,75.71,25.5,79.4,5.19,3.9576
20220917,Vijayapura,16.8302,75.71,25.6,78.38,3.8,5.2414
20220918,Vijayapura,16.8302,75.71,25.57,76.53,3.72,4.6181
20220919,Vijayapura,16.8302,75.71,24.65,74.89,3.97,4.9574
20220920,Vijayapura,16.8302,75.71,24.12,75.84,3.47,4.1347
20220921,Vijayapura,16.8302,75.71,23.29,81.7,3.17,4.7062
20220922,Vijayapura,16.8302,75.71,24.29,75.94,3.74,5.7941
20220923,Vijayapura,16.8302,75.71,24.41,75.39,3.62,5.844
20220924,Vijayapura,16.8302,75.71,24.87,76.09,3.52,5.2433
20220925,Vijayapura,16.8302,75.71,25.71,75.59,2.45,5.106
20220926,Vijayapura,16.8302,75.71,24.89,79.58,2.94,3.5136
20220927,Vijayapura,16.8302,75.71,25.33,78.14,1.85,5.3038
20220928,Vijayapura,16.8302,75.71,26.17,78.19,2.03,4.6922
20220929,Vijayapura,16.8302,75.71,25.64,79.91,2.03,4.476
20220930,Vijayapura,16.8302,75.71,25.98,78.23,1.62,3.3924
20221001,Vijayapura,16.8302,75.71,25.79,78.2,2.46,4.1371
20221002,Vijayapura,16.8302,75.71,25.67,74.98,2.97,4.6603
20221003,Vijayapura,16.8302,75.71,25.16,75.74,2.94,5.3897
20221004,Vijayapura,16.8302,75.71,25.48,76.18,2.95,4.9406
20221005,Vijayapura,16.8302,75.71,25.12,79.72,2.64,4.9512
20221006,Vijayapura,16.8302,75.71,24.04,84.36,2.91,1.9246
20221007,Vijayapura,16.8302,75.71,24.63,81.23,3.3,3.1697
20221008,Vijayapura,16.8302,75.71,25.58,75.08,2.1,6.0262
20221009,Vijayapura,16.8302,75.71,25.42,78.68,1.17,4.8756
20221010,Vijayapura,16.8302,75.71,25.37,81.71,1.58,3.2527
20221011,Vijayapura,16.8302,75.71,24.82,86.83,1.94,3.4793
20221012,Vijayapura,16.8302,75.71,24.55,86.81,1.95,2.3933
20221013,Vijayapura,16.8302,75.71,24.31,87.53,1.41,3.5544
20221014,Vijayapura,16.8302,75.71,24.46,85.58,1.18,3.5314
20221015,Vijayapura,16.8302,75.71,24.86,82.68,2.26,4.3306
20221016,Vijayapura,16.8302,75.71,25.3,82.3,2.63,3.2628
20221017,Vijayapura,16.8302,75.71,25.73,81.65,2.11,4.5202
20221018,Vijayapura,16.8302,75.71,25.99,78.29,1.22,4.9505
20221019,Vijayapura,16.8302,75.71,25.9,77.53,0.77,5.1598
20221020,Vijayapura,16.8302,75.71,24.65,84.2,1.69,4.014
20221021,Vijayapura,16.8302,75.71,24.92,81.08,1.71,4.0716
20221022,Vijayapura,16.8302,75.71,23.74,73.44,2.68,4.8566
20221023,Vijayapura,16.8302,75.71,21.05,72.33,2.4,6.2551
20221024,Vijayapura,16.8302,75.71,21.86,67.5,1.8,6.1949
20221025,Vijayapura,16.8302,75.71,22.28,63.97,1.36,6.1042
20221026,Vijayapura,16.8302,75.71,21.52,68.4,1.85,5.4746
20221027,Vijayapura,16.8302,75.71,21.16,68.19,1.8,6.0775
20221028,Vijayapura,16.8302,75.71,21.33,69.63,1.91,5.3573
20221029,Vijayapura,16.8302,75.71,21.33,69.7,2.37,5.587
20221030,Vijayapura,16.8302,75.71,20.92,69.91,2.46,6.025
20221031,Vijayapura,16.8302,75.71,20.9,73.32,2.22,5.808
20221101,Vijayapura,16.8302,75.71,21.46,74.12,1.91,4.9303
20221102,Vijayapura,16.8302,75.71,23.38,78.15,2.2,4.8881
20221103,Vijayapura,16.8302,75.71,23.91,76.6,1.89,5.2334
20221104,Vijayapura,16.8302,75.71,23.47,77.02,2.13,4.7386
20221105,Vijayapura,16.8302,75.71,24.09,77.23,2.11,4.5026
20221106,Vijayapura,16.8302,75.71,23.25,71.45,2.24,5.2478
20221107,Vijayapura,16.8302,75.71,21.66,69.48,1.73,5.5942
20221108,Vijayapura,16.8302,75.71,22.23,71.93,1.89,5.4629
20221109,Vijayapura,16.8302,75.71,21.79,68.72,2.16,5.3762
20221110,Vijayapura,16.8302,75.71,20.61,69.57,2.56,5.2541
20221111,Vijayapura,16.8302,75.71,20.74,71.11,3.07,5.2646
20221112,Vijayapura,16.8302,75.71,20.88,72.94,2.88,4.2706
20221113,Vijayapura,16.8302,75.71,22.26,74.22,2.49,4.9135
20221114,Vijayapura,16.8302,75.71,23.67,75.9,2.21,4.7652
20221115,Vijayapura,16.8302,75.71,22.46,71.95,1.91,4.5826
20221116,Vijayapura,16.8302,75.71,20.71,67.89,1.77,5.2008
20221117,Vijayapura,16.8302,75.71,19.89,64.81,2.09,5.4427
20221118,Vijayapura,16.8302,75.71,19.61,67.77,2.05,5.1062
20221119,Vijayapura,16.8302,75.71,19.44,69.71,2.48,5.2634
20221120,Vijayapura,16.8302,75.71,18.73,68.94,2.18,5.16
20221121,Vijayapura,16.8302,75.71,20.07,68.44,1.64,4.3051
20221122,Vijayapura,16.8302,75.71,22.2,73.66,2.09,3.5942
20221123,Vijayapura,16.8302,75.71,23.48,75.14,2.07,2.7955
20221124,Vijayapura,16.8302,75.71,23.97,79.48,1.96,4.0428
20221125,Vijayapura,16.8302,75.71,24.99,78.56,1.94,4.4746
20221126,Vijayapura,16.8302,75.71,24.2,75.02,1.89,3.8825
20221127,Vijayapura,16.8302,75.71,23.62,70.12,1.3,4.0409
20221128,Vijayapura,16.8302,75.71,23.75,71.13,1.23,3.449
20221129,Vijayapura,16.8302,75.71,22.35,69.27,1.64,4.2816
20221130,Vijayapura,16.8302,75.71,20.71,64.17,1.54,5.0988
20221201,Vijayapura,16.8302,75.71,20.65,63.9,1.58,4.9709
20221202,Vijayapura,16.8302,75.71,23.07,72.71,1.26,4.0514
20221203,Vijayapura,16.8302,75.71,24.43,75.31,1.92,4.4446
20221204,Vijayapura,16.8302,75.71,24.06,75.83,1.91,4.657
20221205,Vijayapura,16.8302,75.71,23.33,73.16,2.18,3.9732
20221206,Vijayapura,16.8302,75.71,21.27,66.55,2.05,4.9061
20221207,Vijayapura,16.8302,75.71,21.02,70.0,2.08,3.857
20221208,Vijayapura,16.8302,75.71,20.54,65.97,2.43,4.3382
20221209,Vijayapura,16.8302,75.71,19.21,59.45,2.13,5.1576
20221210,Vijayapura,16.8302,75.71,21.19,68.36,2.39,3.3948
20221211,Vijayapura,16.8302,75.71,22.63,78.6,2.42,2.831
20221212,Vijayapura,16.8302,75.71,23.31,77.71,2.32,2.9527
20221213,Vijayapura,16.8302,75.71,22.93,79.21,2.7,2.7235
20221214,Vijayapura,16.8302,75.71,24.61,71.37,2.41,3.9751
20221215,Vijayapura,16.8302,75.71,24.67,72.86,1.71,4.9382
20221216,Vijayapura,16.8302,75.71,25.01,66.87,1.55,5.1634
20221217,Vijayapura,16.8302,75.71,24.75,67.28,2.11,4.3205
20221218,Vijayapura,16.8302,75.71,23.38,64.39,2.66,4.3934
20221219,Vijayapura,16.8302,75.71,21.07,58.87,1.79,5.0983
20221220,Vijayapura,16.8302,75.71,21.87,60.93,1.67,5.0525
20221221,Vijayapura,16.8302,75.71,22.22,59.82,1.58,5.1396
20221222,Vijayapura,16.8302,75.71,22.07,60.3,1.62,5.1684
20221223,Vijayapura,16.8302,75.71,22.77,61.5,1.55,5.0659
20221224,Vijayapura,16.8302,75.71,22.19,57.17,1.66,4.8595
20221225,Vijayapura,16.8302,75.71,22.08,55.62,1.85,5.3059
20221226,Vijayapura,16.8302,75.71,24.31,70.51,2.33,4.3483
20221227,Vijayapura,16.8302,75.71,25.35,68.95,1.94,4.9171
20221228,Vijayapura,16.8302,75.71,24.93,65.43,1.32,5.0897
20221229,Vijayapura,16.8302,75.71,23.72,64.47,1.61,4.4686
20221230,Vijayapura,16.8302,75.71,23.84,62.76,1.45,4.5775
20221231,Vijayapura,16.8302,75.71,23.05,57.31,1.28,4.9697
20230101,Vijayapura,16.8302,75.71,21.84,57.95,1.38,4.8206
20230102,Vijayapura,16.8302,75.71,21.97,62.5,1.49,4.907
20230103,Vijayapura,16.8302,75.71,23.21,64.59,1.26,4.5307
20230104,Vijayapura,16.8302,75.71,23.56,60.4,1.59,4.476
20230105,Vijayapura,16.8302,75.71,22.95,62.36,2.82,4.7074
20230106,Vijayapura,16.8302,75.71,22.7,67.64,3.03,4.194
20230107,Vijayapura,16.8302,75.71,22.06,65.44,2.35,3.1639
20230108,Vijayapura,16.8302,75.71,20.23,51.56,2.1,5.1103
20230109,Vijayapura,16.8302,75.71,18.95,36.7,1.76,5.7403
20230110,Vijayapura,16.8302,75.71,19.5,41.78,1.69,5.6738
20230111,Vijayapura,16.8302,75.71,20.79,44.78,1.2,5.4655
20230112,Vijayapura,16.8302,75.71,21.7,38.5,0.98,5.4792
20230113,Vijayapura,16.8302,75.71,20.89,42.5,1.2,5.3746
20230114,Vijayapura,16.8302,75.71,20.63,45.92,1.12,5.4475
20230115,Vijayapura,16.8302,75.71,21.96,43.99,1.45,5.5426
20230116,Vijayapura,16.8302,75.71,22.53,40.43,1.47,5.785
20230117,Vijayapura,16.8302,75.71,21.69,38.28,1.56,5.8644
20230118,Vijayapura,16.8302,75.71,21.61,41.9,1.61,5.8402
20230119,Vijayapura,16.8302,75.71,22.16,46.05,1.92,5.7566
20230120,Vijayapura,16.8302,75.71,22.42,43.6,2.52,5.4785
20230121,Vijayapura,16.8302,75.71,22.33,50.09,1.99,5.3976
20230122,Vijayapura,16.8302,75.71,22.66,46.24,2.09,5.5402
20230123,Vijayapura,16.8302,75.71,23.17,50.14,2.75,5.4845
20230124,Vijayapura,16.8302,75.71,24.48,56.25,2.23,4.656
20230125,Vijayapura,16.8302,75.71,25.52,50.55,2.33,4.8108
20230126,Vijayapura,16.8302,75.71,24.36,40.66,2.11,5.4293
20230127,Vijayapura,16.8302,75.71,23.46,38.58,2.58,5.8531
20230128,Vijayapura,16.8302,75.71,23.46,38.29,2.0,5.9412
20230129,Vijayapura,16.8302,75.71,23.71,37.1,2.83,5.8351
20230130,Vijayapura,16.8302,75.71,24.57,49.35,2.54,5.231
20230131,Vijayapura,16.8302,75.71,25.25,51.63,2.06,4.525
20230201,Vijayapura,16.8302,75.71,25.16,41.42,2.66,3.9922
20230202,Vijayapura,16.8302,75.71,24.36,34.62,3.17,4.9572
20230203,Vijayapura,16.8302,75.71,23.08,25.08,2.19,5.5814
20230204,Vijayapura,16.8302,75.71,23.97,31.79,1.69,5.7982
20230205,Vijayapura,16.8302,75.71,24.66,28.27,1.81,5.7614
20230206,Vijayapura,16.8302,75.71,24.82,25.83,1.52,5.6186
20230207,Vijayapura,16.8302,75.71,24.6,29.57,1.52,5.2286
20230208,Vijayapura,16.8302,75.71,25.22,26.81,2.36,5.5178
20230209,Vijayapura,16.8302,75.71,25.18,22.68,1.88,5.6614
20230210,Vijayapura,16.8302,75.71,25.08,21.5,1.82,6.0408
20230211,Vijayapura,16.8302,75.71,25.72,19.81,1.68,6.3199
20230212,Vijayapura,16.8302,75.71,25.25,18.41,2.53,6.4147
20230213,Vijayapura,16.8302,75.71,24.67,20.65,2.54,6.5774
20230214,Vijayapura,16.8302,75.71,24.4,15.02,2.17,6.755
20230215,Vijayapura,16.8302,75.71,24.58,13.63,2.2,6.7992
20230216,Vijayapura,16.8302,75.71,25.33,15.61,2.49,6.7769
20230217,Vijayapura,16.8302,75.71,25.5,17.84,2.34,6.684
20230218,Vijayapura,16.8302,75.71,25.51,20.21,2.29,6.5393
20230219,Vijayapura,16.8302,75.71,25.46,25.46,2.4,6.4368
20230220,Vijayapura,16.8302,75.71,26.83,27.77,1.75,6.4181
20230221,Vijayapura,16.8302,75.71,28.35,18.38,1.14,6.6293
20230222,Vijayapura,16.8302,75.71,27.38,16.71,1.48,6.5023
20230223,Vijayapura,16.8302,75.71,26.76,19.36,1.69,6.4704
20230224,Vijayapura,16.8302,75.71,26.5,18.11,2.36,6.5892
20230225,Vijayapura,16.8302,75.71,26.36,18.76,2.01,6.4723
20230226,Vijayapura,16.8302,75.71,26.62,19.08,1.92,6.5412
20230227,Vijayapura,16.8302,75.71,26.61,27.64,2.67,6.4255
20230228,Vijayapura,16.8302,75.71,26.54,28.11,2.8,6.4853
20230301,Vijayapura,16.8302,75.71,26.49,26.44,2.93,6.1826
20230302,Vijayapura,16.8302,75.71,26.53,28.43,2.91,6.2858
20230303,Vijayapura,16.8302,75.71,26.91,28.19,2.57,6.0874
20230304,Vijayapura,16.8302,75.71,27.74,26.16,2.88,5.897
20230305,Vijayapura,16.8302,75.71,27.75,25.65,2.86,6.2654
20230306,Vijayapura,16.8302,75.71,27.51,26.11,2.37,6.3794
20230307,Vijayapura,16.8302,75.71,26.95,25.68,2.69,6.4123
20230308,Vijayapura,16.8302,75.71,27.01,26.15,2.13,6.3173
20230309,Vijayapura,16.8302,75.71,27.21,29.84,2.01,6.2974
20230310,Vijayapura,16.8302,75.71,27.35,30.03,1.86,6.3778
20230311,Vijayapura,16.8302,75.71,28.07,29.81,2.41,5.8901
20230312,Vijayapura,16.8302,75.71,28.66,27.74,3.01,6.2986
20230313,Vijayapura,16.8302,75.71,28.51,26.32,2.43,6.4313
20230314,Vijayapura,16.8302,75.71,28.52,21.5,1.71,6.3617
20230315,Vijayapura,16.8302,75.71,28.44,26.77,1.69,5.2488
20230316,Vijayapura,16.8302,75.71,27.25,41.61,1.97,4.6498
20230317,Vijayapura,16.8302,75.71,27.67,40.67,2.03,5.4036
20230318,Vijayapura,16.8302,75.71,27.92,46.68,1.91,5.9962
20230319,Vijayapura,16.8302,75.71,26.99,39.88,2.63,6.9922
20230320,Vijayapura,16.8302,75.71,25.4,40.24,2.79,7.501
20230321,Vijayapura,16.8302,75.71,26.05,44.1,2.61,7.2185
20230322,Vijayapura,16.8302,75.71,27.5,40.01,2.34,7.1117
20230323,Vijayapura,16.8302,75.71,27.56,32.83,2.8,7.1434
20230324,Vijayapura,16.8302,75.71,28.53,32.48,1.88,7.1342
20230325,Vijayapura,16.8302,75.71,29.88,32.21,1.25,6.755
20230326,Vijayapura,16.8302,75.71,29.24,27.44,2.96,7.1738
20230327,Vijayapura,16.8302,75.71,28.48,31.1,2.5,7.4666
20230328,Vijayapura,16.8302,75.71,28.97,31.2,2.07,7.3812
20230329,Vijayapura,16.8302,75.71,29.59,24.33,2.05,7.5185
20230330,Vijayapura,16.8302,75.71,28.95,32.18,2.48,7.6188
20230331,Vijayapura,16.8302,75.71,28.28,38.92,2.75,7.4796
20230401,Vijayapura,16.8302,75.71,28.78,34.1,2.51,7.6733
20230402,Vijayapura,16.8302,75.71,28.63,31.56,2.7,7.637
20230403,Vijayapura,16.8302,75.71,28.77,37.01,2.48,7.6411
20230404,Vijayapura,16.8302,75.71,29.64,31.21,2.17,7.4789
20230405,Vijayapura,16.8302,75.71,31.21,26.81,2.72,7.1057
20230406,Vijayapura,16.8302,75.71,31.66,28.37,2.98,5.6892
20230407,Vijayapura,16.8302,75.71,30.02,48.05,2.59,4.733
20230408,Vijayapura,16.8302,75.71,29.06,52.15,2.17,6.3298
20230409,Vijayapura,16.8302,75.71,29.98,38.04,2.46,7.5221
20230410,Vijayapura,16.8302,75.71,30.3,34.54,2.29,7.271
20230411,Vijayapura,16.8302,75.71,30.75,29.61,2.11,7.5094
20230412,Vijayapura,16.8302,75.71,31.59,26.5,1.55,7.4002
20230413,Vijayapura,16.8302,75.71,31.21,28.65,1.3,6.0149
20230414,Vijayapura,16.8302,75.71,30.81,36.28,2.14,5.5296
20230415,Vijayapura,16.8302,75.71,27.9,49.23,1.84,5.6374
20230416,Vijayapura,16.8302,75.71,31.46,37.18,1.02,6.8388
20230417,Vijayapura,16.8302,75.71,31.67,39.85,2.03,6.426
20230418,Vijayapura,16.8302,75.71,32.21,30.92,2.26,7.2418
20230419,Vijayapura,16.8302,75.71,32.11,26.37,1.78,6.7042
20230420,Vijayapura,16.8302,75.71,32.29,33.05,1.99,6.3626
20230421,Vijayapura,16.8302,75.71,32.11,33.75,2.35,6.5453
20230422,Vijayapura,16.8302,75.71,31.33,28.46,2.72,7.5082
20230423,Vijayapura,16.8302,75.71,30.64,30.5,2.5,7.8334
20230424,Vijayapura,16.8302,75.71,31.62,27.23,1.94,7.5254
20230425,Vijayapura,16.8302,75.71,32.1,32.91,2.36,7.301
20230426,Vijayapura,16.8302,75.71,31.48,40.54,1.99,7.0714
20230427,Vijayapura,16.8302,75.71,31.55,41.83,1.9,6.1078
20230428,Vijayapura,16.8302,75.71,27.23,68.14,2.48,5.5392
20230429,Vijayapura,16.8302,75.71,28.99,61.87,1.36,5.4173
20230430,Vijayapura,16.8302,75.71,28.62,61.62,1.01,6.5681
20230501,Vijayapura,16.8302,75.71,28.95,52.7,1.55,7.435
20230502,Vijayapura,16.8302,75.71,29.07,43.79,2.18,7.3265
20230503,Vijayapura,16.8302,75.71,29.8,50.34,1.33,6.5993
20230504,Vijayapura,16.8302,75.71,29.17,55.4,1.87,6.3653
20230505,Vijayapura,16.8302,75.71,28.84,58.58,2.22,6.7044
20230506,Vijayapura,16.8302,75.71,30.2,53.47,1.91,5.7259
20230507,Vijayapura,16.8302,75.71,28.93,61.55,1.9,5.7377
20230508,Vijayapura,16.8302,75.71,30.02,58.46,2.11,5.1638
20230509,Vijayapura,16.8302,75.71,30.4,61.08,1.93,5.9808
20230510,Vijayapura,16.8302,75.71,31.41,59.85,1.79,6.2042
20230511,Vijayapura,16.8302,75.71,32.14,51.6,1.62,5.6714
20230512,Vijayapura,16.8302,75.71,32.85,44.6,2.48,6.5638
20230513,Vijayapura,16.8302,75.71,32.88,42.02,3.83,6.9437
20230514,Vijayapura,16.8302,75.71,32.68,40.87,3.99,7.4887
20230515,Vijayapura,16.8302,75.71,31.81,37.17,4.43,7.7462
20230516,Vijayapura,16.8302,75.71,31.73,34.99,2.98,7.9171
20230517,Vijayapura,16.8302,75.71,32.57,36.32,2.42,7.7918
20230518,Vijayapura,16.8302,75.71,33.75,34.86,2.56,7.2557
20230519,Vijayapura,16.8302,75.71,34.39,29.5,2.92,6.5894
20230520,Vijayapura,16.8302,75.71,34.49,28.54,2.64,7.2715
20230521,Vijayapura,16.8302,75.71,34.36,34.14,2.57,6.9521
20230522,Vijayapura,16.8302,75.71,34.58,32.53,3.78,6.8587
20230523,Vijayapura,16.8302,75.71,34.22,36.03,2.21,6.0595
20230524,Vijayapura,16.8302,75.71,33.59,35.27,2.53,6.5441
20230525,Vijayapura,16.8302,75.71,32.57,40.98,3.91,7.0634
20230526,Vijayapura,16.8302,75.71,31.87,43.34,4.52,7.2542
20230527,Vijayapura,16.8302,75.71,32.18,39.56,3.91,7.5206
20230528,Vijayapura,16.8302,75.71,32.91,38.68,3.07,7.1832
20230529,Vijayapura,16.8302,75.71,33.76,38.93,2.83,6.6744
20230530,Vijayapura,16.8302,75.71,32.54,43.59,1.61,5.8786
20230531,Vijayapura,16.8302,75.71,33.17,41.08,2.15,6.1416
20230601,Vijayapura,16.8302,75.71,33.37,37.76,2.76,4.751
20230602,Vijayapura,16.8302,75.71,31.71,43.74,4.36,7.169
20230603,Vijayapura,16.8302,75.71,32.14,41.39,3.68,7.4534
20230604,Vijayapura,16.8302,75.71,32.41,44.24,4.43,6.9967
20230605,Vijayapura,16.8302,75.71,30.62,51.53,4.05,7.1825
20230606,Vijayapura,16.8302,75.71,31.42,49.71,4.04,7.2134
20230607,Vijayapura,16.8302,75.71,31.36,53.49,4.61,6.8268
20230608,Vijayapura,16.8302,75.71,31.55,52.14,4.36,6.6197
20230609,Vijayapura,16.8302,75.71,31.13,54.37,4.73,6.9031
20230610,Vijayapura,16.8302,75.71,30.04,56.69,4.68,6.1553
20230611,Vijayapura,16.8302,75.71,30.36,55.23,5.1,5.9611
20230612,Vijayapura,16.8302,75.71,30.5,54.57,5.48,7.2086
20230613,Vijayapura,16.8302,75.71,30.59,55.22,6.04,7.0901
20230614,Vijayapura,16.8302,75.71,30.41,56.39,6.23,6.5549
20230615,Vijayapura,16.8302,75.71,30.81,53.44,5.68,6.455
20230616,Vijayapura,16.8302,75.71,30.72,54.8,5.81,7.0812
20230617,Vijayapura,16.8302,75.71,30.69,56.19,5.91,5.7571
20230618,Vijayapura,16.8302,75.71,30.89,53.3,5.25,5.9712
20230619,Vijayapura,16.8302,75.71,31.67,48.95,4.67,6.1903
20230620,Vijayapura,16.8302,75.71,31.38,50.4,4.75,6.797
20230621,Vijayapura,16.8302,75.71,30.95,52.06,4.92,6.5971
20230622,Vijayapura,16.8302,75.71,29.51,53.39,4.32,6.2124
20230623,Vijayapura,16.8302,75.71,29.23,57.73,5.12,5.5169
20230624,Vijayapura,16.8302,75.71,28.05,63.47,5.28,4.0582
20230625,Vijayapura,16.8302,75.71,27.62,64.14,5.33,4.5653
20230626,Vijayapura,16.8302,75.71,27.24,63.64,5.91,4.8283
20230627,Vijayapura,16.8302,75.71,26.57,63.92,6.01,4.1194
20230628,Vijayapura,16.8302,75.71,25.73,68.71,5.82,4.6423
20230629,Vijayapura,16.8302,75.71,27.01,66.11,5.77,4.2043
20230630,Vijayapura,16.8302,75.71,27.45,65.76,6.35,4.5053
20230701,Vijayapura,16.8302,75.71,26.85,67.8,5.81,4.902
20230702,Vijayapura,16.8302,75.71,27.01,72.56,5.61,4.662
20230703,Vijayapura,16.8302,75.71,26.95,78.39,4.49,4.2396
20230704,Vijayapura,16.8302,75.71,27.07,77.82,4.25,5.0501
20230705,Vijayapura,16.8302,75.71,25.85,77.54,5.51,4.2463
20230706,Vijayapura,16.8302,75.71,24.71,77.32,7.35,3.9365
20230707,Vijayapura,16.8302,75.71,25.61,74.74,6.81,4.1964
20230708,Vijayapura,16.8302,75.71,26.3,71.34,6.34,3.6953
20230709,Vijayapura,16.8302,75.71,26.35,74.23,5.2,4.1172
20230710,Vijayapura,16.8302,75.71,27.74,68.85,5.04,4.8293
20230711,Vijayapura,16.8302,75.71,26.86,69.95,5.15,3.569
20230712,Vijayapura,16.8302,75.71,26.49,70.82,4.5,4.9445
20230713,Vijayapura,16.8302,75.71,26.74,70.78,5.04,5.1938
20230714,Vijayapura,16.8302,75.71,27.34,69.93,5.45,5.0875
20230715,Vijayapura,16.8302,75.71,27.35,68.21,5.34,4.4009
20230716,Vijayapura,16.8302,75.71,26.84,72.15,4.9,4.009
20230717,Vijayapura,16.8302,75.71,25.95,76.27,5.29,3.2371
20230718,Vijayapura,16.8302,75.71,25.33,79.93,6.36,1.721
20230719,Vijayapura,16.8302,75.71,25.04,81.71,6.94,2.67
20230720,Vijayapura,16.8302,75.71,23.75,82.53,6.7,2.2507
20230721,Vijayapura,16.8302,75.71,24.19,80.3,6.03,3.1099
20230722,Vijayapura,16.8302,75.71,25.66,76.92,6.53,3.2014
20230723,Vijayapura,16.8302,75.71,25.91,76.0,6.97,2.8524
20230724,Vijayapura,16.8302,75.71,25.91,78.41,6.51,3.6139
20230725,Vijayapura,16.8302,75.71,24.74,82.0,6.23,2.208
20230726,Vijayapura,16.8302,75.71,24.72,84.64,5.94,3.1718
20230727,Vijayapura,16.8302,75.71,24.37,85.35,6.62,1.7086
20230728,Vijayapura,16.8302,75.71,25.86,76.78,6.67,3.9876
20230729,Vijayapura,16.8302,75.71,26.15,75.22,6.19,4.0109
20230730,Vijayapura,16.8302,75.71,25.99,76.49,5.61,4.5341
20230731,Vijayapura,16.8302,75.71,26.27,76.67,6.0,4.2134
20230801,Vijayapura,16.8302,75.71,26.04,77.04,6.52,3.9862
20230802,Vijayapura,16.8302,75.71,26.17,74.83,6.57,3.2734
20230803,Vijayapura,16.8302,75.71,25.95,74.89,6.41,3.5878
20230804,Vijayapura,16.8302,75.71,26.51,73.73,6.05,4.8768
20230805,Vijayapura,16.8302,75.71,25.98,74.92,5.51,4.4772
20230806,Vijayapura,16.8302,75.71,26.46,73.69,5.37,4.8619
20230807,Vijayapura,16.8302,75.71,26.54,72.68,5.47,3.8484
20230808,Vijayapura,16.8302,75.71,25.82,74.89,4.63,3.9401
20230809,Vijayapura,16.8302,75.71,26.81,72.48,3.9,5.2298
20230810,Vijayapura,16.8302,75.71,26.95,72.09,3.9,5.9551
20230811,Vijayapura,16.8302,75.71,26.96,71.76,3.63,6.031
20230812,Vijayapura,16.8302,75.71,26.93,69.93,4.42,5.5668
20230813,Vijayapura,16.8302,75.71,26.36,71.53,4.55,4.9975
20230814,Vijayapura,16.8302,75.71,25.89,72.44,4.49,5.6918
20230815,Vijayapura,16.8302,75.71,25.51,73.2,3.83,5.5178
20230816,Vijayapura,16.8302,75.71,26.6,70.52,3.79,6.1903
20230817,Vijayapura,16.8302,75.71,26.81,68.9,4.73,5.153
20230818,Vijayapura,16.8302,75.71,25.46,74.38,4.6,4.0622
20230819,Vijayapura,16.8302,75.71,25.42,75.88,4.35,3.0046
20230820,Vijayapura,16.8302,75.71,27.09,69.59,4.56,5.1614
20230821,Vijayapura,16.8302,75.71,27.21,67.57,4.01,6.0142
20230822,Vijayapura,16.8302,75.71,27.09,67.14,3.79,6.2184
20230823,Vijayapura,16.8302,75.71,26.47,70.59,3.59,5.7677
20230824,Vijayapura,16.8302,75.71,27.12,68.32,4.35,5.4953
20230825,Vijayapura,16.8302,75.71,26.84,71.97,4.33,4.4489
20230826,Vijayapura,16.8302,75.71,26.82,71.93,4.13,5.3995
20230827,Vijayapura,16.8302,75.71,27.32,69.14,4.68,5.9434
20230828,Vijayapura,16.8302,75.71,27.16,69.1,4.88,5.5063
20230829,Vijayapura,16.8302,75.71,27.0,69.86,3.81,5.2858
20230830,Vijayapura,16.8302,75.71,27.58,68.82,2.7,5.4454
20230831,Vijayapura,16.8302,75.71,27.29,71.09,2.31,5.3153
20230901,Vijayapura,16.8302,75.71,28.6,67.27,1.78,4.9618
20230902,Vijayapura,16.8302,75.71,26.39,78.17,3.05,4.5751
20230903,Vijayapura,16.8302,75.71,25.73,78.19,4.05,3.757
20230904,Vijayapura,16.8302,75.71,25.65,76.88,4.09,1.5998
20230905,Vijayapura,16.8302,75.71,26.42,67.23,4.18,3.4351
20230906,Vijayapura,16.8302,75.71,26.19,70.18,4.28,5.736
20230907,Vijayapura,16.8302,75.71,25.16,75.57,4.8,4.975
20230908,Vijayapura,16.8302,75.71,25.76,76.4,5.43,3.295
20230909,Vijayapura,16.8302,75.71,27.2,72.68,5.1,4.3013
20230910,Vijayapura,16.8302,75.71,27.03,72.32,4.62,4.5835
20230911,Vijayapura,16.8302,75.71,27.55,68.96,4.66,4.9982
20230912,Vijayapura,16.8302,75.71,27.11,67.87,4.5,5.8116
20230913,Vijayapura,16.8302,75.71,26.53,69.08,4.48,5.4962
20230914,Vijayapura,16.8302,75.71,26.41,70.12,3.88,5.5634
20230915,Vijayapura,16.8302,75.71,26.62,69.67,3.92,5.724
20230916,Vijayapura,16.8302,75.71,27.23,69.54,5.32,4.7434
20230917,Vijayapura,16.8302,75.71,27.56,69.68,4.85,4.8319
20230918,Vijayapura,16.8302,75.71,27.17,71.08,4.39,4.8137
20230919,Vijayapura,16.8302,75.71,27.15,70.82,4.2,5.1569
20230920,Vijayapura,16.8302,75.71,27.32,70.35,4.08,4.8466
20230921,Vijayapura,16.8302,75.71,26.39,77.07,2.96,4.5516
20230922,Vijayapura,16.8302,75.71,25.97,76.79,2.17,4.1544
20230923,Vijayapura,16.8302,75.71,26.65,72.66,2.54,4.4738
20230924,Vijayapura,16.8302,75.71,25.22,80.24,3.01,3.7829
20230925,Vijayapura,16.8302,75.71,26.08,74.64,2.47,4.7539
20230926,Vijayapura,16.8302,75.71,26.38,76.89,1.39,4.1095
20230927,Vijayapura,16.8302,75.71,26.29,77.63,2.07,3.7795
20230928,Vijayapura,16.8302,75.71,26.38,76.58,1.69,4.6958
20230929,Vijayapura,16.8302,75.71,26.81,77.62,2.73,4.7868
20230930,Vijayapura,16.8302,75.71,24.89,82.93,3.95,3.546
20231001,Vijayapura,16.8302,75.71,25.61,83.55,5.49,2.982
20231002,Vijayapura,16.8302,75.71,24.96,78.05,4.22,3.1951
20231003,Vijayapura,16.8302,75.71,26.43,72.58,2.45,5.2752
20231004,Vijayapura,16.8302,75.71,27.06,70.2,1.94,4.679
20231005,Vijayapura,16.8302,75.71,25.82,68.22,2.22,5.4526
20231006,Vijayapura,16.8302,75.71,25.3,66.78,1.87,6.21
20231007,Vijayapura,16.8302,75.71,26.02,64.8,1.72,6.0547
20231008,Vijayapura,16.8302,75.71,26.64,66.55,1.91,5.9724
20231009,Vijayapura,16.8302,75.71,26.82,66.14,1.57,5.58
20231010,Vijayapura,16.8302,75.71,27.11,68.66,1.87,4.8962
20231011,Vijayapura,16.8302,75.71,26.57,69.03,2.09,4.5684
20231012,Vijayapura,16.8302,75.71,26.43,66.96,2.56,5.0894
20231013,Vijayapura,16.8302,75.71,26.17,63.47,2.76,5.8841
20231014,Vijayapura,16.8302,75.71,25.78,64.13,2.09,4.9874
20231015,Vijayapura,16.8302,75.71,26.21,66.5,1.93,4.5106
20231016,Vijayapura,16.8302,75.71,26.31,66.61,1.89,4.6178
20231017,Vijayapura,16.8302,75.71,26.38,65.45,2.4,5.1982
20231018,Vijayapura,16.8302,75.71,25.94,65.51,2.29,5.6909
20231019,Vijayapura,16.8302,75.71,25.84,65.51,2.02,5.4254
20231020,Vijayapura,16.8302,75.71,26.25,64.75,2.53,5.0767
20231021,Vijayapura,16.8302,75.71,26.06,66.13,2.62,5.1742
20231022,Vijayapura,16.8302,75.71,25.55,63.49,2.67,5.0695
20231023,Vijayapura,16.8302,75.71,25.26,60.87,2.31,5.6038
20231024,Vijayapura,16.8302,75.71,25.3,61.39,2.17,5.7118
20231025,Vijayapura,16.8302,75.71,24.41,57.37,2.39,5.8229
20231026,Vijayapura,16.8302,75.71,23.8,55.76,2.33,5.9443
20231027,Vijayapura,16.8302,75.71,23.36,53.89,2.45,5.9196
20231028,Vijayapura,16.8302,75.71,23.64,53.73,2.01,5.4672
20231029,Vijayapura,16.8302,75.71,24.6,55.55,2.25,4.5847
20231030,Vijayapura,16.8302,75.71,24.56,61.96,2.03,4.1112
20231031,Vijayapura,16.8302,75.71,24.75,61.65,2.03,4.0289
20231101,Vijayapura,16.8302,75.71,25.52,63.53,2.02,4.8485
20231102,Vijayapura,16.8302,75.71,25.56,59.99,2.06,4.4633
20231103,Vijayapura,16.8302,75.71,26.19,62.43,1.95,4.4815
20231104,Vijayapura,16.8302,75.71,25.14,73.35,1.93,4.152
20231105,Vijayapura,16.8302,75.71,26.06,65.23,2.52,3.9826
20231106,Vijayapura,16.8302,75.71,24.29,73.96,2.09,3.3857
20231107,Vijayapura,16.8302,75.71,25.05,77.35,2.34,3.7034
20231108,Vijayapura,16.8302,75.71,24.64,79.99,1.91,2.0381
20231109,Vijayapura,16.8302,75.71,23.9,82.75,2.17,3.6612
20231110,Vijayapura,16.8302,75.71,25.01,76.2,1.85,4.2917
20231111,Vijayapura,16.8302,75.71,25.9,65.31,2.58,4.9742
20231112,Vijayapura,16.8302,75.71,24.8,59.47,2.32,5.172
20231113,Vijayapura,16.8302,75.71,24.47,64.27,1.73,4.925
20231114,Vijayapura,16.8302,75.71,24.34,67.34,2.08,4.1342
20231115,Vijayapura,16.8302,75.71,23.39,62.96,1.85,4.163
20231116,Vijayapura,16.8302,75.71,22.7,58.32,1.92,4.1467
20231117,Vijayapura,16.8302,75.71,23.17,61.59,1.61,4.6987
20231118,Vijayapura,16.8302,75.71,24.98,65.45,1.47,4.4827
20231119,Vijayapura,16.8302,75.71,25.77,61.76,2.22,4.4501
20231120,Vijayapura,16.8302,75.71,24.79,60.83,2.41,4.4928
20231121,Vijayapura,16.8302,75.71,24.28,59.16,2.07,4.7534
20231122,Vijayapura,16.8302,75.71,24.78,64.69,1.73,4.7854
20231123,Vijayapura,16.8302,75.71,25.78,66.14,2.01,4.385
20231124,Vijayapura,16.8302,75.71,26.52,66.54,2.65,3.6163
20231125,Vijayapura,16.8302,75.71,26.64,64.07,2.51,3.5093
20231126,Vijayapura,16.8302,75.71,26.12,62.22,2.86,4.4774
20231127,Vijayapura,16.8302,75.71,26.58,58.84,2.65,4.2264
20231128,Vijayapura,16.8302,75.71,26.04,67.17,1.92,4.127
20231129,Vijayapura,16.8302,75.71,25.09,67.27,2.42,4.1081
20231130,Vijayapura,16.8302,75.71,25.43,67.91,2.72,4.6306
20231201,Vijayapura,16.8302,75.71,24.72,65.87,1.81,4.3598
20231202,Vijayapura,16.8302,75.71,24.61,60.52,2.76,5.0429
20231203,Vijayapura,16.8302,75.71,25.51,62.34,3.31,4.7292
20231204,Vijayapura,16.8302,75.71,25.32,67.13,2.9,3.8381
20231205,Vijayapura,16.8302,75.71,24.39,65.14,2.97,3.678
20231206,Vijayapura,16.8302,75.71,22.75,72.13,2.05,3.1577
20231207,Vijayapura,16.8302,75.71,23.49,67.25,1.51,2.671
20231208,Vijayapura,16.8302,75.71,23.73,61.79,1.69,4.5283
20231209,Vijayapura,16.8302,75.71,23.65,62.66,2.1,4.236
20231210,Vijayapura,16.8302,75.71,23.06,59.18,2.11,4.483
20231211,Vijayapura,16.8302,75.71,22.84,55.67,1.74,4.7086
20231212,Vijayapura,16.8302,75.71,22.67,54.87,1.64,4.9094
20231213,Vijayapura,16.8302,75.71,22.57,55.67,2.2,4.8122
20231214,Vijayapura,16.8302,75.71,21.93,53.13,2.5,4.9082
20231215,Vijayapura,16.8302,75.71,21.37,55.63,2.08,4.8749
20231216,Vijayapura,16.8302,75.71,22.25,60.3,1.84,2.9666
20231217,Vijayapura,16.8302,75.71,23.67,62.15,2.8,2.5766
20231218,Vijayapura,16.8302,75.71,23.15,52.3,3.4,2.7334
20231219,Vijayapura,16.8302,75.71,22.18,48.62,3.26,3.9259
20231220,Vijayapura,16.8302,75.71,21.68,43.06,2.54,4.2516
20231221,Vijayapura,16.8302,75.71,21.68,38.42,1.95,4.608
20231222,Vijayapura,16.8302,75.71,22.38,31.1,1.91,4.1359
20231223,Vijayapura,16.8302,75.71,22.06,38.19,2.01,4.7208
20231224,Vijayapura,16.8302,75.71,22.18,49.82,2.4,4.8384
20231225,Vijayapura,16.8302,75.71,22.22,44.62,2.19,5.0366
20231226,Vijayapura,16.8302,75.71,23.42,43.11,2.2,4.9946
20231227,Vijayapura,16.8302,75.71,22.8,49.85,2.56,4.7851
20231228,Vijayapura,16.8302,75.71,22.95,48.98,2.49,5.2886
20231229,Vijayapura,16.8302,75.71,22.99,49.41,2.59,5.3215
20231230,Vijayapura,16.8302,75.71,23.05,46.93,2.06,5.3916
20231231,Vijayapura,16.8302,75.71,23.09,45.94,2.42,5.1511
20240101,Vijayapura,16.8302,75.71,23.13,49.69,2.02,4.8139
20240102,Vijayapura,16.8302,75.71,23.19,48.22,2.13,4.7422
20240103,Vijayapura,16.8302,75.71,23.76,52.53,2.88,4.3435
20240104,Vijayapura,16.8302,75.71,25.07,49.05,2.49,3.5837
20240105,Vijayapura,16.8302,75.71,24.84,46.07,2.74,4.2235
20240106,Vijayapura,16.8302,75.71,24.41,46.63,2.9,4.531
20240107,Vijayapura,16.8302,75.71,24.61,47.57,3.76,4.9363
20240108,Vijayapura,16.8302,75.71,24.61,47.02,3.8,4.511
20240109,Vijayapura,16.8302,75.71,24.94,45.07,3.36,2.3784
20240110,Vijayapura,16.8302,75.71,25.18,46.24,2.67,2.2673
20240111,Vijayapura,16.8302,75.71,25.15,44.95,2.2,5.2812
20240112,Vijayapura,16.8302,75.71,24.8,41.75,2.21,5.0203
20240113,Vijayapura,16.8302,75.71,25.1,44.87,1.66,4.7606
20240114,Vijayapura,16.8302,75.71,24.81,38.5,1.38,4.8883
20240115,Vijayapura,16.8302,75.71,24.08,36.24,1.26,5.0093
20240116,Vijayapura,16.8302,75.71,23.85,32.2,1.2,5.057
20240117,Vijayapura,16.8302,75.71,24.58,43.27,1.32,5.0683
20240118,Vijayapura,16.8302,75.71,23.77,49.62,1.13,4.9046
20240119,Vijayapura,16.8302,75.71,24.87,44.27,1.15,4.771
20240120,Vijayapura,16.8302,75.71,25.77,44.54,1.52,4.728
20240121,Vijayapura,16.8302,75.71,25.07,42.67,1.24,5.2298
20240122,Vijayapura,16.8302,75.71,25.97,38.26,1.73,5.615
20240123,Vijayapura,16.8302,75.71,24.09,34.66,2.01,5.6028
20240124,Vijayapura,16.8302,75.71,22.06,29.34,1.92,5.7007
20240125,Vijayapura,16.8302,75.71,22.45,29.83,2.47,5.3383
20240126,Vijayapura,16.8302,75.71,24.28,42.42,2.43,5.3434
20240127,Vijayapura,16.8302,75.71,24.93,42.59,2.55,5.029
20240128,Vijayapura,16.8302,75.71,23.84,37.61,2.54,5.1319
20240129,Vijayapura,16.8302,75.71,24.44,41.66,1.89,5.3429
20240130,Vijayapura,16.8302,75.71,24.84,37.64,1.57,5.3544
20240131,Vijayapura,16.8302,75.71,25.44,33.87,1.27,5.5966
20240201,Vijayapura,16.8302,75.71,24.25,37.85,2.0,6.0828
20240202,Vijayapura,16.8302,75.71,23.58,36.81,1.74,6.0401
20240203,Vijayapura,16.8302,75.71,24.89,37.62,2.27,5.634
20240204,Vijayapura,16.8302,75.71,26.3,41.92,2.24,5.4466
20240205,Vijayapura,16.8302,75.71,27.02,39.39,1.34,5.64
20240206,Vijayapura,16.8302,75.71,27.55,34.15,1.01,5.8272
20240207,Vijayapura,16.8302,75.71,27.62,30.64,1.22,5.8162
20240208,Vijayapura,16.8302,75.71,26.53,28.32,2.37,5.8805
20240209,Vijayapura,16.8302,75.71,26.37,29.94,1.95,5.9208
20240210,Vijayapura,16.8302,75.71,27.24,34.75,1.67,5.7629
20240211,Vijayapura,16.8302,75.71,27.62,37.06,2.12,5.6273
20240212,Vijayapura,16.8302,75.71,27.85,33.1,2.47,6.0686
20240213,Vijayapura,16.8302,75.71,26.77,32.47,2.44,6.1754
20240214,Vijayapura,16.8302,75.71,27.1,34.54,2.19,5.6326
20240215,Vijayapura,16.8302,75.71,27.87,34.11,2.77,5.9434
20240216,Vijayapura,16.8302,75.71,26.49,25.72,3.37,6.6499
20240217,Vijayapura,16.8302,75.71,25.95,25.88,2.39,6.6744
20240218,Vijayapura,16.8302,75.71,26.24,21.05,1.2,6.5914
20240219,Vijayapura,16.8302,75.71,26.88,23.9,0.93,6.0934
20240220,Vijayapura,16.8302,75.71,26.95,27.12,1.2,6.186
20240221,Vijayapura,16.8302,75.71,26.44,30.57,2.52,6.7985
20240222,Vijayapura,16.8302,75.71,26.19,36.62,2.48,6.8124
20240223,Vijayapura,16.8302,75.71,25.75,31.02,2.16,6.7798
20240224,Vijayapura,16.8302,75.71,25.99,22.45,1.9,6.725
20240225,Vijayapura,16.8302,75.71,26.91,25.24,2.02,6.4982
20240226,Vijayapura,16.8302,75.71,29.02,41.68,3.51,5.8236
20240227,Vijayapura,16.8302,75.71,28.69,40.81,3.0,6.1342
20240228,Vijayapura,16.8302,75.71,29.11,31.01,2.38,6.1354
20240229,Vijayapura,16.8302,75.71,29.62,30.02,2.76,6.2453
20240301,Vijayapura,16.8302,75.71,30.08,29.28,2.87,6.2016
20240302,Vijayapura,16.8302,75.71,29.82,32.18,3.75,6.2618
20240303,Vijayapura,16.8302,75.71,28.24,41.25,2.63,6.4699
20240304,Vijayapura,16.8302,75.71,27.84,35.89,2.37,6.5023
20240305,Vijayapura,16.8302,75.71,28.81,24.89,1.61,6.5515
20240306,Vijayapura,16.8302,75.71,29.25,25.08,2.37,6.5014
20240307,Vijayapura,16.8302,75.71,27.8,18.97,2.27,6.9166
20240308,Vijayapura,16.8302,75.71,27.82,18.47,2.27,6.9149
20240309,Vijayapura,16.8302,75.71,28.33,20.12,1.94,6.2842
20240310,Vijayapura,16.8302,75.71,29.72,26.19,1.27,5.4924
20240311,Vijayapura,16.8302,75.71,30.07,29.07,1.35,5.4953
20240312,Vijayapura,16.8302,75.71,31.16,26.59,0.86,5.7466
20240313,Vijayapura,16.8302,75.71,30.6,23.98,2.91,6.2902
20240314,Vijayapura,16.8302,75.71,29.32,26.26,2.32,6.8275
20240315,Vijayapura,16.8302,75.71,29.41,23.09,2.19,6.7555
20240316,Vijayapura,16.8302,75.71,29.9,25.07,2.32,6.6653
20240317,Vijayapura,16.8302,75.71,30.49,28.45,1.59,6.3271
20240318,Vijayapura,16.8302,75.71,30.8,28.26,2.45,6.469
20240319,Vijayapura,16.8302,75.71,30.05,24.29,2.28,6.8172
20240320,Vijayapura,16.8302,75.71,29.13,22.79,2.82,6.8736
20240321,Vijayapura,16.8302,75.71,29.79,34.54,2.99,5.9849
20240322,Vijayapura,16.8302,75.71,30.9,29.5,1.02,6.0058
20240323,Vijayapura,16.8302,75.71,31.21,23.13,1.54,6.1282
20240324,Vijayapura,16.8302,75.71,32.44,24.33,2.04,6.2875
20240325,Vijayapura,16.8302,75.71,33.32,24.63,2.56,6.3998
20240326,Vijayapura,16.8302,75.71,33.19,25.09,2.54,6.1034
20240327,Vijayapura,16.8302,75.71,32.89,25.1,2.45,6.3185
20240328,Vijayapura,16.8302,75.71,32.86,22.52,2.39,6.307
20240329,Vijayapura,16.8302,75.71,33.31,26.23,1.93,6.2062
20240330,Vijayapura,16.8302,75.71,33.79,31.1,2.2,6.4579
20240331,Vijayapura,16.8302,75.71,33.3,24.86,2.48,6.6763
20240401,Vijayapura,16.8302,75.71,32.8,24.58,1.62,6.7704
20240402,Vijayapura,16.8302,75.71,33.43,25.94,1.33,6.5638
20240403,Vijayapura,16.8302,75.71,33.16,24.81,1.3,6.3706
20240404,Vijayapura,16.8302,75.71,34.31,22.7,2.47,6.588
20240405,Vijayapura,16.8302,75.71,34.91,19.1,2.59,6.7565
20240406,Vijayapura,16.8302,75.71,35.08,20.03,1.66,6.301
20240407,Vijayapura,16.8302,75.71,34.63,19.97,2.02,6.6547
20240408,Vijayapura,16.8302,75.71,33.47,19.2,3.16,7.0001
20240409,Vijayapura,16.8302,75.71,33.75,28.27,2.52,6.7474
20240410,Vijayapura,16.8302,75.71,33.89,30.9,2.85,6.4493
20240411,Vijayapura,16.8302,75.71,33.55,33.82,1.97,5.9304
20240412,Vijayapura,16.8302,75.71,32.8,36.19,2.39,5.502
20240413,Vijayapura,16.8302,75.71,30.9,46.77,1.94,5.5435
20240414,Vijayapura,16.8302,75.71,34.09,33.68,1.74,6.4805
20240415,Vijayapura,16.8302,75.71,34.36,29.7,2.57,6.7795
20240416,Vijayapura,16.8302,75.71,35.3,25.54,2.32,7.025
20240417,Vijayapura,16.8302,75.71,34.87,30.93,2.73,4.6188
20240418,Vijayapura,16.8302,75.71,34.84,33.11,2.02,4.8922
20240419,Vijayapura,16.8302,75.71,32.54,39.54,3.15,4.9838
20240420,Vijayapura,16.8302,75.71,31.96,45.33,2.56,3.1678
20240421,Vijayapura,16.8302,75.71,31.79,49.35,2.15,5.3206
20240422,Vijayapura,16.8302,75.71,32.67,44.43,1.76,5.3798
20240423,Vijayapura,16.8302,75.71,33.12,38.28,2.71,6.7142
20240424,Vijayapura,16.8302,75.71,33.31,36.63,2.11,6.6355
20240425,Vijayapura,16.8302,75.71,33.66,38.37,2.34,7.0433
20240426,Vijayapura,16.8302,75.71,34.34,34.77,2.33,6.9391
20240427,Vijayapura,16.8302,75.71,34.71,32.17,2.51,6.9617
20240428,Vijayapura,16.8302,75.71,34.84,29.94,2.08,6.9192
20240429,Vijayapura,16.8302,75.71,35.69,31.02,2.58,6.7054
20240430,Vijayapura,16.8302,75.71,36.06,28.52,1.56,6.7296
20240501,Vijayapura,16.8302,75.71,34.88,26.61,3.94,6.7138
20240502,Vijayapura,16.8302,75.71,33.93,24.31,2.94,7.5828
20240503,Vijayapura,16.8302,75.71,33.33,25.7,3.15,7.8418
20240504,Vijayapura,16.8302,75.71,33.34,24.03,2.91,7.8454
20240505,Vijayapura,16.8302,75.71,33.95,32.22,3.08,7.4338
20240506,Vijayapura,16.8302,75.71,35.07,30.64,3.61,7.3711
20240507,Vijayapura,16.8302,75.71,34.39,32.47,3.57,7.0978
20240508,Vijayapura,16.8302,75.71,33.34,36.57,2.01,7.4554
20240509,Vijayapura,16.8302,75.71,33.86,35.68,2.27,7.1611
20240510,Vijayapura,16.8302,75.71,33.29,38.08,2.0,4.2449
20240511,Vijayapura,16.8302,75.71,34.28,36.22,2.47,5.5195
20240512,Vijayapura,16.8302,75.71,32.67,47.71,2.03,5.4221
20240513,Vijayapura,16.8302,75.71,31.47,52.54,2.41,6.6758
20240514,Vijayapura,16.8302,75.71,31.58,49.75,1.97,6.3391
20240515,Vijayapura,16.8302,75.71,28.49,65.86,1.69,6.3768
20240516,Vijayapura,16.8302,75.71,29.1,64.42,1.73,5.2925
20240517,Vijayapura,16.8302,75.71,29.92,63.32,1.59,5.9052
20240518,Vijayapura,16.8302,75.71,31.07,57.69,1.14,5.9129
20240519,Vijayapura,16.8302,75.71,31.67,53.72,2.44,5.766
20240520,Vijayapura,16.8302,75.71,31.33,56.46,2.53,6.3665
20240521,Vijayapura,16.8302,75.71,32.64,53.79,2.7,5.0935
20240522,Vijayapura,16.8302,75.71,33.03,53.45,1.79,6.2398
20240523,Vijayapura,16.8302,75.71,31.38,58.21,1.63,5.3518
20240524,Vijayapura,16.8302,75.71,32.53,53.02,2.77,4.7174
20240525,Vijayapura,16.8302,75.71,30.56,55.42,5.66,3.7802
20240526,Vijayapura,16.8302,75.71,31.19,58.98,5.08,5.9609
20240527,Vijayapura,16.8302,75.71,30.69,57.51,5.38,5.3722
20240528,Vijayapura,16.8302,75.71,30.75,57.61,5.81,5.9438
20240529,Vijayapura,16.8302,75.71,32.03,54.56,5.89,6.9036
20240530,Vijayapura,16.8302,75.71,32.62,50.69,4.61,7.2286
20240531,Vijayapura,16.8302,75.71,33.15,45.64,4.2,7.1789
20240601,Vijayapura,16.8302,75.71,32.47,49.38,4.48,6.1697
20240602,Vijayapura,16.8302,75.71,33.26,44.66,3.25,6.3206
20240603,Vijayapura,16.8302,75.71,29.13,63.93,2.39,3.547
20240604,Vijayapura,16.8302,75.71,28.61,72.39,3.75,4.451
20240605,Vijayapura,16.8302,75.71,27.73,72.44,2.42,4.2809
20240606,Vijayapura,16.8302,75.71,26.65,81.87,1.82,5.2613
20240607,Vijayapura,16.8302,75.71,26.64,80.41,2.04,3.8938
20240608,Vijayapura,16.8302,75.71,26.44,77.91,2.78,4.4227
20240609,Vijayapura,16.8302,75.71,26.23,81.7,3.1,2.9009
20240610,Vijayapura,16.8302,75.71,25.23,82.34,4.16,3.5585
20240611,Vijayapura,16.8302,75.71,25.87,77.27,5.23,2.7204
20240612,Vijayapura,16.8302,75.71,25.25,77.4,4.54,3.3415
20240613,Vijayapura,16.8302,75.71,26.36,74.66,4.15,5.1782
20240614,Vijayapura,16.8302,75.71,25.37,75.06,4.6,5.1547
20240615,Vijayapura,16.8302,75.71,27.06,75.67,3.73,5.7905
20240616,Vijayapura,16.8302,75.71,27.39,73.82,3.66,5.7958
20240617,Vijayapura,16.8302,75.71,26.98,76.06,3.48,5.3381
20240618,Vijayapura,16.8302,75.71,27.1,70.84,4.38,6.3348
20240619,Vijayapura,16.8302,75.71,25.89,73.98,4.42,4.8046
20240620,Vijayapura,16.8302,75.71,26.38,78.06,4.52,4.8782
20240621,Vijayapura,16.8302,75.71,26.9,76.96,4.75,4.5898
20240622,Vijayapura,16.8302,75.71,26.67,73.3,4.36,5.2409
20240623,Vijayapura,16.8302,75.71,25.38,79.23,3.9,4.6229
20240624,Vijayapura,16.8302,75.71,26.54,75.67,3.8,4.4897
20240625,Vijayapura,16.8302,75.71,26.75,73.69,5.61,4.2278
20240626,Vijayapura,16.8302,75.71,25.65,77.93,7.2,4.1153
20240627,Vijayapura,16.8302,75.71,24.52,76.11,7.52,4.2053
20240628,Vijayapura,16.8302,75.71,24.64,76.5,6.28,4.3927
20240629,Vijayapura,16.8302,75.71,26.47,75.21,5.11,4.7537
20240630,Vijayapura,16.8302,75.71,27.05,75.62,5.5,4.0202
20240701,Vijayapura,16.8302,75.71,27.44,73.54,7.28,5.0158
20240702,Vijayapura,16.8302,75.71,26.13,79.2,7.19,4.5922
20240703,Vijayapura,16.8302,75.71,27.24,74.92,5.85,3.2333
20240704,Vijayapura,16.8302,75.71,26.93,75.93,5.54,4.0272
20240705,Vijayapura,16.8302,75.71,26.89,72.86,6.05,4.2302
20240706,Vijayapura,16.8302,75.71,25.99,78.19,6.39,4.3759
20240707,Vijayapura,16.8302,75.71,25.86,79.54,5.89,3.2993
20240708,Vijayapura,16.8302,75.71,25.09,84.59,4.29,3.829
20240709,Vijayapura,16.8302,75.71,24.77,82.06,4.0,4.121
20240710,Vijayapura,16.8302,75.71,25.8,72.92,4.37,4.9493
20240711,Vijayapura,16.8302,75.71,26.18,75.3,5.7,5.4684
20240712,Vijayapura,16.8302,75.71,25.15,79.94,4.98,4.1366
20240713,Vijayapura,16.8302,75.71,25.89,78.31,6.01,4.5994
20240714,Vijayapura,16.8302,75.71,25.83,80.28,6.61,2.9136
20240715,Vijayapura,16.8302,75.71,25.38,80.15,4.71,3.9569
20240716,Vijayapura,16.8302,75.71,25.2,79.94,5.13,4.8305
20240717,Vijayapura,16.8302,75.71,25.91,79.16,5.87,3.4553
20240718,Vijayapura,16.8302,75.71,25.84,78.79,7.46,3.773
20240719,Vijayapura,16.8302,75.71,25.1,81.16,7.03,3.3182
20240720,Vijayapura,16.8302,75.71,24.99,82.16,7.13,2.6515
20240721,Vijayapura,16.8302,75.71,25.38,82.57,6.82,2.9256
20240722,Vijayapura,16.8302,75.71,25.01,81.75,7.2,3.7075
20240723,Vijayapura,16.8302,75.71,25.2,82.04,7.08,2.3765
20240724,Vijayapura,16.8302,75.71,25.68,79.01,7.41,2.4182
20240725,Vijayapura,16.8302,75.71,24.62,83.96,6.97,2.412
20240726,Vijayapura,16.8302,75.71,25.34,79.11,7.26,3.4889
20240727,Vijayapura,16.8302,75.71,24.91,82.79,6.9,2.8217
20240728,Vijayapura,16.8302,75.71,25.0,82.74,6.64,3.1044
20240729,Vijayapura,16.8302,75.71,26.5,77.38,6.66,4.1844
20240730,Vijayapura,16.8302,75.71,26.72,77.63,5.11,4.8641
20240731,Vijayapura,16.8302,75.71,26.71,79.06,5.15,3.8995
20240801,Vijayapura,16.8302,75.71,25.59,82.67,5.39,3.1188
20240802,Vijayapura,16.8302,75.71,25.28,82.01,6.15,3.5254
20240803,Vijayapura,16.8302,75.71,25.88,78.66,6.61,3.6103
20240804,Vijayapura,16.8302,75.71,25.53,79.06,5.93,3.6662
20240805,Vijayapura,16.8302,75.71,25.5,81.23,4.7,4.5984
20240806,Vijayapura,16.8302,75.71,25.25,82.15,4.05,3.8669
20240807,Vijayapura,16.8302,75.71,25.22,82.28,3.97,2.8728
20240808,Vijayapura,16.8302,75.71,25.91,79.29,3.96,3.9874
20240809,Vijayapura,16.8302,75.71,26.36,77.25,3.88,6.1008
20240810,Vijayapura,16.8302,75.71,26.69,76.01,3.72,5.8322
20240811,Vijayapura,16.8302,75.71,26.75,75.8,3.9,5.5735
20240812,Vijayapura,16.8302,75.71,26.64,76.65,3.22,6.0583
20240813,Vijayapura,16.8302,75.71,27.32,74.97,2.27,6.2705
20240814,Vijayapura,16.8302,75.71,27.64,78.04,1.82,4.9248
20240815,Vijayapura,16.8302,75.71,27.35,80.0,1.55,5.1634
20240816,Vijayapura,16.8302,75.71,26.25,83.85,1.8,3.8508
20240817,Vijayapura,16.8302,75.71,27.19,78.81,2.05,4.0958
20240818,Vijayapura,16.8302,75.71,26.97,81.99,2.16,5.4787
20240819,Vijayapura,16.8302,75.71,27.58,77.87,1.54,4.9094
20240820,Vijayapura,16.8302,75.71,27.5,76.72,0.78,4.3414
20240821,Vijayapura,16.8302,75.71,27.86,76.0,2.09,5.1331
20240822,Vijayapura,16.8302,75.71,26.7,77.97,3.16,3.1922
20240823,Vijayapura,16.8302,75.71,26.04,82.68,4.89,4.3198
20240824,Vijayapura,16.8302,75.71,25.35,86.96,4.2,3.5482
20240825,Vijayapura,16.8302,75.71,25.12,81.84,5.88,4.1093
20240826,Vijayapura,16.8302,75.71,25.66,79.36,6.41,4.6445
20240827,Vijayapura,16.8302,75.71,25.88,78.93,5.4,4.4417
20240828,Vijayapura,16.8302,75.71,25.85,78.34,5.61,5.2687
20240829,Vijayapura,16.8302,75.71,25.69,79.76,4.73,5.6215
20240830,Vijayapura,16.8302,75.71,25.43,81.84,3.69,5.5586
20240831,Vijayapura,16.8302,75.71,24.75,84.06,4.16,2.2049
20240901,Vijayapura,16.8302,75.71,24.29,86.18,5.37,1.8797
20240902,Vijayapura,16.8302,75.71,23.67,85.44,5.16,2.8447
20240903,Vijayapura,16.8302,75.71,25.16,81.43,4.37,4.2038
20240904,Vijayapura,16.8302,75.71,25.75,80.65,5.06,4.1866
20240905,Vijayapura,16.8302,75.71,25.84,80.41,4.74,5.159
20240906,Vijayapura,16.8302,75.71,25.61,80.58,4.51,4.5974
20240907,Vijayapura,16.8302,75.71,25.01,82.75,4.11,5.0083
20240908,Vijayapura,16.8302,75.71,24.74,85.17,3.53,4.007
20240909,Vijayapura,16.8302,75.71,25.03,83.62,3.9,4.867
20240910,Vijayapura,16.8302,75.71,25.51,79.67,4.43,4.3308
20240911,Vijayapura,16.8302,75.71,25.52,78.19,4.48,4.7006
20240912,Vijayapura,16.8302,75.71,25.6,76.58,4.36,6.2035
20240913,Vijayapura,16.8302,75.71,25.02,76.65,3.91,5.7348
20240914,Vijayapura,16.8302,75.71,25.4,76.16,3.78,5.933
20240915,Vijayapura,16.8302,75.71,25.29,76.0,3.92,5.717
20240916,Vijayapura,16.8302,75.71,25.1,72.35,3.63,5.119
20240917,Vijayapura,16.8302,75.71,25.36,71.56,3.51,4.5667
20240918,Vijayapura,16.8302,75.71,25.0,70.22,3.03,6.4498
20240919,Vijayapura,16.8302,75.71,25.44,71.62,2.3,5.7295
20240920,Vijayapura,16.8302,75.71,26.34,71.22,2.23,5.7067
20240921,Vijayapura,16.8302,75.71,25.57,79.98,2.58,3.5292
20240922,Vijayapura,16.8302,75.71,25.69,81.39,1.68,4.0723
20240923,Vijayapura,16.8302,75.71,26.23,81.94,2.07,4.5161
20240924,Vijayapura,16.8302,75.71,25.27,89.17,1.98,3.3029
20240925,Vijayapura,16.8302,75.71,23.73,89.09,3.83,3.7994
20240926,Vijayapura,16.8302,75.71,25.34,82.17,5.07,3.7546
20240927,Vijayapura,16.8302,75.71,25.01,80.61,4.39,4.1892
20240928,Vijayapura,16.8302,75.71,25.62,79.12,3.02,4.9464
20240929,Vijayapura,16.8302,75.71,27.0,74.89,1.49,5.7492
20240930,Vijayapura,16.8302,75.71,27.12,78.59,1.13,5.1802
20241001,Vijayapura,16.8302,75.71,27.59,75.55,1.11,5.507
20241002,Vijayapura,16.8302,75.71,28.29,72.36,1.4,5.7432
20241003,Vijayapura,16.8302,75.71,25.33,86.12,2.37,4.841
20241004,Vijayapura,16.8302,75.71,26.18,81.27,2.15,5.3453
20241005,Vijayapura,16.8302,75.71,26.63,77.28,2.31,5.4806
20241006,Vijayapura,16.8302,75.71,25.91,79.31,2.2,4.6106
20241007,Vijayapura,16.8302,75.71,25.33,80.27,2.3,5.0674
20241008,Vijayapura,16.8302,75.71,25.43,79.65,2.06,4.9922
20241009,Vijayapura,16.8302,75.71,25.5,81.54,2.2,3.7224
20241010,Vijayapura,16.8302,75.71,25.63,82.04,3.13,3.6754
20241011,Vijayapura,16.8302,75.71,25.39,84.1,3.08,4.5235
20241012,Vijayapura,16.8302,75.71,25.91,81.74,3.14,4.393
20241013,Vijayapura,16.8302,75.71,26.45,78.73,2.78,4.9126
20241014,Vijayapura,16.8302,75.71,25.49,82.65,1.88,4.9214
20241015,Vijayapura,16.8302,75.71,25.4,82.58,1.78,3.2813
20241016,Vijayapura,16.8302,75.71,25.61,84.61,2.19,3.6449
20241017,Vijayapura,16.8302,75.71,26.08,83.25,2.54,4.0027
20241018,Vijayapura,16.8302,75.71,25.55,86.91,2.6,2.8402
20241019,Vijayapura,16.8302,75.71,25.82,78.85,1.33,4.189
20241020,Vijayapura,16.8302,75.71,25.39,77.84,1.94,4.5672
20241021,Vijayapura,16.8302,75.71,25.37,78.98,2.02,4.6361
20241022,Vijayapura,16.8302,75.71,25.74,79.82,1.76,4.6834
20241023,Vijayapura,16.8302,75.71,25.63,78.47,1.88,5.1336
20241024,Vijayapura,16.8302,75.71,24.96,73.66,1.7,4.6973
20241025,Vijayapura,16.8302,75.71,24.42,72.92,2.14,5.0712
20241026,Vijayapura,16.8302,75.71,23.79,77.57,2.28,5.1002
20241027,Vijayapura,16.8302,75.71,23.88,74.24,1.91,5.695
20241028,Vijayapura,16.8302,75.71,24.51,72.33,1.28,5.3131
20241029,Vijayapura,16.8302,75.71,25.6,66.26,0.9,4.8115
20241030,Vijayapura,16.8302,75.71,25.28,72.24,1.47,4.1926
20241031,Vijayapura,16.8302,75.71,25.19,81.15,2.66,3.8232
20241101,Vijayapura,16.8302,75.71,24.63,83.94,1.41,4.6176
20241102,Vijayapura,16.8302,75.71,25.49,79.14,2.34,4.8276
20241103,Vijayapura,16.8302,75.71,24.43,77.35,2.64,4.7515
20241104,Vijayapura,16.8302,75.71,24.2,75.19,2.34,4.7292
20241105,Vijayapura,16.8302,75.71,22.95,69.31,2.12,5.087
20241106,Vijayapura,16.8302,75.71,22.8,70.21,1.95,5.4098
20241107,Vijayapura,16.8302,75.71,22.51,71.76,1.89,5.3676
20241108,Vijayapura,16.8302,75.71,22.27,71.06,1.98,5.3206
20241109,Vijayapura,16.8302,75.71,22.91,71.52,1.95,4.5842
20241110,Vijayapura,16.8302,75.71,22.77,71.21,1.88,4.9404
20241111,Vijayapura,16.8302,75.71,21.85,71.03,2.07,4.8446
20241112,Vijayapura,16.8302,75.71,22.17,74.44,2.15,4.8238
20241113,Vijayapura,16.8302,75.71,23.29,79.2,2.56,3.9223
20241114,Vijayapura,16.8302,75.71,24.36,80.52,2.7,3.8018
20241115,Vijayapura,16.8302,75.71,24.57,81.33,2.12,3.1586
20241116,Vijayapura,16.8302,75.71,23.9,72.24,2.54,4.0202
20241117,Vijayapura,16.8302,75.71,22.0,68.25,2.59,4.6075
20241118,Vijayapura,16.8302,75.71,20.1,68.07,2.22,4.902
20241119,Vijayapura,16.8302,75.71,19.82,70.85,2.02,4.8228
20241120,Vijayapura,16.8302,75.71,20.05,70.57,1.96,5.0306
20241121,Vijayapura,16.8302,75.71,20.05,70.89,1.8,4.9963
20241122,Vijayapura,16.8302,75.71,20.15,70.98,1.74,4.7498
20241123,Vijayapura,16.8302,75.71,20.57,73.79,1.71,4.5876
20241124,Vijayapura,16.8302,75.71,20.14,70.82,1.75,4.5953
20241125,Vijayapura,16.8302,75.71,19.81,71.8,2.36,4.5058
20241126,Vijayapura,16.8302,75.71,20.19,70.82,2.29,4.7724
20241127,Vijayapura,16.8302,75.71,20.01,69.56,2.41,4.1945
20241128,Vijayapura,16.8302,75.71,19.12,66.03,3.07,5.1588
20241129,Vijayapura,16.8302,75.71,19.99,69.9,2.55,5.2013
20241130,Vijayapura,16.8302,75.71,22.34,75.63,2.79,3.7226
20241201,Vijayapura,16.8302,75.71,23.57,78.74,2.66,3.6878
20241202,Vijayapura,16.8302,75.71,24.44,79.18,3.12,2.2373
20241203,Vijayapura,16.8302,75.71,24.79,79.25,3.62,2.4775
20241204,Vijayapura,16.8302,75.71,25.47,75.76,2.65,4.6051
20241205,Vijayapura,16.8302,75.71,25.5,77.49,2.09,3.9247
20241206,Vijayapura,16.8302,75.71,25.71,75.79,1.31,4.1186
20241207,Vijayapura,16.8302,75.71,25.67,76.21,1.06,3.3065
20241208,Vijayapura,16.8302,75.71,25.37,78.9,0.8,3.7596
20241209,Vijayapura,16.8302,75.71,23.93,74.27,1.96,4.243
20241210,Vijayapura,16.8302,75.71,22.23,70.08,2.38,3.707
20241211,Vijayapura,16.8302,75.71,21.16,64.42,2.22,4.5036
20241212,Vijayapura,16.8302,75.71,21.48,64.19,1.52,4.7426
20241213,Vijayapura,16.8302,75.71,20.75,63.1,2.39,4.1431
20241214,Vijayapura,16.8302,75.71,20.19,60.6,2.59,4.3673
20241215,Vijayapura,16.8302,75.71,19.02,59.63,2.16,4.6802
20241216,Vijayapura,16.8302,75.71,17.77,53.34,1.9,5.0506
20241217,Vijayapura,16.8302,75.71,18.33,57.78,1.65,5.0489
20241218,Vijayapura,16.8302,75.71,20.07,54.72,1.55,4.8158
20241219,Vijayapura,16.8302,75.71,22.4,59.61,1.59,4.6402
20241220,Vijayapura,16.8302,75.71,23.75,70.43,1.27,3.815
20241221,Vijayapura,16.8302,75.71,24.43,65.73,0.52,3.5242
20241222,Vijayapura,16.8302,75.71,24.28,65.53,1.3,4.1038
20241223,Vijayapura,16.8302,75.71,23.42,68.53,1.39,3.6226
20241224,Vijayapura,16.8302,75.71,23.66,62.32,1.53,4.1513
20241225,Vijayapura,16.8302,75.71,23.42,69.5,1.88,4.0649
20241226,Vijayapura,16.8302,75.71,23.46,71.27,2.61,2.7288
20241227,Vijayapura,16.8302,75.71,24.6,69.8,3.52,2.2562
20241228,Vijayapura,16.8302,75.71,24.07,65.72,2.26,5.2447
20241229,Vijayapura,16.8302,75.71,23.65,64.23,2.39,5.1062
20241230,Vijayapura,16.8302,75.71,22.58,59.26,1.96,5.3198
20241231,Vijayapura,16.8302,75.71,22.34,58.71,2.38,4.8478
20250101,Vijayapura,16.8302,75.71,21.59,65.72,2.28,3.9163
20250102,Vijayapura,16.8302,75.71,21.24,53.56,2.71,4.5422
20250103,Vijayapura,16.8302,75.71,19.85,46.27,2.41,4.7354
20250104,Vijayapura,16.8302,75.71,20.18,47.6,2.11,5.3573
20250105,Vijayapura,16.8302,75.71,20.69,54.03,1.86,5.1929
20250106,Vijayapura,16.8302,75.71,21.04,55.52,1.75,5.0369
20250107,Vijayapura,16.8302,75.71,20.72,51.12,1.72,5.1144
20250108,Vijayapura,16.8302,75.71,19.44,54.49,2.0,4.6942
20250109,Vijayapura,16.8302,75.71,19.28,51.45,2.21,4.585
20250110,Vijayapura,16.8302,75.71,20.74,65.69,2.53,4.2466
20250111,Vijayapura,16.8302,75.71,22.95,66.68,2.13,3.7596
20250112,Vijayapura,16.8302,75.71,23.26,64.03,2.25,4.3822
20250113,Vijayapura,16.8302,75.71,23.23,59.64,2.14,4.8463
20250114,Vijayapura,16.8302,75.71,23.24,61.69,2.43,4.5377
20250115,Vijayapura,16.8302,75.71,22.75,66.43,2.66,4.8737
20250116,Vijayapura,16.8302,75.71,23.25,64.44,2.61,4.3622
20250117,Vijayapura,16.8302,75.71,22.8,53.55,2.98,4.4654
20250118,Vijayapura,16.8302,75.71,21.48,54.82,2.59,3.9302
20250119,Vijayapura,16.8302,75.71,22.11,47.53,2.38,4.9918
20250120,Vijayapura,16.8302,75.71,21.65,40.93,2.3,5.3827
20250121,Vijayapura,16.8302,75.71,21.88,35.17,1.73,5.639
20250122,Vijayapura,16.8302,75.71,22.74,40.22,1.81,5.7554
20250123,Vijayapura,16.8302,75.71,23.57,43.09,2.03,5.5834
20250124,Vijayapura,16.8302,75.71,24.53,50.01,2.34,5.6227
20250125,Vijayapura,16.8302,75.71,24.29,41.83,2.29,6.083
20250126,Vijayapura,16.8302,75.71,23.93,37.3,2.22,5.9604
20250127,Vijayapura,16.8302,75.71,24.76,36.37,1.8,5.67
20250128,Vijayapura,16.8302,75.71,25.18,32.96,1.53,5.4002
20250129,Vijayapura,16.8302,75.71,24.4,39.74,1.91,5.147
20250130,Vijayapura,16.8302,75.71,24.35,38.15,1.94,5.7372
20250131,Vijayapura,16.8302,75.71,25.5,30.52,1.14,6.006
20250201,Vijayapura,16.8302,75.71,25.45,32.66,1.25,5.8294
20250202,Vijayapura,16.8302,75.71,25.86,32.24,1.85,5.4842
20250203,Vijayapura,16.8302,75.71,25.41,30.88,2.34,6.1214
20250204,Vijayapura,16.8302,75.71,26.14,28.77,2.53,6.1908
20250205,Vijayapura,16.8302,75.71,25.94,32.05,1.73,6.0137
20250206,Vijayapura,16.8302,75.71,26.06,35.02,2.24,5.9479
20250207,Vijayapura,16.8302,75.71,26.09,39.17,2.42,5.6765
20250208,Vijayapura,16.8302,75.71,26.47,35.06,2.26,5.6462
20250209,Vijayapura,16.8302,75.71,26.07,33.59,2.09,5.3954
20250210,Vijayapura,16.8302,75.71,26.48,41.32,1.78,5.2363
20250211,Vijayapura,16.8302,75.71,27.04,37.69,1.42,5.4458
20250212,Vijayapura,16.8302,75.71,26.79,28.78,1.79,5.761
20250213,Vijayapura,16.8302,75.71,25.9,21.04,1.91,6.0456
20250214,Vijayapura,16.8302,75.71,25.09,21.06,2.18,6.0922
20250215,Vijayapura,16.8302,75.71,25.83,20.22,2.31,6.4502
20250216,Vijayapura,16.8302,75.71,26.56,19.41,1.3,6.4879
20250217,Vijayapura,16.8302,75.71,27.21,20.18,1.64,6.307
20250218,Vijayapura,16.8302,75.71,28.38,20.77,0.98,6.1937
20250219,Vijayapura,16.8302,75.71,27.87,21.43,1.31,6.0278
20250220,Vijayapura,16.8302,75.71,27.34,25.92,2.11,5.791
20250221,Vijayapura,16.8302,75.71,26.99,27.93,2.43,5.3006
20250222,Vijayapura,16.8302,75.71,27.07,23.79,2.03,5.5898
20250223,Vijayapura,16.8302,75.71,27.01,24.43,2.33,5.8697
20250224,Vijayapura,16.8302,75.71,26.59,20.44,2.86,6.685
20250225,Vijayapura,16.8302,75.71,26.12,28.48,2.66,5.7734
20250226,Vijayapura,16.8302,75.71,26.81,31.35,3.07,6.3041
20250227,Vijayapura,16.8302,75.71,26.93,33.79,2.67,6.2616
20250228,Vijayapura,16.8302,75.71,27.83,33.97,2.49,5.8363
20250301,Vijayapura,16.8302,75.71,28.47,33.8,2.98,6.619
20250302,Vijayapura,16.8302,75.71,29.22,26.34,1.56,6.5441
20250303,Vijayapura,16.8302,75.71,29.57,22.61,2.6,6.2292
20250304,Vijayapura,16.8302,75.71,29.4,20.25,2.99,6.3005
20250305,Vijayapura,16.8302,75.71,27.94,18.03,3.07,6.2705
20250306,Vijayapura,16.8302,75.71,26.28,7.57,2.67,6.9643
20250307,Vijayapura,16.8302,75.71,26.85,8.35,1.86,6.792
20250308,Vijayapura,16.8302,75.71,27.9,11.34,1.68,7.014
20250309,Vijayapura,16.8302,75.71,28.33,17.15,2.25,6.7716
20250310,Vijayapura,16.8302,75.71,28.3,33.47,3.4,6.5606
20250311,Vijayapura,16.8302,75.71,28.13,32.69,2.84,6.702
20250312,Vijayapura,16.8302,75.71,28.87,28.36,2.45,6.9238
20250313,Vijayapura,16.8302,75.71,30.31,23.35,1.28,6.6252
20250314,Vijayapura,16.8302,75.71,30.69,29.56,2.32,6.3838
20250315,Vijayapura,16.8302,75.71,31.07,26.11,1.83,6.4541
20250316,Vijayapura,16.8302,75.71,30.78,24.51,2.03,6.8609
20250317,Vijayapura,16.8302,75.71,30.66,22.46,1.37,6.0022
20250318,Vijayapura,16.8302,75.71,31.67,25.41,1.21,6.7022
20250319,Vijayapura,16.8302,75.71,31.59,24.56,1.88,6.6137
20250320,Vijayapura,16.8302,75.71,32.43,28.0,2.02,6.2234
20250321,Vijayapura,16.8302,75.71,31.24,30.57,1.83,6.4954
20250322,Vijayapura,16.8302,75.71,30.5,22.88,1.76,7.1002
20250323,Vijayapura,16.8302,75.71,31.37,28.04,1.38,6.8578
20250324,Vijayapura,16.8302,75.71,32.0,32.13,2.15,5.484
20250325,Vijayapura,16.8302,75.71,31.8,25.67,1.94,5.7098
20250326,Vijayapura,16.8302,75.71,32.22,23.76,1.82,6.0874
20250327,Vijayapura,16.8302,75.71,32.17,26.79,1.95,6.4385
20250328,Vijayapura,16.8302,75.71,31.69,24.14,2.07,6.7464
20250329,Vijayapura,16.8302,75.71,32.23,21.07,1.82,5.7667
20250330,Vijayapura,16.8302,75.71,32.4,24.53,1.99,5.8586
20250331,Vijayapura,16.8302,75.71,33.33,24.26,1.86,5.1677
20250401,Vijayapura,16.8302,75.71,32.34,29.25,2.88,5.8147
20250402,Vijayapura,16.8302,75.71,30.43,31.12,3.32,6.6773
20250403,Vijayapura,16.8302,75.71,29.59,36.13,2.08,4.4791
20250404,Vijayapura,16.8302,75.71,31.21,36.36,2.3,6.625
20250405,Vijayapura,16.8302,75.71,32.1,31.06,2.48,6.0218
20250406,Vijayapura,16.8302,75.71,32.57,27.46,2.16,6.4795
20250407,Vijayapura,16.8302,75.71,32.43,22.61,1.98,6.33
20250408,Vijayapura,16.8302,75.71,32.58,26.5,2.27,6.4754
20250409,Vijayapura,16.8302,75.71,32.35,30.88,2.1,6.3166
20250410,Vijayapura,16.8302,75.71,32.39,32.52,2.95,6.3526
20250411,Vijayapura,16.8302,75.71,31.52,36.66,2.68,6.8666
20250412,Vijayapura,16.8302,75.71,31.62,29.27,3.29,6.9622
20250413,Vijayapura,16.8302,75.71,31.65,22.6,2.69,7.2725
20250414,Vijayapura,16.8302,75.71,32.19,20.11,2.32,7.2684
20250415,Vijayapura,16.8302,75.71,32.96,19.37,1.7,6.8426
20250416,Vijayapura,16.8302,75.71,33.22,23.01,1.96,6.809
20250417,Vijayapura,16.8302,75.71,33.18,35.41,2.66,7.0481
20250418,Vijayapura,16.8302,75.71,33.86,31.76,2.29,6.8513
20250419,Vijayapura,16.8302,75.71,33.93,33.79,3.01,6.4116
20250420,Vijayapura,16.8302,75.71,34.68,25.32,2.62,6.0228
20250421,Vijayapura,16.8302,75.71,34.8,23.48,3.21,6.3372
20250422,Vijayapura,16.8302,75.71,35.07,28.97,1.9,6.0214
20250423,Vijayapura,16.8302,75.71,34.87,30.05,2.47,6.2573
20250424,Vijayapura,16.8302,75.71,33.8,33.27,2.58,6.3864
20250425,Vijayapura,16.8302,75.71,34.14,33.2,2.01,5.7238
20250426,Vijayapura,16.8302,75.71,33.59,35.13,1.57,6.415
20250427,Vijayapura,16.8302,75.71,33.25,37.28,1.82,6.1068
20250428,Vijayapura,16.8302,75.71,32.88,33.78,2.18,6.8878
20250429,Vijayapura,16.8302,75.71,32.64,36.36,2.06,6.6562
20250430,Vijayapura,16.8302,75.71,34.29,29.36,3.19,7.1047
20250501,Vijayapura,16.8302,75.71,33.85,22.6,2.79,7.3788
20250502,Vijayapura,16.8302,75.71,33.67,20.94,2.99,7.2782
20250503,Vijayapura,16.8302,75.71,33.11,23.23,2.6,7.4023
20250504,Vijayapura,16.8302,75.71,32.17,27.81,3.57,7.4887
20250505,Vijayapura,16.8302,75.71,31.78,29.39,2.51,7.7287
20250506,Vijayapura,16.8302,75.71,30.41,32.78,3.08,7.4038
20250507,Vijayapura,16.8302,75.71,30.33,35.21,3.72,7.1124
20250508,Vijayapura,16.8302,75.71,29.72,44.03,3.44,7.0073
20250509,Vijayapura,16.8302,75.71,30.79,39.77,2.52,7.4326
20250510,Vijayapura,16.8302,75.71,31.33,43.61,2.81,7.2941
20250511,Vijayapura,16.8302,75.71,32.28,39.98,2.65,6.7243
20250512,Vijayapura,16.8302,75.71,32.84,40.96,2.26,6.3384
20250513,Vijayapura,16.8302,75.71,31.5,51.24,1.85,5.8145
20250514,Vijayapura,16.8302,75.71,30.18,58.43,1.84,6.6113
20250515,Vijayapura,16.8302,75.71,29.85,60.91,2.05,5.6196
20250516,Vijayapura,16.8302,75.71,29.03,67.59,1.58,5.1202
20250517,Vijayapura,16.8302,75.71,29.77,64.12,1.66,6.0991
20250518,Vijayapura,16.8302,75.71,28.31,72.52,2.22,4.9063
20250519,Vijayapura,16.8302,75.71,28.98,70.72,1.14,4.0918
20250520,Vijayapura,16.8302,75.71,29.73,69.32,2.12,3.409
20250521,Vijayapura,16.8302,75.71,28.4,74.07,1.91,3.0804
20250522,Vijayapura,16.8302,75.71,26.7,79.52,2.95,4.6226
20250523,Vijayapura,16.8302,75.71,26.74,79.11,4.45,3.9245
20250524,Vijayapura,16.8302,75.71,26.7,77.97,3.56,3.8035
20250525,Vijayapura,16.8302,75.71,25.7,80.17,7.59,2.3827
20250526,Vijayapura,16.8302,75.71,25.12,84.09,5.1,2.1511
20250527,Vijayapura,16.8302,75.71,25.9,83.29,3.39,3.7186
20250528,Vijayapura,16.8302,75.71,26.03,79.4,5.46,4.0867
20250529,Vijayapura,16.8302,75.71,25.99,83.71,4.5,4.039
20250530,Vijayapura,16.8302,75.71,27.23,74.91,5.52,5.0878
20250531,Vijayapura,16.8302,75.71,27.16,72.22,5.62,6.2352
20250601,Vijayapura,16.8302,75.71,26.9,73.64,4.87,5.6398
20250602,Vijayapura,16.8302,75.71,27.12,73.41,4.66,4.6354
20250603,Vijayapura,16.8302,75.71,27.03,71.95,4.36,5.611
20250604,Vijayapura,16.8302,75.71,26.76,72.18,4.09,5.8111
20250605,Vijayapura,16.8302,75.71,26.59,72.3,3.19,5.0928
20250606,Vijayapura,16.8302,75.71,27.58,72.29,2.97,5.5759
20250607,Vijayapura,16.8302,75.71,27.02,76.32,3.34,4.643
20250608,Vijayapura,16.8302,75.71,27.07,76.25,3.78,5.7806
20250609,Vijayapura,16.8302,75.71,27.01,75.21,4.4,4.6673
20250610,Vijayapura,16.8302,75.71,27.62,71.64,4.59,3.6094
20250611,Vijayapura,16.8302,75.71,26.78,77.3,4.66,3.3713
20250612,Vijayapura,16.8302,75.71,25.52,85.95,4.17,2.9321
20250613,Vijayapura,16.8302,75.71,27.39,80.74,2.3,3.8237
20250614,Vijayapura,16.8302,75.71,26.75,81.6,3.76,4.1383
20250615,Vijayapura,16.8302,75.71,26.67,78.28,4.38,4.2062
20250616,Vijayapura,16.8302,75.71,26.32,77.57,7.17,3.9214
20250617,Vijayapura,16.8302,75.71,26.95,74.74,6.34,5.359
20250618,Vijayapura,16.8302,75.71,27.08,75.45,6.55,5.3129
20250619,Vijayapura,16.8302,75.71,26.53,76.47,6.73,4.8626
20250620,Vijayapura,16.8302,75.71,26.48,76.62,5.87,4.6404
20250621,Vijayapura,16.8302,75.71,26.65,76.06,5.82,5.1818
20250622,Vijayapura,16.8302,75.71,26.5,75.26,6.03,5.3014
20250623,Vijayapura,16.8302,75.71,26.08,75.94,7.05,3.8366
20250624,Vijayapura,16.8302,75.71,26.15,75.43,7.04,3.6343
20250625,Vijayapura,16.8302,75.71,26.1,77.57,6.62,3.155
20250626,Vijayapura,16.8302,75.71,25.64,79.13,6.32,3.8362
20250627,Vijayapura,16.8302,75.71,26.39,76.52,5.99,4.1837
20250628,Vijayapura,16.8302,75.71,26.48,74.77,6.05,4.8977
20250629,Vijayapura,16.8302,75.71,26.45,74.53,6.29,4.2101
20250630,Vijayapura,16.8302,75.71,25.1,81.26,5.85,3.9701
20250701,Vijayapura,16.8302,75.71,25.25,81.27,5.97,3.313
20250702,Vijayapura,16.8302,75.71,25.4,80.16,5.58,3.817
20250703,Vijayapura,16.8302,75.71,25.93,77.35,6.19,3.0785
20250704,Vijayapura,16.8302,75.71,26.24,75.86,6.98,3.847
20250705,Vijayapura,16.8302,75.71,26.1,76.53,6.93,4.6867
20250706,Vijayapura,16.8302,75.71,25.78,76.68,7.07,4.2938
20250707,Vijayapura,16.8302,75.71,25.29,78.05,6.34,4.2257
20250708,Vijayapura,16.8302,75.71,25.56,77.72,6.32,3.108
20250709,Vijayapura,16.8302,75.71,25.96,76.62,5.73,3.8993
20250710,Vijayapura,16.8302,75.71,26.63,74.22,4.56,5.149
20250711,Vijayapura,16.8302,75.71,26.64,73.09,4.55,5.2483
20250712,Vijayapura,16.8302,75.71,26.49,74.19,4.69,4.8454
20250713,Vijayapura,16.8302,75.71,26.45,74.54,5.07,4.5492
20250714,Vijayapura,16.8302,75.71,26.6,74.13,5.96,4.8521
20250715,Vijayapura,16.8302,75.71,26.38,76.02,5.18,3.9912
20250716,Vijayapura,16.8302,75.71,26.85,74.77,4.41,4.3202
20250717,Vijayapura,16.8302,75.71,26.83,75.06,3.75,4.613
20250718,Vijayapura,16.8302,75.71,25.05,84.52,3.64,3.7598
20250719,Vijayapura,16.8302,75.71,25.29,78.95,3.49,5.0815
20250720,Vijayapura,16.8302,75.71,25.83,79.05,3.64,4.8262
20250721,Vijayapura,16.8302,75.71,25.32,82.36,4.05,4.668
20250722,Vijayapura,16.8302,75.71,25.56,80.94,4.84,3.7894
20250723,Vijayapura,16.8302,75.71,25.06,81.93,5.52,2.9954
20250724,Vijayapura,16.8302,75.71,24.94,82.08,5.33,3.4368
20250725,Vijayapura,16.8302,75.71,24.92,84.25,6.26,3.7999
20250726,Vijayapura,16.8302,75.71,24.31,82.72,7.32,2.6314
20250727,Vijayapura,16.8302,75.71,25.17,76.55,7.68,4.26
20250728,Vijayapura,16.8302,75.71,25.3,74.88,7.63,4.7746
20250729,Vijayapura,16.8302,75.71,24.82,76.07,7.95,4.0961
20250730,Vijayapura,16.8302,75.71,25.53,76.07,6.8,2.808
20250731,Vijayapura,16.8302,75.71,26.01,75.33,5.61,3.1618
20250801,Vijayapura,16.8302,75.71,26.14,74.61,4.57,3.8786
20250802,Vijayapura,16.8302,75.71,26.39,74.06,3.95,5.0578
20250803,Vijayapura,16.8302,75.71,26.76,73.48,2.87,4.309
20250804,Vijayapura,16.8302,75.71,26.1,77.93,2.76,4.8564
20250805,Vijayapura,16.8302,75.71,26.1,80.76,2.23,3.9276
20250806,Vijayapura,16.8302,75.71,25.46,85.15,2.6,5.3782
20250807,Vijayapura,16.8302,75.71,25.9,82.99,1.31,4.7832
20250808,Vijayapura,16.8302,75.71,25.55,82.92,1.48,3.4123
20250809,Vijayapura,16.8302,75.71,25.59,80.59,2.14,3.8551
20250810,Vijayapura,16.8302,75.71,24.79,81.89,2.8,4.6752
20250811,Vijayapura,16.8302,75.71,25.06,78.69,3.79,4.4767
20250812,Vijayapura,16.8302,75.71,24.34,80.53,3.77,3.5436
20250813,Vijayapura,16.8302,75.71,24.86,81.53,3.73,3.3497
20250814,Vijayapura,16.8302,75.71,24.63,82.03,4.02,3.1404
20250815,Vijayapura,16.8302,75.71,24.45,83.6,4.68,3.1142
20250816,Vijayapura,16.8302,75.71,24.23,84.66,4.62,2.7941
20250817,Vijayapura,16.8302,75.71,24.63,84.48,5.33,3.3101
20250818,Vijayapura,16.8302,75.71,23.91,86.1,5.9,2.6028
20250819,Vijayapura,16.8302,75.71,24.08,85.07,6.72,2.7919
20250820,Vijayapura,16.8302,75.71,24.16,81.82,5.99,3.3919
20250821,Vijayapura,16.8302,75.71,25.1,79.66,4.98,4.6714
20250822,Vijayapura,16.8302,75.71,24.46,81.47,4.52,4.7309
20250823,Vijayapura,16.8302,75.71,24.58,79.57,5.17,5.0117
20250824,Vijayapura,16.8302,75.71,24.81,77.54,5.45,5.0177
20250825,Vijayapura,16.8302,75.71,24.82,77.7,5.12,5.4643
20250826,Vijayapura,16.8302,75.71,24.68,83.07,4.43,4.0692
20250827,Vijayapura,16.8302,75.71,24.49,85.14,4.11,3.7387
20250828,Vijayapura,16.8302,75.71,24.37,87.1,3.67,3.4651
20250829,Vijayapura,16.8302,75.71,24.88,83.47,3.77,3.9185
20250830,Vijayapura,16.8302,75.71,25.62,80.58,4.24,4.3699
20250831,Vijayapura,16.8302,75.71,25.25,81.55,4.22,3.4054
20250901,Vijayapura,16.8302,75.71,24.85,81.07,4.78,3.6646
20250902,Vijayapura,16.8302,75.71,24.19,85.48,4.54,2.6662
20250903,Vijayapura,16.8302,75.71,25.1,80.69,4.29,4.8859
20250904,Vijayapura,16.8302,75.71,25.31,78.37,4.63,5.2054
20250905,Vijayapura,16.8302,75.71,24.86,78.54,4.37,5.0112
20250906,Vijayapura,16.8302,75.71,25.15,76.69,3.87,5.7163
20250907,Vijayapura,16.8302,75.71,24.74,77.34,3.89,5.1134
20250908,Vijayapura,16.8302,75.71,25.05,77.22,2.71,5.1113
20250909,Vijayapura,16.8302,75.71,25.8,77.87,2.04,4.7767
20250910,Vijayapura,16.8302,75.71,26.18,77.02,1.76,4.8811
20250911,Vijayapura,16.8302,75.71,23.94,88.99,2.6,3.2575
20250912,Vijayapura,16.8302,75.71,24.11,84.0,2.54,2.2015
20250913,Vijayapura,16.8302,75.71,24.73,82.72,2.2,2.5502
20250914,Vijayapura,16.8302,75.71,25.4,83.95,2.06,3.5954
20250915,Vijayapura,16.8302,75.71,24.27,88.46,3.74,3.6655
20250916,Vijayapura,16.8302,75.71,24.18,87.37,2.67,2.231
20250917,Vijayapura,16.8302,75.71,25.45,82.88,2.03,3.6974
20250918,Vijayapura,16.8302,75.71,25.32,84.02,1.81,4.1321
20250919,Vijayapura,16.8302,75.71,25.65,82.19,2.98,3.5933
20250920,Vijayapura,16.8302,75.71,25.23,82.52,3.09,4.9872
20250921,Vijayapura,16.8302,75.71,25.02,85.66,2.37,4.8998
20250922,Vijayapura,16.8302,75.71,25.28,83.54,2.87,4.1717
20250923,Vijayapura,16.8302,75.71,24.14,81.13,3.52,2.8498
20250924,Vijayapura,16.8302,75.71,24.34,79.17,3.46,4.8269
20250925,Vijayapura,16.8302,75.71,24.5,78.97,3.27,5.8354
20250926,Vijayapura,16.8302,75.71,22.84,89.26,3.68,1.1155
20250927,Vijayapura,16.8302,75.71,22.97,89.78,4.75,1.8276
20250928,Vijayapura,16.8302,75.71,23.96,83.18,5.21,4.3483
20250929,Vijayapura,16.8302,75.71,24.32,81.77,3.82,4.3332
20250930,Vijayapura,16.8302,75.71,24.47,81.24,3.41,5.3954
20251001,Vijayapura,16.8302,75.71,24.45,82.68,3.46,4.1527
20251002,Vijayapura,16.8302,75.71,24.58,82.86,2.81,4.6697
20251003,Vijayapura,16.8302,75.71,25.46,78.77,2.68,5.1847
20251004,Vijayapura,16.8302,75.71,25.42,77.13,2.29,5.4192
20251005,Vijayapura,16.8302,75.71,24.91,81.36,2.43,5.0767
20251006,Vijayapura,16.8302,75.71,24.77,76.56,2.68,5.1415
20251007,Vijayapura,16.8302,75.71,25.24,76.43,1.99,5.9525
20251008,Vijayapura,16.8302,75.71,25.9,76.34,1.45,5.2591
20251009,Vijayapura,16.8302,75.71,24.95,80.08,2.05,4.0392
20251010,Vijayapura,16.8302,75.71,24.33,73.09,2.04,5.4067
20251011,Vijayapura,16.8302,75.71,23.6,72.36,2.35,5.219
20251012,Vijayapura,16.8302,75.71,23.05,73.47,2.55,6.2861
20251013,Vijayapura,16.8302,75.71,23.28,75.3,2.64,5.5742
20251014,Vijayapura,16.8302,75.71,24.35,81.43,2.33,4.6226
20251015,Vijayapura,16.8302,75.71,25.02,81.75,2.78,4.2331
20251016,Vijayapura,16.8302,75.71,24.89,77.87,2.81,6.1589
20251017,Vijayapura,16.8302,75.71,24.34,79.09,2.85,5.3117
20251018,Vijayapura,16.8302,75.71,24.25,76.92,2.34,5.3791
20251019,Vijayapura,16.8302,75.71,23.91,76.35,2.85,5.2956
20251020,Vijayapura,16.8302,75.71,24.06,80.96,2.76,4.6375
20251021,Vijayapura,16.8302,75.71,24.72,80.78,3.02,5.0938
20251022,Vijayapura,16.8302,75.71,25.12,81.18,3.45,4.3092
20251023,Vijayapura,16.8302,75.71,24.5,79.28,3.32,3.2052
20251024,Vijayapura,16.8302,75.71,24.54,80.95,2.21,3.3494
20251025,Vijayapura,16.8302,75.71,24.6,74.81,2.34,4.6714
20251026,Vijayapura,16.8302,75.71,25.19,76.0,2.17,3.935
20251027,Vijayapura,16.8302,75.71,25.52,79.32,2.66,4.0913
20251028,Vijayapura,16.8302,75.71,25.17,79.35,1.94,3.5978
20251029,Vijayapura,16.8302,75.71,23.79,86.95,2.91,4.3658
20251030,Vijayapura,16.8302,75.71,24.03,80.5,3.32,4.8936
20251031,Vijayapura,16.8302,75.71,23.64,80.98,3.04,3.1973
20251101,Vijayapura,16.8302,75.71,24.47,81.66,2.24,3.762
20251102,Vijayapura,16.8302,75.71,24.34,81.45,2.43,3.7944
20251103,Vijayapura,16.8302,75.71,24.47,79.0,2.35,3.7224
20251104,Vijayapura,16.8302,75.71,24.51,78.71,2.19,4.0205
20251105,Vijayapura,16.8302,75.71,23.96,77.11,1.74,4.5158
20251106,Vijayapura,16.8302,75.71,22.51,79.88,2.58,3.9149
20251107,Vijayapura,16.8302,75.71,22.81,73.14,1.72,4.4796
20251108,Vijayapura,16.8302,75.71,20.66,65.9,2.02,5.6966
20251109,Vijayapura,16.8302,75.71,19.04,66.22,2.01,5.233
20251110,Vijayapura,16.8302,75.71,19.62,68.54,1.53,5.5056
20251111,Vijayapura,16.8302,75.71,19.86,68.95,1.59,5.309
20251112,Vijayapura,16.8302,75.71,20.26,70.51,2.16,5.0117
20251113,Vijayapura,16.8302,75.71,19.69,68.3,2.2,5.058
20251114,Vijayapura,16.8302,75.71,18.18,70.16,2.27,5.5951
20251115,Vijayapura,16.8302,75.71,18.14,73.05,2.32,5.587
20251116,Vijayapura,16.8302,75.71,18.18,71.87,2.46,5.5344
20251117,Vijayapura,16.8302,75.71,17.14,69.85,2.44,5.7324
20251118,Vijayapura,16.8302,75.71,17.38,69.27,2.21,5.6069
20251119,Vijayapura,16.8302,75.71,18.36,72.36,1.83,5.1804
20251120,Vijayapura,16.8302,75.71,17.95,68.68,2.07,5.4298
20251121,Vijayapura,16.8302,75.71,20.47,78.01,2.14,5.4394
20251122,Vijayapura,16.8302,75.71,22.95,77.87,2.3,4.5785
20251123,Vijayapura,16.8302,75.71,23.71,73.85,2.13,4.8595
20251124,Vijayapura,16.8302,75.71,23.46,76.16,2.34,3.4718
20251125,Vijayapura,16.8302,75.71,21.76,73.99,2.47,5.0736
20251126,Vijayapura,16.8302,75.71,21.16,75.24,2.49,4.3519
20251127,Vijayapura,16.8302,75.71,21.44,75.89,2.69,4.7938
20251128,Vijayapura,16.8302,75.71,20.57,74.85,2.65,4.6164
20251129,Vijayapura,16.8302,75.71,18.94,68.87,2.28,4.5017
20251130,Vijayapura,16.8302,75.71,20.86,76.54,2.25,4.908
20251201,Vijayapura,16.8302,75.71,20.52,72.26,1.78,4.957
20251202,Vijayapura,16.8302,75.71,20.69,77.31,1.93,4.007
20251203,Vijayapura,16.8302,75.71,21.39,75.98,2.66,4.5614
20251204,Vijayapura,16.8302,75.71,22.68,77.04,2.77,3.5021
20251205,Vijayapura,16.8302,75.71,22.06,73.78,2.97,2.401
20251206,Vijayapura,16.8302,75.71,20.18,70.65,2.28,3.6955
20251207,Vijayapura,16.8302,75.71,19.58,72.09,2.51,4.4004
20251208,Vijayapura,16.8302,75.71,17.88,69.76,2.06,4.6207
20251209,Vijayapura,16.8302,75.71,17.59,63.97,2.56,5.388
20251210,Vijayapura,16.8302,75.71,17.62,63.65,2.53,5.4557
20251211,Vijayapura,16.8302,75.71,17.11,60.41,2.18,5.5524
20251212,Vijayapura,16.8302,75.71,17.29,59.62,1.98,5.4262
20251213,Vijayapura,16.8302,75.71,18.04,63.4,1.92,5.3405
20251214,Vijayapura,16.8302,75.71,18.32,67.94,2.13,4.9298
20251215,Vijayapura,16.8302,75.71,18.28,69.02,2.26,4.8317
20251216,Vijayapura,16.8302,75.71,19.09,67.9,2.12,4.9781
20251217,Vijayapura,16.8302,75.71,20.03,67.78,2.26,5.0138
20251218,Vijayapura,16.8302,75.71,18.58,64.17,2.13,5.2606
20251219,Vijayapura,16.8302,75.71,17.58,59.74,2.36,5.2162
20251220,Vijayapura,16.8302,75.71,17.64,58.47,2.2,5.3261
20251221,Vijayapura,16.8302,75.71,18.35,67.19,2.32,4.7575
20251222,Vijayapura,16.8302,75.71,18.76,70.81,2.12,4.6442
20251223,Vijayapura,16.8302,75.71,18.22,64.76,2.18,4.595
20251224,Vijayapura,16.8302,75.71,17.9,64.68,2.22,4.854
20251225,Vijayapura,16.8302,75.71,18.13,67.87,2.09,4.5876
20251226,Vijayapura,16.8302,75.71,18.88,67.71,2.24,4.7791
20251227,Vijayapura,16.8302,75.71,19.08,67.77,2.37,4.7916
20251228,Vijayapura,16.8302,75.71,18.39,65.43,2.1,4.8173
20251229,Vijayapura,16.8302,75.71,18.6,62.95,1.83,4.788
20251230,Vijayapura,16.8302,75.71,19.92,61.81,1.28,4.7191
20251231,Vijayapura,16.8302,75.71,21.37,50.8,0.73,4.7122
