Date,District,Latitude,Longitude,Temperature,Humidity,WindSpeed,GHI
20200101,Yadgir,16.77,77.1376,25.63,58.82,3.16,3.859
20200102,Yadgir,16.77,77.1376,25.37,67.03,2.01,3.8875
20200103,Yadgir,16.77,77.1376,25.32,63.55,1.33,4.3738
20200104,Yadgir,16.77,77.1376,24.28,58.6,1.39,4.0447
20200105,Yadgir,16.77,77.1376,23.13,63.41,3.0,4.3423
20200106,Yadgir,16.77,77.1376,23.84,59.33,3.21,3.4162
20200107,Yadgir,16.77,77.1376,25.57,63.41,2.54,3.9336
20200108,Yadgir,16.77,77.1376,26.0,62.43,2.41,3.3118
20200109,Yadgir,16.77,77.1376,25.8,57.66,1.74,4.614
20200110,Yadgir,16.77,77.1376,24.46,56.33,3.0,4.0946
20200111,Yadgir,16.77,77.1376,23.65,53.9,2.47,4.5
20200112,Yadgir,16.77,77.1376,22.9,48.18,1.9,4.859
20200113,Yadgir,16.77,77.1376,23.34,39.22,1.18,5.1614
20200114,Yadgir,16.77,77.1376,23.16,43.27,2.12,5.2937
20200115,Yadgir,16.77,77.1376,23.31,49.95,3.17,5.3806
20200116,Yadgir,16.77,77.1376,22.9,52.7,2.25,5.4475
20200117,Yadgir,16.77,77.1376,23.57,51.03,1.79,5.0851
20200118,Yadgir,16.77,77.1376,25.04,56.35,2.12,5.0899
20200119,Yadgir,16.77,77.1376,25.78,55.66,1.74,5.1893
20200120,Yadgir,16.77,77.1376,26.05,50.27,2.0,5.1139
20200121,Yadgir,16.77,77.1376,25.82,47.59,3.11,5.4994
20200122,Yadgir,16.77,77.1376,24.77,47.54,3.13,5.7658
20200123,Yadgir,16.77,77.1376,24.62,47.94,2.53,5.6126
20200124,Yadgir,16.77,77.1376,24.88,42.05,2.2,5.4948
20200125,Yadgir,16.77,77.1376,25.39,40.63,1.58,5.3818
20200126,Yadgir,16.77,77.1376,25.9,38.75,1.48,5.4005
20200127,Yadgir,16.77,77.1376,26.69,38.53,2.2,5.5176
20200128,Yadgir,16.77,77.1376,26.56,45.1,2.25,5.2968
20200129,Yadgir,16.77,77.1376,25.38,45.65,2.68,5.5241
20200130,Yadgir,16.77,77.1376,25.49,36.92,1.95,5.3815
20200131,Yadgir,16.77,77.1376,25.47,43.43,2.25,5.4749
20200201,Yadgir,16.77,77.1376,26.99,43.28,2.45,5.3518
20200202,Yadgir,16.77,77.1376,27.34,48.04,2.76,4.709
20200203,Yadgir,16.77,77.1376,27.0,45.89,2.81,5.2094
20200204,Yadgir,16.77,77.1376,26.28,46.6,2.5,5.743
20200205,Yadgir,16.77,77.1376,27.19,40.25,1.5,5.6916
20200206,Yadgir,16.77,77.1376,28.35,36.95,2.39,5.575
20200207,Yadgir,16.77,77.1376,27.32,36.31,1.9,5.7494
20200208,Yadgir,16.77,77.1376,26.23,35.0,2.03,4.8679
20200209,Yadgir,16.77,77.1376,24.92,55.57,4.09,4.4309
20200210,Yadgir,16.77,77.1376,25.91,54.91,3.51,5.0086
20200211,Yadgir,16.77,77.1376,25.98,56.39,3.48,4.7141
20200212,Yadgir,16.77,77.1376,26.18,49.93,2.46,5.2478
20200213,Yadgir,16.77,77.1376,25.96,36.8,2.37,5.8236
20200214,Yadgir,16.77,77.1376,26.29,24.91,1.45,6.2153
20200215,Yadgir,16.77,77.1376,27.15,21.98,1.11,6.3161
20200216,Yadgir,16.77,77.1376,26.43,28.25,2.18,6.2095
20200217,Yadgir,16.77,77.1376,26.87,28.23,2.44,6.1987
20200218,Yadgir,16.77,77.1376,26.44,22.28,2.21,6.1685
20200219,Yadgir,16.77,77.1376,26.11,25.51,1.75,6.2986
20200220,Yadgir,16.77,77.1376,26.48,45.53,3.03,6.0696
20200221,Yadgir,16.77,77.1376,26.36,38.87,3.4,6.5546
20200222,Yadgir,16.77,77.1376,26.58,38.16,3.28,6.6288
20200223,Yadgir,16.77,77.1376,26.52,40.13,2.77,6.5095
20200224,Yadgir,16.77,77.1376,27.89,41.05,1.99,6.4745
20200225,Yadgir,16.77,77.1376,28.13,28.4,1.62,5.8478
20200226,Yadgir,16.77,77.1376,26.7,21.28,3.06,5.5193
20200227,Yadgir,16.77,77.1376,26.64,22.63,2.35,5.4708
20200228,Yadgir,16.77,77.1376,27.14,31.73,2.08,5.5198
20200229,Yadgir,16.77,77.1376,28.29,43.69,2.09,5.8037
20200301,Yadgir,16.77,77.1376,29.47,40.78,1.91,5.9426
20200302,Yadgir,16.77,77.1376,28.58,46.22,1.33,5.543
20200303,Yadgir,16.77,77.1376,28.7,43.7,1.41,6.0578
20200304,Yadgir,16.77,77.1376,27.88,35.92,2.16,5.862
20200305,Yadgir,16.77,77.1376,27.61,30.1,1.75,6.4433
20200306,Yadgir,16.77,77.1376,26.63,36.96,3.2,6.3504
20200307,Yadgir,16.77,77.1376,28.1,37.96,1.91,5.8757
20200308,Yadgir,16.77,77.1376,30.15,43.05,2.04,5.5037
20200309,Yadgir,16.77,77.1376,31.22,39.97,1.98,4.9826
20200310,Yadgir,16.77,77.1376,31.41,34.93,2.01,6.0437
20200311,Yadgir,16.77,77.1376,30.23,40.41,1.94,6.2966
20200312,Yadgir,16.77,77.1376,30.08,35.36,1.84,6.7661
20200313,Yadgir,16.77,77.1376,31.65,31.97,2.68,6.87
20200314,Yadgir,16.77,77.1376,31.65,30.78,2.23,6.0122
20200315,Yadgir,16.77,77.1376,30.63,36.57,2.32,6.925
20200316,Yadgir,16.77,77.1376,30.19,38.21,2.09,6.9257
20200317,Yadgir,16.77,77.1376,30.8,34.88,2.54,7.0978
20200318,Yadgir,16.77,77.1376,31.21,32.33,2.15,7.0754
20200319,Yadgir,16.77,77.1376,31.3,35.48,0.98,6.2263
20200320,Yadgir,16.77,77.1376,30.87,30.01,1.26,6.6403
20200321,Yadgir,16.77,77.1376,29.23,22.29,2.77,7.2888
20200322,Yadgir,16.77,77.1376,29.28,22.22,2.14,7.0231
20200323,Yadgir,16.77,77.1376,30.28,29.53,1.66,6.522
20200324,Yadgir,16.77,77.1376,31.6,36.68,2.27,6.6929
20200325,Yadgir,16.77,77.1376,32.25,32.81,3.04,6.6967
20200326,Yadgir,16.77,77.1376,31.69,34.1,2.83,7.0507
20200327,Yadgir,16.77,77.1376,31.32,28.93,2.75,7.3258
20200328,Yadgir,16.77,77.1376,31.58,27.92,1.83,7.319
20200329,Yadgir,16.77,77.1376,32.12,25.88,1.67,7.2943
20200330,Yadgir,16.77,77.1376,31.82,26.91,2.15,7.098
20200331,Yadgir,16.77,77.1376,31.91,27.79,2.03,7.2031
20200401,Yadgir,16.77,77.1376,32.38,27.8,1.39,6.7843
20200402,Yadgir,16.77,77.1376,33.96,27.26,1.88,6.5885
20200403,Yadgir,16.77,77.1376,34.38,26.85,3.21,6.535
20200404,Yadgir,16.77,77.1376,32.03,32.3,3.19,5.255
20200405,Yadgir,16.77,77.1376,33.11,28.95,2.58,6.9554
20200406,Yadgir,16.77,77.1376,33.54,34.96,1.79,5.8586
20200407,Yadgir,16.77,77.1376,32.46,39.02,2.57,5.3059
20200408,Yadgir,16.77,77.1376,31.01,35.75,2.89,6.9127
20200409,Yadgir,16.77,77.1376,30.94,27.73,2.09,6.8621
20200410,Yadgir,16.77,77.1376,31.16,41.35,2.83,7.0183
20200411,Yadgir,16.77,77.1376,31.77,33.37,3.08,7.5665
20200412,Yadgir,16.77,77.1376,32.69,32.01,2.01,7.1666
20200413,Yadgir,16.77,77.1376,33.27,30.59,2.25,6.9
20200414,Yadgir,16.77,77.1376,33.64,25.07,2.95,7.0692
20200415,Yadgir,16.77,77.1376,33.45,25.09,2.34,6.9902
20200416,Yadgir,16.77,77.1376,33.52,25.74,2.25,6.7762
20200417,Yadgir,16.77,77.1376,34.31,28.76,2.08,6.6881
20200418,Yadgir,16.77,77.1376,34.96,30.88,2.54,6.5914
20200419,Yadgir,16.77,77.1376,34.25,33.21,1.72,6.8256
20200420,Yadgir,16.77,77.1376,33.83,33.98,2.29,6.3523
20200421,Yadgir,16.77,77.1376,34.3,31.54,2.47,6.8986
20200422,Yadgir,16.77,77.1376,35.23,27.55,1.19,7.105
20200423,Yadgir,16.77,77.1376,35.68,24.89,1.48,6.9559
20200424,Yadgir,16.77,77.1376,36.22,27.0,1.62,6.846
20200425,Yadgir,16.77,77.1376,34.99,29.24,3.63,7.2948
20200426,Yadgir,16.77,77.1376,34.74,26.88,2.14,7.1407
20200427,Yadgir,16.77,77.1376,34.45,23.73,2.89,7.4738
20200428,Yadgir,16.77,77.1376,33.94,40.38,3.55,6.2126
20200429,Yadgir,16.77,77.1376,34.24,35.53,2.66,7.1441
20200430,Yadgir,16.77,77.1376,34.61,33.7,1.79,6.9046
20200501,Yadgir,16.77,77.1376,35.91,29.73,1.48,6.6139
20200502,Yadgir,16.77,77.1376,35.91,29.68,2.27,6.3398
20200503,Yadgir,16.77,77.1376,35.93,28.06,2.05,6.4939
20200504,Yadgir,16.77,77.1376,36.49,29.26,1.54,6.6708
20200505,Yadgir,16.77,77.1376,36.63,27.69,1.58,6.7037
20200506,Yadgir,16.77,77.1376,36.94,28.91,2.13,6.5633
20200507,Yadgir,16.77,77.1376,35.33,36.59,3.69,6.3329
20200508,Yadgir,16.77,77.1376,34.27,44.21,2.37,6.5167
20200509,Yadgir,16.77,77.1376,32.5,54.14,1.83,6.4747
20200510,Yadgir,16.77,77.1376,31.54,52.06,2.52,5.268
20200511,Yadgir,16.77,77.1376,32.39,49.47,2.62,6.2333
20200512,Yadgir,16.77,77.1376,32.54,49.05,1.52,6.6038
20200513,Yadgir,16.77,77.1376,32.65,48.53,2.54,7.0111
20200514,Yadgir,16.77,77.1376,33.25,44.84,2.42,6.8916
20200515,Yadgir,16.77,77.1376,33.58,41.43,1.9,6.9192
20200516,Yadgir,16.77,77.1376,33.99,42.07,2.25,6.0106
20200517,Yadgir,16.77,77.1376,33.06,44.64,2.53,5.0866
20200518,Yadgir,16.77,77.1376,33.53,39.43,3.85,5.8387
20200519,Yadgir,16.77,77.1376,34.19,30.28,4.64,4.6687
20200520,Yadgir,16.77,77.1376,34.68,30.04,3.81,6.5674
20200521,Yadgir,16.77,77.1376,35.08,25.42,4.36,7.1995
20200522,Yadgir,16.77,77.1376,35.44,22.7,2.37,7.5199
20200523,Yadgir,16.77,77.1376,36.6,19.79,2.86,7.4578
20200524,Yadgir,16.77,77.1376,36.37,28.46,1.99,7.1731
20200525,Yadgir,16.77,77.1376,37.1,29.88,2.38,6.745
20200526,Yadgir,16.77,77.1376,36.68,34.81,3.06,7.069
20200527,Yadgir,16.77,77.1376,37.29,30.69,3.15,7.1597
20200528,Yadgir,16.77,77.1376,37.06,27.0,3.85,7.4314
20200529,Yadgir,16.77,77.1376,36.0,34.11,3.52,7.428
20200530,Yadgir,16.77,77.1376,30.32,58.19,1.99,5.1185
20200531,Yadgir,16.77,77.1376,28.77,70.37,2.69,6.0377
20200601,Yadgir,16.77,77.1376,28.24,72.98,1.17,6.1157
20200602,Yadgir,16.77,77.1376,26.96,79.88,1.93,6.3449
20200603,Yadgir,16.77,77.1376,27.45,72.06,4.86,4.9037
20200604,Yadgir,16.77,77.1376,28.46,66.08,5.01,5.5318
20200605,Yadgir,16.77,77.1376,29.42,57.8,4.2,6.6192
20200606,Yadgir,16.77,77.1376,28.99,58.22,4.21,6.4896
20200607,Yadgir,16.77,77.1376,29.67,60.21,3.98,6.1248
20200608,Yadgir,16.77,77.1376,29.99,56.86,4.72,6.0564
20200609,Yadgir,16.77,77.1376,30.05,51.96,3.81,6.8083
20200610,Yadgir,16.77,77.1376,29.52,61.47,4.1,3.8981
20200611,Yadgir,16.77,77.1376,27.24,72.01,3.94,2.809
20200612,Yadgir,16.77,77.1376,26.43,75.67,2.81,3.7085
20200613,Yadgir,16.77,77.1376,28.16,66.78,5.21,3.9319
20200614,Yadgir,16.77,77.1376,29.27,61.55,5.04,4.9682
20200615,Yadgir,16.77,77.1376,29.82,62.18,5.38,4.9198
20200616,Yadgir,16.77,77.1376,28.23,74.45,4.92,3.8239
20200617,Yadgir,16.77,77.1376,27.36,76.63,4.87,5.1605
20200618,Yadgir,16.77,77.1376,27.67,73.02,4.84,5.1662
20200619,Yadgir,16.77,77.1376,28.22,72.16,4.64,5.3712
20200620,Yadgir,16.77,77.1376,28.4,69.51,4.27,5.7473
20200621,Yadgir,16.77,77.1376,28.31,69.46,4.16,5.3177
20200622,Yadgir,16.77,77.1376,27.11,72.61,4.11,4.9774
20200623,Yadgir,16.77,77.1376,28.11,65.62,3.49,6.2834
20200624,Yadgir,16.77,77.1376,29.14,62.86,2.74,6.9115
20200625,Yadgir,16.77,77.1376,29.28,65.81,2.43,6.8928
20200626,Yadgir,16.77,77.1376,29.0,69.97,2.03,6.1826
20200627,Yadgir,16.77,77.1376,27.3,81.27,2.26,6.3221
20200628,Yadgir,16.77,77.1376,26.0,86.63,2.52,5.3282
20200629,Yadgir,16.77,77.1376,27.17,79.69,1.36,5.6429
20200630,Yadgir,16.77,77.1376,26.88,78.56,2.0,4.7549
20200701,Yadgir,16.77,77.1376,27.32,76.25,3.6,6.0367
20200702,Yadgir,16.77,77.1376,26.08,79.32,4.48,5.5224
20200703,Yadgir,16.77,77.1376,25.63,79.21,5.19,4.8907
20200704,Yadgir,16.77,77.1376,25.36,81.08,4.44,3.1255
20200705,Yadgir,16.77,77.1376,26.52,75.49,5.29,4.079
20200706,Yadgir,16.77,77.1376,26.21,77.23,4.29,2.9705
20200707,Yadgir,16.77,77.1376,26.41,77.8,4.06,4.6248
20200708,Yadgir,16.77,77.1376,26.65,77.87,3.68,5.6014
20200709,Yadgir,16.77,77.1376,26.04,80.53,2.69,4.5634
20200710,Yadgir,16.77,77.1376,26.78,78.99,3.64,4.2185
20200711,Yadgir,16.77,77.1376,26.75,76.46,3.9,5.4948
20200712,Yadgir,16.77,77.1376,26.41,75.82,3.31,4.9913
20200713,Yadgir,16.77,77.1376,26.74,76.97,2.54,5.5618
20200714,Yadgir,16.77,77.1376,26.14,83.41,2.19,4.1491
20200715,Yadgir,16.77,77.1376,24.98,86.74,4.68,1.9207
20200716,Yadgir,16.77,77.1376,24.84,82.79,4.76,4.0805
20200717,Yadgir,16.77,77.1376,26.18,78.11,3.91,4.8559
20200718,Yadgir,16.77,77.1376,26.62,80.74,2.61,5.7972
20200719,Yadgir,16.77,77.1376,26.27,82.78,2.31,5.2764
20200720,Yadgir,16.77,77.1376,26.63,82.13,2.62,4.9541
20200721,Yadgir,16.77,77.1376,26.4,84.02,2.04,6.2906
20200722,Yadgir,16.77,77.1376,26.36,84.39,2.2,5.3976
20200723,Yadgir,16.77,77.1376,25.66,84.26,0.78,1.6022
20200724,Yadgir,16.77,77.1376,25.65,83.41,1.54,4.9416
20200725,Yadgir,16.77,77.1376,25.28,83.73,2.14,3.5954
20200726,Yadgir,16.77,77.1376,25.94,80.11,3.21,6.1829
20200727,Yadgir,16.77,77.1376,26.47,80.08,3.17,6.2726
20200728,Yadgir,16.77,77.1376,25.48,87.43,2.68,5.6717
20200729,Yadgir,16.77,77.1376,25.18,89.97,2.18,5.7595
20200730,Yadgir,16.77,77.1376,26.75,82.95,1.5,5.592
20200731,Yadgir,16.77,77.1376,26.31,84.38,1.68,5.6162
20200801,Yadgir,16.77,77.1376,26.19,85.78,2.28,5.1245
20200802,Yadgir,16.77,77.1376,26.49,83.44,3.11,5.6018
20200803,Yadgir,16.77,77.1376,25.3,84.74,4.56,4.212
20200804,Yadgir,16.77,77.1376,25.1,86.31,5.55,4.014
20200805,Yadgir,16.77,77.1376,25.51,86.67,5.7,3.4344
20200806,Yadgir,16.77,77.1376,26.91,80.09,5.14,5.352
20200807,Yadgir,16.77,77.1376,26.38,82.81,3.92,4.6008
20200808,Yadgir,16.77,77.1376,26.24,81.72,4.08,5.0587
20200809,Yadgir,16.77,77.1376,25.83,83.4,4.16,4.3147
20200810,Yadgir,16.77,77.1376,26.14,81.77,4.0,2.569
20200811,Yadgir,16.77,77.1376,26.01,82.22,4.36,5.2946
20200812,Yadgir,16.77,77.1376,25.14,85.47,3.95,3.4889
20200813,Yadgir,16.77,77.1376,24.77,87.94,4.53,1.584
20200814,Yadgir,16.77,77.1376,24.93,85.38,5.14,1.7916
20200815,Yadgir,16.77,77.1376,24.54,89.26,4.43,1.8202
20200816,Yadgir,16.77,77.1376,24.83,87.64,4.2,1.7417
20200817,Yadgir,16.77,77.1376,25.7,83.81,4.06,3.245
20200818,Yadgir,16.77,77.1376,26.04,82.73,4.02,5.0422
20200819,Yadgir,16.77,77.1376,25.97,83.8,3.43,4.3922
20200820,Yadgir,16.77,77.1376,25.02,88.48,4.03,3.0737
20200821,Yadgir,16.77,77.1376,25.25,85.99,4.03,4.3272
20200822,Yadgir,16.77,77.1376,25.78,84.19,3.46,5.3285
20200823,Yadgir,16.77,77.1376,26.46,82.22,3.11,5.2709
20200824,Yadgir,16.77,77.1376,26.28,83.28,2.8,5.5747
20200825,Yadgir,16.77,77.1376,26.4,82.12,2.14,6.0883
20200826,Yadgir,16.77,77.1376,26.24,81.99,2.11,5.1569
20200827,Yadgir,16.77,77.1376,25.65,83.59,3.24,4.2696
20200828,Yadgir,16.77,77.1376,25.66,82.85,2.83,5.5078
20200829,Yadgir,16.77,77.1376,25.72,83.9,2.91,5.7346
20200830,Yadgir,16.77,77.1376,25.82,82.94,2.74,6.2897
20200831,Yadgir,16.77,77.1376,26.31,81.04,2.29,6.283
20200901,Yadgir,16.77,77.1376,25.9,84.42,2.19,5.8133
20200902,Yadgir,16.77,77.1376,24.5,90.87,1.44,4.1724
20200903,Yadgir,16.77,77.1376,26.07,83.07,1.26,5.9887
20200904,Yadgir,16.77,77.1376,26.32,82.99,2.36,6.6905
20200905,Yadgir,16.77,77.1376,26.62,79.93,1.94,6.48
20200906,Yadgir,16.77,77.1376,26.71,74.67,1.27,6.6835
20200907,Yadgir,16.77,77.1376,27.27,76.24,1.06,6.1687
20200908,Yadgir,16.77,77.1376,27.01,79.7,0.74,5.6016
20200909,Yadgir,16.77,77.1376,26.62,82.48,1.21,6.0763
20200910,Yadgir,16.77,77.1376,26.52,83.08,1.13,5.6683
20200911,Yadgir,16.77,77.1376,25.99,85.3,2.23,5.0352
20200912,Yadgir,16.77,77.1376,25.36,86.21,2.43,4.5127
20200913,Yadgir,16.77,77.1376,24.6,87.25,3.05,2.8049
20200914,Yadgir,16.77,77.1376,24.85,85.48,3.78,1.6464
20200915,Yadgir,16.77,77.1376,24.94,86.57,3.07,3.2563
20200916,Yadgir,16.77,77.1376,25.39,88.87,3.49,2.8325
20200917,Yadgir,16.77,77.1376,25.17,89.84,3.05,4.4995
20200918,Yadgir,16.77,77.1376,25.04,90.98,3.09,3.9281
20200919,Yadgir,16.77,77.1376,25.01,89.31,2.77,2.0131
20200920,Yadgir,16.77,77.1376,24.18,91.84,2.88,4.1518
20200921,Yadgir,16.77,77.1376,25.16,88.13,3.52,4.0978
20200922,Yadgir,16.77,77.1376,24.52,87.18,4.35,3.9924
20200923,Yadgir,16.77,77.1376,24.71,84.64,4.02,4.3879
20200924,Yadgir,16.77,77.1376,25.49,85.67,2.73,4.9814
20200925,Yadgir,16.77,77.1376,25.03,90.15,2.83,5.3414
20200926,Yadgir,16.77,77.1376,24.2,94.02,2.53,1.9253
20200927,Yadgir,16.77,77.1376,24.58,82.54,1.64,4.6142
20200928,Yadgir,16.77,77.1376,25.28,84.91,1.49,5.1737
20200929,Yadgir,16.77,77.1376,25.44,86.47,1.65,4.9582
20200930,Yadgir,16.77,77.1376,24.9,89.23,1.52,3.8909
20201001,Yadgir,16.77,77.1376,24.83,82.48,1.58,4.219
20201002,Yadgir,16.77,77.1376,25.11,84.25,1.78,5.8776
20201003,Yadgir,16.77,77.1376,25.71,83.81,2.0,5.2512
20201004,Yadgir,16.77,77.1376,24.67,88.09,2.61,4.656
20201005,Yadgir,16.77,77.1376,24.85,83.79,1.94,5.5102
20201006,Yadgir,16.77,77.1376,25.64,81.9,2.02,5.8258
20201007,Yadgir,16.77,77.1376,24.68,80.92,1.89,4.507
20201008,Yadgir,16.77,77.1376,24.99,81.3,1.58,4.9536
20201009,Yadgir,16.77,77.1376,26.06,83.7,0.99,4.7059
20201010,Yadgir,16.77,77.1376,25.04,88.37,1.03,4.3378
20201011,Yadgir,16.77,77.1376,24.19,90.98,1.44,2.7528
20201012,Yadgir,16.77,77.1376,24.79,88.64,1.42,3.5801
20201013,Yadgir,16.77,77.1376,24.8,87.8,2.19,2.3971
20201014,Yadgir,16.77,77.1376,24.69,93.12,2.82,2.5351
20201015,Yadgir,16.77,77.1376,25.2,89.4,2.83,3.6526
20201016,Yadgir,16.77,77.1376,25.05,86.07,1.6,4.9291
20201017,Yadgir,16.77,77.1376,25.69,81.09,1.39,5.6045
20201018,Yadgir,16.77,77.1376,24.86,88.59,1.82,5.4024
20201019,Yadgir,16.77,77.1376,24.85,89.37,1.14,5.1437
20201020,Yadgir,16.77,77.1376,24.81,89.05,1.21,3.6264
20201021,Yadgir,16.77,77.1376,24.97,88.6,1.25,3.6132
20201022,Yadgir,16.77,77.1376,25.65,79.69,1.09,4.8355
20201023,Yadgir,16.77,77.1376,25.26,76.14,0.65,4.8252
20201024,Yadgir,16.77,77.1376,25.34,78.7,0.76,4.8718
20201025,Yadgir,16.77,77.1376,25.06,82.83,0.72,5.2486
20201026,Yadgir,16.77,77.1376,24.13,85.16,1.79,5.0117
20201027,Yadgir,16.77,77.1376,23.36,82.63,1.81,5.5687
20201028,Yadgir,16.77,77.1376,23.04,79.09,1.53,5.5138
20201029,Yadgir,16.77,77.1376,22.63,78.39,1.45,5.0208
20201030,Yadgir,16.77,77.1376,23.94,81.1,1.53,4.4758
20201031,Yadgir,16.77,77.1376,23.4,81.8,1.71,5.2471
20201101,Yadgir,16.77,77.1376,22.13,78.07,1.82,5.4156
20201102,Yadgir,16.77,77.1376,22.52,82.86,1.98,5.5548
20201103,Yadgir,16.77,77.1376,23.11,82.5,2.47,5.1533
20201104,Yadgir,16.77,77.1376,21.59,76.66,2.14,5.1223
20201105,Yadgir,16.77,77.1376,20.83,68.99,1.84,5.2531
20201106,Yadgir,16.77,77.1376,21.34,74.23,1.84,4.6308
20201107,Yadgir,16.77,77.1376,23.8,86.08,2.44,4.1244
20201108,Yadgir,16.77,77.1376,23.35,83.04,2.14,5.0203
20201109,Yadgir,16.77,77.1376,20.04,75.93,2.12,5.4538
20201110,Yadgir,16.77,77.1376,18.92,78.41,2.02,5.5186
20201111,Yadgir,16.77,77.1376,20.21,79.62,2.04,5.8906
20201112,Yadgir,16.77,77.1376,22.97,85.56,2.88,3.395
20201113,Yadgir,16.77,77.1376,24.02,85.99,2.29,3.8544
20201114,Yadgir,16.77,77.1376,23.19,83.76,1.76,5.7689
20201115,Yadgir,16.77,77.1376,23.18,83.62,2.03,5.3316
20201116,Yadgir,16.77,77.1376,24.02,85.95,2.72,4.1832
20201117,Yadgir,16.77,77.1376,23.61,83.76,2.48,4.9805
20201118,Yadgir,16.77,77.1376,23.2,84.66,1.96,5.01
20201119,Yadgir,16.77,77.1376,23.1,81.9,1.89,5.3364
20201120,Yadgir,16.77,77.1376,23.89,81.89,1.59,5.4382
20201121,Yadgir,16.77,77.1376,24.02,80.76,0.98,5.5397
20201122,Yadgir,16.77,77.1376,23.11,83.59,2.3,4.9452
20201123,Yadgir,16.77,77.1376,22.16,81.24,1.7,3.9967
20201124,Yadgir,16.77,77.1376,21.42,72.38,2.18,4.3397
20201125,Yadgir,16.77,77.1376,21.72,79.03,2.49,4.957
20201126,Yadgir,16.77,77.1376,21.57,85.0,2.83,2.461
20201127,Yadgir,16.77,77.1376,21.08,84.35,3.51,1.6447
20201128,Yadgir,16.77,77.1376,22.34,85.47,3.29,2.7386
20201129,Yadgir,16.77,77.1376,23.41,84.17,2.3,3.3826
20201130,Yadgir,16.77,77.1376,22.94,79.82,1.63,4.6164
20201201,Yadgir,16.77,77.1376,22.49,79.61,1.71,5.1151
20201202,Yadgir,16.77,77.1376,21.17,79.5,1.65,5.2234
20201203,Yadgir,16.77,77.1376,21.41,77.18,1.48,4.4086
20201204,Yadgir,16.77,77.1376,21.53,77.76,1.68,4.9493
20201205,Yadgir,16.77,77.1376,21.97,77.15,1.92,4.9951
20201206,Yadgir,16.77,77.1376,20.98,72.28,2.04,5.269
20201207,Yadgir,16.77,77.1376,21.34,70.29,2.08,4.7938
20201208,Yadgir,16.77,77.1376,21.78,72.94,2.15,5.2097
20201209,Yadgir,16.77,77.1376,21.92,72.7,1.58,5.2421
20201210,Yadgir,16.77,77.1376,21.7,72.65,1.55,5.3119
20201211,Yadgir,16.77,77.1376,21.66,73.36,1.71,5.2373
20201212,Yadgir,16.77,77.1376,20.82,71.54,1.88,5.1415
20201213,Yadgir,16.77,77.1376,21.01,73.87,1.63,5.1389
20201214,Yadgir,16.77,77.1376,21.49,74.1,1.82,5.1787
20201215,Yadgir,16.77,77.1376,21.42,72.34,2.44,5.0693
20201216,Yadgir,16.77,77.1376,21.83,78.52,2.22,4.6886
20201217,Yadgir,16.77,77.1376,22.3,73.67,1.68,4.8874
20201218,Yadgir,16.77,77.1376,22.06,73.74,2.04,4.686
20201219,Yadgir,16.77,77.1376,20.7,68.79,2.42,4.1314
20201220,Yadgir,16.77,77.1376,20.05,67.56,2.43,4.8221
20201221,Yadgir,16.77,77.1376,18.13,56.8,1.85,5.2747
20201222,Yadgir,16.77,77.1376,17.8,63.03,1.58,5.2546
20201223,Yadgir,16.77,77.1376,18.77,67.97,1.73,5.0213
20201224,Yadgir,16.77,77.1376,19.54,69.56,1.69,4.9529
20201225,Yadgir,16.77,77.1376,19.91,70.72,1.95,4.7275
20201226,Yadgir,16.77,77.1376,20.3,71.84,1.86,4.3452
20201227,Yadgir,16.77,77.1376,20.71,68.71,1.5,4.7314
20201228,Yadgir,16.77,77.1376,20.65,71.23,1.63,4.6322
20201229,Yadgir,16.77,77.1376,20.86,69.24,1.71,4.6272
20201230,Yadgir,16.77,77.1376,21.42,69.78,2.25,4.4088
20201231,Yadgir,16.77,77.1376,21.71,72.64,2.2,4.374
20210101,Yadgir,16.77,77.1376,22.28,74.05,2.45,4.4302
20210102,Yadgir,16.77,77.1376,21.36,73.66,2.17,4.7669
20210103,Yadgir,16.77,77.1376,21.29,66.69,2.47,4.9579
20210104,Yadgir,16.77,77.1376,21.97,64.96,2.75,5.1598
20210105,Yadgir,16.77,77.1376,23.01,68.57,2.28,4.5154
20210106,Yadgir,16.77,77.1376,24.4,75.94,2.09,2.4686
20210107,Yadgir,16.77,77.1376,24.14,77.64,2.28,3.085
20210108,Yadgir,16.77,77.1376,24.6,70.41,2.47,4.0913
20210109,Yadgir,16.77,77.1376,24.56,64.7,2.79,4.128
20210110,Yadgir,16.77,77.1376,24.56,61.34,2.2,5.0585
20210111,Yadgir,16.77,77.1376,24.27,60.35,2.08,4.7172
20210112,Yadgir,16.77,77.1376,25.07,63.44,2.39,4.3373
20210113,Yadgir,16.77,77.1376,23.99,66.71,2.01,4.1402
20210114,Yadgir,16.77,77.1376,24.33,62.71,1.81,4.9562
20210115,Yadgir,16.77,77.1376,24.78,62.32,1.87,4.8365
20210116,Yadgir,16.77,77.1376,25.06,60.29,2.16,3.6905
20210117,Yadgir,16.77,77.1376,25.46,57.37,2.85,4.9774
20210118,Yadgir,16.77,77.1376,24.92,59.48,2.42,4.9421
20210119,Yadgir,16.77,77.1376,24.85,60.3,1.72,5.0897
20210120,Yadgir,16.77,77.1376,25.42,53.54,1.03,5.4245
20210121,Yadgir,16.77,77.1376,25.31,45.4,1.01,5.3561
20210122,Yadgir,16.77,77.1376,25.06,51.57,2.01,4.8631
20210123,Yadgir,16.77,77.1376,25.31,54.87,1.61,5.0947
20210124,Yadgir,16.77,77.1376,25.68,46.14,1.15,5.3952
20210125,Yadgir,16.77,77.1376,25.62,41.76,0.75,5.5308
20210126,Yadgir,16.77,77.1376,25.02,41.65,1.22,5.6746
20210127,Yadgir,16.77,77.1376,24.46,46.05,1.66,5.1998
20210128,Yadgir,16.77,77.1376,24.54,53.67,2.32,5.1151
20210129,Yadgir,16.77,77.1376,25.9,52.1,2.07,5.0534
20210130,Yadgir,16.77,77.1376,26.56,45.56,1.84,5.5037
20210131,Yadgir,16.77,77.1376,25.92,49.91,2.33,5.3926
20210201,Yadgir,16.77,77.1376,25.13,50.52,2.64,4.7659
20210202,Yadgir,16.77,77.1376,23.86,42.04,2.47,5.381
20210203,Yadgir,16.77,77.1376,23.16,37.99,2.18,5.5963
20210204,Yadgir,16.77,77.1376,23.82,43.67,2.36,5.7998
20210205,Yadgir,16.77,77.1376,24.33,43.97,2.09,5.8325
20210206,Yadgir,16.77,77.1376,24.5,39.94,1.56,5.9138
20210207,Yadgir,16.77,77.1376,23.52,38.4,2.7,5.9131
20210208,Yadgir,16.77,77.1376,23.11,29.01,2.98,5.9498
20210209,Yadgir,16.77,77.1376,23.81,38.92,2.11,6.0067
20210210,Yadgir,16.77,77.1376,23.98,40.21,1.49,6.011
20210211,Yadgir,16.77,77.1376,24.26,39.69,2.07,6.0617
20210212,Yadgir,16.77,77.1376,24.94,44.15,2.18,5.9705
20210213,Yadgir,16.77,77.1376,24.78,40.23,2.24,6.0979
20210214,Yadgir,16.77,77.1376,24.72,38.22,1.91,6.288
20210215,Yadgir,16.77,77.1376,25.1,38.17,1.81,6.1968
20210216,Yadgir,16.77,77.1376,25.52,35.48,2.35,6.097
20210217,Yadgir,16.77,77.1376,25.63,35.91,3.12,5.9376
20210218,Yadgir,16.77,77.1376,25.59,45.7,2.89,5.3561
20210219,Yadgir,16.77,77.1376,25.35,46.68,2.78,2.849
20210220,Yadgir,16.77,77.1376,24.72,49.82,3.47,5.1478
20210221,Yadgir,16.77,77.1376,24.97,52.1,3.16,4.933
20210222,Yadgir,16.77,77.1376,26.44,45.15,1.22,5.5042
20210223,Yadgir,16.77,77.1376,27.11,36.93,1.84,6.1742
20210224,Yadgir,16.77,77.1376,27.01,27.89,1.59,6.3785
20210225,Yadgir,16.77,77.1376,27.79,30.73,0.87,6.5206
20210226,Yadgir,16.77,77.1376,28.71,24.33,1.01,6.2683
20210227,Yadgir,16.77,77.1376,28.52,25.07,1.75,5.9098
20210228,Yadgir,16.77,77.1376,28.36,23.49,1.78,6.4711
20210301,Yadgir,16.77,77.1376,28.43,25.89,1.18,6.2359
20210302,Yadgir,16.77,77.1376,29.04,26.88,2.2,6.2078
20210303,Yadgir,16.77,77.1376,28.56,24.34,2.78,6.6394
20210304,Yadgir,16.77,77.1376,27.93,22.75,2.45,6.8436
20210305,Yadgir,16.77,77.1376,28.09,24.79,1.97,7.0183
20210306,Yadgir,16.77,77.1376,28.18,20.04,0.91,6.8345
20210307,Yadgir,16.77,77.1376,28.39,22.6,1.82,6.7126
20210308,Yadgir,16.77,77.1376,28.84,25.1,2.94,6.8095
20210309,Yadgir,16.77,77.1376,28.3,32.28,2.83,6.7774
20210310,Yadgir,16.77,77.1376,28.57,29.29,2.59,6.9154
20210311,Yadgir,16.77,77.1376,28.14,28.09,3.17,7.2216
20210312,Yadgir,16.77,77.1376,27.93,25.0,3.37,7.2139
20210313,Yadgir,16.77,77.1376,27.77,24.55,2.39,7.506
20210314,Yadgir,16.77,77.1376,28.15,24.07,2.65,6.9881
20210315,Yadgir,16.77,77.1376,28.74,25.71,2.37,7.0958
20210316,Yadgir,16.77,77.1376,29.12,27.42,2.22,6.6602
20210317,Yadgir,16.77,77.1376,30.2,28.61,2.35,5.9129
20210318,Yadgir,16.77,77.1376,30.9,29.07,2.44,5.597
20210319,Yadgir,16.77,77.1376,30.73,26.07,2.27,6.0026
20210320,Yadgir,16.77,77.1376,30.54,28.52,3.02,6.3962
20210321,Yadgir,16.77,77.1376,29.99,25.8,2.56,6.6967
20210322,Yadgir,16.77,77.1376,30.84,27.6,2.41,5.1264
20210323,Yadgir,16.77,77.1376,31.51,27.2,3.17,7.1088
20210324,Yadgir,16.77,77.1376,31.3,26.41,2.23,6.8767
20210325,Yadgir,16.77,77.1376,31.52,24.44,2.12,5.9333
20210326,Yadgir,16.77,77.1376,32.23,23.18,2.38,6.0874
20210327,Yadgir,16.77,77.1376,32.29,22.37,1.76,5.7173
20210328,Yadgir,16.77,77.1376,31.92,21.05,1.51,6.2666
20210329,Yadgir,16.77,77.1376,31.73,21.39,1.75,6.7531
20210330,Yadgir,16.77,77.1376,31.89,18.96,1.59,6.6446
20210331,Yadgir,16.77,77.1376,31.99,13.62,2.61,7.4734
20210401,Yadgir,16.77,77.1376,31.99,16.53,2.71,7.4184
20210402,Yadgir,16.77,77.1376,32.02,20.15,2.86,7.5631
20210403,Yadgir,16.77,77.1376,32.0,17.73,1.62,7.4604
20210404,Yadgir,16.77,77.1376,32.13,20.61,3.24,7.2341
20210405,Yadgir,16.77,77.1376,32.17,15.68,2.48,6.174
20210406,Yadgir,16.77,77.1376,32.04,31.58,2.43,6.2861
20210407,Yadgir,16.77,77.1376,32.65,28.06,2.44,6.2455
20210408,Yadgir,16.77,77.1376,32.82,26.55,2.55,5.2546
20210409,Yadgir,16.77,77.1376,32.91,25.22,1.99,6.4805
20210410,Yadgir,16.77,77.1376,32.27,31.7,2.43,5.8495
20210411,Yadgir,16.77,77.1376,32.39,32.58,2.08,6.8282
20210412,Yadgir,16.77,77.1376,31.09,44.12,2.15,6.6007
20210413,Yadgir,16.77,77.1376,30.4,50.05,2.04,6.4733
20210414,Yadgir,16.77,77.1376,28.74,60.62,1.47,6.3221
20210415,Yadgir,16.77,77.1376,29.33,52.35,1.17,6.9998
20210416,Yadgir,16.77,77.1376,30.17,47.47,1.04,6.8981
20210417,Yadgir,16.77,77.1376,30.62,47.72,1.19,6.5537
20210418,Yadgir,16.77,77.1376,31.7,45.61,1.63,5.9489
20210419,Yadgir,16.77,77.1376,31.94,45.69,1.61,6.3086
20210420,Yadgir,16.77,77.1376,32.57,34.83,2.17,6.6492
20210421,Yadgir,16.77,77.1376,32.69,33.31,2.6,5.9722
20210422,Yadgir,16.77,77.1376,32.66,33.83,2.72,6.1512
20210423,Yadgir,16.77,77.1376,31.48,44.49,2.46,5.675
20210424,Yadgir,16.77,77.1376,33.13,37.97,1.82,6.245
20210425,Yadgir,16.77,77.1376,33.72,39.04,1.88,6.5122
20210426,Yadgir,16.77,77.1376,33.35,38.12,2.07,6.642
20210427,Yadgir,16.77,77.1376,33.17,37.9,1.03,6.7795
20210428,Yadgir,16.77,77.1376,33.13,37.62,1.04,5.8104
20210429,Yadgir,16.77,77.1376,34.26,32.04,2.07,6.515
20210430,Yadgir,16.77,77.1376,34.24,30.23,1.84,6.7514
20210501,Yadgir,16.77,77.1376,33.33,32.1,3.04,6.2052
20210502,Yadgir,16.77,77.1376,33.36,34.99,1.71,6.8278
20210503,Yadgir,16.77,77.1376,33.79,33.66,2.19,7.1153
20210504,Yadgir,16.77,77.1376,32.99,39.28,1.52,5.5819
20210505,Yadgir,16.77,77.1376,33.38,38.29,2.43,6.5446
20210506,Yadgir,16.77,77.1376,33.57,40.79,2.67,6.8472
20210507,Yadgir,16.77,77.1376,33.03,40.78,3.2,6.2664
20210508,Yadgir,16.77,77.1376,33.41,42.55,2.26,6.8047
20210509,Yadgir,16.77,77.1376,33.38,41.52,1.67,6.5698
20210510,Yadgir,16.77,77.1376,33.51,47.74,1.18,5.8255
20210511,Yadgir,16.77,77.1376,32.74,48.25,2.5,5.2577
20210512,Yadgir,16.77,77.1376,33.89,39.71,2.27,6.5544
20210513,Yadgir,16.77,77.1376,29.97,57.54,2.18,5.5685
20210514,Yadgir,16.77,77.1376,28.74,66.8,1.74,6.3475
20210515,Yadgir,16.77,77.1376,30.92,55.78,5.74,5.73
20210516,Yadgir,16.77,77.1376,28.74,67.33,6.28,5.6496
20210517,Yadgir,16.77,77.1376,29.89,63.01,4.85,6.5813
20210518,Yadgir,16.77,77.1376,28.55,67.29,3.77,6.6701
20210519,Yadgir,16.77,77.1376,29.59,64.38,3.29,6.4591
20210520,Yadgir,16.77,77.1376,29.69,64.14,3.23,5.5037
20210521,Yadgir,16.77,77.1376,30.98,55.46,2.92,5.6162
20210522,Yadgir,16.77,77.1376,31.1,51.1,3.74,5.8462
20210523,Yadgir,16.77,77.1376,31.25,52.87,3.59,6.4315
20210524,Yadgir,16.77,77.1376,30.9,55.18,3.52,3.641
20210525,Yadgir,16.77,77.1376,31.97,51.31,4.84,5.7521
20210526,Yadgir,16.77,77.1376,32.45,48.47,5.54,6.3408
20210527,Yadgir,16.77,77.1376,32.35,46.32,5.95,7.1023
20210528,Yadgir,16.77,77.1376,31.36,52.15,4.8,6.211
20210529,Yadgir,16.77,77.1376,30.79,59.35,3.52,6.6542
20210530,Yadgir,16.77,77.1376,29.88,64.9,3.17,6.5918
20210531,Yadgir,16.77,77.1376,30.59,62.54,2.95,6.7452
20210601,Yadgir,16.77,77.1376,30.04,64.06,2.7,7.0896
20210602,Yadgir,16.77,77.1376,28.98,71.3,1.85,6.3562
20210603,Yadgir,16.77,77.1376,28.58,70.95,1.21,4.476
20210604,Yadgir,16.77,77.1376,28.34,71.88,1.46,5.8901
20210605,Yadgir,16.77,77.1376,28.83,66.62,1.62,6.617
20210606,Yadgir,16.77,77.1376,28.99,66.18,2.46,6.2275
20210607,Yadgir,16.77,77.1376,28.83,64.46,3.99,7.3142
20210608,Yadgir,16.77,77.1376,29.84,60.62,4.33,7.4311
20210609,Yadgir,16.77,77.1376,28.55,66.8,4.9,5.0239
20210610,Yadgir,16.77,77.1376,27.12,69.21,5.91,4.7808
20210611,Yadgir,16.77,77.1376,28.55,55.35,6.01,4.9728
20210612,Yadgir,16.77,77.1376,27.35,70.94,4.99,5.6818
20210613,Yadgir,16.77,77.1376,26.61,76.26,4.98,5.0309
20210614,Yadgir,16.77,77.1376,26.38,72.46,3.86,3.978
20210615,Yadgir,16.77,77.1376,27.51,65.41,5.53,4.6344
20210616,Yadgir,16.77,77.1376,27.3,68.5,5.69,4.2691
20210617,Yadgir,16.77,77.1376,27.59,70.81,5.78,5.0321
20210618,Yadgir,16.77,77.1376,27.81,70.56,5.79,4.7729
20210619,Yadgir,16.77,77.1376,27.43,71.57,5.16,3.9377
20210620,Yadgir,16.77,77.1376,27.5,69.46,4.98,6.2674
20210621,Yadgir,16.77,77.1376,28.35,66.58,3.97,6.3734
20210622,Yadgir,16.77,77.1376,28.29,65.54,4.29,6.1886
20210623,Yadgir,16.77,77.1376,27.07,71.11,3.73,5.4271
20210624,Yadgir,16.77,77.1376,27.43,67.24,4.35,4.2655
20210625,Yadgir,16.77,77.1376,27.76,63.54,4.53,4.6171
20210626,Yadgir,16.77,77.1376,26.82,72.33,3.81,5.1857
20210627,Yadgir,16.77,77.1376,24.79,82.89,4.91,1.5881
20210628,Yadgir,16.77,77.1376,27.01,75.22,2.25,4.3673
20210629,Yadgir,16.77,77.1376,28.44,69.38,2.55,6.8614
20210630,Yadgir,16.77,77.1376,29.3,66.4,3.32,7.2346
20210701,Yadgir,16.77,77.1376,27.32,73.9,3.32,5.1583
20210702,Yadgir,16.77,77.1376,26.61,74.4,3.52,3.4906
20210703,Yadgir,16.77,77.1376,28.48,67.31,3.55,5.4751
20210704,Yadgir,16.77,77.1376,29.14,66.31,2.93,5.4444
20210705,Yadgir,16.77,77.1376,27.97,71.56,3.02,4.4964
20210706,Yadgir,16.77,77.1376,26.79,80.98,2.23,5.7226
20210707,Yadgir,16.77,77.1376,28.31,72.08,1.49,5.4271
20210708,Yadgir,16.77,77.1376,26.11,83.6,1.64,3.6576
20210709,Yadgir,16.77,77.1376,25.78,83.7,2.82,4.7976
20210710,Yadgir,16.77,77.1376,26.08,78.77,3.03,3.4303
20210711,Yadgir,16.77,77.1376,24.87,84.85,4.62,2.5226
20210712,Yadgir,16.77,77.1376,26.23,81.77,3.62,3.7342
20210713,Yadgir,16.77,77.1376,24.71,84.34,4.12,3.6422
20210714,Yadgir,16.77,77.1376,25.48,79.75,4.71,3.5698
20210715,Yadgir,16.77,77.1376,27.03,79.39,3.63,3.4798
20210716,Yadgir,16.77,77.1376,27.29,77.25,3.16,4.3354
20210717,Yadgir,16.77,77.1376,26.87,81.39,3.39,4.7556
20210718,Yadgir,16.77,77.1376,26.0,87.09,4.49,3.947
20210719,Yadgir,16.77,77.1376,26.34,79.42,5.82,4.6409
20210720,Yadgir,16.77,77.1376,25.61,82.42,4.93,4.1462
20210721,Yadgir,16.77,77.1376,24.93,82.12,6.41,1.6781
20210722,Yadgir,16.77,77.1376,24.78,84.81,7.14,1.3598
20210723,Yadgir,16.77,77.1376,25.89,81.31,5.09,4.2454
20210724,Yadgir,16.77,77.1376,27.12,76.34,4.66,4.9658
20210725,Yadgir,16.77,77.1376,27.05,78.77,4.78,5.4578
20210726,Yadgir,16.77,77.1376,26.76,77.65,5.18,5.5531
20210727,Yadgir,16.77,77.1376,26.44,76.64,4.97,5.7535
20210728,Yadgir,16.77,77.1376,26.57,74.74,5.15,5.0743
20210729,Yadgir,16.77,77.1376,25.36,79.75,5.16,3.6415
20210730,Yadgir,16.77,77.1376,25.18,82.03,4.12,4.5946
20210731,Yadgir,16.77,77.1376,25.3,81.16,4.34,2.9242
20210801,Yadgir,16.77,77.1376,26.48,75.14,5.14,4.651
20210802,Yadgir,16.77,77.1376,26.37,74.77,4.89,4.6913
20210803,Yadgir,16.77,77.1376,26.71,75.63,4.47,5.0962
20210804,Yadgir,16.77,77.1376,26.63,77.8,4.66,4.6502
20210805,Yadgir,16.77,77.1376,26.74,76.26,4.57,4.6435
20210806,Yadgir,16.77,77.1376,27.18,74.63,4.37,5.5054
20210807,Yadgir,16.77,77.1376,27.45,74.64,3.01,6.1116
20210808,Yadgir,16.77,77.1376,27.61,75.35,2.22,5.9558
20210809,Yadgir,16.77,77.1376,27.37,76.51,2.23,6.2453
20210810,Yadgir,16.77,77.1376,27.0,76.76,2.79,5.5735
20210811,Yadgir,16.77,77.1376,26.34,78.7,2.88,6.0466
20210812,Yadgir,16.77,77.1376,26.81,76.09,2.51,5.095
20210813,Yadgir,16.77,77.1376,26.85,74.73,3.03,4.2571
20210814,Yadgir,16.77,77.1376,26.59,76.84,3.62,5.2298
20210815,Yadgir,16.77,77.1376,26.42,76.49,3.56,4.787
20210816,Yadgir,16.77,77.1376,25.05,80.92,3.0,3.1354
20210817,Yadgir,16.77,77.1376,24.74,81.99,2.84,2.2445
20210818,Yadgir,16.77,77.1376,26.06,76.12,3.28,4.5624
20210819,Yadgir,16.77,77.1376,24.79,81.52,3.51,4.9147
20210820,Yadgir,16.77,77.1376,25.0,80.19,2.6,4.4935
20210821,Yadgir,16.77,77.1376,24.8,82.76,2.62,3.9252
20210822,Yadgir,16.77,77.1376,25.93,79.39,1.86,6.5191
20210823,Yadgir,16.77,77.1376,26.05,81.08,1.22,6.0706
20210824,Yadgir,16.77,77.1376,26.99,80.09,1.87,6.2011
20210825,Yadgir,16.77,77.1376,25.01,88.13,2.54,6.0622
20210826,Yadgir,16.77,77.1376,25.4,84.93,1.93,4.9032
20210827,Yadgir,16.77,77.1376,26.26,80.68,2.0,4.1155
20210828,Yadgir,16.77,77.1376,25.83,81.83,2.64,2.5162
20210829,Yadgir,16.77,77.1376,24.94,85.11,3.67,4.2034
20210830,Yadgir,16.77,77.1376,23.0,86.66,3.86,2.4391
20210831,Yadgir,16.77,77.1376,23.81,84.66,3.14,2.749
20210901,Yadgir,16.77,77.1376,25.46,80.02,1.88,4.8838
20210902,Yadgir,16.77,77.1376,26.73,78.47,1.58,5.1708
20210903,Yadgir,16.77,77.1376,25.65,83.6,2.87,3.7435
20210904,Yadgir,16.77,77.1376,25.37,85.33,2.39,4.6529
20210905,Yadgir,16.77,77.1376,24.67,87.84,2.19,4.8084
20210906,Yadgir,16.77,77.1376,24.43,87.5,2.86,2.9026
20210907,Yadgir,16.77,77.1376,24.51,85.12,4.18,3.0938
20210908,Yadgir,16.77,77.1376,25.86,79.84,5.15,4.387
20210909,Yadgir,16.77,77.1376,26.05,80.21,3.75,5.015
20210910,Yadgir,16.77,77.1376,26.35,79.31,3.82,5.1823
20210911,Yadgir,16.77,77.1376,26.41,81.15,3.54,4.121
20210912,Yadgir,16.77,77.1376,25.8,83.72,3.56,4.0027
20210913,Yadgir,16.77,77.1376,25.08,90.3,3.35,3.569
20210914,Yadgir,16.77,77.1376,26.21,81.16,3.7,4.879
20210915,Yadgir,16.77,77.1376,26.29,79.77,3.15,5.0878
20210916,Yadgir,16.77,77.1376,26.18,79.21,2.99,5.723
20210917,Yadgir,16.77,77.1376,25.84,79.37,2.53,5.7806
20210918,Yadgir,16.77,77.1376,26.4,73.36,2.04,5.4612
20210919,Yadgir,16.77,77.1376,26.8,75.54,1.62,5.6501
20210920,Yadgir,16.77,77.1376,26.76,80.61,1.87,5.4742
20210921,Yadgir,16.77,77.1376,24.76,90.1,2.0,4.8007
20210922,Yadgir,16.77,77.1376,24.85,87.09,3.08,5.0794
20210923,Yadgir,16.77,77.1376,24.75,88.62,2.09,3.7466
20210924,Yadgir,16.77,77.1376,25.6,82.68,2.11,4.727
20210925,Yadgir,16.77,77.1376,25.13,87.41,1.93,5.141
20210926,Yadgir,16.77,77.1376,25.33,85.54,2.32,4.6594
20210927,Yadgir,16.77,77.1376,23.9,91.77,3.52,2.0599
20210928,Yadgir,16.77,77.1376,23.71,85.26,4.47,3.709
20210929,Yadgir,16.77,77.1376,24.52,80.12,2.19,4.9654
20210930,Yadgir,16.77,77.1376,26.43,77.87,1.26,5.6945
20211001,Yadgir,16.77,77.1376,26.6,82.53,0.93,5.7574
20211002,Yadgir,16.77,77.1376,26.35,84.01,1.7,6.1133
20211003,Yadgir,16.77,77.1376,26.1,82.6,1.49,5.9503
20211004,Yadgir,16.77,77.1376,26.29,84.07,1.26,6.007
20211005,Yadgir,16.77,77.1376,26.17,87.14,1.27,5.6422
20211006,Yadgir,16.77,77.1376,26.26,85.06,1.81,5.2514
20211007,Yadgir,16.77,77.1376,26.35,84.53,1.66,5.5673
20211008,Yadgir,16.77,77.1376,26.17,86.22,0.87,5.3069
20211009,Yadgir,16.77,77.1376,24.85,89.08,2.26,4.5422
20211010,Yadgir,16.77,77.1376,24.67,90.66,1.62,4.3159
20211011,Yadgir,16.77,77.1376,24.51,88.02,1.5,5.2392
20211012,Yadgir,16.77,77.1376,24.58,79.85,1.45,5.7007
20211013,Yadgir,16.77,77.1376,24.94,80.09,1.32,5.6988
20211014,Yadgir,16.77,77.1376,25.12,81.96,1.58,5.0141
20211015,Yadgir,16.77,77.1376,25.25,81.67,2.03,5.0522
20211016,Yadgir,16.77,77.1376,24.23,91.33,2.33,4.0536
20211017,Yadgir,16.77,77.1376,25.75,85.31,1.83,5.0983
20211018,Yadgir,16.77,77.1376,25.93,80.3,2.48,5.7917
20211019,Yadgir,16.77,77.1376,25.3,83.43,1.77,5.0986
20211020,Yadgir,16.77,77.1376,24.33,76.69,1.58,5.4706
20211021,Yadgir,16.77,77.1376,23.67,77.7,1.82,5.4427
20211022,Yadgir,16.77,77.1376,23.07,74.84,1.76,5.0875
20211023,Yadgir,16.77,77.1376,23.85,73.24,1.09,5.2178
20211024,Yadgir,16.77,77.1376,24.07,83.28,1.26,4.0435
20211025,Yadgir,16.77,77.1376,23.23,78.29,1.98,5.3194
20211026,Yadgir,16.77,77.1376,22.59,80.34,2.01,5.7391
20211027,Yadgir,16.77,77.1376,22.19,79.1,2.5,5.6143
20211028,Yadgir,16.77,77.1376,22.5,82.27,2.53,4.9942
20211029,Yadgir,16.77,77.1376,23.97,84.8,2.76,4.122
20211030,Yadgir,16.77,77.1376,24.37,84.22,2.45,3.9617
20211031,Yadgir,16.77,77.1376,24.36,84.49,2.28,3.6182
20211101,Yadgir,16.77,77.1376,23.98,82.12,1.97,4.0534
20211102,Yadgir,16.77,77.1376,23.65,87.25,1.68,4.633
20211103,Yadgir,16.77,77.1376,23.52,86.73,1.7,4.1935
20211104,Yadgir,16.77,77.1376,24.17,86.88,1.84,4.3342
20211105,Yadgir,16.77,77.1376,24.38,84.11,1.93,4.9003
20211106,Yadgir,16.77,77.1376,24.05,82.88,1.71,5.189
20211107,Yadgir,16.77,77.1376,22.37,81.97,2.0,4.6385
20211108,Yadgir,16.77,77.1376,21.36,76.84,2.02,4.584
20211109,Yadgir,16.77,77.1376,20.85,75.38,2.34,4.9474
20211110,Yadgir,16.77,77.1376,20.65,74.54,2.19,4.4304
20211111,Yadgir,16.77,77.1376,20.73,80.01,2.2,2.8488
20211112,Yadgir,16.77,77.1376,22.27,85.28,2.84,2.9208
20211113,Yadgir,16.77,77.1376,24.42,84.83,1.51,3.0804
20211114,Yadgir,16.77,77.1376,25.13,84.3,1.62,3.5803
20211115,Yadgir,16.77,77.1376,25.49,85.17,1.55,3.4219
20211116,Yadgir,16.77,77.1376,25.57,83.49,2.47,3.133
20211117,Yadgir,16.77,77.1376,25.29,83.62,2.79,3.0218
20211118,Yadgir,16.77,77.1376,24.75,84.69,1.43,2.525
20211119,Yadgir,16.77,77.1376,23.83,90.1,2.18,2.6501
20211120,Yadgir,16.77,77.1376,24.83,85.19,2.4,3.0859
20211121,Yadgir,16.77,77.1376,24.99,85.03,2.74,2.7749
20211122,Yadgir,16.77,77.1376,25.49,82.97,1.29,4.6716
20211123,Yadgir,16.77,77.1376,25.7,82.64,1.22,5.0585
20211124,Yadgir,16.77,77.1376,25.32,83.8,1.81,4.3174
20211125,Yadgir,16.77,77.1376,24.16,80.05,1.92,4.9742
20211126,Yadgir,16.77,77.1376,22.59,77.69,1.59,4.7011
20211127,Yadgir,16.77,77.1376,21.74,76.7,1.88,3.7622
20211128,Yadgir,16.77,77.1376,21.54,74.13,2.13,3.4346
20211129,Yadgir,16.77,77.1376,22.94,83.48,2.37,2.1847
20211130,Yadgir,16.77,77.1376,22.86,83.25,2.29,3.3343
20211201,Yadgir,16.77,77.1376,22.88,78.93,1.96,4.4249
20211202,Yadgir,16.77,77.1376,22.02,84.87,1.58,3.8957
20211203,Yadgir,16.77,77.1376,23.32,78.97,1.65,3.5702
20211204,Yadgir,16.77,77.1376,23.01,77.41,1.41,4.4582
20211205,Yadgir,16.77,77.1376,23.44,75.5,1.44,4.488
20211206,Yadgir,16.77,77.1376,23.41,72.07,1.46,5.0364
20211207,Yadgir,16.77,77.1376,22.61,69.0,2.25,4.973
20211208,Yadgir,16.77,77.1376,22.7,73.05,1.92,4.4177
20211209,Yadgir,16.77,77.1376,22.64,83.29,1.97,3.883
20211210,Yadgir,16.77,77.1376,23.63,80.3,2.26,2.9801
20211211,Yadgir,16.77,77.1376,23.37,78.48,2.08,4.5295
20211212,Yadgir,16.77,77.1376,23.33,77.22,1.96,4.146
20211213,Yadgir,16.77,77.1376,23.01,78.69,1.75,4.0644
20211214,Yadgir,16.77,77.1376,22.47,79.05,1.98,3.5486
20211215,Yadgir,16.77,77.1376,22.08,81.64,1.73,3.5038
20211216,Yadgir,16.77,77.1376,21.69,73.07,1.57,4.5238
20211217,Yadgir,16.77,77.1376,20.6,69.15,1.38,4.6622
20211218,Yadgir,16.77,77.1376,20.43,64.22,1.93,4.9805
20211219,Yadgir,16.77,77.1376,19.26,67.11,1.9,4.968
20211220,Yadgir,16.77,77.1376,18.56,64.53,1.83,4.5941
20211221,Yadgir,16.77,77.1376,18.54,58.14,1.13,4.6409
20211222,Yadgir,16.77,77.1376,19.75,54.4,1.01,4.8319
20211223,Yadgir,16.77,77.1376,20.21,62.23,1.22,4.8139
20211224,Yadgir,16.77,77.1376,21.3,59.11,1.48,4.8228
20211225,Yadgir,16.77,77.1376,21.43,64.07,1.21,4.7522
20211226,Yadgir,16.77,77.1376,22.11,66.63,1.07,4.8254
20211227,Yadgir,16.77,77.1376,22.63,68.89,1.67,4.2511
20211228,Yadgir,16.77,77.1376,23.15,66.39,2.14,4.8329
20211229,Yadgir,16.77,77.1376,22.66,64.44,1.85,4.788
20211230,Yadgir,16.77,77.1376,22.18,65.52,2.93,5.0887
20211231,Yadgir,16.77,77.1376,22.48,67.71,2.69,4.4623
20220101,Yadgir,16.77,77.1376,22.98,67.03,1.96,4.6116
20220102,Yadgir,16.77,77.1376,23.26,68.18,2.06,4.2067
20220103,Yadgir,16.77,77.1376,23.02,65.93,1.89,4.6666
20220104,Yadgir,16.77,77.1376,21.82,58.06,2.0,4.7446
20220105,Yadgir,16.77,77.1376,21.58,63.35,1.78,4.8598
20220106,Yadgir,16.77,77.1376,21.94,59.76,2.43,5.19
20220107,Yadgir,16.77,77.1376,23.36,65.1,2.88,4.7196
20220108,Yadgir,16.77,77.1376,24.04,66.92,2.46,3.7476
20220109,Yadgir,16.77,77.1376,24.44,62.76,2.31,3.8345
20220110,Yadgir,16.77,77.1376,24.76,63.62,2.27,4.1124
20220111,Yadgir,16.77,77.1376,25.18,61.93,2.1,3.8426
20220112,Yadgir,16.77,77.1376,23.87,54.9,1.37,4.8374
20220113,Yadgir,16.77,77.1376,23.55,58.52,1.7,4.6685
20220114,Yadgir,16.77,77.1376,22.04,59.75,2.24,5.1302
20220115,Yadgir,16.77,77.1376,23.53,58.8,1.8,4.6622
20220116,Yadgir,16.77,77.1376,23.95,63.31,3.16,4.1664
20220117,Yadgir,16.77,77.1376,23.29,65.83,2.03,4.2406
20220118,Yadgir,16.77,77.1376,23.28,59.37,1.8,4.8794
20220119,Yadgir,16.77,77.1376,22.39,51.98,1.66,5.3047
20220120,Yadgir,16.77,77.1376,23.12,45.72,1.34,5.5601
20220121,Yadgir,16.77,77.1376,24.02,43.83,1.7,5.6026
20220122,Yadgir,16.77,77.1376,24.29,42.58,1.81,5.7125
20220123,Yadgir,16.77,77.1376,23.01,57.87,3.28,5.5483
20220124,Yadgir,16.77,77.1376,20.95,47.27,2.07,5.647
20220125,Yadgir,16.77,77.1376,20.55,44.08,1.75,5.2397
20220126,Yadgir,16.77,77.1376,21.61,46.0,1.89,4.9243
20220127,Yadgir,16.77,77.1376,21.84,44.43,2.65,4.6152
20220128,Yadgir,16.77,77.1376,21.15,37.8,2.67,5.6222
20220129,Yadgir,16.77,77.1376,20.93,29.76,1.96,5.8224
20220130,Yadgir,16.77,77.1376,22.53,28.95,1.18,5.6138
20220131,Yadgir,16.77,77.1376,24.58,23.7,0.96,5.6263
20220201,Yadgir,16.77,77.1376,24.43,29.36,1.01,5.627
20220202,Yadgir,16.77,77.1376,24.99,42.21,1.0,5.567
20220203,Yadgir,16.77,77.1376,24.88,38.26,2.2,5.568
20220204,Yadgir,16.77,77.1376,22.72,37.52,2.15,6.1394
20220205,Yadgir,16.77,77.1376,23.82,25.51,1.32,6.0547
20220206,Yadgir,16.77,77.1376,23.58,34.96,2.16,5.8332
20220207,Yadgir,16.77,77.1376,25.68,49.82,1.84,5.544
20220208,Yadgir,16.77,77.1376,26.31,47.64,2.36,5.5128
20220209,Yadgir,16.77,77.1376,26.77,43.82,2.0,5.3021
20220210,Yadgir,16.77,77.1376,25.9,49.77,1.87,5.3006
20220211,Yadgir,16.77,77.1376,26.31,43.48,3.41,5.0287
20220212,Yadgir,16.77,77.1376,24.77,34.73,2.25,5.5985
20220213,Yadgir,16.77,77.1376,24.22,28.87,1.97,5.8781
20220214,Yadgir,16.77,77.1376,24.87,42.27,2.24,5.8546
20220215,Yadgir,16.77,77.1376,25.94,46.53,2.21,4.8468
20220216,Yadgir,16.77,77.1376,27.11,35.24,1.95,4.8278
20220217,Yadgir,16.77,77.1376,27.23,36.38,1.41,4.9416
20220218,Yadgir,16.77,77.1376,27.2,42.13,3.11,5.573
20220219,Yadgir,16.77,77.1376,27.48,40.42,2.27,6.0096
20220220,Yadgir,16.77,77.1376,27.81,34.95,1.52,6.1058
20220221,Yadgir,16.77,77.1376,27.67,23.16,2.23,6.1651
20220222,Yadgir,16.77,77.1376,26.88,26.23,1.96,6.0343
20220223,Yadgir,16.77,77.1376,27.38,40.48,2.67,6.234
20220224,Yadgir,16.77,77.1376,27.5,39.8,2.95,6.5712
20220225,Yadgir,16.77,77.1376,27.2,33.04,2.78,6.7814
20220226,Yadgir,16.77,77.1376,26.55,32.32,3.3,6.9919
20220227,Yadgir,16.77,77.1376,26.33,34.78,3.01,6.9149
20220228,Yadgir,16.77,77.1376,26.36,34.07,2.6,7.045
20220301,Yadgir,16.77,77.1376,27.06,28.58,2.65,7.0303
20220302,Yadgir,16.77,77.1376,27.16,29.28,2.47,6.997
20220303,Yadgir,16.77,77.1376,27.65,29.01,2.77,6.7339
20220304,Yadgir,16.77,77.1376,28.34,33.19,2.59,6.6662
20220305,Yadgir,16.77,77.1376,28.96,28.09,2.43,6.3178
20220306,Yadgir,16.77,77.1376,28.99,30.91,2.94,6.1018
20220307,Yadgir,16.77,77.1376,28.86,32.79,3.03,6.5422
20220308,Yadgir,16.77,77.1376,29.31,35.02,1.71,6.4836
20220309,Yadgir,16.77,77.1376,29.95,29.37,2.22,6.3271
20220310,Yadgir,16.77,77.1376,29.66,25.74,2.08,5.5903
20220311,Yadgir,16.77,77.1376,30.21,30.71,1.82,5.6014
20220312,Yadgir,16.77,77.1376,29.34,30.55,1.3,5.2315
20220313,Yadgir,16.77,77.1376,30.44,29.54,2.13,5.706
20220314,Yadgir,16.77,77.1376,30.29,22.19,2.27,6.3122
20220315,Yadgir,16.77,77.1376,30.15,14.64,2.44,6.8366
20220316,Yadgir,16.77,77.1376,30.58,17.28,1.93,6.8501
20220317,Yadgir,16.77,77.1376,31.32,16.76,1.8,6.8758
20220318,Yadgir,16.77,77.1376,31.74,18.76,1.33,6.6372
20220319,Yadgir,16.77,77.1376,31.99,29.21,1.32,6.0444
20220320,Yadgir,16.77,77.1376,31.71,38.47,1.9,5.4305
20220321,Yadgir,16.77,77.1376,32.55,29.48,1.77,5.9028
20220322,Yadgir,16.77,77.1376,32.42,25.17,1.82,5.2409
20220323,Yadgir,16.77,77.1376,32.95,26.48,1.73,5.3206
20220324,Yadgir,16.77,77.1376,33.13,31.27,2.07,5.5373
20220325,Yadgir,16.77,77.1376,33.3,31.99,1.71,5.5224
20220326,Yadgir,16.77,77.1376,33.32,31.68,1.52,5.7408
20220327,Yadgir,16.77,77.1376,33.83,28.37,1.67,5.7691
20220328,Yadgir,16.77,77.1376,33.99,25.56,1.15,5.8666
20220329,Yadgir,16.77,77.1376,33.57,25.07,1.34,6.4363
20220330,Yadgir,16.77,77.1376,33.03,16.98,1.47,6.6763
20220331,Yadgir,16.77,77.1376,33.76,19.03,0.83,6.7022
20220401,Yadgir,16.77,77.1376,33.71,24.37,1.19,6.6271
20220402,Yadgir,16.77,77.1376,33.81,33.16,2.11,6.4486
20220403,Yadgir,16.77,77.1376,34.11,26.43,2.22,6.295
20220404,Yadgir,16.77,77.1376,34.43,26.55,2.38,5.989
20220405,Yadgir,16.77,77.1376,34.31,28.09,2.69,6.3166
20220406,Yadgir,16.77,77.1376,34.21,25.06,2.39,6.5086
20220407,Yadgir,16.77,77.1376,34.23,23.83,2.5,6.3828
20220408,Yadgir,16.77,77.1376,33.78,27.78,2.63,6.4925
20220409,Yadgir,16.77,77.1376,33.78,33.92,2.2,5.4367
20220410,Yadgir,16.77,77.1376,34.22,30.67,1.83,6.3413
20220411,Yadgir,16.77,77.1376,34.22,28.35,2.27,5.7322
20220412,Yadgir,16.77,77.1376,35.04,27.94,2.03,6.127
20220413,Yadgir,16.77,77.1376,34.01,26.31,2.36,5.778
20220414,Yadgir,16.77,77.1376,33.72,32.54,2.45,5.9311
20220415,Yadgir,16.77,77.1376,34.15,31.27,1.83,3.3278
20220416,Yadgir,16.77,77.1376,34.54,26.05,2.04,5.7142
20220417,Yadgir,16.77,77.1376,34.05,29.58,2.08,5.6669
20220418,Yadgir,16.77,77.1376,33.48,36.11,2.58,6.5105
20220419,Yadgir,16.77,77.1376,34.11,33.42,2.28,6.6228
20220420,Yadgir,16.77,77.1376,34.65,31.34,1.98,6.9211
20220421,Yadgir,16.77,77.1376,35.48,26.16,1.69,6.3828
20220422,Yadgir,16.77,77.1376,31.43,47.79,2.11,5.8042
20220423,Yadgir,16.77,77.1376,29.15,54.25,1.38,5.9938
20220424,Yadgir,16.77,77.1376,29.31,56.61,2.09,6.4762
20220425,Yadgir,16.77,77.1376,31.45,49.05,1.12,6.5602
20220426,Yadgir,16.77,77.1376,32.53,48.31,1.2,6.0348
20220427,Yadgir,16.77,77.1376,34.08,39.59,1.43,6.7483
20220428,Yadgir,16.77,77.1376,34.51,34.88,1.53,6.8767
20220429,Yadgir,16.77,77.1376,33.82,36.07,2.45,6.8554
20220430,Yadgir,16.77,77.1376,34.86,27.57,2.07,6.7255
20220501,Yadgir,16.77,77.1376,35.02,24.01,2.98,7.2132
20220502,Yadgir,16.77,77.1376,34.6,29.08,3.09,6.6727
20220503,Yadgir,16.77,77.1376,35.2,29.1,3.2,6.8822
20220504,Yadgir,16.77,77.1376,34.31,40.63,1.96,5.7874
20220505,Yadgir,16.77,77.1376,32.19,51.85,1.96,5.5862
20220506,Yadgir,16.77,77.1376,33.92,40.66,1.96,6.3089
20220507,Yadgir,16.77,77.1376,34.5,34.05,2.36,6.4534
20220508,Yadgir,16.77,77.1376,35.05,33.23,2.42,5.0659
20220509,Yadgir,16.77,77.1376,35.92,28.14,2.88,4.9303
20220510,Yadgir,16.77,77.1376,33.84,27.7,2.64,4.8629
20220511,Yadgir,16.77,77.1376,33.47,38.48,2.61,1.9987
20220512,Yadgir,16.77,77.1376,33.3,45.56,3.14,3.5035
20220513,Yadgir,16.77,77.1376,33.57,45.04,3.5,6.0852
20220514,Yadgir,16.77,77.1376,34.39,42.69,3.1,6.6655
20220515,Yadgir,16.77,77.1376,34.71,40.72,2.75,6.5417
20220516,Yadgir,16.77,77.1376,33.21,49.5,3.54,5.9246
20220517,Yadgir,16.77,77.1376,29.93,65.58,2.25,4.0162
20220518,Yadgir,16.77,77.1376,30.34,63.45,1.74,4.4364
20220519,Yadgir,16.77,77.1376,29.24,69.89,2.11,3.767
20220520,Yadgir,16.77,77.1376,29.59,66.37,3.31,3.8554
20220521,Yadgir,16.77,77.1376,29.31,61.07,4.63,4.8324
20220522,Yadgir,16.77,77.1376,29.68,59.36,5.49,6.9598
20220523,Yadgir,16.77,77.1376,30.27,60.33,4.58,7.4009
20220524,Yadgir,16.77,77.1376,30.74,58.12,3.69,7.3406
20220525,Yadgir,16.77,77.1376,30.94,55.39,3.41,6.4536
20220526,Yadgir,16.77,77.1376,30.95,50.82,4.12,7.0423
20220527,Yadgir,16.77,77.1376,30.34,55.54,4.23,7.3915
20220528,Yadgir,16.77,77.1376,30.61,49.67,4.32,7.5214
20220529,Yadgir,16.77,77.1376,31.45,49.54,4.39,7.5936
20220530,Yadgir,16.77,77.1376,32.6,47.72,3.7,7.3219
20220531,Yadgir,16.77,77.1376,31.64,49.2,3.77,4.9937
20220601,Yadgir,16.77,77.1376,30.04,57.61,3.3,6.6617
20220602,Yadgir,16.77,77.1376,31.29,53.62,3.43,6.3046
20220603,Yadgir,16.77,77.1376,31.43,50.36,4.15,6.5916
20220604,Yadgir,16.77,77.1376,30.65,50.33,3.94,6.503
20220605,Yadgir,16.77,77.1376,31.39,52.33,3.51,6.2004
20220606,Yadgir,16.77,77.1376,29.41,60.63,3.71,4.4938
20220607,Yadgir,16.77,77.1376,30.83,52.48,4.31,5.8716
20220608,Yadgir,16.77,77.1376,31.08,52.7,4.09,6.6458
20220609,Yadgir,16.77,77.1376,30.67,57.12,4.11,6.8794
20220610,Yadgir,16.77,77.1376,29.72,61.34,3.53,6.8986
20220611,Yadgir,16.77,77.1376,29.87,58.25,4.57,6.7529
20220612,Yadgir,16.77,77.1376,30.34,51.96,4.15,6.3634
20220613,Yadgir,16.77,77.1376,30.99,49.84,3.14,5.5224
20220614,Yadgir,16.77,77.1376,30.32,56.8,2.95,6.9372
20220615,Yadgir,16.77,77.1376,25.51,71.12,2.8,4.2852
20220616,Yadgir,16.77,77.1376,29.06,63.01,2.87,5.3124
20220617,Yadgir,16.77,77.1376,28.26,67.06,1.99,6.0658
20220618,Yadgir,16.77,77.1376,28.33,67.24,2.51,5.8747
20220619,Yadgir,16.77,77.1376,28.87,62.82,3.33,5.4365
20220620,Yadgir,16.77,77.1376,27.77,69.26,3.24,5.2409
20220621,Yadgir,16.77,77.1376,27.43,70.15,4.52,5.0093
20220622,Yadgir,16.77,77.1376,27.62,71.47,3.19,4.6315
20220623,Yadgir,16.77,77.1376,28.6,66.12,2.0,5.5438
20220624,Yadgir,16.77,77.1376,27.62,68.02,3.43,5.1346
20220625,Yadgir,16.77,77.1376,27.11,71.61,3.99,4.4112
20220626,Yadgir,16.77,77.1376,26.22,75.19,3.87,4.001
20220627,Yadgir,16.77,77.1376,27.35,70.21,4.06,4.2521
20220628,Yadgir,16.77,77.1376,27.1,71.98,3.34,4.6721
20220629,Yadgir,16.77,77.1376,27.81,72.09,3.56,5.431
20220630,Yadgir,16.77,77.1376,28.56,63.61,4.36,5.707
20220701,Yadgir,16.77,77.1376,28.92,65.06,4.01,5.2886
20220702,Yadgir,16.77,77.1376,28.14,68.78,4.29,4.8089
20220703,Yadgir,16.77,77.1376,27.73,71.35,3.97,4.5175
20220704,Yadgir,16.77,77.1376,27.12,71.73,4.27,3.8726
20220705,Yadgir,16.77,77.1376,27.34,72.44,5.07,4.4321
20220706,Yadgir,16.77,77.1376,27.05,73.29,4.15,2.8982
20220707,Yadgir,16.77,77.1376,26.96,73.87,4.7,3.3667
20220708,Yadgir,16.77,77.1376,26.31,76.98,5.5,2.5435
20220709,Yadgir,16.77,77.1376,24.78,85.26,5.69,1.927
20220710,Yadgir,16.77,77.1376,25.4,79.63,6.31,2.1835
20220711,Yadgir,16.77,77.1376,25.26,81.18,6.3,2.3071
20220712,Yadgir,16.77,77.1376,24.44,82.24,6.65,1.8578
20220713,Yadgir,16.77,77.1376,23.94,85.06,7.99,1.5115
20220714,Yadgir,16.77,77.1376,24.04,82.28,7.54,3.9785
20220715,Yadgir,16.77,77.1376,25.57,75.79,6.24,4.559
20220716,Yadgir,16.77,77.1376,26.37,77.65,4.58,4.7081
20220717,Yadgir,16.77,77.1376,25.65,83.84,4.2,3.8657
20220718,Yadgir,16.77,77.1376,25.85,80.06,4.75,3.2906
20220719,Yadgir,16.77,77.1376,26.85,76.18,4.09,5.5392
20220720,Yadgir,16.77,77.1376,27.27,75.23,3.76,6.331
20220721,Yadgir,16.77,77.1376,26.49,78.17,3.3,5.993
20220722,Yadgir,16.77,77.1376,25.18,83.2,3.54,3.2642
20220723,Yadgir,16.77,77.1376,25.01,83.61,3.89,3.2318
20220724,Yadgir,16.77,77.1376,25.93,78.38,3.93,3.9384
20220725,Yadgir,16.77,77.1376,26.57,77.19,2.81,5.1917
20220726,Yadgir,16.77,77.1376,25.81,80.59,2.6,3.2059
20220727,Yadgir,16.77,77.1376,26.91,76.05,0.85,5.3057
20220728,Yadgir,16.77,77.1376,27.97,73.55,0.44,6.3314
20220729,Yadgir,16.77,77.1376,27.61,78.65,1.48,6.2419
20220730,Yadgir,16.77,77.1376,26.81,84.01,2.04,6.5134
20220731,Yadgir,16.77,77.1376,26.33,83.37,2.04,6.0106
20220801,Yadgir,16.77,77.1376,26.57,83.13,2.7,4.127
20220802,Yadgir,16.77,77.1376,25.56,87.04,2.63,4.8144
20220803,Yadgir,16.77,77.1376,25.81,85.84,2.13,4.4402
20220804,Yadgir,16.77,77.1376,25.64,88.88,2.57,4.5036
20220805,Yadgir,16.77,77.1376,25.74,84.96,2.74,4.1729
20220806,Yadgir,16.77,77.1376,25.84,81.73,3.44,4.447
20220807,Yadgir,16.77,77.1376,24.47,88.11,4.06,3.5899
20220808,Yadgir,16.77,77.1376,24.43,86.34,5.31,2.6873
20220809,Yadgir,16.77,77.1376,24.44,84.63,5.79,3.7291
20220810,Yadgir,16.77,77.1376,25.07,79.35,6.2,4.3375
20220811,Yadgir,16.77,77.1376,25.53,80.25,5.0,4.1974
20220812,Yadgir,16.77,77.1376,25.75,78.92,4.83,4.2242
20220813,Yadgir,16.77,77.1376,25.2,80.64,4.2,4.254
20220814,Yadgir,16.77,77.1376,24.39,84.31,3.72,2.1394
20220815,Yadgir,16.77,77.1376,24.48,85.3,3.81,3.0936
20220816,Yadgir,16.77,77.1376,25.59,80.67,3.54,5.9846
20220817,Yadgir,16.77,77.1376,26.22,78.34,3.56,6.6389
20220818,Yadgir,16.77,77.1376,26.04,80.64,3.43,6.2206
20220819,Yadgir,16.77,77.1376,25.9,79.91,4.25,5.1132
20220820,Yadgir,16.77,77.1376,25.93,81.12,4.12,5.6198
20220821,Yadgir,16.77,77.1376,26.04,79.25,4.24,5.0628
20220822,Yadgir,16.77,77.1376,26.24,78.65,4.52,4.4215
20220823,Yadgir,16.77,77.1376,26.13,81.37,3.38,5.244
20220824,Yadgir,16.77,77.1376,26.31,80.62,2.61,5.5039
20220825,Yadgir,16.77,77.1376,25.6,81.26,2.52,5.8001
20220826,Yadgir,16.77,77.1376,25.68,83.38,2.35,4.4618
20220827,Yadgir,16.77,77.1376,25.26,80.98,2.31,5.2138
20220828,Yadgir,16.77,77.1376,25.5,81.53,2.1,4.709
20220829,Yadgir,16.77,77.1376,26.3,78.22,1.45,4.0867
20220830,Yadgir,16.77,77.1376,26.23,83.39,1.76,5.2018
20220831,Yadgir,16.77,77.1376,26.34,83.92,1.67,6.3122
20220901,Yadgir,16.77,77.1376,26.0,84.35,1.38,5.7818
20220902,Yadgir,16.77,77.1376,26.1,83.71,1.97,5.3366
20220903,Yadgir,16.77,77.1376,27.19,78.56,0.86,6.5066
20220904,Yadgir,16.77,77.1376,26.84,81.46,1.02,4.0901
20220905,Yadgir,16.77,77.1376,26.48,79.22,1.57,6.005
20220906,Yadgir,16.77,77.1376,27.1,77.73,1.03,6.0948
20220907,Yadgir,16.77,77.1376,25.94,85.3,0.47,5.31
20220908,Yadgir,16.77,77.1376,24.84,85.52,1.15,3.5702
20220909,Yadgir,16.77,77.1376,25.37,86.61,1.12,4.1208
20220910,Yadgir,16.77,77.1376,24.79,90.48,2.52,3.8801
20220911,Yadgir,16.77,77.1376,24.65,89.86,3.65,3.005
20220912,Yadgir,16.77,77.1376,25.07,86.73,3.9,3.7951
20220913,Yadgir,16.77,77.1376,25.36,83.05,3.7,4.0102
20220914,Yadgir,16.77,77.1376,25.76,82.2,3.23,4.6601
20220915,Yadgir,16.77,77.1376,25.33,84.09,3.36,4.836
20220916,Yadgir,16.77,77.1376,25.82,81.83,3.97,4.5552
20220917,Yadgir,16.77,77.1376,26.04,81.12,2.9,5.4818
20220918,Yadgir,16.77,77.1376,25.91,80.0,3.02,5.9268
20220919,Yadgir,16.77,77.1376,24.6,81.09,3.42,4.0159
20220920,Yadgir,16.77,77.1376,24.09,82.29,3.31,3.4025
20220921,Yadgir,16.77,77.1376,23.66,85.54,2.95,4.7066
20220922,Yadgir,16.77,77.1376,24.92,80.13,3.25,4.979
20220923,Yadgir,16.77,77.1376,24.63,77.95,2.84,6.1051
20220924,Yadgir,16.77,77.1376,25.28,78.97,2.43,6.0634
20220925,Yadgir,16.77,77.1376,25.87,80.05,2.06,5.9921
20220926,Yadgir,16.77,77.1376,25.99,83.17,0.93,5.1914
20220927,Yadgir,16.77,77.1376,25.93,82.19,1.28,4.4626
20220928,Yadgir,16.77,77.1376,26.09,83.21,1.41,3.9797
20220929,Yadgir,16.77,77.1376,25.73,84.55,1.22,2.963
20220930,Yadgir,16.77,77.1376,25.34,84.59,1.28,2.4458
20221001,Yadgir,16.77,77.1376,25.8,82.28,1.93,3.7538
20221002,Yadgir,16.77,77.1376,25.61,80.01,2.85,5.3683
20221003,Yadgir,16.77,77.1376,25.33,81.44,2.88,5.2603
20221004,Yadgir,16.77,77.1376,25.32,82.61,2.68,4.0236
20221005,Yadgir,16.77,77.1376,24.57,87.96,1.58,4.5206
20221006,Yadgir,16.77,77.1376,24.43,88.94,2.26,1.1136
20221007,Yadgir,16.77,77.1376,24.65,86.77,2.46,3.3974
20221008,Yadgir,16.77,77.1376,25.38,81.4,1.13,6.2222
20221009,Yadgir,16.77,77.1376,25.5,84.21,1.1,3.4382
20221010,Yadgir,16.77,77.1376,24.71,89.2,1.71,4.2938
20221011,Yadgir,16.77,77.1376,25.4,87.58,2.29,4.5029
20221012,Yadgir,16.77,77.1376,24.95,89.18,1.88,4.235
20221013,Yadgir,16.77,77.1376,25.5,85.34,1.29,4.717
20221014,Yadgir,16.77,77.1376,24.79,88.65,1.09,4.6711
20221015,Yadgir,16.77,77.1376,24.45,88.98,2.13,3.9989
20221016,Yadgir,16.77,77.1376,25.57,85.09,2.26,4.6656
20221017,Yadgir,16.77,77.1376,25.74,84.41,1.78,5.7127
20221018,Yadgir,16.77,77.1376,25.75,82.4,1.07,5.1511
20221019,Yadgir,16.77,77.1376,25.85,81.41,0.8,4.9339
20221020,Yadgir,16.77,77.1376,25.14,85.69,1.45,4.3224
20221021,Yadgir,16.77,77.1376,25.22,81.65,1.66,4.5948
20221022,Yadgir,16.77,77.1376,23.21,76.25,2.47,5.9678
20221023,Yadgir,16.77,77.1376,20.57,78.45,2.29,6.155
20221024,Yadgir,16.77,77.1376,21.19,75.67,1.77,6.131
20221025,Yadgir,16.77,77.1376,21.61,70.35,1.47,6.1541
20221026,Yadgir,16.77,77.1376,21.23,71.42,1.58,6.2544
20221027,Yadgir,16.77,77.1376,21.58,70.15,1.28,5.8572
20221028,Yadgir,16.77,77.1376,21.57,74.27,1.65,5.7005
20221029,Yadgir,16.77,77.1376,21.36,72.01,2.19,5.7209
20221030,Yadgir,16.77,77.1376,20.69,73.34,2.3,5.9734
20221031,Yadgir,16.77,77.1376,20.67,74.75,2.03,5.8085
20221101,Yadgir,16.77,77.1376,21.72,76.88,1.78,2.8855
20221102,Yadgir,16.77,77.1376,23.34,82.18,2.01,3.5018
20221103,Yadgir,16.77,77.1376,24.07,80.49,1.64,5.2114
20221104,Yadgir,16.77,77.1376,23.94,79.68,1.81,4.5974
20221105,Yadgir,16.77,77.1376,24.24,79.59,1.77,4.7743
20221106,Yadgir,16.77,77.1376,23.4,72.68,1.99,5.5834
20221107,Yadgir,16.77,77.1376,22.17,72.29,1.63,5.4965
20221108,Yadgir,16.77,77.1376,22.28,74.86,1.55,5.4866
20221109,Yadgir,16.77,77.1376,21.9,69.38,1.99,5.4058
20221110,Yadgir,16.77,77.1376,21.3,70.96,2.34,5.1238
20221111,Yadgir,16.77,77.1376,21.33,72.02,2.84,4.8386
20221112,Yadgir,16.77,77.1376,21.83,70.66,2.82,4.5331
20221113,Yadgir,16.77,77.1376,22.61,73.33,2.67,4.9152
20221114,Yadgir,16.77,77.1376,23.6,75.25,2.0,4.4873
20221115,Yadgir,16.77,77.1376,22.59,70.31,1.88,4.4227
20221116,Yadgir,16.77,77.1376,21.04,64.99,1.67,5.2099
20221117,Yadgir,16.77,77.1376,20.54,62.6,2.04,5.7043
20221118,Yadgir,16.77,77.1376,20.3,65.1,2.05,4.7532
20221119,Yadgir,16.77,77.1376,20.27,66.95,2.4,4.9553
20221120,Yadgir,16.77,77.1376,19.6,66.75,2.28,4.6874
20221121,Yadgir,16.77,77.1376,21.5,64.89,2.1,2.8133
20221122,Yadgir,16.77,77.1376,23.57,72.17,2.25,4.2257
20221123,Yadgir,16.77,77.1376,24.76,71.71,2.38,2.9134
20221124,Yadgir,16.77,77.1376,25.26,76.39,1.68,4.0087
20221125,Yadgir,16.77,77.1376,25.66,75.29,1.87,4.3896
20221126,Yadgir,16.77,77.1376,24.57,68.02,2.09,4.4059
20221127,Yadgir,16.77,77.1376,23.66,63.19,1.49,4.4323
20221128,Yadgir,16.77,77.1376,23.47,64.77,1.58,4.0891
20221129,Yadgir,16.77,77.1376,23.06,60.79,1.71,4.7623
20221130,Yadgir,16.77,77.1376,21.49,55.96,1.49,5.1384
20221201,Yadgir,16.77,77.1376,22.18,61.02,1.1,4.225
20221202,Yadgir,16.77,77.1376,24.77,71.31,1.45,4.0738
20221203,Yadgir,16.77,77.1376,25.43,71.61,2.06,4.6582
20221204,Yadgir,16.77,77.1376,25.65,68.48,2.06,4.5991
20221205,Yadgir,16.77,77.1376,24.46,65.08,2.07,4.1014
20221206,Yadgir,16.77,77.1376,22.67,60.3,1.98,4.4954
20221207,Yadgir,16.77,77.1376,22.34,63.13,2.37,3.9542
20221208,Yadgir,16.77,77.1376,21.7,57.59,2.63,4.6032
20221209,Yadgir,16.77,77.1376,21.58,56.5,2.68,4.0586
20221210,Yadgir,16.77,77.1376,22.78,66.08,2.99,2.4026
20221211,Yadgir,16.77,77.1376,24.28,72.91,3.15,1.8302
20221212,Yadgir,16.77,77.1376,23.9,76.2,2.14,2.6863
20221213,Yadgir,16.77,77.1376,24.07,76.4,2.2,3.0053
20221214,Yadgir,16.77,77.1376,25.69,69.6,2.01,4.5948
20221215,Yadgir,16.77,77.1376,26.38,64.61,1.68,5.1511
20221216,Yadgir,16.77,77.1376,26.41,61.52,1.26,4.9678
20221217,Yadgir,16.77,77.1376,26.27,61.46,1.89,4.1858
20221218,Yadgir,16.77,77.1376,24.88,54.93,2.76,4.6906
20221219,Yadgir,16.77,77.1376,23.32,53.21,1.64,4.9327
20221220,Yadgir,16.77,77.1376,23.54,55.48,1.59,4.9783
20221221,Yadgir,16.77,77.1376,23.8,52.62,1.45,4.9776
20221222,Yadgir,16.77,77.1376,23.81,55.02,1.65,4.8938
20221223,Yadgir,16.77,77.1376,24.15,54.69,1.53,5.095
20221224,Yadgir,16.77,77.1376,23.24,48.23,1.58,5.1924
20221225,Yadgir,16.77,77.1376,23.83,51.92,1.81,5.0842
20221226,Yadgir,16.77,77.1376,26.18,65.11,2.5,3.7334
20221227,Yadgir,16.77,77.1376,27.07,59.63,2.05,5.0837
20221228,Yadgir,16.77,77.1376,27.19,57.0,1.47,4.9781
20221229,Yadgir,16.77,77.1376,26.09,53.71,1.46,4.698
20221230,Yadgir,16.77,77.1376,25.93,53.12,1.22,4.609
20221231,Yadgir,16.77,77.1376,25.31,48.77,1.13,4.4686
20230101,Yadgir,16.77,77.1376,24.84,48.47,1.02,4.547
20230102,Yadgir,16.77,77.1376,24.87,55.84,1.66,4.6493
20230103,Yadgir,16.77,77.1376,24.98,56.57,1.47,4.5706
20230104,Yadgir,16.77,77.1376,24.81,55.67,2.45,4.9176
20230105,Yadgir,16.77,77.1376,24.73,58.07,2.8,4.1278
20230106,Yadgir,16.77,77.1376,23.97,62.65,2.76,3.4716
20230107,Yadgir,16.77,77.1376,23.79,53.37,2.52,3.8582
20230108,Yadgir,16.77,77.1376,21.98,32.36,2.47,5.4636
20230109,Yadgir,16.77,77.1376,20.8,23.25,1.78,5.6309
20230110,Yadgir,16.77,77.1376,21.67,31.97,1.56,5.5363
20230111,Yadgir,16.77,77.1376,22.55,36.96,0.94,5.3842
20230112,Yadgir,16.77,77.1376,23.29,36.25,1.04,5.377
20230113,Yadgir,16.77,77.1376,23.68,31.04,0.69,5.3453
20230114,Yadgir,16.77,77.1376,23.06,40.28,1.06,5.4674
20230115,Yadgir,16.77,77.1376,23.55,41.69,1.62,5.5051
20230116,Yadgir,16.77,77.1376,22.95,40.39,1.73,5.7574
20230117,Yadgir,16.77,77.1376,23.16,43.18,1.97,5.7905
20230118,Yadgir,16.77,77.1376,23.02,47.52,1.53,5.7026
20230119,Yadgir,16.77,77.1376,23.33,48.77,2.08,5.621
20230120,Yadgir,16.77,77.1376,23.51,48.53,2.63,5.4305
20230121,Yadgir,16.77,77.1376,23.6,52.57,2.09,5.2565
20230122,Yadgir,16.77,77.1376,23.78,49.31,2.18,5.3107
20230123,Yadgir,16.77,77.1376,24.28,53.35,2.72,5.317
20230124,Yadgir,16.77,77.1376,25.24,51.85,2.8,5.1566
20230125,Yadgir,16.77,77.1376,24.98,44.66,2.96,5.4096
20230126,Yadgir,16.77,77.1376,23.92,43.52,2.49,5.7446
20230127,Yadgir,16.77,77.1376,24.12,43.85,2.63,5.7463
20230128,Yadgir,16.77,77.1376,24.38,40.34,1.64,5.7214
20230129,Yadgir,16.77,77.1376,24.77,43.16,3.17,5.5915
20230130,Yadgir,16.77,77.1376,25.49,54.63,2.85,4.4177
20230131,Yadgir,16.77,77.1376,25.99,49.55,2.13,4.5662
20230201,Yadgir,16.77,77.1376,26.05,39.07,3.07,4.3126
20230202,Yadgir,16.77,77.1376,25.15,33.37,3.44,5.2085
20230203,Yadgir,16.77,77.1376,24.77,23.94,2.14,5.7334
20230204,Yadgir,16.77,77.1376,25.74,32.83,1.28,5.8255
20230205,Yadgir,16.77,77.1376,25.87,32.95,1.45,5.7744
20230206,Yadgir,16.77,77.1376,26.56,37.34,1.13,5.599
20230207,Yadgir,16.77,77.1376,27.25,27.74,0.66,4.891
20230208,Yadgir,16.77,77.1376,27.18,31.67,2.14,5.388
20230209,Yadgir,16.77,77.1376,26.55,20.29,1.74,5.8159
20230210,Yadgir,16.77,77.1376,26.2,23.84,1.56,6.1433
20230211,Yadgir,16.77,77.1376,26.52,21.04,1.49,6.4385
20230212,Yadgir,16.77,77.1376,26.95,17.22,2.3,6.3998
20230213,Yadgir,16.77,77.1376,26.2,19.42,2.92,6.6247
20230214,Yadgir,16.77,77.1376,25.74,13.05,2.36,6.7637
20230215,Yadgir,16.77,77.1376,25.77,12.88,2.31,6.7339
20230216,Yadgir,16.77,77.1376,26.67,15.66,2.51,6.6991
20230217,Yadgir,16.77,77.1376,26.72,17.91,2.18,6.4987
20230218,Yadgir,16.77,77.1376,26.44,23.85,1.74,6.3977
20230219,Yadgir,16.77,77.1376,26.59,36.49,2.09,6.3137
20230220,Yadgir,16.77,77.1376,27.47,32.18,1.45,6.4529
20230221,Yadgir,16.77,77.1376,28.05,24.63,1.36,6.5657
20230222,Yadgir,16.77,77.1376,27.54,21.72,1.36,6.4298
20230223,Yadgir,16.77,77.1376,27.16,26.97,1.41,6.4392
20230224,Yadgir,16.77,77.1376,27.51,23.49,2.22,6.5256
20230225,Yadgir,16.77,77.1376,27.17,20.12,1.79,6.5573
20230226,Yadgir,16.77,77.1376,27.09,24.22,1.74,6.4764
20230227,Yadgir,16.77,77.1376,26.85,32.41,2.36,6.4546
20230228,Yadgir,16.77,77.1376,27.09,31.0,2.84,6.5803
20230301,Yadgir,16.77,77.1376,27.06,29.63,2.8,6.4476
20230302,Yadgir,16.77,77.1376,27.2,30.62,2.62,6.5042
20230303,Yadgir,16.77,77.1376,27.91,29.83,2.44,5.9657
20230304,Yadgir,16.77,77.1376,28.2,28.6,2.38,5.851
20230305,Yadgir,16.77,77.1376,28.04,27.84,2.21,6.1284
20230306,Yadgir,16.77,77.1376,28.26,27.82,1.99,6.1721
20230307,Yadgir,16.77,77.1376,27.92,25.79,2.43,6.155
20230308,Yadgir,16.77,77.1376,28.25,25.12,2.08,6.2916
20230309,Yadgir,16.77,77.1376,27.83,31.37,1.73,5.9774
20230310,Yadgir,16.77,77.1376,28.29,30.37,1.62,6.1697
20230311,Yadgir,16.77,77.1376,29.05,32.74,2.6,6.1231
20230312,Yadgir,16.77,77.1376,28.91,30.67,2.76,6.5712
20230313,Yadgir,16.77,77.1376,28.72,26.77,2.28,6.6636
20230314,Yadgir,16.77,77.1376,29.33,23.77,1.5,6.6082
20230315,Yadgir,16.77,77.1376,28.97,27.96,2.08,5.2409
20230316,Yadgir,16.77,77.1376,28.43,37.43,1.68,4.3339
20230317,Yadgir,16.77,77.1376,26.65,53.99,2.45,4.597
20230318,Yadgir,16.77,77.1376,26.53,63.64,2.02,4.9236
20230319,Yadgir,16.77,77.1376,27.22,54.84,1.25,6.571
20230320,Yadgir,16.77,77.1376,26.15,43.0,2.51,7.265
20230321,Yadgir,16.77,77.1376,26.18,44.68,2.31,7.2773
20230322,Yadgir,16.77,77.1376,27.88,42.7,1.5,6.8234
20230323,Yadgir,16.77,77.1376,28.63,37.62,2.4,7.11
20230324,Yadgir,16.77,77.1376,29.39,37.92,1.53,6.9458
20230325,Yadgir,16.77,77.1376,31.07,43.61,2.34,5.9863
20230326,Yadgir,16.77,77.1376,31.49,40.68,1.71,6.6178
20230327,Yadgir,16.77,77.1376,30.69,24.79,2.06,7.2302
20230328,Yadgir,16.77,77.1376,30.83,21.67,1.21,7.2336
20230329,Yadgir,16.77,77.1376,31.65,34.87,1.93,6.9358
20230330,Yadgir,16.77,77.1376,30.87,22.44,2.34,7.2576
20230331,Yadgir,16.77,77.1376,29.94,30.87,2.5,7.0829
20230401,Yadgir,16.77,77.1376,30.25,27.55,2.23,7.3812
20230402,Yadgir,16.77,77.1376,30.64,18.69,1.94,7.4638
20230403,Yadgir,16.77,77.1376,31.02,22.94,1.2,7.4388
20230404,Yadgir,16.77,77.1376,31.45,21.76,1.44,7.3526
20230405,Yadgir,16.77,77.1376,32.38,22.81,2.33,6.8594
20230406,Yadgir,16.77,77.1376,31.9,39.54,2.35,4.7971
20230407,Yadgir,16.77,77.1376,30.67,43.21,2.77,6.3434
20230408,Yadgir,16.77,77.1376,31.37,42.0,2.09,7.1424
20230409,Yadgir,16.77,77.1376,31.15,33.52,2.37,7.5706
20230410,Yadgir,16.77,77.1376,31.45,30.4,2.11,7.6452
20230411,Yadgir,16.77,77.1376,31.61,28.06,2.23,7.6013
20230412,Yadgir,16.77,77.1376,33.07,24.8,1.82,7.2192
20230413,Yadgir,16.77,77.1376,32.59,27.94,1.46,6.2321
20230414,Yadgir,16.77,77.1376,32.55,35.71,1.84,5.3789
20230415,Yadgir,16.77,77.1376,30.87,40.26,2.18,5.2589
20230416,Yadgir,16.77,77.1376,32.43,38.15,1.43,6.6475
20230417,Yadgir,16.77,77.1376,32.14,47.35,0.88,6.2726
20230418,Yadgir,16.77,77.1376,32.22,38.46,1.5,7.2398
20230419,Yadgir,16.77,77.1376,31.45,35.76,1.16,6.9276
20230420,Yadgir,16.77,77.1376,32.24,31.75,1.36,6.6636
20230421,Yadgir,16.77,77.1376,32.24,34.98,1.32,6.5153
20230422,Yadgir,16.77,77.1376,32.45,31.54,1.58,6.4874
20230423,Yadgir,16.77,77.1376,32.17,27.48,2.61,7.7746
20230424,Yadgir,16.77,77.1376,32.35,33.35,2.0,7.2022
20230425,Yadgir,16.77,77.1376,32.81,43.36,4.3,6.5069
20230426,Yadgir,16.77,77.1376,30.73,51.42,2.6,7.3558
20230427,Yadgir,16.77,77.1376,30.29,53.8,2.4,6.6331
20230428,Yadgir,16.77,77.1376,27.19,73.95,1.88,4.3174
20230429,Yadgir,16.77,77.1376,28.46,65.69,2.29,6.733
20230430,Yadgir,16.77,77.1376,27.26,74.05,2.25,6.5998
20230501,Yadgir,16.77,77.1376,28.1,66.52,1.32,6.9295
20230502,Yadgir,16.77,77.1376,26.68,75.03,3.01,6.4658
20230503,Yadgir,16.77,77.1376,28.03,68.55,0.83,6.205
20230504,Yadgir,16.77,77.1376,27.16,73.4,1.88,6.6154
20230505,Yadgir,16.77,77.1376,26.77,75.48,2.06,5.9743
20230506,Yadgir,16.77,77.1376,29.02,67.44,1.38,6.3106
20230507,Yadgir,16.77,77.1376,29.4,67.32,1.3,6.1226
20230508,Yadgir,16.77,77.1376,29.84,65.98,1.18,6.1699
20230509,Yadgir,16.77,77.1376,30.2,66.84,1.36,6.5477
20230510,Yadgir,16.77,77.1376,31.02,62.57,2.08,6.3283
20230511,Yadgir,16.77,77.1376,31.35,57.68,1.79,5.3774
20230512,Yadgir,16.77,77.1376,31.64,53.31,1.62,6.1385
20230513,Yadgir,16.77,77.1376,31.83,49.32,3.16,6.9053
20230514,Yadgir,16.77,77.1376,31.44,47.53,3.79,7.5631
20230515,Yadgir,16.77,77.1376,31.17,46.71,3.63,7.5919
20230516,Yadgir,16.77,77.1376,31.66,42.07,2.95,7.727
20230517,Yadgir,16.77,77.1376,31.62,41.87,2.21,7.7496
20230518,Yadgir,16.77,77.1376,32.68,42.69,2.04,7.1618
20230519,Yadgir,16.77,77.1376,33.07,43.11,2.12,6.731
20230520,Yadgir,16.77,77.1376,33.31,44.22,1.43,6.87
20230521,Yadgir,16.77,77.1376,33.21,47.11,1.78,6.7056
20230522,Yadgir,16.77,77.1376,32.01,52.3,2.01,5.869
20230523,Yadgir,16.77,77.1376,32.11,52.52,1.59,6.5563
20230524,Yadgir,16.77,77.1376,32.7,47.07,1.92,6.8765
20230525,Yadgir,16.77,77.1376,32.65,44.12,3.25,5.423
20230526,Yadgir,16.77,77.1376,32.37,45.27,3.26,7.2156
20230527,Yadgir,16.77,77.1376,32.46,43.19,2.52,7.2821
20230528,Yadgir,16.77,77.1376,33.94,39.01,2.53,6.6797
20230529,Yadgir,16.77,77.1376,34.83,36.35,2.38,6.001
20230530,Yadgir,16.77,77.1376,30.95,51.32,2.84,3.8506
20230531,Yadgir,16.77,77.1376,33.82,43.44,2.1,6.3622
20230601,Yadgir,16.77,77.1376,34.66,40.53,1.88,6.1193
20230602,Yadgir,16.77,77.1376,34.97,31.03,3.98,7.175
20230603,Yadgir,16.77,77.1376,34.75,31.28,3.21,7.097
20230604,Yadgir,16.77,77.1376,34.48,36.55,4.1,4.8187
20230605,Yadgir,16.77,77.1376,34.44,35.71,3.42,6.8765
20230606,Yadgir,16.77,77.1376,34.57,37.63,3.95,6.33
20230607,Yadgir,16.77,77.1376,33.52,45.53,4.67,6.2995
20230608,Yadgir,16.77,77.1376,33.94,44.24,4.44,6.8006
20230609,Yadgir,16.77,77.1376,33.71,44.5,4.75,6.901
20230610,Yadgir,16.77,77.1376,30.57,55.16,4.06,6.8402
20230611,Yadgir,16.77,77.1376,32.03,50.07,4.35,7.02
20230612,Yadgir,16.77,77.1376,32.58,46.76,4.87,7.3198
20230613,Yadgir,16.77,77.1376,32.97,45.9,5.7,7.3046
20230614,Yadgir,16.77,77.1376,32.73,47.25,5.96,7.0634
20230615,Yadgir,16.77,77.1376,33.28,43.59,5.64,7.4513
20230616,Yadgir,16.77,77.1376,33.49,43.67,5.72,7.3942
20230617,Yadgir,16.77,77.1376,32.88,47.1,5.35,6.6029
20230618,Yadgir,16.77,77.1376,31.73,48.28,4.04,6.7769
20230619,Yadgir,16.77,77.1376,33.86,39.39,3.88,5.2596
20230620,Yadgir,16.77,77.1376,33.44,41.38,4.13,6.4212
20230621,Yadgir,16.77,77.1376,31.75,50.26,3.96,5.7538
20230622,Yadgir,16.77,77.1376,28.86,56.8,4.08,5.2524
20230623,Yadgir,16.77,77.1376,31.04,49.91,4.48,4.7489
20230624,Yadgir,16.77,77.1376,29.37,60.26,4.74,3.8467
20230625,Yadgir,16.77,77.1376,28.12,63.3,4.39,5.1552
20230626,Yadgir,16.77,77.1376,27.96,62.02,4.9,4.5986
20230627,Yadgir,16.77,77.1376,28.16,58.47,5.36,4.9054
20230628,Yadgir,16.77,77.1376,27.56,60.7,5.13,5.0071
20230629,Yadgir,16.77,77.1376,29.01,57.75,5.41,5.1038
20230630,Yadgir,16.77,77.1376,29.32,57.45,6.03,5.6539
20230701,Yadgir,16.77,77.1376,29.2,58.09,5.68,5.754
20230702,Yadgir,16.77,77.1376,28.86,64.71,5.09,5.777
20230703,Yadgir,16.77,77.1376,28.29,72.75,3.76,5.8502
20230704,Yadgir,16.77,77.1376,27.76,77.24,3.25,5.2133
20230705,Yadgir,16.77,77.1376,26.74,76.41,4.6,4.3927
20230706,Yadgir,16.77,77.1376,26.11,70.77,6.34,3.8381
20230707,Yadgir,16.77,77.1376,27.18,67.6,6.02,4.0594
20230708,Yadgir,16.77,77.1376,27.66,67.01,5.16,3.7236
20230709,Yadgir,16.77,77.1376,28.11,68.06,4.29,5.3467
20230710,Yadgir,16.77,77.1376,29.41,62.73,4.52,5.113
20230711,Yadgir,16.77,77.1376,28.08,65.19,4.59,4.1947
20230712,Yadgir,16.77,77.1376,26.77,69.65,3.74,4.199
20230713,Yadgir,16.77,77.1376,27.99,67.18,4.25,4.9994
20230714,Yadgir,16.77,77.1376,28.49,66.98,4.29,5.2702
20230715,Yadgir,16.77,77.1376,28.66,65.13,4.66,4.5295
20230716,Yadgir,16.77,77.1376,27.63,69.49,4.53,4.0169
20230717,Yadgir,16.77,77.1376,26.78,73.2,4.53,3.4318
20230718,Yadgir,16.77,77.1376,25.45,82.09,5.46,1.7609
20230719,Yadgir,16.77,77.1376,25.1,85.26,5.99,2.2918
20230720,Yadgir,16.77,77.1376,24.36,83.22,6.41,1.199
20230721,Yadgir,16.77,77.1376,24.54,82.78,5.56,1.7522
20230722,Yadgir,16.77,77.1376,26.39,76.37,5.91,3.5002
20230723,Yadgir,16.77,77.1376,26.36,77.29,5.25,3.5174
20230724,Yadgir,16.77,77.1376,26.32,80.63,5.37,3.0053
20230725,Yadgir,16.77,77.1376,25.39,83.46,5.43,2.2963
20230726,Yadgir,16.77,77.1376,25.02,86.85,5.16,1.6001
20230727,Yadgir,16.77,77.1376,24.48,89.75,5.9,1.4602
20230728,Yadgir,16.77,77.1376,26.08,79.38,5.72,4.1642
20230729,Yadgir,16.77,77.1376,26.62,77.87,5.13,4.0392
20230730,Yadgir,16.77,77.1376,26.48,79.01,4.55,4.7232
20230731,Yadgir,16.77,77.1376,26.33,80.86,4.49,5.0021
20230801,Yadgir,16.77,77.1376,26.26,80.22,4.89,4.3253
20230802,Yadgir,16.77,77.1376,26.59,76.66,5.25,3.5136
20230803,Yadgir,16.77,77.1376,26.49,76.07,5.15,3.8592
20230804,Yadgir,16.77,77.1376,27.03,75.15,4.62,5.4744
20230805,Yadgir,16.77,77.1376,26.64,75.71,4.44,5.8265
20230806,Yadgir,16.77,77.1376,27.0,74.72,4.31,5.7907
20230807,Yadgir,16.77,77.1376,27.19,73.07,4.47,4.639
20230808,Yadgir,16.77,77.1376,26.19,76.49,3.57,4.7618
20230809,Yadgir,16.77,77.1376,27.02,76.29,2.83,5.8075
20230810,Yadgir,16.77,77.1376,27.41,74.44,2.64,6.2227
20230811,Yadgir,16.77,77.1376,27.5,72.85,2.87,6.2738
20230812,Yadgir,16.77,77.1376,27.4,73.37,3.44,5.0158
20230813,Yadgir,16.77,77.1376,26.68,74.77,3.21,5.7442
20230814,Yadgir,16.77,77.1376,26.47,74.53,3.19,5.6522
20230815,Yadgir,16.77,77.1376,26.76,70.77,3.26,5.4914
20230816,Yadgir,16.77,77.1376,27.17,71.26,2.97,5.9477
20230817,Yadgir,16.77,77.1376,27.28,70.66,3.62,5.005
20230818,Yadgir,16.77,77.1376,25.92,75.61,4.02,3.6312
20230819,Yadgir,16.77,77.1376,25.33,78.79,3.6,2.9162
20230820,Yadgir,16.77,77.1376,27.61,69.84,3.69,5.2798
20230821,Yadgir,16.77,77.1376,27.9,67.94,3.04,6.0478
20230822,Yadgir,16.77,77.1376,27.69,68.31,3.07,5.6165
20230823,Yadgir,16.77,77.1376,27.19,70.95,2.89,6.0749
20230824,Yadgir,16.77,77.1376,28.08,67.22,3.26,5.8049
20230825,Yadgir,16.77,77.1376,27.81,69.13,3.42,5.4744
20230826,Yadgir,16.77,77.1376,27.05,75.35,3.14,5.0676
20230827,Yadgir,16.77,77.1376,27.92,68.91,3.73,6.6197
20230828,Yadgir,16.77,77.1376,27.93,69.88,3.83,6.0036
20230829,Yadgir,16.77,77.1376,27.81,70.65,2.86,6.1658
20230830,Yadgir,16.77,77.1376,28.3,67.91,2.12,5.5908
20230831,Yadgir,16.77,77.1376,27.75,69.86,2.07,6.4392
20230901,Yadgir,16.77,77.1376,28.82,68.22,1.48,6.727
20230902,Yadgir,16.77,77.1376,27.37,78.14,0.91,5.0381
20230903,Yadgir,16.77,77.1376,26.0,81.86,1.71,3.059
20230904,Yadgir,16.77,77.1376,25.85,85.16,2.92,1.3351
20230905,Yadgir,16.77,77.1376,25.55,81.79,3.65,2.2373
20230906,Yadgir,16.77,77.1376,25.95,78.61,3.28,5.3066
20230907,Yadgir,16.77,77.1376,24.52,81.98,3.52,4.9363
20230908,Yadgir,16.77,77.1376,25.77,79.84,3.97,3.6641
20230909,Yadgir,16.77,77.1376,27.04,77.45,3.88,4.4074
20230910,Yadgir,16.77,77.1376,26.64,79.85,3.45,4.3922
20230911,Yadgir,16.77,77.1376,27.25,75.64,3.24,5.4446
20230912,Yadgir,16.77,77.1376,27.27,72.0,3.48,5.8932
20230913,Yadgir,16.77,77.1376,26.92,71.39,3.57,5.9294
20230914,Yadgir,16.77,77.1376,26.82,72.14,3.31,5.4113
20230915,Yadgir,16.77,77.1376,27.15,69.32,3.32,5.9122
20230916,Yadgir,16.77,77.1376,27.8,68.86,4.01,5.7322
20230917,Yadgir,16.77,77.1376,28.19,68.21,3.56,5.6431
20230918,Yadgir,16.77,77.1376,27.94,70.31,3.06,5.6815
20230919,Yadgir,16.77,77.1376,27.96,69.92,3.11,6.1027
20230920,Yadgir,16.77,77.1376,28.07,71.53,2.76,5.6335
20230921,Yadgir,16.77,77.1376,26.63,78.19,2.1,5.0431
20230922,Yadgir,16.77,77.1376,26.36,78.77,1.95,3.7445
20230923,Yadgir,16.77,77.1376,26.78,78.64,1.55,4.6282
20230924,Yadgir,16.77,77.1376,25.25,85.4,2.83,4.2658
20230925,Yadgir,16.77,77.1376,24.91,84.95,2.33,4.5317
20230926,Yadgir,16.77,77.1376,26.33,79.55,0.94,4.6272
20230927,Yadgir,16.77,77.1376,26.82,80.49,0.88,4.7129
20230928,Yadgir,16.77,77.1376,27.18,78.83,1.39,5.0198
20230929,Yadgir,16.77,77.1376,27.45,78.1,1.15,5.6117
20230930,Yadgir,16.77,77.1376,25.49,82.13,2.73,4.788
20231001,Yadgir,16.77,77.1376,26.37,81.04,3.2,3.707
20231002,Yadgir,16.77,77.1376,25.21,80.86,3.52,3.7786
20231003,Yadgir,16.77,77.1376,26.3,75.8,2.91,5.4182
20231004,Yadgir,16.77,77.1376,26.44,72.94,2.03,5.5882
20231005,Yadgir,16.77,77.1376,25.66,69.43,1.87,6.0946
20231006,Yadgir,16.77,77.1376,25.08,68.78,1.8,6.4363
20231007,Yadgir,16.77,77.1376,25.75,70.78,1.86,6.3096
20231008,Yadgir,16.77,77.1376,26.34,70.19,1.76,6.173
20231009,Yadgir,16.77,77.1376,26.82,69.78,1.69,5.9789
20231010,Yadgir,16.77,77.1376,27.06,70.67,2.17,5.2572
20231011,Yadgir,16.77,77.1376,26.8,70.75,2.14,5.1252
20231012,Yadgir,16.77,77.1376,26.8,66.28,2.63,5.7655
20231013,Yadgir,16.77,77.1376,26.44,64.28,2.53,5.6635
20231014,Yadgir,16.77,77.1376,26.53,63.83,2.12,5.3318
20231015,Yadgir,16.77,77.1376,26.67,66.43,2.01,5.0698
20231016,Yadgir,16.77,77.1376,26.6,66.4,1.96,5.0407
20231017,Yadgir,16.77,77.1376,26.62,66.05,2.23,5.3458
20231018,Yadgir,16.77,77.1376,26.17,63.3,2.1,5.5829
20231019,Yadgir,16.77,77.1376,26.54,64.19,2.04,5.5795
20231020,Yadgir,16.77,77.1376,26.73,64.92,2.47,5.2147
20231021,Yadgir,16.77,77.1376,26.64,65.43,2.63,5.071
20231022,Yadgir,16.77,77.1376,25.8,63.03,2.74,5.6537
20231023,Yadgir,16.77,77.1376,25.09,62.27,2.52,5.6582
20231024,Yadgir,16.77,77.1376,25.03,61.18,2.47,6.107
20231025,Yadgir,16.77,77.1376,24.4,55.27,2.57,5.7655
20231026,Yadgir,16.77,77.1376,24.06,54.73,2.51,6.0914
20231027,Yadgir,16.77,77.1376,23.79,50.59,2.59,6.0701
20231028,Yadgir,16.77,77.1376,24.6,50.35,2.11,5.3026
20231029,Yadgir,16.77,77.1376,25.81,50.74,2.56,4.7683
20231030,Yadgir,16.77,77.1376,25.97,60.72,2.25,4.3668
20231031,Yadgir,16.77,77.1376,25.87,60.83,2.1,3.6545
20231101,Yadgir,16.77,77.1376,26.46,60.53,2.15,3.9893
20231102,Yadgir,16.77,77.1376,26.76,56.67,2.1,4.423
20231103,Yadgir,16.77,77.1376,28.05,58.03,2.24,4.3982
20231104,Yadgir,16.77,77.1376,27.21,65.49,2.34,4.0572
20231105,Yadgir,16.77,77.1376,25.73,66.17,2.4,3.8738
20231106,Yadgir,16.77,77.1376,25.04,74.38,1.87,3.6154
20231107,Yadgir,16.77,77.1376,25.74,75.25,2.39,4.3202
20231108,Yadgir,16.77,77.1376,25.78,76.65,1.67,3.5974
20231109,Yadgir,16.77,77.1376,24.54,82.42,1.79,3.8849
20231110,Yadgir,16.77,77.1376,25.89,73.57,1.78,4.9802
20231111,Yadgir,16.77,77.1376,26.21,60.19,2.19,5.2294
20231112,Yadgir,16.77,77.1376,25.45,55.98,2.2,4.9188
20231113,Yadgir,16.77,77.1376,25.42,59.77,1.69,4.4328
20231114,Yadgir,16.77,77.1376,24.58,64.33,1.88,3.9442
20231115,Yadgir,16.77,77.1376,24.89,55.13,2.1,4.4935
20231116,Yadgir,16.77,77.1376,24.94,50.95,2.49,4.505
20231117,Yadgir,16.77,77.1376,25.71,53.21,1.82,4.819
20231118,Yadgir,16.77,77.1376,27.06,53.92,1.84,4.877
20231119,Yadgir,16.77,77.1376,27.12,52.17,2.49,4.6942
20231120,Yadgir,16.77,77.1376,26.23,53.93,2.49,4.4342
20231121,Yadgir,16.77,77.1376,26.65,54.4,2.44,4.4386
20231122,Yadgir,16.77,77.1376,27.09,59.19,1.88,4.8341
20231123,Yadgir,16.77,77.1376,27.34,62.55,2.23,3.4872
20231124,Yadgir,16.77,77.1376,26.65,69.09,2.75,3.0466
20231125,Yadgir,16.77,77.1376,27.47,59.7,2.85,3.8369
20231126,Yadgir,16.77,77.1376,27.17,58.33,2.96,3.9732
20231127,Yadgir,16.77,77.1376,27.14,59.41,2.98,3.971
20231128,Yadgir,16.77,77.1376,26.94,63.16,2.38,4.4604
20231129,Yadgir,16.77,77.1376,25.82,63.12,2.75,4.8617
20231130,Yadgir,16.77,77.1376,26.17,63.28,2.88,4.4585
20231201,Yadgir,16.77,77.1376,25.99,61.06,1.92,5.1098
20231202,Yadgir,16.77,77.1376,25.74,51.3,2.96,5.0491
20231203,Yadgir,16.77,77.1376,26.56,61.96,3.12,4.3944
20231204,Yadgir,16.77,77.1376,25.85,64.76,2.98,2.1173
20231205,Yadgir,16.77,77.1376,24.93,63.44,3.84,2.5526
20231206,Yadgir,16.77,77.1376,23.95,68.87,3.26,3.1039
20231207,Yadgir,16.77,77.1376,24.62,61.25,1.59,3.841
20231208,Yadgir,16.77,77.1376,24.77,56.94,1.81,4.5842
20231209,Yadgir,16.77,77.1376,24.79,55.23,2.15,4.4275
20231210,Yadgir,16.77,77.1376,23.98,50.65,1.98,5.0004
20231211,Yadgir,16.77,77.1376,23.81,48.17,1.87,4.6666
20231212,Yadgir,16.77,77.1376,23.75,50.35,1.91,5.0172
20231213,Yadgir,16.77,77.1376,23.61,54.38,2.3,4.5492
20231214,Yadgir,16.77,77.1376,22.9,52.82,2.21,5.1235
20231215,Yadgir,16.77,77.1376,22.62,55.08,1.95,4.7983
20231216,Yadgir,16.77,77.1376,23.77,57.82,1.85,2.7866
20231217,Yadgir,16.77,77.1376,24.68,57.38,2.64,2.6666
20231218,Yadgir,16.77,77.1376,23.57,49.36,2.9,3.0679
20231219,Yadgir,16.77,77.1376,22.65,46.13,3.14,4.0891
20231220,Yadgir,16.77,77.1376,22.48,38.77,2.47,4.3661
20231221,Yadgir,16.77,77.1376,22.34,33.04,1.82,4.5768
20231222,Yadgir,16.77,77.1376,23.03,33.1,1.76,4.6068
20231223,Yadgir,16.77,77.1376,22.81,47.7,1.89,4.5922
20231224,Yadgir,16.77,77.1376,22.68,54.4,1.98,4.6853
20231225,Yadgir,16.77,77.1376,23.08,47.77,1.83,4.8641
20231226,Yadgir,16.77,77.1376,23.9,47.97,1.75,4.7779
20231227,Yadgir,16.77,77.1376,23.45,56.01,2.03,5.0218
20231228,Yadgir,16.77,77.1376,23.31,54.22,2.21,5.177
20231229,Yadgir,16.77,77.1376,23.37,54.21,2.3,5.1854
20231230,Yadgir,16.77,77.1376,23.48,52.6,1.75,5.2094
20231231,Yadgir,16.77,77.1376,23.42,51.55,2.05,4.9529
20240101,Yadgir,16.77,77.1376,23.23,56.09,1.73,4.8358
20240102,Yadgir,16.77,77.1376,23.69,54.98,2.13,4.6774
20240103,Yadgir,16.77,77.1376,23.68,57.33,2.52,4.2905
20240104,Yadgir,16.77,77.1376,24.76,54.7,2.6,4.3841
20240105,Yadgir,16.77,77.1376,24.29,51.69,2.82,4.818
20240106,Yadgir,16.77,77.1376,24.08,50.46,2.65,5.1274
20240107,Yadgir,16.77,77.1376,24.56,50.82,3.36,4.4741
20240108,Yadgir,16.77,77.1376,24.42,47.2,3.49,4.0296
20240109,Yadgir,16.77,77.1376,25.62,43.6,3.35,2.9129
20240110,Yadgir,16.77,77.1376,25.4,47.52,2.27,4.0286
20240111,Yadgir,16.77,77.1376,25.63,41.23,1.88,5.2834
20240112,Yadgir,16.77,77.1376,25.24,45.6,1.79,5.0148
20240113,Yadgir,16.77,77.1376,25.57,50.66,1.45,4.5377
20240114,Yadgir,16.77,77.1376,25.4,41.53,1.39,4.5679
20240115,Yadgir,16.77,77.1376,25.31,38.88,1.14,4.4107
20240116,Yadgir,16.77,77.1376,24.7,42.53,1.42,4.5276
20240117,Yadgir,16.77,77.1376,25.0,52.35,2.2,4.8158
20240118,Yadgir,16.77,77.1376,24.71,53.91,1.85,4.3822
20240119,Yadgir,16.77,77.1376,25.64,46.17,1.65,4.8941
20240120,Yadgir,16.77,77.1376,26.66,44.7,2.16,4.9507
20240121,Yadgir,16.77,77.1376,26.26,44.52,1.21,5.0119
20240122,Yadgir,16.77,77.1376,26.64,45.47,1.49,5.2428
20240123,Yadgir,16.77,77.1376,26.3,34.71,1.49,5.1595
20240124,Yadgir,16.77,77.1376,24.99,38.03,1.84,5.2538
20240125,Yadgir,16.77,77.1376,24.67,38.7,2.86,4.7318
20240126,Yadgir,16.77,77.1376,25.21,45.32,2.34,5.0772
20240127,Yadgir,16.77,77.1376,25.38,44.34,2.54,4.727
20240128,Yadgir,16.77,77.1376,23.86,33.42,2.04,5.381
20240129,Yadgir,16.77,77.1376,24.69,50.06,1.88,5.113
20240130,Yadgir,16.77,77.1376,24.95,42.41,1.7,5.3011
20240131,Yadgir,16.77,77.1376,24.78,41.18,1.53,5.5987
20240201,Yadgir,16.77,77.1376,25.39,32.78,1.55,5.8486
20240202,Yadgir,16.77,77.1376,25.1,32.05,1.39,5.8932
20240203,Yadgir,16.77,77.1376,26.26,40.73,2.15,5.167
20240204,Yadgir,16.77,77.1376,27.07,41.79,2.09,5.5349
20240205,Yadgir,16.77,77.1376,27.45,42.51,1.42,5.6626
20240206,Yadgir,16.77,77.1376,28.17,41.53,1.4,5.7902
20240207,Yadgir,16.77,77.1376,28.44,34.69,0.89,5.7646
20240208,Yadgir,16.77,77.1376,28.16,29.99,2.44,5.7312
20240209,Yadgir,16.77,77.1376,27.49,31.41,1.92,5.7833
20240210,Yadgir,16.77,77.1376,27.32,47.34,2.76,5.5618
20240211,Yadgir,16.77,77.1376,27.57,48.75,3.05,5.8121
20240212,Yadgir,16.77,77.1376,27.08,42.23,2.93,6.1975
20240213,Yadgir,16.77,77.1376,26.4,38.92,2.75,6.1394
20240214,Yadgir,16.77,77.1376,27.13,40.54,2.94,5.8078
20240215,Yadgir,16.77,77.1376,27.49,37.77,2.78,6.1908
20240216,Yadgir,16.77,77.1376,26.51,29.01,3.05,6.6919
20240217,Yadgir,16.77,77.1376,26.4,27.6,1.73,6.6571
20240218,Yadgir,16.77,77.1376,26.05,30.38,1.57,6.6401
20240219,Yadgir,16.77,77.1376,26.67,32.93,1.49,6.3888
20240220,Yadgir,16.77,77.1376,27.52,33.84,1.33,6.203
20240221,Yadgir,16.77,77.1376,28.01,24.05,1.69,6.2102
20240222,Yadgir,16.77,77.1376,27.56,26.55,2.08,6.5964
20240223,Yadgir,16.77,77.1376,26.8,22.08,1.92,6.5688
20240224,Yadgir,16.77,77.1376,27.53,30.21,1.54,5.6993
20240225,Yadgir,16.77,77.1376,28.64,44.91,2.28,5.6218
20240226,Yadgir,16.77,77.1376,29.03,46.29,3.6,6.161
20240227,Yadgir,16.77,77.1376,28.51,40.93,2.7,6.6432
20240228,Yadgir,16.77,77.1376,29.32,35.93,2.59,6.5395
20240229,Yadgir,16.77,77.1376,29.82,32.58,2.49,6.2501
20240301,Yadgir,16.77,77.1376,30.85,30.47,2.46,6.2789
20240302,Yadgir,16.77,77.1376,30.29,33.28,2.51,6.4925
20240303,Yadgir,16.77,77.1376,30.36,31.93,1.6,6.4956
20240304,Yadgir,16.77,77.1376,30.9,28.74,1.82,6.1718
20240305,Yadgir,16.77,77.1376,31.07,29.51,1.78,6.5825
20240306,Yadgir,16.77,77.1376,31.6,27.35,1.75,6.4476
20240307,Yadgir,16.77,77.1376,29.68,18.06,2.04,6.4414
20240308,Yadgir,16.77,77.1376,29.63,17.12,2.6,6.445
20240309,Yadgir,16.77,77.1376,29.95,21.92,2.16,5.8114
20240310,Yadgir,16.77,77.1376,31.15,35.21,2.44,5.8435
20240311,Yadgir,16.77,77.1376,31.36,37.34,2.02,5.4425
20240312,Yadgir,16.77,77.1376,32.17,32.37,1.77,5.821
20240313,Yadgir,16.77,77.1376,32.05,21.8,1.99,5.603
20240314,Yadgir,16.77,77.1376,31.02,18.6,2.13,5.9686
20240315,Yadgir,16.77,77.1376,31.57,28.36,1.27,5.903
20240316,Yadgir,16.77,77.1376,32.83,31.49,1.87,5.7478
20240317,Yadgir,16.77,77.1376,32.05,36.43,2.57,5.6839
20240318,Yadgir,16.77,77.1376,32.18,35.09,1.74,5.5358
20240319,Yadgir,16.77,77.1376,31.74,30.9,1.25,5.5174
20240320,Yadgir,16.77,77.1376,30.61,30.64,2.45,6.2273
20240321,Yadgir,16.77,77.1376,30.15,38.82,2.57,6.7147
20240322,Yadgir,16.77,77.1376,31.0,36.76,1.49,6.7018
20240323,Yadgir,16.77,77.1376,32.01,29.42,1.09,6.5213
20240324,Yadgir,16.77,77.1376,32.84,29.78,2.75,6.3166
20240325,Yadgir,16.77,77.1376,32.54,29.7,2.34,6.0048
20240326,Yadgir,16.77,77.1376,32.92,28.87,2.85,6.192
20240327,Yadgir,16.77,77.1376,32.18,26.9,2.16,6.745
20240328,Yadgir,16.77,77.1376,32.9,25.99,2.55,6.8366
20240329,Yadgir,16.77,77.1376,34.01,25.8,2.63,6.7042
20240330,Yadgir,16.77,77.1376,34.23,27.11,3.23,6.7061
20240331,Yadgir,16.77,77.1376,32.8,24.62,2.52,7.0147
20240401,Yadgir,16.77,77.1376,33.19,26.03,1.58,6.7781
20240402,Yadgir,16.77,77.1376,33.42,22.79,1.61,6.3847
20240403,Yadgir,16.77,77.1376,33.95,25.38,1.95,6.3866
20240404,Yadgir,16.77,77.1376,35.18,25.64,1.96,6.7706
20240405,Yadgir,16.77,77.1376,35.04,20.34,1.6,6.7901
20240406,Yadgir,16.77,77.1376,35.28,20.19,1.44,6.3502
20240407,Yadgir,16.77,77.1376,35.46,21.75,2.55,6.2582
20240408,Yadgir,16.77,77.1376,35.85,20.66,2.58,6.6281
20240409,Yadgir,16.77,77.1376,33.07,37.51,4.24,6.912
20240410,Yadgir,16.77,77.1376,33.51,33.43,3.54,6.8254
20240411,Yadgir,16.77,77.1376,33.06,33.89,2.67,5.9398
20240412,Yadgir,16.77,77.1376,33.11,36.64,2.82,6.5045
20240413,Yadgir,16.77,77.1376,33.04,37.76,1.94,5.4286
20240414,Yadgir,16.77,77.1376,34.1,32.5,2.98,6.925
20240415,Yadgir,16.77,77.1376,34.39,29.67,2.37,7.2199
20240416,Yadgir,16.77,77.1376,35.59,27.31,2.52,7.103
20240417,Yadgir,16.77,77.1376,34.56,29.18,1.93,5.3784
20240418,Yadgir,16.77,77.1376,35.89,30.97,1.61,4.7592
20240419,Yadgir,16.77,77.1376,33.93,38.32,2.72,4.8538
20240420,Yadgir,16.77,77.1376,30.86,53.26,1.79,2.5817
20240421,Yadgir,16.77,77.1376,31.88,55.86,1.45,5.7919
20240422,Yadgir,16.77,77.1376,32.86,51.19,1.42,6.3566
20240423,Yadgir,16.77,77.1376,33.13,38.65,2.86,7.4251
20240424,Yadgir,16.77,77.1376,32.82,34.46,2.42,7.2682
20240425,Yadgir,16.77,77.1376,33.56,31.7,2.2,7.2929
20240426,Yadgir,16.77,77.1376,34.43,27.84,2.48,7.4491
20240427,Yadgir,16.77,77.1376,34.97,28.5,2.52,7.2936
20240428,Yadgir,16.77,77.1376,35.9,26.26,1.99,6.5374
20240429,Yadgir,16.77,77.1376,36.4,26.1,2.63,7.031
20240430,Yadgir,16.77,77.1376,36.46,22.7,1.52,7.1863
20240501,Yadgir,16.77,77.1376,36.88,20.87,3.12,6.8534
20240502,Yadgir,16.77,77.1376,35.81,17.92,2.78,7.4597
20240503,Yadgir,16.77,77.1376,35.35,15.99,2.84,7.8067
20240504,Yadgir,16.77,77.1376,35.12,13.48,1.78,7.5578
20240505,Yadgir,16.77,77.1376,35.59,16.61,2.54,7.1014
20240506,Yadgir,16.77,77.1376,37.24,21.0,2.05,7.0524
20240507,Yadgir,16.77,77.1376,36.96,29.03,1.74,6.6698
20240508,Yadgir,16.77,77.1376,33.97,44.06,2.46,7.1328
20240509,Yadgir,16.77,77.1376,32.95,49.48,2.44,5.0705
20240510,Yadgir,16.77,77.1376,32.62,48.21,1.74,6.1488
20240511,Yadgir,16.77,77.1376,33.64,44.53,2.48,6.2575
20240512,Yadgir,16.77,77.1376,32.38,53.02,2.08,6.6782
20240513,Yadgir,16.77,77.1376,30.93,57.94,2.23,5.1233
20240514,Yadgir,16.77,77.1376,30.69,59.46,1.9,6.1006
20240515,Yadgir,16.77,77.1376,30.09,63.73,1.13,5.309
20240516,Yadgir,16.77,77.1376,29.98,65.0,1.94,5.7619
20240517,Yadgir,16.77,77.1376,30.11,62.86,1.85,5.0062
20240518,Yadgir,16.77,77.1376,30.77,59.83,1.52,6.5306
20240519,Yadgir,16.77,77.1376,30.99,59.5,2.61,4.9654
20240520,Yadgir,16.77,77.1376,31.45,58.12,2.28,5.7048
20240521,Yadgir,16.77,77.1376,33.24,52.2,2.85,5.7994
20240522,Yadgir,16.77,77.1376,33.74,49.19,2.96,6.9317
20240523,Yadgir,16.77,77.1376,34.18,47.86,1.49,6.0396
20240524,Yadgir,16.77,77.1376,33.19,50.67,2.45,5.7391
20240525,Yadgir,16.77,77.1376,32.78,49.12,5.15,5.2318
20240526,Yadgir,16.77,77.1376,33.4,51.68,4.9,5.5459
20240527,Yadgir,16.77,77.1376,32.95,48.68,5.59,5.1125
20240528,Yadgir,16.77,77.1376,33.5,46.9,5.75,5.8313
20240529,Yadgir,16.77,77.1376,33.54,46.58,4.94,7.1993
20240530,Yadgir,16.77,77.1376,34.88,41.72,3.82,7.0865
20240531,Yadgir,16.77,77.1376,35.74,37.48,3.91,7.0817
20240601,Yadgir,16.77,77.1376,34.39,41.12,4.56,5.6786
20240602,Yadgir,16.77,77.1376,33.63,46.67,3.23,5.9666
20240603,Yadgir,16.77,77.1376,28.87,71.93,2.92,3.4843
20240604,Yadgir,16.77,77.1376,30.45,65.29,2.11,5.2622
20240605,Yadgir,16.77,77.1376,27.65,81.09,2.44,5.8308
20240606,Yadgir,16.77,77.1376,27.51,81.08,2.2,5.3791
20240607,Yadgir,16.77,77.1376,27.65,78.96,1.59,4.4525
20240608,Yadgir,16.77,77.1376,26.94,79.43,2.89,5.0167
20240609,Yadgir,16.77,77.1376,26.82,79.77,2.95,3.6773
20240610,Yadgir,16.77,77.1376,26.45,81.88,3.94,3.3312
20240611,Yadgir,16.77,77.1376,26.91,78.31,4.76,3.0612
20240612,Yadgir,16.77,77.1376,26.32,74.67,4.81,3.5309
20240613,Yadgir,16.77,77.1376,25.59,82.65,3.25,4.4702
20240614,Yadgir,16.77,77.1376,25.61,78.17,4.14,5.2445
20240615,Yadgir,16.77,77.1376,26.97,77.58,3.2,6.4126
20240616,Yadgir,16.77,77.1376,27.98,74.62,3.38,6.457
20240617,Yadgir,16.77,77.1376,27.59,78.38,2.8,6.181
20240618,Yadgir,16.77,77.1376,27.75,73.28,3.69,6.2162
20240619,Yadgir,16.77,77.1376,26.44,74.93,3.63,5.149
20240620,Yadgir,16.77,77.1376,27.32,75.81,4.05,5.719
20240621,Yadgir,16.77,77.1376,27.53,75.34,4.15,5.2186
20240622,Yadgir,16.77,77.1376,27.64,72.8,3.28,5.0208
20240623,Yadgir,16.77,77.1376,25.75,80.55,3.01,4.4381
20240624,Yadgir,16.77,77.1376,27.71,74.35,3.16,3.9451
20240625,Yadgir,16.77,77.1376,27.92,71.35,4.25,4.8
20240626,Yadgir,16.77,77.1376,26.15,75.22,5.15,4.3922
20240627,Yadgir,16.77,77.1376,25.06,74.19,5.52,4.0402
20240628,Yadgir,16.77,77.1376,26.08,72.39,5.13,4.2353
20240629,Yadgir,16.77,77.1376,27.18,74.54,3.98,5.2397
20240630,Yadgir,16.77,77.1376,27.72,73.66,4.46,3.2606
20240701,Yadgir,16.77,77.1376,27.8,72.3,6.0,4.9157
20240702,Yadgir,16.77,77.1376,27.25,73.62,5.93,5.6678
20240703,Yadgir,16.77,77.1376,27.93,73.79,4.41,3.7056
20240704,Yadgir,16.77,77.1376,27.31,76.66,4.38,5.2615
20240705,Yadgir,16.77,77.1376,27.72,71.35,5.12,4.7496
20240706,Yadgir,16.77,77.1376,26.29,79.11,4.54,3.8081
20240707,Yadgir,16.77,77.1376,26.17,79.45,4.75,4.5658
20240708,Yadgir,16.77,77.1376,26.0,82.54,4.09,4.6834
20240709,Yadgir,16.77,77.1376,25.66,80.94,3.62,4.3459
20240710,Yadgir,16.77,77.1376,26.59,72.44,3.69,5.1722
20240711,Yadgir,16.77,77.1376,27.18,74.45,4.62,5.2786
20240712,Yadgir,16.77,77.1376,25.68,78.7,4.39,4.1167
20240713,Yadgir,16.77,77.1376,26.54,76.53,4.97,4.5998
20240714,Yadgir,16.77,77.1376,25.85,81.95,5.21,3.2172
20240715,Yadgir,16.77,77.1376,25.34,82.16,4.55,2.695
20240716,Yadgir,16.77,77.1376,25.75,79.18,4.5,4.5324
20240717,Yadgir,16.77,77.1376,26.28,79.35,4.57,3.5798
20240718,Yadgir,16.77,77.1376,26.22,80.33,5.89,4.4986
20240719,Yadgir,16.77,77.1376,24.92,85.76,5.13,2.4564
20240720,Yadgir,16.77,77.1376,24.99,84.91,5.62,1.5931
20240721,Yadgir,16.77,77.1376,26.2,81.02,5.8,2.0626
20240722,Yadgir,16.77,77.1376,25.99,79.35,6.35,3.4555
20240723,Yadgir,16.77,77.1376,25.66,81.11,5.94,2.9424
20240724,Yadgir,16.77,77.1376,26.28,78.33,6.15,2.5598
20240725,Yadgir,16.77,77.1376,25.79,81.05,5.95,1.7462
20240726,Yadgir,16.77,77.1376,25.91,78.55,5.71,3.7423
20240727,Yadgir,16.77,77.1376,25.45,82.73,5.45,3.1284
20240728,Yadgir,16.77,77.1376,25.85,80.86,5.45,3.8801
20240729,Yadgir,16.77,77.1376,27.27,76.23,5.13,3.9958
20240730,Yadgir,16.77,77.1376,27.52,76.67,3.9,5.5978
20240731,Yadgir,16.77,77.1376,27.49,78.7,4.17,5.7408
20240801,Yadgir,16.77,77.1376,26.2,83.08,4.33,3.5582
20240802,Yadgir,16.77,77.1376,25.93,81.72,4.8,3.384
20240803,Yadgir,16.77,77.1376,26.97,76.39,5.19,4.1986
20240804,Yadgir,16.77,77.1376,26.56,77.17,4.35,5.197
20240805,Yadgir,16.77,77.1376,26.48,79.32,3.63,5.8812
20240806,Yadgir,16.77,77.1376,25.83,83.6,3.21,3.3516
20240807,Yadgir,16.77,77.1376,25.87,82.96,3.37,2.9448
20240808,Yadgir,16.77,77.1376,26.72,79.21,3.2,2.915
20240809,Yadgir,16.77,77.1376,26.98,78.26,3.29,5.9359
20240810,Yadgir,16.77,77.1376,27.46,76.08,3.19,6.3276
20240811,Yadgir,16.77,77.1376,27.54,76.49,3.33,5.725
20240812,Yadgir,16.77,77.1376,27.36,77.38,2.87,6.4387
20240813,Yadgir,16.77,77.1376,27.32,78.99,2.0,6.0415
20240814,Yadgir,16.77,77.1376,28.3,76.48,1.04,5.2418
20240815,Yadgir,16.77,77.1376,27.91,79.88,1.32,6.0413
20240816,Yadgir,16.77,77.1376,27.72,80.19,0.97,4.9399
20240817,Yadgir,16.77,77.1376,27.12,81.85,1.77,5.6846
20240818,Yadgir,16.77,77.1376,26.78,85.58,1.59,6.0192
20240819,Yadgir,16.77,77.1376,27.58,75.06,1.22,3.9274
20240820,Yadgir,16.77,77.1376,27.68,78.45,0.82,4.9498
20240821,Yadgir,16.77,77.1376,27.8,78.94,2.25,5.1156
20240822,Yadgir,16.77,77.1376,27.03,81.66,2.03,4.5499
20240823,Yadgir,16.77,77.1376,26.54,81.41,3.74,4.6058
20240824,Yadgir,16.77,77.1376,25.48,88.01,3.79,3.1416
20240825,Yadgir,16.77,77.1376,25.95,81.69,4.56,4.3661
20240826,Yadgir,16.77,77.1376,26.2,78.53,4.67,5.2118
20240827,Yadgir,16.77,77.1376,26.41,78.89,3.89,4.9056
20240828,Yadgir,16.77,77.1376,26.46,78.26,3.92,5.3006
20240829,Yadgir,16.77,77.1376,26.25,80.33,3.4,5.3707
20240830,Yadgir,16.77,77.1376,25.68,84.08,3.28,4.9678
20240831,Yadgir,16.77,77.1376,24.78,88.11,3.85,1.303
20240901,Yadgir,16.77,77.1376,24.19,91.13,5.68,1.0829
20240902,Yadgir,16.77,77.1376,24.05,86.31,5.3,1.5314
20240903,Yadgir,16.77,77.1376,25.08,83.61,3.87,4.2346
20240904,Yadgir,16.77,77.1376,25.98,83.82,4.16,4.0735
20240905,Yadgir,16.77,77.1376,26.22,83.52,3.85,4.8898
20240906,Yadgir,16.77,77.1376,25.88,83.78,3.41,4.7743
20240907,Yadgir,16.77,77.1376,25.29,86.65,3.59,3.714
20240908,Yadgir,16.77,77.1376,24.89,88.27,3.03,3.5626
20240909,Yadgir,16.77,77.1376,24.93,87.6,3.01,3.5186
20240910,Yadgir,16.77,77.1376,25.85,81.43,3.78,4.5437
20240911,Yadgir,16.77,77.1376,25.93,79.11,3.75,5.382
20240912,Yadgir,16.77,77.1376,25.93,78.2,3.45,6.3626
20240913,Yadgir,16.77,77.1376,25.44,78.96,3.34,6.0031
20240914,Yadgir,16.77,77.1376,25.73,77.99,3.4,6.2753
20240915,Yadgir,16.77,77.1376,25.45,78.92,3.4,5.628
20240916,Yadgir,16.77,77.1376,24.6,80.06,2.93,5.4348
20240917,Yadgir,16.77,77.1376,25.35,78.05,2.87,5.7883
20240918,Yadgir,16.77,77.1376,25.46,74.04,2.26,6.4644
20240919,Yadgir,16.77,77.1376,25.67,74.53,1.75,6.581
20240920,Yadgir,16.77,77.1376,26.23,77.08,1.94,6.2215
20240921,Yadgir,16.77,77.1376,25.88,83.55,1.45,4.3442
20240922,Yadgir,16.77,77.1376,26.01,82.62,1.44,5.3527
20240923,Yadgir,16.77,77.1376,26.35,85.27,1.68,4.5974
20240924,Yadgir,16.77,77.1376,26.76,84.79,0.67,3.743
20240925,Yadgir,16.77,77.1376,24.97,90.02,2.61,3.7934
20240926,Yadgir,16.77,77.1376,25.68,84.64,3.58,3.9132
20240927,Yadgir,16.77,77.1376,25.64,83.1,2.89,5.0263
20240928,Yadgir,16.77,77.1376,26.02,79.89,1.69,5.9614
20240929,Yadgir,16.77,77.1376,26.82,80.19,0.99,5.7103
20240930,Yadgir,16.77,77.1376,26.93,80.9,1.09,5.3393
20241001,Yadgir,16.77,77.1376,27.7,76.97,0.82,5.8999
20241002,Yadgir,16.77,77.1376,27.9,78.75,1.18,5.7816
20241003,Yadgir,16.77,77.1376,25.63,89.74,2.09,4.685
20241004,Yadgir,16.77,77.1376,26.69,82.28,1.67,4.9601
20241005,Yadgir,16.77,77.1376,26.6,83.04,1.75,4.8274
20241006,Yadgir,16.77,77.1376,26.14,82.91,1.45,4.8989
20241007,Yadgir,16.77,77.1376,25.71,83.19,1.68,5.311
20241008,Yadgir,16.77,77.1376,25.39,82.77,1.64,5.7022
20241009,Yadgir,16.77,77.1376,25.7,85.03,1.95,4.9236
20241010,Yadgir,16.77,77.1376,25.83,84.27,2.72,4.2799
20241011,Yadgir,16.77,77.1376,25.6,86.17,2.52,3.8263
20241012,Yadgir,16.77,77.1376,25.82,85.54,2.36,5.1091
20241013,Yadgir,16.77,77.1376,26.07,84.23,2.12,5.5351
20241014,Yadgir,16.77,77.1376,25.45,86.57,1.49,4.1494
20241015,Yadgir,16.77,77.1376,25.28,86.67,1.46,3.4188
20241016,Yadgir,16.77,77.1376,25.41,87.21,1.78,3.1704
20241017,Yadgir,16.77,77.1376,25.91,86.58,2.39,4.021
20241018,Yadgir,16.77,77.1376,25.45,89.56,2.33,3.9883
20241019,Yadgir,16.77,77.1376,25.75,87.05,1.51,4.7616
20241020,Yadgir,16.77,77.1376,25.07,85.05,1.66,5.0285
20241021,Yadgir,16.77,77.1376,25.36,83.21,1.7,5.6458
20241022,Yadgir,16.77,77.1376,25.73,83.82,1.41,5.232
20241023,Yadgir,16.77,77.1376,25.31,82.66,1.73,5.214
20241024,Yadgir,16.77,77.1376,24.47,79.13,1.61,4.5398
20241025,Yadgir,16.77,77.1376,24.18,78.19,2.27,5.1326
20241026,Yadgir,16.77,77.1376,23.89,81.71,2.47,5.1768
20241027,Yadgir,16.77,77.1376,23.79,79.12,1.85,5.8538
20241028,Yadgir,16.77,77.1376,24.5,75.44,0.91,5.5771
20241029,Yadgir,16.77,77.1376,25.62,72.29,0.78,5.2478
20241030,Yadgir,16.77,77.1376,25.17,78.94,1.22,4.8396
20241031,Yadgir,16.77,77.1376,25.02,86.7,2.08,3.9931
20241101,Yadgir,16.77,77.1376,25.48,82.23,1.13,5.1314
20241102,Yadgir,16.77,77.1376,25.46,81.6,1.99,4.6922
20241103,Yadgir,16.77,77.1376,24.47,79.14,2.47,4.8967
20241104,Yadgir,16.77,77.1376,24.3,77.48,2.13,4.5684
20241105,Yadgir,16.77,77.1376,23.14,71.38,2.02,5.2752
20241106,Yadgir,16.77,77.1376,23.09,72.57,1.78,5.3834
20241107,Yadgir,16.77,77.1376,22.82,73.72,1.75,5.4864
20241108,Yadgir,16.77,77.1376,23.0,72.45,1.6,5.1245
20241109,Yadgir,16.77,77.1376,23.66,73.43,1.86,4.6546
20241110,Yadgir,16.77,77.1376,23.2,72.69,1.97,4.9961
20241111,Yadgir,16.77,77.1376,22.48,71.97,2.34,5.093
20241112,Yadgir,16.77,77.1376,22.98,76.35,2.41,4.5929
20241113,Yadgir,16.77,77.1376,24.2,78.35,2.7,3.305
20241114,Yadgir,16.77,77.1376,24.82,80.9,2.32,3.7541
20241115,Yadgir,16.77,77.1376,25.2,78.78,2.2,3.881
20241116,Yadgir,16.77,77.1376,24.09,69.82,2.37,4.8636
20241117,Yadgir,16.77,77.1376,22.02,65.5,2.58,4.6109
20241118,Yadgir,16.77,77.1376,20.83,66.86,2.19,4.7688
20241119,Yadgir,16.77,77.1376,20.69,67.05,1.87,5.0184
20241120,Yadgir,16.77,77.1376,20.89,68.57,1.87,5.1072
20241121,Yadgir,16.77,77.1376,21.02,69.39,1.82,4.9231
20241122,Yadgir,16.77,77.1376,20.88,69.23,1.69,4.3174
20241123,Yadgir,16.77,77.1376,21.09,71.5,1.45,4.3879
20241124,Yadgir,16.77,77.1376,21.02,67.94,1.66,4.1842
20241125,Yadgir,16.77,77.1376,20.93,69.09,2.49,4.5254
20241126,Yadgir,16.77,77.1376,21.7,67.29,2.22,4.7784
20241127,Yadgir,16.77,77.1376,21.31,65.64,2.75,4.1534
20241128,Yadgir,16.77,77.1376,20.29,61.87,3.16,5.0743
20241129,Yadgir,16.77,77.1376,21.92,68.02,3.23,4.6277
20241130,Yadgir,16.77,77.1376,23.85,74.13,3.4,3.4838
20241201,Yadgir,16.77,77.1376,24.45,77.12,2.95,2.8027
20241202,Yadgir,16.77,77.1376,24.94,80.2,3.15,2.7144
20241203,Yadgir,16.77,77.1376,25.83,76.34,3.39,2.5162
20241204,Yadgir,16.77,77.1376,26.21,74.87,2.39,4.5482
20241205,Yadgir,16.77,77.1376,26.47,74.08,1.83,3.3828
20241206,Yadgir,16.77,77.1376,26.52,72.63,1.71,4.5247
20241207,Yadgir,16.77,77.1376,26.35,74.58,1.01,4.242
20241208,Yadgir,16.77,77.1376,25.47,77.39,1.54,3.1553
20241209,Yadgir,16.77,77.1376,25.31,75.53,1.4,3.6379
20241210,Yadgir,16.77,77.1376,23.85,66.52,2.82,3.6132
20241211,Yadgir,16.77,77.1376,22.34,54.51,2.62,4.6356
20241212,Yadgir,16.77,77.1376,22.98,54.81,1.57,4.4561
20241213,Yadgir,16.77,77.1376,22.32,54.28,2.54,4.0704
20241214,Yadgir,16.77,77.1376,21.84,53.32,2.85,4.4887
20241215,Yadgir,16.77,77.1376,20.39,50.08,2.34,4.7657
20241216,Yadgir,16.77,77.1376,19.49,43.55,1.88,4.7983
20241217,Yadgir,16.77,77.1376,20.38,46.52,1.61,4.9668
20241218,Yadgir,16.77,77.1376,22.82,50.9,2.0,4.2182
20241219,Yadgir,16.77,77.1376,24.04,53.58,2.2,4.4743
20241220,Yadgir,16.77,77.1376,25.44,68.74,2.3,3.3535
20241221,Yadgir,16.77,77.1376,25.65,64.85,1.55,3.2993
20241222,Yadgir,16.77,77.1376,24.78,52.65,2.01,3.2482
20241223,Yadgir,16.77,77.1376,24.47,53.31,2.34,4.3733
20241224,Yadgir,16.77,77.1376,24.62,55.46,2.02,3.606
20241225,Yadgir,16.77,77.1376,24.85,64.56,2.51,2.8486
20241226,Yadgir,16.77,77.1376,24.51,68.6,2.88,2.4269
20241227,Yadgir,16.77,77.1376,25.65,63.2,3.83,4.2233
20241228,Yadgir,16.77,77.1376,25.29,61.45,2.52,5.0194
20241229,Yadgir,16.77,77.1376,25.03,57.22,2.26,5.309
20241230,Yadgir,16.77,77.1376,24.52,49.84,2.23,5.1934
20241231,Yadgir,16.77,77.1376,24.22,51.08,2.25,4.8641
20250101,Yadgir,16.77,77.1376,23.6,55.82,2.33,4.4657
20250102,Yadgir,16.77,77.1376,22.82,42.22,2.7,4.3315
20250103,Yadgir,16.77,77.1376,22.1,34.71,2.48,4.6003
20250104,Yadgir,16.77,77.1376,22.19,36.13,2.22,5.1307
20250105,Yadgir,16.77,77.1376,22.13,51.89,1.77,5.1031
20250106,Yadgir,16.77,77.1376,22.6,52.15,1.91,5.0966
20250107,Yadgir,16.77,77.1376,22.66,51.09,1.97,4.9541
20250108,Yadgir,16.77,77.1376,21.79,41.6,2.4,4.8778
20250109,Yadgir,16.77,77.1376,21.42,39.46,2.51,4.5977
20250110,Yadgir,16.77,77.1376,22.37,58.07,2.69,4.2449
20250111,Yadgir,16.77,77.1376,24.07,59.04,2.34,3.8549
20250112,Yadgir,16.77,77.1376,24.52,55.9,2.27,4.4369
20250113,Yadgir,16.77,77.1376,24.95,50.92,2.2,5.0431
20250114,Yadgir,16.77,77.1376,24.91,53.45,2.69,4.8283
20250115,Yadgir,16.77,77.1376,24.65,58.17,2.92,4.1081
20250116,Yadgir,16.77,77.1376,24.57,57.25,2.76,4.519
20250117,Yadgir,16.77,77.1376,24.17,48.61,2.86,4.3848
20250118,Yadgir,16.77,77.1376,23.14,47.05,2.61,4.1731
20250119,Yadgir,16.77,77.1376,23.94,37.44,2.35,5.2714
20250120,Yadgir,16.77,77.1376,23.7,30.28,2.42,5.4466
20250121,Yadgir,16.77,77.1376,23.68,26.27,1.92,5.5939
20250122,Yadgir,16.77,77.1376,24.12,35.34,1.96,5.7017
20250123,Yadgir,16.77,77.1376,24.88,46.3,2.24,5.6753
20250124,Yadgir,16.77,77.1376,25.65,48.06,2.53,5.6057
20250125,Yadgir,16.77,77.1376,25.01,41.8,2.0,5.9124
20250126,Yadgir,16.77,77.1376,25.08,37.98,2.24,5.8075
20250127,Yadgir,16.77,77.1376,25.11,36.16,1.72,5.6945
20250128,Yadgir,16.77,77.1376,25.13,40.54,1.63,5.5462
20250129,Yadgir,16.77,77.1376,25.17,45.3,2.44,5.4751
20250130,Yadgir,16.77,77.1376,24.98,42.13,1.69,5.7967
20250131,Yadgir,16.77,77.1376,25.59,31.67,1.55,5.9671
20250201,Yadgir,16.77,77.1376,25.96,33.91,1.25,5.9309
20250202,Yadgir,16.77,77.1376,25.93,36.04,2.1,5.7634
20250203,Yadgir,16.77,77.1376,26.12,35.66,2.27,6.2292
20250204,Yadgir,16.77,77.1376,26.72,33.19,1.89,6.12
20250205,Yadgir,16.77,77.1376,27.06,35.4,1.68,5.9038
20250206,Yadgir,16.77,77.1376,26.91,37.75,2.05,5.6986
20250207,Yadgir,16.77,77.1376,27.06,39.15,2.44,5.5682
20250208,Yadgir,16.77,77.1376,27.14,33.09,2.26,5.3184
20250209,Yadgir,16.77,77.1376,27.18,31.93,2.43,5.4677
20250210,Yadgir,16.77,77.1376,27.1,43.41,1.69,5.3918
20250211,Yadgir,16.77,77.1376,27.64,38.97,1.31,5.694
20250212,Yadgir,16.77,77.1376,27.73,28.42,1.14,5.7504
20250213,Yadgir,16.77,77.1376,27.3,20.97,1.96,6.0202
20250214,Yadgir,16.77,77.1376,26.36,18.81,2.33,6.085
20250215,Yadgir,16.77,77.1376,27.02,17.39,2.5,6.319
20250216,Yadgir,16.77,77.1376,27.45,17.79,1.27,6.4606
20250217,Yadgir,16.77,77.1376,27.7,25.97,1.29,6.313
20250218,Yadgir,16.77,77.1376,28.17,29.62,1.29,6.1925
20250219,Yadgir,16.77,77.1376,28.64,24.22,1.07,6.0689
20250220,Yadgir,16.77,77.1376,28.46,27.21,1.3,5.7422
20250221,Yadgir,16.77,77.1376,28.28,30.97,1.93,5.4031
20250222,Yadgir,16.77,77.1376,28.24,27.97,1.99,5.8978
20250223,Yadgir,16.77,77.1376,28.31,22.34,2.91,6.1104
20250224,Yadgir,16.77,77.1376,27.6,19.91,2.88,6.7188
20250225,Yadgir,16.77,77.1376,27.04,33.19,2.45,6.371
20250226,Yadgir,16.77,77.1376,27.87,33.93,2.94,6.1716
20250227,Yadgir,16.77,77.1376,27.8,36.28,2.57,6.115
20250228,Yadgir,16.77,77.1376,28.15,38.16,2.3,6.1039
20250301,Yadgir,16.77,77.1376,28.87,35.05,2.54,6.7006
20250302,Yadgir,16.77,77.1376,29.48,30.93,1.56,6.6862
20250303,Yadgir,16.77,77.1376,29.77,24.41,1.93,6.3415
20250304,Yadgir,16.77,77.1376,30.57,19.42,3.15,5.5488
20250305,Yadgir,16.77,77.1376,29.28,17.01,3.53,6.5801
20250306,Yadgir,16.77,77.1376,27.09,6.76,3.16,7.3241
20250307,Yadgir,16.77,77.1376,27.47,8.25,2.14,6.984
20250308,Yadgir,16.77,77.1376,28.43,11.05,1.48,6.7999
20250309,Yadgir,16.77,77.1376,28.59,21.77,2.35,6.5686
20250310,Yadgir,16.77,77.1376,28.92,38.27,3.23,6.5047
20250311,Yadgir,16.77,77.1376,29.01,35.61,2.82,6.5947
20250312,Yadgir,16.77,77.1376,29.69,30.25,1.9,6.8678
20250313,Yadgir,16.77,77.1376,30.83,29.18,1.21,6.6761
20250314,Yadgir,16.77,77.1376,31.34,24.02,1.24,6.4591
20250315,Yadgir,16.77,77.1376,31.22,25.95,2.1,6.7248
20250316,Yadgir,16.77,77.1376,31.21,24.38,2.88,6.8359
20250317,Yadgir,16.77,77.1376,30.7,21.73,1.37,6.7901
20250318,Yadgir,16.77,77.1376,31.82,20.95,1.66,7.0162
20250319,Yadgir,16.77,77.1376,31.47,27.87,2.94,7.1323
20250320,Yadgir,16.77,77.1376,31.01,37.6,2.84,7.0678
20250321,Yadgir,16.77,77.1376,31.78,37.53,1.88,6.6914
20250322,Yadgir,16.77,77.1376,32.4,38.11,2.2,6.4486
20250323,Yadgir,16.77,77.1376,31.62,42.77,2.78,6.0797
20250324,Yadgir,16.77,77.1376,31.41,39.15,2.36,5.4182
20250325,Yadgir,16.77,77.1376,31.33,29.7,1.86,6.4855
20250326,Yadgir,16.77,77.1376,31.22,27.7,1.9,6.4958
20250327,Yadgir,16.77,77.1376,31.69,25.64,1.48,6.4361
20250328,Yadgir,16.77,77.1376,32.57,22.59,1.16,6.3098
20250329,Yadgir,16.77,77.1376,32.77,22.09,1.41,6.1126
20250330,Yadgir,16.77,77.1376,32.95,22.22,2.3,5.9758
20250331,Yadgir,16.77,77.1376,32.99,25.12,2.68,5.6674
20250401,Yadgir,16.77,77.1376,31.84,32.55,3.09,6.4258
20250402,Yadgir,16.77,77.1376,29.76,37.59,2.76,6.7277
20250403,Yadgir,16.77,77.1376,30.07,44.8,1.44,5.0417
20250404,Yadgir,16.77,77.1376,31.27,43.33,2.02,6.5885
20250405,Yadgir,16.77,77.1376,32.21,36.4,2.23,6.5988
20250406,Yadgir,16.77,77.1376,32.31,34.6,1.92,6.4171
20250407,Yadgir,16.77,77.1376,32.25,30.74,1.91,6.8141
20250408,Yadgir,16.77,77.1376,32.6,34.31,2.29,6.935
20250409,Yadgir,16.77,77.1376,32.2,35.43,2.41,6.6427
20250410,Yadgir,16.77,77.1376,31.73,37.34,1.84,6.3967
20250411,Yadgir,16.77,77.1376,31.52,38.42,3.08,6.7634
20250412,Yadgir,16.77,77.1376,32.13,28.94,2.78,6.8717
20250413,Yadgir,16.77,77.1376,32.19,23.52,3.24,7.1338
20250414,Yadgir,16.77,77.1376,32.58,25.01,1.61,6.7445
20250415,Yadgir,16.77,77.1376,32.7,27.62,1.45,6.467
20250416,Yadgir,16.77,77.1376,32.9,32.01,1.65,6.3653
20250417,Yadgir,16.77,77.1376,34.38,30.28,1.6,6.5292
20250418,Yadgir,16.77,77.1376,33.6,37.48,2.06,5.9066
20250419,Yadgir,16.77,77.1376,34.09,38.78,2.03,5.9659
20250420,Yadgir,16.77,77.1376,35.18,30.17,2.23,6.061
20250421,Yadgir,16.77,77.1376,35.14,35.26,2.22,6.1219
20250422,Yadgir,16.77,77.1376,34.89,32.58,1.99,6.4963
20250423,Yadgir,16.77,77.1376,34.86,28.66,1.68,6.6811
20250424,Yadgir,16.77,77.1376,34.38,33.94,1.65,6.2866
20250425,Yadgir,16.77,77.1376,35.1,34.19,1.44,6.5566
20250426,Yadgir,16.77,77.1376,34.89,34.93,1.46,5.8519
20250427,Yadgir,16.77,77.1376,34.18,35.38,1.83,4.1167
20250428,Yadgir,16.77,77.1376,33.97,34.37,1.9,6.9175
20250429,Yadgir,16.77,77.1376,34.0,35.44,2.07,6.8002
20250430,Yadgir,16.77,77.1376,35.38,27.46,2.58,6.7394
20250501,Yadgir,16.77,77.1376,35.03,25.04,1.95,6.943
20250502,Yadgir,16.77,77.1376,34.8,27.79,1.71,6.4913
20250503,Yadgir,16.77,77.1376,34.46,28.22,2.16,6.9629
20250504,Yadgir,16.77,77.1376,34.32,18.71,3.59,7.3188
20250505,Yadgir,16.77,77.1376,33.44,23.53,2.14,7.589
20250506,Yadgir,16.77,77.1376,33.04,25.42,2.77,6.7145
20250507,Yadgir,16.77,77.1376,32.64,26.43,3.05,7.0104
20250508,Yadgir,16.77,77.1376,32.28,28.62,2.52,6.9127
20250509,Yadgir,16.77,77.1376,32.67,32.04,2.1,7.4748
20250510,Yadgir,16.77,77.1376,33.51,32.15,1.97,6.685
20250511,Yadgir,16.77,77.1376,34.76,30.92,1.77,6.5743
20250512,Yadgir,16.77,77.1376,35.35,32.47,2.84,6.3077
20250513,Yadgir,16.77,77.1376,35.04,36.87,1.78,6.3019
20250514,Yadgir,16.77,77.1376,33.47,45.18,1.8,6.2033
20250515,Yadgir,16.77,77.1376,31.95,54.67,1.72,5.802
20250516,Yadgir,16.77,77.1376,29.76,67.64,1.13,4.6846
20250517,Yadgir,16.77,77.1376,31.02,62.04,1.5,5.9126
20250518,Yadgir,16.77,77.1376,29.2,71.89,1.89,5.166
20250519,Yadgir,16.77,77.1376,29.74,67.97,1.45,4.434
20250520,Yadgir,16.77,77.1376,30.12,66.9,2.2,5.2879
20250521,Yadgir,16.77,77.1376,28.49,76.41,2.2,3.905
20250522,Yadgir,16.77,77.1376,27.33,77.59,2.45,6.1387
20250523,Yadgir,16.77,77.1376,28.34,73.96,4.19,5.2555
20250524,Yadgir,16.77,77.1376,27.72,77.38,4.24,4.4618
20250525,Yadgir,16.77,77.1376,27.06,77.7,5.64,3.9907
20250526,Yadgir,16.77,77.1376,27.14,77.16,3.35,2.2822
20250527,Yadgir,16.77,77.1376,27.42,77.69,2.07,3.7829
20250528,Yadgir,16.77,77.1376,26.69,80.74,4.78,3.7574
20250529,Yadgir,16.77,77.1376,26.92,81.96,4.17,3.7056
20250530,Yadgir,16.77,77.1376,28.03,74.01,4.61,4.7026
20250531,Yadgir,16.77,77.1376,28.42,67.96,5.71,5.8339
20250601,Yadgir,16.77,77.1376,28.11,68.62,4.53,6.2983
20250602,Yadgir,16.77,77.1376,28.15,69.92,4.29,5.0347
20250603,Yadgir,16.77,77.1376,27.97,70.56,3.72,5.724
20250604,Yadgir,16.77,77.1376,28.0,67.76,3.69,6.7906
20250605,Yadgir,16.77,77.1376,27.79,71.28,2.25,5.4554
20250606,Yadgir,16.77,77.1376,28.96,69.67,1.43,6.4632
20250607,Yadgir,16.77,77.1376,28.75,69.41,2.8,5.8882
20250608,Yadgir,16.77,77.1376,28.66,70.54,3.36,6.0348
20250609,Yadgir,16.77,77.1376,28.51,70.64,4.69,4.9162
20250610,Yadgir,16.77,77.1376,28.93,69.32,4.64,3.5515
20250611,Yadgir,16.77,77.1376,26.8,79.17,4.35,3.0312
20250612,Yadgir,16.77,77.1376,26.25,85.44,3.52,3.9223
20250613,Yadgir,16.77,77.1376,28.36,75.72,2.18,4.4426
20250614,Yadgir,16.77,77.1376,27.83,77.7,2.22,3.2429
20250615,Yadgir,16.77,77.1376,27.75,75.5,4.1,3.9406
20250616,Yadgir,16.77,77.1376,27.22,73.85,5.85,4.1863
20250617,Yadgir,16.77,77.1376,28.18,70.0,5.19,5.3287
20250618,Yadgir,16.77,77.1376,28.5,69.77,5.6,5.3124
20250619,Yadgir,16.77,77.1376,27.95,71.09,5.86,5.0666
20250620,Yadgir,16.77,77.1376,27.96,71.0,5.42,5.1185
20250621,Yadgir,16.77,77.1376,28.19,70.42,5.22,5.7262
20250622,Yadgir,16.77,77.1376,28.0,69.33,5.39,5.5982
20250623,Yadgir,16.77,77.1376,27.27,71.05,6.17,4.8886
20250624,Yadgir,16.77,77.1376,27.31,70.61,6.16,3.5825
20250625,Yadgir,16.77,77.1376,26.74,75.66,5.21,4.5312
20250626,Yadgir,16.77,77.1376,26.77,75.06,5.25,4.8811
20250627,Yadgir,16.77,77.1376,27.64,71.54,4.91,5.0777
20250628,Yadgir,16.77,77.1376,28.07,69.17,5.12,5.4326
20250629,Yadgir,16.77,77.1376,27.44,70.96,5.24,4.0848
20250630,Yadgir,16.77,77.1376,25.85,78.66,5.13,3.4932
20250701,Yadgir,16.77,77.1376,25.91,79.18,5.5,2.9153
20250702,Yadgir,16.77,77.1376,26.1,78.37,4.93,2.669
20250703,Yadgir,16.77,77.1376,26.77,74.5,5.16,5.0052
20250704,Yadgir,16.77,77.1376,26.89,74.27,5.45,4.3428
20250705,Yadgir,16.77,77.1376,26.81,74.52,5.67,4.7551
20250706,Yadgir,16.77,77.1376,26.77,73.89,5.77,4.1136
20250707,Yadgir,16.77,77.1376,26.42,74.07,5.61,4.8173
20250708,Yadgir,16.77,77.1376,26.62,74.85,5.43,4.1484
20250709,Yadgir,16.77,77.1376,27.21,72.81,4.98,5.0513
20250710,Yadgir,16.77,77.1376,27.71,70.01,4.09,5.0426
20250711,Yadgir,16.77,77.1376,27.83,70.15,3.9,5.8118
20250712,Yadgir,16.77,77.1376,27.78,70.43,4.32,5.5666
20250713,Yadgir,16.77,77.1376,27.53,70.63,4.47,4.6658
20250714,Yadgir,16.77,77.1376,28.09,68.77,5.14,5.0645
20250715,Yadgir,16.77,77.1376,27.58,71.56,4.5,4.3447
20250716,Yadgir,16.77,77.1376,28.37,70.74,3.38,5.2198
20250717,Yadgir,16.77,77.1376,28.08,74.03,2.8,5.4127
20250718,Yadgir,16.77,77.1376,26.44,82.49,2.31,2.7516
20250719,Yadgir,16.77,77.1376,25.65,78.69,3.3,4.9291
20250720,Yadgir,16.77,77.1376,26.72,76.53,3.24,6.0199
20250721,Yadgir,16.77,77.1376,25.92,83.59,3.5,4.951
20250722,Yadgir,16.77,77.1376,25.94,83.56,4.31,4.4945
20250723,Yadgir,16.77,77.1376,25.61,83.46,4.62,3.065
20250724,Yadgir,16.77,77.1376,25.22,84.07,4.19,2.3554
20250725,Yadgir,16.77,77.1376,25.11,86.71,4.76,3.7903
20250726,Yadgir,16.77,77.1376,24.92,82.93,6.13,2.1773
20250727,Yadgir,16.77,77.1376,26.07,75.35,6.28,4.6486
20250728,Yadgir,16.77,77.1376,26.1,74.21,6.06,4.3625
20250729,Yadgir,16.77,77.1376,25.82,74.18,6.51,4.2941
20250730,Yadgir,16.77,77.1376,26.29,75.39,5.4,3.0346
20250731,Yadgir,16.77,77.1376,26.97,74.18,4.56,3.7793
20250801,Yadgir,16.77,77.1376,26.92,74.15,3.74,5.1521
20250802,Yadgir,16.77,77.1376,27.12,74.91,3.03,5.9143
20250803,Yadgir,16.77,77.1376,27.18,75.01,2.13,5.4902
20250804,Yadgir,16.77,77.1376,26.89,80.58,1.91,5.401
20250805,Yadgir,16.77,77.1376,26.52,84.04,2.48,5.43
20250806,Yadgir,16.77,77.1376,26.83,82.02,1.88,6.0091
20250807,Yadgir,16.77,77.1376,26.63,82.97,0.85,4.8154
20250808,Yadgir,16.77,77.1376,26.46,80.78,1.05,4.9747
20250809,Yadgir,16.77,77.1376,26.4,79.29,1.54,3.9098
20250810,Yadgir,16.77,77.1376,25.26,85.51,1.89,4.2826
20250811,Yadgir,16.77,77.1376,25.7,81.48,3.3,4.7633
20250812,Yadgir,16.77,77.1376,24.78,83.19,3.39,3.8026
20250813,Yadgir,16.77,77.1376,24.83,85.37,2.95,2.8908
20250814,Yadgir,16.77,77.1376,25.03,85.71,3.35,3.0931
20250815,Yadgir,16.77,77.1376,24.21,88.33,3.69,4.219
20250816,Yadgir,16.77,77.1376,24.61,86.81,4.2,3.2386
20250817,Yadgir,16.77,77.1376,24.79,87.4,4.19,3.0077
20250818,Yadgir,16.77,77.1376,24.12,89.12,4.82,2.3179
20250819,Yadgir,16.77,77.1376,24.39,87.61,5.24,2.4929
20250820,Yadgir,16.77,77.1376,24.66,84.38,4.47,3.8419
20250821,Yadgir,16.77,77.1376,25.56,81.78,3.75,5.0664
20250822,Yadgir,16.77,77.1376,24.88,83.61,3.48,5.365
20250823,Yadgir,16.77,77.1376,24.97,82.31,4.01,5.741
20250824,Yadgir,16.77,77.1376,25.41,78.78,4.38,5.4838
20250825,Yadgir,16.77,77.1376,25.36,79.2,4.09,5.7271
20250826,Yadgir,16.77,77.1376,24.8,87.35,3.16,4.1736
20250827,Yadgir,16.77,77.1376,24.37,89.11,3.54,2.5411
20250828,Yadgir,16.77,77.1376,24.43,90.87,3.21,3.455
20250829,Yadgir,16.77,77.1376,25.52,84.67,3.13,4.6982
20250830,Yadgir,16.77,77.1376,26.02,84.2,2.94,5.1034
20250831,Yadgir,16.77,77.1376,25.53,84.9,3.36,4.4748
20250901,Yadgir,16.77,77.1376,25.46,83.53,3.84,4.3049
20250902,Yadgir,16.77,77.1376,24.61,87.7,3.83,3.4289
20250903,Yadgir,16.77,77.1376,25.1,84.58,3.73,4.9366
20250904,Yadgir,16.77,77.1376,25.71,80.53,3.82,5.8985
20250905,Yadgir,16.77,77.1376,25.25,81.37,3.27,5.5615
20250906,Yadgir,16.77,77.1376,25.57,79.97,2.75,6.205
20250907,Yadgir,16.77,77.1376,25.22,79.85,2.92,5.9638
20250908,Yadgir,16.77,77.1376,25.2,79.55,1.82,6.7138
20250909,Yadgir,16.77,77.1376,26.59,80.03,1.27,6.2335
20250910,Yadgir,16.77,77.1376,25.25,87.48,1.57,4.5446
20250911,Yadgir,16.77,77.1376,24.83,88.61,1.86,2.6786
20250912,Yadgir,16.77,77.1376,24.26,88.31,2.58,3.6773
20250913,Yadgir,16.77,77.1376,25.03,87.05,2.22,2.6537
20250914,Yadgir,16.77,77.1376,25.31,89.3,2.08,3.8302
20250915,Yadgir,16.77,77.1376,25.28,88.6,2.84,3.9629
20250916,Yadgir,16.77,77.1376,25.05,89.51,2.79,3.3768
20250917,Yadgir,16.77,77.1376,26.37,83.42,1.18,4.4659
20250918,Yadgir,16.77,77.1376,25.98,83.33,1.33,4.4062
20250919,Yadgir,16.77,77.1376,26.04,86.16,1.67,4.5946
20250920,Yadgir,16.77,77.1376,25.85,86.74,2.3,4.8401
20250921,Yadgir,16.77,77.1376,25.45,90.86,1.85,4.4765
20250922,Yadgir,16.77,77.1376,25.6,87.95,2.01,4.6793
20250923,Yadgir,16.77,77.1376,24.53,86.92,3.12,2.994
20250924,Yadgir,16.77,77.1376,23.32,87.35,3.1,4.549
20250925,Yadgir,16.77,77.1376,23.72,87.41,2.86,5.3482
20250926,Yadgir,16.77,77.1376,22.98,93.82,3.88,0.8402
20250927,Yadgir,16.77,77.1376,23.67,92.34,3.96,1.877
20250928,Yadgir,16.77,77.1376,24.2,86.32,4.04,3.9235
20250929,Yadgir,16.77,77.1376,24.53,85.8,2.65,5.4499
20250930,Yadgir,16.77,77.1376,24.73,84.9,2.66,5.8831
20251001,Yadgir,16.77,77.1376,24.89,85.25,2.53,5.3021
20251002,Yadgir,16.77,77.1376,24.84,85.77,2.37,5.3414
20251003,Yadgir,16.77,77.1376,25.53,82.3,2.29,5.7278
20251004,Yadgir,16.77,77.1376,24.71,86.03,1.98,6.0425
20251005,Yadgir,16.77,77.1376,25.18,86.06,1.87,4.6327
20251006,Yadgir,16.77,77.1376,24.63,86.78,2.1,4.9699
20251007,Yadgir,16.77,77.1376,25.08,82.39,1.83,5.495
20251008,Yadgir,16.77,77.1376,25.42,81.95,1.1,4.9301
20251009,Yadgir,16.77,77.1376,24.67,85.44,2.05,4.9598
20251010,Yadgir,16.77,77.1376,23.61,77.68,2.07,5.724
20251011,Yadgir,16.77,77.1376,22.67,77.39,2.38,5.3501
20251012,Yadgir,16.77,77.1376,22.65,81.7,2.26,6.2796
20251013,Yadgir,16.77,77.1376,23.57,83.57,2.64,4.6711
20251014,Yadgir,16.77,77.1376,24.62,86.32,1.87,4.9805
20251015,Yadgir,16.77,77.1376,24.81,85.45,2.32,5.0357
20251016,Yadgir,16.77,77.1376,24.38,83.32,2.27,5.8123
20251017,Yadgir,16.77,77.1376,24.15,84.2,2.43,5.2373
20251018,Yadgir,16.77,77.1376,23.78,82.78,1.9,5.3062
20251019,Yadgir,16.77,77.1376,23.81,82.99,2.35,4.74
20251020,Yadgir,16.77,77.1376,24.07,85.78,2.11,4.7846
20251021,Yadgir,16.77,77.1376,24.4,86.55,2.36,4.4758
20251022,Yadgir,16.77,77.1376,24.93,85.5,2.95,4.3118
20251023,Yadgir,16.77,77.1376,24.39,84.62,2.57,3.5654
20251024,Yadgir,16.77,77.1376,24.24,88.98,1.63,3.0835
20251025,Yadgir,16.77,77.1376,24.24,82.44,1.45,3.7015
20251026,Yadgir,16.77,77.1376,24.78,84.24,1.72,4.368
20251027,Yadgir,16.77,77.1376,25.05,85.68,2.05,4.747
20251028,Yadgir,16.77,77.1376,23.89,87.35,1.69,2.0563
20251029,Yadgir,16.77,77.1376,24.19,88.87,3.14,2.0081
20251030,Yadgir,16.77,77.1376,24.28,83.91,2.76,5.2555
20251031,Yadgir,16.77,77.1376,23.96,83.88,1.99,5.4758
20251101,Yadgir,16.77,77.1376,25.09,81.56,1.41,4.5574
20251102,Yadgir,16.77,77.1376,24.44,85.45,2.81,3.2573
20251103,Yadgir,16.77,77.1376,24.62,85.23,2.26,4.3814
20251104,Yadgir,16.77,77.1376,24.56,84.44,2.06,2.065
20251105,Yadgir,16.77,77.1376,23.72,84.05,1.33,4.4405
20251106,Yadgir,16.77,77.1376,23.21,83.19,2.02,2.5738
20251107,Yadgir,16.77,77.1376,22.56,75.82,2.04,5.3071
20251108,Yadgir,16.77,77.1376,20.46,70.44,2.11,5.7694
20251109,Yadgir,16.77,77.1376,19.09,74.44,1.87,5.3971
20251110,Yadgir,16.77,77.1376,19.66,71.69,1.37,5.2214
20251111,Yadgir,16.77,77.1376,19.99,72.74,1.56,5.2625
20251112,Yadgir,16.77,77.1376,20.27,71.34,2.09,5.4986
20251113,Yadgir,16.77,77.1376,19.26,69.77,2.16,5.2711
20251114,Yadgir,16.77,77.1376,18.1,74.23,2.05,5.5759
20251115,Yadgir,16.77,77.1376,18.14,76.97,1.86,5.4593
20251116,Yadgir,16.77,77.1376,18.03,75.95,2.15,5.4494
20251117,Yadgir,16.77,77.1376,17.08,74.2,2.23,5.539
20251118,Yadgir,16.77,77.1376,17.6,70.73,2.14,5.586
20251119,Yadgir,16.77,77.1376,18.43,73.2,1.69,5.3561
20251120,Yadgir,16.77,77.1376,18.11,72.43,1.89,5.5097
20251121,Yadgir,16.77,77.1376,20.67,81.59,1.9,5.0076
20251122,Yadgir,16.77,77.1376,22.82,80.44,2.11,4.7933
20251123,Yadgir,16.77,77.1376,22.99,78.11,1.9,4.4798
20251124,Yadgir,16.77,77.1376,22.57,77.67,2.17,4.145
20251125,Yadgir,16.77,77.1376,21.6,79.27,2.1,5.0374
20251126,Yadgir,16.77,77.1376,21.28,78.88,2.13,4.7906
20251127,Yadgir,16.77,77.1376,21.45,80.0,2.19,4.5562
20251128,Yadgir,16.77,77.1376,20.02,74.5,2.49,4.5502
20251129,Yadgir,16.77,77.1376,19.26,73.33,2.05,3.8215
20251130,Yadgir,16.77,77.1376,21.21,78.38,2.49,4.1496
20251201,Yadgir,16.77,77.1376,21.05,75.95,1.81,4.7429
20251202,Yadgir,16.77,77.1376,21.42,78.35,2.14,4.2698
20251203,Yadgir,16.77,77.1376,22.03,76.54,2.5,3.7999
20251204,Yadgir,16.77,77.1376,23.1,78.04,2.71,3.2172
20251205,Yadgir,16.77,77.1376,21.88,71.04,2.7,3.6893
20251206,Yadgir,16.77,77.1376,20.31,71.58,2.33,4.5226
20251207,Yadgir,16.77,77.1376,20.16,67.52,2.36,4.7465
20251208,Yadgir,16.77,77.1376,19.07,64.62,2.07,4.5763
20251209,Yadgir,16.77,77.1376,18.56,61.64,2.45,5.3532
20251210,Yadgir,16.77,77.1376,18.02,60.87,2.44,5.3472
20251211,Yadgir,16.77,77.1376,17.62,56.98,2.1,5.3482
20251212,Yadgir,16.77,77.1376,18.0,59.08,1.87,5.2094
20251213,Yadgir,16.77,77.1376,18.71,63.23,1.63,5.123
20251214,Yadgir,16.77,77.1376,19.01,67.3,1.79,5.0448
20251215,Yadgir,16.77,77.1376,19.21,68.9,1.99,4.9142
20251216,Yadgir,16.77,77.1376,19.65,68.29,1.9,4.8778
20251217,Yadgir,16.77,77.1376,20.65,63.76,2.06,5.0815
20251218,Yadgir,16.77,77.1376,19.32,61.24,2.12,5.0354
20251219,Yadgir,16.77,77.1376,18.2,56.65,2.31,5.1499
20251220,Yadgir,16.77,77.1376,18.18,57.97,2.15,5.1223
20251221,Yadgir,16.77,77.1376,19.39,66.63,2.22,4.2564
20251222,Yadgir,16.77,77.1376,20.02,68.28,1.97,4.3344
20251223,Yadgir,16.77,77.1376,19.5,62.36,2.05,4.4062
20251224,Yadgir,16.77,77.1376,19.16,61.49,2.31,4.4983
20251225,Yadgir,16.77,77.1376,19.33,61.83,1.99,4.7045
20251226,Yadgir,16.77,77.1376,19.93,63.82,2.19,4.7222
20251227,Yadgir,16.77,77.1376,19.98,64.07,2.06,4.6303
20251228,Yadgir,16.77,77.1376,19.42,61.68,1.84,4.6049
20251229,Yadgir,16.77,77.1376,19.81,59.83,1.82,4.6942
20251230,Yadgir,16.77,77.1376,20.4,58.83,1.16,4.5545
20251231,Yadgir,16.77,77.1376,21.27,61.01,1.22,4.4875
